code,name,family,file,size,notes,source
SA1023,"State Government and Federal Government funded Project Sign Guidelines - Black Spot
",Other,STATE_GOVERNMENT_AND_FEDERAL_GOVERNMENT_FUNDED_PROJECT_SIGN_GUIDELINES_BLACK_SPO_SA1023.svg,1589x78 mm,no size found on the sheet; drawn at 1:10 — check; sheet is stamped SUPERSEDED; background assumed to be a white rectangle (outline drawn as loose strokes) — check,Original PDFs/1023.pdf
332-A3-11-2423,Red Stop Disc Signal (Operational Tram Sign),Other,,,no drawing found on the sheet,Original PDFs/1281.pdf
13908(2),Railway Crossing Position With Target Board 2 Tracks Stop Look For Trains,R6 Miscellaneous Series,RAILWAY_CROSSING_POSITION_WITH_TARGET_BOARD_2_TRACKS_STOP_LOOK_FOR_TRAINS_13908(2).svg,750x1800 mm,size from the register (750x1800 mm),Original PDFs/1484.pdf
CS2-DRG-352357,Compulsary Stop (Operational Tram Sign),Other,COMPULSARY_STOP_OPERATIONAL_TRAM_SIGN_CS2-DRG-352357.svg,450x302 mm,size from the register (450x300 mm),Original PDFs/1267.pdf
CS2-DRG-352357,Compulsary Stop (Operational Tram Sign),Other,COMPULSARY_STOP_OPERATIONAL_TRAM_SIGN_VAR2_CS2-DRG-352357.svg,1213x368 mm,no size found on the sheet; drawn at 1:10 — check; background assumed to be a white rectangle (outline drawn as loose strokes) — check,Original PDFs/1267.pdf
CS2-DRG-352358,Stopping Place (Operational Tram Sign),Other,STOPPING_PLACE_OPERATIONAL_TRAM_SIGN_CS2-DRG-352358.svg,450x280 mm,size from the register (450x300 mm),Original PDFs/1268.pdf
CS2-DRG-352358,Stopping Place (Operational Tram Sign),Other,STOPPING_PLACE_OPERATIONAL_TRAM_SIGN_VAR2_CS2-DRG-352358.svg,1214x368 mm,no size found on the sheet; drawn at 1:10 — check; background assumed to be a white rectangle (outline drawn as loose strokes) — check,Original PDFs/1268.pdf
CS2-DRG-352359,Start Single Line Working (Operational Tram Sign),Other,START_SINGLE_LINE_WORKING_OPERATIONAL_TRAM_SIGN_CS2-DRG-352359.svg,550x180 mm,size from the register (550x450 mm); drawn proportions differ from the register size — check,Original PDFs/1269.pdf
CS2-DRG-352360,End Single Line Working (Operational Tram Sign),Other,END_SINGLE_LINE_WORKING_OPERATIONAL_TRAM_SIGN_CS2-DRG-352360.svg,550x180 mm,size from the register (550x450 mm); drawn proportions differ from the register size — check,Original PDFs/1270.pdf
CS2-DRG-352361,Induction Loop (Operational Tram Sign),Other,INDUCTION_LOOP_OPERATIONAL_TRAM_SIGN_CS2-DRG-352361.svg,300x447 mm,size from the register (300x450 mm),Original PDFs/1271.pdf
CS2-DRG-352361,Induction Loop (Operational Tram Sign),Other,INDUCTION_LOOP_OPERATIONAL_TRAM_SIGN_VAR2_CS2-DRG-352361.svg,1213x367 mm,no size found on the sheet; drawn at 1:10 — check; background assumed to be a white rectangle (outline drawn as loose strokes) — check,Original PDFs/1271.pdf
CS2-DRG-352362,Sound Bell (Operational Tram Sign),Other,SOUND_BELL_OPERATIONAL_TRAM_SIGN_CS2-DRG-352362.svg,450x400 mm,size from the register (450x400 mm),Original PDFs/1272.pdf
CS2-DRG-352362,Sound Bell (Operational Tram Sign),Other,SOUND_BELL_OPERATIONAL_TRAM_SIGN_VAR2_CS2-DRG-352362.svg,1214x290 mm,no size found on the sheet; drawn at 1:10 — check; background assumed to be a white rectangle (outline drawn as loose strokes) — check,Original PDFs/1272.pdf
CS2-DRG-352363,Fouling Point (Operational Tram Sign),Other,FOULING_POINT_OPERATIONAL_TRAM_SIGN_CS2-DRG-352363.svg,450x280 mm,size from the register (450x300 mm),Original PDFs/1273.pdf
CS2-DRG-352363,Fouling Point (Operational Tram Sign),Other,FOULING_POINT_OPERATIONAL_TRAM_SIGN_VAR2_CS2-DRG-352363.svg,1213x368 mm,no size found on the sheet; drawn at 1:10 — check; background assumed to be a white rectangle (outline drawn as loose strokes) — check,Original PDFs/1273.pdf
CS2-DRG-352364,Shunt Limit (Operational Tram Sign),Other,SHUNT_LIMIT_OPERATIONAL_TRAM_SIGN_CS2-DRG-352364.svg,450x280 mm,size from the register (450x300 mm),Original PDFs/1274.pdf
CS2-DRG-352364,Shunt Limit (Operational Tram Sign),Other,SHUNT_LIMIT_OPERATIONAL_TRAM_SIGN_VAR2_CS2-DRG-352364.svg,1214x368 mm,no size found on the sheet; drawn at 1:10 — check; background assumed to be a white rectangle (outline drawn as loose strokes) — check,Original PDFs/1274.pdf
D4-2-3A,Bidirectional Hazard Marker (for larger size use D4-SA2-1),D4 Hazard Markers Series,BIDIRECTIONAL_HAZARD_MARKER_FOR_LARGER_SIZE_USE_D4_SA2_1_D4-2-3A.svg,1600x414 mm,"size from the register (1600x400 mm; other listed sizes: 3200x800); codes on this sheet: D4-2-3A, D4-2-3B",Original PDFs/1480.pdf
D4-5,Obstruction Board,D4 Hazard Markers Series,,,no drawing found on the sheet,Original PDFs/360.pdf
D4-6A,Chevron Alignment Marker,D4 Hazard Markers Series,CHEVRON_ALIGNMENT_MARKER_D4-6A.svg,600x799 mm,"size from the register (600x750 mm; other listed sizes: 750x900, 900x1125, 450x600); drawn proportions differ from the register size — check; codes on this sheet: D4-6A, D4-6B, D4-6C, D4-6S",Original PDFs/361.pdf
D4-SA1-1,Unidirectional Hazard Board,D4 Hazard Markers Series,UNIDIRECTIONAL_HAZARD_BOARD_D4-SA1-1.svg,2400x422 mm,size from the register (2400x400 mm),Original PDFs/350.pdf
D4-SA1-4,Hazard Marker For Convex Nose Assembly on a Low Maintenance Attenuator ONLY,D4 Hazard Markers Series,HAZARD_MARKER_FOR_CONVEX_NOSE_ASSEMBLY_ON_A_LOW_MAINTENANCE_ATTENUATOR_ONLY_D4-SA1-4.svg,1000x490 mm,size from the register (1000x450 mm),Original PDFs/353.pdf
D4-SA2-1,Bidirectional Hazard Board,D4 Hazard Markers Series,BIDIRECTIONAL_HAZARD_BOARD_D4-SA2-1.svg,2400x422 mm,size from the register (2400x400 mm),Original PDFs/355.pdf
D4-SA2-S,BidirectionalHazard Marker (Smaller),D4 Hazard Markers Series,BIDIRECTIONALHAZARD_MARKER_SMALLER_D4-SA2-S.svg,400x600 mm,size from the register (400x600 mm),Original PDFs/922.pdf
D4-SA50-1,Hazard Marker For Type F Concrete Safety Barrier ONLY,D4 Hazard Markers Series,HAZARD_MARKER_FOR_TYPE_F_CONCRETE_SAFETY_BARRIER_ONLY_D4-SA50-1.svg,445x225 mm,size from the register (240x445 mm),Original PDFs/362.pdf
D4-SA51-1,Width Marker for ET2000 Terminal Ends (L or R) (right shown),D4 Hazard Markers Series,WIDTH_MARKER_FOR_ET2000_TERMINAL_ENDS_L_OR_R_RIGHT_SHOWN_D4-SA51-1.svg,350x700 mm,size from the register (350x700 mm),Original PDFs/668.pdf
D4-SA51-1,Width Marker for ET2000 Terminal Ends (L or R) (right shown),D4 Hazard Markers Series,WIDTH_MARKER_FOR_ET2000_TERMINAL_ENDS_L_OR_R_RIGHT_SHOWN_VAR2_D4-SA51-1.svg,703x1406 mm,no size found on the sheet; drawn at 1:10 — check; background assumed to be a white rectangle (outline drawn as loose strokes) — check,Original PDFs/668.pdf
D4-SA51-2,Width Marker for SKT Terminal (LorR) (right shown),D4 Hazard Markers Series,WIDTH_MARKER_FOR_SKT_TERMINAL_LORR_RIGHT_SHOWN_D4-SA51-2.svg,490x490 mm,size from the register (490x490 mm),Original PDFs/862.pdf
D4-SA51-2,Width Marker for SKT Terminal (LorR) (right shown),D4 Hazard Markers Series,WIDTH_MARKER_FOR_SKT_TERMINAL_LORR_RIGHT_SHOWN_VAR2_D4-SA51-2.svg,613x612 mm,no size found on the sheet; drawn at 1:10 — check; background assumed to be a white rectangle (outline drawn as loose strokes) — check; triangulated CAD export unioned,Original PDFs/862.pdf
D4-SA100A,Chevron Median Marker,D4 Hazard Markers Series,CHEVRON_MEDIAN_MARKER_D4-SA100A.svg,100x580 mm,"size from the register (100x1200 mm; other listed sizes: 150x1200, 200x1200); drawn proportions differ from the register size — check; codes on this sheet: D4-SA100A, D4-SA100B, D4-SA100C",Original PDFs/1180.pdf
D4-SA100A,Chevron Median Marker,D4 Hazard Markers Series,CHEVRON_MEDIAN_MARKER_VAR2_D4-SA100A.svg,150x1200 mm,"no size found on the sheet; drawn at 1:10 — check; triangulated CAD export unioned; codes on this sheet: D4-SA100A, D4-SA100B, D4-SA100C",Original PDFs/1180.pdf
D4-SA101,Vertical Chevron Marker,D4 Hazard Markers Series,VERTICAL_CHEVRON_MARKER_D4-SA101.svg,150x771 mm,size from the register (150x900 mm); drawn proportions differ from the register size — check,Original PDFs/1300.pdf
DA-1,Disability Access Arrow Symbol,Other,DISABILITY_ACCESS_ARROW_SYMBOL_DA-1.svg,250x250 mm,size from the register (250x250 mm),Original PDFs/824.pdf
DA-2,Disability Access Bus Symbol,Other,DISABILITY_ACCESS_BUS_SYMBOL_DA-2.svg,250x250 mm,size from the register (250x250 mm),Original PDFs/825.pdf
DA-3,Disability Access Parking Symbol,Other,DISABILITY_ACCESS_PARKING_SYMBOL_DA-3.svg,250x250 mm,size from the register (250x250 mm),Original PDFs/826.pdf
DA-4,Disability Access Tram Symbol,Other,DISABILITY_ACCESS_TRAM_SYMBOL_DA-4.svg,250x250 mm,size from the register (250x250 mm),Original PDFs/827.pdf
DA-5,Disability Access Disabled Symbol,Other,DISABILITY_ACCESS_DISABLED_SYMBOL_DA-5.svg,250x250 mm,size from the register (250x250 mm),Original PDFs/828.pdf
DA-101,Disability Access Train Symbol,Other,DISABILITY_ACCESS_TRAIN_SYMBOL_DA-101.svg,250x250 mm,size from the register (250x250 mm),Original PDFs/829.pdf
DA-102,Disability Access Zone X Symbol,Symbol Series,DISABILITY_ACCESS_ZONE_X_SYMBOL_DA-102.svg,450x560 mm,size from the register (600x450 mm); drawn proportions differ from the register size — check,Original PDFs/865.pdf
G3-SA6-1,Finger Board Guide Sign,G1-G6 Direction Series,FINGER_BOARD_GUIDE_SIGN_G3-SA6-1.svg,1350x191 mm,size from the register (1350x200 mm),Original PDFs/726.pdf
G3-SA6-2,Fingerboard Guide Sign Double Ended,G1-G6 Direction Series,FINGERBOARD_GUIDE_SIGN_DOUBLE_ENDED_G3-SA6-2.svg,200x2842 mm,size from the register (2700x200 mm),Original PDFs/994.pdf
G6-SA50,Passable to Off-Road Vehicles Only,G1-G6 Direction Series,,,no drawing found on the sheet,Original PDFs/368.pdf
G6-SA80,"Controlled Access Road (L,R or L&R) (Approval required for use - refer to Manager, Traffic Services Section of DIT)",G1-G6 Direction Series,CONTROLLED_ACCESS_ROAD_L_R_OR_L_R_APPROVAL_REQUIRED_FOR_USE_REFER_TO_MANAGER_TRA_G6-SA80.svg,600x446 mm,size from the register (600x450 mm),Original PDFs/727.pdf
G6-SA101A,Gate x,G1-G6 Direction Series,GATE_X_G6-SA101A.svg,450x150 mm,"size from the register (450x150 mm; other listed sizes: 300x100); codes on this sheet: G6-SA101A, G6-SA101AA",Original PDFs/237.pdf
G7-1-1A MOD,Advance - Service Symbol 'xxx' m on Left (1 symbol) Formerly G7-SA107-1,G7 Service Series,ADVANCE_SERVICE_SYMBOL_XXX_M_ON_LEFT_1_SYMBOL_FORMERLY_G7_SA107_1_G7-1-1AMOD.svg,900x1122 mm,"size from the register (900x1200 mm; other listed sizes: 1200x1800); drawn proportions differ from the register size — check; codes on this sheet: G7-1-1A MOD, G7-1-1B",Original PDFs/372.pdf
G7-1-2A MOD,Advance - Service Symbol 'xxx' m on Left (2 symbols) Formerly G7-SA107-2,G7 Service Series,ADVANCE_SERVICE_SYMBOL_XXX_M_ON_LEFT_2_SYMBOLS_FORMERLY_G7_SA107_2_G7-1-2AMOD.svg,1200x968 mm,"size from the register (1200x1050 mm; other listed sizes: 1485x1485); drawn proportions differ from the register size — check; codes on this sheet: G7-1-2A MOD, G7-1-2B",Original PDFs/373.pdf
G7-1-3A MOD,Advance Sign - Service Symbol 'xxx' m on Left (3)   Formerly G7-SA107-3,G7 Service Series,ADVANCE_SIGN_SERVICE_SYMBOL_XXX_M_ON_LEFT_3_FORMERLY_G7_SA107_3_G7-1-3AMOD.svg,1200x1448 mm,"size from the register (1200x1500 mm; other listed sizes: 2220x1485); codes on this sheet: G7-1-3A MOD, G7-1-3B",Original PDFs/374.pdf
G7-1-4A MOD,Advance Sign - Service Symbol 'xxx' m on Left (4)  Formerly G7-SA107-4,G7 Service Series,ADVANCE_SIGN_SERVICE_SYMBOL_XXX_M_ON_LEFT_4_FORMERLY_G7_SA107_4_G7-1-4AMOD.svg,1200x1448 mm,"size from the register (1200x1500 mm; other listed sizes: 1485x2052); codes on this sheet: G7-1-4A MOD, G7-1-4B",Original PDFs/375.pdf
G7-2-1A MOD,Advance Sign - Service Symbol  'xxx' m on Right (1)  Formerly G7-SA107-1,G7 Service Series,ADVANCE_SIGN_SERVICE_SYMBOL_XXX_M_ON_RIGHT_1_FORMERLY_G7_SA107_1_G7-2-1AMOD.svg,900x1122 mm,"size from the register (900x1200 mm; other listed sizes: 1200x1800); drawn proportions differ from the register size — check; codes on this sheet: G7-2-1A MOD, G7-2-1B",Original PDFs/376.pdf
G7-2-2A MOD,Advance Sign - Service Symbol 'xxx' m on Right (2) Formerly G7-SA107-2,G7 Service Series,ADVANCE_SIGN_SERVICE_SYMBOL_XXX_M_ON_RIGHT_2_FORMERLY_G7_SA107_2_G7-2-2AMOD.svg,1200x968 mm,"size from the register (1200x1050 mm; other listed sizes: 1485x1485); drawn proportions differ from the register size — check; codes on this sheet: G7-2-2A MOD, G7-2-2B",Original PDFs/377.pdf
G7-2-3A MOD,Advance- Service Symbol 'xxx' m on Right (3 symbols) Formerly G7-SA107-3,G7 Service Series,ADVANCE_SERVICE_SYMBOL_XXX_M_ON_RIGHT_3_SYMBOLS_FORMERLY_G7_SA107_3_G7-2-3AMOD.svg,1200x1448 mm,"size from the register (1200x1500 mm; other listed sizes: 2220x1485); codes on this sheet: G7-2-3A MOD, G7-2-3B",Original PDFs/378.pdf
G7-2-4A MOD,Advance Sign - Service Symbol  'xxx' m on Right (4)    Formerly G7-SA107-4,G7 Service Series,ADVANCE_SIGN_SERVICE_SYMBOL_XXX_M_ON_RIGHT_4_FORMERLY_G7_SA107_4_G7-2-4AMOD.svg,1200x1448 mm,"size from the register (1200x1500 mm; other listed sizes: 1485x2052); codes on this sheet: G7-2-4A MOD, G7-2-4B",Original PDFs/379.pdf
G7-3-1A MOD,Position Sign - Service Symbol (1)   L or R Formerly G7-SA106-1,G7 Service Series,POSITION_SIGN_SERVICE_SYMBOL_1_L_OR_R_FORMERLY_G7_SA106_1_G7-3-1AMOD.svg,800x900 mm,"size from the register (800x900 mm; other listed sizes: 975x1350); codes on this sheet: G7-3-1A MOD, G7-3-1B",Original PDFs/380.pdf
G7-3-2A MOD,Position Sign - Service Symbol (2)   L or R Formerly G7-SA106-2,G7 Service Series,POSITION_SIGN_SERVICE_SYMBOL_2_L_OR_R_FORMERLY_G7_SA106_2_G7-3-2AMOD.svg,1200x900 mm,"size from the register (1200x900 mm; other listed sizes: 1695x1485); codes on this sheet: G7-3-2A MOD, G7-3-2B",Original PDFs/381.pdf
G7-3-3A MOD,Position Sign - Service Symbol (3)   L or R Formerly G7-SA106-3,G7 Service Series,POSITION_SIGN_SERVICE_SYMBOL_3_L_OR_R_FORMERLY_G7_SA106_3_G7-3-3AMOD.svg,1200x1203 mm,"size from the register (1200x1350 mm; other listed sizes: 1695x2050); drawn proportions differ from the register size — check; codes on this sheet: G7-3-3A MOD, G7-3-3B",Original PDFs/382.pdf
G7-3-4A MOD,Position - Service Symbol (4 symbols)   L or R Formerly G7-SA106-4,G7 Service Series,POSITION_SERVICE_SYMBOL_4_SYMBOLS_L_OR_R_FORMERLY_G7_SA106_4_G7-3-4AMOD.svg,1200x1204 mm,"size from the register (1200x1350 mm; other listed sizes: 1695x2050); drawn proportions differ from the register size — check; codes on this sheet: G7-3-4A MOD, G7-3-4B",Original PDFs/383.pdf
G7-4-2A MOD,Position - Service Symbol (2 symbols) intersection style (L or R) Formerly G7- SA115-2,G7 Service Series,POSITION_SERVICE_SYMBOL_2_SYMBOLS_INTERSECTION_STYLE_L_OR_R_FORMERLY_G7_SA115_2_G7-4-2AMOD.svg,1650x598 mm,"size from the register (1650x600 mm; other listed sizes: 2565x855); codes on this sheet: G7-4-2A MOD, G7-4-2B",Original PDFs/384.pdf
G7-4-3A MOD,Position - Service Symbol (3 symbols) intersection style (L or R) Formerly G7-SA115-3,G7 Service Series,POSITION_SERVICE_SYMBOL_3_SYMBOLS_INTERSECTION_STYLE_L_OR_R_FORMERLY_G7_SA115_3_G7-4-3AMOD.svg,2100x573 mm,"size from the register (2100x600 mm; other listed sizes: 3195x855); codes on this sheet: G7-4-3A MOD, G7-4-3B",Original PDFs/385.pdf
G7-4-4A MOD,Position Sign - Service Symbol (4) intersection style   (L or R)   Formerly G7- SA115-4,G7 Service Series,POSITION_SIGN_SERVICE_SYMBOL_4_INTERSECTION_STYLE_L_OR_R_FORMERLY_G7_SA115_4_G7-4-4AMOD.svg,2550x550 mm,"size from the register (2550x600 mm; other listed sizes: 3825x855); codes on this sheet: G7-4-4A MOD, G7-4-4B",Original PDFs/386.pdf
G7-6-1A MOD,Location - Service Symbols (1 symbol) with no direction Formerly G7-SA111-1,G7 Service Series,LOCATION_SERVICE_SYMBOLS_1_SYMBOL_WITH_NO_DIRECTION_FORMERLY_G7_SA111_1_G7-6-1AMOD.svg,600x464 mm,"size from the register (600x600 mm; other listed sizes: 1035x900); drawn proportions differ from the register size — check; codes on this sheet: G7-6-1A MOD, G7-6-1B",Original PDFs/387.pdf
G7-6-2A MOD,Location Sign - Service Symbols (2) with no direction Formerly G7-SA111-2,G7 Service Series,LOCATION_SIGN_SERVICE_SYMBOLS_2_WITH_NO_DIRECTION_FORMERLY_G7_SA111_2_G7-6-2AMOD.svg,1200x463 mm,"size from the register (1200x600 mm; other listed sizes: 1695x855); drawn proportions differ from the register size — check; codes on this sheet: G7-6-2A MOD, G7-6-2B",Original PDFs/388.pdf
G7-6-3A MOD,Location Sign - Service Symbols (3) with no direction Formerly G7-SA111-3,G7 Service Series,LOCATION_SIGN_SERVICE_SYMBOLS_3_WITH_NO_DIRECTION_FORMERLY_G7_SA111_3_G7-6-3AMOD.svg,1200x968 mm,"size from the register (1200x1050 mm; other listed sizes: 1695x1485); drawn proportions differ from the register size — check; codes on this sheet: G7-6-3A MOD, G7-6-3B",Original PDFs/389.pdf
G7-6-4A MOD,Location Sign - Service Symbols (4) with no direction Formerly G7-SA111-4,G7 Service Series,LOCATION_SIGN_SERVICE_SYMBOLS_4_WITH_NO_DIRECTION_FORMERLY_G7_SA111_4_G7-6-4AMOD.svg,1200x968 mm,"size from the register (1200x1050 mm; other listed sizes: 1620x1420); drawn proportions differ from the register size — check; codes on this sheet: G7-6-4A MOD, G7-6-4B",Original PDFs/390.pdf
G7-7-1A MOD,Advance - Service Symbol Turn Left 'xxx' m (1 symbol) Formerly G7-SA108-1,G7 Service Series,ADVANCE_SERVICE_SYMBOL_TURN_LEFT_XXX_M_1_SYMBOL_FORMERLY_G7_SA108_1_G7-7-1AMOD.svg,900x1123 mm,"size from the register (900x1200 mm; other listed sizes: 1200x1800); drawn proportions differ from the register size — check; codes on this sheet: G7-7-1A MOD, G7-7-1B",Original PDFs/391.pdf
G7-7-2A MOD,Advance Sign - Service Symbol Turn Left 'xxx' m (2)    Formerly G7-SA108-2,G7 Service Series,ADVANCE_SIGN_SERVICE_SYMBOL_TURN_LEFT_XXX_M_2_FORMERLY_G7_SA108_2_G7-7-2AMOD.svg,1200x968 mm,"size from the register (1200x1050 mm; other listed sizes: 1890x1485); drawn proportions differ from the register size — check; codes on this sheet: G7-7-2A MOD, G7-7-2B",Original PDFs/392.pdf
G7-7-3A MOD,Advance Sign - Service Symbol Turn Left 'xxx' m (3)    Formerly G7-SA108-3,G7 Service Series,ADVANCE_SIGN_SERVICE_SYMBOL_TURN_LEFT_XXX_M_3_FORMERLY_G7_SA108_3_G7-7-3AMOD.svg,1200x1448 mm,"size from the register (1200x1500 mm; other listed sizes: 2220x1485); codes on this sheet: G7-7-3A MOD, G7-7-3B",Original PDFs/393.pdf
G7-7-4A MOD,Advance Sign - Service Symbol Turn Left 'xxx' m (4)    Formerly G7-SA108-4,G7 Service Series,ADVANCE_SIGN_SERVICE_SYMBOL_TURN_LEFT_XXX_M_4_FORMERLY_G7_SA108_4_G7-7-4AMOD.svg,1200x1448 mm,"size from the register (1200x1500 mm; other listed sizes: 1890x2115); codes on this sheet: G7-7-4A MOD, G7-7-4B",Original PDFs/394.pdf
G7-8-1A MOD,Advance Sign - Service Symbol Turn Right 'xxx' m (1) Formerly G7-SA108-1,G7 Service Series,ADVANCE_SIGN_SERVICE_SYMBOL_TURN_RIGHT_XXX_M_1_FORMERLY_G7_SA108_1_G7-8-1AMOD.svg,900x1123 mm,"size from the register (900x1200 mm; other listed sizes: 1200x1800); drawn proportions differ from the register size — check; codes on this sheet: G7-8-1A MOD, G7-8-1B",Original PDFs/395.pdf
G7-8-2A MOD,Advance - Service Symbol Turn Right 'xxx' m (2 symbols) Formerly G7-SA108-2,G7 Service Series,ADVANCE_SERVICE_SYMBOL_TURN_RIGHT_XXX_M_2_SYMBOLS_FORMERLY_G7_SA108_2_G7-8-2AMOD.svg,1200x968 mm,"size from the register (1200x1050 mm; other listed sizes: 1965x1485); drawn proportions differ from the register size — check; codes on this sheet: G7-8-2A MOD, G7-8-2B",Original PDFs/396.pdf
G7-8-3A MOD,Advance Sign - Service Symbol Turn Right 'xxx' m (3) Formerly G7-SA108-3,G7 Service Series,ADVANCE_SIGN_SERVICE_SYMBOL_TURN_RIGHT_XXX_M_3_FORMERLY_G7_SA108_3_G7-8-3AMOD.svg,1200x1448 mm,"size from the register (1200x1500 mm; other listed sizes: 1965x1485); codes on this sheet: G7-8-3A MOD, G7-8-3B",Original PDFs/397.pdf
G7-8-4A MOD,Advance Sign - Service Symbol Turn Right 'xxx' m (4) Formerly G7-SA108-4,G7 Service Series,ADVANCE_SIGN_SERVICE_SYMBOL_TURN_RIGHT_XXX_M_4_FORMERLY_G7_SA108_4_G7-8-4AMOD.svg,1200x1448 mm,"size from the register (1200x1500 mm; other listed sizes: 1965x2115); codes on this sheet: G7-8-4A MOD, G7-8-4B",Original PDFs/398.pdf
G7-SA1,XXX Rest Area 'x' km On Left,G7 Service Series,XXX_REST_AREA_X_KM_ON_LEFT_G7-SA1.svg,2100x1350 mm,size from the register (2100x1350 mm),Original PDFs/869.pdf
G7-SA2,XXX Rest Area  'x' km On Right,G7 Service Series,XXX_REST_AREA_X_KM_ON_RIGHT_G7-SA2.svg,2100x1350 mm,size from the register (2100x1350 mm),Original PDFs/870.pdf
G7-SA3,XXX Rest Area,G7 Service Series,XXX_REST_AREA_G7-SA3.svg,2100x1350 mm,size from the register (2100x1350 mm),Original PDFs/871.pdf
G7-SA4,XXX Rest Area,G7 Service Series,XXX_REST_AREA_G7-SA4.svg,2850x938 mm,size from the register (2850x900 mm),Original PDFs/873.pdf
G7-SA109-1,Advance Sign - Service Symbol 'x' km Left/Right -1,G7 Service Series,ADVANCE_SIGN_SERVICE_SYMBOL_X_KM_LEFT_RIGHT_1_G7-SA109-1.svg,900x936 mm,size from the register (900x1050 mm); drawn proportions differ from the register size — check,Original PDFs/399.pdf
G7-SA109-2,Advance Sign - Service Symbol 'x' km Left/Right -2,G7 Service Series,ADVANCE_SIGN_SERVICE_SYMBOL_X_KM_LEFT_RIGHT_2_G7-SA109-2.svg,1200x900 mm,size from the register (1200x900 mm),Original PDFs/400.pdf
G7-SA109-3,Advance Sign - Service Symbol 'x' km Left/Right -3,G7 Service Series,ADVANCE_SIGN_SERVICE_SYMBOL_X_KM_LEFT_RIGHT_3_G7-SA109-3.svg,1200x1248 mm,size from the register (1200x1350 mm); drawn proportions differ from the register size — check,Original PDFs/401.pdf
G7-SA109-4,Advance Sign - Service Symbol 'x' km Left/Right -4,G7 Service Series,ADVANCE_SIGN_SERVICE_SYMBOL_X_KM_LEFT_RIGHT_4_G7-SA109-4.svg,1200x1248 mm,size from the register (1200x1350 mm); drawn proportions differ from the register size — check,Original PDFs/402.pdf
G7-SA110-1,Position Sign - Service Symbol (1),G7 Service Series,POSITION_SIGN_SERVICE_SYMBOL_1_G7-SA110-1.svg,800x805 mm,size from the register (800x900 mm); drawn proportions differ from the register size — check,Original PDFs/403.pdf
G7-SA110-2,Position Sign - Service Symbol (2),G7 Service Series,POSITION_SIGN_SERVICE_SYMBOL_2_G7-SA110-2.svg,1200x798 mm,size from the register (1200x900 mm); drawn proportions differ from the register size — check,Original PDFs/404.pdf
G7-SA110-3,Position Sign - Service Symbol (3),G7 Service Series,POSITION_SIGN_SERVICE_SYMBOL_3_G7-SA110-3.svg,1200x1306 mm,size from the register (1200x1350 mm),Original PDFs/405.pdf
G7-SA110-4,Position Sign - Service Symbol (4),G7 Service Series,POSITION_SIGN_SERVICE_SYMBOL_4_G7-SA110-4.svg,1200x1306 mm,size from the register (1200x1350 mm),Original PDFs/406.pdf
G7-SA116,Position Sign - Services Left and Right,G7 Service Series,POSITION_SIGN_SERVICES_LEFT_AND_RIGHT_G7-SA116.svg,900x1050 mm,size from the register (900x1050 mm),Original PDFs/1240.pdf
G7-SA117,Position Sign - Blank Services Left and Right (L and R),G7 Service Series,POSITION_SIGN_BLANK_SERVICES_LEFT_AND_RIGHT_L_AND_R_G7-SA117.svg,1200x1350 mm,size from the register (1200x1350 mm),Original PDFs/407.pdf
G7-SA120-1A,Supplementary Plate - 'x' km (mounted under service plates),G7 Service Series,SUPPLEMENTARY_PLATE_X_KM_MOUNTED_UNDER_SERVICE_PLATES_G7-SA120-1A.svg,600x225 mm,"size from the register (600x240 mm; other listed sizes: 800x300, 900x360, 1200x420); codes on this sheet: G7-SA120-1A, G7-SA120-1B, G7-SA120-1C, G7-SA120-1D",Original PDFs/408.pdf
G7-SA120-2A,Supplementary Plate - 'xxx' m (mounted under service plates),G7 Service Series,SUPPLEMENTARY_PLATE_XXX_M_MOUNTED_UNDER_SERVICE_PLATES_G7-SA120-2A.svg,600x225 mm,"size from the register (600x240 mm; other listed sizes: 800x300, 900x360, 1200x420); codes on this sheet: G7-SA120-2A, G7-SA120-2B, G7-SA120-2C, G7-SA120-2D",Original PDFs/409.pdf
G7-SA121-1A,Position Sign - \ or / Service Sign with (1) symbol,G7 Service Series,POSITION_SIGN_OR_SERVICE_SIGN_WITH_1_SYMBOL_G7-SA121-1A.svg,600x900 mm,"size from the register (600x900 mm; other listed sizes: 1200x1800); codes on this sheet: G7-SA121-1A, G7-SA121-1B",Original PDFs/410.pdf
G7-SA121-2,Position Sign - \ or / Service Sign with (2) symbols,G7 Service Series,POSITION_SIGN_OR_SERVICE_SIGN_WITH_2_SYMBOLS_G7-SA121-2.svg,1200x798 mm,size from the register (1200x900 mm); drawn proportions differ from the register size — check,Original PDFs/411.pdf
G7-SA121-3,Position Sign - \ or / Service Sign with (3) symbols,G7 Service Series,POSITION_SIGN_OR_SERVICE_SIGN_WITH_3_SYMBOLS_G7-SA121-3.svg,1200x1299 mm,size from the register (1200x1350 mm),Original PDFs/412.pdf
G7-SA121-4,Position Sign - \ or / Service Sign with (4) symbols,G7 Service Series,POSITION_SIGN_OR_SERVICE_SIGN_WITH_4_SYMBOLS_G7-SA121-4.svg,1200x1204 mm,size from the register (1200x1350 mm); drawn proportions differ from the register size — check,Original PDFs/413.pdf
G7-SA122-1,Location/Advance Sign - Rest Area Facilities Sign,G7 Service Series,LOCATION_ADVANCE_SIGN_REST_AREA_FACILITIES_SIGN_G7-SA122-1.svg,600x300 mm,size from the register (600x300 mm),Original PDFs/414.pdf
G7-SA122-1,Location/Advance Sign - Rest Area Facilities Sign,G7 Service Series,LOCATION_ADVANCE_SIGN_REST_AREA_FACILITIES_SIGN_VAR2_G7-SA122-1.svg,540x420 mm,no size found on the sheet; drawn at 1:10 — check; triangulated CAD export unioned,Original PDFs/414.pdf
G7-SA122-1,Location/Advance Sign - Rest Area Facilities Sign,G7 Service Series,LOCATION_ADVANCE_SIGN_REST_AREA_FACILITIES_SIGN_VAR3_G7-SA122-1.svg,540x349 mm,no size found on the sheet; drawn at 1:10 — check; triangulated CAD export unioned,Original PDFs/414.pdf
G7-SA122-2,Rest Area with next Township Directions,G7 Service Series,REST_AREA_WITH_NEXT_TOWNSHIP_DIRECTIONS_G7-SA122-2.svg,600x300 mm,size from the register (600x300 mm),Original PDFs/737.pdf
G7-SA122-2,Rest Area with next Township Directions,G7 Service Series,REST_AREA_WITH_NEXT_TOWNSHIP_DIRECTIONS_VAR2_G7-SA122-2.svg,540x330 mm,no size found on the sheet; drawn at 1:10 — check,Original PDFs/737.pdf
G7-SA123-2,Advance Sign - Rest Area 1 km ON LEFT - STOP REVIVE SURVIVE,G7 Service Series,ADVANCE_SIGN_REST_AREA_1_KM_ON_LEFT_STOP_REVIVE_SURVIVE_G7-SA123-2.svg,2400x1200 mm,size from the register (2400x1800 mm); drawn proportions differ from the register size — check,Original PDFs/416.pdf
G7-SA123-2,Advance Sign - Rest Area 1 km ON LEFT - STOP REVIVE SURVIVE,G7 Service Series,ADVANCE_SIGN_REST_AREA_1_KM_ON_LEFT_STOP_REVIVE_SURVIVE_VAR2_G7-SA123-2.svg,1194x299 mm,no size found on the sheet; drawn at 1:10 — check; background assumed to be a white rectangle (outline drawn as loose strokes) — check; triangulated CAD export unioned,Original PDFs/416.pdf
G7-SA123-4,Advance Sign - Rest Area 1 km ON LEFT - DROWSY DRIVERS DIE,G7 Service Series,ADVANCE_SIGN_REST_AREA_1_KM_ON_LEFT_DROWSY_DRIVERS_DIE_G7-SA123-4.svg,2400x1200 mm,size from the register (2400x1800 mm); drawn proportions differ from the register size — check,Original PDFs/417.pdf
G7-SA123-4,Advance Sign - Rest Area 1 km ON LEFT - DROWSY DRIVERS DIE,G7 Service Series,ADVANCE_SIGN_REST_AREA_1_KM_ON_LEFT_DROWSY_DRIVERS_DIE_VAR2_G7-SA123-4.svg,1194x299 mm,no size found on the sheet; drawn at 1:10 — check; background assumed to be a white rectangle (outline drawn as loose strokes) — check; triangulated CAD export unioned,Original PDFs/417.pdf
G7-SA123-5,Advance Sign - Rest Area 1 km ON LEFT - SURVIVE THIS DRIVE,G7 Service Series,ADVANCE_SIGN_REST_AREA_1_KM_ON_LEFT_SURVIVE_THIS_DRIVE_G7-SA123-5.svg,2400x1200 mm,size from the register (2400x1800 mm); drawn proportions differ from the register size — check,Original PDFs/418.pdf
G7-SA123-5,Advance Sign - Rest Area 1 km ON LEFT - SURVIVE THIS DRIVE,G7 Service Series,ADVANCE_SIGN_REST_AREA_1_KM_ON_LEFT_SURVIVE_THIS_DRIVE_VAR2_G7-SA123-5.svg,1194x299 mm,no size found on the sheet; drawn at 1:10 — check; background assumed to be a white rectangle (outline drawn as loose strokes) — check; triangulated CAD export unioned,Original PDFs/418.pdf
G7-SA123-5,Advance Sign - Rest Area 1 km ON LEFT - SURVIVE THIS DRIVE,G7 Service Series,ADVANCE_SIGN_REST_AREA_1_KM_ON_LEFT_SURVIVE_THIS_DRIVE_VAR3_G7-SA123-5.svg,578x204 mm,no size found on the sheet; drawn at 1:10 — check; background assumed to be a white rectangle (outline drawn as loose strokes) — check,Original PDFs/418.pdf
G7-SA123-6,Advance Sign - Rest Area 1 km ON LEFT - FATIGUE IS FATAL,G7 Service Series,ADVANCE_SIGN_REST_AREA_1_KM_ON_LEFT_FATIGUE_IS_FATAL_G7-SA123-6.svg,2400x1200 mm,size from the register (2400x1800 mm); drawn proportions differ from the register size — check,Original PDFs/419.pdf
G7-SA123-6,Advance Sign - Rest Area 1 km ON LEFT - FATIGUE IS FATAL,G7 Service Series,ADVANCE_SIGN_REST_AREA_1_KM_ON_LEFT_FATIGUE_IS_FATAL_VAR2_G7-SA123-6.svg,1194x299 mm,no size found on the sheet; drawn at 1:10 — check; background assumed to be a white rectangle (outline drawn as loose strokes) — check; triangulated CAD export unioned,Original PDFs/419.pdf
G7-SA123-6,Advance Sign - Rest Area 1 km ON LEFT - FATIGUE IS FATAL,G7 Service Series,ADVANCE_SIGN_REST_AREA_1_KM_ON_LEFT_FATIGUE_IS_FATAL_VAR3_G7-SA123-6.svg,510x201 mm,no size found on the sheet; drawn at 1:10 — check; background assumed to be a white rectangle (outline drawn as loose strokes) — check,Original PDFs/419.pdf
G7-SA123-3,Advance Sign - Rest Area 1 km ON LEFT - REST IF TIRED,G7 Service Series,ADVANCE_SIGN_REST_AREA_1_KM_ON_LEFT_REST_IF_TIRED_G7-SA123-3.svg,2400x1200 mm,size from the register (2400x1800 mm); drawn proportions differ from the register size — check,Original PDFs/812.pdf
G7-SA123-3,Advance Sign - Rest Area 1 km ON LEFT - REST IF TIRED,G7 Service Series,ADVANCE_SIGN_REST_AREA_1_KM_ON_LEFT_REST_IF_TIRED_VAR2_G7-SA123-3.svg,1194x299 mm,no size found on the sheet; drawn at 1:10 — check; background assumed to be a white rectangle (outline drawn as loose strokes) — check; triangulated CAD export unioned,Original PDFs/812.pdf
G7-SA123-1,Advance Sign - Rest Area - 1km ON LEFT - TAKE A BREAK,G7 Service Series,ADVANCE_SIGN_REST_AREA_1KM_ON_LEFT_TAKE_A_BREAK_G7-SA123-1.svg,2400x1200 mm,size from the register (2400x1800 mm); drawn proportions differ from the register size — check,Original PDFs/930.pdf
G7-SA123-1,Advance Sign - Rest Area - 1km ON LEFT - TAKE A BREAK,G7 Service Series,ADVANCE_SIGN_REST_AREA_1KM_ON_LEFT_TAKE_A_BREAK_VAR2_G7-SA123-1.svg,1194x299 mm,no size found on the sheet; drawn at 1:10 — check; background assumed to be a white rectangle (outline drawn as loose strokes) — check; triangulated CAD export unioned,Original PDFs/930.pdf
G7-SA124-1,Location/Position Sign - Car Parking / \Truck Parking Rest Area Complex,G7 Service Series,LOCATION_POSITION_SIGN_CAR_PARKING_TRUCK_PARKING_REST_AREA_COMPLEX_G7-SA124-1.svg,900x1050 mm,size from the register (900x1050 mm),Original PDFs/420.pdf
G7-SA124-2,Location/Position Sign - Truck Parking / \Car Parking Rest Area Complex,G7 Service Series,LOCATION_POSITION_SIGN_TRUCK_PARKING_CAR_PARKING_REST_AREA_COMPLEX_G7-SA124-2.svg,900x1050 mm,size from the register (900x1050 mm),Original PDFs/421.pdf
G7-SA126-1,Disability Access Direction Sign - Service Symbol (1),G7 Service Series,DISABILITY_ACCESS_DIRECTION_SIGN_SERVICE_SYMBOL_1_G7-SA126-1.svg,300x600 mm,size from the register (300x600 mm),Original PDFs/830.pdf
G7-SA126-2,Disability Access Direction Sign - Service Symbol (2),G7 Service Series,DISABILITY_ACCESS_DIRECTION_SIGN_SERVICE_SYMBOL_2_G7-SA126-2.svg,300x525 mm,size from the register (300x750 mm); drawn proportions differ from the register size — check,Original PDFs/831.pdf
G7-SA126-7,Disability Access Position Sign - Service Symbol (1),G7 Service Series,DISABILITY_ACCESS_POSITION_SIGN_SERVICE_SYMBOL_1_G7-SA126-7.svg,300x236 mm,size from the register (300x300 mm); drawn proportions differ from the register size — check,Original PDFs/832.pdf
G7-SA127,Advance Sign - Next Rest Area - XXXX xx,G7 Service Series,ADVANCE_SIGN_NEXT_REST_AREA_XXXX_XX_G7-SA127.svg,2700x1200 mm,size from the register (2700x1200 mm),Original PDFs/872.pdf
G7-SA128-1,Advance Sign - Truck Parking 1km ON LEFT - TAKE A BREAK,G7 Service Series,ADVANCE_SIGN_TRUCK_PARKING_1KM_ON_LEFT_TAKE_A_BREAK_G7-SA128-1.svg,2400x1200 mm,size from the register (2400x1800 mm); drawn proportions differ from the register size — check,Original PDFs/874.pdf
G7-SA128-1,Advance Sign - Truck Parking 1km ON LEFT - TAKE A BREAK,G7 Service Series,ADVANCE_SIGN_TRUCK_PARKING_1KM_ON_LEFT_TAKE_A_BREAK_VAR2_G7-SA128-1.svg,1194x299 mm,no size found on the sheet; drawn at 1:10 — check; background assumed to be a white rectangle (outline drawn as loose strokes) — check; triangulated CAD export unioned,Original PDFs/874.pdf
G7-SA128-2,Advance Sign - Truck Parking 1km ON LEFT - STOP REVIVE SURVIVE,G7 Service Series,ADVANCE_SIGN_TRUCK_PARKING_1KM_ON_LEFT_STOP_REVIVE_SURVIVE_G7-SA128-2.svg,2400x1200 mm,size from the register (2400x1800 mm); drawn proportions differ from the register size — check,Original PDFs/875.pdf
G7-SA128-2,Advance Sign - Truck Parking 1km ON LEFT - STOP REVIVE SURVIVE,G7 Service Series,ADVANCE_SIGN_TRUCK_PARKING_1KM_ON_LEFT_STOP_REVIVE_SURVIVE_VAR2_G7-SA128-2.svg,1194x299 mm,no size found on the sheet; drawn at 1:10 — check; background assumed to be a white rectangle (outline drawn as loose strokes) — check; triangulated CAD export unioned,Original PDFs/875.pdf
G7-SA128-3,Advance Sign - Truck Parking 1km ON LEFT - REST IF TIRED,G7 Service Series,ADVANCE_SIGN_TRUCK_PARKING_1KM_ON_LEFT_REST_IF_TIRED_G7-SA128-3.svg,2400x1200 mm,size from the register (2400x1800 mm); drawn proportions differ from the register size — check,Original PDFs/876.pdf
G7-SA128-3,Advance Sign - Truck Parking 1km ON LEFT - REST IF TIRED,G7 Service Series,ADVANCE_SIGN_TRUCK_PARKING_1KM_ON_LEFT_REST_IF_TIRED_VAR2_G7-SA128-3.svg,1204x299 mm,no size found on the sheet; drawn at 1:10 — check; background assumed to be a white rectangle (outline drawn as loose strokes) — check; triangulated CAD export unioned,Original PDFs/876.pdf
G7-SA128-4,Advance Sign - Truck Parking 1km ON LEFT - DROWSY DRIVERS DIE,G7 Service Series,ADVANCE_SIGN_TRUCK_PARKING_1KM_ON_LEFT_DROWSY_DRIVERS_DIE_G7-SA128-4.svg,2400x1200 mm,size from the register (2400x1800 mm); drawn proportions differ from the register size — check,Original PDFs/877.pdf
G7-SA128-4,Advance Sign - Truck Parking 1km ON LEFT - DROWSY DRIVERS DIE,G7 Service Series,ADVANCE_SIGN_TRUCK_PARKING_1KM_ON_LEFT_DROWSY_DRIVERS_DIE_VAR2_G7-SA128-4.svg,1194x299 mm,no size found on the sheet; drawn at 1:10 — check; background assumed to be a white rectangle (outline drawn as loose strokes) — check; triangulated CAD export unioned,Original PDFs/877.pdf
G7-SA128-5,Advance Sign - Truck Parking 1km ON LEFT - SURVIVE THIS DRIVE,G7 Service Series,ADVANCE_SIGN_TRUCK_PARKING_1KM_ON_LEFT_SURVIVE_THIS_DRIVE_G7-SA128-5.svg,2400x1200 mm,size from the register (2400x1800 mm); drawn proportions differ from the register size — check,Original PDFs/878.pdf
G7-SA128-5,Advance Sign - Truck Parking 1km ON LEFT - SURVIVE THIS DRIVE,G7 Service Series,ADVANCE_SIGN_TRUCK_PARKING_1KM_ON_LEFT_SURVIVE_THIS_DRIVE_VAR2_G7-SA128-5.svg,1195x299 mm,no size found on the sheet; drawn at 1:10 — check; background assumed to be a white rectangle (outline drawn as loose strokes) — check; triangulated CAD export unioned,Original PDFs/878.pdf
G7-SA128-6,Advance Sign - Truck Parking 1km ON LEFT - FATIGUE IS FATAL,G7 Service Series,ADVANCE_SIGN_TRUCK_PARKING_1KM_ON_LEFT_FATIGUE_IS_FATAL_G7-SA128-6.svg,2400x1200 mm,size from the register (2400x1800 mm); drawn proportions differ from the register size — check,Original PDFs/879.pdf
G7-SA128-6,Advance Sign - Truck Parking 1km ON LEFT - FATIGUE IS FATAL,G7 Service Series,ADVANCE_SIGN_TRUCK_PARKING_1KM_ON_LEFT_FATIGUE_IS_FATAL_VAR2_G7-SA128-6.svg,1194x299 mm,no size found on the sheet; drawn at 1:10 — check; background assumed to be a white rectangle (outline drawn as loose strokes) — check; triangulated CAD export unioned,Original PDFs/879.pdf
G7-SA128-6,Advance Sign - Truck Parking 1km ON LEFT - FATIGUE IS FATAL,G7 Service Series,ADVANCE_SIGN_TRUCK_PARKING_1KM_ON_LEFT_FATIGUE_IS_FATAL_VAR3_G7-SA128-6.svg,511x201 mm,no size found on the sheet; drawn at 1:10 — check; background assumed to be a white rectangle (outline drawn as loose strokes) — check,Original PDFs/879.pdf
G7-SA129-1,Advance Sign - Truck Parking 400m ON LEFT - TAKE A BREAK,G7 Service Series,ADVANCE_SIGN_TRUCK_PARKING_400M_ON_LEFT_TAKE_A_BREAK_G7-SA129-1.svg,2550x1858 mm,size from the register (2550x1800 mm),Original PDFs/931.pdf
G7-SA129-1,Advance Sign - Truck Parking 400m ON LEFT - TAKE A BREAK,G7 Service Series,ADVANCE_SIGN_TRUCK_PARKING_400M_ON_LEFT_TAKE_A_BREAK_VAR2_G7-SA129-1.svg,1255x214 mm,no size found on the sheet; drawn at 1:10 — check; triangulated CAD export unioned,Original PDFs/931.pdf
G7-SA129-2,Advance Sign - Truck Parking 400m ON LEFT - STOP REVIVE SURVIVE,G7 Service Series,ADVANCE_SIGN_TRUCK_PARKING_400M_ON_LEFT_STOP_REVIVE_SURVIVE_G7-SA129-2.svg,2550x1858 mm,size from the register (2550x1800 mm),Original PDFs/932.pdf
G7-SA129-2,Advance Sign - Truck Parking 400m ON LEFT - STOP REVIVE SURVIVE,G7 Service Series,ADVANCE_SIGN_TRUCK_PARKING_400M_ON_LEFT_STOP_REVIVE_SURVIVE_VAR2_G7-SA129-2.svg,1255x214 mm,no size found on the sheet; drawn at 1:10 — check; triangulated CAD export unioned,Original PDFs/932.pdf
G7-SA129-3,Advance Sign - Truck Parking 400m ON LEFT - REST IF TIRED,G7 Service Series,ADVANCE_SIGN_TRUCK_PARKING_400M_ON_LEFT_REST_IF_TIRED_G7-SA129-3.svg,2550x1858 mm,size from the register (2550x1800 mm),Original PDFs/933.pdf
G7-SA129-3,Advance Sign - Truck Parking 400m ON LEFT - REST IF TIRED,G7 Service Series,ADVANCE_SIGN_TRUCK_PARKING_400M_ON_LEFT_REST_IF_TIRED_VAR2_G7-SA129-3.svg,1255x214 mm,no size found on the sheet; drawn at 1:10 — check; triangulated CAD export unioned,Original PDFs/933.pdf
G7-SA129-4,Advance Sign - Truck Parking 400m ON LEFT - DROWSY DRIVERS DIE,G7 Service Series,ADVANCE_SIGN_TRUCK_PARKING_400M_ON_LEFT_DROWSY_DRIVERS_DIE_G7-SA129-4.svg,2550x1858 mm,size from the register (2550x1800 mm),Original PDFs/934.pdf
G7-SA129-4,Advance Sign - Truck Parking 400m ON LEFT - DROWSY DRIVERS DIE,G7 Service Series,ADVANCE_SIGN_TRUCK_PARKING_400M_ON_LEFT_DROWSY_DRIVERS_DIE_VAR2_G7-SA129-4.svg,1255x214 mm,no size found on the sheet; drawn at 1:10 — check; triangulated CAD export unioned,Original PDFs/934.pdf
G7-SA129-5,Advance Sign - Truck Parking 400m ON LEFT - SURVIVE THIS DRIVE,G7 Service Series,ADVANCE_SIGN_TRUCK_PARKING_400M_ON_LEFT_SURVIVE_THIS_DRIVE_G7-SA129-5.svg,2550x1858 mm,size from the register (2550x1800 mm),Original PDFs/935.pdf
G7-SA129-5,Advance Sign - Truck Parking 400m ON LEFT - SURVIVE THIS DRIVE,G7 Service Series,ADVANCE_SIGN_TRUCK_PARKING_400M_ON_LEFT_SURVIVE_THIS_DRIVE_VAR2_G7-SA129-5.svg,1255x214 mm,no size found on the sheet; drawn at 1:10 — check; triangulated CAD export unioned,Original PDFs/935.pdf
G7-SA129-6,Advance Sign - Truck Parking 400m ON LEFT - FATIGUE IS FATAL,G7 Service Series,ADVANCE_SIGN_TRUCK_PARKING_400M_ON_LEFT_FATIGUE_IS_FATAL_G7-SA129-6.svg,2550x1858 mm,size from the register (2550x1800 mm),Original PDFs/936.pdf
G7-SA129-6,Advance Sign - Truck Parking 400m ON LEFT - FATIGUE IS FATAL,G7 Service Series,ADVANCE_SIGN_TRUCK_PARKING_400M_ON_LEFT_FATIGUE_IS_FATAL_VAR2_G7-SA129-6.svg,1255x214 mm,no size found on the sheet; drawn at 1:10 — check; triangulated CAD export unioned,Original PDFs/936.pdf
G7-SA129-6,Advance Sign - Truck Parking 400m ON LEFT - FATIGUE IS FATAL,G7 Service Series,ADVANCE_SIGN_TRUCK_PARKING_400M_ON_LEFT_FATIGUE_IS_FATAL_VAR3_G7-SA129-6.svg,510x201 mm,no size found on the sheet; drawn at 1:10 — check; background assumed to be a white rectangle (outline drawn as loose strokes) — check,Original PDFs/936.pdf
G7-SA130-1,Advance Sign - Rest Area - 400m ON LEFT - TAKE A BREAK,G7 Service Series,ADVANCE_SIGN_REST_AREA_400M_ON_LEFT_TAKE_A_BREAK_G7-SA130-1.svg,2400x1858 mm,size from the register (2400x1800 mm),Original PDFs/937.pdf
G7-SA130-1,Advance Sign - Rest Area - 400m ON LEFT - TAKE A BREAK,G7 Service Series,ADVANCE_SIGN_REST_AREA_400M_ON_LEFT_TAKE_A_BREAK_VAR2_G7-SA130-1.svg,1180x214 mm,no size found on the sheet; drawn at 1:10 — check; triangulated CAD export unioned,Original PDFs/937.pdf
G7-SA130-2,Advance Sign - Rest Area - 400m ON LEFT - STOP REVIVE SURVIVE,G1-G6 Direction Series,ADVANCE_SIGN_REST_AREA_400M_ON_LEFT_STOP_REVIVE_SURVIVE_G7-SA130-2.svg,2400x1858 mm,size from the register (2400x1800 mm),Original PDFs/938.pdf
G7-SA130-2,Advance Sign - Rest Area - 400m ON LEFT - STOP REVIVE SURVIVE,G1-G6 Direction Series,ADVANCE_SIGN_REST_AREA_400M_ON_LEFT_STOP_REVIVE_SURVIVE_VAR2_G7-SA130-2.svg,1180x214 mm,no size found on the sheet; drawn at 1:10 — check; triangulated CAD export unioned,Original PDFs/938.pdf
G7-SA130-3,Advance Sign - Rest Area - 400m ON LEFT - REST IF TIRED,G7 Service Series,ADVANCE_SIGN_REST_AREA_400M_ON_LEFT_REST_IF_TIRED_G7-SA130-3.svg,2400x1858 mm,size from the register (2400x1800 mm),Original PDFs/939.pdf
G7-SA130-3,Advance Sign - Rest Area - 400m ON LEFT - REST IF TIRED,G7 Service Series,ADVANCE_SIGN_REST_AREA_400M_ON_LEFT_REST_IF_TIRED_VAR2_G7-SA130-3.svg,1180x214 mm,no size found on the sheet; drawn at 1:10 — check; triangulated CAD export unioned,Original PDFs/939.pdf
G7-SA130-4,Advance Sign - Rest Area - 400m ON LEFT - DROWSY DRIVERS DIE,G7 Service Series,ADVANCE_SIGN_REST_AREA_400M_ON_LEFT_DROWSY_DRIVERS_DIE_G7-SA130-4.svg,2400x1858 mm,size from the register (2400x1800 mm),Original PDFs/940.pdf
G7-SA130-4,Advance Sign - Rest Area - 400m ON LEFT - DROWSY DRIVERS DIE,G7 Service Series,ADVANCE_SIGN_REST_AREA_400M_ON_LEFT_DROWSY_DRIVERS_DIE_VAR2_G7-SA130-4.svg,1180x214 mm,no size found on the sheet; drawn at 1:10 — check; triangulated CAD export unioned,Original PDFs/940.pdf
G7-SA130-5,Advance Sign - Rest Area - 400m ON LEFT - SURVIVE THIS DRIVE,G7 Service Series,ADVANCE_SIGN_REST_AREA_400M_ON_LEFT_SURVIVE_THIS_DRIVE_G7-SA130-5.svg,2400x1858 mm,size from the register (2400x1800 mm),Original PDFs/941.pdf
G7-SA130-5,Advance Sign - Rest Area - 400m ON LEFT - SURVIVE THIS DRIVE,G7 Service Series,ADVANCE_SIGN_REST_AREA_400M_ON_LEFT_SURVIVE_THIS_DRIVE_VAR2_G7-SA130-5.svg,1180x214 mm,no size found on the sheet; drawn at 1:10 — check; triangulated CAD export unioned,Original PDFs/941.pdf
G7-SA130-6,Advance Sign - Rest Area - 400m ON LEFT - FATIGUE IS FATAL,G7 Service Series,ADVANCE_SIGN_REST_AREA_400M_ON_LEFT_FATIGUE_IS_FATAL_G7-SA130-6.svg,2400x1858 mm,size from the register (2400x1800 mm),Original PDFs/942.pdf
G7-SA130-6,Advance Sign - Rest Area - 400m ON LEFT - FATIGUE IS FATAL,G7 Service Series,ADVANCE_SIGN_REST_AREA_400M_ON_LEFT_FATIGUE_IS_FATAL_VAR2_G7-SA130-6.svg,1180x214 mm,no size found on the sheet; drawn at 1:10 — check; triangulated CAD export unioned,Original PDFs/942.pdf
G7-SA130-6,Advance Sign - Rest Area - 400m ON LEFT - FATIGUE IS FATAL,G7 Service Series,ADVANCE_SIGN_REST_AREA_400M_ON_LEFT_FATIGUE_IS_FATAL_VAR3_G7-SA130-6.svg,520x201 mm,no size found on the sheet; drawn at 1:10 — check; background assumed to be a white rectangle (outline drawn as loose strokes) — check,Original PDFs/942.pdf
G7-SA131,EV Electric Vehicle Parking,G7 Service Series,EV_ELECTRIC_VEHICLE_PARKING_G7-SA131.svg,450x901 mm,size from the register (450x900 mm),Original PDFs/1087.pdf
G7-SA132,Accessible Parking Spaces,G7 Service Series,ACCESSIBLE_PARKING_SPACES_G7-SA132.svg,450x899 mm,size from the register (450x900 mm),Original PDFs/1222.pdf
G7-SA132,Accessible Parking Spaces,G7 Service Series,ACCESSIBLE_PARKING_SPACES_VAR2_G7-SA132.svg,300x600 mm,no size found on the sheet; drawn at 1:10 — check; background assumed to be a white rectangle (outline drawn as loose strokes) — check; triangulated CAD export unioned,Original PDFs/1222.pdf
G7-SA133,Accessible Parking,G7 Service Series,ACCESSIBLE_PARKING_G7-SA133.svg,450x600 mm,size from the register (450x600 mm),Original PDFs/1223.pdf
G7-SA133,Accessible Parking,G7 Service Series,ACCESSIBLE_PARKING_VAR2_G7-SA133.svg,300x380 mm,no size found on the sheet; drawn at 1:10 — check; background assumed to be a white rectangle (outline drawn as loose strokes) — check; triangulated CAD export unioned,Original PDFs/1223.pdf
G7-SA134A,Position Sign - < or > Service Sign with (2) symbols,G7 Service Series,POSITION_SIGN_OR_SERVICE_SIGN_WITH_2_SYMBOLS_G7-SA134A.svg,450x659 mm,"size from the register (450x900 mm; other listed sizes: 600x900); drawn proportions differ from the register size — check; codes on this sheet: G7-SA134A, G7-SA134B",Original PDFs/1470.pdf
G7-SA135-A,Hospital Precinct - Use under R4-1A/B,G7 Service Series,HOSPITAL_PRECINCT_USE_UNDER_R4_1A_B_G7-SA135-A.svg,450x223 mm,size from the register (450x250 mm); drawings paired with codes in reading order,Original PDFs/1499.pdf
G7-SA135-B,Hospital Precinct - Use under R4-1A/B,G7 Service Series,HOSPITAL_PRECINCT_USE_UNDER_R4_1A_B_G7-SA135-B.svg,600x215 mm,size from the register (600x300 mm); drawings paired with codes in reading order; drawn proportions differ from the register size — check,Original PDFs/1499.pdf
G9-9A,Reduce Speed,G9-G11 Traffic Instruction Series,REDUCE_SPEED_G9-9A.svg,1500x636 mm,"size from the register (1500x750 mm; other listed sizes: 450x225, 1800x900); drawn proportions differ from the register size — check; codes on this sheet: G9-9A, G9-9AA, G9-9B",Original PDFs/429.pdf
G9-67-2AA,"Keep Tracks Clear (Approval required for use - refer to Manager, Traffic Services, DPTI)",G9-G11 Traffic Instruction Series,KEEP_TRACKS_CLEAR_APPROVAL_REQUIRED_FOR_USE_REFER_TO_MANAGER_TRAFFIC_SERVICES_DP_G9-67-2AA.svg,300x610 mm,size from the register (300x600 mm),Original PDFs/1243.pdf
G9-83,Long Steep Descent Next 'x' km,G9-G11 Traffic Instruction Series,LONG_STEEP_DESCENT_NEXT_X_KM_G9-83.svg,3000x1874 mm,"size from the register (3000x1800 mm; other listed sizes: 2400x1500); codes on this sheet: G9-83, G9-83AA",Original PDFs/1123.pdf
G9-SA57,"Watch for Bicycles (only to be used in 40, 50 or 60 km/h speed zones where standard size will not fit) ",G9-G11 Traffic Instruction Series,WATCH_FOR_BICYCLES_ONLY_TO_BE_USED_IN_40_50_OR_60_KM_H_SPEED_ZONES_WHERE_STANDAR_G9-SA57.svg,350x552 mm,size from the register (350x550 mm),Original PDFs/1226.pdf
G9-SA57,"Watch for Bicycles (only to be used in 40, 50 or 60 km/h speed zones where standard size will not fit) ",G9-G11 Traffic Instruction Series,WATCH_FOR_BICYCLES_ONLY_TO_BE_USED_IN_40_50_OR_60_KM_H_SPEED_ZONES_WHERE_STANDAR_VAR2_G9-SA57.svg,557x368 mm,no size found on the sheet; drawn at 1:10 — check; background assumed to be a white rectangle (outline drawn as loose strokes) — check; triangulated CAD export unioned,Original PDFs/1226.pdf
G9-SA79D,"Speed Limit AHEAD (Approval required for use - refer to Manager, Traffic Services Section of DIT). See G9-79 B and C for smaller sizes. G9-79A not used in SA.",G9-G11 Traffic Instruction Series,,,no drawing found on the sheet,Original PDFs/1553.pdf
G9-SA101-1A,No Green Arrows 1 Time Period,G9-G11 Traffic Instruction Series,,,no drawing found on the sheet,Original PDFs/469.pdf
G9-SA101-2A,No Green Arrows 2 Time Periods,G9-G11 Traffic Instruction Series,NO_GREEN_ARROWS_2_TIME_PERIODS_G9-SA101-2A.svg,680x670 mm,"size from the register (450x680 mm; other listed sizes: 600x920, 900x1380); drawn proportions differ from the register size — check; codes on this sheet: G9-SA101-2A, G9-SA101-2B, G9-SA101-2C",Original PDFs/470.pdf
G9-SA102,Stop Press Button And Wait For Walk Signal,G9-G11 Traffic Instruction Series,,,no drawing found on the sheet,Original PDFs/471.pdf
G9-SA103,Cyclists Press Button And Wait For Green Bicycle Symbol,G9-G11 Traffic Instruction Series,CYCLISTS_PRESS_BUTTON_AND_WAIT_FOR_GREEN_BICYCLE_SYMBOL_G9-SA103.svg,250x167 mm,size from the register (150x250 mm); drawn proportions differ from the register size — check,Original PDFs/472.pdf
G9-SA104,Heavy Vehicle Route (L or R),G9-G11 Traffic Instruction Series,,,no drawing found on the sheet,Original PDFs/473.pdf
G9-SA105,Heavy Vehicle Route (L or R),G9-G11 Traffic Instruction Series,HEAVY_VEHICLE_ROUTE_L_OR_R_G9-SA105.svg,2100x558 mm,size from the register (2100x600 mm),Original PDFs/474.pdf
G9-SA106,Diagonal Crossing May Be Permitted Cross Only in Direction of Walk Signal,G9-G11 Traffic Instruction Series,,,no drawing found on the sheet,Original PDFs/475.pdf
G9-SA107A,Open Pit,G9-G11 Traffic Instruction Series,OPEN_PIT_G9-SA107A.svg,450x300 mm,"size from the register (450x300 mm; other listed sizes: 600x400, 750x500); codes on this sheet: G9-SA107A, G9-SA107B, G9-SA107C",Original PDFs/1554.pdf
G9-SA108,High Vehicles Use Left Lane,G9-G11 Traffic Instruction Series,HIGH_VEHICLES_USE_LEFT_LANE_G9-SA108.svg,950x1102 mm,size from the register (950x1100 mm),Original PDFs/477.pdf
G9-SA109,High Vehicles Must Use Left / Right Lane,G9-G11 Traffic Instruction Series,HIGH_VEHICLES_MUST_USE_LEFT_RIGHT_LANE_G9-SA109.svg,950x1106 mm,size from the register (950x1100 mm),Original PDFs/478.pdf
G9-SA110,Remember Give Way to Peds Bicycles When Turning - (Temporary Signage Only),G9-G11 Traffic Instruction Series,REMEMBER_GIVE_WAY_TO_PEDS_BICYCLES_WHEN_TURNING_TEMPORARY_SIGNAGE_ONLY_G9-SA110.svg,800x1133 mm,size from the register (800x1120 mm),Original PDFs/1482.pdf
G9-SA111A,Divided Road 'x' km Ahead ,G9-G11 Traffic Instruction Series,DIVIDED_ROAD_X_KM_AHEAD_G9-SA111A.svg,1000x998 mm,"size from the register (1000x1000 mm; other listed sizes: 1400x1400); codes on this sheet: G9-SA111A, G9-SA111B",Original PDFs/479.pdf
G9-SA112A,Distorted Image,G9-G11 Traffic Instruction Series,DISTORTED_IMAGE_G9-SA112A.svg,450x240 mm,"size from the register (450x250 mm; other listed sizes: 750x400); codes on this sheet: G9-SA112A, G9-SA112B",Original PDFs/480.pdf
G9-SA113,In Case of Breakdown Use Emergency Phone,G9-G11 Traffic Instruction Series,,,no drawing found on the sheet,Original PDFs/481.pdf
G9-SA114A,Road Hazard (ONLY to be used under R4-1),G9-G11 Traffic Instruction Series,ROAD_HAZARD_ONLY_TO_BE_USED_UNDER_R4_1_G9-SA114A.svg,450x298 mm,"size from the register (450x300 mm; other listed sizes: 600x400); codes on this sheet: G9-SA114A, G9-SA114B",Original PDFs/1292.pdf
G9-SA115A,No Parking,G9-G11 Traffic Instruction Series,,,no drawing found on the sheet,Original PDFs/482.pdf
G9-SA120A,Do Not Queue Over,G9-G11 Traffic Instruction Series,DO_NOT_QUEUE_OVER_G9-SA120A.svg,600x722 mm,"size from the register (600x750 mm; other listed sizes: 750x900); codes on this sheet: G9-SA120A, G9-SA120B",Original PDFs/483.pdf
G9-SA121,Pedestrians Look Both Ways (Use with W8-SA103 only),G9-G11 Traffic Instruction Series,PEDESTRIANS_LOOK_BOTH_WAYS_USE_WITH_W8_SA103_ONLY_G9-SA121.svg,300x401 mm,size from the register (300x400 mm),Original PDFs/747.pdf
G9-SA122,Sealed Road 'x' km Ahead,G9-G11 Traffic Instruction Series,,,no drawing found on the sheet,Original PDFs/860.pdf
G9-SA123,Sealed Road Next 'x' km,G9-G11 Traffic Instruction Series,,,no drawing found on the sheet,Original PDFs/861.pdf
G9-SA125,High Vehicles Use Centre Lane,G9-G11 Traffic Instruction Series,,,no drawing found on the sheet,Original PDFs/466.pdf
G9-SA126,Overhead Signals 'x.x' m ,G9-G11 Traffic Instruction Series,,,no drawing found on the sheet,Original PDFs/467.pdf
G9-SA127,Pedestrians Push Button And Stand On Yellow Tile,G9-G11 Traffic Instruction Series,,,no drawing found on the sheet,Original PDFs/468.pdf
G9-SA128A,Please Allow Vehicles to Pass (Install under G9-50),G9-G11 Traffic Instruction Series,PLEASE_ALLOW_VEHICLES_TO_PASS_INSTALL_UNDER_G9_50_G9-SA128A.svg,900x805 mm,"size from the register (900x900 mm; other listed sizes: 1200x1200); drawn proportions differ from the register size — check; codes on this sheet: G9-SA128A, G9-SA128B",Original PDFs/1188.pdf
G9-SA129,Speed Limit AHEAD  (Use on Vehicle Mounted Frames only for Mobile Work Sites),G9-G11 Traffic Instruction Series,SPEED_LIMIT_AHEAD_USE_ON_VEHICLE_MOUNTED_FRAMES_ONLY_FOR_MOBILE_WORK_SITES_G9-SA129.svg,1200x450 mm,size from the register (1200x450 mm),Original PDFs/1191.pdf
G9-SA131,Speed Limit AHEAD - Time Based,G9-G11 Traffic Instruction Series,SPEED_LIMIT_AHEAD_TIME_BASED_G9-SA131.svg,450x757 mm,size from the register (450x750 mm),Original PDFs/1203.pdf
G9-SA132,Speed Limit On Side Road - Time Based,G9-G11 Traffic Instruction Series,SPEED_LIMIT_ON_SIDE_ROAD_TIME_BASED_G9-SA132.svg,450x757 mm,size from the register (450x750 mm),Original PDFs/1204.pdf
G9-SA132,Speed Limit On Side Road - Time Based,G9-G11 Traffic Instruction Series,SPEED_LIMIT_ON_SIDE_ROAD_TIME_BASED_VAR2_G9-SA132.svg,680x180 mm,no size found on the sheet; drawn at 1:10 — check; background assumed to be a white rectangle (outline drawn as loose strokes) — check; triangulated CAD export unioned,Original PDFs/1204.pdf
G9-SA133,Speed Limit On Side Road - Time Based,G9-G11 Traffic Instruction Series,SPEED_LIMIT_ON_SIDE_ROAD_TIME_BASED_G9-SA133.svg,450x757 mm,size from the register (450x750 mm),Original PDFs/1205.pdf
G9-SA133,Speed Limit On Side Road - Time Based,G9-G11 Traffic Instruction Series,SPEED_LIMIT_ON_SIDE_ROAD_TIME_BASED_VAR2_G9-SA133.svg,600x180 mm,no size found on the sheet; drawn at 1:10 — check; background assumed to be a white rectangle (outline drawn as loose strokes) — check; triangulated CAD export unioned,Original PDFs/1205.pdf
G9-SA134A,Children Crossing on Side Road (L or R),G9-G11 Traffic Instruction Series,CHILDREN_CROSSING_ON_SIDE_ROAD_L_OR_R_G9-SA134A.svg,450x1055 mm,"size from the register (450x1050 mm; other listed sizes: 600x1400); codes on this sheet: G9-SA134A, G9-SA134B",Original PDFs/1286.pdf
G9-SA135A,U Turn Facility xxx m Ahead,G9-G11 Traffic Instruction Series,U_TURN_FACILITY_XXX_M_AHEAD_G9-SA135A.svg,450x601 mm,"size from the register (450x600 mm; other listed sizes: 900x1200); codes on this sheet: G9-SA135A, G9-SA135B",Original PDFs/1455.pdf
G9-SA136A,U Turn Facility - (L or R),G9-G11 Traffic Instruction Series,U_TURN_FACILITY_L_OR_R_G9-SA136A.svg,450x601 mm,size from the register (450x600 mm),Original PDFs/1456.pdf
G9-SA136A,U Turn Facility - (L or R),G9-G11 Traffic Instruction Series,U_TURN_FACILITY_L_OR_R_VAR2_G9-SA136A.svg,435x586 mm,no size found on the sheet; drawn at 1:10 — check; background assumed to be a white rectangle (outline drawn as loose strokes) — check,Original PDFs/1456.pdf
G9-SA136A,U Turn Facility - (L or R),G9-G11 Traffic Instruction Series,U_TURN_FACILITY_L_OR_R_VAR3_G9-SA136A.svg,510x204 mm,no size found on the sheet; drawn at 1:10 — check; background assumed to be a white rectangle (outline drawn as loose strokes) — check,Original PDFs/1456.pdf
G9-SA138A,"Speed Limit 60 on Side Road, School Days - Timed Based",G9-G11 Traffic Instruction Series,SPEED_LIMIT_60_ON_SIDE_ROAD_SCHOOL_DAYS_TIMED_BASED_G9-SA138A.svg,450x1038 mm,"size from the register (450x1050 mm; other listed sizes: 600x1400); codes on this sheet: G9-SA138A, G9-SA138B",Original PDFs/1489.pdf
G9-SA139A,"Speed Limit 50 on Side Road, School Days - Timed Based",G9-G11 Traffic Instruction Series,SPEED_LIMIT_50_ON_SIDE_ROAD_SCHOOL_DAYS_TIMED_BASED_G9-SA139A.svg,450x1038 mm,"size from the register (450x1050 mm; other listed sizes: 600x1400); codes on this sheet: G9-SA139A, G9-SA139B",Original PDFs/1488.pdf
G9-SA140,Remember Keep Intersection Clear - (Temporary Signage Only),G9-G11 Traffic Instruction Series,REMEMBER_KEEP_INTERSECTION_CLEAR_TEMPORARY_SIGNAGE_ONLY_G9-SA140.svg,600x753 mm,"size from the register (600x750 mm; other listed sizes: 900x1200); codes on this sheet: G9-SA140, G9-SA140C",Original PDFs/1497.pdf
G9-SA141A,All Pedestrians,G9-G11 Traffic Instruction Series,ALL_PEDESTRIANS_G9-SA141A.svg,450x604 mm,size from the register (450x600 mm),Original PDFs/1495.pdf
G9-SA142,'One Vehicle Per Green Each Lane',G9-G11 Traffic Instruction Series,,,no drawing found on the sheet,Original PDFs/1541.pdf
G9-SA143A,"Speed Limit 60 Ahead, School Days - Timed Based",G9-G11 Traffic Instruction Series,SPEED_LIMIT_60_AHEAD_SCHOOL_DAYS_TIMED_BASED_G9-SA143A.svg,450x1038 mm,"size from the register (450x1050 mm; other listed sizes: 600x1400); codes on this sheet: G9-SA143A, G9-SA143B",Original PDFs/1509.pdf
G9-SA144A,"Speed Limit 60 on Side Road, School Days - Timed Based",G9-G11 Traffic Instruction Series,SPEED_LIMIT_60_ON_SIDE_ROAD_SCHOOL_DAYS_TIMED_BASED_G9-SA144A.svg,450x1038 mm,"size from the register (450x1050 mm; other listed sizes: 600x1400); codes on this sheet: G9-SA144A, G9-SA144B",Original PDFs/1510.pdf
G9-SA145A,"Speed Limit 40 Ahead, School Days - Timed Based",G9-G11 Traffic Instruction Series,SPEED_LIMIT_40_AHEAD_SCHOOL_DAYS_TIMED_BASED_G9-SA145A.svg,450x1192 mm,"size from the register (450x1200 mm; other listed sizes: 600x1600); codes on this sheet: G9-SA145A, G9-SA145B",Original PDFs/1503.pdf
G9-SA146A,"Speed Limit 40 on Side Road, School Days - Timed Based",G9-G11 Traffic Instruction Series,SPEED_LIMIT_40_ON_SIDE_ROAD_SCHOOL_DAYS_TIMED_BASED_G9-SA146A.svg,450x1192 mm,"size from the register (450x1200 mm; other listed sizes: 600x1600); codes on this sheet: G9-SA146A, G9-SA146B",Original PDFs/1505.pdf
G9-SA147A,"Speed Limit 40 on Side Road, School Days - Timed Based (Left or Right)",G9-G11 Traffic Instruction Series,SPEED_LIMIT_40_ON_SIDE_ROAD_SCHOOL_DAYS_TIMED_BASED_LEFT_OR_RIGHT_G9-SA147A.svg,450x1192 mm,"size from the register (450x1200 mm; other listed sizes: 600x1600); codes on this sheet: G9-SA147A, G9-SA147B",Original PDFs/1506.pdf
G9-SA148A,"Speed Limit 50 Ahead, School Days - Timed Based",G9-G11 Traffic Instruction Series,SPEED_LIMIT_50_AHEAD_SCHOOL_DAYS_TIMED_BASED_G9-SA148A.svg,450x1038 mm,"size from the register (450x1050 mm; other listed sizes: 600x1400); codes on this sheet: G9-SA148A, G9-SA148B",Original PDFs/1507.pdf
G9-SA149A,"Speed Limit 50 on Side Road, School Days - Timed Based",G9-G11 Traffic Instruction Series,SPEED_LIMIT_50_ON_SIDE_ROAD_SCHOOL_DAYS_TIMED_BASED_G9-SA149A.svg,450x1038 mm,"size from the register (450x1050 mm; other listed sizes: 600x1400); codes on this sheet: G9-SA149A, G9-SA149B",Original PDFs/1508.pdf
G9-SA150,One Vehicle Per Green,G9-G11 Traffic Instruction Series,,,no drawing found on the sheet,Original PDFs/1544.pdf
G9-SA151A,"Speed Limit 60 Ahead, School Days - Time Based",G9-G11 Traffic Instruction Series,SPEED_LIMIT_60_AHEAD_SCHOOL_DAYS_TIME_BASED_G9-SA151A.svg,450x1192 mm,"size from the register (450x1200 mm; other listed sizes: 600x1600); codes on this sheet: G9-SA151A, G9-SA151B",Original PDFs/1557.pdf
G9-SA152A,"Speed limit 60 On Side Road, School Days - Time Based (Left and Right)",G9-G11 Traffic Instruction Series,SPEED_LIMIT_60_ON_SIDE_ROAD_SCHOOL_DAYS_TIME_BASED_LEFT_AND_RIGHT_G9-SA152A.svg,450x1192 mm,"size from the register (450x1200 mm; other listed sizes: 600x1600); codes on this sheet: G9-SA152A, G9-SA152B",Original PDFs/1558.pdf
G9-SA153A,"Speed limit 60 On Side Road, School Days - Time Based (Left or Right)",G9-G11 Traffic Instruction Series,SPEED_LIMIT_60_ON_SIDE_ROAD_SCHOOL_DAYS_TIME_BASED_LEFT_OR_RIGHT_G9-SA153A.svg,450x1192 mm,"size from the register (450x1200 mm; other listed sizes: 600x1600); codes on this sheet: G9-SA153A, G9-SA153B",Original PDFs/1559.pdf
GE6-SA2-1,"Prohibited on Freeway Pedestrians Bicycles Animals Animal Drawn Vehicles Agricultural Vehicles (Approval required for use - refer to Manager, Traffic Services Section of DIT)",Ge6-ge7 Freeway Information Series,PROHIBITED_ON_FREEWAY_PEDESTRIANS_BICYCLES_ANIMALS_ANIMAL_DRAWN_VEHICLES_AGRICUL_GE6-SA2-1.svg,1200x1565 mm,size from the register (1200x1560 mm),Original PDFs/488.pdf
GE6-SA2-2,"Prohibited on Expressway Pedestrians Bicycles Animals Animal Drawn Vehicles Agricultural Vehicles (Approval required for use - refer to Manager, Traffic Services Section of DIT)",Ge6-ge7 Freeway Information Series,PROHIBITED_ON_EXPRESSWAY_PEDESTRIANS_BICYCLES_ANIMALS_ANIMAL_DRAWN_VEHICLES_AGRI_GE6-SA2-2.svg,1200x1565 mm,size from the register (1200x1560 mm),Original PDFs/489.pdf
GE6-SA112,End Expressway  'x' km,Ge6-ge7 Freeway Information Series,END_EXPRESSWAY_X_KM_GE6-SA112.svg,3000x1146 mm,size from the register (3000x1500 mm); drawn proportions differ from the register size — check,Original PDFs/490.pdf
GE6-SA114,Ramp X   Use with R6-SA108,Ge6-ge7 Freeway Information Series,RAMP_X_USE_WITH_R6_SA108_GE6-SA114.svg,1200x300 mm,size from the register (1200x300 mm),Original PDFs/491.pdf
GE6-SA115,Ramp X   (Use with GE2-3),Ge6-ge7 Freeway Information Series,RAMP_X_USE_WITH_GE2_3_GE6-SA115.svg,1800x453 mm,size from the register (1800x450 mm),Original PDFs/492.pdf
GM9-40-2A,Local Traffic Only (Multi-Message Sign ONLY),Gm9 Traffic Instruction Series,LOCAL_TRAFFIC_ONLY_MULTI_MESSAGE_SIGN_ONLY_GM9-40-2A.svg,600x600 mm,size from the register (600x600 mm),Original PDFs/957.pdf
GM9-79D,Speed Limit AHEAD (Multi-Message Sign ONLY),Gm9 Traffic Instruction Series,SPEED_LIMIT_AHEAD_MULTI_MESSAGE_SIGN_ONLY_GM9-79D.svg,600x900 mm,size from the register (600x900 mm),Original PDFs/1019.pdf
GM9-90B,Do Not Overtake (Multi-Message Sign ONLY) (Replaces G9-SA124M),Gm9 Traffic Instruction Series,DO_NOT_OVERTAKE_MULTI_MESSAGE_SIGN_ONLY_REPLACES_G9_SA124M_GM9-90B.svg,1200x300 mm,size from the register (1200x300 mm),Original PDFs/958.pdf
GM9-SA9B,Reduce Speed (Multi-Message Sign ONLY),Gm9 Traffic Instruction Series,REDUCE_SPEED_MULTI_MESSAGE_SIGN_ONLY_GM9-SA9B.svg,1200x300 mm,size from the register (1200x300 mm),Original PDFs/997.pdf
GM9-SA9A,Reduce Speed (Multi-Message Sign ONLY),Gm9 Traffic Instruction Series,REDUCE_SPEED_MULTI_MESSAGE_SIGN_ONLY_GM9-SA9A.svg,600x600 mm,size from the register (600x600 mm),Original PDFs/998.pdf
GM9-SA18A,No Through Road (Multi-Message Sign ONLY),Gm9 Traffic Instruction Series,NO_THROUGH_ROAD_MULTI_MESSAGE_SIGN_ONLY_GM9-SA18A.svg,600x600 mm,size from the register (600x600 mm),Original PDFs/1424.pdf
GM9-SA57A,Watch for Bicycles (Multi-Message Sign ONLY),Gm9 Traffic Instruction Series,WATCH_FOR_BICYCLES_MULTI_MESSAGE_SIGN_ONLY_GM9-SA57A.svg,600x600 mm,size from the register (600x600 mm),Original PDFs/1278.pdf
GM9-SA79A,Speed Limit AHEAD (Multi-Message Sign ONLY),Gm9 Traffic Instruction Series,SPEED_LIMIT_AHEAD_MULTI_MESSAGE_SIGN_ONLY_GM9-SA79A.svg,600x601 mm,size from the register (600x600 mm),Original PDFs/1535.pdf
GM9-SA130A,Car Park Access Only (Multi-Message Sign ONLY),Gm9 Traffic Instruction Series,CAR_PARK_ACCESS_ONLY_MULTI_MESSAGE_SIGN_ONLY_GM9-SA130A.svg,600x600 mm,size from the register (600x600 mm),Original PDFs/1197.pdf
IS123,Bandicoot Symbol (Refer to Traffic Operations Section  of DPTI),Symbol Series,BANDICOOT_SYMBOL_REFER_TO_TRAFFIC_OPERATIONS_SECTION_OF_DPTI_IS123.svg,420x219 mm,size from the register (420x350 mm); drawn proportions differ from the register size — check,Original PDFs/780.pdf
IS134,Duck Symbol (Refer to Traffic Operations Section of DPTI),Symbol Series,DUCK_SYMBOL_REFER_TO_TRAFFIC_OPERATIONS_SECTION_OF_DPTI_IS134.svg,350x367 mm,size from the register (350x350 mm),Original PDFs/781.pdf
IS135,Mallee Fowl Symbol (Refer to Traffic Operations Section  of DPTI),Symbol Series,MALLEE_FOWL_SYMBOL_REFER_TO_TRAFFIC_OPERATIONS_SECTION_OF_DPTI_IS135.svg,350x238 mm,size from the register (350x350 mm); drawn proportions differ from the register size — check,Original PDFs/782.pdf
IS147,Swan Symbol (Refer to Traffic Operations Section of DPTI),Symbol Series,SWAN_SYMBOL_REFER_TO_TRAFFIC_OPERATIONS_SECTION_OF_DPTI_IS147.svg,280x369 mm,size from the register (280x350 mm),Original PDFs/881.pdf
R1-1A,Stop (ARR-56),R1 Movement Series,STOP_ARR_56_DRAWING_R1-1A.svg,600x48 mm,"size from the register (600x600 mm; other listed sizes: 750x750); drawn proportions differ from the register size — check; codes on this sheet: R1-1A, R1-1B",Original PDFs/644.pdf
R1-1A,Stop (ARR-56),R1 Movement Series,STOP_ARR_56_VAR2_R1-1A.svg,1124x103 mm,"no size found on the sheet; drawn at 1:10 — check; codes on this sheet: R1-1A, R1-1B",Original PDFs/644.pdf
R1-1A,Stop (ARR-56),R1 Movement Series,STOP_ARR_56_FOR_STANDARD_R1-1A.svg,997x113 mm,"no size found on the sheet; drawn at 1:10 — check; codes on this sheet: R1-1A, R1-1B",Original PDFs/644.pdf
R1-2A,"Give Way (ARR-67,70,71,122)",,,,same sheet as R1-1A; its drawings are filed there (symbols not told apart on an all-outlined sheet — check),Original PDFs/3.pdf
R1-3A,Roundabout (ARR-109),,,,same sheet as R1-1A; its drawings are filed there (symbols not told apart on an all-outlined sheet — check),Original PDFs/4.pdf
R2-2A,One Way (L or R) (ARR-98),,,,same sheet as R1-1A; its drawings are filed there (symbols not told apart on an all-outlined sheet — check),Original PDFs/654.pdf
R2-5A,No U Turn (ARR-39),R2 Direction Series,NO_U_TURN_ARR_39_R2-5A.svg,450x454 mm,"size from the register (450x450 mm; other listed sizes: 300x300, 600x600, 750x750, 900x900); codes on this sheet: R2-5A, R2-5AA, R2-5B, R2-5C, R2-5D",Original PDFs/9.pdf
R2-6A,No Right Turn or No Left Turn (ARR-91),R2 Direction Series,NO_RIGHT_TURN_OR_NO_LEFT_TURN_ARR_91_R2-6A.svg,450x454 mm,"size from the register (450x450 mm; other listed sizes: 300x300, 600x600, 750x750, 900x900); codes on this sheet: R2-6A, R2-6AA, R2-6B, R2-6C, R2-6D",Original PDFs/684.pdf
R2-6A,No Right Turn or No Left Turn (ARR-91),R2 Direction Series,NO_RIGHT_TURN_OR_NO_LEFT_TURN_ARR_91_VAR2_R2-6A.svg,587x587 mm,"no size found on the sheet; drawn at 1:10 — check; triangulated CAD export unioned; codes on this sheet: R2-6A, R2-6AA, R2-6B, R2-6C, R2-6D",Original PDFs/684.pdf
R2-7A,No Turns (ARR-98),R2 Direction Series,NO_TURNS_ARR_98_R2-7A.svg,450x597 mm,"size from the register (450x600 mm; other listed sizes: 300x400, 600x800); codes on this sheet: R2-7A, R2-7AA, R2-7B",Original PDFs/685.pdf
R2-9A,Left Lane Must Turn Left and Right Lane Must Turn Right (L or R) (ARR-88),R2 Direction Series,LEFT_LANE_MUST_TURN_LEFT_AND_RIGHT_LANE_MUST_TURN_RIGHT_L_OR_R_ARR_88_R2-9A.svg,450x743 mm,"size from the register (450x750 mm; other listed sizes: 300x500, 600x1000, 900x1500); codes on this sheet: R2-9A, R2-9AA, R2-9B, R2-9C",Original PDFs/12.pdf
R2-9A,Left Lane Must Turn Left and Right Lane Must Turn Right (L or R) (ARR-88),R2 Direction Series,LEFT_LANE_MUST_TURN_LEFT_AND_RIGHT_LANE_MUST_TURN_RIGHT_L_OR_R_ARR_88_VAR2_R2-9A.svg,450x753 mm,"no size found on the sheet; drawn at 1:10 — check; triangulated CAD export unioned; codes on this sheet: R2-9A, R2-9AA, R2-9B, R2-9C",Original PDFs/12.pdf
R2-15A,"U Turn Permitted (Approval required for use - refer to Manager, Traffic Services, DPTI) (ARR-40)",R2 Direction Series,U_TURN_PERMITTED_APPROVAL_REQUIRED_FOR_USE_REFER_TO_MANAGER_TRAFFIC_SERVICES_DPT_R2-15A.svg,450x594 mm,"size from the register (450x600 mm; other listed sizes: 300x400, 600x800); codes on this sheet: R2-15A, R2-15AA, R2-15B",Original PDFs/18.pdf
R2-21,"Right Turn From Left Only (Used in R2-SA62) (Approval required for use - refer to Manager, Traffic Services, DPTI) (ARR-34)",R2 Direction Series,RIGHT_TURN_FROM_LEFT_ONLY_USED_IN_R2_SA62_APPROVAL_REQUIRED_FOR_USE_REFER_TO_MAN_R2-21.svg,800x1057 mm,"size from the register (800x1100 mm; other listed sizes: 300x400); codes on this sheet: R2-21, R2-21AA",Original PDFs/690.pdf
R2-SA3,Keep Left (used ONLY where back to back median is installed) ,R2 Direction Series,KEEP_LEFT_USED_ONLY_WHERE_BACK_TO_BACK_MEDIAN_IS_INSTALLED_R2-SA3.svg,150x1124 mm,size from the register (150x1150 mm),Original PDFs/1301.pdf
R2-SA50A,Left Lane Must Turn Left Buses & Bicycles Excepted,R2 Direction Series,LEFT_LANE_MUST_TURN_LEFT_BUSES_BICYCLES_EXCEPTED_R2-SA50A.svg,450x1046 mm,"size from the register (450x1050 mm; other listed sizes: 600x1400); codes on this sheet: R2-SA50A, R2-SA50B",Original PDFs/673.pdf
R2-SA51-1A,No Right Turn with single time period Mon - Frid,R2 Direction Series,NO_RIGHT_TURN_WITH_SINGLE_TIME_PERIOD_MON_FRID_R2-SA51-1A.svg,450x750 mm,"size from the register (450x750 mm; other listed sizes: 600x1000, 900x1500, 300x500); codes on this sheet: R2-SA51-1A, R2-SA51-1B, R2-SA51-1C, R2-SA51-1S",Original PDFs/27.pdf
R2-SA51-2A,No Right Turn with two time periods Mon - Fri,R2 Direction Series,NO_RIGHT_TURN_WITH_TWO_TIME_PERIODS_MON_FRI_R2-SA51-2A.svg,450x900 mm,"size from the register (450x900 mm; other listed sizes: 600x1200, 900x1800, 300x600); codes on this sheet: R2-SA51-2A, R2-SA51-2B, R2-SA51-2C, R2-SA51-2S",Original PDFs/28.pdf
R2-SA57,Right Lane Buses Only,R2 Direction Series,RIGHT_LANE_BUSES_ONLY_R2-SA57.svg,600x750 mm,size from the register (600x750 mm),Original PDFs/31.pdf
R2-SA60-1A,No U Turn with single time period Mon - Fri,R2 Direction Series,NO_U_TURN_WITH_SINGLE_TIME_PERIOD_MON_FRI_R2-SA60-1A.svg,450x750 mm,"size from the register (450x750 mm; other listed sizes: 300x500, 600x1000, 900x1500); codes on this sheet: R2-SA60-1A, R2-SA60-1AA, R2-SA60-1B, R2-SA60-1C",Original PDFs/32.pdf
R2-SA60-2A,No U Turn with two time periods Mon - Fri,R2 Direction Series,NO_U_TURN_WITH_TWO_TIME_PERIODS_MON_FRI_R2-SA60-2A.svg,450x900 mm,"size from the register (450x900 mm; other listed sizes: 300x600, 600x1200, 900x1800); codes on this sheet: R2-SA60-2A, R2-SA60-2AA, R2-SA60-2B, R2-SA60-2C",Original PDFs/33.pdf
R2-SA61,"Right Turn From Left Only Adelaide Metro Buses Only without Times (Approval required for use - refer to Manager, Traffic Services, DPTI)",R2 Direction Series,RIGHT_TURN_FROM_LEFT_ONLY_ADELAIDE_METRO_BUSES_ONLY_WITHOUT_TIMES_APPROVAL_REQUI_R2-SA61.svg,300x700 mm,size from the register (300x700 mm),Original PDFs/691.pdf
R2-SA62,"Right Turn From Left Only Adelaide Metro Buses Only with Times (Approval required for use - refer to Manager, Traffic Services, DPTI)",R2 Direction Series,,,no drawing found on the sheet,Original PDFs/34.pdf
R2-SA101,No Entry-Emergency & Maintenance Vehicles Excepted Gate X,R2 Direction Series,NO_ENTRY_EMERGENCY_MAINTENANCE_VEHICLES_EXCEPTED_GATE_X_R2-SA101.svg,900x597 mm,size from the register (900x600 mm),Original PDFs/35.pdf
R2-SA101,No Entry-Emergency & Maintenance Vehicles Excepted Gate X,R2 Direction Series,NO_ENTRY_EMERGENCY_MAINTENANCE_VEHICLES_EXCEPTED_GATE_X_VAR2_R2-SA101.svg,596x325 mm,no size found on the sheet; drawn at 1:10 — check,Original PDFs/35.pdf
R2-SA102,Left Turn (Right Turn) Give Way To Pedestrians & Cyclists (Replaces R2-10) ,R2 Direction Series,LEFT_TURN_RIGHT_TURN_GIVE_WAY_TO_PEDESTRIANS_CYCLISTS_REPLACES_R2_10_R2-SA102.svg,750x751 mm,size from the register (750x750 mm),Original PDFs/636.pdf
R2-SA103A,No Entry To Busway,R2 Direction Series,NO_ENTRY_TO_BUSWAY_R2-SA103A.svg,600x919 mm,"size from the register (600x960 mm; other listed sizes: 750x1200, 900x1440); codes on this sheet: R2-SA103A, R2-SA103B, R2-SA103C",Original PDFs/37.pdf
R3-SA56A,Koala Pedestrian Crossing . Formerly R4-SA56 (ARR-80),R3 Pedestrian Series,KOALA_PEDESTRIAN_CROSSING_FORMERLY_R4_SA56_ARR_80_R3-SA56A.svg,1200x1200 mm,"size from the register (450x1200 mm; other listed sizes: 600x1600); drawn proportions differ from the register size — check; codes on this sheet: R3-SA56A, R3-SA56B",Original PDFs/44.pdf
R3-SA57A,Children Crossing - 25 When Lights Flashing,R3 Pedestrian Series,CHILDREN_CROSSING_25_WHEN_LIGHTS_FLASHING_R3-SA57A.svg,650x1301 mm,"size from the register (650x1400 mm; other listed sizes: 800x1800); drawn proportions differ from the register size — check; codes on this sheet: R3-SA57A, R3-SA57B",Original PDFs/1527.pdf
R3-SA58A,School Zone Speed Limit. Formerly R4-SA58 (ARR-23),R3 Pedestrian Series,SCHOOL_ZONE_SPEED_LIMIT_FORMERLY_R4_SA58_ARR_23_R3-SA58A.svg,450x493 mm,size from the register (450x1555 mm); drawings paired with codes in reading order; drawn proportions differ from the register size — check,Original PDFs/45.pdf
R3-SA58B,School Zone Speed Limit. Formerly R4-SA58 (ARR-23),R3 Pedestrian Series,SCHOOL_ZONE_SPEED_LIMIT_FORMERLY_R4_SA58_ARR_23_R3-SA58B.svg,2070x2069 mm,size from the register (600x2070 mm); drawings paired with codes in reading order; drawn proportions differ from the register size — check,Original PDFs/45.pdf
R4-1A,"Speed Restriction (Approval required for use - refer to Manager, Traffic Services Section DIT) (ARR-21,316)",R4 Speed Series,SPEED_RESTRICTION_APPROVAL_REQUIRED_FOR_USE_REFER_TO_MANAGER_TRAFFIC_SERVICES_SE_R4-1A.svg,450x450 mm,"size from the register (450x600 mm; other listed sizes: 600x800, 900x1200, 1200x1600); drawn proportions differ from the register size — check; codes on this sheet: R4-1A, R4-1B, R4-1C, R4-1D",Original PDFs/47.pdf
R4-12B,"End Speed Restriction (Approval required for use - refer to Manager, Traffic Services Section of DIT) (ARR-21)",R4 Speed Series,,,no drawing found on the sheet,Original PDFs/56.pdf
R4-14(Illus.),You Are Within A 40 Area,R4 Speed Series,YOU_ARE_WITHIN_A_40_AREA_R4-14(Illus.).svg,450x450 mm,size from the register (450x750 mm); drawn proportions differ from the register size — check,Original PDFs/1459.pdf
R4-SA59A,End School Zone Speed Limit (ARR-23),R4 Speed Series,END_SCHOOL_ZONE_SPEED_LIMIT_ARR_23_R4-SA59A.svg,450x450 mm,"size from the register (450x900 mm; other listed sizes: 600x1200); drawn proportions differ from the register size — check; codes on this sheet: R4-SA59A, R4-SA59B",Original PDFs/57.pdf
R4-SA60A,End School Zone (km/h) Area,R4 Speed Series,END_SCHOOL_ZONE_KM_H_AREA_R4-SA60A.svg,450x450 mm,size from the register (450x900 mm); drawings paired with codes in reading order; drawn proportions differ from the register size — check,Original PDFs/58.pdf
R4-SA60B,End School Zone (km/h) Area,R4 Speed Series,END_SCHOOL_ZONE_KM_H_AREA_R4-SA60B.svg,1200x294 mm,size from the register (600x1200 mm); drawings paired with codes in reading order; drawn proportions differ from the register size — check,Original PDFs/58.pdf
R4-SA61A,"End School Zone - End (km/h) Area (Approval required for use - refer to Manager, Traffic Services, DPTI)",R4 Speed Series,,,no drawing found on the sheet,Original PDFs/1196.pdf
R4-SA100,Speed Limit - Line Marking (Use on Vehicle Mounted Frames only for Mobile Work Sites),R4 Speed Series,SPEED_LIMIT_LINE_MARKING_USE_ON_VEHICLE_MOUNTED_FRAMES_ONLY_FOR_MOBILE_WORK_SITE_R4-SA100.svg,1200x720 mm,size from the register (1200x450 mm); drawn proportions differ from the register size — check,Original PDFs/1189.pdf
R4-SA101,End Speed Limit  (Use on Vehicle Mounted Frames only for Mobile Work Sites),R4 Speed Series,END_SPEED_LIMIT_USE_ON_VEHICLE_MOUNTED_FRAMES_ONLY_FOR_MOBILE_WORK_SITES_R4-SA101.svg,1200x450 mm,size from the register (1200x450 mm),Original PDFs/1190.pdf
R4-SA102,Speed Limit - Time Based,R4 Speed Series,SPEED_LIMIT_TIME_BASED_R4-SA102.svg,650x650 mm,size from the register (450x650 mm); drawn proportions differ from the register size — check,Original PDFs/1202.pdf
R4-SA105A,School Speed Limit 40 - Time Based School Days.,R4 Speed Series,SCHOOL_SPEED_LIMIT_40_TIME_BASED_SCHOOL_DAYS_R4-SA105A.svg,450x450 mm,size from the register (450x1350 mm); drawings paired with codes in reading order; drawn proportions differ from the register size — check,Original PDFs/1526.pdf
R4-SA105B,School Speed Limit 40 - Time Based School Days.,R4 Speed Series,SCHOOL_SPEED_LIMIT_40_TIME_BASED_SCHOOL_DAYS_R4-SA105B.svg,600x855 mm,size from the register (600x1800 mm); drawings paired with codes in reading order; drawn proportions differ from the register size — check,Original PDFs/1526.pdf
R4-SA109,End 30 Area - Refer to R4-13,R4 Speed Series,END_30_AREA_REFER_TO_R4_13_R4-SA109.svg,200x200 mm,size from the register (600x200 mm); drawn proportions differ from the register size — check,Original PDFs/1550.pdf
R4-SA110A,"R4-SA110 - School Speed Limit, School Days - Time Based",R4 Speed Series,R4_SA110_SCHOOL_SPEED_LIMIT_SCHOOL_DAYS_TIME_BASED_R4-SA110A.svg,450x450 mm,size from the register (450x1350 mm); drawings paired with codes in reading order; drawn proportions differ from the register size — check,Original PDFs/1556.pdf
R4-SA110B,"R4-SA110 - School Speed Limit, School Days - Time Based",R4 Speed Series,R4_SA110_SCHOOL_SPEED_LIMIT_SCHOOL_DAYS_TIME_BASED_R4-SA110B.svg,600x855 mm,size from the register (600x1800 mm); drawings paired with codes in reading order; drawn proportions differ from the register size — check,Original PDFs/1556.pdf
R5-2,Event Parking (Generic sign code only),R5 Parking Series,,,no drawing found on the sheet,Original PDFs/1151.pdf
R5-10,Accessible Parking (Generic sign code only),R5 Parking Series,,,no drawing found on the sheet,Original PDFs/1221.pdf
R5-39A,Tow Away Zone (Requires approval from Manager Traffic Services DIT),R5 Parking Series,TOW_AWAY_ZONE_REQUIRES_APPROVAL_FROM_MANAGER_TRAFFIC_SERVICES_DIT_R5-39A.svg,600x195 mm,"size from the register (600x225 mm; other listed sizes: 900x337); codes on this sheet: R5-39A, R5-39B",Original PDFs/1451.pdf
R5-41,No Parking - During Stadium Events (Generic sign code only),R5 Parking Series,,,no drawing found on the sheet,Original PDFs/1152.pdf
R5-71A,No Stopping Area - 1 Time (not used on DPTI maintained Rd's) (ARR-167),R5 Parking Series,NO_STOPPING_AREA_1_TIME_NOT_USED_ON_DPTI_MAINTAINED_RD_S_ARR_167_R5-71A.svg,600x807 mm,"size from the register (600x800 mm; other listed sizes: 450x600, 900x1200); codes on this sheet: R5-71A, R5-71AA, R5-71B",Original PDFs/71.pdf
R5-71A,No Stopping Area - 1 Time (not used on DPTI maintained Rd's) (ARR-167),R5 Parking Series,NO_STOPPING_AREA_1_TIME_NOT_USED_ON_DPTI_MAINTAINED_RD_S_ARR_167_VAR2_R5-71A.svg,540x540 mm,"no size found on the sheet; drawn at 1:10 — check; triangulated CAD export unioned; codes on this sheet: R5-71A, R5-71AA, R5-71B",Original PDFs/71.pdf
R5-SA40L,R5-SA40L,R5 Parking Series,,,no drawing found on the sheet,Original PDFs/1560.pdf
R5-SA40R,R5-SA40R,R5 Parking Series,,,no drawing found on the sheet,Original PDFs/1561.pdf
R5-SA40,R5-SA40,R5 Parking Series,,,no drawing found on the sheet,Original PDFs/1562.pdf
R5-SA46-1,Clearway - One Time Period,R5 Parking Series,CLEARWAY_ONE_TIME_PERIOD_R5-SA46-1.svg,225x311 mm,size from the register (225x300 mm),Original PDFs/1208.pdf
R5-SA46-2,Clearway - Two Time Periods,R5 Parking Series,CLEARWAY_TWO_TIME_PERIODS_R5-SA46-2.svg,450x320 mm,size from the register (225x450 mm); drawn proportions differ from the register size — check,Original PDFs/1209.pdf
R5-SA100-1N,Part Time Bus Lane / Parking - One Time Period,R5 Parking Series,PART_TIME_BUS_LANE_PARKING_ONE_TIME_PERIOD_R5-SA100-1N.svg,225x556 mm,size from the register (225x600 mm); drawn proportions differ from the register size — check,Original PDFs/74.pdf
R5-SA100-2N,Part Time Bus Lane / Parking - Two Time Periods,R5 Parking Series,PART_TIME_BUS_LANE_PARKING_TWO_TIME_PERIODS_R5-SA100-2N.svg,225x751 mm,size from the register (225x800 mm); drawn proportions differ from the register size — check,Original PDFs/75.pdf
R5-SA100-1W,Part Time Bus Lane / Parking - One Time Period,R5 Parking Series,,,no drawing found on the sheet,Original PDFs/920.pdf
R5-SA100-2W,Part Time Bus Lane / Parking - Two Time Periods,R5 Parking Series,PART_TIME_BUS_LANE_PARKING_TWO_TIME_PERIODS_R5-SA100-2W.svg,450x389 mm,size from the register (450x450 mm); drawn proportions differ from the register size — check,Original PDFs/1109.pdf
R5-SA100-2W,Part Time Bus Lane / Parking - Two Time Periods,R5 Parking Series,PART_TIME_BUS_LANE_PARKING_TWO_TIME_PERIODS_VAR2_R5-SA100-2W.svg,399x283 mm,no size found on the sheet; drawn at 1:10 — check; background assumed to be a white rectangle (outline drawn as loose strokes) — check,Original PDFs/1109.pdf
R5-SA101-1N,Part Time Bicycle Lane / Parking - One Time Period,R5 Parking Series,PART_TIME_BICYCLE_LANE_PARKING_ONE_TIME_PERIOD_R5-SA101-1N.svg,225x560 mm,size from the register (225x600 mm); drawn proportions differ from the register size — check,Original PDFs/77.pdf
R5-SA101-2N,Part Time Bicycle Lane / Parking - Two Time Periods,R5 Parking Series,PART_TIME_BICYCLE_LANE_PARKING_TWO_TIME_PERIODS_R5-SA101-2N.svg,225x750 mm,size from the register (225x800 mm); drawn proportions differ from the register size — check,Original PDFs/78.pdf
R5-SA101-1W,Part Time Bicycle Lane / Parking - One Time Period,R5 Parking Series,,,no drawing found on the sheet,Original PDFs/921.pdf
R5-SA101-2W,Part Time Bicycle Lane / Parking - Two Time Periods,R5 Parking Series,PART_TIME_BICYCLE_LANE_PARKING_TWO_TIME_PERIODS_R5-SA101-2W.svg,450x389 mm,size from the register (450x450 mm); drawn proportions differ from the register size — check,Original PDFs/1110.pdf
R5-SA101-2W,Part Time Bicycle Lane / Parking - Two Time Periods,R5 Parking Series,PART_TIME_BICYCLE_LANE_PARKING_TWO_TIME_PERIODS_VAR2_R5-SA101-2W.svg,399x283 mm,no size found on the sheet; drawn at 1:10 — check; background assumed to be a white rectangle (outline drawn as loose strokes) — check,Original PDFs/1110.pdf
R5-SA102,Bicycle Lane - Two time periods,R5 Parking Series,,,no drawing found on the sheet,Original PDFs/1444.pdf
R5-SA163,Parking Permitted In This Bay During Clearway Period,R5 Parking Series,PARKING_PERMITTED_IN_THIS_BAY_DURING_CLEARWAY_PERIOD_R5-SA163.svg,225x391 mm,size from the register (225x300 mm); drawn proportions differ from the register size — check,Original PDFs/80.pdf
R5-SA164,Parking (any time period) Permitted In This Bay At All Times,R5 Parking Series,,,no drawing found on the sheet,Original PDFs/81.pdf
R5-SA165,No Stopping When Lights Flashing,R5 Parking Series,,,no drawing found on the sheet,Original PDFs/82.pdf
R5-SA166,X P Trucks Only Times,R5 Parking Series,,,no drawing found on the sheet,Original PDFs/83.pdf
R5-SA167,No Parking / No Stopping - EV Electric Vehicles Excepted,R5 Parking Series,NO_PARKING_NO_STOPPING_EV_ELECTRIC_VEHICLES_EXCEPTED_R5-SA167.svg,225x340 mm,size from the register (225x450 mm); drawn proportions differ from the register size — check,Original PDFs/1085.pdf
R5-SA167,No Parking / No Stopping - EV Electric Vehicles Excepted,R5 Parking Series,NO_PARKING_NO_STOPPING_EV_ELECTRIC_VEHICLES_EXCEPTED_VAR2_R5-SA167.svg,319x825 mm,no size found on the sheet; drawn at 1:10 — check,Original PDFs/1085.pdf
R5-SA168,No Stopping Maintenance Vehicles Excepted,R5 Parking Series,,,no drawing found on the sheet,Original PDFs/1548.pdf
R6-7A,"Hand Stop Banner Koala Pedestrian Crossing (double sided) ('AA' size used only at crossings)(ARR-80,101)",R6 Miscellaneous Series,HAND_STOP_BANNER_KOALA_PEDESTRIAN_CROSSING_DOUBLE_SIDED_AA_SIZE_USED_ONLY_AT_CRO_R6-7A.svg,450x450 mm,"size from the register (450x450 mm; other listed sizes: 375x375, 600x600); codes on this sheet: R6-7A, R6-7AA, R6-7B",Original PDFs/91.pdf
R6-25,Railway Crossing Position With Target Board Formerly W7-6 Replaced by Rail Auth. ONLY (ARR-120),R6 Miscellaneous Series,RAILWAY_CROSSING_POSITION_WITH_TARGET_BOARD_FORMERLY_W7_6_REPLACED_BY_RAIL_AUTH__R6-25.svg,1350x900 mm,"size from the register (1350x900 mm; other listed sizes: 1500x1000); codes on this sheet: R6-25, R6-25C",Original PDFs/111.pdf
R6-SA12,Clearance x.x m,R6 Miscellaneous Series,,,no drawing found on the sheet,Original PDFs/1442.pdf
R6-SA13,"No Pedestrians Bicycles Animals Agricultural Vehicles Beyond This Point. Also refer to R6-SA101 (Approval required for use - refer to Manager, Traffic Services Section of DIT) (ARR-97,229)",R6 Miscellaneous Series,NO_PEDESTRIANS_BICYCLES_ANIMALS_AGRICULTURAL_VEHICLES_BEYOND_THIS_POINT_ALSO_REF_R6-SA13.svg,1200x1965 mm,size from the register (1200x1950 mm),Original PDFs/1564.pdf
R6-SA66,Fishing From Bridge Prohibited,R6 Miscellaneous Series,,,no drawing found on the sheet,Original PDFs/119.pdf
R6-SA67,Adelaide Metro Buses Only,R6 Miscellaneous Series,,,no drawing found on the sheet,Original PDFs/120.pdf
R6-SA68,Adelaide Metro Buses Excepted,R6 Miscellaneous Series,,,no drawing found on the sheet,Original PDFs/677.pdf
R6-SA101,"No Peds Bicycles Animals Small Wheeled Vehicles Beyond This Point Except In Emergency (ARR-97,229) At Gates only",R6 Miscellaneous Series,NO_PEDS_BICYCLES_ANIMALS_SMALL_WHEELED_VEHICLES_BEYOND_THIS_POINT_EXCEPT_IN_EMER_R6-SA101.svg,300x594 mm,size from the register (300x600 mm),Original PDFs/121.pdf
R6-SA102,Fishing From Causeway Prohibited,R6 Miscellaneous Series,,,no drawing found on the sheet,Original PDFs/122.pdf
R6-SA103,"Skaters Permitted (Approval required for use - refer to Manager, Traffic Services, DPTI)",R6 Miscellaneous Series,,,no drawing found on the sheet,Original PDFs/123.pdf
R6-SA104,"All Skaters Prohibited (Approval required for use - refer to Manager, Traffic Services, DPTI)",R6 Miscellaneous Series,ALL_SKATERS_PROHIBITED_APPROVAL_REQUIRED_FOR_USE_REFER_TO_MANAGER_TRAFFIC_SERVIC_R6-SA104.svg,300x286 mm,size from the register (225x300 mm); drawn proportions differ from the register size — check,Original PDFs/124.pdf
R6-SA105A,Next 'x'km (mounted under R6-22),R6 Miscellaneous Series,NEXT_X_KM_MOUNTED_UNDER_R6_22_R6-SA105A.svg,1200x369 mm,"size from the register (1200x370 mm; other listed sizes: 900x280, 1440x450, 1800x560); codes on this sheet: R6-SA105A, R6-SA105AA, R6-SA105B, R6-SA105C",Original PDFs/125.pdf
R6-SA106A,Next XXXm (mounted under R6-22),R6 Miscellaneous Series,,,no drawing found on the sheet,Original PDFs/641.pdf
R6-SA107A,"End Expressway/Freeway (ARR-97,177)",R6 Miscellaneous Series,END_EXPRESSWAY_FREEWAY_ARR_97_177_R6-SA107A.svg,900x370 mm,"size from the register (900x450 mm; other listed sizes: 1800x900); drawn proportions differ from the register size — check; codes on this sheet: R6-SA107A, R6-SA107B",Original PDFs/642.pdf
R6-SA108A,Start Expressway/Freeway (ARR-177),R6 Miscellaneous Series,START_EXPRESSWAY_FREEWAY_ARR_177_R6-SA108A.svg,1200x441 mm,size from the register (1200x600 mm); drawings paired with codes in reading order; drawn proportions differ from the register size — check,Original PDFs/126.pdf
R6-SA108B,Start Expressway/Freeway (ARR-177),R6 Miscellaneous Series,START_EXPRESSWAY_FREEWAY_ARR_177_R6-SA108B.svg,1800x257 mm,size from the register (1800x900 mm); drawings paired with codes in reading order; drawn proportions differ from the register size — check,Original PDFs/126.pdf
R6-SA109A,End - Wheeled Recreational Devices Not Permitted,R6 Miscellaneous Series,END_WHEELED_RECREATIONAL_DEVICES_NOT_PERMITTED_R6-SA109A.svg,450x496 mm,"size from the register (450x520 mm; other listed sizes: 225x260); codes on this sheet: R6-SA109A, R6-SA109AA",Original PDFs/1542.pdf
R6-SA110A,Wheeled Recreational Devices Not Permitted,R6 Miscellaneous Series,WHEELED_RECREATIONAL_DEVICES_NOT_PERMITTED_R6-SA110A.svg,450x439 mm,"size from the register (450x450 mm; other listed sizes: 225x210); codes on this sheet: R6-SA110A, R6-SA110AA",Original PDFs/1543.pdf
R6-SA111A,'Wheeled Recreational Devices Not Permitted On Footpath',R6 Miscellaneous Series,WHEELED_RECREATIONAL_DEVICES_NOT_PERMITTED_ON_FOOTPATH_R6-SA111A.svg,450x498 mm,"size from the register (450x520 mm; other listed sizes: 225x260); codes on this sheet: R6-SA111A, R6-SA111AA",Original PDFs/1555.pdf
R7-1-5B,"Tram Lane (Approval required for use - refer to Manager, Traffic Services, DPTI) (ARR-155)",R7 Exclusive Use Lane Series,TRAM_LANE_APPROVAL_REQUIRED_FOR_USE_REFER_TO_MANAGER_TRAFFIC_SERVICES_DPTI_ARR_1_R7-1-5B.svg,450x604 mm,"size from the register (450x600 mm; other listed sizes: 600x800, 900x1200); codes on this sheet: R7-1-5B, R7-1-5C, R7-1-5D",Original PDFs/131.pdf
R7-1-5B,"Tram Lane (Approval required for use - refer to Manager, Traffic Services, DPTI) (ARR-155)",R7 Exclusive Use Lane Series,TRAM_LANE_APPROVAL_REQUIRED_FOR_USE_REFER_TO_MANAGER_TRAFFIC_SERVICES_DPTI_ARR_1_VAR2_R7-1-5B.svg,750x400 mm,"no size found on the sheet; drawn at 1:10 — check; background assumed to be a white rectangle (outline drawn as loose strokes) — check; triangulated CAD export unioned; codes on this sheet: R7-1-5B, R7-1-5C, R7-1-5D",Original PDFs/131.pdf
R7-SA2A,Ahead (Also see R7-2),R7 Exclusive Use Lane Series,,,no drawing found on the sheet,Original PDFs/695.pdf
R7-SA4,End,R7 Exclusive Use Lane Series,,,no drawing found on the sheet,Original PDFs/1113.pdf
R7-SA100A,'xxx' m Ahead  (For use with R6-22),R7 Exclusive Use Lane Series,,,no drawing found on the sheet,Original PDFs/1149.pdf
R8-SA100,Pedestrian Cyclist and Horses,R8 Bicycle/pedestrian Series,PEDESTRIAN_CYCLIST_AND_HORSES_R8-SA100.svg,300x674 mm,size from the register (300x675 mm),Original PDFs/947.pdf
R9-1-1A,Times of operation module - single time period,R9 Auxiliary Regulatory Series,TIMES_OF_OPERATION_MODULE_SINGLE_TIME_PERIOD_R9-1-1A.svg,450x300 mm,"size from the register (450x300 mm; other listed sizes: 300x200, 600x450, 900x600, 1200x800); codes on this sheet: R9-1-1A, R9-1-1AA, R9-1-1B, R9-1-1C, R9-1-1D",Original PDFs/147.pdf
R9-1-2A,Times of operation Module - two time periods,R9 Auxiliary Regulatory Series,TIMES_OF_OPERATION_MODULE_TWO_TIME_PERIODS_R9-1-2A.svg,450x450 mm,"size from the register (450x450 mm; other listed sizes: 300x300, 600x600, 900x900, 1200x1200); codes on this sheet: R9-1-2A, R9-1-2AA, R9-1-2B, R9-1-2C, R9-1-2D",Original PDFs/148.pdf
R9-2A,Buses Excepted (Use with R2-9),R9 Auxiliary Regulatory Series,,,no drawing found on the sheet,Original PDFs/150.pdf
R9-3A,Bicycles Excepted (Use with R2-9),R9 Auxiliary Regulatory Series,,,no drawing found on the sheet,Original PDFs/151.pdf
R9-4A,Authorised Authorized Vehicles Excepted (application Road Traffic Act Regulations ONLY),R9 Auxiliary Regulatory Series,AUTHORISED_AUTHORIZED_VEHICLES_EXCEPTED_APPLICATION_ROAD_TRAFFIC_ACT_REGULATIONS_R9-4A.svg,450x297 mm,"size from the register (450x300 mm; other listed sizes: 600x400, 750x500); codes on this sheet: R9-4A, R9-4B, R9-4C",Original PDFs/152.pdf
R9-SA50A,Police Vehicles Excepted,R9 Auxiliary Regulatory Series,,,no drawing found on the sheet,Original PDFs/155.pdf
R9-SA51A,Ambulances Excepted,R9 Auxiliary Regulatory Series,,,no drawing found on the sheet,Original PDFs/156.pdf
R9-SA52A,High Vehicles Excepted,R9 Auxiliary Regulatory Series,,,no drawing found on the sheet,Original PDFs/157.pdf
R9-SA53-2A,"AT - (Three lines-name of road ) install in advance of intersection with R2-5, R2-6, R2-7, R2-9 only",R9 Auxiliary Regulatory Series,AT_THREE_LINES_NAME_OF_ROAD_INSTALL_IN_ADVANCE_OF_INTERSECTION_WITH_R2_5_R2_6_R2_R9-SA53-2A.svg,450x450 mm,"size from the register (450x450 mm; other listed sizes: 600x600, 750x750); codes on this sheet: R9-SA53-2A, R9-SA53-2B, R9-SA53-2C",Original PDFs/159.pdf
R9-SA54A,Emergency and Maintenance Vehicles Excepted (application Road Traffic Act Regulations ONLY),R9 Auxiliary Regulatory Series,EMERGENCY_AND_MAINTENANCE_VEHICLES_EXCEPTED_APPLICATION_ROAD_TRAFFIC_ACT_REGULAT_R9-SA54A.svg,450x450 mm,"size from the register (450x450 mm; other listed sizes: 600x600, 750x750); codes on this sheet: R9-SA54A, R9-SA54B, R9-SA54C",Original PDFs/160.pdf
R9-SA55-2A,"TO - (Three lines-name of road) installed at intersection with R2-5,R2-6, R2-7, R2-9 only",R9 Auxiliary Regulatory Series,TO_THREE_LINES_NAME_OF_ROAD_INSTALLED_AT_INTERSECTION_WITH_R2_5_R2_6_R2_7_R2_9_O_R9-SA55-2A.svg,450x450 mm,"size from the register (450x450 mm; other listed sizes: 600x600, 750x750); codes on this sheet: R9-SA55-2A, R9-SA55-2B, R9-SA55-2C",Original PDFs/161.pdf
R9-SA55-1A,"TO - (Two lines - name of road) installed at intersection with R2-5, R2-6, R2-7, R2-9 only",R9 Auxiliary Regulatory Series,TO_TWO_LINES_NAME_OF_ROAD_INSTALLED_AT_INTERSECTION_WITH_R2_5_R2_6_R2_7_R2_9_ONL_R9-SA55-1A.svg,450x300 mm,"size from the register (450x300 mm; other listed sizes: 600x400, 750x500); codes on this sheet: R9-SA55-1A, R9-SA55-1B, R9-SA55-1C",Original PDFs/640.pdf
R9-SA56,Sat - Sun,R9 Auxiliary Regulatory Series,SAT_SUN_R9-SA56.svg,450x150 mm,size from the register (450x150 mm),Original PDFs/162.pdf
R9-SA57A,Dual Times School Days,R9 Auxiliary Regulatory Series,DUAL_TIMES_SCHOOL_DAYS_R9-SA57A.svg,450x450 mm,"size from the register (450x450 mm; other listed sizes: 600x600, 900x900, 1200x1200); codes on this sheet: R9-SA57A, R9-SA57B, R9-SA57C, R9-SA57D",Original PDFs/696.pdf
R9-SA101A,Busway Buses Excepted,R9 Auxiliary Regulatory Series,,,no drawing found on the sheet,Original PDFs/163.pdf
R9-SA102A,Emergency Vehicles Excepted,R9 Auxiliary Regulatory Series,,,no drawing found on the sheet,Original PDFs/164.pdf
R9-SA103A,Fuel Tankers Excepted,R9 Auxiliary Regulatory Series,,,no drawing found on the sheet,Original PDFs/165.pdf
R9-SA104A,Trams Excepted,R9 Auxiliary Regulatory Series,,,no drawing found on the sheet,Original PDFs/166.pdf
R9-SA105A,Local Delivery or Pickup Excepted (Use only with R6-10-2) (Refer to Manger Traffic Services Section of DIT before use),R9 Auxiliary Regulatory Series,LOCAL_DELIVERY_OR_PICKUP_EXCEPTED_USE_ONLY_WITH_R6_10_2_REFER_TO_MANGER_TRAFFIC__R9-SA105A.svg,600x497 mm,"size from the register (600x500 mm; other listed sizes: 900x750, 1200x1000); codes on this sheet: R9-SA105A, R9-SA105B, R9-SA105C",Original PDFs/167.pdf
R9-SA106B,"Over XX.X t (Only use with R6-28) (Approval required for use - refer to Manager, Traffic Services, DPTI)",R9 Auxiliary Regulatory Series,OVER_XX_X_T_ONLY_USE_WITH_R6_28_APPROVAL_REQUIRED_FOR_USE_REFER_TO_MANAGER_TRAFF_R9-SA106B.svg,1200x689 mm,size from the register (1200x700 mm); drawings paired with codes in reading order,Original PDFs/676.pdf
R9-SA106C,"Over XX.X t (Only use with R6-28) (Approval required for use - refer to Manager, Traffic Services, DPTI)",R9 Auxiliary Regulatory Series,OVER_XX_X_T_ONLY_USE_WITH_R6_28_APPROVAL_REQUIRED_FOR_USE_REFER_TO_MANAGER_TRAFF_R9-SA106C.svg,1800x527 mm,size from the register (1800x1050 mm); drawings paired with codes in reading order; drawn proportions differ from the register size — check,Original PDFs/676.pdf
R9-SA107A,"On green arrow (only to be used with R2-15)(Approval required for use - refer to Manager, Traffic Services, DPTI)",R9 Auxiliary Regulatory Series,ON_GREEN_ARROW_ONLY_TO_BE_USED_WITH_R2_15_APPROVAL_REQUIRED_FOR_USE_REFER_TO_MAN_R9-SA107A.svg,450x605 mm,"size from the register (450x600 mm; other listed sizes: 600x800); codes on this sheet: R9-SA107A, R9-SA107B",Original PDFs/655.pdf
R9-SA108A,Bus Lane Vehicles Excepted (Refer to Manager Traffic Services Section of DIT before use) (ARR-154),R9 Auxiliary Regulatory Series,BUS_LANE_VEHICLES_EXCEPTED_REFER_TO_MANAGER_TRAFFIC_SERVICES_SECTION_OF_DIT_BEFO_R9-SA108A.svg,450x450 mm,"size from the register (450x450 mm; other listed sizes: 600x600); codes on this sheet: R9-SA108A, R9-SA108B",Original PDFs/1175.pdf
R9-SA109A,Heavy Vehicles Excepted,R9 Auxiliary Regulatory Series,,,no drawing found on the sheet,Original PDFs/1288.pdf
R9-SA110A,Hook Turn Excepted,R9 Auxiliary Regulatory Series,HOOK_TURN_EXCEPTED_R9-SA110A.svg,450x300 mm,"size from the register (450x300 mm; other listed sizes: 600x400); codes on this sheet: R9-SA110A, R9-SA110B",Original PDFs/1185.pdf
R9-SA111A,Garbage Trucks Excepted,R9 Auxiliary Regulatory Series,,,no drawing found on the sheet,Original PDFs/1210.pdf
R9-SA113A,Trucks Excepted,R9 Auxiliary Regulatory Series,,,no drawing found on the sheet,Original PDFs/1441.pdf
R9-SA114-A,"At All Times - (Approval required for use - refer to Manager, Traffic Services Section of DIT)",R9 Auxiliary Regulatory Series,,,no drawing found on the sheet,Original PDFs/1563.pdf
RM1-2A,Give Way (Multi-Message Sign ONLY),,,,same sheet as R1-1A; its drawings are filed there (symbols not told apart on an all-outlined sheet — check),Original PDFs/1104.pdf
RM2-4A,No Entry (Multi-Message Sign ONLY),,,,same sheet as R1-1A; its drawings are filed there (symbols not told apart on an all-outlined sheet — check),Original PDFs/962.pdf
RM2-6A,No Left Turn / No Right Turn (Multi-Message Sign ONLY),,,,same sheet as R1-1A; its drawings are filed there (symbols not told apart on an all-outlined sheet — check),Original PDFs/963.pdf
RM4-1A,Speed Restriction (Multi-Message Sign ONLY),Rm4 Speed Series,SPEED_RESTRICTION_MULTI_MESSAGE_SIGN_ONLY_RM4-1A.svg,600x600 mm,size from the register (600x600 mm),Original PDFs/959.pdf
RM4-12D,End Speed Limit (Multi-Message Sign ONLY),Rm4 Speed Series,END_SPEED_LIMIT_MULTI_MESSAGE_SIGN_ONLY_RM4-12D.svg,600x900 mm,size from the register (600x900 mm),Original PDFs/960.pdf
RM4-SA12A,End Speed Limit (Multi-Message Sign ONLY),Rm4 Speed Series,END_SPEED_LIMIT_MULTI_MESSAGE_SIGN_ONLY_RM4-SA12A.svg,600x601 mm,size from the register (600x600 mm),Original PDFs/1536.pdf
RM6-1C,No Overtaking Or Passing (Multi-Message Sign ONLY),Rm6 Miscellaneous Series,NO_OVERTAKING_OR_PASSING_MULTI_MESSAGE_SIGN_ONLY_RM6-1C.svg,1200x600 mm,size from the register (1200x600 mm),Original PDFs/1102.pdf
RM9-9A,One Lane (Multi-Message Sign ONLY),Rm9 Auxillary Regulatory Series,ONE_LANE_MULTI_MESSAGE_SIGN_ONLY_RM9-9A.svg,600x600 mm,size from the register (600x600 mm),Original PDFs/1103.pdf
RM9-SA2A,Buses Excepted (Multi-Message Sign ONLY),Rm9 Auxillary Regulatory Series,BUSES_EXCEPTED_MULTI_MESSAGE_SIGN_ONLY_RM9-SA2A.svg,600x600 mm,size from the register (600x600 mm),Original PDFs/1279.pdf
RM9-SA109A,Heavy Vehicles Excepted (Multi-Message Sign ONLY),Rm9 Auxillary Regulatory Series,HEAVY_VEHICLES_EXCEPTED_MULTI_MESSAGE_SIGN_ONLY_RM9-SA109A.svg,600x600 mm,size from the register (600x600 mm),Original PDFs/1179.pdf
RM9-SA110A,Construction Vehicles Excepted (Multi-Message Sign ONLY),Rm9 Auxillary Regulatory Series,CONSTRUCTION_VEHICLES_EXCEPTED_MULTI_MESSAGE_SIGN_ONLY_RM9-SA110A.svg,600x601 mm,size from the register (600x600 mm),Original PDFs/1549.pdf
S1-H,12 hour Casualty Service Symbol (Hospital),Symbol Series,12_HOUR_CASUALTY_SERVICE_SYMBOL_HOSPITAL_S1-H.svg,350x350 mm,size from the register (350x350 mm),Original PDFs/596.pdf
S1-F,12 hour Casualty Service Symbol (First Aid),,,,same sheet as S1-H; its drawings are filed there (symbols not told apart on an all-outlined sheet — check),Original PDFs/1126.pdf
S1-C,12 hour Casualty Service Symbol (Clinic),,,,same sheet as S1-H; its drawings are filed there (symbols not told apart on an all-outlined sheet — check),Original PDFs/1127.pdf
S26,Caravan Dump Point Symbol (Refer to Traffic Operations Section  of DPTI) (Formerly S142),Symbol Series,CARAVAN_DUMP_POINT_SYMBOL_REFER_TO_TRAFFIC_OPERATIONS_SECTION_OF_DPTI_FORMERLY_S_S26.svg,350x350 mm,size from the register (350x350 mm),Original PDFs/792.pdf
S27,Information Bay Symbol  (Formerly S124),Symbol Series,INFORMATION_BAY_SYMBOL_FORMERLY_S124_S27.svg,350x292 mm,size from the register (350x350 mm); drawn proportions differ from the register size — check,Original PDFs/624.pdf
S28,Public Golf Course Symbol (Refer to Traffic Operations Section of DPTI) (Formerly TS145),Symbol Series,PUBLIC_GOLF_COURSE_SYMBOL_REFER_TO_TRAFFIC_OPERATIONS_SECTION_OF_DPTI_FORMERLY_T_S28.svg,350x350 mm,size from the register (350x350 mm),Original PDFs/798.pdf
S109,Airport / Name Symbol(L or R or Through),Symbol Series,AIRPORT_NAME_SYMBOL_L_OR_R_OR_THROUGH_S109.svg,350x350 mm,size from the register (350x350 mm),Original PDFs/620.pdf
S109,Airport / Name Symbol(L or R or Through),Symbol Series,AIRPORT_NAME_SYMBOL_L_OR_R_OR_THROUGH_VAR2_S109.svg,350x350 mm,no size found on the sheet; drawn at 1:10 — check; triangulated CAD export unioned; drawn at 2 sizes on the sheet; largest kept,Original PDFs/620.pdf
S110,24 Hr Emergency Service Symbol (Hospital),Symbol Series,24_HR_EMERGENCY_SERVICE_SYMBOL_HOSPITAL_S110.svg,350x350 mm,size from the register (350x350 mm),Original PDFs/672.pdf
S112-B,Accommodation Symbol (B&B),Symbol Series,ACCOMMODATION_SYMBOL_B_B_S112-B.svg,420x350 mm,size from the register (420x350 mm),Original PDFs/621.pdf
S112-B,Accommodation Symbol (B&B),Symbol Series,ACCOMMODATION_SYMBOL_B_B_VAR2_S112-B.svg,420x350 mm,no size found on the sheet; drawn at 1:10 — check; triangulated CAD export unioned,Original PDFs/621.pdf
S112-B,Accommodation Symbol (B&B),Symbol Series,ACCOMMODATION_SYMBOL_B_B_VAR3_S112-B.svg,420x350 mm,no size found on the sheet; drawn at 1:10 — check; triangulated CAD export unioned,Original PDFs/621.pdf
S112-B,Accommodation Symbol (B&B),Symbol Series,ACCOMMODATION_SYMBOL_B_B_VAR4_S112-B.svg,420x350 mm,no size found on the sheet; drawn at 1:10 — check; triangulated CAD export unioned,Original PDFs/621.pdf
S112-B,Accommodation Symbol (B&B),Symbol Series,ACCOMMODATION_SYMBOL_B_B_VAR5_S112-B.svg,420x350 mm,no size found on the sheet; drawn at 1:10 — check; triangulated CAD export unioned,Original PDFs/621.pdf
S112-M,Accommodation Symbol (Motel),,,,same sheet as S112-B; its drawings are filed there (symbols not told apart on an all-outlined sheet — check),Original PDFs/1129.pdf
S112-HOT,Accommodation Symbol (Hotel),,,,same sheet as S112-B; its drawings are filed there (symbols not told apart on an all-outlined sheet — check),Original PDFs/1130.pdf
S112-HOS,Accommodation Symbol (Hostel),,,,same sheet as S112-B; its drawings are filed there (symbols not told apart on an all-outlined sheet — check),Original PDFs/1131.pdf
S112-C,Accommodation Symbol (Cabins),,,,same sheet as S112-B; its drawings are filed there (symbols not told apart on an all-outlined sheet — check),Original PDFs/1132.pdf
S113,Barbecue Symbol,Symbol Series,BARBECUE_SYMBOL_S113.svg,350x350 mm,size from the register (350x350 mm),Original PDFs/1246.pdf
S114,Accredited Visitor Information Centre Symbol - ONLY Golden 'i'. (Refer to Traffic Operations Section of DPTI),Symbol Series,ACCREDITED_VISITOR_INFORMATION_CENTRE_SYMBOL_ONLY_GOLDEN_I_REFER_TO_TRAFFIC_OPER_S114.svg,350x350 mm,size from the register (350x350 mm),Original PDFs/622.pdf
S118,Park 'n' Ride (bus),Symbol Series,PARK_N_RIDE_BUS_S118.svg,350x363 mm,size from the register (420x350 mm); drawn proportions differ from the register size — check,Original PDFs/623.pdf
S120,Road Train Symbol (Refer to Traffic Operations Section  of DPTI),Symbol Series,ROAD_TRAIN_SYMBOL_REFER_TO_TRAFFIC_OPERATIONS_SECTION_OF_DPTI_S120.svg,1960x350 mm,size from the register (1960x350 mm),Original PDFs/788.pdf
S125,Car Towing Caravan Symbol (Refer to Traffic Operations Section  of DPTI),Symbol Series,CAR_TOWING_CARAVAN_SYMBOL_REFER_TO_TRAFFIC_OPERATIONS_SECTION_OF_DPTI_S125.svg,1400x420 mm,size from the register (1400x350 mm),Original PDFs/789.pdf
S125,Car Towing Caravan Symbol (Refer to Traffic Operations Section  of DPTI),Symbol Series,CAR_TOWING_CARAVAN_SYMBOL_REFER_TO_TRAFFIC_OPERATIONS_SECTION_OF_DPTI_VAR2_S125.svg,170x583 mm,no size found on the sheet; drawn at 1:10 — check,Original PDFs/789.pdf
S126,24 hr Fuel Symbol,Symbol Series,24_HR_FUEL_SYMBOL_S126.svg,350x350 mm,size from the register (350x350 mm),Original PDFs/625.pdf
S137,Ferry or Ferries Symbol (Coastal Waters),Symbol Series,FERRY_OR_FERRIES_SYMBOL_COASTAL_WATERS_S137.svg,1190x350 mm,size from the register (1190x350 mm),Original PDFs/626.pdf
S138,Interstate Bus Terminal Symbol (Refer to Traffic Operations Section  of DPTI),Symbol Series,INTERSTATE_BUS_TERMINAL_SYMBOL_REFER_TO_TRAFFIC_OPERATIONS_SECTION_OF_DPTI_S138.svg,420x350 mm,size from the register (420x350 mm),Original PDFs/790.pdf
S139,Interstate Train Terminal Symbol (Refer to Traffic Operations Section of DPTI),Symbol Series,INTERSTATE_TRAIN_TERMINAL_SYMBOL_REFER_TO_TRAFFIC_OPERATIONS_SECTION_OF_DPTI_S139.svg,420x350 mm,size from the register (420x350 mm),Original PDFs/791.pdf
S140,Train / Tram Station Symbol,Symbol Series,TRAIN_TRAM_STATION_SYMBOL_S140.svg,280x350 mm,size from the register (280x350 mm),Original PDFs/882.pdf
S140,Train / Tram Station Symbol,Symbol Series,TRAIN_TRAM_STATION_SYMBOL_VAR2_S140.svg,485x243 mm,no size found on the sheet; drawn at 1:10 — check; background assumed to be a white rectangle (outline drawn as loose strokes) — check,Original PDFs/882.pdf
S141,Park 'n' Ride (train),Symbol Series,PARK_N_RIDE_TRAIN_S141.svg,420x325 mm,size from the register (420x350 mm),Original PDFs/883.pdf
S143,Disabled Parking Symbol,Symbol Series,DISABLED_PARKING_SYMBOL_S143.svg,420x350 mm,size from the register (420x350 mm),Original PDFs/910.pdf
S144,Train & Bus Station Parking Symbol,Symbol Series,TRAIN_BUS_STATION_PARKING_SYMBOL_S144.svg,420x350 mm,size from the register (420x350 mm),Original PDFs/924.pdf
S148,EV Electric Vehicle Charging - For use at rapid charging facilities with min 50 kW in urban areas and 75 kW in rural areas.,Symbol Series,EV_ELECTRIC_VEHICLE_CHARGING_FOR_USE_AT_RAPID_CHARGING_FACILITIES_WITH_MIN_50_KW_S148.svg,350x350 mm,size from the register (350x350 mm),Original PDFs/629.pdf
T1-23,Changed Traffic Conditions (Install for 3 Months max),T1 Advance Series,CHANGED_TRAFFIC_CONDITIONS_INSTALL_FOR_3_MONTHS_MAX_T1-23.svg,900x1440 mm,"size from the register (1800x900 mm; other listed sizes: 1200x750); drawn proportions differ from the register size — check; codes on this sheet: T1-23, T1-23AA",Original PDFs/514.pdf
T1-25,Roadwork On Side Road,T1 Advance Series,ROADWORK_ON_SIDE_ROAD_T1-25.svg,1800x1750 mm,"size from the register (1800x600 mm; other listed sizes: 900x900); drawn proportions differ from the register size — check; codes on this sheet: T1-25, T1-25AA",Original PDFs/516.pdf
T1-31,Roadwork Ahead (3 lines),T1 Advance Series,ROADWORK_AHEAD_3_LINES_T1-31.svg,900x1162 mm,"size from the register (900x1200 mm; other listed sizes: 600x800); codes on this sheet: T1-31, T1-31AA",Original PDFs/522.pdf
T1-32AA,Side Road Closed,T1 Advance Series,SIDE_ROAD_CLOSED_T1-32AA.svg,600x775 mm,size from the register (600x800 mm),Original PDFs/1224.pdf
T1-SA2,Bridgework Ahead (3 lines narrow format),T1 Advance Series,BRIDGEWORK_AHEAD_3_LINES_NARROW_FORMAT_T1-SA2.svg,1200x900 mm,size from the register (900x1200 mm),Original PDFs/751.pdf
T1-SA5,Workers (Symbolic),T1 Advance Series,WORKERS_SYMBOLIC_T1-SA5.svg,600x800 mm,size from the register (600x800 mm),Original PDFs/1293.pdf
T1-SA11,Traffic Accident Ahead,T1 Advance Series,TRAFFIC_ACCIDENT_AHEAD_T1-SA11.svg,1200x875 mm,size from the register (1200x900 mm),Original PDFs/507.pdf
T1-SA23A,Changed Traffic Conditions (Install for 3 Months max,T1 Advance Series,CHANGED_TRAFFIC_CONDITIONS_INSTALL_FOR_3_MONTHS_MAX_T1-SA23A.svg,450x285 mm,"size from the register (450x300 mm; other listed sizes: 300x200, 600x400, 750x500, 900x600); codes on this sheet: T1-SA23A, T1-SA23AA, T1-SA23B, T1-SA23C, T1-SA23D",Original PDFs/1211.pdf
T1-SA26,Road Plant Next 'x' km,T1 Advance Series,ROAD_PLANT_NEXT_X_KM_T1-SA26.svg,1800x600 mm,size from the register (1800x600 mm),Original PDFs/517.pdf
T1-SA50,Fuel Spill Ahead,T1 Advance Series,FUEL_SPILL_AHEAD_T1-SA50.svg,1200x875 mm,size from the register (1200x900 mm),Original PDFs/523.pdf
T1-SA51,Event Ahead [Reduce Speed],T1 Advance Series,EVENT_AHEAD_REDUCE_SPEED_T1-SA51.svg,1500x759 mm,size from the register (1500x900 mm); drawn proportions differ from the register size — check,Original PDFs/657.pdf
T1-SA66A,Grader Ahead Rocks On Road Next 'x' km,T1 Advance Series,GRADER_AHEAD_ROCKS_ON_ROAD_NEXT_X_KM_T1-SA66A.svg,900x600 mm,size from the register (900x600 mm),Original PDFs/524.pdf
T1-SA67A,Event Ahead,T1 Advance Series,EVENT_AHEAD_T1-SA67A.svg,450x280 mm,"size from the register (450x300 mm; other listed sizes: 600x400, 800x500, 1200x750); codes on this sheet: T1-SA67A, T1-SA67B, T1-SA67C, T1-SA67D",Original PDFs/525.pdf
T1-SA102,Next 'x' km,T1 Advance Series,NEXT_X_KM_T1-SA102.svg,1200x300 mm,size from the register (1200x300 mm),Original PDFs/526.pdf
T1-SA103A,Speed Limit Changed Ahead (3 lines),T1 Advance Series,SPEED_LIMIT_CHANGED_AHEAD_3_LINES_T1-SA103A.svg,1200x750 mm,"size from the register (1200x750 mm; other listed sizes: 1800x1170); codes on this sheet: T1-SA103A, T1-SA103B",Original PDFs/527.pdf
T1-SA104A,Speed Limit / Changed Ahead hinged,T1 Advance Series,SPEED_LIMIT_CHANGED_AHEAD_HINGED_T1-SA104A.svg,1200x646 mm,"size from the register (1200x600 mm; other listed sizes: 1500x750); codes on this sheet: T1-SA104A, T1-SA104B",Original PDFs/528.pdf
T1-SA105,Advance Notice Traffic Signals Switch On (time and date),T1 Advance Series,ADVANCE_NOTICE_TRAFFIC_SIGNALS_SWITCH_ON_TIME_AND_DATE_T1-SA105.svg,900x1543 mm,size from the register (1500x900 mm),Original PDFs/529.pdf
T1-SA106,Event Ahead Speed Limit Changed (optionally hinged),T1 Advance Series,EVENT_AHEAD_SPEED_LIMIT_CHANGED_OPTIONALLY_HINGED_T1-SA106.svg,1200x912 mm,size from the register (1200x900 mm),Original PDFs/530.pdf
T1-SA109A,Speed Limit Changed to be used with R4-1 or R4-10 ONLY (maximum use 2 months. If a longer time is required refer to Tech. Services),T1 Advance Series,SPEED_LIMIT_CHANGED_TO_BE_USED_WITH_R4_1_OR_R4_10_ONLY_MAXIMUM_USE_2_MONTHS_IF_A_T1-SA109A.svg,450x450 mm,"size from the register (450x450 mm; other listed sizes: 600x600, 900x900); codes on this sheet: T1-SA109A, T1-SA109B, T1-SA109C",Original PDFs/531.pdf
T1-SA112,Heavy Vehicle Detour Ahead,T1 Advance Series,HEAVY_VEHICLE_DETOUR_AHEAD_T1-SA112.svg,900x600 mm,size from the register (900x600 mm),Original PDFs/532.pdf
T1-SA113,Heavy Vehicle Detour (variable direction arrows),T1 Advance Series,HEAVY_VEHICLE_DETOUR_VARIABLE_DIRECTION_ARROWS_T1-SA113.svg,900x585 mm,size from the register (900x600 mm),Original PDFs/533.pdf
T1-SA114,Detour For Heavy Vehicles (L or R),T1 Advance Series,DETOUR_FOR_HEAVY_VEHICLES_L_OR_R_T1-SA114.svg,2100x599 mm,size from the register (2100x600 mm),Original PDFs/534.pdf
T1-SA116A,Signals Not Operating (Refer OI 3.16),T1 Advance Series,SIGNALS_NOT_OPERATING_REFER_OI_3_16_T1-SA116A.svg,750x600 mm,"size from the register (750x600 mm; other listed sizes: 900x720); codes on this sheet: T1-SA116A, T1-SA116B",Original PDFs/537.pdf
T1-SA117,Caution Vehicle Frequently Stopping (Vehicle Mounted sign),T1 Advance Series,CAUTION_VEHICLE_FREQUENTLY_STOPPING_VEHICLE_MOUNTED_SIGN_T1-SA117.svg,750x1350 mm,size from the register (1350x750 mm),Original PDFs/536.pdf
T1-SA118,Signals Not Operating (used at pedestrian facility Refer OI 3.16),T1 Advance Series,SIGNALS_NOT_OPERATING_USED_AT_PEDESTRIAN_FACILITY_REFER_OI_3_16_T1-SA118.svg,160x210 mm,size from the register (160x210 mm),Original PDFs/535.pdf
T1-SA119A,Signals Operating Ahead,T1 Advance Series,SIGNALS_OPERATING_AHEAD_T1-SA119A.svg,900x675 mm,"size from the register (900x675 mm; other listed sizes: 1200x900); codes on this sheet: T1-SA119A, T1-SA119B",Original PDFs/538.pdf
T1-SA120A,Workers With Speed Limit 25,T1 Advance Series,WORKERS_WITH_SPEED_LIMIT_25_T1-SA120A.svg,1200x600 mm,size from the register (1200x600 mm); drawings paired with codes in reading order,Original PDFs/539.pdf
T1-SA120B,Workers With Speed Limit 25,T1 Advance Series,WORKERS_WITH_SPEED_LIMIT_25_T1-SA120B.svg,1800x900 mm,size from the register (1800x900 mm); drawings paired with codes in reading order,Original PDFs/539.pdf
T1-SA121,Narrow Lanes Over Bridge,T1 Advance Series,NARROW_LANES_OVER_BRIDGE_T1-SA121.svg,900x1234 mm,size from the register (1200x900 mm),Original PDFs/760.pdf
T1-SA122,Left Lane Ends 'x' km Ahead,T1 Advance Series,LEFT_LANE_ENDS_X_KM_AHEAD_T1-SA122.svg,1200x725 mm,size from the register (1200x750 mm),Original PDFs/833.pdf
T1-SA123,'x' km Ahead (used with T2-6-1),T1 Advance Series,X_KM_AHEAD_USED_WITH_T2_6_1_T1-SA123.svg,1200x259 mm,size from the register (1200x300 mm),Original PDFs/834.pdf
T1-SA134,Road Closed Ahead,T1 Advance Series,ROAD_CLOSED_AHEAD_T1-SA134.svg,600x775 mm,size from the register (600x800 mm),Original PDFs/1225.pdf
T1-SA143,Linemarking Changed Ahead,T1 Advance Series,LINEMARKING_CHANGED_AHEAD_T1-SA143.svg,750x1200 mm,size from the register (1200x750 mm),Original PDFs/1207.pdf
T1-SA144,Tram Works Ahead (advice to tram drivers only),T1 Advance Series,TRAM_WORKS_AHEAD_ADVICE_TO_TRAM_DRIVERS_ONLY_T1-SA144.svg,800x615 mm,size from the register (600x800 mm),Original PDFs/1227.pdf
T2-6-SA3,4 Lanes Status,T2 Position Series,4_LANES_STATUS_T2-6-SA3.svg,1800x755 mm,size from the register (1800x900 mm); drawn proportions differ from the register size — check,Original PDFs/544.pdf
T2-6-SA101,2 Lane Status (reverse curve),T2 Position Series,2_LANE_STATUS_REVERSE_CURVE_T2-6-SA101.svg,1200x1038 mm,size from the register (1200x900 mm); drawn proportions differ from the register size — check,Original PDFs/545.pdf
T2-6-SA102,3 Lane Status (2 reverse curves),T2 Position Series,3_LANE_STATUS_2_REVERSE_CURVES_T2-6-SA102.svg,1800x1038 mm,size from the register (1800x900 mm); drawn proportions differ from the register size — check,Original PDFs/546.pdf
T2-6-SA103,3 Lane Status,T2 Position Series,3_LANE_STATUS_T2-6-SA103.svg,1800x900 mm,size from the register (1800x900 mm),Original PDFs/547.pdf
T2-6-SA104,3 Lanes Status,T2 Position Series,3_LANES_STATUS_T2-6-SA104.svg,1800x900 mm,size from the register (1800x900 mm),Original PDFs/548.pdf
T2-6-SA106,Lane Status Left Lanes Blocked Right Thru Median,T2 Position Series,LANE_STATUS_LEFT_LANES_BLOCKED_RIGHT_THRU_MEDIAN_T2-6-SA106.svg,1200x900 mm,size from the register (1200x900 mm),Original PDFs/549.pdf
T2-6-SA107,3 Lane Status (With Right Turn),T2 Position Series,3_LANE_STATUS_WITH_RIGHT_TURN_T2-6-SA107.svg,900x919 mm,size from the register (1800x900 mm); drawn proportions differ from the register size — check,Original PDFs/550.pdf
T2-6-SA108,3 Lane Status (narrow format),T2 Position Series,3_LANE_STATUS_NARROW_FORMAT_T2-6-SA108.svg,900x683 mm,size from the register (900x900 mm); drawn proportions differ from the register size — check,Original PDFs/551.pdf
T2-6-SA109,2 Lane Status (narrow format),T2 Position Series,2_LANE_STATUS_NARROW_FORMAT_T2-6-SA109.svg,900x684 mm,size from the register (900x900 mm); drawn proportions differ from the register size — check,Original PDFs/552.pdf
T2-6-SA110,3 Lane Status (2 Reverse curves thru median),T2 Position Series,3_LANE_STATUS_2_REVERSE_CURVES_THRU_MEDIAN_T2-6-SA110.svg,1200x1910 mm,size from the register (1200x1350 mm); drawn proportions differ from the register size — check,Original PDFs/761.pdf
T2-6-SA117,2 Lane Status (with right turn),T2 Position Series,2_LANE_STATUS_WITH_RIGHT_TURN_T2-6-SA117.svg,1200x900 mm,size from the register (1200x900 mm),Original PDFs/1167.pdf
T2-6-SA118,4 Lane Status (with left / right turns),T2 Position Series,4_LANE_STATUS_WITH_LEFT_RIGHT_TURNS_T2-6-SA118.svg,1500x900 mm,size from the register (1500x900 mm),Original PDFs/1168.pdf
T2-6-SA119,2 Lanes Status,T2 Position Series,2_LANES_STATUS_T2-6-SA119.svg,1800x900 mm,size from the register (1800x900 mm),Original PDFs/1177.pdf
T2-6-SA120,4 lanes status,T2 Position Series,4_LANES_STATUS_T2-6-SA120.svg,1500x900 mm,size from the register (1500x900 mm),Original PDFs/1242.pdf
T2-17A,End Roadwork (3 lines),T2 Position Series,END_ROADWORK_3_LINES_T2-17A.svg,1200x929 mm,"size from the register (900x1200 mm; other listed sizes: 600x800); codes on this sheet: T2-17A, T2-17AA",Original PDFs/555.pdf
T2-SA54,End Bridgework (3 lines),T2 Position Series,END_BRIDGEWORK_3_LINES_T2-SA54.svg,1200x919 mm,size from the register (900x1200 mm),Original PDFs/560.pdf
T2-SA101,Track Closed,T2 Position Series,TRACK_CLOSED_T2-SA101.svg,1350x600 mm,size from the register (1350x600 mm),Original PDFs/561.pdf
T2-SA102,Bridge Closed,T2 Position Series,BRIDGE_CLOSED_T2-SA102.svg,300x1800 mm,size from the register (1800x300 mm),Original PDFs/765.pdf
T2-SA103,Bridgework on Side Road (3 lines),T2 Position Series,BRIDGEWORK_ON_SIDE_ROAD_3_LINES_T2-SA103.svg,900x874 mm,size from the register (900x900 mm),Original PDFs/766.pdf
T2-SA104A,End Event,T2 Position Series,END_EVENT_T2-SA104A.svg,450x280 mm,"size from the register (450x300 mm; other listed sizes: 600x400); codes on this sheet: T2-SA104A, T2-SA104B",Original PDFs/1228.pdf
T2-SA105A,Do not queue over driveways,T2 Position Series,DO_NOT_QUEUE_OVER_DRIVEWAYS_T2-SA105A.svg,600x600 mm,size from the register (600x600 mm),Original PDFs/1462.pdf
T2-SA106,Bridge Closed,T2 Position Series,BRIDGE_CLOSED_T2-SA106.svg,1200x300 mm,size from the register (1200x300 mm),Original PDFs/1471.pdf
T2-SA109,Farm Machinery,T2 Position Series,FARM_MACHINERY_T2-SA109.svg,900x600 mm,size from the register (900x600 mm),Original PDFs/1193.pdf
T4-SA101,Vertical Chevron Marker (Temporary),T4 Special Hazard Series,VERTICAL_CHEVRON_MARKER_TEMPORARY_T4-SA101.svg,150x857 mm,size from the register (150x900 mm),Original PDFs/1440.pdf
T4-SA101,Vertical Chevron Marker (Temporary),T4 Special Hazard Series,VERTICAL_CHEVRON_MARKER_TEMPORARY_VAR2_T4-SA101.svg,150x900 mm,no size found on the sheet; drawn at 1:10 — check; triangulated CAD export unioned,Original PDFs/1440.pdf
T4-SA108,Road Plates in Use,T4 Special Hazard Series,ROAD_PLATES_IN_USE_T4-SA108.svg,800x620 mm,size from the register (600x800 mm),Original PDFs/1229.pdf
T4-SA109,Rat Collection Point,T4 Special Hazard Series,RAT_COLLECTION_POINT_T4-SA109.svg,1200x931 mm,size from the register (1200x930 mm),Original PDFs/1467.pdf
T5-SA5,Bi-directional Temporary Hazard Marker,T5 Traffic Diversion Series,BI_DIRECTIONAL_TEMPORARY_HAZARD_MARKER_T5-SA5.svg,1200x534 mm,size from the register (1200x600 mm),Original PDFs/582.pdf
T5-SA52,Temporary Post Mounted Delineator for Star Dropper,T5 Traffic Diversion Series,TEMPORARY_POST_MOUNTED_DELINEATOR_FOR_STAR_DROPPER_T5-SA52.svg,170x124 mm,size from the register (125x170 mm),Original PDFs/585.pdf
T5-SA101,Driveway Access ,T5 Traffic Diversion Series,DRIVEWAY_ACCESS_T5-SA101.svg,900x566 mm,size from the register (900x600 mm),Original PDFs/1448.pdf
T6-SA1,Linemarking (temporary hazard marker)  (L&R),T6 Vehicle Mounted Series,LINEMARKING_TEMPORARY_HAZARD_MARKER_L_R_T6-SA1.svg,600x1000 mm,size from the register (1000x600 mm),Original PDFs/587.pdf
T6-SA109,"Survey Vehicle (Refer to Traffic Operations Section, DPTI )",T6 Vehicle Mounted Series,SURVEY_VEHICLE_REFER_TO_TRAFFIC_OPERATIONS_SECTION_DPTI_T6-SA109.svg,800x500 mm,size from the register (800x600 mm); drawn proportions differ from the register size — check,Original PDFs/769.pdf
T8-SA103,Shared Path Closed,T8 Pedestrian Series,SHARED_PATH_CLOSED_T8-SA103.svg,900x600 mm,size from the register (900x600 mm),Original PDFs/1166.pdf
TES6396,Stock on Road,Other,STOCK_ON_ROAD_TES6396.svg,900x600 mm,size from the register (900x600 mm),Original PDFs/1231.pdf
TES9571,Advance Notice - Roadworks Commencing,Other,ADVANCE_NOTICE_ROADWORKS_COMMENCING_TES9571.svg,1350x860 mm,size from the register (1350x1050 mm); drawn proportions differ from the register size — check,Original PDFs/814.pdf
TES9899,Grain Trucks Crossing (O.I .2.24),Other,GRAIN_TRUCKS_CROSSING_O_I_2_24_TES9899.svg,1350x889 mm,size from the register (1350x900 mm),Original PDFs/918.pdf
TES13004A,Temporary Advance Notice Sign (advising of Road or Bridgeworks or Community Events),Other,TEMPORARY_ADVANCE_NOTICE_SIGN_ADVISING_OF_ROAD_OR_BRIDGEWORKS_OR_COMMUNITY_EVENT_TES13004A.svg,1400x2076 mm,"size from the register (1400x1650 mm; other listed sizes: 1400x1950); drawn proportions differ from the register size — check; codes on this sheet: TES13004A, TES13004B",Original PDFs/1215.pdf
TES13004A,Temporary Advance Notice Sign (advising of Road or Bridgeworks or Community Events),Other,TEMPORARY_ADVANCE_NOTICE_SIGN_ADVISING_OF_ROAD_OR_BRIDGEWORKS_OR_COMMUNITY_EVENT_VAR2_TES13004A.svg,681x949 mm,"no size found on the sheet; drawn at 1:10 — check; background assumed to be a white rectangle (outline drawn as loose strokes) — check; triangulated CAD export unioned; codes on this sheet: TES13004A, TES13004B",Original PDFs/1215.pdf
TES13004A,Temporary Advance Notice Sign (advising of Road or Bridgeworks or Community Events),Other,TEMPORARY_ADVANCE_NOTICE_SIGN_ADVISING_OF_ROAD_OR_BRIDGEWORKS_OR_COMMUNITY_EVENT_VAR3_TES13004A.svg,681x929 mm,"no size found on the sheet; drawn at 1:10 — check; background assumed to be a white rectangle (outline drawn as loose strokes) — check; triangulated CAD export unioned; codes on this sheet: TES13004A, TES13004B",Original PDFs/1215.pdf
TES13004A,Temporary Advance Notice Sign (advising of Road or Bridgeworks or Community Events),Other,TEMPORARY_ADVANCE_NOTICE_SIGN_ADVISING_OF_ROAD_OR_BRIDGEWORKS_OR_COMMUNITY_EVENT_VAR4_TES13004A.svg,681x869 mm,"no size found on the sheet; drawn at 1:10 — check; background assumed to be a white rectangle (outline drawn as loose strokes) — check; triangulated CAD export unioned; codes on this sheet: TES13004A, TES13004B",Original PDFs/1215.pdf
TES13004A,Temporary Advance Notice Sign (advising of Road or Bridgeworks or Community Events),Other,TEMPORARY_ADVANCE_NOTICE_SIGN_ADVISING_OF_ROAD_OR_BRIDGEWORKS_OR_COMMUNITY_EVENT_VAR5_TES13004A.svg,681x829 mm,"no size found on the sheet; drawn at 1:10 — check; background assumed to be a white rectangle (outline drawn as loose strokes) — check; triangulated CAD export unioned; codes on this sheet: TES13004A, TES13004B",Original PDFs/1215.pdf
TES15342,Remember 50 Unless Otherwise Signed,Other,REMEMBER_50_UNLESS_OTHERWISE_SIGNED_TES15342.svg,1200x1050 mm,size from the register (1200x1050 mm),Original PDFs/1264.pdf
TES18546,"Drive on Left (not to be used on road network, property & carpark exits only)",Other,DRIVE_ON_LEFT_NOT_TO_BE_USED_ON_ROAD_NETWORK_PROPERTY_CARPARK_EXITS_ONLY_TES18546.svg,450x599 mm,size from the register (450x600 mm),Original PDFs/1241.pdf
TES18903,Cross Road Intersection (Unsealed Road Only),Other,CROSS_ROAD_INTERSECTION_UNSEALED_ROAD_ONLY_TES18903.svg,750x698 mm,size from the register (750x750 mm); drawn proportions differ from the register size — check,Original PDFs/1139.pdf
TES18977,For Roadwork Enquiries Phone (Multi-Message Sign ONLY),Other,FOR_ROADWORK_ENQUIRIES_PHONE_MULTI_MESSAGE_SIGN_ONLY_TES18977.svg,1200x600 mm,size from the register (1200x900 mm); drawn proportions differ from the register size — check,Original PDFs/1090.pdf
TES18977,For Roadwork Enquiries Phone (Multi-Message Sign ONLY),Other,FOR_ROADWORK_ENQUIRIES_PHONE_MULTI_MESSAGE_SIGN_ONLY_VAR2_TES18977.svg,1200x300 mm,no size found on the sheet; drawn at 1:10 — check,Original PDFs/1090.pdf
TES18977,For Roadwork Enquiries Phone (Multi-Message Sign ONLY),Other,FOR_ROADWORK_ENQUIRIES_PHONE_MULTI_MESSAGE_SIGN_ONLY_VAR3_TES18977.svg,600x438 mm,no size found on the sheet; drawn at 1:10 — check,Original PDFs/1090.pdf
TES19085,Speed Limit Changed Warning Sign,Other,SPEED_LIMIT_CHANGED_WARNING_SIGN_TES19085.svg,450x749 mm,size from the register (750x450 mm),Original PDFs/1239.pdf
TES19687,Red Light & Speed Camera Ahead (< 80 km/h),Other,RED_LIGHT_SPEED_CAMERA_AHEAD_80_KM_H_TES19687.svg,1350x1137 mm,size from the register (1350x1200 mm),Original PDFs/1296.pdf
TES19687,Red Light & Speed Camera Ahead (< 80 km/h),Other,RED_LIGHT_SPEED_CAMERA_AHEAD_80_KM_H_VAR2_TES19687.svg,396x396 mm,no size found on the sheet; drawn at 1:10 — check; triangulated CAD export unioned,Original PDFs/1296.pdf
TES19688,Red Light & Speed Camera Ahead (>= 80 km/h),Other,RED_LIGHT_SPEED_CAMERA_AHEAD_80_KM_H_TES19688.svg,1950x1281 mm,size from the register (1950x1650 mm); drawn proportions differ from the register size — check,Original PDFs/1297.pdf
TES19689,Speed Camera Ahead (< 80 km/h),Other,SPEED_CAMERA_AHEAD_80_KM_H_TES19689.svg,1350x1350 mm,size from the register (1350x1200 mm); drawn proportions differ from the register size — check,Original PDFs/1298.pdf
TES19690,Speed Camera Ahead (>= 80 km/h),Other,SPEED_CAMERA_AHEAD_80_KM_H_TES19690.svg,1950x1949 mm,size from the register (1950x1650 mm); drawn proportions differ from the register size — check,Original PDFs/1299.pdf
TES20179,Speed Limits Apply 40 On Beach 25 Within 50m of a Person - See OI 4.12 for use.,G9-G11 Traffic Instruction Series,SPEED_LIMITS_APPLY_40_ON_BEACH_25_WITHIN_50M_OF_A_PERSON_SEE_OI_4_12_FOR_USE_TES20179.svg,1350x801 mm,size from the register (1350x900 mm); drawn proportions differ from the register size — check,Original PDFs/885.pdf
TES 13908(1),Railway Crossing Position With Target Board Stop Look For Trains,Other,RAILWAY_CROSSING_POSITION_WITH_TARGET_BOARD_STOP_LOOK_FOR_TRAINS_TES13908(1).svg,750x1800 mm,size from the register (750x1800 mm),Original PDFs/1483.pdf
TES 18383,Keep Track Tracks Clear Xm,Other,KEEP_TRACK_TRACKS_CLEAR_XM_TES18383.svg,1400x1581 mm,size from the register (1400x1800 mm); drawn proportions differ from the register size — check,Original PDFs/1522.pdf
TES 18383,Keep Track Tracks Clear Xm,Other,KEEP_TRACK_TRACKS_CLEAR_XM_VAR2_TES18383.svg,558x393 mm,no size found on the sheet; drawn at 1:10 — check,Original PDFs/1522.pdf
TES 20530,"Controlled Access Area / Road Authorised Vehicles Only (L,R or L&R) (Approval required for use - refer to Manager, Traffic Services Section of DIT)",G1-G6 Direction Series,CONTROLLED_ACCESS_AREA_ROAD_AUTHORISED_VEHICLES_ONLY_L_R_OR_L_R_APPROVAL_REQUIRE_TES20530.svg,600x448 mm,size from the register (600x450 mm),Original PDFs/1567.pdf
TM1-1B,Roadwork Ahead (Multi-Message Sign ONLY) (Replaces T1-1M),Tm1 Advance Series,ROADWORK_AHEAD_MULTI_MESSAGE_SIGN_ONLY_REPLACES_T1_1M_TM1-1B.svg,1200x300 mm,size from the register (1200x300 mm),Original PDFs/976.pdf
TM1-1A,Roadwork Ahead (Multi-Message Sign ONLY),Tm1 Advance Series,ROADWORK_AHEAD_MULTI_MESSAGE_SIGN_ONLY_TM1-1A.svg,600x600 mm,size from the register (600x600 mm),Original PDFs/1059.pdf
TM1-2A,Bridgework Ahead (Multi-Message Sign ONLY) (Replaces T1-2M),Tm1 Advance Series,BRIDGEWORK_AHEAD_MULTI_MESSAGE_SIGN_ONLY_REPLACES_T1_2M_TM1-2A.svg,600x600 mm,size from the register (600x600 mm),Original PDFs/979.pdf
TM1-3-1A,Road Plant Ahead (Multi-Message Sign ONLY) (Replaces T1-3-1M),Tm1 Advance Series,ROAD_PLANT_AHEAD_MULTI_MESSAGE_SIGN_ONLY_REPLACES_T1_3_1M_TM1-3-1A.svg,600x600 mm,size from the register (600x600 mm),Original PDFs/983.pdf
TM1-4A,Grader Ahead (Multi-Message Sign ONLY) (Replaces T1-4M),Tm1 Advance Series,GRADER_AHEAD_MULTI_MESSAGE_SIGN_ONLY_REPLACES_T1_4M_TM1-4A.svg,600x600 mm,size from the register (600x600 mm),Original PDFs/984.pdf
TM1-5A,Workers (Symbolic) (Multi-Message Sign ONLY),Tm1 Advance Series,WORKERS_SYMBOLIC_MULTI_MESSAGE_SIGN_ONLY_TM1-5A.svg,600x600 mm,size from the register (600x600 mm),Original PDFs/985.pdf
TM1-6B,Detour Ahead (Multi-Message Sign ONLY),Tm1 Advance Series,DETOUR_AHEAD_MULTI_MESSAGE_SIGN_ONLY_TM1-6B.svg,1200x300 mm,size from the register (1200x300 mm),Original PDFs/1078.pdf
TM1-6A,Detour Ahead (Multi-Message Sign ONLY),Tm1 Advance Series,DETOUR_AHEAD_MULTI_MESSAGE_SIGN_ONLY_TM1-6A.svg,600x600 mm,size from the register (600x600 mm),Original PDFs/1079.pdf
TM1-10A,Traffic Hazard (Multi-Message Sign ONLY),Tm1 Advance Series,TRAFFIC_HAZARD_MULTI_MESSAGE_SIGN_ONLY_TM1-10A.svg,600x600 mm,size from the register (600x600 mm),Original PDFs/1024.pdf
TM1-18B,Prepare To Stop (Multi-Message Sign ONLY),Tm1 Advance Series,PREPARE_TO_STOP_MULTI_MESSAGE_SIGN_ONLY_TM1-18B.svg,1200x300 mm,size from the register (1200x300 mm),Original PDFs/978.pdf
TM1-18A,Prepare to Stop (Multi-Message sign ONLY),Tm1 Advance Series,PREPARE_TO_STOP_MULTI_MESSAGE_SIGN_ONLY_TM1-18A.svg,600x600 mm,size from the register (600x600 mm),Original PDFs/1238.pdf
TM1-25C,Roadwork On Side Road (Multi-Message Sign ONLY),Tm1 Advance Series,ROADWORK_ON_SIDE_ROAD_MULTI_MESSAGE_SIGN_ONLY_TM1-25C.svg,600x1200 mm,size from the register (1200x600 mm),Original PDFs/980.pdf
TM1-28B,Next 'x' km  (Multi-Message Sign ONLY),Tm1 Advance Series,NEXT_X_KM_MULTI_MESSAGE_SIGN_ONLY_TM1-28B.svg,1200x275 mm,size from the register (1200x300 mm),Original PDFs/1002.pdf
TM1-28A,Next 'xx' km (Multi-Message Sign ONLY),Tm1 Advance Series,NEXT_XX_KM_MULTI_MESSAGE_SIGN_ONLY_TM1-28A.svg,600x600 mm,size from the register (600x600 mm),Original PDFs/1003.pdf
TM1-30A,Signals Ahead (Symbolic) (Multi-Message Sign ONLY),Tm1 Advance Series,SIGNALS_AHEAD_SYMBOLIC_MULTI_MESSAGE_SIGN_ONLY_TM1-30A.svg,600x600 mm,size from the register (600x600 mm),Original PDFs/986.pdf
TM1-32A,Side Road Closed (Multi-Message Sign ONLY),Tm1 Advance Series,SIDE_ROAD_CLOSED_MULTI_MESSAGE_SIGN_ONLY_TM1-32A.svg,600x600 mm,size from the register (600x600 mm),Original PDFs/987.pdf
TM1-34A,Traffic Controller (Symbolic) (Multi-Message Sign ONLY),Tm1 Advance Series,TRAFFIC_CONTROLLER_SYMBOLIC_MULTI_MESSAGE_SIGN_ONLY_TM1-34A.svg,600x600 mm,size from the register (600x600 mm),Original PDFs/988.pdf
TM1-38A,Road Hump Ahead (Multi-Message Sign ONLY) (Replaces T1-SA129M),Tm1 Advance Series,ROAD_HUMP_AHEAD_MULTI_MESSAGE_SIGN_ONLY_REPLACES_T1_SA129M_TM1-38A.svg,600x600 mm,size from the register (600x600 mm),Original PDFs/1021.pdf
TM1-43A,Road Closed Ahead (Multi-Message Sign ONLY) (Replaces T1-SA134M),Tm1 Advance Series,ROAD_CLOSED_AHEAD_MULTI_MESSAGE_SIGN_ONLY_REPLACES_T1_SA134M_TM1-43A.svg,600x600 mm,size from the register (600x600 mm),Original PDFs/1120.pdf
TM1-46A,Queued Traffic Ahead (Multi-Message Sign ONLY),Tm1 Advance Series,QUEUED_TRAFFIC_AHEAD_MULTI_MESSAGE_SIGN_ONLY_TM1-46A.svg,600x600 mm,size from the register (600x600 mm),Original PDFs/1339.pdf
TM1-47A,Queued Traffic Symbol (Multi-Message Sign ONLY),Tm1 Advance Series,QUEUED_TRAFFIC_SYMBOL_MULTI_MESSAGE_SIGN_ONLY_TM1-47A.svg,600x600 mm,size from the register (600x600 mm),Original PDFs/1340.pdf
TM1-SA10B,Traffic Hazard (Multi-Message Sign ONLY),Tm1 Advance Series,TRAFFIC_HAZARD_MULTI_MESSAGE_SIGN_ONLY_TM1-SA10B.svg,1200x300 mm,size from the register (1200x300 mm),Original PDFs/977.pdf
TM1-SA140B,'xxx' m Ahead (Multi-Message Sign ONLY),Tm1 Advance Series,XXX_M_AHEAD_MULTI_MESSAGE_SIGN_ONLY_TM1-SA140B.svg,1200x300 mm,size from the register (1200x300 mm),Original PDFs/1147.pdf
TM1-SA141B,Merge 'xxx' m Ahead (Multi-Message Sign ONLY),Tm1 Advance Series,MERGE_XXX_M_AHEAD_MULTI_MESSAGE_SIGN_ONLY_TM1-SA141B.svg,1200x300 mm,size from the register (1200x300 mm),Original PDFs/1148.pdf
TM1-SA145A,Bicycle Detour Ahead,Tm1 Advance Series,BICYCLE_DETOUR_AHEAD_TM1-SA145A.svg,600x585 mm,size from the register (600x600 mm),Original PDFs/1234.pdf
TM1-SA147B,Drive Carefully (Multi-Message Sign ONLY),Tm1 Advance Series,DRIVE_CAREFULLY_MULTI_MESSAGE_SIGN_ONLY_TM1-SA147B.svg,1200x300 mm,size from the register (1200x300 mm),Original PDFs/1265.pdf
TM1-SA149A,Expect Delays 'xx' min (Multi-Message Sign ONLY),Tm1 Advance Series,EXPECT_DELAYS_XX_MIN_MULTI_MESSAGE_SIGN_ONLY_TM1-SA149A.svg,600x575 mm,size from the register (600x600 mm),Original PDFs/1275.pdf
TM1-SA150A,Use Alt Route (Multi-Message Sign ONLY),Tm1 Advance Series,USE_ALT_ROUTE_MULTI_MESSAGE_SIGN_ONLY_TM1-SA150A.svg,600x575 mm,size from the register (600x600 mm),Original PDFs/1276.pdf
TM2-4B,Road Closed  (Multi-Message Sign ONLY) (previously black/yellow - may be used until 31 December 2021),Tm2 Position Series,ROAD_CLOSED_MULTI_MESSAGE_SIGN_ONLY_PREVIOUSLY_BLACK_YELLOW_MAY_BE_USED_UNTIL_31_TM2-4B.svg,1200x300 mm,size from the register (1200x300 mm),Original PDFs/1061.pdf
TM2-4C,Road Closed  (Multi-Message Sign ONLY) (previously black/yellow - may be used until 31 December 2021),Tm2 Position Series,ROAD_CLOSED_MULTI_MESSAGE_SIGN_ONLY_PREVIOUSLY_BLACK_YELLOW_MAY_BE_USED_UNTIL_31_TM2-4C.svg,1200x600 mm,size from the register (1200x600 mm),Original PDFs/1062.pdf
TM2-17A,End Roadwork (Multi-Message Sign ONLY),Tm2 Position Series,END_ROADWORK_MULTI_MESSAGE_SIGN_ONLY_TM2-17A.svg,600x575 mm,size from the register (600x600 mm),Original PDFs/989.pdf
TM2-17B,End Roadwork,Tm2 Position Series,END_ROADWORK_TM2-17B.svg,1200x300 mm,size from the register (1200x300 mm),Original PDFs/1458.pdf
TM2-23C,End Detour (Multi-Message Sign ONLY),Tm2 Position Series,END_DETOUR_MULTI_MESSAGE_SIGN_ONLY_TM2-23C.svg,1200x600 mm,size from the register (1200x600 mm),Original PDFs/975.pdf
TM2-24A,Two Way Traffic Lane Status (Multi-Message Sign ONLY),Tm2 Position Series,TWO_WAY_TRAFFIC_LANE_STATUS_MULTI_MESSAGE_SIGN_ONLY_TM2-24A.svg,600x600 mm,size from the register (600x600 mm),Original PDFs/1097.pdf
TM2-25A,Trucks (Symbolic) (Multi-Message Sign ONLY),Tm2 Position Series,TRUCKS_SYMBOLIC_MULTI_MESSAGE_SIGN_ONLY_TM2-25A.svg,600x600 mm,size from the register (600x600 mm),Original PDFs/974.pdf
TM2-29B,Trenching Works (Multi-Message Sign ONLY) (Replaces T4-SA104-1M),Tm2 Position Series,TRENCHING_WORKS_MULTI_MESSAGE_SIGN_ONLY_REPLACES_T4_SA104_1M_TM2-29B.svg,1200x300 mm,size from the register (1200x300 mm),Original PDFs/1068.pdf
TM2-29A,Trenching Works (Multi-Message Sign ONLY) (Replaces T4-SA104-2M),Tm2 Position Series,TRENCHING_WORKS_MULTI_MESSAGE_SIGN_ONLY_REPLACES_T4_SA104_2M_TM2-29A.svg,600x600 mm,size from the register (600x600 mm),Original PDFs/1069.pdf
TM2-31B,Litter Collection (Multi-Message Sign ONLY) (Replaces T4-SA106-1M),Tm2 Position Series,LITTER_COLLECTION_MULTI_MESSAGE_SIGN_ONLY_REPLACES_T4_SA106_1M_TM2-31B.svg,1200x300 mm,size from the register (1200x300 mm),Original PDFs/1072.pdf
TM2-31A,Litter Collection (Multi-Message Sign ONLY) (Replaces T4-SA106-2M),Tm2 Position Series,LITTER_COLLECTION_MULTI_MESSAGE_SIGN_ONLY_REPLACES_T4_SA106_2M_TM2-31A.svg,600x575 mm,size from the register (600x600 mm),Original PDFs/1073.pdf
TM2-32B,Utility Repairs (Multi-Message Sign ONLY) (Replaces T4-SA102-1M),Tm2 Position Series,UTILITY_REPAIRS_MULTI_MESSAGE_SIGN_ONLY_REPLACES_T4_SA102_1M_TM2-32B.svg,1200x300 mm,size from the register (1200x300 mm),Original PDFs/1064.pdf
TM2-32A,Utility Repairs (Multi-Message Sign ONLY) (Replaces T4-SA102-2M),Tm2 Position Series,UTILITY_REPAIRS_MULTI_MESSAGE_SIGN_ONLY_REPLACES_T4_SA102_2M_TM2-32A.svg,600x575 mm,size from the register (600x600 mm),Original PDFs/1065.pdf
TM2-33B,Emergency Works (Multi-Message Sign ONLY) (Replaces T4-SA103-1M),Tm2 Position Series,EMERGENCY_WORKS_MULTI_MESSAGE_SIGN_ONLY_REPLACES_T4_SA103_1M_TM2-33B.svg,1200x300 mm,size from the register (1200x300 mm),Original PDFs/1066.pdf
TM2-33A,Emergency Works (Multi-Message Sign ONLY) (Replaces T4-SA103-2M),Tm2 Position Series,EMERGENCY_WORKS_MULTI_MESSAGE_SIGN_ONLY_REPLACES_T4_SA103_2M_TM2-33A.svg,600x600 mm,size from the register (600x600 mm),Original PDFs/1067.pdf
TM2-34A,Survey Works (Multi-Message Sign ONLY) (Replaces T1-SA110M),Tm2 Position Series,SURVEY_WORKS_MULTI_MESSAGE_SIGN_ONLY_REPLACES_T1_SA110M_TM2-34A.svg,600x600 mm,size from the register (600x600 mm),Original PDFs/1328.pdf
TM2-36C,Road Plates In Use (Multi-Message Sign ONLY) (Replaces T4-SA108-1M),Tm2 Position Series,ROAD_PLATES_IN_USE_MULTI_MESSAGE_SIGN_ONLY_REPLACES_T4_SA108_1M_TM2-36C.svg,1200x600 mm,size from the register (1200x600 mm),Original PDFs/1076.pdf
TM2-36A,Road Plates In Use (Multi-Message Sign ONLY) (Replaces T4-SA108-2M),Tm2 Position Series,ROAD_PLATES_IN_USE_MULTI_MESSAGE_SIGN_ONLY_REPLACES_T4_SA108_2M_TM2-36A.svg,600x600 mm,size from the register (600x600 mm),Original PDFs/1077.pdf
TM2-37A,Powerline Works (Multi-Message Sign ONLY),Tm2 Position Series,POWERLINE_WORKS_MULTI_MESSAGE_SIGN_ONLY_TM2-37A.svg,600x575 mm,size from the register (600x600 mm),Original PDFs/1353.pdf
TM2-51A,Road Hump (Multi-Message Sign ONLY) (Replaces T1-SA130M),Tm2 Position Series,ROAD_HUMP_MULTI_MESSAGE_SIGN_ONLY_REPLACES_T1_SA130M_TM2-51A.svg,600x600 mm,size from the register (600x600 mm),Original PDFs/1020.pdf
TM2-52A,Boom Barrier (Multi-Message sign ONLY) (Replaces T1-SA146M),Tm2 Position Series,BOOM_BARRIER_MULTI_MESSAGE_SIGN_ONLY_REPLACES_T1_SA146M_TM2-52A.svg,600x600 mm,size from the register (600x600 mm),Original PDFs/1237.pdf
TM2-52A,Boom Barrier (Multi-Message sign ONLY) (Replaces T1-SA146M),Tm2 Position Series,BOOM_BARRIER_MULTI_MESSAGE_SIGN_ONLY_REPLACES_T1_SA146M_VAR2_TM2-52A.svg,600x438 mm,no size found on the sheet; drawn at 1:10 — check; triangulated CAD export unioned,Original PDFs/1237.pdf
TM2-53A,Keep Tracks Clear (Multi-Message Sign ONLY) (Replaces T1-SA124M),Tm2 Position Series,KEEP_TRACKS_CLEAR_MULTI_MESSAGE_SIGN_ONLY_REPLACES_T1_SA124M_TM2-53A.svg,600x600 mm,size from the register (600x600 mm),Original PDFs/1124.pdf
TM2-54A,Tram Only (Multi-Message Sign ONLY) (Replaces T1-SA142M),Tm2 Position Series,TRAM_ONLY_MULTI_MESSAGE_SIGN_ONLY_REPLACES_T1_SA142M_TM2-54A.svg,600x575 mm,size from the register (600x600 mm),Original PDFs/1172.pdf
TM2-56A,End Tram Works (Multi-Message sign ONLY) (Replaces T2-SA55M),Tm2 Position Series,END_TRAM_WORKS_MULTI_MESSAGE_SIGN_ONLY_REPLACES_T2_SA55M_TM2-56A.svg,600x600 mm,size from the register (600x600 mm),Original PDFs/1176.pdf
TM2-SA4A,Road Closed  (Multi-Message Sign ONLY) (previously black/yellow - may be used until 31 December 2021),Tm2 Position Series,ROAD_CLOSED_MULTI_MESSAGE_SIGN_ONLY_PREVIOUSLY_BLACK_YELLOW_MAY_BE_USED_UNTIL_31_TM2-SA4A.svg,600x600 mm,size from the register (600x600 mm),Original PDFs/1427.pdf
TM2-SA101A,Driveway Access (Multi-Message Sign ONLY),Tm2 Position Series,DRIVEWAY_ACCESS_MULTI_MESSAGE_SIGN_ONLY_TM2-SA101A.svg,600x600 mm,size from the register (600x600 mm),Original PDFs/1439.pdf
TM2-SA106A,End (Multi-Message Sign ONLY),Tm2 Position Series,END_MULTI_MESSAGE_SIGN_ONLY_TM2-SA106A.svg,600x575 mm,size from the register (600x600 mm),Original PDFs/1101.pdf
TM2-SA106C,End (Multi-Message Sign ONLY),Tm2 Position Series,END_MULTI_MESSAGE_SIGN_ONLY_TM2-SA106C.svg,1200x600 mm,size from the register (1200x600 mm),Original PDFs/1428.pdf
TM2-SA107B,Road Inspection (Multi-Message Sign ONLY),Tm2 Position Series,ROAD_INSPECTION_MULTI_MESSAGE_SIGN_ONLY_TM2-SA107B.svg,1200x300 mm,size from the register (1200x300 mm),Original PDFs/1074.pdf
TM2-SA107A,Road Inspection (Multi-Message Sign ONLY),Tm2 Position Series,ROAD_INSPECTION_MULTI_MESSAGE_SIGN_ONLY_TM2-SA107A.svg,600x575 mm,size from the register (600x600 mm),Original PDFs/1075.pdf
TM2-SA110B,Weed Control (Multi-Message Sign ONLY),Tm2 Position Series,WEED_CONTROL_MULTI_MESSAGE_SIGN_ONLY_TM2-SA110B.svg,1200x300 mm,size from the register (1200x300 mm),Original PDFs/1092.pdf
TM2-SA110A,Weed Control (Multi-Message Sign ONLY),Tm2 Position Series,WEED_CONTROL_MULTI_MESSAGE_SIGN_ONLY_TM2-SA110A.svg,600x600 mm,size from the register (600x600 mm),Original PDFs/1093.pdf
TM2-SA111B,Tree Planting (Multi-Message Sign Only),Tm2 Position Series,TREE_PLANTING_MULTI_MESSAGE_SIGN_ONLY_TM2-SA111B.svg,1200x300 mm,size from the register (1200x300 mm),Original PDFs/1095.pdf
TM2-SA111A,Tree Planting (Multi-Message Sign Only),Tm2 Position Series,TREE_PLANTING_MULTI_MESSAGE_SIGN_ONLY_TM2-SA111A.svg,600x600 mm,size from the register (600x600 mm),Original PDFs/1096.pdf
TM2-SA112A,Business And Residential Traffic Only,Tm2 Position Series,BUSINESS_AND_RESIDENTIAL_TRAFFIC_ONLY_TM2-SA112A.svg,600x600 mm,size from the register (600x600 mm),Original PDFs/1457.pdf
TM2-SA113A,Do not queue over driveways,Tm2 Position Series,DO_NOT_QUEUE_OVER_DRIVEWAYS_TM2-SA113A.svg,600x600 mm,size from the register (600x600 mm),Original PDFs/1464.pdf
TM2-SA114,Do not queue over driveways,Tm2 Position Series,DO_NOT_QUEUE_OVER_DRIVEWAYS_TM2-SA114.svg,1200x601 mm,size from the register (1200x600 mm),Original PDFs/1463.pdf
TM3-3A,Slippery (Multi-Message Sign ONLY),Tm3 Road Condition Series,SLIPPERY_MULTI_MESSAGE_SIGN_ONLY_TM3-3A.svg,600x600 mm,size from the register (600x600 mm),Original PDFs/973.pdf
TM3-6A,Soft Edges (Multi-Message Sign ONLY),Tm3 Road Condition Series,SOFT_EDGES_MULTI_MESSAGE_SIGN_ONLY_TM3-6A.svg,600x600 mm,size from the register (600x600 mm),Original PDFs/972.pdf
TM3-6B,Soft Edges (Multi-Message Sign ONLY),Tm3 Road Condition Series,SOFT_EDGES_MULTI_MESSAGE_SIGN_ONLY_TM3-6B.svg,300x450 mm,size from the register (1200x300 mm); drawn proportions differ from the register size — check,Original PDFs/1314.pdf
TM3-7A,Rough Surface (Multi-Message Sign ONLY),Tm3 Road Condition Series,ROUGH_SURFACE_MULTI_MESSAGE_SIGN_ONLY_TM3-7A.svg,600x575 mm,size from the register (600x600 mm),Original PDFs/971.pdf
TM3-7B,Rough Surface (Multi-Message Sign ONLY),,,,same sheet as TM3-6B; its drawings are filed there (symbols not told apart on an all-outlined sheet — check),Original PDFs/1315.pdf
TM3-9A,Loose Stones (Symbolic) (Multi-Message Sign ONLY),Tm3 Road Condition Series,LOOSE_STONES_SYMBOLIC_MULTI_MESSAGE_SIGN_ONLY_TM3-9A.svg,600x600 mm,size from the register (600x600 mm),Original PDFs/970.pdf
TM3-11C,New Work No Lines Marked (Multi-Message Sign ONLY),,,,same sheet as TM3-6B; its drawings are filed there (symbols not told apart on an all-outlined sheet — check),Original PDFs/1319.pdf
TM3-12C,No Lines Do Not Overtake Unless Safe (Multi-Message Sign ONLY),,,,same sheet as TM3-6B; its drawings are filed there (symbols not told apart on an all-outlined sheet — check),Original PDFs/1320.pdf
TM3-13A,Gravel Road (Multi-Message Sign ONLY),Tm3 Road Condition Series,GRAVEL_ROAD_MULTI_MESSAGE_SIGN_ONLY_TM3-13A.svg,600x600 mm,size from the register (600x600 mm),Original PDFs/969.pdf
TM3-13B,Gravel Road (Multi-Message Sign ONLY),,,,same sheet as TM3-6B; its drawings are filed there (symbols not told apart on an all-outlined sheet — check),Original PDFs/1317.pdf
TM3-14B,Loose Surface (Multi-Message Sign ONLY),Tm3 Road Condition Series,LOOSE_SURFACE_MULTI_MESSAGE_SIGN_ONLY_TM3-14B.svg,1200x300 mm,size from the register (1200x300 mm),Original PDFs/967.pdf
TM3-14A,Loose Surface (Multi-Message Sign ONLY),Tm3 Road Condition Series,LOOSE_SURFACE_MULTI_MESSAGE_SIGN_ONLY_TM3-14A.svg,600x600 mm,size from the register (600x600 mm),Original PDFs/968.pdf
TM3-16-1A,'xx' km/h (Multi-Message Sign ONLY),Tm3 Road Condition Series,XX_KM_H_MULTI_MESSAGE_SIGN_ONLY_TM3-16-1A.svg,600x600 mm,size from the register (600x600 mm),Original PDFs/1181.pdf
TM3-25A,Deep Edge Drop (Multi-Message Sign ONLY) (Replaces T3-SA101-2M),Tm3 Road Condition Series,DEEP_EDGE_DROP_MULTI_MESSAGE_SIGN_ONLY_REPLACES_T3_SA101_2M_TM3-25A.svg,600x600 mm,size from the register (600x600 mm),Original PDFs/945.pdf
TM3-SA25B,Deep Edge Drop (Multi-Message Sign ONLY),Tm3 Road Condition Series,DEEP_EDGE_DROP_MULTI_MESSAGE_SIGN_ONLY_TM3-SA25B.svg,1200x300 mm,size from the register (1200x300 mm),Original PDFs/944.pdf
TM3-SA101C,Wet Paint On Road (Multi-Message Sign ONLY),Tm3 Road Condition Series,WET_PAINT_ON_ROAD_MULTI_MESSAGE_SIGN_ONLY_TM3-SA101C.svg,600x1200 mm,size from the register (1200x600 mm),Original PDFs/1031.pdf
TM3-SA102A,Deep Edge Drop (Symbolic) (Multi-Message Sign ONLY) refer TES16542 for larger size,Tm3 Road Condition Series,DEEP_EDGE_DROP_SYMBOLIC_MULTI_MESSAGE_SIGN_ONLY_REFER_TES16542_FOR_LARGER_SIZE_TM3-SA102A.svg,600x600 mm,size from the register (600x600 mm),Original PDFs/946.pdf
TM3-SA103B,Road Surfacing (Multi-Message Sign ONLY),Tm3 Road Condition Series,ROAD_SURFACING_MULTI_MESSAGE_SIGN_ONLY_TM3-SA103B.svg,1200x300 mm,size from the register (1200x300 mm),Original PDFs/1027.pdf
TM3-SA103A,Road Surfacing (Multi-Message Sign ONLY),Tm3 Road Condition Series,ROAD_SURFACING_MULTI_MESSAGE_SIGN_ONLY_TM3-SA103A.svg,600x600 mm,size from the register (600x600 mm),Original PDFs/1028.pdf
TM3-SA104B,Kerbing Repairs (Multi-Message Sign ONLY),Tm3 Road Condition Series,KERBING_REPAIRS_MULTI_MESSAGE_SIGN_ONLY_TM3-SA104B.svg,1200x300 mm,size from the register (1200x300 mm),Original PDFs/1029.pdf
TM3-SA104A,Kerbing Repairs (Multi-Message Sign ONLY),Tm3 Road Condition Series,KERBING_REPAIRS_MULTI_MESSAGE_SIGN_ONLY_TM3-SA104A.svg,600x575 mm,size from the register (600x600 mm),Original PDFs/1030.pdf
TM3-SA105B,New Surface (Multi-Message Sign ONLY),Tm3 Road Condition Series,NEW_SURFACE_MULTI_MESSAGE_SIGN_ONLY_TM3-SA105B.svg,1200x900 mm,size from the register (1200x300 mm); drawn proportions differ from the register size — check,Original PDFs/1447.pdf
TM3-SA105B,New Surface (Multi-Message Sign ONLY),Tm3 Road Condition Series,NEW_SURFACE_MULTI_MESSAGE_SIGN_ONLY_VAR2_TM3-SA105B.svg,1200x300 mm,no size found on the sheet; drawn at 1:10 — check,Original PDFs/1447.pdf
TM3-SA106A,No Lines Marked (Multi-Message Sign ONLY),Tm3 Road Condition Series,NO_LINES_MARKED_MULTI_MESSAGE_SIGN_ONLY_TM3-SA106A.svg,600x600 mm,size from the register (600x600 mm),Original PDFs/1429.pdf
TM3-SA106B,No Lines Marked (Multi-Message Sign ONLY),Tm3 Road Condition Series,NO_LINES_MARKED_MULTI_MESSAGE_SIGN_ONLY_TM3-SA106B.svg,1200x300 mm,size from the register (1200x300 mm),Original PDFs/1430.pdf
TM3-SA106C,No Lines Marked (Multi-Message Sign ONLY),Tm3 Road Condition Series,NO_LINES_MARKED_MULTI_MESSAGE_SIGN_ONLY_TM3-SA106C.svg,600x1200 mm,size from the register (1200x600 mm),Original PDFs/1431.pdf
TM4-6A,Smoke Hazard (Multi-Message Sign ONLY) (Replaces T4-6M),Tm4 Special Hazard Series,SMOKE_HAZARD_MULTI_MESSAGE_SIGN_ONLY_REPLACES_T4_6M_TM4-6A.svg,600x575 mm,size from the register (600x600 mm),Original PDFs/1186.pdf
TM4-8B,UHF Channel (Multi-Message Sign ONLY) (Replaces T1-SA148M),Tm4 Special Hazard Series,UHF_CHANNEL_MULTI_MESSAGE_SIGN_ONLY_REPLACES_T1_SA148M_TM4-8B.svg,1200x300 mm,size from the register (1200x300 mm),Original PDFs/1266.pdf
TM4-SA101A,Covid-19 Testing (Multi-Message Sign ONLY),Tm4 Special Hazard Series,COVID_19_TESTING_MULTI_MESSAGE_SIGN_ONLY_TM4-SA101A.svg,600x575 mm,size from the register (600x600 mm),Original PDFs/1446.pdf
TM4-SA109B,DAMAGED BARRIER (Multi-Message Sign ONLY),Tm4 Special Hazard Series,DAMAGED_BARRIER_MULTI_MESSAGE_SIGN_ONLY_TM4-SA109B.svg,1200x300 mm,size from the register (1200x300 mm),Original PDFs/1083.pdf
TM4-SA109A,DAMAGED BARRIER (Multi-Message Sign ONLY),Tm4 Special Hazard Series,DAMAGED_BARRIER_MULTI_MESSAGE_SIGN_ONLY_TM4-SA109A.svg,600x600 mm,size from the register (600x600 mm),Original PDFs/1084.pdf
TM4-SA112B,Prescribed Burn (Multi-Message Sign ONLY),Tm4 Special Hazard Series,PRESCRIBED_BURN_MULTI_MESSAGE_SIGN_ONLY_TM4-SA112B.svg,1200x300 mm,size from the register (1200x300 mm),Original PDFs/1187.pdf
TM4-SA113A,COVID-19 Testing Queues (Multi-Message Sign ONLY),Tm4 Special Hazard Series,COVID_19_TESTING_QUEUES_MULTI_MESSAGE_SIGN_ONLY_TM4-SA113A.svg,600x600 mm,size from the register (600x600 mm),Original PDFs/1452.pdf
TM4-SA114A,COVID-19 Traffic Only (Multi-Message ONLY),Tm4 Special Hazard Series,COVID_19_TRAFFIC_ONLY_MULTI_MESSAGE_ONLY_TM4-SA114A.svg,600x600 mm,size from the register (600x600 mm),Original PDFs/1453.pdf
TM4-SA115A,No queuing for covid-19 testing,Tm4 Special Hazard Series,NO_QUEUING_FOR_COVID_19_TESTING_TM4-SA115A.svg,600x901 mm,size from the register (600x900 mm),Original PDFs/1461.pdf
TM4-SA116C,Rat Collection Point,T4 Special Hazard Series,RAT_COLLECTION_POINT_TM4-SA116C.svg,1200x600 mm,size from the register (1200x600 mm),Original PDFs/1466.pdf
TM4-SA117A,Rat pick up point (Multi-Message ONLY),Tm4 Special Hazard Series,RAT_PICK_UP_POINT_MULTI_MESSAGE_ONLY_TM4-SA117A.svg,600x600 mm,size from the register (600x600 mm),Original PDFs/1465.pdf
TM4-SA118A,Rabbit Control (Multi-Message Sign ONLY),Tm4 Special Hazard Series,RABBIT_CONTROL_MULTI_MESSAGE_SIGN_ONLY_TM4-SA118A.svg,600x601 mm,size from the register (600x600 mm),Original PDFs/1565.pdf
TM5-1B,< Detour (Multi-Message Sign ONLY) (Left or Right or Straight),Tm5 Traffic Diversion Series,DETOUR_MULTI_MESSAGE_SIGN_ONLY_LEFT_OR_RIGHT_OR_STRAIGHT_TM5-1B.svg,1200x300 mm,size from the register (1200x300 mm),Original PDFs/952.pdf
TM5-7B,Detour (Multi-Message Sign ONLY),Tm5 Traffic Diversion Series,DETOUR_MULTI_MESSAGE_SIGN_ONLY_TM5-7B.svg,1200x300 mm,size from the register (1200x300 mm),Original PDFs/1432.pdf
TM5-9B,On Side Road (Multi-Message Sign ONLY) (Replaces T1-25-1M),Tm5 Traffic Diversion Series,ON_SIDE_ROAD_MULTI_MESSAGE_SIGN_ONLY_REPLACES_T1_25_1M_TM5-9B.svg,1200x300 mm,size from the register (1200x300 mm),Original PDFs/981.pdf
TM5-9A,On Side Road (Multi-Message Sign ONLY) (Replaces T1-25-2M),Tm5 Traffic Diversion Series,ON_SIDE_ROAD_MULTI_MESSAGE_SIGN_ONLY_REPLACES_T1_25_2M_TM5-9A.svg,600x600 mm,size from the register (600x600 mm),Original PDFs/982.pdf
TM5-SA101A,Bicycle Detour,Tm5 Traffic Diversion Series,BICYCLE_DETOUR_TM5-SA101A.svg,600x600 mm,size from the register (600x600 mm),Original PDFs/1236.pdf
TM5-SA101A,Bicycle Detour,Tm5 Traffic Diversion Series,BICYCLE_DETOUR_VAR2_TM5-SA101A.svg,400x400 mm,no size found on the sheet; drawn at 1:10 — check; triangulated CAD export unioned,Original PDFs/1236.pdf
TM5-SA102A,Bicycle Detour,Tm5 Traffic Diversion Series,BICYCLE_DETOUR_TM5-SA102A.svg,600x600 mm,size from the register (600x600 mm),Original PDFs/1235.pdf
TM5-SA103B,Proceed When Clear (Multi-Message Sign ONLY),Tm5 Traffic Diversion Series,PROCEED_WHEN_CLEAR_MULTI_MESSAGE_SIGN_ONLY_TM5-SA103B.svg,1200x300 mm,size from the register (1200x300 mm),Original PDFs/1105.pdf
TM8-2B,Pedestrians (Multi-Message Sign ONLY),Tm8 Pedestrian & Cyclist Series,PEDESTRIANS_MULTI_MESSAGE_SIGN_ONLY_TM8-2B.svg,1200x300 mm,size from the register (1200x300 mm),Original PDFs/965.pdf
TM8-2B,Pedestrians (Multi-Message Sign ONLY),Tm8 Pedestrian & Cyclist Series,PEDESTRIANS_MULTI_MESSAGE_SIGN_ONLY_VAR2_TM8-2B.svg,1200x300 mm,no size found on the sheet; drawn at 1:10 — check; triangulated CAD export unioned,Original PDFs/965.pdf
TM8-3A,Use Other Footpath (Multi-Message Sign ONLY),Tm8 Pedestrian & Cyclist Series,USE_OTHER_FOOTPATH_MULTI_MESSAGE_SIGN_ONLY_TM8-3A.svg,600x575 mm,size from the register (600x600 mm),Original PDFs/964.pdf
TM8-4A,Footpath Closed (Multi-Message Sign ONLY),Tm8 Pedestrian & Cyclist Series,FOOTPATH_CLOSED_MULTI_MESSAGE_SIGN_ONLY_TM8-4A.svg,600x600 mm,size from the register (600x600 mm),Original PDFs/961.pdf
TM8-7A,Watch Your Step (Multi-Message Sign ONLY),Tm8 Pedestrian & Cyclist Series,WATCH_YOUR_STEP_MULTI_MESSAGE_SIGN_ONLY_TM8-7A.svg,600x601 mm,size from the register (600x600 mm),Original PDFs/1395.pdf
TM8-13B,Pedestrian Hazard (Multi-Message Sign ONLY) (Replaces T8-SA101-1M),Tm8 Pedestrian & Cyclist Series,PEDESTRIAN_HAZARD_MULTI_MESSAGE_SIGN_ONLY_REPLACES_T8_SA101_1M_TM8-13B.svg,1200x300 mm,size from the register (1200x300 mm),Original PDFs/1054.pdf
TM8-13A,Pedestrian Hazard (Multi-Message Sign ONLY) (Replaces T8-SA101-2M),Tm8 Pedestrian & Cyclist Series,PEDESTRIAN_HAZARD_MULTI_MESSAGE_SIGN_ONLY_REPLACES_T8_SA101_2M_TM8-13A.svg,600x575 mm,size from the register (600x600 mm),Original PDFs/1055.pdf
TM8-14B,Cycling Hazard (Multi-Message Sign ONLY) (Replace T1-SA132-1M),Tm8 Pedestrian & Cyclist Series,CYCLING_HAZARD_MULTI_MESSAGE_SIGN_ONLY_REPLACE_T1_SA132_1M_TM8-14B.svg,1200x300 mm,size from the register (1200x300 mm),Original PDFs/1025.pdf
TM8-14A,Cycling Hazard (Multi-Message Sign ONLY) (Replaces T1-SA132-2M),Tm8 Pedestrian & Cyclist Series,CYCLING_HAZARD_MULTI_MESSAGE_SIGN_ONLY_REPLACES_T1_SA132_2M_TM8-14A.svg,600x600 mm,size from the register (600x600 mm),Original PDFs/1026.pdf
TM8-16A,Bicycle Lane Closed (Multi-Message Sign ONLY),Tm8 Pedestrian & Cyclist Series,BICYCLE_LANE_CLOSED_MULTI_MESSAGE_SIGN_ONLY_TM8-16A.svg,600x600 mm,size from the register (600x600 mm),Original PDFs/1402.pdf
TM8-SA2A,Pedestrians,Tm8 Pedestrian & Cyclist Series,PEDESTRIANS_TM8-SA2A.svg,600x600 mm,size from the register (600x600 mm),Original PDFs/1443.pdf
TM8-SA2A,Pedestrians,Tm8 Pedestrian & Cyclist Series,PEDESTRIANS_VAR2_TM8-SA2A.svg,450x450 mm,no size found on the sheet; drawn at 1:10 — check; triangulated CAD export unioned,Original PDFs/1443.pdf
TM8-SA4B,Footpath Closed (Multi-Message Sign ONLY),Tm8 Pedestrian & Cyclist Series,FOOTPATH_CLOSED_MULTI_MESSAGE_SIGN_ONLY_TM8-SA4B.svg,1200x300 mm,size from the register (1200x300 mm),Original PDFs/1433.pdf
TM8-SA102B,Footpath Repairs (Multi-Message Sign ONLY),Tm8 Pedestrian & Cyclist Series,FOOTPATH_REPAIRS_MULTI_MESSAGE_SIGN_ONLY_TM8-SA102B.svg,1200x300 mm,size from the register (1200x300 mm),Original PDFs/1056.pdf
TM8-SA102A,Footpath Repairs (Multi-Message Sign ONLY),Tm8 Pedestrian & Cyclist Series,FOOTPATH_REPAIRS_MULTI_MESSAGE_SIGN_ONLY_TM8-SA102A.svg,600x575 mm,size from the register (600x600 mm),Original PDFs/1057.pdf
TM8-SA110A,Bikeway / Bicycle Path Closed,Tm8 Pedestrian & Cyclist Series,BIKEWAY_BICYCLE_PATH_CLOSED_TM8-SA110A.svg,600x600 mm,size from the register (600x600 mm),Original PDFs/1233.pdf
TM8-SA111A,Bicycle End Detour,Tm8 Pedestrian & Cyclist Series,BICYCLE_END_DETOUR_TM8-SA111A.svg,600x600 mm,size from the register (600x600 mm),Original PDFs/1232.pdf
TM8-SA112A,Pedestrian Wait Here (Multi-Message Sign ONLY),Tm8 Pedestrian & Cyclist Series,PEDESTRIAN_WAIT_HERE_MULTI_MESSAGE_SIGN_ONLY_TM8-SA112A.svg,600x601 mm,size from the register (600x600 mm),Original PDFs/1500.pdf
TM9-1B,Event Ahead (Multi-Message Sign ONLY) (Replaces T1-SA67-1M),Tm9 Event Series,EVENT_AHEAD_MULTI_MESSAGE_SIGN_ONLY_REPLACES_T1_SA67_1M_TM9-1B.svg,1200x300 mm,size from the register (1200x300 mm),Original PDFs/1006.pdf
TM9-1A,Event Ahead (Multi-Message Sign ONLY) (Replaces T1-SA67-2M),Tm9 Event Series,EVENT_AHEAD_MULTI_MESSAGE_SIGN_ONLY_REPLACES_T1_SA67_2M_TM9-1A.svg,600x575 mm,size from the register (600x600 mm),Original PDFs/1007.pdf
TM9-2B,End Event (Multi-Message Sign ONLY) (Replaces T2-SA104-1M),Tm9 Event Series,END_EVENT_MULTI_MESSAGE_SIGN_ONLY_REPLACES_T2_SA104_1M_TM9-2B.svg,1200x300 mm,size from the register (1200x300 mm),Original PDFs/1009.pdf
TM9-2A,End Event (Multi-Message Sign ONLY) (Replaces T2-SA104-2M),Tm9 Event Series,END_EVENT_MULTI_MESSAGE_SIGN_ONLY_REPLACES_T2_SA104_2M_TM9-2A.svg,600x575 mm,size from the register (600x600 mm),Original PDFs/1010.pdf
TM9-3B,Event in Progress (Multi-Message Sign ONLY) (Replaces T2-SA105-1M),Tm9 Event Series,EVENT_IN_PROGRESS_MULTI_MESSAGE_SIGN_ONLY_REPLACES_T2_SA105_1M_TM9-3B.svg,1200x300 mm,size from the register (1200x300 mm),Original PDFs/1014.pdf
TM9-3A,Event in Progress (Multi-Message Sign ONLY) (Replaces T2-SA105-2M),Tm9 Event Series,EVENT_IN_PROGRESS_MULTI_MESSAGE_SIGN_ONLY_REPLACES_T2_SA105_2M_TM9-3A.svg,600x600 mm,size from the register (600x600 mm),Original PDFs/1088.pdf
TM9-6C,Community Event Ahead (Multi-Message Sign ONLY) (Replaces T1-SA133M),Tm9 Event Series,COMMUNITY_EVENT_AHEAD_MULTI_MESSAGE_SIGN_ONLY_REPLACES_T1_SA133M_TM9-6C.svg,600x1200 mm,size from the register (1200x600 mm),Original PDFs/1089.pdf
TM9-7A,Cyclist Racing (Multi-Message Sign ONLY) (Replaces T1-SA127M),Tm9 Event Series,CYCLIST_RACING_MULTI_MESSAGE_SIGN_ONLY_REPLACES_T1_SA127M_TM9-7A.svg,600x600 mm,size from the register (600x600 mm),Original PDFs/1012.pdf
TM9-8A,Runner Symbolic (Multi-Message Sign ONLY) (Replaces T1-SA128M),Tm9 Event Series,RUNNER_SYMBOLIC_MULTI_MESSAGE_SIGN_ONLY_REPLACES_T1_SA128M_TM9-8A.svg,600x600 mm,size from the register (600x600 mm),Original PDFs/1013.pdf
TM9-SA25B,On Side Road (Multi-Message Sign ONLY),Tm9 Event Series,ON_SIDE_ROAD_MULTI_MESSAGE_SIGN_ONLY_TM9-SA25B.svg,1200x300 mm,size from the register (1200x300 mm),Original PDFs/999.pdf
TM9-SA25A,On Side Road (Multi-Message Sign ONLY),Tm9 Event Series,ON_SIDE_ROAD_MULTI_MESSAGE_SIGN_ONLY_TM9-SA25A.svg,600x600 mm,size from the register (600x600 mm),Original PDFs/1000.pdf
TM9-SA28B,Next 'x' km (Multi-Message Sign ONLY),Tm9 Event Series,NEXT_X_KM_MULTI_MESSAGE_SIGN_ONLY_TM9-SA28B.svg,1200x275 mm,size from the register (1200x300 mm),Original PDFs/1004.pdf
TM9-SA28A,Next 'x' km (Multi-Message Sign ONLY),Tm9 Event Series,NEXT_X_KM_MULTI_MESSAGE_SIGN_ONLY_TM9-SA28A.svg,600x600 mm,size from the register (600x600 mm),Original PDFs/1005.pdf
TM9-SA107A,Event Turn Left/Right (Multi-Message Sign ONLY),Tm9 Event Series,EVENT_TURN_LEFT_RIGHT_MULTI_MESSAGE_SIGN_ONLY_TM9-SA107A.svg,600x600 mm,size from the register (600x600 mm),Original PDFs/1099.pdf
TM9-SA108A,Event Parking (Multi-Message Sign ONLY),Tm9 Event Series,EVENT_PARKING_MULTI_MESSAGE_SIGN_ONLY_TM9-SA108A.svg,600x600 mm,size from the register (600x600 mm),Original PDFs/1100.pdf
TM9-SA109A,Speed Limit Changed (Multi-Message Sign ONLY),Tm9 Event Series,SPEED_LIMIT_CHANGED_MULTI_MESSAGE_SIGN_ONLY_TM9-SA109A.svg,600x600 mm,size from the register (600x600 mm),Original PDFs/1001.pdf
TM9-SA126A,Event Pedestrian (Multi-Message Sign ONLY),Tm9 Event Series,EVENT_PEDESTRIAN_MULTI_MESSAGE_SIGN_ONLY_TM9-SA126A.svg,600x600 mm,size from the register (600x600 mm),Original PDFs/1011.pdf
TM10-1A,Lane Through Ahead (Multi-Message Sign ONLY) (Replaces T2-SA6-1M),Tm10 Lane Status Series,LANE_THROUGH_AHEAD_MULTI_MESSAGE_SIGN_ONLY_REPLACES_T2_SA6_1M_TM10-1A.svg,600x600 mm,size from the register (600x600 mm),Original PDFs/954.pdf
TM10-2A,Lane Closed Ahead (Multi-Message Sign ONLY) (Replaces T2-SA6-2M),Tm10 Lane Status Series,LANE_CLOSED_AHEAD_MULTI_MESSAGE_SIGN_ONLY_REPLACES_T2_SA6_2M_TM10-2A.svg,600x600 mm,size from the register (600x600 mm),Original PDFs/953.pdf
TM10-3A,Left Lane of Two Lane Closed (Multi-Message Sign ONLY) (Replaces T2-6-1M),Tm10 Lane Status Series,LEFT_LANE_OF_TWO_LANE_CLOSED_MULTI_MESSAGE_SIGN_ONLY_REPLACES_T2_6_1M_TM10-3A.svg,600x600 mm,size from the register (600x600 mm),Original PDFs/1063.pdf
TM10-11A,Lane Status (Multi-Message Sign ONLY),Tm10 Lane Status Series,LANE_STATUS_MULTI_MESSAGE_SIGN_ONLY_TM10-11A.svg,600x575 mm,size from the register (600x600 mm),Original PDFs/1417.pdf
TM10-12A,Lane Status (Multi-Message Sign ONLY),Tm10 Lane Status Series,LANE_STATUS_MULTI_MESSAGE_SIGN_ONLY_TM10-12A.svg,600x600 mm,size from the register (600x600 mm),Original PDFs/1418.pdf
TM10-16A,Lane Status (Multi-Message Sign ONLY),Tm10 Lane Status Series,LANE_STATUS_MULTI_MESSAGE_SIGN_ONLY_TM10-16A.svg,600x600 mm,size from the register (600x600 mm),Original PDFs/1422.pdf
TM10-17A,Lane Status - Through Median (Multi-Message Sign ONLY) (Replaces T2-SA6-3M),Tm10 Lane Status Series,LANE_STATUS_THROUGH_MEDIAN_MULTI_MESSAGE_SIGN_ONLY_REPLACES_T2_SA6_3M_TM10-17A.svg,600x600 mm,size from the register (600x600 mm),Original PDFs/955.pdf
TM10-SA14C,2 Lanes Status (Multi-Message Sign ONLY),Tm10 Lane Status Series,2_LANES_STATUS_MULTI_MESSAGE_SIGN_ONLY_TM10-SA14C.svg,1200x600 mm,size from the register (1200x600 mm),Original PDFs/1178.pdf
TM10-SA111A,Merge Left (Multi-Message Sign ONLY),Tm10 Lane Status Series,MERGE_LEFT_MULTI_MESSAGE_SIGN_ONLY_TM10-SA111A.svg,600x600 mm,size from the register (600x600 mm),Original PDFs/1141.pdf
TM10-SA112A,Merge Right (Multi-Message Sign ONLY),Tm10 Lane Status Series,MERGE_RIGHT_MULTI_MESSAGE_SIGN_ONLY_TM10-SA112A.svg,600x600 mm,size from the register (600x600 mm),Original PDFs/1142.pdf
TM10-SA113A,Lateral Shift Left - 2 Lanes (Multi-Message Sign ONLY),Tm10 Lane Status Series,LATERAL_SHIFT_LEFT_2_LANES_MULTI_MESSAGE_SIGN_ONLY_TM10-SA113A.svg,600x600 mm,size from the register (600x600 mm),Original PDFs/1143.pdf
TM10-SA114A,Lateral Shift Right - 2 Lanes (Multi-Message Sign ONLY),Tm10 Lane Status Series,LATERAL_SHIFT_RIGHT_2_LANES_MULTI_MESSAGE_SIGN_ONLY_TM10-SA114A.svg,600x600 mm,size from the register (600x600 mm),Original PDFs/1144.pdf
TM10-SA115A,Merge Left - Right Lane (Multi-Message Sign ONLY),Tm10 Lane Status Series,MERGE_LEFT_RIGHT_LANE_MULTI_MESSAGE_SIGN_ONLY_TM10-SA115A.svg,600x600 mm,size from the register (600x600 mm),Original PDFs/1145.pdf
TM10-SA116A,Merge Right - Left Lane (Multi-Message Sign ONLY),Tm10 Lane Status Series,MERGE_RIGHT_LEFT_LANE_MULTI_MESSAGE_SIGN_ONLY_TM10-SA116A.svg,600x600 mm,size from the register (600x600 mm),Original PDFs/1146.pdf
TM10-SA117A,Lane Status - Through Arrow - Narrow,Tm10 Lane Status Series,LANE_STATUS_THROUGH_ARROW_NARROW_TM10-SA117A.svg,300x600 mm,size from the register (300x600 mm),Original PDFs/1474.pdf
TM10-SA118A,Lane Status - Lane Ends - Narrow,Tm10 Lane Status Series,LANE_STATUS_LANE_ENDS_NARROW_TM10-SA118A.svg,300x600 mm,size from the register (300x600 mm),Original PDFs/1475.pdf
TM10-SA119A,Lane Status - Right - Narrow,Tm10 Lane Status Series,LANE_STATUS_RIGHT_NARROW_TM10-SA119A.svg,300x600 mm,size from the register (300x600 mm),Original PDFs/1476.pdf
TM10-SA120A,Lane Status - Left - Narrow,Tm10 Lane Status Series,LANE_STATUS_LEFT_NARROW_TM10-SA120A.svg,300x600 mm,size from the register (300x600 mm),Original PDFs/1477.pdf
TM10-SA121A,Lane Status - Right Through - Narrow,Tm10 Lane Status Series,LANE_STATUS_RIGHT_THROUGH_NARROW_TM10-SA121A.svg,300x600 mm,size from the register (300x600 mm),Original PDFs/1478.pdf
TM10-SA122A,Lane Status - Through Left - Narrow,Tm10 Lane Status Series,LANE_STATUS_THROUGH_LEFT_NARROW_TM10-SA122A.svg,300x600 mm,size from the register (300x600 mm),Original PDFs/1479.pdf
TS105,Nature Symbol (Refer to Traffic Operations Section of DPTI),Symbol Series,NATURE_SYMBOL_REFER_TO_TRAFFIC_OPERATIONS_SECTION_OF_DPTI_TS105.svg,350x350 mm,size from the register (350x350 mm),Original PDFs/794.pdf
TS106,Cairn / Monument Symbol (Refer to Traffic Operations  Section of DPTI) ,Symbol Series,CAIRN_MONUMENT_SYMBOL_REFER_TO_TRAFFIC_OPERATIONS_SECTION_OF_DPTI_TS106.svg,350x350 mm,size from the register (350x350 mm),Original PDFs/795.pdf
Various,Multi Message Sign,T1 Advance Series,,,no drawing found on the sheet,Original PDFs/992.pdf
W1-5A,Winding Road (L or R),W1 Alignment Series,WINDING_ROAD_L_OR_R_W1-5A.svg,600x518 mm,"size from the register (600x600 mm; other listed sizes: 450x450, 750x750, 900x900, 1200x1200, 300x300); drawn proportions differ from the register size — check; codes on this sheet: W1-5A, W1-5AA, W1-5B, W1-5C, W1-5D, W1-5ES",Original PDFs/173.pdf
W1-9-5,Exit Speed Hairpin Bend (km/h) Formerly W1-SA67,W1 Alignment Series,EXIT_SPEED_HAIRPIN_BEND_KM_H_FORMERLY_W1_SA67_W1-9-5.svg,1400x2367 mm,"size from the register (1400x2400 mm; other listed sizes: 900x1650); codes on this sheet: W1-9-5, W1-9-5AA",Original PDFs/888.pdf
W1-9-1,Exit Speed ('x' km/h) SUPERSEDED See R4-1 or R9-17,W1 Alignment Series,EXIT_SPEED_X_KM_H_SUPERSEDED_SEE_R4_1_OR_R9_17_W1-9-1.svg,1400x1472 mm,"size from the register (1400x1800 mm; other listed sizes: 900x1200); drawn proportions differ from the register size — check; codes on this sheet: W1-9-1, W1-9-1AA",Original PDFs/889.pdf
W1-9-2,Exit Speed Curve  'xxx' km/h Formerly W1-SA68,W1 Alignment Series,EXIT_SPEED_CURVE_XXX_KM_H_FORMERLY_W1_SA68_W1-9-2.svg,1400x2367 mm,"size from the register (1400x2400 mm; other listed sizes: 900x1650); codes on this sheet: W1-9-2, W1-9-2AA",Original PDFs/902.pdf
W1-9-4,Exit Speed Reverse Curve  'xx' km/h Formerly W1-SA69,W1 Alignment Series,EXIT_SPEED_REVERSE_CURVE_XX_KM_H_FORMERLY_W1_SA69_W1-9-4.svg,1400x2367 mm,"size from the register (1400x2400 mm; other listed sizes: 900x1650); codes on this sheet: W1-9-4, W1-9-4AA",Original PDFs/903.pdf
W1-9-3,Exit Speed Turn  'xx' km/h,W1 Alignment Series,EXIT_SPEED_TURN_XX_KM_H_W1-9-3.svg,1400x2800 mm,"size from the register (1400x2400 mm; other listed sizes: 900x1800); drawn proportions differ from the register size — check; codes on this sheet: W1-9-3, W1-9-3AA",Original PDFs/904.pdf
W1-SA50-1A,Tilting Truck with TURN (W1-1)  (L or R),W1 Alignment Series,TILTING_TRUCK_WITH_TURN_W1_1_L_OR_R_W1-SA50-1A.svg,1000x1998 mm,"size from the register (1000x2000 mm; other listed sizes: 1500x3000); codes on this sheet: W1-SA50-1A, W1-SA50-1B",Original PDFs/176.pdf
W1-SA50-2A,Tilting Truck with REVERSE TURN (W1-2) (L or R),W1 Alignment Series,TILTING_TRUCK_WITH_REVERSE_TURN_W1_2_L_OR_R_W1-SA50-2A.svg,1000x1999 mm,"size from the register (1000x2000 mm; other listed sizes: 1500x3000); codes on this sheet: W1-SA50-2A, W1-SA50-2B",Original PDFs/177.pdf
W1-SA50-3A,Tilting Truck with CURVE (W1-3) (L or R),W1 Alignment Series,TILTING_TRUCK_WITH_CURVE_W1_3_L_OR_R_W1-SA50-3A.svg,1000x1999 mm,"size from the register (1000x2000 mm; other listed sizes: 1500x3000); codes on this sheet: W1-SA50-3A, W1-SA50-3B",Original PDFs/178.pdf
W1-SA50-4A,Tilting Truck with REVERSE CURVE (W1-4) (L or R),W1 Alignment Series,TILTING_TRUCK_WITH_REVERSE_CURVE_W1_4_L_OR_R_W1-SA50-4A.svg,1000x2000 mm,"size from the register (1000x2000 mm; other listed sizes: 1500x3000); codes on this sheet: W1-SA50-4A, W1-SA50-4B",Original PDFs/179.pdf
W1-SA50-5A,Tilting Truck with WINDING ROAD – FIRST CURVE is shown as a L or R curve (W1-5),W1 Alignment Series,TILTING_TRUCK_WITH_WINDING_ROAD_FIRST_CURVE_IS_SHOWN_AS_A_L_OR_R_CURVE_W1_5_W1-SA50-5A.svg,1000x2000 mm,"size from the register (1000x2000 mm; other listed sizes: 1500x3000); codes on this sheet: W1-SA50-5A, W1-SA50-5B",Original PDFs/180.pdf
W1-SA50-6A,Tilting Truck with HAIRPIN BEND (W1-7) (L or R),W1 Alignment Series,TILTING_TRUCK_WITH_HAIRPIN_BEND_W1_7_L_OR_R_W1-SA50-6A.svg,1000x2000 mm,"size from the register (1000x2000 mm; other listed sizes: 1500x3000); codes on this sheet: W1-SA50-6A, W1-SA50-6B",Original PDFs/181.pdf
W1-SA64B,Curve with two intersections on outside (L or R) ,W1 Alignment Series,CURVE_WITH_TWO_INTERSECTIONS_ON_OUTSIDE_L_OR_R_W1-SA64B.svg,750x705 mm,"size from the register (750x750 mm; other listed sizes: 900x900); codes on this sheet: W1-SA64B, W1-SA64C",Original PDFs/185.pdf
W1-SA70,Exit Speed Winding Road (km/h) (L or R),W1 Alignment Series,EXIT_SPEED_WINDING_ROAD_KM_H_L_OR_R_W1-SA70.svg,1400x2566 mm,"size from the register (1400x2400 mm; other listed sizes: 900x1650); drawn proportions differ from the register size — check; codes on this sheet: W1-SA70, W1-SA70AA",Original PDFs/191.pdf
W1-SA101,"Gravel Roads MAXIMUM 80 km/h Drive To The Road Conditions (Approval required for other speeds - refer to Manager, Traffic Services, DIT) See OI 4.10 for reference of use.",W1 Alignment Series,GRAVEL_ROADS_MAXIMUM_80_KM_H_DRIVE_TO_THE_ROAD_CONDITIONS_APPROVAL_REQUIRED_FOR__W1-SA101.svg,900x1050 mm,size from the register (900x1050 mm),Original PDFs/1150.pdf
W2-8A,"Staggered Side Road Intersection, Straight (L or R)",W2 Intersection And Junction Series,STAGGERED_SIDE_ROAD_INTERSECTION_STRAIGHT_L_OR_R_W2-8A.svg,600x573 mm,"size from the register (600x600 mm; other listed sizes: 750x750, 900x900, 1200x1200); codes on this sheet: W2-8A, W2-8B, W2-8C, W2-8D",Original PDFs/197.pdf
W2-8A,"Staggered Side Road Intersection, Straight (L or R)",W2 Intersection And Junction Series,STAGGERED_SIDE_ROAD_INTERSECTION_STRAIGHT_L_OR_R_VAR2_W2-8A.svg,409x410 mm,"no size found on the sheet; drawn at 1:10 — check; triangulated CAD export unioned; codes on this sheet: W2-8A, W2-8B, W2-8C, W2-8D",Original PDFs/197.pdf
W2-SA57B,T Intersection with Multi-laned Divided Road,W2 Intersection And Junction Series,T_INTERSECTION_WITH_MULTI_LANED_DIVIDED_ROAD_W2-SA57B.svg,750x705 mm,"size from the register (750x750 mm; other listed sizes: 900x900); codes on this sheet: W2-SA57B, W2-SA57C",Original PDFs/204.pdf
W2-SA65B,T intersection on bend with side road on o/side of curve (L or R),W2 Intersection And Junction Series,T_INTERSECTION_ON_BEND_WITH_SIDE_ROAD_ON_O_SIDE_OF_CURVE_L_OR_R_W2-SA65B.svg,750x705 mm,"size from the register (750x750 mm; other listed sizes: 900x900); codes on this sheet: W2-SA65B, W2-SA65C",Original PDFs/207.pdf
W3-2A,Give Way Sign Ahead,,,,same sheet as R1-1A; its drawings are filed there (symbols not told apart on an all-outlined sheet — check),Original PDFs/210.pdf
W3-3-1A,Signals Ahead,W3 Advance Warning Of Traffic Control Device Series,SIGNALS_AHEAD_W3-3-1A.svg,600x583 mm,"size from the register (600x600 mm; other listed sizes: 750x750, 900x900, 1200x1200); codes on this sheet: W3-3-1A, W3-3-1B, W3-3-1C, W3-3-1D",Original PDFs/1481.pdf
W3-3-2A,Signals Ahead (FYG),W3 Advance Warning Of Traffic Control Device Series,SIGNALS_AHEAD_FYG_W3-3-2A.svg,600x583 mm,"size from the register (600x600 mm; other listed sizes: 750x750, 900x900, 1200x1200); codes on this sheet: W3-3-2A, W3-3-2B, W3-3-2C, W3-3-2D",Original PDFs/1490.pdf
W3-SA4A,Road Humps on Side Road,W3 Advance Warning Of Traffic Control Device Series,ROAD_HUMPS_ON_SIDE_ROAD_W3-SA4A.svg,600x600 mm,"size from the register (600x600 mm; other listed sizes: 750x750); codes on this sheet: W3-SA4A, W3-SA4B",Original PDFs/1213.pdf
W4-1A,Narrow Bridge,"W4 Road Width, Low & Narrow Clearance Series",NARROW_BRIDGE_W4-1A.svg,600x518 mm,"size from the register (600x600 mm; other listed sizes: 450x450, 750x750, 900x900, 300x300); drawn proportions differ from the register size — check; codes on this sheet: W4-1A, W4-1AA, W4-1B, W4-1C, W4-1ES",Original PDFs/214.pdf
W4-4A,Divided Road,"W4 Road Width, Low & Narrow Clearance Series",DIVIDED_ROAD_W4-4A.svg,600x552 mm,"size from the register (600x600 mm; other listed sizes: 750x750, 900x900, 1200x1200); drawn proportions differ from the register size — check; codes on this sheet: W4-4A, W4-4B, W4-4C, W4-4D",Original PDFs/216.pdf
W4-6A,End Divided Road (W4-4 Divided Road sign inverted),"W4 Road Width, Low & Narrow Clearance Series",END_DIVIDED_ROAD_W4_4_DIVIDED_ROAD_SIGN_INVERTED_W4-6A.svg,600x552 mm,"size from the register (600x600 mm; other listed sizes: 750x750, 900x900, 1200x1200); drawn proportions differ from the register size — check; codes on this sheet: W4-6A, W4-6B, W4-6C, W4-6D",Original PDFs/1449.pdf
W4-8AA,Low Clearance ('x' m),"W4 Road Width, Low & Narrow Clearance Series",LOW_CLEARANCE_X_M_W4-8AA.svg,450x444 mm,"size from the register (450x450 mm; other listed sizes: 750x750, 900x900); codes on this sheet: W4-8AA, W4-8B, W4-8C",Original PDFs/218.pdf
W4-SA50B,Lane Allocation (4 lanes),"W4 Road Width, Low & Narrow Clearance Series",LANE_ALLOCATION_4_LANES_W4-SA50B.svg,750x705 mm,"size from the register (750x750 mm; other listed sizes: 900x900); codes on this sheet: W4-SA50B, W4-SA50C",Original PDFs/222.pdf
W4-SA52,No Overtaking Unless Both Oncoming Lanes Are Clear,"W4 Road Width, Low & Narrow Clearance Series",NO_OVERTAKING_UNLESS_BOTH_ONCOMING_LANES_ARE_CLEAR_W4-SA52.svg,2700x1200 mm,size from the register (2700x1200 mm),Original PDFs/223.pdf
W4-SA53B,Two Way Traffic With Dividing Barrier,"W4 Road Width, Low & Narrow Clearance Series",TWO_WAY_TRAFFIC_WITH_DIVIDING_BARRIER_W4-SA53B.svg,750x705 mm,"size from the register (750x750 mm; other listed sizes: 900x900, 1200x1200); drawn proportions differ from the register size — check; codes on this sheet: W4-SA53B, W4-SA53C, W4-SA53D",Original PDFs/858.pdf
W4-SA101B,Right Lane Ends,"W4 Road Width, Low & Narrow Clearance Series",RIGHT_LANE_ENDS_W4-SA101B.svg,750x705 mm,"size from the register (750x750 mm; other listed sizes: 900x900, 1200x1200); codes on this sheet: W4-SA101B, W4-SA101C, W4-SA101D",Original PDFs/224.pdf
W4-SA102B,Lane Deviation (with island),"W4 Road Width, Low & Narrow Clearance Series",LANE_DEVIATION_WITH_ISLAND_W4-SA102B.svg,750x705 mm,"size from the register (750x750 mm; other listed sizes: 900x900); codes on this sheet: W4-SA102B, W4-SA102C",Original PDFs/225.pdf
W5-22A,Trucks Crossing or Entering (from private property),W5 Road Obstacle Series,TRUCKS_CROSSING_OR_ENTERING_FROM_PRIVATE_PROPERTY_W5-22A.svg,600x550 mm,"size from the register (600x600 mm; other listed sizes: 750x750, 900x900); drawn proportions differ from the register size — check; codes on this sheet: W5-22A, W5-22B, W5-22C",Original PDFs/242.pdf
W5-35A,Added Lane (L or R) Used only with W8-26,W5 Road Obstacle Series,ADDED_LANE_L_OR_R_USED_ONLY_WITH_W8_26_W5-35A.svg,600x590 mm,"size from the register (600x600 mm; other listed sizes: 900x900, 1200x1200); codes on this sheet: W5-35A, W5-35C, W5-35D",Original PDFs/249.pdf
W5-35A,Added Lane (L or R) Used only with W8-26,W5 Road Obstacle Series,ADDED_LANE_L_OR_R_USED_ONLY_WITH_W8_26_VAR2_W5-35A.svg,408x408 mm,"no size found on the sheet; drawn at 1:10 — check; background assumed to be a white rectangle (outline drawn as loose strokes) — check; triangulated CAD export unioned; codes on this sheet: W5-35A, W5-35C, W5-35D",Original PDFs/249.pdf
W5-45A,Emu,W5 Road Obstacle Series,EMU_W5-45A.svg,600x550 mm,"size from the register (600x600 mm; other listed sizes: 750x750, 900x900); drawn proportions differ from the register size — check; codes on this sheet: W5-45A, W5-45B, W5-45C",Original PDFs/891.pdf
W5-55-1A,Concealed Driveway,,,,same sheet as R1-1A; its drawings are filed there (symbols not told apart on an all-outlined sheet — check),Original PDFs/1501.pdf
W5-55-2A,Concealed Driveways,,,,same sheet as R1-1A; its drawings are filed there (symbols not told apart on an all-outlined sheet — check),Original PDFs/1502.pdf
W5-SA63A,"Cow (Use for north of dog fence, otherwise use W5-38)",W5 Road Obstacle Series,COW_USE_FOR_NORTH_OF_DOG_FENCE_OTHERWISE_USE_W5_38_W5-SA63A.svg,600x564 mm,"size from the register (600x600 mm; other listed sizes: 750x750, 900x900); codes on this sheet: W5-SA63A, W5-SA63B, W5-SA63C",Original PDFs/258.pdf
W5-SA70B,Emergency Vehicles,W5 Road Obstacle Series,EMERGENCY_VEHICLES_W5-SA70B.svg,750x709 mm,"size from the register (750x750 mm; other listed sizes: 900x900); codes on this sheet: W5-SA70B, W5-SA70C",Original PDFs/923.pdf
W5-SA72B,Tilting Truck (L or R) (without advisory speed),W5 Road Obstacle Series,TILTING_TRUCK_L_OR_R_WITHOUT_ADVISORY_SPEED_W5-SA72B.svg,750x705 mm,size from the register (750x750 mm),Original PDFs/262.pdf
W5-SA73,Warning Gravel Roads Surface Conditions Change Often Drive Carefully (See Managing Unsealed Roads in SA (LGA)),W5 Road Obstacle Series,WARNING_GRAVEL_ROADS_SURFACE_CONDITIONS_CHANGE_OFTEN_DRIVE_CAREFULLY_SEE_MANAGIN_W5-SA73.svg,900x1200 mm,size from the register (900x1200 mm),Original PDFs/263.pdf
W5-SA74B,Low Branches (Must be used with W8-SA64),W5 Road Obstacle Series,LOW_BRANCHES_MUST_BE_USED_WITH_W8_SA64_W5-SA74B.svg,750x708 mm,size from the register (750x750 mm),Original PDFs/264.pdf
W5-SA75A,Forklifts,W5 Road Obstacle Series,FORKLIFTS_W5-SA75A.svg,600x567 mm,"size from the register (600x600 mm; other listed sizes: 750x750, 900x900); codes on this sheet: W5-SA75A, W5-SA75B, W5-SA75C",Original PDFs/265.pdf
W5-SA101A,Cross Wind,W5 Road Obstacle Series,CROSS_WIND_W5-SA101A.svg,600x567 mm,"size from the register (600x600 mm; other listed sizes: 750x750, 900x900); codes on this sheet: W5-SA101A, W5-SA101B, W5-SA101C",Original PDFs/266.pdf
W5-SA109A,Creek,W5 Road Obstacle Series,CREEK_W5-SA109A.svg,600x567 mm,"size from the register (600x600 mm; other listed sizes: 750x750, 900x900); codes on this sheet: W5-SA109A, W5-SA109B, W5-SA109C",Original PDFs/272.pdf
W5-SA110A,Creeks,W5 Road Obstacle Series,CREEKS_W5-SA110A.svg,600x567 mm,"size from the register (600x600 mm; other listed sizes: 750x750, 900x900); codes on this sheet: W5-SA110A, W5-SA110B, W5-SA110C",Original PDFs/273.pdf
W5-SA111,Rocky Creek Bed Track,W5 Road Obstacle Series,ROCKY_CREEK_BED_TRACK_W5-SA111.svg,750x708 mm,size from the register (750x750 mm),Original PDFs/274.pdf
W5-SA113A,Advisory Tram Speed,W5 Road Obstacle Series,ADVISORY_TRAM_SPEED_W5-SA113A.svg,300x400 mm,"size from the register (300x400 mm; other listed sizes: 450x600); codes on this sheet: W5-SA113A, W5-SA113B",Original PDFs/1174.pdf
W5-SA114A,Tram Works,W5 Road Obstacle Series,TRAM_WORKS_W5-SA114A.svg,300x155 mm,"size from the register (300x200 mm; other listed sizes: 450x300); drawn proportions differ from the register size — check; codes on this sheet: W5-SA114A, W5-SA114B",Original PDFs/1173.pdf
W5-SA115,Dry Weather Road Only (Outback Roads Only),W5 Road Obstacle Series,DRY_WEATHER_ROAD_ONLY_OUTBACK_ROADS_ONLY_W5-SA115.svg,750x709 mm,size from the register (750x750 mm),Original PDFs/1184.pdf
W5-SA116A,Deer,W5 Road Obstacle Series,DEER_W5-SA116A.svg,600x567 mm,"size from the register (600x600 mm; other listed sizes: 750x750, 900x900); codes on this sheet: W5-SA116A, W5-SA116B, W5-SA116C",Original PDFs/1244.pdf
W5-SA117A,Rough Surface,W5 Road Obstacle Series,ROUGH_SURFACE_W5-SA117A.svg,600x550 mm,"size from the register (600x600 mm; other listed sizes: 750x750, 900x900); drawn proportions differ from the register size — check; codes on this sheet: W5-SA117A, W5-SA117B, W5-SA117C",Original PDFs/1291.pdf
W6-2-2A,Pedestrian Crossing Ahead - 45 degrees,"W6 Pedestrian, Bicycle & School Series",PEDESTRIAN_CROSSING_AHEAD_45_DEGREES_W6-2-2A.svg,600x626 mm,"size from the register (600x600 mm; other listed sizes: 750x750, 900x900); codes on this sheet: W6-2-2A, W6-2-2B, W6-2-2C",Original PDFs/1529.pdf
W6-2-3A,Pedestrian Crossing Ahead - 90 degrees,"W6 Pedestrian, Bicycle & School Series",PEDESTRIAN_CROSSING_AHEAD_90_DEGREES_W6-2-3A.svg,600x611 mm,"size from the register (600x600 mm; other listed sizes: 750x750, 900x900); codes on this sheet: W6-2-3A, W6-2-3B, W6-2-3C",Original PDFs/1530.pdf
W6-5-1A,Children's Crossing Ahead,"W6 Pedestrian, Bicycle & School Series",CHILDREN_S_CROSSING_AHEAD_W6-5-1A.svg,600x560 mm,"size from the register (600x600 mm; other listed sizes: 750x750, 900x900); drawn proportions differ from the register size — check; codes on this sheet: W6-5-1A, W6-5-1B, W6-5-1C",Original PDFs/1545.pdf
W6-5-2A,Children's Crossing Ahead 45 Deg,"W6 Pedestrian, Bicycle & School Series",CHILDREN_S_CROSSING_AHEAD_45_DEG_W6-5-2A.svg,600x871 mm,"size from the register (600x600 mm; other listed sizes: 750x750, 900x900); drawn proportions differ from the register size — check; codes on this sheet: W6-5-2A, W6-5-2B, W6-5-2C",Original PDFs/1546.pdf
W6-5-3A,Children's Crossing Ahead 90 Deg,"W6 Pedestrian, Bicycle & School Series",CHILDREN_S_CROSSING_AHEAD_90_DEG_W6-5-3A.svg,600x559 mm,"size from the register (600x600 mm; other listed sizes: 750x750, 900x900); drawn proportions differ from the register size — check; codes on this sheet: W6-5-3A, W6-5-3B, W6-5-3C",Original PDFs/1547.pdf
W6-5-3A,Children's Crossing Ahead 90 Deg,"W6 Pedestrian, Bicycle & School Series",CHILDREN_S_CROSSING_AHEAD_90_DEG_VAR2_W6-5-3A.svg,1056x1020 mm,"no size found on the sheet; drawn at 1:10 — check; background assumed to be a white rectangle (outline drawn as loose strokes) — check; codes on this sheet: W6-5-3A, W6-5-3B, W6-5-3C",Original PDFs/1547.pdf
W6-9A,Bicycles/Pedestrians - See W6-SA110 for Fluoro Yellow Green,"W6 Pedestrian, Bicycle & School Series",BICYCLES_PEDESTRIANS_SEE_W6_SA110_FOR_FLUORO_YELLOW_GREEN_W6-9A.svg,600x592 mm,"size from the register (600x600 mm; other listed sizes: 750x750, 900x900); codes on this sheet: W6-9A, W6-9B, W6-9C",Original PDFs/284.pdf
W6-SA106A,School Zone (Refer to Speed Limit Guidelines - used above W8-SA108),"W6 Pedestrian, Bicycle & School Series",SCHOOL_ZONE_REFER_TO_SPEED_LIMIT_GUIDELINES_USED_ABOVE_W8_SA108_W6-SA106A.svg,600x567 mm,"size from the register (600x600 mm; other listed sizes: 750x750, 900x900); codes on this sheet: W6-SA106A, W6-SA106B, W6-SA106C",Original PDFs/1107.pdf
W6-SA109B,"Pedestrians, bicycles, horses (only to be used at recognised multi-user trail crossing points)","W6 Pedestrian, Bicycle & School Series",PEDESTRIANS_BICYCLES_HORSES_ONLY_TO_BE_USED_AT_RECOGNISED_MULTI_USER_TRAIL_CROSS_W6-SA109B.svg,750x768 mm,size from the register (750x750 mm); drawings paired with codes in reading order,Original PDFs/1290.pdf
W6-SA109C,"Pedestrians, bicycles, horses (only to be used at recognised multi-user trail crossing points)","W6 Pedestrian, Bicycle & School Series",PEDESTRIANS_BICYCLES_HORSES_ONLY_TO_BE_USED_AT_RECOGNISED_MULTI_USER_TRAIL_CROSS_W6-SA109C.svg,900x900 mm,size from the register (900x900 mm); drawings paired with codes in reading order,Original PDFs/1290.pdf
W6-SA110A,Pedestrian Bike - See DIT Supplement AS 1742.10,"W6 Pedestrian, Bicycle & School Series",PEDESTRIAN_BIKE_SEE_DIT_SUPPLEMENT_AS_1742_10_W6-SA110A.svg,600x582 mm,"size from the register (600x600 mm; other listed sizes: 750x750); codes on this sheet: W6-SA110A, W6-SA110B",Original PDFs/1485.pdf
W7-14-4,Railway Crossing Pedestrian Warning - Look for Trains 'x' tracks,W7 Railway Level Crossing Series,RAILWAY_CROSSING_PEDESTRIAN_WARNING_LOOK_FOR_TRAINS_X_TRACKS_W7-14-4.svg,300x448 mm,size from the register (300x450 mm),Original PDFs/708.pdf
W7-14-5,Railway Crossing Pedestrian Warning - Look For Trains,W7 Railway Level Crossing Series,RAILWAY_CROSSING_PEDESTRIAN_WARNING_LOOK_FOR_TRAINS_W7-14-5.svg,300x443 mm,size from the register (300x450 mm),Original PDFs/709.pdf
W7-SA50A,Diagrammatic Warning on Each Side Road (T intersection),W7 Railway Level Crossing Series,DIAGRAMMATIC_WARNING_ON_EACH_SIDE_ROAD_T_INTERSECTION_W7-SA50A.svg,600x564 mm,"size from the register (600x600 mm; other listed sizes: 750x750, 900x900); drawn proportions differ from the register size — check; codes on this sheet: W7-SA50A, W7-SA50B, W7-SA50C",Original PDFs/301.pdf
W7-SA101B,Diagrammatic Warning on Side Road (roundabout) (L or R),W7 Railway Level Crossing Series,DIAGRAMMATIC_WARNING_ON_SIDE_ROAD_ROUNDABOUT_L_OR_R_W7-SA101B.svg,750x705 mm,"size from the register (750x750 mm; other listed sizes: 900x900); codes on this sheet: W7-SA101B, W7-SA101C",Original PDFs/303.pdf
W7-SA102B,Diagrammatic Warning on Main Road (after roundabout),W7 Railway Level Crossing Series,DIAGRAMMATIC_WARNING_ON_MAIN_ROAD_AFTER_ROUNDABOUT_W7-SA102B.svg,750x705 mm,"size from the register (750x750 mm; other listed sizes: 900x900); codes on this sheet: W7-SA102B, W7-SA102C",Original PDFs/304.pdf
W7-SA103B,Diagrammatic Warning on Main Road (before roundabout),W7 Railway Level Crossing Series,DIAGRAMMATIC_WARNING_ON_MAIN_ROAD_BEFORE_ROUNDABOUT_W7-SA103B.svg,750x705 mm,"size from the register (750x750 mm; other listed sizes: 900x900); codes on this sheet: W7-SA103B, W7-SA103C",Original PDFs/305.pdf
W7-SA104B,Diagrammatic Warning on Side Road (stagger intersections) (L or R),W7 Railway Level Crossing Series,DIAGRAMMATIC_WARNING_ON_SIDE_ROAD_STAGGER_INTERSECTIONS_L_OR_R_W7-SA104B.svg,750x920 mm,"size from the register (750x750 mm; other listed sizes: 900x900); drawn proportions differ from the register size — check; codes on this sheet: W7-SA104B, W7-SA104C",Original PDFs/306.pdf
W7-SA105B,Diagrammatic Warning on Side Road (stagger intersections) (L or R),W7 Railway Level Crossing Series,DIAGRAMMATIC_WARNING_ON_SIDE_ROAD_STAGGER_INTERSECTIONS_L_OR_R_W7-SA105B.svg,750x705 mm,size from the register (750x750 mm); drawings paired with codes in reading order,Original PDFs/307.pdf
W7-SA105C,Diagrammatic Warning on Side Road (stagger intersections) (L or R),W7 Railway Level Crossing Series,DIAGRAMMATIC_WARNING_ON_SIDE_ROAD_STAGGER_INTERSECTIONS_L_OR_R_W7-SA105C.svg,900x889 mm,size from the register (900x900 mm); drawings paired with codes in reading order,Original PDFs/307.pdf
W8-23A,"Crossing Arrows (use only with W6-7,W6-9)",W8 Auxiliary Series,CROSSING_ARROWS_USE_ONLY_WITH_W6_7_W6_9_W8-23A.svg,600x201 mm,"size from the register (600x200 mm; other listed sizes: 750x250, 900x300); codes on this sheet: W8-23A, W8-23B, W8-23C",Original PDFs/327.pdf
W8-SA3A,On Side Road (L or R) ,W8 Auxiliary Series,ON_SIDE_ROAD_L_OR_R_W8-SA3A.svg,600x359 mm,"size from the register (600x400 mm; other listed sizes: 750x500, 900x600, 1200x800); drawn proportions differ from the register size — check; codes on this sheet: W8-SA3A, W8-SA3B, W8-SA3C, W8-SA3D",Original PDFs/916.pdf
W8-SA5A,Distance 'xxx' m,W8 Auxiliary Series,DISTANCE_XXX_M_W8-SA5A.svg,600x137 mm,"size from the register (600x200 mm; other listed sizes: 750x250, 900x300, 1200x400); drawn proportions differ from the register size — check; codes on this sheet: W8-SA5A, W8-SA5B, W8-SA5C, W8-SA5D",Original PDFs/772.pdf
W8-SA17-2A,"Next 'x' m (Fluorescent Yellow Green). Maximum distance of 500m to be displayed on this supplementary plate.
",W8 Auxiliary Series,NEXT_X_M_FLUORESCENT_YELLOW_GREEN_MAXIMUM_DISTANCE_OF_500M_TO_BE_DISPLAYED_ON_TH_W8-SA17-2A.svg,600x401 mm,"size from the register (600x400 mm; other listed sizes: 750x500, 900x600); codes on this sheet: W8-SA17-2A, W8-SA17-2B, W8-SA17-2C",Original PDFs/1140.pdf
W8-SA23A,Crossing Arrows (use only with W6-SA110),W8 Auxiliary Series,CROSSING_ARROWS_USE_ONLY_WITH_W6_SA110_W8-SA23A.svg,600x201 mm,"size from the register (600x200 mm; other listed sizes: 750x250, 900x300); codes on this sheet: W8-SA23A, W8-SA23B, W8-SA23C",Original PDFs/1169.pdf
W8-SA54,Over Crest,W8 Auxiliary Series,OVER_CREST_W8-SA54.svg,750x461 mm,size from the register (750x500 mm),Original PDFs/334.pdf
W8-SA55,Mud On Road,W8 Auxiliary Series,MUD_ON_ROAD_W8-SA55.svg,750x461 mm,size from the register (750x500 mm),Original PDFs/335.pdf
W8-SA56A,School Bus,W8 Auxiliary Series,SCHOOL_BUS_W8-SA56A.svg,600x369 mm,"size from the register (600x400 mm; other listed sizes: 750x500, 900x600); codes on this sheet: W8-SA56A, W8-SA56B, W8-SA56C",Original PDFs/336.pdf
W8-SA57,Riding Area (Only with W5-59),W8 Auxiliary Series,RIDING_AREA_ONLY_WITH_W5_59_W8-SA57.svg,750x459 mm,size from the register (750x500 mm),Original PDFs/715.pdf
W8-SA62B,Watch For Road Trains,W8 Auxiliary Series,WATCH_FOR_ROAD_TRAINS_W8-SA62B.svg,750x474 mm,"size from the register (750x500 mm; other listed sizes: 900x600); codes on this sheet: W8-SA62B, W8-SA62C",Original PDFs/337.pdf
W8-SA63,Height Gauge,W8 Auxiliary Series,HEIGHT_GAUGE_W8-SA63.svg,750x460 mm,size from the register (750x500 mm),Original PDFs/338.pdf
W8-SA64,Pruning Planned (Only with W5-SA74),W8 Auxiliary Series,PRUNING_PLANNED_ONLY_WITH_W5_SA74_W8-SA64.svg,750x459 mm,size from the register (750x500 mm),Original PDFs/339.pdf
W8-SA65B,On Green Signal,W8 Auxiliary Series,ON_GREEN_SIGNAL_W8-SA65B.svg,750x460 mm,"size from the register (750x500 mm; other listed sizes: 900x600); codes on this sheet: W8-SA65B, W8-SA65C",Original PDFs/340.pdf
W8-SA101B,Merge Left,W8 Auxiliary Series,MERGE_LEFT_W8-SA101B.svg,750x419 mm,"size from the register (750x500 mm; other listed sizes: 900x600, 1200x800); drawn proportions differ from the register size — check; codes on this sheet: W8-SA101B, W8-SA101C, W8-SA101D",Original PDFs/341.pdf
W8-SA102B,Unfenced Road,W8 Auxiliary Series,UNFENCED_ROAD_W8-SA102B.svg,750x461 mm,"size from the register (750x500 mm; other listed sizes: 900x600); codes on this sheet: W8-SA102B, W8-SA102C",Original PDFs/342.pdf
W8-SA103,Two Way Traffic (Only to be used with G9-SA121),W8 Auxiliary Series,TWO_WAY_TRAFFIC_ONLY_TO_BE_USED_WITH_G9_SA121_W8-SA103.svg,300x300 mm,size from the register (300x300 mm),Original PDFs/717.pdf
W8-SA104A,Hiking Trail (only to be used with W6-SA1),W8 Auxiliary Series,HIKING_TRAIL_ONLY_TO_BE_USED_WITH_W6_SA1_W8-SA104A.svg,600x369 mm,"size from the register (600x400 mm; other listed sizes: 750x500, 900x600); codes on this sheet: W8-SA104A, W8-SA104B, W8-SA104C",Original PDFs/836.pdf
W8-SA105A,'xxx' m Ahead,W8 Auxiliary Series,XXX_M_AHEAD_W8-SA105A.svg,600x407 mm,"size from the register (600x400 mm; other listed sizes: 750x500, 900x600); codes on this sheet: W8-SA105A, W8-SA105B, W8-SA105C",Original PDFs/1170.pdf
W8-SA106A,Pedestrian Precinct,W8 Auxiliary Series,PEDESTRIAN_PRECINCT_W8-SA106A.svg,600x232 mm,size from the register (600x300 mm); drawings paired with codes in reading order; drawn proportions differ from the register size — check,Original PDFs/1206.pdf
W8-SA106B,Pedestrian Precinct,W8 Auxiliary Series,PEDESTRIAN_PRECINCT_W8-SA106B.svg,750x349 mm,size from the register (750x400 mm); drawings paired with codes in reading order; drawn proportions differ from the register size — check,Original PDFs/1206.pdf
W8-SA107A,On Side Road,W8 Auxiliary Series,ON_SIDE_ROAD_W8-SA107A.svg,600x359 mm,"size from the register (600x400 mm; other listed sizes: 750x500, 900x600, 1200x800); drawn proportions differ from the register size — check; codes on this sheet: W8-SA107A, W8-SA107B, W8-SA107C, W8-SA107D",Original PDFs/1294.pdf
W8-SA108A,Distance 'xxx' m AHEAD (Use under W6-SA106),W8 Auxiliary Series,DISTANCE_XXX_M_AHEAD_USE_UNDER_W6_SA106_W8-SA108A.svg,600x407 mm,"size from the register (600x400 mm; other listed sizes: 750x500, 900x600); codes on this sheet: W8-SA108A, W8-SA108B, W8-SA108C",Original PDFs/1450.pdf
W8-SA109A,School Bus,W8 Auxiliary Series,SCHOOL_BUS_W8-SA109A.svg,600x357 mm,"size from the register (600x400 mm; other listed sizes: 750x500, 900x600); drawn proportions differ from the register size — check; codes on this sheet: W8-SA109A, W8-SA109B, W8-SA109C",Original PDFs/1468.pdf
W8-SA110,50 km/h When Lights Flashing,W8 Auxiliary Series,50_KM_H_WHEN_LIGHTS_FLASHING_W8-SA110.svg,1060x741 mm,size from the register (1060x770 mm),Original PDFs/1492.pdf
W8-SA111,70 km/h When Lights Flashing,W8 Auxiliary Series,70_KM_H_WHEN_LIGHTS_FLASHING_W8-SA111.svg,1230x822 mm,size from the register (1230x850 mm),Original PDFs/1491.pdf
W8-SA112A,Slow Down - Used for smaller bicycle warning signs,W8 Auxiliary Series,SLOW_DOWN_USED_FOR_SMALLER_BICYCLE_WARNING_SIGNS_W8-SA112A.svg,300x166 mm,"size from the register (300x225 mm; other listed sizes: 450x300); drawn proportions differ from the register size — check; codes on this sheet: W8-SA112A, W8-SA112B",Original PDFs/1496.pdf
W8-SA113-1A,Warning,W8 Auxiliary Series,WARNING_W8-SA113-1A.svg,600x361 mm,"size from the register (600x400 mm; other listed sizes: 750x500); drawn proportions differ from the register size — check; codes on this sheet: W8-SA113-1A, W8-SA113-1B",Original PDFs/1521.pdf
W8-SA114A,School Crossing Ahead,W8 Auxiliary Series,SCHOOL_CROSSING_AHEAD_W8-SA114A.svg,600x496 mm,"size from the register (600x520 mm; other listed sizes: 750x650, 900x780); codes on this sheet: W8-SA114A, W8-SA114B, W8-SA114C",Original PDFs/1524.pdf
WS111,4WD Only Symbol (Refer to Traffic Operations Section of DPTI),Symbol Series,4WD_ONLY_SYMBOL_REFER_TO_TRAFFIC_OPERATIONS_SECTION_OF_DPTI_WS111.svg,350x341 mm,size from the register (350x350 mm),Original PDFs/800.pdf
WS137,Deer Symbol (Refer to Traffic Operations Section of DPTI),Symbol Series,DEER_SYMBOL_REFER_TO_TRAFFIC_OPERATIONS_SECTION_OF_DPTI_WS137.svg,350x350 mm,size from the register (350x350 mm),Original PDFs/1245.pdf
WS140,Triple Road Train Symbol (Refer to Traffic Operations  Section of DPTI),Symbol Series,TRIPLE_ROAD_TRAIN_SYMBOL_REFER_TO_TRAFFIC_OPERATIONS_SECTION_OF_DPTI_WS140.svg,2800x251 mm,size from the register (2800x350 mm),Original PDFs/810.pdf
WS141,Semi Truck Symbol,Symbol Series,SEMI_TRUCK_SYMBOL_WS141.svg,1050x619 mm,size from the register (1050x350 mm); drawn proportions differ from the register size — check,Original PDFs/811.pdf
