code,name,family,file,size,notes,source
R4-13,202131-0079 – Supplementary end speed limit area midblock,Australian Standard Signs,202131_0079_SUPPLEMENTARY_END_SPEED_LIMIT_AREA_MIDBLOCK_R4-13.svg,600x200 mm,"drawn true size (drawing extents equal the register size); 2 closed letter outline(s) filled solid; no colour note on the sheet: black legend on white assumed — check colours: legend BLACK, background WHITE",Original PDFs/Australian Standard Signs/Australian Standard - Regulatory Signs/r4-13.dwg
W3-3-PEDESTRIAN-SIGNAL-AHEAD,201431-0008 - Pedestrian Signal Ahead,Australian Standard Signs,,,no drawing found after removing the sheet furniture,Original PDFs/Australian Standard Signs/Australian Standard - Warning Signs/w3-3-pedestrian-signal-ahead.dwg
W8-3-ON-SIDE-ROAD-SUPPLEMENTARY-PLATE,202031-0003 - On Side Road Supplementary Plate,Australian Standard Signs,,,conversion failed: Expected DXF entity INSERT or SEQEND,Original PDFs/Australian Standard Signs/Australian Standard - Warning Signs/w8-3-on-side-road-supplementary-plate.dwg
MR-EGT-1,MR-EGT-1 – General Speed Limit,Electronic Signs,MR_EGT_1_GENERAL_SPEED_LIMIT_MR-EGT-1.svg,600x1100 mm,"size from the register (600x1100 mm); no scale on the sheet; no colour note on the sheet: black legend on white assumed — check colours: legend BLACK, background WHITE",Original PDFs/Electronic Signs/Electronic Guide Signs/mr-egt-1-general-speed-limit-dwg.dwg
MR-RC1-3-FREEWAY-CLOSED-DWG,MR-RC1-3 - Freeway Closed,Electronic Signs,MR_RC1_3_FREEWAY_CLOSED_MR-RC1-3-FREEWAY-CLOSED-DWG.svg,900x609 mm,"size from the register (900x600 mm); no scale on the sheet; no colour note on the sheet: black legend on white assumed — check colours: legend BLACK, background WHITE",Original PDFs/Electronic Signs/Electronic Ramp Control Series/mr-rc1-3-freeway-closed-dwg.dwg
MR-RC1-6-NO-ENTRY-DWG,MR-RC1-6 - No Entry,Electronic Signs,MR_RC1_6_NO_ENTRY_MR-RC1-6-NO-ENTRY-DWG.svg,900x609 mm,"size from the register (900x600 mm); no scale on the sheet; no colour note on the sheet: black legend on white assumed — check colours: legend BLACK, background WHITE",Original PDFs/Electronic Signs/Electronic Ramp Control Series/mr-rc1-6-no-entry-dwg.dwg
MR-RC1-5-NO-LEFT-TURN-DWG,MR-RC1-5 - No Left Turn,Electronic Signs,MR_RC1_5_NO_LEFT_TURN_MR-RC1-5-NO-LEFT-TURN-DWG.svg,900x609 mm,"size from the register (900x600 mm); no scale on the sheet; no colour note on the sheet: black legend on white assumed — check colours: legend BLACK, background WHITE",Original PDFs/Electronic Signs/Electronic Ramp Control Series/mr-rc1-5-no-left-turn-dwg.dwg
MR-RC1-4-NO-RIGHT-TURN-DWG,MR-RC1-4 - No Right Turn,Electronic Signs,MR_RC1_4_NO_RIGHT_TURN_MR-RC1-4-NO-RIGHT-TURN-DWG.svg,900x609 mm,"size from the register (900x600 mm); no scale on the sheet; no colour note on the sheet: black legend on white assumed — check colours: legend BLACK, background WHITE",Original PDFs/Electronic Signs/Electronic Ramp Control Series/mr-rc1-4-no-right-turn-dwg.dwg
MR-RC1-1-RAMP-SIGNALS-ON-DWG,MR-RC1-1 - Ramp Signals On,Electronic Signs,MR_RC1_1_RAMP_SIGNALS_ON_MR-RC1-1-RAMP-SIGNALS-ON-DWG.svg,900x609 mm,"size from the register (900x600 mm); no scale on the sheet; no colour note on the sheet: black legend on white assumed — check colours: legend BLACK, background WHITE",Original PDFs/Electronic Signs/Electronic Ramp Control Series/mr-rc1-1-ramp-signals-on-dwg.dwg
MR-EWDAX-1,MR-EWDAX-1 – Slow Down,Electronic Signs,MR_EWDAX_1_SLOW_DOWN_MR-EWDAX-1.svg,919x525 mm,"size from the register (919x525 mm); no scale on the sheet; no colour note on the sheet: black legend on white assumed — check colours: legend BLACK, background WHITE",Original PDFs/Electronic Signs/Electronic Warning Signs/mr-ewdax-1-slow-down-dwg.dwg
MR-EWDAD-1,MR-EWDAD-1 – Stop Sign Ahead,Electronic Signs,MR_EWDAD_1_STOP_SIGN_AHEAD_MR-EWDAD-1.svg,815x809 mm,"size from the register (815x815 mm); no scale on the sheet; no colour note on the sheet: black legend on white assumed — check colours: legend BLACK, background WHITE",Original PDFs/Electronic Signs/Electronic Warning Signs/mr-ewdad-1-stop-sign-ahead-dwg.dwg
MR-EWDAX-2,MR-EWDAX-2 – Give Way Sign Ahead,Electronic Signs,MR_EWDAX_2_GIVE_WAY_SIGN_AHEAD_MR-EWDAX-2.svg,815x812 mm,"size from the register (815x815 mm); no scale on the sheet; no colour note on the sheet: black legend on white assumed — check colours: legend BLACK, background WHITE",Original PDFs/Electronic Signs/Electronic Warning Signs/mr-ewdax-2-give-way-sign-ahead-dwg.dwg
MR-GC-1,MR-GC-1 - Cyclists only (signal pole sticker),Guide Signs,,,no drawing found after removing the sheet furniture,Original PDFs/Guide Signs/Cycling Series MR-GC/mr-gc-1.dwg
MR-GC-16,MR-GC-16 - Bicycle route marker,Guide Signs,MR_GC_16_BICYCLE_ROUTE_MARKER_MR-GC-16.svg,600x450 mm,"size from the register (600x450 mm); no scale on the sheet; 3 closed letter outline(s) filled solid; no colour note on the sheet: MR-GC series default assumed — check colours: legend WHITE, background GREEN",Original PDFs/Guide Signs/Cycling Series MR-GC/mr-gc-16.dwg
MR-GC-17A,MR-GC-17A - Bicycle route marker supplementary plate,Guide Signs,,,no drawing found after removing the sheet furniture,Original PDFs/Guide Signs/Cycling Series MR-GC/mr-gc-17a.dwg
MR-GC-17B,MR-GC-17B - Bicycle route marker supplementary plate,Guide Signs,,,no drawing found after removing the sheet furniture,Original PDFs/Guide Signs/Cycling Series MR-GC/mr-gc-17b.dwg
MR-GC-18A,MR-GC-18A - Bicycle route marker supplementary plate,Guide Signs,,,no drawing found after removing the sheet furniture,Original PDFs/Guide Signs/Cycling Series MR-GC/mr-gc-18a.dwg
MR-GC-18B,MR-GC-18B - Bicycle route marker supplementary plate,Guide Signs,,,no drawing found after removing the sheet furniture,Original PDFs/Guide Signs/Cycling Series MR-GC/mr-gc-18b.dwg
MR-GC-18C,MR-GC-18C - Bicycle route marker supplementary plate,Guide Signs,,,no drawing found after removing the sheet furniture,Original PDFs/Guide Signs/Cycling Series MR-GC/mr-gc-18c.dwg
MR-GC-18D,MR-GC-18D - Bicycle route marker supplementary plate,Guide Signs,,,no drawing found after removing the sheet furniture,Original PDFs/Guide Signs/Cycling Series MR-GC/mr-gc-18d.dwg
MR-GC-18E,MR-GC-18E - Bicycle route marker supplementary plate,Guide Signs,,,no drawing found after removing the sheet furniture,Original PDFs/Guide Signs/Cycling Series MR-GC/mr-gc-18e.dwg
MR-GC-19,MR-GC-19 - Local bicycle route number marker,intervene/Guide Signs,MR_GC_19_LOCAL_BICYCLE_ROUTE_NUMBER_MARKER_MR-GC-19.svg,200x250 mm,"size from the register (200x250 mm); no scale on the sheet; 3 closed letter outline(s) filled solid; no colour note on the sheet: MR-GC series default assumed — check colours: legend WHITE, background GREEN; legend is CAD text on the sheet (E, N): needs setting in the AS 1744 face by hand",Original PDFs/Guide Signs/Cycling Series MR-GC/mr-gc-19.dwg
MR-GC-20,MR-GC-20 - Bicycle route marker for use on local bicycle routes only,intervene/Guide Signs,MR_GC_20_BICYCLE_ROUTE_MARKER_FOR_USE_ON_LOCAL_BICYCLE_ROUTES_ONLY_MR-GC-20.svg,600x200 mm,"size from the register (600x200 mm); no scale on the sheet; 3 closed letter outline(s) filled solid; no colour note on the sheet: MR-GC series default assumed — check colours: legend WHITE, background GREEN; legend is CAD text on the sheet (N, E): needs setting in the AS 1744 face by hand",Original PDFs/Guide Signs/Cycling Series MR-GC/mr-gc-20.dwg
MR-GC-2,MR-GC-2 - All bicycles,Guide Signs,MR_GC_2_ALL_BICYCLES_MR-GC-2.svg,450x600 mm,"size from the register (450x600 mm); no scale on the sheet; 8 closed letter outline(s) filled solid; no colour note on the sheet: MR-GC series default assumed — check colours: legend WHITE, background GREEN",Original PDFs/Guide Signs/Cycling Series MR-GC/mr-gc-2.dwg
MR-GC-14,MR-GC-14 - Share the road,intervene/Guide Signs,MR_GC_14_SHARE_THE_ROAD_MR-GC-14.svg,720x1200 mm,"size from the sheet scale 1:10; 2 closed letter outline(s) filled solid; register size 450x750 mm differs from the drawing (720 x 1200 mm) — check; colours from the sheet's note: legend WHITE, background BLUE, border WHITE; legend is CAD text on the sheet (TITLE AMENDED., DRAWING NOTES & TITLE BLOCK UP, D.LANDMARK   18.1.11, 720 x 1200 B SIZE ADDED. COLOU): needs setting in the AS 1744 face by hand",Original PDFs/Guide Signs/Cycling Series MR-GC/mr-gc-14.dwg
MR-GC-14,MR-GC-14 - Share the road,intervene/Guide Signs,MR_GC_14_SHARE_THE_ROAD_VAR2_MR-GC-14.svg,450x750 mm,"size from the sheet scale 1:10; 2 closed letter outline(s) filled solid; colours from the sheet's note: legend WHITE, background BLUE, border WHITE; legend is CAD text on the sheet (TITLE AMENDED., DRAWING NOTES & TITLE BLOCK UP, D.LANDMARK   18.1.11, 720 x 1200 B SIZE ADDED. COLOU): needs setting in the AS 1744 face by hand",Original PDFs/Guide Signs/Cycling Series MR-GC/mr-gc-14.dwg
MR-GC-14,MR-GC-14 - Share the road,intervene/Guide Signs,MR_GC_14_SHARE_THE_ROAD_VAR3_MR-GC-14.svg,148x148 mm,"size from the sheet scale 1:10; 2 closed letter outline(s) filled solid; register size 450x750 mm differs from the drawing (148 x 148 mm) — check; colours from the sheet's note: legend WHITE, background BLUE, border WHITE; legend is CAD text on the sheet (TITLE AMENDED., DRAWING NOTES & TITLE BLOCK UP, D.LANDMARK   18.1.11, 720 x 1200 B SIZE ADDED. COLOU): needs setting in the AS 1744 face by hand",Original PDFs/Guide Signs/Cycling Series MR-GC/mr-gc-14.dwg
MR-GC-14,MR-GC-14 - Share the road,intervene/Guide Signs,MR_GC_14_SHARE_THE_ROAD_VAR4_MR-GC-14.svg,390x51 mm,"size from the sheet scale 1:10; 2 closed letter outline(s) filled solid; register size 450x750 mm differs from the drawing (390 x 51 mm) — check; colours from the sheet's note: legend WHITE, background BLUE, border WHITE; legend is CAD text on the sheet (TITLE AMENDED., DRAWING NOTES & TITLE BLOCK UP, D.LANDMARK   18.1.11, 720 x 1200 B SIZE ADDED. COLOU): needs setting in the AS 1744 face by hand",Original PDFs/Guide Signs/Cycling Series MR-GC/mr-gc-14.dwg
MR-GC-10,MR-GC-10(L) - Horizontal arrow (use with R8-1B),Guide Signs,MR_GC_10_L_HORIZONTAL_ARROW_USE_WITH_R8_1B_MR-GC-10.svg,450x150 mm,"size from the register (450x150 mm); no scale on the sheet; no colour note on the sheet: MR-GC series default assumed — check colours: legend WHITE, background GREEN",Original PDFs/Guide Signs/Cycling Series MR-GC/mr-gc-10l.dwg
MR-GC-10,MR-GC-10(R) - Horizontal arrow (use with R8-1B),Guide Signs,MR_GC_10_R_HORIZONTAL_ARROW_USE_WITH_R8_1B_MR-GC-10.svg,450x150 mm,"size from the register (450x150 mm); no scale on the sheet; no colour note on the sheet: MR-GC series default assumed — check colours: legend WHITE, background GREEN",Original PDFs/Guide Signs/Cycling Series MR-GC/mr-gc-10r.dwg
MR-GC-11,MR-GC-11 - Horizontal arrow bi-directional (use with R8-1B),Guide Signs,MR_GC_11_HORIZONTAL_ARROW_BI_DIRECTIONAL_USE_WITH_R8_1B_MR-GC-11.svg,450x150 mm,"size from the register (450x150 mm); no scale on the sheet; no colour note on the sheet: MR-GC series default assumed — check colours: legend WHITE, background GREEN",Original PDFs/Guide Signs/Cycling Series MR-GC/mr-gc-11.dwg
MR-GC-12,MR-GC-12 - Vertical arrow (use with R8-1B),Guide Signs,MR_GC_12_VERTICAL_ARROW_USE_WITH_R8_1B_MR-GC-12.svg,450x225 mm,"size from the register (450x225 mm); no scale on the sheet; no colour note on the sheet: MR-GC series default assumed — check colours: legend WHITE, background GREEN",Original PDFs/Guide Signs/Cycling Series MR-GC/mr-gc-12.dwg
MR-GC-13,MR-GC-13 - 30 degree arrow (use with R8-1B),Guide Signs,MR_GC_13_30_DEGREE_ARROW_USE_WITH_R8_1B_MR-GC-13.svg,450x225 mm,"size from the register (450x225 mm); no scale on the sheet; no colour note on the sheet: MR-GC series default assumed — check colours: legend WHITE, background GREEN",Original PDFs/Guide Signs/Cycling Series MR-GC/mr-gc-13.dwg
MR-GFB-4,MR-GFB-4 - ​Two line finger board,intervene/Guide Signs,MR_GFB_4_TWO_LINE_FINGER_BOARD_MR-GFB-4.svg,1321x380 mm,"size from the sheet scale 1:10; 14 closed letter outline(s) filled solid; colours from the sheet's note: legend WHITE, background GREEN; legend is CAD text on the sheet (FOR STREET NAME SIGNS AND TAGS, SAME FOR LENGTHS UP TO W (MAX), MEDIUM, Cd…): needs setting in the AS 1744 face by hand",Original PDFs/Guide Signs/Finger Board Series MR-GFB/mr-gfb-4.dwg
MR-GFB-1,MR-GFB-1 - Finger Board Signs,Guide Signs,MR_GFB_1_FINGER_BOARD_SIGNS_MR-GFB-1.svg,1800x200 mm,"size from the register (1800x210 mm); no scale on the sheet; no colour note on the sheet: MR-GF series default assumed — check colours: legend WHITE, background GREEN",Original PDFs/Guide Signs/Finger Board Series MR-GFB/mr-gfb-1.dwg
MR-GFB-2,MR-GFB-2 - Finger Board Signs,Guide Signs,MR_GFB_2_FINGER_BOARD_SIGNS_MR-GFB-2.svg,3400x286 mm,"size from the register (3400x210 mm); no scale on the sheet; register size 3400x210 mm differs from the drawing (3400 x 286 mm) — check; no colour note on the sheet: MR-GF series default assumed — check colours: legend WHITE, background GREEN",Original PDFs/Guide Signs/Finger Board Series MR-GFB/mr-gfb-2.dwg
MR-GE-25,MR-GE-25 - Prohibited on freeway,intervene/Guide Signs,MR_GE_25_PROHIBITED_ON_FREEWAY_MR-GE-25.svg,1200x1673 mm,"size from the sheet scale 1:10; 1 closed letter outline(s) filled solid; register size 1200x1440 mm differs from the drawing (1200 x 1673 mm) — check; colours from the sheet's note: legend WHITE, background GREEN, border WHITE; legend is CAD text on the sheet ('MOPEDS' ADDED TO SIGN, RETROR, CLASS SPECIFIED, NOTE 1 AMENDE, BLOCK UPDATED., NOTES 1&2, 8 ADDED, SIGN COLOU…): needs setting in the AS 1744 face by hand",Original PDFs/Guide Signs/Freeway Series MR-GE/mr-ge-25.dwg
MR-GE-25,MR-GE-25 - Prohibited on freeway,intervene/Guide Signs,MR_GE_25_PROHIBITED_ON_FREEWAY_VAR2_MR-GE-25.svg,302x550 mm,"size from the sheet scale 1:10; 1 closed letter outline(s) filled solid; register size 1200x1440 mm differs from the drawing (302 x 550 mm) — check; colours from the sheet's note: legend WHITE, background GREEN, border WHITE; legend is CAD text on the sheet ('MOPEDS' ADDED TO SIGN, RETROR, CLASS SPECIFIED, NOTE 1 AMENDE, BLOCK UPDATED., NOTES 1&2, 8 ADDED, SIGN COLOU…): needs setting in the AS 1744 face by hand",Original PDFs/Guide Signs/Freeway Series MR-GE/mr-ge-25.dwg
MR-GE-25,MR-GE-25 - Prohibited on freeway,intervene/Guide Signs,MR_GE_25_PROHIBITED_ON_FREEWAY_VAR3_MR-GE-25.svg,299x561 mm,"size from the sheet scale 1:10; 1 closed letter outline(s) filled solid; register size 1200x1440 mm differs from the drawing (299 x 561 mm) — check; colours from the sheet's note: legend WHITE, background GREEN, border WHITE; legend is CAD text on the sheet ('MOPEDS' ADDED TO SIGN, RETROR, CLASS SPECIFIED, NOTE 1 AMENDE, BLOCK UPDATED., NOTES 1&2, 8 ADDED, SIGN COLOU…): needs setting in the AS 1744 face by hand",Original PDFs/Guide Signs/Freeway Series MR-GE/mr-ge-25.dwg
MR-GE-25,MR-GE-25 - Prohibited on freeway,intervene/Guide Signs,MR_GE_25_PROHIBITED_ON_FREEWAY_VAR4_MR-GE-25.svg,299x561 mm,"size from the sheet scale 1:10; 1 closed letter outline(s) filled solid; register size 1200x1440 mm differs from the drawing (299 x 561 mm) — check; colours from the sheet's note: legend WHITE, background GREEN, border WHITE; legend is CAD text on the sheet ('MOPEDS' ADDED TO SIGN, RETROR, CLASS SPECIFIED, NOTE 1 AMENDE, BLOCK UPDATED., NOTES 1&2, 8 ADDED, SIGN COLOU…): needs setting in the AS 1744 face by hand",Original PDFs/Guide Signs/Freeway Series MR-GE/mr-ge-25.dwg
MR-GE-25,MR-GE-25 - Prohibited on freeway,intervene/Guide Signs,MR_GE_25_PROHIBITED_ON_FREEWAY_VAR5_MR-GE-25.svg,581x1383 mm,"size from the sheet scale 1:10; 1 closed letter outline(s) filled solid; register size 1200x1440 mm differs from the drawing (581 x 1383 mm) — check; colours from the sheet's note: legend WHITE, background GREEN, border WHITE; legend is CAD text on the sheet ('MOPEDS' ADDED TO SIGN, RETROR, CLASS SPECIFIED, NOTE 1 AMENDE, BLOCK UPDATED., NOTES 1&2, 8 ADDED, SIGN COLOU…): needs setting in the AS 1744 face by hand",Original PDFs/Guide Signs/Freeway Series MR-GE/mr-ge-25.dwg
MR-GE-27,MR-GE-27 - Exit sign for loop ramps,Guide Signs,,,no drawing found after removing the sheet furniture,Original PDFs/Guide Signs/Freeway Series MR-GE/mr-ge-27.dwg
MR-GE-28,MR-GE-28 - Diagrammatic multiple direction driving instruction sign,intervene/Guide Signs,MR_GE_28_DIAGRAMMATIC_MULTIPLE_DIRECTION_DRIVING_INSTRUCTION_SIGN_MR-GE-28.svg,4900x3200 mm,"size from the sheet scale 1:30; 1 closed letter outline(s) filled solid; 1 closed letter outline(s) filled solid; 1 closed letter outline(s) filled solid; 1 closed letter outline(s) filled solid; 1 closed letter outline(s) filled solid; no colour note on the sheet: MR-GE series default assumed — check colours: legend WHITE, background GREEN; legend is CAD text on the sheet (s, n, r, u…): needs setting in the AS 1744 face by hand",Original PDFs/Guide Signs/Freeway Series MR-GE/mr-ge-28.dwg
MR-GE-29,MR-GE-29 - Roundabout lane allocation diagrammatic direction sign,intervene/Guide Signs,MR_GE_29_ROUNDABOUT_LANE_ALLOCATION_DIAGRAMMATIC_DIRECTION_SIGN_MR-GE-29.svg,4400x2700 mm,"size from the sheet scale 1:25; 3 closed letter outline(s) filled solid; 1 closed letter outline(s) filled solid; 1 closed letter outline(s) filled solid; no colour note on the sheet: MR-GE series default assumed — check colours: legend WHITE, background GREEN; legend is CAD text on the sheet (E, L, A, Y…): needs setting in the AS 1744 face by hand",Original PDFs/Guide Signs/Freeway Series MR-GE/mr-ge-29.dwg
MR-GE-31,MR-GE-31 - Overhead advance exit sign for exclusive left turn lanes - with destination,intervene/Guide Signs,MR_GE_31_OVERHEAD_ADVANCE_EXIT_SIGN_FOR_EXCLUSIVE_LEFT_TURN_LANES_WITH_DESTINATI_MR-GE-31.svg,1579x1227 mm,"no scale on the sheet and no register size; drawn at 1:10 — check; 2 closed letter outline(s) filled solid; no colour note on the sheet: MR-GE series default assumed — check colours: legend WHITE, background GREEN; legend is CAD text on the sheet (1 km, HODGES DR, Joondalup, EXIT ONLY): needs setting in the AS 1744 face by hand",Original PDFs/Guide Signs/Freeway Series MR-GE/mr-ge-31.dwg
MR-GE-30,MR-GE-30 - Overhead advance exit sign for exclusive left turn lanes - no destination,intervene/Guide Signs,MR_GE_30_OVERHEAD_ADVANCE_EXIT_SIGN_FOR_EXCLUSIVE_LEFT_TURN_LANES_NO_DESTINATION_MR-GE-30.svg,1374x1137 mm,"no scale on the sheet and no register size; drawn at 1:10 — check; 1 closed letter outline(s) filled solid; no colour note on the sheet: MR-GE series default assumed — check colours: legend WHITE, background GREEN; legend is CAD text on the sheet (1 km, Hutton St, EXIT, ONLY): needs setting in the AS 1744 face by hand",Original PDFs/Guide Signs/Freeway Series MR-GE/mr-ge-30.dwg
MR-GE-32,MR-GE-32 - Prohibited on highway,intervene/Guide Signs,MR_GE_32_PROHIBITED_ON_HIGHWAY_MR-GE-32.svg,1200x1618 mm,"size from the sheet scale 1:10; 1 closed letter outline(s) filled solid; register size 1200x1440 mm differs from the drawing (1200 x 1618 mm) — check; colours from the sheet's note: legend WHITE, background GREEN, border WHITE; legend is CAD text on the sheet (RETROREFLECTIVE CLASS, TEXT ST, PROHIBITED, ON, PEDESTRIANS…): needs setting in the AS 1744 face by hand",Original PDFs/Guide Signs/Freeway Series MR-GE/mr-ge-32.dwg
MR-GE-32,MR-GE-32 - Prohibited on highway,intervene/Guide Signs,MR_GE_32_PROHIBITED_ON_HIGHWAY_VAR2_MR-GE-32.svg,302x550 mm,"size from the sheet scale 1:10; 1 closed letter outline(s) filled solid; register size 1200x1440 mm differs from the drawing (302 x 550 mm) — check; colours from the sheet's note: legend WHITE, background GREEN, border WHITE; legend is CAD text on the sheet (RETROREFLECTIVE CLASS, TEXT ST, PROHIBITED, ON, PEDESTRIANS…): needs setting in the AS 1744 face by hand",Original PDFs/Guide Signs/Freeway Series MR-GE/mr-ge-32.dwg
MR-GE-32,MR-GE-32 - Prohibited on highway,intervene/Guide Signs,MR_GE_32_PROHIBITED_ON_HIGHWAY_VAR3_MR-GE-32.svg,298x561 mm,"size from the sheet scale 1:10; 1 closed letter outline(s) filled solid; register size 1200x1440 mm differs from the drawing (298 x 561 mm) — check; colours from the sheet's note: legend WHITE, background GREEN, border WHITE; legend is CAD text on the sheet (RETROREFLECTIVE CLASS, TEXT ST, PROHIBITED, ON, PEDESTRIANS…): needs setting in the AS 1744 face by hand",Original PDFs/Guide Signs/Freeway Series MR-GE/mr-ge-32.dwg
MR-GE-35,MR-GE-35 - Overhead Advance Exit Sign for Exclusive Left Turn Lanes - No Destination,Guide Signs,MR_GE_35_OVERHEAD_ADVANCE_EXIT_SIGN_FOR_EXCLUSIVE_LEFT_TURN_LANES_NO_DESTINATION_MR-GE-35.svg,1300x467 mm,"no scale on the sheet and no register size; drawn at 1:10 — check; 10 closed letter outline(s) filled solid; no colour note on the sheet: MR-GE series default assumed — check colours: legend WHITE, background GREEN",Original PDFs/Guide Signs/Freeway Series MR-GE/mr-ge-35.dwg
MR-GE-36,MR-GE-36 - Overhead Advance Exit Sign for Exclusive Left Turn Lanes,intervene/Guide Signs,MR_GE_36_OVERHEAD_ADVANCE_EXIT_SIGN_FOR_EXCLUSIVE_LEFT_TURN_LANES_MR-GE-36.svg,1300x667 mm,"no scale on the sheet and no register size; drawn at 1:10 — check; 2 closed letter outline(s) filled solid; no colour note on the sheet: MR-GE series default assumed — check colours: legend WHITE, background GREEN; legend is CAD text on the sheet (HODGES DR, Joondalup, EXIT, ONLY): needs setting in the AS 1744 face by hand",Original PDFs/Guide Signs/Freeway Series MR-GE/mr-ge-36.dwg
MR-GE-14,MR-GE-14 - Advance direction (cross road),intervene/Guide Signs,MR_GE_14_ADVANCE_DIRECTION_CROSS_ROAD_MR-GE-14.svg,3600x3492 mm,"size from the register (3600x3366 mm); no scale on the sheet; 1 closed letter outline(s) filled solid; no colour note on the sheet: MR-GE series default assumed — check colours: legend WHITE, background GREEN; legend is CAD text on the sheet (e, l, a, d…): needs setting in the AS 1744 face by hand",Original PDFs/Guide Signs/Freeway Series MR-GE/mr-ge-14.dwg
MR-GE-14,MR-GE-14 - Advance direction (cross road),intervene/Guide Signs,MR_GE_14_ADVANCE_DIRECTION_CROSS_ROAD_VAR2_MR-GE-14.svg,3600x3600 mm,"size from the register (3600x3366 mm); no scale on the sheet; 1 closed letter outline(s) filled solid; register size 3600x3366 mm differs from the drawing (3600 x 3600 mm) — check; no colour note on the sheet: MR-GE series default assumed — check colours: legend WHITE, background GREEN; legend is CAD text on the sheet (e, l, a, d…): needs setting in the AS 1744 face by hand",Original PDFs/Guide Signs/Freeway Series MR-GE/mr-ge-14.dwg
MR-GE-14,MR-GE-14 - Advance direction (cross road),intervene/Guide Signs,MR_GE_14_ADVANCE_DIRECTION_CROSS_ROAD_VAR3_MR-GE-14.svg,3366x4199 mm,"size from the register (3600x3366 mm); no scale on the sheet; 1 closed letter outline(s) filled solid; register size 3600x3366 mm differs from the drawing (3366 x 4199 mm) — check; no colour note on the sheet: MR-GE series default assumed — check colours: legend WHITE, background GREEN; legend is CAD text on the sheet (e, l, a, d…): needs setting in the AS 1744 face by hand",Original PDFs/Guide Signs/Freeway Series MR-GE/mr-ge-14.dwg
MR-GE-14,MR-GE-14 - Advance direction (cross road),intervene/Guide Signs,MR_GE_14_ADVANCE_DIRECTION_CROSS_ROAD_VAR4_MR-GE-14.svg,3600x1762 mm,"size from the register (3600x3366 mm); no scale on the sheet; 1 closed letter outline(s) filled solid; register size 3600x3366 mm differs from the drawing (3600 x 1762 mm) — check; no colour note on the sheet: MR-GE series default assumed — check colours: legend WHITE, background GREEN; legend is CAD text on the sheet (e, l, a, d…): needs setting in the AS 1744 face by hand",Original PDFs/Guide Signs/Freeway Series MR-GE/mr-ge-14.dwg
MR-GE-14,MR-GE-14 - Advance direction (cross road),intervene/Guide Signs,MR_GE_14_ADVANCE_DIRECTION_CROSS_ROAD_VAR5_MR-GE-14.svg,3600x1143 mm,"size from the register (3600x3366 mm); no scale on the sheet; 1 closed letter outline(s) filled solid; register size 3600x3366 mm differs from the drawing (3600 x 1143 mm) — check; no colour note on the sheet: MR-GE series default assumed — check colours: legend WHITE, background GREEN; legend is CAD text on the sheet (e, l, a, d…): needs setting in the AS 1744 face by hand",Original PDFs/Guide Signs/Freeway Series MR-GE/mr-ge-14.dwg
MR-GE-23D,MR-GE-23D - End of freeway,Guide Signs,,,no drawing found after removing the sheet furniture,Original PDFs/Guide Signs/Freeway Series MR-GE/mr-ge-23d.dwg
MR-GE-22A,MR-GE-22A - Start of freeway,Guide Signs,,,no drawing found after removing the sheet furniture,Original PDFs/Guide Signs/Freeway Series MR-GE/mr-ge-22a.dwg
MR-GE-22B,MR-GE-22B - Start of freeway,Guide Signs,,,no drawing found after removing the sheet furniture,Original PDFs/Guide Signs/Freeway Series MR-GE/mr-ge-22b.dwg
MR-GE-23A,MR-GE-23A - End of freeway,Guide Signs,,,no drawing found after removing the sheet furniture,Original PDFs/Guide Signs/Freeway Series MR-GE/mr-ge-23a.dwg
MR-GE-23B,MR-GE-23B - End of freeway,Guide Signs,,,no drawing found after removing the sheet furniture,Original PDFs/Guide Signs/Freeway Series MR-GE/mr-ge-23b.dwg
MR-GE-24L,MR-GE-24L - City via freeway,intervene/Guide Signs,MR_GE_24L_CITY_VIA_FREEWAY_MR-GE-24L.svg,3200x3104 mm,"size from the register (3200x1200 mm); no scale on the sheet; 1 closed letter outline(s) filled solid; register size 3200x1200 mm differs from the drawing (3200 x 3104 mm) — check; no colour note on the sheet: MR-GE series default assumed — check colours: legend WHITE, background GREEN; legend is CAD text on the sheet (P, e, r, t…): needs setting in the AS 1744 face by hand",Original PDFs/Guide Signs/Freeway Series MR-GE/mr-ge-24l.dwg
MR-GE-24R,MR-GE-24R - City via freeway,intervene/Guide Signs,MR_GE_24R_CITY_VIA_FREEWAY_MR-GE-24R.svg,3200x3104 mm,"size from the register (3200x1200 mm); no scale on the sheet; 1 closed letter outline(s) filled solid; register size 3200x1200 mm differs from the drawing (3200 x 3104 mm) — check; no colour note on the sheet: MR-GE series default assumed — check colours: legend WHITE, background GREEN; legend is CAD text on the sheet (V, I, A, F…): needs setting in the AS 1744 face by hand",Original PDFs/Guide Signs/Freeway Series MR-GE/mr-ge-24r.dwg
MR-GE-33,"MR-GE-33 - To freeway north south (ahead, left, right)",intervene/Guide Signs,MR_GE_33_TO_FREEWAY_NORTH_SOUTH_AHEAD_LEFT_RIGHT_MR-GE-33.svg,900x1800 mm,"size from the sheet scale 1:20; 2 closed letter outline(s) filled solid; 1 closed letter outline(s) filled solid; no colour note on the sheet: MR-GE series default assumed — check colours: legend WHITE, background GREEN; legend is CAD text on the sheet (y, w, F, O…): needs setting in the AS 1744 face by hand",Original PDFs/Guide Signs/Freeway Series MR-GE/mr-ge-33.dwg
MR-GE-34,"MR-GE-34 - To freeway north south (left, right)",intervene/Guide Signs,MR_GE_34_TO_FREEWAY_NORTH_SOUTH_LEFT_RIGHT_MR-GE-34.svg,900x1800 mm,"size from the sheet scale 1:20; 2 closed letter outline(s) filled solid; 1 closed letter outline(s) filled solid; no colour note on the sheet: MR-GE series default assumed — check colours: legend WHITE, background GREEN; legend is CAD text on the sheet (y, w, F, O…): needs setting in the AS 1744 face by hand",Original PDFs/Guide Signs/Freeway Series MR-GE/mr-ge-34.dwg
MR-GE-5,MR-GE-5 - To fwy (straight ahead),intervene/Guide Signs,MR_GE_5_TO_FWY_STRAIGHT_AHEAD_MR-GE-5.svg,1600x1553 mm,"size from the register (900x1600 mm); no scale on the sheet; 1 closed letter outline(s) filled solid; register size 900x1600 mm differs from the drawing (1600 x 1553 mm) — check; no colour note on the sheet: MR-GE series default assumed — check colours: legend WHITE, background GREEN; legend is CAD text on the sheet (F, w, y, T…): needs setting in the AS 1744 face by hand",Original PDFs/Guide Signs/Freeway Series MR-GE/mr-ge-5.dwg
MR-GE-6L,MR-GE-6L - To fwy (left),intervene/Guide Signs,MR_GE_6L_TO_FWY_LEFT_MR-GE-6L.svg,1600x1553 mm,"size from the register (900x1600 mm); no scale on the sheet; 1 closed letter outline(s) filled solid; register size 900x1600 mm differs from the drawing (1600 x 1553 mm) — check; no colour note on the sheet: MR-GE series default assumed — check colours: legend WHITE, background GREEN; legend is CAD text on the sheet (F, w, y, T…): needs setting in the AS 1744 face by hand",Original PDFs/Guide Signs/Freeway Series MR-GE/mr-ge-6l.dwg
MR-GE-6R,MR-GE-6R - To fwy (right),intervene/Guide Signs,MR_GE_6R_TO_FWY_RIGHT_MR-GE-6R.svg,1600x1553 mm,"size from the register (900x1600 mm); no scale on the sheet; 1 closed letter outline(s) filled solid; register size 900x1600 mm differs from the drawing (1600 x 1553 mm) — check; no colour note on the sheet: MR-GE series default assumed — check colours: legend WHITE, background GREEN; legend is CAD text on the sheet (T, O, F, w…): needs setting in the AS 1744 face by hand",Original PDFs/Guide Signs/Freeway Series MR-GE/mr-ge-6r.dwg
MR-GE-7L,MR-GE-7L - Intersection direction,intervene/Guide Signs,MR_GE_7L_INTERSECTION_DIRECTION_MR-GE-7L.svg,2600x2514 mm,"size from the register (2600x750 mm); no scale on the sheet; 1 closed letter outline(s) filled solid; register size 2600x750 mm differs from the drawing (2600 x 2514 mm) — check; no colour note on the sheet: MR-GE series default assumed — check colours: legend WHITE, background GREEN; legend is CAD text on the sheet (F, w, y, T…): needs setting in the AS 1744 face by hand",Original PDFs/Guide Signs/Freeway Series MR-GE/mr-ge-7l.dwg
MR-GE-7R,MR-GE-7R - Intersection direction,intervene/Guide Signs,MR_GE_7R_INTERSECTION_DIRECTION_MR-GE-7R.svg,2600x2515 mm,"size from the register (2600x750 mm); no scale on the sheet; 1 closed letter outline(s) filled solid; register size 2600x750 mm differs from the drawing (2600 x 2515 mm) — check; no colour note on the sheet: MR-GE series default assumed — check colours: legend WHITE, background GREEN; legend is CAD text on the sheet (T, O, F, w…): needs setting in the AS 1744 face by hand",Original PDFs/Guide Signs/Freeway Series MR-GE/mr-ge-7r.dwg
MR-GZ-14,MR-GZ-14 - Western Australian Black Spot Project,intervene/Guide Signs,MR_GZ_14_WESTERN_AUSTRALIAN_BLACK_SPOT_PROJECT_MR-GZ-14.svg,900x1200 mm,"size from the register (900x1200 mm); no scale on the sheet; no colour note on the sheet: MR-GZ series default assumed — check colours: legend WHITE, background GREEN; legend is CAD text on the sheet (MAKING OUR ROADS SAFER, F, O, T…): needs setting in the AS 1744 face by hand",Original PDFs/Guide Signs/Funding Series MR-GZ/mr-gz-14.dwg
MR-GM-28,MR-GM-28 - Camp fires prohibited,Guide Signs,MR_GM_28_CAMP_FIRES_PROHIBITED_MR-GM-28.svg,2400x1200 mm,"size from the sheet scale 1:15; 1 closed letter outline(s) filled solid; no colour note on the sheet: MR-GM series default assumed — check colours: legend WHITE, background GREEN",Original PDFs/Guide Signs/General Series MR-GM/mr-gm-28.dwg
MR-GM-29,MR-GM-29 - Safety vests must be worn,Guide Signs,MR_GM_29_SAFETY_VESTS_MUST_BE_WORN_MR-GM-29.svg,900x1207 mm,"size from the register (900x1200 mm); no scale on the sheet; no colour note on the sheet: MR-GM series default assumed — check colours: legend WHITE, background GREEN",Original PDFs/Guide Signs/General Series MR-GM/mr-gm-29.dwg
MR-GM-25,MR-GM-25 - Residential area reduce vehicle noise,Guide Signs,MR_GM_25_RESIDENTIAL_AREA_REDUCE_VEHICLE_NOISE_MR-GM-25.svg,1200x1500 mm,"size from the register (1200x1500 mm); no scale on the sheet; no colour note on the sheet: MR-GM series default assumed — check colours: legend WHITE, background GREEN",Original PDFs/Guide Signs/General Series MR-GM/mr-gm-25.dwg
MR-GM-31,MR-GM-31-1 - (Sticker) care for our wildlife (numbat),Guide Signs,,,"conversion failed: Invalid tag (41, """") near line: 43700.",Original PDFs/Guide Signs/General Series MR-GM/mr-gm-31-1.dwg
MR-GM-32,MR-GM-32-1 - Care for our wildlife (numbat),Guide Signs,,,"conversion failed: Invalid tag (41, """") near line: 46992.",Original PDFs/Guide Signs/General Series MR-GM/mr-gm-32-1.dwg
MR-GM-31,MR-GM-31-2 - (Sticker) care for our wildlife (duck),Guide Signs,,,"conversion failed: Invalid tag (41, """") near line: 46346.",Original PDFs/Guide Signs/General Series MR-GM/mr-gm-31-2.dwg
MR-GM-31,MR-GM-31-3 - (Sticker) care for our wildlife (tortoise),Guide Signs,,,"conversion failed: Invalid tag (42, """") near line: 155716.",Original PDFs/Guide Signs/General Series MR-GM/mr-gm-31-3.dwg
MR-GM-32,MR-GM-32-2 - Care for our wildlife (duck),Guide Signs,,,"conversion failed: Invalid tag (41, """") near line: 46958.",Original PDFs/Guide Signs/General Series MR-GM/mr-gm-32-2.dwg
MR-GM-32,MR-GM-32-3 - Care for our wildlife (tortoise),Guide Signs,,,"conversion failed: Invalid tag (41, """") near line: 47182.",Original PDFs/Guide Signs/General Series MR-GM/mr-gm-32-3.dwg
MR-GM-33,MR-GM-33 - Rubbish dumping is illegal heavy penalties apply,Guide Signs,,,"conversion failed: Invalid tag (41, """") near line: 162514.",Original PDFs/Guide Signs/General Series MR-GM/mr-gm-33.dwg
MR-GM-34,MR-GM-34 - Keep town beautiful,Guide Signs,,,"conversion failed: Invalid tag (41, """") near line: 158798.",Original PDFs/Guide Signs/General Series MR-GM/mr-gm-34.dwg
MR-GM-35,MR-GM-35 - Litter is illegal penalties apply,Guide Signs,,,"conversion failed: Invalid tag (41, """") near line: 162240.",Original PDFs/Guide Signs/General Series MR-GM/mr-gm-35.dwg
MR-GM-36,MR-GM-36 - Litter and you will be fined,Guide Signs,,,"conversion failed: Invalid tag (41, """") near line: 157242.",Original PDFs/Guide Signs/General Series MR-GM/mr-gm-36.dwg
MR-GM-37,MR-GM-37 - Secure your load or secure a fine,Guide Signs,,,"conversion failed: Invalid tag (41, """") near line: 159082.",Original PDFs/Guide Signs/General Series MR-GM/mr-gm-37.dwg
MR-GM-38,MR-GM-38 - Report illegal dumping,Guide Signs,,,"conversion failed: Invalid tag (41, """") near line: 174036.",Original PDFs/Guide Signs/General Series MR-GM/mr-gm-38.dwg
MR-GM-39,MR-GM-39 - Revegetation site please keep off,Guide Signs,,,no drawing found after removing the sheet furniture,Original PDFs/Guide Signs/General Series MR-GM/mr-gm-39.dwg
MR-GM-31,MR-GM-31-4 - (Sticker) Care for our wildlife (white-tailed black cockatoo),Guide Signs,,,"conversion failed: Invalid tag (41, """") near line: 553588.",Original PDFs/Guide Signs/General Series MR-GM/mr-gm-31-4.dwg
MR-GM-32,MR-GM-32-4 - Care for our wildlife (white-tailed black cockatoo),Guide Signs,,,conversion failed: 'utf-8' codec can't decode byte 0x91 in position 3: invalid start byte,Original PDFs/Guide Signs/General Series MR-GM/mr-gm-32-4.dwg
MR-GM-61,MR-GM-61 – Dolly Parking Area,Guide Signs,MR_GM_61_DOLLY_PARKING_AREA_MR-GM-61.svg,1500x550 mm,"size from the register (1500x550 mm); no scale on the sheet; no colour note on the sheet: MR-GM series default assumed — check colours: legend WHITE, background GREEN",Original PDFs/Guide Signs/General Series MR-GM/mr-gm-61-dolly-parking-area.dwg
MR-GM-40,MR-GM-40 - Littering is illegal report offenders,intervene/Guide Signs,MR_GM_40_LITTERING_IS_ILLEGAL_REPORT_OFFENDERS_MR-GM-40.svg,1776x976 mm,"size from the sheet scale 1:10; 45 closed letter outline(s) filled solid; 2 closed letter outline(s) filled solid; 15 closed letter outline(s) filled solid; 30 closed letter outline(s) filled solid; colours from the sheet's note: legend BLACK, background WHITE, border RED; legend is CAD text on the sheet (KEEP AUSTRALIA BEAUTIFUL, COUNCIL COLOURS, BIN IT COLOURS, GREY…): needs setting in the AS 1744 face by hand",Original PDFs/Guide Signs/General Series MR-GM/mr-gm-40.dwg
MR-GM-41,MR-GM-41 - Litter hurts wildlife report litterers,intervene/Guide Signs,MR_GM_41_LITTER_HURTS_WILDLIFE_REPORT_LITTERERS_MR-GM-41.svg,1776x976 mm,"size from the sheet scale 1:10; 46 closed letter outline(s) filled solid; 2 closed letter outline(s) filled solid; 15 closed letter outline(s) filled solid; colours from the sheet's note: legend BLACK, background WHITE, border RED; legend is CAD text on the sheet (KEEP AUSTRALIA BEAUTIFUL, COUNCIL COLOURS, BIN IT COLOURS, GREY…): needs setting in the AS 1744 face by hand",Original PDFs/Guide Signs/General Series MR-GM/mr-gm-41.dwg
MR-GM-42,MR-GM-42 - Sealed passing opportunity xx km ahead,Guide Signs,MR_GM_42_SEALED_PASSING_OPPORTUNITY_XX_KM_AHEAD_MR-GM-42.svg,2800x1300 mm,"size from the sheet scale 1:20; 32 closed letter outline(s) filled solid; no colour note on the sheet: MR-GM series default assumed — check colours: legend WHITE, background GREEN",Original PDFs/Guide Signs/General Series MR-GM/mr-gm-42.dwg
MR-GM-43,MR-GM-43 - Sealed passing opportunity next xx km,Guide Signs,MR_GM_43_SEALED_PASSING_OPPORTUNITY_NEXT_XX_KM_MR-GM-43.svg,2760x1260 mm,"size from the sheet scale 1:20; 31 closed letter outline(s) filled solid; no colour note on the sheet: MR-GM series default assumed — check colours: legend WHITE, background GREEN",Original PDFs/Guide Signs/General Series MR-GM/mr-gm-43.dwg
MR-GM-44,MR-GM-44 - No camping permitted​,Guide Signs,,,"conversion failed: Invalid header variable tag 1, \fonts\helvl.shx^M^J  C:\program files\autocad 2010\fonts\romand.shx^M^J  C:\windows\font",Original PDFs/Guide Signs/General Series MR-GM/mr-gm-44.dwg
MR-GM-45,MR-GM-45​ - Average speed camera zone,Guide Signs,MR_GM_45_AVERAGE_SPEED_CAMERA_ZONE_MR-GM-45.svg,2200x600 mm,"size from the sheet scale 1:15; 1 closed letter outline(s) filled solid; colours from the sheet's note: legend BLACK, background WHITE",Original PDFs/Guide Signs/General Series MR-GM/mr-gm-45.dwg
MR-GM-45,MR-GM-45​ - Average speed camera zone,Guide Signs,MR_GM_45_AVERAGE_SPEED_CAMERA_ZONE_VAR2_MR-GM-45.svg,897x351 mm,"size from the sheet scale 1:15; 1 closed letter outline(s) filled solid; colours from the sheet's note: legend BLACK, background WHITE",Original PDFs/Guide Signs/General Series MR-GM/mr-gm-45.dwg
MR-GM-45,MR-GM-45​ - Average speed camera zone,Guide Signs,MR_GM_45_AVERAGE_SPEED_CAMERA_ZONE_VAR3_MR-GM-45.svg,589x188 mm,"size from the sheet scale 1:15; 1 closed letter outline(s) filled solid; colours from the sheet's note: legend BLACK, background WHITE",Original PDFs/Guide Signs/General Series MR-GM/mr-gm-45.dwg
MR-GM-45,MR-GM-45​ - Average speed camera zone,Guide Signs,MR_GM_45_AVERAGE_SPEED_CAMERA_ZONE_VAR4_MR-GM-45.svg,610x77 mm,"size from the sheet scale 1:15; 1 closed letter outline(s) filled solid; colours from the sheet's note: legend BLACK, background WHITE",Original PDFs/Guide Signs/General Series MR-GM/mr-gm-45.dwg
MR-GM-46,MR-GM-46 - Average speed camera zone,Guide Signs,MR_GM_46_AVERAGE_SPEED_CAMERA_ZONE_MR-GM-46.svg,1700x600 mm,"size from the sheet scale 1:15; 1 closed letter outline(s) filled solid; colours from the sheet's note: legend BLACK, background WHITE",Original PDFs/Guide Signs/General Series MR-GM/mr-gm-46.dwg
MR-GM-46,MR-GM-46 - Average speed camera zone,Guide Signs,MR_GM_46_AVERAGE_SPEED_CAMERA_ZONE_VAR2_MR-GM-46.svg,897x351 mm,"size from the sheet scale 1:15; 1 closed letter outline(s) filled solid; colours from the sheet's note: legend BLACK, background WHITE",Original PDFs/Guide Signs/General Series MR-GM/mr-gm-46.dwg
MR-GM-46,MR-GM-46 - Average speed camera zone,Guide Signs,MR_GM_46_AVERAGE_SPEED_CAMERA_ZONE_VAR3_MR-GM-46.svg,589x188 mm,"size from the sheet scale 1:15; 1 closed letter outline(s) filled solid; colours from the sheet's note: legend BLACK, background WHITE",Original PDFs/Guide Signs/General Series MR-GM/mr-gm-46.dwg
MR-GM-46,MR-GM-46 - Average speed camera zone,Guide Signs,MR_GM_46_AVERAGE_SPEED_CAMERA_ZONE_VAR4_MR-GM-46.svg,595x77 mm,"size from the sheet scale 1:15; 1 closed letter outline(s) filled solid; colours from the sheet's note: legend BLACK, background WHITE",Original PDFs/Guide Signs/General Series MR-GM/mr-gm-46.dwg
MR-GM-47,MR-GM-47 - Call for assistance drop tag,Guide Signs,MR_GM_47_CALL_FOR_ASSISTANCE_DROP_TAG_MR-GM-47.svg,15000x2600 mm,"no scale on the sheet and no register size; drawn at 1:10 — check; no colour note on the sheet: MR-GM series default assumed — check colours: legend WHITE, background GREEN",Original PDFs/Guide Signs/General Series MR-GM/mr-gm-47.dwg
MR-GM-48,"MR-GM-48 - Dumping of rubbish prohibited maximum penalty $125,000​",Guide Signs,MR_GM_48_DUMPING_OF_RUBBISH_PROHIBITED_MAXIMUM_PENALTY_125_000_MR-GM-48.svg,450x600 mm,"no scale on the sheet and no register size; drawn at 1:10 — check; 2 closed letter outline(s) filled solid; no colour note on the sheet: MR-GM series default assumed — check colours: legend WHITE, background GREEN",Original PDFs/Guide Signs/General Series MR-GM/mr-gm-48.dwg
MR-GM-49,MR-GM-49 - Cameras in use,Guide Signs,MR_GM_49_CAMERAS_IN_USE_MR-GM-49.svg,902x902 mm,"size from the sheet scale 1:10; 1 closed letter outline(s) filled solid; no colour note on the sheet: MR-GM series default assumed — check colours: legend WHITE, background GREEN",Original PDFs/Guide Signs/General Series MR-GM/mr-gm-49.dwg
MR-GM-32,MR-GM-32-6 - Care for our wildlife (Echidna),Guide Signs,,,"conversion failed: Invalid tag (41, "" *ɳ"") near line: 90978.",Original PDFs/Guide Signs/General Series MR-GM/mr-gm-32-6.dwg
MR-GM-50,MR-GM-50 - No Parking on Hatched Area,Guide Signs,MR_GM_50_NO_PARKING_ON_HATCHED_AREA_MR-GM-50.svg,1500x475 mm,"size from the register (1500x475 mm); no scale on the sheet; no colour note on the sheet: MR-GM series default assumed — check colours: legend WHITE, background GREEN",Original PDFs/Guide Signs/General Series MR-GM/mr-gm-50.dwg
MR-GM-31,MR-GM-31-5 - (Sticker) care for our wildlife (quokka),Guide Signs,,,conversion failed: 'utf-8' codec can't decode byte 0xa8 in position 1: invalid start byte,Original PDFs/Guide Signs/General Series MR-GM/mr-gm-31-5.dwg
MR-GM-32,MR-GM-32-5 - Care for our wildlife (quokka),Guide Signs,,,conversion failed: 'utf-8' codec can't decode byte 0xd7 in position 1: invalid continuation byte,Original PDFs/Guide Signs/General Series MR-GM/mr-gm-32-5.dwg
MR-GM-31,MR-GM-31-6 - (sticker) Care for our wildlife (Echidna),Guide Signs,,,"conversion failed: Invalid tag (41, """") near line: 77504.",Original PDFs/Guide Signs/General Series MR-GM/mr-gm-31-6.dwg
MR-GM-32,MR-GM-32-7 - Care for our wildlife (bilby),Guide Signs,,,"conversion failed: Invalid tag (41, """") near line: 25250.",Original PDFs/Guide Signs/General Series MR-GM/mr-gm-32-7-care-for-our-wildlife-bilby.dwg
MR-GM-31,MR-GM-31-7 - (Sticker) Care for our wildlife (bilby),Guide Signs,,,"conversion failed: Invalid tag (41, """") near line: 54956.",Original PDFs/Guide Signs/General Series MR-GM/mr-gm-31-7-sticker-care-for-our-wildlife-bilby.dwg.dwg
MR-GM-51,MR-GM-51 - Signposting Country,Guide Signs,MR_GM_51_SIGNPOSTING_COUNTRY_MR-GM-51.svg,3300x1912 mm,"size from the register (3300x1900 mm); no scale on the sheet; 1 closed letter outline(s) filled solid; no colour note on the sheet: MR-GM series default assumed — check colours: legend WHITE, background GREEN",Original PDFs/Guide Signs/General Series MR-GM/mr-gm-51-signposting-country.dwg
MR-GM-54,MR-GM-54 - Clean On Entry - Exit Point,Guide Signs,MR_GM_54_CLEAN_ON_ENTRY_EXIT_POINT_MR-GM-54.svg,600x807 mm,"size from the register (600x800 mm); no scale on the sheet; no colour note on the sheet: MR-GM series default assumed — check colours: legend WHITE, background GREEN",Original PDFs/Guide Signs/General Series MR-GM/mr-gm-54-clean-on-entry-exit-point.dwg
MR-GM-55,MR-GM-55 - Clean On Entry Required,Guide Signs,MR_GM_55_CLEAN_ON_ENTRY_REQUIRED_MR-GM-55.svg,600x807 mm,"size from the register (600x800 mm); no scale on the sheet; no colour note on the sheet: MR-GM series default assumed — check colours: legend WHITE, background GREEN",Original PDFs/Guide Signs/General Series MR-GM/mr-gm-55-clean-on-entry-required.dwg
MR-GM-56,MR-GM-56 - Clean On Exit Required,Guide Signs,MR_GM_56_CLEAN_ON_EXIT_REQUIRED_MR-GM-56.svg,600x807 mm,"size from the register (600x800 mm); no scale on the sheet; no colour note on the sheet: MR-GM series default assumed — check colours: legend WHITE, background GREEN",Original PDFs/Guide Signs/General Series MR-GM/mr-gm-56-clean-on-exit-required.dwg
MR-GM-57,MR-GM-57 - Entering Dieback Infested Area,Guide Signs,MR_GM_57_ENTERING_DIEBACK_INFESTED_AREA_MR-GM-57.svg,600x600 mm,"size from the register (600x600 mm); no scale on the sheet; no colour note on the sheet: MR-GM series default assumed — check colours: legend WHITE, background GREEN",Original PDFs/Guide Signs/General Series MR-GM/mr-gm-57-entering-dieback-infested-area.dwg
MR-GM-58,MR-GM-58 - Leaving Dieback Free Area,Guide Signs,MR_GM_58_LEAVING_DIEBACK_FREE_AREA_MR-GM-58.svg,600x600 mm,"size from the register (600x600 mm); no scale on the sheet; no colour note on the sheet: MR-GM series default assumed — check colours: legend WHITE, background GREEN",Original PDFs/Guide Signs/General Series MR-GM/mr-gm-58-leaving-dieback-free-area.dwg
MR-GM-59,MR-GM-59 – Sealed Road Ends x km,Guide Signs,MR_GM_59_SEALED_ROAD_ENDS_X_KM_MR-GM-59.svg,2200x900 mm,"size from the register (2200x900 mm); no scale on the sheet; 1 closed letter outline(s) filled solid; no colour note on the sheet: MR-GM series default assumed — check colours: legend WHITE, background GREEN",Original PDFs/Guide Signs/General Series MR-GM/mr-gm-59-sealed-road-ends-x-km.dwg
MR-GM-60,MR-GM-60 - Restricted Stopping Area,Guide Signs,MR_GM_60_RESTRICTED_STOPPING_AREA_MR-GM-60.svg,900x1200 mm,"size from the register (900x1200 mm); no scale on the sheet; no colour note on the sheet: MR-GM series default assumed — check colours: legend WHITE, background GREEN",Original PDFs/Guide Signs/General Series MR-GM/mr-gm-60-restricted-stopping-area.dwg
MR-GM-20,MR-GM-20 - Ground water in use,Guide Signs,MR_GM_20_GROUND_WATER_IN_USE_MR-GM-20.svg,800x600 mm,"size from the sheet scale 1:10; 1 closed letter outline(s) filled solid; no colour note on the sheet: MR-GM series default assumed — check colours: legend WHITE, background GREEN",Original PDFs/Guide Signs/General Series MR-GM/mr-gm-20.dwg
MR-GM-20,MR-GM-20 - Ground water in use,Guide Signs,MR_GM_20_GROUND_WATER_IN_USE_VAR2_MR-GM-20.svg,302x550 mm,"size from the sheet scale 1:10; 1 closed letter outline(s) filled solid; register size 800x600 mm differs from the drawing (302 x 550 mm) — check; no colour note on the sheet: MR-GM series default assumed — check colours: legend WHITE, background GREEN",Original PDFs/Guide Signs/General Series MR-GM/mr-gm-20.dwg
MR-GM-20,MR-GM-20 - Ground water in use,Guide Signs,MR_GM_20_GROUND_WATER_IN_USE_VAR3_MR-GM-20.svg,298x561 mm,"size from the sheet scale 1:10; 1 closed letter outline(s) filled solid; register size 800x600 mm differs from the drawing (298 x 561 mm) — check; no colour note on the sheet: MR-GM series default assumed — check colours: legend WHITE, background GREEN",Original PDFs/Guide Signs/General Series MR-GM/mr-gm-20.dwg
MR-GM-12,MR-GM-12 - Verge vegetation,intervene/Guide Signs,MR_GM_12_VERGE_VEGETATION_MR-GM-12.svg,2170x1170 mm,"size from the sheet scale 1:10; no colour note on the sheet: MR-GM series default assumed — check colours: legend WHITE, background GREEN; legend is CAD text on the sheet (F, O, T, N…): needs setting in the AS 1744 face by hand",Original PDFs/Guide Signs/General Series MR-GM/mr-gm-12.dwg
MR-GM-14,MR-GM-14 - Roadside revegetation,Guide Signs,,,no drawing found after removing the sheet furniture,Original PDFs/Guide Signs/General Series MR-GM/mr-gm-14.dwg
MR-GM-15,MR-GM-15 - Ribbons of green,intervene/Guide Signs,MR_GM_15_RIBBONS_OF_GREEN_MR-GM-15.svg,3000x1800 mm,"size from the sheet scale 1:15; 2 closed letter outline(s) filled solid; no colour note on the sheet: MR-GM series default assumed — check colours: legend WHITE, background GREEN; legend is CAD text on the sheet (G, N, I, N…): needs setting in the AS 1744 face by hand",Original PDFs/Guide Signs/General Series MR-GM/mr-gm-15.dwg
MR-GM-1,MR-GM-1 - Truck arrester bed 1km,Guide Signs,MR_GM_1_TRUCK_ARRESTER_BED_1KM_MR-GM-1.svg,1647x713 mm,"no scale on the sheet and no register size; drawn at 1:10 — check; no colour note on the sheet: MR-GM series default assumed — check colours: legend WHITE, background GREEN",Original PDFs/Guide Signs/General Series MR-GM/mr-gm-1.dwg
MR-GM-2,MR-GM-2 - Truck arrester bed 300m,Guide Signs,MR_GM_2_TRUCK_ARRESTER_BED_300M_MR-GM-2.svg,1647x713 mm,"no scale on the sheet and no register size; drawn at 1:10 — check; no colour note on the sheet: MR-GM series default assumed — check colours: legend WHITE, background GREEN",Original PDFs/Guide Signs/General Series MR-GM/mr-gm-2.dwg
MR-GM-3,MR-GM-3 - Arrester bed,Guide Signs,MR_GM_3_ARRESTER_BED_MR-GM-3.svg,1425x875 mm,"no scale on the sheet and no register size; drawn at 1:10 — check; no colour note on the sheet: MR-GM series default assumed — check colours: legend WHITE, background GREEN",Original PDFs/Guide Signs/General Series MR-GM/mr-gm-3.dwg
MR-GM-4,MR-GM-4 - Arrester bed,Guide Signs,MR_GM_4_ARRESTER_BED_MR-GM-4.svg,1775x875 mm,"no scale on the sheet and no register size; drawn at 1:10 — check; no colour note on the sheet: MR-GM series default assumed — check colours: legend WHITE, background GREEN",Original PDFs/Guide Signs/General Series MR-GM/mr-gm-4.dwg
MR-GM-5,MR-GM-5 - Arrester bed removal instructions,Guide Signs,MR_GM_5_ARRESTER_BED_REMOVAL_INSTRUCTIONS_MR-GM-5.svg,1500x1350 mm,"size from the sheet scale 1:10; 1 closed letter outline(s) filled solid; 2 closed letter outline(s) filled solid; no colour note on the sheet: MR-GM series default assumed — check colours: legend WHITE, background GREEN",Original PDFs/Guide Signs/General Series MR-GM/mr-gm-5.dwg
MR-GM-5,MR-GM-5 - Arrester bed removal instructions,Guide Signs,MR_GM_5_ARRESTER_BED_REMOVAL_INSTRUCTIONS_VAR2_MR-GM-5.svg,299x561 mm,"size from the sheet scale 1:10; 1 closed letter outline(s) filled solid; 2 closed letter outline(s) filled solid; no colour note on the sheet: MR-GM series default assumed — check colours: legend WHITE, background GREEN",Original PDFs/Guide Signs/General Series MR-GM/mr-gm-5.dwg
MR-GM-5,MR-GM-5 - Arrester bed removal instructions,Guide Signs,MR_GM_5_ARRESTER_BED_REMOVAL_INSTRUCTIONS_VAR3_MR-GM-5.svg,302x550 mm,"size from the sheet scale 1:10; 1 closed letter outline(s) filled solid; 2 closed letter outline(s) filled solid; no colour note on the sheet: MR-GM series default assumed — check colours: legend WHITE, background GREEN",Original PDFs/Guide Signs/General Series MR-GM/mr-gm-5.dwg
MR-GM-10,MR-GM-10 - Speed cameras are used,Guide Signs,MR_GM_10_SPEED_CAMERAS_ARE_USED_MR-GM-10.svg,3200x1321 mm,"size from the register (3200x1350 mm); no scale on the sheet; no colour note on the sheet: MR-GM series default assumed — check colours: legend WHITE, background GREEN",Original PDFs/Guide Signs/General Series MR-GM/mr-gm-10.dwg
MR-GM-11,MR-GM-11 - Speed cameras used in this area,Guide Signs,MR_GM_11_SPEED_CAMERAS_USED_IN_THIS_AREA_MR-GM-11.svg,2100x600 mm,"size from the register (2100x600 mm); no scale on the sheet; no colour note on the sheet: MR-GM series default assumed — check colours: legend WHITE, background GREEN",Original PDFs/Guide Signs/General Series MR-GM/mr-gm-11.dwg
MR-GM-27A,MR-GM-27A - Road train assembly restrictions,Guide Signs,MR_GM_27A_ROAD_TRAIN_ASSEMBLY_RESTRICTIONS_MR-GM-27A.svg,1378x1301 mm,"size from the sheet scale 1:20; 30 closed letter outline(s) filled solid; register size 1600x1500 mm differs from the drawing (1378 x 1301 mm) — check; no colour note on the sheet: MR-GM series default assumed — check colours: legend WHITE, background GREEN",Original PDFs/Guide Signs/General Series MR-GM/mr-gm-27a.dwg
MR-GM-27A,MR-GM-27A - Road train assembly restrictions,Guide Signs,MR_GM_27A_ROAD_TRAIN_ASSEMBLY_RESTRICTIONS_VAR2_MR-GM-27A.svg,603x1100 mm,"size from the sheet scale 1:20; 30 closed letter outline(s) filled solid; register size 1600x1500 mm differs from the drawing (603 x 1100 mm) — check; no colour note on the sheet: MR-GM series default assumed — check colours: legend WHITE, background GREEN",Original PDFs/Guide Signs/General Series MR-GM/mr-gm-27a.dwg
MR-GM-27A,MR-GM-27A - Road train assembly restrictions,Guide Signs,MR_GM_27A_ROAD_TRAIN_ASSEMBLY_RESTRICTIONS_VAR3_MR-GM-27A.svg,597x1122 mm,"size from the sheet scale 1:20; 30 closed letter outline(s) filled solid; register size 1600x1500 mm differs from the drawing (597 x 1122 mm) — check; no colour note on the sheet: MR-GM series default assumed — check colours: legend WHITE, background GREEN",Original PDFs/Guide Signs/General Series MR-GM/mr-gm-27a.dwg
MR-GM-22,MR-GM-22(L) - Stop look before crossing,Guide Signs,,,no drawing found after removing the sheet furniture,Original PDFs/Guide Signs/General Series MR-GM/mr-gm-22l.dwg
MR-GM-22,MR-GM-22(R) - STOP LOOK BEFORE CROSSING,Guide Signs,,,no drawing found after removing the sheet furniture,Original PDFs/Guide Signs/General Series MR-GM/mr-gm-22r.dwg
MR-GM-23,MR-GM-23 - Do you know the limit (BAC),intervene/Guide Signs,MR_GM_23_DO_YOU_KNOW_THE_LIMIT_BAC_MR-GM-23.svg,2400x1920 mm,"size from the register (2400x1200 mm); no scale on the sheet; 3 closed letter outline(s) filled solid; register size 2400x1200 mm differs from the drawing (2400 x 1920 mm) — check; no colour note on the sheet: MR-GM series default assumed — check colours: legend WHITE, background GREEN; legend is CAD text on the sheet (O, D, U, O…): needs setting in the AS 1744 face by hand",Original PDFs/Guide Signs/General Series MR-GM/mr-gm-23.dwg
MR-GM-23,MR-GM-23 - Do you know the limit (BAC),intervene/Guide Signs,MR_GM_23_DO_YOU_KNOW_THE_LIMIT_BAC_VAR2_MR-GM-23.svg,1200x6679 mm,"size from the register (2400x1200 mm); no scale on the sheet; 3 closed letter outline(s) filled solid; register size 2400x1200 mm differs from the drawing (1200 x 6679 mm) — check; no colour note on the sheet: MR-GM series default assumed — check colours: legend WHITE, background GREEN; legend is CAD text on the sheet (O, D, U, O…): needs setting in the AS 1744 face by hand",Original PDFs/Guide Signs/General Series MR-GM/mr-gm-23.dwg
MR-GM-24,MR-GM-24 - Do you know the limit (speed),intervene/Guide Signs,MR_GM_24_DO_YOU_KNOW_THE_LIMIT_SPEED_MR-GM-24.svg,2400x1920 mm,"size from the register (2400x1200 mm); no scale on the sheet; 3 closed letter outline(s) filled solid; register size 2400x1200 mm differs from the drawing (2400 x 1920 mm) — check; no colour note on the sheet: MR-GM series default assumed — check colours: legend WHITE, background GREEN; legend is CAD text on the sheet (O, D, U, O…): needs setting in the AS 1744 face by hand",Original PDFs/Guide Signs/General Series MR-GM/mr-gm-24.dwg
MR-GM-24,MR-GM-24 - Do you know the limit (speed),intervene/Guide Signs,MR_GM_24_DO_YOU_KNOW_THE_LIMIT_SPEED_VAR2_MR-GM-24.svg,1200x6679 mm,"size from the register (2400x1200 mm); no scale on the sheet; 3 closed letter outline(s) filled solid; register size 2400x1200 mm differs from the drawing (1200 x 6679 mm) — check; no colour note on the sheet: MR-GM series default assumed — check colours: legend WHITE, background GREEN; legend is CAD text on the sheet (O, D, U, O…): needs setting in the AS 1744 face by hand",Original PDFs/Guide Signs/General Series MR-GM/mr-gm-24.dwg
MR-GM-27B,MR-GM-27B-1 - Road Train Assembly Area Restrictions,Guide Signs,MR_GM_27B_1_ROAD_TRAIN_ASSEMBLY_AREA_RESTRICTIONS_MR-GM-27B.svg,2100x2000 mm,"size from the register (2100x2000 mm); no scale on the sheet; no colour note on the sheet: MR-GM series default assumed — check colours: legend WHITE, background GREEN",Original PDFs/Guide Signs/General Series MR-GM/mr-gm-27b-1.dwg
MR-GM-27B,MR-GM-27B-2 - Road Train Assembly Area Restrictions,Guide Signs,MR_GM_27B_2_ROAD_TRAIN_ASSEMBLY_AREA_RESTRICTIONS_MR-GM-27B.svg,2100x1750 mm,"size from the register (2100x1750 mm); no scale on the sheet; no colour note on the sheet: MR-GM series default assumed — check colours: legend WHITE, background GREEN",Original PDFs/Guide Signs/General Series MR-GM/mr-gm-27b-2.dwg
MR-GM-52,MR-GM-52(BW) - Dieback Infested Area,Guide Signs,MR_GM_52_BW_DIEBACK_INFESTED_AREA_MR-GM-52.svg,600x600 mm,"size from the register (600x600 mm); no scale on the sheet; 1 closed letter outline(s) filled solid; no colour note on the sheet: MR-GM series default assumed — check colours: legend WHITE, background GREEN",Original PDFs/Guide Signs/General Series MR-GM/mr-gm-52bw-dieback-infested-area.dwg
MR-GM-52,MR-GM-52(L) - Dieback Infested Area,Guide Signs,MR_GM_52_L_DIEBACK_INFESTED_AREA_MR-GM-52.svg,600x600 mm,"size from the register (600x600 mm); no scale on the sheet; no colour note on the sheet: MR-GM series default assumed — check colours: legend WHITE, background GREEN",Original PDFs/Guide Signs/General Series MR-GM/mr-gm-52l-dieback-infested-area.dwg
MR-GM-52,MR-GM-52(R) - Dieback Infested Area,Guide Signs,MR_GM_52_R_DIEBACK_INFESTED_AREA_MR-GM-52.svg,600x600 mm,"size from the register (600x600 mm); no scale on the sheet; no colour note on the sheet: MR-GM series default assumed — check colours: legend WHITE, background GREEN",Original PDFs/Guide Signs/General Series MR-GM/mr-gm-52r-dieback-infested-area.dwg
MR-GM-53,MR-GM-53(BW) - Dieback Free Area,Guide Signs,MR_GM_53_BW_DIEBACK_FREE_AREA_MR-GM-53.svg,600x600 mm,"size from the register (600x600 mm); no scale on the sheet; 1 closed letter outline(s) filled solid; no colour note on the sheet: MR-GM series default assumed — check colours: legend WHITE, background GREEN",Original PDFs/Guide Signs/General Series MR-GM/mr-gm-53bw-dieback-free-area.dwg
MR-GM-53,MR-GM-53(L) - Dieback Free Area,Guide Signs,MR_GM_53_L_DIEBACK_FREE_AREA_MR-GM-53.svg,600x600 mm,"size from the register (600x600 mm); no scale on the sheet; no colour note on the sheet: MR-GM series default assumed — check colours: legend WHITE, background GREEN",Original PDFs/Guide Signs/General Series MR-GM/mr-gm-53l-dieback-free-area.dwg
MR-GM-53,MR-GM-53(R) - Dieback Free Area,Guide Signs,MR_GM_53_R_DIEBACK_FREE_AREA_MR-GM-53.svg,600x600 mm,"size from the register (600x600 mm); no scale on the sheet; no colour note on the sheet: MR-GM series default assumed — check colours: legend WHITE, background GREEN",Original PDFs/Guide Signs/General Series MR-GM/mr-gm-53r-dieback-free-area.dwg
MR-GRM-5,MR-GRM-5,Guide Signs,MR_GRM_5_MR-GRM-5.svg,310x364 mm,"size from the register (310x360 mm); no scale on the sheet; no colour note on the sheet: MR-GR series default assumed — check colours: legend WHITE, background GREEN",Original PDFs/Guide Signs/Route Marker Series MR-GRM/mr-grm-5.dwg
MR-GRM-10A,MR-GRM-10A (L),Guide Signs,MR_GRM_10A_L_MR-GRM-10A.svg,310x200 mm,"size from the register (310x200 mm); no scale on the sheet; no colour note on the sheet: MR-GR series default assumed — check colours: legend WHITE, background GREEN",Original PDFs/Guide Signs/Route Marker Series MR-GRM/mr-grm-10a-l.dwg
MR-GRM-10A,MR-GRM-10A (R),Guide Signs,MR_GRM_10A_R_MR-GRM-10A.svg,310x200 mm,"size from the register (310x200 mm); no scale on the sheet; no colour note on the sheet: MR-GR series default assumed — check colours: legend WHITE, background GREEN",Original PDFs/Guide Signs/Route Marker Series MR-GRM/mr-grm-10a-r.dwg
MR-GRM-10B,MR-GRM-10B (L),Guide Signs,MR_GRM_10B_L_MR-GRM-10B.svg,410x265 mm,"size from the register (410x265 mm); no scale on the sheet; no colour note on the sheet: MR-GR series default assumed — check colours: legend WHITE, background GREEN",Original PDFs/Guide Signs/Route Marker Series MR-GRM/mr-grm-10b-l.dwg
MR-GRM-10B,MR-GRM-10B (R),Guide Signs,MR_GRM_10B_R_MR-GRM-10B.svg,410x265 mm,"size from the register (410x265 mm); no scale on the sheet; no colour note on the sheet: MR-GR series default assumed — check colours: legend WHITE, background GREEN",Original PDFs/Guide Signs/Route Marker Series MR-GRM/mr-grm-10b-r.dwg
MR-GRM-11A,MR-GRM-11A (L),Guide Signs,MR_GRM_11A_L_MR-GRM-11A.svg,310x200 mm,"size from the register (310x200 mm); no scale on the sheet; no colour note on the sheet: MR-GR series default assumed — check colours: legend WHITE, background GREEN",Original PDFs/Guide Signs/Route Marker Series MR-GRM/mr-grm-11a-l.dwg
MR-GRM-11A,MR-GRM-11A (R),Guide Signs,MR_GRM_11A_R_MR-GRM-11A.svg,310x200 mm,"size from the register (310x200 mm); no scale on the sheet; no colour note on the sheet: MR-GR series default assumed — check colours: legend WHITE, background GREEN",Original PDFs/Guide Signs/Route Marker Series MR-GRM/mr-grm-11a-r.dwg
MR-GRM-11B,MR-GRM-11B (L),Guide Signs,MR_GRM_11B_L_MR-GRM-11B.svg,410x265 mm,"size from the register (410x265 mm); no scale on the sheet; no colour note on the sheet: MR-GR series default assumed — check colours: legend WHITE, background GREEN",Original PDFs/Guide Signs/Route Marker Series MR-GRM/mr-grm-11b-l.dwg
MR-GRM-11B,MR-GRM-11B (R),Guide Signs,MR_GRM_11B_R_MR-GRM-11B.svg,410x265 mm,"size from the register (410x265 mm); no scale on the sheet; no colour note on the sheet: MR-GR series default assumed — check colours: legend WHITE, background GREEN",Original PDFs/Guide Signs/Route Marker Series MR-GRM/mr-grm-11b-r.dwg
MR-GRM-12A,MR-GRM-12A,Guide Signs,MR_GRM_12A_MR-GRM-12A.svg,310x200 mm,"size from the register (310x200 mm); no scale on the sheet; no colour note on the sheet: MR-GR series default assumed — check colours: legend WHITE, background GREEN",Original PDFs/Guide Signs/Route Marker Series MR-GRM/mr-grm-12a.dwg
MR-GRM-12B,MR-GRM-12B,Guide Signs,MR_GRM_12B_MR-GRM-12B.svg,410x265 mm,"size from the register (410x265 mm); no scale on the sheet; no colour note on the sheet: MR-GR series default assumed — check colours: legend WHITE, background GREEN",Original PDFs/Guide Signs/Route Marker Series MR-GRM/mr-grm-12b.dwg
MR-GRM-13A,MR-GRM-13A,Guide Signs,MR_GRM_13A_MR-GRM-13A.svg,310x200 mm,"size from the register (310x200 mm); no scale on the sheet; no colour note on the sheet: MR-GR series default assumed — check colours: legend WHITE, background GREEN",Original PDFs/Guide Signs/Route Marker Series MR-GRM/mr-grm-13a.dwg
MR-GRM-13B,MR-GRM-13B,Guide Signs,MR_GRM_13B_MR-GRM-13B.svg,410x265 mm,"size from the register (410x265 mm); no scale on the sheet; no colour note on the sheet: MR-GR series default assumed — check colours: legend WHITE, background GREEN",Original PDFs/Guide Signs/Route Marker Series MR-GRM/mr-grm-13b.dwg
MR-GRM-14A,MR-GRM-14A,Guide Signs,MR_GRM_14A_MR-GRM-14A.svg,310x200 mm,"size from the register (310x200 mm); no scale on the sheet; no colour note on the sheet: MR-GR series default assumed — check colours: legend WHITE, background GREEN",Original PDFs/Guide Signs/Route Marker Series MR-GRM/mr-grm-14a.dwg
MR-GRM-14B,MR-GRM-14B,Guide Signs,MR_GRM_14B_MR-GRM-14B.svg,410x265 mm,"size from the register (410x265 mm); no scale on the sheet; no colour note on the sheet: MR-GR series default assumed — check colours: legend WHITE, background GREEN",Original PDFs/Guide Signs/Route Marker Series MR-GRM/mr-grm-14b.dwg
MR-GRM-15A,MR-GRM-15A,Guide Signs,MR_GRM_15A_MR-GRM-15A.svg,310x200 mm,"size from the register (310x200 mm); no scale on the sheet; no colour note on the sheet: MR-GR series default assumed — check colours: legend WHITE, background GREEN",Original PDFs/Guide Signs/Route Marker Series MR-GRM/mr-grm-15a.dwg
MR-GRM-15B,MR-GRM-15B,Guide Signs,MR_GRM_15B_MR-GRM-15B.svg,410x265 mm,"size from the register (410x265 mm); no scale on the sheet; no colour note on the sheet: MR-GR series default assumed — check colours: legend WHITE, background GREEN",Original PDFs/Guide Signs/Route Marker Series MR-GRM/mr-grm-15b.dwg
MR-GRM-16A,MR-GRM-16A (L),Guide Signs,MR_GRM_16A_L_MR-GRM-16A.svg,310x191 mm,"size from the register (310x200 mm); no scale on the sheet; no colour note on the sheet: MR-GR series default assumed — check colours: legend WHITE, background GREEN",Original PDFs/Guide Signs/Route Marker Series MR-GRM/mr-grm-16a-l.dwg
MR-GRM-16A,MR-GRM-16A (R),Guide Signs,MR_GRM_16A_R_MR-GRM-16A.svg,310x191 mm,"size from the register (310x200 mm); no scale on the sheet; no colour note on the sheet: MR-GR series default assumed — check colours: legend WHITE, background GREEN",Original PDFs/Guide Signs/Route Marker Series MR-GRM/mr-grm-16a-r.dwg
MR-GRM-16B,MR-GRM-16B (L),Guide Signs,MR_GRM_16B_L_MR-GRM-16B.svg,410x256 mm,"size from the register (410x265 mm); no scale on the sheet; no colour note on the sheet: MR-GR series default assumed — check colours: legend WHITE, background GREEN",Original PDFs/Guide Signs/Route Marker Series MR-GRM/mr-grm-16b-l.dwg
MR-GRM-16B,MR-GRM-16B (R),Guide Signs,MR_GRM_16B_R_MR-GRM-16B.svg,410x256 mm,"size from the register (410x265 mm); no scale on the sheet; no colour note on the sheet: MR-GR series default assumed — check colours: legend WHITE, background GREEN",Original PDFs/Guide Signs/Route Marker Series MR-GRM/mr-grm-16b-r.dwg
MR-GRM-17A,MR-GRM-17A,Guide Signs,MR_GRM_17A_MR-GRM-17A.svg,310x191 mm,"size from the register (310x200 mm); no scale on the sheet; no colour note on the sheet: MR-GR series default assumed — check colours: legend WHITE, background GREEN",Original PDFs/Guide Signs/Route Marker Series MR-GRM/mr-grm-17a.dwg
MR-GRM-17B,MR-GRM-17B,Guide Signs,MR_GRM_17B_MR-GRM-17B.svg,410x256 mm,"size from the register (410x265 mm); no scale on the sheet; no colour note on the sheet: MR-GR series default assumed — check colours: legend WHITE, background GREEN",Original PDFs/Guide Signs/Route Marker Series MR-GRM/mr-grm-17b.dwg
MR-GRM-18A,MR-GRM-18A (L),Guide Signs,MR_GRM_18A_L_MR-GRM-18A.svg,310x191 mm,"size from the register (310x200 mm); no scale on the sheet; no colour note on the sheet: MR-GR series default assumed — check colours: legend WHITE, background GREEN",Original PDFs/Guide Signs/Route Marker Series MR-GRM/mr-grm-18a-l.dwg
MR-GRM-18A,MR-GRM-18A (R),Guide Signs,MR_GRM_18A_R_MR-GRM-18A.svg,310x191 mm,"size from the register (310x200 mm); no scale on the sheet; no colour note on the sheet: MR-GR series default assumed — check colours: legend WHITE, background GREEN",Original PDFs/Guide Signs/Route Marker Series MR-GRM/mr-grm-18a-r.dwg
MR-GRM-18B,MR-GRM-18B (L),Guide Signs,MR_GRM_18B_L_MR-GRM-18B.svg,410x256 mm,"size from the register (410x265 mm); no scale on the sheet; no colour note on the sheet: MR-GR series default assumed — check colours: legend WHITE, background GREEN",Original PDFs/Guide Signs/Route Marker Series MR-GRM/mr-grm-18b-l.dwg
MR-GRM-18B,MR-GRM-18B (R),Guide Signs,MR_GRM_18B_R_MR-GRM-18B.svg,410x256 mm,"size from the register (410x265 mm); no scale on the sheet; no colour note on the sheet: MR-GR series default assumed — check colours: legend WHITE, background GREEN",Original PDFs/Guide Signs/Route Marker Series MR-GRM/mr-grm-18b-r.dwg
MR-GRM-19A,MR-GRM-19A (L),Guide Signs,MR_GRM_19A_L_MR-GRM-19A.svg,310x191 mm,"size from the register (310x200 mm); no scale on the sheet; no colour note on the sheet: MR-GR series default assumed — check colours: legend WHITE, background GREEN",Original PDFs/Guide Signs/Route Marker Series MR-GRM/mr-grm-19a-l.dwg
MR-GRM-19A,MR-GRM-19A (R),Guide Signs,MR_GRM_19A_R_MR-GRM-19A.svg,310x191 mm,"size from the register (310x200 mm); no scale on the sheet; no colour note on the sheet: MR-GR series default assumed — check colours: legend WHITE, background GREEN",Original PDFs/Guide Signs/Route Marker Series MR-GRM/mr-grm-19a-r.dwg
MR-GRM-19B,MR-GRM-19B (L),Guide Signs,MR_GRM_19B_L_MR-GRM-19B.svg,410x256 mm,"size from the register (410x265 mm); no scale on the sheet; no colour note on the sheet: MR-GR series default assumed — check colours: legend WHITE, background GREEN",Original PDFs/Guide Signs/Route Marker Series MR-GRM/mr-grm-19b-l.dwg
MR-GRM-19B,MR-GRM-19B (R),Guide Signs,MR_GRM_19B_R_MR-GRM-19B.svg,410x256 mm,"size from the register (410x265 mm); no scale on the sheet; no colour note on the sheet: MR-GR series default assumed — check colours: legend WHITE, background GREEN",Original PDFs/Guide Signs/Route Marker Series MR-GRM/mr-grm-19b-r.dwg
MR-GRM-20A,MR-GRM-20A,Guide Signs,MR_GRM_20A_MR-GRM-20A.svg,310x191 mm,"size from the register (310x200 mm); no scale on the sheet; no colour note on the sheet: MR-GR series default assumed — check colours: legend WHITE, background GREEN",Original PDFs/Guide Signs/Route Marker Series MR-GRM/mr-grm-20a.dwg
MR-GRM-20B,MR-GRM-20B,Guide Signs,MR_GRM_20B_MR-GRM-20B.svg,410x256 mm,"size from the register (410x265 mm); no scale on the sheet; no colour note on the sheet: MR-GR series default assumed — check colours: legend WHITE, background GREEN",Original PDFs/Guide Signs/Route Marker Series MR-GRM/mr-grm-20b.dwg
MR-GRM-21A,MR-GRM-21A,Guide Signs,MR_GRM_21A_MR-GRM-21A.svg,310x194 mm,"size from the register (310x200 mm); no scale on the sheet; no colour note on the sheet: MR-GR series default assumed — check colours: legend WHITE, background GREEN",Original PDFs/Guide Signs/Route Marker Series MR-GRM/mr-grm-21a.dwg
MR-GRM-21B,MR-GRM-21B,Guide Signs,MR_GRM_21B_MR-GRM-21B.svg,410x259 mm,"size from the register (410x265 mm); no scale on the sheet; no colour note on the sheet: MR-GR series default assumed — check colours: legend WHITE, background GREEN",Original PDFs/Guide Signs/Route Marker Series MR-GRM/mr-grm-21b.dwg
MR-GRM-22A,MR-GRM-22A,Guide Signs,MR_GRM_22A_MR-GRM-22A.svg,310x191 mm,"size from the register (310x200 mm); no scale on the sheet; no colour note on the sheet: MR-GR series default assumed — check colours: legend WHITE, background GREEN",Original PDFs/Guide Signs/Route Marker Series MR-GRM/mr-grm-22a.dwg
MR-GRM-22B,MR-GRM-22B,Guide Signs,MR_GRM_22B_MR-GRM-22B.svg,410x256 mm,"size from the register (410x265 mm); no scale on the sheet; no colour note on the sheet: MR-GR series default assumed — check colours: legend WHITE, background GREEN",Original PDFs/Guide Signs/Route Marker Series MR-GRM/mr-grm-22b.dwg
MR-GRM-23A,MR-GRM-23A,Guide Signs,MR_GRM_23A_MR-GRM-23A.svg,310x191 mm,"size from the register (310x200 mm); no scale on the sheet; no colour note on the sheet: MR-GR series default assumed — check colours: legend WHITE, background GREEN",Original PDFs/Guide Signs/Route Marker Series MR-GRM/mr-grm-23a.dwg
MR-GRM-23B,MR-GRM-23B,Guide Signs,MR_GRM_23B_MR-GRM-23B.svg,410x256 mm,"size from the register (410x265 mm); no scale on the sheet; no colour note on the sheet: MR-GR series default assumed — check colours: legend WHITE, background GREEN",Original PDFs/Guide Signs/Route Marker Series MR-GRM/mr-grm-23b.dwg
MR-GRM-24A,MR-GRM-24A (L),Guide Signs,MR_GRM_24A_L_MR-GRM-24A.svg,310x191 mm,"size from the register (310x200 mm); no scale on the sheet; no colour note on the sheet: MR-GR series default assumed — check colours: legend WHITE, background GREEN",Original PDFs/Guide Signs/Route Marker Series MR-GRM/mr-grm-24a-l.dwg
MR-GRM-24A,MR-GRM-24A (R),Guide Signs,MR_GRM_24A_R_MR-GRM-24A.svg,310x191 mm,"size from the register (310x200 mm); no scale on the sheet; no colour note on the sheet: MR-GR series default assumed — check colours: legend WHITE, background GREEN",Original PDFs/Guide Signs/Route Marker Series MR-GRM/mr-grm-24a-r.dwg
MR-GRM-24B,MR-GRM-24B (L),Guide Signs,MR_GRM_24B_L_MR-GRM-24B.svg,410x253 mm,"size from the register (410x265 mm); no scale on the sheet; no colour note on the sheet: MR-GR series default assumed — check colours: legend WHITE, background GREEN",Original PDFs/Guide Signs/Route Marker Series MR-GRM/mr-grm-24b-l.dwg
MR-GRM-24B,MR-GRM-24B (R),Guide Signs,MR_GRM_24B_R_MR-GRM-24B.svg,410x253 mm,"size from the register (410x265 mm); no scale on the sheet; no colour note on the sheet: MR-GR series default assumed — check colours: legend WHITE, background GREEN",Original PDFs/Guide Signs/Route Marker Series MR-GRM/mr-grm-24b-r.dwg
MR-GRM-25A,MR-GRM-25A,Guide Signs,MR_GRM_25A_MR-GRM-25A.svg,310x191 mm,"size from the register (310x200 mm); no scale on the sheet; no colour note on the sheet: MR-GR series default assumed — check colours: legend WHITE, background GREEN",Original PDFs/Guide Signs/Route Marker Series MR-GRM/mr-grm-25a.dwg
MR-GRM-25B,MR-GRM-25B,Guide Signs,MR_GRM_25B_MR-GRM-25B.svg,410x253 mm,"size from the register (410x265 mm); no scale on the sheet; no colour note on the sheet: MR-GR series default assumed — check colours: legend WHITE, background GREEN",Original PDFs/Guide Signs/Route Marker Series MR-GRM/mr-grm-25b.dwg
MR-GRM-26A,MR-GRM-26A (L),Guide Signs,MR_GRM_26A_L_MR-GRM-26A.svg,310x191 mm,"size from the register (310x200 mm); no scale on the sheet; no colour note on the sheet: MR-GR series default assumed — check colours: legend WHITE, background GREEN",Original PDFs/Guide Signs/Route Marker Series MR-GRM/mr-grm-26a-l.dwg
MR-GRM-26A,MR-GRM-26A (R),Guide Signs,MR_GRM_26A_R_MR-GRM-26A.svg,310x191 mm,"size from the register (310x200 mm); no scale on the sheet; no colour note on the sheet: MR-GR series default assumed — check colours: legend WHITE, background GREEN",Original PDFs/Guide Signs/Route Marker Series MR-GRM/mr-grm-26a-r.dwg
MR-GRM-26B,MR-GRM-26B (L),Guide Signs,MR_GRM_26B_L_MR-GRM-26B.svg,410x253 mm,"size from the register (410x265 mm); no scale on the sheet; no colour note on the sheet: MR-GR series default assumed — check colours: legend WHITE, background GREEN",Original PDFs/Guide Signs/Route Marker Series MR-GRM/mr-grm-26b-l.dwg
MR-GRM-26B,MR-GRM-26B (R),Guide Signs,MR_GRM_26B_R_MR-GRM-26B.svg,410x253 mm,"size from the register (410x265 mm); no scale on the sheet; no colour note on the sheet: MR-GR series default assumed — check colours: legend WHITE, background GREEN",Original PDFs/Guide Signs/Route Marker Series MR-GRM/mr-grm-26b-r.dwg
MR-GRM-27A,MR-GRM-27A (L),Guide Signs,MR_GRM_27A_L_MR-GRM-27A.svg,310x191 mm,"size from the register (310x200 mm); no scale on the sheet; no colour note on the sheet: MR-GR series default assumed — check colours: legend WHITE, background GREEN",Original PDFs/Guide Signs/Route Marker Series MR-GRM/mr-grm-27a-l.dwg
MR-GRM-27A,MR-GRM-27A (R),Guide Signs,MR_GRM_27A_R_MR-GRM-27A.svg,310x191 mm,"size from the register (310x200 mm); no scale on the sheet; no colour note on the sheet: MR-GR series default assumed — check colours: legend WHITE, background GREEN",Original PDFs/Guide Signs/Route Marker Series MR-GRM/mr-grm-27a-r.dwg
MR-GRM-27B,MR-GRM-27B (L),Guide Signs,MR_GRM_27B_L_MR-GRM-27B.svg,410x253 mm,"size from the register (410x265 mm); no scale on the sheet; no colour note on the sheet: MR-GR series default assumed — check colours: legend WHITE, background GREEN",Original PDFs/Guide Signs/Route Marker Series MR-GRM/mr-grm-27b-l.dwg
MR-GRM-27B,MR-GRM-27B (R),Guide Signs,MR_GRM_27B_R_MR-GRM-27B.svg,410x253 mm,"size from the register (410x265 mm); no scale on the sheet; no colour note on the sheet: MR-GR series default assumed — check colours: legend WHITE, background GREEN",Original PDFs/Guide Signs/Route Marker Series MR-GRM/mr-grm-27b-r.dwg
MR-GRM-28A,MR-GRM-28A,Guide Signs,MR_GRM_28A_MR-GRM-28A.svg,310x191 mm,"size from the register (310x200 mm); no scale on the sheet; no colour note on the sheet: MR-GR series default assumed — check colours: legend WHITE, background GREEN",Original PDFs/Guide Signs/Route Marker Series MR-GRM/mr-grm-28a.dwg
MR-GRM-28B,MR-GRM-28B,Guide Signs,MR_GRM_28B_MR-GRM-28B.svg,410x253 mm,"size from the register (410x265 mm); no scale on the sheet; no colour note on the sheet: MR-GR series default assumed — check colours: legend WHITE, background GREEN",Original PDFs/Guide Signs/Route Marker Series MR-GRM/mr-grm-28b.dwg
MR-GRM-29A,MR-GRM-29A,Guide Signs,MR_GRM_29A_MR-GRM-29A.svg,310x191 mm,"size from the register (310x200 mm); no scale on the sheet; no colour note on the sheet: MR-GR series default assumed — check colours: legend WHITE, background GREEN",Original PDFs/Guide Signs/Route Marker Series MR-GRM/mr-grm-29a.dwg
MR-GRM-29B,MR-GRM-29B,Guide Signs,MR_GRM_29B_MR-GRM-29B.svg,410x253 mm,"size from the register (410x265 mm); no scale on the sheet; no colour note on the sheet: MR-GR series default assumed — check colours: legend WHITE, background GREEN",Original PDFs/Guide Signs/Route Marker Series MR-GRM/mr-grm-29b.dwg
MR-GRM-2A,MR-GRM-2A,Guide Signs,MR_GRM_2A_MR-GRM-2A.svg,310x191 mm,"size from the register (310x200 mm); no scale on the sheet; no colour note on the sheet: MR-GR series default assumed — check colours: legend WHITE, background GREEN",Original PDFs/Guide Signs/Route Marker Series MR-GRM/mr-grm-2a.dwg
MR-GRM-2B,MR-GRM-2B,Guide Signs,MR_GRM_2B_MR-GRM-2B.svg,410x253 mm,"size from the register (410x265 mm); no scale on the sheet; no colour note on the sheet: MR-GR series default assumed — check colours: legend WHITE, background GREEN",Original PDFs/Guide Signs/Route Marker Series MR-GRM/mr-grm-2b.dwg
MR-GRM-3,MR-GRM-3,Guide Signs,MR_GRM_3_MR-GRM-3.svg,310x360 mm,"size from the register (310x350 mm); no scale on the sheet; no colour note on the sheet: MR-GR series default assumed — check colours: legend WHITE, background GREEN",Original PDFs/Guide Signs/Route Marker Series MR-GRM/mr-grm-3.dwg
MR-GRM-30A,MR-GRM-30A,Guide Signs,MR_GRM_30A_MR-GRM-30A.svg,310x191 mm,"size from the register (310x200 mm); no scale on the sheet; no colour note on the sheet: MR-GR series default assumed — check colours: legend WHITE, background GREEN",Original PDFs/Guide Signs/Route Marker Series MR-GRM/mr-grm-30a.dwg
MR-GRM-30B,MR-GRM-30B,Guide Signs,MR_GRM_30B_MR-GRM-30B.svg,410x253 mm,"size from the register (410x265 mm); no scale on the sheet; no colour note on the sheet: MR-GR series default assumed — check colours: legend WHITE, background GREEN",Original PDFs/Guide Signs/Route Marker Series MR-GRM/mr-grm-30b.dwg
MR-GRM-4,MR-GRM-4,Guide Signs,MR_GRM_4_MR-GRM-4.svg,310x360 mm,"size from the register (310x350 mm); no scale on the sheet; no colour note on the sheet: MR-GR series default assumed — check colours: legend WHITE, background GREEN",Original PDFs/Guide Signs/Route Marker Series MR-GRM/mr-grm-4.dwg
MR-GRM-6,MR-GRM-6,Guide Signs,MR_GRM_6_MR-GRM-6.svg,375x340 mm,"size from the register (375x360 mm); no scale on the sheet; no colour note on the sheet: MR-GR series default assumed — check colours: legend WHITE, background GREEN",Original PDFs/Guide Signs/Route Marker Series MR-GRM/mr-grm-6.dwg
MR-GRM-7,MR-GRM-7,Guide Signs,MR_GRM_7_MR-GRM-7.svg,400x338 mm,"size from the register (400x360 mm); no scale on the sheet; register size 400x360 mm differs from the drawing (400 x 338 mm) — check; no colour note on the sheet: MR-GR series default assumed — check colours: legend WHITE, background GREEN",Original PDFs/Guide Signs/Route Marker Series MR-GRM/mr-grm-7.dwg
MR-GRM-8A,MR-GRM-8A (L),Guide Signs,MR_GRM_8A_L_MR-GRM-8A.svg,310x200 mm,"size from the register (310x200 mm); no scale on the sheet; no colour note on the sheet: MR-GR series default assumed — check colours: legend WHITE, background GREEN",Original PDFs/Guide Signs/Route Marker Series MR-GRM/mr-grm-8a-l.dwg
MR-GRM-8A,MR-GRM-8A (R),Guide Signs,MR_GRM_8A_R_MR-GRM-8A.svg,310x200 mm,"size from the register (310x200 mm); no scale on the sheet; no colour note on the sheet: MR-GR series default assumed — check colours: legend WHITE, background GREEN",Original PDFs/Guide Signs/Route Marker Series MR-GRM/mr-grm-8a-r.dwg
MR-GRM-8B,MR-GRM-8B (L),Guide Signs,MR_GRM_8B_L_MR-GRM-8B.svg,410x265 mm,"size from the register (410x265 mm); no scale on the sheet; no colour note on the sheet: MR-GR series default assumed — check colours: legend WHITE, background GREEN",Original PDFs/Guide Signs/Route Marker Series MR-GRM/mr-grm-8b-l.dwg
MR-GRM-8B,MR-GRM-8B (R),Guide Signs,MR_GRM_8B_R_MR-GRM-8B.svg,410x265 mm,"size from the register (410x265 mm); no scale on the sheet; no colour note on the sheet: MR-GR series default assumed — check colours: legend WHITE, background GREEN",Original PDFs/Guide Signs/Route Marker Series MR-GRM/mr-grm-8b-r.dwg
MR-GRM-9A,MR-GRM-9A,Guide Signs,MR_GRM_9A_MR-GRM-9A.svg,310x200 mm,"size from the register (310x200 mm); no scale on the sheet; no colour note on the sheet: MR-GR series default assumed — check colours: legend WHITE, background GREEN",Original PDFs/Guide Signs/Route Marker Series MR-GRM/mr-grm-9a.dwg
MR-GRM-9B,MR-GRM-9B,Guide Signs,MR_GRM_9B_MR-GRM-9B.svg,410x265 mm,"size from the register (410x265 mm); no scale on the sheet; no colour note on the sheet: MR-GR series default assumed — check colours: legend WHITE, background GREEN",Original PDFs/Guide Signs/Route Marker Series MR-GRM/mr-grm-9b.dwg
MR-GS-11,MR-GS-11 - Street name tag for bicycle direction signs,Guide Signs,,,no drawing found after removing the sheet furniture,Original PDFs/Guide Signs/Street  Bridge Name Tag Series MR-GS/mr-gs-11.dwg
MR-GS-12,MR-GS-12 - Street tag series bridge number tag,Guide Signs,MR_GS_12_STREET_TAG_SERIES_BRIDGE_NUMBER_TAG_MR-GS-12.svg,310x100 mm,"size from the sheet scale 1:5; 5 closed letter outline(s) filled solid; register size 320x110 mm differs from the drawing (310 x 100 mm) — check; no colour note on the sheet: MR-GS series default assumed — check colours: legend WHITE, background GREEN",Original PDFs/Guide Signs/Street  Bridge Name Tag Series MR-GS/mr-gs-12.dwg
MR-GS-13,MR-GS-13 - Town name sign,Guide Signs,MR_GS_13_TOWN_NAME_SIGN_MR-GS-13.svg,3000x600 mm,"size from the sheet scale 1:20; 1 closed letter outline(s) filled solid; colours from the sheet's note: legend WHITE, background GREEN, border WHITE",Original PDFs/Guide Signs/Street  Bridge Name Tag Series MR-GS/mr-gs-13.dwg
MR-GS-13,MR-GS-13 - Town name sign,Guide Signs,MR_GS_13_TOWN_NAME_SIGN_VAR2_MR-GS-13.svg,1196x468 mm,"size from the sheet scale 1:20; 1 closed letter outline(s) filled solid; colours from the sheet's note: legend WHITE, background GREEN, border WHITE",Original PDFs/Guide Signs/Street  Bridge Name Tag Series MR-GS/mr-gs-13.dwg
MR-GS-13,MR-GS-13 - Town name sign,Guide Signs,MR_GS_13_TOWN_NAME_SIGN_VAR3_MR-GS-13.svg,968x251 mm,"size from the sheet scale 1:20; 1 closed letter outline(s) filled solid; colours from the sheet's note: legend WHITE, background GREEN, border WHITE",Original PDFs/Guide Signs/Street  Bridge Name Tag Series MR-GS/mr-gs-13.dwg
MR-GS-13,MR-GS-13 - Town name sign,Guide Signs,MR_GS_13_TOWN_NAME_SIGN_VAR4_MR-GS-13.svg,813x102 mm,"size from the sheet scale 1:20; 1 closed letter outline(s) filled solid; colours from the sheet's note: legend WHITE, background GREEN, border WHITE",Original PDFs/Guide Signs/Street  Bridge Name Tag Series MR-GS/mr-gs-13.dwg
MR-GS-9,MR-GS-9 - Freeway highway stand alone,Guide Signs,,,no drawing found after removing the sheet furniture,Original PDFs/Guide Signs/Street  Bridge Name Tag Series MR-GS/mr-gs-9.dwg
MR-GS-1,MR-GS-1 - Local traffic only tag,Guide Signs,MR_GS_1_LOCAL_TRAFFIC_ONLY_TAG_MR-GS-1.svg,725x258 mm,"size from the register (725x210 mm); no scale on the sheet; register size 725x210 mm differs from the drawing (725 x 258 mm) — check; no colour note on the sheet: MR-GS series default assumed — check colours: legend WHITE, background GREEN",Original PDFs/Guide Signs/Street  Bridge Name Tag Series MR-GS/mr-gs-1.dwg
MR-GS-1,MR-GS-1 - Local traffic only tag,Guide Signs,MR_GS_1_LOCAL_TRAFFIC_ONLY_TAG_VAR2_MR-GS-1.svg,725x605 mm,"size from the register (725x210 mm); no scale on the sheet; register size 725x210 mm differs from the drawing (725 x 605 mm) — check; no colour note on the sheet: MR-GS series default assumed — check colours: legend WHITE, background GREEN",Original PDFs/Guide Signs/Street  Bridge Name Tag Series MR-GS/mr-gs-1.dwg
MR-GS-1,MR-GS-1 - Local traffic only tag,Guide Signs,MR_GS_1_LOCAL_TRAFFIC_ONLY_TAG_VAR3_MR-GS-1.svg,210x340 mm,"size from the register (725x210 mm); no scale on the sheet; register size 725x210 mm differs from the drawing (210 x 340 mm) — check; no colour note on the sheet: MR-GS series default assumed — check colours: legend WHITE, background GREEN",Original PDFs/Guide Signs/Street  Bridge Name Tag Series MR-GS/mr-gs-1.dwg
MR-GS-1,MR-GS-1 - Local traffic only tag,Guide Signs,MR_GS_1_LOCAL_TRAFFIC_ONLY_TAG_VAR4_MR-GS-1.svg,210x414 mm,"size from the register (725x210 mm); no scale on the sheet; register size 725x210 mm differs from the drawing (210 x 414 mm) — check; no colour note on the sheet: MR-GS series default assumed — check colours: legend WHITE, background GREEN",Original PDFs/Guide Signs/Street  Bridge Name Tag Series MR-GS/mr-gs-1.dwg
MR-GS-1,MR-GS-1 - Local traffic only tag,Guide Signs,MR_GS_1_LOCAL_TRAFFIC_ONLY_TAG_VAR5_MR-GS-1.svg,210x469 mm,"size from the register (725x210 mm); no scale on the sheet; register size 725x210 mm differs from the drawing (210 x 469 mm) — check; no colour note on the sheet: MR-GS series default assumed — check colours: legend WHITE, background GREEN",Original PDFs/Guide Signs/Street  Bridge Name Tag Series MR-GS/mr-gs-1.dwg
MR-GS-2,MR-GS-2 - Cul-de-sac,Guide Signs,MR_GS_2_CUL_DE_SAC_MR-GS-2.svg,210x344 mm,"size from the register (600x210 mm); no scale on the sheet; register size 600x210 mm differs from the drawing (210 x 344 mm) — check; no colour note on the sheet: MR-GS series default assumed — check colours: legend WHITE, background GREEN",Original PDFs/Guide Signs/Street  Bridge Name Tag Series MR-GS/mr-gs-2.dwg
MR-GS-2,MR-GS-2 - Cul-de-sac,Guide Signs,MR_GS_2_CUL_DE_SAC_VAR2_MR-GS-2.svg,210x390 mm,"size from the register (600x210 mm); no scale on the sheet; register size 600x210 mm differs from the drawing (210 x 390 mm) — check; no colour note on the sheet: MR-GS series default assumed — check colours: legend WHITE, background GREEN",Original PDFs/Guide Signs/Street  Bridge Name Tag Series MR-GS/mr-gs-2.dwg
MR-GS-2,MR-GS-2 - Cul-de-sac,Guide Signs,MR_GS_2_CUL_DE_SAC_VAR3_MR-GS-2.svg,210x431 mm,"size from the register (600x210 mm); no scale on the sheet; register size 600x210 mm differs from the drawing (210 x 431 mm) — check; no colour note on the sheet: MR-GS series default assumed — check colours: legend WHITE, background GREEN",Original PDFs/Guide Signs/Street  Bridge Name Tag Series MR-GS/mr-gs-2.dwg
MR-GS-2,MR-GS-2 - Cul-de-sac,Guide Signs,MR_GS_2_CUL_DE_SAC_VAR4_MR-GS-2.svg,210x439 mm,"size from the register (600x210 mm); no scale on the sheet; register size 600x210 mm differs from the drawing (210 x 439 mm) — check; no colour note on the sheet: MR-GS series default assumed — check colours: legend WHITE, background GREEN",Original PDFs/Guide Signs/Street  Bridge Name Tag Series MR-GS/mr-gs-2.dwg
MR-GS-3A,MR-GS-3A(L) - Street name tag (use with diamond warning signs),Guide Signs,MR_GS_3A_L_STREET_NAME_TAG_USE_WITH_DIAMOND_WARNING_SIGNS_MR-GS-3A.svg,184x100 mm,"no scale on the sheet and no register size; drawn at 1:10 — check; no colour note on the sheet: MR-GS series default assumed — check colours: legend WHITE, background GREEN",Original PDFs/Guide Signs/Street  Bridge Name Tag Series MR-GS/mr-gs-3al.dwg
MR-GS-3A,MR-GS-3A(L) - Street name tag (use with diamond warning signs),Guide Signs,MR_GS_3A_L_STREET_NAME_TAG_USE_WITH_DIAMOND_WARNING_SIGNS_VAR2_MR-GS-3A.svg,88x100 mm,"no scale on the sheet and no register size; drawn at 1:10 — check; no colour note on the sheet: MR-GS series default assumed — check colours: legend WHITE, background GREEN",Original PDFs/Guide Signs/Street  Bridge Name Tag Series MR-GS/mr-gs-3al.dwg
MR-GS-3A,MR-GS-3A(L) - Street name tag (use with diamond warning signs),Guide Signs,MR_GS_3A_L_STREET_NAME_TAG_USE_WITH_DIAMOND_WARNING_SIGNS_VAR3_MR-GS-3A.svg,69x100 mm,"no scale on the sheet and no register size; drawn at 1:10 — check; no colour note on the sheet: MR-GS series default assumed — check colours: legend WHITE, background GREEN",Original PDFs/Guide Signs/Street  Bridge Name Tag Series MR-GS/mr-gs-3al.dwg
MR-GS-3A,MR-GS-3A(L) - Street name tag (use with diamond warning signs),Guide Signs,MR_GS_3A_L_STREET_NAME_TAG_USE_WITH_DIAMOND_WARNING_SIGNS_VAR4_MR-GS-3A.svg,67x102 mm,"no scale on the sheet and no register size; drawn at 1:10 — check; no colour note on the sheet: MR-GS series default assumed — check colours: legend WHITE, background GREEN",Original PDFs/Guide Signs/Street  Bridge Name Tag Series MR-GS/mr-gs-3al.dwg
MR-GS-3B,MR-GS-3B(L) - Street name tag (use with diamond warning signs),Guide Signs,MR_GS_3B_L_STREET_NAME_TAG_USE_WITH_DIAMOND_WARNING_SIGNS_MR-GS-3B.svg,87x140 mm,"size from the sheet scale 1:10; 6 closed letter outline(s) filled solid; no colour note on the sheet: MR-GS series default assumed — check colours: legend WHITE, background GREEN",Original PDFs/Guide Signs/Street  Bridge Name Tag Series MR-GS/mr-gs-3bl.dwg
MR-GS-3B,MR-GS-3B(L) - Street name tag (use with diamond warning signs),Guide Signs,MR_GS_3B_L_STREET_NAME_TAG_USE_WITH_DIAMOND_WARNING_SIGNS_VAR2_MR-GS-3B.svg,80x143 mm,"size from the sheet scale 1:10; 6 closed letter outline(s) filled solid; no colour note on the sheet: MR-GS series default assumed — check colours: legend WHITE, background GREEN",Original PDFs/Guide Signs/Street  Bridge Name Tag Series MR-GS/mr-gs-3bl.dwg
MR-GS-3B,MR-GS-3B(L) - Street name tag (use with diamond warning signs),Guide Signs,MR_GS_3B_L_STREET_NAME_TAG_USE_WITH_DIAMOND_WARNING_SIGNS_VAR3_MR-GS-3B.svg,78x140 mm,"size from the sheet scale 1:10; 6 closed letter outline(s) filled solid; no colour note on the sheet: MR-GS series default assumed — check colours: legend WHITE, background GREEN",Original PDFs/Guide Signs/Street  Bridge Name Tag Series MR-GS/mr-gs-3bl.dwg
MR-GS-3B,MR-GS-3B(L) - Street name tag (use with diamond warning signs),Guide Signs,MR_GS_3B_L_STREET_NAME_TAG_USE_WITH_DIAMOND_WARNING_SIGNS_VAR4_MR-GS-3B.svg,76x143 mm,"size from the sheet scale 1:10; 6 closed letter outline(s) filled solid; no colour note on the sheet: MR-GS series default assumed — check colours: legend WHITE, background GREEN",Original PDFs/Guide Signs/Street  Bridge Name Tag Series MR-GS/mr-gs-3bl.dwg
MR-GS-3B,MR-GS-3B(L) - Street name tag (use with diamond warning signs),Guide Signs,MR_GS_3B_L_STREET_NAME_TAG_USE_WITH_DIAMOND_WARNING_SIGNS_VAR5_MR-GS-3B.svg,70x140 mm,"size from the sheet scale 1:10; 6 closed letter outline(s) filled solid; no colour note on the sheet: MR-GS series default assumed — check colours: legend WHITE, background GREEN",Original PDFs/Guide Signs/Street  Bridge Name Tag Series MR-GS/mr-gs-3bl.dwg
MR-GS-3B,MR-GS-3B(L) - Street name tag (use with diamond warning signs),Guide Signs,MR_GS_3B_L_STREET_NAME_TAG_USE_WITH_DIAMOND_WARNING_SIGNS_VAR6_MR-GS-3B.svg,65x122 mm,"size from the sheet scale 1:10; 6 closed letter outline(s) filled solid; no colour note on the sheet: MR-GS series default assumed — check colours: legend WHITE, background GREEN",Original PDFs/Guide Signs/Street  Bridge Name Tag Series MR-GS/mr-gs-3bl.dwg
MR-GS-3B,MR-GS-3B(L) - Street name tag (use with diamond warning signs),Guide Signs,MR_GS_3B_L_STREET_NAME_TAG_USE_WITH_DIAMOND_WARNING_SIGNS_VAR7_MR-GS-3B.svg,66x120 mm,"size from the sheet scale 1:10; 6 closed letter outline(s) filled solid; no colour note on the sheet: MR-GS series default assumed — check colours: legend WHITE, background GREEN",Original PDFs/Guide Signs/Street  Bridge Name Tag Series MR-GS/mr-gs-3bl.dwg
MR-GS-4A,MR-GS-4A - Street name tag (use with diamond warning signs),Guide Signs,MR_GS_4A_STREET_NAME_TAG_USE_WITH_DIAMOND_WARNING_SIGNS_MR-GS-4A.svg,184x100 mm,"no scale on the sheet and no register size; drawn at 1:10 — check; no colour note on the sheet: MR-GS series default assumed — check colours: legend WHITE, background GREEN",Original PDFs/Guide Signs/Street  Bridge Name Tag Series MR-GS/mr-gs-4a.dwg
MR-GS-4A,MR-GS-4A - Street name tag (use with diamond warning signs),Guide Signs,MR_GS_4A_STREET_NAME_TAG_USE_WITH_DIAMOND_WARNING_SIGNS_VAR2_MR-GS-4A.svg,88x100 mm,"no scale on the sheet and no register size; drawn at 1:10 — check; no colour note on the sheet: MR-GS series default assumed — check colours: legend WHITE, background GREEN",Original PDFs/Guide Signs/Street  Bridge Name Tag Series MR-GS/mr-gs-4a.dwg
MR-GS-4A,MR-GS-4A - Street name tag (use with diamond warning signs),Guide Signs,MR_GS_4A_STREET_NAME_TAG_USE_WITH_DIAMOND_WARNING_SIGNS_VAR3_MR-GS-4A.svg,69x100 mm,"no scale on the sheet and no register size; drawn at 1:10 — check; no colour note on the sheet: MR-GS series default assumed — check colours: legend WHITE, background GREEN",Original PDFs/Guide Signs/Street  Bridge Name Tag Series MR-GS/mr-gs-4a.dwg
MR-GS-4A,MR-GS-4A - Street name tag (use with diamond warning signs),Guide Signs,MR_GS_4A_STREET_NAME_TAG_USE_WITH_DIAMOND_WARNING_SIGNS_VAR4_MR-GS-4A.svg,67x102 mm,"no scale on the sheet and no register size; drawn at 1:10 — check; no colour note on the sheet: MR-GS series default assumed — check colours: legend WHITE, background GREEN",Original PDFs/Guide Signs/Street  Bridge Name Tag Series MR-GS/mr-gs-4a.dwg
MR-GS-4B,MR-GS-4B - Street name tag (use with diamond warning signs),Guide Signs,MR_GS_4B_STREET_NAME_TAG_USE_WITH_DIAMOND_WARNING_SIGNS_MR-GS-4B.svg,118x140 mm,"size from the sheet scale 1:10; 6 closed letter outline(s) filled solid; no colour note on the sheet: MR-GS series default assumed — check colours: legend WHITE, background GREEN",Original PDFs/Guide Signs/Street  Bridge Name Tag Series MR-GS/mr-gs-4b.dwg
MR-GS-4B,MR-GS-4B - Street name tag (use with diamond warning signs),Guide Signs,MR_GS_4B_STREET_NAME_TAG_USE_WITH_DIAMOND_WARNING_SIGNS_VAR2_MR-GS-4B.svg,99x143 mm,"size from the sheet scale 1:10; 6 closed letter outline(s) filled solid; no colour note on the sheet: MR-GS series default assumed — check colours: legend WHITE, background GREEN",Original PDFs/Guide Signs/Street  Bridge Name Tag Series MR-GS/mr-gs-4b.dwg
MR-GS-4B,MR-GS-4B - Street name tag (use with diamond warning signs),Guide Signs,MR_GS_4B_STREET_NAME_TAG_USE_WITH_DIAMOND_WARNING_SIGNS_VAR3_MR-GS-4B.svg,94x143 mm,"size from the sheet scale 1:10; 6 closed letter outline(s) filled solid; no colour note on the sheet: MR-GS series default assumed — check colours: legend WHITE, background GREEN",Original PDFs/Guide Signs/Street  Bridge Name Tag Series MR-GS/mr-gs-4b.dwg
MR-GS-4B,MR-GS-4B - Street name tag (use with diamond warning signs),Guide Signs,MR_GS_4B_STREET_NAME_TAG_USE_WITH_DIAMOND_WARNING_SIGNS_VAR4_MR-GS-4B.svg,85x140 mm,"size from the sheet scale 1:10; 6 closed letter outline(s) filled solid; no colour note on the sheet: MR-GS series default assumed — check colours: legend WHITE, background GREEN",Original PDFs/Guide Signs/Street  Bridge Name Tag Series MR-GS/mr-gs-4b.dwg
MR-GS-4B,MR-GS-4B - Street name tag (use with diamond warning signs),Guide Signs,MR_GS_4B_STREET_NAME_TAG_USE_WITH_DIAMOND_WARNING_SIGNS_VAR5_MR-GS-4B.svg,65x122 mm,"size from the sheet scale 1:10; 6 closed letter outline(s) filled solid; no colour note on the sheet: MR-GS series default assumed — check colours: legend WHITE, background GREEN",Original PDFs/Guide Signs/Street  Bridge Name Tag Series MR-GS/mr-gs-4b.dwg
MR-GS-4B,MR-GS-4B - Street name tag (use with diamond warning signs),Guide Signs,MR_GS_4B_STREET_NAME_TAG_USE_WITH_DIAMOND_WARNING_SIGNS_VAR6_MR-GS-4B.svg,66x120 mm,"size from the sheet scale 1:10; 6 closed letter outline(s) filled solid; no colour note on the sheet: MR-GS series default assumed — check colours: legend WHITE, background GREEN",Original PDFs/Guide Signs/Street  Bridge Name Tag Series MR-GS/mr-gs-4b.dwg
MR-GS-5,MR-GS-5(L) - Street name tag,Guide Signs,MR_GS_5_L_STREET_NAME_TAG_MR-GS-5.svg,89x143 mm,"size from the sheet scale 1:10; 5 closed letter outline(s) filled solid; no colour note on the sheet: MR-GS series default assumed — check colours: legend WHITE, background GREEN",Original PDFs/Guide Signs/Street  Bridge Name Tag Series MR-GS/mr-gs-5l.dwg
MR-GS-5,MR-GS-5(L) - Street name tag,Guide Signs,MR_GS_5_L_STREET_NAME_TAG_VAR2_MR-GS-5.svg,85x143 mm,"size from the sheet scale 1:10; 5 closed letter outline(s) filled solid; no colour note on the sheet: MR-GS series default assumed — check colours: legend WHITE, background GREEN",Original PDFs/Guide Signs/Street  Bridge Name Tag Series MR-GS/mr-gs-5l.dwg
MR-GS-5,MR-GS-5(L) - Street name tag,Guide Signs,MR_GS_5_L_STREET_NAME_TAG_VAR3_MR-GS-5.svg,85x140 mm,"size from the sheet scale 1:10; 5 closed letter outline(s) filled solid; no colour note on the sheet: MR-GS series default assumed — check colours: legend WHITE, background GREEN",Original PDFs/Guide Signs/Street  Bridge Name Tag Series MR-GS/mr-gs-5l.dwg
MR-GS-5,MR-GS-5(R) - Street name tag,Guide Signs,MR_GS_5_R_STREET_NAME_TAG_MR-GS-5.svg,89x143 mm,"size from the sheet scale 1:10; 5 closed letter outline(s) filled solid; no colour note on the sheet: MR-GS series default assumed — check colours: legend WHITE, background GREEN",Original PDFs/Guide Signs/Street  Bridge Name Tag Series MR-GS/mr-gs-5r.dwg
MR-GS-5,MR-GS-5(R) - Street name tag,Guide Signs,MR_GS_5_R_STREET_NAME_TAG_VAR2_MR-GS-5.svg,85x143 mm,"size from the sheet scale 1:10; 5 closed letter outline(s) filled solid; no colour note on the sheet: MR-GS series default assumed — check colours: legend WHITE, background GREEN",Original PDFs/Guide Signs/Street  Bridge Name Tag Series MR-GS/mr-gs-5r.dwg
MR-GS-5,MR-GS-5(R) - Street name tag,Guide Signs,MR_GS_5_R_STREET_NAME_TAG_VAR3_MR-GS-5.svg,85x140 mm,"size from the sheet scale 1:10; 5 closed letter outline(s) filled solid; no colour note on the sheet: MR-GS series default assumed — check colours: legend WHITE, background GREEN",Original PDFs/Guide Signs/Street  Bridge Name Tag Series MR-GS/mr-gs-5r.dwg
MR-GS-6A,MR-GS-6A - Street name tag,Guide Signs,MR_GS_6A_STREET_NAME_TAG_MR-GS-6A.svg,66x102 mm,"no scale on the sheet and no register size; drawn at 1:10 — check; 5 closed letter outline(s) filled solid; no colour note on the sheet: MR-GS series default assumed — check colours: legend WHITE, background GREEN",Original PDFs/Guide Signs/Street  Bridge Name Tag Series MR-GS/mr-gs-6a.dwg
MR-GS-6A,MR-GS-6A - Street name tag,Guide Signs,MR_GS_6A_STREET_NAME_TAG_VAR2_MR-GS-6A.svg,61x102 mm,"no scale on the sheet and no register size; drawn at 1:10 — check; 5 closed letter outline(s) filled solid; no colour note on the sheet: MR-GS series default assumed — check colours: legend WHITE, background GREEN",Original PDFs/Guide Signs/Street  Bridge Name Tag Series MR-GS/mr-gs-6a.dwg
MR-GS-6A,MR-GS-6A - Street name tag,Guide Signs,MR_GS_6A_STREET_NAME_TAG_VAR3_MR-GS-6A.svg,62x100 mm,"no scale on the sheet and no register size; drawn at 1:10 — check; 5 closed letter outline(s) filled solid; no colour note on the sheet: MR-GS series default assumed — check colours: legend WHITE, background GREEN",Original PDFs/Guide Signs/Street  Bridge Name Tag Series MR-GS/mr-gs-6a.dwg
MR-GS-6B,MR-GS-6B - Street name tag,Guide Signs,MR_GS_6B_STREET_NAME_TAG_MR-GS-6B.svg,89x143 mm,"size from the sheet scale 1:10; 5 closed letter outline(s) filled solid; no colour note on the sheet: MR-GS series default assumed — check colours: legend WHITE, background GREEN",Original PDFs/Guide Signs/Street  Bridge Name Tag Series MR-GS/mr-gs-6b.dwg
MR-GS-6B,MR-GS-6B - Street name tag,Guide Signs,MR_GS_6B_STREET_NAME_TAG_VAR2_MR-GS-6B.svg,85x143 mm,"size from the sheet scale 1:10; 5 closed letter outline(s) filled solid; no colour note on the sheet: MR-GS series default assumed — check colours: legend WHITE, background GREEN",Original PDFs/Guide Signs/Street  Bridge Name Tag Series MR-GS/mr-gs-6b.dwg
MR-GS-6B,MR-GS-6B - Street name tag,Guide Signs,MR_GS_6B_STREET_NAME_TAG_VAR3_MR-GS-6B.svg,85x140 mm,"size from the sheet scale 1:10; 5 closed letter outline(s) filled solid; no colour note on the sheet: MR-GS series default assumed — check colours: legend WHITE, background GREEN",Original PDFs/Guide Signs/Street  Bridge Name Tag Series MR-GS/mr-gs-6b.dwg
MR-GS-7,MR-GS-7 - Street name tag (use with MR-WAW-1),Guide Signs,MR_GS_7_STREET_NAME_TAG_USE_WITH_MR_WAW_1_MR-GS-7.svg,200x238 mm,"size from the register (1350x200 mm); no scale on the sheet; register size 1350x200 mm differs from the drawing (200 x 238 mm) — check; no colour note on the sheet: MR-GS series default assumed — check colours: legend WHITE, background GREEN",Original PDFs/Guide Signs/Street  Bridge Name Tag Series MR-GS/mr-gs-7.dwg
MR-GS-7,MR-GS-7 - Street name tag (use with MR-WAW-1),Guide Signs,MR_GS_7_STREET_NAME_TAG_USE_WITH_MR_WAW_1_VAR2_MR-GS-7.svg,200x257 mm,"size from the register (1350x200 mm); no scale on the sheet; register size 1350x200 mm differs from the drawing (200 x 257 mm) — check; no colour note on the sheet: MR-GS series default assumed — check colours: legend WHITE, background GREEN",Original PDFs/Guide Signs/Street  Bridge Name Tag Series MR-GS/mr-gs-7.dwg
MR-GS-7,MR-GS-7 - Street name tag (use with MR-WAW-1),Guide Signs,MR_GS_7_STREET_NAME_TAG_USE_WITH_MR_WAW_1_VAR3_MR-GS-7.svg,200x290 mm,"size from the register (1350x200 mm); no scale on the sheet; register size 1350x200 mm differs from the drawing (200 x 290 mm) — check; no colour note on the sheet: MR-GS series default assumed — check colours: legend WHITE, background GREEN",Original PDFs/Guide Signs/Street  Bridge Name Tag Series MR-GS/mr-gs-7.dwg
MR-GS-7,MR-GS-7 - Street name tag (use with MR-WAW-1),Guide Signs,MR_GS_7_STREET_NAME_TAG_USE_WITH_MR_WAW_1_VAR4_MR-GS-7.svg,200x299 mm,"size from the register (1350x200 mm); no scale on the sheet; register size 1350x200 mm differs from the drawing (200 x 299 mm) — check; no colour note on the sheet: MR-GS series default assumed — check colours: legend WHITE, background GREEN",Original PDFs/Guide Signs/Street  Bridge Name Tag Series MR-GS/mr-gs-7.dwg
MR-GS-7,MR-GS-7 - Street name tag (use with MR-WAW-1),Guide Signs,MR_GS_7_STREET_NAME_TAG_USE_WITH_MR_WAW_1_VAR5_MR-GS-7.svg,200x328 mm,"size from the register (1350x200 mm); no scale on the sheet; register size 1350x200 mm differs from the drawing (200 x 328 mm) — check; no colour note on the sheet: MR-GS series default assumed — check colours: legend WHITE, background GREEN",Original PDFs/Guide Signs/Street  Bridge Name Tag Series MR-GS/mr-gs-7.dwg
MR-GS-8,MR-GS-8 (L) - Street name tag (use with MR-WAW-1),Guide Signs,MR_GS_8_L_STREET_NAME_TAG_USE_WITH_MR_WAW_1_MR-GS-8.svg,200x238 mm,"size from the register (1350x200 mm); no scale on the sheet; register size 1350x200 mm differs from the drawing (200 x 238 mm) — check; no colour note on the sheet: MR-GS series default assumed — check colours: legend WHITE, background GREEN",Original PDFs/Guide Signs/Street  Bridge Name Tag Series MR-GS/mr-gs-8l.dwg
MR-GS-8,MR-GS-8 (L) - Street name tag (use with MR-WAW-1),Guide Signs,MR_GS_8_L_STREET_NAME_TAG_USE_WITH_MR_WAW_1_VAR2_MR-GS-8.svg,200x257 mm,"size from the register (1350x200 mm); no scale on the sheet; register size 1350x200 mm differs from the drawing (200 x 257 mm) — check; no colour note on the sheet: MR-GS series default assumed — check colours: legend WHITE, background GREEN",Original PDFs/Guide Signs/Street  Bridge Name Tag Series MR-GS/mr-gs-8l.dwg
MR-GS-8,MR-GS-8 (L) - Street name tag (use with MR-WAW-1),Guide Signs,MR_GS_8_L_STREET_NAME_TAG_USE_WITH_MR_WAW_1_VAR3_MR-GS-8.svg,200x290 mm,"size from the register (1350x200 mm); no scale on the sheet; register size 1350x200 mm differs from the drawing (200 x 290 mm) — check; no colour note on the sheet: MR-GS series default assumed — check colours: legend WHITE, background GREEN",Original PDFs/Guide Signs/Street  Bridge Name Tag Series MR-GS/mr-gs-8l.dwg
MR-GS-8,MR-GS-8 (L) - Street name tag (use with MR-WAW-1),Guide Signs,MR_GS_8_L_STREET_NAME_TAG_USE_WITH_MR_WAW_1_VAR4_MR-GS-8.svg,200x299 mm,"size from the register (1350x200 mm); no scale on the sheet; register size 1350x200 mm differs from the drawing (200 x 299 mm) — check; no colour note on the sheet: MR-GS series default assumed — check colours: legend WHITE, background GREEN",Original PDFs/Guide Signs/Street  Bridge Name Tag Series MR-GS/mr-gs-8l.dwg
MR-GS-8,MR-GS-8 (L) - Street name tag (use with MR-WAW-1),Guide Signs,MR_GS_8_L_STREET_NAME_TAG_USE_WITH_MR_WAW_1_VAR5_MR-GS-8.svg,200x328 mm,"size from the register (1350x200 mm); no scale on the sheet; register size 1350x200 mm differs from the drawing (200 x 328 mm) — check; no colour note on the sheet: MR-GS series default assumed — check colours: legend WHITE, background GREEN",Original PDFs/Guide Signs/Street  Bridge Name Tag Series MR-GS/mr-gs-8l.dwg
MR-GS-8,MR-GS-8 (R) - Street name tag (use with MR-WAW-1),Guide Signs,MR_GS_8_R_STREET_NAME_TAG_USE_WITH_MR_WAW_1_MR-GS-8.svg,200x238 mm,"size from the register (1350x200 mm); no scale on the sheet; register size 1350x200 mm differs from the drawing (200 x 238 mm) — check; no colour note on the sheet: MR-GS series default assumed — check colours: legend WHITE, background GREEN",Original PDFs/Guide Signs/Street  Bridge Name Tag Series MR-GS/mr-gs-8r.dwg
MR-GS-8,MR-GS-8 (R) - Street name tag (use with MR-WAW-1),Guide Signs,MR_GS_8_R_STREET_NAME_TAG_USE_WITH_MR_WAW_1_VAR2_MR-GS-8.svg,200x257 mm,"size from the register (1350x200 mm); no scale on the sheet; register size 1350x200 mm differs from the drawing (200 x 257 mm) — check; no colour note on the sheet: MR-GS series default assumed — check colours: legend WHITE, background GREEN",Original PDFs/Guide Signs/Street  Bridge Name Tag Series MR-GS/mr-gs-8r.dwg
MR-GS-8,MR-GS-8 (R) - Street name tag (use with MR-WAW-1),Guide Signs,MR_GS_8_R_STREET_NAME_TAG_USE_WITH_MR_WAW_1_VAR3_MR-GS-8.svg,200x290 mm,"size from the register (1350x200 mm); no scale on the sheet; register size 1350x200 mm differs from the drawing (200 x 290 mm) — check; no colour note on the sheet: MR-GS series default assumed — check colours: legend WHITE, background GREEN",Original PDFs/Guide Signs/Street  Bridge Name Tag Series MR-GS/mr-gs-8r.dwg
MR-GS-8,MR-GS-8 (R) - Street name tag (use with MR-WAW-1),Guide Signs,MR_GS_8_R_STREET_NAME_TAG_USE_WITH_MR_WAW_1_VAR4_MR-GS-8.svg,200x299 mm,"size from the register (1350x200 mm); no scale on the sheet; register size 1350x200 mm differs from the drawing (200 x 299 mm) — check; no colour note on the sheet: MR-GS series default assumed — check colours: legend WHITE, background GREEN",Original PDFs/Guide Signs/Street  Bridge Name Tag Series MR-GS/mr-gs-8r.dwg
MR-GS-8,MR-GS-8 (R) - Street name tag (use with MR-WAW-1),Guide Signs,MR_GS_8_R_STREET_NAME_TAG_USE_WITH_MR_WAW_1_VAR5_MR-GS-8.svg,200x328 mm,"size from the register (1350x200 mm); no scale on the sheet; register size 1350x200 mm differs from the drawing (200 x 328 mm) — check; no colour note on the sheet: MR-GS series default assumed — check colours: legend WHITE, background GREEN",Original PDFs/Guide Signs/Street  Bridge Name Tag Series MR-GS/mr-gs-8r.dwg
MR-GT-2B,MR-GT-2B - Lane ends merge left,Guide Signs,MR_GT_2B_LANE_ENDS_MERGE_LEFT_MR-GT-2B.svg,905x1650 mm,"size from the sheet scale 1:30; register size 2400x3150 mm differs from the drawing (905 x 1650 mm) — check; no colour note on the sheet: MR-GT series default assumed — check colours: legend WHITE, background GREEN",Original PDFs/Guide Signs/Traffic Instruction Series MR-GT/mr-gt-2b.dwg
MR-GT-2B,MR-GT-2B - Lane ends merge left,Guide Signs,MR_GT_2B_LANE_ENDS_MERGE_LEFT_VAR2_MR-GT-2B.svg,895x1683 mm,"size from the sheet scale 1:30; register size 2400x3150 mm differs from the drawing (895 x 1683 mm) — check; no colour note on the sheet: MR-GT series default assumed — check colours: legend WHITE, background GREEN",Original PDFs/Guide Signs/Traffic Instruction Series MR-GT/mr-gt-2b.dwg
MR-GT-2B,MR-GT-2B - Lane ends merge left,Guide Signs,MR_GT_2B_LANE_ENDS_MERGE_LEFT_VAR3_MR-GT-2B.svg,824x1673 mm,"size from the sheet scale 1:30; register size 2400x3150 mm differs from the drawing (824 x 1673 mm) — check; no colour note on the sheet: MR-GT series default assumed — check colours: legend WHITE, background GREEN",Original PDFs/Guide Signs/Traffic Instruction Series MR-GT/mr-gt-2b.dwg
MR-GT-14,MR-GT-14 - Low clearance ahead,Guide Signs,MR_GT_14_LOW_CLEARANCE_AHEAD_MR-GT-14.svg,2000x586 mm,"size from the register (2000x600 mm); no scale on the sheet; no colour note on the sheet: MR-GT series default assumed — check colours: legend WHITE, background GREEN",Original PDFs/Guide Signs/Traffic Instruction Series MR-GT/mr-gt-14.dwg
MR-GT-21,MR-GT-21 - Heavy vehicles route (straight),Guide Signs,MR_GT_21_HEAVY_VEHICLES_ROUTE_STRAIGHT_MR-GT-21.svg,1900x602 mm,"size from the register (1900x600 mm); no scale on the sheet; no colour note on the sheet: MR-GT series default assumed — check colours: legend WHITE, background GREEN",Original PDFs/Guide Signs/Traffic Instruction Series MR-GT/mr-gt-21.dwg
MR-GT-22,MR-GT-22(R) - Heavy vehicles route,Guide Signs,MR_GT_22_R_HEAVY_VEHICLES_ROUTE_MR-GT-22.svg,1400x350 mm,"size from the register (1400x350 mm); no scale on the sheet; no colour note on the sheet: MR-GT series default assumed — check colours: legend WHITE, background GREEN",Original PDFs/Guide Signs/Traffic Instruction Series MR-GT/mr-gt-22r.dwg
MR-GT-22,MR-GT-22(L) - Heavy vehicles route,Guide Signs,MR_GT_22_L_HEAVY_VEHICLES_ROUTE_MR-GT-22.svg,1400x350 mm,"size from the register (1400x350 mm); no scale on the sheet; no colour note on the sheet: MR-GT series default assumed — check colours: legend WHITE, background GREEN",Original PDFs/Guide Signs/Traffic Instruction Series MR-GT/mr-gt-22l.dwg
MR-GT-24,MR-GT-24 - Signals do not apply,Guide Signs,MR_GT_24_SIGNALS_DO_NOT_APPLY_MR-GT-24.svg,584x714 mm,"size from the sheet scale 1:5; 17 closed letter outline(s) filled solid; no colour note on the sheet: MR-GT series default assumed — check colours: legend WHITE, background GREEN",Original PDFs/Guide Signs/Traffic Instruction Series MR-GT/mr-gt-24.dwg
MR-GT-26,MR-GT-26 - Signals Activated by Traffic on Other Approaches,Guide Signs,MR_GT_26_SIGNALS_ACTIVATED_BY_TRAFFIC_ON_OTHER_APPROACHES_MR-GT-26.svg,2000x750 mm,"size from the register (2000x750 mm); no scale on the sheet; no colour note on the sheet: MR-GT series default assumed — check colours: legend WHITE, background GREEN",Original PDFs/Guide Signs/Traffic Instruction Series MR-GT/mr-gt-26.dwg
MR-GT-27,MR-GT-27 - Parallel pedestrian crossing only (vinyl decal sticker),Guide Signs,MR_GT_27_PARALLEL_PEDESTRIAN_CROSSING_ONLY_VINYL_DECAL_STICKER_MR-GT-27.svg,127x157 mm,"size from the sheet scale 1:2; no colour note on the sheet: MR-GT series default assumed — check colours: legend WHITE, background GREEN",Original PDFs/Guide Signs/Traffic Instruction Series MR-GT/mr-gt-27.dwg
MR-GT-27,MR-GT-27 - Parallel pedestrian crossing only (vinyl decal sticker),Guide Signs,MR_GT_27_PARALLEL_PEDESTRIAN_CROSSING_ONLY_VINYL_DECAL_STICKER_VAR2_MR-GT-27.svg,127x157 mm,"size from the sheet scale 1:2; no colour note on the sheet: MR-GT series default assumed — check colours: legend WHITE, background GREEN",Original PDFs/Guide Signs/Traffic Instruction Series MR-GT/mr-gt-27.dwg
MR-GT-27,MR-GT-27 - Parallel pedestrian crossing only (vinyl decal sticker),Guide Signs,MR_GT_27_PARALLEL_PEDESTRIAN_CROSSING_ONLY_VINYL_DECAL_STICKER_VAR3_MR-GT-27.svg,127x157 mm,"size from the sheet scale 1:2; no colour note on the sheet: MR-GT series default assumed — check colours: legend WHITE, background GREEN",Original PDFs/Guide Signs/Traffic Instruction Series MR-GT/mr-gt-27.dwg
MR-GT-30,MR-GT-30 - ​Trucks over ...M long prohibited on,Guide Signs,MR_GT_30_TRUCKS_OVER_M_LONG_PROHIBITED_ON_MR-GT-30.svg,2412x1106 mm,"size from the sheet scale 1:15; 3 closed letter outline(s) filled solid; 1 closed letter outline(s) filled solid; no colour note on the sheet: MR-GT series default assumed — check colours: legend WHITE, background GREEN",Original PDFs/Guide Signs/Traffic Instruction Series MR-GT/mr-gt-30.dwg
MR-GT-31,MR-GT-31 - Keep left gateway entrance sign,intervene/Guide Signs,MR_GT_31_KEEP_LEFT_GATEWAY_ENTRANCE_SIGN_MR-GT-31.svg,800x600 mm,"no scale on the sheet and no register size; drawn at 1:10 — check; no colour note on the sheet: MR-GT series default assumed — check colours: legend WHITE, background GREEN; legend is CAD text on the sheet (LEFT, KEEP, Links fahren, Conduisez à gauche): needs setting in the AS 1744 face by hand",Original PDFs/Guide Signs/Traffic Instruction Series MR-GT/mr-gt-31.dwg
MR-GT-32,MR-GT-32 - ​Keep left repeater sign,intervene/Guide Signs,MR_GT_32_KEEP_LEFT_REPEATER_SIGN_MR-GT-32.svg,879x1179 mm,"no scale on the sheet and no register size; drawn at 1:10 — check; no colour note on the sheet: MR-GT series default assumed — check colours: legend WHITE, background GREEN; legend is CAD text on the sheet (KEEP, LEFT): needs setting in the AS 1744 face by hand",Original PDFs/Guide Signs/Traffic Instruction Series MR-GT/mr-gt-32.dwg
MR-GT-33,MR-GT-33 - Keep left rest area parking bay sign,intervene/Guide Signs,MR_GT_33_KEEP_LEFT_REST_AREA_PARKING_BAY_SIGN_MR-GT-33.svg,879x1179 mm,"no scale on the sheet and no register size; drawn at 1:10 — check; no colour note on the sheet: MR-GT series default assumed — check colours: legend WHITE, background GREEN; legend is CAD text on the sheet (KEEP LEFT, Links fahren, Conduisez à gauche): needs setting in the AS 1744 face by hand",Original PDFs/Guide Signs/Traffic Instruction Series MR-GT/mr-gt-33.dwg
MR-GT-34,MR-GT-34 - Overheight vehicle must exit,Guide Signs,MR_GT_34_OVERHEIGHT_VEHICLE_MUST_EXIT_MR-GT-34.svg,3000x2000 mm,"size from the register (3000x2000 mm); no scale on the sheet; 1 closed letter outline(s) filled solid; no colour note on the sheet: MR-GT series default assumed — check colours: legend WHITE, background GREEN",Original PDFs/Guide Signs/Traffic Instruction Series MR-GT/mr-gt-34.dwg
MR-GT-37,MR-GT-37 - Limited Clearance to Tracks T-Intersection,Guide Signs,MR_GT_37_LIMITED_CLEARANCE_TO_TRACKS_T_INTERSECTION_MR-GT-37.svg,900x998 mm,"size from the register (900x1200 mm); no scale on the sheet; 15 closed letter outline(s) filled solid; register size 900x1200 mm differs from the drawing (900 x 998 mm) — check; no colour note on the sheet: MR-GT series default assumed — check colours: legend WHITE, background GREEN",Original PDFs/Guide Signs/Traffic Instruction Series MR-GT/mr-gt-37.dwg
MR-GT-35,MR-GT-35 - Don't push​ the button pedestrian crossing now automated,Guide Signs,MR_GT_35_DON_T_PUSH_THE_BUTTON_PEDESTRIAN_CROSSING_NOW_AUTOMATED_MR-GT-35.svg,1000x1800 mm,"no scale on the sheet and no register size; drawn at 1:10 — check; no colour note on the sheet: MR-GT series default assumed — check colours: legend WHITE, background GREEN",Original PDFs/Guide Signs/Traffic Instruction Series MR-GT/mr-gt-35.dwg
MR-GT-36,MR-GT-36 - Don't push​ the button pedestrian crossing automated during this period,Guide Signs,MR_GT_36_DON_T_PUSH_THE_BUTTON_PEDESTRIAN_CROSSING_AUTOMATED_DURING_THIS_PERIOD_MR-GT-36.svg,1000x2300 mm,"no scale on the sheet and no register size; drawn at 1:10 — check; 1 closed letter outline(s) filled solid; no colour note on the sheet: MR-GT series default assumed — check colours: legend WHITE, background GREEN",Original PDFs/Guide Signs/Traffic Instruction Series MR-GT/mr-gt-36.dwg
MR-GT-38,MR-GT-38(R) & MR-GT-38(L) - Limited Clearance to Tracks on Side Road,Guide Signs,MR_GT_38_R_MR_GT_38_L_LIMITED_CLEARANCE_TO_TRACKS_ON_SIDE_ROAD_MR-GT-38.svg,900x1007 mm,"size from the register (900x1200 mm); no scale on the sheet; 29 closed letter outline(s) filled solid; register size 900x1200 mm differs from the drawing (900 x 1007 mm) — check; no colour note on the sheet: MR-GT series default assumed — check colours: legend WHITE, background GREEN",Original PDFs/Guide Signs/Traffic Instruction Series MR-GT/mr-gt-38r-mr-gt-38l.dwg
MR-GT-38,MR-GT-38(R) & MR-GT-38(L) - Limited Clearance to Tracks on Side Road,Guide Signs,MR_GT_38_R_MR_GT_38_L_LIMITED_CLEARANCE_TO_TRACKS_ON_SIDE_ROAD_VAR2_MR-GT-38.svg,900x1007 mm,"size from the register (900x1200 mm); no scale on the sheet; 29 closed letter outline(s) filled solid; register size 900x1200 mm differs from the drawing (900 x 1007 mm) — check; no colour note on the sheet: MR-GT series default assumed — check colours: legend WHITE, background GREEN",Original PDFs/Guide Signs/Traffic Instruction Series MR-GT/mr-gt-38r-mr-gt-38l.dwg
MR-GT-39,MR-GT-39 - Side Road Activated,Guide Signs,MR_GT_39_SIDE_ROAD_ACTIVATED_MR-GT-39.svg,900x750 mm,"size from the register (900x750 mm); no scale on the sheet; no colour note on the sheet: MR-GT series default assumed — check colours: legend WHITE, background GREEN",Original PDFs/Guide Signs/Traffic Instruction Series MR-GT/mr-gt-39-side-road-activated.dwg
MR-GT-40,MR-GT-40 - Trucks Over 19m Long Use Left Lane,Guide Signs,MR_GT_40_TRUCKS_OVER_19M_LONG_USE_LEFT_LANE_MR-GT-40.svg,900x1200 mm,"size from the register (900x1200 mm); no scale on the sheet; no colour note on the sheet: MR-GT series default assumed — check colours: legend WHITE, background GREEN",Original PDFs/Guide Signs/Traffic Instruction Series MR-GT/mr-gt-40.dwg
MR-GT-41,MR-GT-41 - U-Turn Facility xx m Ahead,Guide Signs,MR_GT_41_U_TURN_FACILITY_XX_M_AHEAD_MR-GT-41.svg,600x600 mm,"size from the register (600x600 mm); no scale on the sheet; 5 closed letter outline(s) filled solid; no colour note on the sheet: MR-GT series default assumed — check colours: legend WHITE, background GREEN",Original PDFs/Guide Signs/Traffic Instruction Series MR-GT/mr-gt-41.dwg
MR-GT-42,MR-GT-42 - When Sign Blank Left Lane Closed,Guide Signs,MR_GT_42_WHEN_SIGN_BLANK_LEFT_LANE_CLOSED_MR-GT-42.svg,600x1050 mm,"size from the register (600x1050 mm); no scale on the sheet; no colour note on the sheet: MR-GT series default assumed — check colours: legend WHITE, background GREEN",Original PDFs/Guide Signs/Traffic Instruction Series MR-GT/mr-gt-42-when-sign-blank-left-lane-closed.dwg
MR-GT-44,MR-GT-44 - When Ramp Signals On Ramp Left Lane May Be Used,Guide Signs,MR_GT_44_WHEN_RAMP_SIGNALS_ON_RAMP_LEFT_LANE_MAY_BE_USED_MR-GT-44.svg,900x900 mm,"size from the register (900x900 mm); no scale on the sheet; no colour note on the sheet: MR-GT series default assumed — check colours: legend WHITE, background GREEN",Original PDFs/Guide Signs/Traffic Instruction Series MR-GT/mr-gt-44-when-ramp-signals-on-ramp-left-lane-may-be-used.dwg.dwg
MR-GT-43,MR-GT-43 - Children Crossing,Guide Signs,MR_GT_43_CHILDREN_CROSSING_MR-GT-43.svg,600x400 mm,"size from the register (600x400 mm); no scale on the sheet; no colour note on the sheet: MR-GT series default assumed — check colours: legend WHITE, background GREEN",Original PDFs/Guide Signs/Traffic Instruction Series MR-GT/mr-gt-43-children-crossing-dwg.dwg
MR-GT-45,MR-GT-45 - Trucks Use Both Lanes For Left Turn,Guide Signs,MR_GT_45_TRUCKS_USE_BOTH_LANES_FOR_LEFT_TURN_MR-GT-45.svg,900x1200 mm,"size from the register (900x1200 mm); no scale on the sheet; no colour note on the sheet: MR-GT series default assumed — check colours: legend WHITE, background GREEN",Original PDFs/Guide Signs/Traffic Instruction Series MR-GT/mr-gt-45-trucks-use-both-lanes-for-left-turn.dwg.dwg
MR-GT-46,MR-GT-46 – Detour for High Vehicles,intervene/Guide Signs,MR_GT_46_DETOUR_FOR_HIGH_VEHICLES_MR-GT-46.svg,1880x580 mm,"drawn true size (drawing extents equal the register size); no colour note on the sheet: MR-GT series default assumed — check colours: legend WHITE, background GREEN; legend is CAD text on the sheet (DETOUR, FOR, HIGH, VEHICLES): needs setting in the AS 1744 face by hand",Original PDFs/Guide Signs/Traffic Instruction Series MR-GT/mr-gt-46-detour-for-high-vehicles.dwg
MR-GT-4A,MR-GT-4A - Lane ends merge right,Guide Signs,MR_GT_4A_LANE_ENDS_MERGE_RIGHT_MR-GT-4A.svg,1400x1815 mm,"size from the register (1400x1800 mm); no scale on the sheet; no colour note on the sheet: MR-GT series default assumed — check colours: legend WHITE, background GREEN",Original PDFs/Guide Signs/Traffic Instruction Series MR-GT/mr-gt-4a.dwg
MR-GT-2A,MR-GT-2A - Lane ends merge left,Guide Signs,MR_GT_2A_LANE_ENDS_MERGE_LEFT_MR-GT-2A.svg,1400x1815 mm,"size from the register (1400x1800 mm); no scale on the sheet; no colour note on the sheet: MR-GT series default assumed — check colours: legend WHITE, background GREEN",Original PDFs/Guide Signs/Traffic Instruction Series MR-GT/mr-gt-2a.dwg
MR-GT-10,MR-GT-10 - Detour for heavy vehicles,Guide Signs,MR_GT_10_DETOUR_FOR_HEAVY_VEHICLES_MR-GT-10.svg,1900x586 mm,"size from the register (1900x600 mm); no scale on the sheet; no colour note on the sheet: MR-GT series default assumed — check colours: legend WHITE, background GREEN",Original PDFs/Guide Signs/Traffic Instruction Series MR-GT/mr-gt-10.dwg
MR-GT-13,MR-GT-13 - Low clearance,Guide Signs,MR_GT_13_LOW_CLEARANCE_MR-GT-13.svg,2600x880 mm,"size from the register (2600x900 mm); no scale on the sheet; 1 closed letter outline(s) filled solid; no colour note on the sheet: MR-GT series default assumed — check colours: legend WHITE, background GREEN",Original PDFs/Guide Signs/Traffic Instruction Series MR-GT/mr-gt-13.dwg
MR-GT-4B,MR-GT-4B - Lane ends merge right,Guide Signs,,,no drawing found after removing the sheet furniture,Original PDFs/Guide Signs/Traffic Instruction Series MR-GT/mr-gt-4b.dwg
MR-GT-8,MR-GT-8 - Max vehicle length m,Guide Signs,MR_GT_8_MAX_VEHICLE_LENGTH_M_MR-GT-8.svg,900x900 mm,"size from the register (900x900 mm); no scale on the sheet; no colour note on the sheet: MR-GT series default assumed — check colours: legend WHITE, background GREEN",Original PDFs/Guide Signs/Traffic Instruction Series MR-GT/mr-gt-8.dwg
MR-GT-6,MR-GT-6 (L) - Length limit at rail crossing,Guide Signs,MR_GT_6_L_LENGTH_LIMIT_AT_RAIL_CROSSING_MR-GT-6.svg,1900x890 mm,"size from the register (1900x900 mm); no scale on the sheet; no colour note on the sheet: MR-GT series default assumed — check colours: legend WHITE, background GREEN",Original PDFs/Guide Signs/Traffic Instruction Series MR-GT/mr-gt-6-l.dwg
MR-GT-6,MR-GT-6 (R) - Length limit at rail crossing,Guide Signs,MR_GT_6_R_LENGTH_LIMIT_AT_RAIL_CROSSING_MR-GT-6.svg,1900x887 mm,"size from the register (1900x900 mm); no scale on the sheet; no colour note on the sheet: MR-GT series default assumed — check colours: legend WHITE, background GREEN",Original PDFs/Guide Signs/Traffic Instruction Series MR-GT/mr-gt-6-r.dwg
MR-GT-7,MR-GT-7 - Length limit at rail crossing,Guide Signs,MR_GT_7_LENGTH_LIMIT_AT_RAIL_CROSSING_MR-GT-7.svg,1900x884 mm,"size from the register (1900x900 mm); no scale on the sheet; no colour note on the sheet: MR-GT series default assumed — check colours: legend WHITE, background GREEN",Original PDFs/Guide Signs/Traffic Instruction Series MR-GT/mr-gt-7.dwg
MR-GT-9,MR-GT-9 - Detour for long vehicles,Guide Signs,MR_GT_9_DETOUR_FOR_LONG_VEHICLES_MR-GT-9.svg,1900x586 mm,"size from the register (1900x600 mm); no scale on the sheet; no colour note on the sheet: MR-GT series default assumed — check colours: legend WHITE, background GREEN",Original PDFs/Guide Signs/Traffic Instruction Series MR-GT/mr-gt-9.dwg
MR-GT-12,MR-GT-12 - Trucks use low gear (with flashing yellow),Guide Signs,MR_GT_12_TRUCKS_USE_LOW_GEAR_WITH_FLASHING_YELLOW_MR-GT-12.svg,2900x1475 mm,"size from the register (2900x1500 mm); no scale on the sheet; no colour note on the sheet: MR-GT series default assumed — check colours: legend WHITE, background GREEN",Original PDFs/Guide Signs/Traffic Instruction Series MR-GT/mr-gt-12.dwg
MR-GT-18,MR-GT-18 - Weigh station trucks only,Guide Signs,MR_GT_18_WEIGH_STATION_TRUCKS_ONLY_MR-GT-18.svg,900x1210 mm,"size from the register (900x1200 mm); no scale on the sheet; no colour note on the sheet: MR-GT series default assumed — check colours: legend WHITE, background GREEN",Original PDFs/Guide Signs/Traffic Instruction Series MR-GT/mr-gt-18.dwg
MR-GT-15,MR-GT-15(L) - Cars only u-turn,Guide Signs,MR_GT_15_L_CARS_ONLY_U_TURN_MR-GT-15.svg,450x605 mm,"size from the register (450x600 mm); no scale on the sheet; no colour note on the sheet: MR-GT series default assumed — check colours: legend WHITE, background GREEN",Original PDFs/Guide Signs/Traffic Instruction Series MR-GT/mr-gt-15l.dwg
MR-GT-15,MR-GT-15(R) - Cars only u-turn,Guide Signs,MR_GT_15_R_CARS_ONLY_U_TURN_MR-GT-15.svg,450x605 mm,"size from the register (450x600 mm); no scale on the sheet; no colour note on the sheet: MR-GT series default assumed — check colours: legend WHITE, background GREEN",Original PDFs/Guide Signs/Traffic Instruction Series MR-GT/mr-gt-15r.dwg
MR-GT-23A,MR-GT-23A - One vehicle per green each lane,Guide Signs,MR_GT_23A_ONE_VEHICLE_PER_GREEN_EACH_LANE_MR-GT-23A.svg,550x330 mm,"size from the sheet scale 1:10; 26 closed letter outline(s) filled solid; no colour note on the sheet: MR-GT series default assumed — check colours: legend WHITE, background GREEN",Original PDFs/Guide Signs/Traffic Instruction Series MR-GT/mr-gt-23a.dwg
MR-GT-23B,MR-GT-23B - One vehicle per green each lane,Guide Signs,MR_GT_23B_ONE_VEHICLE_PER_GREEN_EACH_LANE_MR-GT-23B.svg,1080x640 mm,"size from the sheet scale 1:10; 26 closed letter outline(s) filled solid; no colour note on the sheet: MR-GT series default assumed — check colours: legend WHITE, background GREEN",Original PDFs/Guide Signs/Traffic Instruction Series MR-GT/mr-gt-23b.dwg
MR-GT-25A,MR-GT-25A - Keep Intersection Clear,Guide Signs,MR_GT_25A_KEEP_INTERSECTION_CLEAR_MR-GT-25A.svg,4500x3000 mm,"no scale on the sheet and no register size; drawn at 1:10 — check; no colour note on the sheet: MR-GT series default assumed — check colours: legend WHITE, background GREEN",Original PDFs/Guide Signs/Traffic Instruction Series MR-GT/mr-gt-25a-keep-intersection-clear.dwg
MR-GT-25B,MR-GT-25B - Keep Intersection Clear,Guide Signs,MR_GT_25B_KEEP_INTERSECTION_CLEAR_MR-GT-25B.svg,6000x4000 mm,"no scale on the sheet and no register size; drawn at 1:10 — check; no colour note on the sheet: MR-GT series default assumed — check colours: legend WHITE, background GREEN",Original PDFs/Guide Signs/Traffic Instruction Series MR-GT/mr-gt-25b-keep-intersection-clear.dwg
MR-GT-28A,MR-GT-28A - Keep Roundabout Clear,Guide Signs,MR_GT_28A_KEEP_ROUNDABOUT_CLEAR_MR-GT-28A.svg,4500x3000 mm,"no scale on the sheet and no register size; drawn at 1:10 — check; no colour note on the sheet: MR-GT series default assumed — check colours: legend WHITE, background GREEN",Original PDFs/Guide Signs/Traffic Instruction Series MR-GT/mr-gt-28a-keep-roundabout-clear.dwg
MR-GT-28B,MR-GT-28B - Keep Roundabout Clear,Guide Signs,MR_GT_28B_KEEP_ROUNDABOUT_CLEAR_MR-GT-28B.svg,6000x4000 mm,"no scale on the sheet and no register size; drawn at 1:10 — check; no colour note on the sheet: MR-GT series default assumed — check colours: legend WHITE, background GREEN",Original PDFs/Guide Signs/Traffic Instruction Series MR-GT/mr-gt-28b-keep-roundabout-clear.dwg
MR-HM-18,MR-HM-18 - Culvert width markers - culvert posts,intervene/Hazard Markers MR-HM,MR_HM_18_CULVERT_WIDTH_MARKERS_CULVERT_POSTS_MR-HM-18.svg,100x1000 mm,"size from the register (100x1000 mm); no scale on the sheet; no colour note on the sheet: MR-HM series default assumed — check colours: legend RED, background WHITE; legend is CAD text on the sheet (CULVERT POST DETAIL ON LHS, CULVERT POST DETAIL ON RHS): needs setting in the AS 1744 face by hand",Original PDFs/Hazard Markers MR-HM/Hazard Markers MR-HM/mr-hm-18.dwg
MR-HM-17,MR-HM-17(L) - Left or right with speed limit,Hazard Markers MR-HM,MR_HM_17_L_LEFT_OR_RIGHT_WITH_SPEED_LIMIT_MR-HM-17.svg,2400x1853 mm,"size from the register (2400x400 mm); no scale on the sheet; register size 2400x400 mm differs from the drawing (2400 x 1853 mm) — check; no colour note on the sheet: MR-HM series default assumed — check colours: legend RED, background WHITE",Original PDFs/Hazard Markers MR-HM/Hazard Markers MR-HM/mr-hm-17l.dwg
MR-HM-17,MR-HM-17(L) - Left or right with speed limit,Hazard Markers MR-HM,MR_HM_17_L_LEFT_OR_RIGHT_WITH_SPEED_LIMIT_VAR2_MR-HM-17.svg,400x579 mm,"size from the register (2400x400 mm); no scale on the sheet; register size 2400x400 mm differs from the drawing (400 x 579 mm) — check; no colour note on the sheet: MR-HM series default assumed — check colours: legend RED, background WHITE",Original PDFs/Hazard Markers MR-HM/Hazard Markers MR-HM/mr-hm-17l.dwg
MR-HM-1,MR-HM-1 - Bidirectional,Hazard Markers MR-HM,MR_HM_1_BIDIRECTIONAL_MR-HM-1.svg,2400x1852 mm,"size from the register (2400x400 mm); no scale on the sheet; register size 2400x400 mm differs from the drawing (2400 x 1852 mm) — check; no colour note on the sheet: MR-HM series default assumed — check colours: legend RED, background WHITE",Original PDFs/Hazard Markers MR-HM/Hazard Markers MR-HM/mr-hm-1.dwg
MR-HM-1,MR-HM-1 - Bidirectional,Hazard Markers MR-HM,MR_HM_1_BIDIRECTIONAL_VAR2_MR-HM-1.svg,400x652 mm,"size from the register (2400x400 mm); no scale on the sheet; register size 2400x400 mm differs from the drawing (400 x 652 mm) — check; no colour note on the sheet: MR-HM series default assumed — check colours: legend RED, background WHITE",Original PDFs/Hazard Markers MR-HM/Hazard Markers MR-HM/mr-hm-1.dwg
MR-HM-10,MR-HM-10 - Combination left or right,Hazard Markers MR-HM,MR_HM_10_COMBINATION_LEFT_OR_RIGHT_MR-HM-10.svg,4800x2955 mm,"size from the register (4800x800 mm); no scale on the sheet; register size 4800x800 mm differs from the drawing (4800 x 2955 mm) — check; no colour note on the sheet: MR-HM series default assumed — check colours: legend RED, background WHITE",Original PDFs/Hazard Markers MR-HM/Hazard Markers MR-HM/mr-hm-10.dwg
MR-HM-11,MR-HM-11 - Delineator,Hazard Markers MR-HM,MR_HM_11_DELINEATOR_MR-HM-11.svg,230x230 mm,"size from the register (230x230 mm); no scale on the sheet; no colour note on the sheet: MR-HM series default assumed — check colours: legend RED, background WHITE",Original PDFs/Hazard Markers MR-HM/Hazard Markers MR-HM/mr-hm-11.dwg
MR-HM-12,MR-HM-12 - Divisional marker,Hazard Markers MR-HM,MR_HM_12_DIVISIONAL_MARKER_MR-HM-12.svg,450x600 mm,"size from the register (450x600 mm); no scale on the sheet; no colour note on the sheet: MR-HM series default assumed — check colours: legend RED, background WHITE",Original PDFs/Hazard Markers MR-HM/Hazard Markers MR-HM/mr-hm-12.dwg
MR-HM-16A,MR-HM-16A - Pole marker,Hazard Markers MR-HM,,,no drawing found after removing the sheet furniture,Original PDFs/Hazard Markers MR-HM/Hazard Markers MR-HM/mr-hm-16a.dwg
MR-HM-16B,MR-HM-16B - Pole marker,Hazard Markers MR-HM,,,no drawing found after removing the sheet furniture,Original PDFs/Hazard Markers MR-HM/Hazard Markers MR-HM/mr-hm-16b.dwg
MR-HM-16C,MR-HM-16C - Pole marker,Hazard Markers MR-HM,,,no drawing found after removing the sheet furniture,Original PDFs/Hazard Markers MR-HM/Hazard Markers MR-HM/mr-hm-16c.dwg
MR-HM-2,MR-HM-2 - Tee junction sight board,Hazard Markers MR-HM,MR_HM_2_TEE_JUNCTION_SIGHT_BOARD_MR-HM-2.svg,2400x463 mm,"size from the register (2400x400 mm); no scale on the sheet; register size 2400x400 mm differs from the drawing (2400 x 463 mm) — check; no colour note on the sheet: MR-HM series default assumed — check colours: legend RED, background WHITE",Original PDFs/Hazard Markers MR-HM/Hazard Markers MR-HM/mr-hm-2.dwg
MR-HM-3,MR-HM-3 - Left or right,Hazard Markers MR-HM,MR_HM_3_LEFT_OR_RIGHT_MR-HM-3.svg,2400x1853 mm,"size from the register (2400x400 mm); no scale on the sheet; register size 2400x400 mm differs from the drawing (2400 x 1853 mm) — check; no colour note on the sheet: MR-HM series default assumed — check colours: legend RED, background WHITE",Original PDFs/Hazard Markers MR-HM/Hazard Markers MR-HM/mr-hm-3.dwg
MR-HM-4,MR-HM-4 - Combination,Hazard Markers MR-HM,MR_HM_4_COMBINATION_MR-HM-4.svg,2400x739 mm,"size from the register (2400x400 mm); no scale on the sheet; register size 2400x400 mm differs from the drawing (2400 x 739 mm) — check; no colour note on the sheet: MR-HM series default assumed — check colours: legend RED, background WHITE",Original PDFs/Hazard Markers MR-HM/Hazard Markers MR-HM/mr-hm-4.dwg
MR-HM-5,MR-HM-5 - Combination,Hazard Markers MR-HM,MR_HM_5_COMBINATION_MR-HM-5.svg,2400x739 mm,"size from the register (2400x400 mm); no scale on the sheet; register size 2400x400 mm differs from the drawing (2400 x 739 mm) — check; no colour note on the sheet: MR-HM series default assumed — check colours: legend RED, background WHITE",Original PDFs/Hazard Markers MR-HM/Hazard Markers MR-HM/mr-hm-5.dwg
MR-HM-6,MR-HM-6 - Combination,Hazard Markers MR-HM,MR_HM_6_COMBINATION_MR-HM-6.svg,2400x506 mm,"size from the register (2400x400 mm); no scale on the sheet; register size 2400x400 mm differs from the drawing (2400 x 506 mm) — check; no colour note on the sheet: MR-HM series default assumed — check colours: legend RED, background WHITE",Original PDFs/Hazard Markers MR-HM/Hazard Markers MR-HM/mr-hm-6.dwg
MR-HM-7,MR-HM-7 - Combination,Hazard Markers MR-HM,MR_HM_7_COMBINATION_MR-HM-7.svg,2400x505 mm,"size from the register (2400x400 mm); no scale on the sheet; register size 2400x400 mm differs from the drawing (2400 x 505 mm) — check; no colour note on the sheet: MR-HM series default assumed — check colours: legend RED, background WHITE",Original PDFs/Hazard Markers MR-HM/Hazard Markers MR-HM/mr-hm-7.dwg
MR-HM-8,MR-HM-8 - Combination bidirectional,Hazard Markers MR-HM,MR_HM_8_COMBINATION_BIDIRECTIONAL_MR-HM-8.svg,4800x2955 mm,"size from the register (4800x800 mm); no scale on the sheet; register size 4800x800 mm differs from the drawing (4800 x 2955 mm) — check; no colour note on the sheet: MR-HM series default assumed — check colours: legend RED, background WHITE",Original PDFs/Hazard Markers MR-HM/Hazard Markers MR-HM/mr-hm-8.dwg
MR-HM-9,MR-HM-9 - Combination tee junction,Hazard Markers MR-HM,MR_HM_9_COMBINATION_TEE_JUNCTION_MR-HM-9.svg,4800x2022 mm,"size from the register (4800x800 mm); no scale on the sheet; register size 4800x800 mm differs from the drawing (4800 x 2022 mm) — check; no colour note on the sheet: MR-HM series default assumed — check colours: legend RED, background WHITE",Original PDFs/Hazard Markers MR-HM/Hazard Markers MR-HM/mr-hm-9.dwg
MR-HM-9,MR-HM-9 - Combination tee junction,Hazard Markers MR-HM,MR_HM_9_COMBINATION_TEE_JUNCTION_VAR2_MR-HM-9.svg,4800x2022 mm,"size from the register (4800x800 mm); no scale on the sheet; register size 4800x800 mm differs from the drawing (4800 x 2022 mm) — check; no colour note on the sheet: MR-HM series default assumed — check colours: legend RED, background WHITE",Original PDFs/Hazard Markers MR-HM/Hazard Markers MR-HM/mr-hm-9.dwg
MMS-ADV-1,MMS-ADV-1 - xxkm ahead,Multi Message Signs,MMS_ADV_1_XXKM_AHEAD_MMS-ADV-1.svg,1200x300 mm,"size from the sheet scale 1:10; 8 closed letter outline(s) filled solid; no colour note on the sheet: black legend on white assumed — check colours: legend BLACK, background WHITE",Original PDFs/Multi Message Signs/Advance Warning Series MMS-ADV/mms-adv-1.dwg
MMS-ADV-2,MMS-ADV-2 - xxkm ahead,Multi Message Signs,MMS_ADV_2_XXKM_AHEAD_MMS-ADV-2.svg,600x600 mm,"size from the sheet scale 1:10; 7 closed letter outline(s) filled solid; no colour note on the sheet: black legend on white assumed — check colours: legend BLACK, background WHITE",Original PDFs/Multi Message Signs/Advance Warning Series MMS-ADV/mms-adv-2.dwg
MMS-ADV-3,MMS-ADV-3 - xxkph ahead,Multi Message Signs,MMS_ADV_3_XXKPH_AHEAD_MMS-ADV-3.svg,600x600 mm,"size from the sheet scale 1:10; 7 closed letter outline(s) filled solid; no colour note on the sheet: black legend on white assumed — check colours: legend BLACK, background WHITE",Original PDFs/Multi Message Signs/Advance Warning Series MMS-ADV/mms-adv-3.dwg
MMS-ADV-4,MMS-ADV-4 - At intersection,Multi Message Signs,MMS_ADV_4_AT_INTERSECTION_MMS-ADV-4.svg,1200x300 mm,"size from the sheet scale 1:10; 14 closed letter outline(s) filled solid; no colour note on the sheet: black legend on white assumed — check colours: legend BLACK, background WHITE",Original PDFs/Multi Message Signs/Advance Warning Series MMS-ADV/mms-adv-4.dwg
MMS-ADV-5,MMS-ADV-5 - At signals,Multi Message Signs,MMS_ADV_5_AT_SIGNALS_MMS-ADV-5.svg,1200x300 mm,"size from the sheet scale 1:10; 9 closed letter outline(s) filled solid; no colour note on the sheet: black legend on white assumed — check colours: legend BLACK, background WHITE",Original PDFs/Multi Message Signs/Advance Warning Series MMS-ADV/mms-adv-5.dwg
MMS-ADV-6,MMS-ADV-6 - Blasting area switch off radio transmitters,Multi Message Signs,MMS_ADV_6_BLASTING_AREA_SWITCH_OFF_RADIO_TRANSMITTERS_MMS-ADV-6.svg,1200x600 mm,"size from the sheet scale 1:10; 38 closed letter outline(s) filled solid; no colour note on the sheet: black legend on white assumed — check colours: legend BLACK, background WHITE",Original PDFs/Multi Message Signs/Advance Warning Series MMS-ADV/mms-adv-6.dwg
MMS-ADV-7,MMS-ADV-7 - Bridge work ahead,Multi Message Signs,MMS_ADV_7_BRIDGE_WORK_AHEAD_MMS-ADV-7.svg,600x600 mm,"size from the sheet scale 1:10; 15 closed letter outline(s) filled solid; no colour note on the sheet: black legend on white assumed — check colours: legend BLACK, background WHITE",Original PDFs/Multi Message Signs/Advance Warning Series MMS-ADV/mms-adv-7.dwg
MMS-ADV-8,MMS-ADV-8 - Bridge work ahead,Multi Message Signs,MMS_ADV_8_BRIDGE_WORK_AHEAD_MMS-ADV-8.svg,1200x600 mm,"size from the sheet scale 1:10; 15 closed letter outline(s) filled solid; no colour note on the sheet: black legend on white assumed — check colours: legend BLACK, background WHITE",Original PDFs/Multi Message Signs/Advance Warning Series MMS-ADV/mms-adv-8.dwg
MMS-ADV-9,MMS-ADV-9 - Detour ahead,intervene/Multi Message Signs,MMS_ADV_9_DETOUR_AHEAD_MMS-ADV-9.svg,600x600 mm,"size from the sheet scale 1:10; 22 closed letter outline(s) filled solid; colours from the sheet's note: legend BLACK, background YELLOW; legend is CAD text on the sheet (SIZE B 1200x600 PANEL ADDED, T): needs setting in the AS 1744 face by hand",Original PDFs/Multi Message Signs/Advance Warning Series MMS-ADV/mms-adv-9.dwg
MMS-ADV-9,MMS-ADV-9 - Detour ahead,intervene/Multi Message Signs,MMS_ADV_9_DETOUR_AHEAD_VAR2_MMS-ADV-9.svg,1200x600 mm,"size from the sheet scale 1:10; 22 closed letter outline(s) filled solid; register size 600x600 mm differs from the drawing (1200 x 600 mm) — check; colours from the sheet's note: legend BLACK, background YELLOW; legend is CAD text on the sheet (SIZE B 1200x600 PANEL ADDED, T): needs setting in the AS 1744 face by hand",Original PDFs/Multi Message Signs/Advance Warning Series MMS-ADV/mms-adv-9.dwg
MMS-ADV-10,MMS-ADV-10 - Do not overtake,Multi Message Signs,MMS_ADV_10_DO_NOT_OVERTAKE_MMS-ADV-10.svg,214x111 mm,"size from the sheet scale 1:10; 13 closed letter outline(s) filled solid; register size 1200x300 mm differs from the drawing (214 x 111 mm) — check; no colour note on the sheet: black legend on white assumed — check colours: legend BLACK, background WHITE",Original PDFs/Multi Message Signs/Advance Warning Series MMS-ADV/mms-adv-10.dwg
MMS-ADV-10,MMS-ADV-10 - Do not overtake,Multi Message Signs,MMS_ADV_10_DO_NOT_OVERTAKE_VAR2_MMS-ADV-10.svg,205x110 mm,"size from the sheet scale 1:10; 13 closed letter outline(s) filled solid; register size 1200x300 mm differs from the drawing (205 x 110 mm) — check; no colour note on the sheet: black legend on white assumed — check colours: legend BLACK, background WHITE",Original PDFs/Multi Message Signs/Advance Warning Series MMS-ADV/mms-adv-10.dwg
MMS-ADV-10,MMS-ADV-10 - Do not overtake,Multi Message Signs,MMS_ADV_10_DO_NOT_OVERTAKE_VAR3_MMS-ADV-10.svg,136x111 mm,"size from the sheet scale 1:10; 13 closed letter outline(s) filled solid; register size 1200x300 mm differs from the drawing (136 x 111 mm) — check; no colour note on the sheet: black legend on white assumed — check colours: legend BLACK, background WHITE",Original PDFs/Multi Message Signs/Advance Warning Series MMS-ADV/mms-adv-10.dwg
MMS-ADV-10,MMS-ADV-10 - Do not overtake,Multi Message Signs,MMS_ADV_10_DO_NOT_OVERTAKE_VAR4_MMS-ADV-10.svg,131x110 mm,"size from the sheet scale 1:10; 13 closed letter outline(s) filled solid; register size 1200x300 mm differs from the drawing (131 x 110 mm) — check; no colour note on the sheet: black legend on white assumed — check colours: legend BLACK, background WHITE",Original PDFs/Multi Message Signs/Advance Warning Series MMS-ADV/mms-adv-10.dwg
MMS-ADV-10,MMS-ADV-10 - Do not overtake,Multi Message Signs,MMS_ADV_10_DO_NOT_OVERTAKE_VAR5_MMS-ADV-10.svg,129x111 mm,"size from the sheet scale 1:10; 13 closed letter outline(s) filled solid; register size 1200x300 mm differs from the drawing (129 x 111 mm) — check; no colour note on the sheet: black legend on white assumed — check colours: legend BLACK, background WHITE",Original PDFs/Multi Message Signs/Advance Warning Series MMS-ADV/mms-adv-10.dwg
MMS-ADV-10,MMS-ADV-10 - Do not overtake,Multi Message Signs,MMS_ADV_10_DO_NOT_OVERTAKE_VAR6_MMS-ADV-10.svg,59x110 mm,"size from the sheet scale 1:10; 13 closed letter outline(s) filled solid; register size 1200x300 mm differs from the drawing (59 x 110 mm) — check; no colour note on the sheet: black legend on white assumed — check colours: legend BLACK, background WHITE",Original PDFs/Multi Message Signs/Advance Warning Series MMS-ADV/mms-adv-10.dwg
MMS-ADV-11,MMS-ADV-11 - Drive slowly,Multi Message Signs,MMS_ADV_11_DRIVE_SLOWLY_MMS-ADV-11.svg,1200x300 mm,"size from the sheet scale 1:10; 11 closed letter outline(s) filled solid; no colour note on the sheet: black legend on white assumed — check colours: legend BLACK, background WHITE",Original PDFs/Multi Message Signs/Advance Warning Series MMS-ADV/mms-adv-11.dwg
MMS-ADV-12,MMS-ADV-12 - Grader ahead,Multi Message Signs,MMS_ADV_12_GRADER_AHEAD_MMS-ADV-12.svg,600x600 mm,"size from the sheet scale 1:10; 11 closed letter outline(s) filled solid; no colour note on the sheet: black legend on white assumed — check colours: legend BLACK, background WHITE",Original PDFs/Multi Message Signs/Advance Warning Series MMS-ADV/mms-adv-12.dwg
MMS-ADV-13,MMS-ADV-13 - Heavy vehicles,Multi Message Signs,MMS_ADV_13_HEAVY_VEHICLES_MMS-ADV-13.svg,600x600 mm,"size from the sheet scale 1:10; 13 closed letter outline(s) filled solid; no colour note on the sheet: black legend on white assumed — check colours: legend BLACK, background WHITE",Original PDFs/Multi Message Signs/Advance Warning Series MMS-ADV/mms-adv-13.dwg
MMS-ADV-14,MMS-ADV-14 - High vehicles,Multi Message Signs,MMS_ADV_14_HIGH_VEHICLES_MMS-ADV-14.svg,600x560 mm,"size from the sheet scale 1:10; 12 closed letter outline(s) filled solid; register size 600x600 mm differs from the drawing (600 x 560 mm) — check; no colour note on the sheet: black legend on white assumed — check colours: legend BLACK, background WHITE",Original PDFs/Multi Message Signs/Advance Warning Series MMS-ADV/mms-adv-14.dwg
MMS-ADV-15,MMS-ADV-15 - Line marking,Multi Message Signs,MMS_ADV_15_LINE_MARKING_MMS-ADV-15.svg,600x600 mm,"size from the sheet scale 1:10; 11 closed letter outline(s) filled solid; no colour note on the sheet: black legend on white assumed — check colours: legend BLACK, background WHITE",Original PDFs/Multi Message Signs/Advance Warning Series MMS-ADV/mms-adv-15.dwg
MMS-ADV-16,MMS-ADV-16 - Line marking,Multi Message Signs,MMS_ADV_16_LINE_MARKING_MMS-ADV-16.svg,1200x300 mm,"size from the sheet scale 1:10; 11 closed letter outline(s) filled solid; no colour note on the sheet: black legend on white assumed — check colours: legend BLACK, background WHITE",Original PDFs/Multi Message Signs/Advance Warning Series MMS-ADV/mms-adv-16.dwg
MMS-ADV-17,MMS-ADV-17 - Look both ways two-way traffic,intervene/Multi Message Signs,MMS_ADV_17_LOOK_BOTH_WAYS_TWO_WAY_TRAFFIC_MMS-ADV-17.svg,1200x600 mm,"size from the sheet scale 1:10; 27 closed letter outline(s) filled solid; no colour note on the sheet: black legend on white assumed — check colours: legend BLACK, background WHITE; legend is CAD text on the sheet (ARROW DETAIL): needs setting in the AS 1744 face by hand",Original PDFs/Multi Message Signs/Advance Warning Series MMS-ADV/mms-adv-17.dwg
MMS-ADV-17,MMS-ADV-17 - Look both ways two-way traffic,intervene/Multi Message Signs,MMS_ADV_17_LOOK_BOTH_WAYS_TWO_WAY_TRAFFIC_VAR2_MMS-ADV-17.svg,592x257 mm,"size from the sheet scale 1:10; 27 closed letter outline(s) filled solid; register size 1200x600 mm differs from the drawing (592 x 257 mm) — check; no colour note on the sheet: black legend on white assumed — check colours: legend BLACK, background WHITE; legend is CAD text on the sheet (ARROW DETAIL): needs setting in the AS 1744 face by hand",Original PDFs/Multi Message Signs/Advance Warning Series MMS-ADV/mms-adv-17.dwg
MMS-ADV-18,MMS-ADV-18 - Next xx km,Multi Message Signs,MMS_ADV_18_NEXT_XX_KM_MMS-ADV-18.svg,600x600 mm,"size from the sheet scale 1:10; 7 closed letter outline(s) filled solid; no colour note on the sheet: black legend on white assumed — check colours: legend BLACK, background WHITE",Original PDFs/Multi Message Signs/Advance Warning Series MMS-ADV/mms-adv-18.dwg
MMS-ADV-19,MMS-ADV-19 - Next xxkm (white),Multi Message Signs,MMS_ADV_19_NEXT_XXKM_WHITE_MMS-ADV-19.svg,1200x300 mm,"size from the sheet scale 1:10; 7 closed letter outline(s) filled solid; no colour note on the sheet: black legend on white assumed — check colours: legend BLACK, background WHITE",Original PDFs/Multi Message Signs/Advance Warning Series MMS-ADV/mms-adv-19.dwg
MMS-ADV-20,MMS-ADV-20 - Now,Multi Message Signs,MMS_ADV_20_NOW_MMS-ADV-20.svg,1200x300 mm,"size from the sheet scale 1:10; 3 closed letter outline(s) filled solid; no colour note on the sheet: black legend on white assumed — check colours: legend BLACK, background WHITE",Original PDFs/Multi Message Signs/Advance Warning Series MMS-ADV/mms-adv-20.dwg
MMS-ADV-21,MMS-ADV-21 - Obstruction marker,Multi Message Signs,MMS_ADV_21_OBSTRUCTION_MARKER_MMS-ADV-21.svg,1200x300 mm,"size from the sheet scale 1:10; no colour note on the sheet: black legend on white assumed — check colours: legend BLACK, background WHITE",Original PDFs/Multi Message Signs/Advance Warning Series MMS-ADV/mms-adv-21.dwg
MMS-ADV-22,MMS-ADV-22 - On side road,Multi Message Signs,MMS_ADV_22_ON_SIDE_ROAD_MMS-ADV-22.svg,1200x300 mm,"size from the sheet scale 1:10; 10 closed letter outline(s) filled solid; no colour note on the sheet: black legend on white assumed — check colours: legend BLACK, background WHITE",Original PDFs/Multi Message Signs/Advance Warning Series MMS-ADV/mms-adv-22.dwg
MMS-ADV-23,MMS-ADV-23 - Over xxm,Multi Message Signs,MMS_ADV_23_OVER_XXM_MMS-ADV-23.svg,1200x300 mm,"size from the sheet scale 1:10; 5 closed letter outline(s) filled solid; no colour note on the sheet: black legend on white assumed — check colours: legend BLACK, background WHITE",Original PDFs/Multi Message Signs/Advance Warning Series MMS-ADV/mms-adv-23.dwg
MMS-ADV-24,MMS-ADV-24 - Over xxGVM,Multi Message Signs,MMS_ADV_24_OVER_XXGVM_MMS-ADV-24.svg,1200x300 mm,"size from the sheet scale 1:10; 8 closed letter outline(s) filled solid; no colour note on the sheet: black legend on white assumed — check colours: legend BLACK, background WHITE",Original PDFs/Multi Message Signs/Advance Warning Series MMS-ADV/mms-adv-24.dwg
MMS-ADV-25,MMS-ADV-25 - Power line works in progress,Multi Message Signs,MMS_ADV_25_POWER_LINE_WORKS_IN_PROGRESS_MMS-ADV-25.svg,1200x600 mm,"size from the sheet scale 1:10; 24 closed letter outline(s) filled solid; no colour note on the sheet: black legend on white assumed — check colours: legend BLACK, background WHITE",Original PDFs/Multi Message Signs/Advance Warning Series MMS-ADV/mms-adv-25.dwg
MMS-ADV-26,MMS-ADV-26 - Prepare to stop,Multi Message Signs,MMS_ADV_26_PREPARE_TO_STOP_MMS-ADV-26.svg,1200x300 mm,"size from the sheet scale 1:10; 13 closed letter outline(s) filled solid; no colour note on the sheet: black legend on white assumed — check colours: legend BLACK, background WHITE",Original PDFs/Multi Message Signs/Advance Warning Series MMS-ADV/mms-adv-26.dwg
MMS-ADV-27,MMS-ADV-27 - Prepare to stop,Multi Message Signs,MMS_ADV_27_PREPARE_TO_STOP_MMS-ADV-27.svg,600x600 mm,"size from the sheet scale 1:10; 15 closed letter outline(s) filled solid; no colour note on the sheet: black legend on white assumed — check colours: legend BLACK, background WHITE",Original PDFs/Multi Message Signs/Advance Warning Series MMS-ADV/mms-adv-27.dwg
MMS-ADV-28,MMS-ADV-28 - Reduce speed,Multi Message Signs,MMS_ADV_28_REDUCE_SPEED_MMS-ADV-28.svg,1200x300 mm,"size from the sheet scale 1:10; 11 closed letter outline(s) filled solid; no colour note on the sheet: black legend on white assumed — check colours: legend BLACK, background WHITE",Original PDFs/Multi Message Signs/Advance Warning Series MMS-ADV/mms-adv-28.dwg
MMS-ADV-29,MMS-ADV-29 - Reduce speed,Multi Message Signs,MMS_ADV_29_REDUCE_SPEED_MMS-ADV-29.svg,600x600 mm,"size from the sheet scale 1:10; 11 closed letter outline(s) filled solid; no colour note on the sheet: black legend on white assumed — check colours: legend BLACK, background WHITE",Original PDFs/Multi Message Signs/Advance Warning Series MMS-ADV/mms-adv-29.dwg
MMS-ADV-30,MMS-ADV-30 - Reduce speed,Multi Message Signs,MMS_ADV_30_REDUCE_SPEED_MMS-ADV-30.svg,1200x600 mm,"size from the sheet scale 1:10; 11 closed letter outline(s) filled solid; no colour note on the sheet: black legend on white assumed — check colours: legend BLACK, background WHITE",Original PDFs/Multi Message Signs/Advance Warning Series MMS-ADV/mms-adv-30.dwg
MMS-ADV-31,MMS-ADV-31 - Road closed,Multi Message Signs,MMS_ADV_31_ROAD_CLOSED_MMS-ADV-31.svg,600x600 mm,"size from the sheet scale 1:10; 10 closed letter outline(s) filled solid; no colour note on the sheet: black legend on white assumed — check colours: legend BLACK, background WHITE",Original PDFs/Multi Message Signs/Advance Warning Series MMS-ADV/mms-adv-31.dwg
MMS-ADV-32,MMS-ADV-32 - Road closed,intervene/Multi Message Signs,MMS_ADV_32_ROAD_CLOSED_MMS-ADV-32.svg,1200x600 mm,"size from the sheet scale 1:10; 10 closed letter outline(s) filled solid; no colour note on the sheet: black legend on white assumed — check colours: legend BLACK, background WHITE; legend is CAD text on the sheet (D, A, O, R…): needs setting in the AS 1744 face by hand",Original PDFs/Multi Message Signs/Advance Warning Series MMS-ADV/mms-adv-32.dwg
MMS-ADV-33,MMS-ADV-33 - Road closed ahead,Multi Message Signs,MMS_ADV_33_ROAD_CLOSED_AHEAD_MMS-ADV-33.svg,1200x600 mm,"size from the sheet scale 1:10; 15 closed letter outline(s) filled solid; no colour note on the sheet: black legend on white assumed — check colours: legend BLACK, background WHITE",Original PDFs/Multi Message Signs/Advance Warning Series MMS-ADV/mms-adv-33.dwg
MMS-ADV-34,MMS-ADV-34 - Road plant ahead,Multi Message Signs,MMS_ADV_34_ROAD_PLANT_AHEAD_MMS-ADV-34.svg,600x600 mm,"size from the sheet scale 1:10; 14 closed letter outline(s) filled solid; no colour note on the sheet: black legend on white assumed — check colours: legend BLACK, background WHITE",Original PDFs/Multi Message Signs/Advance Warning Series MMS-ADV/mms-adv-34.dwg
MMS-ADV-35,MMS-ADV-35 - Road plant ahead,Multi Message Signs,MMS_ADV_35_ROAD_PLANT_AHEAD_MMS-ADV-35.svg,1200x600 mm,"size from the sheet scale 1:10; 14 closed letter outline(s) filled solid; no colour note on the sheet: black legend on white assumed — check colours: legend BLACK, background WHITE",Original PDFs/Multi Message Signs/Advance Warning Series MMS-ADV/mms-adv-35.dwg
MMS-ADV-36,MMS-ADV-36 - Road plant on side road,Multi Message Signs,MMS_ADV_36_ROAD_PLANT_ON_SIDE_ROAD_MMS-ADV-36.svg,1200x600 mm,"size from the sheet scale 1:10; 19 closed letter outline(s) filled solid; no colour note on the sheet: black legend on white assumed — check colours: legend BLACK, background WHITE",Original PDFs/Multi Message Signs/Advance Warning Series MMS-ADV/mms-adv-36.dwg
MMS-ADV-37,MMS-ADV-37 - Road side hazard,Multi Message Signs,MMS_ADV_37_ROAD_SIDE_HAZARD_MMS-ADV-37.svg,600x600 mm,"size from the sheet scale 1:10; 14 closed letter outline(s) filled solid; no colour note on the sheet: black legend on white assumed — check colours: legend BLACK, background WHITE",Original PDFs/Multi Message Signs/Advance Warning Series MMS-ADV/mms-adv-37.dwg
MMS-ADV-38,MMS-ADV-38 - Roadwork ahead,Multi Message Signs,MMS_ADV_38_ROADWORK_AHEAD_MMS-ADV-38.svg,600x600 mm,"size from the sheet scale 1:10; 13 closed letter outline(s) filled solid; no colour note on the sheet: black legend on white assumed — check colours: legend BLACK, background WHITE",Original PDFs/Multi Message Signs/Advance Warning Series MMS-ADV/mms-adv-38.dwg
MMS-ADV-39,MMS-ADV-39 - Roadwork ahead,Multi Message Signs,MMS_ADV_39_ROADWORK_AHEAD_MMS-ADV-39.svg,1200x600 mm,"size from the sheet scale 1:10; 13 closed letter outline(s) filled solid; no colour note on the sheet: black legend on white assumed — check colours: legend BLACK, background WHITE",Original PDFs/Multi Message Signs/Advance Warning Series MMS-ADV/mms-adv-39.dwg
MMS-ADV-40,MMS-ADV-40 - Roadworks,Multi Message Signs,MMS_ADV_40_ROADWORKS_MMS-ADV-40.svg,1200x300 mm,"size from the sheet scale 1:10; 9 closed letter outline(s) filled solid; no colour note on the sheet: black legend on white assumed — check colours: legend BLACK, background WHITE",Original PDFs/Multi Message Signs/Advance Warning Series MMS-ADV/mms-adv-40.dwg
MMS-ADV-41,MMS-ADV-41 - Roadwork on side road,Multi Message Signs,MMS_ADV_41_ROADWORK_ON_SIDE_ROAD_MMS-ADV-41.svg,1200x600 mm,"size from the sheet scale 1:10; 18 closed letter outline(s) filled solid; no colour note on the sheet: black legend on white assumed — check colours: legend BLACK, background WHITE",Original PDFs/Multi Message Signs/Advance Warning Series MMS-ADV/mms-adv-41.dwg
MMS-ADV-42,MMS-ADV-42 - Side road closed,Multi Message Signs,MMS_ADV_42_SIDE_ROAD_CLOSED_MMS-ADV-42.svg,600x600 mm,"size from the sheet scale 1:10; 14 closed letter outline(s) filled solid; no colour note on the sheet: black legend on white assumed — check colours: legend BLACK, background WHITE",Original PDFs/Multi Message Signs/Advance Warning Series MMS-ADV/mms-adv-42.dwg
MMS-ADV-43,MMS-ADV-43 - Side road closed,Multi Message Signs,MMS_ADV_43_SIDE_ROAD_CLOSED_MMS-ADV-43.svg,1200x600 mm,"size from the sheet scale 1:10; 14 closed letter outline(s) filled solid; no colour note on the sheet: black legend on white assumed — check colours: legend BLACK, background WHITE",Original PDFs/Multi Message Signs/Advance Warning Series MMS-ADV/mms-adv-43.dwg
MMS-ADV-44,MMS-ADV-44 - Temporary hazard marker,Multi Message Signs,MMS_ADV_44_TEMPORARY_HAZARD_MARKER_MMS-ADV-44.svg,600x600 mm,"size from the sheet scale 1:10; no colour note on the sheet: black legend on white assumed — check colours: legend BLACK, background WHITE",Original PDFs/Multi Message Signs/Advance Warning Series MMS-ADV/mms-adv-44.dwg
MMS-ADV-45,MMS-ADV-45 - Temporary hazard marker,Multi Message Signs,MMS_ADV_45_TEMPORARY_HAZARD_MARKER_MMS-ADV-45.svg,1200x300 mm,"size from the sheet scale 1:10; no colour note on the sheet: black legend on white assumed — check colours: legend BLACK, background WHITE",Original PDFs/Multi Message Signs/Advance Warning Series MMS-ADV/mms-adv-45.dwg
MMS-ADV-46,MMS-ADV-46 - Temporary hazard marker,Multi Message Signs,MMS_ADV_46_TEMPORARY_HAZARD_MARKER_MMS-ADV-46.svg,1200x300 mm,"size from the sheet scale 1:10; no colour note on the sheet: black legend on white assumed — check colours: legend BLACK, background WHITE",Original PDFs/Multi Message Signs/Advance Warning Series MMS-ADV/mms-adv-46.dwg
MMS-ADV-47,MMS-ADV-47 - Traffic controller symbolic,Multi Message Signs,MMS_ADV_47_TRAFFIC_CONTROLLER_SYMBOLIC_MMS-ADV-47.svg,600x600 mm,"size from the sheet scale 1:10; no colour note on the sheet: black legend on white assumed — check colours: legend BLACK, background WHITE",Original PDFs/Multi Message Signs/Advance Warning Series MMS-ADV/mms-adv-47.dwg
MMS-ADV-48,MMS-ADV-48 - Traffic signals,Multi Message Signs,MMS_ADV_48_TRAFFIC_SIGNALS_MMS-ADV-48.svg,600x600 mm,"size from the sheet scale 1:10; no colour note on the sheet: black legend on white assumed — check colours: legend BLACK, background WHITE",Original PDFs/Multi Message Signs/Advance Warning Series MMS-ADV/mms-adv-48.dwg
MMS-ADV-49,MMS-ADV-49 - Traffic signals not in use,Multi Message Signs,MMS_ADV_49_TRAFFIC_SIGNALS_NOT_IN_USE_MMS-ADV-49.svg,600x600 mm,"size from the sheet scale 1:10; 15 closed letter outline(s) filled solid; no colour note on the sheet: black legend on white assumed — check colours: legend BLACK, background WHITE",Original PDFs/Multi Message Signs/Advance Warning Series MMS-ADV/mms-adv-49.dwg
MMS-ADV-50,MMS-ADV-50 - Traffic signals not working,Multi Message Signs,MMS_ADV_50_TRAFFIC_SIGNALS_NOT_WORKING_MMS-ADV-50.svg,600x600 mm,"size from the sheet scale 1:10; no colour note on the sheet: black legend on white assumed — check colours: legend BLACK, background WHITE",Original PDFs/Multi Message Signs/Advance Warning Series MMS-ADV/mms-adv-50.dwg
MMS-ADV-51,MMS-ADV-51 - Truck symbolic,Multi Message Signs,MMS_ADV_51_TRUCK_SYMBOLIC_MMS-ADV-51.svg,600x600 mm,"size from the sheet scale 1:10; no colour note on the sheet: black legend on white assumed — check colours: legend BLACK, background WHITE",Original PDFs/Multi Message Signs/Advance Warning Series MMS-ADV/mms-adv-51.dwg
MMS-ADV-52,MMS-ADV-52 - Worker symbolic,intervene/Multi Message Signs,MMS_ADV_52_WORKER_SYMBOLIC_MMS-ADV-52.svg,600x600 mm,"size from the sheet scale 1:10; 1 closed letter outline(s) filled solid; colours from the sheet's note: legend BLACK, background ORANGE; legend is CAD text on the sheet (SIZE B 1200x600 PANEL ADDED, T): needs setting in the AS 1744 face by hand",Original PDFs/Multi Message Signs/Advance Warning Series MMS-ADV/mms-adv-52.dwg
MMS-ADV-52,MMS-ADV-52 - Worker symbolic,intervene/Multi Message Signs,MMS_ADV_52_WORKER_SYMBOLIC_VAR2_MMS-ADV-52.svg,1200x600 mm,"size from the sheet scale 1:10; 1 closed letter outline(s) filled solid; register size 600x600 mm differs from the drawing (1200 x 600 mm) — check; colours from the sheet's note: legend BLACK, background ORANGE; legend is CAD text on the sheet (SIZE B 1200x600 PANEL ADDED, T): needs setting in the AS 1744 face by hand",Original PDFs/Multi Message Signs/Advance Warning Series MMS-ADV/mms-adv-52.dwg
MMS-ADV-69,MMS-ADV-69 - Emergency ahead,Multi Message Signs,MMS_ADV_69_EMERGENCY_AHEAD_MMS-ADV-69.svg,1200x300 mm,"size from the sheet scale 1:10; 1 closed letter outline(s) filled solid; colours from the sheet's note: legend WHITE, background RED",Original PDFs/Multi Message Signs/Advance Warning Series MMS-ADV/mms-adv-69.dwg
MMS-ADV-71,MMS-ADV-71 - Police control​ ahead,Multi Message Signs,MMS_ADV_71_POLICE_CONTROL_AHEAD_MMS-ADV-71.svg,1200x300 mm,"size from the sheet scale 1:10; 1 closed letter outline(s) filled solid; colours from the sheet's note: legend BLUE, background WHITE",Original PDFs/Multi Message Signs/Advance Warning Series MMS-ADV/mms-adv-71.dwg
MMS-ADV-70,MMS-ADV-70 - Police control​,Multi Message Signs,MMS_ADV_70_POLICE_CONTROL_MMS-ADV-70.svg,600x600 mm,"size from the sheet scale 1:10; 1 closed letter outline(s) filled solid; colours from the sheet's note: legend BLUE, background WHITE",Original PDFs/Multi Message Signs/Advance Warning Series MMS-ADV/mms-adv-70.dwg
MMS-ADV-67,MMS-ADV-67 - Road crash​,Multi Message Signs,MMS_ADV_67_ROAD_CRASH_MMS-ADV-67.svg,600x600 mm,"size from the sheet scale 1:10; 9 closed letter outline(s) filled solid; colours from the sheet's note: legend BLACK, background YELLOW",Original PDFs/Multi Message Signs/Advance Warning Series MMS-ADV/mms-adv-67.dwg
MMS-ADV-63,MMS-ADV-63 - ​​Crash symbolic,Multi Message Signs,MMS_ADV_63_CRASH_SYMBOLIC_MMS-ADV-63.svg,600x600 mm,"size from the sheet scale 1:10; 8 closed letter outline(s) filled solid; colours from the sheet's note: legend BLACK, background YELLOW",Original PDFs/Multi Message Signs/Advance Warning Series MMS-ADV/mms-adv-63.dwg
MMS-ADV-65,MMS-ADV-65 - Bush fire​​,Multi Message Signs,MMS_ADV_65_BUSH_FIRE_MMS-ADV-65.svg,600x600 mm,"size from the sheet scale 1:10; 8 closed letter outline(s) filled solid; colours from the sheet's note: legend BLACK, background YELLOW",Original PDFs/Multi Message Signs/Advance Warning Series MMS-ADV/mms-adv-65.dwg
MMS-ADV-61,MMS-ADV-61 - ​Bushfire symbolic,Multi Message Signs,MMS_ADV_61_BUSHFIRE_SYMBOLIC_MMS-ADV-61.svg,600x600 mm,"size from the sheet scale 1:10; colours from the sheet's note: legend RED, background YELLOW",Original PDFs/Multi Message Signs/Advance Warning Series MMS-ADV/mms-adv-61.dwg
MMS-ADV-61,MMS-ADV-61 - ​Bushfire symbolic,Multi Message Signs,MMS_ADV_61_BUSHFIRE_SYMBOLIC_VAR2_MMS-ADV-61.svg,298x561 mm,"size from the sheet scale 1:10; colours from the sheet's note: legend RED, background YELLOW",Original PDFs/Multi Message Signs/Advance Warning Series MMS-ADV/mms-adv-61.dwg
MMS-ADV-61,MMS-ADV-61 - ​Bushfire symbolic,Multi Message Signs,MMS_ADV_61_BUSHFIRE_SYMBOLIC_VAR3_MMS-ADV-61.svg,302x550 mm,"size from the sheet scale 1:10; colours from the sheet's note: legend RED, background YELLOW",Original PDFs/Multi Message Signs/Advance Warning Series MMS-ADV/mms-adv-61.dwg
MMS-ADV-66,MMS-ADV-66 - ​Road flooded,Multi Message Signs,MMS_ADV_66_ROAD_FLOODED_MMS-ADV-66.svg,600x600 mm,"size from the sheet scale 1:10; 11 closed letter outline(s) filled solid; colours from the sheet's note: legend BLACK, background YELLOW",Original PDFs/Multi Message Signs/Advance Warning Series MMS-ADV/mms-adv-66.dwg
MMS-ADV-62,MMS-ADV-62 - Water over road symbolic,Multi Message Signs,MMS_ADV_62_WATER_OVER_ROAD_SYMBOLIC_MMS-ADV-62.svg,600x600 mm,"size from the sheet scale 1:10; 2 closed letter outline(s) filled solid; colours from the sheet's note: legend BLACK, background YELLOW",Original PDFs/Multi Message Signs/Advance Warning Series MMS-ADV/mms-adv-62.dwg
MMS-ADV-68,MMS-ADV-68 - Hazardous material​,Multi Message Signs,MMS_ADV_68_HAZARDOUS_MATERIAL_MMS-ADV-68.svg,600x600 mm,"size from the sheet scale 1:10; 17 closed letter outline(s) filled solid; colours from the sheet's note: legend BLACK, background YELLOW",Original PDFs/Multi Message Signs/Advance Warning Series MMS-ADV/mms-adv-68.dwg
MMS-ADV-64,MMS-ADV-64 - ​Hazardous material symbolic,Multi Message Signs,MMS_ADV_64_HAZARDOUS_MATERIAL_SYMBOLIC_MMS-ADV-64.svg,600x600 mm,"size from the sheet scale 1:10; 4 closed letter outline(s) filled solid; colours from the sheet's note: legend BLACK, background YELLOW",Original PDFs/Multi Message Signs/Advance Warning Series MMS-ADV/mms-adv-64.dwg
MMS-ADV-53,MMS-ADV-53 - Uhf channel xx,Multi Message Signs,MMS_ADV_53_UHF_CHANNEL_XX_MMS-ADV-53.svg,1200x300 mm,"size from the sheet scale 1:10; 12 closed letter outline(s) filled solid; no colour note on the sheet: black legend on white assumed — check colours: legend BLACK, background WHITE",Original PDFs/Multi Message Signs/Advance Warning Series MMS-ADV/mms-adv-53.dwg
MMS-ADV-54,MMS-ADV-54 - Uhf channel xx,Multi Message Signs,MMS_ADV_54_UHF_CHANNEL_XX_MMS-ADV-54.svg,600x600 mm,"size from the sheet scale 1:10; 10 closed letter outline(s) filled solid; no colour note on the sheet: black legend on white assumed — check colours: legend BLACK, background WHITE",Original PDFs/Multi Message Signs/Advance Warning Series MMS-ADV/mms-adv-54.dwg
MMS-ADV-56,MMS-ADV-56 - Detour ahead​,Multi Message Signs,MMS_ADV_56_DETOUR_AHEAD_MMS-ADV-56.svg,1200x300 mm,"size from the sheet scale 1:10; 11 closed letter outline(s) filled solid; colours from the sheet's note: legend BLACK, background YELLOW",Original PDFs/Multi Message Signs/Advance Warning Series MMS-ADV/mms-adv-56.dwg
MMS-ADV-57,MMS-ADV-57 - Verge works​,Multi Message Signs,MMS_ADV_57_VERGE_WORKS_MMS-ADV-57.svg,600x600 mm,"size from the sheet scale 1:10; 10 closed letter outline(s) filled solid; colours from the sheet's note: legend BLACK, background YELLOW",Original PDFs/Multi Message Signs/Advance Warning Series MMS-ADV/mms-adv-57.dwg
MMS-ADV-59,MMS-ADV-59 - Bridge works,intervene/Multi Message Signs,MMS_ADV_59_BRIDGE_WORKS_MMS-ADV-59.svg,1200x300 mm,"size from the sheet scale 1:10; 12 closed letter outline(s) filled solid; colours from the sheet's note: legend BLACK, background YELLOW; legend is CAD text on the sheet (FONT STYLE CORRECTED.): needs setting in the AS 1744 face by hand",Original PDFs/Multi Message Signs/Advance Warning Series MMS-ADV/mms-adv-59.dwg
MMS-ADV-60,MMS-ADV-60 - ​On ramp,Multi Message Signs,MMS_ADV_60_ON_RAMP_MMS-ADV-60.svg,1200x300 mm,"size from the sheet scale 1:10; 1 closed letter outline(s) filled solid; colours from the sheet's note: legend BLACK, background WHITE",Original PDFs/Multi Message Signs/Advance Warning Series MMS-ADV/mms-adv-60.dwg
MMS-ADV-77,MMS-ADV-77 - Smoke hazard​,Multi Message Signs,MMS_ADV_77_SMOKE_HAZARD_MMS-ADV-77.svg,600x600 mm,"size from the sheet scale 1:10; 11 closed letter outline(s) filled solid; colours from the sheet's note: legend BLACK, background YELLOW",Original PDFs/Multi Message Signs/Advance Warning Series MMS-ADV/mms-adv-77.dwg
MMS-ADV-77,MMS-ADV-77 - Smoke hazard​,Multi Message Signs,MMS_ADV_77_SMOKE_HAZARD_VAR2_MMS-ADV-77.svg,598x334 mm,"size from the sheet scale 1:10; 11 closed letter outline(s) filled solid; colours from the sheet's note: legend BLACK, background YELLOW",Original PDFs/Multi Message Signs/Advance Warning Series MMS-ADV/mms-adv-77.dwg
MMS-ADV-77,MMS-ADV-77 - Smoke hazard​,Multi Message Signs,MMS_ADV_77_SMOKE_HAZARD_VAR3_MMS-ADV-77.svg,339x156 mm,"size from the sheet scale 1:10; 11 closed letter outline(s) filled solid; colours from the sheet's note: legend BLACK, background YELLOW",Original PDFs/Multi Message Signs/Advance Warning Series MMS-ADV/mms-adv-77.dwg
MMS-ADV-77,MMS-ADV-77 - Smoke hazard​,Multi Message Signs,MMS_ADV_77_SMOKE_HAZARD_VAR4_MMS-ADV-77.svg,407x51 mm,"size from the sheet scale 1:10; 11 closed letter outline(s) filled solid; colours from the sheet's note: legend BLACK, background YELLOW",Original PDFs/Multi Message Signs/Advance Warning Series MMS-ADV/mms-adv-77.dwg
MMS-ADV-78,MMS-ADV-78 - Smoke hazard​​,Multi Message Signs,MMS_ADV_78_SMOKE_HAZARD_MMS-ADV-78.svg,1200x300 mm,"size from the sheet scale 1:10; 11 closed letter outline(s) filled solid; colours from the sheet's note: legend BLACK, background YELLOW",Original PDFs/Multi Message Signs/Advance Warning Series MMS-ADV/mms-adv-78.dwg
MMS-ADV-78,MMS-ADV-78 - Smoke hazard​​,Multi Message Signs,MMS_ADV_78_SMOKE_HAZARD_VAR2_MMS-ADV-78.svg,598x334 mm,"size from the sheet scale 1:10; 11 closed letter outline(s) filled solid; colours from the sheet's note: legend BLACK, background YELLOW",Original PDFs/Multi Message Signs/Advance Warning Series MMS-ADV/mms-adv-78.dwg
MMS-ADV-78,MMS-ADV-78 - Smoke hazard​​,Multi Message Signs,MMS_ADV_78_SMOKE_HAZARD_VAR3_MMS-ADV-78.svg,339x156 mm,"size from the sheet scale 1:10; 11 closed letter outline(s) filled solid; colours from the sheet's note: legend BLACK, background YELLOW",Original PDFs/Multi Message Signs/Advance Warning Series MMS-ADV/mms-adv-78.dwg
MMS-ADV-78,MMS-ADV-78 - Smoke hazard​​,Multi Message Signs,MMS_ADV_78_SMOKE_HAZARD_VAR4_MMS-ADV-78.svg,407x51 mm,"size from the sheet scale 1:10; 11 closed letter outline(s) filled solid; colours from the sheet's note: legend BLACK, background YELLOW",Original PDFs/Multi Message Signs/Advance Warning Series MMS-ADV/mms-adv-78.dwg
MMS-ADV-73,MMS-ADV-73 - Burning off​,Multi Message Signs,MMS_ADV_73_BURNING_OFF_MMS-ADV-73.svg,600x600 mm,"size from the sheet scale 1:10; 10 closed letter outline(s) filled solid; colours from the sheet's note: legend BLACK, background YELLOW",Original PDFs/Multi Message Signs/Advance Warning Series MMS-ADV/mms-adv-73.dwg
MMS-ADV-73,MMS-ADV-73 - Burning off​,Multi Message Signs,MMS_ADV_73_BURNING_OFF_VAR2_MMS-ADV-73.svg,598x334 mm,"size from the sheet scale 1:10; 10 closed letter outline(s) filled solid; colours from the sheet's note: legend BLACK, background YELLOW",Original PDFs/Multi Message Signs/Advance Warning Series MMS-ADV/mms-adv-73.dwg
MMS-ADV-73,MMS-ADV-73 - Burning off​,Multi Message Signs,MMS_ADV_73_BURNING_OFF_VAR3_MMS-ADV-73.svg,339x156 mm,"size from the sheet scale 1:10; 10 closed letter outline(s) filled solid; colours from the sheet's note: legend BLACK, background YELLOW",Original PDFs/Multi Message Signs/Advance Warning Series MMS-ADV/mms-adv-73.dwg
MMS-ADV-73,MMS-ADV-73 - Burning off​,Multi Message Signs,MMS_ADV_73_BURNING_OFF_VAR4_MMS-ADV-73.svg,406x51 mm,"size from the sheet scale 1:10; 10 closed letter outline(s) filled solid; colours from the sheet's note: legend BLACK, background YELLOW",Original PDFs/Multi Message Signs/Advance Warning Series MMS-ADV/mms-adv-73.dwg
MMS-ADV-74,MMS-ADV-74 - Burning off​,Multi Message Signs,MMS_ADV_74_BURNING_OFF_MMS-ADV-74.svg,1200x300 mm,"size from the sheet scale 1:10; 11 closed letter outline(s) filled solid; colours from the sheet's note: legend BLACK, background YELLOW",Original PDFs/Multi Message Signs/Advance Warning Series MMS-ADV/mms-adv-74.dwg
MMS-ADV-74,MMS-ADV-74 - Burning off​,Multi Message Signs,MMS_ADV_74_BURNING_OFF_VAR2_MMS-ADV-74.svg,598x334 mm,"size from the sheet scale 1:10; 11 closed letter outline(s) filled solid; colours from the sheet's note: legend BLACK, background YELLOW",Original PDFs/Multi Message Signs/Advance Warning Series MMS-ADV/mms-adv-74.dwg
MMS-ADV-74,MMS-ADV-74 - Burning off​,Multi Message Signs,MMS_ADV_74_BURNING_OFF_VAR3_MMS-ADV-74.svg,339x156 mm,"size from the sheet scale 1:10; 11 closed letter outline(s) filled solid; colours from the sheet's note: legend BLACK, background YELLOW",Original PDFs/Multi Message Signs/Advance Warning Series MMS-ADV/mms-adv-74.dwg
MMS-ADV-74,MMS-ADV-74 - Burning off​,Multi Message Signs,MMS_ADV_74_BURNING_OFF_VAR4_MMS-ADV-74.svg,397x51 mm,"size from the sheet scale 1:10; 11 closed letter outline(s) filled solid; colours from the sheet's note: legend BLACK, background YELLOW",Original PDFs/Multi Message Signs/Advance Warning Series MMS-ADV/mms-adv-74.dwg
MMS-ADV-75,MMS-ADV-75 - Headlights on​,Multi Message Signs,MMS_ADV_75_HEADLIGHTS_ON_MMS-ADV-75.svg,600x600 mm,"size from the sheet scale 1:10; 12 closed letter outline(s) filled solid; colours from the sheet's note: legend BLACK, background YELLOW",Original PDFs/Multi Message Signs/Advance Warning Series MMS-ADV/mms-adv-75.dwg
MMS-ADV-75,MMS-ADV-75 - Headlights on​,Multi Message Signs,MMS_ADV_75_HEADLIGHTS_ON_VAR2_MMS-ADV-75.svg,598x334 mm,"size from the sheet scale 1:10; 12 closed letter outline(s) filled solid; colours from the sheet's note: legend BLACK, background YELLOW",Original PDFs/Multi Message Signs/Advance Warning Series MMS-ADV/mms-adv-75.dwg
MMS-ADV-75,MMS-ADV-75 - Headlights on​,Multi Message Signs,MMS_ADV_75_HEADLIGHTS_ON_VAR3_MMS-ADV-75.svg,339x125 mm,"size from the sheet scale 1:10; 12 closed letter outline(s) filled solid; colours from the sheet's note: legend BLACK, background YELLOW",Original PDFs/Multi Message Signs/Advance Warning Series MMS-ADV/mms-adv-75.dwg
MMS-ADV-75,MMS-ADV-75 - Headlights on​,Multi Message Signs,MMS_ADV_75_HEADLIGHTS_ON_VAR4_MMS-ADV-75.svg,406x51 mm,"size from the sheet scale 1:10; 12 closed letter outline(s) filled solid; colours from the sheet's note: legend BLACK, background YELLOW",Original PDFs/Multi Message Signs/Advance Warning Series MMS-ADV/mms-adv-75.dwg
MMS-ADV-76,MMS-ADV-76 - ​Bush fire​,Multi Message Signs,MMS_ADV_76_BUSH_FIRE_MMS-ADV-76.svg,1200x300 mm,"size from the sheet scale 1:10; 8 closed letter outline(s) filled solid; colours from the sheet's note: legend BLACK, background YELLOW",Original PDFs/Multi Message Signs/Advance Warning Series MMS-ADV/mms-adv-76.dwg
MMS-ADV-76,MMS-ADV-76 - ​Bush fire​,Multi Message Signs,MMS_ADV_76_BUSH_FIRE_VAR2_MMS-ADV-76.svg,598x334 mm,"size from the sheet scale 1:10; 8 closed letter outline(s) filled solid; colours from the sheet's note: legend BLACK, background YELLOW",Original PDFs/Multi Message Signs/Advance Warning Series MMS-ADV/mms-adv-76.dwg
MMS-ADV-76,MMS-ADV-76 - ​Bush fire​,Multi Message Signs,MMS_ADV_76_BUSH_FIRE_VAR3_MMS-ADV-76.svg,339x156 mm,"size from the sheet scale 1:10; 8 closed letter outline(s) filled solid; colours from the sheet's note: legend BLACK, background YELLOW",Original PDFs/Multi Message Signs/Advance Warning Series MMS-ADV/mms-adv-76.dwg
MMS-ADV-76,MMS-ADV-76 - ​Bush fire​,Multi Message Signs,MMS_ADV_76_BUSH_FIRE_VAR4_MMS-ADV-76.svg,407x51 mm,"size from the sheet scale 1:10; 8 closed letter outline(s) filled solid; colours from the sheet's note: legend BLACK, background YELLOW",Original PDFs/Multi Message Signs/Advance Warning Series MMS-ADV/mms-adv-76.dwg
MMS-ADV-79,MMS-ADV-79 - Portaboom​,Multi Message Signs,MMS_ADV_79_PORTABOOM_MMS-ADV-79.svg,600x600 mm,"size from the sheet scale 1:10; 4 closed letter outline(s) filled solid; colours from the sheet's note: legend BLACK, background YELLOW",Original PDFs/Multi Message Signs/Advance Warning Series MMS-ADV/mms-adv-79.dwg
MMS-ADV-79,MMS-ADV-79 - Portaboom​,Multi Message Signs,MMS_ADV_79_PORTABOOM_VAR2_MMS-ADV-79.svg,598x334 mm,"size from the sheet scale 1:10; 4 closed letter outline(s) filled solid; colours from the sheet's note: legend BLACK, background YELLOW",Original PDFs/Multi Message Signs/Advance Warning Series MMS-ADV/mms-adv-79.dwg
MMS-ADV-79,MMS-ADV-79 - Portaboom​,Multi Message Signs,MMS_ADV_79_PORTABOOM_VAR3_MMS-ADV-79.svg,339x125 mm,"size from the sheet scale 1:10; 4 closed letter outline(s) filled solid; colours from the sheet's note: legend BLACK, background YELLOW",Original PDFs/Multi Message Signs/Advance Warning Series MMS-ADV/mms-adv-79.dwg
MMS-ADV-79,MMS-ADV-79 - Portaboom​,Multi Message Signs,MMS_ADV_79_PORTABOOM_VAR4_MMS-ADV-79.svg,406x51 mm,"size from the sheet scale 1:10; 4 closed letter outline(s) filled solid; colours from the sheet's note: legend BLACK, background YELLOW",Original PDFs/Multi Message Signs/Advance Warning Series MMS-ADV/mms-adv-79.dwg
MMS-ADV-80,MMS-ADV-80 - Rumble strips​,Multi Message Signs,MMS_ADV_80_RUMBLE_STRIPS_MMS-ADV-80.svg,600x600 mm,"size from the sheet scale 1:10; 11 closed letter outline(s) filled solid; colours from the sheet's note: legend BLACK, background YELLOW",Original PDFs/Multi Message Signs/Advance Warning Series MMS-ADV/mms-adv-80.dwg
MMS-ADV-80,MMS-ADV-80 - Rumble strips​,Multi Message Signs,MMS_ADV_80_RUMBLE_STRIPS_VAR2_MMS-ADV-80.svg,598x334 mm,"size from the sheet scale 1:10; 11 closed letter outline(s) filled solid; colours from the sheet's note: legend BLACK, background YELLOW",Original PDFs/Multi Message Signs/Advance Warning Series MMS-ADV/mms-adv-80.dwg
MMS-ADV-80,MMS-ADV-80 - Rumble strips​,Multi Message Signs,MMS_ADV_80_RUMBLE_STRIPS_VAR3_MMS-ADV-80.svg,339x125 mm,"size from the sheet scale 1:10; 11 closed letter outline(s) filled solid; colours from the sheet's note: legend BLACK, background YELLOW",Original PDFs/Multi Message Signs/Advance Warning Series MMS-ADV/mms-adv-80.dwg
MMS-ADV-80,MMS-ADV-80 - Rumble strips​,Multi Message Signs,MMS_ADV_80_RUMBLE_STRIPS_VAR4_MMS-ADV-80.svg,407x51 mm,"size from the sheet scale 1:10; 11 closed letter outline(s) filled solid; colours from the sheet's note: legend BLACK, background YELLOW",Original PDFs/Multi Message Signs/Advance Warning Series MMS-ADV/mms-adv-80.dwg
MMS-ADV-81,MMS-ADV-81 - Rumble strips​,Multi Message Signs,MMS_ADV_81_RUMBLE_STRIPS_MMS-ADV-81.svg,600x600 mm,"size from the sheet scale 1:10; colours from the sheet's note: legend BLACK, background YELLOW",Original PDFs/Multi Message Signs/Advance Warning Series MMS-ADV/mms-adv-81.dwg
MMS-ADV-81,MMS-ADV-81 - Rumble strips​,Multi Message Signs,MMS_ADV_81_RUMBLE_STRIPS_VAR2_MMS-ADV-81.svg,598x334 mm,"size from the sheet scale 1:10; colours from the sheet's note: legend BLACK, background YELLOW",Original PDFs/Multi Message Signs/Advance Warning Series MMS-ADV/mms-adv-81.dwg
MMS-ADV-81,MMS-ADV-81 - Rumble strips​,Multi Message Signs,MMS_ADV_81_RUMBLE_STRIPS_VAR3_MMS-ADV-81.svg,339x125 mm,"size from the sheet scale 1:10; colours from the sheet's note: legend BLACK, background YELLOW",Original PDFs/Multi Message Signs/Advance Warning Series MMS-ADV/mms-adv-81.dwg
MMS-ADV-81,MMS-ADV-81 - Rumble strips​,Multi Message Signs,MMS_ADV_81_RUMBLE_STRIPS_VAR4_MMS-ADV-81.svg,406x51 mm,"size from the sheet scale 1:10; colours from the sheet's note: legend BLACK, background YELLOW",Original PDFs/Multi Message Signs/Advance Warning Series MMS-ADV/mms-adv-81.dwg
MMS-ADV-82,MMS-ADV-82 - Stop here when directed,Multi Message Signs,MMS_ADV_82_STOP_HERE_WHEN_DIRECTED_MMS-ADV-82.svg,1200x599 mm,"size from the sheet scale 1:10; 1 closed letter outline(s) filled solid; colours from the sheet's note: legend RED, background WHITE",Original PDFs/Multi Message Signs/Advance Warning Series MMS-ADV/mms-adv-82.dwg
MMS-ADV-82,MMS-ADV-82 - Stop here when directed,Multi Message Signs,MMS_ADV_82_STOP_HERE_WHEN_DIRECTED_VAR2_MMS-ADV-82.svg,598x334 mm,"size from the sheet scale 1:10; 1 closed letter outline(s) filled solid; colours from the sheet's note: legend RED, background WHITE",Original PDFs/Multi Message Signs/Advance Warning Series MMS-ADV/mms-adv-82.dwg
MMS-ADV-82,MMS-ADV-82 - Stop here when directed,Multi Message Signs,MMS_ADV_82_STOP_HERE_WHEN_DIRECTED_VAR3_MMS-ADV-82.svg,352x125 mm,"size from the sheet scale 1:10; 1 closed letter outline(s) filled solid; colours from the sheet's note: legend RED, background WHITE",Original PDFs/Multi Message Signs/Advance Warning Series MMS-ADV/mms-adv-82.dwg
MMS-ADV-82,MMS-ADV-82 - Stop here when directed,Multi Message Signs,MMS_ADV_82_STOP_HERE_WHEN_DIRECTED_VAR4_MMS-ADV-82.svg,407x51 mm,"size from the sheet scale 1:10; 1 closed letter outline(s) filled solid; colours from the sheet's note: legend RED, background WHITE",Original PDFs/Multi Message Signs/Advance Warning Series MMS-ADV/mms-adv-82.dwg
MMS-ADV-83,MMS-ADV-83 - Monitoring camera​,Multi Message Signs,MMS_ADV_83_MONITORING_CAMERA_MMS-ADV-83.svg,5976x6042 mm,"no scale on the sheet and no register size; drawn at 1:10 — check; 4 closed letter outline(s) filled solid; no colour note on the sheet: black legend on white assumed — check colours: legend BLACK, background WHITE",Original PDFs/Multi Message Signs/Advance Warning Series MMS-ADV/mms-adv-83.dwg
MMS-ADV-84,MMS-ADV-84 - Workers under bridge,intervene/Multi Message Signs,MMS_ADV_84_WORKERS_UNDER_BRIDGE_MMS-ADV-84.svg,11682x14931 mm,"size from the sheet scale 1:100; 11 closed letter outline(s) filled solid; no colour note on the sheet: black legend on white assumed — check colours: legend BLACK, background WHITE; legend is CAD text on the sheet (1m, 1m, 2m, 5m…): needs setting in the AS 1744 face by hand",Original PDFs/Multi Message Signs/Advance Warning Series MMS-ADV/mms-adv-84.dwg
MMS-ADV-84,MMS-ADV-84 - Workers under bridge,intervene/Multi Message Signs,MMS_ADV_84_WORKERS_UNDER_BRIDGE_VAR2_MMS-ADV-84.svg,10745x13880 mm,"size from the sheet scale 1:100; 11 closed letter outline(s) filled solid; no colour note on the sheet: black legend on white assumed — check colours: legend BLACK, background WHITE; legend is CAD text on the sheet (1m, 1m, 2m, 5m…): needs setting in the AS 1744 face by hand",Original PDFs/Multi Message Signs/Advance Warning Series MMS-ADV/mms-adv-84.dwg
MMS-ADV-85,MMS-ADV-85 - Ramp closed ahead,Multi Message Signs,MMS_ADV_85_RAMP_CLOSED_AHEAD_MMS-ADV-85.svg,1200x600 mm,"size from the register (1200x600 mm); no scale on the sheet; 15 closed letter outline(s) filled solid; no colour note on the sheet: black legend on white assumed — check colours: legend BLACK, background WHITE",Original PDFs/Multi Message Signs/Advance Warning Series MMS-ADV/mms-adv-85.dwg
MMS-ADV-86,MMS-ADV-86 - Ramp Closed (Large),Multi Message Signs,MMS_ADV_86_RAMP_CLOSED_LARGE_MMS-ADV-86.svg,1200x600 mm,"size from the register (1200x600 mm); no scale on the sheet; 10 closed letter outline(s) filled solid; no colour note on the sheet: black legend on white assumed — check colours: legend BLACK, background WHITE",Original PDFs/Multi Message Signs/Advance Warning Series MMS-ADV/mms-adv-86.dwg
MMS-ADV-87,MMS-ADV-87 - Ramp closed (small),Multi Message Signs,MMS_ADV_87_RAMP_CLOSED_SMALL_MMS-ADV-87.svg,600x600 mm,"size from the sheet scale 1:10; 10 closed letter outline(s) filled solid; no colour note on the sheet: black legend on white assumed — check colours: legend BLACK, background WHITE",Original PDFs/Multi Message Signs/Advance Warning Series MMS-ADV/mms-adv-87.dwg
MMS-ADV-88,MMS-ADV-88 - Cyclists in lane,Multi Message Signs,MMS_ADV_88_CYCLISTS_IN_LANE_MMS-ADV-88.svg,2404x2404 mm,"size from the sheet scale 1:40; 15 closed letter outline(s) filled solid; register size 600x600 mm differs from the drawing (2404 x 2404 mm) — check; no colour note on the sheet: black legend on white assumed — check colours: legend BLACK, background WHITE",Original PDFs/Multi Message Signs/Advance Warning Series MMS-ADV/mms-adv-88.dwg
MMS-ADV-89,MMS-ADV-89 - Cyclists in lane,intervene/Multi Message Signs,MMS_ADV_89_CYCLISTS_IN_LANE_MMS-ADV-89.svg,4804x2404 mm,"size from the sheet scale 1:40; 15 closed letter outline(s) filled solid; register size 950x600 mm differs from the drawing (4804 x 2404 mm) — check; no colour note on the sheet: black legend on white assumed — check colours: legend BLACK, background WHITE; legend is CAD text on the sheet ((CYCLISTS), (IN), =, =…): needs setting in the AS 1744 face by hand",Original PDFs/Multi Message Signs/Advance Warning Series MMS-ADV/mms-adv-89.dwg
MMS-ADV-90,MMS-ADV-90 - Queued Traffic Ahead,Multi Message Signs,MMS_ADV_90_QUEUED_TRAFFIC_AHEAD_MMS-ADV-90.svg,600x600 mm,"size from the register (600x600 mm); no scale on the sheet; no colour note on the sheet: black legend on white assumed — check colours: legend BLACK, background WHITE",Original PDFs/Multi Message Signs/Advance Warning Series MMS-ADV/mms-adv-90.dwg
MMS-ADV-91,MMS-ADV-91 - Queued Traffic (Symbolic),Multi Message Signs,MMS_ADV_91_QUEUED_TRAFFIC_SYMBOLIC_MMS-ADV-91.svg,600x600 mm,"size from the register (600x600 mm); no scale on the sheet; no colour note on the sheet: black legend on white assumed — check colours: legend BLACK, background WHITE",Original PDFs/Multi Message Signs/Advance Warning Series MMS-ADV/mms-adv-91.dwg
MMS-ADV-92,MMS-ADV-92 - Cyclist (Symbolic),Multi Message Signs,MMS_ADV_92_CYCLIST_SYMBOLIC_MMS-ADV-92.svg,600x600 mm,"size from the register (600x600 mm); no scale on the sheet; no colour note on the sheet: black legend on white assumed — check colours: legend BLACK, background WHITE",Original PDFs/Multi Message Signs/Advance Warning Series MMS-ADV/mms-adv-92.dwg
MMS-ADV-93,MMS-ADV-93 - Bicycle Lane Closed Ahead,Multi Message Signs,MMS_ADV_93_BICYCLE_LANE_CLOSED_AHEAD_MMS-ADV-93.svg,600x600 mm,"size from the register (600x600 mm); no scale on the sheet; no colour note on the sheet: black legend on white assumed — check colours: legend BLACK, background WHITE",Original PDFs/Multi Message Signs/Advance Warning Series MMS-ADV/mms-adv-93.dwg
MMS-ADV-94,MMS-ADV-94 - Slow Bus Ahead,Multi Message Signs,MMS_ADV_94_SLOW_BUS_AHEAD_MMS-ADV-94.svg,1200x300 mm,"size from the register (1200x300 mm); no scale on the sheet; no colour note on the sheet: black legend on white assumed — check colours: legend BLACK, background WHITE",Original PDFs/Multi Message Signs/Advance Warning Series MMS-ADV/mms-adv-94.dwg
MMS-ADV-95,MMS-ADV-95 - Driverless Bus,Multi Message Signs,MMS_ADV_95_DRIVERLESS_BUS_MMS-ADV-95.svg,1200x300 mm,"size from the register (1200x300 mm); no scale on the sheet; no colour note on the sheet: black legend on white assumed — check colours: legend BLACK, background WHITE",Original PDFs/Multi Message Signs/Advance Warning Series MMS-ADV/mms-adv-95.dwg
MMS-ADV-96,MMS-ADV-96 - Autonomous Bus,Multi Message Signs,MMS_ADV_96_AUTONOMOUS_BUS_MMS-ADV-96.svg,600x600 mm,"size from the register (600x600 mm); no scale on the sheet; no colour note on the sheet: black legend on white assumed — check colours: legend BLACK, background WHITE",Original PDFs/Multi Message Signs/Advance Warning Series MMS-ADV/mms-adv-96.dwg
MMS-ADV-97,MMS-ADV-97 - Mowing Ahead,Multi Message Signs,MMS_ADV_97_MOWING_AHEAD_MMS-ADV-97.svg,600x600 mm,"size from the register (600x600 mm); no scale on the sheet; no colour note on the sheet: black legend on white assumed — check colours: legend BLACK, background WHITE",Original PDFs/Multi Message Signs/Advance Warning Series MMS-ADV/mms-adv-97.dwg
MMS-ADV-98,MMS-ADV-98 - Mowing,Multi Message Signs,MMS_ADV_98_MOWING_MMS-ADV-98.svg,1200x300 mm,"size from the register (1200x300 mm); no scale on the sheet; no colour note on the sheet: black legend on white assumed — check colours: legend BLACK, background WHITE",Original PDFs/Multi Message Signs/Advance Warning Series MMS-ADV/mms-adv-98-mowing.dwg
MMS-ADV-99,MMS-ADV-99 - Ride On Mower Symbol,Multi Message Signs,MMS_ADV_99_RIDE_ON_MOWER_SYMBOL_MMS-ADV-99.svg,600x600 mm,"size from the register (600x600 mm); no scale on the sheet; no colour note on the sheet: black legend on white assumed — check colours: legend BLACK, background WHITE",Original PDFs/Multi Message Signs/Advance Warning Series MMS-ADV/mms-adv-99.dwg
MMS-ADV-100,MMS-ADV-100 - Pilot Vehicle / Follow Me,Multi Message Signs,MMS_ADV_100_PILOT_VEHICLE_FOLLOW_ME_MMS-ADV-100.svg,1200x600 mm,"size from the register (1200x600 mm); no scale on the sheet; no colour note on the sheet: black legend on white assumed — check colours: legend BLACK, background WHITE",Original PDFs/Multi Message Signs/Advance Warning Series MMS-ADV/mms-adv-100-pilot-vehicle-follow-me.dwg
MMS-ADV-101,MMS-ADV-101 - On Side Road,Multi Message Signs,MMS_ADV_101_ON_SIDE_ROAD_MMS-ADV-101.svg,600x600 mm,"size from the register (600x600 mm); no scale on the sheet; no colour note on the sheet: black legend on white assumed — check colours: legend BLACK, background WHITE",Original PDFs/Multi Message Signs/Advance Warning Series MMS-ADV/mms-adv-101.dwg
MMS-EVE-1,MMS-EVE-1 - Cyclist,Multi Message Signs,MMS_EVE_1_CYCLIST_MMS-EVE-1.svg,600x600 mm,"size from the sheet scale 1:10; 4 closed letter outline(s) filled solid; no colour note on the sheet: black legend on white assumed — check colours: legend BLACK, background WHITE",Original PDFs/Multi Message Signs/Event Series MMS-EVE/mms-eve-1.dwg
MMS-EVE-2,MMS-EVE-2 - End event,Multi Message Signs,MMS_EVE_2_END_EVENT_MMS-EVE-2.svg,600x600 mm,"size from the sheet scale 1:10; 8 closed letter outline(s) filled solid; no colour note on the sheet: black legend on white assumed — check colours: legend BLACK, background WHITE",Original PDFs/Multi Message Signs/Event Series MMS-EVE/mms-eve-2.dwg
MMS-EVE-3,MMS-EVE-3 - Events ahead,Multi Message Signs,MMS_EVE_3_EVENTS_AHEAD_MMS-EVE-3.svg,600x600 mm,"size from the sheet scale 1:10; 10 closed letter outline(s) filled solid; no colour note on the sheet: black legend on white assumed — check colours: legend BLACK, background WHITE",Original PDFs/Multi Message Signs/Event Series MMS-EVE/mms-eve-3.dwg
MMS-EVE-4,MMS-EVE-4 - Event in progress,Multi Message Signs,MMS_EVE_4_EVENT_IN_PROGRESS_MMS-EVE-4.svg,1200x300 mm,"size from the sheet scale 1:10; 15 closed letter outline(s) filled solid; no colour note on the sheet: black legend on white assumed — check colours: legend BLACK, background WHITE",Original PDFs/Multi Message Signs/Event Series MMS-EVE/mms-eve-4.dwg
MMS-EVE-5,MMS-EVE-5 - Event on side road,Multi Message Signs,MMS_EVE_5_EVENT_ON_SIDE_ROAD_MMS-EVE-5.svg,1200x600 mm,"size from the sheet scale 1:10; 15 closed letter outline(s) filled solid; no colour note on the sheet: black legend on white assumed — check colours: legend BLACK, background WHITE",Original PDFs/Multi Message Signs/Event Series MMS-EVE/mms-eve-5.dwg
MMS-EVE-6,MMS-EVE-6 - Pedestrians,Multi Message Signs,MMS_EVE_6_PEDESTRIANS_MMS-EVE-6.svg,600x600 mm,"size from the sheet scale 1:10; 2 closed letter outline(s) filled solid; no colour note on the sheet: black legend on white assumed — check colours: legend BLACK, background WHITE",Original PDFs/Multi Message Signs/Event Series MMS-EVE/mms-eve-6.dwg
MMS-EVE-7,MMS-EVE-7 - Runner,Multi Message Signs,MMS_EVE_7_RUNNER_MMS-EVE-7.svg,600x600 mm,"size from the sheet scale 1:10; no colour note on the sheet: black legend on white assumed — check colours: legend BLACK, background WHITE",Original PDFs/Multi Message Signs/Event Series MMS-EVE/mms-eve-7.dwg
MMS-EVE-9,MMS-EVE-9 - End event​,Multi Message Signs,MMS_EVE_9_END_EVENT_MMS-EVE-9.svg,1200x600 mm,"size from the sheet scale 1:10; 8 closed letter outline(s) filled solid; no colour note on the sheet: black legend on white assumed — check colours: legend BLACK, background WHITE",Original PDFs/Multi Message Signs/Event Series MMS-EVE/mms-eve-9.dwg
MMS-EVE-10,MMS-EVE-10 - Event Ahead,Multi Message Signs,MMS_EVE_10_EVENT_AHEAD_MMS-EVE-10.svg,1200x600 mm,"size from the register (1200x600 mm); no scale on the sheet; no colour note on the sheet: black legend on white assumed — check colours: legend BLACK, background WHITE",Original PDFs/Multi Message Signs/Event Series MMS-EVE/mms-eve-10.dwg
MMS-PED-1,MMS-PED-1 - Footpath closed,Multi Message Signs,MMS_PED_1_FOOTPATH_CLOSED_MMS-PED-1.svg,600x600 mm,"size from the sheet scale 1:10; 14 closed letter outline(s) filled solid; no colour note on the sheet: black legend on white assumed — check colours: legend BLACK, background WHITE",Original PDFs/Multi Message Signs/Pedestrian Series MMS-PED/mms-ped-1.dwg
MMS-PED-2,MMS-PED-2 - Footpath trip hazard,Multi Message Signs,MMS_PED_2_FOOTPATH_TRIP_HAZARD_MMS-PED-2.svg,600x600 mm,"size from the sheet scale 1:10; no colour note on the sheet: black legend on white assumed — check colours: legend BLACK, background WHITE",Original PDFs/Multi Message Signs/Pedestrian Series MMS-PED/mms-ped-2.dwg
MMS-PED-3,MMS-PED-3 - Pedestrians left right,Multi Message Signs,MMS_PED_3_PEDESTRIANS_LEFT_RIGHT_MMS-PED-3.svg,1200x300 mm,"size from the sheet scale 1:10; 8 closed letter outline(s) filled solid; no colour note on the sheet: black legend on white assumed — check colours: legend BLACK, background WHITE",Original PDFs/Multi Message Signs/Pedestrian Series MMS-PED/mms-ped-3.dwg
MMS-PED-3,MMS-PED-3 - Pedestrians left right,Multi Message Signs,MMS_PED_3_PEDESTRIANS_LEFT_RIGHT_VAR2_MMS-PED-3.svg,1200x300 mm,"size from the sheet scale 1:10; 8 closed letter outline(s) filled solid; no colour note on the sheet: black legend on white assumed — check colours: legend BLACK, background WHITE",Original PDFs/Multi Message Signs/Pedestrian Series MMS-PED/mms-ped-3.dwg
MMS-PED-4,MMS-PED-4 - Pedestrians watch your step,Multi Message Signs,MMS_PED_4_PEDESTRIANS_WATCH_YOUR_STEP_MMS-PED-4.svg,600x600 mm,"size from the sheet scale 1:10; 24 closed letter outline(s) filled solid; no colour note on the sheet: black legend on white assumed — check colours: legend BLACK, background WHITE",Original PDFs/Multi Message Signs/Pedestrian Series MMS-PED/mms-ped-4.dwg
MMS-PED-5,MMS-PED-5 - Slippery footpath,Multi Message Signs,MMS_PED_5_SLIPPERY_FOOTPATH_MMS-PED-5.svg,600x600 mm,"size from the sheet scale 1:10; no colour note on the sheet: black legend on white assumed — check colours: legend BLACK, background WHITE",Original PDFs/Multi Message Signs/Pedestrian Series MMS-PED/mms-ped-5.dwg
MMS-PED-6,MMS-PED-6 - Use other footpath,Multi Message Signs,MMS_PED_6_USE_OTHER_FOOTPATH_MMS-PED-6.svg,600x600 mm,"size from the sheet scale 1:10; 16 closed letter outline(s) filled solid; no colour note on the sheet: black legend on white assumed — check colours: legend BLACK, background WHITE",Original PDFs/Multi Message Signs/Pedestrian Series MMS-PED/mms-ped-6.dwg
MMS-PED-7,MMS-PED-7 - Cyclists dismount,Multi Message Signs,MMS_PED_7_CYCLISTS_DISMOUNT_MMS-PED-7.svg,600x600 mm,"size from the sheet scale 1:10; 1 closed letter outline(s) filled solid; colours from the sheet's note: legend BLACK, background WHITE",Original PDFs/Multi Message Signs/Pedestrian Series MMS-PED/mms-ped-7.dwg
MMS-PED-8,MMS-PED-8 - Path closed​,Multi Message Signs,MMS_PED_8_PATH_CLOSED_MMS-PED-8.svg,600x600 mm,"size from the sheet scale 1:10; 10 closed letter outline(s) filled solid; colours from the sheet's note: legend BLACK, background YELLOW",Original PDFs/Multi Message Signs/Pedestrian Series MMS-PED/mms-ped-8.dwg
MMS-POS-1,MMS-POS-1 - Lane status,Multi Message Signs,MMS_POS_1_LANE_STATUS_MMS-POS-1.svg,600x600 mm,"size from the sheet scale 1:10; 4 closed letter outline(s) filled solid; no colour note on the sheet: black legend on white assumed — check colours: legend BLACK, background WHITE",Original PDFs/Multi Message Signs/Position Series MMS-POS/mms-pos-1.dwg
MMS-POS-1,MMS-POS-1 - Lane status,Multi Message Signs,MMS_POS_1_LANE_STATUS_VAR2_MMS-POS-1.svg,600x600 mm,"size from the sheet scale 1:10; 4 closed letter outline(s) filled solid; no colour note on the sheet: black legend on white assumed — check colours: legend BLACK, background WHITE",Original PDFs/Multi Message Signs/Position Series MMS-POS/mms-pos-1.dwg
MMS-POS-2,MMS-POS-2 - Lane status,Multi Message Signs,MMS_POS_2_LANE_STATUS_MMS-POS-2.svg,600x600 mm,"size from the sheet scale 1:10; no colour note on the sheet: black legend on white assumed — check colours: legend BLACK, background WHITE",Original PDFs/Multi Message Signs/Position Series MMS-POS/mms-pos-2.dwg
MMS-POS-3,MMS-POS-3 - Lane status,Multi Message Signs,MMS_POS_3_LANE_STATUS_MMS-POS-3.svg,600x600 mm,"size from the sheet scale 1:10; 4 closed letter outline(s) filled solid; no colour note on the sheet: black legend on white assumed — check colours: legend BLACK, background WHITE",Original PDFs/Multi Message Signs/Position Series MMS-POS/mms-pos-3.dwg
MMS-POS-3,MMS-POS-3 - Lane status,Multi Message Signs,MMS_POS_3_LANE_STATUS_VAR2_MMS-POS-3.svg,600x600 mm,"size from the sheet scale 1:10; 4 closed letter outline(s) filled solid; no colour note on the sheet: black legend on white assumed — check colours: legend BLACK, background WHITE",Original PDFs/Multi Message Signs/Position Series MMS-POS/mms-pos-3.dwg
MMS-POS-4,MMS-POS-4 - Lane status,Multi Message Signs,MMS_POS_4_LANE_STATUS_MMS-POS-4.svg,600x600 mm,"size from the sheet scale 1:10; no colour note on the sheet: black legend on white assumed — check colours: legend BLACK, background WHITE",Original PDFs/Multi Message Signs/Position Series MMS-POS/mms-pos-4.dwg
MMS-POS-5,MMS-POS-5 - Lane status,Multi Message Signs,MMS_POS_5_LANE_STATUS_MMS-POS-5.svg,600x600 mm,"size from the sheet scale 1:10; no colour note on the sheet: black legend on white assumed — check colours: legend BLACK, background WHITE",Original PDFs/Multi Message Signs/Position Series MMS-POS/mms-pos-5.dwg
MMS-POS-6,MMS-POS-6 - Lane status,Multi Message Signs,MMS_POS_6_LANE_STATUS_MMS-POS-6.svg,600x600 mm,"size from the sheet scale 1:10; no colour note on the sheet: black legend on white assumed — check colours: legend BLACK, background WHITE",Original PDFs/Multi Message Signs/Position Series MMS-POS/mms-pos-6.dwg
MMS-POS-8,MMS-POS-8 - Lane status,Multi Message Signs,MMS_POS_8_LANE_STATUS_MMS-POS-8.svg,1200x300 mm,"size from the sheet scale 1:10; no colour note on the sheet: black legend on white assumed — check colours: legend BLACK, background WHITE",Original PDFs/Multi Message Signs/Position Series MMS-POS/mms-pos-8.dwg
MMS-POS-9,MMS-POS-9 - Merge left right,Multi Message Signs,MMS_POS_9_MERGE_LEFT_RIGHT_MMS-POS-9.svg,600x570 mm,"size from the sheet scale 1:10; 19 closed letter outline(s) filled solid; no colour note on the sheet: black legend on white assumed — check colours: legend BLACK, background WHITE",Original PDFs/Multi Message Signs/Position Series MMS-POS/mms-pos-9.dwg
MMS-POS-9,MMS-POS-9 - Merge left right,Multi Message Signs,MMS_POS_9_MERGE_LEFT_RIGHT_VAR2_MMS-POS-9.svg,600x560 mm,"size from the sheet scale 1:10; 19 closed letter outline(s) filled solid; register size 600x600 mm differs from the drawing (600 x 560 mm) — check; no colour note on the sheet: black legend on white assumed — check colours: legend BLACK, background WHITE",Original PDFs/Multi Message Signs/Position Series MMS-POS/mms-pos-9.dwg
MMS-POS-10,MMS-POS-10 - Merge left right,Multi Message Signs,MMS_POS_10_MERGE_LEFT_RIGHT_MMS-POS-10.svg,1200x300 mm,"size from the sheet scale 1:10; 19 closed letter outline(s) filled solid; no colour note on the sheet: black legend on white assumed — check colours: legend BLACK, background WHITE",Original PDFs/Multi Message Signs/Position Series MMS-POS/mms-pos-10.dwg
MMS-POS-10,MMS-POS-10 - Merge left right,Multi Message Signs,MMS_POS_10_MERGE_LEFT_RIGHT_VAR2_MMS-POS-10.svg,1200x300 mm,"size from the sheet scale 1:10; 19 closed letter outline(s) filled solid; no colour note on the sheet: black legend on white assumed — check colours: legend BLACK, background WHITE",Original PDFs/Multi Message Signs/Position Series MMS-POS/mms-pos-10.dwg
MMS-POS-11,MMS-POS-11 - Lane status,Multi Message Signs,MMS_POS_11_LANE_STATUS_MMS-POS-11.svg,600x600 mm,"size from the sheet scale 1:10; no colour note on the sheet: black legend on white assumed — check colours: legend BLACK, background WHITE",Original PDFs/Multi Message Signs/Position Series MMS-POS/mms-pos-11.dwg
MMS-POS-12,MMS-POS-12 - Lane status,Multi Message Signs,MMS_POS_12_LANE_STATUS_MMS-POS-12.svg,600x600 mm,"size from the sheet scale 1:10; 1 closed letter outline(s) filled solid; colours from the sheet's note: legend BLACK, background YELLOW",Original PDFs/Multi Message Signs/Position Series MMS-POS/mms-pos-12.dwg
MMS-POS-12,MMS-POS-12 - Lane status,Multi Message Signs,MMS_POS_12_LANE_STATUS_VAR2_MMS-POS-12.svg,220x600 mm,"size from the sheet scale 1:10; 1 closed letter outline(s) filled solid; register size 600x600 mm differs from the drawing (220 x 600 mm) — check; colours from the sheet's note: legend BLACK, background YELLOW",Original PDFs/Multi Message Signs/Position Series MMS-POS/mms-pos-12.dwg
MMS-POS-13,MMS-POS-13 - Lane status,Multi Message Signs,MMS_POS_13_LANE_STATUS_MMS-POS-13.svg,600x600 mm,"size from the sheet scale 1:10; colours from the sheet's note: legend BLACK, background YELLOW",Original PDFs/Multi Message Signs/Position Series MMS-POS/mms-pos-13.dwg
MMS-POS-13,MMS-POS-13 - Lane status,Multi Message Signs,MMS_POS_13_LANE_STATUS_VAR2_MMS-POS-13.svg,598x334 mm,"size from the sheet scale 1:10; register size 600x600 mm differs from the drawing (598 x 334 mm) — check; colours from the sheet's note: legend BLACK, background YELLOW",Original PDFs/Multi Message Signs/Position Series MMS-POS/mms-pos-13.dwg
MMS-POS-13,MMS-POS-13 - Lane status,Multi Message Signs,MMS_POS_13_LANE_STATUS_VAR3_MMS-POS-13.svg,339x132 mm,"size from the sheet scale 1:10; register size 600x600 mm differs from the drawing (339 x 132 mm) — check; colours from the sheet's note: legend BLACK, background YELLOW",Original PDFs/Multi Message Signs/Position Series MMS-POS/mms-pos-13.dwg
MMS-POS-13,MMS-POS-13 - Lane status,Multi Message Signs,MMS_POS_13_LANE_STATUS_VAR4_MMS-POS-13.svg,406x51 mm,"size from the sheet scale 1:10; register size 600x600 mm differs from the drawing (406 x 51 mm) — check; colours from the sheet's note: legend BLACK, background YELLOW",Original PDFs/Multi Message Signs/Position Series MMS-POS/mms-pos-13.dwg
MMS-POS-14,MMS-POS-14 - Lane status,Multi Message Signs,MMS_POS_14_LANE_STATUS_MMS-POS-14.svg,600x600 mm,"size from the sheet scale 1:10; colours from the sheet's note: legend BLACK, background YELLOW",Original PDFs/Multi Message Signs/Position Series MMS-POS/mms-pos-14.dwg
MMS-POS-14,MMS-POS-14 - Lane status,Multi Message Signs,MMS_POS_14_LANE_STATUS_VAR2_MMS-POS-14.svg,600x600 mm,"size from the sheet scale 1:10; colours from the sheet's note: legend BLACK, background YELLOW",Original PDFs/Multi Message Signs/Position Series MMS-POS/mms-pos-14.dwg
MMS-POS-14,MMS-POS-14 - Lane status,Multi Message Signs,MMS_POS_14_LANE_STATUS_VAR3_MMS-POS-14.svg,598x334 mm,"size from the sheet scale 1:10; register size 600x600 mm differs from the drawing (598 x 334 mm) — check; colours from the sheet's note: legend BLACK, background YELLOW",Original PDFs/Multi Message Signs/Position Series MMS-POS/mms-pos-14.dwg
MMS-POS-14,MMS-POS-14 - Lane status,Multi Message Signs,MMS_POS_14_LANE_STATUS_VAR4_MMS-POS-14.svg,339x132 mm,"size from the sheet scale 1:10; register size 600x600 mm differs from the drawing (339 x 132 mm) — check; colours from the sheet's note: legend BLACK, background YELLOW",Original PDFs/Multi Message Signs/Position Series MMS-POS/mms-pos-14.dwg
MMS-POS-14,MMS-POS-14 - Lane status,Multi Message Signs,MMS_POS_14_LANE_STATUS_VAR5_MMS-POS-14.svg,407x51 mm,"size from the sheet scale 1:10; register size 600x600 mm differs from the drawing (407 x 51 mm) — check; colours from the sheet's note: legend BLACK, background YELLOW",Original PDFs/Multi Message Signs/Position Series MMS-POS/mms-pos-14.dwg
MMS-POS-15,MMS-POS-15 - Lane status,Multi Message Signs,MMS_POS_15_LANE_STATUS_MMS-POS-15.svg,600x600 mm,"size from the sheet scale 1:10; colours from the sheet's note: legend BLACK, background YELLOW",Original PDFs/Multi Message Signs/Position Series MMS-POS/mms-pos-15.dwg
MMS-POS-15,MMS-POS-15 - Lane status,Multi Message Signs,MMS_POS_15_LANE_STATUS_VAR2_MMS-POS-15.svg,600x600 mm,"size from the sheet scale 1:10; colours from the sheet's note: legend BLACK, background YELLOW",Original PDFs/Multi Message Signs/Position Series MMS-POS/mms-pos-15.dwg
MMS-POS-15,MMS-POS-15 - Lane status,Multi Message Signs,MMS_POS_15_LANE_STATUS_VAR3_MMS-POS-15.svg,598x334 mm,"size from the sheet scale 1:10; register size 600x600 mm differs from the drawing (598 x 334 mm) — check; colours from the sheet's note: legend BLACK, background YELLOW",Original PDFs/Multi Message Signs/Position Series MMS-POS/mms-pos-15.dwg
MMS-POS-15,MMS-POS-15 - Lane status,Multi Message Signs,MMS_POS_15_LANE_STATUS_VAR4_MMS-POS-15.svg,339x132 mm,"size from the sheet scale 1:10; register size 600x600 mm differs from the drawing (339 x 132 mm) — check; colours from the sheet's note: legend BLACK, background YELLOW",Original PDFs/Multi Message Signs/Position Series MMS-POS/mms-pos-15.dwg
MMS-POS-15,MMS-POS-15 - Lane status,Multi Message Signs,MMS_POS_15_LANE_STATUS_VAR5_MMS-POS-15.svg,407x51 mm,"size from the sheet scale 1:10; register size 600x600 mm differs from the drawing (407 x 51 mm) — check; colours from the sheet's note: legend BLACK, background YELLOW",Original PDFs/Multi Message Signs/Position Series MMS-POS/mms-pos-15.dwg
MMS-REG-1,MMS-REG-1 - Speed sign,Multi Message Signs,MMS_REG_1_SPEED_SIGN_MMS-REG-1.svg,550x550 mm,"size from the sheet scale 1:10; 2 closed letter outline(s) filled solid; register size 600x600 mm differs from the drawing (550 x 550 mm) — check; no colour note on the sheet: black legend on white assumed — check colours: legend BLACK, background WHITE",Original PDFs/Multi Message Signs/Regulatory Series MMS-REG/mms-reg-1.dwg
MMS-REG-2,MMS-REG-2 - End speed symbolic,Multi Message Signs,MMS_REG_2_END_SPEED_SYMBOLIC_MMS-REG-2.svg,380x380 mm,"size from the sheet scale 1:10; 5 closed letter outline(s) filled solid; register size 600x600 mm differs from the drawing (380 x 380 mm) — check; no colour note on the sheet: black legend on white assumed — check colours: legend BLACK, background WHITE",Original PDFs/Multi Message Signs/Regulatory Series MMS-REG/mms-reg-2.dwg
MMS-REG-2,MMS-REG-2 - End speed symbolic,Multi Message Signs,MMS_REG_2_END_SPEED_SYMBOLIC_VAR2_MMS-REG-2.svg,96x120 mm,"size from the sheet scale 1:10; 5 closed letter outline(s) filled solid; register size 600x600 mm differs from the drawing (96 x 120 mm) — check; no colour note on the sheet: black legend on white assumed — check colours: legend BLACK, background WHITE",Original PDFs/Multi Message Signs/Regulatory Series MMS-REG/mms-reg-2.dwg
MMS-REG-2,MMS-REG-2 - End speed symbolic,Multi Message Signs,MMS_REG_2_END_SPEED_SYMBOLIC_VAR3_MMS-REG-2.svg,96x120 mm,"size from the sheet scale 1:10; 5 closed letter outline(s) filled solid; register size 600x600 mm differs from the drawing (96 x 120 mm) — check; no colour note on the sheet: black legend on white assumed — check colours: legend BLACK, background WHITE",Original PDFs/Multi Message Signs/Regulatory Series MMS-REG/mms-reg-2.dwg
MMS-REG-2,MMS-REG-2 - End speed symbolic,Multi Message Signs,MMS_REG_2_END_SPEED_SYMBOLIC_VAR4_MMS-REG-2.svg,88x120 mm,"size from the sheet scale 1:10; 5 closed letter outline(s) filled solid; register size 600x600 mm differs from the drawing (88 x 120 mm) — check; no colour note on the sheet: black legend on white assumed — check colours: legend BLACK, background WHITE",Original PDFs/Multi Message Signs/Regulatory Series MMS-REG/mms-reg-2.dwg
MMS-REG-3,MMS-REG-3 - No entry symbolic,Multi Message Signs,MMS_REG_3_NO_ENTRY_SYMBOLIC_MMS-REG-3.svg,550x550 mm,"size from the sheet scale 1:10; 7 closed letter outline(s) filled solid; register size 600x600 mm differs from the drawing (550 x 550 mm) — check; no colour note on the sheet: black legend on white assumed — check colours: legend BLACK, background WHITE",Original PDFs/Multi Message Signs/Regulatory Series MMS-REG/mms-reg-3.dwg
MMS-REG-4,MMS-REG-4 - No left right turn symbolic,Multi Message Signs,MMS_REG_4_NO_LEFT_RIGHT_TURN_SYMBOLIC_MMS-REG-4.svg,550x550 mm,"size from the sheet scale 1:10; register size 600x600 mm differs from the drawing (550 x 550 mm) — check; no colour note on the sheet: black legend on white assumed — check colours: legend BLACK, background WHITE",Original PDFs/Multi Message Signs/Regulatory Series MMS-REG/mms-reg-4.dwg
MMS-REG-4,MMS-REG-4 - No left right turn symbolic,Multi Message Signs,MMS_REG_4_NO_LEFT_RIGHT_TURN_SYMBOLIC_VAR2_MMS-REG-4.svg,550x550 mm,"size from the sheet scale 1:10; register size 600x600 mm differs from the drawing (550 x 550 mm) — check; no colour note on the sheet: black legend on white assumed — check colours: legend BLACK, background WHITE",Original PDFs/Multi Message Signs/Regulatory Series MMS-REG/mms-reg-4.dwg
MMS-REG-5,MMS-REG-5 - No overtaking or passing,Multi Message Signs,MMS_REG_5_NO_OVERTAKING_OR_PASSING_MMS-REG-5.svg,600x600 mm,"size from the sheet scale 1:10; 21 closed letter outline(s) filled solid; no colour note on the sheet: black legend on white assumed — check colours: legend BLACK, background WHITE",Original PDFs/Multi Message Signs/Regulatory Series MMS-REG/mms-reg-5.dwg
MMS-REG-6,MMS-REG-6 - ​Left right only,Multi Message Signs,MMS_REG_6_LEFT_RIGHT_ONLY_MMS-REG-6.svg,600x600 mm,"size from the sheet scale 1:10; 3 closed letter outline(s) filled solid; colours from the sheet's note: legend BLACK, background WHITE",Original PDFs/Multi Message Signs/Regulatory Series MMS-REG/mms-reg-6.dwg
MMS-REG-6,MMS-REG-6 - ​Left right only,Multi Message Signs,MMS_REG_6_LEFT_RIGHT_ONLY_VAR2_MMS-REG-6.svg,708x748 mm,"size from the sheet scale 1:10; 3 closed letter outline(s) filled solid; register size 600x600 mm differs from the drawing (708 x 748 mm) — check; colours from the sheet's note: legend BLACK, background WHITE",Original PDFs/Multi Message Signs/Regulatory Series MMS-REG/mms-reg-6.dwg
MMS-REG-7,MMS-REG-7 - Shared path symbolic,Multi Message Signs,MMS_REG_7_SHARED_PATH_SYMBOLIC_MMS-REG-7.svg,600x600 mm,"size from the sheet scale 1:10; 1 closed letter outline(s) filled solid; colours from the sheet's note: legend BLACK, background WHITE",Original PDFs/Multi Message Signs/Regulatory Series MMS-REG/mms-reg-7.dwg
MMS-REG-8,MMS-REG-8 - Buses excepted​,Multi Message Signs,MMS_REG_8_BUSES_EXCEPTED_MMS-REG-8.svg,1200x300 mm,"size from the sheet scale 1:10; no colour note on the sheet: black legend on white assumed — check colours: legend BLACK, background WHITE",Original PDFs/Multi Message Signs/Regulatory Series MMS-REG/mms-reg-8.dwg
MMS-REG-9,MMS-REG-9 - ​Bicycles excepted,Multi Message Signs,MMS_REG_9_BICYCLES_EXCEPTED_MMS-REG-9.svg,1200x300 mm,"size from the sheet scale 1:10; no colour note on the sheet: black legend on white assumed — check colours: legend BLACK, background WHITE",Original PDFs/Multi Message Signs/Regulatory Series MMS-REG/mms-reg-9.dwg
MMS-REG-10,MMS-REG-10 - Authorised vehicles excepted,Multi Message Signs,MMS_REG_10_AUTHORISED_VEHICLES_EXCEPTED_MMS-REG-10.svg,600x600 mm,"size from the sheet scale 1:10; no colour note on the sheet: black legend on white assumed — check colours: legend BLACK, background WHITE",Original PDFs/Multi Message Signs/Regulatory Series MMS-REG/mms-reg-10.dwg
MMS-REG-11,MMS-REG-11 - Buses and taxis excepted,Multi Message Signs,MMS_REG_11_BUSES_AND_TAXIS_EXCEPTED_MMS-REG-11.svg,600x600 mm,"size from the sheet scale 1:10; no colour note on the sheet: black legend on white assumed — check colours: legend BLACK, background WHITE",Original PDFs/Multi Message Signs/Regulatory Series MMS-REG/mms-reg-11.dwg
MMS-REG-12,MMS-REG-12 - ​Buses and bicycles excepted,Multi Message Signs,MMS_REG_12_BUSES_AND_BICYCLES_EXCEPTED_MMS-REG-12.svg,600x600 mm,"size from the sheet scale 1:10; no colour note on the sheet: black legend on white assumed — check colours: legend BLACK, background WHITE",Original PDFs/Multi Message Signs/Regulatory Series MMS-REG/mms-reg-12.dwg
MMS-REG-13,MMS-REG-13 - ​At street name,Multi Message Signs,MMS_REG_13_AT_STREET_NAME_MMS-REG-13.svg,600x600 mm,"size from the sheet scale 1:10; 1 closed letter outline(s) filled solid; 1 closed letter outline(s) filled solid; no colour note on the sheet: black legend on white assumed — check colours: legend BLACK, background WHITE",Original PDFs/Multi Message Signs/Regulatory Series MMS-REG/mms-reg-13.dwg
MMS-REG-14,MMS-REG-14 - Bicycle Lane Closed (Symbolic),Multi Message Signs,,,conversion failed: Expected DXF entity INSERT or SEQEND,Original PDFs/Multi Message Signs/Regulatory Series MMS-REG/mms-reg-14.dwg
MMS-REG-15,MMS-REG-15 - Stop Here On Red Signal,Multi Message Signs,MMS_REG_15_STOP_HERE_ON_RED_SIGNAL_MMS-REG-15.svg,1200x600 mm,"size from the register (1200x600 mm); no scale on the sheet; no colour note on the sheet: black legend on white assumed — check colours: legend BLACK, background WHITE",Original PDFs/Multi Message Signs/Regulatory Series MMS-REG/mms-reg-15-stop-here-on-red-signal-dwg.dwg
MMS-RC-1,MMS-RC-1 - Loose stones,Multi Message Signs,MMS_RC_1_LOOSE_STONES_MMS-RC-1.svg,600x600 mm,"size from the sheet scale 1:10; 1 closed letter outline(s) filled solid; no colour note on the sheet: black legend on white assumed — check colours: legend BLACK, background WHITE",Original PDFs/Multi Message Signs/Road Condition Series MMS-RC/mms-rc-1.dwg
MMS-RC-2,MMS-RC-2 - Loose surface,Multi Message Signs,MMS_RC_2_LOOSE_SURFACE_MMS-RC-2.svg,600x600 mm,"size from the sheet scale 1:10; 12 closed letter outline(s) filled solid; no colour note on the sheet: black legend on white assumed — check colours: legend BLACK, background WHITE",Original PDFs/Multi Message Signs/Road Condition Series MMS-RC/mms-rc-2.dwg
MMS-RC-3,MMS-RC-3 - New work no lines marked,Multi Message Signs,MMS_RC_3_NEW_WORK_NO_LINES_MARKED_MMS-RC-3.svg,1200x600 mm,"size from the sheet scale 1:10; 19 closed letter outline(s) filled solid; no colour note on the sheet: black legend on white assumed — check colours: legend BLACK, background WHITE",Original PDFs/Multi Message Signs/Road Condition Series MMS-RC/mms-rc-3.dwg
MMS-RC-4,MMS-RC-4 - No lines,Multi Message Signs,MMS_RC_4_NO_LINES_MMS-RC-4.svg,600x600 mm,"size from the sheet scale 1:10; 7 closed letter outline(s) filled solid; no colour note on the sheet: black legend on white assumed — check colours: legend BLACK, background WHITE",Original PDFs/Multi Message Signs/Road Condition Series MMS-RC/mms-rc-4.dwg
MMS-RC-5,MMS-RC-5 - Rough surface,Multi Message Signs,MMS_RC_5_ROUGH_SURFACE_MMS-RC-5.svg,600x600 mm,"size from the sheet scale 1:10; 14 closed letter outline(s) filled solid; no colour note on the sheet: black legend on white assumed — check colours: legend BLACK, background WHITE",Original PDFs/Multi Message Signs/Road Condition Series MMS-RC/mms-rc-5.dwg
MMS-RC-6,MMS-RC-6 - Slippery,Multi Message Signs,MMS_RC_6_SLIPPERY_MMS-RC-6.svg,600x600 mm,"size from the sheet scale 1:10; no colour note on the sheet: black legend on white assumed — check colours: legend BLACK, background WHITE",Original PDFs/Multi Message Signs/Road Condition Series MMS-RC/mms-rc-6.dwg
MMS-RC-8,MMS-RC-8 - Soft edges,Multi Message Signs,MMS_RC_8_SOFT_EDGES_MMS-RC-8.svg,600x600 mm,"size from the sheet scale 1:10; 9 closed letter outline(s) filled solid; no colour note on the sheet: black legend on white assumed — check colours: legend BLACK, background WHITE",Original PDFs/Multi Message Signs/Road Condition Series MMS-RC/mms-rc-8.dwg
MMS-RC-9,MMS-RC-9 - Traffic hazard,Multi Message Signs,MMS_RC_9_TRAFFIC_HAZARD_MMS-RC-9.svg,600x600 mm,"size from the sheet scale 1:10; 13 closed letter outline(s) filled solid; no colour note on the sheet: black legend on white assumed — check colours: legend BLACK, background WHITE",Original PDFs/Multi Message Signs/Road Condition Series MMS-RC/mms-rc-9.dwg
MMS-RC-10,MMS-RC-10 - Water over road,Multi Message Signs,MMS_RC_10_WATER_OVER_ROAD_MMS-RC-10.svg,600x600 mm,"size from the sheet scale 1:10; 13 closed letter outline(s) filled solid; no colour note on the sheet: black legend on white assumed — check colours: legend BLACK, background WHITE",Original PDFs/Multi Message Signs/Road Condition Series MMS-RC/mms-rc-10.dwg
MMS-RC-11,MMS-RC-11 - Water over road,Multi Message Signs,MMS_RC_11_WATER_OVER_ROAD_MMS-RC-11.svg,1200x600 mm,"size from the sheet scale 1:10; 13 closed letter outline(s) filled solid; no colour note on the sheet: black legend on white assumed — check colours: legend BLACK, background WHITE",Original PDFs/Multi Message Signs/Road Condition Series MMS-RC/mms-rc-11.dwg
MMS-RC-12,MMS-RC-12 - Wet bitumen,Multi Message Signs,MMS_RC_12_WET_BITUMEN_MMS-RC-12.svg,600x600 mm,"size from the sheet scale 1:10; 10 closed letter outline(s) filled solid; no colour note on the sheet: black legend on white assumed — check colours: legend BLACK, background WHITE",Original PDFs/Multi Message Signs/Road Condition Series MMS-RC/mms-rc-12.dwg
MMS-RC-13,MMS-RC-13 - Rough surface,intervene/Multi Message Signs,MMS_RC_13_ROUGH_SURFACE_MMS-RC-13.svg,600x600 mm,"size from the sheet scale 1:10; 12 closed letter outline(s) filled solid; no colour note on the sheet: black legend on white assumed — check colours: legend BLACK, background WHITE; legend is CAD text on the sheet (E, C, A, F…): needs setting in the AS 1744 face by hand",Original PDFs/Multi Message Signs/Road Condition Series MMS-RC/mms-rc-13.dwg
MMS-RC-14,MMS-RC-14 - Gravel road,Multi Message Signs,,,no drawing found after removing the sheet furniture,Original PDFs/Multi Message Signs/Road Condition Series MMS-RC/mms-rc-14.dwg
MMS-TER-1,MMS-TER-1 - Drive safely,Multi Message Signs,MMS_TER_1_DRIVE_SAFELY_MMS-TER-1.svg,1200x300 mm,"size from the sheet scale 1:10; 11 closed letter outline(s) filled solid; no colour note on the sheet: black legend on white assumed — check colours: legend BLACK, background WHITE",Original PDFs/Multi Message Signs/Termination Series MMS-TER/mms-ter-1.dwg
MMS-TER-2,MMS-TER-2 - End blasting area,Multi Message Signs,MMS_TER_2_END_BLASTING_AREA_MMS-TER-2.svg,1200x600 mm,"size from the sheet scale 1:10; 15 closed letter outline(s) filled solid; no colour note on the sheet: black legend on white assumed — check colours: legend BLACK, background WHITE",Original PDFs/Multi Message Signs/Termination Series MMS-TER/mms-ter-2.dwg
MMS-TER-3,MMS-TER-3 - End detour,Multi Message Signs,MMS_TER_3_END_DETOUR_MMS-TER-3.svg,600x600 mm,"size from the sheet scale 1:10; 9 closed letter outline(s) filled solid; no colour note on the sheet: black legend on white assumed — check colours: legend BLACK, background WHITE",Original PDFs/Multi Message Signs/Termination Series MMS-TER/mms-ter-3.dwg
MMS-TER-4,MMS-TER-4 - End roadwork,Multi Message Signs,MMS_TER_4_END_ROADWORK_MMS-TER-4.svg,600x600 mm,"size from the sheet scale 1:10; 11 closed letter outline(s) filled solid; no colour note on the sheet: black legend on white assumed — check colours: legend BLACK, background WHITE",Original PDFs/Multi Message Signs/Termination Series MMS-TER/mms-ter-4.dwg
MMS-TER-5,MMS-TER-5 - End roadwork,Multi Message Signs,MMS_TER_5_END_ROADWORK_MMS-TER-5.svg,1200x600 mm,"size from the sheet scale 1:10; 11 closed letter outline(s) filled solid; no colour note on the sheet: black legend on white assumed — check colours: legend BLACK, background WHITE",Original PDFs/Multi Message Signs/Termination Series MMS-TER/mms-ter-5.dwg
MMS-TER-6,MMS-TER-6 - Thank you,Multi Message Signs,MMS_TER_6_THANK_YOU_MMS-TER-6.svg,1200x300 mm,"size from the sheet scale 1:10; 8 closed letter outline(s) filled solid; no colour note on the sheet: black legend on white assumed — check colours: legend BLACK, background WHITE",Original PDFs/Multi Message Signs/Termination Series MMS-TER/mms-ter-6.dwg
MMS-DIV-1,MMS-DIV-1 - Detour,Multi Message Signs,MMS_DIV_1_DETOUR_MMS-DIV-1.svg,600x600 mm,"size from the sheet scale 1:10; 6 closed letter outline(s) filled solid; no colour note on the sheet: black legend on white assumed — check colours: legend BLACK, background WHITE",Original PDFs/Multi Message Signs/Traffic Diversion Series MMS-DIV/mms-div-1.dwg
MMS-DIV-2,MMS-DIV-2 - Detour for heavy vehicles,intervene/Multi Message Signs,MMS_DIV_2_DETOUR_FOR_HEAVY_VEHICLES_MMS-DIV-2.svg,1200x600 mm,"size from the sheet scale 1:10; 44 closed letter outline(s) filled solid; colours from the sheet's note: legend BLACK, background YELLOW; legend is CAD text on the sheet ('HEAVY VEHICLES' TEXT HEIGHT I): needs setting in the AS 1744 face by hand",Original PDFs/Multi Message Signs/Traffic Diversion Series MMS-DIV/mms-div-2.dwg
MMS-DIV-2,MMS-DIV-2 - Detour for heavy vehicles,intervene/Multi Message Signs,MMS_DIV_2_DETOUR_FOR_HEAVY_VEHICLES_VAR2_MMS-DIV-2.svg,1200x600 mm,"size from the sheet scale 1:10; 44 closed letter outline(s) filled solid; colours from the sheet's note: legend BLACK, background YELLOW; legend is CAD text on the sheet ('HEAVY VEHICLES' TEXT HEIGHT I): needs setting in the AS 1744 face by hand",Original PDFs/Multi Message Signs/Traffic Diversion Series MMS-DIV/mms-div-2.dwg
MMS-DIV-2,MMS-DIV-2 - Detour for heavy vehicles,intervene/Multi Message Signs,MMS_DIV_2_DETOUR_FOR_HEAVY_VEHICLES_VAR3_MMS-DIV-2.svg,245x500 mm,"size from the sheet scale 1:10; 44 closed letter outline(s) filled solid; register size 1200x600 mm differs from the drawing (245 x 500 mm) — check; colours from the sheet's note: legend BLACK, background YELLOW; legend is CAD text on the sheet ('HEAVY VEHICLES' TEXT HEIGHT I): needs setting in the AS 1744 face by hand",Original PDFs/Multi Message Signs/Traffic Diversion Series MMS-DIV/mms-div-2.dwg
MMS-DIV-3,MMS-DIV-3 - Detour for high vehicles,intervene/Multi Message Signs,MMS_DIV_3_DETOUR_FOR_HIGH_VEHICLES_MMS-DIV-3.svg,1200x600 mm,"size from the sheet scale 1:10; 42 closed letter outline(s) filled solid; colours from the sheet's note: legend BLACK, background YELLOW; legend is CAD text on the sheet ('HIGH VEHICLES' TEXT HEIGHT IN): needs setting in the AS 1744 face by hand",Original PDFs/Multi Message Signs/Traffic Diversion Series MMS-DIV/mms-div-3.dwg
MMS-DIV-3,MMS-DIV-3 - Detour for high vehicles,intervene/Multi Message Signs,MMS_DIV_3_DETOUR_FOR_HIGH_VEHICLES_VAR2_MMS-DIV-3.svg,1200x600 mm,"size from the sheet scale 1:10; 42 closed letter outline(s) filled solid; colours from the sheet's note: legend BLACK, background YELLOW; legend is CAD text on the sheet ('HIGH VEHICLES' TEXT HEIGHT IN): needs setting in the AS 1744 face by hand",Original PDFs/Multi Message Signs/Traffic Diversion Series MMS-DIV/mms-div-3.dwg
MMS-DIV-3,MMS-DIV-3 - Detour for high vehicles,intervene/Multi Message Signs,MMS_DIV_3_DETOUR_FOR_HIGH_VEHICLES_VAR3_MMS-DIV-3.svg,245x500 mm,"size from the sheet scale 1:10; 42 closed letter outline(s) filled solid; register size 1200x600 mm differs from the drawing (245 x 500 mm) — check; colours from the sheet's note: legend BLACK, background YELLOW; legend is CAD text on the sheet ('HIGH VEHICLES' TEXT HEIGHT IN): needs setting in the AS 1744 face by hand",Original PDFs/Multi Message Signs/Traffic Diversion Series MMS-DIV/mms-div-3.dwg
MMS-DIV-4,MMS-DIV-4 - Detour - left right,Multi Message Signs,MMS_DIV_4_DETOUR_LEFT_RIGHT_MMS-DIV-4.svg,1200x300 mm,"size from the sheet scale 1:10; 8 closed letter outline(s) filled solid; no colour note on the sheet: black legend on white assumed — check colours: legend BLACK, background WHITE",Original PDFs/Multi Message Signs/Traffic Diversion Series MMS-DIV/mms-div-4.dwg
MMS-DIV-4,MMS-DIV-4 - Detour - left right,Multi Message Signs,MMS_DIV_4_DETOUR_LEFT_RIGHT_VAR2_MMS-DIV-4.svg,1200x300 mm,"size from the sheet scale 1:10; 8 closed letter outline(s) filled solid; no colour note on the sheet: black legend on white assumed — check colours: legend BLACK, background WHITE",Original PDFs/Multi Message Signs/Traffic Diversion Series MMS-DIV/mms-div-4.dwg
MMS-DIV-5,MMS-DIV-5 - Temporary hazard marker,Multi Message Signs,MMS_DIV_5_TEMPORARY_HAZARD_MARKER_MMS-DIV-5.svg,600x600 mm,"size from the sheet scale 1:10; no colour note on the sheet: black legend on white assumed — check colours: legend BLACK, background WHITE",Original PDFs/Multi Message Signs/Traffic Diversion Series MMS-DIV/mms-div-5.dwg
MMS-DIV-6,MMS-DIV-6 - Local traffic only,Multi Message Signs,MMS_DIV_6_LOCAL_TRAFFIC_ONLY_MMS-DIV-6.svg,1200x300 mm,"size from the sheet scale 1:10; 16 closed letter outline(s) filled solid; no colour note on the sheet: black legend on white assumed — check colours: legend BLACK, background WHITE",Original PDFs/Multi Message Signs/Traffic Diversion Series MMS-DIV/mms-div-6.dwg
MMS-DIV-7,MMS-DIV-7 - Local traffic only,Multi Message Signs,MMS_DIV_7_LOCAL_TRAFFIC_ONLY_MMS-DIV-7.svg,600x600 mm,"size from the sheet scale 1:10; 16 closed letter outline(s) filled solid; no colour note on the sheet: black legend on white assumed — check colours: legend BLACK, background WHITE",Original PDFs/Multi Message Signs/Traffic Diversion Series MMS-DIV/mms-div-7.dwg
MMS-DIV-8,MMS-DIV-8 - Detour left​​,Multi Message Signs,MMS_DIV_8_DETOUR_LEFT_MMS-DIV-8.svg,1200x300 mm,"size from the sheet scale 1:10; 4 closed letter outline(s) filled solid; colours from the sheet's note: legend BLACK, background YELLOW",Original PDFs/Multi Message Signs/Traffic Diversion Series MMS-DIV/mms-div-8.dwg
MMS-DIV-8,MMS-DIV-8 - Detour left​​,Multi Message Signs,MMS_DIV_8_DETOUR_LEFT_VAR2_MMS-DIV-8.svg,598x334 mm,"size from the sheet scale 1:10; 4 closed letter outline(s) filled solid; colours from the sheet's note: legend BLACK, background YELLOW",Original PDFs/Multi Message Signs/Traffic Diversion Series MMS-DIV/mms-div-8.dwg
MMS-DIV-8,MMS-DIV-8 - Detour left​​,Multi Message Signs,MMS_DIV_8_DETOUR_LEFT_VAR3_MMS-DIV-8.svg,339x125 mm,"size from the sheet scale 1:10; 4 closed letter outline(s) filled solid; colours from the sheet's note: legend BLACK, background YELLOW",Original PDFs/Multi Message Signs/Traffic Diversion Series MMS-DIV/mms-div-8.dwg
MMS-DIV-8,MMS-DIV-8 - Detour left​​,Multi Message Signs,MMS_DIV_8_DETOUR_LEFT_VAR4_MMS-DIV-8.svg,406x51 mm,"size from the sheet scale 1:10; 4 closed letter outline(s) filled solid; colours from the sheet's note: legend BLACK, background YELLOW",Original PDFs/Multi Message Signs/Traffic Diversion Series MMS-DIV/mms-div-8.dwg
MMS-DIV-9,MMS-DIV-9 - Detour ahead​,Multi Message Signs,MMS_DIV_9_DETOUR_AHEAD_MMS-DIV-9.svg,1200x300 mm,"size from the sheet scale 1:10; 4 closed letter outline(s) filled solid; colours from the sheet's note: legend BLACK, background YELLOW",Original PDFs/Multi Message Signs/Traffic Diversion Series MMS-DIV/mms-div-9.dwg
MMS-DIV-9,MMS-DIV-9 - Detour ahead​,Multi Message Signs,MMS_DIV_9_DETOUR_AHEAD_VAR2_MMS-DIV-9.svg,598x334 mm,"size from the sheet scale 1:10; 4 closed letter outline(s) filled solid; colours from the sheet's note: legend BLACK, background YELLOW",Original PDFs/Multi Message Signs/Traffic Diversion Series MMS-DIV/mms-div-9.dwg
MMS-DIV-9,MMS-DIV-9 - Detour ahead​,Multi Message Signs,MMS_DIV_9_DETOUR_AHEAD_VAR3_MMS-DIV-9.svg,339x125 mm,"size from the sheet scale 1:10; 4 closed letter outline(s) filled solid; colours from the sheet's note: legend BLACK, background YELLOW",Original PDFs/Multi Message Signs/Traffic Diversion Series MMS-DIV/mms-div-9.dwg
MMS-DIV-9,MMS-DIV-9 - Detour ahead​,Multi Message Signs,MMS_DIV_9_DETOUR_AHEAD_VAR4_MMS-DIV-9.svg,407x51 mm,"size from the sheet scale 1:10; 4 closed letter outline(s) filled solid; colours from the sheet's note: legend BLACK, background YELLOW",Original PDFs/Multi Message Signs/Traffic Diversion Series MMS-DIV/mms-div-9.dwg
MMS-DIV-10,MMS-DIV-10 – U-Turn Detour Ahead,Multi Message Signs,MMS_DIV_10_U_TURN_DETOUR_AHEAD_MMS-DIV-10.svg,1200x742 mm,"size from the register (1200x600 mm); no scale on the sheet; register size 1200x600 mm differs from the drawing (1200 x 742 mm) — check; no colour note on the sheet: black legend on white assumed — check colours: legend BLACK, background WHITE",Original PDFs/Multi Message Signs/Traffic Diversion Series MMS-DIV/mms-div-10-u-turn-detour-ahead.dwg
MMS-DIV-10,MMS-DIV-10 – U-Turn Detour Ahead,Multi Message Signs,MMS_DIV_10_U_TURN_DETOUR_AHEAD_VAR2_MMS-DIV-10.svg,600x723 mm,"size from the register (1200x600 mm); no scale on the sheet; register size 1200x600 mm differs from the drawing (600 x 723 mm) — check; no colour note on the sheet: black legend on white assumed — check colours: legend BLACK, background WHITE",Original PDFs/Multi Message Signs/Traffic Diversion Series MMS-DIV/mms-div-10-u-turn-detour-ahead.dwg
MMS-DIV-10,MMS-DIV-10 – U-Turn Detour Ahead,Multi Message Signs,MMS_DIV_10_U_TURN_DETOUR_AHEAD_VAR3_MMS-DIV-10.svg,600x727 mm,"size from the register (1200x600 mm); no scale on the sheet; register size 1200x600 mm differs from the drawing (600 x 727 mm) — check; no colour note on the sheet: black legend on white assumed — check colours: legend BLACK, background WHITE",Original PDFs/Multi Message Signs/Traffic Diversion Series MMS-DIV/mms-div-10-u-turn-detour-ahead.dwg
MMS-DIV-10,MMS-DIV-10 – U-Turn Detour Ahead,Multi Message Signs,MMS_DIV_10_U_TURN_DETOUR_AHEAD_VAR4_MMS-DIV-10.svg,600x754 mm,"size from the register (1200x600 mm); no scale on the sheet; register size 1200x600 mm differs from the drawing (600 x 754 mm) — check; no colour note on the sheet: black legend on white assumed — check colours: legend BLACK, background WHITE",Original PDFs/Multi Message Signs/Traffic Diversion Series MMS-DIV/mms-div-10-u-turn-detour-ahead.dwg
MR-RA-17A,MR-RA-17A - At signals,Regulatory Signs,,,no drawing found after removing the sheet furniture,Original PDFs/Regulatory Signs/Auxiliary Series MR-RA/mr-ra-17a.dwg
MR-RA-17B,MR-RA-17B - At signals,Regulatory Signs,,,no drawing found after removing the sheet furniture,Original PDFs/Regulatory Signs/Auxiliary Series MR-RA/mr-ra-17b.dwg
MR-RA-15,MR-RA-15 - Buses and bicycles excepted,Regulatory Signs,,,no drawing found after removing the sheet furniture,Original PDFs/Regulatory Signs/Auxiliary Series MR-RA/mr-ra-15.dwg
MR-RA-2,MR-RA-2 - Buses and taxis excepted,Regulatory Signs,,,no drawing found after removing the sheet furniture,Original PDFs/Regulatory Signs/Auxiliary Series MR-RA/mr-ra-2.dwg
MR-RA-19,MR-RA-19 - Over ...m,Regulatory Signs,MR_RA_19_OVER_M_MR-RA-19.svg,600x400 mm,"size from the register (600x400 mm); no scale on the sheet; 9 closed letter outline(s) filled solid; no colour note on the sheet: black legend on white assumed — check colours: legend BLACK, background WHITE",Original PDFs/Regulatory Signs/Auxiliary Series MR-RA/mr-ra-19-.dwg
MR-RA-21,MR-RA-21 - Vehicles 22.5t gcm or more,Regulatory Signs,MR_RA_21_VEHICLES_22_5T_GCM_OR_MORE_MR-RA-21.svg,584x384 mm,"size from the sheet scale 1:5; 22 closed letter outline(s) filled solid; no colour note on the sheet: black legend on white assumed — check colours: legend BLACK, background WHITE",Original PDFs/Regulatory Signs/Auxiliary Series MR-RA/mr-ra-21.dwg
MR-RA-22,MR-RA-22 - Truck excepted,Regulatory Signs,MR_RA_22_TRUCK_EXCEPTED_MR-RA-22.svg,450x200 mm,"size from the sheet scale 1:4; 1 closed letter outline(s) filled solid; colours from the sheet's note: legend BLACK, background WHITE, border BLACK",Original PDFs/Regulatory Signs/Auxiliary Series MR-RA/mr-ra-22.dwg
MR-RA-23,MR-RA-23 -Cars and motorcycles excepted,Regulatory Signs,MR_RA_23_CARS_AND_MOTORCYCLES_EXCEPTED_MR-RA-23.svg,434x254 mm,"size from the sheet scale 1:4; 26 closed letter outline(s) filled solid; no colour note on the sheet: black legend on white assumed — check colours: legend BLACK, background WHITE",Original PDFs/Regulatory Signs/Auxiliary Series MR-RA/mr-ra-23.dwg
MR-RA-24,MR-RA-24 - Supplementary plate on side road,Regulatory Signs,MR_RA_24_SUPPLEMENTARY_PLATE_ON_SIDE_ROAD_MR-RA-24.svg,730x480 mm,"size from the sheet scale 1:5; 10 closed letter outline(s) filled solid; register size 600x400 mm differs from the drawing (730 x 480 mm) — check; no colour note on the sheet: black legend on white assumed — check colours: legend BLACK, background WHITE",Original PDFs/Regulatory Signs/Auxiliary Series MR-RA/mr-ra-24.dwg
MR-RA-25,MR-RA-25 - Supplementary plate over xxx t gvm,Regulatory Signs,MR_RA_25_SUPPLEMENTARY_PLATE_OVER_XXX_T_GVM_MR-RA-25.svg,730x330 mm,"size from the sheet scale 1:5; 11 closed letter outline(s) filled solid; register size 600x280 mm differs from the drawing (730 x 330 mm) — check; no colour note on the sheet: black legend on white assumed — check colours: legend BLACK, background WHITE",Original PDFs/Regulatory Signs/Auxiliary Series MR-RA/mr-ra-25.dwg
MR-RA-26,MR-RA-26 - Supplementary plate over xxx t gvm,Regulatory Signs,MR_RA_26_SUPPLEMENTARY_PLATE_OVER_XXX_T_GVM_MR-RA-26.svg,900x938 mm,"size from the sheet scale 1:5; 1 closed letter outline(s) filled solid; register size 600x600 mm differs from the drawing (900 x 938 mm) — check; no colour note on the sheet: black legend on white assumed — check colours: legend BLACK, background WHITE",Original PDFs/Regulatory Signs/Auxiliary Series MR-RA/mr-ra-26.dwg
MR-RA-26,MR-RA-26 - Supplementary plate over xxx t gvm,Regulatory Signs,MR_RA_26_SUPPLEMENTARY_PLATE_OVER_XXX_T_GVM_VAR2_MR-RA-26.svg,149x281 mm,"size from the sheet scale 1:5; 1 closed letter outline(s) filled solid; register size 600x600 mm differs from the drawing (149 x 281 mm) — check; no colour note on the sheet: black legend on white assumed — check colours: legend BLACK, background WHITE",Original PDFs/Regulatory Signs/Auxiliary Series MR-RA/mr-ra-26.dwg
MR-RA-27,"MR-RA-27​ - Buses, taxis and bicycles excepted​​",Regulatory Signs,MR_RA_27_BUSES_TAXIS_AND_BICYCLES_EXCEPTED_MR-RA-27.svg,450x330 mm,"size from the sheet scale 1:4; 1 closed letter outline(s) filled solid; 1 closed letter outline(s) filled solid; colours from the sheet's note: legend BLACK, background WHITE, border BLACK",Original PDFs/Regulatory Signs/Auxiliary Series MR-RA/mr-ra-27.dwg
MR-RA-27,"MR-RA-27​ - Buses, taxis and bicycles excepted​​",Regulatory Signs,MR_RA_27_BUSES_TAXIS_AND_BICYCLES_EXCEPTED_VAR2_MR-RA-27.svg,450x438 mm,"size from the sheet scale 1:4; 1 closed letter outline(s) filled solid; 1 closed letter outline(s) filled solid; register size 450x330 mm differs from the drawing (450 x 438 mm) — check; colours from the sheet's note: legend BLACK, background WHITE, border BLACK",Original PDFs/Regulatory Signs/Auxiliary Series MR-RA/mr-ra-27.dwg
MR-RA-28,MR-RA-28 - Cars and motorcycles only,Regulatory Signs,MR_RA_28_CARS_AND_MOTORCYCLES_ONLY_MR-RA-28.svg,450x270 mm,"size from the sheet scale 1:4; 1 closed letter outline(s) filled solid; 1 closed letter outline(s) filled solid; colours from the sheet's note: legend BLACK, background WHITE, border BLACK",Original PDFs/Regulatory Signs/Auxiliary Series MR-RA/mr-ra-28.dwg
MR-RA-28,MR-RA-28 - Cars and motorcycles only,Regulatory Signs,MR_RA_28_CARS_AND_MOTORCYCLES_ONLY_VAR2_MR-RA-28.svg,450x270 mm,"size from the sheet scale 1:4; 1 closed letter outline(s) filled solid; 1 closed letter outline(s) filled solid; colours from the sheet's note: legend BLACK, background WHITE, border BLACK",Original PDFs/Regulatory Signs/Auxiliary Series MR-RA/mr-ra-28.dwg
MR-RA-29,MR-RA-29 - ​Cars only,Regulatory Signs,MR_RA_29_CARS_ONLY_MR-RA-29.svg,450x270 mm,"size from the sheet scale 1:4; 1 closed letter outline(s) filled solid; colours from the sheet's note: legend BLACK, background WHITE, border BLACK",Original PDFs/Regulatory Signs/Auxiliary Series MR-RA/mr-ra-29.dwg
MR-RA-30,MR-RA-30 - Taxis excepted,Regulatory Signs,MR_RA_30_TAXIS_EXCEPTED_MR-RA-30.svg,450x300 mm,"size from the sheet scale 1:4; 1 closed letter outline(s) filled solid; colours from the sheet's note: legend BLACK, background WHITE, border BLACK",Original PDFs/Regulatory Signs/Auxiliary Series MR-RA/mr-ra-30.dwg
MR-RA-30,MR-RA-30 - Taxis excepted,Regulatory Signs,MR_RA_30_TAXIS_EXCEPTED_VAR2_MR-RA-30.svg,215x551 mm,"size from the sheet scale 1:4; 1 closed letter outline(s) filled solid; colours from the sheet's note: legend BLACK, background WHITE, border BLACK",Original PDFs/Regulatory Signs/Auxiliary Series MR-RA/mr-ra-30.dwg
MR-RA-31,MR-RA-31 - Authorised vehicles excepted​​,Regulatory Signs,MR_RA_31_AUTHORISED_VEHICLES_EXCEPTED_MR-RA-31.svg,1600x261 mm,"size from the register (1600x260 mm); no scale on the sheet; no colour note on the sheet: black legend on white assumed — check colours: legend BLACK, background WHITE",Original PDFs/Regulatory Signs/Auxiliary Series MR-RA/mr-ra-31.dwg
MR-RA-3,MR-RA-3 - Emergency vehicles excepted,Regulatory Signs,,,no drawing found after removing the sheet furniture,Original PDFs/Regulatory Signs/Auxiliary Series MR-RA/mr-ra-3.dwg
MR-RA-4,MR-RA-4 - Buses and commercial vehicles excepted,Regulatory Signs,,,no drawing found after removing the sheet furniture,Original PDFs/Regulatory Signs/Auxiliary Series MR-RA/mr-ra-4.dwg
MR-RA-5,"MR-RA-5 - Buses, taxis and service vehicles excepted",Regulatory Signs,,,no drawing found after removing the sheet furniture,Original PDFs/Regulatory Signs/Auxiliary Series MR-RA/mr-ra-5.dwg
MR-RA-7,MR-RA-7 - Authorised route service buses excepted,Regulatory Signs,,,no drawing found after removing the sheet furniture,Original PDFs/Regulatory Signs/Auxiliary Series MR-RA/mr-ra-7.dwg
MR-RA-11,MR-RA-11 - Taxis,Regulatory Signs,,,no drawing found after removing the sheet furniture,Original PDFs/Regulatory Signs/Auxiliary Series MR-RA/mr-ra-11.dwg
MR-RA-16,MR-RA-16 - Buses only,Regulatory Signs,,,no drawing found after removing the sheet furniture,Original PDFs/Regulatory Signs/Auxiliary Series MR-RA/mr-ra-16.dwg
MR-RA-10,MR-RA-10 - Within 20m of crossing,Regulatory Signs,,,no drawing found after removing the sheet furniture,Original PDFs/Regulatory Signs/Auxiliary Series MR-RA/mr-ra-10.dwg
MR-RA-18,MR-RA-18 - Except construction vehicles,Regulatory Signs,MR_RA_18_EXCEPT_CONSTRUCTION_VEHICLES_MR-RA-18.svg,151x275 mm,"size from the sheet scale 1:5; 2 closed letter outline(s) filled solid; register size 450x300 mm differs from the drawing (151 x 275 mm) — check; no colour note on the sheet: black legend on white assumed — check colours: legend BLACK, background WHITE",Original PDFs/Regulatory Signs/Auxiliary Series MR-RA/mr-ra-18.dwg
MR-RA-18,MR-RA-18 - Except construction vehicles,Regulatory Signs,MR_RA_18_EXCEPT_CONSTRUCTION_VEHICLES_VAR2_MR-RA-18.svg,149x281 mm,"size from the sheet scale 1:5; 2 closed letter outline(s) filled solid; register size 450x300 mm differs from the drawing (149 x 281 mm) — check; no colour note on the sheet: black legend on white assumed — check colours: legend BLACK, background WHITE",Original PDFs/Regulatory Signs/Auxiliary Series MR-RA/mr-ra-18.dwg
MR-RA-8,MR-RA-8 - Arrow tag,Regulatory Signs,,,conversion failed: nothing left to draw,Original PDFs/Regulatory Signs/Auxiliary Series MR-RA/mr-ra-8.dwg
MR-RA-14,MR-RA-14 - Transperth buses only,Regulatory Signs,MR_RA_14_TRANSPERTH_BUSES_ONLY_MR-RA-14.svg,400x474 mm,"size from the register (600x400 mm); no scale on the sheet; 19 closed letter outline(s) filled solid; register size 600x400 mm differs from the drawing (400 x 474 mm) — check; no colour note on the sheet: black legend on white assumed — check colours: legend BLACK, background WHITE",Original PDFs/Regulatory Signs/Auxiliary Series MR-RA/mr-ra-14.dwg
MR-RA-14,MR-RA-14 - Transperth buses only,Regulatory Signs,MR_RA_14_TRANSPERTH_BUSES_ONLY_VAR2_MR-RA-14.svg,400x576 mm,"size from the register (600x400 mm); no scale on the sheet; 19 closed letter outline(s) filled solid; register size 600x400 mm differs from the drawing (400 x 576 mm) — check; no colour note on the sheet: black legend on white assumed — check colours: legend BLACK, background WHITE",Original PDFs/Regulatory Signs/Auxiliary Series MR-RA/mr-ra-14.dwg
MR-RA-14,MR-RA-14 - Transperth buses only,Regulatory Signs,MR_RA_14_TRANSPERTH_BUSES_ONLY_VAR3_MR-RA-14.svg,400x596 mm,"size from the register (600x400 mm); no scale on the sheet; 19 closed letter outline(s) filled solid; register size 600x400 mm differs from the drawing (400 x 596 mm) — check; no colour note on the sheet: black legend on white assumed — check colours: legend BLACK, background WHITE",Original PDFs/Regulatory Signs/Auxiliary Series MR-RA/mr-ra-14.dwg
MR-RA-14,MR-RA-14 - Transperth buses only,Regulatory Signs,MR_RA_14_TRANSPERTH_BUSES_ONLY_VAR4_MR-RA-14.svg,400x602 mm,"size from the register (600x400 mm); no scale on the sheet; 19 closed letter outline(s) filled solid; register size 600x400 mm differs from the drawing (400 x 602 mm) — check; no colour note on the sheet: black legend on white assumed — check colours: legend BLACK, background WHITE",Original PDFs/Regulatory Signs/Auxiliary Series MR-RA/mr-ra-14.dwg
MR-RA-14,MR-RA-14 - Transperth buses only,Regulatory Signs,MR_RA_14_TRANSPERTH_BUSES_ONLY_VAR5_MR-RA-14.svg,400x653 mm,"size from the register (600x400 mm); no scale on the sheet; 19 closed letter outline(s) filled solid; register size 600x400 mm differs from the drawing (400 x 653 mm) — check; no colour note on the sheet: black legend on white assumed — check colours: legend BLACK, background WHITE",Original PDFs/Regulatory Signs/Auxiliary Series MR-RA/mr-ra-14.dwg
MR-RA-14,MR-RA-14 - Transperth buses only,Regulatory Signs,MR_RA_14_TRANSPERTH_BUSES_ONLY_VAR6_MR-RA-14.svg,400x727 mm,"size from the register (600x400 mm); no scale on the sheet; 19 closed letter outline(s) filled solid; register size 600x400 mm differs from the drawing (400 x 727 mm) — check; no colour note on the sheet: black legend on white assumed — check colours: legend BLACK, background WHITE",Original PDFs/Regulatory Signs/Auxiliary Series MR-RA/mr-ra-14.dwg
MR-RA-14,MR-RA-14 - Transperth buses only,Regulatory Signs,MR_RA_14_TRANSPERTH_BUSES_ONLY_VAR7_MR-RA-14.svg,400x820 mm,"size from the register (600x400 mm); no scale on the sheet; 19 closed letter outline(s) filled solid; register size 600x400 mm differs from the drawing (400 x 820 mm) — check; no colour note on the sheet: black legend on white assumed — check colours: legend BLACK, background WHITE",Original PDFs/Regulatory Signs/Auxiliary Series MR-RA/mr-ra-14.dwg
MR-RA-14,MR-RA-14 - Transperth buses only,Regulatory Signs,MR_RA_14_TRANSPERTH_BUSES_ONLY_VAR8_MR-RA-14.svg,400x840 mm,"size from the register (600x400 mm); no scale on the sheet; 19 closed letter outline(s) filled solid; register size 600x400 mm differs from the drawing (400 x 840 mm) — check; no colour note on the sheet: black legend on white assumed — check colours: legend BLACK, background WHITE",Original PDFs/Regulatory Signs/Auxiliary Series MR-RA/mr-ra-14.dwg
MR-RA-14,MR-RA-14 - Transperth buses only,Regulatory Signs,MR_RA_14_TRANSPERTH_BUSES_ONLY_VAR9_MR-RA-14.svg,400x901 mm,"size from the register (600x400 mm); no scale on the sheet; 19 closed letter outline(s) filled solid; register size 600x400 mm differs from the drawing (400 x 901 mm) — check; no colour note on the sheet: black legend on white assumed — check colours: legend BLACK, background WHITE",Original PDFs/Regulatory Signs/Auxiliary Series MR-RA/mr-ra-14.dwg
MR-RD-5,MR-RD-5 - Keep clear,Regulatory Signs,MR_RD_5_KEEP_CLEAR_MR-RD-5.svg,430x579 mm,"size from the sheet scale 1:5; 2 closed letter outline(s) filled solid; no colour note on the sheet: black legend on white assumed — check colours: legend BLACK, background WHITE",Original PDFs/Regulatory Signs/Direction Series MR-RD/mr-rd-5.dwg
MR-RD-5,MR-RD-5 - Keep clear,Regulatory Signs,MR_RD_5_KEEP_CLEAR_VAR2_MR-RD-5.svg,271x692 mm,"size from the sheet scale 1:5; 2 closed letter outline(s) filled solid; register size 450x600 mm differs from the drawing (271 x 692 mm) — check; no colour note on the sheet: black legend on white assumed — check colours: legend BLACK, background WHITE",Original PDFs/Regulatory Signs/Direction Series MR-RD/mr-rd-5.dwg
MR-RD-6,MR-RD-6 - Keep left (narrow medians),Regulatory Signs,,,no drawing found after removing the sheet furniture,Original PDFs/Regulatory Signs/Direction Series MR-RD/mr-rd-6.dwg
MR-RE-8,MR-RE-8 - Bus station vehicles only,Regulatory Signs,MR_RE_8_BUS_STATION_VEHICLES_ONLY_MR-RE-8.svg,600x800 mm,"no scale on the sheet and no register size; drawn at 1:10 — check; no colour note on the sheet: black legend on white assumed — check colours: legend BLACK, background WHITE",Original PDFs/Regulatory Signs/Exclusive Lane Series MR-RE/mr-re-8.dwg
MR-RE-9,MR-RE-9 - Bus taxi cycle lanes,Regulatory Signs,MR_RE_9_BUS_TAXI_CYCLE_LANES_MR-RE-9.svg,450x900 mm,"size from the sheet scale 1:5; 1 closed letter outline(s) filled solid; no colour note on the sheet: black legend on white assumed — check colours: legend BLACK, background WHITE",Original PDFs/Regulatory Signs/Exclusive Lane Series MR-RE/mr-re-9.dwg
MR-RE-9,MR-RE-9 - Bus taxi cycle lanes,Regulatory Signs,MR_RE_9_BUS_TAXI_CYCLE_LANES_VAR2_MR-RE-9.svg,149x281 mm,"size from the sheet scale 1:5; 1 closed letter outline(s) filled solid; no colour note on the sheet: black legend on white assumed — check colours: legend BLACK, background WHITE",Original PDFs/Regulatory Signs/Exclusive Lane Series MR-RE/mr-re-9.dwg
MR-RE-9,MR-RE-9 - Bus taxi cycle lanes,Regulatory Signs,MR_RE_9_BUS_TAXI_CYCLE_LANES_VAR3_MR-RE-9.svg,151x275 mm,"size from the sheet scale 1:5; 1 closed letter outline(s) filled solid; no colour note on the sheet: black legend on white assumed — check colours: legend BLACK, background WHITE",Original PDFs/Regulatory Signs/Exclusive Lane Series MR-RE/mr-re-9.dwg
MR-RE-10,MR-RE-10 - Bus cycle lanes,Regulatory Signs,MR_RE_10_BUS_CYCLE_LANES_MR-RE-10.svg,456x740 mm,"size from the sheet scale 1:5; 2 closed letter outline(s) filled solid; no colour note on the sheet: black legend on white assumed — check colours: legend BLACK, background WHITE",Original PDFs/Regulatory Signs/Exclusive Lane Series MR-RE/mr-re-10.dwg
MR-RE-10,MR-RE-10 - Bus cycle lanes,Regulatory Signs,MR_RE_10_BUS_CYCLE_LANES_VAR2_MR-RE-10.svg,529x310 mm,"size from the sheet scale 1:5; 2 closed letter outline(s) filled solid; no colour note on the sheet: black legend on white assumed — check colours: legend BLACK, background WHITE",Original PDFs/Regulatory Signs/Exclusive Lane Series MR-RE/mr-re-10.dwg
MR-RE-11,MR-RE-11 - Emergency vehicle lane,Regulatory Signs,MR_RE_11_EMERGENCY_VEHICLE_LANE_MR-RE-11.svg,900x900 mm,"size from the sheet scale 1:10; 1 closed letter outline(s) filled solid; no colour note on the sheet: black legend on white assumed — check colours: legend BLACK, background WHITE",Original PDFs/Regulatory Signs/Exclusive Lane Series MR-RE/mr-re-11.dwg
MR-RE-11,MR-RE-11 - Emergency vehicle lane,Regulatory Signs,MR_RE_11_EMERGENCY_VEHICLE_LANE_VAR2_MR-RE-11.svg,298x561 mm,"size from the sheet scale 1:10; 1 closed letter outline(s) filled solid; no colour note on the sheet: black legend on white assumed — check colours: legend BLACK, background WHITE",Original PDFs/Regulatory Signs/Exclusive Lane Series MR-RE/mr-re-11.dwg
MR-RE-11,MR-RE-11 - Emergency vehicle lane,Regulatory Signs,MR_RE_11_EMERGENCY_VEHICLE_LANE_VAR3_MR-RE-11.svg,302x550 mm,"size from the sheet scale 1:10; 1 closed letter outline(s) filled solid; no colour note on the sheet: black legend on white assumed — check colours: legend BLACK, background WHITE",Original PDFs/Regulatory Signs/Exclusive Lane Series MR-RE/mr-re-11.dwg
MR-RE-12,MR-RE-12 - Bus taxi cycle lane,Regulatory Signs,MR_RE_12_BUS_TAXI_CYCLE_LANE_MR-RE-12.svg,450x600 mm,"size from the sheet scale 1:5; 1 closed letter outline(s) filled solid; no colour note on the sheet: black legend on white assumed — check colours: legend BLACK, background WHITE",Original PDFs/Regulatory Signs/Exclusive Lane Series MR-RE/mr-re-12.dwg
MR-RE-12,MR-RE-12 - Bus taxi cycle lane,Regulatory Signs,MR_RE_12_BUS_TAXI_CYCLE_LANE_VAR2_MR-RE-12.svg,149x281 mm,"size from the sheet scale 1:5; 1 closed letter outline(s) filled solid; no colour note on the sheet: black legend on white assumed — check colours: legend BLACK, background WHITE",Original PDFs/Regulatory Signs/Exclusive Lane Series MR-RE/mr-re-12.dwg
MR-RE-12,MR-RE-12 - Bus taxi cycle lane,Regulatory Signs,MR_RE_12_BUS_TAXI_CYCLE_LANE_VAR3_MR-RE-12.svg,151x275 mm,"size from the sheet scale 1:5; 1 closed letter outline(s) filled solid; no colour note on the sheet: black legend on white assumed — check colours: legend BLACK, background WHITE",Original PDFs/Regulatory Signs/Exclusive Lane Series MR-RE/mr-re-12.dwg
MR-RE-14,MR-RE-14 - Bus taxi lane,Regulatory Signs,MR_RE_14_BUS_TAXI_LANE_MR-RE-14.svg,450x450 mm,"size from the sheet scale 1:5; 1 closed letter outline(s) filled solid; no colour note on the sheet: black legend on white assumed — check colours: legend BLACK, background WHITE",Original PDFs/Regulatory Signs/Exclusive Lane Series MR-RE/mr-re-14.dwg
MR-RE-14,MR-RE-14 - Bus taxi lane,Regulatory Signs,MR_RE_14_BUS_TAXI_LANE_VAR2_MR-RE-14.svg,149x281 mm,"size from the sheet scale 1:5; 1 closed letter outline(s) filled solid; no colour note on the sheet: black legend on white assumed — check colours: legend BLACK, background WHITE",Original PDFs/Regulatory Signs/Exclusive Lane Series MR-RE/mr-re-14.dwg
MR-RE-14,MR-RE-14 - Bus taxi lane,Regulatory Signs,MR_RE_14_BUS_TAXI_LANE_VAR3_MR-RE-14.svg,151x275 mm,"size from the sheet scale 1:5; 1 closed letter outline(s) filled solid; no colour note on the sheet: black legend on white assumed — check colours: legend BLACK, background WHITE",Original PDFs/Regulatory Signs/Exclusive Lane Series MR-RE/mr-re-14.dwg
MR-RE-15,MR-RE-15 - Transperth bus lane​,intervene/Regulatory Signs,MR_RE_15_TRANSPERTH_BUS_LANE_MR-RE-15.svg,860x1460 mm,"no scale on the sheet and no register size; drawn at 1:10 — check; no colour note on the sheet: black legend on white assumed — check colours: legend BLACK, background WHITE; legend is CAD text on the sheet (TRANSPERTH, LANE, BUS): needs setting in the AS 1744 face by hand",Original PDFs/Regulatory Signs/Exclusive Lane Series MR-RE/mr-re-15.dwg
MR-RE-16,MR-RE-16 - Busway,Regulatory Signs,MR_RE_16_BUSWAY_MR-RE-16.svg,100x133 mm,"size from the sheet scale 1:5; 2 closed letter outline(s) filled solid; register size 450x600 mm differs from the drawing (100 x 133 mm) — check; no colour note on the sheet: black legend on white assumed — check colours: legend BLACK, background WHITE",Original PDFs/Regulatory Signs/Exclusive Lane Series MR-RE/mr-re-16.dwg
MR-RE-4,MR-RE-4 - Bus lane,Regulatory Signs,MR_RE_4_BUS_LANE_MR-RE-4.svg,902x1198 mm,"no scale on the sheet and no register size; drawn at 1:10 — check; 1 closed letter outline(s) filled solid; no colour note on the sheet: black legend on white assumed — check colours: legend BLACK, background WHITE",Original PDFs/Regulatory Signs/Exclusive Lane Series MR-RE/mr-re-4.dwg
MR-RE-5,MR-RE-5 - Bus-taxi lane,Regulatory Signs,MR_RE_5_BUS_TAXI_LANE_MR-RE-5.svg,900x1500 mm,"no scale on the sheet and no register size; drawn at 1:10 — check; no colour note on the sheet: black legend on white assumed — check colours: legend BLACK, background WHITE",Original PDFs/Regulatory Signs/Exclusive Lane Series MR-RE/mr-re-5.dwg
MR-RE-1,MR-RE-1 - Bus-taxi lane,Regulatory Signs,,,no drawing found after removing the sheet furniture,Original PDFs/Regulatory Signs/Exclusive Lane Series MR-RE/mr-re-1.dwg
MR-RE-2,MR-RE-2 - Do not enter bus-taxi lane,Regulatory Signs,,,no drawing found after removing the sheet furniture,Original PDFs/Regulatory Signs/Exclusive Lane Series MR-RE/mr-re-2.dwg
MR-RE-3,MR-RE-3(L) - Do not enter bus only,Regulatory Signs,,,no drawing found after removing the sheet furniture,Original PDFs/Regulatory Signs/Exclusive Lane Series MR-RE/mr-re-3l.dwg
MR-RE-3,MR-RE-3(R) - Do not enter bus only,Regulatory Signs,,,no drawing found after removing the sheet furniture,Original PDFs/Regulatory Signs/Exclusive Lane Series MR-RE/mr-re-3r.dwg
MR-RM-20,"MR-RM-20 - No jumping, no diving, no fishing",Regulatory Signs,MR_RM_20_NO_JUMPING_NO_DIVING_NO_FISHING_MR-RM-20.svg,880x882 mm,"no scale on the sheet and no register size; drawn at 1:10 — check; 1 closed letter outline(s) filled solid; no colour note on the sheet: black legend on white assumed — check colours: legend BLACK, background WHITE",Original PDFs/Regulatory Signs/Miscellaneous Series MR-RM/mr-rm-20.dwg
MR-RM-21,MR-RM-21 - Classes of traffic prohibition,Regulatory Signs,MR_RM_21_CLASSES_OF_TRAFFIC_PROHIBITION_MR-RM-21.svg,1200x2000 mm,"size from the sheet scale 1:15; 3 closed letter outline(s) filled solid; no colour note on the sheet: black legend on white assumed — check colours: legend BLACK, background WHITE",Original PDFs/Regulatory Signs/Miscellaneous Series MR-RM/mr-rm-21.dwg
MR-RM-22,MR-RM-22 - End truck low gear,Regulatory Signs,MR_RM_22_END_TRUCK_LOW_GEAR_MR-RM-22.svg,165x122 mm,"no scale on the sheet and no register size; drawn at 1:10 — check; no colour note on the sheet: black legend on white assumed — check colours: legend BLACK, background WHITE",Original PDFs/Regulatory Signs/Miscellaneous Series MR-RM/mr-rm-22.dwg
MR-RM-23,MR-RM-23 - No unauthorised entry,intervene/Regulatory Signs,MR_RM_23_NO_UNAUTHORISED_ENTRY_MR-RM-23.svg,450x450 mm,"size from the sheet scale 1:5; 20 closed letter outline(s) filled solid; 2 closed letter outline(s) filled solid; no colour note on the sheet: black legend on white assumed — check colours: legend BLACK, background WHITE; legend is CAD text on the sheet (Government of): needs setting in the AS 1744 face by hand",Original PDFs/Regulatory Signs/Miscellaneous Series MR-RM/mr-rm-23.dwg
MR-RM-24,MR-RM-24 - Dangerous goods no unattended placard loads permitted,Regulatory Signs,MR_RM_24_DANGEROUS_GOODS_NO_UNATTENDED_PLACARD_LOADS_PERMITTED_MR-RM-24.svg,880x1180 mm,"size from the sheet scale 1:10; 47 closed letter outline(s) filled solid; colours from the sheet's note: legend BLACK, background WHITE",Original PDFs/Regulatory Signs/Miscellaneous Series MR-RM/mr-rm-24.dwg
MR-RM-26,MR-RM-26 - Trucks must enter bay​​,Regulatory Signs,,,conversion failed: Expected DXF entity TEXT or SEQEND,Original PDFs/Regulatory Signs/Miscellaneous Series MR-RM/mr-rm-26.dwg
MR-RM-28,MR-RM-28 - ​Trucks must enter bay xx m ahead,Regulatory Signs,MR_RM_28_TRUCKS_MUST_ENTER_BAY_XX_M_AHEAD_MR-RM-28.svg,2782x993 mm,"size from the sheet scale 1:15; 1 closed letter outline(s) filled solid; 1 closed letter outline(s) filled solid; no colour note on the sheet: black legend on white assumed — check colours: legend BLACK, background WHITE",Original PDFs/Regulatory Signs/Miscellaneous Series MR-RM/mr-rm-28.dwg
MR-RM-27,"MR-RM-27 - ​No unauthorised jumping, diving, climbing, fishing from bridge",Regulatory Signs,MR_RM_27_NO_UNAUTHORISED_JUMPING_DIVING_CLIMBING_FISHING_FROM_BRIDGE_MR-RM-27.svg,441x642 mm,"size from the sheet scale 1:5; no colour note on the sheet: black legend on white assumed — check colours: legend BLACK, background WHITE",Original PDFs/Regulatory Signs/Miscellaneous Series MR-RM/mr-rm-27.dwg
MR-RM-29,MR-RM-29 - ​No unauthorised climbing,Regulatory Signs,MR_RM_29_NO_UNAUTHORISED_CLIMBING_MR-RM-29.svg,900x700 mm,"size from the sheet scale 1:10; no colour note on the sheet: black legend on white assumed — check colours: legend BLACK, background WHITE",Original PDFs/Regulatory Signs/Miscellaneous Series MR-RM/mr-rm-29.dwg
MR-RM-2,MR-RM-2 - No diving from bridge,Regulatory Signs,,,no drawing found after removing the sheet furniture,Original PDFs/Regulatory Signs/Miscellaneous Series MR-RM/mr-rm-2.dwg
MR-RM-3,MR-RM-3 - No fishing from bridge,Regulatory Signs,,,no drawing found after removing the sheet furniture,Original PDFs/Regulatory Signs/Miscellaneous Series MR-RM/mr-rm-3.dwg
MR-RM-7,MR-RM-7 - Agricultural check point,Regulatory Signs,,,no drawing found after removing the sheet furniture,Original PDFs/Regulatory Signs/Miscellaneous Series MR-RM/mr-rm-7.dwg
MR-RM-8,"MR-RM-8 - No fruit, honey vegetables",Regulatory Signs,,,no drawing found after removing the sheet furniture,Original PDFs/Regulatory Signs/Miscellaneous Series MR-RM/mr-rm-8.dwg
MR-RM-5,MR-RM-5 - No bicycles or horses,Regulatory Signs,MR_RM_5_NO_BICYCLES_OR_HORSES_MR-RM-5.svg,300x350 mm,"size from the register (300x350 mm); no scale on the sheet; 1 closed letter outline(s) filled solid; 1 closed letter outline(s) filled solid; 1 closed letter outline(s) filled solid; 1 closed letter outline(s) filled solid; no colour note on the sheet: black legend on white assumed — check colours: legend BLACK, background WHITE",Original PDFs/Regulatory Signs/Miscellaneous Series MR-RM/mr-rm-5.dwg
MR-RM-4,MR-RM-4 - Control of access,Regulatory Signs,,,no drawing found after removing the sheet furniture,Original PDFs/Regulatory Signs/Miscellaneous Series MR-RM/mr-rm-4.dwg
MR-RM-15,MR-RM-15 - Danger do not enter unless exit is clear,Regulatory Signs,,,no drawing found after removing the sheet furniture,Original PDFs/Regulatory Signs/Miscellaneous Series MR-RM/mr-rm-15.dwg
MR-RM-12,MR-RM-12 - Road trains use right lane,Regulatory Signs,MR_RM_12_ROAD_TRAINS_USE_RIGHT_LANE_MR-RM-12.svg,3900x1680 mm,"size from the register (3900x1990 mm); no scale on the sheet; 1 closed letter outline(s) filled solid; 1 closed letter outline(s) filled solid; 1 closed letter outline(s) filled solid; 1 closed letter outline(s) filled solid; register size 3900x1990 mm differs from the drawing (3900 x 1680 mm) — check; no colour note on the sheet: black legend on white assumed — check colours: legend BLACK, background WHITE",Original PDFs/Regulatory Signs/Miscellaneous Series MR-RM/mr-rm-12.dwg
MR-RM-12,MR-RM-12 - Road trains use right lane,Regulatory Signs,MR_RM_12_ROAD_TRAINS_USE_RIGHT_LANE_VAR2_MR-RM-12.svg,3900x670 mm,"size from the register (3900x1990 mm); no scale on the sheet; 1 closed letter outline(s) filled solid; 1 closed letter outline(s) filled solid; 1 closed letter outline(s) filled solid; 1 closed letter outline(s) filled solid; register size 3900x1990 mm differs from the drawing (3900 x 670 mm) — check; no colour note on the sheet: black legend on white assumed — check colours: legend BLACK, background WHITE",Original PDFs/Regulatory Signs/Miscellaneous Series MR-RM/mr-rm-12.dwg
MR-RM-11,MR-RM-11 - Arrester bed area,Regulatory Signs,,,no drawing found after removing the sheet furniture,Original PDFs/Regulatory Signs/Miscellaneous Series MR-RM/mr-rm-11.dwg
MR-RM-18,MR-RM-18 - No livestock,Regulatory Signs,,,no drawing found after removing the sheet furniture,Original PDFs/Regulatory Signs/Miscellaneous Series MR-RM/mr-rm-18.dwg
MR-RM-16,MR-RM-16(L) -No swimming,Regulatory Signs,MR_RM_16_L_NO_SWIMMING_MR-RM-16.svg,450x820 mm,"size from the register (450x750 mm); no scale on the sheet; register size 450x750 mm differs from the drawing (450 x 820 mm) — check; no colour note on the sheet: black legend on white assumed — check colours: legend BLACK, background WHITE",Original PDFs/Regulatory Signs/Miscellaneous Series MR-RM/mr-rm-16l.dwg
MR-RM-16,MR-RM-16(L) -No swimming,Regulatory Signs,MR_RM_16_L_NO_SWIMMING_VAR2_MR-RM-16.svg,450x846 mm,"size from the register (450x750 mm); no scale on the sheet; register size 450x750 mm differs from the drawing (450 x 846 mm) — check; no colour note on the sheet: black legend on white assumed — check colours: legend BLACK, background WHITE",Original PDFs/Regulatory Signs/Miscellaneous Series MR-RM/mr-rm-16l.dwg
MR-RM-16,MR-RM-16(R) - No swimming,Regulatory Signs,MR_RM_16_R_NO_SWIMMING_MR-RM-16.svg,450x820 mm,"size from the register (450x750 mm); no scale on the sheet; register size 450x750 mm differs from the drawing (450 x 820 mm) — check; no colour note on the sheet: black legend on white assumed — check colours: legend BLACK, background WHITE",Original PDFs/Regulatory Signs/Miscellaneous Series MR-RM/mr-rm-16r.dwg
MR-RM-16,MR-RM-16(R) - No swimming,Regulatory Signs,MR_RM_16_R_NO_SWIMMING_VAR2_MR-RM-16.svg,450x846 mm,"size from the register (450x750 mm); no scale on the sheet; register size 450x750 mm differs from the drawing (450 x 846 mm) — check; no colour note on the sheet: black legend on white assumed — check colours: legend BLACK, background WHITE",Original PDFs/Regulatory Signs/Miscellaneous Series MR-RM/mr-rm-16r.dwg
MR-RM-17,MR-RM-17(L) - No skiing,Regulatory Signs,MR_RM_17_L_NO_SKIING_MR-RM-17.svg,450x750 mm,"size from the register (450x750 mm); no scale on the sheet; 4 closed letter outline(s) filled solid; no colour note on the sheet: black legend on white assumed — check colours: legend BLACK, background WHITE",Original PDFs/Regulatory Signs/Miscellaneous Series MR-RM/mr-rm-17l.dwg
MR-RM-17,MR-RM-17(R) - No skiing,Regulatory Signs,MR_RM_17_R_NO_SKIING_MR-RM-17.svg,450x750 mm,"size from the register (450x750 mm); no scale on the sheet; 4 closed letter outline(s) filled solid; no colour note on the sheet: black legend on white assumed — check colours: legend BLACK, background WHITE",Original PDFs/Regulatory Signs/Miscellaneous Series MR-RM/mr-rm-17r.dwg
MR-RV-4,MR-RV-4 - Right lane must exit,Regulatory Signs,,,no drawing found after removing the sheet furniture,Original PDFs/Regulatory Signs/Movement Series MR-RV/mr-rv-4.dwg
MR-RV-3,MR-RV-3(L) - Left right lanes must exit,Regulatory Signs,,,no drawing found after removing the sheet furniture,Original PDFs/Regulatory Signs/Movement Series MR-RV/mr-rv-3l.dwg
MR-RV-3,MR-RV-3(R) - Left right lanes must exit,Regulatory Signs,,,no drawing found after removing the sheet furniture,Original PDFs/Regulatory Signs/Movement Series MR-RV/mr-rv-3r.dwg
MR-RV-6,MR-RV-6 L - Left right lanes must turn left right​​,Regulatory Signs,MR_RV_6_L_LEFT_RIGHT_LANES_MUST_TURN_LEFT_RIGHT_MR-RV-6.svg,450x750 mm,"size from the sheet scale 1:10; 2 closed letter outline(s) filled solid; colours from the sheet's note: legend BLACK, background WHITE, border BLACK",Original PDFs/Regulatory Signs/Movement Series MR-RV/mr-rv-6-l.dwg
MR-RV-6,MR-RV-6 L - Left right lanes must turn left right​​,Regulatory Signs,MR_RV_6_L_LEFT_RIGHT_LANES_MUST_TURN_LEFT_RIGHT_VAR2_MR-RV-6.svg,450x750 mm,"size from the sheet scale 1:10; 2 closed letter outline(s) filled solid; colours from the sheet's note: legend BLACK, background WHITE, border BLACK",Original PDFs/Regulatory Signs/Movement Series MR-RV/mr-rv-6-l.dwg
MR-RV-6,MR-RV-6 L - Left right lanes must turn left right​​,Regulatory Signs,MR_RV_6_L_LEFT_RIGHT_LANES_MUST_TURN_LEFT_RIGHT_VAR3_MR-RV-6.svg,598x334 mm,"size from the sheet scale 1:10; 2 closed letter outline(s) filled solid; register size 450x750 mm differs from the drawing (598 x 334 mm) — check; colours from the sheet's note: legend BLACK, background WHITE, border BLACK",Original PDFs/Regulatory Signs/Movement Series MR-RV/mr-rv-6-l.dwg
MR-RV-6,MR-RV-6 L - Left right lanes must turn left right​​,Regulatory Signs,MR_RV_6_L_LEFT_RIGHT_LANES_MUST_TURN_LEFT_RIGHT_VAR4_MR-RV-6.svg,527x125 mm,"size from the sheet scale 1:10; 2 closed letter outline(s) filled solid; register size 450x750 mm differs from the drawing (527 x 125 mm) — check; colours from the sheet's note: legend BLACK, background WHITE, border BLACK",Original PDFs/Regulatory Signs/Movement Series MR-RV/mr-rv-6-l.dwg
MR-RV-6,MR-RV-6 L - Left right lanes must turn left right​​,Regulatory Signs,MR_RV_6_L_LEFT_RIGHT_LANES_MUST_TURN_LEFT_RIGHT_VAR5_MR-RV-6.svg,407x51 mm,"size from the sheet scale 1:10; 2 closed letter outline(s) filled solid; register size 450x750 mm differs from the drawing (407 x 51 mm) — check; colours from the sheet's note: legend BLACK, background WHITE, border BLACK",Original PDFs/Regulatory Signs/Movement Series MR-RV/mr-rv-6-l.dwg
MR-RV-6,MR-RV-6 R - Left right lanes must turn left right​​,Regulatory Signs,MR_RV_6_R_LEFT_RIGHT_LANES_MUST_TURN_LEFT_RIGHT_MR-RV-6.svg,450x750 mm,"size from the sheet scale 1:10; 2 closed letter outline(s) filled solid; colours from the sheet's note: legend BLACK, background WHITE, border BLACK",Original PDFs/Regulatory Signs/Movement Series MR-RV/mr-rv-6-r.dwg
MR-RV-6,MR-RV-6 R - Left right lanes must turn left right​​,Regulatory Signs,MR_RV_6_R_LEFT_RIGHT_LANES_MUST_TURN_LEFT_RIGHT_VAR2_MR-RV-6.svg,450x750 mm,"size from the sheet scale 1:10; 2 closed letter outline(s) filled solid; colours from the sheet's note: legend BLACK, background WHITE, border BLACK",Original PDFs/Regulatory Signs/Movement Series MR-RV/mr-rv-6-r.dwg
MR-RV-6,MR-RV-6 R - Left right lanes must turn left right​​,Regulatory Signs,MR_RV_6_R_LEFT_RIGHT_LANES_MUST_TURN_LEFT_RIGHT_VAR3_MR-RV-6.svg,598x334 mm,"size from the sheet scale 1:10; 2 closed letter outline(s) filled solid; register size 450x750 mm differs from the drawing (598 x 334 mm) — check; colours from the sheet's note: legend BLACK, background WHITE, border BLACK",Original PDFs/Regulatory Signs/Movement Series MR-RV/mr-rv-6-r.dwg
MR-RV-6,MR-RV-6 R - Left right lanes must turn left right​​,Regulatory Signs,MR_RV_6_R_LEFT_RIGHT_LANES_MUST_TURN_LEFT_RIGHT_VAR4_MR-RV-6.svg,527x125 mm,"size from the sheet scale 1:10; 2 closed letter outline(s) filled solid; register size 450x750 mm differs from the drawing (527 x 125 mm) — check; colours from the sheet's note: legend BLACK, background WHITE, border BLACK",Original PDFs/Regulatory Signs/Movement Series MR-RV/mr-rv-6-r.dwg
MR-RV-6,MR-RV-6 R - Left right lanes must turn left right​​,Regulatory Signs,MR_RV_6_R_LEFT_RIGHT_LANES_MUST_TURN_LEFT_RIGHT_VAR5_MR-RV-6.svg,407x51 mm,"size from the sheet scale 1:10; 2 closed letter outline(s) filled solid; register size 450x750 mm differs from the drawing (407 x 51 mm) — check; colours from the sheet's note: legend BLACK, background WHITE, border BLACK",Original PDFs/Regulatory Signs/Movement Series MR-RV/mr-rv-6-r.dwg
MR-RPK-3,MR-RPK-3 - Reversing permitted between certain hours,Regulatory Signs,,,no drawing found after removing the sheet furniture,Original PDFs/Regulatory Signs/Parking Series MR-RPK/mr-rpk-3.dwg
MR-RPK-4,MR-RPK-4 - Reversing permitted any time,Regulatory Signs,,,no drawing found after removing the sheet furniture,Original PDFs/Regulatory Signs/Parking Series MR-RPK/mr-rpk-4.dwg
MR-RPK-19,MR-RPK-19 - Emergency stopping bay and phone only,Regulatory Signs,,,conversion failed: Expected DXF entity LINE or SEQEND,Original PDFs/Regulatory Signs/Parking Series MR-RPK/mr-rpk-19.dwg
MR-RPK-20,MR-RPK-20 - No stopping area,Regulatory Signs,MR_RPK_20_NO_STOPPING_AREA_MR-RPK-20.svg,15000x26625 mm,"size from the sheet scale 1:25; 2 closed letter outline(s) filled solid; 1 closed letter outline(s) filled solid; 1 closed letter outline(s) filled solid; 1 closed letter outline(s) filled solid; 1 closed letter outline(s) filled solid; 2 closed letter outline(s) filled solid; 2 closed letter outline(s) filled solid; 1 closed letter outline(s) filled solid; 1 closed letter outline(s) filled solid; 1 closed letter outline(s) filled solid; 1 closed letter outline(s) filled solid; 1 closed letter outline(s) filled solid; 1 closed letter outline(s) filled solid; 1 closed letter outline(s) filled solid; 1 closed letter outline(s) filled solid; 1 closed letter outline(s) filled solid; 1 closed letter outline(s) filled solid; 1 closed letter outline(s) filled solid; 1 closed letter outline(s) filled solid; 1 closed letter outline(s) filled solid; 1 closed letter outline(s) filled solid; 3 closed letter outline(s) filled solid; 3 closed letter outline(s) filled solid; 1 closed letter outline(s) filled solid; 1 closed letter outline(s) filled solid; 1 closed letter outline(s) filled solid; 1 closed letter outline(s) filled solid; 2 closed letter outline(s) filled solid; 2 closed letter outline(s) filled solid; 1 closed letter outline(s) filled solid; 1 closed letter outline(s) filled solid; 1 closed letter outline(s) filled solid; 1 closed letter outline(s) filled solid; 1 closed letter outline(s) filled solid; 1 closed letter outline(s) filled solid; 1 closed letter outline(s) filled solid; 1 closed letter outline(s) filled solid; 1 closed letter outline(s) filled solid; 3 closed letter outline(s) filled solid; 1 closed letter outline(s) filled solid; 1 closed letter outline(s) filled solid; 3 closed letter outline(s) filled solid; 3 closed letter outline(s) filled solid; 1 closed letter outline(s) filled solid; 1 closed letter outline(s) filled solid; 2 closed letter outline(s) filled solid; 1 closed letter outline(s) filled solid; 1 closed letter outline(s) filled solid; 1 closed letter outline(s) filled solid; 1 closed letter outline(s) filled solid; 1 closed letter outline(s) filled solid; 3 closed letter outline(s) filled solid; 2 closed letter outline(s) filled solid; 1 closed letter outline(s) filled solid; 2 closed letter outline(s) filled solid; 1 closed letter outline(s) filled solid; 1 closed letter outline(s) filled solid; 2 closed letter outline(s) filled solid; 2 closed letter outline(s) filled solid; 1 closed letter outline(s) filled solid; 1 closed letter outline(s) filled solid; 1 closed letter outline(s) filled solid; 1 closed letter outline(s) filled solid; 1 closed letter outline(s) filled solid; 1 closed letter outline(s) filled solid; 1 closed letter outline(s) filled solid; 1 closed letter outline(s) filled solid; 1 closed letter outline(s) filled solid; 1 closed letter outline(s) filled solid; 1 closed letter outline(s) filled solid; 1 closed letter outline(s) filled solid; 1 closed letter outline(s) filled solid; 1 closed letter outline(s) filled solid; 3 closed letter outline(s) filled solid; 2 closed letter outline(s) filled solid; 1 closed letter outline(s) filled solid; 2 closed letter outline(s) filled solid; 2 closed letter outline(s) filled solid; 3 closed letter outline(s) filled solid; 2 closed letter outline(s) filled solid; 1 closed letter outline(s) filled solid; 2 closed letter outline(s) filled solid; 2 closed letter outline(s) filled solid; 4 closed letter outline(s) filled solid; 1 closed letter outline(s) filled solid; 1 closed letter outline(s) filled solid; 1 closed letter outline(s) filled solid; 1 closed letter outline(s) filled solid; 5 closed letter outline(s) filled solid; 1 closed letter outline(s) filled solid; 2 closed letter outline(s) filled solid; 1 closed letter outline(s) filled solid; 1 closed letter outline(s) filled solid; register size 600x1065 mm differs from the drawing (15000 x 26625 mm) — check; no colour note on the sheet: black legend on white assumed — check colours: legend BLACK, background WHITE, border BLACK",Original PDFs/Regulatory Signs/Parking Series MR-RPK/mr-rpk-20.dwg
MR-RPK-20,MR-RPK-20 - No stopping area,Regulatory Signs,MR_RPK_20_NO_STOPPING_AREA_VAR2_MR-RPK-20.svg,14999x26625 mm,"size from the sheet scale 1:25; 2 closed letter outline(s) filled solid; 1 closed letter outline(s) filled solid; 1 closed letter outline(s) filled solid; 1 closed letter outline(s) filled solid; 1 closed letter outline(s) filled solid; 2 closed letter outline(s) filled solid; 2 closed letter outline(s) filled solid; 1 closed letter outline(s) filled solid; 1 closed letter outline(s) filled solid; 1 closed letter outline(s) filled solid; 1 closed letter outline(s) filled solid; 1 closed letter outline(s) filled solid; 1 closed letter outline(s) filled solid; 1 closed letter outline(s) filled solid; 1 closed letter outline(s) filled solid; 1 closed letter outline(s) filled solid; 1 closed letter outline(s) filled solid; 1 closed letter outline(s) filled solid; 1 closed letter outline(s) filled solid; 1 closed letter outline(s) filled solid; 1 closed letter outline(s) filled solid; 3 closed letter outline(s) filled solid; 3 closed letter outline(s) filled solid; 1 closed letter outline(s) filled solid; 1 closed letter outline(s) filled solid; 1 closed letter outline(s) filled solid; 1 closed letter outline(s) filled solid; 2 closed letter outline(s) filled solid; 2 closed letter outline(s) filled solid; 1 closed letter outline(s) filled solid; 1 closed letter outline(s) filled solid; 1 closed letter outline(s) filled solid; 1 closed letter outline(s) filled solid; 1 closed letter outline(s) filled solid; 1 closed letter outline(s) filled solid; 1 closed letter outline(s) filled solid; 1 closed letter outline(s) filled solid; 1 closed letter outline(s) filled solid; 3 closed letter outline(s) filled solid; 1 closed letter outline(s) filled solid; 1 closed letter outline(s) filled solid; 3 closed letter outline(s) filled solid; 3 closed letter outline(s) filled solid; 1 closed letter outline(s) filled solid; 1 closed letter outline(s) filled solid; 2 closed letter outline(s) filled solid; 1 closed letter outline(s) filled solid; 1 closed letter outline(s) filled solid; 1 closed letter outline(s) filled solid; 1 closed letter outline(s) filled solid; 1 closed letter outline(s) filled solid; 3 closed letter outline(s) filled solid; 2 closed letter outline(s) filled solid; 1 closed letter outline(s) filled solid; 2 closed letter outline(s) filled solid; 1 closed letter outline(s) filled solid; 1 closed letter outline(s) filled solid; 2 closed letter outline(s) filled solid; 2 closed letter outline(s) filled solid; 1 closed letter outline(s) filled solid; 1 closed letter outline(s) filled solid; 1 closed letter outline(s) filled solid; 1 closed letter outline(s) filled solid; 1 closed letter outline(s) filled solid; 1 closed letter outline(s) filled solid; 1 closed letter outline(s) filled solid; 1 closed letter outline(s) filled solid; 1 closed letter outline(s) filled solid; 1 closed letter outline(s) filled solid; 1 closed letter outline(s) filled solid; 1 closed letter outline(s) filled solid; 1 closed letter outline(s) filled solid; 1 closed letter outline(s) filled solid; 3 closed letter outline(s) filled solid; 2 closed letter outline(s) filled solid; 1 closed letter outline(s) filled solid; 2 closed letter outline(s) filled solid; 2 closed letter outline(s) filled solid; 3 closed letter outline(s) filled solid; 2 closed letter outline(s) filled solid; 1 closed letter outline(s) filled solid; 2 closed letter outline(s) filled solid; 2 closed letter outline(s) filled solid; 4 closed letter outline(s) filled solid; 1 closed letter outline(s) filled solid; 1 closed letter outline(s) filled solid; 1 closed letter outline(s) filled solid; 1 closed letter outline(s) filled solid; 5 closed letter outline(s) filled solid; 1 closed letter outline(s) filled solid; 2 closed letter outline(s) filled solid; 1 closed letter outline(s) filled solid; 1 closed letter outline(s) filled solid; register size 600x1065 mm differs from the drawing (14999 x 26625 mm) — check; no colour note on the sheet: black legend on white assumed — check colours: legend BLACK, background WHITE, border BLACK",Original PDFs/Regulatory Signs/Parking Series MR-RPK/mr-rpk-20.dwg
MR-RPK-21,MR-RPK-21 - Tow away with phone call,Regulatory Signs,MR_RPK_21_TOW_AWAY_WITH_PHONE_CALL_MR-RPK-21.svg,15000x7500 mm,"size from the sheet scale 1:25; 3 closed letter outline(s) filled solid; 1 closed letter outline(s) filled solid; 1 closed letter outline(s) filled solid; register size 600x300 mm differs from the drawing (15000 x 7500 mm) — check; colours from the sheet's note: legend BLACK, background WHITE, border BLACK",Original PDFs/Regulatory Signs/Parking Series MR-RPK/mr-rpk-21.dwg
MR-RPK-22,"MR-RPK-22 - AM, PM, clearway",Regulatory Signs,,,conversion failed: Expected DXF entity INSERT or SEQEND,Original PDFs/Regulatory Signs/Parking Series MR-RPK/mr-rpk-22.dwg
MR-RPK-23,MR-RPK-23 - No parking electric vehicles excepted,intervene/Regulatory Signs,MR_RPK_23_NO_PARKING_ELECTRIC_VEHICLES_EXCEPTED_MR-RPK-23.svg,225x450 mm,"size from the sheet scale 1:5; 6 closed letter outline(s) filled solid; no colour note on the sheet: black legend on white assumed — check colours: legend RED, background WHITE; legend is CAD text on the sheet (ARROW DETAIL): needs setting in the AS 1744 face by hand",Original PDFs/Regulatory Signs/Parking Series MR-RPK/mr-rpk-23.dwg
MR-RPK-23,MR-RPK-23 - No parking electric vehicles excepted,intervene/Regulatory Signs,MR_RPK_23_NO_PARKING_ELECTRIC_VEHICLES_EXCEPTED_VAR2_MR-RPK-23.svg,225x450 mm,"size from the sheet scale 1:5; 6 closed letter outline(s) filled solid; no colour note on the sheet: black legend on white assumed — check colours: legend RED, background WHITE; legend is CAD text on the sheet (ARROW DETAIL): needs setting in the AS 1744 face by hand",Original PDFs/Regulatory Signs/Parking Series MR-RPK/mr-rpk-23.dwg
MR-RPK-23,MR-RPK-23 - No parking electric vehicles excepted,intervene/Regulatory Signs,MR_RPK_23_NO_PARKING_ELECTRIC_VEHICLES_EXCEPTED_VAR3_MR-RPK-23.svg,250x64 mm,"size from the sheet scale 1:5; 6 closed letter outline(s) filled solid; register size 225x450 mm differs from the drawing (250 x 64 mm) — check; no colour note on the sheet: black legend on white assumed — check colours: legend RED, background WHITE; legend is CAD text on the sheet (ARROW DETAIL): needs setting in the AS 1744 face by hand",Original PDFs/Regulatory Signs/Parking Series MR-RPK/mr-rpk-23.dwg
MR-RPK-23,MR-RPK-23 - No parking electric vehicles excepted,intervene/Regulatory Signs,MR_RPK_23_NO_PARKING_ELECTRIC_VEHICLES_EXCEPTED_VAR4_MR-RPK-23.svg,150x36 mm,"size from the sheet scale 1:5; 6 closed letter outline(s) filled solid; register size 225x450 mm differs from the drawing (150 x 36 mm) — check; no colour note on the sheet: black legend on white assumed — check colours: legend RED, background WHITE; legend is CAD text on the sheet (ARROW DETAIL): needs setting in the AS 1744 face by hand",Original PDFs/Regulatory Signs/Parking Series MR-RPK/mr-rpk-23.dwg
MR-RPK-24,MR-RPK-24 - ​​No stopping electric vehicles excepted,intervene/Regulatory Signs,MR_RPK_24_NO_STOPPING_ELECTRIC_VEHICLES_EXCEPTED_MR-RPK-24.svg,225x450 mm,"size from the sheet scale 1:5; 6 closed letter outline(s) filled solid; no colour note on the sheet: black legend on white assumed — check colours: legend RED, background WHITE; legend is CAD text on the sheet (ARROW DETAIL): needs setting in the AS 1744 face by hand",Original PDFs/Regulatory Signs/Parking Series MR-RPK/mr-rpk-24.dwg
MR-RPK-24,MR-RPK-24 - ​​No stopping electric vehicles excepted,intervene/Regulatory Signs,MR_RPK_24_NO_STOPPING_ELECTRIC_VEHICLES_EXCEPTED_VAR2_MR-RPK-24.svg,225x450 mm,"size from the sheet scale 1:5; 6 closed letter outline(s) filled solid; no colour note on the sheet: black legend on white assumed — check colours: legend RED, background WHITE; legend is CAD text on the sheet (ARROW DETAIL): needs setting in the AS 1744 face by hand",Original PDFs/Regulatory Signs/Parking Series MR-RPK/mr-rpk-24.dwg
MR-RPK-24,MR-RPK-24 - ​​No stopping electric vehicles excepted,intervene/Regulatory Signs,MR_RPK_24_NO_STOPPING_ELECTRIC_VEHICLES_EXCEPTED_VAR3_MR-RPK-24.svg,250x64 mm,"size from the sheet scale 1:5; 6 closed letter outline(s) filled solid; register size 225x450 mm differs from the drawing (250 x 64 mm) — check; no colour note on the sheet: black legend on white assumed — check colours: legend RED, background WHITE; legend is CAD text on the sheet (ARROW DETAIL): needs setting in the AS 1744 face by hand",Original PDFs/Regulatory Signs/Parking Series MR-RPK/mr-rpk-24.dwg
MR-RPK-24,MR-RPK-24 - ​​No stopping electric vehicles excepted,intervene/Regulatory Signs,MR_RPK_24_NO_STOPPING_ELECTRIC_VEHICLES_EXCEPTED_VAR4_MR-RPK-24.svg,150x36 mm,"size from the sheet scale 1:5; 6 closed letter outline(s) filled solid; register size 225x450 mm differs from the drawing (150 x 36 mm) — check; no colour note on the sheet: black legend on white assumed — check colours: legend RED, background WHITE; legend is CAD text on the sheet (ARROW DETAIL): needs setting in the AS 1744 face by hand",Original PDFs/Regulatory Signs/Parking Series MR-RPK/mr-rpk-24.dwg
MR-RPK-25,MR-RPK-25 - Parking electric vehicles only,Regulatory Signs,MR_RPK_25_PARKING_ELECTRIC_VEHICLES_ONLY_MR-RPK-25.svg,180x360 mm,"size from the sheet scale 1:2; 25 closed letter outline(s) filled solid; register size 225x450 mm differs from the drawing (180 x 360 mm) — check; colours from the sheet's note: legend GREEN, background WHITE",Original PDFs/Regulatory Signs/Parking Series MR-RPK/mr-rpk-25.dwg
MR-RPK-25,MR-RPK-25 - Parking electric vehicles only,Regulatory Signs,MR_RPK_25_PARKING_ELECTRIC_VEHICLES_ONLY_VAR2_MR-RPK-25.svg,60x15 mm,"size from the sheet scale 1:2; 25 closed letter outline(s) filled solid; register size 225x450 mm differs from the drawing (60 x 15 mm) — check; colours from the sheet's note: legend GREEN, background WHITE",Original PDFs/Regulatory Signs/Parking Series MR-RPK/mr-rpk-25.dwg
MR-RPK-26,MR-RPK-26 - Emergency stopping bay only,Regulatory Signs,,,conversion failed: Expected DXF entity INSERT or SEQEND,Original PDFs/Regulatory Signs/Parking Series MR-RPK/mr-rpk-26.dwg
MR-RPK-27,MR-RPK-27 - Breakdown zone,Regulatory Signs,MR_RPK_27_BREAKDOWN_ZONE_MR-RPK-27.svg,183x243 mm,"size from the sheet scale 1:2; 1 closed letter outline(s) filled solid; no colour note on the sheet: black legend on white assumed — check colours: legend BLACK, background WHITE",Original PDFs/Regulatory Signs/Parking Series MR-RPK/mr-rpk-27.dwg
MR-RPK-30,MR-RPK-30 - No Parking - Authorised Vehicles Excepted,Regulatory Signs,MR_RPK_30_NO_PARKING_AUTHORISED_VEHICLES_EXCEPTED_MR-RPK-30.svg,225x450 mm,"size from the register (225x450 mm); no scale on the sheet; no colour note on the sheet: black legend on white assumed — check colours: legend BLACK, background WHITE",Original PDFs/Regulatory Signs/Parking Series MR-RPK/mr-rpk-30-no-parking-authorised-vehicles-excepted.dwg
MR-RPK-31,MR-RPK-31 - No Stopping - Authorised Vehicles Excepted,Regulatory Signs,MR_RPK_31_NO_STOPPING_AUTHORISED_VEHICLES_EXCEPTED_MR-RPK-31.svg,225x450 mm,"size from the register (225x450 mm); no scale on the sheet; no colour note on the sheet: black legend on white assumed — check colours: legend BLACK, background WHITE",Original PDFs/Regulatory Signs/Parking Series MR-RPK/mr-rpk-31-no-stopping-authorised-vehicles-excepted.dwg
MR-RPK-1,MR-RPK-1 - No standing within road reserve,Regulatory Signs,,,no drawing found after removing the sheet furniture,Original PDFs/Regulatory Signs/Parking Series MR-RPK/mr-rpk-1.dwg
MR-RPK-2,MR-RPK-2 - No standing in arrester bed,Regulatory Signs,,,no drawing found after removing the sheet furniture,Original PDFs/Regulatory Signs/Parking Series MR-RPK/mr-rpk-2.dwg
MR-RPK-8A,MR-RPK-8A - No stopping,Regulatory Signs,MR_RPK_8A_NO_STOPPING_MR-RPK-8A.svg,132x159 mm,"size from the sheet scale 1:2; 11 closed letter outline(s) filled solid; register size 225x300 mm differs from the drawing (132 x 159 mm) — check; no colour note on the sheet: black legend on white assumed — check colours: legend BLACK, background WHITE",Original PDFs/Regulatory Signs/Parking Series MR-RPK/mr-rpk-8a.dwg
MR-RPK-8A,MR-RPK-8A - No stopping,Regulatory Signs,MR_RPK_8A_NO_STOPPING_VAR2_MR-RPK-8A.svg,60x112 mm,"size from the sheet scale 1:2; 11 closed letter outline(s) filled solid; register size 225x300 mm differs from the drawing (60 x 112 mm) — check; no colour note on the sheet: black legend on white assumed — check colours: legend BLACK, background WHITE",Original PDFs/Regulatory Signs/Parking Series MR-RPK/mr-rpk-8a.dwg
MR-RPK-8A,MR-RPK-8A - No stopping,Regulatory Signs,MR_RPK_8A_NO_STOPPING_VAR3_MR-RPK-8A.svg,112x112 mm,"size from the sheet scale 1:2; 11 closed letter outline(s) filled solid; register size 225x300 mm differs from the drawing (112 x 112 mm) — check; no colour note on the sheet: black legend on white assumed — check colours: legend BLACK, background WHITE",Original PDFs/Regulatory Signs/Parking Series MR-RPK/mr-rpk-8a.dwg
MR-RPK-6A,MR-RPK-6A - Bus zone,intervene/Regulatory Signs,MR_RPK_6A_BUS_ZONE_MR-RPK-6A.svg,96x150 mm,"size from the sheet scale 1:2; register size 225x300 mm differs from the drawing (96 x 150 mm) — check; no colour note on the sheet: black legend on white assumed — check colours: legend BLACK, background WHITE; legend is CAD text on the sheet (Z, O, N, E…): needs setting in the AS 1744 face by hand",Original PDFs/Regulatory Signs/Parking Series MR-RPK/mr-rpk-6a.dwg
MR-RPK-6A,MR-RPK-6A - Bus zone,intervene/Regulatory Signs,MR_RPK_6A_BUS_ZONE_VAR2_MR-RPK-6A.svg,60x112 mm,"size from the sheet scale 1:2; register size 225x300 mm differs from the drawing (60 x 112 mm) — check; no colour note on the sheet: black legend on white assumed — check colours: legend BLACK, background WHITE; legend is CAD text on the sheet (Z, O, N, E…): needs setting in the AS 1744 face by hand",Original PDFs/Regulatory Signs/Parking Series MR-RPK/mr-rpk-6a.dwg
MR-RPK-10,MR-RPK-10 - No parking,Regulatory Signs,MR_RPK_10_NO_PARKING_MR-RPK-10.svg,120x152 mm,"size from the sheet scale 1:2; 8 closed letter outline(s) filled solid; register size 225x300 mm differs from the drawing (120 x 152 mm) — check; no colour note on the sheet: black legend on white assumed — check colours: legend BLACK, background WHITE",Original PDFs/Regulatory Signs/Parking Series MR-RPK/mr-rpk-10.dwg
MR-RPK-10,MR-RPK-10 - No parking,Regulatory Signs,MR_RPK_10_NO_PARKING_VAR2_MR-RPK-10.svg,60x112 mm,"size from the sheet scale 1:2; 8 closed letter outline(s) filled solid; register size 225x300 mm differs from the drawing (60 x 112 mm) — check; no colour note on the sheet: black legend on white assumed — check colours: legend BLACK, background WHITE",Original PDFs/Regulatory Signs/Parking Series MR-RPK/mr-rpk-10.dwg
MR-RPK-10,MR-RPK-10 - No parking,Regulatory Signs,MR_RPK_10_NO_PARKING_VAR3_MR-RPK-10.svg,112x112 mm,"size from the sheet scale 1:2; 8 closed letter outline(s) filled solid; register size 225x300 mm differs from the drawing (112 x 112 mm) — check; no colour note on the sheet: black legend on white assumed — check colours: legend BLACK, background WHITE",Original PDFs/Regulatory Signs/Parking Series MR-RPK/mr-rpk-10.dwg
MR-RPK-7,MR-RPK-7 - Loading zone,intervene/Regulatory Signs,MR_RPK_7_LOADING_ZONE_MR-RPK-7.svg,1564x2064 mm,"size from the sheet scale 1:25; register size 225x300 mm differs from the drawing (1564 x 2064 mm) — check; no colour note on the sheet: black legend on white assumed — check colours: legend BLACK, background WHITE; legend is CAD text on the sheet (L, O, A, D…): needs setting in the AS 1744 face by hand",Original PDFs/Regulatory Signs/Parking Series MR-RPK/mr-rpk-7.dwg
MR-RPK-7,MR-RPK-7 - Loading zone,intervene/Regulatory Signs,MR_RPK_7_LOADING_ZONE_VAR2_MR-RPK-7.svg,756x1402 mm,"size from the sheet scale 1:25; register size 225x300 mm differs from the drawing (756 x 1402 mm) — check; no colour note on the sheet: black legend on white assumed — check colours: legend BLACK, background WHITE; legend is CAD text on the sheet (L, O, A, D…): needs setting in the AS 1744 face by hand",Original PDFs/Regulatory Signs/Parking Series MR-RPK/mr-rpk-7.dwg
MR-RPK-5,MR-RPK-5 - With times (meter optional),intervene/Regulatory Signs,MR_RPK_5_WITH_TIMES_METER_OPTIONAL_MR-RPK-5.svg,302x561 mm,"size from the sheet scale 1:10; register size 225x450 mm differs from the drawing (302 x 561 mm) — check; colours from the sheet's note: legend GREEN, background WHITE; legend is CAD text on the sheet (R, E, T, E…): needs setting in the AS 1744 face by hand",Original PDFs/Regulatory Signs/Parking Series MR-RPK/mr-rpk-5.dwg
MR-RPK-8B,MR-RPK-8B - No stopping,Regulatory Signs,,,no drawing found after removing the sheet furniture,Original PDFs/Regulatory Signs/Parking Series MR-RPK/mr-rpk-8b.dwg
MR-RPK-11,MR-RPK-11 - Clearway,intervene/Regulatory Signs,MR_RPK_11_CLEARWAY_MR-RPK-11.svg,121x224 mm,"size from the sheet scale 1:4; no colour note on the sheet: black legend on white assumed — check colours: legend BLACK, background WHITE; legend is CAD text on the sheet (N, O, M, I…): needs setting in the AS 1744 face by hand",Original PDFs/Regulatory Signs/Parking Series MR-RPK/mr-rpk-11.dwg
MR-RPK-12,MR-RPK-12 - PM Clearway,intervene/Regulatory Signs,MR_RPK_12_PM_CLEARWAY_MR-RPK-12.svg,121x224 mm,"size from the sheet scale 1:4; register size 225x300 mm differs from the drawing (121 x 224 mm) — check; no colour note on the sheet: black legend on white assumed — check colours: legend BLACK, background WHITE; legend is CAD text on the sheet (N, O, M, I…): needs setting in the AS 1744 face by hand",Original PDFs/Regulatory Signs/Parking Series MR-RPK/mr-rpk-12.dwg
MR-RPK-13,"MR-RPK-13 - AM, PM, Clearway",intervene/Regulatory Signs,MR_RPK_13_AM_PM_CLEARWAY_MR-RPK-13.svg,119x224 mm,"size from the sheet scale 1:4; register size 225x450 mm differs from the drawing (119 x 224 mm) — check; no colour note on the sheet: black legend on white assumed — check colours: legend BLACK, background WHITE; legend is CAD text on the sheet (N, O, M, I…): needs setting in the AS 1744 face by hand",Original PDFs/Regulatory Signs/Parking Series MR-RPK/mr-rpk-13.dwg
MR-RPK-13,"MR-RPK-13 - AM, PM, Clearway",intervene/Regulatory Signs,MR_RPK_13_AM_PM_CLEARWAY_VAR2_MR-RPK-13.svg,121x224 mm,"size from the sheet scale 1:4; register size 225x450 mm differs from the drawing (121 x 224 mm) — check; no colour note on the sheet: black legend on white assumed — check colours: legend BLACK, background WHITE; legend is CAD text on the sheet (N, O, M, I…): needs setting in the AS 1744 face by hand",Original PDFs/Regulatory Signs/Parking Series MR-RPK/mr-rpk-13.dwg
MR-RPK-6B,MR-RPK-6B - Bus zone,Regulatory Signs,,,no drawing found after removing the sheet furniture,Original PDFs/Regulatory Signs/Parking Series MR-RPK/mr-rpk-6b.dwg
MR-RPK-14,"MR-RPK-14 - AM, PM, Clearway",intervene/Regulatory Signs,MR_RPK_14_AM_PM_CLEARWAY_MR-RPK-14.svg,236x298 mm,"size from the sheet scale 1:4; 1 closed letter outline(s) filled solid; 1 closed letter outline(s) filled solid; register size 450x225 mm differs from the drawing (236 x 298 mm) — check; no colour note on the sheet: black legend on white assumed — check colours: legend BLACK, background WHITE; legend is CAD text on the sheet (N, O, M, I…): needs setting in the AS 1744 face by hand",Original PDFs/Regulatory Signs/Parking Series MR-RPK/mr-rpk-14.dwg
MR-RPK-14,"MR-RPK-14 - AM, PM, Clearway",intervene/Regulatory Signs,MR_RPK_14_AM_PM_CLEARWAY_VAR2_MR-RPK-14.svg,198x407 mm,"size from the sheet scale 1:4; 1 closed letter outline(s) filled solid; 1 closed letter outline(s) filled solid; register size 450x225 mm differs from the drawing (198 x 407 mm) — check; no colour note on the sheet: black legend on white assumed — check colours: legend BLACK, background WHITE; legend is CAD text on the sheet (N, O, M, I…): needs setting in the AS 1744 face by hand",Original PDFs/Regulatory Signs/Parking Series MR-RPK/mr-rpk-14.dwg
MR-RPK-9,MR-RPK-9 - No stopping (school pickup times),intervene/Regulatory Signs,MR_RPK_9_NO_STOPPING_SCHOOL_PICKUP_TIMES_MR-RPK-9.svg,119x224 mm,"size from the sheet scale 1:4; 11 closed letter outline(s) filled solid; register size 225x450 mm differs from the drawing (119 x 224 mm) — check; no colour note on the sheet: black legend on white assumed — check colours: legend BLACK, background WHITE; legend is CAD text on the sheet (N, O, M, I…): needs setting in the AS 1744 face by hand",Original PDFs/Regulatory Signs/Parking Series MR-RPK/mr-rpk-9.dwg
MR-RPK-17,MR-RPK-17 - No parking on verge,intervene/Regulatory Signs,MR_RPK_17_NO_PARKING_ON_VERGE_MR-RPK-17.svg,169x639 mm,"size from the sheet scale 1:4; 10 closed letter outline(s) filled solid; 1 closed letter outline(s) filled solid; register size 225x450 mm differs from the drawing (169 x 639 mm) — check; no colour note on the sheet: black legend on white assumed — check colours: legend BLACK, background WHITE; legend is CAD text on the sheet (E, G, R, E…): needs setting in the AS 1744 face by hand",Original PDFs/Regulatory Signs/Parking Series MR-RPK/mr-rpk-17.dwg
MR-RPK-18,MR-RPK-18 - No parking on road or verge,intervene/Regulatory Signs,MR_RPK_18_NO_PARKING_ON_ROAD_OR_VERGE_MR-RPK-18.svg,223x685 mm,"size from the sheet scale 1:4; 10 closed letter outline(s) filled solid; 1 closed letter outline(s) filled solid; 1 closed letter outline(s) filled solid; register size 225x450 mm differs from the drawing (223 x 685 mm) — check; no colour note on the sheet: black legend on white assumed — check colours: legend BLACK, background WHITE; legend is CAD text on the sheet (R, O, V, E…): needs setting in the AS 1744 face by hand",Original PDFs/Regulatory Signs/Parking Series MR-RPK/mr-rpk-18.dwg
MR-RP-8,MR-RP-8 - No pedestrians,Regulatory Signs,MR_RP_8_NO_PEDESTRIANS_MR-RP-8.svg,130x162 mm,"size from the register (130x160 mm); no scale on the sheet; 1 closed letter outline(s) filled solid; 1 closed letter outline(s) filled solid; 1 closed letter outline(s) filled solid; 1 closed letter outline(s) filled solid; no colour note on the sheet: black legend on white assumed — check colours: legend BLACK, background WHITE",Original PDFs/Regulatory Signs/Pedestrian Series MR-RP/mr-rp-8.dwg
MR-RP-9,MR-RP-9 - Children crossing regulatory (wardens flag),Regulatory Signs,MR_RP_9_CHILDREN_CROSSING_REGULATORY_WARDENS_FLAG_MR-RP-9.svg,630x616 mm,"size from the register (630x630 mm); no scale on the sheet; 20 closed letter outline(s) filled solid; no colour note on the sheet: black legend on white assumed — check colours: legend BLACK, background WHITE",Original PDFs/Regulatory Signs/Pedestrian Series MR-RP/mr-rp-9.dwg
MR-RP-7,MR-RP-7 - Pedestrians crossing diagonally (L R decal),Regulatory Signs,MR_RP_7_PEDESTRIANS_CROSSING_DIAGONALLY_L_R_DECAL_MR-RP-7.svg,130x161 mm,"size from the register (130x160 mm); no scale on the sheet; 2 closed letter outline(s) filled solid; no colour note on the sheet: black legend on white assumed — check colours: legend BLACK, background WHITE",Original PDFs/Regulatory Signs/Pedestrian Series MR-RP/mr-rp-7.dwg
MR-RP-6,MR-RP-6 - Pedestrian mall,Regulatory Signs,MR_RP_6_PEDESTRIAN_MALL_MR-RP-6.svg,1460x960 mm,"no scale on the sheet and no register size; drawn at 1:10 — check; 11 closed letter outline(s) filled solid; 1 closed letter outline(s) filled solid; 1 closed letter outline(s) filled solid; 1 closed letter outline(s) filled solid; 1 closed letter outline(s) filled solid; no colour note on the sheet: black legend on white assumed — check colours: legend BLACK, background WHITE",Original PDFs/Regulatory Signs/Pedestrian Series MR-RP/mr-rp-6.dwg
MR-RP-11,MR-RP-11 - Give way to pedestrians,intervene/Regulatory Signs,MR_RP_11_GIVE_WAY_TO_PEDESTRIANS_MR-RP-11.svg,6000x6000 mm,"size from the sheet scale 1:20; 1 closed letter outline(s) filled solid; register size 300x300 mm differs from the drawing (6000 x 6000 mm) — check; no colour note on the sheet: black legend on white assumed — check colours: legend BLACK, background WHITE; legend is CAD text on the sheet (p, u, l, a…): needs setting in the AS 1744 face by hand",Original PDFs/Regulatory Signs/Pedestrian Series MR-RP/mr-rp-11.dwg
MR-RP-2,MR-RP-2 - Pedestrian mall,Regulatory Signs,MR_RP_2_PEDESTRIAN_MALL_MR-RP-2.svg,900x1613 mm,"size from the register (900x1060 mm); no scale on the sheet; 5 closed letter outline(s) filled solid; 1 closed letter outline(s) filled solid; 1 closed letter outline(s) filled solid; 1 closed letter outline(s) filled solid; 1 closed letter outline(s) filled solid; register size 900x1060 mm differs from the drawing (900 x 1613 mm) — check; no colour note on the sheet: black legend on white assumed — check colours: legend BLACK, background WHITE",Original PDFs/Regulatory Signs/Pedestrian Series MR-RP/mr-rp-2.dwg
MR-RS-14,MR-RS-14 - School Zone Sign - Carnarvon,Regulatory Signs,MR_RS_14_SCHOOL_ZONE_SIGN_CARNARVON_MR-RS-14.svg,600x1315 mm,"size from the register (600x1315 mm); no scale on the sheet; no colour note on the sheet: black legend on white assumed — check colours: legend BLACK, background WHITE",Original PDFs/Regulatory Signs/Speed Series MR-RS/mr-rs-14.dwg
MR-RS-15,"MR-RS-15 - Enhanced School Zone Sign - Metropolitan, Goldfields - Esperance, Wheatbelt, South West and Great Southern Regions",intervene/Regulatory Signs,MR_RS_15_ENHANCED_SCHOOL_ZONE_SIGN_METROPOLITAN_GOLDFIELDS_ESPERANCE_WHEATBELT_S_MR-RS-15.svg,600x1528 mm,"size from the register (600x1500 mm); no scale on the sheet; no colour note on the sheet: black legend on white assumed — check colours: legend BLACK, background WHITE; legend is CAD text on the sheet (SCHOOL, ZONE, SCHOOL DAYS): needs setting in the AS 1744 face by hand",Original PDFs/Regulatory Signs/Speed Series MR-RS/mr-rs-15.dwg
MR-RS-16,MR-RS-16 - Enhanced School Zone Sign - Mid West - Gascoyne (Except Carnarvon) and Pilbara Regions,intervene/Regulatory Signs,MR_RS_16_ENHANCED_SCHOOL_ZONE_SIGN_MID_WEST_GASCOYNE_EXCEPT_CARNARVON_AND_PILBAR_MR-RS-16.svg,600x1528 mm,"size from the register (600x1500 mm); no scale on the sheet; no colour note on the sheet: black legend on white assumed — check colours: legend BLACK, background WHITE; legend is CAD text on the sheet (AM, SCHOOL DAYS, PM, SCHOOL…): needs setting in the AS 1744 face by hand",Original PDFs/Regulatory Signs/Speed Series MR-RS/mr-rs-16.dwg
MR-RS-17,"MR-RS-17 - Supplementary Plate to Enhance School Zone Signs (MR-RS-7, MR-RS-8, MR-RS-14 and MR-RS-28)",intervene/Regulatory Signs,MR_RS_17_SUPPLEMENTARY_PLATE_TO_ENHANCE_SCHOOL_ZONE_SIGNS_MR_RS_7_MR_RS_8_MR_RS__MR-RS-17.svg,600x452 mm,"size from the register (600x440 mm); no scale on the sheet; no colour note on the sheet: black legend on white assumed — check colours: legend BLACK, background WHITE; legend is CAD text on the sheet (SCHOOL, ZONE): needs setting in the AS 1744 face by hand",Original PDFs/Regulatory Signs/Speed Series MR-RS/mr-rs-17.dwg
MR-RS-18,MR-RS-18 - Heavy vehicle speed zone,Regulatory Signs,MR_RS_18_HEAVY_VEHICLE_SPEED_ZONE_MR-RS-18.svg,2500x900 mm,"size from the register (2500x900 mm); no scale on the sheet; 12 closed letter outline(s) filled solid; no colour note on the sheet: black legend on white assumed — check colours: legend BLACK, background WHITE",Original PDFs/Regulatory Signs/Speed Series MR-RS/mr-rs-18.dwg
MR-RS-19,MR-RS-19 - End of heavy vehicle speed zone,Regulatory Signs,MR_RS_19_END_OF_HEAVY_VEHICLE_SPEED_ZONE_MR-RS-19.svg,1500x801 mm,"size from the register (1500x800 mm); no scale on the sheet; 7 closed letter outline(s) filled solid; no colour note on the sheet: black legend on white assumed — check colours: legend BLACK, background WHITE",Original PDFs/Regulatory Signs/Speed Series MR-RS/mr-rs-19.dwg
MR-RS-20,MR-RS-20 - End area speed limit,Regulatory Signs,MR_RS_20_END_AREA_SPEED_LIMIT_MR-RS-20.svg,450x450 mm,"size from the register (450x450 mm); no scale on the sheet; 3 closed letter outline(s) filled solid; no colour note on the sheet: black legend on white assumed — check colours: legend BLACK, background WHITE",Original PDFs/Regulatory Signs/Speed Series MR-RS/mr-rs-20.dwg
MR-RS-21,MR-RS-21 - End speed limit,Regulatory Signs,MR_RS_21_END_SPEED_LIMIT_MR-RS-21.svg,450x600 mm,"size from the register (450x600 mm); no scale on the sheet; no colour note on the sheet: black legend on white assumed — check colours: legend BLACK, background WHITE",Original PDFs/Regulatory Signs/Speed Series MR-RS/mr-rs-21.dwg
MR-RS-23,MR-RS-23 - Variable speed limit sign,Regulatory Signs,MR_RS_23_VARIABLE_SPEED_LIMIT_SIGN_MR-RS-23.svg,600x599 mm,"size from the sheet scale 1:10; no colour note on the sheet: black legend on white assumed — check colours: legend BLACK, background WHITE",Original PDFs/Regulatory Signs/Speed Series MR-RS/mr-rs-23.dwg
MR-RS-28,MR-RS-28 - School Zone Sign - Kimberley Region,Regulatory Signs,MR_RS_28_SCHOOL_ZONE_SIGN_KIMBERLEY_REGION_MR-RS-28.svg,600x1315 mm,"size from the register (600x1315 mm); no scale on the sheet; no colour note on the sheet: black legend on white assumed — check colours: legend BLACK, background WHITE",Original PDFs/Regulatory Signs/Speed Series MR-RS/mr-rs-28.dwg
MR-RS-29,MR-RS-29 - Enhanced School Zone Sign - Kimberley Region,intervene/Regulatory Signs,MR_RS_29_ENHANCED_SCHOOL_ZONE_SIGN_KIMBERLEY_REGION_MR-RS-29.svg,600x1528 mm,"size from the register (600x1500 mm); no scale on the sheet; no colour note on the sheet: black legend on white assumed — check colours: legend BLACK, background WHITE; legend is CAD text on the sheet (AM, SCHOOL DAYS, PM, SCHOOL…): needs setting in the AS 1744 face by hand",Original PDFs/Regulatory Signs/Speed Series MR-RS/mr-rs-29.dwg
MR-RS-24,MR-RS-24 - When All Signs Blank Speed Limit ... km/h,Regulatory Signs,MR_RS_24_WHEN_ALL_SIGNS_BLANK_SPEED_LIMIT_KM_H_MR-RS-24.svg,900x1200 mm,"size from the register (900x1200 mm); no scale on the sheet; 1 closed letter outline(s) filled solid; no colour note on the sheet: black legend on white assumed — check colours: legend BLACK, background WHITE",Original PDFs/Regulatory Signs/Speed Series MR-RS/mr-rs-24.dwg
MR-RS-25,MR-RS-25 - When sign blank,Regulatory Signs,MR_RS_25_WHEN_SIGN_BLANK_MR-RS-25.svg,900x1200 mm,"size from the register (900x1200 mm); no scale on the sheet; 1 closed letter outline(s) filled solid; no colour note on the sheet: black legend on white assumed — check colours: legend BLACK, background WHITE",Original PDFs/Regulatory Signs/Speed Series MR-RS/mr-rs-25.dwg
MR-RS-30,MR-RS-30 - Enhanced School Zone Sign - Carnarvon,intervene/Regulatory Signs,MR_RS_30_ENHANCED_SCHOOL_ZONE_SIGN_CARNARVON_MR-RS-30.svg,600x1528 mm,"size from the register (600x1500 mm); no scale on the sheet; no colour note on the sheet: black legend on white assumed — check colours: legend BLACK, background WHITE; legend is CAD text on the sheet (AM, SCHOOL DAYS, PM, SCHOOL…): needs setting in the AS 1744 face by hand",Original PDFs/Regulatory Signs/Speed Series MR-RS/mr-rs-30.dwg
MR-RS-31,MR-RS-31 - End Shared Area,Regulatory Signs,MR_RS_31_END_SHARED_AREA_MR-RS-31.svg,600x200 mm,"size from the register (600x200 mm); no scale on the sheet; no colour note on the sheet: black legend on white assumed — check colours: legend BLACK, background WHITE",Original PDFs/Regulatory Signs/Speed Series MR-RS/mr-rs-31.dwg
MR-RS-32,MR-RS-32 - Time Based Children Crossing,Regulatory Signs,MR_RS_32_TIME_BASED_CHILDREN_CROSSING_MR-RS-32.svg,600x1315 mm,"size from the register (1315x600 mm); no scale on the sheet; 12 closed letter outline(s) filled solid; register size 1315x600 mm differs from the drawing (600 x 1315 mm) — check; no colour note on the sheet: black legend on white assumed — check colours: legend BLACK, background WHITE",Original PDFs/Regulatory Signs/Speed Series MR-RS/mr-rs-32-time-based-children-crossing-dwg.dwg
MR-RS-1,MR-RS-1 - WA maximum speeds,Regulatory Signs,MR_RS_1_WA_MAXIMUM_SPEEDS_MR-RS-1.svg,4300x3500 mm,"size from the sheet scale 1:30; 13 closed letter outline(s) filled solid; no colour note on the sheet: black legend on white assumed — check colours: legend BLACK, background WHITE",Original PDFs/Regulatory Signs/Speed Series MR-RS/mr-rs-1.dwg
MR-RS-7,"MR-RS-7 - Enhanced School Zone Sign - Metropolitan, Goldfields - Esperance, Wheatbelt, South West and Great Southern Regions",intervene/Regulatory Signs,MR_RS_7_ENHANCED_SCHOOL_ZONE_SIGN_METROPOLITAN_GOLDFIELDS_ESPERANCE_WHEATBELT_SO_MR-RS-7.svg,600x1334 mm,"size from the register (600x1315 mm); no scale on the sheet; no colour note on the sheet: black legend on white assumed — check colours: legend BLACK, background WHITE; legend is CAD text on the sheet (SCHOOL, ZONE, SCHOOL DAYS): needs setting in the AS 1744 face by hand",Original PDFs/Regulatory Signs/Speed Series MR-RS/mr-rs-7.dwg
MR-RS-8,MR-RS-8 - Enhanced School Zone Sign - Mid West - Gascoyne (Except Carnarvon) and Pilbara Regions,Regulatory Signs,MR_RS_8_ENHANCED_SCHOOL_ZONE_SIGN_MID_WEST_GASCOYNE_EXCEPT_CARNARVON_AND_PILBARA_MR-RS-8.svg,600x1315 mm,"size from the register (600x1315 mm); no scale on the sheet; no colour note on the sheet: black legend on white assumed — check colours: legend BLACK, background WHITE",Original PDFs/Regulatory Signs/Speed Series MR-RS/mr-rs-8.dwg
MR-RS-11,"MR-RS-11 - School Zone Times - Metropolitan, Goldfields - Esperance, Wheatbelt, South West and Great Southern Regions",Regulatory Signs,MR_RS_11_SCHOOL_ZONE_TIMES_METROPOLITAN_GOLDFIELDS_ESPERANCE_WHEATBELT_SOUTH_WES_MR-RS-11.svg,600x600 mm,"size from the register (600x600 mm); no scale on the sheet; no colour note on the sheet: black legend on white assumed — check colours: legend BLACK, background WHITE",Original PDFs/Regulatory Signs/Speed Series MR-RS/mr-rs-11.dwg
MR-RS-12,MR-RS-12 - School Zone Times – Mid West – Gascoyne (Except Carnarvon) and Pilbara Regions,Regulatory Signs,MR_RS_12_SCHOOL_ZONE_TIMES_MID_WEST_GASCOYNE_EXCEPT_CARNARVON_AND_PILBARA_REGION_MR-RS-12.svg,600x600 mm,"size from the register (600x600 mm); no scale on the sheet; no colour note on the sheet: black legend on white assumed — check colours: legend BLACK, background WHITE",Original PDFs/Regulatory Signs/Speed Series MR-RS/mr-rs-12.dwg
MR-RS-26,MR-RS-26 - School Zone Times - Carnarvon,Regulatory Signs,MR_RS_26_SCHOOL_ZONE_TIMES_CARNARVON_MR-RS-26.svg,600x600 mm,"size from the register (600x600 mm); no scale on the sheet; no colour note on the sheet: black legend on white assumed — check colours: legend BLACK, background WHITE",Original PDFs/Regulatory Signs/Speed Series MR-RS/mr-rs-26.dwg
MR-RS-27,MR-RS-27 - School Zone Times - Kimberley Region,Regulatory Signs,MR_RS_27_SCHOOL_ZONE_TIMES_KIMBERLEY_REGION_MR-RS-27.svg,600x600 mm,"size from the register (600x600 mm); no scale on the sheet; no colour note on the sheet: black legend on white assumed — check colours: legend BLACK, background WHITE",Original PDFs/Regulatory Signs/Speed Series MR-RS/mr-rs-27.dwg
MR-RT-4,MR-RT-4 - Over height turn back,Regulatory Signs,MR_RT_4_OVER_HEIGHT_TURN_BACK_MR-RT-4.svg,3400x2385 mm,"size from the register (3400x2400 mm); no scale on the sheet; 39 closed letter outline(s) filled solid; no colour note on the sheet: black legend on white assumed — check colours: legend BLACK, background WHITE",Original PDFs/Regulatory Signs/Temporary Series MR-RT/mr-rt-4.dwg
MR-RT-2,MR-RT-2 - Height limit 4.8m turn left right,Regulatory Signs,MR_RT_2_HEIGHT_LIMIT_4_8M_TURN_LEFT_RIGHT_MR-RT-2.svg,3400x1725 mm,"size from the register (3400x1750 mm); no scale on the sheet; 1 closed letter outline(s) filled solid; no colour note on the sheet: black legend on white assumed — check colours: legend BLACK, background WHITE",Original PDFs/Regulatory Signs/Temporary Series MR-RT/mr-rt-2.dwg
MR-RT-3,MR-RT-3 - Height limit 4.8m turn back,Regulatory Signs,MR_RT_3_HEIGHT_LIMIT_4_8M_TURN_BACK_MR-RT-3.svg,3400x1776 mm,"size from the register (3400x1800 mm); no scale on the sheet; 4 closed letter outline(s) filled solid; no colour note on the sheet: black legend on white assumed — check colours: legend BLACK, background WHITE",Original PDFs/Regulatory Signs/Temporary Series MR-RT/mr-rt-3.dwg
MR-RT-1,MR-RT-1 - Low bridge ahead,Regulatory Signs,MR_RT_1_LOW_BRIDGE_AHEAD_MR-RT-1.svg,3000x1780 mm,"size from the register (3000x1800 mm); no scale on the sheet; 22 closed letter outline(s) filled solid; no colour note on the sheet: black legend on white assumed — check colours: legend BLACK, background WHITE",Original PDFs/Regulatory Signs/Temporary Series MR-RT/mr-rt-1.dwg
MR-SAD-7,MR-SAD-7 - Bus station park and ride,Service Signs,,,no drawing found after removing the sheet furniture,Original PDFs/Service Signs/Advance Direction Series MR-SAD/mr-sad-7.dwg
MR-SAD-4,MR-SAD-4 - Road train assembly area,Service Signs,,,no drawing found after removing the sheet furniture,Original PDFs/Service Signs/Advance Direction Series MR-SAD/mr-sad-4.dwg
MR-SAD-10,MR-SAD-10 - Emergency stopping bay & phone ahead,Service Signs,MR_SAD_10_EMERGENCY_STOPPING_BAY_PHONE_AHEAD_MR-SAD-10.svg,1500x1400 mm,"size from the register (1500x1400 mm); no scale on the sheet; 17 closed letter outline(s) filled solid; no colour note on the sheet: MR-SA series default assumed — check colours: legend WHITE, background BLUE",Original PDFs/Service Signs/Advance Direction Series MR-SAD/mr-sad-10.dwg
MR-SAD-11,MR-SAD-11 - Electric vehicle parking,Service Signs,MR_SAD_11_ELECTRIC_VEHICLE_PARKING_MR-SAD-11.svg,300x450 mm,"size from the sheet scale 1:5; 4 closed letter outline(s) filled solid; colours from the sheet's note: legend WHITE, background BLUE",Original PDFs/Service Signs/Advance Direction Series MR-SAD/mr-sad-11.dwg
MR-SAD-11,MR-SAD-11 - Electric vehicle parking,Service Signs,MR_SAD_11_ELECTRIC_VEHICLE_PARKING_VAR2_MR-SAD-11.svg,150x36 mm,"size from the sheet scale 1:5; 4 closed letter outline(s) filled solid; register size 300x450 mm differs from the drawing (150 x 36 mm) — check; colours from the sheet's note: legend WHITE, background BLUE",Original PDFs/Service Signs/Advance Direction Series MR-SAD/mr-sad-11.dwg
MR-SAD-12,MR-SAD-12 - Car park with electric vehicle parking​,Service Signs,MR_SAD_12_CAR_PARK_WITH_ELECTRIC_VEHICLE_PARKING_MR-SAD-12.svg,500x900 mm,"size from the sheet scale 1:10; 4 closed letter outline(s) filled solid; colours from the sheet's note: legend WHITE, background BLUE",Original PDFs/Service Signs/Advance Direction Series MR-SAD/mr-sad-12.dwg
MR-SAD-12,MR-SAD-12 - Car park with electric vehicle parking​,Service Signs,MR_SAD_12_CAR_PARK_WITH_ELECTRIC_VEHICLE_PARKING_VAR2_MR-SAD-12.svg,301x73 mm,"size from the sheet scale 1:10; 4 closed letter outline(s) filled solid; register size 500x900 mm differs from the drawing (301 x 73 mm) — check; colours from the sheet's note: legend WHITE, background BLUE",Original PDFs/Service Signs/Advance Direction Series MR-SAD/mr-sad-12.dwg
MR-SAD-13,MR-SAD-13 - Disposal point rest area,Service Signs,MR_SAD_13_DISPOSAL_POINT_REST_AREA_MR-SAD-13.svg,3000x1880 mm,"size from the sheet scale 1:20; 15 closed letter outline(s) filled solid; colours from the sheet's note: legend WHITE, background BLUE, border WHITE",Original PDFs/Service Signs/Advance Direction Series MR-SAD/mr-sad-13.dwg
MR-SAD-13,MR-SAD-13 - Disposal point rest area,Service Signs,MR_SAD_13_DISPOSAL_POINT_REST_AREA_VAR2_MR-SAD-13.svg,1196x667 mm,"size from the sheet scale 1:20; 15 closed letter outline(s) filled solid; colours from the sheet's note: legend WHITE, background BLUE, border WHITE",Original PDFs/Service Signs/Advance Direction Series MR-SAD/mr-sad-13.dwg
MR-SAD-13,MR-SAD-13 - Disposal point rest area,Service Signs,MR_SAD_13_DISPOSAL_POINT_REST_AREA_VAR3_MR-SAD-13.svg,709x251 mm,"size from the sheet scale 1:20; 15 closed letter outline(s) filled solid; colours from the sheet's note: legend WHITE, background BLUE, border WHITE",Original PDFs/Service Signs/Advance Direction Series MR-SAD/mr-sad-13.dwg
MR-SAD-13,MR-SAD-13 - Disposal point rest area,Service Signs,MR_SAD_13_DISPOSAL_POINT_REST_AREA_VAR4_MR-SAD-13.svg,813x102 mm,"size from the sheet scale 1:20; 15 closed letter outline(s) filled solid; colours from the sheet's note: legend WHITE, background BLUE, border WHITE",Original PDFs/Service Signs/Advance Direction Series MR-SAD/mr-sad-13.dwg
MR-SAD-14,MR-SAD-14 -​ Call for assistance decal,Service Signs,MR_SAD_14_CALL_FOR_ASSISTANCE_DECAL_MR-SAD-14.svg,2000x4000 mm,"no scale on the sheet and no register size; drawn at 1:10 — check; no colour note on the sheet: MR-SA series default assumed — check colours: legend WHITE, background BLUE",Original PDFs/Service Signs/Advance Direction Series MR-SAD/mr-sad-14.dwg
MR-SAD-15,MR-SAD-15 - Stopping bays for emergency use only,Service Signs,MR_SAD_15_STOPPING_BAYS_FOR_EMERGENCY_USE_ONLY_MR-SAD-15.svg,1007x773 mm,"no scale on the sheet and no register size; drawn at 1:10 — check; no colour note on the sheet: MR-SA series default assumed — check colours: legend WHITE, background BLUE",Original PDFs/Service Signs/Advance Direction Series MR-SAD/mr-sad-15.dwg
MR-SAD-16,MR-SAD-16 - Emergency stopping bay ahead​​,Service Signs,MR_SAD_16_EMERGENCY_STOPPING_BAY_AHEAD_MR-SAD-16.svg,1005x771 mm,"no scale on the sheet and no register size; drawn at 1:10 — check; 1 closed letter outline(s) filled solid; no colour note on the sheet: MR-SA series default assumed — check colours: legend WHITE, background BLUE",Original PDFs/Service Signs/Advance Direction Series MR-SAD/mr-sad-16.dwg
MR-SAD-18,MR-SAD-18 - Drivers must call 138 138 when in emergency bay​​,Service Signs,MR_SAD_18_DRIVERS_MUST_CALL_138_138_WHEN_IN_EMERGENCY_BAY_MR-SAD-18.svg,600x400 mm,"no scale on the sheet and no register size; drawn at 1:10 — check; 1 closed letter outline(s) filled solid; no colour note on the sheet: MR-SA series default assumed — check colours: legend WHITE, background BLUE",Original PDFs/Service Signs/Advance Direction Series MR-SAD/mr-sad-18.dwg
MR-SAD-19,MR-SAD-19 - ​​Emergency phone location,Service Signs,,,conversion failed: Expected DXF entity INSERT or SEQEND,Original PDFs/Service Signs/Advance Direction Series MR-SAD/mr-sad-19.dwg
MR-SAD-17,MR-SAD-17 - Stop revive survive,Service Signs,,,conversion failed: Expected DXF entity LWPOLYLINE or SEQEND,Original PDFs/Service Signs/Advance Direction Series MR-SAD/mr-sad-17.dwg
MR-SAD-20,MR-SAD-20 - Service Sign 5 km on Left,Service Signs,MR_SAD_20_SERVICE_SIGN_5_KM_ON_LEFT_MR-SAD-20.svg,5200x2330 mm,"size from the register (5200x2330 mm); no scale on the sheet; no colour note on the sheet: MR-SA series default assumed — check colours: legend WHITE, background BLUE",Original PDFs/Service Signs/Advance Direction Series MR-SAD/mr-sad-20.dwg
MR-SAD-21,MR-SAD-21 - Service Sign 1 km on Left,Service Signs,MR_SAD_21_SERVICE_SIGN_1_KM_ON_LEFT_MR-SAD-21.svg,5200x3280 mm,"size from the register (5200x3280 mm); no scale on the sheet; no colour note on the sheet: MR-SA series default assumed — check colours: legend WHITE, background BLUE",Original PDFs/Service Signs/Advance Direction Series MR-SAD/mr-sad-21.dwg
MR-SAD-22,MR-SAD-22 - Service Centre Exit Sign,Service Signs,,,conversion failed: Expected DXF entity MTEXT or SEQEND,Original PDFs/Service Signs/Advance Direction Series MR-SAD/mr-sad-22.dwg
MR-SAD-6,MR-SAD-6 - Emergency phone,Service Signs,,,no drawing found after removing the sheet furniture,Original PDFs/Service Signs/Advance Direction Series MR-SAD/mr-sad-6.dwg
MR-SAD-2,MR-SAD-2 - Truck check bay,Service Signs,,,no drawing found after removing the sheet furniture,Original PDFs/Service Signs/Advance Direction Series MR-SAD/mr-sad-2.dwg
MR-SAD-3,MR-SAD-3 - Road train assembly area truck check bay,Service Signs,,,no drawing found after removing the sheet furniture,Original PDFs/Service Signs/Advance Direction Series MR-SAD/mr-sad-3.dwg
MR-SAD-1,MR-SAD-1 - Free coffee for driver,Service Signs,,,no drawing found after removing the sheet furniture,Original PDFs/Service Signs/Advance Direction Series MR-SAD/mr-sad-1.dwg
MR-SAD-9A,MR-SAD-9A - Driver reviver (L),intervene/Service Signs,MR_SAD_9A_DRIVER_REVIVER_L_MR-SAD-9A.svg,1400x1600 mm,"size from the register (1400x1600 mm); no scale on the sheet; 1 closed letter outline(s) filled solid; no colour note on the sheet: MR-SA series default assumed — check colours: legend WHITE, background BLUE; legend is CAD text on the sheet (R, E, V, I…): needs setting in the AS 1744 face by hand",Original PDFs/Service Signs/Advance Direction Series MR-SAD/mr-sad-9a.dwg
MR-SAD-9B,MR-SAD-9B - Driver reviver (R),intervene/Service Signs,MR_SAD_9B_DRIVER_REVIVER_R_MR-SAD-9B.svg,1400x1600 mm,"size from the register (1400x1600 mm); no scale on the sheet; 1 closed letter outline(s) filled solid; no colour note on the sheet: MR-SA series default assumed — check colours: legend WHITE, background BLUE; legend is CAD text on the sheet (m, k, E, E…): needs setting in the AS 1744 face by hand",Original PDFs/Service Signs/Advance Direction Series MR-SAD/mr-sad-9b.dwg
MR-SG-17,MR-SG-17 - Don't drive tired,Service Signs,,,no drawing found after removing the sheet furniture,Original PDFs/Service Signs/Advance Direction Series MR-SAD/mr-sg-17.dwg
MR-SAD-8A,MR-SAD-8A - Emergency hospital,intervene/Service Signs,MR_SAD_8A_EMERGENCY_HOSPITAL_MR-SAD-8A.svg,3000x1100 mm,"size from the register (3000x1100 mm); no scale on the sheet; 1 closed letter outline(s) filled solid; no colour note on the sheet: MR-SA series default assumed — check colours: legend WHITE, background BLUE; legend is CAD text on the sheet (H, O, S, P…): needs setting in the AS 1744 face by hand",Original PDFs/Service Signs/Advance Direction Series MR-SAD/mr-sad-8a.dwg
MR-SAD-8B,MR-SAD-8B - Emergency hospital,intervene/Service Signs,MR_SAD_8B_EMERGENCY_HOSPITAL_MR-SAD-8B.svg,3600x1200 mm,"size from the register (3600x1200 mm); no scale on the sheet; 2 closed letter outline(s) filled solid; no colour note on the sheet: MR-SA series default assumed — check colours: legend WHITE, background BLUE; legend is CAD text on the sheet (L, A, T, I…): needs setting in the AS 1744 face by hand",Original PDFs/Service Signs/Advance Direction Series MR-SAD/mr-sad-8b.dwg
MR-SFB-4,MR-SFB-4 - Two Line Finger Board,intervene/Service Signs,MR_SFB_4_TWO_LINE_FINGER_BOARD_MR-SFB-4.svg,3020x722 mm,"size from the register (3020x380 mm); no scale on the sheet; register size 3020x380 mm differs from the drawing (3020 x 722 mm) — check; no colour note on the sheet: MR-SF series default assumed — check colours: legend WHITE, background BLUE; legend is CAD text on the sheet (WILSON, ART GALLERY): needs setting in the AS 1744 face by hand",Original PDFs/Service Signs/Finger Board Series MR-SFB/mr-sfb-4.dwg
MR-SFB-3,MR-SFB-3 - Local direction sign stack,Service Signs,MR_SFB_3_LOCAL_DIRECTION_SIGN_STACK_MR-SFB-3.svg,90x143 mm,"no scale on the sheet and no register size; drawn at 1:10 — check; 14 closed letter outline(s) filled solid; no colour note on the sheet: MR-SF series default assumed — check colours: legend WHITE, background BLUE",Original PDFs/Service Signs/Finger Board Series MR-SFB/mr-sfb-3.dwg
MR-SFB-3,MR-SFB-3 - Local direction sign stack,Service Signs,MR_SFB_3_LOCAL_DIRECTION_SIGN_STACK_VAR2_MR-SFB-3.svg,87x121 mm,"no scale on the sheet and no register size; drawn at 1:10 — check; 14 closed letter outline(s) filled solid; no colour note on the sheet: MR-SF series default assumed — check colours: legend WHITE, background BLUE",Original PDFs/Service Signs/Finger Board Series MR-SFB/mr-sfb-3.dwg
MR-SFB-3,MR-SFB-3 - Local direction sign stack,Service Signs,MR_SFB_3_LOCAL_DIRECTION_SIGN_STACK_VAR3_MR-SFB-3.svg,87x120 mm,"no scale on the sheet and no register size; drawn at 1:10 — check; 14 closed letter outline(s) filled solid; no colour note on the sheet: MR-SF series default assumed — check colours: legend WHITE, background BLUE",Original PDFs/Service Signs/Finger Board Series MR-SFB/mr-sfb-3.dwg
MR-SFB-3,MR-SFB-3 - Local direction sign stack,Service Signs,MR_SFB_3_LOCAL_DIRECTION_SIGN_STACK_VAR4_MR-SFB-3.svg,81x120 mm,"no scale on the sheet and no register size; drawn at 1:10 — check; 14 closed letter outline(s) filled solid; no colour note on the sheet: MR-SF series default assumed — check colours: legend WHITE, background BLUE",Original PDFs/Service Signs/Finger Board Series MR-SFB/mr-sfb-3.dwg
MR-SFB-3,MR-SFB-3 - Local direction sign stack,Service Signs,MR_SFB_3_LOCAL_DIRECTION_SIGN_STACK_VAR5_MR-SFB-3.svg,64x120 mm,"no scale on the sheet and no register size; drawn at 1:10 — check; 14 closed letter outline(s) filled solid; no colour note on the sheet: MR-SF series default assumed — check colours: legend WHITE, background BLUE",Original PDFs/Service Signs/Finger Board Series MR-SFB/mr-sfb-3.dwg
MR-SFB-1,MR-SFB-1 - Finger Board Signs,Service Signs,MR_SFB_1_FINGER_BOARD_SIGNS_MR-SFB-1.svg,17058x1900 mm,"size from the sheet scale 1:10; register size 1800x210 mm differs from the drawing (17058 x 1900 mm) — check; no colour note on the sheet: MR-SF series default assumed — check colours: legend WHITE, background BLUE",Original PDFs/Service Signs/Finger Board Series MR-SFB/mr-sfb-1-finger-board-signs.dwg
MR-SFB-2,MR-SFB-2 - Finger Board Signs,Service Signs,MR_SFB_2_FINGER_BOARD_SIGNS_MR-SFB-2.svg,26300x2210 mm,"size from the sheet scale 1:10; register size 3400x210 mm differs from the drawing (26300 x 2210 mm) — check; no colour note on the sheet: MR-SF series default assumed — check colours: legend WHITE, background BLUE",Original PDFs/Service Signs/Finger Board Series MR-SFB/mr-sfb-2-finger-board-signs.dwg
MR-SFB-5,MR-SFB-5 - Public phone 100m,Service Signs,,,no drawing found after removing the sheet furniture,Original PDFs/Service Signs/Finger Board Series MR-SFB/mr-sfb-5.dwg
MR-SFB-6,MR-SFB-6 - Public phone,Service Signs,,,no drawing found after removing the sheet furniture,Original PDFs/Service Signs/Finger Board Series MR-SFB/mr-sfb-6.dwg
MR-SG-1,MR-SG-1 - Keep the scene clean,Service Signs,,,no drawing found after removing the sheet furniture,Original PDFs/Service Signs/General Series MR-SG/mr-sg-1.dwg
MR-SG-19,MR-SG-19 - Ambulance nursing post at​,Service Signs,MR_SG_19_AMBULANCE_NURSING_POST_AT_MR-SG-19.svg,1200x900 mm,"size from the sheet scale 1:10; 1 closed letter outline(s) filled solid; colours from the sheet's note: legend WHITE, background BLUE",Original PDFs/Service Signs/General Series MR-SG/mr-sg-19.dwg
MR-SG-19,MR-SG-19 - Ambulance nursing post at​,Service Signs,MR_SG_19_AMBULANCE_NURSING_POST_AT_VAR2_MR-SG-19.svg,598x234 mm,"size from the sheet scale 1:10; 1 closed letter outline(s) filled solid; colours from the sheet's note: legend WHITE, background BLUE",Original PDFs/Service Signs/General Series MR-SG/mr-sg-19.dwg
MR-SG-19,MR-SG-19 - Ambulance nursing post at​,Service Signs,MR_SG_19_AMBULANCE_NURSING_POST_AT_VAR3_MR-SG-19.svg,415x125 mm,"size from the sheet scale 1:10; 1 closed letter outline(s) filled solid; colours from the sheet's note: legend WHITE, background BLUE",Original PDFs/Service Signs/General Series MR-SG/mr-sg-19.dwg
MR-SG-19,MR-SG-19 - Ambulance nursing post at​,Service Signs,MR_SG_19_AMBULANCE_NURSING_POST_AT_VAR4_MR-SG-19.svg,406x51 mm,"size from the sheet scale 1:10; 1 closed letter outline(s) filled solid; colours from the sheet's note: legend WHITE, background BLUE",Original PDFs/Service Signs/General Series MR-SG/mr-sg-19.dwg
MR-SG-20,"MR-SG-20​ - ​​Please keep area tidy, next litter disposal point",Service Signs,MR_SG_20_PLEASE_KEEP_AREA_TIDY_NEXT_LITTER_DISPOSAL_POINT_MR-SG-20.svg,1200x900 mm,"size from the sheet scale 1:10; colours from the sheet's note: legend WHITE, background BLUE, border WHITE",Original PDFs/Service Signs/General Series MR-SG/mr-sg-20.dwg
MR-SG-20,"MR-SG-20​ - ​​Please keep area tidy, next litter disposal point",Service Signs,MR_SG_20_PLEASE_KEEP_AREA_TIDY_NEXT_LITTER_DISPOSAL_POINT_VAR2_MR-SG-20.svg,598x333 mm,"size from the sheet scale 1:10; colours from the sheet's note: legend WHITE, background BLUE, border WHITE",Original PDFs/Service Signs/General Series MR-SG/mr-sg-20.dwg
MR-SG-20,"MR-SG-20​ - ​​Please keep area tidy, next litter disposal point",Service Signs,MR_SG_20_PLEASE_KEEP_AREA_TIDY_NEXT_LITTER_DISPOSAL_POINT_VAR3_MR-SG-20.svg,391x165 mm,"size from the sheet scale 1:10; colours from the sheet's note: legend WHITE, background BLUE, border WHITE",Original PDFs/Service Signs/General Series MR-SG/mr-sg-20.dwg
MR-SG-20,"MR-SG-20​ - ​​Please keep area tidy, next litter disposal point",Service Signs,MR_SG_20_PLEASE_KEEP_AREA_TIDY_NEXT_LITTER_DISPOSAL_POINT_VAR4_MR-SG-20.svg,406x51 mm,"size from the sheet scale 1:10; colours from the sheet's note: legend WHITE, background BLUE, border WHITE",Original PDFs/Service Signs/General Series MR-SG/mr-sg-20.dwg
MR-SG-21,MR-SG-21 - Rest area locations​,Service Signs,MR_SG_21_REST_AREA_LOCATIONS_MR-SG-21.svg,3600x1700 mm,"size from the sheet scale 1:20; 65 closed letter outline(s) filled solid; colours from the sheet's note: legend WHITE, background BLUE, border WHITE",Original PDFs/Service Signs/General Series MR-SG/mr-sg-21.dwg
MR-SG-21,MR-SG-21 - Rest area locations​,Service Signs,MR_SG_21_REST_AREA_LOCATIONS_VAR2_MR-SG-21.svg,1196x667 mm,"size from the sheet scale 1:20; 65 closed letter outline(s) filled solid; colours from the sheet's note: legend WHITE, background BLUE, border WHITE",Original PDFs/Service Signs/General Series MR-SG/mr-sg-21.dwg
MR-SG-21,MR-SG-21 - Rest area locations​,Service Signs,MR_SG_21_REST_AREA_LOCATIONS_VAR3_MR-SG-21.svg,567x251 mm,"size from the sheet scale 1:20; 65 closed letter outline(s) filled solid; colours from the sheet's note: legend WHITE, background BLUE, border WHITE",Original PDFs/Service Signs/General Series MR-SG/mr-sg-21.dwg
MR-SG-21,MR-SG-21 - Rest area locations​,Service Signs,MR_SG_21_REST_AREA_LOCATIONS_VAR4_MR-SG-21.svg,794x102 mm,"size from the sheet scale 1:20; 65 closed letter outline(s) filled solid; colours from the sheet's note: legend WHITE, background BLUE, border WHITE",Original PDFs/Service Signs/General Series MR-SG/mr-sg-21.dwg
MR-SG-22,MR-SG-22 - ​Pedestrian push button - bump,Service Signs,,,conversion failed: nothing left to draw,Original PDFs/Service Signs/General Series MR-SG/mr-sg-22.dwg
MR-SG-11,MR-SG-11 - Busport only,Service Signs,,,no drawing found after removing the sheet furniture,Original PDFs/Service Signs/General Series MR-SG/mr-sg-11.dwg
MR-SG-12,MR-SG-12 - Busport only,Service Signs,,,no drawing found after removing the sheet furniture,Original PDFs/Service Signs/General Series MR-SG/mr-sg-12.dwg
MR-SG-4,MR-SG-4 - Tourist information radio,Service Signs,,,no drawing found after removing the sheet furniture,Original PDFs/Service Signs/General Series MR-SG/mr-sg-4.dwg
MR-SG-2B,MR-SG-2B(R) - Information bay (L or R),Service Signs,,,no drawing found after removing the sheet furniture,Original PDFs/Service Signs/General Series MR-SG/mr-sg-2b-r.dwg
MR-SG-2A,MR-SG-2A(L) - Information bay (L or R),Service Signs,,,no drawing found after removing the sheet furniture,Original PDFs/Service Signs/General Series MR-SG/mr-sg-2a-l.dwg
MR-SG-16,MR-SG-16 - Drive safely,Service Signs,,,no drawing found after removing the sheet furniture,Original PDFs/Service Signs/General Series MR-SG/mr-sg-16.dwg
MR-SG-18,MR-SG-18 - 24 hour stopping at rest areas,intervene/Service Signs,MR_SG_18_24_HOUR_STOPPING_AT_REST_AREAS_MR-SG-18.svg,1700x1200 mm,"no scale on the sheet and no register size; drawn at 1:10 — check; 1 closed letter outline(s) filled solid; 2 closed letter outline(s) filled solid; no colour note on the sheet: MR-SG series default assumed — check colours: legend WHITE, background BLUE; legend is CAD text on the sheet (Please report any damage to ro, facilities, signs or road surf, The nearest public telephone i, Creek Roadhouse, 200m north…): needs setting in the AS 1744 face by hand",Original PDFs/Service Signs/General Series MR-SG/mr-sg-18.dwg
MR-SG-18,MR-SG-18 - 24 hour stopping at rest areas,intervene/Service Signs,MR_SG_18_24_HOUR_STOPPING_AT_REST_AREAS_VAR2_MR-SG-18.svg,298x561 mm,"no scale on the sheet and no register size; drawn at 1:10 — check; 1 closed letter outline(s) filled solid; 2 closed letter outline(s) filled solid; no colour note on the sheet: MR-SG series default assumed — check colours: legend WHITE, background BLUE; legend is CAD text on the sheet (Please report any damage to ro, facilities, signs or road surf, The nearest public telephone i, Creek Roadhouse, 200m north…): needs setting in the AS 1744 face by hand",Original PDFs/Service Signs/General Series MR-SG/mr-sg-18.dwg
MR-SG-18,MR-SG-18 - 24 hour stopping at rest areas,intervene/Service Signs,MR_SG_18_24_HOUR_STOPPING_AT_REST_AREAS_VAR3_MR-SG-18.svg,302x550 mm,"no scale on the sheet and no register size; drawn at 1:10 — check; 1 closed letter outline(s) filled solid; 2 closed letter outline(s) filled solid; no colour note on the sheet: MR-SG series default assumed — check colours: legend WHITE, background BLUE; legend is CAD text on the sheet (Please report any damage to ro, facilities, signs or road surf, The nearest public telephone i, Creek Roadhouse, 200m north…): needs setting in the AS 1744 face by hand",Original PDFs/Service Signs/General Series MR-SG/mr-sg-18.dwg
MR-SID-33,MR-SID-33 - Typical example,intervene/Service Signs,MR_SID_33_TYPICAL_EXAMPLE_MR-SID-33.svg,2300x450 mm,"size from the sheet scale 1:10; 1 closed letter outline(s) filled solid; 1 closed letter outline(s) filled solid; no colour note on the sheet: MR-SI series default assumed — check colours: legend WHITE, background BLUE; legend is CAD text on the sheet (L, A, C, I…): needs setting in the AS 1744 face by hand",Original PDFs/Service Signs/Intersection Direction Series MR-SID/mr-sid-33.dwg
MR-SID-34,MR-SID-34 - Typical example two lines,intervene/Service Signs,MR_SID_34_TYPICAL_EXAMPLE_TWO_LINES_MR-SID-34.svg,2400x750 mm,"size from the sheet scale 1:15; 1 closed letter outline(s) filled solid; 1 closed letter outline(s) filled solid; no colour note on the sheet: MR-SI series default assumed — check colours: legend WHITE, background BLUE; legend is CAD text on the sheet (L, A, C, I…): needs setting in the AS 1744 face by hand",Original PDFs/Service Signs/Intersection Direction Series MR-SID/mr-sid-34.dwg
MR-SID-3B,MR-SID-3B - Hospital - emergency,intervene/Service Signs,MR_SID_3B_HOSPITAL_EMERGENCY_MR-SID-3B.svg,3200x960 mm,"size from the sheet scale 1:20; 1 closed letter outline(s) filled solid; 1 closed letter outline(s) filled solid; 1 closed letter outline(s) filled solid; no colour note on the sheet: MR-SI series default assumed — check colours: legend WHITE, background BLUE; legend is CAD text on the sheet (D, R, E, L…): needs setting in the AS 1744 face by hand",Original PDFs/Service Signs/Intersection Direction Series MR-SID/mr-sid-3b.dwg
MR-SID-35A,MR-SID-35A - Hospital no emergency,intervene/Service Signs,MR_SID_35A_HOSPITAL_NO_EMERGENCY_MR-SID-35A.svg,2300x840 mm,"size from the sheet scale 1:20; 1 closed letter outline(s) filled solid; 1 closed letter outline(s) filled solid; 1 closed letter outline(s) filled solid; no colour note on the sheet: MR-SI series default assumed — check colours: legend WHITE, background BLUE; legend is CAD text on the sheet (H, S, A, N…): needs setting in the AS 1744 face by hand",Original PDFs/Service Signs/Intersection Direction Series MR-SID/mr-sid-35a.dwg
MR-SID-35B,MR-SID-35B - Hospital no emergency,intervene/Service Signs,MR_SID_35B_HOSPITAL_NO_EMERGENCY_MR-SID-35B.svg,2600x960 mm,"size from the sheet scale 1:20; 1 closed letter outline(s) filled solid; 1 closed letter outline(s) filled solid; 1 closed letter outline(s) filled solid; no colour note on the sheet: MR-SI series default assumed — check colours: legend WHITE, background BLUE; legend is CAD text on the sheet (S, T, D, E…): needs setting in the AS 1744 face by hand",Original PDFs/Service Signs/Intersection Direction Series MR-SID/mr-sid-35b.dwg
MR-SID-36,MR-SID-36 - Electric vehicle parking​​,Service Signs,MR_SID_36_ELECTRIC_VEHICLE_PARKING_MR-SID-36.svg,500x200 mm,"size from the sheet scale 1:5; 5 closed letter outline(s) filled solid; colours from the sheet's note: legend WHITE, background BLUE",Original PDFs/Service Signs/Intersection Direction Series MR-SID/mr-sid-36.dwg
MR-SID-36,MR-SID-36 - Electric vehicle parking​​,Service Signs,MR_SID_36_ELECTRIC_VEHICLE_PARKING_VAR2_MR-SID-36.svg,500x200 mm,"size from the sheet scale 1:5; 5 closed letter outline(s) filled solid; colours from the sheet's note: legend WHITE, background BLUE",Original PDFs/Service Signs/Intersection Direction Series MR-SID/mr-sid-36.dwg
MR-SID-36,MR-SID-36 - Electric vehicle parking​​,Service Signs,MR_SID_36_ELECTRIC_VEHICLE_PARKING_VAR3_MR-SID-36.svg,108x140 mm,"size from the sheet scale 1:5; 5 closed letter outline(s) filled solid; colours from the sheet's note: legend WHITE, background BLUE",Original PDFs/Service Signs/Intersection Direction Series MR-SID/mr-sid-36.dwg
MR-SID-36,MR-SID-36 - Electric vehicle parking​​,Service Signs,MR_SID_36_ELECTRIC_VEHICLE_PARKING_VAR4_MR-SID-36.svg,150x36 mm,"size from the sheet scale 1:5; 5 closed letter outline(s) filled solid; colours from the sheet's note: legend WHITE, background BLUE",Original PDFs/Service Signs/Intersection Direction Series MR-SID/mr-sid-36.dwg
MR-SID-37,MR-SID-37 - Disposal point rest area​,Service Signs,MR_SID_37_DISPOSAL_POINT_REST_AREA_MR-SID-37.svg,2600x1360 mm,"size from the sheet scale 1:20; 14 closed letter outline(s) filled solid; 1 closed letter outline(s) filled solid; colours from the sheet's note: legend WHITE, background BLUE, border WHITE",Original PDFs/Service Signs/Intersection Direction Series MR-SID/mr-sid-37.dwg
MR-SID-37,MR-SID-37 - Disposal point rest area​,Service Signs,MR_SID_37_DISPOSAL_POINT_REST_AREA_VAR2_MR-SID-37.svg,1196x667 mm,"size from the sheet scale 1:20; 14 closed letter outline(s) filled solid; 1 closed letter outline(s) filled solid; colours from the sheet's note: legend WHITE, background BLUE, border WHITE",Original PDFs/Service Signs/Intersection Direction Series MR-SID/mr-sid-37.dwg
MR-SID-37,MR-SID-37 - Disposal point rest area​,Service Signs,MR_SID_37_DISPOSAL_POINT_REST_AREA_VAR3_MR-SID-37.svg,832x251 mm,"size from the sheet scale 1:20; 14 closed letter outline(s) filled solid; 1 closed letter outline(s) filled solid; colours from the sheet's note: legend WHITE, background BLUE, border WHITE",Original PDFs/Service Signs/Intersection Direction Series MR-SID/mr-sid-37.dwg
MR-SID-37,MR-SID-37 - Disposal point rest area​,Service Signs,MR_SID_37_DISPOSAL_POINT_REST_AREA_VAR4_MR-SID-37.svg,323x340 mm,"size from the sheet scale 1:20; 14 closed letter outline(s) filled solid; 1 closed letter outline(s) filled solid; colours from the sheet's note: legend WHITE, background BLUE, border WHITE",Original PDFs/Service Signs/Intersection Direction Series MR-SID/mr-sid-37.dwg
MR-SID-37,MR-SID-37 - Disposal point rest area​,Service Signs,MR_SID_37_DISPOSAL_POINT_REST_AREA_VAR5_MR-SID-37.svg,813x102 mm,"size from the sheet scale 1:20; 14 closed letter outline(s) filled solid; 1 closed letter outline(s) filled solid; colours from the sheet's note: legend WHITE, background BLUE, border WHITE",Original PDFs/Service Signs/Intersection Direction Series MR-SID/mr-sid-37.dwg
MR-SID-24,MR-SID-24 - Agriculture WA,Service Signs,MR_SID_24_AGRICULTURE_WA_MR-SID-24.svg,2600x670 mm,"size from the sheet scale 1:15; 2 closed letter outline(s) filled solid; 1 closed letter outline(s) filled solid; colours from the sheet's note: legend WHITE, background BLUE",Original PDFs/Service Signs/Intersection Direction Series MR-SID/mr-sid-24.dwg
MR-SID-24,MR-SID-24 - Agriculture WA,Service Signs,MR_SID_24_AGRICULTURE_WA_VAR2_MR-SID-24.svg,897x500 mm,"size from the sheet scale 1:15; 2 closed letter outline(s) filled solid; 1 closed letter outline(s) filled solid; colours from the sheet's note: legend WHITE, background BLUE",Original PDFs/Service Signs/Intersection Direction Series MR-SID/mr-sid-24.dwg
MR-SID-24,MR-SID-24 - Agriculture WA,Service Signs,MR_SID_24_AGRICULTURE_WA_VAR3_MR-SID-24.svg,367x550 mm,"size from the sheet scale 1:15; 2 closed letter outline(s) filled solid; 1 closed letter outline(s) filled solid; colours from the sheet's note: legend WHITE, background BLUE",Original PDFs/Service Signs/Intersection Direction Series MR-SID/mr-sid-24.dwg
MR-SID-24,MR-SID-24 - Agriculture WA,Service Signs,MR_SID_24_AGRICULTURE_WA_VAR4_MR-SID-24.svg,624x198 mm,"size from the sheet scale 1:15; 2 closed letter outline(s) filled solid; 1 closed letter outline(s) filled solid; colours from the sheet's note: legend WHITE, background BLUE",Original PDFs/Service Signs/Intersection Direction Series MR-SID/mr-sid-24.dwg
MR-SID-24,MR-SID-24 - Agriculture WA,Service Signs,MR_SID_24_AGRICULTURE_WA_VAR5_MR-SID-24.svg,585x77 mm,"size from the sheet scale 1:15; 2 closed letter outline(s) filled solid; 1 closed letter outline(s) filled solid; colours from the sheet's note: legend WHITE, background BLUE",Original PDFs/Service Signs/Intersection Direction Series MR-SID/mr-sid-24.dwg
MR-SID-29,MR-SID-29 - Symbols (example),intervene/Service Signs,MR_SID_29_SYMBOLS_EXAMPLE_MR-SID-29.svg,193x250 mm,"no scale on the sheet and no register size; drawn at 1:10 — check; 2 closed letter outline(s) filled solid; colours from the sheet's note: legend WHITE, background BLUE; legend is CAD text on the sheet (A, B, C, D…): needs setting in the AS 1744 face by hand",Original PDFs/Service Signs/Intersection Direction Series MR-SID/mr-sid-29.dwg
MR-SID-29,MR-SID-29 - Symbols (example),intervene/Service Signs,MR_SID_29_SYMBOLS_EXAMPLE_VAR2_MR-SID-29.svg,122x150 mm,"no scale on the sheet and no register size; drawn at 1:10 — check; 2 closed letter outline(s) filled solid; colours from the sheet's note: legend WHITE, background BLUE; legend is CAD text on the sheet (A, B, C, D…): needs setting in the AS 1744 face by hand",Original PDFs/Service Signs/Intersection Direction Series MR-SID/mr-sid-29.dwg
MR-SID-30,MR-SID-30 - Train station park and ride,intervene/Service Signs,MR_SID_30_TRAIN_STATION_PARK_AND_RIDE_MR-SID-30.svg,413x115 mm,"no scale on the sheet and no register size; drawn at 1:10 — check; 1 closed letter outline(s) filled solid; no colour note on the sheet: MR-SI series default assumed — check colours: legend WHITE, background BLUE; legend is CAD text on the sheet (K, C, I, W…): needs setting in the AS 1744 face by hand",Original PDFs/Service Signs/Intersection Direction Series MR-SID/mr-sid-30.dwg
MR-SID-32,MR-SID-32 - Police,intervene/Service Signs,MR_SID_32_POLICE_MR-SID-32.svg,2100x600 mm,"size from the sheet scale 1:15; 10 closed letter outline(s) filled solid; colours from the sheet's note: legend WHITE, background BLUE, border WHITE; legend is CAD text on the sheet (Police): needs setting in the AS 1744 face by hand",Original PDFs/Service Signs/Intersection Direction Series MR-SID/mr-sid-32.dwg
MR-SID-32,MR-SID-32 - Police,intervene/Service Signs,MR_SID_32_POLICE_VAR2_MR-SID-32.svg,898x696 mm,"size from the sheet scale 1:15; 10 closed letter outline(s) filled solid; colours from the sheet's note: legend WHITE, background BLUE, border WHITE; legend is CAD text on the sheet (Police): needs setting in the AS 1744 face by hand",Original PDFs/Service Signs/Intersection Direction Series MR-SID/mr-sid-32.dwg
MR-SID-32,MR-SID-32 - Police,intervene/Service Signs,MR_SID_32_POLICE_VAR3_MR-SID-32.svg,585x77 mm,"size from the sheet scale 1:15; 10 closed letter outline(s) filled solid; colours from the sheet's note: legend WHITE, background BLUE, border WHITE; legend is CAD text on the sheet (Police): needs setting in the AS 1744 face by hand",Original PDFs/Service Signs/Intersection Direction Series MR-SID/mr-sid-32.dwg
MR-SID-28A,MR-SID-28A - Parking,intervene/Service Signs,MR_SID_28A_PARKING_MR-SID-28A.svg,247x66 mm,"no scale on the sheet and no register size; drawn at 1:10 — check; 1 closed letter outline(s) filled solid; no colour note on the sheet: MR-SI series default assumed — check colours: legend WHITE, background BLUE; legend is CAD text on the sheet (P): needs setting in the AS 1744 face by hand",Original PDFs/Service Signs/Intersection Direction Series MR-SID/mr-sid-28a.dwg
MR-SID-28B,MR-SID-28B - Parking,intervene/Service Signs,MR_SID_28B_PARKING_MR-SID-28B.svg,330x115 mm,"no scale on the sheet and no register size; drawn at 1:10 — check; 1 closed letter outline(s) filled solid; no colour note on the sheet: MR-SI series default assumed — check colours: legend WHITE, background BLUE; legend is CAD text on the sheet (P): needs setting in the AS 1744 face by hand",Original PDFs/Service Signs/Intersection Direction Series MR-SID/mr-sid-28b.dwg
MR-SMAX-12,"MR-SMAX-12 - 24 hr stopping, litter disposal point",Service Signs,MR_SMAX_12_24_HR_STOPPING_LITTER_DISPOSAL_POINT_MR-SMAX-12.svg,992x251 mm,"size from the sheet scale 1:20; 15 closed letter outline(s) filled solid; register size 3000x600 mm differs from the drawing (992 x 251 mm) — check; colours from the sheet's note: legend WHITE, background BLUE, border WHITE",Original PDFs/Service Signs/Modular Auxiliary Series MR-SMAX/mr-smax-12.dwg
MR-SMAX-12,"MR-SMAX-12 - 24 hr stopping, litter disposal point",Service Signs,MR_SMAX_12_24_HR_STOPPING_LITTER_DISPOSAL_POINT_VAR2_MR-SMAX-12.svg,813x102 mm,"size from the sheet scale 1:20; 15 closed letter outline(s) filled solid; register size 3000x600 mm differs from the drawing (813 x 102 mm) — check; colours from the sheet's note: legend WHITE, background BLUE, border WHITE",Original PDFs/Service Signs/Modular Auxiliary Series MR-SMAX/mr-smax-12.dwg
MR-SMAX-12,"MR-SMAX-12 - 24 hr stopping, litter disposal point",Service Signs,MR_SMAX_12_24_HR_STOPPING_LITTER_DISPOSAL_POINT_VAR3_MR-SMAX-12.svg,1196x667 mm,"size from the sheet scale 1:20; 15 closed letter outline(s) filled solid; register size 3000x600 mm differs from the drawing (1196 x 667 mm) — check; colours from the sheet's note: legend WHITE, background BLUE, border WHITE",Original PDFs/Service Signs/Modular Auxiliary Series MR-SMAX/mr-smax-12.dwg
MR-SMAX-12,"MR-SMAX-12 - 24 hr stopping, litter disposal point",Service Signs,MR_SMAX_12_24_HR_STOPPING_LITTER_DISPOSAL_POINT_VAR4_MR-SMAX-12.svg,3000x1880 mm,"size from the sheet scale 1:20; 15 closed letter outline(s) filled solid; register size 3000x600 mm differs from the drawing (3000 x 1880 mm) — check; colours from the sheet's note: legend WHITE, background BLUE, border WHITE",Original PDFs/Service Signs/Modular Auxiliary Series MR-SMAX/mr-smax-12.dwg
MR-SMAX-3,MR-SMAX-3 - m on right,Service Signs,,,conversion failed: nothing left to draw,Original PDFs/Service Signs/Modular Auxiliary Series MR-SMAX/mr-smax-3.dwg
MR-SMAX-4,MR-SMAX-4 - Open 24 hrs,Service Signs,,,conversion failed: nothing left to draw,Original PDFs/Service Signs/Modular Auxiliary Series MR-SMAX/mr-smax-4.dwg
MR-SMAX-9,MR-SMAX-9 - 24 hour stopping,Service Signs,,,no drawing found after removing the sheet furniture,Original PDFs/Service Signs/Modular Auxiliary Series MR-SMAX/mr-smax-9.dwg
MR-SMAX-1,MR-SMAX-1 - km tag,Service Signs,,,conversion failed: nothing left to draw,Original PDFs/Service Signs/Modular Auxiliary Series MR-SMAX/mr-smax-1.dwg
MR-SMAX-10A,MR-SMAX-10A - Drop tag without distance for service signs,Service Signs,MR_SMAX_10A_DROP_TAG_WITHOUT_DISTANCE_FOR_SERVICE_SIGNS_MR-SMAX-10A.svg,17x25 mm,"no scale on the sheet and no register size; drawn at 1:10 — check; 1 closed letter outline(s) filled solid; no colour note on the sheet: MR-SM series default assumed — check colours: legend WHITE, background BLUE",Original PDFs/Service Signs/Modular Auxiliary Series MR-SMAX/mr-smax-10a.dwg
MR-SMAX-10B,MR-SMAX-10B - Drop tag without distance for service signs,Service Signs,,,no drawing found after removing the sheet furniture,Original PDFs/Service Signs/Modular Auxiliary Series MR-SMAX/mr-smax-10b.dwg
MR-SMAX-11A,MR-SMAX-11A - Drop tag with distance for service signs,Service Signs,MR_SMAX_11A_DROP_TAG_WITH_DISTANCE_FOR_SERVICE_SIGNS_MR-SMAX-11A.svg,17x25 mm,"no scale on the sheet and no register size; drawn at 1:10 — check; 1 closed letter outline(s) filled solid; no colour note on the sheet: MR-SM series default assumed — check colours: legend WHITE, background BLUE",Original PDFs/Service Signs/Modular Auxiliary Series MR-SMAX/mr-smax-11a.dwg
MR-SMAX-11B,MR-SMAX-11B - Drop tag with distance for service signs,Service Signs,,,no drawing found after removing the sheet furniture,Original PDFs/Service Signs/Modular Auxiliary Series MR-SMAX/mr-smax-11b.dwg
MR-SMAX-2,MR-SMAX-2 - m tag,Service Signs,,,conversion failed: nothing left to draw,Original PDFs/Service Signs/Modular Auxiliary Series MR-SMAX/mr-smax-2.dwg
MR-SMAX-5,MR-SMAX-5(L) - Arrows,Service Signs,MR_SMAX_5_L_ARROWS_MR-SMAX-5.svg,600x179 mm,"size from the register (600x200 mm); no scale on the sheet; register size 600x200 mm differs from the drawing (600 x 179 mm) — check; no colour note on the sheet: MR-SM series default assumed — check colours: legend WHITE, background BLUE",Original PDFs/Service Signs/Modular Auxiliary Series MR-SMAX/mr-smax-5l.dwg
MR-SMAX-5,MR-SMAX-5(R) - Arrows,Service Signs,MR_SMAX_5_R_ARROWS_MR-SMAX-5.svg,600x179 mm,"size from the register (600x200 mm); no scale on the sheet; register size 600x200 mm differs from the drawing (600 x 179 mm) — check; no colour note on the sheet: MR-SM series default assumed — check colours: legend WHITE, background BLUE",Original PDFs/Service Signs/Modular Auxiliary Series MR-SMAX/mr-smax-5r.dwg
MR-SMAX-6,MR-SMAX-6 - Arrows,Service Signs,MR_SMAX_6_ARROWS_MR-SMAX-6.svg,600x179 mm,"size from the register (600x200 mm); no scale on the sheet; register size 600x200 mm differs from the drawing (600 x 179 mm) — check; no colour note on the sheet: MR-SM series default assumed — check colours: legend WHITE, background BLUE",Original PDFs/Service Signs/Modular Auxiliary Series MR-SMAX/mr-smax-6.dwg
MR-SMAX-7,MR-SMAX-7 - Arrows,Service Signs,MR_SMAX_7_ARROWS_MR-SMAX-7.svg,600x284 mm,"size from the register (600x300 mm); no scale on the sheet; no colour note on the sheet: MR-SM series default assumed — check colours: legend WHITE, background BLUE",Original PDFs/Service Signs/Modular Auxiliary Series MR-SMAX/mr-smax-7.dwg
MR-SMAX-8,MR-SMAX-8(L) - Arrows,Service Signs,MR_SMAX_8_L_ARROWS_MR-SMAX-8.svg,600x284 mm,"size from the register (600x300 mm); no scale on the sheet; no colour note on the sheet: MR-SM series default assumed — check colours: legend WHITE, background BLUE",Original PDFs/Service Signs/Modular Auxiliary Series MR-SMAX/mr-smax-8l.dwg
MR-SMAX-8,MR-SMAX-8(R) - Arrows,Service Signs,MR_SMAX_8_R_ARROWS_MR-SMAX-8.svg,600x284 mm,"size from the register (600x300 mm); no scale on the sheet; no colour note on the sheet: MR-SM series default assumed — check colours: legend WHITE, background BLUE",Original PDFs/Service Signs/Modular Auxiliary Series MR-SMAX/mr-smax-8r.dwg
MR-SM-22,MR-SM-22 - Picnic area,Service Signs,,,no drawing found after removing the sheet furniture,Original PDFs/Service Signs/Modular Series MR-SM/mr-sm-22.dwg
MR-SM-23,MR-SM-23 - No trucks,Service Signs,,,no drawing found after removing the sheet furniture,Original PDFs/Service Signs/Modular Series MR-SM/mr-sm-23.dwg
MR-SM-28,MR-SM-28 - Rest shelter,Service Signs,,,no drawing found after removing the sheet furniture,Original PDFs/Service Signs/Modular Series MR-SM/mr-sm-28.dwg
MR-SM-24,MR-SM-24 - No fires,Service Signs,,,no drawing found after removing the sheet furniture,Original PDFs/Service Signs/Modular Series MR-SM/mr-sm-24.dwg
MR-SM-30,MR-SM-30 - Accredited visitor centre,Service Signs,,,no drawing found after removing the sheet furniture,Original PDFs/Service Signs/Modular Series MR-SM/mr-sm-30.dwg
MR-SM-31,MR-SM-31 - Train station,Service Signs,MR_SM_31_TRAIN_STATION_MR-SM-31.svg,600x600 mm,"size from the sheet scale 1:5; 1 closed letter outline(s) filled solid; 1 closed letter outline(s) filled solid; no colour note on the sheet: MR-SM series default assumed — check colours: legend WHITE, background BLUE",Original PDFs/Service Signs/Modular Series MR-SM/mr-sm-31.dwg
MR-SM-31,MR-SM-31 - Train station,Service Signs,MR_SM_31_TRAIN_STATION_VAR2_MR-SM-31.svg,149x281 mm,"size from the sheet scale 1:5; 1 closed letter outline(s) filled solid; 1 closed letter outline(s) filled solid; register size 600x600 mm differs from the drawing (149 x 281 mm) — check; no colour note on the sheet: MR-SM series default assumed — check colours: legend WHITE, background BLUE",Original PDFs/Service Signs/Modular Series MR-SM/mr-sm-31.dwg
MR-SM-32,MR-SM-32 - Effluent dump site,Service Signs,MR_SM_32_EFFLUENT_DUMP_SITE_MR-SM-32.svg,535x801 mm,"size from the sheet scale 1:5; 2 closed letter outline(s) filled solid; register size 600x600 mm differs from the drawing (535 x 801 mm) — check; no colour note on the sheet: MR-SM series default assumed — check colours: legend WHITE, background BLUE",Original PDFs/Service Signs/Modular Series MR-SM/mr-sm-32.dwg
MR-SM-33,MR-SM-33 - Accessible toilets symbols,Service Signs,MR_SM_33_ACCESSIBLE_TOILETS_SYMBOLS_MR-SM-33.svg,605x742 mm,"size from the sheet scale 1:5; 1 closed letter outline(s) filled solid; register size 600x600 mm differs from the drawing (605 x 742 mm) — check; no colour note on the sheet: MR-SM series default assumed — check colours: legend WHITE, background BLUE",Original PDFs/Service Signs/Modular Series MR-SM/mr-sm-33.dwg
MR-SM-34,MR-SM-34 - Police station​,Service Signs,MR_SM_34_POLICE_STATION_MR-SM-34.svg,570x570 mm,"size from the sheet scale 1:5; 14 closed letter outline(s) filled solid; colours from the sheet's note: legend WHITE, background BLUE, border WHITE",Original PDFs/Service Signs/Modular Series MR-SM/mr-sm-34.dwg
MR-SM-34,MR-SM-34 - Police station​,Service Signs,MR_SM_34_POLICE_STATION_VAR2_MR-SM-34.svg,53x60 mm,"size from the sheet scale 1:5; 14 closed letter outline(s) filled solid; register size 600x600 mm differs from the drawing (53 x 60 mm) — check; colours from the sheet's note: legend WHITE, background BLUE, border WHITE",Original PDFs/Service Signs/Modular Series MR-SM/mr-sm-34.dwg
MR-SM-34,MR-SM-34 - Police station​,Service Signs,MR_SM_34_POLICE_STATION_VAR3_MR-SM-34.svg,67x82 mm,"size from the sheet scale 1:5; 14 closed letter outline(s) filled solid; register size 600x600 mm differs from the drawing (67 x 82 mm) — check; colours from the sheet's note: legend WHITE, background BLUE, border WHITE",Original PDFs/Service Signs/Modular Series MR-SM/mr-sm-34.dwg
MR-SM-34,MR-SM-34 - Police station​,Service Signs,MR_SM_34_POLICE_STATION_VAR4_MR-SM-34.svg,119x61 mm,"size from the sheet scale 1:5; 14 closed letter outline(s) filled solid; register size 600x600 mm differs from the drawing (119 x 61 mm) — check; colours from the sheet's note: legend WHITE, background BLUE, border WHITE",Original PDFs/Service Signs/Modular Series MR-SM/mr-sm-34.dwg
MR-SM-37,MR-SM-37 - Electric vehicle charging station​​,Service Signs,MR_SM_37_ELECTRIC_VEHICLE_CHARGING_STATION_MR-SM-37.svg,570x570 mm,"size from the sheet scale 1:5; 4 closed letter outline(s) filled solid; colours from the sheet's note: legend WHITE, background BLUE, border WHITE",Original PDFs/Service Signs/Modular Series MR-SM/mr-sm-37.dwg
MR-SM-37,MR-SM-37 - Electric vehicle charging station​​,Service Signs,MR_SM_37_ELECTRIC_VEHICLE_CHARGING_STATION_VAR2_MR-SM-37.svg,201x49 mm,"size from the sheet scale 1:5; 4 closed letter outline(s) filled solid; register size 600x600 mm differs from the drawing (201 x 49 mm) — check; colours from the sheet's note: legend WHITE, background BLUE, border WHITE",Original PDFs/Service Signs/Modular Series MR-SM/mr-sm-37.dwg
MR-SM-38,MR-SM-38 - Wifi reception area​,Service Signs,MR_SM_38_WIFI_RECEPTION_AREA_MR-SM-38.svg,570x570 mm,"size from the sheet scale 1:5; 6 closed letter outline(s) filled solid; colours from the sheet's note: legend WHITE, background BLUE, border WHITE",Original PDFs/Service Signs/Modular Series MR-SM/mr-sm-38.dwg
MR-SM-38,MR-SM-38 - Wifi reception area​,Service Signs,MR_SM_38_WIFI_RECEPTION_AREA_VAR2_MR-SM-38.svg,484x376 mm,"size from the sheet scale 1:5; 6 closed letter outline(s) filled solid; register size 600x600 mm differs from the drawing (484 x 376 mm) — check; colours from the sheet's note: legend WHITE, background BLUE, border WHITE",Original PDFs/Service Signs/Modular Series MR-SM/mr-sm-38.dwg
MR-SM-38,MR-SM-38 - Wifi reception area​,Service Signs,MR_SM_38_WIFI_RECEPTION_AREA_VAR3_MR-SM-38.svg,299x167 mm,"size from the sheet scale 1:5; 6 closed letter outline(s) filled solid; register size 600x600 mm differs from the drawing (299 x 167 mm) — check; colours from the sheet's note: legend WHITE, background BLUE, border WHITE",Original PDFs/Service Signs/Modular Series MR-SM/mr-sm-38.dwg
MR-SM-38,MR-SM-38 - Wifi reception area​,Service Signs,MR_SM_38_WIFI_RECEPTION_AREA_VAR4_MR-SM-38.svg,137x63 mm,"size from the sheet scale 1:5; 6 closed letter outline(s) filled solid; register size 600x600 mm differs from the drawing (137 x 63 mm) — check; colours from the sheet's note: legend WHITE, background BLUE, border WHITE",Original PDFs/Service Signs/Modular Series MR-SM/mr-sm-38.dwg
MR-SM-38,MR-SM-38 - Wifi reception area​,Service Signs,MR_SM_38_WIFI_RECEPTION_AREA_VAR5_MR-SM-38.svg,203x26 mm,"size from the sheet scale 1:5; 6 closed letter outline(s) filled solid; register size 600x600 mm differs from the drawing (203 x 26 mm) — check; colours from the sheet's note: legend WHITE, background BLUE, border WHITE",Original PDFs/Service Signs/Modular Series MR-SM/mr-sm-38.dwg
MR-SM-26,MR-SM-26 - Pedestrian underpass,Service Signs,,,conversion failed: nothing left to draw,Original PDFs/Service Signs/Modular Series MR-SM/mr-sm-26.dwg
MR-SM-25,MR-SM-25 - Pedestrian overpass,Service Signs,,,conversion failed: nothing left to draw,Original PDFs/Service Signs/Modular Series MR-SM/mr-sm-25.dwg
MR-SM-1,MR-SM-1 - Hospital (24 hrs emergency),Service Signs,MR_SM_1_HOSPITAL_24_HRS_EMERGENCY_MR-SM-1.svg,600x600 mm,"size from the register (600x600 mm); no scale on the sheet; 1 closed letter outline(s) filled solid; no colour note on the sheet: MR-SM series default assumed — check colours: legend WHITE, background BLUE",Original PDFs/Service Signs/Modular Series MR-SM/mr-sm-1.dwg
MR-SM-10,MR-SM-10 - Caravan park and camping area,Service Signs,MR_SM_10_CARAVAN_PARK_AND_CAMPING_AREA_MR-SM-10.svg,302x394 mm,"size from the sheet scale 1:5; 2 closed letter outline(s) filled solid; 1 closed letter outline(s) filled solid; 1 closed letter outline(s) filled solid; 2 closed letter outline(s) filled solid; register size 600x600 mm differs from the drawing (302 x 394 mm) — check; no colour note on the sheet: MR-SM series default assumed — check colours: legend WHITE, background BLUE",Original PDFs/Service Signs/Modular Series MR-SM/mr-sm-10.dwg
MR-SM-10,MR-SM-10 - Caravan park and camping area,Service Signs,MR_SM_10_CARAVAN_PARK_AND_CAMPING_AREA_VAR2_MR-SM-10.svg,151x275 mm,"size from the sheet scale 1:5; 2 closed letter outline(s) filled solid; 1 closed letter outline(s) filled solid; 1 closed letter outline(s) filled solid; 2 closed letter outline(s) filled solid; register size 600x600 mm differs from the drawing (151 x 275 mm) — check; no colour note on the sheet: MR-SM series default assumed — check colours: legend WHITE, background BLUE",Original PDFs/Service Signs/Modular Series MR-SM/mr-sm-10.dwg
MR-SM-10,MR-SM-10 - Caravan park and camping area,Service Signs,MR_SM_10_CARAVAN_PARK_AND_CAMPING_AREA_VAR3_MR-SM-10.svg,149x281 mm,"size from the sheet scale 1:5; 2 closed letter outline(s) filled solid; 1 closed letter outline(s) filled solid; 1 closed letter outline(s) filled solid; 2 closed letter outline(s) filled solid; register size 600x600 mm differs from the drawing (149 x 281 mm) — check; no colour note on the sheet: MR-SM series default assumed — check colours: legend WHITE, background BLUE",Original PDFs/Service Signs/Modular Series MR-SM/mr-sm-10.dwg
MR-SM-10,MR-SM-10 - Caravan park and camping area,Service Signs,MR_SM_10_CARAVAN_PARK_AND_CAMPING_AREA_VAR4_MR-SM-10.svg,149x281 mm,"size from the sheet scale 1:5; 2 closed letter outline(s) filled solid; 1 closed letter outline(s) filled solid; 1 closed letter outline(s) filled solid; 2 closed letter outline(s) filled solid; register size 600x600 mm differs from the drawing (149 x 281 mm) — check; no colour note on the sheet: MR-SM series default assumed — check colours: legend WHITE, background BLUE",Original PDFs/Service Signs/Modular Series MR-SM/mr-sm-10.dwg
MR-SM-11,MR-SM-11 - Airport,Service Signs,MR_SM_11_AIRPORT_MR-SM-11.svg,600x600 mm,"size from the register (600x600 mm); no scale on the sheet; 1 closed letter outline(s) filled solid; no colour note on the sheet: MR-SM series default assumed — check colours: legend WHITE, background BLUE",Original PDFs/Service Signs/Modular Series MR-SM/mr-sm-11.dwg
MR-SM-12,MR-SM-12 - Rest area,Service Signs,MR_SM_12_REST_AREA_MR-SM-12.svg,600x600 mm,"size from the register (600x600 mm); no scale on the sheet; 1 closed letter outline(s) filled solid; no colour note on the sheet: MR-SM series default assumed — check colours: legend WHITE, background BLUE",Original PDFs/Service Signs/Modular Series MR-SM/mr-sm-12.dwg
MR-SM-13,MR-SM-13 - Truck parking area,Service Signs,MR_SM_13_TRUCK_PARKING_AREA_MR-SM-13.svg,600x600 mm,"size from the register (600x600 mm); no scale on the sheet; 2 closed letter outline(s) filled solid; no colour note on the sheet: MR-SM series default assumed — check colours: legend WHITE, background BLUE",Original PDFs/Service Signs/Modular Series MR-SM/mr-sm-13.dwg
MR-SM-14,MR-SM-14 - Parking area,Service Signs,MR_SM_14_PARKING_AREA_MR-SM-14.svg,600x600 mm,"size from the register (600x600 mm); no scale on the sheet; 1 closed letter outline(s) filled solid; no colour note on the sheet: MR-SM series default assumed — check colours: legend WHITE, background BLUE",Original PDFs/Service Signs/Modular Series MR-SM/mr-sm-14.dwg
MR-SM-15,MR-SM-15 - Petrol and repair,Service Signs,MR_SM_15_PETROL_AND_REPAIR_MR-SM-15.svg,314x302 mm,"size from the sheet scale 1:5; 1 closed letter outline(s) filled solid; 1 closed letter outline(s) filled solid; 1 closed letter outline(s) filled solid; 1 closed letter outline(s) filled solid; 1 closed letter outline(s) filled solid; 2 closed letter outline(s) filled solid; 2 closed letter outline(s) filled solid; register size 600x600 mm differs from the drawing (314 x 302 mm) — check; no colour note on the sheet: MR-SM series default assumed — check colours: legend WHITE, background BLUE",Original PDFs/Service Signs/Modular Series MR-SM/mr-sm-15.dwg
MR-SM-15,MR-SM-15 - Petrol and repair,Service Signs,MR_SM_15_PETROL_AND_REPAIR_VAR2_MR-SM-15.svg,151x275 mm,"size from the sheet scale 1:5; 1 closed letter outline(s) filled solid; 1 closed letter outline(s) filled solid; 1 closed letter outline(s) filled solid; 1 closed letter outline(s) filled solid; 1 closed letter outline(s) filled solid; 2 closed letter outline(s) filled solid; 2 closed letter outline(s) filled solid; register size 600x600 mm differs from the drawing (151 x 275 mm) — check; no colour note on the sheet: MR-SM series default assumed — check colours: legend WHITE, background BLUE",Original PDFs/Service Signs/Modular Series MR-SM/mr-sm-15.dwg
MR-SM-15,MR-SM-15 - Petrol and repair,Service Signs,MR_SM_15_PETROL_AND_REPAIR_VAR3_MR-SM-15.svg,149x281 mm,"size from the sheet scale 1:5; 1 closed letter outline(s) filled solid; 1 closed letter outline(s) filled solid; 1 closed letter outline(s) filled solid; 1 closed letter outline(s) filled solid; 1 closed letter outline(s) filled solid; 2 closed letter outline(s) filled solid; 2 closed letter outline(s) filled solid; register size 600x600 mm differs from the drawing (149 x 281 mm) — check; no colour note on the sheet: MR-SM series default assumed — check colours: legend WHITE, background BLUE",Original PDFs/Service Signs/Modular Series MR-SM/mr-sm-15.dwg
MR-SM-15,MR-SM-15 - Petrol and repair,Service Signs,MR_SM_15_PETROL_AND_REPAIR_VAR4_MR-SM-15.svg,149x281 mm,"size from the sheet scale 1:5; 1 closed letter outline(s) filled solid; 1 closed letter outline(s) filled solid; 1 closed letter outline(s) filled solid; 1 closed letter outline(s) filled solid; 1 closed letter outline(s) filled solid; 2 closed letter outline(s) filled solid; 2 closed letter outline(s) filled solid; register size 600x600 mm differs from the drawing (149 x 281 mm) — check; no colour note on the sheet: MR-SM series default assumed — check colours: legend WHITE, background BLUE",Original PDFs/Service Signs/Modular Series MR-SM/mr-sm-15.dwg
MR-SM-16,MR-SM-16 - Toilets,Service Signs,MR_SM_16_TOILETS_MR-SM-16.svg,600x600 mm,"size from the register (600x600 mm); no scale on the sheet; 2 closed letter outline(s) filled solid; no colour note on the sheet: MR-SM series default assumed — check colours: legend WHITE, background BLUE",Original PDFs/Service Signs/Modular Series MR-SM/mr-sm-16.dwg
MR-SM-18,MR-SM-18 - Fireplace,Service Signs,MR_SM_18_FIREPLACE_MR-SM-18.svg,600x600 mm,"size from the register (600x600 mm); no scale on the sheet; 1 closed letter outline(s) filled solid; no colour note on the sheet: MR-SM series default assumed — check colours: legend WHITE, background BLUE",Original PDFs/Service Signs/Modular Series MR-SM/mr-sm-18.dwg
MR-SM-19,MR-SM-19 - Litter bin,Service Signs,MR_SM_19_LITTER_BIN_MR-SM-19.svg,600x600 mm,"size from the register (600x600 mm); no scale on the sheet; 1 closed letter outline(s) filled solid; no colour note on the sheet: MR-SM series default assumed — check colours: legend WHITE, background BLUE",Original PDFs/Service Signs/Modular Series MR-SM/mr-sm-19.dwg
MR-SM-2,MR-SM-2 - Public phone,Service Signs,MR_SM_2_PUBLIC_PHONE_MR-SM-2.svg,600x898 mm,"size from the register (600x600 mm); no scale on the sheet; 2 closed letter outline(s) filled solid; register size 600x600 mm differs from the drawing (600 x 898 mm) — check; no colour note on the sheet: MR-SM series default assumed — check colours: legend WHITE, background BLUE",Original PDFs/Service Signs/Modular Series MR-SM/mr-sm-2.dwg
MR-SM-20,MR-SM-20 - Drinking water,Service Signs,,,no drawing found after removing the sheet furniture,Original PDFs/Service Signs/Modular Series MR-SM/mr-sm-20.dwg
MR-SM-21,MR-SM-21 - Boat ramp,Service Signs,MR_SM_21_BOAT_RAMP_MR-SM-21.svg,600x600 mm,"size from the register (600x600 mm); no scale on the sheet; 1 closed letter outline(s) filled solid; no colour note on the sheet: MR-SM series default assumed — check colours: legend WHITE, background BLUE",Original PDFs/Service Signs/Modular Series MR-SM/mr-sm-21.dwg
MR-SM-29,MR-SM-29 - Facility for people with a disability,Service Signs,,,no drawing found after removing the sheet furniture,Original PDFs/Service Signs/Modular Series MR-SM/mr-sm-29.dwg
MR-SM-3,MR-SM-3 - Petrol,Service Signs,MR_SM_3_PETROL_MR-SM-3.svg,600x600 mm,"size from the register (600x600 mm); no scale on the sheet; 1 closed letter outline(s) filled solid; no colour note on the sheet: MR-SM series default assumed — check colours: legend WHITE, background BLUE",Original PDFs/Service Signs/Modular Series MR-SM/mr-sm-3.dwg
MR-SM-4,MR-SM-4 - Information,Service Signs,MR_SM_4_INFORMATION_MR-SM-4.svg,600x632 mm,"size from the register (600x600 mm); no scale on the sheet; 1 closed letter outline(s) filled solid; no colour note on the sheet: MR-SM series default assumed — check colours: legend WHITE, background BLUE",Original PDFs/Service Signs/Modular Series MR-SM/mr-sm-4.dwg
MR-SM-5,MR-SM-5 - Restaurant,Service Signs,,,no drawing found after removing the sheet furniture,Original PDFs/Service Signs/Modular Series MR-SM/mr-sm-5.dwg
MR-SM-6,MR-SM-6 - Accommodation,Service Signs,,,no drawing found after removing the sheet furniture,Original PDFs/Service Signs/Modular Series MR-SM/mr-sm-6.dwg
MR-SM-7,MR-SM-7 - Cafeteria,Service Signs,,,no drawing found after removing the sheet furniture,Original PDFs/Service Signs/Modular Series MR-SM/mr-sm-7.dwg
MR-SM-8,MR-SM-8 - Camping area,Service Signs,MR_SM_8_CAMPING_AREA_MR-SM-8.svg,600x600 mm,"size from the register (600x600 mm); no scale on the sheet; 1 closed letter outline(s) filled solid; no colour note on the sheet: MR-SM series default assumed — check colours: legend WHITE, background BLUE",Original PDFs/Service Signs/Modular Series MR-SM/mr-sm-8.dwg
MR-SM-9,MR-SM-9 - Caravan park,Service Signs,MR_SM_9_CARAVAN_PARK_MR-SM-9.svg,600x600 mm,"size from the register (600x600 mm); no scale on the sheet; 1 closed letter outline(s) filled solid; no colour note on the sheet: MR-SM series default assumed — check colours: legend WHITE, background BLUE",Original PDFs/Service Signs/Modular Series MR-SM/mr-sm-9.dwg
MR-TAW-24,MR-TAW-24 - Fire fighters ahead,Temporary Signs,,,no drawing found after removing the sheet furniture,Original PDFs/Temporary Signs/Advance Warning Signs MR-TAW/mr-taw-24.dwg
MR-TAW-26,MR-TAW-26 - Bush fires ahead,Temporary Signs,MR_TAW_26_BUSH_FIRES_AHEAD_MR-TAW-26.svg,1500x750 mm,"size from the register (1500x750 mm); no scale on the sheet; no colour note on the sheet: MR-TA series default assumed — check colours: legend BLACK, background YELLOW",Original PDFs/Temporary Signs/Advance Warning Signs MR-TAW/mr-taw-26.dwg
MR-TAW-27,MR-TAW-27 - Cyclists,Temporary Signs,MR_TAW_27_CYCLISTS_MR-TAW-27.svg,900x600 mm,"size from the register (900x600 mm); no scale on the sheet; 2 closed letter outline(s) filled solid; no colour note on the sheet: MR-TA series default assumed — check colours: legend BLACK, background YELLOW",Original PDFs/Temporary Signs/Advance Warning Signs MR-TAW/mr-taw-27.dwg
MR-TAW-28,MR-TAW-28 - Runners,Temporary Signs,MR_TAW_28_RUNNERS_MR-TAW-28.svg,900x600 mm,"size from the register (900x600 mm); no scale on the sheet; no colour note on the sheet: MR-TA series default assumed — check colours: legend BLACK, background YELLOW",Original PDFs/Temporary Signs/Advance Warning Signs MR-TAW/mr-taw-28.dwg
MR-TAW-29,MR-TAW-29 - Wheel barrow race,Temporary Signs,MR_TAW_29_WHEEL_BARROW_RACE_MR-TAW-29.svg,900x600 mm,"size from the register (900x600 mm); no scale on the sheet; no colour note on the sheet: MR-TA series default assumed — check colours: legend BLACK, background YELLOW",Original PDFs/Temporary Signs/Advance Warning Signs MR-TAW/mr-taw-29.dwg
MR-TAW-30,MR-TAW-30 - Event ahead,intervene/Temporary Signs,MR_TAW_30_EVENT_AHEAD_MR-TAW-30.svg,1200x600 mm,"size from the register (1200x600 mm); no scale on the sheet; no colour note on the sheet: MR-TA series default assumed — check colours: legend BLACK, background YELLOW; legend is CAD text on the sheet (T, N, E, V…): needs setting in the AS 1744 face by hand",Original PDFs/Temporary Signs/Advance Warning Signs MR-TAW/mr-taw-30.dwg
MR-TAW-31,MR-TAW-31 - Pedestrians,Temporary Signs,,,conversion failed: empty bounding box,Original PDFs/Temporary Signs/Advance Warning Signs MR-TAW/mr-taw-31.dwg
MR-TAW-13,MR-TAW-13 - Bridgework ahead low clearance,Temporary Signs,MR_TAW_13_BRIDGEWORK_AHEAD_LOW_CLEARANCE_MR-TAW-13.svg,2200x1040 mm,"size from the register (2200x1040 mm); no scale on the sheet; no colour note on the sheet: MR-TA series default assumed — check colours: legend BLACK, background YELLOW",Original PDFs/Temporary Signs/Advance Warning Signs MR-TAW/mr-taw-13.dwg
MR-TAW-32,MR-TAW-32 - Farm machinery,Temporary Signs,MR_TAW_32_FARM_MACHINERY_MR-TAW-32.svg,1200x900 mm,"size from the register (1200x600 mm); no scale on the sheet; 3 closed letter outline(s) filled solid; register size 1200x600 mm differs from the drawing (1200 x 900 mm) — check; no colour note on the sheet: MR-TA series default assumed — check colours: legend BLACK, background YELLOW",Original PDFs/Temporary Signs/Advance Warning Signs MR-TAW/mr-taw-32.dwg
MR-TAW-33,MR-TAW-33 - Power line works in progress,Temporary Signs,MR_TAW_33_POWER_LINE_WORKS_IN_PROGRESS_MR-TAW-33.svg,204x153 mm,"no scale on the sheet and no register size; drawn at 1:10 — check; no colour note on the sheet: MR-TA series default assumed — check colours: legend BLACK, background YELLOW",Original PDFs/Temporary Signs/Advance Warning Signs MR-TAW/mr-taw-33.dwg
MR-TAW-34,MR-TAW-34 - Event on side road,Temporary Signs,MR_TAW_34_EVENT_ON_SIDE_ROAD_MR-TAW-34.svg,1800x600 mm,"size from the sheet scale 1:15; 15 closed letter outline(s) filled solid; no colour note on the sheet: MR-TA series default assumed — check colours: legend BLACK, background YELLOW",Original PDFs/Temporary Signs/Advance Warning Signs MR-TAW/mr-taw-34.dwg
MR-TAW-35,MR-TAW-35 - Roadworks ahead (with logos),Temporary Signs,MR_TAW_35_ROADWORKS_AHEAD_WITH_LOGOS_MR-TAW-35.svg,2400x1500 mm,"size from the sheet scale 1:20; 84 closed letter outline(s) filled solid; colours from the sheet's note: legend BLACK, background YELLOW",Original PDFs/Temporary Signs/Advance Warning Signs MR-TAW/mr-taw-35.dwg
MR-TAW-36,MR-TAW-36 - Modified merge layout,Temporary Signs,MR_TAW_36_MODIFIED_MERGE_LAYOUT_MR-TAW-36.svg,1200x900 mm,"size from the sheet scale 1:15; 19 closed letter outline(s) filled solid; no colour note on the sheet: MR-TA series default assumed — check colours: legend BLACK, background YELLOW",Original PDFs/Temporary Signs/Advance Warning Signs MR-TAW/mr-taw-36.dwg
MR-TAW-37,MR-TAW-37 - Road closed authorised vehicles only drive safely,intervene/Temporary Signs,MR_TAW_37_ROAD_CLOSED_AUTHORISED_VEHICLES_ONLY_DRIVE_SAFELY_MR-TAW-37.svg,1200x600 mm,"size from the sheet scale 1:20; 177 closed letter outline(s) filled solid; 2 closed letter outline(s) filled solid; 2 closed letter outline(s) filled solid; 30 closed letter outline(s) filled solid; register size 2000x1000 mm differs from the drawing (1200 x 600 mm) — check; colours from the sheet's note: legend BLACK, background YELLOW, border BLACK; legend is CAD text on the sheet (1.	DIMENSIONS: MEASUREMENTS IN, OPEN SIGN FACE, CLOSED SIDE FACE, TITLE CHANGED.…): needs setting in the AS 1744 face by hand",Original PDFs/Temporary Signs/Advance Warning Signs MR-TAW/mr-taw-37.dwg
MR-TAW-37,MR-TAW-37 - Road closed authorised vehicles only drive safely,intervene/Temporary Signs,MR_TAW_37_ROAD_CLOSED_AUTHORISED_VEHICLES_ONLY_DRIVE_SAFELY_VAR2_MR-TAW-37.svg,1200x600 mm,"size from the sheet scale 1:20; 177 closed letter outline(s) filled solid; 2 closed letter outline(s) filled solid; 2 closed letter outline(s) filled solid; 30 closed letter outline(s) filled solid; register size 2000x1000 mm differs from the drawing (1200 x 600 mm) — check; colours from the sheet's note: legend BLACK, background YELLOW, border BLACK; legend is CAD text on the sheet (1.	DIMENSIONS: MEASUREMENTS IN, OPEN SIGN FACE, CLOSED SIDE FACE, TITLE CHANGED.…): needs setting in the AS 1744 face by hand",Original PDFs/Temporary Signs/Advance Warning Signs MR-TAW/mr-taw-37.dwg
MR-TAW-37,MR-TAW-37 - Road closed authorised vehicles only drive safely,intervene/Temporary Signs,MR_TAW_37_ROAD_CLOSED_AUTHORISED_VEHICLES_ONLY_DRIVE_SAFELY_VAR3_MR-TAW-37.svg,2000x1000 mm,"size from the sheet scale 1:20; 177 closed letter outline(s) filled solid; 2 closed letter outline(s) filled solid; 2 closed letter outline(s) filled solid; 30 closed letter outline(s) filled solid; colours from the sheet's note: legend BLACK, background YELLOW, border BLACK; legend is CAD text on the sheet (1.	DIMENSIONS: MEASUREMENTS IN, OPEN SIGN FACE, CLOSED SIDE FACE, TITLE CHANGED.…): needs setting in the AS 1744 face by hand",Original PDFs/Temporary Signs/Advance Warning Signs MR-TAW/mr-taw-37.dwg
MR-TAW-37,MR-TAW-37 - Road closed authorised vehicles only drive safely,intervene/Temporary Signs,MR_TAW_37_ROAD_CLOSED_AUTHORISED_VEHICLES_ONLY_DRIVE_SAFELY_VAR4_MR-TAW-37.svg,2000x1000 mm,"size from the sheet scale 1:20; 177 closed letter outline(s) filled solid; 2 closed letter outline(s) filled solid; 2 closed letter outline(s) filled solid; 30 closed letter outline(s) filled solid; colours from the sheet's note: legend BLACK, background YELLOW, border BLACK; legend is CAD text on the sheet (1.	DIMENSIONS: MEASUREMENTS IN, OPEN SIGN FACE, CLOSED SIDE FACE, TITLE CHANGED.…): needs setting in the AS 1744 face by hand",Original PDFs/Temporary Signs/Advance Warning Signs MR-TAW/mr-taw-37.dwg
MR-TAW-37,MR-TAW-37 - Road closed authorised vehicles only drive safely,intervene/Temporary Signs,MR_TAW_37_ROAD_CLOSED_AUTHORISED_VEHICLES_ONLY_DRIVE_SAFELY_VAR5_MR-TAW-37.svg,1200x600 mm,"size from the sheet scale 1:20; 177 closed letter outline(s) filled solid; 2 closed letter outline(s) filled solid; 2 closed letter outline(s) filled solid; 30 closed letter outline(s) filled solid; register size 2000x1000 mm differs from the drawing (1200 x 600 mm) — check; colours from the sheet's note: legend BLACK, background YELLOW, border BLACK; legend is CAD text on the sheet (1.	DIMENSIONS: MEASUREMENTS IN, OPEN SIGN FACE, CLOSED SIDE FACE, TITLE CHANGED.…): needs setting in the AS 1744 face by hand",Original PDFs/Temporary Signs/Advance Warning Signs MR-TAW/mr-taw-37.dwg
MR-TAW-37,MR-TAW-37 - Road closed authorised vehicles only drive safely,intervene/Temporary Signs,MR_TAW_37_ROAD_CLOSED_AUTHORISED_VEHICLES_ONLY_DRIVE_SAFELY_VAR6_MR-TAW-37.svg,1266x600 mm,"size from the sheet scale 1:20; 177 closed letter outline(s) filled solid; 2 closed letter outline(s) filled solid; 2 closed letter outline(s) filled solid; 30 closed letter outline(s) filled solid; register size 2000x1000 mm differs from the drawing (1266 x 600 mm) — check; colours from the sheet's note: legend BLACK, background YELLOW, border BLACK; legend is CAD text on the sheet (1.	DIMENSIONS: MEASUREMENTS IN, OPEN SIGN FACE, CLOSED SIDE FACE, TITLE CHANGED.…): needs setting in the AS 1744 face by hand",Original PDFs/Temporary Signs/Advance Warning Signs MR-TAW/mr-taw-37.dwg
MR-TAW-38,MR-TAW-38 - Litter collection in progress,Temporary Signs,MR_TAW_38_LITTER_COLLECTION_IN_PROGRESS_MR-TAW-38.svg,1200x900 mm,"size from the sheet scale 1:15; 26 closed letter outline(s) filled solid; colours from the sheet's note: legend BLACK, background YELLOW, border BLACK",Original PDFs/Temporary Signs/Advance Warning Signs MR-TAW/mr-taw-38.dwg
MR-TAW-38,MR-TAW-38 - Litter collection in progress,Temporary Signs,MR_TAW_38_LITTER_COLLECTION_IN_PROGRESS_VAR2_MR-TAW-38.svg,897x500 mm,"size from the sheet scale 1:15; 26 closed letter outline(s) filled solid; register size 1200x900 mm differs from the drawing (897 x 500 mm) — check; colours from the sheet's note: legend BLACK, background YELLOW, border BLACK",Original PDFs/Temporary Signs/Advance Warning Signs MR-TAW/mr-taw-38.dwg
MR-TAW-38,MR-TAW-38 - Litter collection in progress,Temporary Signs,MR_TAW_38_LITTER_COLLECTION_IN_PROGRESS_VAR3_MR-TAW-38.svg,610x77 mm,"size from the sheet scale 1:15; 26 closed letter outline(s) filled solid; register size 1200x900 mm differs from the drawing (610 x 77 mm) — check; colours from the sheet's note: legend BLACK, background YELLOW, border BLACK",Original PDFs/Temporary Signs/Advance Warning Signs MR-TAW/mr-taw-38.dwg
MR-TAW-39,MR-TAW-39 - ​Temporary narrow hazard sign,Temporary Signs,MR_TAW_39_TEMPORARY_NARROW_HAZARD_SIGN_MR-TAW-39.svg,250x1200 mm,"size from the sheet scale 1:10; no colour note on the sheet: MR-TA series default assumed — check colours: legend BLACK, background YELLOW",Original PDFs/Temporary Signs/Advance Warning Signs MR-TAW/mr-taw-39.dwg
MR-TAW-40,MR-TAW-40 - New 50,Temporary Signs,MR_TAW_40_NEW_50_MR-TAW-40.svg,900x1200 mm,"size from the register (900x1200 mm); no scale on the sheet; no colour note on the sheet: MR-TA series default assumed — check colours: legend BLACK, background YELLOW",Original PDFs/Temporary Signs/Advance Warning Signs MR-TAW/mr-taw-40.dwg
MR-TAW-41,MR-TAW-41 - Raised safety platform,Temporary Signs,MR_TAW_41_RAISED_SAFETY_PLATFORM_MR-TAW-41.svg,750x800 mm,"size from the sheet scale 1:10; register size 600x630 mm differs from the drawing (750 x 800 mm) — check; no colour note on the sheet: MR-TA series default assumed — check colours: legend BLACK, background YELLOW",Original PDFs/Temporary Signs/Advance Warning Signs MR-TAW/mr-taw-41.dwg
MR-TAW-7,MR-TAW-7 - Modified intersection ahead,Temporary Signs,MR_TAW_7_MODIFIED_INTERSECTION_AHEAD_MR-TAW-7.svg,750x1085 mm,"size from the register (1600x750 mm); no scale on the sheet; 2 closed letter outline(s) filled solid; register size 1600x750 mm differs from the drawing (750 x 1085 mm) — check; no colour note on the sheet: MR-TA series default assumed — check colours: legend BLACK, background YELLOW",Original PDFs/Temporary Signs/Advance Warning Signs MR-TAW/mr-taw-7.dwg
MR-TAW-14,MR-TAW-14 - Bridgework ahead wide vehicle,Temporary Signs,MR_TAW_14_BRIDGEWORK_AHEAD_WIDE_VEHICLE_MR-TAW-14.svg,1200x1735 mm,"size from the register (2200x1200 mm); no scale on the sheet; 4 closed letter outline(s) filled solid; register size 2200x1200 mm differs from the drawing (1200 x 1735 mm) — check; no colour note on the sheet: MR-TA series default assumed — check colours: legend BLACK, background YELLOW",Original PDFs/Temporary Signs/Advance Warning Signs MR-TAW/mr-taw-14.dwg
MR-TAW-14,MR-TAW-14 - Bridgework ahead wide vehicle,Temporary Signs,MR_TAW_14_BRIDGEWORK_AHEAD_WIDE_VEHICLE_VAR2_MR-TAW-14.svg,1200x1912 mm,"size from the register (2200x1200 mm); no scale on the sheet; 4 closed letter outline(s) filled solid; register size 2200x1200 mm differs from the drawing (1200 x 1912 mm) — check; no colour note on the sheet: MR-TA series default assumed — check colours: legend BLACK, background YELLOW",Original PDFs/Temporary Signs/Advance Warning Signs MR-TAW/mr-taw-14.dwg
MR-TAW-14,MR-TAW-14 - Bridgework ahead wide vehicle,Temporary Signs,MR_TAW_14_BRIDGEWORK_AHEAD_WIDE_VEHICLE_VAR3_MR-TAW-14.svg,1200x1914 mm,"size from the register (2200x1200 mm); no scale on the sheet; 4 closed letter outline(s) filled solid; register size 2200x1200 mm differs from the drawing (1200 x 1914 mm) — check; no colour note on the sheet: MR-TA series default assumed — check colours: legend BLACK, background YELLOW",Original PDFs/Temporary Signs/Advance Warning Signs MR-TAW/mr-taw-14.dwg
MR-TAW-5,MR-TAW-5 - Road closed ahead,Temporary Signs,MR_TAW_5_ROAD_CLOSED_AHEAD_MR-TAW-5.svg,900x1316 mm,"size from the register (1200x900 mm); no scale on the sheet; 2 closed letter outline(s) filled solid; register size 1200x900 mm differs from the drawing (900 x 1316 mm) — check; no colour note on the sheet: MR-TA series default assumed — check colours: legend BLACK, background YELLOW",Original PDFs/Temporary Signs/Advance Warning Signs MR-TAW/mr-taw-5.dwg
MR-TAW-18,MR-TAW-18 - Roadworks next km,intervene/Temporary Signs,MR_TAW_18_ROADWORKS_NEXT_KM_MR-TAW-18.svg,2800x1800 mm,"size from the sheet scale 1:25; 1 closed letter outline(s) filled solid; colours from the sheet's note: legend BLACK, background YELLOW; legend is CAD text on the sheet (CLASS OF MATERIAL SPECIFIED AS, CLASS 1, GRAFITTI PROTECTION, NOT REQUIRED.): needs setting in the AS 1744 face by hand",Original PDFs/Temporary Signs/Advance Warning Signs MR-TAW/mr-taw-18.dwg
MR-TAW-18,MR-TAW-18 - Roadworks next km,intervene/Temporary Signs,MR_TAW_18_ROADWORKS_NEXT_KM_VAR2_MR-TAW-18.svg,1611x1160 mm,"size from the sheet scale 1:25; 1 closed letter outline(s) filled solid; register size 2800x1850 mm differs from the drawing (1611 x 1160 mm) — check; colours from the sheet's note: legend BLACK, background YELLOW; legend is CAD text on the sheet (CLASS OF MATERIAL SPECIFIED AS, CLASS 1, GRAFITTI PROTECTION, NOT REQUIRED.): needs setting in the AS 1744 face by hand",Original PDFs/Temporary Signs/Advance Warning Signs MR-TAW/mr-taw-18.dwg
MR-TAW-18,MR-TAW-18 - Roadworks next km,intervene/Temporary Signs,MR_TAW_18_ROADWORKS_NEXT_KM_VAR3_MR-TAW-18.svg,878x128 mm,"size from the sheet scale 1:25; 1 closed letter outline(s) filled solid; register size 2800x1850 mm differs from the drawing (878 x 128 mm) — check; colours from the sheet's note: legend BLACK, background YELLOW; legend is CAD text on the sheet (CLASS OF MATERIAL SPECIFIED AS, CLASS 1, GRAFITTI PROTECTION, NOT REQUIRED.): needs setting in the AS 1744 face by hand",Original PDFs/Temporary Signs/Advance Warning Signs MR-TAW/mr-taw-18.dwg
MR-TAW-19,MR-TAW-19 - Road closed access via,intervene/Temporary Signs,MR_TAW_19_ROAD_CLOSED_ACCESS_VIA_MR-TAW-19.svg,2000x1640 mm,"size from the sheet scale 1:20; 1 closed letter outline(s) filled solid; colours from the sheet's note: legend BLACK, background YELLOW; legend is CAD text on the sheet (CLASS OF MATERIAL SPECIFIED AS, CLASS 1, GRAFITTI PROTECTION, NOT REQUIRED.): needs setting in the AS 1744 face by hand",Original PDFs/Temporary Signs/Advance Warning Signs MR-TAW/mr-taw-19.dwg
MR-TAW-19,MR-TAW-19 - Road closed access via,intervene/Temporary Signs,MR_TAW_19_ROAD_CLOSED_ACCESS_VIA_VAR2_MR-TAW-19.svg,1196x604 mm,"size from the sheet scale 1:20; 1 closed letter outline(s) filled solid; colours from the sheet's note: legend BLACK, background YELLOW; legend is CAD text on the sheet (CLASS OF MATERIAL SPECIFIED AS, CLASS 1, GRAFITTI PROTECTION, NOT REQUIRED.): needs setting in the AS 1744 face by hand",Original PDFs/Temporary Signs/Advance Warning Signs MR-TAW/mr-taw-19.dwg
MR-TAW-19,MR-TAW-19 - Road closed access via,intervene/Temporary Signs,MR_TAW_19_ROAD_CLOSED_ACCESS_VIA_VAR3_MR-TAW-19.svg,1082x427 mm,"size from the sheet scale 1:20; 1 closed letter outline(s) filled solid; colours from the sheet's note: legend BLACK, background YELLOW; legend is CAD text on the sheet (CLASS OF MATERIAL SPECIFIED AS, CLASS 1, GRAFITTI PROTECTION, NOT REQUIRED.): needs setting in the AS 1744 face by hand",Original PDFs/Temporary Signs/Advance Warning Signs MR-TAW/mr-taw-19.dwg
MR-TAW-19,MR-TAW-19 - Road closed access via,intervene/Temporary Signs,MR_TAW_19_ROAD_CLOSED_ACCESS_VIA_VAR4_MR-TAW-19.svg,703x102 mm,"size from the sheet scale 1:20; 1 closed letter outline(s) filled solid; colours from the sheet's note: legend BLACK, background YELLOW; legend is CAD text on the sheet (CLASS OF MATERIAL SPECIFIED AS, CLASS 1, GRAFITTI PROTECTION, NOT REQUIRED.): needs setting in the AS 1744 face by hand",Original PDFs/Temporary Signs/Advance Warning Signs MR-TAW/mr-taw-19.dwg
MR-TAW-11,MR-TAW-11 - Gravel sections,Temporary Signs,,,no drawing found after removing the sheet furniture,Original PDFs/Temporary Signs/Advance Warning Signs MR-TAW/mr-taw-11.dwg
MR-TAW-16,MR-TAW-16 - Road closed permanently,intervene/Temporary Signs,MR_TAW_16_ROAD_CLOSED_PERMANENTLY_MR-TAW-16.svg,2000x1000 mm,"size from the sheet scale 1:15; 1 closed letter outline(s) filled solid; colours from the sheet's note: legend BLACK, background YELLOW; legend is CAD text on the sheet (CLASS OF MATERIAL SPECIFIED AS, CLASS 1, GRAFITTI PROTECTION, NOT REQUIRED.): needs setting in the AS 1744 face by hand",Original PDFs/Temporary Signs/Advance Warning Signs MR-TAW/mr-taw-16.dwg
MR-TAW-16,MR-TAW-16 - Road closed permanently,intervene/Temporary Signs,MR_TAW_16_ROAD_CLOSED_PERMANENTLY_VAR2_MR-TAW-16.svg,958x696 mm,"size from the sheet scale 1:15; 1 closed letter outline(s) filled solid; register size 2000x1000 mm differs from the drawing (958 x 696 mm) — check; colours from the sheet's note: legend BLACK, background YELLOW; legend is CAD text on the sheet (CLASS OF MATERIAL SPECIFIED AS, CLASS 1, GRAFITTI PROTECTION, NOT REQUIRED.): needs setting in the AS 1744 face by hand",Original PDFs/Temporary Signs/Advance Warning Signs MR-TAW/mr-taw-16.dwg
MR-TAW-16,MR-TAW-16 - Road closed permanently,intervene/Temporary Signs,MR_TAW_16_ROAD_CLOSED_PERMANENTLY_VAR3_MR-TAW-16.svg,527x77 mm,"size from the sheet scale 1:15; 1 closed letter outline(s) filled solid; register size 2000x1000 mm differs from the drawing (527 x 77 mm) — check; colours from the sheet's note: legend BLACK, background YELLOW; legend is CAD text on the sheet (CLASS OF MATERIAL SPECIFIED AS, CLASS 1, GRAFITTI PROTECTION, NOT REQUIRED.): needs setting in the AS 1744 face by hand",Original PDFs/Temporary Signs/Advance Warning Signs MR-TAW/mr-taw-16.dwg
MR-TAW-8,MR-TAW-8 - Modified intersection ahead,intervene/Temporary Signs,MR_TAW_8_MODIFIED_INTERSECTION_AHEAD_MR-TAW-8.svg,972x696 mm,"size from the sheet scale 1:15; 5 closed letter outline(s) filled solid; register size 2200x2110 mm differs from the drawing (972 x 696 mm) — check; colours from the sheet's note: legend BLACK, background YELLOW; legend is CAD text on the sheet (R318, R18, R18, CLASS OF MATERIAL SPECIFIED AS…): needs setting in the AS 1744 face by hand",Original PDFs/Temporary Signs/Advance Warning Signs MR-TAW/mr-taw-8.dwg
MR-TAW-8,MR-TAW-8 - Modified intersection ahead,intervene/Temporary Signs,MR_TAW_8_MODIFIED_INTERSECTION_AHEAD_VAR2_MR-TAW-8.svg,577x1285 mm,"size from the sheet scale 1:15; 5 closed letter outline(s) filled solid; register size 2200x2110 mm differs from the drawing (577 x 1285 mm) — check; colours from the sheet's note: legend BLACK, background YELLOW; legend is CAD text on the sheet (R318, R18, R18, CLASS OF MATERIAL SPECIFIED AS…): needs setting in the AS 1744 face by hand",Original PDFs/Temporary Signs/Advance Warning Signs MR-TAW/mr-taw-8.dwg
MR-TAW-8,MR-TAW-8 - Modified intersection ahead,intervene/Temporary Signs,MR_TAW_8_MODIFIED_INTERSECTION_AHEAD_VAR3_MR-TAW-8.svg,2200x560 mm,"size from the sheet scale 1:15; 5 closed letter outline(s) filled solid; register size 2200x2110 mm differs from the drawing (2200 x 560 mm) — check; colours from the sheet's note: legend BLACK, background YELLOW; legend is CAD text on the sheet (R318, R18, R18, CLASS OF MATERIAL SPECIFIED AS…): needs setting in the AS 1744 face by hand",Original PDFs/Temporary Signs/Advance Warning Signs MR-TAW/mr-taw-8.dwg
MR-TAW-8,MR-TAW-8 - Modified intersection ahead,intervene/Temporary Signs,MR_TAW_8_MODIFIED_INTERSECTION_AHEAD_VAR4_MR-TAW-8.svg,584x77 mm,"size from the sheet scale 1:15; 5 closed letter outline(s) filled solid; register size 2200x2110 mm differs from the drawing (584 x 77 mm) — check; colours from the sheet's note: legend BLACK, background YELLOW; legend is CAD text on the sheet (R318, R18, R18, CLASS OF MATERIAL SPECIFIED AS…): needs setting in the AS 1744 face by hand",Original PDFs/Temporary Signs/Advance Warning Signs MR-TAW/mr-taw-8.dwg
MR-TAW-17,MR-TAW-17 - Roadworks ahead,intervene/Temporary Signs,MR_TAW_17_ROADWORKS_AHEAD_MR-TAW-17.svg,2400x1200 mm,"size from the sheet scale 1:20; 1 closed letter outline(s) filled solid; colours from the sheet's note: legend BLACK, background YELLOW; legend is CAD text on the sheet (CLASS OF MATERIAL SPECIFIED AS, CLASS 1, GRAFITTI PROTECTION, NOT REQUIRED.): needs setting in the AS 1744 face by hand",Original PDFs/Temporary Signs/Advance Warning Signs MR-TAW/mr-taw-17.dwg
MR-TAW-17,MR-TAW-17 - Roadworks ahead,intervene/Temporary Signs,MR_TAW_17_ROADWORKS_AHEAD_VAR2_MR-TAW-17.svg,1296x927 mm,"size from the sheet scale 1:20; 1 closed letter outline(s) filled solid; colours from the sheet's note: legend BLACK, background YELLOW; legend is CAD text on the sheet (CLASS OF MATERIAL SPECIFIED AS, CLASS 1, GRAFITTI PROTECTION, NOT REQUIRED.): needs setting in the AS 1744 face by hand",Original PDFs/Temporary Signs/Advance Warning Signs MR-TAW/mr-taw-17.dwg
MR-TAW-17,MR-TAW-17 - Roadworks ahead,intervene/Temporary Signs,MR_TAW_17_ROADWORKS_AHEAD_VAR3_MR-TAW-17.svg,780x102 mm,"size from the sheet scale 1:20; 1 closed letter outline(s) filled solid; colours from the sheet's note: legend BLACK, background YELLOW; legend is CAD text on the sheet (CLASS OF MATERIAL SPECIFIED AS, CLASS 1, GRAFITTI PROTECTION, NOT REQUIRED.): needs setting in the AS 1744 face by hand",Original PDFs/Temporary Signs/Advance Warning Signs MR-TAW/mr-taw-17.dwg
MR-TAW-9,MR-TAW-9 - Modified intersection ahead,intervene/Temporary Signs,MR_TAW_9_MODIFIED_INTERSECTION_AHEAD_MR-TAW-9.svg,1296x928 mm,"size from the sheet scale 1:20; 7 closed letter outline(s) filled solid; register size 3000x2900 mm differs from the drawing (1296 x 928 mm) — check; colours from the sheet's note: legend BLACK, background YELLOW; legend is CAD text on the sheet (DRAWING No. CHANGED., AMENDMENTS TO TITLE BLOCK,, NOTES. ARROW TYPES, DETAILS, C. WOOLDRIDGE…): needs setting in the AS 1744 face by hand",Original PDFs/Temporary Signs/Advance Warning Signs MR-TAW/mr-taw-9.dwg
MR-TAW-9,MR-TAW-9 - Modified intersection ahead,intervene/Temporary Signs,MR_TAW_9_MODIFIED_INTERSECTION_AHEAD_VAR2_MR-TAW-9.svg,544x1501 mm,"size from the sheet scale 1:20; 7 closed letter outline(s) filled solid; register size 3000x2900 mm differs from the drawing (544 x 1501 mm) — check; colours from the sheet's note: legend BLACK, background YELLOW; legend is CAD text on the sheet (DRAWING No. CHANGED., AMENDMENTS TO TITLE BLOCK,, NOTES. ARROW TYPES, DETAILS, C. WOOLDRIDGE…): needs setting in the AS 1744 face by hand",Original PDFs/Temporary Signs/Advance Warning Signs MR-TAW/mr-taw-9.dwg
MR-TAW-9,MR-TAW-9 - Modified intersection ahead,intervene/Temporary Signs,MR_TAW_9_MODIFIED_INTERSECTION_AHEAD_VAR3_MR-TAW-9.svg,380x1500 mm,"size from the sheet scale 1:20; 7 closed letter outline(s) filled solid; register size 3000x2900 mm differs from the drawing (380 x 1500 mm) — check; colours from the sheet's note: legend BLACK, background YELLOW; legend is CAD text on the sheet (DRAWING No. CHANGED., AMENDMENTS TO TITLE BLOCK,, NOTES. ARROW TYPES, DETAILS, C. WOOLDRIDGE…): needs setting in the AS 1744 face by hand",Original PDFs/Temporary Signs/Advance Warning Signs MR-TAW/mr-taw-9.dwg
MR-TAW-9,MR-TAW-9 - Modified intersection ahead,intervene/Temporary Signs,MR_TAW_9_MODIFIED_INTERSECTION_AHEAD_VAR4_MR-TAW-9.svg,3000x1200 mm,"size from the sheet scale 1:20; 7 closed letter outline(s) filled solid; register size 3000x2900 mm differs from the drawing (3000 x 1200 mm) — check; colours from the sheet's note: legend BLACK, background YELLOW; legend is CAD text on the sheet (DRAWING No. CHANGED., AMENDMENTS TO TITLE BLOCK,, NOTES. ARROW TYPES, DETAILS, C. WOOLDRIDGE…): needs setting in the AS 1744 face by hand",Original PDFs/Temporary Signs/Advance Warning Signs MR-TAW/mr-taw-9.dwg
MR-TAW-9,MR-TAW-9 - Modified intersection ahead,intervene/Temporary Signs,MR_TAW_9_MODIFIED_INTERSECTION_AHEAD_VAR5_MR-TAW-9.svg,780x102 mm,"size from the sheet scale 1:20; 7 closed letter outline(s) filled solid; register size 3000x2900 mm differs from the drawing (780 x 102 mm) — check; colours from the sheet's note: legend BLACK, background YELLOW; legend is CAD text on the sheet (DRAWING No. CHANGED., AMENDMENTS TO TITLE BLOCK,, NOTES. ARROW TYPES, DETAILS, C. WOOLDRIDGE…): needs setting in the AS 1744 face by hand",Original PDFs/Temporary Signs/Advance Warning Signs MR-TAW/mr-taw-9.dwg
MR-TAW-25,MR-TAW-25 - New speed limit ahead,intervene/Temporary Signs,MR_TAW_25_NEW_SPEED_LIMIT_AHEAD_MR-TAW-25.svg,876x1175 mm,"size from the sheet scale 1:10; 1 closed letter outline(s) filled solid; colours from the sheet's note: legend BLACK, background YELLOW, border BLACK; legend is CAD text on the sheet (NOTES 3 & 4 CHANGED., SIZE OF SIGN CHANGED., NOTE 6 ADDED.): needs setting in the AS 1744 face by hand",Original PDFs/Temporary Signs/Advance Warning Signs MR-TAW/mr-taw-25.dwg
MR-TAW-25,MR-TAW-25 - New speed limit ahead,intervene/Temporary Signs,MR_TAW_25_NEW_SPEED_LIMIT_AHEAD_VAR2_MR-TAW-25.svg,628x395 mm,"size from the sheet scale 1:10; 1 closed letter outline(s) filled solid; register size 900x1200 mm differs from the drawing (628 x 395 mm) — check; colours from the sheet's note: legend BLACK, background YELLOW, border BLACK; legend is CAD text on the sheet (NOTES 3 & 4 CHANGED., SIZE OF SIGN CHANGED., NOTE 6 ADDED.): needs setting in the AS 1744 face by hand",Original PDFs/Temporary Signs/Advance Warning Signs MR-TAW/mr-taw-25.dwg
MR-TAW-25,MR-TAW-25 - New speed limit ahead,intervene/Temporary Signs,MR_TAW_25_NEW_SPEED_LIMIT_AHEAD_VAR3_MR-TAW-25.svg,390x51 mm,"size from the sheet scale 1:10; 1 closed letter outline(s) filled solid; register size 900x1200 mm differs from the drawing (390 x 51 mm) — check; colours from the sheet's note: legend BLACK, background YELLOW, border BLACK; legend is CAD text on the sheet (NOTES 3 & 4 CHANGED., SIZE OF SIGN CHANGED., NOTE 6 ADDED.): needs setting in the AS 1744 face by hand",Original PDFs/Temporary Signs/Advance Warning Signs MR-TAW/mr-taw-25.dwg
MR-TP-18,MR-TP-18 - Caution pedestrian signals modified (decal),Temporary Signs,MR_TP_18_CAUTION_PEDESTRIAN_SIGNALS_MODIFIED_DECAL_MR-TP-18.svg,150x171 mm,"size from the register (150x170 mm); no scale on the sheet; no colour note on the sheet: MR-TP series default assumed — check colours: legend BLACK, background YELLOW",Original PDFs/Temporary Signs/Position Series MR-TP/mr-tp-18.dwg
MR-TP-17,MR-TP-17 - Caution pedestrian signals modified,Temporary Signs,MR_TP_17_CAUTION_PEDESTRIAN_SIGNALS_MODIFIED_MR-TP-17.svg,700x806 mm,"size from the register (700x800 mm); no scale on the sheet; no colour note on the sheet: MR-TP series default assumed — check colours: legend BLACK, background YELLOW",Original PDFs/Temporary Signs/Position Series MR-TP/mr-tp-17.dwg
MR-TP-3,MR-TP-3 - Signals not in use,Temporary Signs,,,no drawing found after removing the sheet furniture,Original PDFs/Temporary Signs/Position Series MR-TP/mr-tp-3.dwg
MR-TP-19,MR-TP-19 - Event in progress,intervene/Temporary Signs,MR_TP_19_EVENT_IN_PROGRESS_MR-TP-19.svg,1800x644 mm,"size from the register (1800x200 mm); no scale on the sheet; 15 closed letter outline(s) filled solid; register size 1800x200 mm differs from the drawing (1800 x 644 mm) — check; no colour note on the sheet: MR-TP series default assumed — check colours: legend BLACK, background YELLOW; legend is CAD text on the sheet (T, N, E, V…): needs setting in the AS 1744 face by hand",Original PDFs/Temporary Signs/Position Series MR-TP/mr-tp-19.dwg
MR-TP-19,MR-TP-19 - Event in progress,intervene/Temporary Signs,MR_TP_19_EVENT_IN_PROGRESS_VAR2_MR-TP-19.svg,1800x666 mm,"size from the register (1800x200 mm); no scale on the sheet; 15 closed letter outline(s) filled solid; register size 1800x200 mm differs from the drawing (1800 x 666 mm) — check; no colour note on the sheet: MR-TP series default assumed — check colours: legend BLACK, background YELLOW; legend is CAD text on the sheet (T, N, E, V…): needs setting in the AS 1744 face by hand",Original PDFs/Temporary Signs/Position Series MR-TP/mr-tp-19.dwg
MR-TP-19,MR-TP-19 - Event in progress,intervene/Temporary Signs,MR_TP_19_EVENT_IN_PROGRESS_VAR3_MR-TP-19.svg,1800x1023 mm,"size from the register (1800x200 mm); no scale on the sheet; 15 closed letter outline(s) filled solid; register size 1800x200 mm differs from the drawing (1800 x 1023 mm) — check; no colour note on the sheet: MR-TP series default assumed — check colours: legend BLACK, background YELLOW; legend is CAD text on the sheet (T, N, E, V…): needs setting in the AS 1744 face by hand",Original PDFs/Temporary Signs/Position Series MR-TP/mr-tp-19.dwg
MR-TP-19,MR-TP-19 - Event in progress,intervene/Temporary Signs,MR_TP_19_EVENT_IN_PROGRESS_VAR4_MR-TP-19.svg,200x250 mm,"size from the register (1800x200 mm); no scale on the sheet; 15 closed letter outline(s) filled solid; register size 1800x200 mm differs from the drawing (200 x 250 mm) — check; no colour note on the sheet: MR-TP series default assumed — check colours: legend BLACK, background YELLOW; legend is CAD text on the sheet (T, N, E, V…): needs setting in the AS 1744 face by hand",Original PDFs/Temporary Signs/Position Series MR-TP/mr-tp-19.dwg
MR-TP-19,MR-TP-19 - Event in progress,intervene/Temporary Signs,MR_TP_19_EVENT_IN_PROGRESS_VAR5_MR-TP-19.svg,200x274 mm,"size from the register (1800x200 mm); no scale on the sheet; 15 closed letter outline(s) filled solid; register size 1800x200 mm differs from the drawing (200 x 274 mm) — check; no colour note on the sheet: MR-TP series default assumed — check colours: legend BLACK, background YELLOW; legend is CAD text on the sheet (T, N, E, V…): needs setting in the AS 1744 face by hand",Original PDFs/Temporary Signs/Position Series MR-TP/mr-tp-19.dwg
MR-TP-19,MR-TP-19 - Event in progress,intervene/Temporary Signs,MR_TP_19_EVENT_IN_PROGRESS_VAR6_MR-TP-19.svg,200x1169 mm,"size from the register (1800x200 mm); no scale on the sheet; 15 closed letter outline(s) filled solid; register size 1800x200 mm differs from the drawing (200 x 1169 mm) — check; no colour note on the sheet: MR-TP series default assumed — check colours: legend BLACK, background YELLOW; legend is CAD text on the sheet (T, N, E, V…): needs setting in the AS 1744 face by hand",Original PDFs/Temporary Signs/Position Series MR-TP/mr-tp-19.dwg
MR-TP-20,MR-TP-20 - End event,Temporary Signs,MR_TP_20_END_EVENT_MR-TP-20.svg,1200x600 mm,"size from the register (1200x600 mm); no scale on the sheet; no colour note on the sheet: MR-TP series default assumed — check colours: legend BLACK, background YELLOW",Original PDFs/Temporary Signs/Position Series MR-TP/mr-tp-20.dwg
MR-TP-21,MR-TP-21 - Look both ways two-way traffic,Temporary Signs,MR_TP_21_LOOK_BOTH_WAYS_TWO_WAY_TRAFFIC_MR-TP-21.svg,600x400 mm,"size from the register (600x450 mm); no scale on the sheet; 8 closed letter outline(s) filled solid; register size 600x450 mm differs from the drawing (600 x 400 mm) — check; no colour note on the sheet: MR-TP series default assumed — check colours: legend BLACK, background YELLOW",Original PDFs/Temporary Signs/Position Series MR-TP/mr-tp-21.dwg
MR-TP-22,MR-TP-22 - Pedestrian signals modified,Temporary Signs,MR_TP_22_PEDESTRIAN_SIGNALS_MODIFIED_MR-TP-22.svg,500x489 mm,"size from the register (260x500 mm); no scale on the sheet; 20 closed letter outline(s) filled solid; register size 260x500 mm differs from the drawing (500 x 489 mm) — check; no colour note on the sheet: MR-TP series default assumed — check colours: legend BLACK, background YELLOW",Original PDFs/Temporary Signs/Position Series MR-TP/mr-tp-22.dwg
MR-TP-6,MR-TP-6 - Caution zebra crossing removed,Temporary Signs,MR_TP_6_CAUTION_ZEBRA_CROSSING_REMOVED_MR-TP-6.svg,450x297 mm,"size from the register (450x300 mm); no scale on the sheet; no colour note on the sheet: MR-TP series default assumed — check colours: legend BLACK, background YELLOW",Original PDFs/Temporary Signs/Position Series MR-TP/mr-tp-6.dwg
MR-TP-2,MR-TP-2 - Traffic signal works in progress,Temporary Signs,MR_TP_2_TRAFFIC_SIGNAL_WORKS_IN_PROGRESS_MR-TP-2.svg,1000x1173 mm,"size from the register (1200x1000 mm); no scale on the sheet; register size 1200x1000 mm differs from the drawing (1000 x 1173 mm) — check; no colour note on the sheet: MR-TP series default assumed — check colours: legend BLACK, background YELLOW",Original PDFs/Temporary Signs/Position Series MR-TP/mr-tp-2.dwg
MR-TP-2,MR-TP-2 - Traffic signal works in progress,Temporary Signs,MR_TP_2_TRAFFIC_SIGNAL_WORKS_IN_PROGRESS_VAR2_MR-TP-2.svg,1000x1410 mm,"size from the register (1200x1000 mm); no scale on the sheet; register size 1200x1000 mm differs from the drawing (1000 x 1410 mm) — check; no colour note on the sheet: MR-TP series default assumed — check colours: legend BLACK, background YELLOW",Original PDFs/Temporary Signs/Position Series MR-TP/mr-tp-2.dwg
MR-TP-2,MR-TP-2 - Traffic signal works in progress,Temporary Signs,MR_TP_2_TRAFFIC_SIGNAL_WORKS_IN_PROGRESS_VAR3_MR-TP-2.svg,1000x1453 mm,"size from the register (1200x1000 mm); no scale on the sheet; register size 1200x1000 mm differs from the drawing (1000 x 1453 mm) — check; no colour note on the sheet: MR-TP series default assumed — check colours: legend BLACK, background YELLOW",Original PDFs/Temporary Signs/Position Series MR-TP/mr-tp-2.dwg
MR-TP-2,MR-TP-2 - Traffic signal works in progress,Temporary Signs,MR_TP_2_TRAFFIC_SIGNAL_WORKS_IN_PROGRESS_VAR4_MR-TP-2.svg,1000x1498 mm,"size from the register (1200x1000 mm); no scale on the sheet; register size 1200x1000 mm differs from the drawing (1000 x 1498 mm) — check; no colour note on the sheet: MR-TP series default assumed — check colours: legend BLACK, background YELLOW",Original PDFs/Temporary Signs/Position Series MR-TP/mr-tp-2.dwg
MR-TP-2,MR-TP-2 - Traffic signal works in progress,Temporary Signs,MR_TP_2_TRAFFIC_SIGNAL_WORKS_IN_PROGRESS_VAR5_MR-TP-2.svg,1000x1521 mm,"size from the register (1200x1000 mm); no scale on the sheet; register size 1200x1000 mm differs from the drawing (1000 x 1521 mm) — check; no colour note on the sheet: MR-TP series default assumed — check colours: legend BLACK, background YELLOW",Original PDFs/Temporary Signs/Position Series MR-TP/mr-tp-2.dwg
MR-TP-2,MR-TP-2 - Traffic signal works in progress,Temporary Signs,MR_TP_2_TRAFFIC_SIGNAL_WORKS_IN_PROGRESS_VAR6_MR-TP-2.svg,1000x1610 mm,"size from the register (1200x1000 mm); no scale on the sheet; register size 1200x1000 mm differs from the drawing (1000 x 1610 mm) — check; no colour note on the sheet: MR-TP series default assumed — check colours: legend BLACK, background YELLOW",Original PDFs/Temporary Signs/Position Series MR-TP/mr-tp-2.dwg
MR-TP-9,MR-TP-9 - Funeral in progress,Temporary Signs,MR_TP_9_FUNERAL_IN_PROGRESS_MR-TP-9.svg,1200x600 mm,"size from the register (1200x600 mm); no scale on the sheet; no colour note on the sheet: MR-TP series default assumed — check colours: legend BLACK, background YELLOW",Original PDFs/Temporary Signs/Position Series MR-TP/mr-tp-9.dwg
MR-TP-15,MR-TP-15 - Construction vehicles only,Temporary Signs,MR_TP_15_CONSTRUCTION_VEHICLES_ONLY_MR-TP-15.svg,700x800 mm,"size from the register (700x800 mm); no scale on the sheet; no colour note on the sheet: MR-TP series default assumed — check colours: legend BLACK, background YELLOW",Original PDFs/Temporary Signs/Position Series MR-TP/mr-tp-15.dwg
MR-TP-16,MR-TP-16 (LorR) - Construction vehicles only,Temporary Signs,MR_TP_16_LORR_CONSTRUCTION_VEHICLES_ONLY_MR-TP-16.svg,700x800 mm,"size from the register (700x800 mm); no scale on the sheet; no colour note on the sheet: MR-TP series default assumed — check colours: legend BLACK, background YELLOW",Original PDFs/Temporary Signs/Position Series MR-TP/mr-tp-16.dwg
MR-TP-4,MR-TP-4-BACK - Caution signals modified (back),Temporary Signs,MR_TP_4_BACK_CAUTION_SIGNALS_MODIFIED_BACK_MR-TP-4.svg,750x803 mm,"size from the register (750x800 mm); no scale on the sheet; no colour note on the sheet: MR-TP series default assumed — check colours: legend BLACK, background YELLOW",Original PDFs/Temporary Signs/Position Series MR-TP/mr-tp-4-back.dwg
MR-TP-4,MR-TP-4-FRONT - Caution signals modified (front),Temporary Signs,MR_TP_4_FRONT_CAUTION_SIGNALS_MODIFIED_FRONT_MR-TP-4.svg,750x803 mm,"size from the register (750x800 mm); no scale on the sheet; no colour note on the sheet: MR-TP series default assumed — check colours: legend BLACK, background YELLOW",Original PDFs/Temporary Signs/Position Series MR-TP/mr-tp-4-front.dwg
MR-TC-1A,MR-TC-1A - Modified road layout,Temporary Signs,MR_TC_1A_MODIFIED_ROAD_LAYOUT_MR-TC-1A.svg,1200x450 mm,"size from the register (1200x450 mm); no scale on the sheet; no colour note on the sheet: MR-TC series default assumed — check colours: legend BLACK, background YELLOW",Original PDFs/Temporary Signs/Road Condition Series MR-TC/mr-tc-1a.dwg
MR-TC-1B,MR-TC-1B - Modified road layout,Temporary Signs,MR_TC_1B_MODIFIED_ROAD_LAYOUT_MR-TC-1B.svg,1800x600 mm,"size from the register (1800x600 mm); no scale on the sheet; no colour note on the sheet: MR-TC series default assumed — check colours: legend BLACK, background YELLOW",Original PDFs/Temporary Signs/Road Condition Series MR-TC/mr-tc-1b.dwg
MR-TVM-15,MR-TVM-15 - Road inspection,Temporary Signs,MR_TVM_15_ROAD_INSPECTION_MR-TVM-15.svg,1200x500 mm,"size from the sheet scale 1:10; 14 closed letter outline(s) filled solid; no colour note on the sheet: MR-TV series default assumed — check colours: legend BLACK, background YELLOW",Original PDFs/Temporary Signs/Vehicles Mounted Series MR-TVM/mr-tvm-15.dwg
MR-TVM-16,MR-TVM-16 - Line marking,Temporary Signs,MR_TVM_16_LINE_MARKING_MR-TVM-16.svg,1200x300 mm,"size from the sheet scale 1:10; 11 closed letter outline(s) filled solid; no colour note on the sheet: MR-TV series default assumed — check colours: legend BLACK, background YELLOW",Original PDFs/Temporary Signs/Vehicles Mounted Series MR-TVM/mr-tvm-16.dwg
MR-TVM-17,MR-TVM-17 - Frequently stopping​,Temporary Signs,,,no drawing found after removing the sheet furniture,Original PDFs/Temporary Signs/Vehicles Mounted Series MR-TVM/mr-tvm-17.dwg
MR-TVM-18,MR-TVM-18 - Follow Me / Do Not Overtake,Temporary Signs,MR_TVM_18_FOLLOW_ME_DO_NOT_OVERTAKE_MR-TVM-18.svg,1200x500 mm,"size from the register (1200x500 mm); no scale on the sheet; no colour note on the sheet: MR-TV series default assumed — check colours: legend BLACK, background YELLOW",Original PDFs/Temporary Signs/Vehicles Mounted Series MR-TVM/mr-tvm-18-follow-me-do-not-overtake.dwg
MR-TVM-4,MR-TVM-4 - Vehicle under tow,Temporary Signs,MR_TVM_4_VEHICLE_UNDER_TOW_MR-TVM-4.svg,1800x750 mm,"size from the register (1800x750 mm); no scale on the sheet; no colour note on the sheet: MR-TV series default assumed — check colours: legend BLACK, background YELLOW",Original PDFs/Temporary Signs/Vehicles Mounted Series MR-TVM/mr-tvm-4.dwg
MR-TVM-14,"MR-TVM-14 - Hazard marker (use on rear of utilities, etc)",Temporary Signs,MR_TVM_14_HAZARD_MARKER_USE_ON_REAR_OF_UTILITIES_ETC_MR-TVM-14.svg,1485x742 mm,"no scale on the sheet and no register size; drawn at 1:10 — check; no colour note on the sheet: MR-TV series default assumed — check colours: legend BLACK, background YELLOW",Original PDFs/Temporary Signs/Vehicles Mounted Series MR-TVM/mr-tvm-14.dwg
MR-TVM-7,MR-TVM-7 - Overwidth vehicle following,Temporary Signs,MR_TVM_7_OVERWIDTH_VEHICLE_FOLLOWING_MR-TVM-7.svg,1050x900 mm,"size from the register (1050x900 mm); no scale on the sheet; no colour note on the sheet: MR-TV series default assumed — check colours: legend BLACK, background YELLOW",Original PDFs/Temporary Signs/Vehicles Mounted Series MR-TVM/mr-tvm-7.dwg
MR-TVM-10,MR-TVM-10 - Overwidth,Temporary Signs,MR_TVM_10_OVERWIDTH_MR-TVM-10.svg,3000x600 mm,"size from the register (3000x600 mm); no scale on the sheet; no colour note on the sheet: MR-TV series default assumed — check colours: legend BLACK, background YELLOW",Original PDFs/Temporary Signs/Vehicles Mounted Series MR-TVM/mr-tvm-10.dwg
MR-TVM-11,"MR-TVM-11(L) - Width marker (use with MR-WVM-9,10)",Temporary Signs,MR_TVM_11_L_WIDTH_MARKER_USE_WITH_MR_WVM_9_10_MR-TVM-11.svg,600x800 mm,"size from the register (600x800 mm); no scale on the sheet; no colour note on the sheet: MR-TV series default assumed — check colours: legend BLACK, background YELLOW",Original PDFs/Temporary Signs/Vehicles Mounted Series MR-TVM/mr-tvm-11l.dwg
MR-TVM-11,"MR-TVM-11(R) - Width marker (use with MR-WVM-9,10)",Temporary Signs,MR_TVM_11_R_WIDTH_MARKER_USE_WITH_MR_WVM_9_10_MR-TVM-11.svg,600x800 mm,"size from the register (600x800 mm); no scale on the sheet; no colour note on the sheet: MR-TV series default assumed — check colours: legend BLACK, background YELLOW",Original PDFs/Temporary Signs/Vehicles Mounted Series MR-TVM/mr-tvm-11r.dwg
MR-TVM-12,MR-TVM-12 - Oversize,Temporary Signs,MR_TVM_12_OVERSIZE_MR-TVM-12.svg,1200x450 mm,"size from the register (1200x450 mm); no scale on the sheet; no colour note on the sheet: MR-TV series default assumed — check colours: legend BLACK, background YELLOW",Original PDFs/Temporary Signs/Vehicles Mounted Series MR-TVM/mr-tvm-12.dwg
MR-TVM-13,MR-TVM-13 - Oversize load ahead,Temporary Signs,MR_TVM_13_OVERSIZE_LOAD_AHEAD_MR-TVM-13.svg,1200x600 mm,"size from the register (1200x600 mm); no scale on the sheet; no colour note on the sheet: MR-TV series default assumed — check colours: legend BLACK, background YELLOW",Original PDFs/Temporary Signs/Vehicles Mounted Series MR-TVM/mr-tvm-13.dwg
MR-TVM-5,MR-TVM-5 - Slow moving vehicle,Temporary Signs,MR_TVM_5_SLOW_MOVING_VEHICLE_MR-TVM-5.svg,1200x600 mm,"size from the register (1200x600 mm); no scale on the sheet; no colour note on the sheet: MR-TV series default assumed — check colours: legend BLACK, background YELLOW",Original PDFs/Temporary Signs/Vehicles Mounted Series MR-TVM/mr-tvm-5.dwg
MR-TVM-6,MR-TVM-6(L) - Width marker (use with MR-WVM-5),Temporary Signs,MR_TVM_6_L_WIDTH_MARKER_USE_WITH_MR_WVM_5_MR-TVM-6.svg,450x600 mm,"size from the register (450x600 mm); no scale on the sheet; no colour note on the sheet: MR-TV series default assumed — check colours: legend BLACK, background YELLOW",Original PDFs/Temporary Signs/Vehicles Mounted Series MR-TVM/mr-tvm-6l.dwg
MR-TVM-6,MR-TVM-6(R) - Width marker (use with MR-WVM-5),Temporary Signs,MR_TVM_6_R_WIDTH_MARKER_USE_WITH_MR_WVM_5_MR-TVM-6.svg,450x600 mm,"size from the register (450x600 mm); no scale on the sheet; no colour note on the sheet: MR-TV series default assumed — check colours: legend BLACK, background YELLOW",Original PDFs/Temporary Signs/Vehicles Mounted Series MR-TVM/mr-tvm-6r.dwg
MR-TVM-9,MR-TVM-9 - Overlength,Temporary Signs,MR_TVM_9_OVERLENGTH_MR-TVM-9.svg,3000x600 mm,"size from the register (3000x600 mm); no scale on the sheet; no colour note on the sheet: MR-TV series default assumed — check colours: legend BLACK, background YELLOW",Original PDFs/Temporary Signs/Vehicles Mounted Series MR-TVM/mr-tvm-9.dwg
MR-VAD-1A,MR-VAD-1A - Tourist Attraction,Tourist Signs,MR_VAD_1A_TOURIST_ATTRACTION_MR-VAD-1A.svg,1500x450 mm,"size from the register (1500x450 mm); no scale on the sheet; no colour note on the sheet: MR-VA series default assumed — check colours: legend WHITE, background BROWN",Original PDFs/Tourist Signs/Advance Direction Series MR-VAD/mr-vad-1a.dwg
MR-VAD-1B,MR-VAD-1B - Tourist Attraction,Tourist Signs,,,conversion failed: Expected DXF entity INSERT or SEQEND,Original PDFs/Tourist Signs/Advance Direction Series MR-VAD/mr-vad-1b.dwg
MR-VAD-2A,MR-VAD-2A - Historic Site,Tourist Signs,MR_VAD_2A_HISTORIC_SITE_MR-VAD-2A.svg,1500x450 mm,"size from the register (1500x450 mm); no scale on the sheet; no colour note on the sheet: MR-VA series default assumed — check colours: legend WHITE, background BROWN",Original PDFs/Tourist Signs/Advance Direction Series MR-VAD/mr-vad-2a.dwg
MR-VAD-2B,MR-VAD-2B - Historic Site,Tourist Signs,,,conversion failed: Expected DXF entity INSERT or SEQEND,Original PDFs/Tourist Signs/Advance Direction Series MR-VAD/mr-vad-2b.dwg
MR-VAD-3,MR-VAD-3 - Tourist attraction,intervene/Tourist Signs,MR_VAD_3_TOURIST_ATTRACTION_MR-VAD-3.svg,2667x1333 mm,"size from the sheet scale 1:20; 1 closed letter outline(s) filled solid; register size 2000x1000 mm differs from the drawing (2667 x 1333 mm) — check; colours from the sheet's note: legend WHITE, background BROWN, border WHITE; legend is CAD text on the sheet (h, HISTORIC: MR-VAD-4(L OR R), S, A…): needs setting in the AS 1744 face by hand",Original PDFs/Tourist Signs/Advance Direction Series MR-VAD/mr-vad-3.dwg
MR-VAD-3,MR-VAD-3 - Tourist attraction,intervene/Tourist Signs,MR_VAD_3_TOURIST_ATTRACTION_VAR2_MR-VAD-3.svg,1139x942 mm,"size from the sheet scale 1:20; 1 closed letter outline(s) filled solid; register size 2000x1000 mm differs from the drawing (1139 x 942 mm) — check; colours from the sheet's note: legend WHITE, background BROWN, border WHITE; legend is CAD text on the sheet (h, HISTORIC: MR-VAD-4(L OR R), S, A…): needs setting in the AS 1744 face by hand",Original PDFs/Tourist Signs/Advance Direction Series MR-VAD/mr-vad-3.dwg
MR-VAD-3,MR-VAD-3 - Tourist attraction,intervene/Tourist Signs,MR_VAD_3_TOURIST_ATTRACTION_VAR3_MR-VAD-3.svg,780x102 mm,"size from the sheet scale 1:20; 1 closed letter outline(s) filled solid; register size 2000x1000 mm differs from the drawing (780 x 102 mm) — check; colours from the sheet's note: legend WHITE, background BROWN, border WHITE; legend is CAD text on the sheet (h, HISTORIC: MR-VAD-4(L OR R), S, A…): needs setting in the AS 1744 face by hand",Original PDFs/Tourist Signs/Advance Direction Series MR-VAD/mr-vad-3.dwg
MR-VAD-4,MR-VAD-4 - Historic site,intervene/Tourist Signs,MR_VAD_4_HISTORIC_SITE_MR-VAD-4.svg,2667x1333 mm,"size from the sheet scale 1:20; 1 closed letter outline(s) filled solid; register size 2000x1000 mm differs from the drawing (2667 x 1333 mm) — check; colours from the sheet's note: legend WHITE, background BROWN, border WHITE; legend is CAD text on the sheet (h, HISTORIC: MR-VAD-4(L OR R), S, A…): needs setting in the AS 1744 face by hand",Original PDFs/Tourist Signs/Advance Direction Series MR-VAD/mr-vad-4.dwg
MR-VAD-4,MR-VAD-4 - Historic site,intervene/Tourist Signs,MR_VAD_4_HISTORIC_SITE_VAR2_MR-VAD-4.svg,1139x942 mm,"size from the sheet scale 1:20; 1 closed letter outline(s) filled solid; register size 2000x1000 mm differs from the drawing (1139 x 942 mm) — check; colours from the sheet's note: legend WHITE, background BROWN, border WHITE; legend is CAD text on the sheet (h, HISTORIC: MR-VAD-4(L OR R), S, A…): needs setting in the AS 1744 face by hand",Original PDFs/Tourist Signs/Advance Direction Series MR-VAD/mr-vad-4.dwg
MR-VAD-4,MR-VAD-4 - Historic site,intervene/Tourist Signs,MR_VAD_4_HISTORIC_SITE_VAR3_MR-VAD-4.svg,780x102 mm,"size from the sheet scale 1:20; 1 closed letter outline(s) filled solid; register size 2000x1000 mm differs from the drawing (780 x 102 mm) — check; colours from the sheet's note: legend WHITE, background BROWN, border WHITE; legend is CAD text on the sheet (h, HISTORIC: MR-VAD-4(L OR R), S, A…): needs setting in the AS 1744 face by hand",Original PDFs/Tourist Signs/Advance Direction Series MR-VAD/mr-vad-4.dwg
MR-VFB-4,MR-VFB-4 - Two line finger board,Tourist Signs,MR_VFB_4_TWO_LINE_FINGER_BOARD_MR-VFB-4.svg,1220x380 mm,"no scale on the sheet and no register size; drawn at 1:10 — check; no colour note on the sheet: MR-VF series default assumed — check colours: legend WHITE, background BROWN",Original PDFs/Tourist Signs/Finger Board Series MR-VFB/mr-vfb-4.dwg
MR-VFB-3,MR-VFB-3 - Local direction sign stack,Tourist Signs,MR_VFB_3_LOCAL_DIRECTION_SIGN_STACK_MR-VFB-3.svg,90x143 mm,"no scale on the sheet and no register size; drawn at 1:10 — check; 14 closed letter outline(s) filled solid; no colour note on the sheet: MR-VF series default assumed — check colours: legend WHITE, background BROWN",Original PDFs/Tourist Signs/Finger Board Series MR-VFB/mr-vfb-3.dwg
MR-VFB-3,MR-VFB-3 - Local direction sign stack,Tourist Signs,MR_VFB_3_LOCAL_DIRECTION_SIGN_STACK_VAR2_MR-VFB-3.svg,87x121 mm,"no scale on the sheet and no register size; drawn at 1:10 — check; 14 closed letter outline(s) filled solid; no colour note on the sheet: MR-VF series default assumed — check colours: legend WHITE, background BROWN",Original PDFs/Tourist Signs/Finger Board Series MR-VFB/mr-vfb-3.dwg
MR-VFB-3,MR-VFB-3 - Local direction sign stack,Tourist Signs,MR_VFB_3_LOCAL_DIRECTION_SIGN_STACK_VAR3_MR-VFB-3.svg,87x120 mm,"no scale on the sheet and no register size; drawn at 1:10 — check; 14 closed letter outline(s) filled solid; no colour note on the sheet: MR-VF series default assumed — check colours: legend WHITE, background BROWN",Original PDFs/Tourist Signs/Finger Board Series MR-VFB/mr-vfb-3.dwg
MR-VFB-3,MR-VFB-3 - Local direction sign stack,Tourist Signs,MR_VFB_3_LOCAL_DIRECTION_SIGN_STACK_VAR4_MR-VFB-3.svg,81x120 mm,"no scale on the sheet and no register size; drawn at 1:10 — check; 14 closed letter outline(s) filled solid; no colour note on the sheet: MR-VF series default assumed — check colours: legend WHITE, background BROWN",Original PDFs/Tourist Signs/Finger Board Series MR-VFB/mr-vfb-3.dwg
MR-VFB-3,MR-VFB-3 - Local direction sign stack,Tourist Signs,MR_VFB_3_LOCAL_DIRECTION_SIGN_STACK_VAR5_MR-VFB-3.svg,64x120 mm,"no scale on the sheet and no register size; drawn at 1:10 — check; 14 closed letter outline(s) filled solid; no colour note on the sheet: MR-VF series default assumed — check colours: legend WHITE, background BROWN",Original PDFs/Tourist Signs/Finger Board Series MR-VFB/mr-vfb-3.dwg
MR-VFB-1,MR-VFB-1 - Finger Board Signs,Tourist Signs,MR_VFB_1_FINGER_BOARD_SIGNS_MR-VFB-1.svg,17058x1900 mm,"size from the sheet scale 1:10; register size 1800x210 mm differs from the drawing (17058 x 1900 mm) — check; no colour note on the sheet: MR-VF series default assumed — check colours: legend WHITE, background BROWN",Original PDFs/Tourist Signs/Finger Board Series MR-VFB/mr-vfb-1-finger-board-signs.dwg
MR-VFB-2,MR-VFB-2 - Finger Board Signs,Tourist Signs,MR_VFB_2_FINGER_BOARD_SIGNS_MR-VFB-2.svg,26300x2210 mm,"size from the sheet scale 1:10; register size 3400x210 mm differs from the drawing (26300 x 2210 mm) — check; no colour note on the sheet: MR-VF series default assumed — check colours: legend WHITE, background BROWN",Original PDFs/Tourist Signs/Finger Board Series MR-VFB/mr-vfb-2-finger-board-signs.dwg
MR-VG-4,MR-VG-4 - Welcome to Signs,intervene/Tourist Signs,MR_VG_4_WELCOME_TO_SIGNS_MR-VG-4.svg,667x250 mm,"no scale on the sheet and no register size; drawn at 1:10 — check; 1 closed letter outline(s) filled solid; no colour note on the sheet: MR-VG series default assumed — check colours: legend WHITE, background BROWN; legend is CAD text on the sheet (NORTHAM, TO, WELCOME, OF…): needs setting in the AS 1744 face by hand",Original PDFs/Tourist Signs/General Series MR-VG/mr-vg-4.dwg
MR-VG-6,MR-VG-6 - Ribbons of Green,intervene/Tourist Signs,MR_VG_6_RIBBONS_OF_GREEN_MR-VG-6.svg,1730x701 mm,"size from the register (1730x1140 mm); no scale on the sheet; 1 closed letter outline(s) filled solid; register size 1730x1140 mm differs from the drawing (1730 x 701 mm) — check; no colour note on the sheet: MR-VG series default assumed — check colours: legend WHITE, background BROWN; legend is CAD text on the sheet (km, NEXT, GREEN, RIBBONS…): needs setting in the AS 1744 face by hand",Original PDFs/Tourist Signs/General Series MR-VG/mr-vg-6.dwg
MR-VG-2,"MR-VG-2 - Turn off for resort, town",Tourist Signs,,,no drawing found after removing the sheet furniture,Original PDFs/Tourist Signs/General Series MR-VG/mr-vg-2.dwg
MR-VG-1,MR-VG-1 - Forests and water catchments,intervene/Tourist Signs,MR_VG_1_FORESTS_AND_WATER_CATCHMENTS_MR-VG-1.svg,800x832 mm,"size from the register (2100x800 mm); no scale on the sheet; register size 2100x800 mm differs from the drawing (800 x 832 mm) — check; no colour note on the sheet: MR-VG series default assumed — check colours: legend WHITE, background BROWN; legend is CAD text on the sheet (R, E, T, A…): needs setting in the AS 1744 face by hand",Original PDFs/Tourist Signs/General Series MR-VG/mr-vg-1.dwg
MR-VG-1,MR-VG-1 - Forests and water catchments,intervene/Tourist Signs,MR_VG_1_FORESTS_AND_WATER_CATCHMENTS_VAR2_MR-VG-1.svg,800x893 mm,"size from the register (2100x800 mm); no scale on the sheet; register size 2100x800 mm differs from the drawing (800 x 893 mm) — check; no colour note on the sheet: MR-VG series default assumed — check colours: legend WHITE, background BROWN; legend is CAD text on the sheet (R, E, T, A…): needs setting in the AS 1744 face by hand",Original PDFs/Tourist Signs/General Series MR-VG/mr-vg-1.dwg
MR-VG-5,MR-VG-5 - Welcome to,Tourist Signs,,,no drawing found after removing the sheet furniture,Original PDFs/Tourist Signs/General Series MR-VG/mr-vg-5.dwg
MR-VID-8,MR-VID-8 - Art Gallery,Tourist Signs,,,no drawing found after removing the sheet furniture,Original PDFs/Tourist Signs/Intersection Direction Series MR-VID/mr-vid-8.dwg
MR-VID-3,MR-VID-3 - Winery,Tourist Signs,,,no drawing found after removing the sheet furniture,Original PDFs/Tourist Signs/Intersection Direction Series MR-VID/mr-vid-3.dwg
MR-VID-9,MR-VID-9 - Museum,Tourist Signs,,,no drawing found after removing the sheet furniture,Original PDFs/Tourist Signs/Intersection Direction Series MR-VID/mr-vid-9.dwg
MR-VID-6,MR-VID-6 - Tourist drive,Tourist Signs,,,no drawing found after removing the sheet furniture,Original PDFs/Tourist Signs/Intersection Direction Series MR-VID/mr-vid-6.dwg
MR-VID-7,MR-VID-7 - Scenic drive,Tourist Signs,,,no drawing found after removing the sheet furniture,Original PDFs/Tourist Signs/Intersection Direction Series MR-VID/mr-vid-7.dwg
MR-VID-4,MR-VID-4 - Arts & crafts,Tourist Signs,,,no drawing found after removing the sheet furniture,Original PDFs/Tourist Signs/Intersection Direction Series MR-VID/mr-vid-4.dwg
MR-VID-1A,MR-VID-1A - Tourist attraction,Tourist Signs,MR_VID_1A_TOURIST_ATTRACTION_MR-VID-1A.svg,1500x400 mm,"size from the register (1500x450 mm); no scale on the sheet; 1 closed letter outline(s) filled solid; register size 1500x450 mm differs from the drawing (1500 x 400 mm) — check; no colour note on the sheet: MR-VI series default assumed — check colours: legend WHITE, background BROWN",Original PDFs/Tourist Signs/Intersection Direction Series MR-VID/mr-vid-1a.dwg
MR-VID-1B,MR-VID-1B - Tourist attraction,Tourist Signs,MR_VID_1B_TOURIST_ATTRACTION_MR-VID-1B.svg,2000x700 mm,"size from the register (2000x750 mm); no scale on the sheet; 1 closed letter outline(s) filled solid; register size 2000x750 mm differs from the drawing (2000 x 700 mm) — check; no colour note on the sheet: MR-VI series default assumed — check colours: legend WHITE, background BROWN",Original PDFs/Tourist Signs/Intersection Direction Series MR-VID/mr-vid-1b.dwg
MR-VID-2A,MR-VID-2A - Historic site,intervene/Tourist Signs,MR_VID_2A_HISTORIC_SITE_MR-VID-2A.svg,1500x400 mm,"size from the register (1500x450 mm); no scale on the sheet; 1 closed letter outline(s) filled solid; register size 1500x450 mm differs from the drawing (1500 x 400 mm) — check; no colour note on the sheet: MR-VI series default assumed — check colours: legend WHITE, background BROWN; legend is CAD text on the sheet (h): needs setting in the AS 1744 face by hand",Original PDFs/Tourist Signs/Intersection Direction Series MR-VID/mr-vid-2a.dwg
MR-VID-2B,MR-VID-2B - Historic site,intervene/Tourist Signs,MR_VID_2B_HISTORIC_SITE_MR-VID-2B.svg,2000x700 mm,"size from the register (2000x750 mm); no scale on the sheet; 1 closed letter outline(s) filled solid; register size 2000x750 mm differs from the drawing (2000 x 700 mm) — check; no colour note on the sheet: MR-VI series default assumed — check colours: legend WHITE, background BROWN; legend is CAD text on the sheet (h): needs setting in the AS 1744 face by hand",Original PDFs/Tourist Signs/Intersection Direction Series MR-VID/mr-vid-2b.dwg
MR-VMAX-3,MR-VMAX-3 - Next m,Tourist Signs,,,no drawing found after removing the sheet furniture,Original PDFs/Tourist Signs/Modular Auxiliary Series MR-VMAX/mr-vmax-3.dwg
MR-VMAX-4,MR-VMAX-4 - Next km,Tourist Signs,,,no drawing found after removing the sheet furniture,Original PDFs/Tourist Signs/Modular Auxiliary Series MR-VMAX/mr-vmax-4.dwg
MR-VMAX-9,MR-VMAX-9 - Drop Tag without distance,intervene/Tourist Signs,MR_VMAX_9_DROP_TAG_WITHOUT_DISTANCE_MR-VMAX-9.svg,1138x147 mm,"no scale on the sheet and no register size; drawn at 1:10 — check; no colour note on the sheet: MR-VM series default assumed — check colours: legend WHITE, background BROWN; legend is CAD text on the sheet (TRIGG BEACH): needs setting in the AS 1744 face by hand",Original PDFs/Tourist Signs/Modular Auxiliary Series MR-VMAX/mr-vmax-9.dwg
MR-VMAX-10,MR-VMAX-10 - Drop tag with distance,intervene/Tourist Signs,MR_VMAX_10_DROP_TAG_WITH_DISTANCE_MR-VMAX-10.svg,1333x147 mm,"no scale on the sheet and no register size; drawn at 1:10 — check; no colour note on the sheet: MR-VM series default assumed — check colours: legend WHITE, background BROWN; legend is CAD text on the sheet (CAMEL PARK): needs setting in the AS 1744 face by hand",Original PDFs/Tourist Signs/Modular Auxiliary Series MR-VMAX/mr-vmax-10.dwg
MR-VMAX-1,MR-VMAX-1 - km tag,Tourist Signs,,,conversion failed: nothing left to draw,Original PDFs/Tourist Signs/Modular Auxiliary Series MR-VMAX/mr-vmax-1.dwg
MR-VMAX-2,MR-VMAX-2 - m tag,Tourist Signs,,,conversion failed: nothing left to draw,Original PDFs/Tourist Signs/Modular Auxiliary Series MR-VMAX/mr-vmax-2.dwg
MR-VMAX-5,MR-VMAX-5(L) - Arrows,Tourist Signs,MR_VMAX_5_L_ARROWS_MR-VMAX-5.svg,600x179 mm,"size from the register (600x200 mm); no scale on the sheet; register size 600x200 mm differs from the drawing (600 x 179 mm) — check; no colour note on the sheet: MR-VM series default assumed — check colours: legend WHITE, background BROWN",Original PDFs/Tourist Signs/Modular Auxiliary Series MR-VMAX/mr-vmax-5l.dwg
MR-VMAX-5,MR-VMAX-5(R) - Arrows,Tourist Signs,MR_VMAX_5_R_ARROWS_MR-VMAX-5.svg,600x179 mm,"size from the register (600x200 mm); no scale on the sheet; register size 600x200 mm differs from the drawing (600 x 179 mm) — check; no colour note on the sheet: MR-VM series default assumed — check colours: legend WHITE, background BROWN",Original PDFs/Tourist Signs/Modular Auxiliary Series MR-VMAX/mr-vmax-5r.dwg
MR-VMAX-6,MR-VMAX-6 - Arrows,Tourist Signs,MR_VMAX_6_ARROWS_MR-VMAX-6.svg,600x179 mm,"size from the register (600x200 mm); no scale on the sheet; register size 600x200 mm differs from the drawing (600 x 179 mm) — check; no colour note on the sheet: MR-VM series default assumed — check colours: legend WHITE, background BROWN",Original PDFs/Tourist Signs/Modular Auxiliary Series MR-VMAX/mr-vmax-6.dwg
MR-VMAX-7,MR-VMAX-7 - Arrows,Tourist Signs,MR_VMAX_7_ARROWS_MR-VMAX-7.svg,600x284 mm,"size from the register (600x300 mm); no scale on the sheet; no colour note on the sheet: MR-VM series default assumed — check colours: legend WHITE, background BROWN",Original PDFs/Tourist Signs/Modular Auxiliary Series MR-VMAX/mr-vmax-7.dwg
MR-VMAX-8,MR-VMAX-8(L) - Arrows,Tourist Signs,MR_VMAX_8_L_ARROWS_MR-VMAX-8.svg,600x284 mm,"size from the register (600x300 mm); no scale on the sheet; no colour note on the sheet: MR-VM series default assumed — check colours: legend WHITE, background BROWN",Original PDFs/Tourist Signs/Modular Auxiliary Series MR-VMAX/mr-vmax-8l.dwg
MR-VMAX-8,MR-VMAX-8(R) - Arrows,Tourist Signs,MR_VMAX_8_R_ARROWS_MR-VMAX-8.svg,600x284 mm,"size from the register (600x300 mm); no scale on the sheet; no colour note on the sheet: MR-VM series default assumed — check colours: legend WHITE, background BROWN",Original PDFs/Tourist Signs/Modular Auxiliary Series MR-VMAX/mr-vmax-8r.dwg
MR-VM-7,MR-VM-7 - Walking trail,intervene/Tourist Signs,MR_VM_7_WALKING_TRAIL_MR-VM-7.svg,570x570 mm,"size from the sheet scale 1:5; colours from the sheet's note: legend WHITE, background BROWN, border WHITE; legend is CAD text on the sheet (SYMBOL CHANGED.): needs setting in the AS 1744 face by hand",Original PDFs/Tourist Signs/Modular Series MR-VM/mr-vm-7.dwg
MR-VM-1,MR-VM-1 - Tourist attraction,Tourist Signs,,,no drawing found after removing the sheet furniture,Original PDFs/Tourist Signs/Modular Series MR-VM/mr-vm-1.dwg
MR-VM-2,MR-VM-2 - Historic site historic town,intervene/Tourist Signs,MR_VM_2_HISTORIC_SITE_HISTORIC_TOWN_MR-VM-2.svg,570x570 mm,"size from the sheet scale 1:5; colours from the sheet's note: legend WHITE, background BROWN, border WHITE; legend is CAD text on the sheet (SYMBOL CHANGED.): needs setting in the AS 1744 face by hand",Original PDFs/Tourist Signs/Modular Series MR-VM/mr-vm-2.dwg
MR-VM-3,MR-VM-3 - Photo stop,Tourist Signs,,,no drawing found after removing the sheet furniture,Original PDFs/Tourist Signs/Modular Series MR-VM/mr-vm-3.dwg
MR-VM-4,MR-VM-4 - Heritage trail,Tourist Signs,,,no drawing found after removing the sheet furniture,Original PDFs/Tourist Signs/Modular Series MR-VM/mr-vm-4.dwg
MR-VM-5A,MR-VM-5A - Winery (business name one line),intervene/Tourist Signs,MR_VM_5A_WINERY_BUSINESS_NAME_ONE_LINE_MR-VM-5A.svg,830x535 mm,"size from the register (600x830 mm); no scale on the sheet; 1 closed letter outline(s) filled solid; register size 600x830 mm differs from the drawing (830 x 535 mm) — check; no colour note on the sheet: MR-VM series default assumed — check colours: legend WHITE, background BROWN; legend is CAD text on the sheet (W, I, N, E…): needs setting in the AS 1744 face by hand",Original PDFs/Tourist Signs/Modular Series MR-VM/mr-vm-5a.dwg
MR-VM-5B,MR-VM-5B - Winery (business name two line),intervene/Tourist Signs,MR_VM_5B_WINERY_BUSINESS_NAME_TWO_LINE_MR-VM-5B.svg,840x541 mm,"size from the register (600x840 mm); no scale on the sheet; 1 closed letter outline(s) filled solid; register size 600x840 mm differs from the drawing (840 x 541 mm) — check; no colour note on the sheet: MR-VM series default assumed — check colours: legend WHITE, background BROWN; legend is CAD text on the sheet (W, I, N, E…): needs setting in the AS 1744 face by hand",Original PDFs/Tourist Signs/Modular Series MR-VM/mr-vm-5b.dwg
MR-VM-8,MR-VM-8 - Aboriginal cultural centre heritage site,Tourist Signs,MR_VM_8_ABORIGINAL_CULTURAL_CENTRE_HERITAGE_SITE_MR-VM-8.svg,570x570 mm,"size from the sheet scale 1:5; 36 closed letter outline(s) filled solid; no colour note on the sheet: MR-VM series default assumed — check colours: legend WHITE, background BROWN",Original PDFs/Tourist Signs/Modular Series MR-VM/mr-vm-8.dwg
MR-VM-9,MR-VM-9​ - Museum,Tourist Signs,MR_VM_9_MUSEUM_MR-VM-9.svg,570x570 mm,"size from the sheet scale 1:5; 2 closed letter outline(s) filled solid; colours from the sheet's note: legend WHITE, background BROWN, border WHITE",Original PDFs/Tourist Signs/Modular Series MR-VM/mr-vm-9.dwg
MR-VM-9,MR-VM-9​ - Museum,Tourist Signs,MR_VM_9_MUSEUM_VAR2_MR-VM-9.svg,464x149 mm,"size from the sheet scale 1:5; 2 closed letter outline(s) filled solid; register size 600x600 mm differs from the drawing (464 x 149 mm) — check; colours from the sheet's note: legend WHITE, background BROWN, border WHITE",Original PDFs/Tourist Signs/Modular Series MR-VM/mr-vm-9.dwg
MR-VM-10,MR-VM-10​ - Whales,Tourist Signs,MR_VM_10_WHALES_MR-VM-10.svg,570x570 mm,"size from the sheet scale 1:5; 1 closed letter outline(s) filled solid; colours from the sheet's note: legend WHITE, background BROWN, border WHITE",Original PDFs/Tourist Signs/Modular Series MR-VM/mr-vm-10.dwg
MR-VM-6,MR-VM-6 - Flora road,Tourist Signs,MR_VM_6_FLORA_ROAD_MR-VM-6.svg,600x600 mm,"size from the register (600x600 mm); no scale on the sheet; 10 closed letter outline(s) filled solid; no colour note on the sheet: MR-VM series default assumed — check colours: legend WHITE, background BROWN",Original PDFs/Tourist Signs/Modular Series MR-VM/mr-vm-6.dwg
MR-WAW-11A,MR-WAW-11A - Boom barriers prepare to stop (with flashing yellow),intervene/Warning Signs,MR_WAW_11A_BOOM_BARRIERS_PREPARE_TO_STOP_WITH_FLASHING_YELLOW_MR-WAW-11A.svg,452x825 mm,"size from the sheet scale 1:15; 1 closed letter outline(s) filled solid; register size 900x1650 mm differs from the drawing (452 x 825 mm) — check; no colour note on the sheet: MR-WA series default assumed — check colours: legend BLACK, background YELLOW; legend is CAD text on the sheet (S, R, E, I…): needs setting in the AS 1744 face by hand",Original PDFs/Warning Signs/Advance Warning Series MR-WAW/mr-waw-11a.dwg
MR-WAW-11A,MR-WAW-11A - Boom barriers prepare to stop (with flashing yellow),intervene/Warning Signs,MR_WAW_11A_BOOM_BARRIERS_PREPARE_TO_STOP_WITH_FLASHING_YELLOW_VAR2_MR-WAW-11A.svg,1333x2479 mm,"size from the sheet scale 1:15; 1 closed letter outline(s) filled solid; register size 900x1650 mm differs from the drawing (1333 x 2479 mm) — check; no colour note on the sheet: MR-WA series default assumed — check colours: legend BLACK, background YELLOW; legend is CAD text on the sheet (S, R, E, I…): needs setting in the AS 1744 face by hand",Original PDFs/Warning Signs/Advance Warning Series MR-WAW/mr-waw-11a.dwg
MR-WAW-11A,MR-WAW-11A - Boom barriers prepare to stop (with flashing yellow),intervene/Warning Signs,MR_WAW_11A_BOOM_BARRIERS_PREPARE_TO_STOP_WITH_FLASHING_YELLOW_VAR3_MR-WAW-11A.svg,448x842 mm,"size from the sheet scale 1:15; 1 closed letter outline(s) filled solid; register size 900x1650 mm differs from the drawing (448 x 842 mm) — check; no colour note on the sheet: MR-WA series default assumed — check colours: legend BLACK, background YELLOW; legend is CAD text on the sheet (S, R, E, I…): needs setting in the AS 1744 face by hand",Original PDFs/Warning Signs/Advance Warning Series MR-WAW/mr-waw-11a.dwg
MR-WAW-11B,MR-WAW-11B - Boom barriers prepare to stop (with flashing yellow),intervene/Warning Signs,MR_WAW_11B_BOOM_BARRIERS_PREPARE_TO_STOP_WITH_FLASHING_YELLOW_MR-WAW-11B.svg,452x825 mm,"size from the sheet scale 1:15; 2 closed letter outline(s) filled solid; register size 1100x1600 mm differs from the drawing (452 x 825 mm) — check; no colour note on the sheet: MR-WA series default assumed — check colours: legend BLACK, background YELLOW; legend is CAD text on the sheet (S, R, E, I…): needs setting in the AS 1744 face by hand",Original PDFs/Warning Signs/Advance Warning Series MR-WAW/mr-waw-11b.dwg
MR-WAW-11B,MR-WAW-11B - Boom barriers prepare to stop (with flashing yellow),intervene/Warning Signs,MR_WAW_11B_BOOM_BARRIERS_PREPARE_TO_STOP_WITH_FLASHING_YELLOW_VAR2_MR-WAW-11B.svg,448x842 mm,"size from the sheet scale 1:15; 2 closed letter outline(s) filled solid; register size 1100x1600 mm differs from the drawing (448 x 842 mm) — check; no colour note on the sheet: MR-WA series default assumed — check colours: legend BLACK, background YELLOW; legend is CAD text on the sheet (S, R, E, I…): needs setting in the AS 1744 face by hand",Original PDFs/Warning Signs/Advance Warning Series MR-WAW/mr-waw-11b.dwg
MR-WAW-11B,MR-WAW-11B - Boom barriers prepare to stop (with flashing yellow),intervene/Warning Signs,MR_WAW_11B_BOOM_BARRIERS_PREPARE_TO_STOP_WITH_FLASHING_YELLOW_VAR3_MR-WAW-11B.svg,1059x818 mm,"size from the sheet scale 1:15; 2 closed letter outline(s) filled solid; register size 1100x1600 mm differs from the drawing (1059 x 818 mm) — check; no colour note on the sheet: MR-WA series default assumed — check colours: legend BLACK, background YELLOW; legend is CAD text on the sheet (S, R, E, I…): needs setting in the AS 1744 face by hand",Original PDFs/Warning Signs/Advance Warning Series MR-WAW/mr-waw-11b.dwg
MR-WAW-11C,MR-WAW-11C - Boom barriers prepare to stop (with flashing yellow),intervene/Warning Signs,MR_WAW_11C_BOOM_BARRIERS_PREPARE_TO_STOP_WITH_FLASHING_YELLOW_MR-WAW-11C.svg,452x825 mm,"size from the sheet scale 1:15; register size 1350x2000 mm differs from the drawing (452 x 825 mm) — check; no colour note on the sheet: MR-WA series default assumed — check colours: legend BLACK, background YELLOW; legend is CAD text on the sheet (S, R, E, I…): needs setting in the AS 1744 face by hand",Original PDFs/Warning Signs/Advance Warning Series MR-WAW/mr-waw-11c.dwg
MR-WAW-11C,MR-WAW-11C - Boom barriers prepare to stop (with flashing yellow),intervene/Warning Signs,MR_WAW_11C_BOOM_BARRIERS_PREPARE_TO_STOP_WITH_FLASHING_YELLOW_VAR2_MR-WAW-11C.svg,448x842 mm,"size from the sheet scale 1:15; register size 1350x2000 mm differs from the drawing (448 x 842 mm) — check; no colour note on the sheet: MR-WA series default assumed — check colours: legend BLACK, background YELLOW; legend is CAD text on the sheet (S, R, E, I…): needs setting in the AS 1744 face by hand",Original PDFs/Warning Signs/Advance Warning Series MR-WAW/mr-waw-11c.dwg
MR-WAW-11C,MR-WAW-11C - Boom barriers prepare to stop (with flashing yellow),intervene/Warning Signs,MR_WAW_11C_BOOM_BARRIERS_PREPARE_TO_STOP_WITH_FLASHING_YELLOW_VAR3_MR-WAW-11C.svg,1310x1089 mm,"size from the sheet scale 1:15; register size 1350x2000 mm differs from the drawing (1310 x 1089 mm) — check; no colour note on the sheet: MR-WA series default assumed — check colours: legend BLACK, background YELLOW; legend is CAD text on the sheet (S, R, E, I…): needs setting in the AS 1744 face by hand",Original PDFs/Warning Signs/Advance Warning Series MR-WAW/mr-waw-11c.dwg
MR-WAW-11D,MR-WAW-11D - Boom barriers prepare to stop (with flashing yellow),intervene/Warning Signs,MR_WAW_11D_BOOM_BARRIERS_PREPARE_TO_STOP_WITH_FLASHING_YELLOW_MR-WAW-11D.svg,603x1100 mm,"size from the sheet scale 1:20; register size 1800x2700 mm differs from the drawing (603 x 1100 mm) — check; no colour note on the sheet: MR-WA series default assumed — check colours: legend BLACK, background YELLOW; legend is CAD text on the sheet (S, R, E, I…): needs setting in the AS 1744 face by hand",Original PDFs/Warning Signs/Advance Warning Series MR-WAW/mr-waw-11d.dwg
MR-WAW-11D,MR-WAW-11D - Boom barriers prepare to stop (with flashing yellow),intervene/Warning Signs,MR_WAW_11D_BOOM_BARRIERS_PREPARE_TO_STOP_WITH_FLASHING_YELLOW_VAR2_MR-WAW-11D.svg,597x1122 mm,"size from the sheet scale 1:20; register size 1800x2700 mm differs from the drawing (597 x 1122 mm) — check; no colour note on the sheet: MR-WA series default assumed — check colours: legend BLACK, background YELLOW; legend is CAD text on the sheet (S, R, E, I…): needs setting in the AS 1744 face by hand",Original PDFs/Warning Signs/Advance Warning Series MR-WAW/mr-waw-11d.dwg
MR-WAW-11D,MR-WAW-11D - Boom barriers prepare to stop (with flashing yellow),intervene/Warning Signs,MR_WAW_11D_BOOM_BARRIERS_PREPARE_TO_STOP_WITH_FLASHING_YELLOW_VAR3_MR-WAW-11D.svg,1103x1100 mm,"size from the sheet scale 1:20; register size 1800x2700 mm differs from the drawing (1103 x 1100 mm) — check; no colour note on the sheet: MR-WA series default assumed — check colours: legend BLACK, background YELLOW; legend is CAD text on the sheet (S, R, E, I…): needs setting in the AS 1744 face by hand",Original PDFs/Warning Signs/Advance Warning Series MR-WAW/mr-waw-11d.dwg
MR-WAW-12,MR-WAW-12 - Watch for entering traffic (with flashing yellow),intervene/Warning Signs,MR_WAW_12_WATCH_FOR_ENTERING_TRAFFIC_WITH_FLASHING_YELLOW_MR-WAW-12.svg,2000x2500 mm,"size from the sheet scale 1:20; 34 closed letter outline(s) filled solid; colours from the sheet's note: legend BLACK, background YELLOW, border BLACK; legend is CAD text on the sheet (200mm YELLOW TRAFFIC SIGNAL AS, HOLES TO BE CUT, 130mm WIDE BLACK BORDER, WITH 180mm CORNER RADIUS…): needs setting in the AS 1744 face by hand",Original PDFs/Warning Signs/Advance Warning Series MR-WAW/mr-waw-12.dwg
MR-WAW-12,MR-WAW-12 - Watch for entering traffic (with flashing yellow),intervene/Warning Signs,MR_WAW_12_WATCH_FOR_ENTERING_TRAFFIC_WITH_FLASHING_YELLOW_VAR2_MR-WAW-12.svg,1742x560 mm,"size from the sheet scale 1:20; 34 closed letter outline(s) filled solid; colours from the sheet's note: legend BLACK, background YELLOW, border BLACK; legend is CAD text on the sheet (200mm YELLOW TRAFFIC SIGNAL AS, HOLES TO BE CUT, 130mm WIDE BLACK BORDER, WITH 180mm CORNER RADIUS…): needs setting in the AS 1744 face by hand",Original PDFs/Warning Signs/Advance Warning Series MR-WAW/mr-waw-12.dwg
MR-WAW-13A,MR-WAW-13A - Reduced visibility (with flashing yellow),intervene/Warning Signs,MR_WAW_13A_REDUCED_VISIBILITY_WITH_FLASHING_YELLOW_MR-WAW-13A.svg,923x1912 mm,"size from the sheet scale 1:10; 39 closed letter outline(s) filled solid; no colour note on the sheet: MR-WA series default assumed — check colours: legend BLACK, background YELLOW; legend is CAD text on the sheet (N, E, H, W…): needs setting in the AS 1744 face by hand",Original PDFs/Warning Signs/Advance Warning Series MR-WAW/mr-waw-13a.dwg
MR-WAW-13A,MR-WAW-13A - Reduced visibility (with flashing yellow),intervene/Warning Signs,MR_WAW_13A_REDUCED_VISIBILITY_WITH_FLASHING_YELLOW_VAR2_MR-WAW-13A.svg,521x1287 mm,"size from the sheet scale 1:10; 39 closed letter outline(s) filled solid; no colour note on the sheet: MR-WA series default assumed — check colours: legend BLACK, background YELLOW; legend is CAD text on the sheet (N, E, H, W…): needs setting in the AS 1744 face by hand",Original PDFs/Warning Signs/Advance Warning Series MR-WAW/mr-waw-13a.dwg
MR-WAW-13A,MR-WAW-13A - Reduced visibility (with flashing yellow),intervene/Warning Signs,MR_WAW_13A_REDUCED_VISIBILITY_WITH_FLASHING_YELLOW_VAR3_MR-WAW-13A.svg,800x370 mm,"size from the sheet scale 1:10; 39 closed letter outline(s) filled solid; no colour note on the sheet: MR-WA series default assumed — check colours: legend BLACK, background YELLOW; legend is CAD text on the sheet (N, E, H, W…): needs setting in the AS 1744 face by hand",Original PDFs/Warning Signs/Advance Warning Series MR-WAW/mr-waw-13a.dwg
MR-WAW-13B,MR-WAW-13B - Reduced visibility (with flashing yellow),intervene/Warning Signs,MR_WAW_13B_REDUCED_VISIBILITY_WITH_FLASHING_YELLOW_MR-WAW-13B.svg,1100x1800 mm,"size from the sheet scale 1:15; 39 closed letter outline(s) filled solid; no colour note on the sheet: MR-WA series default assumed — check colours: legend BLACK, background YELLOW; legend is CAD text on the sheet (N, E, H, W…): needs setting in the AS 1744 face by hand",Original PDFs/Warning Signs/Advance Warning Series MR-WAW/mr-waw-13b.dwg
MR-WAW-13B,MR-WAW-13B - Reduced visibility (with flashing yellow),intervene/Warning Signs,MR_WAW_13B_REDUCED_VISIBILITY_WITH_FLASHING_YELLOW_VAR2_MR-WAW-13B.svg,782x1931 mm,"size from the sheet scale 1:15; 39 closed letter outline(s) filled solid; no colour note on the sheet: MR-WA series default assumed — check colours: legend BLACK, background YELLOW; legend is CAD text on the sheet (N, E, H, W…): needs setting in the AS 1744 face by hand",Original PDFs/Warning Signs/Advance Warning Series MR-WAW/mr-waw-13b.dwg
MR-WAW-13B,MR-WAW-13B - Reduced visibility (with flashing yellow),intervene/Warning Signs,MR_WAW_13B_REDUCED_VISIBILITY_WITH_FLASHING_YELLOW_VAR3_MR-WAW-13B.svg,923x455 mm,"size from the sheet scale 1:15; 39 closed letter outline(s) filled solid; no colour note on the sheet: MR-WA series default assumed — check colours: legend BLACK, background YELLOW; legend is CAD text on the sheet (N, E, H, W…): needs setting in the AS 1744 face by hand",Original PDFs/Warning Signs/Advance Warning Series MR-WAW/mr-waw-13b.dwg
MR-WAW-13C,MR-WAW-13C - Reduced visibility (with flashing yellow),intervene/Warning Signs,MR_WAW_13C_REDUCED_VISIBILITY_WITH_FLASHING_YELLOW_MR-WAW-13C.svg,1350x2200 mm,"size from the sheet scale 1:15; 39 closed letter outline(s) filled solid; no colour note on the sheet: MR-WA series default assumed — check colours: legend BLACK, background YELLOW; legend is CAD text on the sheet (N, E, H, W…): needs setting in the AS 1744 face by hand",Original PDFs/Warning Signs/Advance Warning Series MR-WAW/mr-waw-13c.dwg
MR-WAW-13C,MR-WAW-13C - Reduced visibility (with flashing yellow),intervene/Warning Signs,MR_WAW_13C_REDUCED_VISIBILITY_WITH_FLASHING_YELLOW_VAR2_MR-WAW-13C.svg,782x1931 mm,"size from the sheet scale 1:15; 39 closed letter outline(s) filled solid; no colour note on the sheet: MR-WA series default assumed — check colours: legend BLACK, background YELLOW; legend is CAD text on the sheet (N, E, H, W…): needs setting in the AS 1744 face by hand",Original PDFs/Warning Signs/Advance Warning Series MR-WAW/mr-waw-13c.dwg
MR-WAW-13C,MR-WAW-13C - Reduced visibility (with flashing yellow),intervene/Warning Signs,MR_WAW_13C_REDUCED_VISIBILITY_WITH_FLASHING_YELLOW_VAR3_MR-WAW-13C.svg,1065x525 mm,"size from the sheet scale 1:15; 39 closed letter outline(s) filled solid; no colour note on the sheet: MR-WA series default assumed — check colours: legend BLACK, background YELLOW; legend is CAD text on the sheet (N, E, H, W…): needs setting in the AS 1744 face by hand",Original PDFs/Warning Signs/Advance Warning Series MR-WAW/mr-waw-13c.dwg
MR-WAW-13D,MR-WAW-13D - Reduced visibility (with flashing yellow),intervene/Warning Signs,MR_WAW_13D_REDUCED_VISIBILITY_WITH_FLASHING_YELLOW_MR-WAW-13D.svg,1800x3552 mm,"size from the sheet scale 1:20; 2 closed letter outline(s) filled solid; no colour note on the sheet: MR-WA series default assumed — check colours: legend BLACK, background YELLOW; legend is CAD text on the sheet (N, E, H, W…): needs setting in the AS 1744 face by hand",Original PDFs/Warning Signs/Advance Warning Series MR-WAW/mr-waw-13d.dwg
MR-WAW-13D,MR-WAW-13D - Reduced visibility (with flashing yellow),intervene/Warning Signs,MR_WAW_13D_REDUCED_VISIBILITY_WITH_FLASHING_YELLOW_VAR2_MR-WAW-13D.svg,1043x2575 mm,"size from the sheet scale 1:20; 2 closed letter outline(s) filled solid; no colour note on the sheet: MR-WA series default assumed — check colours: legend BLACK, background YELLOW; legend is CAD text on the sheet (N, E, H, W…): needs setting in the AS 1744 face by hand",Original PDFs/Warning Signs/Advance Warning Series MR-WAW/mr-waw-13d.dwg
MR-WAW-13D,MR-WAW-13D - Reduced visibility (with flashing yellow),intervene/Warning Signs,MR_WAW_13D_REDUCED_VISIBILITY_WITH_FLASHING_YELLOW_VAR3_MR-WAW-13D.svg,1420x700 mm,"size from the sheet scale 1:20; 2 closed letter outline(s) filled solid; no colour note on the sheet: MR-WA series default assumed — check colours: legend BLACK, background YELLOW; legend is CAD text on the sheet (N, E, H, W…): needs setting in the AS 1744 face by hand",Original PDFs/Warning Signs/Advance Warning Series MR-WAW/mr-waw-13d.dwg
MR-WAW-10A,MR-WAW-10A - Steep descent trucks use low gear (with flashing yellow),intervene/Warning Signs,MR_WAW_10A_STEEP_DESCENT_TRUCKS_USE_LOW_GEAR_WITH_FLASHING_YELLOW_MR-WAW-10A.svg,1650x1644 mm,"size from the register (900x1650 mm); no scale on the sheet; 2 closed letter outline(s) filled solid; register size 900x1650 mm differs from the drawing (1650 x 1644 mm) — check; no colour note on the sheet: MR-WA series default assumed — check colours: legend BLACK, background YELLOW; legend is CAD text on the sheet (%, S, K, C…): needs setting in the AS 1744 face by hand",Original PDFs/Warning Signs/Advance Warning Series MR-WAW/mr-waw-10a.dwg
MR-WAW-10B,MR-WAW-10B - Steep descent trucks use low gear (with flashing yellow),intervene/Warning Signs,MR_WAW_10B_STEEP_DESCENT_TRUCKS_USE_LOW_GEAR_WITH_FLASHING_YELLOW_MR-WAW-10B.svg,1100x1597 mm,"size from the register (1100x1600 mm); no scale on the sheet; 3 closed letter outline(s) filled solid; no colour note on the sheet: MR-WA series default assumed — check colours: legend BLACK, background YELLOW; legend is CAD text on the sheet (%, S, K, C…): needs setting in the AS 1744 face by hand",Original PDFs/Warning Signs/Advance Warning Series MR-WAW/mr-waw-10b.dwg
MR-WAW-10C,MR-WAW-10C - Steep descent trucks use low gear (with flashing yellow),intervene/Warning Signs,MR_WAW_10C_STEEP_DESCENT_TRUCKS_USE_LOW_GEAR_WITH_FLASHING_YELLOW_MR-WAW-10C.svg,2000x1992 mm,"size from the register (1350x2000 mm); no scale on the sheet; register size 1350x2000 mm differs from the drawing (2000 x 1992 mm) — check; no colour note on the sheet: MR-WA series default assumed — check colours: legend BLACK, background YELLOW; legend is CAD text on the sheet (%, S, K, C…): needs setting in the AS 1744 face by hand",Original PDFs/Warning Signs/Advance Warning Series MR-WAW/mr-waw-10c.dwg
MR-WAW-10D,MR-WAW-10D - Steep descent trucks use low gear (with flashing yellow),intervene/Warning Signs,MR_WAW_10D_STEEP_DESCENT_TRUCKS_USE_LOW_GEAR_WITH_FLASHING_YELLOW_MR-WAW-10D.svg,2700x2690 mm,"size from the register (1800x2700 mm); no scale on the sheet; register size 1800x2700 mm differs from the drawing (2700 x 2690 mm) — check; no colour note on the sheet: MR-WA series default assumed — check colours: legend BLACK, background YELLOW; legend is CAD text on the sheet (%, S, K, C…): needs setting in the AS 1744 face by hand",Original PDFs/Warning Signs/Advance Warning Series MR-WAW/mr-waw-10d.dwg
MR-WAW-1A,MR-WAW-1A - Signals ahead prepare to stop (with flashing yellow),intervene/Warning Signs,MR_WAW_1A_SIGNALS_AHEAD_PREPARE_TO_STOP_WITH_FLASHING_YELLOW_MR-WAW-1A.svg,900x900 mm,"size from the register (900x1650 mm); no scale on the sheet; register size 900x1650 mm differs from the drawing (900 x 900 mm) — check; no colour note on the sheet: MR-WA series default assumed — check colours: legend BLACK, background YELLOW; legend is CAD text on the sheet (E, R, A, P…): needs setting in the AS 1744 face by hand",Original PDFs/Warning Signs/Advance Warning Series MR-WAW/mr-waw-1a.dwg
MR-WAW-1B,MR-WAW-1B - Signals ahead prepare to stop (with flashing yellow),intervene/Warning Signs,MR_WAW_1B_SIGNALS_AHEAD_PREPARE_TO_STOP_WITH_FLASHING_YELLOW_MR-WAW-1B.svg,1100x1189 mm,"size from the register (1100x1600 mm); no scale on the sheet; register size 1100x1600 mm differs from the drawing (1100 x 1189 mm) — check; no colour note on the sheet: MR-WA series default assumed — check colours: legend BLACK, background YELLOW; legend is CAD text on the sheet (P, R, E, P…): needs setting in the AS 1744 face by hand",Original PDFs/Warning Signs/Advance Warning Series MR-WAW/mr-waw-1b.dwg
MR-WAW-1C,MR-WAW-1C - Signals ahead prepare to stop (with flashing yellow),intervene/Warning Signs,MR_WAW_1C_SIGNALS_AHEAD_PREPARE_TO_STOP_WITH_FLASHING_YELLOW_MR-WAW-1C.svg,1350x1372 mm,"size from the register (1350x2000 mm); no scale on the sheet; register size 1350x2000 mm differs from the drawing (1350 x 1372 mm) — check; no colour note on the sheet: MR-WA series default assumed — check colours: legend BLACK, background YELLOW; legend is CAD text on the sheet (E, R, A, P…): needs setting in the AS 1744 face by hand",Original PDFs/Warning Signs/Advance Warning Series MR-WAW/mr-waw-1c.dwg
MR-WAW-1D,MR-WAW-1D - Signals ahead prepare to stop (with flashing yellow),Warning Signs,MR_WAW_1D_SIGNALS_AHEAD_PREPARE_TO_STOP_WITH_FLASHING_YELLOW_MR-WAW-1D.svg,1800x1800 mm,"size from the register (1800x2700 mm); no scale on the sheet; register size 1800x2700 mm differs from the drawing (1800 x 1800 mm) — check; no colour note on the sheet: MR-WA series default assumed — check colours: legend BLACK, background YELLOW",Original PDFs/Warning Signs/Advance Warning Series MR-WAW/mr-waw-1d.dwg
MR-WAW-3A,MR-WAW-3A - Level crossing ahead prepare to stop (with flashing yellow),intervene/Warning Signs,MR_WAW_3A_LEVEL_CROSSING_AHEAD_PREPARE_TO_STOP_WITH_FLASHING_YELLOW_MR-WAW-3A.svg,900x900 mm,"size from the register (900x1650 mm); no scale on the sheet; register size 900x1650 mm differs from the drawing (900 x 900 mm) — check; no colour note on the sheet: MR-WA series default assumed — check colours: legend BLACK, background YELLOW; legend is CAD text on the sheet (A, P, E, R…): needs setting in the AS 1744 face by hand",Original PDFs/Warning Signs/Advance Warning Series MR-WAW/mr-waw-3a.dwg
MR-WAW-3B,MR-WAW-3B - Level crossing ahead prepare to stop (with flashing yellow),intervene/Warning Signs,MR_WAW_3B_LEVEL_CROSSING_AHEAD_PREPARE_TO_STOP_WITH_FLASHING_YELLOW_MR-WAW-3B.svg,1100x1179 mm,"size from the register (1100x1600 mm); no scale on the sheet; register size 1100x1600 mm differs from the drawing (1100 x 1179 mm) — check; no colour note on the sheet: MR-WA series default assumed — check colours: legend BLACK, background YELLOW; legend is CAD text on the sheet (S, T, O, P…): needs setting in the AS 1744 face by hand",Original PDFs/Warning Signs/Advance Warning Series MR-WAW/mr-waw-3b.dwg
MR-WAW-3C,MR-WAW-3C - Level crossing ahead prepare to stop (with flashing yellow),intervene/Warning Signs,MR_WAW_3C_LEVEL_CROSSING_AHEAD_PREPARE_TO_STOP_WITH_FLASHING_YELLOW_MR-WAW-3C.svg,1350x1372 mm,"size from the register (1350x2000 mm); no scale on the sheet; register size 1350x2000 mm differs from the drawing (1350 x 1372 mm) — check; no colour note on the sheet: MR-WA series default assumed — check colours: legend BLACK, background YELLOW; legend is CAD text on the sheet (E, R, A, P…): needs setting in the AS 1744 face by hand",Original PDFs/Warning Signs/Advance Warning Series MR-WAW/mr-waw-3c.dwg
MR-WAW-3D,MR-WAW-3D - Level crossing ahead prepare to stop (with flashing yellow),Warning Signs,MR_WAW_3D_LEVEL_CROSSING_AHEAD_PREPARE_TO_STOP_WITH_FLASHING_YELLOW_MR-WAW-3D.svg,1800x1800 mm,"size from the register (1800x2700 mm); no scale on the sheet; register size 1800x2700 mm differs from the drawing (1800 x 1800 mm) — check; no colour note on the sheet: MR-WA series default assumed — check colours: legend BLACK, background YELLOW",Original PDFs/Warning Signs/Advance Warning Series MR-WAW/mr-waw-3d.dwg
MR-WAW-4A,MR-WAW-4A – Level Crossing Ahead – Prepare to Stop,Warning Signs,MR_WAW_4A_LEVEL_CROSSING_AHEAD_PREPARE_TO_STOP_MR-WAW-4A.svg,900x1300 mm,"size from the register (900x1300 mm); no scale on the sheet; no colour note on the sheet: MR-WA series default assumed — check colours: legend BLACK, background YELLOW",Original PDFs/Warning Signs/Advance Warning Series MR-WAW/mr-waw-4a-level-crossing-ahead-prepare-to-stop.dwg
MR-WAW-4B,MR-WAW-4B – Level Crossing Ahead – Prepare to Stop,Warning Signs,MR_WAW_4B_LEVEL_CROSSING_AHEAD_PREPARE_TO_STOP_MR-WAW-4B.svg,1125x1625 mm,"size from the register (1125x1625 mm); no scale on the sheet; no colour note on the sheet: MR-WA series default assumed — check colours: legend BLACK, background YELLOW",Original PDFs/Warning Signs/Advance Warning Series MR-WAW/mr-waw-4b-level-crossing-ahead-prepare-to-stop.dwg
MR-WAW-4C,MR-WAW-4C – Level Crossing Ahead – Prepare to Stop,Warning Signs,MR_WAW_4C_LEVEL_CROSSING_AHEAD_PREPARE_TO_STOP_MR-WAW-4C.svg,1350x1950 mm,"size from the register (1350x1950 mm); no scale on the sheet; no colour note on the sheet: MR-WA series default assumed — check colours: legend BLACK, background YELLOW",Original PDFs/Warning Signs/Advance Warning Series MR-WAW/mr-waw-4c-level-crossing-ahead-prepare-to-stop.dwg
MR-WAW-4D,MR-WAW-4D – Level Crossing Ahead – Prepare to Stop,Warning Signs,MR_WAW_4D_LEVEL_CROSSING_AHEAD_PREPARE_TO_STOP_MR-WAW-4D.svg,1800x2600 mm,"size from the register (1800x2600 mm); no scale on the sheet; no colour note on the sheet: MR-WA series default assumed — check colours: legend BLACK, background YELLOW",Original PDFs/Warning Signs/Advance Warning Series MR-WAW/mr-waw-4d-level-crossing-ahead-prepare-to-stop.dwg
MR-WAW-6A,MR-WAW-6A - Stock crossing ahead (generic) prepare to stop (with flashing yellow),intervene/Warning Signs,MR_WAW_6A_STOCK_CROSSING_AHEAD_GENERIC_PREPARE_TO_STOP_WITH_FLASHING_YELLOW_MR-WAW-6A.svg,1650x1644 mm,"size from the register (900x1650 mm); no scale on the sheet; 2 closed letter outline(s) filled solid; register size 900x1650 mm differs from the drawing (1650 x 1644 mm) — check; no colour note on the sheet: MR-WA series default assumed — check colours: legend BLACK, background YELLOW; legend is CAD text on the sheet (S, T, O, P…): needs setting in the AS 1744 face by hand",Original PDFs/Warning Signs/Advance Warning Series MR-WAW/mr-waw-6a.dwg
MR-WAW-6B,MR-WAW-6B - Stock crossing ahead (generic) prepare to stop (with flashing yellow),intervene/Warning Signs,MR_WAW_6B_STOCK_CROSSING_AHEAD_GENERIC_PREPARE_TO_STOP_WITH_FLASHING_YELLOW_MR-WAW-6B.svg,1100x1597 mm,"size from the register (1100x1600 mm); no scale on the sheet; 3 closed letter outline(s) filled solid; no colour note on the sheet: MR-WA series default assumed — check colours: legend BLACK, background YELLOW; legend is CAD text on the sheet (E, R, A, P…): needs setting in the AS 1744 face by hand",Original PDFs/Warning Signs/Advance Warning Series MR-WAW/mr-waw-6b.dwg
MR-WAW-6C,MR-WAW-6C - Stock crossing ahead (generic) prepare to stop (with flashing yellow),intervene/Warning Signs,MR_WAW_6C_STOCK_CROSSING_AHEAD_GENERIC_PREPARE_TO_STOP_WITH_FLASHING_YELLOW_MR-WAW-6C.svg,2000x1992 mm,"size from the register (1350x2000 mm); no scale on the sheet; register size 1350x2000 mm differs from the drawing (2000 x 1992 mm) — check; no colour note on the sheet: MR-WA series default assumed — check colours: legend BLACK, background YELLOW; legend is CAD text on the sheet (E, R, A, P…): needs setting in the AS 1744 face by hand",Original PDFs/Warning Signs/Advance Warning Series MR-WAW/mr-waw-6c.dwg
MR-WAW-6D,MR-WAW-6D - Stock crossing ahead (generic) prepare to stop (with flashing yellow),Warning Signs,MR_WAW_6D_STOCK_CROSSING_AHEAD_GENERIC_PREPARE_TO_STOP_WITH_FLASHING_YELLOW_MR-WAW-6D.svg,2700x2689 mm,"size from the register (1800x2700 mm); no scale on the sheet; register size 1800x2700 mm differs from the drawing (2700 x 2689 mm) — check; no colour note on the sheet: MR-WA series default assumed — check colours: legend BLACK, background YELLOW",Original PDFs/Warning Signs/Advance Warning Series MR-WAW/mr-waw-6d.dwg
MR-WAW-7A,MR-WAW-7A - Stock crossing ahead (cows only) prepare to stop (with flashing yellow),intervene/Warning Signs,MR_WAW_7A_STOCK_CROSSING_AHEAD_COWS_ONLY_PREPARE_TO_STOP_WITH_FLASHING_YELLOW_MR-WAW-7A.svg,1650x1609 mm,"size from the register (900x1650 mm); no scale on the sheet; 2 closed letter outline(s) filled solid; register size 900x1650 mm differs from the drawing (1650 x 1609 mm) — check; no colour note on the sheet: MR-WA series default assumed — check colours: legend BLACK, background YELLOW; legend is CAD text on the sheet (E, R, A, P…): needs setting in the AS 1744 face by hand",Original PDFs/Warning Signs/Advance Warning Series MR-WAW/mr-waw-7a.dwg
MR-WAW-7A,MR-WAW-7A - Stock crossing ahead (cows only) prepare to stop (with flashing yellow),intervene/Warning Signs,MR_WAW_7A_STOCK_CROSSING_AHEAD_COWS_ONLY_PREPARE_TO_STOP_WITH_FLASHING_YELLOW_VAR2_MR-WAW-7A.svg,1650x1609 mm,"size from the register (900x1650 mm); no scale on the sheet; 2 closed letter outline(s) filled solid; register size 900x1650 mm differs from the drawing (1650 x 1609 mm) — check; no colour note on the sheet: MR-WA series default assumed — check colours: legend BLACK, background YELLOW; legend is CAD text on the sheet (E, R, A, P…): needs setting in the AS 1744 face by hand",Original PDFs/Warning Signs/Advance Warning Series MR-WAW/mr-waw-7a.dwg
MR-WAW-7B,MR-WAW-7B - Stock crossing ahead (cows only) prepare to stop (with flashing yellow),intervene/Warning Signs,MR_WAW_7B_STOCK_CROSSING_AHEAD_COWS_ONLY_PREPARE_TO_STOP_WITH_FLASHING_YELLOW_MR-WAW-7B.svg,1600x1206 mm,"size from the register (1100x1600 mm); no scale on the sheet; 3 closed letter outline(s) filled solid; register size 1100x1600 mm differs from the drawing (1600 x 1206 mm) — check; no colour note on the sheet: MR-WA series default assumed — check colours: legend BLACK, background YELLOW; legend is CAD text on the sheet (S, T, O, P…): needs setting in the AS 1744 face by hand",Original PDFs/Warning Signs/Advance Warning Series MR-WAW/mr-waw-7b.dwg
MR-WAW-7B,MR-WAW-7B - Stock crossing ahead (cows only) prepare to stop (with flashing yellow),intervene/Warning Signs,MR_WAW_7B_STOCK_CROSSING_AHEAD_COWS_ONLY_PREPARE_TO_STOP_WITH_FLASHING_YELLOW_VAR2_MR-WAW-7B.svg,1600x749 mm,"size from the register (1100x1600 mm); no scale on the sheet; 3 closed letter outline(s) filled solid; register size 1100x1600 mm differs from the drawing (1600 x 749 mm) — check; no colour note on the sheet: MR-WA series default assumed — check colours: legend BLACK, background YELLOW; legend is CAD text on the sheet (S, T, O, P…): needs setting in the AS 1744 face by hand",Original PDFs/Warning Signs/Advance Warning Series MR-WAW/mr-waw-7b.dwg
MR-WAW-7C,MR-WAW-7C - Stock crossing ahead (cows only) prepare to stop (with flashing yellow),intervene/Warning Signs,MR_WAW_7C_STOCK_CROSSING_AHEAD_COWS_ONLY_PREPARE_TO_STOP_WITH_FLASHING_YELLOW_MR-WAW-7C.svg,2000x1547 mm,"size from the register (1350x2000 mm); no scale on the sheet; register size 1350x2000 mm differs from the drawing (2000 x 1547 mm) — check; no colour note on the sheet: MR-WA series default assumed — check colours: legend BLACK, background YELLOW; legend is CAD text on the sheet (S, T, O, P…): needs setting in the AS 1744 face by hand",Original PDFs/Warning Signs/Advance Warning Series MR-WAW/mr-waw-7c.dwg
MR-WAW-7D,MR-WAW-7D - Stock crossing ahead (cows only) prepare to stop (with flashing yellow),Warning Signs,MR_WAW_7D_STOCK_CROSSING_AHEAD_COWS_ONLY_PREPARE_TO_STOP_WITH_FLASHING_YELLOW_MR-WAW-7D.svg,2700x1992 mm,"size from the register (1800x2700 mm); no scale on the sheet; register size 1800x2700 mm differs from the drawing (2700 x 1992 mm) — check; no colour note on the sheet: MR-WA series default assumed — check colours: legend BLACK, background YELLOW",Original PDFs/Warning Signs/Advance Warning Series MR-WAW/mr-waw-7d.dwg
MR-WAW-8A,MR-WAW-8A - Trucks crossing entering prepare to stop (with flashing yellow),intervene/Warning Signs,MR_WAW_8A_TRUCKS_CROSSING_ENTERING_PREPARE_TO_STOP_WITH_FLASHING_YELLOW_MR-WAW-8A.svg,1650x1644 mm,"size from the register (900x1650 mm); no scale on the sheet; 2 closed letter outline(s) filled solid; register size 900x1650 mm differs from the drawing (1650 x 1644 mm) — check; no colour note on the sheet: MR-WA series default assumed — check colours: legend BLACK, background YELLOW; legend is CAD text on the sheet (E, R, A, P…): needs setting in the AS 1744 face by hand",Original PDFs/Warning Signs/Advance Warning Series MR-WAW/mr-waw-8a.dwg
MR-WAW-8B,MR-WAW-8B - Trucks crossing entering prepare to stop (with flashing yellow),intervene/Warning Signs,MR_WAW_8B_TRUCKS_CROSSING_ENTERING_PREPARE_TO_STOP_WITH_FLASHING_YELLOW_MR-WAW-8B.svg,1100x1597 mm,"size from the register (1100x1600 mm); no scale on the sheet; 3 closed letter outline(s) filled solid; no colour note on the sheet: MR-WA series default assumed — check colours: legend BLACK, background YELLOW; legend is CAD text on the sheet (S, T, O, P…): needs setting in the AS 1744 face by hand",Original PDFs/Warning Signs/Advance Warning Series MR-WAW/mr-waw-8b.dwg
MR-WAW-8C,MR-WAW-8C - Trucks crossing entering prepare to stop (with flashing yellow),intervene/Warning Signs,MR_WAW_8C_TRUCKS_CROSSING_ENTERING_PREPARE_TO_STOP_WITH_FLASHING_YELLOW_MR-WAW-8C.svg,2000x1992 mm,"size from the register (1350x2000 mm); no scale on the sheet; register size 1350x2000 mm differs from the drawing (2000 x 1992 mm) — check; no colour note on the sheet: MR-WA series default assumed — check colours: legend BLACK, background YELLOW; legend is CAD text on the sheet (E, R, A, P…): needs setting in the AS 1744 face by hand",Original PDFs/Warning Signs/Advance Warning Series MR-WAW/mr-waw-8c.dwg
MR-WAW-8D,MR-WAW-8D - Trucks crossing entering prepare to stop (with flashing yellow),Warning Signs,MR_WAW_8D_TRUCKS_CROSSING_ENTERING_PREPARE_TO_STOP_WITH_FLASHING_YELLOW_MR-WAW-8D.svg,2700x2690 mm,"size from the register (1800x2700 mm); no scale on the sheet; register size 1800x2700 mm differs from the drawing (2700 x 2690 mm) — check; no colour note on the sheet: MR-WA series default assumed — check colours: legend BLACK, background YELLOW",Original PDFs/Warning Signs/Advance Warning Series MR-WAW/mr-waw-8d.dwg
MR-WAW-9A,MR-WAW-9A - Emergency vehicles entering prepare to stop (with flashing yellow),intervene/Warning Signs,MR_WAW_9A_EMERGENCY_VEHICLES_ENTERING_PREPARE_TO_STOP_WITH_FLASHING_YELLOW_MR-WAW-9A.svg,1650x1609 mm,"size from the register (900x1650 mm); no scale on the sheet; 2 closed letter outline(s) filled solid; register size 900x1650 mm differs from the drawing (1650 x 1609 mm) — check; no colour note on the sheet: MR-WA series default assumed — check colours: legend BLACK, background YELLOW; legend is CAD text on the sheet (S, T, O, P…): needs setting in the AS 1744 face by hand",Original PDFs/Warning Signs/Advance Warning Series MR-WAW/mr-waw-9a.dwg
MR-WAW-9A,MR-WAW-9A - Emergency vehicles entering prepare to stop (with flashing yellow),intervene/Warning Signs,MR_WAW_9A_EMERGENCY_VEHICLES_ENTERING_PREPARE_TO_STOP_WITH_FLASHING_YELLOW_VAR2_MR-WAW-9A.svg,1650x1609 mm,"size from the register (900x1650 mm); no scale on the sheet; 2 closed letter outline(s) filled solid; register size 900x1650 mm differs from the drawing (1650 x 1609 mm) — check; no colour note on the sheet: MR-WA series default assumed — check colours: legend BLACK, background YELLOW; legend is CAD text on the sheet (S, T, O, P…): needs setting in the AS 1744 face by hand",Original PDFs/Warning Signs/Advance Warning Series MR-WAW/mr-waw-9a.dwg
MR-WAW-9B,MR-WAW-9B - Emergency vehicles entering prepare to stop (with flashing yellow),intervene/Warning Signs,MR_WAW_9B_EMERGENCY_VEHICLES_ENTERING_PREPARE_TO_STOP_WITH_FLASHING_YELLOW_MR-WAW-9B.svg,1600x749 mm,"size from the register (1100x1600 mm); no scale on the sheet; 3 closed letter outline(s) filled solid; register size 1100x1600 mm differs from the drawing (1600 x 749 mm) — check; no colour note on the sheet: MR-WA series default assumed — check colours: legend BLACK, background YELLOW; legend is CAD text on the sheet (E, R, A, P…): needs setting in the AS 1744 face by hand",Original PDFs/Warning Signs/Advance Warning Series MR-WAW/mr-waw-9b.dwg
MR-WAW-9B,MR-WAW-9B - Emergency vehicles entering prepare to stop (with flashing yellow),intervene/Warning Signs,MR_WAW_9B_EMERGENCY_VEHICLES_ENTERING_PREPARE_TO_STOP_WITH_FLASHING_YELLOW_VAR2_MR-WAW-9B.svg,1600x588 mm,"size from the register (1100x1600 mm); no scale on the sheet; 3 closed letter outline(s) filled solid; register size 1100x1600 mm differs from the drawing (1600 x 588 mm) — check; no colour note on the sheet: MR-WA series default assumed — check colours: legend BLACK, background YELLOW; legend is CAD text on the sheet (E, R, A, P…): needs setting in the AS 1744 face by hand",Original PDFs/Warning Signs/Advance Warning Series MR-WAW/mr-waw-9b.dwg
MR-WAW-9C,MR-WAW-9C - Emergency vehicles entering prepare to stop (with flashing yellow),intervene/Warning Signs,MR_WAW_9C_EMERGENCY_VEHICLES_ENTERING_PREPARE_TO_STOP_WITH_FLASHING_YELLOW_MR-WAW-9C.svg,2000x796 mm,"size from the register (1350x2000 mm); no scale on the sheet; register size 1350x2000 mm differs from the drawing (2000 x 796 mm) — check; no colour note on the sheet: MR-WA series default assumed — check colours: legend BLACK, background YELLOW; legend is CAD text on the sheet (S, T, O, P…): needs setting in the AS 1744 face by hand",Original PDFs/Warning Signs/Advance Warning Series MR-WAW/mr-waw-9c.dwg
MR-WAW-9D,MR-WAW-9D - Emergency vehicles entering prepare to stop (with flashing yellow),Warning Signs,MR_WAW_9D_EMERGENCY_VEHICLES_ENTERING_PREPARE_TO_STOP_WITH_FLASHING_YELLOW_MR-WAW-9D.svg,2700x798 mm,"size from the register (1800x2700 mm); no scale on the sheet; register size 1800x2700 mm differs from the drawing (2700 x 798 mm) — check; no colour note on the sheet: MR-WA series default assumed — check colours: legend BLACK, background YELLOW",Original PDFs/Warning Signs/Advance Warning Series MR-WAW/mr-waw-9d.dwg
MR-WDAD-12,MR-WDAD-12 - Dual-lane roundabout (3 legs),Warning Signs,,,no drawing found after removing the sheet furniture,Original PDFs/Warning Signs/Advance Warning Series MR-WDAD/mr-wdad-12.dwg
MR-WDAD-13,MR-WDAD-13 - Dual-lane roundabout (3 legs),Warning Signs,MR_WDAD_13_DUAL_LANE_ROUNDABOUT_3_LEGS_MR-WDAD-13.svg,750x408 mm,"size from the register (750x750 mm); no scale on the sheet; 1 closed letter outline(s) filled solid; 1 closed letter outline(s) filled solid; 1 closed letter outline(s) filled solid; 1 closed letter outline(s) filled solid; register size 750x750 mm differs from the drawing (750 x 408 mm) — check; no colour note on the sheet: MR-WD series default assumed — check colours: legend BLACK, background YELLOW",Original PDFs/Warning Signs/Advance Warning Series MR-WDAD/mr-wdad-13.dwg
MR-WDAD-15,MR-WDAD-15 - Dual-lane roundabout (4 legs),Warning Signs,MR_WDAD_15_DUAL_LANE_ROUNDABOUT_4_LEGS_MR-WDAD-15.svg,750x647 mm,"size from the register (750x750 mm); no scale on the sheet; register size 750x750 mm differs from the drawing (750 x 647 mm) — check; no colour note on the sheet: MR-WD series default assumed — check colours: legend BLACK, background YELLOW",Original PDFs/Warning Signs/Advance Warning Series MR-WDAD/mr-wdad-15.dwg
MR-WDAD-9,MR-WDAD-9 - Dual-lane roundabout (4 legs),Warning Signs,,,no drawing found after removing the sheet furniture,Original PDFs/Warning Signs/Advance Warning Series MR-WDAD/mr-wdad-9.dwg
MR-WDAD-14,MR-WDAD-14 - Dual-lane roundabout (4 legs),Warning Signs,,,no drawing found after removing the sheet furniture,Original PDFs/Warning Signs/Advance Warning Series MR-WDAD/mr-wdad-14.dwg
MR-WDAD-16,MR-WDAD-16 - Dual-lane roundabout (3 legs),Warning Signs,,,no drawing found after removing the sheet furniture,Original PDFs/Warning Signs/Advance Warning Series MR-WDAD/mr-wdad-16.dwg
MR-WDAD-17,MR-WDAD-17 - Dual-lane roundabout (3 legs),Warning Signs,,,no drawing found after removing the sheet furniture,Original PDFs/Warning Signs/Advance Warning Series MR-WDAD/mr-wdad-17.dwg
MR-WDAD-18,MR-WDAD-18 - Dual-lane roundabout (3 legs),Warning Signs,,,no drawing found after removing the sheet furniture,Original PDFs/Warning Signs/Advance Warning Series MR-WDAD/mr-wdad-18.dwg
MR-WDAD-19,MR-WDAD-19 - Dual-lane roundabout (3 legs),Warning Signs,MR_WDAD_19_DUAL_LANE_ROUNDABOUT_3_LEGS_MR-WDAD-19.svg,750x791 mm,"size from the register (750x750 mm); no scale on the sheet; 1 closed letter outline(s) filled solid; 1 closed letter outline(s) filled solid; 1 closed letter outline(s) filled solid; 1 closed letter outline(s) filled solid; no colour note on the sheet: MR-WD series default assumed — check colours: legend BLACK, background YELLOW",Original PDFs/Warning Signs/Advance Warning Series MR-WDAD/mr-wdad-19.dwg
MR-WDAD-11,MR-WDAD-11 - Lane allocation,Warning Signs,MR_WDAD_11_LANE_ALLOCATION_MR-WDAD-11.svg,600x1282 mm,"size from the register (600x600 mm); no scale on the sheet; 2 closed letter outline(s) filled solid; register size 600x600 mm differs from the drawing (600 x 1282 mm) — check; no colour note on the sheet: MR-WD series default assumed — check colours: legend BLACK, background YELLOW",Original PDFs/Warning Signs/Advance Warning Series MR-WDAD/mr-wdad-11.dwg
MR-WDAD-20,MR-WDAD-20 - Buses prohibited,Warning Signs,MR_WDAD_20_BUSES_PROHIBITED_MR-WDAD-20.svg,1029x1024 mm,"size from the sheet scale 1:5; register size 600x600 mm differs from the drawing (1029 x 1024 mm) — check; no colour note on the sheet: MR-WD series default assumed — check colours: legend BLACK, background YELLOW",Original PDFs/Warning Signs/Advance Warning Series MR-WDAD/mr-wdad-20.dwg
MR-WDAD-21,MR-WDAD-21 - Trucks prohibited,Warning Signs,MR_WDAD_21_TRUCKS_PROHIBITED_MR-WDAD-21.svg,1029x1024 mm,"size from the sheet scale 1:5; register size 600x600 mm differs from the drawing (1029 x 1024 mm) — check; no colour note on the sheet: MR-WD series default assumed — check colours: legend BLACK, background YELLOW",Original PDFs/Warning Signs/Advance Warning Series MR-WDAD/mr-wdad-21.dwg
MR-WDAD-22,MR-WDAD-22 - Buses prohibited ahead,Warning Signs,MR_WDAD_22_BUSES_PROHIBITED_AHEAD_MR-WDAD-22.svg,1029x1024 mm,"size from the sheet scale 1:5; 1 closed letter outline(s) filled solid; register size 600x600 mm differs from the drawing (1029 x 1024 mm) — check; no colour note on the sheet: MR-WD series default assumed — check colours: legend BLACK, background YELLOW",Original PDFs/Warning Signs/Advance Warning Series MR-WDAD/mr-wdad-22.dwg
MR-WDAD-23,MR-WDAD-23 - Trucks prohibited ahead,Warning Signs,MR_WDAD_23_TRUCKS_PROHIBITED_AHEAD_MR-WDAD-23.svg,1029x1024 mm,"size from the sheet scale 1:5; 1 closed letter outline(s) filled solid; register size 750x750 mm differs from the drawing (1029 x 1024 mm) — check; no colour note on the sheet: MR-WD series default assumed — check colours: legend BLACK, background YELLOW",Original PDFs/Warning Signs/Advance Warning Series MR-WDAD/mr-wdad-23.dwg
MR-WDAD-2,MR-WDAD-2 - Speed restriction ahead,Warning Signs,,,no drawing found after removing the sheet furniture,Original PDFs/Warning Signs/Advance Warning Series MR-WDAD/mr-wdad-2.dwg
MR-WDAD-3,MR-WDAD-3 - Way out 250m ahead,Warning Signs,,,no drawing found after removing the sheet furniture,Original PDFs/Warning Signs/Advance Warning Series MR-WDAD/mr-wdad-3.dwg
MR-WDAD-5,MR-WDAD-5 - Dual-lane roundabout (4 legs),Warning Signs,,,no drawing found after removing the sheet furniture,Original PDFs/Warning Signs/Advance Warning Series MR-WDAD/mr-wdad-5.dwg
MR-WDAD-6,MR-WDAD-6 - Dual-lane roundabout (3 legs),Warning Signs,,,no drawing found after removing the sheet furniture,Original PDFs/Warning Signs/Advance Warning Series MR-WDAD/mr-wdad-6.dwg
MR-WDAD-7,MR-WDAD-7 - Dual-lane roundabout (3 legs),Warning Signs,,,no drawing found after removing the sheet furniture,Original PDFs/Warning Signs/Advance Warning Series MR-WDAD/mr-wdad-7.dwg
MR-WDAD-8,MR-WDAD-8 - Dual-lane roundabout (3 legs),Warning Signs,,,no drawing found after removing the sheet furniture,Original PDFs/Warning Signs/Advance Warning Series MR-WDAD/mr-wdad-8.dwg
MR-WDAD-10,MR-WDAD-10 - Dual-lane roundabout (4 legs),Warning Signs,,,no drawing found after removing the sheet furniture,Original PDFs/Warning Signs/Advance Warning Series MR-WDAD/mr-wdad-10.dwg
MR-WDAL-2,MR-WDAL-2 - Km Narrow winding road,Warning Signs,,,no drawing found after removing the sheet furniture,Original PDFs/Warning Signs/Alignment Series MR-WDAL/mr-wdal-2.dwg
MR-WDAX-3,MR-WDAX-3 - Limited clearance,Warning Signs,,,no drawing found after removing the sheet furniture,Original PDFs/Warning Signs/Auxiliary Series MR-WDAX/mr-wdax-3.dwg
MR-WDAX-16,MR-WDAX-16 - Night time (used with MR-WDO-29),Warning Signs,,,no drawing found after removing the sheet furniture,Original PDFs/Warning Signs/Auxiliary Series MR-WDAX/mr-wdax-16.dwg
MR-WDAX-17,MR-WDAX-17 - Unfenced road km,Warning Signs,,,no drawing found after removing the sheet furniture,Original PDFs/Warning Signs/Auxiliary Series MR-WDAX/mr-wdax-17.dwg
MR-WDAX-2,MR-WDAX-2 - Rumble strip,Warning Signs,MR_WDAX_2_RUMBLE_STRIP_MR-WDAX-2.svg,600x395 mm,"size from the register (600x400 mm); no scale on the sheet; no colour note on the sheet: MR-WD series default assumed — check colours: legend BLACK, background YELLOW",Original PDFs/Warning Signs/Auxiliary Series MR-WDAX/mr-wdax-2.dwg
MR-WDAX-19,MR-WDAX-19 - Cyclists beware - supplementary plate,Warning Signs,MR_WDAX_19_CYCLISTS_BEWARE_SUPPLEMENTARY_PLATE_MR-WDAX-19.svg,730x480 mm,"size from the sheet scale 1:5; 6 closed letter outline(s) filled solid; register size 600x400 mm differs from the drawing (730 x 480 mm) — check; no colour note on the sheet: MR-WD series default assumed — check colours: legend BLACK, background YELLOW",Original PDFs/Warning Signs/Auxiliary Series MR-WDAX/mr-wdax-19.dwg
MR-WDAX-20,MR-WDAX-20 - On side roads - supplementary plate,Warning Signs,MR_WDAX_20_ON_SIDE_ROADS_SUPPLEMENTARY_PLATE_MR-WDAX-20.svg,750x500 mm,"size from the sheet scale 1:5; 11 closed letter outline(s) filled solid; register size 600x400 mm differs from the drawing (750 x 500 mm) — check; no colour note on the sheet: MR-WD series default assumed — check colours: legend BLACK, background YELLOW",Original PDFs/Warning Signs/Auxiliary Series MR-WDAX/mr-wdax-20.dwg
MR-WDAX-21,MR-WDAX-21 - Over xxx t gvm supplementary plate,Warning Signs,MR_WDAX_21_OVER_XXX_T_GVM_SUPPLEMENTARY_PLATE_MR-WDAX-21.svg,750x350 mm,"size from the sheet scale 1:5; 11 closed letter outline(s) filled solid; register size 600x280 mm differs from the drawing (750 x 350 mm) — check; no colour note on the sheet: MR-WD series default assumed — check colours: legend BLACK, background YELLOW",Original PDFs/Warning Signs/Auxiliary Series MR-WDAX/mr-wdax-21.dwg
MR-WDAX-22,MR-WDAX-22 - Golf buggies supplementary plate,Warning Signs,MR_WDAX_22_GOLF_BUGGIES_SUPPLEMENTARY_PLATE_MR-WDAX-22.svg,750x500 mm,"size from the sheet scale 1:5; 11 closed letter outline(s) filled solid; register size 600x400 mm differs from the drawing (750 x 500 mm) — check; colours from the sheet's note: legend BLACK, background YELLOW, border BLACK",Original PDFs/Warning Signs/Auxiliary Series MR-WDAX/mr-wdax-22.dwg
MR-WDAX-22,MR-WDAX-22 - Golf buggies supplementary plate,Warning Signs,MR_WDAX_22_GOLF_BUGGIES_SUPPLEMENTARY_PLATE_VAR2_MR-WDAX-22.svg,149x69 mm,"size from the sheet scale 1:5; 11 closed letter outline(s) filled solid; register size 600x400 mm differs from the drawing (149 x 69 mm) — check; colours from the sheet's note: legend BLACK, background YELLOW, border BLACK",Original PDFs/Warning Signs/Auxiliary Series MR-WDAX/mr-wdax-22.dwg
MR-WDAX-22,MR-WDAX-22 - Golf buggies supplementary plate,Warning Signs,MR_WDAX_22_GOLF_BUGGIES_SUPPLEMENTARY_PLATE_VAR3_MR-WDAX-22.svg,299x117 mm,"size from the sheet scale 1:5; 11 closed letter outline(s) filled solid; register size 600x400 mm differs from the drawing (299 x 117 mm) — check; colours from the sheet's note: legend BLACK, background YELLOW, border BLACK",Original PDFs/Warning Signs/Auxiliary Series MR-WDAX/mr-wdax-22.dwg
MR-WDAX-22,MR-WDAX-22 - Golf buggies supplementary plate,Warning Signs,MR_WDAX_22_GOLF_BUGGIES_SUPPLEMENTARY_PLATE_VAR4_MR-WDAX-22.svg,203x26 mm,"size from the sheet scale 1:5; 11 closed letter outline(s) filled solid; register size 600x400 mm differs from the drawing (203 x 26 mm) — check; colours from the sheet's note: legend BLACK, background YELLOW, border BLACK",Original PDFs/Warning Signs/Auxiliary Series MR-WDAX/mr-wdax-22.dwg
MR-WDAX-4B,MR-WDAX-4B - Reduce speed on gravel,Warning Signs,MR_WDAX_4B_REDUCE_SPEED_ON_GRAVEL_MR-WDAX-4B.svg,750x550 mm,"size from the register (750x550 mm); no scale on the sheet; no colour note on the sheet: MR-WD series default assumed — check colours: legend BLACK, background YELLOW",Original PDFs/Warning Signs/Auxiliary Series MR-WDAX/mr-wdax-4b.dwg
MR-WDAX-13,MR-WDAX-13 - September to March,Warning Signs,,,no drawing found after removing the sheet furniture,Original PDFs/Warning Signs/Auxiliary Series MR-WDAX/mr-wdax-13.dwg
MR-WDAX-12,MR-WDAX-12 - August to December,Warning Signs,,,no drawing found after removing the sheet furniture,Original PDFs/Warning Signs/Auxiliary Series MR-WDAX/mr-wdax-12.dwg
MR-WDAX-15,MR-WDAX-15 - Seniors,Warning Signs,MR_WDAX_15_SENIORS_MR-WDAX-15.svg,750x250 mm,"size from the sheet scale 1:5; register size 600x200 mm differs from the drawing (750 x 250 mm) — check; no colour note on the sheet: MR-WD series default assumed — check colours: legend BLACK, background YELLOW",Original PDFs/Warning Signs/Auxiliary Series MR-WDAX/mr-wdax-15.dwg
MR-WDAX-15,MR-WDAX-15 - Seniors,Warning Signs,MR_WDAX_15_SENIORS_VAR2_MR-WDAX-15.svg,151x275 mm,"size from the sheet scale 1:5; register size 600x200 mm differs from the drawing (151 x 275 mm) — check; no colour note on the sheet: MR-WD series default assumed — check colours: legend BLACK, background YELLOW",Original PDFs/Warning Signs/Auxiliary Series MR-WDAX/mr-wdax-15.dwg
MR-WDAX-15,MR-WDAX-15 - Seniors,Warning Signs,MR_WDAX_15_SENIORS_VAR3_MR-WDAX-15.svg,149x281 mm,"size from the sheet scale 1:5; register size 600x200 mm differs from the drawing (149 x 281 mm) — check; no colour note on the sheet: MR-WD series default assumed — check colours: legend BLACK, background YELLOW",Original PDFs/Warning Signs/Auxiliary Series MR-WDAX/mr-wdax-15.dwg
MR-WDI-1,MR-WDI-1 - Major road skewed minor side road,Warning Signs,MR_WDI_1_MAJOR_ROAD_SKEWED_MINOR_SIDE_ROAD_MR-WDI-1.svg,424x728 mm,"size from the sheet scale 1:5; 1 closed letter outline(s) filled solid; register size 600x600 mm differs from the drawing (424 x 728 mm) — check; no colour note on the sheet: MR-WD series default assumed — check colours: legend BLACK, background YELLOW",Original PDFs/Warning Signs/Intersection and Junction Series MR-WDI/mr-wdi-1.dwg
MR-WDI-3,MR-WDI-3 - Major road major and minor Y junction,Warning Signs,MR_WDI_3_MAJOR_ROAD_MAJOR_AND_MINOR_Y_JUNCTION_MR-WDI-3.svg,514x538 mm,"size from the sheet scale 1:5; register size 600x600 mm differs from the drawing (514 x 538 mm) — check; no colour note on the sheet: MR-WD series default assumed — check colours: legend BLACK, background YELLOW",Original PDFs/Warning Signs/Intersection and Junction Series MR-WDI/mr-wdi-3.dwg
MR-WDI-6,MR-WDI-6 - Major road major curved side road,Warning Signs,MR_WDI_6_MAJOR_ROAD_MAJOR_CURVED_SIDE_ROAD_MR-WDI-6.svg,486x718 mm,"size from the sheet scale 1:5; register size 600x600 mm differs from the drawing (486 x 718 mm) — check; no colour note on the sheet: MR-WD series default assumed — check colours: legend BLACK, background YELLOW",Original PDFs/Warning Signs/Intersection and Junction Series MR-WDI/mr-wdi-6.dwg
MR-WDI-8,MR-WDI-8 - Curved major road skewed minor side road,Warning Signs,MR_WDI_8_CURVED_MAJOR_ROAD_SKEWED_MINOR_SIDE_ROAD_MR-WDI-8.svg,411x711 mm,"size from the sheet scale 1:5; register size 600x600 mm differs from the drawing (411 x 711 mm) — check; no colour note on the sheet: MR-WD series default assumed — check colours: legend BLACK, background YELLOW",Original PDFs/Warning Signs/Intersection and Junction Series MR-WDI/mr-wdi-8.dwg
MR-WDI-23,MR-WDI-23 - Curved major road and skewed minor road,Warning Signs,MR_WDI_23_CURVED_MAJOR_ROAD_AND_SKEWED_MINOR_ROAD_MR-WDI-23.svg,423x652 mm,"size from the sheet scale 1:5; register size 600x600 mm differs from the drawing (423 x 652 mm) — check; no colour note on the sheet: MR-WD series default assumed — check colours: legend BLACK, background YELLOW",Original PDFs/Warning Signs/Intersection and Junction Series MR-WDI/mr-wdi-23.dwg
MR-WM-30,"MR-WM-30 - Road open, closed impassable to",Warning Signs,MR_WM_30_ROAD_OPEN_CLOSED_IMPASSABLE_TO_MR-WM-30.svg,3200x1900 mm,"size from the register (3200x1400 mm); no scale on the sheet; 1 closed letter outline(s) filled solid; register size 3200x1400 mm differs from the drawing (3200 x 1900 mm) — check; no colour note on the sheet: MR-WM series default assumed — check colours: legend BLACK, background YELLOW",Original PDFs/Warning Signs/Miscellaneous Series MR-WM/mr-wm-30.dwg
MR-WM-30,"MR-WM-30 - Road open, closed impassable to",Warning Signs,MR_WM_30_ROAD_OPEN_CLOSED_IMPASSABLE_TO_VAR2_MR-WM-30.svg,1400x2553 mm,"size from the register (3200x1400 mm); no scale on the sheet; 1 closed letter outline(s) filled solid; register size 3200x1400 mm differs from the drawing (1400 x 2553 mm) — check; no colour note on the sheet: MR-WM series default assumed — check colours: legend BLACK, background YELLOW",Original PDFs/Warning Signs/Miscellaneous Series MR-WM/mr-wm-30.dwg
MR-WM-30,"MR-WM-30 - Road open, closed impassable to",Warning Signs,MR_WM_30_ROAD_OPEN_CLOSED_IMPASSABLE_TO_VAR3_MR-WM-30.svg,1400x2631 mm,"size from the register (3200x1400 mm); no scale on the sheet; 1 closed letter outline(s) filled solid; register size 3200x1400 mm differs from the drawing (1400 x 2631 mm) — check; no colour note on the sheet: MR-WM series default assumed — check colours: legend BLACK, background YELLOW",Original PDFs/Warning Signs/Miscellaneous Series MR-WM/mr-wm-30.dwg
MR-WM-30,"MR-WM-30 - Road open, closed impassable to",Warning Signs,MR_WM_30_ROAD_OPEN_CLOSED_IMPASSABLE_TO_VAR4_MR-WM-30.svg,1400x2840 mm,"size from the register (3200x1400 mm); no scale on the sheet; 1 closed letter outline(s) filled solid; register size 3200x1400 mm differs from the drawing (1400 x 2840 mm) — check; no colour note on the sheet: MR-WM series default assumed — check colours: legend BLACK, background YELLOW",Original PDFs/Warning Signs/Miscellaneous Series MR-WM/mr-wm-30.dwg
MR-WM-2,MR-WM-2-3 - Long vehicle route max 27.5m long - take care when overtaking,intervene/Warning Signs,MR_WM_2_3_LONG_VEHICLE_ROUTE_MAX_27_5M_LONG_TAKE_CARE_WHEN_OVERTAKING_MR-WM-2.svg,2200x1128 mm,"size from the register (2200x1800 mm); no scale on the sheet; register size 2200x1800 mm differs from the drawing (2200 x 1128 mm) — check; no colour note on the sheet: MR-WM series default assumed — check colours: legend BLACK, background YELLOW; legend is CAD text on the sheet (N, E, H, W…): needs setting in the AS 1744 face by hand",Original PDFs/Warning Signs/Miscellaneous Series MR-WM/mr-wm-2-3.dwg
MR-WM-46,MR-WM-46 - No u-turn at signals unless otherwise signed,Warning Signs,MR_WM_46_NO_U_TURN_AT_SIGNALS_UNLESS_OTHERWISE_SIGNED_MR-WM-46.svg,600x908 mm,"size from the register (600x900 mm); no scale on the sheet; 11 closed letter outline(s) filled solid; no colour note on the sheet: MR-WM series default assumed — check colours: legend BLACK, background YELLOW",Original PDFs/Warning Signs/Miscellaneous Series MR-WM/mr-wm-46.dwg
MR-WM-47,MR-WM-47 - Warning gravel roads surface conditions change often,intervene/Warning Signs,MR_WM_47_WARNING_GRAVEL_ROADS_SURFACE_CONDITIONS_CHANGE_OFTEN_MR-WM-47.svg,870x1170 mm,"size from the sheet scale 1:10; 13 closed letter outline(s) filled solid; no colour note on the sheet: MR-WM series default assumed — check colours: legend BLACK, background YELLOW; legend is CAD text on the sheet (G, N, I, N…): needs setting in the AS 1744 face by hand",Original PDFs/Warning Signs/Miscellaneous Series MR-WM/mr-wm-47.dwg
MR-WM-3,MR-WM-3-2 (L or R) - Road trains entering 250 m,Warning Signs,MR_WM_3_2_L_OR_R_ROAD_TRAINS_ENTERING_250_M_MR-WM-3.svg,2470x1100 mm,"size from the sheet scale 1:15; 52 closed letter outline(s) filled solid; register size 2400x1200 mm differs from the drawing (2470 x 1100 mm) — check; no colour note on the sheet: MR-WM series default assumed — check colours: legend BLACK, background YELLOW",Original PDFs/Warning Signs/Miscellaneous Series MR-WM/mr-wm-3-2-l-or-r.dwg
MR-WM-3,MR-WM-3-2 (L or R) - Road trains entering 250 m,Warning Signs,MR_WM_3_2_L_OR_R_ROAD_TRAINS_ENTERING_250_M_VAR2_MR-WM-3.svg,2470x1100 mm,"size from the sheet scale 1:15; 52 closed letter outline(s) filled solid; register size 2400x1200 mm differs from the drawing (2470 x 1100 mm) — check; no colour note on the sheet: MR-WM series default assumed — check colours: legend BLACK, background YELLOW",Original PDFs/Warning Signs/Miscellaneous Series MR-WM/mr-wm-3-2-l-or-r.dwg
MR-WM-4,MR-WM-4-2 - Road trains crossing 250m,Warning Signs,MR_WM_4_2_ROAD_TRAINS_CROSSING_250M_MR-WM-4.svg,2371x1171 mm,"size from the sheet scale 1:15; 15 closed letter outline(s) filled solid; no colour note on the sheet: MR-WM series default assumed — check colours: legend BLACK, background YELLOW",Original PDFs/Warning Signs/Miscellaneous Series MR-WM/mr-wm-4-2.dwg
MR-WM-48,MR-WM-48 - For approach roads into low speed environments,Warning Signs,MR_WM_48_FOR_APPROACH_ROADS_INTO_LOW_SPEED_ENVIRONMENTS_MR-WM-48.svg,600x800 mm,"size from the sheet scale 1:5; 2 closed letter outline(s) filled solid; no colour note on the sheet: MR-WM series default assumed — check colours: legend BLACK, background YELLOW",Original PDFs/Warning Signs/Miscellaneous Series MR-WM/mr-wm-48.dwg
MR-WM-49,MR-WM-49 - Paint trial next 100m,intervene/Warning Signs,MR_WM_49_PAINT_TRIAL_NEXT_100M_MR-WM-49.svg,1600x800 mm,"size from the sheet scale 1:15; 48 closed letter outline(s) filled solid; no colour note on the sheet: MR-WM series default assumed — check colours: legend BLACK, background YELLOW; legend is CAD text on the sheet (F, O, T, N…): needs setting in the AS 1744 face by hand",Original PDFs/Warning Signs/Miscellaneous Series MR-WM/mr-wm-49.dwg
MR-WM-50,MR-WM-50 - No overtaking unless both oncoming lanes are clear,Warning Signs,MR_WM_50_NO_OVERTAKING_UNLESS_BOTH_ONCOMING_LANES_ARE_CLEAR_MR-WM-50.svg,2700x1200 mm,"size from the sheet scale 1:15; 1 closed letter outline(s) filled solid; no colour note on the sheet: MR-WM series default assumed — check colours: legend BLACK, background YELLOW",Original PDFs/Warning Signs/Miscellaneous Series MR-WM/mr-wm-50.dwg
MR-WM-51,MR-WM-51 - Please keep this area tidy next disposal point xxx km,intervene/Warning Signs,MR_WM_51_PLEASE_KEEP_THIS_AREA_TIDY_NEXT_DISPOSAL_POINT_XXX_KM_MR-WM-51.svg,900x600 mm,"size from the sheet scale 1:10; 129 closed letter outline(s) filled solid; colours from the sheet's note: legend BLACK, background YELLOW, border BLACK; legend is CAD text on the sheet (MAIN SIGN PANEL AREA = 0.54 SQ, WITH MAIN ROADS SPECIFICATION ): needs setting in the AS 1744 face by hand",Original PDFs/Warning Signs/Miscellaneous Series MR-WM/mr-wm-51.dwg
MR-WM-51,MR-WM-51 - Please keep this area tidy next disposal point xxx km,intervene/Warning Signs,MR_WM_51_PLEASE_KEEP_THIS_AREA_TIDY_NEXT_DISPOSAL_POINT_XXX_KM_VAR2_MR-WM-51.svg,900x600 mm,"size from the sheet scale 1:10; 129 closed letter outline(s) filled solid; colours from the sheet's note: legend BLACK, background YELLOW, border BLACK; legend is CAD text on the sheet (MAIN SIGN PANEL AREA = 0.54 SQ, WITH MAIN ROADS SPECIFICATION ): needs setting in the AS 1744 face by hand",Original PDFs/Warning Signs/Miscellaneous Series MR-WM/mr-wm-51.dwg
MR-WM-51,MR-WM-51 - Please keep this area tidy next disposal point xxx km,intervene/Warning Signs,MR_WM_51_PLEASE_KEEP_THIS_AREA_TIDY_NEXT_DISPOSAL_POINT_XXX_KM_VAR3_MR-WM-51.svg,900x600 mm,"size from the sheet scale 1:10; 129 closed letter outline(s) filled solid; colours from the sheet's note: legend BLACK, background YELLOW, border BLACK; legend is CAD text on the sheet (MAIN SIGN PANEL AREA = 0.54 SQ, WITH MAIN ROADS SPECIFICATION ): needs setting in the AS 1744 face by hand",Original PDFs/Warning Signs/Miscellaneous Series MR-WM/mr-wm-51.dwg
MR-WM-51,MR-WM-51 - Please keep this area tidy next disposal point xxx km,intervene/Warning Signs,MR_WM_51_PLEASE_KEEP_THIS_AREA_TIDY_NEXT_DISPOSAL_POINT_XXX_KM_VAR4_MR-WM-51.svg,598x334 mm,"size from the sheet scale 1:10; 129 closed letter outline(s) filled solid; register size 900x600 mm differs from the drawing (598 x 334 mm) — check; colours from the sheet's note: legend BLACK, background YELLOW, border BLACK; legend is CAD text on the sheet (MAIN SIGN PANEL AREA = 0.54 SQ, WITH MAIN ROADS SPECIFICATION ): needs setting in the AS 1744 face by hand",Original PDFs/Warning Signs/Miscellaneous Series MR-WM/mr-wm-51.dwg
MR-WM-51,MR-WM-51 - Please keep this area tidy next disposal point xxx km,intervene/Warning Signs,MR_WM_51_PLEASE_KEEP_THIS_AREA_TIDY_NEXT_DISPOSAL_POINT_XXX_KM_VAR5_MR-WM-51.svg,426x125 mm,"size from the sheet scale 1:10; 129 closed letter outline(s) filled solid; register size 900x600 mm differs from the drawing (426 x 125 mm) — check; colours from the sheet's note: legend BLACK, background YELLOW, border BLACK; legend is CAD text on the sheet (MAIN SIGN PANEL AREA = 0.54 SQ, WITH MAIN ROADS SPECIFICATION ): needs setting in the AS 1744 face by hand",Original PDFs/Warning Signs/Miscellaneous Series MR-WM/mr-wm-51.dwg
MR-WM-51,MR-WM-51 - Please keep this area tidy next disposal point xxx km,intervene/Warning Signs,MR_WM_51_PLEASE_KEEP_THIS_AREA_TIDY_NEXT_DISPOSAL_POINT_XXX_KM_VAR6_MR-WM-51.svg,406x51 mm,"size from the sheet scale 1:10; 129 closed letter outline(s) filled solid; register size 900x600 mm differs from the drawing (406 x 51 mm) — check; colours from the sheet's note: legend BLACK, background YELLOW, border BLACK; legend is CAD text on the sheet (MAIN SIGN PANEL AREA = 0.54 SQ, WITH MAIN ROADS SPECIFICATION ): needs setting in the AS 1744 face by hand",Original PDFs/Warning Signs/Miscellaneous Series MR-WM/mr-wm-51.dwg
MR-WM-52,MR-WM-52​ - Wide centre line treatment overtaking not permitted,intervene/Warning Signs,MR_WM_52_WIDE_CENTRE_LINE_TREATMENT_OVERTAKING_NOT_PERMITTED_MR-WM-52.svg,1500x1800 mm,"size from the sheet scale 1:15; 2 closed letter outline(s) filled solid; colours from the sheet's note: legend BLACK, background WHITE; legend is CAD text on the sheet (UP TO 110, MEDIUM, SOIL, TYPE…): needs setting in the AS 1744 face by hand",Original PDFs/Warning Signs/Miscellaneous Series MR-WM/mr-wm-52.dwg
MR-WM-52,MR-WM-52​ - Wide centre line treatment overtaking not permitted,intervene/Warning Signs,MR_WM_52_WIDE_CENTRE_LINE_TREATMENT_OVERTAKING_NOT_PERMITTED_VAR2_MR-WM-52.svg,1079x750 mm,"size from the sheet scale 1:15; 2 closed letter outline(s) filled solid; colours from the sheet's note: legend BLACK, background WHITE; legend is CAD text on the sheet (UP TO 110, MEDIUM, SOIL, TYPE…): needs setting in the AS 1744 face by hand",Original PDFs/Warning Signs/Miscellaneous Series MR-WM/mr-wm-52.dwg
MR-WM-52,MR-WM-52​ - Wide centre line treatment overtaking not permitted,intervene/Warning Signs,MR_WM_52_WIDE_CENTRE_LINE_TREATMENT_OVERTAKING_NOT_PERMITTED_VAR3_MR-WM-52.svg,897x500 mm,"size from the sheet scale 1:15; 2 closed letter outline(s) filled solid; colours from the sheet's note: legend BLACK, background WHITE; legend is CAD text on the sheet (UP TO 110, MEDIUM, SOIL, TYPE…): needs setting in the AS 1744 face by hand",Original PDFs/Warning Signs/Miscellaneous Series MR-WM/mr-wm-52.dwg
MR-WM-52,MR-WM-52​ - Wide centre line treatment overtaking not permitted,intervene/Warning Signs,MR_WM_52_WIDE_CENTRE_LINE_TREATMENT_OVERTAKING_NOT_PERMITTED_VAR4_MR-WM-52.svg,980x277 mm,"size from the sheet scale 1:15; 2 closed letter outline(s) filled solid; colours from the sheet's note: legend BLACK, background WHITE; legend is CAD text on the sheet (UP TO 110, MEDIUM, SOIL, TYPE…): needs setting in the AS 1744 face by hand",Original PDFs/Warning Signs/Miscellaneous Series MR-WM/mr-wm-52.dwg
MR-WM-52,MR-WM-52​ - Wide centre line treatment overtaking not permitted,intervene/Warning Signs,MR_WM_52_WIDE_CENTRE_LINE_TREATMENT_OVERTAKING_NOT_PERMITTED_VAR5_MR-WM-52.svg,609x77 mm,"size from the sheet scale 1:15; 2 closed letter outline(s) filled solid; colours from the sheet's note: legend BLACK, background WHITE; legend is CAD text on the sheet (UP TO 110, MEDIUM, SOIL, TYPE…): needs setting in the AS 1744 face by hand",Original PDFs/Warning Signs/Miscellaneous Series MR-WM/mr-wm-52.dwg
MR-WM-53,MR-WM-53 (L) - Wide centre line treatment overtaking permitted when safe,intervene/Warning Signs,MR_WM_53_L_WIDE_CENTRE_LINE_TREATMENT_OVERTAKING_PERMITTED_WHEN_SAFE_MR-WM-53.svg,1500x1800 mm,"size from the sheet scale 1:15; 2 closed letter outline(s) filled solid; colours from the sheet's note: legend BLACK, background WHITE; legend is CAD text on the sheet (UP TO 110, MEDIUM, SOIL, TYPE…): needs setting in the AS 1744 face by hand",Original PDFs/Warning Signs/Miscellaneous Series MR-WM/mr-wm-53-l.dwg
MR-WM-53,MR-WM-53 (L) - Wide centre line treatment overtaking permitted when safe,intervene/Warning Signs,MR_WM_53_L_WIDE_CENTRE_LINE_TREATMENT_OVERTAKING_PERMITTED_WHEN_SAFE_VAR2_MR-WM-53.svg,1150x750 mm,"size from the sheet scale 1:15; 2 closed letter outline(s) filled solid; colours from the sheet's note: legend BLACK, background WHITE; legend is CAD text on the sheet (UP TO 110, MEDIUM, SOIL, TYPE…): needs setting in the AS 1744 face by hand",Original PDFs/Warning Signs/Miscellaneous Series MR-WM/mr-wm-53-l.dwg
MR-WM-53,MR-WM-53 (L) - Wide centre line treatment overtaking permitted when safe,intervene/Warning Signs,MR_WM_53_L_WIDE_CENTRE_LINE_TREATMENT_OVERTAKING_PERMITTED_WHEN_SAFE_VAR3_MR-WM-53.svg,897x500 mm,"size from the sheet scale 1:15; 2 closed letter outline(s) filled solid; colours from the sheet's note: legend BLACK, background WHITE; legend is CAD text on the sheet (UP TO 110, MEDIUM, SOIL, TYPE…): needs setting in the AS 1744 face by hand",Original PDFs/Warning Signs/Miscellaneous Series MR-WM/mr-wm-53-l.dwg
MR-WM-53,MR-WM-53 (L) - Wide centre line treatment overtaking permitted when safe,intervene/Warning Signs,MR_WM_53_L_WIDE_CENTRE_LINE_TREATMENT_OVERTAKING_PERMITTED_WHEN_SAFE_VAR4_MR-WM-53.svg,975x277 mm,"size from the sheet scale 1:15; 2 closed letter outline(s) filled solid; colours from the sheet's note: legend BLACK, background WHITE; legend is CAD text on the sheet (UP TO 110, MEDIUM, SOIL, TYPE…): needs setting in the AS 1744 face by hand",Original PDFs/Warning Signs/Miscellaneous Series MR-WM/mr-wm-53-l.dwg
MR-WM-53,MR-WM-53 (L) - Wide centre line treatment overtaking permitted when safe,intervene/Warning Signs,MR_WM_53_L_WIDE_CENTRE_LINE_TREATMENT_OVERTAKING_PERMITTED_WHEN_SAFE_VAR5_MR-WM-53.svg,610x77 mm,"size from the sheet scale 1:15; 2 closed letter outline(s) filled solid; colours from the sheet's note: legend BLACK, background WHITE; legend is CAD text on the sheet (UP TO 110, MEDIUM, SOIL, TYPE…): needs setting in the AS 1744 face by hand",Original PDFs/Warning Signs/Miscellaneous Series MR-WM/mr-wm-53-l.dwg
MR-WM-53,MR-WM-53 (R)​ - Wide centre line treatment overtaking not permitted,intervene/Warning Signs,MR_WM_53_R_WIDE_CENTRE_LINE_TREATMENT_OVERTAKING_NOT_PERMITTED_MR-WM-53.svg,1500x1800 mm,"size from the sheet scale 1:15; 3 closed letter outline(s) filled solid; colours from the sheet's note: legend BLACK, background WHITE; legend is CAD text on the sheet (UP TO 110, MEDIUM, SOIL, TYPE…): needs setting in the AS 1744 face by hand",Original PDFs/Warning Signs/Miscellaneous Series MR-WM/mr-wm-53-r.dwg
MR-WM-53,MR-WM-53 (R)​ - Wide centre line treatment overtaking not permitted,intervene/Warning Signs,MR_WM_53_R_WIDE_CENTRE_LINE_TREATMENT_OVERTAKING_NOT_PERMITTED_VAR2_MR-WM-53.svg,1150x750 mm,"size from the sheet scale 1:15; 3 closed letter outline(s) filled solid; colours from the sheet's note: legend BLACK, background WHITE; legend is CAD text on the sheet (UP TO 110, MEDIUM, SOIL, TYPE…): needs setting in the AS 1744 face by hand",Original PDFs/Warning Signs/Miscellaneous Series MR-WM/mr-wm-53-r.dwg
MR-WM-53,MR-WM-53 (R)​ - Wide centre line treatment overtaking not permitted,intervene/Warning Signs,MR_WM_53_R_WIDE_CENTRE_LINE_TREATMENT_OVERTAKING_NOT_PERMITTED_VAR3_MR-WM-53.svg,897x500 mm,"size from the sheet scale 1:15; 3 closed letter outline(s) filled solid; colours from the sheet's note: legend BLACK, background WHITE; legend is CAD text on the sheet (UP TO 110, MEDIUM, SOIL, TYPE…): needs setting in the AS 1744 face by hand",Original PDFs/Warning Signs/Miscellaneous Series MR-WM/mr-wm-53-r.dwg
MR-WM-53,MR-WM-53 (R)​ - Wide centre line treatment overtaking not permitted,intervene/Warning Signs,MR_WM_53_R_WIDE_CENTRE_LINE_TREATMENT_OVERTAKING_NOT_PERMITTED_VAR4_MR-WM-53.svg,975x277 mm,"size from the sheet scale 1:15; 3 closed letter outline(s) filled solid; colours from the sheet's note: legend BLACK, background WHITE; legend is CAD text on the sheet (UP TO 110, MEDIUM, SOIL, TYPE…): needs setting in the AS 1744 face by hand",Original PDFs/Warning Signs/Miscellaneous Series MR-WM/mr-wm-53-r.dwg
MR-WM-53,MR-WM-53 (R)​ - Wide centre line treatment overtaking not permitted,intervene/Warning Signs,MR_WM_53_R_WIDE_CENTRE_LINE_TREATMENT_OVERTAKING_NOT_PERMITTED_VAR5_MR-WM-53.svg,610x77 mm,"size from the sheet scale 1:15; 3 closed letter outline(s) filled solid; colours from the sheet's note: legend BLACK, background WHITE; legend is CAD text on the sheet (UP TO 110, MEDIUM, SOIL, TYPE…): needs setting in the AS 1744 face by hand",Original PDFs/Warning Signs/Miscellaneous Series MR-WM/mr-wm-53-r.dwg
MR-WM-54,MR-WM-54 - Wide centre line treatment overtaking permitted when safe,intervene/Warning Signs,MR_WM_54_WIDE_CENTRE_LINE_TREATMENT_OVERTAKING_PERMITTED_WHEN_SAFE_MR-WM-54.svg,1500x1800 mm,"size from the sheet scale 1:15; 2 closed letter outline(s) filled solid; colours from the sheet's note: legend BLACK, background WHITE; legend is CAD text on the sheet (UP TO 110, MEDIUM, SOIL, TYPE…): needs setting in the AS 1744 face by hand",Original PDFs/Warning Signs/Miscellaneous Series MR-WM/mr-wm-54.dwg
MR-WM-54,MR-WM-54 - Wide centre line treatment overtaking permitted when safe,intervene/Warning Signs,MR_WM_54_WIDE_CENTRE_LINE_TREATMENT_OVERTAKING_PERMITTED_WHEN_SAFE_VAR2_MR-WM-54.svg,1150x750 mm,"size from the sheet scale 1:15; 2 closed letter outline(s) filled solid; colours from the sheet's note: legend BLACK, background WHITE; legend is CAD text on the sheet (UP TO 110, MEDIUM, SOIL, TYPE…): needs setting in the AS 1744 face by hand",Original PDFs/Warning Signs/Miscellaneous Series MR-WM/mr-wm-54.dwg
MR-WM-54,MR-WM-54 - Wide centre line treatment overtaking permitted when safe,intervene/Warning Signs,MR_WM_54_WIDE_CENTRE_LINE_TREATMENT_OVERTAKING_PERMITTED_WHEN_SAFE_VAR3_MR-WM-54.svg,897x500 mm,"size from the sheet scale 1:15; 2 closed letter outline(s) filled solid; colours from the sheet's note: legend BLACK, background WHITE; legend is CAD text on the sheet (UP TO 110, MEDIUM, SOIL, TYPE…): needs setting in the AS 1744 face by hand",Original PDFs/Warning Signs/Miscellaneous Series MR-WM/mr-wm-54.dwg
MR-WM-54,MR-WM-54 - Wide centre line treatment overtaking permitted when safe,intervene/Warning Signs,MR_WM_54_WIDE_CENTRE_LINE_TREATMENT_OVERTAKING_PERMITTED_WHEN_SAFE_VAR4_MR-WM-54.svg,880x277 mm,"size from the sheet scale 1:15; 2 closed letter outline(s) filled solid; colours from the sheet's note: legend BLACK, background WHITE; legend is CAD text on the sheet (UP TO 110, MEDIUM, SOIL, TYPE…): needs setting in the AS 1744 face by hand",Original PDFs/Warning Signs/Miscellaneous Series MR-WM/mr-wm-54.dwg
MR-WM-54,MR-WM-54 - Wide centre line treatment overtaking permitted when safe,intervene/Warning Signs,MR_WM_54_WIDE_CENTRE_LINE_TREATMENT_OVERTAKING_PERMITTED_WHEN_SAFE_VAR5_MR-WM-54.svg,610x77 mm,"size from the sheet scale 1:15; 2 closed letter outline(s) filled solid; colours from the sheet's note: legend BLACK, background WHITE; legend is CAD text on the sheet (UP TO 110, MEDIUM, SOIL, TYPE…): needs setting in the AS 1744 face by hand",Original PDFs/Warning Signs/Miscellaneous Series MR-WM/mr-wm-54.dwg
MR-WM-55,MR-WM-55​ - Blasting in area expect delays,Warning Signs,MR_WM_55_BLASTING_IN_AREA_EXPECT_DELAYS_MR-WM-55.svg,2300x900 mm,"size from the sheet scale 1:15; 46 closed letter outline(s) filled solid; colours from the sheet's note: legend BLACK, background YELLOW, border BLACK",Original PDFs/Warning Signs/Miscellaneous Series MR-WM/mr-wm-55.dwg
MR-WM-55,MR-WM-55​ - Blasting in area expect delays,Warning Signs,MR_WM_55_BLASTING_IN_AREA_EXPECT_DELAYS_VAR2_MR-WM-55.svg,897x500 mm,"size from the sheet scale 1:15; 46 closed letter outline(s) filled solid; colours from the sheet's note: legend BLACK, background YELLOW, border BLACK",Original PDFs/Warning Signs/Miscellaneous Series MR-WM/mr-wm-55.dwg
MR-WM-55,MR-WM-55​ - Blasting in area expect delays,Warning Signs,MR_WM_55_BLASTING_IN_AREA_EXPECT_DELAYS_VAR3_MR-WM-55.svg,645x188 mm,"size from the sheet scale 1:15; 46 closed letter outline(s) filled solid; colours from the sheet's note: legend BLACK, background YELLOW, border BLACK",Original PDFs/Warning Signs/Miscellaneous Series MR-WM/mr-wm-55.dwg
MR-WM-55,MR-WM-55​ - Blasting in area expect delays,Warning Signs,MR_WM_55_BLASTING_IN_AREA_EXPECT_DELAYS_VAR4_MR-WM-55.svg,610x77 mm,"size from the sheet scale 1:15; 46 closed letter outline(s) filled solid; colours from the sheet's note: legend BLACK, background YELLOW, border BLACK",Original PDFs/Warning Signs/Miscellaneous Series MR-WM/mr-wm-55.dwg
MR-WM-56,MR-WM-56​ - Caution loose gravel on hardstand​,intervene/Warning Signs,MR_WM_56_CAUTION_LOOSE_GRAVEL_ON_HARDSTAND_MR-WM-56.svg,900x600 mm,"size from the sheet scale 1:10; colours from the sheet's note: legend BLACK, background YELLOW, border BLACK; legend is CAD text on the sheet (CAUTION, LOOSE, GRAVEL ON, HARDSTAND): needs setting in the AS 1744 face by hand",Original PDFs/Warning Signs/Miscellaneous Series MR-WM/mr-wm-56.dwg
MR-WM-56,MR-WM-56​ - Caution loose gravel on hardstand​,intervene/Warning Signs,MR_WM_56_CAUTION_LOOSE_GRAVEL_ON_HARDSTAND_VAR2_MR-WM-56.svg,598x334 mm,"size from the sheet scale 1:10; colours from the sheet's note: legend BLACK, background YELLOW, border BLACK; legend is CAD text on the sheet (CAUTION, LOOSE, GRAVEL ON, HARDSTAND): needs setting in the AS 1744 face by hand",Original PDFs/Warning Signs/Miscellaneous Series MR-WM/mr-wm-56.dwg
MR-WM-56,MR-WM-56​ - Caution loose gravel on hardstand​,intervene/Warning Signs,MR_WM_56_CAUTION_LOOSE_GRAVEL_ON_HARDSTAND_VAR3_MR-WM-56.svg,507x125 mm,"size from the sheet scale 1:10; colours from the sheet's note: legend BLACK, background YELLOW, border BLACK; legend is CAD text on the sheet (CAUTION, LOOSE, GRAVEL ON, HARDSTAND): needs setting in the AS 1744 face by hand",Original PDFs/Warning Signs/Miscellaneous Series MR-WM/mr-wm-56.dwg
MR-WM-56,MR-WM-56​ - Caution loose gravel on hardstand​,intervene/Warning Signs,MR_WM_56_CAUTION_LOOSE_GRAVEL_ON_HARDSTAND_VAR4_MR-WM-56.svg,406x51 mm,"size from the sheet scale 1:10; colours from the sheet's note: legend BLACK, background YELLOW, border BLACK; legend is CAD text on the sheet (CAUTION, LOOSE, GRAVEL ON, HARDSTAND): needs setting in the AS 1744 face by hand",Original PDFs/Warning Signs/Miscellaneous Series MR-WM/mr-wm-56.dwg
MR-WM-2,MR-WM-2-4 - ​Road train route max 60.0m long - take care when overtaking,intervene/Warning Signs,MR_WM_2_4_ROAD_TRAIN_ROUTE_MAX_60_0M_LONG_TAKE_CARE_WHEN_OVERTAKING_MR-WM-2.svg,2500x1786 mm,"size from the register (2500x1800 mm); no scale on the sheet; 3 closed letter outline(s) filled solid; 2 closed letter outline(s) filled solid; no colour note on the sheet: MR-WM series default assumed — check colours: legend BLACK, background YELLOW; legend is CAD text on the sheet (TAKE CARE, WHEN OVERTAKING): needs setting in the AS 1744 face by hand",Original PDFs/Warning Signs/Miscellaneous Series MR-WM/mr-wm-2-4.dwg
MR-WM-3,MR-WM-3-3 - Road trains entering 250 m,Warning Signs,,,no drawing found after removing the sheet furniture,Original PDFs/Warning Signs/Miscellaneous Series MR-WM/mr-wm-3-3.dwg
MR-WM-4,MR-WM-4-3 - Road trains crossing 250m,Warning Signs,,,no drawing found after removing the sheet furniture,Original PDFs/Warning Signs/Miscellaneous Series MR-WM/mr-wm-4-3.dwg
MR-WM-57,MR-WM-57 - Remember 50 in built-up areas,Warning Signs,MR_WM_57_REMEMBER_50_IN_BUILT_UP_AREAS_MR-WM-57.svg,600x800 mm,"size from the register (600x800 mm); no scale on the sheet; no colour note on the sheet: MR-WM series default assumed — check colours: legend BLACK, background YELLOW",Original PDFs/Warning Signs/Miscellaneous Series MR-WM/mr-wm-57.dwg
MR-WM-58,MR-WM-58 - Shut The Gate – Stray Animals Cause Crashes,Warning Signs,MR_WM_58_SHUT_THE_GATE_STRAY_ANIMALS_CAUSE_CRASHES_MR-WM-58.svg,900x450 mm,"size from the register (900x450 mm); no scale on the sheet; no colour note on the sheet: MR-WM series default assumed — check colours: legend BLACK, background YELLOW",Original PDFs/Warning Signs/Miscellaneous Series MR-WM/mr-wm-58-shut-the-gate-stray-animals-cause-crashes.dwg
MR-WM-7,MR-WM-7 - Road subject to speed check,Warning Signs,MR_WM_7_ROAD_SUBJECT_TO_SPEED_CHECK_MR-WM-7.svg,1800x587 mm,"size from the register (1800x600 mm); no scale on the sheet; no colour note on the sheet: MR-WM series default assumed — check colours: legend BLACK, background YELLOW",Original PDFs/Warning Signs/Miscellaneous Series MR-WM/mr-wm-7.dwg
MR-WM-11,MR-WM-11 - Limited water next km,Warning Signs,MR_WM_11_LIMITED_WATER_NEXT_KM_MR-WM-11.svg,2400x1174 mm,"size from the register (2400x1200 mm); no scale on the sheet; 2 closed letter outline(s) filled solid; no colour note on the sheet: MR-WM series default assumed — check colours: legend BLACK, background YELLOW",Original PDFs/Warning Signs/Miscellaneous Series MR-WM/mr-wm-11.dwg
MR-WM-23A,MR-WM-23A - No entry except buses,Warning Signs,MR_WM_23A_NO_ENTRY_EXCEPT_BUSES_MR-WM-23A.svg,3200x1168 mm,"size from the register (3200x1200 mm); no scale on the sheet; no colour note on the sheet: MR-WM series default assumed — check colours: legend BLACK, background YELLOW",Original PDFs/Warning Signs/Miscellaneous Series MR-WM/mr-wm-23a.dwg
MR-WM-22,MR-WM-22 -Buses only (60 degrees up),Warning Signs,MR_WM_22_BUSES_ONLY_60_DEGREES_UP_MR-WM-22.svg,2400x1991 mm,"size from the register (2400x2000 mm); no scale on the sheet; no colour note on the sheet: MR-WM series default assumed — check colours: legend BLACK, background YELLOW",Original PDFs/Warning Signs/Miscellaneous Series MR-WM/mr-wm-22.dwg
MR-WM-13,MR-WM-13 - Ramp speed,Warning Signs,MR_WM_13_RAMP_SPEED_MR-WM-13.svg,1400x1504 mm,"size from the register (1400x1500 mm); no scale on the sheet; no colour note on the sheet: MR-WM series default assumed — check colours: legend BLACK, background YELLOW",Original PDFs/Warning Signs/Miscellaneous Series MR-WM/mr-wm-13.dwg
MR-WM-20,MR-WM-20 - Bus lane (30 degrees down),Warning Signs,MR_WM_20_BUS_LANE_30_DEGREES_DOWN_MR-WM-20.svg,750x904 mm,"size from the register (750x900 mm); no scale on the sheet; no colour note on the sheet: MR-WM series default assumed — check colours: legend BLACK, background YELLOW",Original PDFs/Warning Signs/Miscellaneous Series MR-WM/mr-wm-20.dwg
MR-WM-14,MR-WM-14 - Exit speed,Warning Signs,MR_WM_14_EXIT_SPEED_MR-WM-14.svg,1400x1500 mm,"size from the register (1400x1500 mm); no scale on the sheet; no colour note on the sheet: MR-WM series default assumed — check colours: legend BLACK, background YELLOW",Original PDFs/Warning Signs/Miscellaneous Series MR-WM/mr-wm-14.dwg
MR-WM-23B,MR-WM-23B - No entry except buses,Warning Signs,MR_WM_23B_NO_ENTRY_EXCEPT_BUSES_MR-WM-23B.svg,3600x1166 mm,"size from the register (3600x1200 mm); no scale on the sheet; no colour note on the sheet: MR-WM series default assumed — check colours: legend BLACK, background YELLOW",Original PDFs/Warning Signs/Miscellaneous Series MR-WM/mr-wm-23b.dwg
MR-WM-8,MR-WM-8 - Aerial patrol speed checks,Warning Signs,MR_WM_8_AERIAL_PATROL_SPEED_CHECKS_MR-WM-8.svg,2500x1149 mm,"size from the register (2500x1200 mm); no scale on the sheet; no colour note on the sheet: MR-WM series default assumed — check colours: legend BLACK, background YELLOW",Original PDFs/Warning Signs/Miscellaneous Series MR-WM/mr-wm-8.dwg
MR-WM-8,MR-WM-8 - Aerial patrol speed checks,Warning Signs,MR_WM_8_AERIAL_PATROL_SPEED_CHECKS_VAR2_MR-WM-8.svg,1200x1429 mm,"size from the register (2500x1200 mm); no scale on the sheet; register size 2500x1200 mm differs from the drawing (1200 x 1429 mm) — check; no colour note on the sheet: MR-WM series default assumed — check colours: legend BLACK, background YELLOW",Original PDFs/Warning Signs/Miscellaneous Series MR-WM/mr-wm-8.dwg
MR-WM-3,MR-WM-3-1 (L or R) - Road trains entering 250 m,Warning Signs,MR_WM_3_1_L_OR_R_ROAD_TRAINS_ENTERING_250_M_MR-WM-3.svg,2100x1130 mm,"size from the sheet scale 1:15; 4 closed letter outline(s) filled solid; no colour note on the sheet: MR-WM series default assumed — check colours: legend BLACK, background YELLOW",Original PDFs/Warning Signs/Miscellaneous Series MR-WM/mr-wm-3-1-l-or-r.dwg
MR-WM-3,MR-WM-3-1 (L or R) - Road trains entering 250 m,Warning Signs,MR_WM_3_1_L_OR_R_ROAD_TRAINS_ENTERING_250_M_VAR2_MR-WM-3.svg,2100x1130 mm,"size from the sheet scale 1:15; 4 closed letter outline(s) filled solid; no colour note on the sheet: MR-WM series default assumed — check colours: legend BLACK, background YELLOW",Original PDFs/Warning Signs/Miscellaneous Series MR-WM/mr-wm-3-1-l-or-r.dwg
MR-WM-4,MR-WM-4-1 - Road trains crossing 250m,Warning Signs,MR_WM_4_1_ROAD_TRAINS_CROSSING_250M_MR-WM-4.svg,2100x1116 mm,"size from the register (2100x1200 mm); no scale on the sheet; register size 2100x1200 mm differs from the drawing (2100 x 1116 mm) — check; no colour note on the sheet: MR-WM series default assumed — check colours: legend BLACK, background YELLOW",Original PDFs/Warning Signs/Miscellaneous Series MR-WM/mr-wm-4-1.dwg
MR-WM-24,MR-WM-24 - No entry except buses and taxis,Warning Signs,MR_WM_24_NO_ENTRY_EXCEPT_BUSES_AND_TAXIS_MR-WM-24.svg,3200x1778 mm,"size from the register (3200x1800 mm); no scale on the sheet; no colour note on the sheet: MR-WM series default assumed — check colours: legend BLACK, background YELLOW",Original PDFs/Warning Signs/Miscellaneous Series MR-WM/mr-wm-24.dwg
MR-WM-25,MR-WM-25 - Overhead live wires transperth buses only,intervene/Warning Signs,MR_WM_25_OVERHEAD_LIVE_WIRES_TRANSPERTH_BUSES_ONLY_MR-WM-25.svg,3900x2482 mm,"size from the register (3900x2500 mm); no scale on the sheet; no colour note on the sheet: MR-WM series default assumed — check colours: legend BLACK, background YELLOW; legend is CAD text on the sheet (R, E, G, N…): needs setting in the AS 1744 face by hand",Original PDFs/Warning Signs/Miscellaneous Series MR-WM/mr-wm-25.dwg
MR-WM-18,MR-WM-18 - Way out,Warning Signs,MR_WM_18_WAY_OUT_MR-WM-18.svg,600x807 mm,"size from the register (600x800 mm); no scale on the sheet; no colour note on the sheet: MR-WM series default assumed — check colours: legend BLACK, background YELLOW",Original PDFs/Warning Signs/Miscellaneous Series MR-WM/mr-wm-18.dwg
MR-WM-19,MR-WM-19 - Way out (45 degrees up),Warning Signs,MR_WM_19_WAY_OUT_45_DEGREES_UP_MR-WM-19.svg,600x807 mm,"size from the register (600x800 mm); no scale on the sheet; no colour note on the sheet: MR-WM series default assumed — check colours: legend BLACK, background YELLOW",Original PDFs/Warning Signs/Miscellaneous Series MR-WM/mr-wm-19.dwg
MR-WM-21,MR-WM-21 (L) - Transperth buses only,Warning Signs,MR_WM_21_L_TRANSPERTH_BUSES_ONLY_MR-WM-21.svg,450x607 mm,"size from the register (450x600 mm); no scale on the sheet; no colour note on the sheet: MR-WM series default assumed — check colours: legend BLACK, background YELLOW",Original PDFs/Warning Signs/Miscellaneous Series MR-WM/mr-wm-21-l.dwg
MR-WM-26,MR-WM-26 - Stockpile no. Do not remove materials,Warning Signs,MR_WM_26_STOCKPILE_NO_DO_NOT_REMOVE_MATERIALS_MR-WM-26.svg,532x510 mm,"size from the sheet scale 1:5; 31 closed letter outline(s) filled solid; 2 closed letter outline(s) filled solid; register size 600x600 mm differs from the drawing (532 x 510 mm) — check; no colour note on the sheet: MR-WM series default assumed — check colours: legend BLACK, background YELLOW",Original PDFs/Warning Signs/Miscellaneous Series MR-WM/mr-wm-26.dwg
MR-WM-27,MR-WM-27 - Stockpile no. Keep out,Warning Signs,MR_WM_27_STOCKPILE_NO_KEEP_OUT_MR-WM-27.svg,393x271 mm,"size from the sheet scale 1:5; 31 closed letter outline(s) filled solid; 2 closed letter outline(s) filled solid; register size 600x600 mm differs from the drawing (393 x 271 mm) — check; no colour note on the sheet: MR-WM series default assumed — check colours: legend BLACK, background YELLOW",Original PDFs/Warning Signs/Miscellaneous Series MR-WM/mr-wm-27.dwg
MR-WM-5A,MR-WM-5A - Steep descent 1 km ahead,Warning Signs,MR_WM_5A_STEEP_DESCENT_1_KM_AHEAD_MR-WM-5A.svg,2600x1478 mm,"size from the register (2600x1500 mm); no scale on the sheet; no colour note on the sheet: MR-WM series default assumed — check colours: legend BLACK, background YELLOW",Original PDFs/Warning Signs/Miscellaneous Series MR-WM/mr-wm-5a.dwg
MR-WM-5B,MR-WM-5B - Steep descent 1 km ahead,Warning Signs,MR_WM_5B_STEEP_DESCENT_1_KM_AHEAD_MR-WM-5B.svg,2765x2660 mm,"size from the sheet scale 1:20; register size 2600x1500 mm differs from the drawing (2765 x 2660 mm) — check; no colour note on the sheet: MR-WM series default assumed — check colours: legend BLACK, background YELLOW",Original PDFs/Warning Signs/Miscellaneous Series MR-WM/mr-wm-5b.dwg
MR-WM-5B,MR-WM-5B - Steep descent 1 km ahead,Warning Signs,MR_WM_5B_STEEP_DESCENT_1_KM_AHEAD_VAR2_MR-WM-5B.svg,603x1100 mm,"size from the sheet scale 1:20; register size 2600x1500 mm differs from the drawing (603 x 1100 mm) — check; no colour note on the sheet: MR-WM series default assumed — check colours: legend BLACK, background YELLOW",Original PDFs/Warning Signs/Miscellaneous Series MR-WM/mr-wm-5b.dwg
MR-WM-5B,MR-WM-5B - Steep descent 1 km ahead,Warning Signs,MR_WM_5B_STEEP_DESCENT_1_KM_AHEAD_VAR3_MR-WM-5B.svg,597x1122 mm,"size from the sheet scale 1:20; register size 2600x1500 mm differs from the drawing (597 x 1122 mm) — check; no colour note on the sheet: MR-WM series default assumed — check colours: legend BLACK, background YELLOW",Original PDFs/Warning Signs/Miscellaneous Series MR-WM/mr-wm-5b.dwg
MR-WM-43,MR-WM-43 - Dumping of rubbish,Warning Signs,MR_WM_43_DUMPING_OF_RUBBISH_MR-WM-43.svg,900x600 mm,"size from the sheet scale 1:10; 1 closed letter outline(s) filled solid; 2 closed letter outline(s) filled solid; no colour note on the sheet: MR-WM series default assumed — check colours: legend BLACK, background YELLOW",Original PDFs/Warning Signs/Miscellaneous Series MR-WM/mr-wm-43.dwg
MR-WM-43,MR-WM-43 - Dumping of rubbish,Warning Signs,MR_WM_43_DUMPING_OF_RUBBISH_VAR2_MR-WM-43.svg,302x550 mm,"size from the sheet scale 1:10; 1 closed letter outline(s) filled solid; 2 closed letter outline(s) filled solid; register size 900x600 mm differs from the drawing (302 x 550 mm) — check; no colour note on the sheet: MR-WM series default assumed — check colours: legend BLACK, background YELLOW",Original PDFs/Warning Signs/Miscellaneous Series MR-WM/mr-wm-43.dwg
MR-WM-43,MR-WM-43 - Dumping of rubbish,Warning Signs,MR_WM_43_DUMPING_OF_RUBBISH_VAR3_MR-WM-43.svg,299x561 mm,"size from the sheet scale 1:10; 1 closed letter outline(s) filled solid; 2 closed letter outline(s) filled solid; register size 900x600 mm differs from the drawing (299 x 561 mm) — check; no colour note on the sheet: MR-WM series default assumed — check colours: legend BLACK, background YELLOW",Original PDFs/Warning Signs/Miscellaneous Series MR-WM/mr-wm-43.dwg
MR-WM-31,MR-WM-31 - Trucks please use centre lane,Warning Signs,MR_WM_31_TRUCKS_PLEASE_USE_CENTRE_LANE_MR-WM-31.svg,1800x986 mm,"size from the register (1800x1000 mm); no scale on the sheet; no colour note on the sheet: MR-WM series default assumed — check colours: legend BLACK, background YELLOW",Original PDFs/Warning Signs/Miscellaneous Series MR-WM/mr-wm-31.dwg
MR-WM-32,MR-WM-32 - Trucks please use left lane,Warning Signs,MR_WM_32_TRUCKS_PLEASE_USE_LEFT_LANE_MR-WM-32.svg,1600x989 mm,"size from the register (1600x1000 mm); no scale on the sheet; no colour note on the sheet: MR-WM series default assumed — check colours: legend BLACK, background YELLOW",Original PDFs/Warning Signs/Miscellaneous Series MR-WM/mr-wm-32.dwg
MR-WM-33,MR-WM-33 - Trucks please use left of centre lane,Warning Signs,MR_WM_33_TRUCKS_PLEASE_USE_LEFT_OF_CENTRE_LANE_MR-WM-33.svg,1800x1231 mm,"size from the register (1800x1240 mm); no scale on the sheet; no colour note on the sheet: MR-WM series default assumed — check colours: legend BLACK, background YELLOW",Original PDFs/Warning Signs/Miscellaneous Series MR-WM/mr-wm-33.dwg
MR-WM-38,MR-WM-38 - Keep out danger unstable ground,intervene/Warning Signs,MR_WM_38_KEEP_OUT_DANGER_UNSTABLE_GROUND_MR-WM-38.svg,600x445 mm,"size from the register (600x450 mm); no scale on the sheet; no colour note on the sheet: MR-WM series default assumed — check colours: legend BLACK, background YELLOW; legend is CAD text on the sheet (DANGER): needs setting in the AS 1744 face by hand",Original PDFs/Warning Signs/Miscellaneous Series MR-WM/mr-wm-38.dwg
MR-WM-37,MR-WM-37 - Please keep out batters treated,Warning Signs,MR_WM_37_PLEASE_KEEP_OUT_BATTERS_TREATED_MR-WM-37.svg,900x600 mm,"size from the sheet scale 1:10; 1 closed letter outline(s) filled solid; 2 closed letter outline(s) filled solid; no colour note on the sheet: MR-WM series default assumed — check colours: legend BLACK, background YELLOW",Original PDFs/Warning Signs/Miscellaneous Series MR-WM/mr-wm-37.dwg
MR-WM-36,MR-WM-36 - Off road vehicles prohibited,Warning Signs,MR_WM_36_OFF_ROAD_VEHICLES_PROHIBITED_MR-WM-36.svg,800x600 mm,"size from the sheet scale 1:5; 1 closed letter outline(s) filled solid; 2 closed letter outline(s) filled solid; no colour note on the sheet: MR-WM series default assumed — check colours: legend BLACK, background YELLOW",Original PDFs/Warning Signs/Miscellaneous Series MR-WM/mr-wm-36.dwg
MR-WM-36,MR-WM-36 - Off road vehicles prohibited,Warning Signs,MR_WM_36_OFF_ROAD_VEHICLES_PROHIBITED_VAR2_MR-WM-36.svg,149x281 mm,"size from the sheet scale 1:5; 1 closed letter outline(s) filled solid; 2 closed letter outline(s) filled solid; register size 800x600 mm differs from the drawing (149 x 281 mm) — check; no colour note on the sheet: MR-WM series default assumed — check colours: legend BLACK, background YELLOW",Original PDFs/Warning Signs/Miscellaneous Series MR-WM/mr-wm-36.dwg
MR-WM-41,MR-WM-41 - Bridge speed,Warning Signs,MR_WM_41_BRIDGE_SPEED_MR-WM-41.svg,900x1066 mm,"size from the register (900x1060 mm); no scale on the sheet; no colour note on the sheet: MR-WM series default assumed — check colours: legend BLACK, background YELLOW",Original PDFs/Warning Signs/Miscellaneous Series MR-WM/mr-wm-41.dwg
MR-WM-45,MR-WM-45 - Truck route,Warning Signs,MR_WM_45_TRUCK_ROUTE_MR-WM-45.svg,2300x1200 mm,"size from the register (2300x1200 mm); no scale on the sheet; no colour note on the sheet: MR-WM series default assumed — check colours: legend BLACK, background YELLOW",Original PDFs/Warning Signs/Miscellaneous Series MR-WM/mr-wm-45.dwg
MR-WM-2,MR-WM-2-1 - Road train route max 36.5m long - take care when overtaking,Warning Signs,MR_WM_2_1_ROAD_TRAIN_ROUTE_MAX_36_5M_LONG_TAKE_CARE_WHEN_OVERTAKING_MR-WM-2.svg,2200x1825 mm,"size from the register (2200x1800 mm); no scale on the sheet; 1 closed letter outline(s) filled solid; 1 closed letter outline(s) filled solid; 1 closed letter outline(s) filled solid; 1 closed letter outline(s) filled solid; no colour note on the sheet: MR-WM series default assumed — check colours: legend BLACK, background YELLOW",Original PDFs/Warning Signs/Miscellaneous Series MR-WM/mr-wm-2-1.dwg
MR-WM-2,MR-WM-2-2 - Road train route max 53.5m long - take care when overtaking,Warning Signs,MR_WM_2_2_ROAD_TRAIN_ROUTE_MAX_53_5M_LONG_TAKE_CARE_WHEN_OVERTAKING_MR-WM-2.svg,2200x1825 mm,"size from the register (2200x1800 mm); no scale on the sheet; 1 closed letter outline(s) filled solid; 1 closed letter outline(s) filled solid; 1 closed letter outline(s) filled solid; 1 closed letter outline(s) filled solid; no colour note on the sheet: MR-WM series default assumed — check colours: legend BLACK, background YELLOW",Original PDFs/Warning Signs/Miscellaneous Series MR-WM/mr-wm-2-2.dwg
MR-WDP-6,MR-WDP-6 - School zone ahead,intervene/Warning Signs,MR_WDP_6_SCHOOL_ZONE_AHEAD_MR-WDP-6.svg,600x597 mm,"size from the register (600x600 mm); no scale on the sheet; no colour note on the sheet: MR-WD series default assumed — check colours: legend BLACK, background YELLOW; legend is CAD text on the sheet (SCHOOL ZONE): needs setting in the AS 1744 face by hand",Original PDFs/Warning Signs/Pedestrian Series MR-WDP/mr-wdp-6.dwg
MR-WDRC-3,MR-WDRC-3 - Railway not in use (drop tag),Warning Signs,,,no drawing found after removing the sheet furniture,Original PDFs/Warning Signs/Railway Level Crossing Series MR-WDRC/mr-wdrc-3.dwg
MR-WDO-23,MR-WDO-23 - Horse riders,Warning Signs,MR_WDO_23_HORSE_RIDERS_MR-WDO-23.svg,600x596 mm,"size from the register (600x600 mm); no scale on the sheet; 1 closed letter outline(s) filled solid; 1 closed letter outline(s) filled solid; 1 closed letter outline(s) filled solid; 1 closed letter outline(s) filled solid; no colour note on the sheet: MR-WD series default assumed — check colours: legend BLACK, background YELLOW",Original PDFs/Warning Signs/Road Obstacle Series MR-WDO/mr-wdo-23.dwg
MR-WDO-8,MR-WDO-8 - Ambulances reversing,Warning Signs,,,no drawing found after removing the sheet furniture,Original PDFs/Warning Signs/Road Obstacle Series MR-WDO/mr-wdo-8.dwg
MR-WDO-7,MR-WDO-7 - Vehicles entering,Warning Signs,,,no drawing found after removing the sheet furniture,Original PDFs/Warning Signs/Road Obstacle Series MR-WDO/mr-wdo-7.dwg
MR-WDO-4,MR-WDO-4 - Rough surface,Warning Signs,,,no drawing found after removing the sheet furniture,Original PDFs/Warning Signs/Road Obstacle Series MR-WDO/mr-wdo-4.dwg
MR-WDO-5,MR-WDO-5 - Buses,Warning Signs,MR_WDO_5_BUSES_MR-WDO-5.svg,600x600 mm,"size from the register (600x600 mm); no scale on the sheet; no colour note on the sheet: MR-WD series default assumed — check colours: legend BLACK, background YELLOW",Original PDFs/Warning Signs/Road Obstacle Series MR-WDO/mr-wdo-5.dwg
MR-WDO-11,MR-WDO-11 - Emergency vehicles entering,Warning Signs,,,no drawing found after removing the sheet furniture,Original PDFs/Warning Signs/Road Obstacle Series MR-WDO/mr-wdo-11.dwg
MR-WDO-27,MR-WDO-27 - Bandicoots,Warning Signs,,,no drawing found after removing the sheet furniture,Original PDFs/Warning Signs/Road Obstacle Series MR-WDO/mr-wdo-27.dwg
MR-WDO-18,MR-WDO-18 - Long necked tortoises,Warning Signs,MR_WDO_18_LONG_NECKED_TORTOISES_MR-WDO-18.svg,1024x1024 mm,"size from the sheet scale 1:5; 45 closed letter outline(s) filled solid; register size 600x600 mm differs from the drawing (1024 x 1024 mm) — check; no colour note on the sheet: MR-WD series default assumed — check colours: legend BLACK, background YELLOW",Original PDFs/Warning Signs/Road Obstacle Series MR-WDO/mr-wdo-18.dwg
MR-WDO-18,MR-WDO-18 - Long necked tortoises,Warning Signs,MR_WDO_18_LONG_NECKED_TORTOISES_VAR2_MR-WDO-18.svg,149x281 mm,"size from the sheet scale 1:5; 45 closed letter outline(s) filled solid; register size 600x600 mm differs from the drawing (149 x 281 mm) — check; no colour note on the sheet: MR-WD series default assumed — check colours: legend BLACK, background YELLOW",Original PDFs/Warning Signs/Road Obstacle Series MR-WDO/mr-wdo-18.dwg
MR-WDO-21,MR-WDO-21 - Ducks,Warning Signs,MR_WDO_21_DUCKS_MR-WDO-21.svg,600x600 mm,"size from the register (600x600 mm); no scale on the sheet; 3 closed letter outline(s) filled solid; no colour note on the sheet: MR-WD series default assumed — check colours: legend BLACK, background YELLOW",Original PDFs/Warning Signs/Road Obstacle Series MR-WDO/mr-wdo-21.dwg
MR-WDO-1,MR-WDO-1 - Speed hump 20 kmh,Warning Signs,MR_WDO_1_SPEED_HUMP_20_KMH_MR-WDO-1.svg,600x150 mm,"size from the register (600x600 mm); no scale on the sheet; 1 closed letter outline(s) filled solid; register size 600x600 mm differs from the drawing (600 x 150 mm) — check; no colour note on the sheet: MR-WD series default assumed — check colours: legend BLACK, background YELLOW",Original PDFs/Warning Signs/Road Obstacle Series MR-WDO/mr-wdo-1.dwg
MR-WDO-15,MR-WDO-15 - Narrow sealed roads,intervene/Warning Signs,MR_WDO_15_NARROW_SEALED_ROADS_MR-WDO-15.svg,1029x1024 mm,"size from the sheet scale 1:5; 2 closed letter outline(s) filled solid; register size 600x600 mm differs from the drawing (1029 x 1024 mm) — check; colours from the sheet's note: legend BLACK, background YELLOW; legend is CAD text on the sheet (D.LANDMARK 16.1.09, RETROREFLECTIVE CLASS SPECIFIE, DRIVER ADDED TO SYMBOL.): needs setting in the AS 1744 face by hand",Original PDFs/Warning Signs/Road Obstacle Series MR-WDO/mr-wdo-15.dwg
MR-WDO-15,MR-WDO-15 - Narrow sealed roads,intervene/Warning Signs,MR_WDO_15_NARROW_SEALED_ROADS_VAR2_MR-WDO-15.svg,151x275 mm,"size from the sheet scale 1:5; 2 closed letter outline(s) filled solid; register size 600x600 mm differs from the drawing (151 x 275 mm) — check; colours from the sheet's note: legend BLACK, background YELLOW; legend is CAD text on the sheet (D.LANDMARK 16.1.09, RETROREFLECTIVE CLASS SPECIFIE, DRIVER ADDED TO SYMBOL.): needs setting in the AS 1744 face by hand",Original PDFs/Warning Signs/Road Obstacle Series MR-WDO/mr-wdo-15.dwg
MR-WDO-19,MR-WDO-19 - Waterbirds,Warning Signs,MR_WDO_19_WATERBIRDS_MR-WDO-19.svg,600x710 mm,"size from the register (600x600 mm); no scale on the sheet; register size 600x600 mm differs from the drawing (600 x 710 mm) — check; no colour note on the sheet: MR-WD series default assumed — check colours: legend BLACK, background YELLOW",Original PDFs/Warning Signs/Road Obstacle Series MR-WDO/mr-wdo-19.dwg
MR-WDO-19,MR-WDO-19 - Waterbirds,Warning Signs,MR_WDO_19_WATERBIRDS_VAR2_MR-WDO-19.svg,600x1084 mm,"size from the register (600x600 mm); no scale on the sheet; register size 600x600 mm differs from the drawing (600 x 1084 mm) — check; no colour note on the sheet: MR-WD series default assumed — check colours: legend BLACK, background YELLOW",Original PDFs/Warning Signs/Road Obstacle Series MR-WDO/mr-wdo-19.dwg
MR-WDO-19,MR-WDO-19 - Waterbirds,Warning Signs,MR_WDO_19_WATERBIRDS_VAR3_MR-WDO-19.svg,600x1089 mm,"size from the register (600x600 mm); no scale on the sheet; register size 600x600 mm differs from the drawing (600 x 1089 mm) — check; no colour note on the sheet: MR-WD series default assumed — check colours: legend BLACK, background YELLOW",Original PDFs/Warning Signs/Road Obstacle Series MR-WDO/mr-wdo-19.dwg
MR-WDO-19,MR-WDO-19 - Waterbirds,Warning Signs,MR_WDO_19_WATERBIRDS_VAR4_MR-WDO-19.svg,600x1112 mm,"size from the register (600x600 mm); no scale on the sheet; register size 600x600 mm differs from the drawing (600 x 1112 mm) — check; no colour note on the sheet: MR-WD series default assumed — check colours: legend BLACK, background YELLOW",Original PDFs/Warning Signs/Road Obstacle Series MR-WDO/mr-wdo-19.dwg
MR-WDO-19,MR-WDO-19 - Waterbirds,Warning Signs,MR_WDO_19_WATERBIRDS_VAR5_MR-WDO-19.svg,600x406 mm,"size from the register (600x600 mm); no scale on the sheet; register size 600x600 mm differs from the drawing (600 x 406 mm) — check; no colour note on the sheet: MR-WD series default assumed — check colours: legend BLACK, background YELLOW",Original PDFs/Warning Signs/Road Obstacle Series MR-WDO/mr-wdo-19.dwg
MR-WDO-19,MR-WDO-19 - Waterbirds,Warning Signs,MR_WDO_19_WATERBIRDS_VAR6_MR-WDO-19.svg,600x1197 mm,"size from the register (600x600 mm); no scale on the sheet; register size 600x600 mm differs from the drawing (600 x 1197 mm) — check; no colour note on the sheet: MR-WD series default assumed — check colours: legend BLACK, background YELLOW",Original PDFs/Warning Signs/Road Obstacle Series MR-WDO/mr-wdo-19.dwg
MR-WDO-29,MR-WDO-29 - Owls (used with MR-WDAX-16),Warning Signs,,,no drawing found after removing the sheet furniture,Original PDFs/Warning Signs/Road Obstacle Series MR-WDO/mr-wdo-29.dwg
MR-WDO-33D,MR-WDO-33D - Kangaroos and emus,Warning Signs,MR_WDO_33D_KANGAROOS_AND_EMUS_MR-WDO-33D.svg,1120x563 mm,"no scale on the sheet and no register size; drawn at 1:10 — check; 1 closed letter outline(s) filled solid; no colour note on the sheet: MR-WD series default assumed — check colours: legend BLACK, background YELLOW",Original PDFs/Warning Signs/Road Obstacle Series MR-WDO/mr-wdo-33d.dwg
MR-WDO-34,MR-WDO-34 - Kangaroos and stock,Warning Signs,,,no drawing found after removing the sheet furniture,Original PDFs/Warning Signs/Road Obstacle Series MR-WDO/mr-wdo-34.dwg
MR-WDO-14,MR-WDO-14 - Rumble strip,Warning Signs,MR_WDO_14_RUMBLE_STRIP_MR-WDO-14.svg,600x600 mm,"size from the register (600x600 mm); no scale on the sheet; no colour note on the sheet: MR-WD series default assumed — check colours: legend BLACK, background YELLOW",Original PDFs/Warning Signs/Road Obstacle Series MR-WDO/mr-wdo-14.dwg
MR-WDO-36,MR-WDO-36 - Cockatoos,Warning Signs,,,no drawing found after removing the sheet furniture,Original PDFs/Warning Signs/Road Obstacle Series MR-WDO/mr-wdo-36.dwg
MR-WDO-37,MR-WDO-37​ - Horse drawn vehicle​,Warning Signs,MR_WDO_37_HORSE_DRAWN_VEHICLE_MR-WDO-37.svg,1029x1024 mm,"size from the sheet scale 1:5; 2 closed letter outline(s) filled solid; colours from the sheet's note: legend BLACK, background YELLOW, border BLACK",Original PDFs/Warning Signs/Road Obstacle Series MR-WDO/mr-wdo-37.dwg
MR-WDO-38,MR-WDO-38​ - Caution stray animal in this area 2 symbols,intervene/Warning Signs,MR_WDO_38_CAUTION_STRAY_ANIMAL_IN_THIS_AREA_2_SYMBOLS_MR-WDO-38.svg,2364x2164 mm,"size from the sheet scale 1:20; 28 closed letter outline(s) filled solid; colours from the sheet's note: legend BLACK, background WHITE, border BLACK; legend is CAD text on the sheet (N, O, I, T…): needs setting in the AS 1744 face by hand",Original PDFs/Warning Signs/Road Obstacle Series MR-WDO/mr-wdo-38.dwg
MR-WDO-38,MR-WDO-38​ - Caution stray animal in this area 2 symbols,intervene/Warning Signs,MR_WDO_38_CAUTION_STRAY_ANIMAL_IN_THIS_AREA_2_SYMBOLS_VAR2_MR-WDO-38.svg,1196x667 mm,"size from the sheet scale 1:20; 28 closed letter outline(s) filled solid; colours from the sheet's note: legend BLACK, background WHITE, border BLACK; legend is CAD text on the sheet (N, O, I, T…): needs setting in the AS 1744 face by hand",Original PDFs/Warning Signs/Road Obstacle Series MR-WDO/mr-wdo-38.dwg
MR-WDO-38,MR-WDO-38​ - Caution stray animal in this area 2 symbols,intervene/Warning Signs,MR_WDO_38_CAUTION_STRAY_ANIMAL_IN_THIS_AREA_2_SYMBOLS_VAR3_MR-WDO-38.svg,1480x330 mm,"size from the sheet scale 1:20; 28 closed letter outline(s) filled solid; colours from the sheet's note: legend BLACK, background WHITE, border BLACK; legend is CAD text on the sheet (N, O, I, T…): needs setting in the AS 1744 face by hand",Original PDFs/Warning Signs/Road Obstacle Series MR-WDO/mr-wdo-38.dwg
MR-WDO-38,MR-WDO-38​ - Caution stray animal in this area 2 symbols,intervene/Warning Signs,MR_WDO_38_CAUTION_STRAY_ANIMAL_IN_THIS_AREA_2_SYMBOLS_VAR4_MR-WDO-38.svg,957x312 mm,"size from the sheet scale 1:20; 28 closed letter outline(s) filled solid; colours from the sheet's note: legend BLACK, background WHITE, border BLACK; legend is CAD text on the sheet (N, O, I, T…): needs setting in the AS 1744 face by hand",Original PDFs/Warning Signs/Road Obstacle Series MR-WDO/mr-wdo-38.dwg
MR-WDO-38,MR-WDO-38​ - Caution stray animal in this area 2 symbols,intervene/Warning Signs,MR_WDO_38_CAUTION_STRAY_ANIMAL_IN_THIS_AREA_2_SYMBOLS_VAR5_MR-WDO-38.svg,812x102 mm,"size from the sheet scale 1:20; 28 closed letter outline(s) filled solid; colours from the sheet's note: legend BLACK, background WHITE, border BLACK; legend is CAD text on the sheet (N, O, I, T…): needs setting in the AS 1744 face by hand",Original PDFs/Warning Signs/Road Obstacle Series MR-WDO/mr-wdo-38.dwg
MR-WDO-39,MR-WDO-39 - Caution stray animal in this area 3 symbols,intervene/Warning Signs,MR_WDO_39_CAUTION_STRAY_ANIMAL_IN_THIS_AREA_3_SYMBOLS_MR-WDO-39.svg,2764x2164 mm,"size from the sheet scale 1:20; 28 closed letter outline(s) filled solid; colours from the sheet's note: legend BLACK, background WHITE, border BLACK; legend is CAD text on the sheet (N, O, I, T…): needs setting in the AS 1744 face by hand",Original PDFs/Warning Signs/Road Obstacle Series MR-WDO/mr-wdo-39.dwg
MR-WDO-39,MR-WDO-39 - Caution stray animal in this area 3 symbols,intervene/Warning Signs,MR_WDO_39_CAUTION_STRAY_ANIMAL_IN_THIS_AREA_3_SYMBOLS_VAR2_MR-WDO-39.svg,1196x667 mm,"size from the sheet scale 1:20; 28 closed letter outline(s) filled solid; colours from the sheet's note: legend BLACK, background WHITE, border BLACK; legend is CAD text on the sheet (N, O, I, T…): needs setting in the AS 1744 face by hand",Original PDFs/Warning Signs/Road Obstacle Series MR-WDO/mr-wdo-39.dwg
MR-WDO-39,MR-WDO-39 - Caution stray animal in this area 3 symbols,intervene/Warning Signs,MR_WDO_39_CAUTION_STRAY_ANIMAL_IN_THIS_AREA_3_SYMBOLS_VAR3_MR-WDO-39.svg,1480x330 mm,"size from the sheet scale 1:20; 28 closed letter outline(s) filled solid; colours from the sheet's note: legend BLACK, background WHITE, border BLACK; legend is CAD text on the sheet (N, O, I, T…): needs setting in the AS 1744 face by hand",Original PDFs/Warning Signs/Road Obstacle Series MR-WDO/mr-wdo-39.dwg
MR-WDO-39,MR-WDO-39 - Caution stray animal in this area 3 symbols,intervene/Warning Signs,MR_WDO_39_CAUTION_STRAY_ANIMAL_IN_THIS_AREA_3_SYMBOLS_VAR4_MR-WDO-39.svg,957x312 mm,"size from the sheet scale 1:20; 28 closed letter outline(s) filled solid; colours from the sheet's note: legend BLACK, background WHITE, border BLACK; legend is CAD text on the sheet (N, O, I, T…): needs setting in the AS 1744 face by hand",Original PDFs/Warning Signs/Road Obstacle Series MR-WDO/mr-wdo-39.dwg
MR-WDO-39,MR-WDO-39 - Caution stray animal in this area 3 symbols,intervene/Warning Signs,MR_WDO_39_CAUTION_STRAY_ANIMAL_IN_THIS_AREA_3_SYMBOLS_VAR5_MR-WDO-39.svg,813x102 mm,"size from the sheet scale 1:20; 28 closed letter outline(s) filled solid; colours from the sheet's note: legend BLACK, background WHITE, border BLACK; legend is CAD text on the sheet (N, O, I, T…): needs setting in the AS 1744 face by hand",Original PDFs/Warning Signs/Road Obstacle Series MR-WDO/mr-wdo-39.dwg
MR-WDO-6,MR-WDO-6 - Explosives trucks,Warning Signs,,,no drawing found after removing the sheet furniture,Original PDFs/Warning Signs/Road Obstacle Series MR-WDO/mr-wdo-6.dwg
MR-WDO-12,MR-WDO-12 - Soft shoulders,Warning Signs,,,no drawing found after removing the sheet furniture,Original PDFs/Warning Signs/Road Obstacle Series MR-WDO/mr-wdo-12.dwg
MR-WDO-13,MR-WDO-13 - Strong cross winds,Warning Signs,,,no drawing found after removing the sheet furniture,Original PDFs/Warning Signs/Road Obstacle Series MR-WDO/mr-wdo-13.dwg
MR-WDO-22,MR-WDO-22 - Wildlife crossing,Warning Signs,,,no drawing found after removing the sheet furniture,Original PDFs/Warning Signs/Road Obstacle Series MR-WDO/mr-wdo-22.dwg
MR-WDO-16,MR-WDO-16 - Cows,Warning Signs,,,no drawing found after removing the sheet furniture,Original PDFs/Warning Signs/Road Obstacle Series MR-WDO/mr-wdo-16.dwg
MR-WDO-32,MR-WDO-32-1 - Caution stray animals (roos and stock),Warning Signs,,,no drawing found after removing the sheet furniture,Original PDFs/Warning Signs/Road Obstacle Series MR-WDO/mr-wdo-32-1.dwg
MR-WDO-32,MR-WDO-32-2 - Caution stray animals (roos and emus),intervene/Warning Signs,MR_WDO_32_2_CAUTION_STRAY_ANIMALS_ROOS_AND_EMUS_MR-WDO-32.svg,1081x543 mm,"no scale on the sheet and no register size; drawn at 1:10 — check; 1 closed letter outline(s) filled solid; no colour note on the sheet: MR-WD series default assumed — check colours: legend BLACK, background YELLOW; legend is CAD text on the sheet (N, O, I, T…): needs setting in the AS 1744 face by hand",Original PDFs/Warning Signs/Road Obstacle Series MR-WDO/mr-wdo-32-2.dwg
MR-WDO-32,MR-WDO-32-3 - Caution stray animals (stock),intervene/Warning Signs,MR_WDO_32_3_CAUTION_STRAY_ANIMALS_STOCK_MR-WDO-32.svg,1081x543 mm,"no scale on the sheet and no register size; drawn at 1:10 — check; 1 closed letter outline(s) filled solid; no colour note on the sheet: MR-WD series default assumed — check colours: legend BLACK, background YELLOW; legend is CAD text on the sheet (N, O, I, T…): needs setting in the AS 1744 face by hand",Original PDFs/Warning Signs/Road Obstacle Series MR-WDO/mr-wdo-32-3.dwg
MR-WDRW-1,MR-WDRW-1 - Median opening,Warning Signs,MR_WDRW_1_MEDIAN_OPENING_MR-WDRW-1.svg,600x845 mm,"size from the register (600x600 mm); no scale on the sheet; 3 closed letter outline(s) filled solid; 1 closed letter outline(s) filled solid; 1 closed letter outline(s) filled solid; 1 closed letter outline(s) filled solid; 1 closed letter outline(s) filled solid; register size 600x600 mm differs from the drawing (600 x 845 mm) — check; no colour note on the sheet: MR-WD series default assumed — check colours: legend BLACK, background YELLOW",Original PDFs/Warning Signs/Road Width Low and Narrow Clearance Series MR-WDRW/mr-wdrw-1.dwg
MR-WDRW-1,MR-WDRW-1 - Median opening,Warning Signs,MR_WDRW_1_MEDIAN_OPENING_VAR2_MR-WDRW-1.svg,600x857 mm,"size from the register (600x600 mm); no scale on the sheet; 3 closed letter outline(s) filled solid; 1 closed letter outline(s) filled solid; 1 closed letter outline(s) filled solid; 1 closed letter outline(s) filled solid; 1 closed letter outline(s) filled solid; register size 600x600 mm differs from the drawing (600 x 857 mm) — check; no colour note on the sheet: MR-WD series default assumed — check colours: legend BLACK, background YELLOW",Original PDFs/Warning Signs/Road Width Low and Narrow Clearance Series MR-WDRW/mr-wdrw-1.dwg
MR-WDRW-1,MR-WDRW-1 - Median opening,Warning Signs,MR_WDRW_1_MEDIAN_OPENING_VAR3_MR-WDRW-1.svg,600x865 mm,"size from the register (600x600 mm); no scale on the sheet; 3 closed letter outline(s) filled solid; 1 closed letter outline(s) filled solid; 1 closed letter outline(s) filled solid; 1 closed letter outline(s) filled solid; 1 closed letter outline(s) filled solid; register size 600x600 mm differs from the drawing (600 x 865 mm) — check; no colour note on the sheet: MR-WD series default assumed — check colours: legend BLACK, background YELLOW",Original PDFs/Warning Signs/Road Width Low and Narrow Clearance Series MR-WDRW/mr-wdrw-1.dwg
MR-WSP-13A,MR-WSP-13A - Danger RF radiation hazard,intervene/Warning Signs,MR_WSP_13A_DANGER_RF_RADIATION_HAZARD_MR-WSP-13A.svg,1750x1266 mm,"size from the register (1750x1280 mm); no scale on the sheet; no colour note on the sheet: MR-WS series default assumed — check colours: legend BLACK, background YELLOW; legend is CAD text on the sheet (DANGER): needs setting in the AS 1744 face by hand",Original PDFs/Warning Signs/Special Purpose Series MR-WSP/mr-wsp-13a.dwg
MR-WSP-13B,MR-WSP-13B - Danger RF radiation hazard,intervene/Warning Signs,MR_WSP_13B_DANGER_RF_RADIATION_HAZARD_MR-WSP-13B.svg,2800x2047 mm,"size from the register (2800x2060 mm); no scale on the sheet; no colour note on the sheet: MR-WS series default assumed — check colours: legend BLACK, background YELLOW; legend is CAD text on the sheet (DANGER): needs setting in the AS 1744 face by hand",Original PDFs/Warning Signs/Special Purpose Series MR-WSP/mr-wsp-13b.dwg
MR-WSP-13C,MR-WSP-13C - Danger RF radiation hazard,intervene/Warning Signs,MR_WSP_13C_DANGER_RF_RADIATION_HAZARD_MR-WSP-13C.svg,3500x2544 mm,"size from the register (3500x2560 mm); no scale on the sheet; no colour note on the sheet: MR-WS series default assumed — check colours: legend BLACK, background YELLOW; legend is CAD text on the sheet (DANGER): needs setting in the AS 1744 face by hand",Original PDFs/Warning Signs/Special Purpose Series MR-WSP/mr-wsp-13c.dwg
MR-WSP-14,MR-WSP-14 - Emergency air strip,Warning Signs,MR_WSP_14_EMERGENCY_AIR_STRIP_MR-WSP-14.svg,3000x2390 mm,"size from the register (3000x2400 mm); no scale on the sheet; no colour note on the sheet: MR-WS series default assumed — check colours: legend BLACK, background YELLOW",Original PDFs/Warning Signs/Special Purpose Series MR-WSP/mr-wsp-14.dwg
MR-WSP-15,MR-WSP-15 - Check road and water conditions when flooded,intervene/Warning Signs,MR_WSP_15_CHECK_ROAD_AND_WATER_CONDITIONS_WHEN_FLOODED_MR-WSP-15.svg,2500x1401 mm,"size from the register (2500x1400 mm); no scale on the sheet; no colour note on the sheet: MR-WS series default assumed — check colours: legend BLACK, background YELLOW; legend is CAD text on the sheet (DANGER): needs setting in the AS 1744 face by hand",Original PDFs/Warning Signs/Special Purpose Series MR-WSP/mr-wsp-15.dwg
MR-WSP-9,MR-WSP-9 - Danger stop engine no smoking no naked lights,intervene/Warning Signs,MR_WSP_9_DANGER_STOP_ENGINE_NO_SMOKING_NO_NAKED_LIGHTS_MR-WSP-9.svg,850x594 mm,"size from the register (850x600 mm); no scale on the sheet; no colour note on the sheet: MR-WS series default assumed — check colours: legend BLACK, background YELLOW; legend is CAD text on the sheet (DANGER): needs setting in the AS 1744 face by hand",Original PDFs/Warning Signs/Special Purpose Series MR-WSP/mr-wsp-9.dwg
MR-WSP-10,MR-WSP-10 - Danger flammable liquids,intervene/Warning Signs,MR_WSP_10_DANGER_FLAMMABLE_LIQUIDS_MR-WSP-10.svg,850x594 mm,"size from the register (850x600 mm); no scale on the sheet; no colour note on the sheet: MR-WS series default assumed — check colours: legend BLACK, background YELLOW; legend is CAD text on the sheet (DANGER): needs setting in the AS 1744 face by hand",Original PDFs/Warning Signs/Special Purpose Series MR-WSP/mr-wsp-10.dwg
MR-WSP-16,MR-WSP-16 - Danger off road area surface conditions change often,intervene/Warning Signs,MR_WSP_16_DANGER_OFF_ROAD_AREA_SURFACE_CONDITIONS_CHANGE_OFTEN_MR-WSP-16.svg,870x1170 mm,"size from the sheet scale 1:10; 11 closed letter outline(s) filled solid; no colour note on the sheet: MR-WS series default assumed — check colours: legend BLACK, background YELLOW; legend is CAD text on the sheet (DANGER, E, V, I…): needs setting in the AS 1744 face by hand",Original PDFs/Warning Signs/Special Purpose Series MR-WSP/mr-wsp-16.dwg
MR-WSP-18,MR-WSP-18 - Reduce speed now traffic signals ahead,Warning Signs,,,no drawing found after removing the sheet furniture,Original PDFs/Warning Signs/Special Purpose Series MR-WSP/mr-wsp-18.dwg
MR-WSP-19,MR-WSP-19 - Danger - refuelling in progress,intervene/Warning Signs,MR_WSP_19_DANGER_REFUELLING_IN_PROGRESS_MR-WSP-19.svg,1200x900 mm,"no scale on the sheet and no register size; drawn at 1:10 — check; no colour note on the sheet: MR-WS series default assumed — check colours: legend BLACK, background YELLOW; legend is CAD text on the sheet (DANGER): needs setting in the AS 1744 face by hand",Original PDFs/Warning Signs/Special Purpose Series MR-WSP/mr-wsp-19.dwg
MR-WSP-20,MR-WSP-20 - Danger - mine shaft holes in vicinity​,intervene/Warning Signs,MR_WSP_20_DANGER_MINE_SHAFT_HOLES_IN_VICINITY_MR-WSP-20.svg,600x450 mm,"size from the sheet scale 1:5; 1 closed letter outline(s) filled solid; no colour note on the sheet: MR-WS series default assumed — check colours: legend BLACK, background YELLOW; legend is CAD text on the sheet (WHITE CL1 RETROREFLECTIVE, RED CL1 RETROREFLECTIVE BACKGR, 10mm WHITE CL1 RETROREFLECTIVE, BLACK LEGEND AND SYMBOL…): needs setting in the AS 1744 face by hand",Original PDFs/Warning Signs/Special Purpose Series MR-WSP/mr-wsp-20.dwg
MR-WSP-5,MR-WSP-5 - Flammable,Warning Signs,MR_WSP_5_FLAMMABLE_MR-WSP-5.svg,300x509 mm,"size from the register (750x300 mm); no scale on the sheet; register size 750x300 mm differs from the drawing (300 x 509 mm) — check; no colour note on the sheet: MR-WS series default assumed — check colours: legend BLACK, background YELLOW",Original PDFs/Warning Signs/Special Purpose Series MR-WSP/mr-wsp-5.dwg
MR-WSP-5,MR-WSP-5 - Flammable,Warning Signs,MR_WSP_5_FLAMMABLE_VAR2_MR-WSP-5.svg,300x538 mm,"size from the register (750x300 mm); no scale on the sheet; register size 750x300 mm differs from the drawing (300 x 538 mm) — check; no colour note on the sheet: MR-WS series default assumed — check colours: legend BLACK, background YELLOW",Original PDFs/Warning Signs/Special Purpose Series MR-WSP/mr-wsp-5.dwg
MR-WSP-5,MR-WSP-5 - Flammable,Warning Signs,MR_WSP_5_FLAMMABLE_VAR3_MR-WSP-5.svg,300x602 mm,"size from the register (750x300 mm); no scale on the sheet; register size 750x300 mm differs from the drawing (300 x 602 mm) — check; no colour note on the sheet: MR-WS series default assumed — check colours: legend BLACK, background YELLOW",Original PDFs/Warning Signs/Special Purpose Series MR-WSP/mr-wsp-5.dwg
MR-WSP-5,MR-WSP-5 - Flammable,Warning Signs,MR_WSP_5_FLAMMABLE_VAR4_MR-WSP-5.svg,300x660 mm,"size from the register (750x300 mm); no scale on the sheet; register size 750x300 mm differs from the drawing (300 x 660 mm) — check; no colour note on the sheet: MR-WS series default assumed — check colours: legend BLACK, background YELLOW",Original PDFs/Warning Signs/Special Purpose Series MR-WSP/mr-wsp-5.dwg
MR-WSP-7,MR-WSP-7 - Exposed high voltage lines,intervene/Warning Signs,MR_WSP_7_EXPOSED_HIGH_VOLTAGE_LINES_MR-WSP-7.svg,450x525 mm,"size from the register (450x450 mm); no scale on the sheet; register size 450x450 mm differs from the drawing (450 x 525 mm) — check; no colour note on the sheet: MR-WS series default assumed — check colours: legend BLACK, background YELLOW; legend is CAD text on the sheet (DANGER): needs setting in the AS 1744 face by hand",Original PDFs/Warning Signs/Special Purpose Series MR-WSP/mr-wsp-7.dwg
MR-WSP-7,MR-WSP-7 - Exposed high voltage lines,intervene/Warning Signs,MR_WSP_7_EXPOSED_HIGH_VOLTAGE_LINES_VAR2_MR-WSP-7.svg,450x551 mm,"size from the register (450x450 mm); no scale on the sheet; register size 450x450 mm differs from the drawing (450 x 551 mm) — check; no colour note on the sheet: MR-WS series default assumed — check colours: legend BLACK, background YELLOW; legend is CAD text on the sheet (DANGER): needs setting in the AS 1744 face by hand",Original PDFs/Warning Signs/Special Purpose Series MR-WSP/mr-wsp-7.dwg
MR-WSP-7,MR-WSP-7 - Exposed high voltage lines,intervene/Warning Signs,MR_WSP_7_EXPOSED_HIGH_VOLTAGE_LINES_VAR3_MR-WSP-7.svg,450x637 mm,"size from the register (450x450 mm); no scale on the sheet; register size 450x450 mm differs from the drawing (450 x 637 mm) — check; no colour note on the sheet: MR-WS series default assumed — check colours: legend BLACK, background YELLOW; legend is CAD text on the sheet (DANGER): needs setting in the AS 1744 face by hand",Original PDFs/Warning Signs/Special Purpose Series MR-WSP/mr-wsp-7.dwg
MR-WSP-7,MR-WSP-7 - Exposed high voltage lines,intervene/Warning Signs,MR_WSP_7_EXPOSED_HIGH_VOLTAGE_LINES_VAR4_MR-WSP-7.svg,450x638 mm,"size from the register (450x450 mm); no scale on the sheet; register size 450x450 mm differs from the drawing (450 x 638 mm) — check; no colour note on the sheet: MR-WS series default assumed — check colours: legend BLACK, background YELLOW; legend is CAD text on the sheet (DANGER): needs setting in the AS 1744 face by hand",Original PDFs/Warning Signs/Special Purpose Series MR-WSP/mr-wsp-7.dwg
MR-WSP-7,MR-WSP-7 - Exposed high voltage lines,intervene/Warning Signs,MR_WSP_7_EXPOSED_HIGH_VOLTAGE_LINES_VAR5_MR-WSP-7.svg,450x670 mm,"size from the register (450x450 mm); no scale on the sheet; register size 450x450 mm differs from the drawing (450 x 670 mm) — check; no colour note on the sheet: MR-WS series default assumed — check colours: legend BLACK, background YELLOW; legend is CAD text on the sheet (DANGER): needs setting in the AS 1744 face by hand",Original PDFs/Warning Signs/Special Purpose Series MR-WSP/mr-wsp-7.dwg
MR-WSP-7,MR-WSP-7 - Exposed high voltage lines,intervene/Warning Signs,MR_WSP_7_EXPOSED_HIGH_VOLTAGE_LINES_VAR6_MR-WSP-7.svg,450x677 mm,"size from the register (450x450 mm); no scale on the sheet; register size 450x450 mm differs from the drawing (450 x 677 mm) — check; no colour note on the sheet: MR-WS series default assumed — check colours: legend BLACK, background YELLOW; legend is CAD text on the sheet (DANGER): needs setting in the AS 1744 face by hand",Original PDFs/Warning Signs/Special Purpose Series MR-WSP/mr-wsp-7.dwg
MR-WSP-7,MR-WSP-7 - Exposed high voltage lines,intervene/Warning Signs,MR_WSP_7_EXPOSED_HIGH_VOLTAGE_LINES_VAR7_MR-WSP-7.svg,450x713 mm,"size from the register (450x450 mm); no scale on the sheet; register size 450x450 mm differs from the drawing (450 x 713 mm) — check; no colour note on the sheet: MR-WS series default assumed — check colours: legend BLACK, background YELLOW; legend is CAD text on the sheet (DANGER): needs setting in the AS 1744 face by hand",Original PDFs/Warning Signs/Special Purpose Series MR-WSP/mr-wsp-7.dwg
MR-WSP-7,MR-WSP-7 - Exposed high voltage lines,intervene/Warning Signs,MR_WSP_7_EXPOSED_HIGH_VOLTAGE_LINES_VAR8_MR-WSP-7.svg,450x721 mm,"size from the register (450x450 mm); no scale on the sheet; register size 450x450 mm differs from the drawing (450 x 721 mm) — check; no colour note on the sheet: MR-WS series default assumed — check colours: legend BLACK, background YELLOW; legend is CAD text on the sheet (DANGER): needs setting in the AS 1744 face by hand",Original PDFs/Warning Signs/Special Purpose Series MR-WSP/mr-wsp-7.dwg
MR-WSP-7,MR-WSP-7 - Exposed high voltage lines,intervene/Warning Signs,MR_WSP_7_EXPOSED_HIGH_VOLTAGE_LINES_VAR9_MR-WSP-7.svg,450x763 mm,"size from the register (450x450 mm); no scale on the sheet; register size 450x450 mm differs from the drawing (450 x 763 mm) — check; no colour note on the sheet: MR-WS series default assumed — check colours: legend BLACK, background YELLOW; legend is CAD text on the sheet (DANGER): needs setting in the AS 1744 face by hand",Original PDFs/Warning Signs/Special Purpose Series MR-WSP/mr-wsp-7.dwg
MR-WSP-7,MR-WSP-7 - Exposed high voltage lines,intervene/Warning Signs,MR_WSP_7_EXPOSED_HIGH_VOLTAGE_LINES_VAR10_MR-WSP-7.svg,450x140 mm,"size from the register (450x450 mm); no scale on the sheet; register size 450x450 mm differs from the drawing (450 x 140 mm) — check; no colour note on the sheet: MR-WS series default assumed — check colours: legend BLACK, background YELLOW; legend is CAD text on the sheet (DANGER): needs setting in the AS 1744 face by hand",Original PDFs/Warning Signs/Special Purpose Series MR-WSP/mr-wsp-7.dwg
MR-WSP-6,MR-WSP-6 - Keep out high voltage,intervene/Warning Signs,MR_WSP_6_KEEP_OUT_HIGH_VOLTAGE_MR-WSP-6.svg,1200x895 mm,"size from the register (1200x900 mm); no scale on the sheet; no colour note on the sheet: MR-WS series default assumed — check colours: legend BLACK, background YELLOW; legend is CAD text on the sheet (DANGER): needs setting in the AS 1744 face by hand",Original PDFs/Warning Signs/Special Purpose Series MR-WSP/mr-wsp-6.dwg
MR-WSP-8,MR-WSP-8 - No smoking within 30m,intervene/Warning Signs,MR_WSP_8_NO_SMOKING_WITHIN_30M_MR-WSP-8.svg,850x594 mm,"size from the register (850x600 mm); no scale on the sheet; no colour note on the sheet: MR-WS series default assumed — check colours: legend BLACK, background YELLOW; legend is CAD text on the sheet (DANGER): needs setting in the AS 1744 face by hand",Original PDFs/Warning Signs/Special Purpose Series MR-WSP/mr-wsp-8.dwg
MR-WSP-2,MR-WSP-2 - Road subject to flash floods,Warning Signs,MR_WSP_2_ROAD_SUBJECT_TO_FLASH_FLOODS_MR-WSP-2.svg,2050x727 mm,"size from the register (2050x740 mm); no scale on the sheet; no colour note on the sheet: MR-WS series default assumed — check colours: legend BLACK, background YELLOW",Original PDFs/Warning Signs/Special Purpose Series MR-WSP/mr-wsp-2.dwg
MR-WSP-1,MR-WSP-1 - Warning to cyclists,Warning Signs,MR_WSP_1_WARNING_TO_CYCLISTS_MR-WSP-1.svg,1600x587 mm,"size from the register (1600x600 mm); no scale on the sheet; no colour note on the sheet: MR-WS series default assumed — check colours: legend BLACK, background YELLOW",Original PDFs/Warning Signs/Special Purpose Series MR-WSP/mr-wsp-1.dwg
MR-WSP-11,MR-WSP-11 - Danger spray painting,intervene/Warning Signs,MR_WSP_11_DANGER_SPRAY_PAINTING_MR-WSP-11.svg,600x450 mm,"size from the register (600x450 mm); no scale on the sheet; no colour note on the sheet: MR-WS series default assumed — check colours: legend BLACK, background YELLOW; legend is CAD text on the sheet (DANGER): needs setting in the AS 1744 face by hand",Original PDFs/Warning Signs/Special Purpose Series MR-WSP/mr-wsp-11.dwg
MR-WSP-12,MR-WSP-12 - Danger fuel tank,intervene/Warning Signs,MR_WSP_12_DANGER_FUEL_TANK_MR-WSP-12.svg,600x445 mm,"size from the register (600x450 mm); no scale on the sheet; no colour note on the sheet: MR-WS series default assumed — check colours: legend BLACK, background YELLOW; legend is CAD text on the sheet (DANGER): needs setting in the AS 1744 face by hand",Original PDFs/Warning Signs/Special Purpose Series MR-WSP/mr-wsp-12.dwg
MR-WSP-17A,MR-WSP-17A - Special warning sign reduce speed,intervene/Warning Signs,MR_WSP_17A_SPECIAL_WARNING_SIGN_REDUCE_SPEED_MR-WSP-17A.svg,1250x1900 mm,"size from the sheet scale 1:15; 11 closed letter outline(s) filled solid; register size 1000x1500 mm differs from the drawing (1250 x 1900 mm) — check; no colour note on the sheet: MR-WS series default assumed — check colours: legend BLACK, background YELLOW; legend is CAD text on the sheet (E, C, U, D…): needs setting in the AS 1744 face by hand",Original PDFs/Warning Signs/Special Purpose Series MR-WSP/mr-wsp-17a.dwg
MR-WSP-17B,MR-WSP-17B - Special warning sign reduce speed,intervene/Warning Signs,MR_WSP_17B_SPECIAL_WARNING_SIGN_REDUCE_SPEED_MR-WSP-17B.svg,1250x1900 mm,"size from the sheet scale 1:15; 11 closed letter outline(s) filled solid; no colour note on the sheet: MR-WS series default assumed — check colours: legend BLACK, background YELLOW; legend is CAD text on the sheet (E, C, U, D…): needs setting in the AS 1744 face by hand",Original PDFs/Warning Signs/Special Purpose Series MR-WSP/mr-wsp-17b.dwg
MR-WSP-17C,MR-WSP-17C - Special warning sign reduce speed,intervene/Warning Signs,MR_WSP_17C_SPECIAL_WARNING_SIGN_REDUCE_SPEED_MR-WSP-17C.svg,1250x1900 mm,"size from the sheet scale 1:15; 11 closed letter outline(s) filled solid; register size 1500x2250 mm differs from the drawing (1250 x 1900 mm) — check; no colour note on the sheet: MR-WS series default assumed — check colours: legend BLACK, background YELLOW; legend is CAD text on the sheet (E, C, U, D…): needs setting in the AS 1744 face by hand",Original PDFs/Warning Signs/Special Purpose Series MR-WSP/mr-wsp-17c.dwg
MR-WSP-17D,MR-WSP-17D - Special warning sign reduce speed,intervene/Warning Signs,MR_WSP_17D_SPECIAL_WARNING_SIGN_REDUCE_SPEED_MR-WSP-17D.svg,1250x1900 mm,"size from the sheet scale 1:15; 11 closed letter outline(s) filled solid; register size 2000x3000 mm differs from the drawing (1250 x 1900 mm) — check; no colour note on the sheet: MR-WS series default assumed — check colours: legend BLACK, background YELLOW; legend is CAD text on the sheet (E, C, U, D…): needs setting in the AS 1744 face by hand",Original PDFs/Warning Signs/Special Purpose Series MR-WSP/mr-wsp-17d.dwg
MR-WSP-21,MR-WSP-21​ - ​Reduce speed now to xx kmh,intervene/Warning Signs,MR_WSP_21_REDUCE_SPEED_NOW_TO_XX_KMH_MR-WSP-21.svg,2600x3120 mm,"size from the sheet scale 1:30; 1 closed letter outline(s) filled solid; colours from the sheet's note: legend WHITE, background RED; legend is CAD text on the sheet (SPEED LIMIT VARIES, MED, SOIL, TYPE…): needs setting in the AS 1744 face by hand",Original PDFs/Warning Signs/Special Purpose Series MR-WSP/mr-wsp-21.dwg
