code,title,section,family,vector_set,eps,jpg,svg
101,Gefahrstelle,Gefahrzeichen nach Anlage 1 (zu § 40 Absatz 6 und 7 StVO),Gefahrzeichen (warning),Musterdateien,Musterdateien/eps/101.EPS,101.jpg,GEFAHRSTELLE_101.svg
101-10,Flugbetrieb - Aufstellung rechts,Gefahrzeichen nach Anlage 1 (zu § 40 Absatz 6 und 7 StVO),Gefahrzeichen (warning),,,101-10.jpg,
101-11,Fußgängerüberweg - Aufstellung rechts,Gefahrzeichen nach Anlage 1 (zu § 40 Absatz 6 und 7 StVO),Gefahrzeichen (warning),,,101-11.jpg,
101-12,Viehtrieb - Aufstellung rechts,Gefahrzeichen nach Anlage 1 (zu § 40 Absatz 6 und 7 StVO),Gefahrzeichen (warning),,,101-12.jpg,
101-13,Reiter - Aufstellung rechts,Gefahrzeichen nach Anlage 1 (zu § 40 Absatz 6 und 7 StVO),Gefahrzeichen (warning),,,101-13.jpg,
101-14,Amphibienwanderung - Aufstellung rechts,Gefahrzeichen nach Anlage 1 (zu § 40 Absatz 6 und 7 StVO),Gefahrzeichen (warning),,,101-14.jpg,
101-15,Steinschlag - Aufstellung rechts,Gefahrzeichen nach Anlage 1 (zu § 40 Absatz 6 und 7 StVO),Gefahrzeichen (warning),,,101-15.jpg,
101-20,Flugbetrieb - Aufstellung links,Gefahrzeichen nach Anlage 1 (zu § 40 Absatz 6 und 7 StVO),Gefahrzeichen (warning),,,101-20.jpg,
101-21,Fußgängerüberweg - Aufstellung links,Gefahrzeichen nach Anlage 1 (zu § 40 Absatz 6 und 7 StVO),Gefahrzeichen (warning),,,101-21.jpg,
101-22,Viehtrieb - Aufstellung links,Gefahrzeichen nach Anlage 1 (zu § 40 Absatz 6 und 7 StVO),Gefahrzeichen (warning),,,101-22.jpg,
101-23,Reiter - Aufstellung links,Gefahrzeichen nach Anlage 1 (zu § 40 Absatz 6 und 7 StVO),Gefahrzeichen (warning),,,101-23.jpg,
101-24,Amphibienwanderung - Aufstellung links,Gefahrzeichen nach Anlage 1 (zu § 40 Absatz 6 und 7 StVO),Gefahrzeichen (warning),,,101-24.jpg,
101-25,Steinschlag - Aufstellung links,Gefahrzeichen nach Anlage 1 (zu § 40 Absatz 6 und 7 StVO),Gefahrzeichen (warning),,,101-25.jpg,
101-51,Schnee- oder Eisglätte,Gefahrzeichen nach Anlage 1 (zu § 40 Absatz 6 und 7 StVO),Gefahrzeichen (warning),,,101-51.jpg,
101-52,"Splitt, Schotter",Gefahrzeichen nach Anlage 1 (zu § 40 Absatz 6 und 7 StVO),Gefahrzeichen (warning),,,101-52.jpg,
101-53,Ufer,Gefahrzeichen nach Anlage 1 (zu § 40 Absatz 6 und 7 StVO),Gefahrzeichen (warning),,,101-53.jpg,
101-54,Unzureichendes Lichtraumprofil,Gefahrzeichen nach Anlage 1 (zu § 40 Absatz 6 und 7 StVO),Gefahrzeichen (warning),,,101-54.jpg,
101-55,Bewegliche Brücke,Gefahrzeichen nach Anlage 1 (zu § 40 Absatz 6 und 7 StVO),Gefahrzeichen (warning),,,101-55.jpg,
102,Kreuzung oder Einmündung,Gefahrzeichen nach Anlage 1 (zu § 40 Absatz 6 und 7 StVO),Gefahrzeichen (warning),,,102.jpg,
103,Kurve,Gefahrzeichen nach Anlage 1 (zu § 40 Absatz 6 und 7 StVO),Gefahrzeichen (warning),,,,
103-10,Kurve - links,Gefahrzeichen nach Anlage 1 (zu § 40 Absatz 6 und 7 StVO),Gefahrzeichen (warning),,,103-10.jpg,
103-20,Kurve - rechts,Gefahrzeichen nach Anlage 1 (zu § 40 Absatz 6 und 7 StVO),Gefahrzeichen (warning),,,103-20.jpg,
105,Doppelkurve,Gefahrzeichen nach Anlage 1 (zu § 40 Absatz 6 und 7 StVO),Gefahrzeichen (warning),,,,
105-10,Doppelkurve - zunächst links,Gefahrzeichen nach Anlage 1 (zu § 40 Absatz 6 und 7 StVO),Gefahrzeichen (warning),,,105-10.jpg,
105-20,Doppelkurve - zunächst rechts,Gefahrzeichen nach Anlage 1 (zu § 40 Absatz 6 und 7 StVO),Gefahrzeichen (warning),,,105-20.jpg,
108,Gefälle,Gefahrzeichen nach Anlage 1 (zu § 40 Absatz 6 und 7 StVO),Gefahrzeichen (warning),,,,
108-4,Gefälle 4%,Gefahrzeichen nach Anlage 1 (zu § 40 Absatz 6 und 7 StVO),Gefahrzeichen (warning),,,108-4.jpg,
108-5,Gefälle 5%,Gefahrzeichen nach Anlage 1 (zu § 40 Absatz 6 und 7 StVO),Gefahrzeichen (warning),,,108-5.jpg,
108-6,Gefälle 6%,Gefahrzeichen nach Anlage 1 (zu § 40 Absatz 6 und 7 StVO),Gefahrzeichen (warning),,,108-6.jpg,
108-7,Gefälle 7%,Gefahrzeichen nach Anlage 1 (zu § 40 Absatz 6 und 7 StVO),Gefahrzeichen (warning),,,108-7.jpg,
108-8,Gefälle 8%,Gefahrzeichen nach Anlage 1 (zu § 40 Absatz 6 und 7 StVO),Gefahrzeichen (warning),,,108-8.jpg,
108-9,Gefälle 9%,Gefahrzeichen nach Anlage 1 (zu § 40 Absatz 6 und 7 StVO),Gefahrzeichen (warning),,,108-9.jpg,
108-10,Gefälle 10%,Gefahrzeichen nach Anlage 1 (zu § 40 Absatz 6 und 7 StVO),Gefahrzeichen (warning),,,108-10.jpg,
108-11,Gefälle 11%,Gefahrzeichen nach Anlage 1 (zu § 40 Absatz 6 und 7 StVO),Gefahrzeichen (warning),,,108-11.jpg,
108-12,Gefälle 12%,Gefahrzeichen nach Anlage 1 (zu § 40 Absatz 6 und 7 StVO),Gefahrzeichen (warning),,,108-12.jpg,
108-13,Gefälle 13%,Gefahrzeichen nach Anlage 1 (zu § 40 Absatz 6 und 7 StVO),Gefahrzeichen (warning),,,108-13.jpg,
108-14,Gefälle 14%,Gefahrzeichen nach Anlage 1 (zu § 40 Absatz 6 und 7 StVO),Gefahrzeichen (warning),,,108-14.jpg,
108-15,Gefälle 15%,Gefahrzeichen nach Anlage 1 (zu § 40 Absatz 6 und 7 StVO),Gefahrzeichen (warning),,,108-15.jpg,
108-16,Gefälle 16%,Gefahrzeichen nach Anlage 1 (zu § 40 Absatz 6 und 7 StVO),Gefahrzeichen (warning),,,108-16.jpg,
108-17,Gefälle 17%,Gefahrzeichen nach Anlage 1 (zu § 40 Absatz 6 und 7 StVO),Gefahrzeichen (warning),,,108-17.jpg,
108-18,Gefälle 18%,Gefahrzeichen nach Anlage 1 (zu § 40 Absatz 6 und 7 StVO),Gefahrzeichen (warning),,,108-18.jpg,
108-19,Gefälle 19%,Gefahrzeichen nach Anlage 1 (zu § 40 Absatz 6 und 7 StVO),Gefahrzeichen (warning),,,108-19.jpg,
108-20,Gefälle 20%,Gefahrzeichen nach Anlage 1 (zu § 40 Absatz 6 und 7 StVO),Gefahrzeichen (warning),,,108-20.jpg,
108-21,Gefälle 21%,Gefahrzeichen nach Anlage 1 (zu § 40 Absatz 6 und 7 StVO),Gefahrzeichen (warning),,,108-21.jpg,
108-22,Gefälle 22%,Gefahrzeichen nach Anlage 1 (zu § 40 Absatz 6 und 7 StVO),Gefahrzeichen (warning),,,108-22.jpg,
108-23,Gefälle 23%,Gefahrzeichen nach Anlage 1 (zu § 40 Absatz 6 und 7 StVO),Gefahrzeichen (warning),,,108-23.jpg,
108-24,Gefälle 24%,Gefahrzeichen nach Anlage 1 (zu § 40 Absatz 6 und 7 StVO),Gefahrzeichen (warning),,,108-24.jpg,
108-25,Gefälle 25%,Gefahrzeichen nach Anlage 1 (zu § 40 Absatz 6 und 7 StVO),Gefahrzeichen (warning),,,108-25.jpg,
110,Steigung,Gefahrzeichen nach Anlage 1 (zu § 40 Absatz 6 und 7 StVO),Gefahrzeichen (warning),,,,
110-4,Steigung 4%,Gefahrzeichen nach Anlage 1 (zu § 40 Absatz 6 und 7 StVO),Gefahrzeichen (warning),,,110-4.jpg,
110-5,Steigung 5%,Gefahrzeichen nach Anlage 1 (zu § 40 Absatz 6 und 7 StVO),Gefahrzeichen (warning),,,110-5.jpg,
110-6,Steigung 6%,Gefahrzeichen nach Anlage 1 (zu § 40 Absatz 6 und 7 StVO),Gefahrzeichen (warning),,,110-6.jpg,
110-7,Steigung 7%,Gefahrzeichen nach Anlage 1 (zu § 40 Absatz 6 und 7 StVO),Gefahrzeichen (warning),,,110-7.jpg,
110-8,Steigung 8%,Gefahrzeichen nach Anlage 1 (zu § 40 Absatz 6 und 7 StVO),Gefahrzeichen (warning),,,110-8.jpg,
110-9,Steigung 9%,Gefahrzeichen nach Anlage 1 (zu § 40 Absatz 6 und 7 StVO),Gefahrzeichen (warning),,,110-9.jpg,
110-10,Steigung 10%,Gefahrzeichen nach Anlage 1 (zu § 40 Absatz 6 und 7 StVO),Gefahrzeichen (warning),,,110-10.jpg,
110-11,Steigung 11%,Gefahrzeichen nach Anlage 1 (zu § 40 Absatz 6 und 7 StVO),Gefahrzeichen (warning),,,110-11.jpg,
110-12,Steigung 12%,Gefahrzeichen nach Anlage 1 (zu § 40 Absatz 6 und 7 StVO),Gefahrzeichen (warning),,,110-12.jpg,
110-13,Steigung 13%,Gefahrzeichen nach Anlage 1 (zu § 40 Absatz 6 und 7 StVO),Gefahrzeichen (warning),,,110-13.jpg,
110-14,Steigung 14%,Gefahrzeichen nach Anlage 1 (zu § 40 Absatz 6 und 7 StVO),Gefahrzeichen (warning),,,110-14.jpg,
110-15,Steigung 15%,Gefahrzeichen nach Anlage 1 (zu § 40 Absatz 6 und 7 StVO),Gefahrzeichen (warning),,,110-15.jpg,
110-16,Steigung 16%,Gefahrzeichen nach Anlage 1 (zu § 40 Absatz 6 und 7 StVO),Gefahrzeichen (warning),,,110-16.jpg,
110-17,Steigung 17%,Gefahrzeichen nach Anlage 1 (zu § 40 Absatz 6 und 7 StVO),Gefahrzeichen (warning),,,110-17.jpg,
110-18,Steigung 18%,Gefahrzeichen nach Anlage 1 (zu § 40 Absatz 6 und 7 StVO),Gefahrzeichen (warning),,,110-18.jpg,
110-19,Steigung 19%,Gefahrzeichen nach Anlage 1 (zu § 40 Absatz 6 und 7 StVO),Gefahrzeichen (warning),,,110-19.jpg,
110-20,Steigung 20%,Gefahrzeichen nach Anlage 1 (zu § 40 Absatz 6 und 7 StVO),Gefahrzeichen (warning),,,110-20.jpg,
110-21,Steigung 21%,Gefahrzeichen nach Anlage 1 (zu § 40 Absatz 6 und 7 StVO),Gefahrzeichen (warning),,,110-21.jpg,
110-22,Steigung 22%,Gefahrzeichen nach Anlage 1 (zu § 40 Absatz 6 und 7 StVO),Gefahrzeichen (warning),,,110-22.jpg,
110-23,Steigung 23%,Gefahrzeichen nach Anlage 1 (zu § 40 Absatz 6 und 7 StVO),Gefahrzeichen (warning),,,110-23.jpg,
110-24,Steigung 24%,Gefahrzeichen nach Anlage 1 (zu § 40 Absatz 6 und 7 StVO),Gefahrzeichen (warning),,,110-24.jpg,
110-25,Steigung 25%,Gefahrzeichen nach Anlage 1 (zu § 40 Absatz 6 und 7 StVO),Gefahrzeichen (warning),,,110-25.jpg,
112,Unebene Fahrbahn,Gefahrzeichen nach Anlage 1 (zu § 40 Absatz 6 und 7 StVO),Gefahrzeichen (warning),,,112.jpg,
114,Schleuder- oder Rutschgefahr,Gefahrzeichen nach Anlage 1 (zu § 40 Absatz 6 und 7 StVO),Gefahrzeichen (warning),,,114.jpg,
117,Seitenwind,Gefahrzeichen nach Anlage 1 (zu § 40 Absatz 6 und 7 StVO),Gefahrzeichen (warning),,,,
117-10,Seitenwind von rechts,Gefahrzeichen nach Anlage 1 (zu § 40 Absatz 6 und 7 StVO),Gefahrzeichen (warning),,,117-10.jpg,
117-20,Seitenwind von links,Gefahrzeichen nach Anlage 1 (zu § 40 Absatz 6 und 7 StVO),Gefahrzeichen (warning),,,117-20.jpg,
120,Verengte Fahrbahn,Gefahrzeichen nach Anlage 1 (zu § 40 Absatz 6 und 7 StVO),Gefahrzeichen (warning),,,120.jpg,
121,Einseitig verengte Fahrbahn,Gefahrzeichen nach Anlage 1 (zu § 40 Absatz 6 und 7 StVO),Gefahrzeichen (warning),,,,
121-10,Einseitig verengte Fahrbahn - Verengung rechts,Gefahrzeichen nach Anlage 1 (zu § 40 Absatz 6 und 7 StVO),Gefahrzeichen (warning),,,121-10.jpg,
121-20,Einseitig verengte Fahrbahn - Verengung links,Gefahrzeichen nach Anlage 1 (zu § 40 Absatz 6 und 7 StVO),Gefahrzeichen (warning),,,121-20.jpg,
123,Arbeitsstelle,Gefahrzeichen nach Anlage 1 (zu § 40 Absatz 6 und 7 StVO),Gefahrzeichen (warning),,,123.jpg,
124,Stau,Gefahrzeichen nach Anlage 1 (zu § 40 Absatz 6 und 7 StVO),Gefahrzeichen (warning),,,124.jpg,
125,Gegenverkehr,Gefahrzeichen nach Anlage 1 (zu § 40 Absatz 6 und 7 StVO),Gefahrzeichen (warning),,,125.jpg,
131,Lichtzeichenanlage,Gefahrzeichen nach Anlage 1 (zu § 40 Absatz 6 und 7 StVO),Gefahrzeichen (warning),,,131.jpg,
133,Fußgänger,Gefahrzeichen nach Anlage 1 (zu § 40 Absatz 6 und 7 StVO),Gefahrzeichen (warning),,,,
133-10,Fußgänger - Aufstellung rechts,Gefahrzeichen nach Anlage 1 (zu § 40 Absatz 6 und 7 StVO),Gefahrzeichen (warning),,,133-10.jpg,
133-20,Fußgänger - Aufstellung links,Gefahrzeichen nach Anlage 1 (zu § 40 Absatz 6 und 7 StVO),Gefahrzeichen (warning),,,133-20.jpg,
136,Kinder,Gefahrzeichen nach Anlage 1 (zu § 40 Absatz 6 und 7 StVO),Gefahrzeichen (warning),,,,
136-10,Kinder - Aufstellung rechts,Gefahrzeichen nach Anlage 1 (zu § 40 Absatz 6 und 7 StVO),Gefahrzeichen (warning),,,136-10.jpg,
136-20,Kinder - Aufstellung links,Gefahrzeichen nach Anlage 1 (zu § 40 Absatz 6 und 7 StVO),Gefahrzeichen (warning),,,136-20.jpg,
138,Radverkehr,Gefahrzeichen nach Anlage 1 (zu § 40 Absatz 6 und 7 StVO),Gefahrzeichen (warning),,,,
138-10,Radverkehr - Aufstellung rechts,Gefahrzeichen nach Anlage 1 (zu § 40 Absatz 6 und 7 StVO),Gefahrzeichen (warning),,,138-10.jpg,
138-20,Radverkehr - Aufstellung links,Gefahrzeichen nach Anlage 1 (zu § 40 Absatz 6 und 7 StVO),Gefahrzeichen (warning),,,138-20.jpg,
142,Wildwechsel,Gefahrzeichen nach Anlage 1 (zu § 40 Absatz 6 und 7 StVO),Gefahrzeichen (warning),,,,
142-10,Wildwechsel - Aufstellung rechts,Gefahrzeichen nach Anlage 1 (zu § 40 Absatz 6 und 7 StVO),Gefahrzeichen (warning),,,142-10.jpg,
142-20,Wildwechsel - Aufstellung links,Gefahrzeichen nach Anlage 1 (zu § 40 Absatz 6 und 7 StVO),Gefahrzeichen (warning),,,142-20.jpg,
151,Bahnübergang,Gefahrzeichen nach Anlage 1 (zu § 40 Absatz 6 und 7 StVO),Gefahrzeichen (warning),,,151.jpg,
156,Bahnübergang mit dreistreifiger Bake,Gefahrzeichen nach Anlage 1 (zu § 40 Absatz 6 und 7 StVO),Gefahrzeichen (warning),,,,
156-10,Bahnübergang mit dreistreifiger Bake - Aufstellung rechts,Gefahrzeichen nach Anlage 1 (zu § 40 Absatz 6 und 7 StVO),Gefahrzeichen (warning),,,156-10.jpg,
156-11,Bahnübergang mit dreistreifiger Bake mit Entfernungsangabe - Aufstellung rechts,Gefahrzeichen nach Anlage 1 (zu § 40 Absatz 6 und 7 StVO),Gefahrzeichen (warning),,,156-11.jpg,
156-20,Bahnübergang mit dreistreifiger Bake - Aufstellung links,Gefahrzeichen nach Anlage 1 (zu § 40 Absatz 6 und 7 StVO),Gefahrzeichen (warning),,,156-20.jpg,
156-21,Bahnübergang mit dreistreifiger Bake mit Entfernungsangabe - Aufstellung links,Gefahrzeichen nach Anlage 1 (zu § 40 Absatz 6 und 7 StVO),Gefahrzeichen (warning),,,156-21.jpg,
157,Dreistreifige Bake,Gefahrzeichen nach Anlage 1 (zu § 40 Absatz 6 und 7 StVO),Gefahrzeichen (warning),,,,
157-10,Dreistreifige Bake - Aufstellung rechts,Gefahrzeichen nach Anlage 1 (zu § 40 Absatz 6 und 7 StVO),Gefahrzeichen (warning),,,157-10.jpg,
157-11,Dreistreifige Bake mit Entfernungsangabe - Aufstellung rechts,Gefahrzeichen nach Anlage 1 (zu § 40 Absatz 6 und 7 StVO),Gefahrzeichen (warning),,,157-11.jpg,
157-20,Dreistreifige Bake - Aufstellung links,Gefahrzeichen nach Anlage 1 (zu § 40 Absatz 6 und 7 StVO),Gefahrzeichen (warning),,,157-20.jpg,
157-21,Dreistreifige Bake mit Entfernungsangabe - Aufstellung links,Gefahrzeichen nach Anlage 1 (zu § 40 Absatz 6 und 7 StVO),Gefahrzeichen (warning),,,157-21.jpg,
159,Zweistreifige Bake,Gefahrzeichen nach Anlage 1 (zu § 40 Absatz 6 und 7 StVO),Gefahrzeichen (warning),,,,
159-10,Zweistreifige Bake - Aufstellung rechts,Gefahrzeichen nach Anlage 1 (zu § 40 Absatz 6 und 7 StVO),Gefahrzeichen (warning),,,159-10.jpg,
159-11,Zweistreifige Bake mit Entfernungsangabe - Aufstellung rechts,Gefahrzeichen nach Anlage 1 (zu § 40 Absatz 6 und 7 StVO),Gefahrzeichen (warning),,,159-11.jpg,
159-20,Zweistreifige Bake - Aufstellung links,Gefahrzeichen nach Anlage 1 (zu § 40 Absatz 6 und 7 StVO),Gefahrzeichen (warning),,,159-20.jpg,
159-21,Zweistreifige Bake mit Entfernungsangabe - Aufstellung links,Gefahrzeichen nach Anlage 1 (zu § 40 Absatz 6 und 7 StVO),Gefahrzeichen (warning),,,159-21.jpg,
162,Einstreifige Bake,Gefahrzeichen nach Anlage 1 (zu § 40 Absatz 6 und 7 StVO),Gefahrzeichen (warning),,,,
162-10,Einstreifige Bake - Aufstellung rechts,Gefahrzeichen nach Anlage 1 (zu § 40 Absatz 6 und 7 StVO),Gefahrzeichen (warning),,,162-10.jpg,
162-11,Einstreifige Bake mit Entfernungsangabe - Aufstellung rechts,Gefahrzeichen nach Anlage 1 (zu § 40 Absatz 6 und 7 StVO),Gefahrzeichen (warning),,,162-11.jpg,
162-20,Einstreifige Bake - Aufstellung links,Gefahrzeichen nach Anlage 1 (zu § 40 Absatz 6 und 7 StVO),Gefahrzeichen (warning),,,162-20.jpg,
162-21,Einstreifige Bake mit Entfernungsangabe - Aufstellung links,Gefahrzeichen nach Anlage 1 (zu § 40 Absatz 6 und 7 StVO),Gefahrzeichen (warning),,,162-21.jpg,
201,Andreaskreuz,Vorschriftzeichen nach Anlage 2 (zu § 41 Absatz 1 StVO),Vorschriftzeichen (regulatory),,,,
201-50,Andreaskreuz - stehend,Vorschriftzeichen nach Anlage 2 (zu § 41 Absatz 1 StVO),Vorschriftzeichen (regulatory),,,201-50.jpg,
201-51,Andreaskreuz - stehend mit Blitzpfeil,Vorschriftzeichen nach Anlage 2 (zu § 41 Absatz 1 StVO),Vorschriftzeichen (regulatory),,,201-51.jpg,
201-52,Andreaskreuz - liegend,Vorschriftzeichen nach Anlage 2 (zu § 41 Absatz 1 StVO),Vorschriftzeichen (regulatory),,,201-52.jpg,
201-53,Andreaskreuz - liegend mit Blitzpfeil,Vorschriftzeichen nach Anlage 2 (zu § 41 Absatz 1 StVO),Vorschriftzeichen (regulatory),,,201-53.jpg,
205,Vorfahrt gewähren,Vorschriftzeichen nach Anlage 2 (zu § 41 Absatz 1 StVO),Vorschriftzeichen (regulatory),,,205.jpg,
206,Halt. Vorfahrt gewähren,Vorschriftzeichen nach Anlage 2 (zu § 41 Absatz 1 StVO),Vorschriftzeichen (regulatory),,,206.jpg,
208,Vorrang des Gegenverkehrs,Vorschriftzeichen nach Anlage 2 (zu § 41 Absatz 1 StVO),Vorschriftzeichen (regulatory),,,208.jpg,
209,Vorgeschriebene Fahrtrichtung - rechts,Vorschriftzeichen nach Anlage 2 (zu § 41 Absatz 1 StVO),Vorschriftzeichen (regulatory),,,209.jpg,
209-10,Vorgeschriebene Fahrtrichtung - links,Vorschriftzeichen nach Anlage 2 (zu § 41 Absatz 1 StVO),Vorschriftzeichen (regulatory),,,209-10.jpg,
209-30,Vorgeschriebene Fahrtrichtung - geradeaus,Vorschriftzeichen nach Anlage 2 (zu § 41 Absatz 1 StVO),Vorschriftzeichen (regulatory),,,209-30.jpg,
211,Vorgeschriebene Fahrtrichtung - hier rechts,Vorschriftzeichen nach Anlage 2 (zu § 41 Absatz 1 StVO),Vorschriftzeichen (regulatory),,,211.jpg,
211-10,Vorgeschriebene Fahrtrichtung - hier links,Vorschriftzeichen nach Anlage 2 (zu § 41 Absatz 1 StVO),Vorschriftzeichen (regulatory),,,211-10.jpg,
214,Vorgeschriebene Fahrtrichtung - geradeaus oder rechts,Vorschriftzeichen nach Anlage 2 (zu § 41 Absatz 1 StVO),Vorschriftzeichen (regulatory),,,214.jpg,
214-10,Vorgeschriebene Fahrtrichtung - geradeaus oder links,Vorschriftzeichen nach Anlage 2 (zu § 41 Absatz 1 StVO),Vorschriftzeichen (regulatory),,,214-10.jpg,
214-30,Vorgeschriebene Fahrtrichtung - rechts oder links,Vorschriftzeichen nach Anlage 2 (zu § 41 Absatz 1 StVO),Vorschriftzeichen (regulatory),,,214-30.jpg,
215,Kreisverkehr,Vorschriftzeichen nach Anlage 2 (zu § 41 Absatz 1 StVO),Vorschriftzeichen (regulatory),,,215.jpg,
220,Einbahnstraße,Vorschriftzeichen nach Anlage 2 (zu § 41 Absatz 1 StVO),Vorschriftzeichen (regulatory),,,,
220-10,Einbahnstraße - linksweisend,Vorschriftzeichen nach Anlage 2 (zu § 41 Absatz 1 StVO),Vorschriftzeichen (regulatory),,,220-10.jpg,
220-20,Einbahnstraße - rechtsweisend,Vorschriftzeichen nach Anlage 2 (zu § 41 Absatz 1 StVO),Vorschriftzeichen (regulatory),,,220-20.jpg,
220-40,Einbahnstraße - doppelseitig (-10/ -20),Vorschriftzeichen nach Anlage 2 (zu § 41 Absatz 1 StVO),Vorschriftzeichen (regulatory),,,,
222,Vorgeschriebene Vorbeifahrt - rechts vorbei,Vorschriftzeichen nach Anlage 2 (zu § 41 Absatz 1 StVO),Vorschriftzeichen (regulatory),,,222.jpg,
222-10,Vorgeschriebene Vorbeifahrt - links vorbei,Vorschriftzeichen nach Anlage 2 (zu § 41 Absatz 1 StVO),Vorschriftzeichen (regulatory),,,222-10.jpg,
223.1,Seitenstreifen befahren,Vorschriftzeichen nach Anlage 2 (zu § 41 Absatz 1 StVO),Vorschriftzeichen (regulatory),,,,
223.1-50,Seitenstreifen befahren - 2 Fahrstreifen + Seitenstreifen,Vorschriftzeichen nach Anlage 2 (zu § 41 Absatz 1 StVO),Vorschriftzeichen (regulatory),,,223.1-50.jpg,
223.1-51,Seitenstreifen befahren - 3 Fahrstreifen + Seitenstreifen,Vorschriftzeichen nach Anlage 2 (zu § 41 Absatz 1 StVO),Vorschriftzeichen (regulatory),,,223.1-51.jpg,
223.1-52,Seitenstreifen befahren - 4 Fahrstreifen + Seitenstreifen,Vorschriftzeichen nach Anlage 2 (zu § 41 Absatz 1 StVO),Vorschriftzeichen (regulatory),,,223.1-52.jpg,
223.2,Seitenstreifen nicht mehr befahren,Vorschriftzeichen nach Anlage 2 (zu § 41 Absatz 1 StVO),Vorschriftzeichen (regulatory),,,,
223.2-50,Seitenstreifen nicht mehr befahren - 2 Fahrstreifen + Seitenstreifen,Vorschriftzeichen nach Anlage 2 (zu § 41 Absatz 1 StVO),Vorschriftzeichen (regulatory),,,223.2-50.jpg,
223.2-51,Seitenstreifen nicht mehr befahren - 3 Fahrstreifen + Seitenstreifen,Vorschriftzeichen nach Anlage 2 (zu § 41 Absatz 1 StVO),Vorschriftzeichen (regulatory),,,223.2-51.jpg,
223.2-52,Seitenstreifen nicht mehr befahren - 4 Fahrstreifen + Seitenstreifen,Vorschriftzeichen nach Anlage 2 (zu § 41 Absatz 1 StVO),Vorschriftzeichen (regulatory),,,223.2-52.jpg,
223.3,Seitenstreifen räumen,Vorschriftzeichen nach Anlage 2 (zu § 41 Absatz 1 StVO),Vorschriftzeichen (regulatory),,,,
223.3-50,Seitenstreifen räumen - 2 Fahrstreifen + Seitenstreifen,Vorschriftzeichen nach Anlage 2 (zu § 41 Absatz 1 StVO),Vorschriftzeichen (regulatory),,,223.3-50.jpg,
223.3-51,Seitenstreifen räumen - 3 Fahrstreifen + Seitenstreifen,Vorschriftzeichen nach Anlage 2 (zu § 41 Absatz 1 StVO),Vorschriftzeichen (regulatory),,,223.3-51.jpg,
223.3-52,Seitenstreifen räumen - 4 Fahrstreifen + Seitenstreifen,Vorschriftzeichen nach Anlage 2 (zu § 41 Absatz 1 StVO),Vorschriftzeichen (regulatory),,,223.3-52.jpg,
224,Haltestelle,Vorschriftzeichen nach Anlage 2 (zu § 41 Absatz 1 StVO),Vorschriftzeichen (regulatory),,,224.jpg,
224-40,Haltestelle - doppelseitig,Vorschriftzeichen nach Anlage 2 (zu § 41 Absatz 1 StVO),Vorschriftzeichen (regulatory),,,,
224-41,Schulbushaltestelle - doppelseitig,Vorschriftzeichen nach Anlage 2 (zu § 41 Absatz 1 StVO),Vorschriftzeichen (regulatory),,,,
224-51,Schulbushaltestelle,Vorschriftzeichen nach Anlage 2 (zu § 41 Absatz 1 StVO),Vorschriftzeichen (regulatory),,,224-51.jpg,
229,Taxenstand,Vorschriftzeichen nach Anlage 2 (zu § 41 Absatz 1 StVO),Vorschriftzeichen (regulatory),,,229.jpg,
229-10,Taxenstand - Anfang - Aufstellung rechts,Vorschriftzeichen nach Anlage 2 (zu § 41 Absatz 1 StVO),Vorschriftzeichen (regulatory),,,229-10.jpg,
229-11,Taxenstand - Ende - Aufstellung links,Vorschriftzeichen nach Anlage 2 (zu § 41 Absatz 1 StVO),Vorschriftzeichen (regulatory),,,229-11.jpg,
229-20,Taxenstand - Ende - Aufstellung rechts,Vorschriftzeichen nach Anlage 2 (zu § 41 Absatz 1 StVO),Vorschriftzeichen (regulatory),,,229-20.jpg,
229-21,Taxenstand - Anfang - Aufstellung links,Vorschriftzeichen nach Anlage 2 (zu § 41 Absatz 1 StVO),Vorschriftzeichen (regulatory),,,229-21.jpg,
229-30,Taxenstand - Mitte - Aufstellung rechts,Vorschriftzeichen nach Anlage 2 (zu § 41 Absatz 1 StVO),Vorschriftzeichen (regulatory),,,229-30.jpg,
229-31,Taxenstand - Mitte - Aufstellung links,Vorschriftzeichen nach Anlage 2 (zu § 41 Absatz 1 StVO),Vorschriftzeichen (regulatory),,,229-31.jpg,
230,Ladebereich,Vorschriftzeichen nach Anlage 2 (zu § 41 Absatz 1 StVO),Vorschriftzeichen (regulatory),Vz2017,Vz2017/Z-230/230.eps,,LADEBEREICH_230.svg
230-10,Ladebereich - Anfang - Aufstellung rechts,Vorschriftzeichen nach Anlage 2 (zu § 41 Absatz 1 StVO),Vorschriftzeichen (regulatory),Vz2017,Vz2017/Z-230/230-10.eps,,LADEBEREICH_ANFANG_AUFSTELLUNG_RECHTS_230-10.svg
230-11,Ladebereich - Ende - Aufstellung links,Vorschriftzeichen nach Anlage 2 (zu § 41 Absatz 1 StVO),Vorschriftzeichen (regulatory),Vz2017,Vz2017/Z-230/230-11.eps,,LADEBEREICH_ENDE_AUFSTELLUNG_LINKS_230-11.svg
230-20,Ladebereich - Ende - Aufstellung rechts,Vorschriftzeichen nach Anlage 2 (zu § 41 Absatz 1 StVO),Vorschriftzeichen (regulatory),Vz2017,Vz2017/Z-230/230-20.eps,,LADEBEREICH_ENDE_AUFSTELLUNG_RECHTS_230-20.svg
230-21,Ladebereich - Anfang - Aufstellung links,Vorschriftzeichen nach Anlage 2 (zu § 41 Absatz 1 StVO),Vorschriftzeichen (regulatory),Vz2017,Vz2017/Z-230/230-21.eps,,LADEBEREICH_ANFANG_AUFSTELLUNG_LINKS_230-21.svg
230-30,Ladebereich - Mitte - Aufstellung rechts,Vorschriftzeichen nach Anlage 2 (zu § 41 Absatz 1 StVO),Vorschriftzeichen (regulatory),Vz2017,Vz2017/Z-230/230-30.eps,,LADEBEREICH_MITTE_AUFSTELLUNG_RECHTS_230-30.svg
230-31,Ladebereich - Mitte - Aufstellung links,Vorschriftzeichen nach Anlage 2 (zu § 41 Absatz 1 StVO),Vorschriftzeichen (regulatory),Vz2017,Vz2017/Z-230/230-31.eps,,LADEBEREICH_MITTE_AUFSTELLUNG_LINKS_230-31.svg
237,Radweg,Vorschriftzeichen nach Anlage 2 (zu § 41 Absatz 1 StVO),Vorschriftzeichen (regulatory),,,237.jpg,
238,Reitweg,Vorschriftzeichen nach Anlage 2 (zu § 41 Absatz 1 StVO),Vorschriftzeichen (regulatory),,,238.jpg,
239,Gehweg,Vorschriftzeichen nach Anlage 2 (zu § 41 Absatz 1 StVO),Vorschriftzeichen (regulatory),,,239.jpg,
240,Gemeinsamer Geh- und Radweg,Vorschriftzeichen nach Anlage 2 (zu § 41 Absatz 1 StVO),Vorschriftzeichen (regulatory),,,240.jpg,
241,Getrennter Rad- und Gehweg,Vorschriftzeichen nach Anlage 2 (zu § 41 Absatz 1 StVO),Vorschriftzeichen (regulatory),,,,
241-30,Getrennter Rad- und Gehweg - Radweg links,Vorschriftzeichen nach Anlage 2 (zu § 41 Absatz 1 StVO),Vorschriftzeichen (regulatory),,,241-30.jpg,
241-31,Getrennter Rad- und Gehweg - Radweg rechts,Vorschriftzeichen nach Anlage 2 (zu § 41 Absatz 1 StVO),Vorschriftzeichen (regulatory),,,241-31.jpg,
242.1,Beginn einer Fußgängerzone,Vorschriftzeichen nach Anlage 2 (zu § 41 Absatz 1 StVO),Vorschriftzeichen (regulatory),,,242.1.jpg,
242.1-40,Beginn einer Fußgängerzone - doppelseitig (Rückseite Z 242.2),Vorschriftzeichen nach Anlage 2 (zu § 41 Absatz 1 StVO),Vorschriftzeichen (regulatory),,,,
242.2,Ende einer Fußgängerzone,Vorschriftzeichen nach Anlage 2 (zu § 41 Absatz 1 StVO),Vorschriftzeichen (regulatory),,,242.2.jpg,
244.1,Beginn einer Fahrradstraße,Vorschriftzeichen nach Anlage 2 (zu § 41 Absatz 1 StVO),Vorschriftzeichen (regulatory),,,244.1.jpg,
244.1-40,Beginn einer Fahrradstraße - doppelseitig (Rückseite Z 244.2),Vorschriftzeichen nach Anlage 2 (zu § 41 Absatz 1 StVO),Vorschriftzeichen (regulatory),,,,
244.2,Ende einer Fahrradstraße,Vorschriftzeichen nach Anlage 2 (zu § 41 Absatz 1 StVO),Vorschriftzeichen (regulatory),,,244.2.jpg,
244.3,Beginn einer Fahrradzone,Vorschriftzeichen nach Anlage 2 (zu § 41 Absatz 1 StVO),Vorschriftzeichen (regulatory),Vz2017,Vz2017/Z-244.3/Z-244.3.EPS,,BEGINN_EINER_FAHRRADZONE_244.3.svg
244.3-40,Beginn einer Fahrradzone - doppelseitig (Rückseite Z 244.4),Vorschriftzeichen nach Anlage 2 (zu § 41 Absatz 1 StVO),Vorschriftzeichen (regulatory),,,,
244.4,Ende einer Fahrradzone,Vorschriftzeichen nach Anlage 2 (zu § 41 Absatz 1 StVO),Vorschriftzeichen (regulatory),Vz2017,Vz2017/Z-244.4/Z-244.4.EPS,,ENDE_EINER_FAHRRADZONE_244.4.svg
245,Bussonderfahrstreifen,Vorschriftzeichen nach Anlage 2 (zu § 41 Absatz 1 StVO),Vorschriftzeichen (regulatory),,,245.jpg,
250,Verbot für Fahrzeuge aller Art,Vorschriftzeichen nach Anlage 2 (zu § 41 Absatz 1 StVO),Vorschriftzeichen (regulatory),,,250.jpg,
251,Verbot für Kraftwagen,Vorschriftzeichen nach Anlage 2 (zu § 41 Absatz 1 StVO),Vorschriftzeichen (regulatory),,,251.jpg,
253,"Verbot für Kraftfahrzeuge über 3,5 t",Vorschriftzeichen nach Anlage 2 (zu § 41 Absatz 1 StVO),Vorschriftzeichen (regulatory),,,253.jpg,
254,Verbot für Radverkehr,Vorschriftzeichen nach Anlage 2 (zu § 41 Absatz 1 StVO),Vorschriftzeichen (regulatory),,,254.jpg,
255,Verbot für Krafträder,Vorschriftzeichen nach Anlage 2 (zu § 41 Absatz 1 StVO),Vorschriftzeichen (regulatory),,,255.jpg,
257-50,Verbot für Mofas,Vorschriftzeichen nach Anlage 2 (zu § 41 Absatz 1 StVO),Vorschriftzeichen (regulatory),,,257-50.jpg,
257-51,Verbot für Reiter,Vorschriftzeichen nach Anlage 2 (zu § 41 Absatz 1 StVO),Vorschriftzeichen (regulatory),,,257-51.jpg,
257-52,Verbot für Gespannfuhrwerke,Vorschriftzeichen nach Anlage 2 (zu § 41 Absatz 1 StVO),Vorschriftzeichen (regulatory),,,257-52.jpg,
257-53,Verbot für Viehtrieb,Vorschriftzeichen nach Anlage 2 (zu § 41 Absatz 1 StVO),Vorschriftzeichen (regulatory),,,257-53.jpg,
257-54,Verbot für Kraftomnibusse,Vorschriftzeichen nach Anlage 2 (zu § 41 Absatz 1 StVO),Vorschriftzeichen (regulatory),,,257-54.jpg,
257-55,Verbot für Personenkraftwagen,Vorschriftzeichen nach Anlage 2 (zu § 41 Absatz 1 StVO),Vorschriftzeichen (regulatory),,,257-55.jpg,
257-56,Verbot für Personenkraftwagen mit Anhänger,Vorschriftzeichen nach Anlage 2 (zu § 41 Absatz 1 StVO),Vorschriftzeichen (regulatory),,,257-56.jpg,
257-57,Verbot für Lastkraftwagen mit Anhänger,Vorschriftzeichen nach Anlage 2 (zu § 41 Absatz 1 StVO),Vorschriftzeichen (regulatory),,,257-57.jpg,
257-58,"Verbot für Kraftfahrzeuge und Züge, die nicht schneller als 25 km/h fahren können oder dürfen",Vorschriftzeichen nach Anlage 2 (zu § 41 Absatz 1 StVO),Vorschriftzeichen (regulatory),,,257-58.jpg,
257-59,Verbot für Elektrokleinstfahrzeuge im Sinne der Elektrokleinstfahrzeuge- Verordnung (eKFV),Vorschriftzeichen nach Anlage 2 (zu § 41 Absatz 1 StVO),Vorschriftzeichen (regulatory),Vz2017,Vz2017/257-59/257-59.eps,,VERBOT_FUER_ELEKTROKLEINSTFAHRZEUGE_IM_SINNE_DER_ELEKTROKLEINSTFAHRZEU_257-59.svg
259,Verbot für Fußgänger,Vorschriftzeichen nach Anlage 2 (zu § 41 Absatz 1 StVO),Vorschriftzeichen (regulatory),,,259.jpg,
260,Verbot für Kraftfahrzeuge,Vorschriftzeichen nach Anlage 2 (zu § 41 Absatz 1 StVO),Vorschriftzeichen (regulatory),,,260.jpg,
261,Verbot für kennzeichnungspflichtige Kraftfahrzeuge mit gefährlichen Gütern,Vorschriftzeichen nach Anlage 2 (zu § 41 Absatz 1 StVO),Vorschriftzeichen (regulatory),,,261.jpg,
262,Tatsächliche Masse (Unternummer steht jeweils für den Zahlenwert),Vorschriftzeichen nach Anlage 2 (zu § 41 Absatz 1 StVO),Vorschriftzeichen (regulatory),,,262.jpg,
263,Tatsächliche Achslast (Unternummer steht jeweils für den Zahlenwert),Vorschriftzeichen nach Anlage 2 (zu § 41 Absatz 1 StVO),Vorschriftzeichen (regulatory),,,263.jpg,
264,Tatsächliche Breite (Unternummer steht jeweils für den Zahlenwert),Vorschriftzeichen nach Anlage 2 (zu § 41 Absatz 1 StVO),Vorschriftzeichen (regulatory),,,,
265,Tatsächliche Höhe (Unternummer steht jeweils für den Zahlenwert),Vorschriftzeichen nach Anlage 2 (zu § 41 Absatz 1 StVO),Vorschriftzeichen (regulatory),,,265.jpg,
266,Tatsächliche Länge (Unternummer steht jeweils für den Zahlenwert),Vorschriftzeichen nach Anlage 2 (zu § 41 Absatz 1 StVO),Vorschriftzeichen (regulatory),,,266.jpg,
267,Verbot der Einfahrt,Vorschriftzeichen nach Anlage 2 (zu § 41 Absatz 1 StVO),Vorschriftzeichen (regulatory),,,267.jpg,
268,Schneeketten vorgeschrieben,Vorschriftzeichen nach Anlage 2 (zu § 41 Absatz 1 StVO),Vorschriftzeichen (regulatory),,,268.jpg,
269,Verbot für Fahrzeuge mit wassergefährdender Ladung,Vorschriftzeichen nach Anlage 2 (zu § 41 Absatz 1 StVO),Vorschriftzeichen (regulatory),,,269.jpg,
270.1,Beginn einer Verkehrsverbotszone zur Verminderung schädlicher Luftverunreinigungen in einer Zone,Vorschriftzeichen nach Anlage 2 (zu § 41 Absatz 1 StVO),Vorschriftzeichen (regulatory),,,270.1.jpg,
270.1-40,Beginn einer Verkehrsverbotszone zur Verminderung schädlicher Luftverunreinigungen in einer Zone - doppelseitig (Rückseite Z 270.2),Vorschriftzeichen nach Anlage 2 (zu § 41 Absatz 1 StVO),Vorschriftzeichen (regulatory),,,,
270.2,Ende einer Verkehrsverbotszone zur Verminderung schädlicher Luftverunreinigungen in einer Zone,Vorschriftzeichen nach Anlage 2 (zu § 41 Absatz 1 StVO),Vorschriftzeichen (regulatory),,,270.2.jpg,
272,Verbot des Wendens,Vorschriftzeichen nach Anlage 2 (zu § 41 Absatz 1 StVO),Vorschriftzeichen (regulatory),,,272.jpg,
273,Verbot des Unterschreitens des angegebenen Mindestabstandes (Unternummer steht jeweils für den Zahlenwert),Vorschriftzeichen nach Anlage 2 (zu § 41 Absatz 1 StVO),Vorschriftzeichen (regulatory),,,273.jpg,
274,Zulässige Höchstgeschwindigkeit,Vorschriftzeichen nach Anlage 2 (zu § 41 Absatz 1 StVO),Vorschriftzeichen (regulatory),,,274-100.jpg;274-110.jpg;274-120.jpg;274-130.jpg,
274-5,Zulässige Höchstgeschwindigkeit 5 km/h,Vorschriftzeichen nach Anlage 2 (zu § 41 Absatz 1 StVO),Vorschriftzeichen (regulatory),,,274-5.jpg,
274-10,Zulässige Höchstgeschwindigkeit 10 km/h,Vorschriftzeichen nach Anlage 2 (zu § 41 Absatz 1 StVO),Vorschriftzeichen (regulatory),,,274-10.jpg,
274-20,Zulässige Höchstgeschwindigkeit 20 km/h,Vorschriftzeichen nach Anlage 2 (zu § 41 Absatz 1 StVO),Vorschriftzeichen (regulatory),,,274-20.jpg,
274-30,Zulässige Höchstgeschwindigkeit 30 km/h,Vorschriftzeichen nach Anlage 2 (zu § 41 Absatz 1 StVO),Vorschriftzeichen (regulatory),,,274-30.jpg,
274-40,Zulässige Höchstgeschwindigkeit 40 km/h,Vorschriftzeichen nach Anlage 2 (zu § 41 Absatz 1 StVO),Vorschriftzeichen (regulatory),,,274-40.jpg,
274-50,Zulässige Höchstgeschwindigkeit 50 km/h,Vorschriftzeichen nach Anlage 2 (zu § 41 Absatz 1 StVO),Vorschriftzeichen (regulatory),,,274-50.jpg,
274-60,Zulässige Höchstgeschwindigkeit 60 km/h,Vorschriftzeichen nach Anlage 2 (zu § 41 Absatz 1 StVO),Vorschriftzeichen (regulatory),,,274-60.jpg,
274-70,Zulässige Höchstgeschwindigkeit 70 km/h,Vorschriftzeichen nach Anlage 2 (zu § 41 Absatz 1 StVO),Vorschriftzeichen (regulatory),,,274-70.jpg,
274-80,Zulässige Höchstgeschwindigkeit 80 km/h,Vorschriftzeichen nach Anlage 2 (zu § 41 Absatz 1 StVO),Vorschriftzeichen (regulatory),,,274-80.jpg,
274-90,Zulässige Höchstgeschwindigkeit 90 km/h,Vorschriftzeichen nach Anlage 2 (zu § 41 Absatz 1 StVO),Vorschriftzeichen (regulatory),,,274-90.jpg,
274-100,Zulässige Höchstgeschwindigkeit 100 km/h,Vorschriftzeichen nach Anlage 2 (zu § 41 Absatz 1 StVO),Vorschriftzeichen (regulatory),,,,
274-110,Zulässige Höchstgeschwindigkeit 110 km/h,Vorschriftzeichen nach Anlage 2 (zu § 41 Absatz 1 StVO),Vorschriftzeichen (regulatory),,,,
274-120,Zulässige Höchstgeschwindigkeit 120 km/h,Vorschriftzeichen nach Anlage 2 (zu § 41 Absatz 1 StVO),Vorschriftzeichen (regulatory),,,,
274-130,Zulässige Höchstgeschwindigkeit 130 km/h,Vorschriftzeichen nach Anlage 2 (zu § 41 Absatz 1 StVO),Vorschriftzeichen (regulatory),,,,
274.1,Beginn einer Tempo 30-Zone,Vorschriftzeichen nach Anlage 2 (zu § 41 Absatz 1 StVO),Vorschriftzeichen (regulatory),,,274.1.jpg,
274.1-20,Beginn einer Tempo 20-Zone in verkehrsberuhigten Geschäftsbereichen - einseitig,Vorschriftzeichen nach Anlage 2 (zu § 41 Absatz 1 StVO),Vorschriftzeichen (regulatory),,,274.1-20.jpg,
274.1-40,Beginn einer Tempo 30-Zone - doppelseitig (Rückseite Z 274.2),Vorschriftzeichen nach Anlage 2 (zu § 41 Absatz 1 StVO),Vorschriftzeichen (regulatory),,,,
274.1-41,Beginn einer Tempo 20-Zone in verkehrsberuhigten Geschäftsbereichen - doppelseitig (Rückseite Z 274.2-20),Vorschriftzeichen nach Anlage 2 (zu § 41 Absatz 1 StVO),Vorschriftzeichen (regulatory),,,,
274.2,Ende einer Tempo 30-Zone,Vorschriftzeichen nach Anlage 2 (zu § 41 Absatz 1 StVO),Vorschriftzeichen (regulatory),,,274.2.jpg,
274.2-20,Ende einer Tempo 20-Zone in verkehrsberuhigten Geschäftsbereichen,Vorschriftzeichen nach Anlage 2 (zu § 41 Absatz 1 StVO),Vorschriftzeichen (regulatory),,,274.2-20.jpg,
275,Vorgeschriebene Mindestgeschwindigkeit (Unternummer (nur volle Zehner) steht jeweils für den Zahlenwert),Vorschriftzeichen nach Anlage 2 (zu § 41 Absatz 1 StVO),Vorschriftzeichen (regulatory),,,275.jpg,
276,Überholverbot für Kraftfahrzeuge aller Art,Vorschriftzeichen nach Anlage 2 (zu § 41 Absatz 1 StVO),Vorschriftzeichen (regulatory),,,276.jpg,
277,"Überholverbot für Kraftfahrzeuge über 3,5 t",Vorschriftzeichen nach Anlage 2 (zu § 41 Absatz 1 StVO),Vorschriftzeichen (regulatory),,,277.jpg,
277.1,Verbot des Überholens von einspurigen Fahrzeugen für mehrspurige Kraftfahrzeuge und Krafträdern mit Beiwagen,Vorschriftzeichen nach Anlage 2 (zu § 41 Absatz 1 StVO),Vorschriftzeichen (regulatory),Vz2017,Vz2017/Z-277.1/Z.277.1.EPS,,VERBOT_DES_UEBERHOLENS_VON_EINSPURIGEN_FAHRZEUGEN_FUER_MEHRSPURIGE_KRA_277.1.svg
278,Ende der zulässigen Höchstgeschwindigkeit,Vorschriftzeichen nach Anlage 2 (zu § 41 Absatz 1 StVO),Vorschriftzeichen (regulatory),,,278-100.jpg;278-110.jpg;278-120.jpg;278-130.jpg,
278-5,Ende der zulässigen Höchstgeschwindigkeit 5 km/h,Vorschriftzeichen nach Anlage 2 (zu § 41 Absatz 1 StVO),Vorschriftzeichen (regulatory),,,278-5.jpg,
278-10,Ende der zulässigen Höchstgeschwindigkeit 10 km/h,Vorschriftzeichen nach Anlage 2 (zu § 41 Absatz 1 StVO),Vorschriftzeichen (regulatory),,,278-10.jpg,
278-20,Ende der zulässigen Höchstgeschwindigkeit 20 km/h,Vorschriftzeichen nach Anlage 2 (zu § 41 Absatz 1 StVO),Vorschriftzeichen (regulatory),,,278-20.jpg,
278-30,Ende der zulässigen Höchstgeschwindigkeit 30 km/h,Vorschriftzeichen nach Anlage 2 (zu § 41 Absatz 1 StVO),Vorschriftzeichen (regulatory),,,278-30.jpg,
278-40,Ende der zulässigen Höchstgeschwindigkeit 40 km/h,Vorschriftzeichen nach Anlage 2 (zu § 41 Absatz 1 StVO),Vorschriftzeichen (regulatory),,,278-40.jpg,
278-50,Ende der zulässigen Höchstgeschwindigkeit 50 km/h,Vorschriftzeichen nach Anlage 2 (zu § 41 Absatz 1 StVO),Vorschriftzeichen (regulatory),,,278-50.jpg,
278-60,Ende der zulässigen Höchstgeschwindigkeit 60 km/h,Vorschriftzeichen nach Anlage 2 (zu § 41 Absatz 1 StVO),Vorschriftzeichen (regulatory),,,278-60.jpg,
278-70,Ende der zulässigen Höchstgeschwindigkeit 70 km/h,Vorschriftzeichen nach Anlage 2 (zu § 41 Absatz 1 StVO),Vorschriftzeichen (regulatory),,,278-70.jpg,
278-80,Ende der zulässigen Höchstgeschwindigkeit 80 km/h,Vorschriftzeichen nach Anlage 2 (zu § 41 Absatz 1 StVO),Vorschriftzeichen (regulatory),,,278-80.jpg,
278-90,Ende der zulässigen Höchstgeschwindigkeit 90 km/h,Vorschriftzeichen nach Anlage 2 (zu § 41 Absatz 1 StVO),Vorschriftzeichen (regulatory),,,278-90.jpg,
278-100,Ende der zulässigen Höchstgeschwindigkeit 100 km/h,Vorschriftzeichen nach Anlage 2 (zu § 41 Absatz 1 StVO),Vorschriftzeichen (regulatory),,,,
278-110,Ende der zulässigen Höchstgeschwindigkeit 110 km/h,Vorschriftzeichen nach Anlage 2 (zu § 41 Absatz 1 StVO),Vorschriftzeichen (regulatory),,,,
278-120,Ende der zulässigen Höchstgeschwindigkeit 120 km/h,Vorschriftzeichen nach Anlage 2 (zu § 41 Absatz 1 StVO),Vorschriftzeichen (regulatory),,,,
278-130,Ende der zulässigen Höchstgeschwindigkeit 130 km/h,Vorschriftzeichen nach Anlage 2 (zu § 41 Absatz 1 StVO),Vorschriftzeichen (regulatory),,,,
279,Ende der vorgeschriebenen Mindestgeschwindigkeit (Unternummer (nur volle Zehner) steht jeweils für den Zahlenwert),Vorschriftzeichen nach Anlage 2 (zu § 41 Absatz 1 StVO),Vorschriftzeichen (regulatory),,,279.jpg,
280,Ende des Überholverbots für Kraftfahrzeuge aller Art,Vorschriftzeichen nach Anlage 2 (zu § 41 Absatz 1 StVO),Vorschriftzeichen (regulatory),,,280.jpg,
281,"Ende des Überholverbots für Kraftfahrzeuge über 3,5 t",Vorschriftzeichen nach Anlage 2 (zu § 41 Absatz 1 StVO),Vorschriftzeichen (regulatory),,,281.jpg,
281.1,Ende des Verbots des Überholens von einspurigen Fahrzeugen für mehrspurige Kraftfahrzeuge und Krafträder mit Beiwagen,Vorschriftzeichen nach Anlage 2 (zu § 41 Absatz 1 StVO),Vorschriftzeichen (regulatory),Vz2017,Vz2017/Z-281.1/Z.281.1.EPS,,ENDE_DES_VERBOTS_DES_UEBERHOLENS_VON_EINSPURIGEN_FAHRZEUGEN_FUER_MEHRS_281.1.svg
282,Ende sämtlicher streckenbezogener Geschwindigkeitsbeschränkungen und Überholverbote,Vorschriftzeichen nach Anlage 2 (zu § 41 Absatz 1 StVO),Vorschriftzeichen (regulatory),,,282.jpg,
283,Absolutes Haltverbot,Vorschriftzeichen nach Anlage 2 (zu § 41 Absatz 1 StVO),Vorschriftzeichen (regulatory),,,283.jpg,
283-10,Absolutes Haltverbot - Anfang - Aufstellung rechts,Vorschriftzeichen nach Anlage 2 (zu § 41 Absatz 1 StVO),Vorschriftzeichen (regulatory),,,283-10.jpg,
283-11,Absolutes Haltverbot - Ende - Aufstellung links,Vorschriftzeichen nach Anlage 2 (zu § 41 Absatz 1 StVO),Vorschriftzeichen (regulatory),,,283-11.jpg,
283-20,Absolutes Haltverbot - Ende - Aufstellung rechts,Vorschriftzeichen nach Anlage 2 (zu § 41 Absatz 1 StVO),Vorschriftzeichen (regulatory),,,283-20.jpg,
283-21,Absolutes Haltverbot - Anfang - Aufstellung links,Vorschriftzeichen nach Anlage 2 (zu § 41 Absatz 1 StVO),Vorschriftzeichen (regulatory),,,283-21.jpg,
283-30,Absolutes Haltverbot - Mitte - Aufstellung rechts,Vorschriftzeichen nach Anlage 2 (zu § 41 Absatz 1 StVO),Vorschriftzeichen (regulatory),,,283-30.jpg,
283-31,Absolutes Haltverbot - Mitte - Aufstellung links,Vorschriftzeichen nach Anlage 2 (zu § 41 Absatz 1 StVO),Vorschriftzeichen (regulatory),,,283-31.jpg,
286,Eingeschränktes Haltverbot,Vorschriftzeichen nach Anlage 2 (zu § 41 Absatz 1 StVO),Vorschriftzeichen (regulatory),,,286.jpg,
286-10,Eingeschränktes Haltverbot - Anfang - Aufstellung rechts,Vorschriftzeichen nach Anlage 2 (zu § 41 Absatz 1 StVO),Vorschriftzeichen (regulatory),,,286-10.jpg,
286-11,Eingeschränktes Haltverbot - Ende - Aufstellung links,Vorschriftzeichen nach Anlage 2 (zu § 41 Absatz 1 StVO),Vorschriftzeichen (regulatory),,,286-11.jpg,
286-20,Eingeschränktes Haltverbot - Ende - Aufstellung rechts,Vorschriftzeichen nach Anlage 2 (zu § 41 Absatz 1 StVO),Vorschriftzeichen (regulatory),,,286-20.jpg,
286-21,Eingeschränktes Haltverbot - Anfang - Aufstellung links,Vorschriftzeichen nach Anlage 2 (zu § 41 Absatz 1 StVO),Vorschriftzeichen (regulatory),,,286-21.jpg,
286-30,Eingeschränktes Haltverbot - Mitte - Aufstellung rechts,Vorschriftzeichen nach Anlage 2 (zu § 41 Absatz 1 StVO),Vorschriftzeichen (regulatory),,,286-30.jpg,
286-31,Eingeschränktes Haltverbot - Mitte - Aufstellung links,Vorschriftzeichen nach Anlage 2 (zu § 41 Absatz 1 StVO),Vorschriftzeichen (regulatory),,,286-31.jpg,
290.1,Beginn eines eingeschränkten Haltverbotes für eine Zone,Vorschriftzeichen nach Anlage 2 (zu § 41 Absatz 1 StVO),Vorschriftzeichen (regulatory),,,290.1.jpg,
290.1-40,Beginn eines eingeschränkten Haltverbotes für eine Zone - doppelseitig (Rückseite Z 290.2),Vorschriftzeichen nach Anlage 2 (zu § 41 Absatz 1 StVO),Vorschriftzeichen (regulatory),,,,
290.2,Ende eines eingeschränkten Haltverbotes für eine Zone Markierungen,Vorschriftzeichen nach Anlage 2 (zu § 41 Absatz 1 StVO),Vorschriftzeichen (regulatory),,,290.2.jpg,
293,Fußgängerüberweg,Vorschriftzeichen nach Anlage 2 (zu § 41 Absatz 1 StVO),Vorschriftzeichen (regulatory),,,293.jpg,
294,Haltlinie,Vorschriftzeichen nach Anlage 2 (zu § 41 Absatz 1 StVO),Vorschriftzeichen (regulatory),,,294.jpg,
295,Fahrstreifenbegrenzung und Fahrbahnbegrenzung,Vorschriftzeichen nach Anlage 2 (zu § 41 Absatz 1 StVO),Vorschriftzeichen (regulatory),,,295.jpg,
296,Einseitige Fahrstreifenbegrenzung,Vorschriftzeichen nach Anlage 2 (zu § 41 Absatz 1 StVO),Vorschriftzeichen (regulatory),,,296.jpg,
297,Pfeilmarkierungen,Vorschriftzeichen nach Anlage 2 (zu § 41 Absatz 1 StVO),Vorschriftzeichen (regulatory),,,297.jpg,
297.1,Vorankündigungspfeil,Vorschriftzeichen nach Anlage 2 (zu § 41 Absatz 1 StVO),Vorschriftzeichen (regulatory),,,,
297.1-21,Vorankündigungspfeil - zur Anzeige eines Fahrstreifenendes,Vorschriftzeichen nach Anlage 2 (zu § 41 Absatz 1 StVO),Vorschriftzeichen (regulatory),,,,
298,Sperrfläche,Vorschriftzeichen nach Anlage 2 (zu § 41 Absatz 1 StVO),Vorschriftzeichen (regulatory),,,298.jpg,
299,Grenzmarkierung für Halt- oder Parkverbote,Vorschriftzeichen nach Anlage 2 (zu § 41 Absatz 1 StVO),Vorschriftzeichen (regulatory),,,299.jpg,
301,Vorfahrt,Richtzeichen nach Anlage 3 (zu § 42 Absatz 2 StVO),Richtzeichen (guide),,,301.jpg,
306,Vorfahrtstraße,Richtzeichen nach Anlage 3 (zu § 42 Absatz 2 StVO),Richtzeichen (guide),,,306.jpg,
307,Ende der Vorfahrtstraße,Richtzeichen nach Anlage 3 (zu § 42 Absatz 2 StVO),Richtzeichen (guide),,,307.jpg,
308,Vorrang vor dem Gegenverkehr,Richtzeichen nach Anlage 3 (zu § 42 Absatz 2 StVO),Richtzeichen (guide),,,308.jpg,
310,Ortstafel Vorderseite,Richtzeichen nach Anlage 3 (zu § 42 Absatz 2 StVO),Richtzeichen (guide),,,310.jpg,
310-40,Ortstafel Vorderseite - doppelseitig (Rückseite Z 311),Richtzeichen nach Anlage 3 (zu § 42 Absatz 2 StVO),Richtzeichen (guide),,,,
311,Ortstafel Rückseite,Richtzeichen nach Anlage 3 (zu § 42 Absatz 2 StVO),Richtzeichen (guide),,,311.jpg,
311.1,Ortstafel Rückseite - ohne Zielangabe,Richtzeichen nach Anlage 3 (zu § 42 Absatz 2 StVO),Richtzeichen (guide),Vz2017,Vz2017/311-1/311.1.eps,,ORTSTAFEL_RUECKSEITE_OHNE_ZIELANGABE_311.1.svg
314,Parken,Richtzeichen nach Anlage 3 (zu § 42 Absatz 2 StVO),Richtzeichen (guide),,,314.jpg,
314-10,Parken - Anfang (Aufstellung rechts) oder Ende (Aufstellung links),Richtzeichen nach Anlage 3 (zu § 42 Absatz 2 StVO),Richtzeichen (guide),,,314-10.jpg,
314-20,Parken - Ende (Aufstellung rechts) oder Anfang (Aufstellung links),Richtzeichen nach Anlage 3 (zu § 42 Absatz 2 StVO),Richtzeichen (guide),,,314-20.jpg,
314-30,Parken - Mitte (Aufstellung rechts),Richtzeichen nach Anlage 3 (zu § 42 Absatz 2 StVO),Richtzeichen (guide),,,314-30.jpg,
314-31,Parken - Mitte (Aufstellung links),Richtzeichen nach Anlage 3 (zu § 42 Absatz 2 StVO),Richtzeichen (guide),Vz2017,Vz2017/Z-314-31/314-31.EPS,,PARKEN_MITTE_AUFSTELLUNG_LINKS_314-31.svg
314-50,"Parkhaus, Parkgarage",Richtzeichen nach Anlage 3 (zu § 42 Absatz 2 StVO),Richtzeichen (guide),Musterdateien,Musterdateien/eps/314-50.EPS,314-50.jpg,PARKHAUS_PARKGARAGE_314-50.svg
314.1,Beginn einer Parkraumbewirtschaftungszone,Richtzeichen nach Anlage 3 (zu § 42 Absatz 2 StVO),Richtzeichen (guide),,,314.1.jpg,
314.1-40,Beginn einer Parkraumbewirtschaftungszone - doppelseitig (Rückseite Z 314.2),Richtzeichen nach Anlage 3 (zu § 42 Absatz 2 StVO),Richtzeichen (guide),,,,
314.2,Ende einer Parkraumbewirtschaftungszone,Richtzeichen nach Anlage 3 (zu § 42 Absatz 2 StVO),Richtzeichen (guide),,,314.2.jpg,
315,Parken auf Gehwegen,Richtzeichen nach Anlage 3 (zu § 42 Absatz 2 StVO),Richtzeichen (guide),,,,
315-50,Parken auf Gehwegen - halb in Fahrtrichtung links,Richtzeichen nach Anlage 3 (zu § 42 Absatz 2 StVO),Richtzeichen (guide),,,,
315-51,Parken auf Gehwegen - halb in Fahrtrichtung links Anfang,Richtzeichen nach Anlage 3 (zu § 42 Absatz 2 StVO),Richtzeichen (guide),,,,
315-52,Parken auf Gehwegen - halb in Fahrtrichtung links Ende,Richtzeichen nach Anlage 3 (zu § 42 Absatz 2 StVO),Richtzeichen (guide),,,,
315-53,Parken auf Gehwegen - halb in Fahrtrichtung links Mitte,Richtzeichen nach Anlage 3 (zu § 42 Absatz 2 StVO),Richtzeichen (guide),,,,
315-55,Parken auf Gehwegen - halb in Fahrtrichtung rechts,Richtzeichen nach Anlage 3 (zu § 42 Absatz 2 StVO),Richtzeichen (guide),,,315-55.jpg,
315-56,Parken auf Gehwegen - halb in Fahrtrichtung rechts Anfang,Richtzeichen nach Anlage 3 (zu § 42 Absatz 2 StVO),Richtzeichen (guide),,,,
315-57,Parken auf Gehwegen - halb in Fahrtrichtung rechts Ende,Richtzeichen nach Anlage 3 (zu § 42 Absatz 2 StVO),Richtzeichen (guide),,,,
315-58,Parken auf Gehwegen - halb in Fahrtrichtung rechts Mitte,Richtzeichen nach Anlage 3 (zu § 42 Absatz 2 StVO),Richtzeichen (guide),,,,
315-60,Parken auf Gehwegen - ganz in Fahrtrichtung links,Richtzeichen nach Anlage 3 (zu § 42 Absatz 2 StVO),Richtzeichen (guide),,,,
315-61,Parken auf Gehwegen - ganz in Fahrtrichtung links Anfang,Richtzeichen nach Anlage 3 (zu § 42 Absatz 2 StVO),Richtzeichen (guide),,,,
315-62,Parken auf Gehwegen - ganz in Fahrtrichtung links Ende,Richtzeichen nach Anlage 3 (zu § 42 Absatz 2 StVO),Richtzeichen (guide),,,,
315-63,Parken auf Gehwegen - ganz in Fahrtrichtung links Mitte,Richtzeichen nach Anlage 3 (zu § 42 Absatz 2 StVO),Richtzeichen (guide),,,,
315-65,Parken auf Gehwegen - ganz in Fahrtrichtung rechts,Richtzeichen nach Anlage 3 (zu § 42 Absatz 2 StVO),Richtzeichen (guide),,,,
315-66,Parken auf Gehwegen - ganz in Fahrtrichtung rechts Anfang,Richtzeichen nach Anlage 3 (zu § 42 Absatz 2 StVO),Richtzeichen (guide),,,315-66.jpg,
315-67,Parken auf Gehwegen - ganz in Fahrtrichtung rechts Ende,Richtzeichen nach Anlage 3 (zu § 42 Absatz 2 StVO),Richtzeichen (guide),,,,
315-68,Parken auf Gehwegen - ganz in Fahrtrichtung rechts Mitte,Richtzeichen nach Anlage 3 (zu § 42 Absatz 2 StVO),Richtzeichen (guide),,,,
315-70,Parken auf Gehwegen - halb quer zur Fahrtrichtung links,Richtzeichen nach Anlage 3 (zu § 42 Absatz 2 StVO),Richtzeichen (guide),,,,
315-71,Parken auf Gehwegen - halb quer zur Fahrtrichtung links Anfang,Richtzeichen nach Anlage 3 (zu § 42 Absatz 2 StVO),Richtzeichen (guide),,,315-71.jpg,
315-72,Parken auf Gehwegen - halb quer zur Fahrtrichtung links Ende,Richtzeichen nach Anlage 3 (zu § 42 Absatz 2 StVO),Richtzeichen (guide),,,,
315-73,Parken auf Gehwegen - halb quer zur Fahrtrichtung links Mitte,Richtzeichen nach Anlage 3 (zu § 42 Absatz 2 StVO),Richtzeichen (guide),,,,
315-75,Parken auf Gehwegen - halb quer zur Fahrtrichtung rechts,Richtzeichen nach Anlage 3 (zu § 42 Absatz 2 StVO),Richtzeichen (guide),,,,
315-76,Parken auf Gehwegen - halb quer zur Fahrtrichtung rechts Anfang,Richtzeichen nach Anlage 3 (zu § 42 Absatz 2 StVO),Richtzeichen (guide),,,,
315-77,Parken auf Gehwegen - halb quer zur Fahrtrichtung rechts Ende,Richtzeichen nach Anlage 3 (zu § 42 Absatz 2 StVO),Richtzeichen (guide),,,,
315-78,Parken auf Gehwegen - halb quer zur Fahrtrichtung rechts Mitte,Richtzeichen nach Anlage 3 (zu § 42 Absatz 2 StVO),Richtzeichen (guide),,,,
315-80,Parken auf Gehwegen - ganz quer zur Fahrtrichtung links,Richtzeichen nach Anlage 3 (zu § 42 Absatz 2 StVO),Richtzeichen (guide),,,,
315-81,Parken auf Gehwegen - ganz quer zur Fahrtrichtung links Anfang,Richtzeichen nach Anlage 3 (zu § 42 Absatz 2 StVO),Richtzeichen (guide),,,,
315-82,Parken auf Gehwegen - ganz quer zur Fahrtrichtung links Ende,Richtzeichen nach Anlage 3 (zu § 42 Absatz 2 StVO),Richtzeichen (guide),,,,
315-83,Parken auf Gehwegen - ganz quer zur Fahrtrichtung links Mitte,Richtzeichen nach Anlage 3 (zu § 42 Absatz 2 StVO),Richtzeichen (guide),,,,
315-85,Parken auf Gehwegen - ganz quer zur Fahrtrichtung rechts,Richtzeichen nach Anlage 3 (zu § 42 Absatz 2 StVO),Richtzeichen (guide),,,,
315-86,Parken auf Gehwegen - ganz quer zur Fahrtrichtung rechts Anfang,Richtzeichen nach Anlage 3 (zu § 42 Absatz 2 StVO),Richtzeichen (guide),,,,
315-87,Parken auf Gehwegen - ganz quer zur Fahrtrichtung rechts Ende,Richtzeichen nach Anlage 3 (zu § 42 Absatz 2 StVO),Richtzeichen (guide),,,,
315-88,Parken auf Gehwegen - ganz quer zur Fahrtrichtung rechts Mitte,Richtzeichen nach Anlage 3 (zu § 42 Absatz 2 StVO),Richtzeichen (guide),,,315-88.jpg,
316,Parken und Reisen,Richtzeichen nach Anlage 3 (zu § 42 Absatz 2 StVO),Richtzeichen (guide),,,316.jpg,
316-50,Parken und Mitfahren,Richtzeichen nach Anlage 3 (zu § 42 Absatz 2 StVO),Richtzeichen (guide),,,316-50.jpg,
317,Wandererparkplatz,Richtzeichen nach Anlage 3 (zu § 42 Absatz 2 StVO),Richtzeichen (guide),,,317.jpg,
318,Parkscheibe,Richtzeichen nach Anlage 3 (zu § 42 Absatz 2 StVO),Richtzeichen (guide),,,318.jpg,
325.1,Beginn eines verkehrsberuhigten Bereichs,Richtzeichen nach Anlage 3 (zu § 42 Absatz 2 StVO),Richtzeichen (guide),,,325.1.jpg,
325.1-40,Beginn eines verkehrsberuhigten Bereichs - doppelseitig (Rückseite Z 325.2),Richtzeichen nach Anlage 3 (zu § 42 Absatz 2 StVO),Richtzeichen (guide),,,,
325.2,Ende eines verkehrsberuhigten Bereichs,Richtzeichen nach Anlage 3 (zu § 42 Absatz 2 StVO),Richtzeichen (guide),,,325.2.jpg,
327,Tunnel,Richtzeichen nach Anlage 3 (zu § 42 Absatz 2 StVO),Richtzeichen (guide),,,327.jpg,
327-50,Tunnel mit Längenangabe in m,Richtzeichen nach Anlage 3 (zu § 42 Absatz 2 StVO),Richtzeichen (guide),,,327-50.jpg,
327-51,Tunnel mit Längenangabe in km,Richtzeichen nach Anlage 3 (zu § 42 Absatz 2 StVO),Richtzeichen (guide),,,327-51.jpg,
328,Nothalte- und Pannenbucht,Richtzeichen nach Anlage 3 (zu § 42 Absatz 2 StVO),Richtzeichen (guide),,,328.jpg,
330.1,Autobahn,Richtzeichen nach Anlage 3 (zu § 42 Absatz 2 StVO),Richtzeichen (guide),,,330.1.jpg,
330.2,Ende der Autobahn,Richtzeichen nach Anlage 3 (zu § 42 Absatz 2 StVO),Richtzeichen (guide),,,330.2.jpg,
331.1,Kraftfahrstraße,Richtzeichen nach Anlage 3 (zu § 42 Absatz 2 StVO),Richtzeichen (guide),,,331.1.jpg,
331.2,Ende der Kraftfahrstraße,Richtzeichen nach Anlage 3 (zu § 42 Absatz 2 StVO),Richtzeichen (guide),,,331.2.jpg,
332,Ausfahrttafel auf der Autobahn,Richtzeichen nach Anlage 3 (zu § 42 Absatz 2 StVO),Richtzeichen (guide),,,332.jpg,
332.1,Ausfahrttafel auf anderen Straßen außerhalb der Autobahn,Richtzeichen nach Anlage 3 (zu § 42 Absatz 2 StVO),Richtzeichen (guide),,,332.1.jpg,
332.1-20,Ausfahrttafel auf anderen Straßen außerhalb der Autobahn - in weiß,Richtzeichen nach Anlage 3 (zu § 42 Absatz 2 StVO),Richtzeichen (guide),,,332.1-20.jpg,
333,Ausfahrt von der Autobahn,Richtzeichen nach Anlage 3 (zu § 42 Absatz 2 StVO),Richtzeichen (guide),,,333.jpg,
333.1,Ausfahrt von anderen Straßen außerhalb der Autobahn,Richtzeichen nach Anlage 3 (zu § 42 Absatz 2 StVO),Richtzeichen (guide),,,333.1.jpg,
333.1-20,Ausfahrt von anderen Straßen außerhalb der Autobahn - in weiß,Richtzeichen nach Anlage 3 (zu § 42 Absatz 2 StVO),Richtzeichen (guide),,,333.1-20.jpg,
340,Leitlinie,Richtzeichen nach Anlage 3 (zu § 42 Absatz 2 StVO),Richtzeichen (guide),,,,
341,Wartelinie,Richtzeichen nach Anlage 3 (zu § 42 Absatz 2 StVO),Richtzeichen (guide),,,,
342,Haifischzähne,Richtzeichen nach Anlage 3 (zu § 42 Absatz 2 StVO),Richtzeichen (guide),Vz2017,Vz2017/Z-342/Z-342.eps,,HAIFISCHZAEHNE_342.svg
350,Fußgängerüberweg,Richtzeichen nach Anlage 3 (zu § 42 Absatz 2 StVO),Richtzeichen (guide),,,,
350-10,Fußgängerüberweg - Aufstellung rechts,Richtzeichen nach Anlage 3 (zu § 42 Absatz 2 StVO),Richtzeichen (guide),,,350-10.jpg,
350-20,Fußgängerüberweg - Aufstellung links,Richtzeichen nach Anlage 3 (zu § 42 Absatz 2 StVO),Richtzeichen (guide),,,350-20.jpg,
350-40,Fußgängerüberweg - doppelseitig (-10/ -20),Richtzeichen nach Anlage 3 (zu § 42 Absatz 2 StVO),Richtzeichen (guide),,,,
350.1,Radschnellweg,Richtzeichen nach Anlage 3 (zu § 42 Absatz 2 StVO),Richtzeichen (guide),Vz2017,Vz2017/Z-350.1/Z-350.1.EPS,,RADSCHNELLWEG_350.1.svg
350.1-10,Radschnellweg – Aufstellung rechts,Richtzeichen nach Anlage 3 (zu § 42 Absatz 2 StVO),Richtzeichen (guide),,,,
350.1-20,Radschnellweg – Aufstellung links,Richtzeichen nach Anlage 3 (zu § 42 Absatz 2 StVO),Richtzeichen (guide),,,,
350.2,Ende des Radschnellwegs,Richtzeichen nach Anlage 3 (zu § 42 Absatz 2 StVO),Richtzeichen (guide),Vz2017,Vz2017/Z-350.2/Z-350.2.EPS,,ENDE_DES_RADSCHNELLWEGS_350.2.svg
350.2-10,Ende des Radschnellwegs - Aufstellung rechts,Richtzeichen nach Anlage 3 (zu § 42 Absatz 2 StVO),Richtzeichen (guide),,,,
350.2-20,Ende des Radschnellwegs - Aufstellung links,Richtzeichen nach Anlage 3 (zu § 42 Absatz 2 StVO),Richtzeichen (guide),,,,
354,Wasserschutzgebiet,Richtzeichen nach Anlage 3 (zu § 42 Absatz 2 StVO),Richtzeichen (guide),,,354.jpg,
356,Verkehrshelfer,Richtzeichen nach Anlage 3 (zu § 42 Absatz 2 StVO),Richtzeichen (guide),,,356.jpg,
357,Sackgasse,Richtzeichen nach Anlage 3 (zu § 42 Absatz 2 StVO),Richtzeichen (guide),,,357.jpg,
357-50,Sackgasse - für Radverkehr und Fußgänger durchlässige Sackgasse,Richtzeichen nach Anlage 3 (zu § 42 Absatz 2 StVO),Richtzeichen (guide),,,357-50.jpg,
357-51,Sackgasse - für Fußgänger durchlässige Sackgasse,Richtzeichen nach Anlage 3 (zu § 42 Absatz 2 StVO),Richtzeichen (guide),,,357-51.jpg,
357-52,Sackgasse - für Radverkehr durchlässige Sackgasse,Richtzeichen nach Anlage 3 (zu § 42 Absatz 2 StVO),Richtzeichen (guide),,,357-52.jpg,
358,Erste Hilfe,Richtzeichen nach Anlage 3 (zu § 42 Absatz 2 StVO),Richtzeichen (guide),,,358.jpg,
363,Polizei,Richtzeichen nach Anlage 3 (zu § 42 Absatz 2 StVO),Richtzeichen (guide),,,363.jpg,
365-50,Fernsprecher,Richtzeichen nach Anlage 3 (zu § 42 Absatz 2 StVO),Richtzeichen (guide),,,365-50.jpg,
365-51,Notrufsäule,Richtzeichen nach Anlage 3 (zu § 42 Absatz 2 StVO),Richtzeichen (guide),,,365-51.jpg,
365-52,Tankstelle,Richtzeichen nach Anlage 3 (zu § 42 Absatz 2 StVO),Richtzeichen (guide),,,365-52.jpg;365-52alt.jpg,
365-53,Tankstelle mit Autogas,Richtzeichen nach Anlage 3 (zu § 42 Absatz 2 StVO),Richtzeichen (guide),,,365-53.jpg,
365-54,Tankstelle mit Erdgas,Richtzeichen nach Anlage 3 (zu § 42 Absatz 2 StVO),Richtzeichen (guide),,,365-54.jpg,
365-55,Autobahnhotel,Richtzeichen nach Anlage 3 (zu § 42 Absatz 2 StVO),Richtzeichen (guide),,,365-55.jpg,
365-56,Autobahngasthaus,Richtzeichen nach Anlage 3 (zu § 42 Absatz 2 StVO),Richtzeichen (guide),,,365-56.jpg,
365-57,Autobahnkiosk,Richtzeichen nach Anlage 3 (zu § 42 Absatz 2 StVO),Richtzeichen (guide),,,365-57.jpg,
365-58,Toilette,Richtzeichen nach Anlage 3 (zu § 42 Absatz 2 StVO),Richtzeichen (guide),,,365-58.jpg,
365-59,Autobahnkapelle,Richtzeichen nach Anlage 3 (zu § 42 Absatz 2 StVO),Richtzeichen (guide),,,365-59.jpg,
365-60,Zelt- und Wohnwagenplatz,Richtzeichen nach Anlage 3 (zu § 42 Absatz 2 StVO),Richtzeichen (guide),,,365-60.jpg;365-60alt.jpg,
365-61,Informationsstelle,Richtzeichen nach Anlage 3 (zu § 42 Absatz 2 StVO),Richtzeichen (guide),,,365-61.jpg,
365-62,Pannenhilfe,Richtzeichen nach Anlage 3 (zu § 42 Absatz 2 StVO),Richtzeichen (guide),,,365-62.jpg,
365-63,Fußgängerunterführung,Richtzeichen nach Anlage 3 (zu § 42 Absatz 2 StVO),Richtzeichen (guide),,,365-63.jpg,
365-64,Fußgängerüberführung,Richtzeichen nach Anlage 3 (zu § 42 Absatz 2 StVO),Richtzeichen (guide),,,365-64.jpg,
365-65,Ladestation für Elektrofahrzeuge,Richtzeichen nach Anlage 3 (zu § 42 Absatz 2 StVO),Richtzeichen (guide),,,365-65.jpg,
365-66,Wasserstofftankstelle,Richtzeichen nach Anlage 3 (zu § 42 Absatz 2 StVO),Richtzeichen (guide),,,365-66.jpg,
365-67,Wohnmobilplatz,Richtzeichen nach Anlage 3 (zu § 42 Absatz 2 StVO),Richtzeichen (guide),,,365-67.jpg,
365-68,Wohnmobil- und Wohnwagenplatz,Richtzeichen nach Anlage 3 (zu § 42 Absatz 2 StVO),Richtzeichen (guide),,,365-68.jpg,
365-69,Tankstelle mit Flüssigerdgas,Richtzeichen nach Anlage 3 (zu § 42 Absatz 2 StVO),Richtzeichen (guide),Vz2017,Vz2017/Z-365-69/365-69-LNG.eps,,TANKSTELLE_MIT_FLUESSIGERDGAS_365-69.svg
365-70,Tankmöglichkeit verschiedene Kraftstoffarten,Richtzeichen nach Anlage 3 (zu § 42 Absatz 2 StVO),Richtzeichen (guide),Vz2017,Vz2017/Z-365-70/365-70-verschiedene Tanksorten.eps,,TANKMOEGLICHKEIT_VERSCHIEDENE_KRAFTSTOFFARTEN_365-70.svg
365-71,Tankmöglichkeit alle Kraftstoffarten,Richtzeichen nach Anlage 3 (zu § 42 Absatz 2 StVO),Richtzeichen (guide),Vz2017,Vz2017/Z-365-71/365-71-alle Tanksorten.eps,,TANKMOEGLICHKEIT_ALLE_KRAFTSTOFFARTEN_365-71.svg
385,Ortshinweistafel,Richtzeichen nach Anlage 3 (zu § 42 Absatz 2 StVO),Richtzeichen (guide),,,385.jpg,
386.1,Touristischer Hinweis,Richtzeichen nach Anlage 3 (zu § 42 Absatz 2 StVO),Richtzeichen (guide),,,386.1.jpg,
386.1-10,Touristischer Hinweis als Wegweiser - Wegweiser linksweisend,Richtzeichen nach Anlage 3 (zu § 42 Absatz 2 StVO),Richtzeichen (guide),,,,
386.1-11,Touristischer Hinweis als Wegweiser - Vorwegweiser linksweisend,Richtzeichen nach Anlage 3 (zu § 42 Absatz 2 StVO),Richtzeichen (guide),,,386.1-11.jpg,
386.1-12,Touristischer Hinweis als Wegweiser - Pfeilwegweiser linksweisend,Richtzeichen nach Anlage 3 (zu § 42 Absatz 2 StVO),Richtzeichen (guide),,,386.1-12.jpg,
386.1-20,Touristischer Hinweis als Wegweiser - Wegweiser rechtsweisend,Richtzeichen nach Anlage 3 (zu § 42 Absatz 2 StVO),Richtzeichen (guide),,,,
386.1-21,Touristischer Hinweis als Wegweiser - Vorwegweiser rechtsweisend,Richtzeichen nach Anlage 3 (zu § 42 Absatz 2 StVO),Richtzeichen (guide),,,,
386.1-22,Touristischer Hinweis als Wegweiser - Pfeilwegweiser rechtsweisend,Richtzeichen nach Anlage 3 (zu § 42 Absatz 2 StVO),Richtzeichen (guide),,,,
386.1-30,Touristischer Hinweis als Wegweiser - Vor-/ Wegweiser geradeaus,Richtzeichen nach Anlage 3 (zu § 42 Absatz 2 StVO),Richtzeichen (guide),,,386.1-30.jpg,
386.1-40,Touristischer Hinweis als Wegweiser - Pfeilwegweiser doppelseitig,Richtzeichen nach Anlage 3 (zu § 42 Absatz 2 StVO),Richtzeichen (guide),,,,
386.1-50,"Touristischer Hinweis mit Bezugsziel - Variante ""in""",Richtzeichen nach Anlage 3 (zu § 42 Absatz 2 StVO),Richtzeichen (guide),,,386.1-50.jpg,
386.1-51,"Touristischer Hinweis mit Bezugsziel - Variante ""via""",Richtzeichen nach Anlage 3 (zu § 42 Absatz 2 StVO),Richtzeichen (guide),,,386.1-51.jpg,
386.1-52,"Touristischer Hinweis mit Bezugsziel - Variante ""Richtung""",Richtzeichen nach Anlage 3 (zu § 42 Absatz 2 StVO),Richtzeichen (guide),,,386.1-52.jpg,
386.1-53,Touristischer Hinweis Fluss oder Kanal,Richtzeichen nach Anlage 3 (zu § 42 Absatz 2 StVO),Richtzeichen (guide),,,386.1-53.jpg,
386.2,Touristische Route,Richtzeichen nach Anlage 3 (zu § 42 Absatz 2 StVO),Richtzeichen (guide),,,386.2.jpg,
386.2-10,Touristische Route - Wegweiser linksweisend,Richtzeichen nach Anlage 3 (zu § 42 Absatz 2 StVO),Richtzeichen (guide),,,386.2-10.jpg,
386.2-11,Touristische Route - Vorwegweiser linksweisend,Richtzeichen nach Anlage 3 (zu § 42 Absatz 2 StVO),Richtzeichen (guide),,,386.2-11.jpg,
386.2-12,Touristische Route - Pfeilwegweiser linksweisend,Richtzeichen nach Anlage 3 (zu § 42 Absatz 2 StVO),Richtzeichen (guide),,,386.2-12.jpg,
386.2-20,Touristische Route - Wegweiser rechtsweisend,Richtzeichen nach Anlage 3 (zu § 42 Absatz 2 StVO),Richtzeichen (guide),,,,
386.2-21,Touristische Route - Vorwegweiser rechtsweisend,Richtzeichen nach Anlage 3 (zu § 42 Absatz 2 StVO),Richtzeichen (guide),,,,
386.2-22,Touristische Route - Pfeilwegweiser rechtsweisend,Richtzeichen nach Anlage 3 (zu § 42 Absatz 2 StVO),Richtzeichen (guide),,,,
386.2-30,Touristische Route - Vor-/ Wegweiser geradeaus,Richtzeichen nach Anlage 3 (zu § 42 Absatz 2 StVO),Richtzeichen (guide),,,386.2-30.jpg,
386.2-40,Touristische Route - Pfeilwegweiser doppelseitig,Richtzeichen nach Anlage 3 (zu § 42 Absatz 2 StVO),Richtzeichen (guide),,,,
386.2-51,"Touristische Route - Hinweis mit Bezugsziel, Variante ""via""",Richtzeichen nach Anlage 3 (zu § 42 Absatz 2 StVO),Richtzeichen (guide),,,386.2-51.jpg,
386.2-52,"Touristische Route - Hinweis mit Bezugsziel, Variante ""Richtung""",Richtzeichen nach Anlage 3 (zu § 42 Absatz 2 StVO),Richtzeichen (guide),,,386.2-52.jpg,
386.2-53,Touristische Route als Hinweisschild,Richtzeichen nach Anlage 3 (zu § 42 Absatz 2 StVO),Richtzeichen (guide),,,386.2-53.jpg,
386.3,Touristische Unterrichtungstafel,Richtzeichen nach Anlage 3 (zu § 42 Absatz 2 StVO),Richtzeichen (guide),,,386.3.jpg,
386.3-50,"Touristische Unterrichtungstafel - Erinnerungstafel gemäß ""Brocken-Erklärung""",Richtzeichen nach Anlage 3 (zu § 42 Absatz 2 StVO),Richtzeichen (guide),,,386.3-50.jpg,
390,Mautpflicht nach dem Bundesfernstraßenmautgesetz,Richtzeichen nach Anlage 3 (zu § 42 Absatz 2 StVO),Richtzeichen (guide),,,390.jpg,
390.2,Ende der Mautpflicht nach dem Bundesfernstraßenmautgesetz,Richtzeichen nach Anlage 3 (zu § 42 Absatz 2 StVO),Richtzeichen (guide),,,390.2.jpg,
391,Mautpflichtige Strecke,Richtzeichen nach Anlage 3 (zu § 42 Absatz 2 StVO),Richtzeichen (guide),,,391.jpg,
392,Zollstelle,Richtzeichen nach Anlage 3 (zu § 42 Absatz 2 StVO),Richtzeichen (guide),,,,
393,Informationstafel an Grenzübergangsstellen,Richtzeichen nach Anlage 3 (zu § 42 Absatz 2 StVO),Richtzeichen (guide),,,393.jpg,
394,Laternenring,Richtzeichen nach Anlage 3 (zu § 42 Absatz 2 StVO),Richtzeichen (guide),,,394.jpg,
394-50,Laternenring - Schild,Richtzeichen nach Anlage 3 (zu § 42 Absatz 2 StVO),Richtzeichen (guide),,,394-50.jpg,
401,Bundesstraßen,Richtzeichen nach Anlage 3 (zu § 42 Absatz 2 StVO),Richtzeichen (guide),,,401.jpg,
405,Autobahnen,Richtzeichen nach Anlage 3 (zu § 42 Absatz 2 StVO),Richtzeichen (guide),,,405.jpg,
406,Knotenpunkte der Autobahnen,Richtzeichen nach Anlage 3 (zu § 42 Absatz 2 StVO),Richtzeichen (guide),,,,
406-50,Knotenpunkte der Autobahnen - ein- oder zweistellige Nummer,Richtzeichen nach Anlage 3 (zu § 42 Absatz 2 StVO),Richtzeichen (guide),,,406-50.jpg,
406-51,Knotenpunkte der Autobahnen - drei- oder mehrstellige Nummer,Richtzeichen nach Anlage 3 (zu § 42 Absatz 2 StVO),Richtzeichen (guide),,,406-51.jpg,
410,Europastraßen,Richtzeichen nach Anlage 3 (zu § 42 Absatz 2 StVO),Richtzeichen (guide),,,410.jpg,
415,Pfeilwegweiser auf Bundesstraßen,Richtzeichen nach Anlage 3 (zu § 42 Absatz 2 StVO),Richtzeichen (guide),,,,
415-10,Pfeilwegweiser auf Bundesstraßen - linksweisend,Richtzeichen nach Anlage 3 (zu § 42 Absatz 2 StVO),Richtzeichen (guide),,,415-10.jpg,
415-20,Pfeilwegweiser auf Bundesstraßen - rechtsweisend,Richtzeichen nach Anlage 3 (zu § 42 Absatz 2 StVO),Richtzeichen (guide),,,,
415-40,Pfeilwegweiser auf Bundesstraßen - doppelseitig,Richtzeichen nach Anlage 3 (zu § 42 Absatz 2 StVO),Richtzeichen (guide),,,,
418,Pfeilwegweiser auf sonstigen Straßen,Richtzeichen nach Anlage 3 (zu § 42 Absatz 2 StVO),Richtzeichen (guide),,,,
418-10,Pfeilwegweiser auf sonstigen Straßen - linksweisend,Richtzeichen nach Anlage 3 (zu § 42 Absatz 2 StVO),Richtzeichen (guide),,,418-10.jpg,
418-20,Pfeilwegweiser auf sonstigen Straßen - rechtsweisend,Richtzeichen nach Anlage 3 (zu § 42 Absatz 2 StVO),Richtzeichen (guide),,,,
418-40,Pfeilwegweiser auf sonstigen Straßen - doppelseitig,Richtzeichen nach Anlage 3 (zu § 42 Absatz 2 StVO),Richtzeichen (guide),,,,
419,Pfeilwegweiser auf sonstigen Straßen mit geringerer Verkehrsbedeutung,Richtzeichen nach Anlage 3 (zu § 42 Absatz 2 StVO),Richtzeichen (guide),,,,
419-10,Pfeilwegweiser auf sonstigen Straßen mit geringerer Verkehrsbedeutung - linksweisend,Richtzeichen nach Anlage 3 (zu § 42 Absatz 2 StVO),Richtzeichen (guide),,,419-10.jpg,
419-20,Pfeilwegweiser auf sonstigen Straßen mit geringerer Verkehrsbedeutung - rechtsweisend,Richtzeichen nach Anlage 3 (zu § 42 Absatz 2 StVO),Richtzeichen (guide),,,419-20.jpg,
419-40,Pfeilwegweiser auf sonstigen Straßen mit geringerer Verkehrsbedeutung - doppelseitig,Richtzeichen nach Anlage 3 (zu § 42 Absatz 2 StVO),Richtzeichen (guide),,,,
421,Pfeilwegweiser für bestimmte Verkehrsarten,Richtzeichen nach Anlage 3 (zu § 42 Absatz 2 StVO),Richtzeichen (guide),,,,
421-10,"Pfeilwegweiser für bestimmte Verkehrsarten, KFZ mit einer zulässigen Gesamtmasse über 3,5 t - linksweisend",Richtzeichen nach Anlage 3 (zu § 42 Absatz 2 StVO),Richtzeichen (guide),,,421-10.jpg,
421-11,"Pfeilwegweiser für bestimmte Verkehrsarten, kennzeichnungspflichtige Fahrzeuge mit gefährlichen Gütern - linksweisend",Richtzeichen nach Anlage 3 (zu § 42 Absatz 2 StVO),Richtzeichen (guide),,,421-11.jpg,
421-12,"Pfeilwegweiser für bestimmte Verkehrsarten, Fahrzeuge mit wassergefährdender Ladung - linksweisend",Richtzeichen nach Anlage 3 (zu § 42 Absatz 2 StVO),Richtzeichen (guide),,,421-12.jpg,
421-20,"Pfeilwegweiser für bestimmte Verkehrsarten, KFZ mit einer zulässigen Gesamtmasse über 3,5 t - rechtsweisend",Richtzeichen nach Anlage 3 (zu § 42 Absatz 2 StVO),Richtzeichen (guide),,,,
421-21,"Pfeilwegweiser für bestimmte Verkehrsarten, kennzeichnungspflichtige Fahrzeuge mit gefährlichen Gütern - rechtsweisend",Richtzeichen nach Anlage 3 (zu § 42 Absatz 2 StVO),Richtzeichen (guide),,,,
421-22,"Pfeilwegweiser für bestimmte Verkehrsarten, Fahrzeuge mit wassergefährdender Ladung - rechtsweisend",Richtzeichen nach Anlage 3 (zu § 42 Absatz 2 StVO),Richtzeichen (guide),,,,
421-40,"Pfeilwegweiser für bestimmte Verkehrsarten, KFZ mit einer zulässigen Gesamtmasse über 3,5 t - doppelseitig",Richtzeichen nach Anlage 3 (zu § 42 Absatz 2 StVO),Richtzeichen (guide),,,,
421-41,"Pfeilwegweiser für bestimmte Verkehrsarten, kennzeichnungspflichtige Fahrzeuge mit gefährlichen Gütern - doppelseitig",Richtzeichen nach Anlage 3 (zu § 42 Absatz 2 StVO),Richtzeichen (guide),,,,
421-42,"Pfeilwegweiser für bestimmte Verkehrsarten, Fahrzeuge mit wassergefährdender Ladung - doppelseitig",Richtzeichen nach Anlage 3 (zu § 42 Absatz 2 StVO),Richtzeichen (guide),,,,
422,Wegweiser für bestimmte Verkehrsarten,Richtzeichen nach Anlage 3 (zu § 42 Absatz 2 StVO),Richtzeichen (guide),,,,
422-10,"Wegweiser für bestimmte Verkehrsarten, KFZ mit einer zulässigen Gesamtmasse über 3,5 t - hier links",Richtzeichen nach Anlage 3 (zu § 42 Absatz 2 StVO),Richtzeichen (guide),,,422-10.jpg,
422-11,"Wegweiser für bestimmte Verkehrsarten, KFZ mit einer zulässigen Gesamtmasse über 3,5 t - links einordnen",Richtzeichen nach Anlage 3 (zu § 42 Absatz 2 StVO),Richtzeichen (guide),,,422-11.jpg,
422-12,"Wegweiser für bestimmte Verkehrsarten, Kennzeichnungspflichtige Fahrzeuge mit gefährlichen Gütern - hier links",Richtzeichen nach Anlage 3 (zu § 42 Absatz 2 StVO),Richtzeichen (guide),,,422-12.jpg,
422-13,"Wegweiser für bestimmte Verkehrsarten, Kennzeichnungspflichtige Fahrzeuge mit gefährlichen Gütern - links einordnen",Richtzeichen nach Anlage 3 (zu § 42 Absatz 2 StVO),Richtzeichen (guide),,,422-13.jpg,
422-14,"Wegweiser für bestimmte Verkehrsarten, Fahrzeuge mit wassergefährdender Ladung - hier links",Richtzeichen nach Anlage 3 (zu § 42 Absatz 2 StVO),Richtzeichen (guide),,,422-14.jpg,
422-15,"Wegweiser für bestimmte Verkehrsarten, Fahrzeuge mit wassergefährdender Ladung - links einordnen",Richtzeichen nach Anlage 3 (zu § 42 Absatz 2 StVO),Richtzeichen (guide),,,422-15.jpg,
422-16,"Wegweiser für bestimmte Verkehrsarten, Radverkehr - hier links",Richtzeichen nach Anlage 3 (zu § 42 Absatz 2 StVO),Richtzeichen (guide),,,422-16.jpg,
422-17,"Wegweiser für bestimmte Verkehrsarten, Radverkehr - links einordnen",Richtzeichen nach Anlage 3 (zu § 42 Absatz 2 StVO),Richtzeichen (guide),,,422-17.jpg,
422-20,"Wegweiser für bestimmte Verkehrsarten, KFZ mit einer zulässigen Gesamtmasse über 3,5 t - hier rechts",Richtzeichen nach Anlage 3 (zu § 42 Absatz 2 StVO),Richtzeichen (guide),,,,
422-21,"Wegweiser für bestimmte Verkehrsarten, KFZ mit einer zulässigen Gesamtmasse über 3,5 t - rechts einordnen",Richtzeichen nach Anlage 3 (zu § 42 Absatz 2 StVO),Richtzeichen (guide),,,,
422-22,"Wegweiser für bestimmte Verkehrsarten, Kennzeichnungspflichtige Fahrzeuge mit gefährlichen Gütern - hier rechts",Richtzeichen nach Anlage 3 (zu § 42 Absatz 2 StVO),Richtzeichen (guide),,,,
422-23,"Wegweiser für bestimmte Verkehrsarten, Kennzeichnungspflichtige Fahrzeuge mit gefährlichen Gütern - rechts einordnen",Richtzeichen nach Anlage 3 (zu § 42 Absatz 2 StVO),Richtzeichen (guide),,,,
422-24,"Wegweiser für bestimmte Verkehrsarten, Fahrzeuge mit wassergefährdender Ladung - hier rechts",Richtzeichen nach Anlage 3 (zu § 42 Absatz 2 StVO),Richtzeichen (guide),,,,
422-25,"Wegweiser für bestimmte Verkehrsarten, Fahrzeuge mit wassergefährdender Ladung - rechts einordnen",Richtzeichen nach Anlage 3 (zu § 42 Absatz 2 StVO),Richtzeichen (guide),,,,
422-26,"Wegweiser für bestimmte Verkehrsarten, Radverkehr - hier rechts",Richtzeichen nach Anlage 3 (zu § 42 Absatz 2 StVO),Richtzeichen (guide),,,,
422-27,"Wegweiser für bestimmte Verkehrsarten, Radverkehr - rechts einordnen",Richtzeichen nach Anlage 3 (zu § 42 Absatz 2 StVO),Richtzeichen (guide),,,,
422-30,"Wegweiser für bestimmte Verkehrsarten, KFZ mit einer zulässigen Gesamtmasse über 3,5 t - geradeaus",Richtzeichen nach Anlage 3 (zu § 42 Absatz 2 StVO),Richtzeichen (guide),,,422-30.jpg,
422-32,"Wegweiser für bestimmte Verkehrsarten, Kennzeichnungspflichtige Fahrzeuge mit gefährlichen Gütern - geradeaus",Richtzeichen nach Anlage 3 (zu § 42 Absatz 2 StVO),Richtzeichen (guide),,,422-32.jpg,
422-34,"Wegweiser für bestimmte Verkehrsarten, Fahrzeuge mit wassergefährdender Ladung - geradeaus",Richtzeichen nach Anlage 3 (zu § 42 Absatz 2 StVO),Richtzeichen (guide),,,422-34.jpg,
422-36,"Wegweiser für bestimmte Verkehrsarten, Radverkehr - geradeaus",Richtzeichen nach Anlage 3 (zu § 42 Absatz 2 StVO),Richtzeichen (guide),,,422-36.jpg,
430,Pfeilwegweiser zur Autobahn,Richtzeichen nach Anlage 3 (zu § 42 Absatz 2 StVO),Richtzeichen (guide),,,,
430-10,Pfeilwegweiser zur Autobahn - linksweisend,Richtzeichen nach Anlage 3 (zu § 42 Absatz 2 StVO),Richtzeichen (guide),,,430-10.jpg,
430-20,Pfeilwegweiser zur Autobahn - rechtsweisend,Richtzeichen nach Anlage 3 (zu § 42 Absatz 2 StVO),Richtzeichen (guide),,,,
430-40,Pfeilwegweiser zur Autobahn - doppelseitig,Richtzeichen nach Anlage 3 (zu § 42 Absatz 2 StVO),Richtzeichen (guide),,,,
432,Pfeilwegweiser zu Zielen mit erheblicher Verkehrsbedeutung,Richtzeichen nach Anlage 3 (zu § 42 Absatz 2 StVO),Richtzeichen (guide),,,,
432-10,Pfeilwegweiser zu Zielen mit erheblicher Verkehrsbedeutung - linksweisend,Richtzeichen nach Anlage 3 (zu § 42 Absatz 2 StVO),Richtzeichen (guide),,,432-10.jpg,
432-20,Pfeilwegweiser zu Zielen mit erheblicher Verkehrsbedeutung - rechtsweisend,Richtzeichen nach Anlage 3 (zu § 42 Absatz 2 StVO),Richtzeichen (guide),,,,
432-40,Pfeilwegweiser zu Zielen mit erheblicher Verkehrsbedeutung - doppelseitig,Richtzeichen nach Anlage 3 (zu § 42 Absatz 2 StVO),Richtzeichen (guide),,,,
434,Tabellenwegweiser,Richtzeichen nach Anlage 3 (zu § 42 Absatz 2 StVO),Richtzeichen (guide),,,,
434-50,Tabellenwegweiser - kompakte Form,Richtzeichen nach Anlage 3 (zu § 42 Absatz 2 StVO),Richtzeichen (guide),,,434-50.jpg,
434-51,Tabellenwegweiser - teilaufgelöste Form,Richtzeichen nach Anlage 3 (zu § 42 Absatz 2 StVO),Richtzeichen (guide),,,434-51.jpg,
434-52,Tabellenwegweiser - aufgelöste Form (nur innerorts) mit Bundesstraßennummer,Richtzeichen nach Anlage 3 (zu § 42 Absatz 2 StVO),Richtzeichen (guide),,,434-52.jpg,
434-53,Tabellenwegweiser - aufgelöste Form (nur innerorts) ohne Bundesstraßennummer,Richtzeichen nach Anlage 3 (zu § 42 Absatz 2 StVO),Richtzeichen (guide),,,434-53.jpg,
437,Straßennamensschild,Richtzeichen nach Anlage 3 (zu § 42 Absatz 2 StVO),Richtzeichen (guide),,,437.jpg,
438,Vorwegweiser außerhalb von Autobahnen,Richtzeichen nach Anlage 3 (zu § 42 Absatz 2 StVO),Richtzeichen (guide),,,438.jpg,
439,Gegliederter Vorwegweiser außerhalb von Autobahnen,Richtzeichen nach Anlage 3 (zu § 42 Absatz 2 StVO),Richtzeichen (guide),,,439.jpg,
440,Vorwegweiser zur Autobahn,Richtzeichen nach Anlage 3 (zu § 42 Absatz 2 StVO),Richtzeichen (guide),,,440.jpg,
441,Gegliederter Vorwegweiser zur Autobahn,Richtzeichen nach Anlage 3 (zu § 42 Absatz 2 StVO),Richtzeichen (guide),,,441.jpg,
442,Vorwegweiser für bestimmte Verkehrsarten,Richtzeichen nach Anlage 3 (zu § 42 Absatz 2 StVO),Richtzeichen (guide),,,,
442-10,"KFZ mit einer zulässigen Gesamtmasse über 3,5 t - linksweisend",Richtzeichen nach Anlage 3 (zu § 42 Absatz 2 StVO),Richtzeichen (guide),,,442-10.jpg,
442-11,Kennzeichnungspflichtige Fahrzeuge mit gefährlichen Gütern - linksweisend,Richtzeichen nach Anlage 3 (zu § 42 Absatz 2 StVO),Richtzeichen (guide),,,442-11.jpg,
442-12,Fahrzeuge mit wassergefährdender Ladung - linksweisend,Richtzeichen nach Anlage 3 (zu § 42 Absatz 2 StVO),Richtzeichen (guide),,,442-12.jpg,
442-13,Radverkehr - linksweisend,Richtzeichen nach Anlage 3 (zu § 42 Absatz 2 StVO),Richtzeichen (guide),,,442-13.jpg,
442-14,"KFZ mit einer zulässigen Gesamtmasse über 3,5 t – im Kreisverkehr linksweisend",Richtzeichen nach Anlage 3 (zu § 42 Absatz 2 StVO),Richtzeichen (guide),Vz2017,Vz2017/Z-442/442-14.eps,,KFZ_MIT_EINER_ZULAESSIGEN_GESAMTMASSE_UEBER_3_5_T_IM_KREISVERKEHR_LINK_442-14.svg
442-15,Kennzeichnungspflichtige Fahrzeuge mit gefährlichen Gütern - im Kreisverkehr linksweisend,Richtzeichen nach Anlage 3 (zu § 42 Absatz 2 StVO),Richtzeichen (guide),Vz2017,Vz2017/Z-442/442-15.eps,,KENNZEICHNUNGSPFLICHTIGE_FAHRZEUGE_MIT_GEFAEHRLICHEN_GUETERN_IM_KREISV_442-15.svg
442-16,Fahrzeuge mit wassergefährdender Ladung - im Kreisverkehr linksweisend,Richtzeichen nach Anlage 3 (zu § 42 Absatz 2 StVO),Richtzeichen (guide),Vz2017,Vz2017/Z-442/442-16.eps,,FAHRZEUGE_MIT_WASSERGEFAEHRDENDER_LADUNG_IM_KREISVERKEHR_LINKSWEISEND_442-16.svg
442-17,Radverkehr - im Kreisverkehr linksweisend,Richtzeichen nach Anlage 3 (zu § 42 Absatz 2 StVO),Richtzeichen (guide),Vz2017,Vz2017/Z-442/442-17.eps,,RADVERKEHR_IM_KREISVERKEHR_LINKSWEISEND_442-17.svg
442-20,"KFZ mit einer zulässigen Gesamtmasse über 3,5 t - rechtsweisend",Richtzeichen nach Anlage 3 (zu § 42 Absatz 2 StVO),Richtzeichen (guide),,,,
442-21,Kennzeichnungspflichtige Fahrzeuge mit gefährlichen Gütern - rechtsweisend,Richtzeichen nach Anlage 3 (zu § 42 Absatz 2 StVO),Richtzeichen (guide),,,,
442-22,Fahrzeuge mit wassergefährdender Ladung - rechtsweisend,Richtzeichen nach Anlage 3 (zu § 42 Absatz 2 StVO),Richtzeichen (guide),,,,
442-23,Radverkehr - rechtsweisend,Richtzeichen nach Anlage 3 (zu § 42 Absatz 2 StVO),Richtzeichen (guide),,,,
442-24,"KFZ mit einer zulässigen Gesamtmasse über 3,5 t - im Kreisverkehr rechtsweisend",Richtzeichen nach Anlage 3 (zu § 42 Absatz 2 StVO),Richtzeichen (guide),Vz2017,Vz2017/Z-442/442-24.eps,,KFZ_MIT_EINER_ZULAESSIGEN_GESAMTMASSE_UEBER_3_5_T_IM_KREISVERKEHR_RECH_442-24.svg
442-25,Kennzeichnungspflichtige Fahrzeuge mit gefährlichen Gütern - im Kreisverkehr rechtsweisend,Richtzeichen nach Anlage 3 (zu § 42 Absatz 2 StVO),Richtzeichen (guide),Vz2017,Vz2017/Z-442/442-25.eps,,KENNZEICHNUNGSPFLICHTIGE_FAHRZEUGE_MIT_GEFAEHRLICHEN_GUETERN_IM_KREISV_442-25.svg
442-26,Fahrzeuge mit wassergefährdender Ladung - im Kreisverkehr rechtsweisend,Richtzeichen nach Anlage 3 (zu § 42 Absatz 2 StVO),Richtzeichen (guide),Vz2017,Vz2017/Z-442/442-26.eps,,FAHRZEUGE_MIT_WASSERGEFAEHRDENDER_LADUNG_IM_KREISVERKEHR_RECHTSWEISEND_442-26.svg
442-27,Radverkehr - im Kreisverkehr rechtsweisend,Richtzeichen nach Anlage 3 (zu § 42 Absatz 2 StVO),Richtzeichen (guide),Vz2017,Vz2017/Z-442/442-27.eps,,RADVERKEHR_IM_KREISVERKEHR_RECHTSWEISEND_442-27.svg
442-30,"KFZ mit einer zulässigen Gesamtmasse über 3,5 t - im Kreisverkehr geradeausweisend",Richtzeichen nach Anlage 3 (zu § 42 Absatz 2 StVO),Richtzeichen (guide),Vz2017,Vz2017/Z-442/442-30.eps,,KFZ_MIT_EINER_ZULAESSIGEN_GESAMTMASSE_UEBER_3_5_T_IM_KREISVERKEHR_GERA_442-30.svg
442-31,Kennzeichnungspflichtige Fahrzeuge mit gefährlichen Gütern - im Kreisverkehr geradeausweisend,Richtzeichen nach Anlage 3 (zu § 42 Absatz 2 StVO),Richtzeichen (guide),Vz2017,Vz2017/Z-442/442-31.eps,,KENNZEICHNUNGSPFLICHTIGE_FAHRZEUGE_MIT_GEFAEHRLICHEN_GUETERN_IM_KREISV_442-31.svg
442-32,Fahrzeuge mit wassergefährdender Ladung - im Kreisverkehr geradeausweisend,Richtzeichen nach Anlage 3 (zu § 42 Absatz 2 StVO),Richtzeichen (guide),Vz2017,Vz2017/Z-442/442-32.eps,,FAHRZEUGE_MIT_WASSERGEFAEHRDENDER_LADUNG_IM_KREISVERKEHR_GERADEAUSWEIS_442-32.svg
442-33,Radverkehr - im Kreisverkehr geradeausweisend,Richtzeichen nach Anlage 3 (zu § 42 Absatz 2 StVO),Richtzeichen (guide),Vz2017,Vz2017/Z-442/442-33.eps,,RADVERKEHR_IM_KREISVERKEHR_GERADEAUSWEISEND_442-33.svg
442-50,"KFZ mit einer zulässigen Gesamtmasse über 3,5 t - ohne Pfeilsymbol",Richtzeichen nach Anlage 3 (zu § 42 Absatz 2 StVO),Richtzeichen (guide),,,442-50.jpg,
442-51,Kennzeichnungspflichtige Fahrzeuge mit gefährlichen Gütern - ohne Pfeilsymbol,Richtzeichen nach Anlage 3 (zu § 42 Absatz 2 StVO),Richtzeichen (guide),,,442-51.jpg,
442-52,Fahrzeuge mit wassergefährdender Ladung - ohne Pfeilsymbol,Richtzeichen nach Anlage 3 (zu § 42 Absatz 2 StVO),Richtzeichen (guide),,,442-52.jpg,
442-53,Radverkehr - ohne Pfeilsymbol,Richtzeichen nach Anlage 3 (zu § 42 Absatz 2 StVO),Richtzeichen (guide),,,442-53.jpg,
448,Ankündigungstafel,Richtzeichen nach Anlage 3 (zu § 42 Absatz 2 StVO),Richtzeichen (guide),Vz2017,Vz2017/448/448.eps,448-AK.jpg;448.jpg,ANKUENDIGUNGSTAFEL_448.svg
448-50,Ankündigungstafel - auf anderen Straßen außerhalb von Autobahnen,Richtzeichen nach Anlage 3 (zu § 42 Absatz 2 StVO),Richtzeichen (guide),,,448-50.jpg,
448.1,Autohof,Richtzeichen nach Anlage 3 (zu § 42 Absatz 2 StVO),Richtzeichen (guide),,,448.1.jpg,
449,Vorwegweiser auf Autobahnen,Richtzeichen nach Anlage 3 (zu § 42 Absatz 2 StVO),Richtzeichen (guide),,,449.jpg,
449-50,Vorwegweiser - auf anderen Straßen außerhalb von Autobahnen,Richtzeichen nach Anlage 3 (zu § 42 Absatz 2 StVO),Richtzeichen (guide),,,449-50.jpg,
450,Ankündigungsbake,Richtzeichen nach Anlage 3 (zu § 42 Absatz 2 StVO),Richtzeichen (guide),,,,
450-50,Ankündigungsbake - einstreifig (100 m),Richtzeichen nach Anlage 3 (zu § 42 Absatz 2 StVO),Richtzeichen (guide),,,450-50.jpg,
450-51,Ankündigungsbake - zweistreifig (200 m),Richtzeichen nach Anlage 3 (zu § 42 Absatz 2 StVO),Richtzeichen (guide),,,450-51.jpg,
450-52,Ankündigungsbake - dreistreifig (300 m),Richtzeichen nach Anlage 3 (zu § 42 Absatz 2 StVO),Richtzeichen (guide),,,450-52.jpg,
450-53,"Ankündigungsbake - einstreifig (100 m, gelb)",Richtzeichen nach Anlage 3 (zu § 42 Absatz 2 StVO),Richtzeichen (guide),,,450-53.jpg,
450-54,"Ankündigungsbake - zweistreifig (200 m, gelb)",Richtzeichen nach Anlage 3 (zu § 42 Absatz 2 StVO),Richtzeichen (guide),,,450-54.jpg,
450-55,"Ankündigungsbake - dreistreifig (300 m, gelb)",Richtzeichen nach Anlage 3 (zu § 42 Absatz 2 StVO),Richtzeichen (guide),,,450-55.jpg,
453,Entfernungstafel,Richtzeichen nach Anlage 3 (zu § 42 Absatz 2 StVO),Richtzeichen (guide),,,453.jpg,
453-50,"Entfernungstafel auf autobahnähnlich ausgebauten, zweibahnigen Straßen",Richtzeichen nach Anlage 3 (zu § 42 Absatz 2 StVO),Richtzeichen (guide),,,453-50.jpg,
454,Umleitungswegweiser,Richtzeichen nach Anlage 3 (zu § 42 Absatz 2 StVO),Richtzeichen (guide),,,,
454-10,Umleitungswegweiser - linksweisend,Richtzeichen nach Anlage 3 (zu § 42 Absatz 2 StVO),Richtzeichen (guide),,,454-10.jpg,
454-20,Umleitungswegweiser - rechtsweisend,Richtzeichen nach Anlage 3 (zu § 42 Absatz 2 StVO),Richtzeichen (guide),,,,
454-40,Umleitungswegweiser - doppelseitig,Richtzeichen nach Anlage 3 (zu § 42 Absatz 2 StVO),Richtzeichen (guide),,,,
455.1,Ankündigung oder Fortsetzung der Umleitung,Richtzeichen nach Anlage 3 (zu § 42 Absatz 2 StVO),Richtzeichen (guide),,,455.1.jpg,
455.1-10,Ankündigung oder Fortsetzung der Umleitung - Vorankündigung links,Richtzeichen nach Anlage 3 (zu § 42 Absatz 2 StVO),Richtzeichen (guide),,,455.1-10.jpg,
455.1-11,Ankündigung oder Fortsetzung der Umleitung - hier links,Richtzeichen nach Anlage 3 (zu § 42 Absatz 2 StVO),Richtzeichen (guide),,,455.1-11.jpg,
455.1-12,Ankündigung oder Fortsetzung der Umleitung - links einordnen,Richtzeichen nach Anlage 3 (zu § 42 Absatz 2 StVO),Richtzeichen (guide),,,455.1-12.jpg,
455.1-13,Ankündigung oder Fortsetzung der Umleitung - im Kreisverkehr links,Richtzeichen nach Anlage 3 (zu § 42 Absatz 2 StVO),Richtzeichen (guide),Vz2017,Vz2017/Z-455.1/455.1-13.eps,,ANKUENDIGUNG_ODER_FORTSETZUNG_DER_UMLEITUNG_IM_KREISVERKEHR_LINKS_455.1-13.svg
455.1-20,Ankündigung oder Fortsetzung der Umleitung - Vorankündigung rechts,Richtzeichen nach Anlage 3 (zu § 42 Absatz 2 StVO),Richtzeichen (guide),,,,
455.1-21,Ankündigung oder Fortsetzung der Umleitung - hier rechts,Richtzeichen nach Anlage 3 (zu § 42 Absatz 2 StVO),Richtzeichen (guide),,,,
455.1-22,Ankündigung oder Fortsetzung der Umleitung - rechts einordnen,Richtzeichen nach Anlage 3 (zu § 42 Absatz 2 StVO),Richtzeichen (guide),,,,
455.1-23,Ankündigung oder Fortsetzung der Umleitung - im Kreisverkehr rechts,Richtzeichen nach Anlage 3 (zu § 42 Absatz 2 StVO),Richtzeichen (guide),Vz2017,Vz2017/Z-455.1/455.1-23.eps,,ANKUENDIGUNG_ODER_FORTSETZUNG_DER_UMLEITUNG_IM_KREISVERKEHR_RECHTS_455.1-23.svg
455.1-30,Ankündigung oder Fortsetzung der Umleitung - geradeaus,Richtzeichen nach Anlage 3 (zu § 42 Absatz 2 StVO),Richtzeichen (guide),,,455.1-30.jpg,
455.1-31,Ankündigung oder Fortsetzung der Umleitung - im Kreisverkehr geradeaus,Richtzeichen nach Anlage 3 (zu § 42 Absatz 2 StVO),Richtzeichen (guide),Vz2017,Vz2017/Z-455.1/455.1-31.eps,,ANKUENDIGUNG_ODER_FORTSETZUNG_DER_UMLEITUNG_IM_KREISVERKEHR_GERADEAUS_455.1-31.svg
455.1-50,Ankündigung oder Fortsetzung der Umleitung - ohne Pfeilsymbol,Richtzeichen nach Anlage 3 (zu § 42 Absatz 2 StVO),Richtzeichen (guide),,,455.1-50.jpg,
455.2,Ende der Umleitung (in Verb. m. Z 455.1),Richtzeichen nach Anlage 3 (zu § 42 Absatz 2 StVO),Richtzeichen (guide),,,455.2.jpg,
457.1,Umleitungsankündigung,Richtzeichen nach Anlage 3 (zu § 42 Absatz 2 StVO),Richtzeichen (guide),,,457.1.jpg,
457.2,Ende der Umleitung,Richtzeichen nach Anlage 3 (zu § 42 Absatz 2 StVO),Richtzeichen (guide),,,457.2.jpg,
458,Planskizze,Richtzeichen nach Anlage 3 (zu § 42 Absatz 2 StVO),Richtzeichen (guide),,,458.jpg,
460,Bedarfsumleitung,Richtzeichen nach Anlage 3 (zu § 42 Absatz 2 StVO),Richtzeichen (guide),,,460-100.jpg,
460-10,Bedarfsumleitung - Vorankündigung links,Richtzeichen nach Anlage 3 (zu § 42 Absatz 2 StVO),Richtzeichen (guide),,,460-10.jpg,
460-11,Bedarfsumleitung - hier links,Richtzeichen nach Anlage 3 (zu § 42 Absatz 2 StVO),Richtzeichen (guide),,,,
460-12,Bedarfsumleitung - links einordnen,Richtzeichen nach Anlage 3 (zu § 42 Absatz 2 StVO),Richtzeichen (guide),,,460-12.jpg,
460-13,Bedarfsumleitung - im Kreisverkehr links,Richtzeichen nach Anlage 3 (zu § 42 Absatz 2 StVO),Richtzeichen (guide),Vz2017,Vz2017/Z-460/460-13.eps,,BEDARFSUMLEITUNG_IM_KREISVERKEHR_LINKS_460-13.svg
460-20,Bedarfsumleitung - Vorankündigung rechts,Richtzeichen nach Anlage 3 (zu § 42 Absatz 2 StVO),Richtzeichen (guide),,,,
460-21,Bedarfsumleitung - hier rechts,Richtzeichen nach Anlage 3 (zu § 42 Absatz 2 StVO),Richtzeichen (guide),,,,
460-22,Bedarfsumleitung - rechts einordnen,Richtzeichen nach Anlage 3 (zu § 42 Absatz 2 StVO),Richtzeichen (guide),,,,
460-23,Bedarfsumleitung - im Kreisverkehr rechts,Richtzeichen nach Anlage 3 (zu § 42 Absatz 2 StVO),Richtzeichen (guide),Vz2017,Vz2017/Z-460/460-23.eps,,BEDARFSUMLEITUNG_IM_KREISVERKEHR_RECHTS_460-23.svg
460-30,Bedarfsumleitung - geradeaus,Richtzeichen nach Anlage 3 (zu § 42 Absatz 2 StVO),Richtzeichen (guide),,,460-30.jpg,
460-31,Bedarfsumleitung - im Kreisverkehr geradeaus,Richtzeichen nach Anlage 3 (zu § 42 Absatz 2 StVO),Richtzeichen (guide),Vz2017,Vz2017/Z-460/460-31.eps,,BEDARFSUMLEITUNG_IM_KREISVERKEHR_GERADEAUS_460-31.svg
460-50,Bedarfsumleitung - ohne Pfeilsymbol,Richtzeichen nach Anlage 3 (zu § 42 Absatz 2 StVO),Richtzeichen (guide),,,460-50.jpg,
466,Weiterführende Bedarfsumleitung,Richtzeichen nach Anlage 3 (zu § 42 Absatz 2 StVO),Richtzeichen (guide),,,466.jpg,
467.1,Umlenkungspfeil (Streckenempfehlung),Richtzeichen nach Anlage 3 (zu § 42 Absatz 2 StVO),Richtzeichen (guide),,,,
467.1-10,Umlenkungspfeil (Streckenempfehlung) - linksweisend,Richtzeichen nach Anlage 3 (zu § 42 Absatz 2 StVO),Richtzeichen (guide),,,467.1-10.jpg,
467.1-20,Umlenkungspfeil (Streckenempfehlung) - rechtsweisend,Richtzeichen nach Anlage 3 (zu § 42 Absatz 2 StVO),Richtzeichen (guide),,,,
467.1-30,Umlenkungspfeil (Streckenempfehlung) - geradeaus,Richtzeichen nach Anlage 3 (zu § 42 Absatz 2 StVO),Richtzeichen (guide),,,467.1-30.jpg,
467.2,Umlenkungspfeil Ende (Ende einer Streckenempfehlung),Richtzeichen nach Anlage 3 (zu § 42 Absatz 2 StVO),Richtzeichen (guide),,,467.2.jpg,
501,Überleitungstafel - ohne Gegenverkehr,Richtzeichen nach Anlage 3 (zu § 42 Absatz 2 StVO),Richtzeichen (guide),,,,
501-10,Überleitungstafel - ohne Gegenverkehr - 1-streifig nach links,Richtzeichen nach Anlage 3 (zu § 42 Absatz 2 StVO),Richtzeichen (guide),,,,
501-11,Überleitungstafel - ohne Gegenverkehr - 2-streifig nach links,Richtzeichen nach Anlage 3 (zu § 42 Absatz 2 StVO),Richtzeichen (guide),,,501-11.jpg,
501-12,Überleitungstafel - ohne Gegenverkehr - 3-streifig nach links,Richtzeichen nach Anlage 3 (zu § 42 Absatz 2 StVO),Richtzeichen (guide),,,,
501-13,"Überleitungstafel - ohne Gegenverkehr - 2-streifig nach links, davon 1 Fahrstreifen übergeleitet",Richtzeichen nach Anlage 3 (zu § 42 Absatz 2 StVO),Richtzeichen (guide),,,,
501-14,"Überleitungstafel - ohne Gegenverkehr - 3-streifig nach links, davon 1 Fahrstreifen übergeleitet",Richtzeichen nach Anlage 3 (zu § 42 Absatz 2 StVO),Richtzeichen (guide),,,501-14.jpg,
501-15,"Überleitungstafel - ohne Gegenverkehr - 3-streifig nach links, davon 2 Fahrstreifen übergeleitet",Richtzeichen nach Anlage 3 (zu § 42 Absatz 2 StVO),Richtzeichen (guide),,,,
501-16,"Überleitungstafel - ohne Gegenverkehr – 2-streifig, davon linker Fahrstreifen nach links übergeleitet und rechter Fahrstreifen geradeaus",Richtzeichen nach Anlage 3 (zu § 42 Absatz 2 StVO),Richtzeichen (guide),,,501-16.jpg,
501-17,"Überleitungstafel - ohne Gegenverkehr - 3-streifig, davon linker Fahrstreifen nach links übergeleitet und die beiden rechten Fahrstreifen geradeaus",Richtzeichen nach Anlage 3 (zu § 42 Absatz 2 StVO),Richtzeichen (guide),,,,
501-18,"Überleitungstafel - ohne Gegenverkehr - 3-streifig, davon die beiden linken Fahrstreifen nach links übergeleitet und rechter Fahrstreifen geradeaus",Richtzeichen nach Anlage 3 (zu § 42 Absatz 2 StVO),Richtzeichen (guide),,,,
501-19,"Überleitungstafel - ohne Gegenverkehr - 4-streifig, davon linker Fahrstreifen nach links übergeleitet und die drei rechten Fahrstreifen geradeaus",Richtzeichen nach Anlage 3 (zu § 42 Absatz 2 StVO),Richtzeichen (guide),VLT 2021,VLT 2021/Z-501/501-19.eps,,UEBERLEITUNGSTAFEL_OHNE_GEGENVERKEHR_4_STREIFIG_DAVON_LINKER_FAHRSTREI_501-19.svg
501-20,Überleitungstafel - ohne Gegenverkehr - 1-streifig nach rechts,Richtzeichen nach Anlage 3 (zu § 42 Absatz 2 StVO),Richtzeichen (guide),,,,
501-21,Überleitungstafel - ohne Gegenverkehr - 2-streifig nach rechts,Richtzeichen nach Anlage 3 (zu § 42 Absatz 2 StVO),Richtzeichen (guide),,,,
501-22,Überleitungstafel - ohne Gegenverkehr - 3-streifig nach rechts,Richtzeichen nach Anlage 3 (zu § 42 Absatz 2 StVO),Richtzeichen (guide),,,,
501-23,"Überleitungstafel - ohne Gegenverkehr - 2-streifig nach rechts, davon 1 Fahrstreifen übergeleitet",Richtzeichen nach Anlage 3 (zu § 42 Absatz 2 StVO),Richtzeichen (guide),,,,
501-24,"Überleitungstafel - ohne Gegenverkehr - 3-streifig nach rechts, davon 1 Fahrstreifen übergeleitet",Richtzeichen nach Anlage 3 (zu § 42 Absatz 2 StVO),Richtzeichen (guide),,,,
501-25,"Überleitungstafel - ohne Gegenverkehr - 3-streifig nach rechts, davon 2 Fahrstreifen übergeleitet",Richtzeichen nach Anlage 3 (zu § 42 Absatz 2 StVO),Richtzeichen (guide),,,,
501-26,"Überleitungstafel - ohne Gegenverkehr - 2-streifig, davon linker Fahrstreifen nach rechts übergeleitet und rechter Fahrstreifen geradeaus",Richtzeichen nach Anlage 3 (zu § 42 Absatz 2 StVO),Richtzeichen (guide),,,501-26.jpg,
501-27,"Überleitungstafel - ohne Gegenverkehr - 3-streifig, davon linker Fahrstreifen nach rechts übergeleitet und die beiden rechten Fahrstreifen geradeaus",Richtzeichen nach Anlage 3 (zu § 42 Absatz 2 StVO),Richtzeichen (guide),,,,
501-28,"Überleitungstafel - ohne Gegenverkehr - 3-streifig, davon die beiden linken Fahrstreifen nach rechts übergeleitet und rechter Fahrstreifen geradeaus",Richtzeichen nach Anlage 3 (zu § 42 Absatz 2 StVO),Richtzeichen (guide),,,,
501-29,"Überleitungstafel - ohne Gegenverkehr - 4-streifig, davon linker Fahrstreifen nach rechts übergeleitet und die drei rechten Fahrstreifen geradeaus",Richtzeichen nach Anlage 3 (zu § 42 Absatz 2 StVO),Richtzeichen (guide),VLT 2021,VLT 2021/Z-501/501-29.eps,,UEBERLEITUNGSTAFEL_OHNE_GEGENVERKEHR_4_STREIFIG_DAVON_LINKER_FAHRSTREI_501-29.svg
501-50,"Überleitungstafel - ohne Gegenverkehr - 4-streifig, davon die beiden linken Fahrstreifen nach links übergeleitet und die beiden rechten Fahrstreifen geradeaus",Richtzeichen nach Anlage 3 (zu § 42 Absatz 2 StVO),Richtzeichen (guide),VLT 2021,VLT 2021/Z-501/501-50.eps,,UEBERLEITUNGSTAFEL_OHNE_GEGENVERKEHR_4_STREIFIG_DAVON_DIE_BEIDEN_LINKE_501-50.svg
501-51,"Überleitungstafel - ohne Gegenverkehr - 4-streifig, davon die drei linken Fahrstreifen nach links übergeleitet und rechter Fahrstreifen geradeaus",Richtzeichen nach Anlage 3 (zu § 42 Absatz 2 StVO),Richtzeichen (guide),VLT 2021,VLT 2021/Z-501/501-51.eps,,UEBERLEITUNGSTAFEL_OHNE_GEGENVERKEHR_4_STREIFIG_DAVON_DIE_DREI_LINKEN__501-51.svg
501-52,"Überleitungstafel - ohne Gegenverkehr - 4-streifig nach links, davon 1 Fahrstreifen übergeleitet",Richtzeichen nach Anlage 3 (zu § 42 Absatz 2 StVO),Richtzeichen (guide),VLT 2021,VLT 2021/Z-501/501-52.eps,,UEBERLEITUNGSTAFEL_OHNE_GEGENVERKEHR_4_STREIFIG_NACH_LINKS_DAVON_1_FAH_501-52.svg
501-53,"Überleitungstafel - ohne Gegenverkehr - 4-streifig nach links, davon 2 Fahrstreifen übergeleitet",Richtzeichen nach Anlage 3 (zu § 42 Absatz 2 StVO),Richtzeichen (guide),VLT 2021,VLT 2021/Z-501/501-53.eps,,UEBERLEITUNGSTAFEL_OHNE_GEGENVERKEHR_4_STREIFIG_NACH_LINKS_DAVON_2_FAH_501-53.svg
501-54,"Überleitungstafel - ohne Gegenverkehr - 4-streifig nach links, davon 3 Fahrstreifen übergeleitet",Richtzeichen nach Anlage 3 (zu § 42 Absatz 2 StVO),Richtzeichen (guide),VLT 2021,VLT 2021/Z-501/501-54.eps,,UEBERLEITUNGSTAFEL_OHNE_GEGENVERKEHR_4_STREIFIG_NACH_LINKS_DAVON_3_FAH_501-54.svg
501-60,"Überleitungstafel - ohne Gegenverkehr - 4-streifig, davon die beiden linken Fahrstreifen nach rechts übergeleitet und die beiden rechten Fahrstreifen geradeaus",Richtzeichen nach Anlage 3 (zu § 42 Absatz 2 StVO),Richtzeichen (guide),VLT 2021,VLT 2021/Z-501/501-60.eps,,UEBERLEITUNGSTAFEL_OHNE_GEGENVERKEHR_4_STREIFIG_DAVON_DIE_BEIDEN_LINKE_501-60.svg
501-61,"Überleitungstafel - ohne Gegenverkehr - 4-streifig, davon die drei linken Fahrstreifen nach rechts übergeleitet und rechter Fahrstreifen geradeaus",Richtzeichen nach Anlage 3 (zu § 42 Absatz 2 StVO),Richtzeichen (guide),VLT 2021,VLT 2021/Z-501/501-61.eps,,UEBERLEITUNGSTAFEL_OHNE_GEGENVERKEHR_4_STREIFIG_DAVON_DIE_DREI_LINKEN__501-61.svg
501-62,"Überleitungstafel - ohne Gegenverkehr - 4-streifig nach rechts, davon 1 Fahrstreifen übergeleitet",Richtzeichen nach Anlage 3 (zu § 42 Absatz 2 StVO),Richtzeichen (guide),VLT 2021,VLT 2021/Z-501/501-62.eps,,UEBERLEITUNGSTAFEL_OHNE_GEGENVERKEHR_4_STREIFIG_NACH_RECHTS_DAVON_1_FA_501-62.svg
501-63,"Überleitungstafel - ohne Gegenverkehr - 4-streifig nach rechts, davon 2 Fahrstreifen übergeleitet",Richtzeichen nach Anlage 3 (zu § 42 Absatz 2 StVO),Richtzeichen (guide),VLT 2021,VLT 2021/Z-501/501-63.eps,,UEBERLEITUNGSTAFEL_OHNE_GEGENVERKEHR_4_STREIFIG_NACH_RECHTS_DAVON_2_FA_501-63.svg
501-64,"Überleitungstafel - ohne Gegenverkehr - 4-streifig nach rechts, davon 3 Fahrstreifen übergeleitet",Richtzeichen nach Anlage 3 (zu § 42 Absatz 2 StVO),Richtzeichen (guide),VLT 2021,VLT 2021/Z-501/501-64.eps,,UEBERLEITUNGSTAFEL_OHNE_GEGENVERKEHR_4_STREIFIG_NACH_RECHTS_DAVON_3_FA_501-64.svg
501-70,"Überleitungstafel - ohne Gegenverkehr - 2-streifig, davon linker Fahrstreifen nach links übergeleitet und rechter Fahrstreifen nach rechts verschwenkt",Richtzeichen nach Anlage 3 (zu § 42 Absatz 2 StVO),Richtzeichen (guide),VLT 2021,VLT 2021/Z-501/501-70.eps,,UEBERLEITUNGSTAFEL_OHNE_GEGENVERKEHR_2_STREIFIG_DAVON_LINKER_FAHRSTREI_501-70.svg
501-71,"Überleitungstafel - ohne Gegenverkehr - 3-streifig, davon linker Fahrstreifen nach links übergeleitet und die beiden rechten Fahrstreifen nach rechts verschwenkt",Richtzeichen nach Anlage 3 (zu § 42 Absatz 2 StVO),Richtzeichen (guide),VLT 2021,VLT 2021/Z-501/501-71.eps,,UEBERLEITUNGSTAFEL_OHNE_GEGENVERKEHR_3_STREIFIG_DAVON_LINKER_FAHRSTREI_501-71.svg
501-72,"Überleitungstafel - ohne Gegenverkehr - 3-streifig, davon die beiden linken Fahrstreifen nach links übergeleitet und rechter Fahrstreifen nach rechts verschwenkt",Richtzeichen nach Anlage 3 (zu § 42 Absatz 2 StVO),Richtzeichen (guide),VLT 2021,VLT 2021/Z-501/501-72.eps,,UEBERLEITUNGSTAFEL_OHNE_GEGENVERKEHR_3_STREIFIG_DAVON_DIE_BEIDEN_LINKE_501-72.svg
501-73,"Überleitungstafel - ohne Gegenverkehr - 4-streifig, davon linker Fahrstreifen nach links übergeleitet und die drei rechten Fahrstreifen nach rechts verschwenkt",Richtzeichen nach Anlage 3 (zu § 42 Absatz 2 StVO),Richtzeichen (guide),VLT 2021,VLT 2021/Z-501/501-73.eps,,UEBERLEITUNGSTAFEL_OHNE_GEGENVERKEHR_4_STREIFIG_DAVON_LINKER_FAHRSTREI_501-73.svg
501-74,"Überleitungstafel - ohne Gegenverkehr - 4-streifig, davon die beiden linken Fahrstreifen nach links übergeleitet und die beiden rechten Fahrstreifen nach rechts verschwenkt",Richtzeichen nach Anlage 3 (zu § 42 Absatz 2 StVO),Richtzeichen (guide),VLT 2021,VLT 2021/Z-501/501-74.eps,,UEBERLEITUNGSTAFEL_OHNE_GEGENVERKEHR_4_STREIFIG_DAVON_DIE_BEIDEN_LINKE_501-74.svg
501-75,"Überleitungstafel - ohne Gegenverkehr - 4-streifig, davon die drei linken Fahrstreifen nach links übergeleitet und rechter Fahrstreifen nach rechts verschwenkt",Richtzeichen nach Anlage 3 (zu § 42 Absatz 2 StVO),Richtzeichen (guide),VLT 2021,VLT 2021/Z-501/501-75.eps,,UEBERLEITUNGSTAFEL_OHNE_GEGENVERKEHR_4_STREIFIG_DAVON_DIE_DREI_LINKEN__501-75.svg
501-80,"Überleitungstafel - ohne Gegenverkehr - 2-streifig, davon linker Fahrstreifen nach rechts übergeleitet und rechter Fahrstreifen nach links verschwenkt",Richtzeichen nach Anlage 3 (zu § 42 Absatz 2 StVO),Richtzeichen (guide),VLT 2021,VLT 2021/Z-501/501-80.eps,,UEBERLEITUNGSTAFEL_OHNE_GEGENVERKEHR_2_STREIFIG_DAVON_LINKER_FAHRSTREI_501-80.svg
501-81,"Überleitungstafel - ohne Gegenverkehr - 3-streifig, davon linker Fahrstreifen nach rechts übergeleitet und die beiden rechten Fahrstreifen nach links verschwenkt",Richtzeichen nach Anlage 3 (zu § 42 Absatz 2 StVO),Richtzeichen (guide),VLT 2021,VLT 2021/Z-501/501-81.eps,,UEBERLEITUNGSTAFEL_OHNE_GEGENVERKEHR_3_STREIFIG_DAVON_LINKER_FAHRSTREI_501-81.svg
501-82,"Überleitungstafel - ohne Gegenverkehr - 3-streifig, davon die beiden linken Fahrstreifen nach rechts übergeleitet und rechter Fahrstreifen nach links verschwenkt",Richtzeichen nach Anlage 3 (zu § 42 Absatz 2 StVO),Richtzeichen (guide),VLT 2021,VLT 2021/Z-501/501-82.eps,,UEBERLEITUNGSTAFEL_OHNE_GEGENVERKEHR_3_STREIFIG_DAVON_DIE_BEIDEN_LINKE_501-82.svg
501-83,"Überleitungstafel - ohne Gegenverkehr - 4-streifig, davon linker Fahrstreifen nach rechts übergeleitet und die drei rechten Fahrstreifen nach links verschwenkt",Richtzeichen nach Anlage 3 (zu § 42 Absatz 2 StVO),Richtzeichen (guide),VLT 2021,VLT 2021/Z-501/501-83.eps,,UEBERLEITUNGSTAFEL_OHNE_GEGENVERKEHR_4_STREIFIG_DAVON_LINKER_FAHRSTREI_501-83.svg
501-84,"Überleitungstafel - ohne Gegenverkehr - 4-streifig, davon die beiden linken Fahrstreifen nach rechts übergeleitet und die beiden rechten Fahrstreifen nach links verschwenkt",Richtzeichen nach Anlage 3 (zu § 42 Absatz 2 StVO),Richtzeichen (guide),VLT 2021,VLT 2021/Z-501/501-84.eps,,UEBERLEITUNGSTAFEL_OHNE_GEGENVERKEHR_4_STREIFIG_DAVON_DIE_BEIDEN_LINKE_501-84.svg
501-85,"Überleitungstafel - ohne Gegenverkehr - 4-streifig, davon die drei linken Fahrstreifen nach rechts übergeleitet und rechter Fahrstreifen nach links verschwenkt",Richtzeichen nach Anlage 3 (zu § 42 Absatz 2 StVO),Richtzeichen (guide),VLT 2021,VLT 2021/Z-501/501-85.eps,,UEBERLEITUNGSTAFEL_OHNE_GEGENVERKEHR_4_STREIFIG_DAVON_DIE_DREI_LINKEN__501-85.svg
505,Überleitungstafel - ohne Gegenverkehr mit integriertem Zeichen 264 StVO,Richtzeichen nach Anlage 3 (zu § 42 Absatz 2 StVO),Richtzeichen (guide),,,,
505-11,Überleitungstafel - ohne Gegenverkehr mit integriertem Zeichen 264 StVO - 2-streifig nach links,Richtzeichen nach Anlage 3 (zu § 42 Absatz 2 StVO),Richtzeichen (guide),,,505-11.jpg,
505-12,Überleitungstafel - ohne Gegenverkehr mit integriertem Zeichen 264 StVO - 3-streifig nach links,Richtzeichen nach Anlage 3 (zu § 42 Absatz 2 StVO),Richtzeichen (guide),,,505-12.jpg,
505-21,Überleitungstafel - ohne Gegenverkehr mit integriertem Zeichen 264 StVO - 2-streifig nach rechts,Richtzeichen nach Anlage 3 (zu § 42 Absatz 2 StVO),Richtzeichen (guide),,,,
505-22,Überleitungstafel - ohne Gegenverkehr mit integriertem Zeichen 264 StVO - 3-streifig nach rechts,Richtzeichen nach Anlage 3 (zu § 42 Absatz 2 StVO),Richtzeichen (guide),,,,
511,Verschwenkungstafel - ohne Gegenverkehr,Richtzeichen nach Anlage 3 (zu § 42 Absatz 2 StVO),Richtzeichen (guide),,,,
511-10,Verschwenkungstafel - ohne Gegenverkehr - 1-streifig nach links,Richtzeichen nach Anlage 3 (zu § 42 Absatz 2 StVO),Richtzeichen (guide),,,,
511-11,Verschwenkungstafel - ohne Gegenverkehr - 2-streifig nach links,Richtzeichen nach Anlage 3 (zu § 42 Absatz 2 StVO),Richtzeichen (guide),,,511-11.jpg,
511-12,Verschwenkungstafel - ohne Gegenverkehr - 3-streifig nach links,Richtzeichen nach Anlage 3 (zu § 42 Absatz 2 StVO),Richtzeichen (guide),,,,
511-13,Verschwenkungstafel - ohne Gegenverkehr - 4-streifig nach links,Richtzeichen nach Anlage 3 (zu § 42 Absatz 2 StVO),Richtzeichen (guide),VLT 2021,VLT 2021/Z-511/511-13.eps,,VERSCHWENKUNGSTAFEL_OHNE_GEGENVERKEHR_4_STREIFIG_NACH_LINKS_511-13.svg
511-20,Verschwenkungstafel - ohne Gegenverkehr - 1-streifig nach rechts,Richtzeichen nach Anlage 3 (zu § 42 Absatz 2 StVO),Richtzeichen (guide),,,,
511-21,Verschwenkungstafel - ohne Gegenverkehr - 2-streifig nach rechts,Richtzeichen nach Anlage 3 (zu § 42 Absatz 2 StVO),Richtzeichen (guide),,,,
511-22,Verschwenkungstafel - ohne Gegenverkehr - 3-streifig nach rechts,Richtzeichen nach Anlage 3 (zu § 42 Absatz 2 StVO),Richtzeichen (guide),,,,
511-23,Verschwenkungstafel - ohne Gegenverkehr - 4-streifig nach rechts,Richtzeichen nach Anlage 3 (zu § 42 Absatz 2 StVO),Richtzeichen (guide),VLT 2021,VLT 2021/Z-511/511-23.eps,,VERSCHWENKUNGSTAFEL_OHNE_GEGENVERKEHR_4_STREIFIG_NACH_RECHTS_511-23.svg
511-25,Verschwenkungstafel - ohne Gegenverkehr - 1-streifige Verschwenkung auf den Seitenstreifen,Richtzeichen nach Anlage 3 (zu § 42 Absatz 2 StVO),Richtzeichen (guide),,,,
511-26,"Verschwenkungstafel - ohne Gegenverkehr - 2-streifige Verschwenkung, 1-streifig auf den Seitenstreifen",Richtzeichen nach Anlage 3 (zu § 42 Absatz 2 StVO),Richtzeichen (guide),,,511-26.jpg,
511-27,"Verschwenkungstafel - ohne Gegenverkehr - 3-streifige Verschwenkung, 1-streifig auf den Seitenstreifen",Richtzeichen nach Anlage 3 (zu § 42 Absatz 2 StVO),Richtzeichen (guide),VLT 2021,VLT 2021/Z-511/511-27.eps,,VERSCHWENKUNGSTAFEL_OHNE_GEGENVERKEHR_3_STREIFIGE_VERSCHWENKUNG_1_STRE_511-27.svg
511-28,"Verschwenkungstafel - ohne Gegenverkehr - 4-streifige Verschwenkung, 1-streifig auf den Seitenstreifen",Richtzeichen nach Anlage 3 (zu § 42 Absatz 2 StVO),Richtzeichen (guide),VLT 2021,VLT 2021/Z-511/511-28.eps,,VERSCHWENKUNGSTAFEL_OHNE_GEGENVERKEHR_4_STREIFIGE_VERSCHWENKUNG_1_STRE_511-28.svg
512,Verschwenkungstafel - mit Gegenverkehr,Richtzeichen nach Anlage 3 (zu § 42 Absatz 2 StVO),Richtzeichen (guide),,,,
512-10,Verschwenkungstafel - mit Gegenverkehr – Verschwenkung nach links 1-streifig in Fahrtrichtung und 1-streifig in Gegenrichtung,Richtzeichen nach Anlage 3 (zu § 42 Absatz 2 StVO),Richtzeichen (guide),VLT 2021,VLT 2021/Z-512/512-10.eps,,VERSCHWENKUNGSTAFEL_MIT_GEGENVERKEHR_VERSCHWENKUNG_NACH_LINKS_1_STREIF_512-10.svg
512-11,Verschwenkungstafel - mit Gegenverkehr – Verschwenkung nach links 1-streifig in Fahrtrichtung und 2-streifig in Gegenrichtung,Richtzeichen nach Anlage 3 (zu § 42 Absatz 2 StVO),Richtzeichen (guide),VLT 2021,VLT 2021/Z-512/512-11.eps,,VERSCHWENKUNGSTAFEL_MIT_GEGENVERKEHR_VERSCHWENKUNG_NACH_LINKS_1_STREIF_512-11.svg
512-12,Verschwenkungstafel - mit Gegenverkehr – Verschwenkung nach links 2-streifig in Fahrtrichtung und 1-streifig in Gegenrichtung,Richtzeichen nach Anlage 3 (zu § 42 Absatz 2 StVO),Richtzeichen (guide),VLT 2021,VLT 2021/Z-512/512-12.eps,,VERSCHWENKUNGSTAFEL_MIT_GEGENVERKEHR_VERSCHWENKUNG_NACH_LINKS_2_STREIF_512-12.svg
512-20,Verschwenkungstafel - mit Gegenverkehr – Verschwenkung nach rechts 1-streifig in Fahrtrichtung und 1-streifig in Gegenrichtung,Richtzeichen nach Anlage 3 (zu § 42 Absatz 2 StVO),Richtzeichen (guide),VLT 2021,VLT 2021/Z-512/512-20.eps,,VERSCHWENKUNGSTAFEL_MIT_GEGENVERKEHR_VERSCHWENKUNG_NACH_RECHTS_1_STREI_512-20.svg
512-21,Verschwenkungstafel - mit Gegenverkehr – Verschwenkung nach rechts 1-streifig in Fahrtrichtung und 2-streifig in Gegenrichtung,Richtzeichen nach Anlage 3 (zu § 42 Absatz 2 StVO),Richtzeichen (guide),VLT 2021,VLT 2021/Z-512/512-21.eps,,VERSCHWENKUNGSTAFEL_MIT_GEGENVERKEHR_VERSCHWENKUNG_NACH_RECHTS_1_STREI_512-21.svg
512-22,Verschwenkungstafel - mit Gegenverkehr – Verschwenkung nach rechts 2-streifig in Fahrtrichtung und 1-streifig in Gegenrichtung,Richtzeichen nach Anlage 3 (zu § 42 Absatz 2 StVO),Richtzeichen (guide),VLT 2021,VLT 2021/Z-512/512-22.eps,,VERSCHWENKUNGSTAFEL_MIT_GEGENVERKEHR_VERSCHWENKUNG_NACH_RECHTS_2_STREI_512-22.svg
513,Verschwenkungstafel kurze Verschwenkung - ohne Gegenverkehr,Richtzeichen nach Anlage 3 (zu § 42 Absatz 2 StVO),Richtzeichen (guide),,,513.jpg,
513-10,Verschwenkungstafel kurze Verschwenkung - ohne Gegenverkehr - 1-streifig nach links,Richtzeichen nach Anlage 3 (zu § 42 Absatz 2 StVO),Richtzeichen (guide),,,513-10.jpg,
513-11,Verschwenkungstafel kurze Verschwenkung - ohne Gegenverkehr - 2-streifig nach links,Richtzeichen nach Anlage 3 (zu § 42 Absatz 2 StVO),Richtzeichen (guide),,,,
513-12,Verschwenkungstafel kurze Verschwenkung - ohne Gegenverkehr - 3-streifig nach links,Richtzeichen nach Anlage 3 (zu § 42 Absatz 2 StVO),Richtzeichen (guide),VLT 2021,VLT 2021/Z-513/513-12.eps,,VERSCHWENKUNGSTAFEL_KURZE_VERSCHWENKUNG_OHNE_GEGENVERKEHR_3_STREIFIG_N_513-12.svg
513-13,Verschwenkungstafel kurze Verschwenkung - ohne Gegenverkehr - 4-streifig nach links,Richtzeichen nach Anlage 3 (zu § 42 Absatz 2 StVO),Richtzeichen (guide),VLT 2021,VLT 2021/Z-513/513-13.eps,,VERSCHWENKUNGSTAFEL_KURZE_VERSCHWENKUNG_OHNE_GEGENVERKEHR_4_STREIFIG_N_513-13.svg
513-14,Verschwenkungstafel kurze Verschwenkung - ohne Gegenverkehr - 5-streifig nach links,Richtzeichen nach Anlage 3 (zu § 42 Absatz 2 StVO),Richtzeichen (guide),VLT 2021,VLT 2021/Z-513/513-14.eps,,VERSCHWENKUNGSTAFEL_KURZE_VERSCHWENKUNG_OHNE_GEGENVERKEHR_5_STREIFIG_N_513-14.svg
513-20,Verschwenkungstafel kurze Verschwenkung - ohne Gegenverkehr - 1-streifig nach rechts,Richtzeichen nach Anlage 3 (zu § 42 Absatz 2 StVO),Richtzeichen (guide),,,,
513-21,Verschwenkungstafel kurze Verschwenkung - ohne Gegenverkehr - 2-streifig nach rechts,Richtzeichen nach Anlage 3 (zu § 42 Absatz 2 StVO),Richtzeichen (guide),,,,
513-22,Verschwenkungstafel kurze Verschwenkung - ohne Gegenverkehr - 3-streifig nach rechts,Richtzeichen nach Anlage 3 (zu § 42 Absatz 2 StVO),Richtzeichen (guide),VLT 2021,VLT 2021/Z-513/513-22.eps,,VERSCHWENKUNGSTAFEL_KURZE_VERSCHWENKUNG_OHNE_GEGENVERKEHR_3_STREIFIG_N_513-22.svg
513-23,Verschwenkungstafel kurze Verschwenkung - ohne Gegenverkehr - 4-streifig nach rechts,Richtzeichen nach Anlage 3 (zu § 42 Absatz 2 StVO),Richtzeichen (guide),VLT 2021,VLT 2021/Z-513/513-23.eps,,VERSCHWENKUNGSTAFEL_KURZE_VERSCHWENKUNG_OHNE_GEGENVERKEHR_4_STREIFIG_N_513-23.svg
513-24,Verschwenkungstafel kurze Verschwenkung - ohne Gegenverkehr - 5-streifig nach rechts,Richtzeichen nach Anlage 3 (zu § 42 Absatz 2 StVO),Richtzeichen (guide),VLT 2021,VLT 2021/Z-513/513-24.eps,,VERSCHWENKUNGSTAFEL_KURZE_VERSCHWENKUNG_OHNE_GEGENVERKEHR_5_STREIFIG_N_513-24.svg
514,Verschwenkungstafel kurze Verschwenkung - mit Gegenverkehr,Richtzeichen nach Anlage 3 (zu § 42 Absatz 2 StVO),Richtzeichen (guide),,,514.jpg,
514-10,Verschwenkungstafel kurze Verschwenkung - mit Gegenverkehr – nach links 1- streifig in Fahrtrichtung und 1-streifig in Gegenrichtung,Richtzeichen nach Anlage 3 (zu § 42 Absatz 2 StVO),Richtzeichen (guide),,,514-10.jpg,
514-11,Verschwenkungstafel kurze Verschwenkung - mit Gegenverkehr – nach links 2- streifig in Fahrtrichtung und 1-streifig in Gegenrichtung,Richtzeichen nach Anlage 3 (zu § 42 Absatz 2 StVO),Richtzeichen (guide),VLT 2021,VLT 2021/Z-514/514-11.eps,,VERSCHWENKUNGSTAFEL_KURZE_VERSCHWENKUNG_MIT_GEGENVERKEHR_NACH_LINKS_2__514-11.svg
514-12,Verschwenkungstafel kurze Verschwenkung - mit Gegenverkehr – nach links 3- streifig in Fahrtrichtung und 1-streifig in Gegenrichtung,Richtzeichen nach Anlage 3 (zu § 42 Absatz 2 StVO),Richtzeichen (guide),VLT 2021,VLT 2021/Z-514/514-12.eps,,VERSCHWENKUNGSTAFEL_KURZE_VERSCHWENKUNG_MIT_GEGENVERKEHR_NACH_LINKS_3__514-12.svg
514-13,Verschwenkungstafel kurze Verschwenkung - mit Gegenverkehr – nach links 1- streifig in Fahrtrichtung und 2-streifig in Gegenrichtung,Richtzeichen nach Anlage 3 (zu § 42 Absatz 2 StVO),Richtzeichen (guide),VLT 2021,VLT 2021/Z-514/514-13.eps,,VERSCHWENKUNGSTAFEL_KURZE_VERSCHWENKUNG_MIT_GEGENVERKEHR_NACH_LINKS_1__514-13.svg
514-14,Verschwenkungstafel kurze Verschwenkung - mit Gegenverkehr – nach links 2- streifig in Fahrtrichtung und 2-streifig in Gegenrichtung,Richtzeichen nach Anlage 3 (zu § 42 Absatz 2 StVO),Richtzeichen (guide),VLT 2021,VLT 2021/Z-514/514-14.eps,,VERSCHWENKUNGSTAFEL_KURZE_VERSCHWENKUNG_MIT_GEGENVERKEHR_NACH_LINKS_2__514-14.svg
514-15,Verschwenkungstafel kurze Verschwenkung - mit Gegenverkehr – nach links 3- streifig in Fahrtrichtung und 2-streifig in Gegenrichtung,Richtzeichen nach Anlage 3 (zu § 42 Absatz 2 StVO),Richtzeichen (guide),VLT 2021,VLT 2021/Z-514/514-15.eps,,VERSCHWENKUNGSTAFEL_KURZE_VERSCHWENKUNG_MIT_GEGENVERKEHR_NACH_LINKS_3__514-15.svg
514-16,Verschwenkungstafel kurze Verschwenkung - mit Gegenverkehr – nach links 1- streifig in Fahrtrichtung und 3-streifig in Gegenrichtung,Richtzeichen nach Anlage 3 (zu § 42 Absatz 2 StVO),Richtzeichen (guide),VLT 2021,VLT 2021/Z-514/514-16.eps,,VERSCHWENKUNGSTAFEL_KURZE_VERSCHWENKUNG_MIT_GEGENVERKEHR_NACH_LINKS_1__514-16.svg
514-17,Verschwenkungstafel kurze Verschwenkung - mit Gegenverkehr – nach links 2- streifig in Fahrtrichtung und 3-streifig in Gegenrichtung,Richtzeichen nach Anlage 3 (zu § 42 Absatz 2 StVO),Richtzeichen (guide),VLT 2021,VLT 2021/Z-514/514-17.eps,,VERSCHWENKUNGSTAFEL_KURZE_VERSCHWENKUNG_MIT_GEGENVERKEHR_NACH_LINKS_2__514-17.svg
514-18,Verschwenkungstafel kurze Verschwenkung - mit Gegenverkehr – nach links 3- streifig in Fahrtrichtung und 3-streifig in Gegenrichtung,Richtzeichen nach Anlage 3 (zu § 42 Absatz 2 StVO),Richtzeichen (guide),VLT 2021,VLT 2021/Z-514/514-18.eps,,VERSCHWENKUNGSTAFEL_KURZE_VERSCHWENKUNG_MIT_GEGENVERKEHR_NACH_LINKS_3__514-18.svg
514-20,Verschwenkungstafel kurze Verschwenkung - mit Gegenverkehr – nach rechts 1- streifig in Fahrtrichtung und 1-streifig in Gegenrichtung,Richtzeichen nach Anlage 3 (zu § 42 Absatz 2 StVO),Richtzeichen (guide),,,,
514-21,Verschwenkungstafel kurze Verschwenkung - mit Gegenverkehr – nach rechts 2- streifig in Fahrtrichtung und 1-streifig in Gegenrichtung,Richtzeichen nach Anlage 3 (zu § 42 Absatz 2 StVO),Richtzeichen (guide),VLT 2021,VLT 2021/Z-514/514-21.eps,,VERSCHWENKUNGSTAFEL_KURZE_VERSCHWENKUNG_MIT_GEGENVERKEHR_NACH_RECHTS_2_514-21.svg
514-22,Verschwenkungstafel kurze Verschwenkung - mit Gegenverkehr – nach rechts 3- streifig in Fahrtrichtung und 1-streifig in Gegenrichtung,Richtzeichen nach Anlage 3 (zu § 42 Absatz 2 StVO),Richtzeichen (guide),VLT 2021,VLT 2021/Z-514/514-22.eps,,VERSCHWENKUNGSTAFEL_KURZE_VERSCHWENKUNG_MIT_GEGENVERKEHR_NACH_RECHTS_3_514-22.svg
514-23,Verschwenkungstafel kurze Verschwenkung - mit Gegenverkehr – nach rechts 1- streifig in Fahrtrichtung und 2-streifig in Gegenrichtung,Richtzeichen nach Anlage 3 (zu § 42 Absatz 2 StVO),Richtzeichen (guide),VLT 2021,VLT 2021/Z-514/514-23.eps,,VERSCHWENKUNGSTAFEL_KURZE_VERSCHWENKUNG_MIT_GEGENVERKEHR_NACH_RECHTS_1_514-23.svg
514-24,Verschwenkungstafel kurze Verschwenkung - mit Gegenverkehr – nach rechts 2- streifig in Fahrtrichtung und 2-streifig in Gegenrichtung,Richtzeichen nach Anlage 3 (zu § 42 Absatz 2 StVO),Richtzeichen (guide),VLT 2021,VLT 2021/Z-514/514-24.eps,,VERSCHWENKUNGSTAFEL_KURZE_VERSCHWENKUNG_MIT_GEGENVERKEHR_NACH_RECHTS_2_514-24.svg
514-25,Verschwenkungstafel kurze Verschwenkung - mit Gegenverkehr – nach rechts 3- streifig in Fahrtrichtung und 2-streifig in Gegenrichtung,Richtzeichen nach Anlage 3 (zu § 42 Absatz 2 StVO),Richtzeichen (guide),VLT 2021,VLT 2021/Z-514/514-25.eps,,VERSCHWENKUNGSTAFEL_KURZE_VERSCHWENKUNG_MIT_GEGENVERKEHR_NACH_RECHTS_3_514-25.svg
514-26,Verschwenkungstafel kurze Verschwenkung - mit Gegenverkehr – nach rechts 1- streifig in Fahrtrichtung und 3-streifig in Gegenrichtung,Richtzeichen nach Anlage 3 (zu § 42 Absatz 2 StVO),Richtzeichen (guide),VLT 2021,VLT 2021/Z-514/514-26.eps,,VERSCHWENKUNGSTAFEL_KURZE_VERSCHWENKUNG_MIT_GEGENVERKEHR_NACH_RECHTS_1_514-26.svg
514-27,Verschwenkungstafel kurze Verschwenkung - mit Gegenverkehr – nach rechts 2- streifig in Fahrtrichtung und 3-streifig in Gegenrichtung,Richtzeichen nach Anlage 3 (zu § 42 Absatz 2 StVO),Richtzeichen (guide),VLT 2021,VLT 2021/Z-514/514-27.eps,,VERSCHWENKUNGSTAFEL_KURZE_VERSCHWENKUNG_MIT_GEGENVERKEHR_NACH_RECHTS_2_514-27.svg
514-28,Verschwenkungstafel kurze Verschwenkung - mit Gegenverkehr – nach rechts 3- streifig in Fahrtrichtung und 3-streifig in Gegenrichtung,Richtzeichen nach Anlage 3 (zu § 42 Absatz 2 StVO),Richtzeichen (guide),VLT 2021,VLT 2021/Z-514/514-28.eps,,VERSCHWENKUNGSTAFEL_KURZE_VERSCHWENKUNG_MIT_GEGENVERKEHR_NACH_RECHTS_3_514-28.svg
515,Verschwenkungstafel - ohne Gegenverkehr mit integriertem Zeichen 264,Richtzeichen nach Anlage 3 (zu § 42 Absatz 2 StVO),Richtzeichen (guide),,,,
515-11,Verschwenkungstafel - ohne Gegenverkehr mit integriertem Zeichen 264 - 2-streifig nach links,Richtzeichen nach Anlage 3 (zu § 42 Absatz 2 StVO),Richtzeichen (guide),Musterdateien,Musterdateien/eps/515-11.EPS,515-11.jpg,VERSCHWENKUNGSTAFEL_OHNE_GEGENVERKEHR_MIT_INTEGRIERTEM_ZEICHEN_264_2_S_515-11.svg
515-12,Verschwenkungstafel - ohne Gegenverkehr mit integriertem Zeichen 264 - 3-streifig nach links,Richtzeichen nach Anlage 3 (zu § 42 Absatz 2 StVO),Richtzeichen (guide),,,,
515-21,Verschwenkungstafel - ohne Gegenverkehr mit integriertem Zeichen 264 - 2-streifig nach rechts,Richtzeichen nach Anlage 3 (zu § 42 Absatz 2 StVO),Richtzeichen (guide),,,,
515-22,Verschwenkungstafel - ohne Gegenverkehr mit integriertem Zeichen 264 - 3-streifig nach rechts,Richtzeichen nach Anlage 3 (zu § 42 Absatz 2 StVO),Richtzeichen (guide),,,,
521,Fahrstreifentafel - ohne Gegenverkehr,Richtzeichen nach Anlage 3 (zu § 42 Absatz 2 StVO),Richtzeichen (guide),,,,
521-30,Fahrstreifentafel - ohne Gegenverkehr - 2-streifig in Fahrtrichtung,Richtzeichen nach Anlage 3 (zu § 42 Absatz 2 StVO),Richtzeichen (guide),,,521-30.jpg,
521-31,Fahrstreifentafel - ohne Gegenverkehr - 3-streifig in Fahrtrichtung,Richtzeichen nach Anlage 3 (zu § 42 Absatz 2 StVO),Richtzeichen (guide),,,,
521-32,Fahrstreifentafel - ohne Gegenverkehr - 4-streifig in Fahrtrichtung,Richtzeichen nach Anlage 3 (zu § 42 Absatz 2 StVO),Richtzeichen (guide),,,,
521-33,Fahrstreifentafel - ohne Gegenverkehr - 5-streifig in Fahrtrichtung,Richtzeichen nach Anlage 3 (zu § 42 Absatz 2 StVO),Richtzeichen (guide),,,,
522,Fahrstreifentafel - mit Gegenverkehr,Richtzeichen nach Anlage 3 (zu § 42 Absatz 2 StVO),Richtzeichen (guide),,,,
522-30,Fahrstreifentafel - mit Gegenverkehr - 1-streifig in Fahrtrichtung und 1-streifig in Gegenrichtung,Richtzeichen nach Anlage 3 (zu § 42 Absatz 2 StVO),Richtzeichen (guide),,,,
522-31,Fahrstreifentafel - mit Gegenverkehr - 2-streifig in Fahrtrichtung und 1-streifig in Gegenrichtung,Richtzeichen nach Anlage 3 (zu § 42 Absatz 2 StVO),Richtzeichen (guide),,,522-31.jpg,
522-32,Fahrstreifentafel - mit Gegenverkehr - 1-streifig in Fahrtrichtung und 2-streifig in Gegenrichtung,Richtzeichen nach Anlage 3 (zu § 42 Absatz 2 StVO),Richtzeichen (guide),,,,
522-33,Fahrstreifentafel - mit Gegenverkehr - 2-streifig in Fahrtrichtung und 2-streifig in Gegenrichtung,Richtzeichen nach Anlage 3 (zu § 42 Absatz 2 StVO),Richtzeichen (guide),,,,
522-34,Fahrstreifentafel - mit Gegenverkehr - 3-streifig in Fahrtrichtung und 2-streifig in Gegenrichtung,Richtzeichen nach Anlage 3 (zu § 42 Absatz 2 StVO),Richtzeichen (guide),,,,
522-35,Fahrstreifentafel - mit Gegenverkehr - 2-streifig in Fahrtrichtung und 3-streifig in Gegenrichtung,Richtzeichen nach Anlage 3 (zu § 42 Absatz 2 StVO),Richtzeichen (guide),,,,
522-36,Fahrstreifentafel - mit Gegenverkehr - 3-streifig in Fahrtrichtung und 3-streifig in Gegenrichtung,Richtzeichen nach Anlage 3 (zu § 42 Absatz 2 StVO),Richtzeichen (guide),,,,
522-37,Fahrstreifentafel - mit Gegenverkehr - 3-streifig in Fahrtrichtung und 1-streifig in Gegenrichtung,Richtzeichen nach Anlage 3 (zu § 42 Absatz 2 StVO),Richtzeichen (guide),,,,
522-38,Fahrstreifentafel - mit Gegenverkehr - 1-streifig in Fahrtrichtung und 3-streifig in Gegenrichtung,Richtzeichen nach Anlage 3 (zu § 42 Absatz 2 StVO),Richtzeichen (guide),,,,
523,Fahrstreifentafel - ohne Gegenverkehr mit integrierten Zeichen 274,Richtzeichen nach Anlage 3 (zu § 42 Absatz 2 StVO),Richtzeichen (guide),,,523.jpg,
523-30,Fahrstreifentafel - ohne Gegenverkehr mit integrierten Zeichen 274 - 2-streifig in Fahrtrichtung,Richtzeichen nach Anlage 3 (zu § 42 Absatz 2 StVO),Richtzeichen (guide),,,523-30.jpg,
523-31,Fahrstreifentafel - ohne Gegenverkehr mit integrierten Zeichen 274 - 3-streifig in Fahrtrichtung,Richtzeichen nach Anlage 3 (zu § 42 Absatz 2 StVO),Richtzeichen (guide),,,,
524,Fahrstreifentafel - ohne Gegenverkehr mit integriertem Zeichen 253,Richtzeichen nach Anlage 3 (zu § 42 Absatz 2 StVO),Richtzeichen (guide),,,524.jpg,
524-30,Fahrstreifentafel - ohne Gegenverkehr mit integriertem Zeichen 253 - 2-streifig in Fahrtrichtung,Richtzeichen nach Anlage 3 (zu § 42 Absatz 2 StVO),Richtzeichen (guide),,,,
524-31,Fahrstreifentafel - ohne Gegenverkehr mit integriertem Zeichen 253 - 3-streifig in Fahrtrichtung,Richtzeichen nach Anlage 3 (zu § 42 Absatz 2 StVO),Richtzeichen (guide),,,524-31.jpg,
524-32,Fahrstreifentafel - ohne Gegenverkehr mit integriertem Zeichen 253 - 4-streifig in Fahrtrichtung,Richtzeichen nach Anlage 3 (zu § 42 Absatz 2 StVO),Richtzeichen (guide),,,,
524-33,Fahrstreifentafel - ohne Gegenverkehr mit integriertem Zeichen 253 - 5-streifig in Fahrtrichtung,Richtzeichen nach Anlage 3 (zu § 42 Absatz 2 StVO),Richtzeichen (guide),,,,
525,Fahrstreifentafel - ohne Gegenverkehr mit integrierten Zeichen 275,Richtzeichen nach Anlage 3 (zu § 42 Absatz 2 StVO),Richtzeichen (guide),,,,
525-31,Fahrstreifentafel - ohne Gegenverkehr mit integrierten Zeichen 275 - 3-streifig in Fahrtrichtung,Richtzeichen nach Anlage 3 (zu § 42 Absatz 2 StVO),Richtzeichen (guide),,,525-31.jpg,
526,Fahrstreifentafel - mit Gegenverkehr mit integriertem Zeichen 275,Richtzeichen nach Anlage 3 (zu § 42 Absatz 2 StVO),Richtzeichen (guide),,,,
526-31,Fahrstreifentafel - mit Gegenverkehr mit integriertem Zeichen 275 - 2-streifig in Fahrtrichtung und 1-streifig in Gegenrichtung,Richtzeichen nach Anlage 3 (zu § 42 Absatz 2 StVO),Richtzeichen (guide),,,526-31.jpg,
526-33,Fahrstreifentafel - mit Gegenverkehr mit integriertem Zeichen 275 - 2-streifig in Fahrtrichtung und 2-streifig in Gegenrichtung,Richtzeichen nach Anlage 3 (zu § 42 Absatz 2 StVO),Richtzeichen (guide),,,,
527,Fahrstreifentafel - ohne Gegenverkehr mit integrierten Zeichen 262,Richtzeichen nach Anlage 3 (zu § 42 Absatz 2 StVO),Richtzeichen (guide),,,,
527-30,Fahrstreifentafel - ohne Gegenverkehr mit integrierten Zeichen 262 - 2-streifig in Fahrtrichtung,Richtzeichen nach Anlage 3 (zu § 42 Absatz 2 StVO),Richtzeichen (guide),VLT 2021,VLT 2021/Z-527/527-30.eps,,FAHRSTREIFENTAFEL_OHNE_GEGENVERKEHR_MIT_INTEGRIERTEN_ZEICHEN_262_2_STR_527-30.svg
527-31,Fahrstreifentafel - ohne Gegenverkehr mit integrierten Zeichen 262 - 3-streifig in Fahrtrichtung,Richtzeichen nach Anlage 3 (zu § 42 Absatz 2 StVO),Richtzeichen (guide),VLT 2021,VLT 2021/Z-527/527-31.eps,,FAHRSTREIFENTAFEL_OHNE_GEGENVERKEHR_MIT_INTEGRIERTEN_ZEICHEN_262_3_STR_527-31.svg
528,Fahrstreifentafel - ohne Gegenverkehr mit integrierten Zeichen 263,Richtzeichen nach Anlage 3 (zu § 42 Absatz 2 StVO),Richtzeichen (guide),,,,
528-30,Fahrstreifentafel - ohne Gegenverkehr mit integrierten Zeichen 263 - 2-streifig in Fahrtrichtung,Richtzeichen nach Anlage 3 (zu § 42 Absatz 2 StVO),Richtzeichen (guide),VLT 2021,VLT 2021/Z-528/528-30.eps,,FAHRSTREIFENTAFEL_OHNE_GEGENVERKEHR_MIT_INTEGRIERTEN_ZEICHEN_263_2_STR_528-30.svg
528-31,Fahrstreifentafel - ohne Gegenverkehr mit integrierten Zeichen 263 - 3-streifig in Fahrtrichtung,Richtzeichen nach Anlage 3 (zu § 42 Absatz 2 StVO),Richtzeichen (guide),VLT 2021,VLT 2021/Z-528/528-31.eps,,FAHRSTREIFENTAFEL_OHNE_GEGENVERKEHR_MIT_INTEGRIERTEN_ZEICHEN_263_3_STR_528-31.svg
529,Fahrstreifentafel - ohne Gegenverkehr mit integrierten Zeichen 265,Richtzeichen nach Anlage 3 (zu § 42 Absatz 2 StVO),Richtzeichen (guide),,,,
529-30,Fahrstreifentafel - ohne Gegenverkehr mit integrierten Zeichen 265 - 2-streifig in Fahrtrichtung,Richtzeichen nach Anlage 3 (zu § 42 Absatz 2 StVO),Richtzeichen (guide),VLT 2021,VLT 2021/Z-529/529-30.eps,,FAHRSTREIFENTAFEL_OHNE_GEGENVERKEHR_MIT_INTEGRIERTEN_ZEICHEN_265_2_STR_529-30.svg
529-31,Fahrstreifentafel - ohne Gegenverkehr mit integrierten Zeichen 265 - 3-streifig in Fahrtrichtung,Richtzeichen nach Anlage 3 (zu § 42 Absatz 2 StVO),Richtzeichen (guide),VLT 2021,VLT 2021/Z-529/529-31.eps,,FAHRSTREIFENTAFEL_OHNE_GEGENVERKEHR_MIT_INTEGRIERTEN_ZEICHEN_265_3_STR_529-31.svg
531,Einengungstafel - ohne Gegenverkehr,Richtzeichen nach Anlage 3 (zu § 42 Absatz 2 StVO),Richtzeichen (guide),,,,
531-10,"Einengungstafel - ohne Gegenverkehr - Einzug rechts, von 2 auf 1 Fahrstreifen",Richtzeichen nach Anlage 3 (zu § 42 Absatz 2 StVO),Richtzeichen (guide),,,531-10.jpg,
531-11,"Einengungstafel - ohne Gegenverkehr - Einzug rechts, von 3 auf 2 Fahrstreifen",Richtzeichen nach Anlage 3 (zu § 42 Absatz 2 StVO),Richtzeichen (guide),,,,
531-12,"Einengungstafel - ohne Gegenverkehr - Einzug rechts, von 4 auf 3 Fahrstreifen",Richtzeichen nach Anlage 3 (zu § 42 Absatz 2 StVO),Richtzeichen (guide),,,,
531-13,"Einengungstafel - ohne Gegenverkehr - Einzug rechts, von 5 auf 4 Fahrstreifen",Richtzeichen nach Anlage 3 (zu § 42 Absatz 2 StVO),Richtzeichen (guide),,,,
531-14,"Einengungstafel - ohne Gegenverkehr - Einzug rechts, von 3 auf 1 Fahrstreifen",Richtzeichen nach Anlage 3 (zu § 42 Absatz 2 StVO),Richtzeichen (guide),VLT 2021,VLT 2021/Z-531/531-14.eps,,EINENGUNGSTAFEL_OHNE_GEGENVERKEHR_EINZUG_RECHTS_VON_3_AUF_1_FAHRSTREIF_531-14.svg
531-15,"Einengungstafel - ohne Gegenverkehr - Einzug rechts, von 4 auf 2 Fahrstreifen",Richtzeichen nach Anlage 3 (zu § 42 Absatz 2 StVO),Richtzeichen (guide),VLT 2021,VLT 2021/Z-531/531-15.eps,,EINENGUNGSTAFEL_OHNE_GEGENVERKEHR_EINZUG_RECHTS_VON_4_AUF_2_FAHRSTREIF_531-15.svg
531-16,"Einengungstafel - ohne Gegenverkehr - Einzug rechts, von 5 auf 3 Fahrstreifen",Richtzeichen nach Anlage 3 (zu § 42 Absatz 2 StVO),Richtzeichen (guide),VLT 2021,VLT 2021/Z-531/531-16.eps,,EINENGUNGSTAFEL_OHNE_GEGENVERKEHR_EINZUG_RECHTS_VON_5_AUF_3_FAHRSTREIF_531-16.svg
531-20,"Einengungstafel - ohne Gegenverkehr - Einzug links, von 2 auf 1 Fahrstreifen",Richtzeichen nach Anlage 3 (zu § 42 Absatz 2 StVO),Richtzeichen (guide),,,,
531-21,"Einengungstafel - ohne Gegenverkehr - Einzug links, von 3 auf 2 Fahrstreifen",Richtzeichen nach Anlage 3 (zu § 42 Absatz 2 StVO),Richtzeichen (guide),,,,
531-22,"Einengungstafel - ohne Gegenverkehr - Einzug links, von 4 auf 3 Fahrstreifen",Richtzeichen nach Anlage 3 (zu § 42 Absatz 2 StVO),Richtzeichen (guide),,,,
531-23,"Einengungstafel - ohne Gegenverkehr - Einzug links, von 5 auf 4 Fahrstreifen",Richtzeichen nach Anlage 3 (zu § 42 Absatz 2 StVO),Richtzeichen (guide),,,,
531-24,"Einengungstafel - ohne Gegenverkehr - Einzug links, von 3 auf 1 Fahrstreifen",Richtzeichen nach Anlage 3 (zu § 42 Absatz 2 StVO),Richtzeichen (guide),VLT 2021,VLT 2021/Z-531/531-24.eps,,EINENGUNGSTAFEL_OHNE_GEGENVERKEHR_EINZUG_LINKS_VON_3_AUF_1_FAHRSTREIFE_531-24.svg
531-25,"Einengungstafel - ohne Gegenverkehr - Einzug links, von 4 auf 2 Fahrstreifen",Richtzeichen nach Anlage 3 (zu § 42 Absatz 2 StVO),Richtzeichen (guide),VLT 2021,VLT 2021/Z-531/531-25.eps,,EINENGUNGSTAFEL_OHNE_GEGENVERKEHR_EINZUG_LINKS_VON_4_AUF_2_FAHRSTREIFE_531-25.svg
531-26,"Einengungstafel - ohne Gegenverkehr - Einzug links, von 5 auf 3 Fahrstreifen",Richtzeichen nach Anlage 3 (zu § 42 Absatz 2 StVO),Richtzeichen (guide),VLT 2021,VLT 2021/Z-531/531-26.eps,,EINENGUNGSTAFEL_OHNE_GEGENVERKEHR_EINZUG_LINKS_VON_5_AUF_3_FAHRSTREIFE_531-26.svg
532,Einengungstafel - mit Gegenverkehr,Richtzeichen nach Anlage 3 (zu § 42 Absatz 2 StVO),Richtzeichen (guide),,,,
532-10,"Einengungstafel - mit Gegenverkehr - Einzug rechts, noch 1 Fahrstreifen und 1 Fahrstreifen in Gegenrichtung",Richtzeichen nach Anlage 3 (zu § 42 Absatz 2 StVO),Richtzeichen (guide),,,532-10.jpg,
532-20,"Einengungstafel - mit Gegenverkehr - Einzug links, noch 1 Fahrstreifen und 1 Fahrstreifen in Gegenrichtung",Richtzeichen nach Anlage 3 (zu § 42 Absatz 2 StVO),Richtzeichen (guide),,,,
532-21,"Einengungstafel - mit Gegenverkehr - Einzug links, noch 1 Fahrstreifen und 2 Fahrstreifen in Gegenrichtung",Richtzeichen nach Anlage 3 (zu § 42 Absatz 2 StVO),Richtzeichen (guide),,,,
533,Trennungstafel,Richtzeichen nach Anlage 3 (zu § 42 Absatz 2 StVO),Richtzeichen (guide),,,533.jpg,
533-20,Trennungstafel - 2-streifig durchgehend und 1-streifig rechts ab,Richtzeichen nach Anlage 3 (zu § 42 Absatz 2 StVO),Richtzeichen (guide),,,533-20.jpg,
533-21,Trennungstafel - 3-streifig durchgehend und 1-streifig rechts ab,Richtzeichen nach Anlage 3 (zu § 42 Absatz 2 StVO),Richtzeichen (guide),,,,
533-22,Trennungstafel - 2-streifig durchgehend und 2-streifig rechts ab,Richtzeichen nach Anlage 3 (zu § 42 Absatz 2 StVO),Richtzeichen (guide),VLT 2021,VLT 2021/Z-533/533-22.eps,,TRENNUNGSTAFEL_2_STREIFIG_DURCHGEHEND_UND_2_STREIFIG_RECHTS_AB_533-22.svg
533-23,Trennungstafel - 3-streifig durchgehend und 2-streifig rechts ab,Richtzeichen nach Anlage 3 (zu § 42 Absatz 2 StVO),Richtzeichen (guide),VLT 2021,VLT 2021/Z-533/533-23.eps,,TRENNUNGSTAFEL_3_STREIFIG_DURCHGEHEND_UND_2_STREIFIG_RECHTS_AB_533-23.svg
533-24,Trennungstafel - 4-streifig durchgehend und 1-streifig rechts ab,Richtzeichen nach Anlage 3 (zu § 42 Absatz 2 StVO),Richtzeichen (guide),VLT 2021,VLT 2021/Z-533/533-24.eps,,TRENNUNGSTAFEL_4_STREIFIG_DURCHGEHEND_UND_1_STREIFIG_RECHTS_AB_533-24.svg
533-25,Trennungstafel - 4-streifig durchgehend und 2-streifig rechts ab,Richtzeichen nach Anlage 3 (zu § 42 Absatz 2 StVO),Richtzeichen (guide),VLT 2021,VLT 2021/Z-533/533-25.eps,,TRENNUNGSTAFEL_4_STREIFIG_DURCHGEHEND_UND_2_STREIFIG_RECHTS_AB_533-25.svg
533-26,Trennungstafel - 4-streifig durchgehend und 3-streifig rechts ab,Richtzeichen nach Anlage 3 (zu § 42 Absatz 2 StVO),Richtzeichen (guide),VLT 2021,VLT 2021/Z-533/533-26.eps,,TRENNUNGSTAFEL_4_STREIFIG_DURCHGEHEND_UND_3_STREIFIG_RECHTS_AB_533-26.svg
533-27,Trennungstafel - 5-streifig durchgehend und 1-streifig rechts ab,Richtzeichen nach Anlage 3 (zu § 42 Absatz 2 StVO),Richtzeichen (guide),VLT 2021,VLT 2021/Z-533/533-27.eps,,TRENNUNGSTAFEL_5_STREIFIG_DURCHGEHEND_UND_1_STREIFIG_RECHTS_AB_533-27.svg
533-28,Trennungstafel - 5-streifig durchgehend und 2-streifig rechts ab,Richtzeichen nach Anlage 3 (zu § 42 Absatz 2 StVO),Richtzeichen (guide),VLT 2021,VLT 2021/Z-533/533-28.eps,,TRENNUNGSTAFEL_5_STREIFIG_DURCHGEHEND_UND_2_STREIFIG_RECHTS_AB_533-28.svg
533-29,Trennungstafel - 5-streifig durchgehend und 3-streifig rechts ab,Richtzeichen nach Anlage 3 (zu § 42 Absatz 2 StVO),Richtzeichen (guide),VLT 2021,VLT 2021/Z-533/533-29.eps,,TRENNUNGSTAFEL_5_STREIFIG_DURCHGEHEND_UND_3_STREIFIG_RECHTS_AB_533-29.svg
533-60,Trennungstafel - 2-streifig durchgehend und 1-streifig sowie aus dem rechten durchgehenden Fahrstreifen rechts ab,Richtzeichen nach Anlage 3 (zu § 42 Absatz 2 StVO),Richtzeichen (guide),VLT 2021,VLT 2021/Z-533/533-60.eps,,TRENNUNGSTAFEL_2_STREIFIG_DURCHGEHEND_UND_1_STREIFIG_SOWIE_AUS_DEM_REC_533-60.svg
533-61,Trennungstafel - 3-streifig durchgehend und 1-streifig sowie aus dem rechten durchgehenden Fahrstreifen rechts ab,Richtzeichen nach Anlage 3 (zu § 42 Absatz 2 StVO),Richtzeichen (guide),VLT 2021,VLT 2021/Z-533/533-61.eps,,TRENNUNGSTAFEL_3_STREIFIG_DURCHGEHEND_UND_1_STREIFIG_SOWIE_AUS_DEM_REC_533-61.svg
533-62,Trennungstafel - 4-streifig durchgehend und 1-streifig sowie aus dem rechten durchgehenden Fahrstreifen rechts ab,Richtzeichen nach Anlage 3 (zu § 42 Absatz 2 StVO),Richtzeichen (guide),VLT 2021,VLT 2021/Z-533/533-62.eps,,TRENNUNGSTAFEL_4_STREIFIG_DURCHGEHEND_UND_1_STREIFIG_SOWIE_AUS_DEM_REC_533-62.svg
533-63,Trennungstafel - 5-streifig durchgehend und 1-streifig sowie aus dem rechten durchgehenden Fahrstreifen rechts ab,Richtzeichen nach Anlage 3 (zu § 42 Absatz 2 StVO),Richtzeichen (guide),VLT 2021,VLT 2021/Z-533/533-63.eps,,TRENNUNGSTAFEL_5_STREIFIG_DURCHGEHEND_UND_1_STREIFIG_SOWIE_AUS_DEM_REC_533-63.svg
535,Einengungstafel - ohne Gegenverkehr mit integrierten Zeichen 279,Richtzeichen nach Anlage 3 (zu § 42 Absatz 2 StVO),Richtzeichen (guide),,,,
535-11,"Einengungstafel - ohne Gegenverkehr mit integrierten Zeichen 279 - Einzug rechts, noch 2 Fahrstreifen in Fahrtrichtung",Richtzeichen nach Anlage 3 (zu § 42 Absatz 2 StVO),Richtzeichen (guide),,,535-11.jpg,
535-21,"Einengungstafel - ohne Gegenverkehr mit integrierten Zeichen 279 - Einzug links, noch 2 Fahrstreifen in Fahrtrichtung",Richtzeichen nach Anlage 3 (zu § 42 Absatz 2 StVO),Richtzeichen (guide),,,,
536,Einengungstafel - mit Gegenverkehr mit integriertem Zeichen 279,Richtzeichen nach Anlage 3 (zu § 42 Absatz 2 StVO),Richtzeichen (guide),,,,
536-20,"Einengungstafel - mit Gegenverkehr mit integriertem Zeichen 279 - Einzug links, noch 1 Fahrstreifen und 1 Fahrstreifen in Gegenrichtung",Richtzeichen nach Anlage 3 (zu § 42 Absatz 2 StVO),Richtzeichen (guide),,,536-20.jpg,
536-21,"Einengungstafel - mit Gegenverkehr mit integriertem Zeichen 279 - Einzug links, noch 1 Fahrstreifen und 2 Fahrstreifen in Gegenrichtung",Richtzeichen nach Anlage 3 (zu § 42 Absatz 2 StVO),Richtzeichen (guide),,,,
537,Fahrstreifentafel - ohne Gegenverkehr mit integrierten Zeichen 278,Richtzeichen nach Anlage 3 (zu § 42 Absatz 2 StVO),Richtzeichen (guide),,,537.jpg,
537-30,Fahrstreifentafel - ohne Gegenverkehr mit integrierten Zeichen 278 - 2-streifig in Fahrtrichtung,Richtzeichen nach Anlage 3 (zu § 42 Absatz 2 StVO),Richtzeichen (guide),,,537-30.jpg,
537-31,Fahrstreifentafel - ohne Gegenverkehr mit integrierten Zeichen 278 - 3-streifig in Fahrtrichtung,Richtzeichen nach Anlage 3 (zu § 42 Absatz 2 StVO),Richtzeichen (guide),,,,
538,Fahrstreifentafel - ohne Gegenverkehr mit integriertem Zeichen 282,Richtzeichen nach Anlage 3 (zu § 42 Absatz 2 StVO),Richtzeichen (guide),,,,
538-30,Fahrstreifentafel - ohne Gegenverkehr mit integriertem Zeichen 282 - 2-streifig in Fahrtrichtung,Richtzeichen nach Anlage 3 (zu § 42 Absatz 2 StVO),Richtzeichen (guide),VLT 2021,VLT 2021/Z-538/538-30.eps,,FAHRSTREIFENTAFEL_OHNE_GEGENVERKEHR_MIT_INTEGRIERTEM_ZEICHEN_282_2_STR_538-30.svg
538-31,Fahrstreifentafel - ohne Gegenverkehr mit integriertem Zeichen 282 - 3-streifig in Fahrtrichtung,Richtzeichen nach Anlage 3 (zu § 42 Absatz 2 StVO),Richtzeichen (guide),VLT 2021,VLT 2021/Z-538/538-31.eps,,FAHRSTREIFENTAFEL_OHNE_GEGENVERKEHR_MIT_INTEGRIERTEM_ZEICHEN_282_3_STR_538-31.svg
541,Aufweitungstafel - ohne Gegenverkehr,Richtzeichen nach Anlage 3 (zu § 42 Absatz 2 StVO),Richtzeichen (guide),,,,
541-10,Aufweitungstafel - ohne Gegenverkehr - 1-streifig plus Fahrstreifen links,Richtzeichen nach Anlage 3 (zu § 42 Absatz 2 StVO),Richtzeichen (guide),,,,
541-11,Aufweitungstafel - ohne Gegenverkehr - 2-streifig plus Fahrstreifen links,Richtzeichen nach Anlage 3 (zu § 42 Absatz 2 StVO),Richtzeichen (guide),,,541-11.jpg,
541-12,Aufweitungstafel - ohne Gegenverkehr - 3-streifig plus Fahrstreifen links,Richtzeichen nach Anlage 3 (zu § 42 Absatz 2 StVO),Richtzeichen (guide),VLT 2021,VLT 2021/Z-541/541-12.eps,,AUFWEITUNGSTAFEL_OHNE_GEGENVERKEHR_3_STREIFIG_PLUS_FAHRSTREIFEN_LINKS_541-12.svg
541-13,Aufweitungstafel - ohne Gegenverkehr - 4-streifig plus Fahrstreifen links,Richtzeichen nach Anlage 3 (zu § 42 Absatz 2 StVO),Richtzeichen (guide),VLT 2021,VLT 2021/Z-541/541-13.eps,,AUFWEITUNGSTAFEL_OHNE_GEGENVERKEHR_4_STREIFIG_PLUS_FAHRSTREIFEN_LINKS_541-13.svg
541-20,Aufweitungstafel - ohne Gegenverkehr - 1-streifig plus Fahrstreifen rechts,Richtzeichen nach Anlage 3 (zu § 42 Absatz 2 StVO),Richtzeichen (guide),,,,
541-21,Aufweitungstafel - ohne Gegenverkehr - 2-streifig plus Fahrstreifen rechts,Richtzeichen nach Anlage 3 (zu § 42 Absatz 2 StVO),Richtzeichen (guide),,,,
541-22,Aufweitungstafel - ohne Gegenverkehr - 3-streifig plus Fahrstreifen rechts,Richtzeichen nach Anlage 3 (zu § 42 Absatz 2 StVO),Richtzeichen (guide),VLT 2021,VLT 2021/Z-541/541-22.eps,,AUFWEITUNGSTAFEL_OHNE_GEGENVERKEHR_3_STREIFIG_PLUS_FAHRSTREIFEN_RECHTS_541-22.svg
541-23,Aufweitungstafel - ohne Gegenverkehr - 4-streifig plus Fahrstreifen rechts,Richtzeichen nach Anlage 3 (zu § 42 Absatz 2 StVO),Richtzeichen (guide),VLT 2021,VLT 2021/Z-541/541-23.eps,,AUFWEITUNGSTAFEL_OHNE_GEGENVERKEHR_4_STREIFIG_PLUS_FAHRSTREIFEN_RECHTS_541-23.svg
542,Aufweitungstafel - mit Gegenverkehr,Richtzeichen nach Anlage 3 (zu § 42 Absatz 2 StVO),Richtzeichen (guide),,,,
542-10,Aufweitungstafel - mit Gegenverkehr - 1-streifig plus Fahrstreifen links und 1 Fahrstreifen in Gegenrichtung,Richtzeichen nach Anlage 3 (zu § 42 Absatz 2 StVO),Richtzeichen (guide),,,542-10.jpg,
542-11,Aufweitungstafel - mit Gegenverkehr - 1-streifig plus Fahrstreifen links und 2 Fahrstreifen in Gegenrichtung,Richtzeichen nach Anlage 3 (zu § 42 Absatz 2 StVO),Richtzeichen (guide),,,,
542-12,Aufweitungstafel - mit Gegenverkehr - 2-streifig plus Fahrstreifen links und 1 Fahrstreifen in Gegenrichtung,Richtzeichen nach Anlage 3 (zu § 42 Absatz 2 StVO),Richtzeichen (guide),VLT 2021,VLT 2021/Z-542/542-12.eps,,AUFWEITUNGSTAFEL_MIT_GEGENVERKEHR_2_STREIFIG_PLUS_FAHRSTREIFEN_LINKS_U_542-12.svg
542-13,Aufweitungstafel - mit Gegenverkehr - 2-streifig plus Fahrstreifen links und 2 Fahrstreifen in Gegenrichtung,Richtzeichen nach Anlage 3 (zu § 42 Absatz 2 StVO),Richtzeichen (guide),VLT 2021,VLT 2021/Z-542/542-13.eps,,AUFWEITUNGSTAFEL_MIT_GEGENVERKEHR_2_STREIFIG_PLUS_FAHRSTREIFEN_LINKS_U_542-13.svg
542-14,Aufweitungstafel - mit Gegenverkehr - 1-streifig plus Fahrstreifen links und 3 Fahrstreifen in Gegenrichtung,Richtzeichen nach Anlage 3 (zu § 42 Absatz 2 StVO),Richtzeichen (guide),VLT 2021,VLT 2021/Z-542/542-14.eps,,AUFWEITUNGSTAFEL_MIT_GEGENVERKEHR_1_STREIFIG_PLUS_FAHRSTREIFEN_LINKS_U_542-14.svg
542-15,Aufweitungstafel - mit Gegenverkehr - 2-streifig plus Fahrstreifen links und 3 Fahrstreifen in Gegenrichtung,Richtzeichen nach Anlage 3 (zu § 42 Absatz 2 StVO),Richtzeichen (guide),VLT 2021,VLT 2021/Z-542/542-15.eps,,AUFWEITUNGSTAFEL_MIT_GEGENVERKEHR_2_STREIFIG_PLUS_FAHRSTREIFEN_LINKS_U_542-15.svg
545,Aufweitungstafel - ohne Gegenverkehr mit integrierten Zeichen 275,Richtzeichen nach Anlage 3 (zu § 42 Absatz 2 StVO),Richtzeichen (guide),,,,
545-11,Aufweitungstafel - ohne Gegenverkehr mit integrierten Zeichen 275 - 2-streifig plus Fahrstreifen links,Richtzeichen nach Anlage 3 (zu § 42 Absatz 2 StVO),Richtzeichen (guide),,,545-11.jpg,
546,Aufweitungstafel - mit Gegenverkehr mit integriertem Zeichen 275,Richtzeichen nach Anlage 3 (zu § 42 Absatz 2 StVO),Richtzeichen (guide),,,,
546-10,Aufweitungstafel - mit Gegenverkehr mit integriertem Zeichen 275 - 1-streifig plus Fahrstreifen links und 1 Fahrstreifen in Gegenrichtung,Richtzeichen nach Anlage 3 (zu § 42 Absatz 2 StVO),Richtzeichen (guide),,,546-10.jpg,
546-11,Aufweitungstafel - mit Gegenverkehr mit integriertem Zeichen 275 - 1-streifig plus Fahrstreifen links und 2 Fahrstreifen in Gegenrichtung,Richtzeichen nach Anlage 3 (zu § 42 Absatz 2 StVO),Richtzeichen (guide),,,,
550,Zusammenführungstafel - an durchgehender Strecke,Richtzeichen nach Anlage 3 (zu § 42 Absatz 2 StVO),Richtzeichen (guide),,,550.jpg,
550-20,Zusammenführungstafel - an durchgehender Strecke - 1-streifig plus 1 Fahrstreifen von rechts,Richtzeichen nach Anlage 3 (zu § 42 Absatz 2 StVO),Richtzeichen (guide),,,,
550-21,Zusammenführungstafel - an durchgehender Strecke - 2-streifig plus 1 Fahrstreifen von rechts,Richtzeichen nach Anlage 3 (zu § 42 Absatz 2 StVO),Richtzeichen (guide),,,550-21.jpg,
550-22,Zusammenführungstafel - an durchgehender Strecke - 3-streifig plus 1 Fahrstreifen von rechts,Richtzeichen nach Anlage 3 (zu § 42 Absatz 2 StVO),Richtzeichen (guide),,,,
550-23,Zusammenführungstafel - an durchgehender Strecke - 2-streifig plus 2 Fahrstreifen von rechts,Richtzeichen nach Anlage 3 (zu § 42 Absatz 2 StVO),Richtzeichen (guide),,,,
550-24,Zusammenführungstafel - an durchgehender Strecke - 3-streifig plus 2 Fahrstreifen von rechts,Richtzeichen nach Anlage 3 (zu § 42 Absatz 2 StVO),Richtzeichen (guide),,,,
550-25,Zusammenführungstafel - an durchgehender Strecke - 4-streifig plus 1 Fahrstreifen von rechts,Richtzeichen nach Anlage 3 (zu § 42 Absatz 2 StVO),Richtzeichen (guide),VLT 2021,VLT 2021/Z-550/550-25.eps,,ZUSAMMENFUEHRUNGSTAFEL_AN_DURCHGEHENDER_STRECKE_4_STREIFIG_PLUS_1_FAHR_550-25.svg
550-26,Zusammenführungstafel - an durchgehender Strecke - 4-streifig plus 2 Fahrstreifen von rechts,Richtzeichen nach Anlage 3 (zu § 42 Absatz 2 StVO),Richtzeichen (guide),VLT 2021,VLT 2021/Z-550/550-26.EPS,,ZUSAMMENFUEHRUNGSTAFEL_AN_DURCHGEHENDER_STRECKE_4_STREIFIG_PLUS_2_FAHR_550-26.svg
550-27,Zusammenführungstafel - an durchgehender Strecke - 4-streifig plus 3 Fahrstreifen von rechts,Richtzeichen nach Anlage 3 (zu § 42 Absatz 2 StVO),Richtzeichen (guide),VLT 2021,VLT 2021/Z-550/550-27.eps,,ZUSAMMENFUEHRUNGSTAFEL_AN_DURCHGEHENDER_STRECKE_4_STREIFIG_PLUS_3_FAHR_550-27.svg
550-28,Zusammenführungstafel - an durchgehender Strecke - 5-streifig plus 1 Fahrstreifen von rechts,Richtzeichen nach Anlage 3 (zu § 42 Absatz 2 StVO),Richtzeichen (guide),VLT 2021,VLT 2021/Z-550/550-28.eps,,ZUSAMMENFUEHRUNGSTAFEL_AN_DURCHGEHENDER_STRECKE_5_STREIFIG_PLUS_1_FAHR_550-28.svg
550-29,Zusammenführungstafel - an durchgehender Strecke - 5-streifig plus 2 Fahrstreifen von rechts,Richtzeichen nach Anlage 3 (zu § 42 Absatz 2 StVO),Richtzeichen (guide),VLT 2021,VLT 2021/Z-550/550-29.EPS,,ZUSAMMENFUEHRUNGSTAFEL_AN_DURCHGEHENDER_STRECKE_5_STREIFIG_PLUS_2_FAHR_550-29.svg
550-60,Zusammenführungstafel - an durchgehender Strecke - 5-streifig plus 3 Fahrstreifen von rechts,Richtzeichen nach Anlage 3 (zu § 42 Absatz 2 StVO),Richtzeichen (guide),VLT 2021,VLT 2021/Z-550/550-60.eps,,ZUSAMMENFUEHRUNGSTAFEL_AN_DURCHGEHENDER_STRECKE_5_STREIFIG_PLUS_3_FAHR_550-60.svg
551,Zusammenführungstafel - an einmündender Strecke,Richtzeichen nach Anlage 3 (zu § 42 Absatz 2 StVO),Richtzeichen (guide),,,,
551-20,Zusammenführungstafel - an einmündender Strecke - 1-streifig einmündend plus 1-streifig durchgehend,Richtzeichen nach Anlage 3 (zu § 42 Absatz 2 StVO),Richtzeichen (guide),,,,
551-21,Zusammenführungstafel - an einmündender Strecke - 1-streifig einmündend plus 2-streifig durchgehend,Richtzeichen nach Anlage 3 (zu § 42 Absatz 2 StVO),Richtzeichen (guide),,,551-21.jpg,
551-22,Zusammenführungstafel - an einmündender Strecke - 2-streifig einmündend plus 2-streifig durchgehend,Richtzeichen nach Anlage 3 (zu § 42 Absatz 2 StVO),Richtzeichen (guide),,,,
551-23,Zusammenführungstafel - an einmündender Strecke - 2-streifig einmündend plus 3-streifig durchgehend,Richtzeichen nach Anlage 3 (zu § 42 Absatz 2 StVO),Richtzeichen (guide),,,,
551-24,Zusammenführungstafel - an einmündender Strecke - 1-streifig einmündend plus 3-streifig durchgehend,Richtzeichen nach Anlage 3 (zu § 42 Absatz 2 StVO),Richtzeichen (guide),,,,
551-25,Zusammenführungstafel - an einmündender Strecke - 1-streifig einmündend plus 4-streifig durchgehend,Richtzeichen nach Anlage 3 (zu § 42 Absatz 2 StVO),Richtzeichen (guide),VLT 2021,VLT 2021/Z-551/551-25.eps,,ZUSAMMENFUEHRUNGSTAFEL_AN_EINMUENDENDER_STRECKE_1_STREIFIG_EINMUENDEND_551-25.svg
551-26,Zusammenführungstafel - an einmündender Strecke - 2-streifig einmündend plus 4-streifig durchgehend,Richtzeichen nach Anlage 3 (zu § 42 Absatz 2 StVO),Richtzeichen (guide),VLT 2021,VLT 2021/Z-551/551-26.eps,,ZUSAMMENFUEHRUNGSTAFEL_AN_EINMUENDENDER_STRECKE_2_STREIFIG_EINMUENDEND_551-26.svg
551-27,Zusammenführungstafel - an einmündender Strecke - 3-streifig einmündend plus 4-streifig durchgehend,Richtzeichen nach Anlage 3 (zu § 42 Absatz 2 StVO),Richtzeichen (guide),VLT 2021,VLT 2021/Z-551/551-27.eps,,ZUSAMMENFUEHRUNGSTAFEL_AN_EINMUENDENDER_STRECKE_3_STREIFIG_EINMUENDEND_551-27.svg
551-28,Zusammenführungstafel - an einmündender Strecke - 1-streifig einmündend plus 5-streifig durchgehend,Richtzeichen nach Anlage 3 (zu § 42 Absatz 2 StVO),Richtzeichen (guide),,,,
551-29,Zusammenführungstafel - an einmündender Strecke - 2-streifig einmündend plus 5-streifig durchgehend,Richtzeichen nach Anlage 3 (zu § 42 Absatz 2 StVO),Richtzeichen (guide),VLT 2021,VLT 2021/Z-551/551-29.eps,,ZUSAMMENFUEHRUNGSTAFEL_AN_EINMUENDENDER_STRECKE_2_STREIFIG_EINMUENDEND_551-29.svg
551-60,Zusammenführungstafel - an einmündender Strecke - 3-streifig einmündend plus 5-streifig durchgehend,Richtzeichen nach Anlage 3 (zu § 42 Absatz 2 StVO),Richtzeichen (guide),VLT 2021,VLT 2021/Z-551/551-60.eps,,ZUSAMMENFUEHRUNGSTAFEL_AN_EINMUENDENDER_STRECKE_3_STREIFIG_EINMUENDEND_551-60.svg
590,Blockumfahrung,Richtzeichen nach Anlage 3 (zu § 42 Absatz 2 StVO),Richtzeichen (guide),,,,
590-10,"Blockumfahrung rechts, links, links",Richtzeichen nach Anlage 3 (zu § 42 Absatz 2 StVO),Richtzeichen (guide),,,590-10.jpg,
590-11,"Blockumfahrung rechts, rechts, rechts",Richtzeichen nach Anlage 3 (zu § 42 Absatz 2 StVO),Richtzeichen (guide),,,,
600,Absperrschranke,Verkehrseinrichtungen nach Anlage 4 (zu § 43 Absatz 3 StVO),Verkehrseinrichtungen (traffic devices),,,,
600-30,Absperrschranke - 100 x 800,Verkehrseinrichtungen nach Anlage 4 (zu § 43 Absatz 3 StVO),Verkehrseinrichtungen (traffic devices),,,,
600-31,Absperrschranke - 100 x 1200,Verkehrseinrichtungen nach Anlage 4 (zu § 43 Absatz 3 StVO),Verkehrseinrichtungen (traffic devices),,,,
600-32,Absperrschranke - 100 x 1600,Verkehrseinrichtungen nach Anlage 4 (zu § 43 Absatz 3 StVO),Verkehrseinrichtungen (traffic devices),,,,
600-33,Absperrschranke - 250 x 1200,Verkehrseinrichtungen nach Anlage 4 (zu § 43 Absatz 3 StVO),Verkehrseinrichtungen (traffic devices),,,,
600-34,Absperrschranke - 250 x 1600,Verkehrseinrichtungen nach Anlage 4 (zu § 43 Absatz 3 StVO),Verkehrseinrichtungen (traffic devices),,,,
600-35,Absperrschranke - 250 x 2000,Verkehrseinrichtungen nach Anlage 4 (zu § 43 Absatz 3 StVO),Verkehrseinrichtungen (traffic devices),,,,
600-36,Absperrschranke - 250 x 2400,Verkehrseinrichtungen nach Anlage 4 (zu § 43 Absatz 3 StVO),Verkehrseinrichtungen (traffic devices),,,,
600-37,Absperrschranke - 500 x 1600,Verkehrseinrichtungen nach Anlage 4 (zu § 43 Absatz 3 StVO),Verkehrseinrichtungen (traffic devices),,,,
600-38,Absperrschranke - 500 x 2000,Verkehrseinrichtungen nach Anlage 4 (zu § 43 Absatz 3 StVO),Verkehrseinrichtungen (traffic devices),,,,
600-39,Absperrschranke - 500 x 2400,Verkehrseinrichtungen nach Anlage 4 (zu § 43 Absatz 3 StVO),Verkehrseinrichtungen (traffic devices),,,,
600-50,Absperrschranke - 100 x 2000,Verkehrseinrichtungen nach Anlage 4 (zu § 43 Absatz 3 StVO),Verkehrseinrichtungen (traffic devices),,,,
600-51,Absperrschranke - 100 x 2400,Verkehrseinrichtungen nach Anlage 4 (zu § 43 Absatz 3 StVO),Verkehrseinrichtungen (traffic devices),,,,
600-52,Absperrschranke - 250 x 800,Verkehrseinrichtungen nach Anlage 4 (zu § 43 Absatz 3 StVO),Verkehrseinrichtungen (traffic devices),,,,
600-60,Sperrpfosten (Schraffur waagerecht),Verkehrseinrichtungen nach Anlage 4 (zu § 43 Absatz 3 StVO),Verkehrseinrichtungen (traffic devices),,,600-60.jpg,
605,Leitbake,Verkehrseinrichtungen nach Anlage 4 (zu § 43 Absatz 3 StVO),Verkehrseinrichtungen (traffic devices),,,,
605-10,Leitbake - Schraffenbake - Aufstellung rechts,Verkehrseinrichtungen nach Anlage 4 (zu § 43 Absatz 3 StVO),Verkehrseinrichtungen (traffic devices),,,605-10.jpg,
605-11,Leitbake - Pfeilbake - Aufstellung rechts,Verkehrseinrichtungen nach Anlage 4 (zu § 43 Absatz 3 StVO),Verkehrseinrichtungen (traffic devices),Musterdateien,Musterdateien/eps/605-11.EPS,605-11.jpg,LEITBAKE_PFEILBAKE_AUFSTELLUNG_RECHTS_605-11.svg
605-12,Leitbake - Warnbake - Aufstellung rechts,Verkehrseinrichtungen nach Anlage 4 (zu § 43 Absatz 3 StVO),Verkehrseinrichtungen (traffic devices),,,605-12.jpg,
605-13,Leitbake - Warnlichtbake - Aufstellung rechts,Verkehrseinrichtungen nach Anlage 4 (zu § 43 Absatz 3 StVO),Verkehrseinrichtungen (traffic devices),,,605-13.jpg,
605-14,Leitbake - Warnlichtbake mit integriertem Zeichen 222 - Aufstellung rechts mit Zeichen 222-10,Verkehrseinrichtungen nach Anlage 4 (zu § 43 Absatz 3 StVO),Verkehrseinrichtungen (traffic devices),,,605-14.jpg,
605-20,Leitbake - Schraffenbake - Aufstellung links,Verkehrseinrichtungen nach Anlage 4 (zu § 43 Absatz 3 StVO),Verkehrseinrichtungen (traffic devices),,,,
605-21,Leitbake - Pfeilbake - Aufstellung links,Verkehrseinrichtungen nach Anlage 4 (zu § 43 Absatz 3 StVO),Verkehrseinrichtungen (traffic devices),,,,
605-22,Leitbake - Warnbake - Aufstellung links,Verkehrseinrichtungen nach Anlage 4 (zu § 43 Absatz 3 StVO),Verkehrseinrichtungen (traffic devices),,,,
605-23,Leitbake - Warnlichtbake - Aufstellung links,Verkehrseinrichtungen nach Anlage 4 (zu § 43 Absatz 3 StVO),Verkehrseinrichtungen (traffic devices),,,,
605-24,Leitbake - Warnlichtbake mit integriertem Zeichen 222 - Aufstellung links mit Zeichen 222,Verkehrseinrichtungen nach Anlage 4 (zu § 43 Absatz 3 StVO),Verkehrseinrichtungen (traffic devices),,,,
605-40,Leitbake - Schraffenbake - doppelseitig (-10/ -20),Verkehrseinrichtungen nach Anlage 4 (zu § 43 Absatz 3 StVO),Verkehrseinrichtungen (traffic devices),,,,
605-41,Leitbake - Schraffenbake - doppelseitig (-20/ -20),Verkehrseinrichtungen nach Anlage 4 (zu § 43 Absatz 3 StVO),Verkehrseinrichtungen (traffic devices),,,,
605-42,Leitbake - Pfeilbake - doppelseitig (-11/ -21),Verkehrseinrichtungen nach Anlage 4 (zu § 43 Absatz 3 StVO),Verkehrseinrichtungen (traffic devices),,,,
605-43,Leitbake - Pfeilbake - doppelseitig (-21/ -21),Verkehrseinrichtungen nach Anlage 4 (zu § 43 Absatz 3 StVO),Verkehrseinrichtungen (traffic devices),,,,
605-44,Leitbake - Warnbake - doppelseitig (-12/ -22),Verkehrseinrichtungen nach Anlage 4 (zu § 43 Absatz 3 StVO),Verkehrseinrichtungen (traffic devices),,,,
605-45,Leitbake - Warnbake - doppelseitig (-22/ -22),Verkehrseinrichtungen nach Anlage 4 (zu § 43 Absatz 3 StVO),Verkehrseinrichtungen (traffic devices),,,,
610,Leitkegel,Verkehrseinrichtungen nach Anlage 4 (zu § 43 Absatz 3 StVO),Verkehrseinrichtungen (traffic devices),,,,
610-40,Leitkegel - Höhe = 300 (Ringhöhe 55 mm),Verkehrseinrichtungen nach Anlage 4 (zu § 43 Absatz 3 StVO),Verkehrseinrichtungen (traffic devices),,,,
610-41,Leitkegel - Höhe = 500 (Ringhöhe 85 mm),Verkehrseinrichtungen nach Anlage 4 (zu § 43 Absatz 3 StVO),Verkehrseinrichtungen (traffic devices),,,610-41.jpg,
610-42,Leitkegel - Höhe = 750 (Ringhöhe 130 mm),Verkehrseinrichtungen nach Anlage 4 (zu § 43 Absatz 3 StVO),Verkehrseinrichtungen (traffic devices),,,,
610-43,Leitkegel - Höhe = 1000 (Ringhöhe 180 mm),Verkehrseinrichtungen nach Anlage 4 (zu § 43 Absatz 3 StVO),Verkehrseinrichtungen (traffic devices),,,,
615,Fahrbare Absperrtafel,Verkehrseinrichtungen nach Anlage 4 (zu § 43 Absatz 3 StVO),Verkehrseinrichtungen (traffic devices),,,615.jpg,
616,Fahrbare Absperrtafel mit Blinkpfeil,Verkehrseinrichtungen nach Anlage 4 (zu § 43 Absatz 3 StVO),Verkehrseinrichtungen (traffic devices),,,,
616-30,Fahrbare Absperrtafel mit Blinkpfeil - große Ausführung (3600 x 2200),Verkehrseinrichtungen nach Anlage 4 (zu § 43 Absatz 3 StVO),Verkehrseinrichtungen (traffic devices),,,616-30.jpg,
616-31,Fahrbare Absperrtafel mit Blinkpfeil - kleine Ausführung (2500 x 1700),Verkehrseinrichtungen nach Anlage 4 (zu § 43 Absatz 3 StVO),Verkehrseinrichtungen (traffic devices),,,,
620,Leitpfosten,Verkehrseinrichtungen nach Anlage 4 (zu § 43 Absatz 3 StVO),Verkehrseinrichtungen (traffic devices),,,,
620-40,Leitpfosten - rechts,Verkehrseinrichtungen nach Anlage 4 (zu § 43 Absatz 3 StVO),Verkehrseinrichtungen (traffic devices),,,620-40.jpg,
620-41,Leitpfosten - links,Verkehrseinrichtungen nach Anlage 4 (zu § 43 Absatz 3 StVO),Verkehrseinrichtungen (traffic devices),,,620-41.jpg,
625,Richtungstafel in Kurven,Verkehrseinrichtungen nach Anlage 4 (zu § 43 Absatz 3 StVO),Verkehrseinrichtungen (traffic devices),,,,
625-10,Richtungstafel in Kurven - linksweisend: 500 x 500,Verkehrseinrichtungen nach Anlage 4 (zu § 43 Absatz 3 StVO),Verkehrseinrichtungen (traffic devices),,,,
625-11,Richtungstafel in Kurven - linksweisend: 500 x 1500,Verkehrseinrichtungen nach Anlage 4 (zu § 43 Absatz 3 StVO),Verkehrseinrichtungen (traffic devices),,,625-11.jpg,
625-12,Richtungstafel in Kurven - linksweisend: 500 x 2000,Verkehrseinrichtungen nach Anlage 4 (zu § 43 Absatz 3 StVO),Verkehrseinrichtungen (traffic devices),,,,
625-13,Richtungstafel in Kurven - linksweisend: 500 x 2500,Verkehrseinrichtungen nach Anlage 4 (zu § 43 Absatz 3 StVO),Verkehrseinrichtungen (traffic devices),,,,
625-14,Richtungstafel in Kurven - linksweisend:700 x 700,Verkehrseinrichtungen nach Anlage 4 (zu § 43 Absatz 3 StVO),Verkehrseinrichtungen (traffic devices),,,,
625-15,Richtungstafel in Kurven - linksweisend: 700 x 2100,Verkehrseinrichtungen nach Anlage 4 (zu § 43 Absatz 3 StVO),Verkehrseinrichtungen (traffic devices),,,,
625-16,Richtungstafel in Kurven - linksweisend: 700 x 2800,Verkehrseinrichtungen nach Anlage 4 (zu § 43 Absatz 3 StVO),Verkehrseinrichtungen (traffic devices),,,,
625-17,Richtungstafel in Kurven - linksweisend: 700 x 3500,Verkehrseinrichtungen nach Anlage 4 (zu § 43 Absatz 3 StVO),Verkehrseinrichtungen (traffic devices),,,,
625-20,Richtungstafel in Kurven - rechtsweisend: 500 x 500,Verkehrseinrichtungen nach Anlage 4 (zu § 43 Absatz 3 StVO),Verkehrseinrichtungen (traffic devices),,,,
625-21,Richtungstafel in Kurven - rechtsweisend: 500 x 1500,Verkehrseinrichtungen nach Anlage 4 (zu § 43 Absatz 3 StVO),Verkehrseinrichtungen (traffic devices),,,,
625-22,Richtungstafel in Kurven - rechtsweisend: 500 x 2000,Verkehrseinrichtungen nach Anlage 4 (zu § 43 Absatz 3 StVO),Verkehrseinrichtungen (traffic devices),,,,
625-23,Richtungstafel in Kurven - rechtsweisend: 500 x 2500,Verkehrseinrichtungen nach Anlage 4 (zu § 43 Absatz 3 StVO),Verkehrseinrichtungen (traffic devices),,,,
625-24,Richtungstafel in Kurven - rechtsweisend: 700 x 700,Verkehrseinrichtungen nach Anlage 4 (zu § 43 Absatz 3 StVO),Verkehrseinrichtungen (traffic devices),,,,
625-25,Richtungstafel in Kurven - rechtsweisend: 700 x 2100,Verkehrseinrichtungen nach Anlage 4 (zu § 43 Absatz 3 StVO),Verkehrseinrichtungen (traffic devices),,,,
625-26,Richtungstafel in Kurven - rechtsweisend: 700 x 2800,Verkehrseinrichtungen nach Anlage 4 (zu § 43 Absatz 3 StVO),Verkehrseinrichtungen (traffic devices),,,,
625-27,Richtungstafel in Kurven - rechtsweisend: 700 x 3500,Verkehrseinrichtungen nach Anlage 4 (zu § 43 Absatz 3 StVO),Verkehrseinrichtungen (traffic devices),,,,
626,Leitplatte,Verkehrseinrichtungen nach Anlage 4 (zu § 43 Absatz 3 StVO),Verkehrseinrichtungen (traffic devices),,,,
626-10,Leitplatte - Aufstellung rechts,Verkehrseinrichtungen nach Anlage 4 (zu § 43 Absatz 3 StVO),Verkehrseinrichtungen (traffic devices),,,626-10.jpg,
626-20,Leitplatte - Aufstellung links,Verkehrseinrichtungen nach Anlage 4 (zu § 43 Absatz 3 StVO),Verkehrseinrichtungen (traffic devices),,,,
626-30,Leitplatte - 750 x 500,Verkehrseinrichtungen nach Anlage 4 (zu § 43 Absatz 3 StVO),Verkehrseinrichtungen (traffic devices),,,626-30.jpg,
626-31,Leitplatte - 1200 x 600,Verkehrseinrichtungen nach Anlage 4 (zu § 43 Absatz 3 StVO),Verkehrseinrichtungen (traffic devices),,,,
626-32,Leitplatte - 2500 x 500,Verkehrseinrichtungen nach Anlage 4 (zu § 43 Absatz 3 StVO),Verkehrseinrichtungen (traffic devices),,,,
627,Leitmal,Verkehrseinrichtungen nach Anlage 4 (zu § 43 Absatz 3 StVO),Verkehrseinrichtungen (traffic devices),,,,
627-10,Leitmal - Anbringung rechts (senkrecht),Verkehrseinrichtungen nach Anlage 4 (zu § 43 Absatz 3 StVO),Verkehrseinrichtungen (traffic devices),,,,
627-20,Leitmal - Anbringung links (senkrecht),Verkehrseinrichtungen nach Anlage 4 (zu § 43 Absatz 3 StVO),Verkehrseinrichtungen (traffic devices),,,,
627-30,Leitmal - waagerecht,Verkehrseinrichtungen nach Anlage 4 (zu § 43 Absatz 3 StVO),Verkehrseinrichtungen (traffic devices),,,,
627-50,Leitmal - gebogen,Verkehrseinrichtungen nach Anlage 4 (zu § 43 Absatz 3 StVO),Verkehrseinrichtungen (traffic devices),,,627-50.jpg,
628,Leitschwelle mit Leitbake (Z 605),Verkehrseinrichtungen nach Anlage 4 (zu § 43 Absatz 3 StVO),Verkehrseinrichtungen (traffic devices),,,,
628-10,Leitschwelle mit Leitbake (Z 605) - Aufstellung rechts (mit 605-10),Verkehrseinrichtungen nach Anlage 4 (zu § 43 Absatz 3 StVO),Verkehrseinrichtungen (traffic devices),,,628-10.jpg,
628-11,Leitschwelle mit Leitbake (Z 605) - Aufstellung rechts (mit 605-11),Verkehrseinrichtungen nach Anlage 4 (zu § 43 Absatz 3 StVO),Verkehrseinrichtungen (traffic devices),,,628-11.jpg,
628-20,Leitschwelle mit Leitbake (Z 605) - Aufstellung links (mit 605-20),Verkehrseinrichtungen nach Anlage 4 (zu § 43 Absatz 3 StVO),Verkehrseinrichtungen (traffic devices),,,,
628-21,Leitschwelle mit Leitbake (Z 605) - Aufstellung links (mit 605-21),Verkehrseinrichtungen nach Anlage 4 (zu § 43 Absatz 3 StVO),Verkehrseinrichtungen (traffic devices),,,,
628-40,Leitschwelle mit Leitbake (Z 605) - doppelseitig (mit 605-40),Verkehrseinrichtungen nach Anlage 4 (zu § 43 Absatz 3 StVO),Verkehrseinrichtungen (traffic devices),,,,
628-41,Leitschwelle mit Leitbake (Z 605) - doppelseitig (mit 605-41),Verkehrseinrichtungen nach Anlage 4 (zu § 43 Absatz 3 StVO),Verkehrseinrichtungen (traffic devices),,,,
628-42,Leitschwelle mit Leitbake (Z 605) - doppelseitig (mit 605-42),Verkehrseinrichtungen nach Anlage 4 (zu § 43 Absatz 3 StVO),Verkehrseinrichtungen (traffic devices),,,,
628-43,Leitschwelle mit Leitbake (Z 605) - doppelseitig (mit 605-43),Verkehrseinrichtungen nach Anlage 4 (zu § 43 Absatz 3 StVO),Verkehrseinrichtungen (traffic devices),,,,
629,Leitbord mit Leitbake,Verkehrseinrichtungen nach Anlage 4 (zu § 43 Absatz 3 StVO),Verkehrseinrichtungen (traffic devices),,,,
629-10,Leitbord mit Leitbake - Aufstellung rechts (mit 605-10),Verkehrseinrichtungen nach Anlage 4 (zu § 43 Absatz 3 StVO),Verkehrseinrichtungen (traffic devices),,,629-10.jpg,
629-11,Leitbord mit Leitbake - Aufstellung rechts (mit 605-11),Verkehrseinrichtungen nach Anlage 4 (zu § 43 Absatz 3 StVO),Verkehrseinrichtungen (traffic devices),,,629-11.jpg,
629-20,Leitbord mit Leitbake - Aufstellung links (mit 605-20),Verkehrseinrichtungen nach Anlage 4 (zu § 43 Absatz 3 StVO),Verkehrseinrichtungen (traffic devices),,,,
629-21,Leitbord mit Leitbake - Aufstellung links (mit 605-21),Verkehrseinrichtungen nach Anlage 4 (zu § 43 Absatz 3 StVO),Verkehrseinrichtungen (traffic devices),,,,
629-40,Leitbord mit Leitbake - doppelseitig (mit 605-40),Verkehrseinrichtungen nach Anlage 4 (zu § 43 Absatz 3 StVO),Verkehrseinrichtungen (traffic devices),,,,
629-41,Leitbord mit Leitbake - doppelseitig (mit 605-41),Verkehrseinrichtungen nach Anlage 4 (zu § 43 Absatz 3 StVO),Verkehrseinrichtungen (traffic devices),,,,
629-42,Leitbord mit Leitbake - doppelseitig (mit 605-42),Verkehrseinrichtungen nach Anlage 4 (zu § 43 Absatz 3 StVO),Verkehrseinrichtungen (traffic devices),,,,
629-43,Leitbord mit Leitbake - doppelseitig (mit 605-43),Verkehrseinrichtungen nach Anlage 4 (zu § 43 Absatz 3 StVO),Verkehrseinrichtungen (traffic devices),,,,
630,Parkwarntafel,Verkehrseinrichtungen nach Anlage 4 (zu § 43 Absatz 3 StVO),Verkehrseinrichtungen (traffic devices),,,630.jpg,
630-10,Parkwarntafel - links vorbei,Verkehrseinrichtungen nach Anlage 4 (zu § 43 Absatz 3 StVO),Verkehrseinrichtungen (traffic devices),,,,
630-20,Parkwarntafel - rechts vorbei,Verkehrseinrichtungen nach Anlage 4 (zu § 43 Absatz 3 StVO),Verkehrseinrichtungen (traffic devices),,,,
720,Grünpfeilschild,Sonstige Zeichen der StVO,Verkehrseinrichtungen (traffic devices),,,720.jpg,
721,Grünpfeilschild mit Beschränkung auf den Radverkehr,Sonstige Zeichen der StVO,Verkehrseinrichtungen (traffic devices),Vz2017,Vz2017/Z-721/721.EPS,,GRUENPFEILSCHILD_MIT_BESCHRAENKUNG_AUF_DEN_RADVERKEHR_721.svg
1000,Richtungsangaben durch Pfeile,Zusatzzeichen nach § 39 Absatz 3 StVO,Zusatzzeichen (supplementary plates),,,,
1000-10,"Richtung, linksweisend",Zusatzzeichen nach § 39 Absatz 3 StVO,Zusatzzeichen (supplementary plates),,,1000-10.jpg,
1000-11,"Vorankündigung, linksweisend",Zusatzzeichen nach § 39 Absatz 3 StVO,Zusatzzeichen (supplementary plates),,,1000-11.jpg,
1000-12,"Fußgänger Gehweg gegenüber benutzen, linksweisend",Zusatzzeichen nach § 39 Absatz 3 StVO,Zusatzzeichen (supplementary plates),,,1000-12.jpg,
1000-13,Umleitungsbeschilderung Dreiviertelkreis,Zusatzzeichen nach § 39 Absatz 3 StVO,Zusatzzeichen (supplementary plates),,,1000-13.jpg,
1000-20,"Richtung, rechtsweisend",Zusatzzeichen nach § 39 Absatz 3 StVO,Zusatzzeichen (supplementary plates),,,,
1000-21,"Vorankündigung, rechtsweisend",Zusatzzeichen nach § 39 Absatz 3 StVO,Zusatzzeichen (supplementary plates),,,,
1000-22,"Fußgänger Gehweg gegenüber benutzen, rechtsweisend",Zusatzzeichen nach § 39 Absatz 3 StVO,Zusatzzeichen (supplementary plates),,,,
1000-23,Umleitungsbeschilderung Viertelkreis,Zusatzzeichen nach § 39 Absatz 3 StVO,Zusatzzeichen (supplementary plates),,,1000-23.jpg,
1000-30,"Beide Richtungen, zwei gegengerichtete waagerechte Pfeile",Zusatzzeichen nach § 39 Absatz 3 StVO,Zusatzzeichen (supplementary plates),,,1000-30.jpg,
1000-31,"Beide Richtungen, zwei gegengerichtete senkrechte Pfeile",Zusatzzeichen nach § 39 Absatz 3 StVO,Zusatzzeichen (supplementary plates),,,1000-31.jpg,
1000-32,Radverkehr kreuzt von links und rechts oder Radverkehr ist in der Gegenrichtung zugelassen,Zusatzzeichen nach § 39 Absatz 3 StVO,Zusatzzeichen (supplementary plates),,,1000-32.jpg,
1000-34,Umleitungsbeschilderung Halbkreis,Zusatzzeichen nach § 39 Absatz 3 StVO,Zusatzzeichen (supplementary plates),,,1000-34.jpg,
1001,Länge einer Strecke,Zusatzzeichen nach § 39 Absatz 3 StVO,Zusatzzeichen (supplementary plates),,,,
1001-30,Auf ...m (zweiter Teil der Unternummer steht jeweils für den Zahlenwert),Zusatzzeichen nach § 39 Absatz 3 StVO,Zusatzzeichen (supplementary plates),,,1001-30.jpg,
1001-31,Auf ...km (zweiter Teil der Unternummer steht jeweils für den Zahlenwert),Zusatzzeichen nach § 39 Absatz 3 StVO,Zusatzzeichen (supplementary plates),,,,
1001-32,noch ...m (zweiter Teil der Unternummer steht jeweils für den Zahlenwert),Zusatzzeichen nach § 39 Absatz 3 StVO,Zusatzzeichen (supplementary plates),,,1001-32.jpg,
1001-33,noch ...km (zweiter Teil der Unternummer steht jeweils für den Zahlenwert),Zusatzzeichen nach § 39 Absatz 3 StVO,Zusatzzeichen (supplementary plates),,,1001-33.jpg,
1001-34,"auf ...m (verbal, zweiter Teil der Unternummer steht jeweils für den Zahlenwert)",Zusatzzeichen nach § 39 Absatz 3 StVO,Zusatzzeichen (supplementary plates),,,1001-34.jpg,
1001-35,"auf ...km (verbal, zweiter Teil der Unternummer steht jeweils für den Zahlenwert)",Zusatzzeichen nach § 39 Absatz 3 StVO,Zusatzzeichen (supplementary plates),,,1001-35.jpg,
1002,Verlauf der Vorfahrtstraße,Zusatzzeichen nach § 39 Absatz 3 StVO,Zusatzzeichen (supplementary plates),,,,
1002-10,Verlauf der Vorfahrtstraße an Kreuzungen - von unten nach links,Zusatzzeichen nach § 39 Absatz 3 StVO,Zusatzzeichen (supplementary plates),,,1002-10.jpg,
1002-11,Verlauf der Vorfahrtstraße an Kreuzungen - von oben nach links,Zusatzzeichen nach § 39 Absatz 3 StVO,Zusatzzeichen (supplementary plates),,,,
1002-12,"Verlauf der Vorfahrtstraße an Einmündungen - von unten nach links, Einmündung von oben",Zusatzzeichen nach § 39 Absatz 3 StVO,Zusatzzeichen (supplementary plates),,,1002-12.jpg,
1002-13,"Verlauf der Vorfahrtstraße an Einmündungen - von unten nach links, Einmündung von rechts",Zusatzzeichen nach § 39 Absatz 3 StVO,Zusatzzeichen (supplementary plates),,,,
1002-14,"Verlauf der Vorfahrtstraße an Einmündungen - von oben nach links, Einmündung von unten",Zusatzzeichen nach § 39 Absatz 3 StVO,Zusatzzeichen (supplementary plates),,,,
1002-20,Verlauf der Vorfahrtstraße an Kreuzungen - von unten nach rechts,Zusatzzeichen nach § 39 Absatz 3 StVO,Zusatzzeichen (supplementary plates),,,,
1002-21,Verlauf der Vorfahrtstraße an Kreuzungen - von oben nach rechts,Zusatzzeichen nach § 39 Absatz 3 StVO,Zusatzzeichen (supplementary plates),,,,
1002-22,"Verlauf der Vorfahrtstraße an Einmündungen - von unten nach rechts, Einmündung von oben",Zusatzzeichen nach § 39 Absatz 3 StVO,Zusatzzeichen (supplementary plates),,,,
1002-23,"Verlauf der Vorfahrtstraße an Einmündungen - von unten nach rechts, Einmündung von links",Zusatzzeichen nach § 39 Absatz 3 StVO,Zusatzzeichen (supplementary plates),,,,
1002-24,"Verlauf der Vorfahrtstraße an Einmündungen - von oben nach rechts, Einmündung von unten",Zusatzzeichen nach § 39 Absatz 3 StVO,Zusatzzeichen (supplementary plates),,,,
1004,Entfernungsangaben,Zusatzzeichen nach § 39 Absatz 3 StVO,Zusatzzeichen (supplementary plates),,,,
1004-30,Entfernungsangabe in m (zweiter Teil der Unternummer steht jeweils für den Zahlenwert),Zusatzzeichen nach § 39 Absatz 3 StVO,Zusatzzeichen (supplementary plates),,,1004-30.jpg,
1004-31,Entfernungsangabe in km (zweiter Teil der Unternummer steht jeweils für den Zahlenwert),Zusatzzeichen nach § 39 Absatz 3 StVO,Zusatzzeichen (supplementary plates),,,1004-31.jpg,
1004-32,Stop in 100 m,Zusatzzeichen nach § 39 Absatz 3 StVO,Zusatzzeichen (supplementary plates),,,1004-32.jpg,
1005,Entfernungsangaben mit verbalem Zusatz,Zusatzzeichen nach § 39 Absatz 3 StVO,Zusatzzeichen (supplementary plates),,,,
1005-30,Reißverschluss erst in ... m (zweiter Teil der Unternummer steht jeweils für den Zahlenwert),Zusatzzeichen nach § 39 Absatz 3 StVO,Zusatzzeichen (supplementary plates),,,1005-30.jpg,
1006,Hinweis auf Gefahren durch Sinnbild,Zusatzzeichen nach § 39 Absatz 3 StVO,Zusatzzeichen (supplementary plates),,,,
1006-30,Schleudergefahr für Wohnwagengespanne an Gefällestrecken mit starkem Seitenwind auf Autobahnen,Zusatzzeichen nach § 39 Absatz 3 StVO,Zusatzzeichen (supplementary plates),,,1006-30.jpg,
1006-31,Unfallgefahr,Zusatzzeichen nach § 39 Absatz 3 StVO,Zusatzzeichen (supplementary plates),,,1006-31.jpg,
1006-32,Unfallgefahr LKW,Zusatzzeichen nach § 39 Absatz 3 StVO,Zusatzzeichen (supplementary plates),Vz2017,Vz2017/1006-32/1006-32.eps,,UNFALLGEFAHR_LKW_1006-32.svg
1007,Hinweis auf Gefahren durch verbale Angabe,Zusatzzeichen nach § 39 Absatz 3 StVO,Zusatzzeichen (supplementary plates),,,,
1007-30,Ölspur,Zusatzzeichen nach § 39 Absatz 3 StVO,Zusatzzeichen (supplementary plates),,,1007-30.jpg,
1007-31,Rauch,Zusatzzeichen nach § 39 Absatz 3 StVO,Zusatzzeichen (supplementary plates),,,1007-31.jpg,
1007-32,Rollsplitt,Zusatzzeichen nach § 39 Absatz 3 StVO,Zusatzzeichen (supplementary plates),,,1007-32.jpg,
1007-33,Baustellenausfahrt,Zusatzzeichen nach § 39 Absatz 3 StVO,Zusatzzeichen (supplementary plates),,,1007-33.jpg,
1007-34,Straßenschäden,Zusatzzeichen nach § 39 Absatz 3 StVO,Zusatzzeichen (supplementary plates),,,1007-34.jpg,
1007-35,Verschmutzte Fahrbahn,Zusatzzeichen nach § 39 Absatz 3 StVO,Zusatzzeichen (supplementary plates),,,1007-35.jpg,
1007-36,Sprengarbeiten,Zusatzzeichen nach § 39 Absatz 3 StVO,Zusatzzeichen (supplementary plates),,,1007-36.jpg,
1007-37,Ausfahrt,Zusatzzeichen nach § 39 Absatz 3 StVO,Zusatzzeichen (supplementary plates),,,1007-37.jpg,
1007-38,Baustellenverkehr,Zusatzzeichen nach § 39 Absatz 3 StVO,Zusatzzeichen (supplementary plates),,,1007-38.jpg,
1007-39,Fehlende Fahrbahnmarkierung,Zusatzzeichen nach § 39 Absatz 3 StVO,Zusatzzeichen (supplementary plates),,,1007-39.jpg,
1007-50,Unfall,Zusatzzeichen nach § 39 Absatz 3 StVO,Zusatzzeichen (supplementary plates),,,1007-50.jpg,
1007-51,Hochwasser,Zusatzzeichen nach § 39 Absatz 3 StVO,Zusatzzeichen (supplementary plates),,,1007-51.jpg,
1007-52,Neuer Fahrbahnbelag,Zusatzzeichen nach § 39 Absatz 3 StVO,Zusatzzeichen (supplementary plates),,,1007-52.jpg,
1007-53,Spurrinnen,Zusatzzeichen nach § 39 Absatz 3 StVO,Zusatzzeichen (supplementary plates),,,1007-53.jpg,
1007-54,Linksabbieger,Zusatzzeichen nach § 39 Absatz 3 StVO,Zusatzzeichen (supplementary plates),,,1007-54.jpg,
1007-55,Skiabfahrt kreuzt,Zusatzzeichen nach § 39 Absatz 3 StVO,Zusatzzeichen (supplementary plates),,,1007-55.jpg,
1007-56,Skiwanderweg kreuzt,Zusatzzeichen nach § 39 Absatz 3 StVO,Zusatzzeichen (supplementary plates),,,1007-56.jpg,
1007-57,Kuppe,Zusatzzeichen nach § 39 Absatz 3 StVO,Zusatzzeichen (supplementary plates),,,1007-57.jpg,
1007-58,Polizeikontrolle,Zusatzzeichen nach § 39 Absatz 3 StVO,Zusatzzeichen (supplementary plates),,,1007-58.jpg,
1007-59,Ende Seitenstreifen in … m (zweiter Teil der Unternummer steht jeweils für den Zahlenwert),Zusatzzeichen nach § 39 Absatz 3 StVO,Zusatzzeichen (supplementary plates),,,1007-59.jpg,
1007-60,Seitenstreifen nicht befahrbar,Zusatzzeichen nach § 39 Absatz 3 StVO,Zusatzzeichen (supplementary plates),,,1007-60.jpg,
1007-61,Nebel,Zusatzzeichen nach § 39 Absatz 3 StVO,Zusatzzeichen (supplementary plates),,,1007-61.jpg,
1007-62,Zufahrt,Zusatzzeichen nach § 39 Absatz 3 StVO,Zusatzzeichen (supplementary plates),,,1007-62.jpg,
1008,"Hinweise auf geänderte Vorfahrt, Verkehrsführung oder besondere Verkehrsregelung",Zusatzzeichen nach § 39 Absatz 3 StVO,Zusatzzeichen (supplementary plates),,,,
1008-30,Vorfahrt geändert,Zusatzzeichen nach § 39 Absatz 3 StVO,Zusatzzeichen (supplementary plates),,,1008-30.jpg,
1008-31,Verkehrsführung geändert,Zusatzzeichen nach § 39 Absatz 3 StVO,Zusatzzeichen (supplementary plates),,,1008-31.jpg,
1008-32,Industriegebiet Schienenfahrzeuge haben Vorrang (zu Z 201),Zusatzzeichen nach § 39 Absatz 3 StVO,Zusatzzeichen (supplementary plates),,,1008-32.jpg,
1008-33,Hafengebiet Schienenfahrzeuge haben Vorrang (zu Z 201),Zusatzzeichen nach § 39 Absatz 3 StVO,Zusatzzeichen (supplementary plates),,,1008-33.jpg,
1008-34,Keine Wendemöglichkeit,Zusatzzeichen nach § 39 Absatz 3 StVO,Zusatzzeichen (supplementary plates),,,1008-34.jpg,
1010,Hinweise durch Sinnbild,Zusatzzeichen nach § 39 Absatz 3 StVO,Zusatzzeichen (supplementary plates),,,,
1010-10,Erlaubt Kindern auch auf der Fahrbahn und dem Seitenstreifen zu spielen,Zusatzzeichen nach § 39 Absatz 3 StVO,Zusatzzeichen (supplementary plates),,,1010-10.jpg,
1010-11,Wintersport erlaubt,Zusatzzeichen nach § 39 Absatz 3 StVO,Zusatzzeichen (supplementary plates),,,1010-11.jpg,
1010-12,"Kennzeichnung von Parkflächen, auf denen Anhänger auch länger als 14 Tage parken dürfen",Zusatzzeichen nach § 39 Absatz 3 StVO,Zusatzzeichen (supplementary plates),,,1010-12.jpg,
1010-13,"Kennzeichnung von Parkflächen, auf denen Wohnwagen auch länger als 14 Tage parken dürfen",Zusatzzeichen nach § 39 Absatz 3 StVO,Zusatzzeichen (supplementary plates),,,1010-13.jpg,
1010-14,Information Rollende Landstraße,Zusatzzeichen nach § 39 Absatz 3 StVO,Zusatzzeichen (supplementary plates),,,1010-14.jpg,
1010-15,Information Leistungsumfang (zu Z 448.1),Zusatzzeichen nach § 39 Absatz 3 StVO,Zusatzzeichen (supplementary plates),,,1010-15.jpg,
1010-50,Kraftwagen und sonstige mehrspurige Fahrzeuge,Zusatzzeichen nach § 39 Absatz 3 StVO,Zusatzzeichen (supplementary plates),,,1010-50.jpg,
1010-51,"Kraftfahrzeuge mit einer zulässigen Gesamtmasse über 3,5 t, einschließlich ihrer Anhänger, und Zugmaschinen, ausgenommen Personenkraftwagen und Kraftomnibusse",Zusatzzeichen nach § 39 Absatz 3 StVO,Zusatzzeichen (supplementary plates),,,1010-51.jpg,
1010-52,Radverkehr,Zusatzzeichen nach § 39 Absatz 3 StVO,Zusatzzeichen (supplementary plates),,,1010-52.jpg,
1010-53,Fußgänger,Zusatzzeichen nach § 39 Absatz 3 StVO,Zusatzzeichen (supplementary plates),,,1010-53.jpg,
1010-54,Reiter,Zusatzzeichen nach § 39 Absatz 3 StVO,Zusatzzeichen (supplementary plates),,,1010-54.jpg,
1010-55,Viehtrieb,Zusatzzeichen nach § 39 Absatz 3 StVO,Zusatzzeichen (supplementary plates),,,1010-55.jpg,
1010-56,Straßenbahn,Zusatzzeichen nach § 39 Absatz 3 StVO,Zusatzzeichen (supplementary plates),,,1010-56.jpg,
1010-57,Kraftomnibus,Zusatzzeichen nach § 39 Absatz 3 StVO,Zusatzzeichen (supplementary plates),,,1010-57.jpg,
1010-58,Personenkraftwagen,Zusatzzeichen nach § 39 Absatz 3 StVO,Zusatzzeichen (supplementary plates),,,1010-58.jpg,
1010-59,Personenkraftwagen mit Anhänger,Zusatzzeichen nach § 39 Absatz 3 StVO,Zusatzzeichen (supplementary plates),,,1010-59.jpg,
1010-60,Lastkraftwagen mit Anhänger,Zusatzzeichen nach § 39 Absatz 3 StVO,Zusatzzeichen (supplementary plates),,,1010-60.jpg,
1010-61,"Kraftfahrzeuge und Züge, die nicht schneller als 25 km/h fahren können oder dürfen",Zusatzzeichen nach § 39 Absatz 3 StVO,Zusatzzeichen (supplementary plates),,,1010-61.jpg,
1010-62,"Krafträder, auch mit Beiwagen, Kleinkrafträder und Mopeds",Zusatzzeichen nach § 39 Absatz 3 StVO,Zusatzzeichen (supplementary plates),,,1010-62.jpg,
1010-63,Mofas,Zusatzzeichen nach § 39 Absatz 3 StVO,Zusatzzeichen (supplementary plates),,,1010-63.jpg,
1010-64,Gespannfuhrwerk,Zusatzzeichen nach § 39 Absatz 3 StVO,Zusatzzeichen (supplementary plates),,,1010-64.jpg,
1010-65,E-Bikes,Zusatzzeichen nach § 39 Absatz 3 StVO,Zusatzzeichen (supplementary plates),Musterdateien,Musterdateien/eps/1010-65.EPS,1010-65.jpg,E_BIKES_1010-65.svg
1010-66,Elektrisch betriebene Fahrzeuge,Zusatzzeichen nach § 39 Absatz 3 StVO,Zusatzzeichen (supplementary plates),,,1010-66.jpg,
1010-67,Wohnmobile,Zusatzzeichen nach § 39 Absatz 3 StVO,Zusatzzeichen (supplementary plates),,,1010-67.jpg,
1010-68,Elektrokleinstfahrzeug im Sinne der Elektrokleinstfahrzeuge-Verordnung (eKFV),Zusatzzeichen nach § 39 Absatz 3 StVO,Zusatzzeichen (supplementary plates),Vz2017,Vz2017/Z-1010-68/1010-68.eps,,ELEKTROKLEINSTFAHRZEUG_IM_SINNE_DER_ELEKTROKLEINSTFAHRZEUGE_VERORDNUNG_1010-68.svg
1010-69,Fahrrad zum Transport von Gütern oder Personen – Lastenfahrrad,Zusatzzeichen nach § 39 Absatz 3 StVO,Zusatzzeichen (supplementary plates),Vz2017,Vz2017/Z-1010-69/Zz-1010-69 Lastenfahrrad.eps,,FAHRRAD_ZUM_TRANSPORT_VON_GUETERN_ODER_PERSONEN_LASTENFAHRRAD_1010-69.svg
1010-70,Carsharing,Zusatzzeichen nach § 39 Absatz 3 StVO,Zusatzzeichen (supplementary plates),Vz2017,Vz2017/Z-1010-70/Zz-1010-70 Carsharing.eps,,CARSHARING_1010-70.svg
1010-71,"Personenkraftwagen oder Krafträder mit Beiwagen, die mit mindestens drei Personen besetzt sind – mehrfachbesetzte Personenkraftwagen",Zusatzzeichen nach § 39 Absatz 3 StVO,Zusatzzeichen (supplementary plates),Vz2017,Vz2017/Z-1010-71/1010-71.eps,,PERSONENKRAFTWAGEN_ODER_KRAFTRAEDER_MIT_BEIWAGEN_DIE_MIT_MINDESTENS_DR_1010-71.svg
1010-72,"Krafträder, auch mit Beiwagen, Kleinkrafträder und Mopeds und Kraftwagen und sonstige mehrspurige Fahrzeuge",Zusatzzeichen nach § 39 Absatz 3 StVO,Zusatzzeichen (supplementary plates),Vz2017,Vz2017/Z-1010-72/1010-72.eps,,KRAFTRAEDER_AUCH_MIT_BEIWAGEN_KLEINKRAFTRAEDER_UND_MOPEDS_UND_KRAFTWAG_1010-72.svg
1012,Sonstige Hinweise durch verbale Angaben,Zusatzzeichen nach § 39 Absatz 3 StVO,Zusatzzeichen (supplementary plates),,,,
1012-30,Ladezone,Zusatzzeichen nach § 39 Absatz 3 StVO,Zusatzzeichen (supplementary plates),,,1012-30a.jpg;1012-30n.jpg,
1012-31,Ende,Zusatzzeichen nach § 39 Absatz 3 StVO,Zusatzzeichen (supplementary plates),,,1012-31.jpg,
1012-32,Radfahrer absteigen,Zusatzzeichen nach § 39 Absatz 3 StVO,Zusatzzeichen (supplementary plates),,,1012-32.jpg,
1012-33,Keine Mofas,Zusatzzeichen nach § 39 Absatz 3 StVO,Zusatzzeichen (supplementary plates),,,1012-33.jpg,
1012-34,Grüne Welle bei xx km/h,Zusatzzeichen nach § 39 Absatz 3 StVO,Zusatzzeichen (supplementary plates),,,1012-34.jpg,
1012-35,Bei Rot hier halten,Zusatzzeichen nach § 39 Absatz 3 StVO,Zusatzzeichen (supplementary plates),,,1012-35.jpg,
1012-36,Lärmschutz,Zusatzzeichen nach § 39 Absatz 3 StVO,Zusatzzeichen (supplementary plates),,,1012-36.jpg,
1012-37,Zuflussregelung,Zusatzzeichen nach § 39 Absatz 3 StVO,Zusatzzeichen (supplementary plates),,,1012-37.jpg,
1012-38,Nebenstrecke,Zusatzzeichen nach § 39 Absatz 3 StVO,Zusatzzeichen (supplementary plates),,,1012-38.jpg,
1012-50,Schule,Zusatzzeichen nach § 39 Absatz 3 StVO,Zusatzzeichen (supplementary plates),,,1012-50.jpg,
1012-51,Kindergarten,Zusatzzeichen nach § 39 Absatz 3 StVO,Zusatzzeichen (supplementary plates),,,1012-51.jpg,
1012-52,Altenheim,Zusatzzeichen nach § 39 Absatz 3 StVO,Zusatzzeichen (supplementary plates),,,1012-52.jpg,
1012-53,Krankenhaus,Zusatzzeichen nach § 39 Absatz 3 StVO,Zusatzzeichen (supplementary plates),,,1012-53.jpg,
1012-54,Seniorenheim,Zusatzzeichen nach § 39 Absatz 3 StVO,Zusatzzeichen (supplementary plates),Vz2017,Vz2017/Z-1012-54/1012-54.eps,,SENIORENHEIM_1012-54.svg
1012-55,Schulweg,Zusatzzeichen nach § 39 Absatz 3 StVO,Zusatzzeichen (supplementary plates),Vz2017,Vz2017/1012-55/1012-55.eps,,SCHULWEG_1012-55.svg
1012-56,Spielplatz,Zusatzzeichen nach § 39 Absatz 3 StVO,Zusatzzeichen (supplementary plates),Vz2017,Vz2017/1012-56/1012-56.eps,,SPIELPLATZ_1012-56.svg
1012-57,Behinderteneinrichtung,Zusatzzeichen nach § 39 Absatz 3 StVO,Zusatzzeichen (supplementary plates),Vz2017,Vz2017/1012-57/1012-57.eps,,BEHINDERTENEINRICHTUNG_1012-57.svg
1013,Besondere Hinweise zur Seitenstreifenfreigabe,Zusatzzeichen nach § 39 Absatz 3 StVO,Zusatzzeichen (supplementary plates),,,,
1013-50,Seitenstreifen befahren,Zusatzzeichen nach § 39 Absatz 3 StVO,Zusatzzeichen (supplementary plates),,,1013-50.jpg,
1013-51,Seitenstreifen räumen,Zusatzzeichen nach § 39 Absatz 3 StVO,Zusatzzeichen (supplementary plates),,,1013-51.jpg,
1013-52,Ende in ... m (zweiter Teil der Unternummer steht jeweils für den Zahlenwert),Zusatzzeichen nach § 39 Absatz 3 StVO,Zusatzzeichen (supplementary plates),,,1013-52.jpg,
1014,Tunnelkategorie gemäß ADR-Übereinkommen,Zusatzzeichen nach § 39 Absatz 3 StVO,Zusatzzeichen (supplementary plates),,,,
1014-50,Tunnelkategorie gemäß ADR-Übereinkommen - B,Zusatzzeichen nach § 39 Absatz 3 StVO,Zusatzzeichen (supplementary plates),,,1014-50.jpg,
1014-51,Tunnelkategorie gemäß ADR-Übereinkommen - C,Zusatzzeichen nach § 39 Absatz 3 StVO,Zusatzzeichen (supplementary plates),,,,
1014-52,Tunnelkategorie gemäß ADR-Übereinkommen - D,Zusatzzeichen nach § 39 Absatz 3 StVO,Zusatzzeichen (supplementary plates),,,,
1014-53,Tunnelkategorie gemäß ADR-Übereinkommen - E,Zusatzzeichen nach § 39 Absatz 3 StVO,Zusatzzeichen (supplementary plates),,,,
1020,Personengruppen frei,Zusatzzeichen nach § 41 Absatz 2 StVO,Zusatzzeichen (supplementary plates),,,,
1020-11,Schwerbehinderte mit Parkausweis Nr. ... frei,Zusatzzeichen nach § 41 Absatz 2 StVO,Zusatzzeichen (supplementary plates),,,1020-11.jpg,
1020-12,Radverkehr und Anlieger frei,Zusatzzeichen nach § 41 Absatz 2 StVO,Zusatzzeichen (supplementary plates),,,1020-12.jpg,
1020-13,Inline-Skaten und Rollschuhfahren zugelassen,Zusatzzeichen nach § 41 Absatz 2 StVO,Zusatzzeichen (supplementary plates),,,1020-13.jpg,
1020-14,Wintersport frei,Zusatzzeichen nach § 41 Absatz 2 StVO,Zusatzzeichen (supplementary plates),,,1020-14.jpg,
1020-30,Anlieger frei,Zusatzzeichen nach § 41 Absatz 2 StVO,Zusatzzeichen (supplementary plates),,,1020-30.jpg,
1020-31,Anlieger oder Parken frei,Zusatzzeichen nach § 41 Absatz 2 StVO,Zusatzzeichen (supplementary plates),,,1020-31.jpg,
1020-32,Bewohner mit Parkausweis Nr. ... frei,Zusatzzeichen nach § 41 Absatz 2 StVO,Zusatzzeichen (supplementary plates),,,1020-32.jpg,
1022,Einspurige Fahrzeuge frei,Zusatzzeichen nach § 41 Absatz 2 StVO,Zusatzzeichen (supplementary plates),,,,
1022-10,Radverkehr frei,Zusatzzeichen nach § 41 Absatz 2 StVO,Zusatzzeichen (supplementary plates),,,1022-10.jpg,
1022-11,Mofas frei,Zusatzzeichen nach § 41 Absatz 2 StVO,Zusatzzeichen (supplementary plates),,,1022-11.jpg,
1022-12,"Krafträder, auch mit Beiwagen, Kleinkrafträder und Mofas frei",Zusatzzeichen nach § 41 Absatz 2 StVO,Zusatzzeichen (supplementary plates),,,1022-12.jpg,
1022-13,E-Bikes frei,Zusatzzeichen nach § 41 Absatz 2 StVO,Zusatzzeichen (supplementary plates),,,1022-13.jpg,
1022-14,Radverkehr und Mofas frei,Zusatzzeichen nach § 41 Absatz 2 StVO,Zusatzzeichen (supplementary plates),,,1022-14.jpg,
1022-15,E-Bikes und Mofas frei,Zusatzzeichen nach § 41 Absatz 2 StVO,Zusatzzeichen (supplementary plates),,,1022-15.jpg,
1022-16,Elektrokleinstfahrzeuge frei,Zusatzzeichen nach § 41 Absatz 2 StVO,Zusatzzeichen (supplementary plates),Vz2017,Vz2017/EkFz-Frei/1022-16.EPS,,ELEKTROKLEINSTFAHRZEUGE_FREI_1022-16.svg
1022-17,Fahrräder zum Transport von Gütern oder Personen – Lastenfahrräder - frei,Zusatzzeichen nach § 41 Absatz 2 StVO,Zusatzzeichen (supplementary plates),Vz2017,Vz2017/Z-1022-17/1022-17.eps,,FAHRRAEDER_ZUM_TRANSPORT_VON_GUETERN_ODER_PERSONEN_LASTENFAHRRAEDER_FR_1022-17.svg
1024,Mehrspurige Fahrzeuge frei,Zusatzzeichen nach § 41 Absatz 2 StVO,Zusatzzeichen (supplementary plates),,,,
1024-10,Personenkraftwagen frei,Zusatzzeichen nach § 41 Absatz 2 StVO,Zusatzzeichen (supplementary plates),,,1024-10.jpg,
1024-11,Personenkraftwagen mit Anhänger frei,Zusatzzeichen nach § 41 Absatz 2 StVO,Zusatzzeichen (supplementary plates),,,1024-11.jpg,
1024-12,"Kraftfahrzeuge mit einer zulässigen Gesamtmasse über 3,5 t, einschließlich ihrer Anhänger, und Zugmaschinen, ausgenommen Personenkraftwagen und Kraftomnibusse frei",Zusatzzeichen nach § 41 Absatz 2 StVO,Zusatzzeichen (supplementary plates),,,1024-12.jpg,
1024-13,Lastkraftwagen mit Anhänger frei,Zusatzzeichen nach § 41 Absatz 2 StVO,Zusatzzeichen (supplementary plates),,,1024-13.jpg,
1024-14,Kraftomnibus frei,Zusatzzeichen nach § 41 Absatz 2 StVO,Zusatzzeichen (supplementary plates),,,1024-14.jpg,
1024-15,Schienenbahn frei,Zusatzzeichen nach § 41 Absatz 2 StVO,Zusatzzeichen (supplementary plates),,,1024-15.jpg,
1024-16,Straßenbahn frei,Zusatzzeichen nach § 41 Absatz 2 StVO,Zusatzzeichen (supplementary plates),,,1024-16.jpg,
1024-17,"Kraftfahrzeuge und Züge, die nicht schneller als 25 km/h fahren können oder dürfen frei",Zusatzzeichen nach § 41 Absatz 2 StVO,Zusatzzeichen (supplementary plates),,,1024-17.jpg,
1024-18,Gespannfuhrwerke frei,Zusatzzeichen nach § 41 Absatz 2 StVO,Zusatzzeichen (supplementary plates),,,1024-18.jpg,
1024-19,"Wohnmobile mit einer zulässigen Gesamtmasse bis 7,5 t ausgenommen",Zusatzzeichen nach § 41 Absatz 2 StVO,Zusatzzeichen (supplementary plates),,,1024-19.jpg,
1024-20,Elektrisch betriebene Fahrzeuge frei,Zusatzzeichen nach § 41 Absatz 2 StVO,Zusatzzeichen (supplementary plates),,,1024-20.jpg,
1024-21,Carsharingfahrzeuge frei,Zusatzzeichen nach § 41 Absatz 2 StVO,Zusatzzeichen (supplementary plates),Vz2017,Vz2017/Z-1024-21/ZZ-1024-21.EPS,,CARSHARINGFAHRZEUGE_FREI_1024-21.svg
1024-22,"Personenkraftwagen oder Krafträder mit Beiwagen, die mit mindestens drei Personen besetzt sind - mehrfachbesetzte Personenkraftwagen frei",Zusatzzeichen nach § 41 Absatz 2 StVO,Zusatzzeichen (supplementary plates),Vz2017,Vz2017/1024-22/1024-22.eps,,PERSONENKRAFTWAGEN_ODER_KRAFTRAEDER_MIT_BEIWAGEN_DIE_MIT_MINDESTENS_DR_1024-22.svg
1026,Besondere Fahrzeuge und Transportgüter frei (verbale Angabe),Zusatzzeichen nach § 41 Absatz 2 StVO,Zusatzzeichen (supplementary plates),,,,
1026-30,Taxi frei,Zusatzzeichen nach § 41 Absatz 2 StVO,Zusatzzeichen (supplementary plates),,,1026-30.jpg,
1026-31,Kraftomnibusse im Gelegenheitsverkehr frei,Zusatzzeichen nach § 41 Absatz 2 StVO,Zusatzzeichen (supplementary plates),,,1026-31.jpg;1026-31a.jpg,
1026-32,Linienverkehr frei,Zusatzzeichen nach § 41 Absatz 2 StVO,Zusatzzeichen (supplementary plates),,,1026-32.jpg,
1026-33,Einsatzfahrzeuge frei,Zusatzzeichen nach § 41 Absatz 2 StVO,Zusatzzeichen (supplementary plates),,,1026-33.jpg,
1026-34,Krankenfahrzeuge frei,Zusatzzeichen nach § 41 Absatz 2 StVO,Zusatzzeichen (supplementary plates),,,1026-34.jpg,
1026-35,Lieferverkehr frei,Zusatzzeichen nach § 41 Absatz 2 StVO,Zusatzzeichen (supplementary plates),,,1026-35.jpg,
1026-36,Landwirtschaftlicher Verkehr frei,Zusatzzeichen nach § 41 Absatz 2 StVO,Zusatzzeichen (supplementary plates),,,1026-36.jpg,
1026-37,Forstwirtschaftlicher Verkehr frei,Zusatzzeichen nach § 41 Absatz 2 StVO,Zusatzzeichen (supplementary plates),,,1026-37.jpg,
1026-38,Land- und forstwirtschaftlicher Verkehr frei,Zusatzzeichen nach § 41 Absatz 2 StVO,Zusatzzeichen (supplementary plates),,,1026-38.jpg,
1026-39,Betriebs- und Versorgungsdienst frei,Zusatzzeichen nach § 41 Absatz 2 StVO,Zusatzzeichen (supplementary plates),,,1026-39.jpg,
1026-60,Elektrofahrzeuge während des Ladevorgangs frei,Zusatzzeichen nach § 41 Absatz 2 StVO,Zusatzzeichen (supplementary plates),,,1026-60.jpg,
1026-61,Elektrofahrzeuge frei,Zusatzzeichen nach § 41 Absatz 2 StVO,Zusatzzeichen (supplementary plates),,,1026-61.jpg,
1026-62,Gülletransport frei,Zusatzzeichen nach § 41 Absatz 2 StVO,Zusatzzeichen (supplementary plates),,,1026-62.jpg,
1026-63,E-Bikes frei,Zusatzzeichen nach § 41 Absatz 2 StVO,Zusatzzeichen (supplementary plates),,,1026-63.jpg,
1028,"Sonstige Fahrzeug-, Personengruppen frei (verbale Angabe)",Zusatzzeichen nach § 41 Absatz 2 StVO,Zusatzzeichen (supplementary plates),,,,
1028-30,Baustellenfahrzeuge frei,Zusatzzeichen nach § 41 Absatz 2 StVO,Zusatzzeichen (supplementary plates),,,1028-30.jpg,
1028-31,Bis Baustelle frei,Zusatzzeichen nach § 41 Absatz 2 StVO,Zusatzzeichen (supplementary plates),,,1028-31.jpg,
1028-32,Anlieger bis Baustelle frei,Zusatzzeichen nach § 41 Absatz 2 StVO,Zusatzzeichen (supplementary plates),,,1028-32.jpg,
1028-33,Zufahrt bis … frei,Zusatzzeichen nach § 41 Absatz 2 StVO,Zusatzzeichen (supplementary plates),,,1028-33.jpg,
1028-34,Fährbenutzer frei,Zusatzzeichen nach § 41 Absatz 2 StVO,Zusatzzeichen (supplementary plates),,,1028-34.jpg,
1031,Freistellung vom Verkehrsverbot nach § 40 Absatz 1 BImSchG,Zusatzzeichen nach § 41 Absatz 2 StVO,Zusatzzeichen (supplementary plates),,,,
1031-50,"Freistellung vom Verkehrsverbot nach § 40 Absatz 1 BImSchG - rote, gelbe und grüne Plakette",Zusatzzeichen nach § 41 Absatz 2 StVO,Zusatzzeichen (supplementary plates),,,1031-50.jpg,
1031-51,Freistellung vom Verkehrsverbot nach § 40 Absatz 1 BImSchG - gelbe und grüne Plakette,Zusatzzeichen nach § 41 Absatz 2 StVO,Zusatzzeichen (supplementary plates),,,1031-51.jpg,
1031-52,Freistellung vom Verkehrsverbot nach § 40 Absatz 1 BImSchG - grüne Plakette Beschränkende Zusatzzeichen,Zusatzzeichen nach § 41 Absatz 2 StVO,Zusatzzeichen (supplementary plates),,,1031-52.jpg,
1040,Zeitangaben ohne Beschränkung auf Wochentage,Zusatzzeichen nach § 41 Absatz 2 StVO,Zusatzzeichen (supplementary plates),,,,
1040-10,"Wintersport erlaubt, zeitlich beschränkt (10 - 16 h)",Zusatzzeichen nach § 41 Absatz 2 StVO,Zusatzzeichen (supplementary plates),,,1040-10.jpg,
1040-30,Zeitliche Beschränkung (16 - 18 h),Zusatzzeichen nach § 41 Absatz 2 StVO,Zusatzzeichen (supplementary plates),,,1040-30.jpg,
1040-31,"Zeitliche Beschränkung (8 - 11 h, 16 - 18 h)",Zusatzzeichen nach § 41 Absatz 2 StVO,Zusatzzeichen (supplementary plates),,,1040-31.jpg,
1040-32,Parkscheibe 2 Stunden,Zusatzzeichen nach § 41 Absatz 2 StVO,Zusatzzeichen (supplementary plates),,,1040-32.jpg,
1040-33,Parken mit Parkscheibe in gekennzeichneten Flächen 2 Stunden,Zusatzzeichen nach § 41 Absatz 2 StVO,Zusatzzeichen (supplementary plates),,,1040-33.jpg,
1040-34,Ab Zeitpunkt,Zusatzzeichen nach § 41 Absatz 2 StVO,Zusatzzeichen (supplementary plates),,,1040-34.jpg,
1040-35,Lärmschutz (mit Zeitangabe),Zusatzzeichen nach § 41 Absatz 2 StVO,Zusatzzeichen (supplementary plates),,,1040-35.jpg,
1040-36,Schulweg i. V. m. zeitlicher Begrenzung (zu Z 101 oder 274),Zusatzzeichen nach § 41 Absatz 2 StVO,Zusatzzeichen (supplementary plates),,,1040-36.jpg,
1040-37,"Kraftfahrzeuge mit einer zulässigen Gesamtmasse über 3,5 t, einschließlich ihrer Anhänger und Zugmaschinen, ausgenommen Personenkraftwagen und Kraftomnibusse Im angegebenen Zeitraum frei",Zusatzzeichen nach § 41 Absatz 2 StVO,Zusatzzeichen (supplementary plates),Vz2017,Vz2017/1040-37/1040-37.eps,,KRAFTFAHRZEUGE_MIT_EINER_ZULAESSIGEN_GESAMTMASSE_UEBER_3_5_T_EINSCHLIE_1040-37.svg
1042,Zeitangaben mit Beschränkung auf Wochentage,Zusatzzeichen nach § 41 Absatz 2 StVO,Zusatzzeichen (supplementary plates),,,,
1042-30,Zeitliche Beschränkung (werktags),Zusatzzeichen nach § 41 Absatz 2 StVO,Zusatzzeichen (supplementary plates),,,1042-30.jpg,
1042-31,Zeitliche Beschränkung (werktags 18 - 19 h),Zusatzzeichen nach § 41 Absatz 2 StVO,Zusatzzeichen (supplementary plates),,,1042-31.jpg,
1042-32,"Zeitliche Beschränkung (werktags 8:30 - 11:30 h, 16 - 18 h)",Zusatzzeichen nach § 41 Absatz 2 StVO,Zusatzzeichen (supplementary plates),,,1042-32.jpg,
1042-33,"Zeitliche Beschränkung (Mo - Fr, 16 - 18 h)",Zusatzzeichen nach § 41 Absatz 2 StVO,Zusatzzeichen (supplementary plates),,,1042-33.jpg,
1042-34,"Zeitliche Beschränkung (Di, Do, Fr, 16 - 18 h)",Zusatzzeichen nach § 41 Absatz 2 StVO,Zusatzzeichen (supplementary plates),,,1042-34.jpg,
1042-35,Zeitliche Beschränkung (6 - 22 h an Sonn- und Feiertagen),Zusatzzeichen nach § 41 Absatz 2 StVO,Zusatzzeichen (supplementary plates),,,1042-35.jpg,
1042-36,Schulbus (tageszeitliche Benutzung),Zusatzzeichen nach § 41 Absatz 2 StVO,Zusatzzeichen (supplementary plates),,,1042-36.jpg,
1042-37,Parken Sa und So erlaubt,Zusatzzeichen nach § 41 Absatz 2 StVO,Zusatzzeichen (supplementary plates),,,1042-37.jpg,
1042-38,Werktags außer samstags,Zusatzzeichen nach § 41 Absatz 2 StVO,Zusatzzeichen (supplementary plates),,,1042-38.jpg,
1042-50,Straßenreinigung (mit Zeit- und Datumsangabe),Zusatzzeichen nach § 41 Absatz 2 StVO,Zusatzzeichen (supplementary plates),,,1042-50.jpg,
1042-51,Sa und So,Zusatzzeichen nach § 41 Absatz 2 StVO,Zusatzzeichen (supplementary plates),,,1042-51.jpg,
1042-52,"Sa, So und an Feiertagen",Zusatzzeichen nach § 41 Absatz 2 StVO,Zusatzzeichen (supplementary plates),,,1042-52.jpg,
1042-53,Schulweg i. V. m. zeitlicher Begrenzung an Werktagen (zu Z 101 oder 274),Zusatzzeichen nach § 41 Absatz 2 StVO,Zusatzzeichen (supplementary plates),,,1042-53.jpg,
1044,Personengruppen,Zusatzzeichen nach § 41 Absatz 2 StVO,Zusatzzeichen (supplementary plates),,,,
1044-10,Nur Schwerbehinderte mit außergewöhnlicher Gehbehinderung und Blinde,Zusatzzeichen nach § 41 Absatz 2 StVO,Zusatzzeichen (supplementary plates),,,1044-10.jpg,
1044-11,Nur Schwerbehinderte mit Parkausweis Nr. ...,Zusatzzeichen nach § 41 Absatz 2 StVO,Zusatzzeichen (supplementary plates),,,1044-11.jpg,
1044-12,"Nur Schwerbehinderte mit außergewöhnlicher Gehbehinderung und Blinde, mit Anzahl der Parkstände",Zusatzzeichen nach § 41 Absatz 2 StVO,Zusatzzeichen (supplementary plates),,,1044-12.jpg,
1044-30,Nur Bewohner mit Parkausweis Nr. ...,Zusatzzeichen nach § 41 Absatz 2 StVO,Zusatzzeichen (supplementary plates),,,1044-30.jpg,
1048,Mehrspurige Fahrzeuge,Zusatzzeichen nach § 41 Absatz 2 StVO,Zusatzzeichen (supplementary plates),,,,
1048-14,Nur Sattelkraftfahrzeuge,Zusatzzeichen nach § 41 Absatz 2 StVO,Zusatzzeichen (supplementary plates),,,1048-14.jpg,
1048-15,Nur Sattelkraftfahrzeuge und Lastkraftwagen mit Anhänger,Zusatzzeichen nach § 41 Absatz 2 StVO,Zusatzzeichen (supplementary plates),,,1048-15.jpg,
1048-18,Nur Schienenbahnen,Zusatzzeichen nach § 41 Absatz 2 StVO,Zusatzzeichen (supplementary plates),,,1048-18.jpg,
1048-20,"Nur Personenkraftwagen mit Anhänger und Kraftfahrzeuge mit einer zulässigen Gesamtmasse über 3,5 t, einschließlich ihrer Anhänger, und Zugmaschinen, ausgenommen Personenkraftwagen und Kraftomnibusse",Zusatzzeichen nach § 41 Absatz 2 StVO,Zusatzzeichen (supplementary plates),,,1048-20.jpg,
1049,Sonstige oder mehrere mehrspurige Fahrzeuge,Zusatzzeichen nach § 41 Absatz 2 StVO,Zusatzzeichen (supplementary plates),,,,
1049-11,"Kraftfahrzeuge und Züge, die nicht schneller als 25 km/h fahren können oder dürfen, dürfen überholt werden",Zusatzzeichen nach § 41 Absatz 2 StVO,Zusatzzeichen (supplementary plates),,,1049-11.jpg,
1049-12,Nur militärische Kettenfahrzeuge,Zusatzzeichen nach § 41 Absatz 2 StVO,Zusatzzeichen (supplementary plates),,,1049-12.jpg,
1049-13,"Nur Lkw (Z 1010-51), Kraftomnibus (Z 1010-57) und Pkw mit Anhänger (Z 1010-59)",Zusatzzeichen nach § 41 Absatz 2 StVO,Zusatzzeichen (supplementary plates),,,1049-13.jpg,
1050,Fahrzeuge (verbale Angabe),Zusatzzeichen nach § 41 Absatz 2 StVO,Zusatzzeichen (supplementary plates),,,,
1050-30,Taxi,Zusatzzeichen nach § 41 Absatz 2 StVO,Zusatzzeichen (supplementary plates),,,1050-30.jpg,
1050-31,... Taxis,Zusatzzeichen nach § 41 Absatz 2 StVO,Zusatzzeichen (supplementary plates),Vz2017,Vz2017/1050-31/1050-31.eps,1050-31.jpg,TAXIS_1050-31.svg
1050-32,Elektrofahrzeuge während des Ladevorgangs,Zusatzzeichen nach § 41 Absatz 2 StVO,Zusatzzeichen (supplementary plates),,,1050-32.jpg,
1050-33,Elektrofahrzeuge,Zusatzzeichen nach § 41 Absatz 2 StVO,Zusatzzeichen (supplementary plates),,,1050-33.jpg,
1052,Fahrzeuge mit besonderer Ladung,Zusatzzeichen nach § 41 Absatz 2 StVO,Zusatzzeichen (supplementary plates),,,,
1052-30,Nur kennzeichnungspflichtige Kraftfahrzeuge mit gefährlichen Gütern,Zusatzzeichen nach § 41 Absatz 2 StVO,Zusatzzeichen (supplementary plates),,,1052-30.jpg,
1052-31,Nur Fahrzeuge mit wassergefährdender Ladung,Zusatzzeichen nach § 41 Absatz 2 StVO,Zusatzzeichen (supplementary plates),,,1052-31.jpg,
1053,Sonstige Beschränkungen,Zusatzzeichen nach § 41 Absatz 2 StVO,Zusatzzeichen (supplementary plates),,,,
1053-30,Parken in gekennzeichneten Flächen erlaubt,Zusatzzeichen nach § 41 Absatz 2 StVO,Zusatzzeichen (supplementary plates),,,1053-30.jpg,
1053-31,Mit Parkschein,Zusatzzeichen nach § 41 Absatz 2 StVO,Zusatzzeichen (supplementary plates),,,1053-31.jpg,
1053-32,Gebührenpflichtig,Zusatzzeichen nach § 41 Absatz 2 StVO,Zusatzzeichen (supplementary plates),,,1053-32.jpg,
1053-33,"Massenangabe - 7,5 t",Zusatzzeichen nach § 41 Absatz 2 StVO,Zusatzzeichen (supplementary plates),,,1053-33.jpg,
1053-34,Auf dem Seitenstreifen,Zusatzzeichen nach § 41 Absatz 2 StVO,Zusatzzeichen (supplementary plates),,,1053-34.jpg,
1053-35,Bei Nässe,Zusatzzeichen nach § 41 Absatz 2 StVO,Zusatzzeichen (supplementary plates),,,1053-35.jpg,
1053-36,Durchgangsverkehr,Zusatzzeichen nach § 41 Absatz 2 StVO,Zusatzzeichen (supplementary plates),,,1053-36.jpg,
1053-37,Massenangabe - 12 t,Zusatzzeichen nach § 41 Absatz 2 StVO,Zusatzzeichen (supplementary plates),,,1053-37.jpg,
1053-38,Querparken als Sinnbild,Zusatzzeichen nach § 41 Absatz 2 StVO,Zusatzzeichen (supplementary plates),,,1053-38.jpg,
1053-39,Schrägparken als Sinnbild,Zusatzzeichen nach § 41 Absatz 2 StVO,Zusatzzeichen (supplementary plates),,,1053-39.jpg,
1053-52,Nur innerhalb gekennzeichneter Parkflächen,Zusatzzeichen nach § 41 Absatz 2 StVO,Zusatzzeichen (supplementary plates),,,1053-52.jpg,
1053-53,Parken mit Parkschein in gekennzeichneten Flächen,Zusatzzeichen nach § 41 Absatz 2 StVO,Zusatzzeichen (supplementary plates),,,1053-53.jpg,
1053-54,während des Ladevorgangs,Zusatzzeichen nach § 41 Absatz 2 StVO,Zusatzzeichen (supplementary plates),Vz2017,Vz2017/Z-1053-54/1053-54.EPS,,WAEHREND_DES_LADEVORGANGS_1053-54.svg
1053-55,"Massenangabe - 3,5 t Erweiternde Zusatzzeichen",Zusatzzeichen nach § 41 Absatz 2 StVO,Zusatzzeichen (supplementary plates),Vz2017,Vz2017/1053-55/1053-55.eps,,MASSENANGABE_3_5_T_ERWEITERNDE_ZUSATZZEICHEN_1053-55.svg
1060,Erweiternde Zusatzzeichen,Zusatzzeichen nach § 41 Absatz 2 StVO,Zusatzzeichen (supplementary plates),,,,
1060-31,Haltverbot auch auf dem Seitenstreifen,Zusatzzeichen nach § 41 Absatz 2 StVO,Zusatzzeichen (supplementary plates),,,1060-31.jpg,
1060-32,Auch Kraftomnibusse und PKW mit Anhängern (im Bereich von LKW-Kontrollen),Zusatzzeichen nach § 41 Absatz 2 StVO,Zusatzzeichen (supplementary plates),,,1060-32.jpg,
1060-33,"Massenangabe - 2,8 t.“",Zusatzzeichen nach § 41 Absatz 2 StVO,Zusatzzeichen (supplementary plates),,,1060-33.jpg,
1060-34,Halteverbot auch auf dem Seitenstreifen - links,Zusatzzeichen nach § 41 Absatz 2 StVO,Zusatzzeichen (supplementary plates),Vz2017,Vz2017/1060-34/1060-34.eps,,HALTEVERBOT_AUCH_AUF_DEM_SEITENSTREIFEN_LINKS_1060-34.svg
1053-56,Lkw-Parken in Fahrgassen links mit Schrägparkständen links,(not in the November 2021 list),Zusatzzeichen (supplementary plates),Vz2017,Vz2017/1053-56/1053-56.eps,,LKW_PARKEN_IN_FAHRGASSEN_LINKS_MIT_SCHRAEGPARKSTAENDEN_LINKS_1053-56.svg
1053-57,Lkw-Parken in Fahrgassen rechts mit Schrägparkständen rechts,(not in the November 2021 list),Zusatzzeichen (supplementary plates),Vz2017,Vz2017/1053-57/1053-57.eps,,LKW_PARKEN_IN_FAHRGASSEN_RECHTS_MIT_SCHRAEGPARKSTAENDEN_RECHTS_1053-57.svg
AUFKLEBER-E-FAHRZEUG-FREI,"Aufkleber ""elektrisch betriebene Fahrzeuge frei",(not in the November 2021 list),Sinnbilder und Symbole (pictograms),Vz2017,Vz2017/Aufkleber E-Fahrzeuge frei/Aufkleber-E-Fahrzeug-frei.eps,,AUFKLEBER_ELEKTRISCH_BETRIEBENE_FAHRZEUGE_FREI_AUFKLEBER-E-FAHRZEUG-FREI.svg
AUFKLEBER-CARSHARING-FREI,"Aufkleber ""Carsharingfahrzeuge frei",(not in the November 2021 list),Sinnbilder und Symbole (pictograms),Vz2017,Vz2017/Aufkleber-Carsharingfahrzeuge-frei/Aufkleber-Carsharing-frei.eps,,AUFKLEBER_CARSHARINGFAHRZEUGE_FREI_AUFKLEBER-CARSHARING-FREI.svg
SB-LASTENFAHRRAD,Lastenfahrrad,(not in the November 2021 list),Sinnbilder und Symbole (pictograms),Vz2017,Vz2017/Lastenfahrrad/Sinnbild-Lastenfahrrad.EPS,,LASTENFAHRRAD_SB-LASTENFAHRRAD.svg
SB-MEHRFACHBESETZTE-PERSONENKRAFT,"Mehrfachbesetzte Personenkraftwagen; Personenkraftwagen oder Krafträder mit Beiwagen, die mit mindestens drei Personen besetzt sind",(not in the November 2021 list),Sinnbilder und Symbole (pictograms),Vz2017,Vz2017/Mehrfachbesetzte-PKW/Sinnbild-Mehrfachbesetzte Personenkraftwagen.EPS,,MEHRFACHBESETZTE_PERSONENKRAFTWAGEN_PERSONENKRAFTWAGEN_ODER_KRAFTRAEDE_SB-MEHRFACHBESETZTE-PERSONENKRAFT.svg
PLAKETTE-CARSHARING,Carsharing-Plakette (mit Hologramm),(not in the November 2021 list),Sinnbilder und Symbole (pictograms),Vz2017,Vz2017/Plakette-Carsharing/PLAKETTE-CARSHARING-Hologramm.eps,,CARSHARING_PLAKETTE_MIT_HOLOGRAMM_PLAKETTE-CARSHARING.svg
SB-CARSHARING,Carsharing,(not in the November 2021 list),Sinnbilder und Symbole (pictograms),Vz2017,Vz2017/Sinnbild-Carsharing/Sinnbild-Carsharing.EPS,,CARSHARING_SB-CARSHARING.svg
SB-EKFZ,Elektrokleinstfahrzeuge im Sinne der Elektrokleinstfahrzeuge-Verordnung,(not in the November 2021 list),Sinnbilder und Symbole (pictograms),Vz2017,Vz2017/Sinnbildf-eKF/Sinnbild-eKFZ.eps,,ELEKTROKLEINSTFAHRZEUGE_IM_SINNE_DER_ELEKTROKLEINSTFAHRZEUGE_VERORDNUN_SB-EKFZ.svg
SB-WOHNMOBIL,Wohnmobil,(not in the November 2021 list),Sinnbilder und Symbole (pictograms),Vz2017,Vz2017/Wohnmobil/Sinnbild-Wohnmobil.EPS,,WOHNMOBIL_SB-WOHNMOBIL.svg
264-2.3,Verbot für Fahrzeuge über tatsächliche Breite einschließlich der Fahrzeugspiegel,(not in the November 2021 list),Vorschriftzeichen (regulatory),Musterdateien,Musterdateien/eps/264-2.3.EPS,"264-2,3.jpg",VERBOT_FUER_FAHRZEUGE_UEBER_TATSAECHLICHE_BREITE_EINSCHLIESSLICH_DER_F_264-2.3.svg
SB-BUS,Kraftomnibus,(not in the November 2021 list),Sinnbilder und Symbole (pictograms),StVO § 39 Abs. 7,Sinnbilder und Symbole/StVO §39 Abs 7/bus/bus.eps,,KRAFTOMNIBUS_SB-BUS.svg
SB-FAHRRAD,Radfahrer,(not in the November 2021 list),Sinnbilder und Symbole (pictograms),StVO § 39 Abs. 7,Sinnbilder und Symbole/StVO §39 Abs 7/fahrrad/fahrrad.eps,,RADFAHRER_SB-FAHRRAD.svg
SB-GESPANNFUHRWERK,Gespannfuhrwerk,(not in the November 2021 list),Sinnbilder und Symbole (pictograms),StVO § 39 Abs. 7,Sinnbilder und Symbole/StVO §39 Abs 7/gespannfuhrwerk/so-22.eps,,GESPANNFUHRWERK_SB-GESPANNFUHRWERK.svg
SB-KUH,"Viehtrieb, Tiere",(not in the November 2021 list),Sinnbilder und Symbole (pictograms),StVO § 39 Abs. 7,Sinnbilder und Symbole/StVO §39 Abs 7/kuh/kuh.eps,,VIEHTRIEB_TIERE_SB-KUH.svg
SB-LKW-ANH,Lastkraftwagen mit Anhänger,(not in the November 2021 list),Sinnbilder und Symbole (pictograms),StVO § 39 Abs. 7,Sinnbilder und Symbole/StVO §39 Abs 7/lkw-anh/lkw_anh.eps,,LASTKRAFTWAGEN_MIT_ANHAENGER_SB-LKW-ANH.svg
SB-LKW-SEITLICH,"Kraftfahrzeuge mit einem zulässigen Gesamtgewicht über 3,5t, einschließlich ihrer Anhänger, und Zugmaschinen, ausgenommen Personenkraftwagen und Kraftomnibusse",(not in the November 2021 list),Sinnbilder und Symbole (pictograms),StVO § 39 Abs. 7,Sinnbilder und Symbole/StVO §39 Abs 7/lkw-seitlich/lkw_seitlich.eps,,KRAFTFAHRZEUGE_MIT_EINEM_ZULAESSIGEN_GESAMTGEWICHT_UEBER_3_5T_EINSCHLI_SB-LKW-SEITLICH.svg
SB-MOFA,Mofas,(not in the November 2021 list),Sinnbilder und Symbole (pictograms),StVO § 39 Abs. 7,Sinnbilder und Symbole/StVO §39 Abs 7/mofa/mofa.eps,,MOFAS_SB-MOFA.svg
SB-MOTORRAD,"Krafträder, auch mit Beiwagen, Kleinkrafträder und Mofas",(not in the November 2021 list),Sinnbilder und Symbole (pictograms),StVO § 39 Abs. 7,Sinnbilder und Symbole/StVO §39 Abs 7/motorrad/motorrad.eps,,KRAFTRAEDER_AUCH_MIT_BEIWAGEN_KLEINKRAFTRAEDER_UND_MOFAS_SB-MOTORRAD.svg
SB-PERSON-GEHEND,Fußgänger,(not in the November 2021 list),Sinnbilder und Symbole (pictograms),StVO § 39 Abs. 7,Sinnbilder und Symbole/StVO §39 Abs 7/person-gehend/person_gehend.eps,,FUSSGAENGER_SB-PERSON-GEHEND.svg
SB-PKW-ANH,Personenkraftwagen mit Anhänger,(not in the November 2021 list),Sinnbilder und Symbole (pictograms),StVO § 39 Abs. 7,Sinnbilder und Symbole/StVO §39 Abs 7/pkw-anh/pkw_anh.eps,,PERSONENKRAFTWAGEN_MIT_ANHAENGER_SB-PKW-ANH.svg
SB-PKW-SEIT,Personenkraftwagen,(not in the November 2021 list),Sinnbilder und Symbole (pictograms),StVO § 39 Abs. 7,Sinnbilder und Symbole/StVO §39 Abs 7/pkw-seitlich/PKW_SEIT.EPS,,PERSONENKRAFTWAGEN_SB-PKW-SEIT.svg
SB-PKW-VORNE,Kraftwagen und sonstige mehrspurige Kraftfahrzeuge,(not in the November 2021 list),Sinnbilder und Symbole (pictograms),StVO § 39 Abs. 7,Sinnbilder und Symbole/StVO §39 Abs 7/pkw-vorne/pkw_vorne.eps,,KRAFTWAGEN_UND_SONSTIGE_MEHRSPURIGE_KRAFTFAHRZEUGE_SB-PKW-VORNE.svg
SB-REITER,Reiter,(not in the November 2021 list),Sinnbilder und Symbole (pictograms),StVO § 39 Abs. 7,Sinnbilder und Symbole/StVO §39 Abs 7/reiter/reiter.eps,,REITER_SB-REITER.svg
SB-STRASSENBAHN,Straßenbahn,(not in the November 2021 list),Sinnbilder und Symbole (pictograms),StVO § 39 Abs. 7,Sinnbilder und Symbole/StVO §39 Abs 7/strassenbahn/strassenbahn.eps,,STRASSENBAHN_SB-STRASSENBAHN.svg
SB-TRAKTOR,"Kraftfahrzeuge und Züge, die nicht schneller als 25 km/h fahren können oder dürfen",(not in the November 2021 list),Sinnbilder und Symbole (pictograms),StVO § 39 Abs. 7,Sinnbilder und Symbole/StVO §39 Abs 7/traktor/traktor.eps,,KRAFTFAHRZEUGE_UND_ZUEGE_DIE_NICHT_SCHNELLER_ALS_25_KM_H_FAHREN_KOENNE_SB-TRAKTOR.svg
SB-AMPHIBIENWANDERUNG,Amphibienwanderung,(not in the November 2021 list),Sinnbilder und Symbole (pictograms),StVO § 39 Abs. 8,Sinnbilder und Symbole/StVO §39 Abs 8/amphibienwanderung/Amphibienwanderung.eps,,AMPHIBIENWANDERUNG_SB-AMPHIBIENWANDERUNG.svg
SB-BEWEGLICHE-BRUECKE,Bewegliche Brücke,(not in the November 2021 list),Sinnbilder und Symbole (pictograms),StVO § 39 Abs. 8,Sinnbilder und Symbole/StVO §39 Abs 8/bewegliche-brücke/Bewegliche-Brücke.eps,,BEWEGLICHE_BRUECKE_SB-BEWEGLICHE-BRUECKE.svg
SB-FLUGBETRIEB,Flugbetrieb,(not in the November 2021 list),Sinnbilder und Symbole (pictograms),StVO § 39 Abs. 8,Sinnbilder und Symbole/StVO §39 Abs 8/flugbetrieb/Flugbetrieb.eps,,FLUGBETRIEB_SB-FLUGBETRIEB.svg
SB-FUSSGAENGERUEBERWEG,Fußgängerüberweg,(not in the November 2021 list),Sinnbilder und Symbole (pictograms),StVO § 39 Abs. 8,Sinnbilder und Symbole/StVO §39 Abs 8/fußgängerüberweg/Fußgängerüberweg.eps,,FUSSGAENGERUEBERWEG_SB-FUSSGAENGERUEBERWEG.svg
SB-SCHNEE-ODER-EISGLAETTE,Schnee- oder Eisglätte,(not in the November 2021 list),Sinnbilder und Symbole (pictograms),StVO § 39 Abs. 8,Sinnbilder und Symbole/StVO §39 Abs 8/schnee-oder eisglätte/Schnee-oder Eisglätte.eps,,SCHNEE_ODER_EISGLAETTE_SB-SCHNEE-ODER-EISGLAETTE.svg
SB-SPLITT-SCHOTTER,"Splitt, Schotter",(not in the November 2021 list),Sinnbilder und Symbole (pictograms),StVO § 39 Abs. 8,Sinnbilder und Symbole/StVO §39 Abs 8/splitt-schotter/Splitt-Schotter.eps,,SPLITT_SCHOTTER_SB-SPLITT-SCHOTTER.svg
SB-STEINSCHLAG,Steinschlag,(not in the November 2021 list),Sinnbilder und Symbole (pictograms),StVO § 39 Abs. 8,Sinnbilder und Symbole/StVO §39 Abs 8/steinschlag/Steinschlag.eps,,STEINSCHLAG_SB-STEINSCHLAG.svg
SB-UFER,Ufer,(not in the November 2021 list),Sinnbilder und Symbole (pictograms),StVO § 39 Abs. 8,Sinnbilder und Symbole/StVO §39 Abs 8/ufer/Ufer.eps,,UFER_SB-UFER.svg
SB-UNZUREICHENDES-LICHTRAUMPROFIL,Unzureichendes Lichtraumprofil,(not in the November 2021 list),Sinnbilder und Symbole (pictograms),StVO § 39 Abs. 8,Sinnbilder und Symbole/StVO §39 Abs 8/unzureichendes lichtraumprofil/Unzureichendes-Lichtraumprofil.eps,,UNZUREICHENDES_LICHTRAUMPROFIL_SB-UNZUREICHENDES-LICHTRAUMPROFIL.svg
RWB-FREIBAD,Freibad,(not in the November 2021 list),Sinnbilder und Symbole (pictograms),RWB 2000,Sinnbilder und Symbole/RWB 2000/Freibad/Freibad.EPS,,FREIBAD_RWB-FREIBAD.svg
RWB-HALLENBAD,Hallenbad,(not in the November 2021 list),Sinnbilder und Symbole (pictograms),RWB 2000,Sinnbilder und Symbole/RWB 2000/Hallenbad/Hallenbad.EPS,,HALLENBAD_RWB-HALLENBAD.svg
RWB-AUTOHOF,Autohof,(not in the November 2021 list),Sinnbilder und Symbole (pictograms),RWB 2000,Sinnbilder und Symbole/RWB 2000/autohof/autohof-sym.eps,,AUTOHOF_RWB-AUTOHOF.svg
RWB-AUTOZUG,Auto im Reisezug,(not in the November 2021 list),Sinnbilder und Symbole (pictograms),RWB 2000,Sinnbilder und Symbole/RWB 2000/autozug/autozug.eps,,AUTO_IM_REISEZUG_RWB-AUTOZUG.svg
RWB-BAHNHOF,Bahnhof,(not in the November 2021 list),Sinnbilder und Symbole (pictograms),RWB 2000,Sinnbilder und Symbole/RWB 2000/bahnhof/bahnhof.eps,,BAHNHOF_RWB-BAHNHOF.svg
RWB-ERSTE-HILFE,"Erste-Hilfe""-Station",(not in the November 2021 list),Sinnbilder und Symbole (pictograms),RWB 2000,Sinnbilder und Symbole/RWB 2000/erste-hilfe/erste-hilfe.eps,,ERSTE_HILFE_STATION_RWB-ERSTE-HILFE.svg
RWB-FLUGHAFEN,Flughafen,(not in the November 2021 list),Sinnbilder und Symbole (pictograms),RWB 2000,Sinnbilder und Symbole/RWB 2000/flughafen/flughafen.eps,,FLUGHAFEN_RWB-FLUGHAFEN.svg
RWB-FREIZEITSPORTANLAGE,Freizeitsportanlage,(not in the November 2021 list),Sinnbilder und Symbole (pictograms),RWB 2000,Sinnbilder und Symbole/RWB 2000/freizeit/freizeitsportanlage.eps,,FREIZEITSPORTANLAGE_RWB-FREIZEITSPORTANLAGE.svg
RWB-GUETERVERKEHRSZENTRUM,Güterverkehrszentrum,(not in the November 2021 list),Sinnbilder und Symbole (pictograms),RWB 2000,Sinnbilder und Symbole/RWB 2000/gueterverkehr/güterverkehrszentrum.eps,,GUETERVERKEHRSZENTRUM_RWB-GUETERVERKEHRSZENTRUM.svg
RWB-HAFEN-FAEHRE,"Hafen, Fährhafen, Fähre",(not in the November 2021 list),Sinnbilder und Symbole (pictograms),RWB 2000,Sinnbilder und Symbole/RWB 2000/hafen/hafen-fähre.eps,,HAFEN_FAEHRHAFEN_FAEHRE_RWB-HAFEN-FAEHRE.svg
RWB-INDUSTRIEGEBIET,"Industriegebiet, Gewerbegebiet",(not in the November 2021 list),Sinnbilder und Symbole (pictograms),RWB 2000,Sinnbilder und Symbole/RWB 2000/industrie/industriegebiet.eps,,INDUSTRIEGEBIET_GEWERBEGEBIET_RWB-INDUSTRIEGEBIET.svg
RWB-INFORMATIONS,Informationsstelle,(not in the November 2021 list),Sinnbilder und Symbole (pictograms),RWB 2000,Sinnbilder und Symbole/RWB 2000/information/informations.eps,,INFORMATIONSSTELLE_RWB-INFORMATIONS.svg
RWB-KRANKENHAUS,Krankenhaus,(not in the November 2021 list),Sinnbilder und Symbole (pictograms),RWB 2000,Sinnbilder und Symbole/RWB 2000/krankenhaus/krankenhaus.eps,,KRANKENHAUS_RWB-KRANKENHAUS.svg
RWB-PARKHAUS,"Parkhaus, Parkgarage",(not in the November 2021 list),Sinnbilder und Symbole (pictograms),RWB 2000,Sinnbilder und Symbole/RWB 2000/parkhaus/parkhaus.eps,,PARKHAUS_PARKGARAGE_RWB-PARKHAUS.svg
RWB-PARKPLATZ,Parkplatz,(not in the November 2021 list),Sinnbilder und Symbole (pictograms),RWB 2000,Sinnbilder und Symbole/RWB 2000/parkplatz/parkplatz.eps,,PARKPLATZ_RWB-PARKPLATZ.svg
RWB-POLIZEI,Polizeistation,(not in the November 2021 list),Sinnbilder und Symbole (pictograms),RWB 2000,Sinnbilder und Symbole/RWB 2000/poizeistation/polizei.eps,,POLIZEISTATION_RWB-POLIZEI.svg
RWB-STADION,"Großsportanlage, Stadion",(not in the November 2021 list),Sinnbilder und Symbole (pictograms),RWB 2000,Sinnbilder und Symbole/RWB 2000/sportanlage/stadion.eps,,GROSSSPORTANLAGE_STADION_RWB-STADION.svg
RWB-ZELT-WOHNWAGENPLATZ,Zelt- und Wohnwagenplatz,(not in the November 2021 list),Sinnbilder und Symbole (pictograms),RWB 2000,Sinnbilder und Symbole/RWB 2000/zeltplatz/zelt-wohnwagenplatz.eps,,ZELT_UND_WOHNWAGENPLATZ_RWB-ZELT-WOHNWAGENPLATZ.svg
RWBA-BAB-AUSFAHRT,Autobahnausfahrt,(not in the November 2021 list),Sinnbilder und Symbole (pictograms),RWBA 2000,Sinnbilder und Symbole/RWBA 2000/autobahnausfahrt/bab-ausfahrt.eps,,AUTOBAHNAUSFAHRT_RWBA-BAB-AUSFAHRT.svg
RWBA-BAB-KREUZ-DREIECK,Autobahnkreuz oder Autobahndreieck,(not in the November 2021 list),Sinnbilder und Symbole (pictograms),RWBA 2000,Sinnbilder und Symbole/RWBA 2000/autobahnkreuz/bab-kreuz-dreieck.eps,,AUTOBAHNKREUZ_ODER_AUTOBAHNDREIECK_RWBA-BAB-KREUZ-DREIECK.svg
RWBA-BEHINDERTEN-WC,Behindertentoiletten,(not in the November 2021 list),Sinnbilder und Symbole (pictograms),RWBA 2000,Sinnbilder und Symbole/RWBA 2000/beh-toiletten/behinderten-wc.eps,,BEHINDERTENTOILETTEN_RWBA-BEHINDERTEN-WC.svg
RWBA-FERNSPRECHER,Fernsprecher,(not in the November 2021 list),Sinnbilder und Symbole (pictograms),RWBA 2000,Sinnbilder und Symbole/RWBA 2000/fernsprecher/fernsprecher.eps,,FERNSPRECHER_RWBA-FERNSPRECHER.svg
RWBA-GASTHAUS,Gasthaus,(not in the November 2021 list),Sinnbilder und Symbole (pictograms),RWBA 2000,Sinnbilder und Symbole/RWBA 2000/gasthaus/gasthaus.eps,,GASTHAUS_RWBA-GASTHAUS.svg
RWBA-HAFEN-FAEHRE,"Hafen, Fährhafen, Fähre",(not in the November 2021 list),Sinnbilder und Symbole (pictograms),RWBA 2000,Sinnbilder und Symbole/RWBA 2000/hafen-bab/hafen-fähre.eps,,HAFEN_FAEHRHAFEN_FAEHRE_RWBA-HAFEN-FAEHRE.svg
RWBA-KIRCHE,Kirche,(not in the November 2021 list),Sinnbilder und Symbole (pictograms),RWBA 2000,Sinnbilder und Symbole/RWBA 2000/kapelle/kirche.eps,,KIRCHE_RWBA-KIRCHE.svg
RWBA-VERKAUFSKIOSK,Verkaufskiosk,(not in the November 2021 list),Sinnbilder und Symbole (pictograms),RWBA 2000,Sinnbilder und Symbole/RWBA 2000/kiosk/verkaufskiosk.eps,,VERKAUFSKIOSK_RWBA-VERKAUFSKIOSK.svg
RWBA-LKW,Lastkraftwagen,(not in the November 2021 list),Sinnbilder und Symbole (pictograms),RWBA 2000,Sinnbilder und Symbole/RWBA 2000/lkw/lkw.eps,,LASTKRAFTWAGEN_RWBA-LKW.svg
RWBA-MOTEL-HOTEL,"Motel, Hotel",(not in the November 2021 list),Sinnbilder und Symbole (pictograms),RWBA 2000,Sinnbilder und Symbole/RWBA 2000/motel/motel-hotel.eps,,MOTEL_HOTEL_RWBA-MOTEL-HOTEL.svg
RWBA-NOTRUFSAEULE,Notrufsäule,(not in the November 2021 list),Sinnbilder und Symbole (pictograms),RWBA 2000,Sinnbilder und Symbole/RWBA 2000/notruf/notrufsäule.eps,,NOTRUFSAEULE_RWBA-NOTRUFSAEULE.svg
RWBA-ROLLSTUHLFAHRER,Rollstuhlfahrersymbol,(not in the November 2021 list),Sinnbilder und Symbole (pictograms),RWBA 2000,Sinnbilder und Symbole/RWBA 2000/rollstuhlfahrer/rollstuhlfahrer.eps,,ROLLSTUHLFAHRERSYMBOL_RWBA-ROLLSTUHLFAHRER.svg
RWBA-TOILETTEN,Toiletten,(not in the November 2021 list),Sinnbilder und Symbole (pictograms),RWBA 2000,Sinnbilder und Symbole/RWBA 2000/toiletten/toiletten.eps,,TOILETTEN_RWBA-TOILETTEN.svg
RWBA-WERKSTATT,Pannenhilfe,(not in the November 2021 list),Sinnbilder und Symbole (pictograms),RWBA 2000,Sinnbilder und Symbole/RWBA 2000/werkstatt/werkstatt.eps,,PANNENHILFE_RWBA-WERKSTATT.svg
1000-33,Richtungsangaben durch Pfeile (Unternummer),(not in the November 2021 list),Zusatzzeichen (supplementary plates),,,1000-33.jpg,
1030-10,(Unternummer),(not in the November 2021 list),Zusatzzeichen (supplementary plates),,,1030-10a.jpg,
264-2,Tatsächliche Breite (Unternummer steht jeweils für den Zahlenwert) (Unternummer),(not in the November 2021 list),Vorschriftzeichen (regulatory),,,264-2.jpg,
265-4.2,Tatsächliche Höhe (Unternummer steht jeweils für den Zahlenwert) (Unternummer),(not in the November 2021 list),Vorschriftzeichen (regulatory),,,"265-4,2.jpg",
291-1,(Unternummer),(not in the November 2021 list),Vorschriftzeichen (regulatory),,,291-1.jpg,
386-10,(Unternummer),(not in the November 2021 list),Richtzeichen (guide),,,386-10.jpg,
600-25,Absperrschranke (Unternummer),(not in the November 2021 list),Verkehrseinrichtungen (traffic devices),,,600-25.jpg,
