code,name,family,file,size,notes,source
R1-4n,Traffic Signal Stop,Regulatory Signs,TRAFFIC_SIGNAL_STOP_R1-4n.svg,450x451 mm,size from the sheet's 450 x 450 figure; triangulated CAD export unioned; NSW-only code,Original PDFs/r1-4n.pdf
R2-20,Left Turn On Red Permitted After Stopping,Regulatory Signs,LEFT_TURN_ON_RED_PERMITTED_AFTER_STOPPING_R2-20.svg,450x802 mm,size from the sheet's 450 x 800 figure; code also in the national AS 1743 set,Original PDFs/r2-20.pdf
R3-5(R),Pedestrians May Cross Diagonally (Right),Regulatory Signs,PEDESTRIANS_MAY_CROSS_DIAGONALLY_RIGHT_R3-5(R).svg,300x401 mm,size from the sheet's 300 x 400 figure; triangulated CAD export unioned; code also in the national AS 1743 set,Original PDFs/r3-5_r.pdf
R3-5(L),Pedestrians May Cross Diagonally (Left),Regulatory Signs,PEDESTRIANS_MAY_CROSS_DIAGONALLY_LEFT_R3-5(L).svg,300x403 mm,size from the sheet's 300 x 400 figure; triangulated CAD export unioned; code also in the national AS 1743 set,Original PDFs/r3-5_l.pdf
R4-1-1n,Town Entry Gateway Treatment (Example Only),Regulatory Signs,TOWN_ENTRY_GATEWAY_TREATMENT_EXAMPLE_ONLY_R4-1-1n.svg,1200x1602 mm,size from the sheet's 1600 x 1200 figure; NSW-only code,Original PDFs/r4-1-1n.pdf
R4-11-1n,End Speed Limit (Symbolic) 30 Area,Regulatory Signs,END_SPEED_LIMIT_SYMBOLIC_30_AREA_R4-11-1n.svg,600x1140 mm,size from the sheet's 600 x 1000 figure; drawn proportions differ from the stated size (600 x 1140.44 mm drawn) — check; triangulated CAD export unioned; NSW-only code,Original PDFs/r4-11-1n.pdf
R4-11,End Speed Limit (symbolic) 40 Area,Regulatory Signs,END_SPEED_LIMIT_SYMBOLIC_40_AREA_R4-11.svg,600x1140 mm,size from the sheet's 600 x 1000 figure; drawn proportions differ from the stated size (600 x 1140.44 mm drawn) — check; triangulated CAD export unioned; code also in the national AS 1743 set,Original PDFs/r4-11.pdf
R4-230-1-1n,School Zone (8-9:30am 2:30-4pm) School Days (with flashing lights) 30,Regulatory Signs,,,no drawing found on the sheet,Original PDFs/r4-230-1-1n.pdf
R4-229n,Speed Limit (variable) Truck & Bus Speed Limit,Regulatory Signs,SPEED_LIMIT_VARIABLE_TRUCK_BUS_SPEED_LIMIT_R4-229n.svg,1350x2794 mm,size from the sheet's 1350 x 3020 figure; drawn proportions differ from the stated size (1350 x 2793.96 mm drawn) — check; triangulated CAD export unioned; NSW-only code,Original PDFs/r4-229n.pdf
R4-229n,Speed Limit (variable) Truck & Bus Speed Limit,Regulatory Signs,SPEED_LIMIT_VARIABLE_TRUCK_BUS_SPEED_LIMIT_VAR2_R4-229n.svg,1350x1420 mm,size from the sheet's 1350 x 3020 figure; drawn proportions differ from the stated size (1350 x 1419.92 mm drawn) — check; triangulated CAD export unioned; NSW-only code,Original PDFs/r4-229n.pdf
R4-229n,Speed Limit (variable) Truck & Bus Speed Limit,Regulatory Signs,SPEED_LIMIT_VARIABLE_TRUCK_BUS_SPEED_LIMIT_VAR3_R4-229n.svg,1350x2110 mm,size from the sheet's 1350 x 3020 figure; drawn proportions differ from the stated size (1350 x 2109.57 mm drawn) — check; triangulated CAD export unioned; NSW-only code,Original PDFs/r4-229n.pdf
R4-229n,Speed Limit (variable) Truck & Bus Speed Limit,Regulatory Signs,SPEED_LIMIT_VARIABLE_TRUCK_BUS_SPEED_LIMIT_VAR4_R4-229n.svg,3020x3002 mm,size from the sheet's 1350 x 3020 figure; drawn proportions differ from the stated size (3020 x 3002.08 mm drawn) — check; triangulated CAD export unioned; NSW-only code,Original PDFs/r4-229n.pdf
R4-220n,End Truck & Bus Speed Limit,Regulatory Signs,END_TRUCK_BUS_SPEED_LIMIT_R4-220n.svg,1350x2504 mm,size from the sheet's 1350 x 3620 figure; drawn proportions differ from the stated size (1350 x 2504.27 mm drawn) — check; triangulated CAD export unioned; NSW-only code,Original PDFs/r4-220n.pdf
R4-220n,End Truck & Bus Speed Limit,Regulatory Signs,END_TRUCK_BUS_SPEED_LIMIT_VAR2_R4-220n.svg,1350x2326 mm,size from the sheet's 1350 x 3620 figure; drawn proportions differ from the stated size (1350 x 2326.19 mm drawn) — check; triangulated CAD export unioned; NSW-only code,Original PDFs/r4-220n.pdf
R4-12,End Speed Limit (symbolic),Regulatory Signs,,,no drawing found on the sheet,Original PDFs/r4-12.pdf
R4-205n,State Limit 100,Regulatory Signs,STATE_LIMIT_100_R4-205n.svg,900x901 mm,size from the sheet's 900 x 1650 figure; drawn proportions differ from the stated size (900 x 901.07 mm drawn) — check; triangulated CAD export unioned; drawn at 2 sizes on the sheet; largest kept; NSW-only code,Original PDFs/r4-205n.pdf
R4-230-1n,School Zone (8-9:30am 2:30-4pm) School Days (with flashing lights),Regulatory Signs,,,no drawing found on the sheet,Original PDFs/r4-230-1n.pdf
R4-235-1-1n,School Zone (times) School Days (with flashing Lights) 30,Regulatory Signs,SCHOOL_ZONE_TIMES_SCHOOL_DAYS_WITH_FLASHING_LIGHTS_30_R4-235-1-1n.svg,2500x2155 mm,size from the sheet's 2400 x 2500 figure; drawn proportions differ from the stated size (2500 x 2154.52 mm drawn) — check; triangulated CAD export unioned; NSW-only code,Original PDFs/r4-235-1-1n.pdf
R4-235-1-1n,School Zone (times) School Days (with flashing Lights) 30,Regulatory Signs,SCHOOL_ZONE_TIMES_SCHOOL_DAYS_WITH_FLASHING_LIGHTS_30_VAR2_R4-235-1-1n.svg,2500x2025 mm,size from the sheet's 2400 x 2500 figure; drawn proportions differ from the stated size (2500 x 2024.81 mm drawn) — check; triangulated CAD export unioned; NSW-only code,Original PDFs/r4-235-1-1n.pdf
R4-235-1-1n,School Zone (times) School Days (with flashing Lights) 30,Regulatory Signs,SCHOOL_ZONE_TIMES_SCHOOL_DAYS_WITH_FLASHING_LIGHTS_30_VAR3_R4-235-1-1n.svg,2500x2228 mm,size from the sheet's 2400 x 2500 figure; drawn proportions differ from the stated size (2500 x 2228.48 mm drawn) — check; triangulated CAD export unioned; NSW-only code,Original PDFs/r4-235-1-1n.pdf
R4-230-1-2n,School Zone (8-9:30am 2:30-4pm) School Days 30,Regulatory Signs,SCHOOL_ZONE_8_9_30AM_2_30_4PM_SCHOOL_DAYS_30_R4-230-1-2n.svg,1995x946 mm,no size found on the sheet; drawn at 1:10 — check; NSW-only code,Original PDFs/r4-230-1-2n.pdf
R4-230-1-2n,School Zone (8-9:30am 2:30-4pm) School Days 30,Regulatory Signs,SCHOOL_ZONE_8_9_30AM_2_30_4PM_SCHOOL_DAYS_30_VAR2_R4-230-1-2n.svg,1417x1115 mm,no size found on the sheet; drawn at 1:10 — check; triangulated CAD export unioned; NSW-only code,Original PDFs/r4-230-1-2n.pdf
R4-230-1-2n,School Zone (8-9:30am 2:30-4pm) School Days 30,Regulatory Signs,SCHOOL_ZONE_8_9_30AM_2_30_4PM_SCHOOL_DAYS_30_VAR3_R4-230-1-2n.svg,915x779 mm,no size found on the sheet; drawn at 1:10 — check; triangulated CAD export unioned; NSW-only code,Original PDFs/r4-230-1-2n.pdf
R4-230n,School Zone (8-9:30am 2:30-4pm) School Days,Regulatory Signs,SCHOOL_ZONE_8_9_30AM_2_30_4PM_SCHOOL_DAYS_R4-230n.svg,2500x2229 mm,size from the sheet's 2400 x 2500 figure; drawn proportions differ from the stated size (2500 x 2228.8 mm drawn) — check; triangulated CAD export unioned; NSW-only code,Original PDFs/r4-230n.pdf
R4-230n,School Zone (8-9:30am 2:30-4pm) School Days,Regulatory Signs,SCHOOL_ZONE_8_9_30AM_2_30_4PM_SCHOOL_DAYS_VAR2_R4-230n.svg,2500x2020 mm,size from the sheet's 2400 x 2500 figure; drawn proportions differ from the stated size (2500 x 2019.65 mm drawn) — check; triangulated CAD export unioned; NSW-only code,Original PDFs/r4-230n.pdf
R4-230n,School Zone (8-9:30am 2:30-4pm) School Days,Regulatory Signs,SCHOOL_ZONE_8_9_30AM_2_30_4PM_SCHOOL_DAYS_VAR3_R4-230n.svg,2500x2266 mm,size from the sheet's 2400 x 2500 figure; drawn proportions differ from the stated size (2500 x 2266.05 mm drawn) — check; triangulated CAD export unioned; NSW-only code,Original PDFs/r4-230n.pdf
R4-231n,End School Zone,Regulatory Signs,END_SCHOOL_ZONE_R4-231n.svg,1800x1432 mm,size from the sheet's 1800 x 1700 figure; drawn proportions differ from the stated size (1800 x 1432.3 mm drawn) — check; triangulated CAD export unioned; NSW-only code,Original PDFs/r4-231n.pdf
R4-231n,End School Zone,Regulatory Signs,END_SCHOOL_ZONE_VAR2_R4-231n.svg,1800x1415 mm,size from the sheet's 1800 x 1700 figure; drawn proportions differ from the stated size (1800 x 1414.82 mm drawn) — check; triangulated CAD export unioned; NSW-only code,Original PDFs/r4-231n.pdf
R4-231n,End School Zone,Regulatory Signs,END_SCHOOL_ZONE_VAR3_R4-231n.svg,1800x1620 mm,size from the sheet's 1800 x 1700 figure; triangulated CAD export unioned; NSW-only code,Original PDFs/r4-231n.pdf
R4-235-1n,School Zone (times) School Days (with flashing lights),Regulatory Signs,SCHOOL_ZONE_TIMES_SCHOOL_DAYS_WITH_FLASHING_LIGHTS_R4-235-1n.svg,2500x2155 mm,size from the sheet's 2400 x 2500 figure; drawn proportions differ from the stated size (2500 x 2154.52 mm drawn) — check; triangulated CAD export unioned; NSW-only code,Original PDFs/r4-235-1n.pdf
R4-235-1n,School Zone (times) School Days (with flashing lights),Regulatory Signs,SCHOOL_ZONE_TIMES_SCHOOL_DAYS_WITH_FLASHING_LIGHTS_VAR2_R4-235-1n.svg,2500x2025 mm,size from the sheet's 2400 x 2500 figure; drawn proportions differ from the stated size (2500 x 2024.81 mm drawn) — check; triangulated CAD export unioned; NSW-only code,Original PDFs/r4-235-1n.pdf
R4-235-1n,School Zone (times) School Days (with flashing lights),Regulatory Signs,SCHOOL_ZONE_TIMES_SCHOOL_DAYS_WITH_FLASHING_LIGHTS_VAR3_R4-235-1n.svg,2500x2228 mm,size from the sheet's 2400 x 2500 figure; drawn proportions differ from the stated size (2500 x 2228.48 mm drawn) — check; triangulated CAD export unioned; NSW-only code,Original PDFs/r4-235-1n.pdf
R4-235-1-2n,School Zone (times) School Days 30,Regulatory Signs,SCHOOL_ZONE_TIMES_SCHOOL_DAYS_30_R4-235-1-2n.svg,2500x2155 mm,size from the sheet's 2400 x 2500 figure; drawn proportions differ from the stated size (2500 x 2154.52 mm drawn) — check; triangulated CAD export unioned; NSW-only code,Original PDFs/r4-235-1-2n.pdf
R4-235-1-2n,School Zone (times) School Days 30,Regulatory Signs,SCHOOL_ZONE_TIMES_SCHOOL_DAYS_30_VAR2_R4-235-1-2n.svg,2500x2025 mm,size from the sheet's 2400 x 2500 figure; drawn proportions differ from the stated size (2500 x 2024.81 mm drawn) — check; triangulated CAD export unioned; NSW-only code,Original PDFs/r4-235-1-2n.pdf
R4-235-1-2n,School Zone (times) School Days 30,Regulatory Signs,SCHOOL_ZONE_TIMES_SCHOOL_DAYS_30_VAR3_R4-235-1-2n.svg,2500x2228 mm,size from the sheet's 2400 x 2500 figure; drawn proportions differ from the stated size (2500 x 2228.48 mm drawn) — check; triangulated CAD export unioned; NSW-only code,Original PDFs/r4-235-1-2n.pdf
R4-236-1n,High Pedestrian Activity 30 Area,Regulatory Signs,HIGH_PEDESTRIAN_ACTIVITY_30_AREA_R4-236-1n.svg,1200x756 mm,size from the sheet's 1200 x 900 figure; drawn proportions differ from the stated size (1200 x 755.86 mm drawn) — check; triangulated CAD export unioned; NSW-only code,Original PDFs/r4-236-1n.pdf
R4-236-1n,High Pedestrian Activity 30 Area,Regulatory Signs,HIGH_PEDESTRIAN_ACTIVITY_30_AREA_VAR2_R4-236-1n.svg,1200x754 mm,size from the sheet's 1200 x 900 figure; drawn proportions differ from the stated size (1200 x 754.19 mm drawn) — check; triangulated CAD export unioned; NSW-only code,Original PDFs/r4-236-1n.pdf
R4-236n,High Pedestrian Activity 40 Area,Regulatory Signs,HIGH_PEDESTRIAN_ACTIVITY_40_AREA_R4-236n.svg,1200x756 mm,size from the sheet's 1200 x 900 figure; drawn proportions differ from the stated size (1200 x 755.86 mm drawn) — check; triangulated CAD export unioned; NSW-only code,Original PDFs/r4-236n.pdf
R4-236n,High Pedestrian Activity 40 Area,Regulatory Signs,HIGH_PEDESTRIAN_ACTIVITY_40_AREA_VAR2_R4-236n.svg,1200x754 mm,size from the sheet's 1200 x 900 figure; drawn proportions differ from the stated size (1200 x 754.19 mm drawn) — check; triangulated CAD export unioned; NSW-only code,Original PDFs/r4-236n.pdf
R4-235n,School Zone (times) School Days,Regulatory Signs,SCHOOL_ZONE_TIMES_SCHOOL_DAYS_R4-235n.svg,2500x2155 mm,size from the sheet's 2400 x 2500 figure; drawn proportions differ from the stated size (2500 x 2154.52 mm drawn) — check; triangulated CAD export unioned; NSW-only code,Original PDFs/r4-235n.pdf
R4-235n,School Zone (times) School Days,Regulatory Signs,SCHOOL_ZONE_TIMES_SCHOOL_DAYS_VAR2_R4-235n.svg,2500x2025 mm,size from the sheet's 2400 x 2500 figure; drawn proportions differ from the stated size (2500 x 2024.81 mm drawn) — check; triangulated CAD export unioned; NSW-only code,Original PDFs/r4-235n.pdf
R4-235n,School Zone (times) School Days,Regulatory Signs,SCHOOL_ZONE_TIMES_SCHOOL_DAYS_VAR3_R4-235n.svg,2500x2228 mm,size from the sheet's 2400 x 2500 figure; drawn proportions differ from the stated size (2500 x 2228.48 mm drawn) — check; triangulated CAD export unioned; NSW-only code,Original PDFs/r4-235n.pdf
R4-237-1n,High Pedestrian Activity 30,Regulatory Signs,HIGH_PEDESTRIAN_ACTIVITY_30_R4-237-1n.svg,1483x972 mm,no size found on the sheet; drawn at 1:10 — check; triangulated CAD export unioned; NSW-only code,Original PDFs/r4-237-1n.pdf
R4-237-1n,High Pedestrian Activity 30,Regulatory Signs,HIGH_PEDESTRIAN_ACTIVITY_30_VAR2_R4-237-1n.svg,1375x1024 mm,no size found on the sheet; drawn at 1:10 — check; triangulated CAD export unioned; NSW-only code,Original PDFs/r4-237-1n.pdf
R4-246n,(Speed Zone) Trucks And Buses (Speed Zone) All Other Vehicles,Regulatory Signs,SPEED_ZONE_TRUCKS_AND_BUSES_SPEED_ZONE_ALL_OTHER_VEHICLES_R4-246n.svg,487x506 mm,no size found on the sheet; drawn at 1:10 — check; NSW-only code,Original PDFs/r4-246.pdf
R4-238n,Speed Restriction (Symbolic) - When Raining Here,Regulatory Signs,SPEED_RESTRICTION_SYMBOLIC_WHEN_RAINING_HERE_R4-238n.svg,1350x2736 mm,size from the sheet's 1350 x 3960 figure; drawn proportions differ from the stated size (1350 x 2735.63 mm drawn) — check; triangulated CAD export unioned; NSW-only code,Original PDFs/r4-238n.pdf
R4-238n,Speed Restriction (Symbolic) - When Raining Here,Regulatory Signs,SPEED_RESTRICTION_SYMBOLIC_WHEN_RAINING_HERE_VAR2_R4-238n.svg,1350x2551 mm,size from the sheet's 1350 x 3960 figure; drawn proportions differ from the stated size (1350 x 2551.36 mm drawn) — check; triangulated CAD export unioned; NSW-only code,Original PDFs/r4-238n.pdf
R4-238n,Speed Restriction (Symbolic) - When Raining Here,Regulatory Signs,SPEED_RESTRICTION_SYMBOLIC_WHEN_RAINING_HERE_VAR3_R4-238n.svg,1350x2520 mm,size from the sheet's 1350 x 3960 figure; drawn proportions differ from the stated size (1350 x 2520.38 mm drawn) — check; triangulated CAD export unioned; NSW-only code,Original PDFs/r4-238n.pdf
R4-239n,Speed Restriction (Symbolic) - Unless Raining,Regulatory Signs,SPEED_RESTRICTION_SYMBOLIC_UNLESS_RAINING_R4-239n.svg,1200x1201 mm,size from the sheet's 1200 x 2160 figure; drawn proportions differ from the stated size (1200 x 1201.41 mm drawn) — check; triangulated CAD export unioned; drawn at 3 sizes on the sheet; largest kept; NSW-only code,Original PDFs/r4-239n.pdf
R4-237n,High Pedestrian Activity 40,Regulatory Signs,HIGH_PEDESTRIAN_ACTIVITY_40_R4-237n.svg,1200x756 mm,size from the sheet's 1200 x 900 figure; drawn proportions differ from the stated size (1200 x 755.86 mm drawn) — check; triangulated CAD export unioned; NSW-only code,Original PDFs/r4-237n.pdf
R4-237n,High Pedestrian Activity 40,Regulatory Signs,HIGH_PEDESTRIAN_ACTIVITY_40_VAR2_R4-237n.svg,1200x754 mm,size from the sheet's 1200 x 900 figure; drawn proportions differ from the stated size (1200 x 754.19 mm drawn) — check; triangulated CAD export unioned; NSW-only code,Original PDFs/r4-237n.pdf
R4-240-1n,Local Traffic Area (30),Regulatory Signs,LOCAL_TRAFFIC_AREA_30_R4-240-1n.svg,600x910 mm,size from the sheet's 600 x 900 figure; triangulated CAD export unioned; NSW-only code,Original PDFs/r4-240-1n.pdf
R4-240n,Local Traffic Area (40),Regulatory Signs,LOCAL_TRAFFIC_AREA_40_R4-240n.svg,600x910 mm,size from the sheet's 600 x 900 figure; triangulated CAD export unioned; NSW-only code,Original PDFs/r4-240n.pdf
R4-241n,End Local Traffic Area,Regulatory Signs,END_LOCAL_TRAFFIC_AREA_R4-241n.svg,600x909 mm,size from the sheet's 600 x 900 figure; background assumed to be a white rectangle (outline drawn as loose strokes) — check; triangulated CAD export unioned; NSW-only code,Original PDFs/r4-241n.pdf
G9-333-2n,One Vehicle Only Per Lane On Green Signal,Guide Signs,ONE_VEHICLE_ONLY_PER_LANE_ON_GREEN_SIGNAL_G9-333-2n.svg,3850x698 mm,size from the sheet's 700 x 3850 figure; NSW-only code,Original PDFs/g9-333-2n.pdf
G9-263n,Heavy Vehicle Inspection Bay (left angled arrow),Guide Signs,,,no drawing found on the sheet,Original PDFs/g9-263n.pdf
G9-31n,Tick Quarantine Gate Ahead Please Drive Slowly,Guide Signs,,,no drawing found on the sheet,Original PDFs/g9-31n.pdf
G9-260-2n,Heavy Vehicle Inspection Bay (1km On Left),Guide Signs,HEAVY_VEHICLE_INSPECTION_BAY_1KM_ON_LEFT_G9-260-2n.svg,2330x1340 mm,size from the sheet's 1340 x 2330 figure; NSW-only code,Original PDFs/g9-260-2n.pdf
G9-333-1n,One Vehicle Only Per Lane On Green Signal,Guide Signs,ONE_VEHICLE_ONLY_PER_LANE_ON_GREEN_SIGNAL_G9-333-1n.svg,600x580 mm,size from the sheet's 580 x 600 figure; NSW-only code,Original PDFs/g9-333-1n.pdf
G9-343n,Trucks & Buses Divert To Safety Station,Guide Signs,TRUCKS_BUSES_DIVERT_TO_SAFETY_STATION_G9-343n.svg,2000x900 mm,size from the sheet's 900 x 2000 figure; NSW-only code,Original PDFs/g9-343n.pdf
G9-30n,Tick Gate Stop For Examination,Guide Signs,TICK_GATE_STOP_FOR_EXAMINATION_G9-30n.svg,1600x850 mm,size from the sheet's 850 x 1600 figure; NSW-only code,Original PDFs/g9-30n.pdf
G9-29n,Fruit Inspection Station,Guide Signs,FRUIT_INSPECTION_STATION_G9-29n.svg,1600x500 mm,size from the sheet's 500 x 1600 figure; NSW-only code,Original PDFs/g9-29n.pdf
G9-400n,Vineyards Phylloxera Free (Prohibited Unless Authorised) Vineyard Machinery/ Grapes/ Soil & Grapevines Ph1800084881,Guide Signs,VINEYARDS_PHYLLOXERA_FREE_PROHIBITED_UNLESS_AUTHORISED_VINEYARD_MACHINERY_GRAPES_G9-400n.svg,2100x1940 mm,size from the sheet's 1940 x 2100 figure; NSW-only code,Original PDFs/g9-400n.pdf
G9-399n,Mobile Phone Detection Cameras Used In NSW Thank You For Driving Safely,Guide Signs,MOBILE_PHONE_DETECTION_CAMERAS_USED_IN_NSW_THANK_YOU_FOR_DRIVING_SAFELY_G9-399n.svg,1373x707 mm,no size found on the sheet; drawn at 1:10 — check; triangulated CAD export unioned; NSW-only code,Original PDFs/g9-399n.pdf
G9-399n,Mobile Phone Detection Cameras Used In NSW Thank You For Driving Safely,Guide Signs,MOBILE_PHONE_DETECTION_CAMERAS_USED_IN_NSW_THANK_YOU_FOR_DRIVING_SAFELY_VAR2_G9-399n.svg,1536x397 mm,no size found on the sheet; drawn at 1:10 — check; background assumed to be a white rectangle (outline drawn as loose strokes) — check; triangulated CAD export unioned; NSW-only code,Original PDFs/g9-399n.pdf
G9-399n,Mobile Phone Detection Cameras Used In NSW Thank You For Driving Safely,Guide Signs,MOBILE_PHONE_DETECTION_CAMERAS_USED_IN_NSW_THANK_YOU_FOR_DRIVING_SAFELY_VAR3_G9-399n.svg,1085x341 mm,no size found on the sheet; drawn at 1:10 — check; background assumed to be a white rectangle (outline drawn as loose strokes) — check; NSW-only code,Original PDFs/g9-399n.pdf
G9-398n,Mobile Speed Cameras Used In This Area Thank You For Driving Safely,Guide Signs,MOBILE_SPEED_CAMERAS_USED_IN_THIS_AREA_THANK_YOU_FOR_DRIVING_SAFELY_G9-398n.svg,1720x2013 mm,size from the sheet's 2015 x 1720 figure; NSW-only code,Original PDFs/g9-398n.pdf
R2-19-1n,Left Lane Must Exit,Regulatory Signs,LEFT_LANE_MUST_EXIT_R2-19-1n.svg,2000x749 mm,size from the sheet's 750 x 2000 figure; NSW-only code,Original PDFs/g9-73-1n_l.pdf
g9-73-1n_l,Merge Right,Guide Signs,MERGE_RIGHT_g9-73-1n_l.svg,2000x749 mm,size from the sheet's 750 x 2000 figure; NSW-only code,Original PDFs/g9-73-1n_l.pdf
G9-73-1n(R),Merge Right,Guide Signs,MERGE_RIGHT_G9-73-1n(R).svg,2000x749 mm,size from the sheet's 750 x 2000 figure; NSW-only code,Original PDFs/g9-73-1n_r.pdf
G9-380n,Speed Limits Enforced,Guide Signs,SPEED_LIMITS_ENFORCED_G9-380n.svg,1127x370 mm,no size found on the sheet; drawn at 1:10 — check; triangulated CAD export unioned; NSW-only code,Original PDFs/g9-380.pdf
G9-260-1n,Heavy Vehicle Inspection Bay (500m On Left),Guide Signs,HEAVY_VEHICLE_INSPECTION_BAY_500M_ON_LEFT_G9-260-1n.svg,2330x1340 mm,size from the sheet's 1340 x 2330 figure; NSW-only code,Original PDFs/g9-260-1n.pdf
G6-315n,Start Variable Speed Limit Zone,Guide Signs,START_VARIABLE_SPEED_LIMIT_ZONE_G6-315n.svg,1400x900 mm,size from the sheet's 900 x 1400 figure; NSW-only code,Original PDFs/g6-315n.pdf
G6-316n,End Variable Speed Limit Zone,Guide Signs,END_VARIABLE_SPEED_LIMIT_ZONE_G6-316n.svg,1400x900 mm,size from the sheet's 900 x 1400 figure; NSW-only code,Original PDFs/g6-316n.pdf
G9-79,Speed Limit Ahead,Guide Signs,,,no drawing found on the sheet,Original PDFs/g9-79.pdf
GE11-2,Tourist Feature (name) USE (Name) EXIT (Example Only),Freeway Signs,TOURIST_FEATURE_NAME_USE_NAME_EXIT_EXAMPLE_ONLY_GE11-2.svg,2800x1379 mm,size from the sheet's 1380 x 2800 figure; code also in the national AS 1743 set,Original PDFs/ge11-2.pdf
GE11-1,Tourist Feature (name) This Exit (Example Only),Freeway Signs,TOURIST_FEATURE_NAME_THIS_EXIT_EXAMPLE_ONLY_GE11-1.svg,2600x980 mm,size from the sheet's 980 x 2600 figure; code also in the national AS 1743 set,Original PDFs/ge11-1.pdf
GE7-10-3,Services (Supplementary Panel) (Example Only),Freeway Signs,SERVICES_SUPPLEMENTARY_PANEL_EXAMPLE_ONLY_GE7-10-3.svg,3240x1320 mm,size from the sheet's 1320 x 3240 figure; code also in the national AS 1743 set,Original PDFs/ge7-10-3.pdf
GE9-23-2,Emergency Median Crossing (symbol) + (x)m,Freeway Signs,EMERGENCY_MEDIAN_CROSSING_SYMBOL_X_M_GE9-23-2.svg,1387x1809 mm,no size found on the sheet; drawn at 1:10 — check; code also in the national AS 1743 set,Original PDFs/ge9-23-2.pdf
GE7-11-3,Services USE (name) EXIT (Example Only),Freeway Signs,SERVICES_USE_NAME_EXIT_EXAMPLE_ONLY_GE7-11-3.svg,4000x2500 mm,size from the sheet's 2500 x 4000 figure; code also in the national AS 1743 set,Original PDFs/ge7-11-3.pdf
R6-30,Median Turning Lane (arrows),Parking Signs,MEDIAN_TURNING_LANE_ARROWS_R6-30.svg,589x1198 mm,no size found on the sheet; drawn at 1:10 — check; background assumed to be a white rectangle (outline drawn as loose strokes) — check; triangulated CAD export unioned; code also in the national AS 1743 set,Original PDFs/r6-30.pdf
R6-30,Median Turning Lane (arrows),Parking Signs,MEDIAN_TURNING_LANE_ARROWS_VAR2_R6-30.svg,461x862 mm,no size found on the sheet; drawn at 1:10 — check; background assumed to be a white rectangle (outline drawn as loose strokes) — check; triangulated CAD export unioned; code also in the national AS 1743 set,Original PDFs/r6-30.pdf
W3-1,Stop Sign Ahead (Symbolic),Warning Signs,STOP_SIGN_AHEAD_SYMBOLIC_W3-1.svg,1200x1201 mm,size from the sheet's 1200 x 1200 figure; triangulated CAD export unioned; drawn at 2 sizes on the sheet; largest kept; code also in the national AS 1743 set,Original PDFs/w3-1.pdf
W3-1,Stop Sign Ahead (Symbolic),Warning Signs,STOP_SIGN_AHEAD_SYMBOLIC_VAR2_W3-1.svg,1200x1201 mm,size from the sheet's 1200 x 1200 figure; triangulated CAD export unioned; code also in the national AS 1743 set,Original PDFs/w3-1.pdf
W2-7,Roundabout (symbolic),Warning Signs,ROUNDABOUT_SYMBOLIC_W2-7.svg,865x828 mm,no size found on the sheet; drawn at 1:10 — check; triangulated CAD export unioned; drawn at 2 sizes on the sheet; largest kept; code also in the national AS 1743 set,Original PDFs/w2-7.pdf
W2-7,Roundabout (symbolic),Warning Signs,ROUNDABOUT_SYMBOLIC_VAR2_W2-7.svg,517x517 mm,no size found on the sheet; drawn at 1:10 — check; triangulated CAD export unioned; drawn at 2 sizes on the sheet; largest kept; code also in the national AS 1743 set,Original PDFs/w2-7.pdf
W2-3,T-Junction (Symbolic),Warning Signs,T_JUNCTION_SYMBOLIC_W2-3.svg,865x878 mm,no size found on the sheet; drawn at 1:10 — check; triangulated CAD export unioned; drawn at 2 sizes on the sheet; largest kept; code also in the national AS 1743 set,Original PDFs/w2-3.pdf
W2-3,T-Junction (Symbolic),Warning Signs,T_JUNCTION_SYMBOLIC_VAR2_W2-3.svg,517x547 mm,no size found on the sheet; drawn at 1:10 — check; triangulated CAD export unioned; drawn at 2 sizes on the sheet; largest kept; code also in the national AS 1743 set,Original PDFs/w2-3.pdf
W3-2,Give Way Sign Ahead (symbolic),Warning Signs,GIVE_WAY_SIGN_AHEAD_SYMBOLIC_W3-2.svg,865x828 mm,no size found on the sheet; drawn at 1:10 — check; triangulated CAD export unioned; drawn at 2 sizes on the sheet; largest kept; code also in the national AS 1743 set,Original PDFs/w3-2.pdf
W3-2,Give Way Sign Ahead (symbolic),Warning Signs,GIVE_WAY_SIGN_AHEAD_SYMBOLIC_VAR2_W3-2.svg,486x1060 mm,no size found on the sheet; drawn at 1:10 — check; triangulated CAD export unioned; code also in the national AS 1743 set,Original PDFs/w3-2.pdf
W3-2,Give Way Sign Ahead (symbolic),Warning Signs,GIVE_WAY_SIGN_AHEAD_SYMBOLIC_VAR3_W3-2.svg,517x518 mm,no size found on the sheet; drawn at 1:10 — check; triangulated CAD export unioned; code also in the national AS 1743 set,Original PDFs/w3-2.pdf
W3-4,Road Humps Ahead (symbolic),Warning Signs,ROAD_HUMPS_AHEAD_SYMBOLIC_W3-4.svg,1200x1201 mm,size from the sheet's 1200 x 1200 figure; triangulated CAD export unioned; drawn at 3 sizes on the sheet; largest kept; NSW-only code,Original PDFs/w3-4.pdf
W3-204-1n,Prepare To Stop Traffic Signals with Flashing Lanterns (Portrait Version),Warning Signs,PREPARE_TO_STOP_TRAFFIC_SIGNALS_WITH_FLASHING_LANTERNS_PORTRAIT_VERSION_W3-204-1n.svg,1385x783 mm,no size found on the sheet; drawn at 1:10 — check; triangulated CAD export unioned; NSW-only code,Original PDFs/w3-204-1n.pdf
W3-204-1n,Prepare To Stop Traffic Signals with Flashing Lanterns (Portrait Version),Warning Signs,PREPARE_TO_STOP_TRAFFIC_SIGNALS_WITH_FLASHING_LANTERNS_PORTRAIT_VERSION_VAR2_W3-204-1n.svg,617x699 mm,no size found on the sheet; drawn at 1:10 — check; triangulated CAD export unioned; NSW-only code,Original PDFs/w3-204-1n.pdf
W3-204-1n,Prepare To Stop Traffic Signals with Flashing Lanterns (Portrait Version),Warning Signs,PREPARE_TO_STOP_TRAFFIC_SIGNALS_WITH_FLASHING_LANTERNS_PORTRAIT_VERSION_VAR3_W3-204-1n.svg,556x333 mm,no size found on the sheet; drawn at 1:10 — check; triangulated CAD export unioned; NSW-only code,Original PDFs/w3-204-1n.pdf
W3-204-1n,Prepare To Stop Traffic Signals with Flashing Lanterns (Portrait Version),Warning Signs,PREPARE_TO_STOP_TRAFFIC_SIGNALS_WITH_FLASHING_LANTERNS_PORTRAIT_VERSION_VAR4_W3-204-1n.svg,219x324 mm,no size found on the sheet; drawn at 1:10 — check; triangulated CAD export unioned; NSW-only code,Original PDFs/w3-204-1n.pdf
W3-204-2n,Ambulance Station Prepare To Stop,Warning Signs,AMBULANCE_STATION_PREPARE_TO_STOP_W3-204-2n.svg,2138x1214 mm,no size found on the sheet; drawn at 1:10 — check; triangulated CAD export unioned; NSW-only code,Original PDFs/w3-204-2n.pdf
W3-204-2n,Ambulance Station Prepare To Stop,Warning Signs,AMBULANCE_STATION_PREPARE_TO_STOP_VAR2_W3-204-2n.svg,956x1085 mm,no size found on the sheet; drawn at 1:10 — check; triangulated CAD export unioned; NSW-only code,Original PDFs/w3-204-2n.pdf
W3-204-2n,Ambulance Station Prepare To Stop,Warning Signs,AMBULANCE_STATION_PREPARE_TO_STOP_VAR3_W3-204-2n.svg,862x519 mm,no size found on the sheet; drawn at 1:10 — check; triangulated CAD export unioned; NSW-only code,Original PDFs/w3-204-2n.pdf
W3-204-2n,Ambulance Station Prepare To Stop,Warning Signs,AMBULANCE_STATION_PREPARE_TO_STOP_VAR4_W3-204-2n.svg,556x614 mm,no size found on the sheet; drawn at 1:10 — check; triangulated CAD export unioned; NSW-only code,Original PDFs/w3-204-2n.pdf
W3-204-2n,Ambulance Station Prepare To Stop,Warning Signs,AMBULANCE_STATION_PREPARE_TO_STOP_VAR5_W3-204-2n.svg,283x419 mm,no size found on the sheet; drawn at 1:10 — check; triangulated CAD export unioned; NSW-only code,Original PDFs/w3-204-2n.pdf
W3-204-3n,Cars Queued (Symbolic) Prepare To Stop,Warning Signs,CARS_QUEUED_SYMBOLIC_PREPARE_TO_STOP_W3-204-3n.svg,2138x1214 mm,no size found on the sheet; drawn at 1:10 — check; triangulated CAD export unioned; NSW-only code,Original PDFs/w3-204-3n.pdf
W3-204-3n,Cars Queued (Symbolic) Prepare To Stop,Warning Signs,CARS_QUEUED_SYMBOLIC_PREPARE_TO_STOP_VAR2_W3-204-3n.svg,956x1085 mm,no size found on the sheet; drawn at 1:10 — check; triangulated CAD export unioned; NSW-only code,Original PDFs/w3-204-3n.pdf
W3-204-3n,Cars Queued (Symbolic) Prepare To Stop,Warning Signs,CARS_QUEUED_SYMBOLIC_PREPARE_TO_STOP_VAR3_W3-204-3n.svg,862x519 mm,no size found on the sheet; drawn at 1:10 — check; triangulated CAD export unioned; NSW-only code,Original PDFs/w3-204-3n.pdf
W3-204-3n,Cars Queued (Symbolic) Prepare To Stop,Warning Signs,CARS_QUEUED_SYMBOLIC_PREPARE_TO_STOP_VAR4_W3-204-3n.svg,556x614 mm,no size found on the sheet; drawn at 1:10 — check; triangulated CAD export unioned; NSW-only code,Original PDFs/w3-204-3n.pdf
W3-204-3n,Cars Queued (Symbolic) Prepare To Stop,Warning Signs,CARS_QUEUED_SYMBOLIC_PREPARE_TO_STOP_VAR5_W3-204-3n.svg,283x419 mm,no size found on the sheet; drawn at 1:10 — check; triangulated CAD export unioned; NSW-only code,Original PDFs/w3-204-3n.pdf
W3-204-5n,T-Junction with Dual Carriageway (Symbolic) Prepare To Stop,Warning Signs,T_JUNCTION_WITH_DUAL_CARRIAGEWAY_SYMBOLIC_PREPARE_TO_STOP_W3-204-5n.svg,2138x1214 mm,no size found on the sheet; drawn at 1:10 — check; triangulated CAD export unioned; NSW-only code,Original PDFs/w3-204-5n.pdf
W3-204-5n,T-Junction with Dual Carriageway (Symbolic) Prepare To Stop,Warning Signs,T_JUNCTION_WITH_DUAL_CARRIAGEWAY_SYMBOLIC_PREPARE_TO_STOP_VAR2_W3-204-5n.svg,956x1085 mm,no size found on the sheet; drawn at 1:10 — check; triangulated CAD export unioned; NSW-only code,Original PDFs/w3-204-5n.pdf
W3-204-5n,T-Junction with Dual Carriageway (Symbolic) Prepare To Stop,Warning Signs,T_JUNCTION_WITH_DUAL_CARRIAGEWAY_SYMBOLIC_PREPARE_TO_STOP_VAR3_W3-204-5n.svg,862x519 mm,no size found on the sheet; drawn at 1:10 — check; triangulated CAD export unioned; NSW-only code,Original PDFs/w3-204-5n.pdf
W3-204-5n,T-Junction with Dual Carriageway (Symbolic) Prepare To Stop,Warning Signs,T_JUNCTION_WITH_DUAL_CARRIAGEWAY_SYMBOLIC_PREPARE_TO_STOP_VAR4_W3-204-5n.svg,556x614 mm,no size found on the sheet; drawn at 1:10 — check; triangulated CAD export unioned; NSW-only code,Original PDFs/w3-204-5n.pdf
W3-204-5n,T-Junction with Dual Carriageway (Symbolic) Prepare To Stop,Warning Signs,T_JUNCTION_WITH_DUAL_CARRIAGEWAY_SYMBOLIC_PREPARE_TO_STOP_VAR5_W3-204-5n.svg,283x419 mm,no size found on the sheet; drawn at 1:10 — check; triangulated CAD export unioned; NSW-only code,Original PDFs/w3-204-5n.pdf
W3-204n,Prepare To Stop Traffic Signals with Flashing Lanterns (Landscape Version),Warning Signs,PREPARE_TO_STOP_TRAFFIC_SIGNALS_WITH_FLASHING_LANTERNS_LANDSCAPE_VERSION_W3-204n.svg,1687x810 mm,no size found on the sheet; drawn at 1:10 — check; triangulated CAD export unioned; NSW-only code,Original PDFs/w3-204n.pdf
W3-205-2n,Caution (Car Truck Car Symbolic) Low Clearance - Overhead Live Wires,Warning Signs,CAUTION_CAR_TRUCK_CAR_SYMBOLIC_LOW_CLEARANCE_OVERHEAD_LIVE_WIRES_W3-205-2n.svg,519x343 mm,no size found on the sheet; drawn at 1:10 — check; triangulated CAD export unioned; NSW-only code,Original PDFs/w3-205-2.pdf
W3-205-1n,Low Clearance (x.x)m - Overhead Live Wires,Warning Signs,LOW_CLEARANCE_X_X_M_OVERHEAD_LIVE_WIRES_W3-205-1n.svg,501x501 mm,no size found on the sheet; drawn at 1:10 — check; triangulated CAD export unioned; NSW-only code,Original PDFs/w3-205-1.pdf
W2-211-10-1n,Reduce Speed + Curve (Right) + Speed Advisory (km/h),Warning Signs,REDUCE_SPEED_CURVE_RIGHT_SPEED_ADVISORY_KM_H_W2-211-10-1n.svg,2195x1567 mm,no size found on the sheet; drawn at 1:10 — check; triangulated CAD export unioned; NSW-only code,Original PDFs/w2-211-10-1n.pdf
W2-211-10-1n,Reduce Speed + Curve (Right) + Speed Advisory (km/h),Warning Signs,REDUCE_SPEED_CURVE_RIGHT_SPEED_ADVISORY_KM_H_VAR2_W2-211-10-1n.svg,1520x598 mm,no size found on the sheet; drawn at 1:10 — check; triangulated CAD export unioned; NSW-only code,Original PDFs/w2-211-10-1n.pdf
W2-211-10-1n,Reduce Speed + Curve (Right) + Speed Advisory (km/h),Warning Signs,REDUCE_SPEED_CURVE_RIGHT_SPEED_ADVISORY_KM_H_VAR3_W2-211-10-1n.svg,1449x601 mm,no size found on the sheet; drawn at 1:10 — check; triangulated CAD export unioned; NSW-only code,Original PDFs/w2-211-10-1n.pdf
W2-211-10-1n,Reduce Speed + Curve (Right) + Speed Advisory (km/h),Warning Signs,REDUCE_SPEED_CURVE_RIGHT_SPEED_ADVISORY_KM_H_VAR4_W2-211-10-1n.svg,525x597 mm,no size found on the sheet; drawn at 1:10 — check; triangulated CAD export unioned; NSW-only code,Original PDFs/w2-211-10-1n.pdf
W2-211-10n,Reduce Speed + Curve (Left) + Speed Advisory (km/h),Warning Signs,REDUCE_SPEED_CURVE_LEFT_SPEED_ADVISORY_KM_H_W2-211-10n.svg,2195x1567 mm,no size found on the sheet; drawn at 1:10 — check; triangulated CAD export unioned; NSW-only code,Original PDFs/w2-211-10n.pdf
W2-211-10n,Reduce Speed + Curve (Left) + Speed Advisory (km/h),Warning Signs,REDUCE_SPEED_CURVE_LEFT_SPEED_ADVISORY_KM_H_VAR2_W2-211-10n.svg,1520x598 mm,no size found on the sheet; drawn at 1:10 — check; triangulated CAD export unioned; NSW-only code,Original PDFs/w2-211-10n.pdf
W2-211-10n,Reduce Speed + Curve (Left) + Speed Advisory (km/h),Warning Signs,REDUCE_SPEED_CURVE_LEFT_SPEED_ADVISORY_KM_H_VAR3_W2-211-10n.svg,1449x601 mm,no size found on the sheet; drawn at 1:10 — check; triangulated CAD export unioned; NSW-only code,Original PDFs/w2-211-10n.pdf
W2-211-10n,Reduce Speed + Curve (Left) + Speed Advisory (km/h),Warning Signs,REDUCE_SPEED_CURVE_LEFT_SPEED_ADVISORY_KM_H_VAR4_W2-211-10n.svg,525x597 mm,no size found on the sheet; drawn at 1:10 — check; triangulated CAD export unioned; NSW-only code,Original PDFs/w2-211-10n.pdf
W2-201n,T-Junction With Dual Carriageways (Symbolic),Warning Signs,T_JUNCTION_WITH_DUAL_CARRIAGEWAYS_SYMBOLIC_W2-201n.svg,900x928 mm,size from the sheet's 900 x 900 figure; background assumed to be a white rectangle (outline drawn as loose strokes) — check; triangulated CAD export unioned; NSW-only code,Original PDFs/w2-201n.pdf
W2-201n,T-Junction With Dual Carriageways (Symbolic),Warning Signs,T_JUNCTION_WITH_DUAL_CARRIAGEWAYS_SYMBOLIC_VAR2_W2-201n.svg,900x901 mm,size from the sheet's 900 x 900 figure; background assumed to be a white rectangle (outline drawn as loose strokes) — check; triangulated CAD export unioned; NSW-only code,Original PDFs/w2-201n.pdf
W2-211-11-1n,Reduce Speed + Reverse Curve (Right) + Speed Advisory (km/h),Warning Signs,REDUCE_SPEED_REVERSE_CURVE_RIGHT_SPEED_ADVISORY_KM_H_W2-211-11-1n.svg,2195x1567 mm,no size found on the sheet; drawn at 1:10 — check; triangulated CAD export unioned; NSW-only code,Original PDFs/w2-211-11-1n.pdf
W2-211-11-1n,Reduce Speed + Reverse Curve (Right) + Speed Advisory (km/h),Warning Signs,REDUCE_SPEED_REVERSE_CURVE_RIGHT_SPEED_ADVISORY_KM_H_VAR2_W2-211-11-1n.svg,1520x598 mm,no size found on the sheet; drawn at 1:10 — check; triangulated CAD export unioned; NSW-only code,Original PDFs/w2-211-11-1n.pdf
W2-211-11-1n,Reduce Speed + Reverse Curve (Right) + Speed Advisory (km/h),Warning Signs,REDUCE_SPEED_REVERSE_CURVE_RIGHT_SPEED_ADVISORY_KM_H_VAR3_W2-211-11-1n.svg,1449x601 mm,no size found on the sheet; drawn at 1:10 — check; triangulated CAD export unioned; NSW-only code,Original PDFs/w2-211-11-1n.pdf
W2-211-11-1n,Reduce Speed + Reverse Curve (Right) + Speed Advisory (km/h),Warning Signs,REDUCE_SPEED_REVERSE_CURVE_RIGHT_SPEED_ADVISORY_KM_H_VAR4_W2-211-11-1n.svg,526x597 mm,no size found on the sheet; drawn at 1:10 — check; triangulated CAD export unioned; NSW-only code,Original PDFs/w2-211-11-1n.pdf
W2-211-11n,Reduce Speed + Reverse Curve (Left) + Speed Advisory (km/h),Warning Signs,REDUCE_SPEED_REVERSE_CURVE_LEFT_SPEED_ADVISORY_KM_H_W2-211-11n.svg,2195x1567 mm,no size found on the sheet; drawn at 1:10 — check; triangulated CAD export unioned; NSW-only code,Original PDFs/w2-211-11n.pdf
W2-211-11n,Reduce Speed + Reverse Curve (Left) + Speed Advisory (km/h),Warning Signs,REDUCE_SPEED_REVERSE_CURVE_LEFT_SPEED_ADVISORY_KM_H_VAR2_W2-211-11n.svg,1520x598 mm,no size found on the sheet; drawn at 1:10 — check; triangulated CAD export unioned; NSW-only code,Original PDFs/w2-211-11n.pdf
W2-211-11n,Reduce Speed + Reverse Curve (Left) + Speed Advisory (km/h),Warning Signs,REDUCE_SPEED_REVERSE_CURVE_LEFT_SPEED_ADVISORY_KM_H_VAR3_W2-211-11n.svg,1451x601 mm,no size found on the sheet; drawn at 1:10 — check; triangulated CAD export unioned; NSW-only code,Original PDFs/w2-211-11n.pdf
W2-211-11n,Reduce Speed + Reverse Curve (Left) + Speed Advisory (km/h),Warning Signs,REDUCE_SPEED_REVERSE_CURVE_LEFT_SPEED_ADVISORY_KM_H_VAR4_W2-211-11n.svg,525x597 mm,no size found on the sheet; drawn at 1:10 — check; triangulated CAD export unioned; NSW-only code,Original PDFs/w2-211-11n.pdf
W2-211-12n,Reduce Speed + Winding Road (Left) + Speed Advisory (km/h),Warning Signs,REDUCE_SPEED_WINDING_ROAD_LEFT_SPEED_ADVISORY_KM_H_W2-211-12n.svg,2195x1567 mm,no size found on the sheet; drawn at 1:10 — check; triangulated CAD export unioned; NSW-only code,Original PDFs/w2-211-12n.pdf
W2-211-12n,Reduce Speed + Winding Road (Left) + Speed Advisory (km/h),Warning Signs,REDUCE_SPEED_WINDING_ROAD_LEFT_SPEED_ADVISORY_KM_H_VAR2_W2-211-12n.svg,1520x598 mm,no size found on the sheet; drawn at 1:10 — check; triangulated CAD export unioned; NSW-only code,Original PDFs/w2-211-12n.pdf
W2-211-12n,Reduce Speed + Winding Road (Left) + Speed Advisory (km/h),Warning Signs,REDUCE_SPEED_WINDING_ROAD_LEFT_SPEED_ADVISORY_KM_H_VAR3_W2-211-12n.svg,1449x601 mm,no size found on the sheet; drawn at 1:10 — check; triangulated CAD export unioned; NSW-only code,Original PDFs/w2-211-12n.pdf
W2-211-12n,Reduce Speed + Winding Road (Left) + Speed Advisory (km/h),Warning Signs,REDUCE_SPEED_WINDING_ROAD_LEFT_SPEED_ADVISORY_KM_H_VAR4_W2-211-12n.svg,525x597 mm,no size found on the sheet; drawn at 1:10 — check; triangulated CAD export unioned; NSW-only code,Original PDFs/w2-211-12n.pdf
W2-211-2n,Curved Road Side Road Junction (Symbolic Right) & Reduce Speed,Warning Signs,CURVED_ROAD_SIDE_ROAD_JUNCTION_SYMBOLIC_RIGHT_REDUCE_SPEED_W2-211-2n.svg,875x1218 mm,no size found on the sheet; drawn at 1:10 — check; triangulated CAD export unioned; NSW-only code,Original PDFs/w2-211-2n.pdf
W2-211-2n,Curved Road Side Road Junction (Symbolic Right) & Reduce Speed,Warning Signs,CURVED_ROAD_SIDE_ROAD_JUNCTION_SYMBOLIC_RIGHT_REDUCE_SPEED_VAR2_W2-211-2n.svg,725x1015 mm,no size found on the sheet; drawn at 1:10 — check; triangulated CAD export unioned; NSW-only code,Original PDFs/w2-211-2n.pdf
W2-211-2n,Curved Road Side Road Junction (Symbolic Right) & Reduce Speed,Warning Signs,CURVED_ROAD_SIDE_ROAD_JUNCTION_SYMBOLIC_RIGHT_REDUCE_SPEED_VAR3_W2-211-2n.svg,775x809 mm,no size found on the sheet; drawn at 1:10 — check; triangulated CAD export unioned; NSW-only code,Original PDFs/w2-211-2n.pdf
W2-211-2n,Curved Road Side Road Junction (Symbolic Right) & Reduce Speed,Warning Signs,CURVED_ROAD_SIDE_ROAD_JUNCTION_SYMBOLIC_RIGHT_REDUCE_SPEED_VAR4_W2-211-2n.svg,411x609 mm,no size found on the sheet; drawn at 1:10 — check; triangulated CAD export unioned; NSW-only code,Original PDFs/w2-211-2n.pdf
W2-211-1n,Curved Road Side Road Junction (Symbolic Left) & Reduce Speed,Warning Signs,CURVED_ROAD_SIDE_ROAD_JUNCTION_SYMBOLIC_LEFT_REDUCE_SPEED_W2-211-1n.svg,875x1218 mm,no size found on the sheet; drawn at 1:10 — check; triangulated CAD export unioned; NSW-only code,Original PDFs/w2-211-1n.pdf
W2-211-1n,Curved Road Side Road Junction (Symbolic Left) & Reduce Speed,Warning Signs,CURVED_ROAD_SIDE_ROAD_JUNCTION_SYMBOLIC_LEFT_REDUCE_SPEED_VAR2_W2-211-1n.svg,725x1015 mm,no size found on the sheet; drawn at 1:10 — check; triangulated CAD export unioned; NSW-only code,Original PDFs/w2-211-1n.pdf
W2-211-1n,Curved Road Side Road Junction (Symbolic Left) & Reduce Speed,Warning Signs,CURVED_ROAD_SIDE_ROAD_JUNCTION_SYMBOLIC_LEFT_REDUCE_SPEED_VAR3_W2-211-1n.svg,775x809 mm,no size found on the sheet; drawn at 1:10 — check; triangulated CAD export unioned; NSW-only code,Original PDFs/w2-211-1n.pdf
W2-211-1n,Curved Road Side Road Junction (Symbolic Left) & Reduce Speed,Warning Signs,CURVED_ROAD_SIDE_ROAD_JUNCTION_SYMBOLIC_LEFT_REDUCE_SPEED_VAR4_W2-211-1n.svg,411x609 mm,no size found on the sheet; drawn at 1:10 — check; triangulated CAD export unioned; NSW-only code,Original PDFs/w2-211-1n.pdf
W2-211-12-1n,Reduce Speed + Winding Road (Right) + Speed Advisory (km/h),Warning Signs,REDUCE_SPEED_WINDING_ROAD_RIGHT_SPEED_ADVISORY_KM_H_W2-211-12-1n.svg,2195x1567 mm,no size found on the sheet; drawn at 1:10 — check; triangulated CAD export unioned; NSW-only code,Original PDFs/w2-211-12-1n.pdf
W2-211-12-1n,Reduce Speed + Winding Road (Right) + Speed Advisory (km/h),Warning Signs,REDUCE_SPEED_WINDING_ROAD_RIGHT_SPEED_ADVISORY_KM_H_VAR2_W2-211-12-1n.svg,1520x598 mm,no size found on the sheet; drawn at 1:10 — check; triangulated CAD export unioned; NSW-only code,Original PDFs/w2-211-12-1n.pdf
W2-211-12-1n,Reduce Speed + Winding Road (Right) + Speed Advisory (km/h),Warning Signs,REDUCE_SPEED_WINDING_ROAD_RIGHT_SPEED_ADVISORY_KM_H_VAR3_W2-211-12-1n.svg,1449x601 mm,no size found on the sheet; drawn at 1:10 — check; triangulated CAD export unioned; NSW-only code,Original PDFs/w2-211-12-1n.pdf
W2-211-12-1n,Reduce Speed + Winding Road (Right) + Speed Advisory (km/h),Warning Signs,REDUCE_SPEED_WINDING_ROAD_RIGHT_SPEED_ADVISORY_KM_H_VAR4_W2-211-12-1n.svg,525x597 mm,no size found on the sheet; drawn at 1:10 — check; triangulated CAD export unioned; NSW-only code,Original PDFs/w2-211-12-1n.pdf
W2-211-13-1n,Reduce Speed + Hairpin (Right) + Speed Advisory (km/h),Warning Signs,REDUCE_SPEED_HAIRPIN_RIGHT_SPEED_ADVISORY_KM_H_W2-211-13-1n.svg,2195x1567 mm,no size found on the sheet; drawn at 1:10 — check; triangulated CAD export unioned; NSW-only code,Original PDFs/w2-211-13-1n.pdf
W2-211-13-1n,Reduce Speed + Hairpin (Right) + Speed Advisory (km/h),Warning Signs,REDUCE_SPEED_HAIRPIN_RIGHT_SPEED_ADVISORY_KM_H_VAR2_W2-211-13-1n.svg,1520x598 mm,no size found on the sheet; drawn at 1:10 — check; triangulated CAD export unioned; NSW-only code,Original PDFs/w2-211-13-1n.pdf
W2-211-13-1n,Reduce Speed + Hairpin (Right) + Speed Advisory (km/h),Warning Signs,REDUCE_SPEED_HAIRPIN_RIGHT_SPEED_ADVISORY_KM_H_VAR3_W2-211-13-1n.svg,1449x601 mm,no size found on the sheet; drawn at 1:10 — check; triangulated CAD export unioned; NSW-only code,Original PDFs/w2-211-13-1n.pdf
W2-211-13-1n,Reduce Speed + Hairpin (Right) + Speed Advisory (km/h),Warning Signs,REDUCE_SPEED_HAIRPIN_RIGHT_SPEED_ADVISORY_KM_H_VAR4_W2-211-13-1n.svg,525x597 mm,no size found on the sheet; drawn at 1:10 — check; triangulated CAD export unioned; NSW-only code,Original PDFs/w2-211-13-1n.pdf
W2-211-13n,Reduce Speed + Hairpin (Left) + Speed Advisory (km/h),Warning Signs,REDUCE_SPEED_HAIRPIN_LEFT_SPEED_ADVISORY_KM_H_W2-211-13n.svg,2195x1567 mm,no size found on the sheet; drawn at 1:10 — check; triangulated CAD export unioned; NSW-only code,Original PDFs/w2-211-13n.pdf
W2-211-13n,Reduce Speed + Hairpin (Left) + Speed Advisory (km/h),Warning Signs,REDUCE_SPEED_HAIRPIN_LEFT_SPEED_ADVISORY_KM_H_VAR2_W2-211-13n.svg,1520x598 mm,no size found on the sheet; drawn at 1:10 — check; triangulated CAD export unioned; NSW-only code,Original PDFs/w2-211-13n.pdf
W2-211-13n,Reduce Speed + Hairpin (Left) + Speed Advisory (km/h),Warning Signs,REDUCE_SPEED_HAIRPIN_LEFT_SPEED_ADVISORY_KM_H_VAR3_W2-211-13n.svg,1449x601 mm,no size found on the sheet; drawn at 1:10 — check; triangulated CAD export unioned; NSW-only code,Original PDFs/w2-211-13n.pdf
W2-211-13n,Reduce Speed + Hairpin (Left) + Speed Advisory (km/h),Warning Signs,REDUCE_SPEED_HAIRPIN_LEFT_SPEED_ADVISORY_KM_H_VAR4_W2-211-13n.svg,525x597 mm,no size found on the sheet; drawn at 1:10 — check; triangulated CAD export unioned; NSW-only code,Original PDFs/w2-211-13n.pdf
W2-211-9n,Slippery (Symbolic) When Icy Next (X)km & Reduce Speed,Warning Signs,SLIPPERY_SYMBOLIC_WHEN_ICY_NEXT_X_KM_REDUCE_SPEED_W2-211-9n.svg,1430x2028 mm,no size found on the sheet; drawn at 1:10 — check; triangulated CAD export unioned; NSW-only code,Original PDFs/w2-211-9n.pdf
W2-211-9n,Slippery (Symbolic) When Icy Next (X)km & Reduce Speed,Warning Signs,SLIPPERY_SYMBOLIC_WHEN_ICY_NEXT_X_KM_REDUCE_SPEED_VAR2_W2-211-9n.svg,1140x1759 mm,no size found on the sheet; drawn at 1:10 — check; triangulated CAD export unioned; NSW-only code,Original PDFs/w2-211-9n.pdf
W2-211-6n,Slippery (Symbolic) When Wet & Reduce Speed,Warning Signs,SLIPPERY_SYMBOLIC_WHEN_WET_REDUCE_SPEED_W2-211-6n.svg,860x1438 mm,no size found on the sheet; drawn at 1:10 — check; triangulated CAD export unioned; NSW-only code,Original PDFs/w2-211-6n.pdf
W2-211-6n,Slippery (Symbolic) When Wet & Reduce Speed,Warning Signs,SLIPPERY_SYMBOLIC_WHEN_WET_REDUCE_SPEED_VAR2_W2-211-6n.svg,718x1198 mm,no size found on the sheet; drawn at 1:10 — check; triangulated CAD export unioned; NSW-only code,Original PDFs/w2-211-6n.pdf
W2-211-8n,T-Junction (Symbolic) (xxx)m Reduce Speed,Warning Signs,T_JUNCTION_SYMBOLIC_XXX_M_REDUCE_SPEED_W2-211-8n.svg,884x1472 mm,no size found on the sheet; drawn at 1:10 — check; triangulated CAD export unioned; NSW-only code,Original PDFs/w2-211-8n.pdf
W2-211-8n,T-Junction (Symbolic) (xxx)m Reduce Speed,Warning Signs,T_JUNCTION_SYMBOLIC_XXX_M_REDUCE_SPEED_VAR2_W2-211-8n.svg,875x1438 mm,no size found on the sheet; drawn at 1:10 — check; triangulated CAD export unioned; NSW-only code,Original PDFs/w2-211-8n.pdf
W2-211-8n,T-Junction (Symbolic) (xxx)m Reduce Speed,Warning Signs,T_JUNCTION_SYMBOLIC_XXX_M_REDUCE_SPEED_VAR3_W2-211-8n.svg,761x1225 mm,no size found on the sheet; drawn at 1:10 — check; triangulated CAD export unioned; NSW-only code,Original PDFs/w2-211-8n.pdf
W2-211-8n,T-Junction (Symbolic) (xxx)m Reduce Speed,Warning Signs,T_JUNCTION_SYMBOLIC_XXX_M_REDUCE_SPEED_VAR4_W2-211-8n.svg,685x1198 mm,no size found on the sheet; drawn at 1:10 — check; triangulated CAD export unioned; NSW-only code,Original PDFs/w2-211-8n.pdf
W2-211-7n,Roundabout (Symbolic) (xxx)m Reduce Speed Standard sign No,Warning Signs,ROUNDABOUT_SYMBOLIC_XXX_M_REDUCE_SPEED_STANDARD_SIGN_NO_W2-211-7n.svg,884x1472 mm,no size found on the sheet; drawn at 1:10 — check; triangulated CAD export unioned; NSW-only code,Original PDFs/w2-211-7n.pdf
W2-211-7n,Roundabout (Symbolic) (xxx)m Reduce Speed Standard sign No,Warning Signs,ROUNDABOUT_SYMBOLIC_XXX_M_REDUCE_SPEED_STANDARD_SIGN_NO_VAR2_W2-211-7n.svg,875x1438 mm,no size found on the sheet; drawn at 1:10 — check; triangulated CAD export unioned; NSW-only code,Original PDFs/w2-211-7n.pdf
W2-211-7n,Roundabout (Symbolic) (xxx)m Reduce Speed Standard sign No,Warning Signs,ROUNDABOUT_SYMBOLIC_XXX_M_REDUCE_SPEED_STANDARD_SIGN_NO_VAR3_W2-211-7n.svg,761x1225 mm,no size found on the sheet; drawn at 1:10 — check; triangulated CAD export unioned; NSW-only code,Original PDFs/w2-211-7n.pdf
W2-211-7n,Roundabout (Symbolic) (xxx)m Reduce Speed Standard sign No,Warning Signs,ROUNDABOUT_SYMBOLIC_XXX_M_REDUCE_SPEED_STANDARD_SIGN_NO_VAR4_W2-211-7n.svg,685x1198 mm,no size found on the sheet; drawn at 1:10 — check; triangulated CAD export unioned; NSW-only code,Original PDFs/w2-211-7n.pdf
W2-211-3n,T-Junction (Symbolic) & Reduce Speed,Warning Signs,T_JUNCTION_SYMBOLIC_REDUCE_SPEED_W2-211-3n.svg,822x1218 mm,no size found on the sheet; drawn at 1:10 — check; triangulated CAD export unioned; drawn at 2 sizes on the sheet; largest kept; NSW-only code,Original PDFs/w2-211-3n.pdf
W2-211-3n,T-Junction (Symbolic) & Reduce Speed,Warning Signs,T_JUNCTION_SYMBOLIC_REDUCE_SPEED_VAR2_W2-211-3n.svg,722x744 mm,no size found on the sheet; drawn at 1:10 — check; triangulated CAD export unioned; NSW-only code,Original PDFs/w2-211-3n.pdf
W2-211-3n,T-Junction (Symbolic) & Reduce Speed,Warning Signs,T_JUNCTION_SYMBOLIC_REDUCE_SPEED_VAR3_W2-211-3n.svg,411x610 mm,no size found on the sheet; drawn at 1:10 — check; triangulated CAD export unioned; NSW-only code,Original PDFs/w2-211-3n.pdf
W2-211-3n,T-Junction (Symbolic) & Reduce Speed,Warning Signs,T_JUNCTION_SYMBOLIC_REDUCE_SPEED_VAR4_W2-211-3n.svg,411x609 mm,no size found on the sheet; drawn at 1:10 — check; triangulated CAD export unioned; NSW-only code,Original PDFs/w2-211-3n.pdf
W2-211-3n,T-Junction (Symbolic) & Reduce Speed,Warning Signs,T_JUNCTION_SYMBOLIC_REDUCE_SPEED_VAR5_W2-211-3n.svg,343x508 mm,no size found on the sheet; drawn at 1:10 — check; triangulated CAD export unioned; NSW-only code,Original PDFs/w2-211-3n.pdf
W2-211-4n,Roundabout (Symbolic) & Reduce Speed,Warning Signs,ROUNDABOUT_SYMBOLIC_REDUCE_SPEED_W2-211-4n.svg,822x1218 mm,no size found on the sheet; drawn at 1:10 — check; triangulated CAD export unioned; drawn at 2 sizes on the sheet; largest kept; NSW-only code,Original PDFs/w2-211-4n.pdf
W2-211-4n,Roundabout (Symbolic) & Reduce Speed,Warning Signs,ROUNDABOUT_SYMBOLIC_REDUCE_SPEED_VAR2_W2-211-4n.svg,722x744 mm,no size found on the sheet; drawn at 1:10 — check; triangulated CAD export unioned; NSW-only code,Original PDFs/w2-211-4n.pdf
W2-211-4n,Roundabout (Symbolic) & Reduce Speed,Warning Signs,ROUNDABOUT_SYMBOLIC_REDUCE_SPEED_VAR3_W2-211-4n.svg,411x610 mm,no size found on the sheet; drawn at 1:10 — check; triangulated CAD export unioned; NSW-only code,Original PDFs/w2-211-4n.pdf
W2-211-4n,Roundabout (Symbolic) & Reduce Speed,Warning Signs,ROUNDABOUT_SYMBOLIC_REDUCE_SPEED_VAR4_W2-211-4n.svg,411x609 mm,no size found on the sheet; drawn at 1:10 — check; triangulated CAD export unioned; NSW-only code,Original PDFs/w2-211-4n.pdf
W2-211-4n,Roundabout (Symbolic) & Reduce Speed,Warning Signs,ROUNDABOUT_SYMBOLIC_REDUCE_SPEED_VAR5_W2-211-4n.svg,343x508 mm,no size found on the sheet; drawn at 1:10 — check; triangulated CAD export unioned; NSW-only code,Original PDFs/w2-211-4n.pdf
W2-211-5n,Gravel Road & Reduce Speed,Warning Signs,GRAVEL_ROAD_REDUCE_SPEED_W2-211-5n.svg,822x1218 mm,no size found on the sheet; drawn at 1:10 — check; triangulated CAD export unioned; drawn at 2 sizes on the sheet; largest kept; NSW-only code,Original PDFs/w2-211-5n.pdf
W2-211-5n,Gravel Road & Reduce Speed,Warning Signs,GRAVEL_ROAD_REDUCE_SPEED_VAR2_W2-211-5n.svg,722x744 mm,no size found on the sheet; drawn at 1:10 — check; triangulated CAD export unioned; NSW-only code,Original PDFs/w2-211-5n.pdf
W2-211-5n,Gravel Road & Reduce Speed,Warning Signs,GRAVEL_ROAD_REDUCE_SPEED_VAR3_W2-211-5n.svg,411x610 mm,no size found on the sheet; drawn at 1:10 — check; triangulated CAD export unioned; NSW-only code,Original PDFs/w2-211-5n.pdf
W2-211-5n,Gravel Road & Reduce Speed,Warning Signs,GRAVEL_ROAD_REDUCE_SPEED_VAR4_W2-211-5n.svg,411x609 mm,no size found on the sheet; drawn at 1:10 — check; triangulated CAD export unioned; NSW-only code,Original PDFs/w2-211-5n.pdf
W2-211-5n,Gravel Road & Reduce Speed,Warning Signs,GRAVEL_ROAD_REDUCE_SPEED_VAR5_W2-211-5n.svg,343x508 mm,no size found on the sheet; drawn at 1:10 — check; triangulated CAD export unioned; NSW-only code,Original PDFs/w2-211-5n.pdf
W2-9(R),Side Road Intersection on a Curve -Outside (Right Symbolic),Warning Signs,SIDE_ROAD_INTERSECTION_ON_A_CURVE_OUTSIDE_RIGHT_SYMBOLIC_W2-9(R).svg,945x880 mm,no size found on the sheet; drawn at 1:10 — check; background assumed to be a white rectangle (outline drawn as loose strokes) — check; triangulated CAD export unioned; code also in the national AS 1743 set,Original PDFs/w2-9_r.pdf
W2-9(R),Side Road Intersection on a Curve -Outside (Right Symbolic),Warning Signs,SIDE_ROAD_INTERSECTION_ON_A_CURVE_OUTSIDE_RIGHT_SYMBOLIC_VAR2_W2-9(R).svg,780x721 mm,no size found on the sheet; drawn at 1:10 — check; background assumed to be a white rectangle (outline drawn as loose strokes) — check; triangulated CAD export unioned; code also in the national AS 1743 set,Original PDFs/w2-9_r.pdf
W2-9(R),Side Road Intersection on a Curve -Outside (Right Symbolic),Warning Signs,SIDE_ROAD_INTERSECTION_ON_A_CURVE_OUTSIDE_RIGHT_SYMBOLIC_VAR3_W2-9(R).svg,649x707 mm,no size found on the sheet; drawn at 1:10 — check; background assumed to be a white rectangle (outline drawn as loose strokes) — check; triangulated CAD export unioned; code also in the national AS 1743 set,Original PDFs/w2-9_r.pdf
W2-9(R),Side Road Intersection on a Curve -Outside (Right Symbolic),Warning Signs,SIDE_ROAD_INTERSECTION_ON_A_CURVE_OUTSIDE_RIGHT_SYMBOLIC_VAR4_W2-9(R).svg,521x565 mm,no size found on the sheet; drawn at 1:10 — check; background assumed to be a white rectangle (outline drawn as loose strokes) — check; triangulated CAD export unioned; code also in the national AS 1743 set,Original PDFs/w2-9_r.pdf
W2-9(L),Side Road Intersection on a Curve - Outside (Left Symbolic),Warning Signs,SIDE_ROAD_INTERSECTION_ON_A_CURVE_OUTSIDE_LEFT_SYMBOLIC_W2-9(L).svg,865x828 mm,no size found on the sheet; drawn at 1:10 — check; triangulated CAD export unioned; drawn at 2 sizes on the sheet; largest kept; code also in the national AS 1743 set,Original PDFs/w2-9_l.pdf
W2-9(L),Side Road Intersection on a Curve - Outside (Left Symbolic),Warning Signs,SIDE_ROAD_INTERSECTION_ON_A_CURVE_OUTSIDE_LEFT_SYMBOLIC_VAR2_W2-9(L).svg,517x517 mm,no size found on the sheet; drawn at 1:10 — check; triangulated CAD export unioned; drawn at 2 sizes on the sheet; largest kept; code also in the national AS 1743 set,Original PDFs/w2-9_l.pdf
W2-4(L),Side Road Intersection on Straight (Left Symbolic),Warning Signs,SIDE_ROAD_INTERSECTION_ON_STRAIGHT_LEFT_SYMBOLIC_W2-4(L).svg,865x828 mm,no size found on the sheet; drawn at 1:10 — check; triangulated CAD export unioned; drawn at 2 sizes on the sheet; largest kept; code also in the national AS 1743 set,Original PDFs/w2-4_l.pdf
W2-4(L),Side Road Intersection on Straight (Left Symbolic),Warning Signs,SIDE_ROAD_INTERSECTION_ON_STRAIGHT_LEFT_SYMBOLIC_VAR2_W2-4(L).svg,517x517 mm,no size found on the sheet; drawn at 1:10 — check; triangulated CAD export unioned; drawn at 2 sizes on the sheet; largest kept; code also in the national AS 1743 set,Original PDFs/w2-4_l.pdf
W2-4(R),Side Road Intersection on Straight (Right Symbolic),Warning Signs,SIDE_ROAD_INTERSECTION_ON_STRAIGHT_RIGHT_SYMBOLIC_W2-4(R).svg,961x901 mm,no size found on the sheet; drawn at 1:10 — check; triangulated CAD export unioned; code also in the national AS 1743 set,Original PDFs/w2-4_r.pdf
W2-4(R),Side Road Intersection on Straight (Right Symbolic),Warning Signs,SIDE_ROAD_INTERSECTION_ON_STRAIGHT_RIGHT_SYMBOLIC_VAR2_W2-4(R).svg,793x674 mm,no size found on the sheet; drawn at 1:10 — check; triangulated CAD export unioned; drawn at 2 sizes on the sheet; largest kept; code also in the national AS 1743 set,Original PDFs/w2-4_r.pdf
W2-4(R),Side Road Intersection on Straight (Right Symbolic),Warning Signs,SIDE_ROAD_INTERSECTION_ON_STRAIGHT_RIGHT_SYMBOLIC_VAR3_W2-4(R).svg,530x615 mm,no size found on the sheet; drawn at 1:10 — check; triangulated CAD export unioned; code also in the national AS 1743 set,Original PDFs/w2-4_r.pdf
W2-8(R),Staggered Side Roads Intersection (Right Symbolic),Warning Signs,STAGGERED_SIDE_ROADS_INTERSECTION_RIGHT_SYMBOLIC_W2-8(R).svg,879x899 mm,no size found on the sheet; drawn at 1:10 — check; triangulated CAD export unioned; code also in the national AS 1743 set,Original PDFs/w2-8_r.pdf
W2-8(R),Staggered Side Roads Intersection (Right Symbolic),Warning Signs,STAGGERED_SIDE_ROADS_INTERSECTION_RIGHT_SYMBOLIC_VAR2_W2-8(R).svg,737x673 mm,no size found on the sheet; drawn at 1:10 — check; triangulated CAD export unioned; code also in the national AS 1743 set,Original PDFs/w2-8_r.pdf
W2-8(R),Staggered Side Roads Intersection (Right Symbolic),Warning Signs,STAGGERED_SIDE_ROADS_INTERSECTION_RIGHT_SYMBOLIC_VAR3_W2-8(R).svg,663x560 mm,no size found on the sheet; drawn at 1:10 — check; triangulated CAD export unioned; drawn at 2 sizes on the sheet; largest kept; code also in the national AS 1743 set,Original PDFs/w2-8_r.pdf
W2-8(L),Staggered Side Road Intersection (Left Symbolic),Warning Signs,STAGGERED_SIDE_ROAD_INTERSECTION_LEFT_SYMBOLIC_W2-8(L).svg,865x828 mm,no size found on the sheet; drawn at 1:10 — check; triangulated CAD export unioned; code also in the national AS 1743 set,Original PDFs/w2-8_l.pdf
W2-8(L),Staggered Side Road Intersection (Left Symbolic),Warning Signs,STAGGERED_SIDE_ROAD_INTERSECTION_LEFT_SYMBOLIC_VAR2_W2-8(L).svg,647x659 mm,no size found on the sheet; drawn at 1:10 — check; triangulated CAD export unioned; code also in the national AS 1743 set,Original PDFs/w2-8_l.pdf
W2-8(L),Staggered Side Road Intersection (Left Symbolic),Warning Signs,STAGGERED_SIDE_ROAD_INTERSECTION_LEFT_SYMBOLIC_VAR3_W2-8(L).svg,517x517 mm,no size found on the sheet; drawn at 1:10 — check; triangulated CAD export unioned; drawn at 2 sizes on the sheet; largest kept; code also in the national AS 1743 set,Original PDFs/w2-8_l.pdf
W3-206n,Low Tunnel Clearance (Example - Lane Cove Tunnel),Warning Signs,,,no drawing found on the sheet,Original PDFs/w3-206.pdf
W3-207-1n,Traffic Lights (Symbolic) Operating When Lights Flashing,Warning Signs,,,no drawing found on the sheet,Original PDFs/w3-207-1.pdf
W3-207n,Traffic Lights (Symbolic) Operating When Lights Flashing,Warning Signs,,,no drawing found on the sheet,Original PDFs/w3-207.pdf
w4-1,Narrow Bridge (symbolic),Warning Signs,NARROW_BRIDGE_SYMBOLIC_w4-1.svg,1200x1203 mm,size from the sheet's 1200 x 1200 figure; triangulated CAD export unioned; drawn at 3 sizes on the sheet; largest kept; code also in the national AS 1743 set,Original PDFs/w4-1.pdf
W4-208n,One Lane Each Direction (Symbolic),Warning Signs,ONE_LANE_EACH_DIRECTION_SYMBOLIC_W4-208n.svg,1200x1201 mm,size from the sheet's 1200 x 1200 figure; triangulated CAD export unioned; NSW-only code,Original PDFs/w4-208n.pdf
W4-208n,One Lane Each Direction (Symbolic),Warning Signs,ONE_LANE_EACH_DIRECTION_SYMBOLIC_VAR2_W4-208n.svg,1200x1203 mm,size from the sheet's 1200 x 1200 figure; triangulated CAD export unioned; NSW-only code,Original PDFs/w4-208n.pdf
W4-208n,One Lane Each Direction (Symbolic),Warning Signs,ONE_LANE_EACH_DIRECTION_SYMBOLIC_VAR3_W4-208n.svg,1200x1199 mm,size from the sheet's 1200 x 1200 figure; triangulated CAD export unioned; NSW-only code,Original PDFs/w4-208n.pdf
W4-205n,S Lane (Symbolic),Warning Signs,S_LANE_SYMBOLIC_W4-205n.svg,1200x1801 mm,size from the sheet's 1200 x 1800 figure; triangulated CAD export unioned; NSW-only code,Original PDFs/w4-205n.pdf
W4-11,Two Way (symbolic),Warning Signs,TWO_WAY_SYMBOLIC_W4-11.svg,865x828 mm,no size found on the sheet; drawn at 1:10 — check; triangulated CAD export unioned; drawn at 2 sizes on the sheet; largest kept; code also in the national AS 1743 set,Original PDFs/w4-11.pdf
W4-11,Two Way (symbolic),Warning Signs,TWO_WAY_SYMBOLIC_VAR2_W4-11.svg,517x517 mm,no size found on the sheet; drawn at 1:10 — check; triangulated CAD export unioned; drawn at 2 sizes on the sheet; largest kept; code also in the national AS 1743 set,Original PDFs/w4-11.pdf
W4-10,Lane Allocation Two Lanes On Right (symbolic),Warning Signs,LANE_ALLOCATION_TWO_LANES_ON_RIGHT_SYMBOLIC_W4-10.svg,1200x1200 mm,size from the sheet's 1200 x 1200 figure; triangulated CAD export unioned; drawn at 3 sizes on the sheet; largest kept; code also in the national AS 1743 set,Original PDFs/w4-10.pdf
W4-209n,One And Two Lane Each Direction With Barrier (Symbolic),Warning Signs,ONE_AND_TWO_LANE_EACH_DIRECTION_WITH_BARRIER_SYMBOLIC_W4-209n.svg,1200x1202 mm,size from the sheet's 1200 x 1200 figure; triangulated CAD export unioned; drawn at 2 sizes on the sheet; largest kept; NSW-only code,Original PDFs/w4-209n.pdf
W4-209n,One And Two Lane Each Direction With Barrier (Symbolic),Warning Signs,ONE_AND_TWO_LANE_EACH_DIRECTION_WITH_BARRIER_SYMBOLIC_VAR2_W4-209n.svg,1200x1201 mm,size from the sheet's 1200 x 1200 figure; triangulated CAD export unioned; NSW-only code,Original PDFs/w4-209n.pdf
W4-212n,Two Lane Each Direction With Barrier (Symbolic),Warning Signs,TWO_LANE_EACH_DIRECTION_WITH_BARRIER_SYMBOLIC_W4-212n.svg,1157x1176 mm,no size found on the sheet; drawn at 1:10 — check; triangulated CAD export unioned; drawn at 2 sizes on the sheet; largest kept; NSW-only code,Original PDFs/w4-212n.pdf
W4-212n,Two Lane Each Direction With Barrier (Symbolic),Warning Signs,TWO_LANE_EACH_DIRECTION_WITH_BARRIER_SYMBOLIC_VAR2_W4-212n.svg,693x734 mm,no size found on the sheet; drawn at 1:10 — check; triangulated CAD export unioned; NSW-only code,Original PDFs/w4-212n.pdf
W4-3,Road Narrows (symbolic),Warning Signs,ROAD_NARROWS_SYMBOLIC_W4-3.svg,1200x1201 mm,size from the sheet's 1200 x 1200 figure; triangulated CAD export unioned; drawn at 3 sizes on the sheet; largest kept; code also in the national AS 1743 set,Original PDFs/w4-3.pdf
W4-4,Divided Road (symbolic),Warning Signs,DIVIDED_ROAD_SYMBOLIC_W4-4.svg,1200x1203 mm,size from the sheet's 1200 x 1200 figure; triangulated CAD export unioned; drawn at 3 sizes on the sheet; largest kept; code also in the national AS 1743 set,Original PDFs/w4-4.pdf
W4-211n,Clearance (_._m),Warning Signs,CLEARANCE_M_W4-211n.svg,1200x1200 mm,size from the sheet's 1200 x 1200 figure; triangulated CAD export unioned; NSW-only code,Original PDFs/w4-211n.pdf
W4-211n,Clearance (_._m),Warning Signs,CLEARANCE_M_VAR2_W4-211n.svg,1200x1201 mm,size from the sheet's 1200 x 1200 figure; triangulated CAD export unioned; drawn at 2 sizes on the sheet; largest kept; NSW-only code,Original PDFs/w4-211n.pdf
W4-9-2n(L),Left Lane Ends Merge Right (arrow right),Warning Signs,LEFT_LANE_ENDS_MERGE_RIGHT_ARROW_RIGHT_W4-9-2n(L).svg,2710x749 mm,size from the sheet's 750 x 2710 figure; NSW-only code,Original PDFs/w4-9-2n_l.pdf
W4-9-2n(R),Right Lane Ends Merge Left (arrow left),Warning Signs,RIGHT_LANE_ENDS_MERGE_LEFT_ARROW_LEFT_W4-9-2n(R).svg,2710x749 mm,size from the sheet's 750 x 2710 figure; NSW-only code,Original PDFs/w4-9-2n_r.pdf
W4-9-1n(R),Right Lane Ends,Warning Signs,RIGHT_LANE_ENDS_W4-9-1n(R).svg,2670x449 mm,size from the sheet's 450 x 2670 figure; NSW-only code,Original PDFs/w4-9-1n_r.pdf
W4-9-1n(L),Left Lane Ends,Warning Signs,LEFT_LANE_ENDS_W4-9-1n(L).svg,2670x449 mm,size from the sheet's 450 x 2670 figure; NSW-only code,Original PDFs/w4-9-1n_l.pdf
W4-6,End Divided Road (symbolic),Warning Signs,END_DIVIDED_ROAD_SYMBOLIC_W4-6.svg,1200x1201 mm,size from the sheet's 1200 x 1200 figure; triangulated CAD export unioned; drawn at 3 sizes on the sheet; largest kept; code also in the national AS 1743 set,Original PDFs/w4-6.pdf
W4-5,Traffic Island,Warning Signs,TRAFFIC_ISLAND_W4-5.svg,1200x1200 mm,size from the sheet's 1200 x 1200 figure; triangulated CAD export unioned; drawn at 3 sizes on the sheet; largest kept; code also in the national AS 1743 set,Original PDFs/w4-5.pdf
W4-9,Left Lane Ends,Warning Signs,LEFT_LANE_ENDS_W4-9.svg,1200x1201 mm,size from the sheet's 1200 x 1200 figure; triangulated CAD export unioned; drawn at 2 sizes on the sheet; largest kept; code also in the national AS 1743 set,Original PDFs/w4-9.pdf
W4-9,Left Lane Ends,Warning Signs,LEFT_LANE_ENDS_VAR2_W4-9.svg,1200x1201 mm,size from the sheet's 1200 x 1200 figure; triangulated CAD export unioned; code also in the national AS 1743 set,Original PDFs/w4-9.pdf
W4-9-3n(R),Right Lane Ends (___)m,Warning Signs,RIGHT_LANE_ENDS_M_W4-9-3n(R).svg,3650x449 mm,size from the sheet's 450 x 3650 figure; NSW-only code,Original PDFs/w4-9-3n_r.pdf
W4-9-3n(L),Left Lane Ends (___)m,Warning Signs,LEFT_LANE_ENDS_M_W4-9-3n(L).svg,3650x449 mm,size from the sheet's 450 x 3650 figure; NSW-only code,Original PDFs/w4-9-3n_l.pdf
W5-235n,Lanes Merge With Barrier (Symbolic),Warning Signs,LANES_MERGE_WITH_BARRIER_SYMBOLIC_W5-235n.svg,1200x1200 mm,size from the sheet's 1200 x 1200 figure; triangulated CAD export unioned; drawn at 2 sizes on the sheet; largest kept; NSW-only code,Original PDFs/w5-235n.pdf
W5-235n,Lanes Merge With Barrier (Symbolic),Warning Signs,LANES_MERGE_WITH_BARRIER_SYMBOLIC_VAR2_W5-235n.svg,1200x1200 mm,size from the sheet's 1200 x 1200 figure; triangulated CAD export unioned; NSW-only code,Original PDFs/w5-235n.pdf
W5-234n,Watch For Heavy Vehicles,Warning Signs,WATCH_FOR_HEAVY_VEHICLES_W5-234n.svg,900x688 mm,size from the sheet's 900 x 800 figure; drawn proportions differ from the stated size (900 x 688.31 mm drawn) — check; triangulated CAD export unioned; NSW-only code,Original PDFs/w5-234n.pdf
W5-14,Gate,Warning Signs,GATE_W5-14.svg,1200x1201 mm,size from the sheet's 1200 x 1200 figure; triangulated CAD export unioned; drawn at 3 sizes on the sheet; largest kept; code also in the national AS 1743 set,Original PDFs/w5-14.pdf
W5-235-1n,Lanes Merge (Symbolic without divider),Warning Signs,LANES_MERGE_SYMBOLIC_WITHOUT_DIVIDER_W5-235-1n.svg,1200x1200 mm,size from the sheet's 1200 x 1200 figure; triangulated CAD export unioned; drawn at 2 sizes on the sheet; largest kept; NSW-only code,Original PDFs/w5-235-1n.pdf
W5-235-1n,Lanes Merge (Symbolic without divider),Warning Signs,LANES_MERGE_SYMBOLIC_WITHOUT_DIVIDER_VAR2_W5-235-1n.svg,1200x1200 mm,size from the sheet's 1200 x 1200 figure; triangulated CAD export unioned; NSW-only code,Original PDFs/w5-235-1n.pdf
W5-237n,Ducks (Symbolic),Warning Signs,DUCKS_SYMBOLIC_W5-237n.svg,900x900 mm,size from the sheet's 900 x 900 figure; triangulated CAD export unioned; drawn at 3 sizes on the sheet; largest kept; NSW-only code,Original PDFs/w5-237n.pdf
W5-12,Steep Descent (Symbolic),Warning Signs,STEEP_DESCENT_SYMBOLIC_W5-12.svg,900x901 mm,size from the sheet's 900 x 900 figure; triangulated CAD export unioned; drawn at 2 sizes on the sheet; largest kept; code also in the national AS 1743 set,Original PDFs/w5-12.pdf
W5-12,Steep Descent (Symbolic),Warning Signs,STEEP_DESCENT_SYMBOLIC_VAR2_W5-12.svg,900x900 mm,size from the sheet's 900 x 900 figure; triangulated CAD export unioned; code also in the national AS 1743 set,Original PDFs/w5-12.pdf
W5-10,Road Hump,Warning Signs,ROAD_HUMP_W5-10.svg,1200x1200 mm,size from the sheet's 1200 x 1200 figure; triangulated CAD export unioned; drawn at 3 sizes on the sheet; largest kept; code also in the national AS 1743 set,Original PDFs/w5-10.pdf
W5-11,Crest,Warning Signs,CREST_W5-11.svg,1200x1201 mm,size from the sheet's 1200 x 1200 figure; triangulated CAD export unioned; drawn at 3 sizes on the sheet; largest kept; code also in the national AS 1743 set,Original PDFs/w5-11.pdf
W4-9n(R),Right Lane Ends,Warning Signs,RIGHT_LANE_ENDS_W4-9n(R).svg,1200x1201 mm,size from the sheet's 1200 x 1200 figure; triangulated CAD export unioned; NSW-only code,Original PDFs/w4-9n_r.pdf
W4-9n(R),Right Lane Ends,Warning Signs,RIGHT_LANE_ENDS_VAR2_W4-9n(R).svg,1200x1201 mm,size from the sheet's 1200 x 1200 figure; triangulated CAD export unioned; NSW-only code,Original PDFs/w4-9n_r.pdf
W4-9n(R),Right Lane Ends,Warning Signs,RIGHT_LANE_ENDS_VAR3_W4-9n(R).svg,1200x1201 mm,size from the sheet's 1200 x 1200 figure; triangulated CAD export unioned; NSW-only code,Original PDFs/w4-9n_r.pdf
W5-1,Ferry,Warning Signs,FERRY_W5-1.svg,1200x1203 mm,size from the sheet's 1200 x 1200 figure; triangulated CAD export unioned; drawn at 3 sizes on the sheet; largest kept; code also in the national AS 1743 set,Original PDFs/w5-1.pdf
W5-13,Steep Climb (Symbolic),Warning Signs,STEEP_CLIMB_SYMBOLIC_W5-13.svg,900x901 mm,size from the sheet's 900 x 900 figure; triangulated CAD export unioned; drawn at 2 sizes on the sheet; largest kept; code also in the national AS 1743 set,Original PDFs/w5-13.pdf
W5-13,Steep Climb (Symbolic),Warning Signs,STEEP_CLIMB_SYMBOLIC_VAR2_W5-13.svg,900x901 mm,size from the sheet's 900 x 900 figure; triangulated CAD export unioned; code also in the national AS 1743 set,Original PDFs/w5-13.pdf
w5-20,Slippery When Wet (Symbolic),Warning Signs,SLIPPERY_WHEN_WET_SYMBOLIC_w5-20.svg,1200x1201 mm,size from the sheet's 1200 x 1200 figure; triangulated CAD export unioned; drawn at 3 sizes on the sheet; largest kept; code also in the national AS 1743 set,Original PDFs/w5-20.pdf
W5-2,Opening Bridge,Warning Signs,OPENING_BRIDGE_W5-2.svg,1200x1200 mm,size from the sheet's 1200 x 1200 figure; triangulated CAD export unioned; drawn at 3 sizes on the sheet; largest kept; code also in the national AS 1743 set,Original PDFs/w5-2.pdf
W5-19,Gravel Road,Warning Signs,GRAVEL_ROAD_W5-19.svg,1200x1200 mm,size from the sheet's 1200 x 1200 figure; triangulated CAD export unioned; drawn at 3 sizes on the sheet; largest kept; code also in the national AS 1743 set,Original PDFs/w5-19.pdf
W5-18,Road Ends,Warning Signs,ROAD_ENDS_W5-18.svg,1200x1200 mm,size from the sheet's 1200 x 1200 figure; triangulated CAD export unioned; drawn at 3 sizes on the sheet; largest kept; code also in the national AS 1743 set,Original PDFs/w5-18.pdf
W5-16,Grid,Warning Signs,GRID_W5-16.svg,1200x1201 mm,size from the sheet's 1200 x 1200 figure; triangulated CAD export unioned; drawn at 3 sizes on the sheet; largest kept; code also in the national AS 1743 set,Original PDFs/w5-16.pdf
W5-22,Trucks Crossing Or Entering (Symbolic),Warning Signs,TRUCKS_CROSSING_OR_ENTERING_SYMBOLIC_W5-22.svg,1200x1200 mm,size from the sheet's 1200 x 1200 figure; triangulated CAD export unioned; drawn at 2 sizes on the sheet; largest kept; code also in the national AS 1743 set,Original PDFs/w5-22.pdf
W5-22,Trucks Crossing Or Entering (Symbolic),Warning Signs,TRUCKS_CROSSING_OR_ENTERING_SYMBOLIC_VAR2_W5-22.svg,1200x1201 mm,size from the sheet's 1200 x 1200 figure; triangulated CAD export unioned; code also in the national AS 1743 set,Original PDFs/w5-22.pdf
W5-231n,Queued Traffic (Symbolic),Warning Signs,QUEUED_TRAFFIC_SYMBOLIC_W5-231n.svg,900x901 mm,size from the sheet's 900 x 900 figure; triangulated CAD export unioned; NSW-only code,Original PDFs/w5-231n.pdf
W5-231n,Queued Traffic (Symbolic),Warning Signs,QUEUED_TRAFFIC_SYMBOLIC_VAR2_W5-231n.svg,900x900 mm,size from the sheet's 900 x 900 figure; triangulated CAD export unioned; NSW-only code,Original PDFs/w5-231n.pdf
W5-231n,Queued Traffic (Symbolic),Warning Signs,QUEUED_TRAFFIC_SYMBOLIC_VAR3_W5-231n.svg,900x901 mm,size from the sheet's 900 x 900 figure; triangulated CAD export unioned; NSW-only code,Original PDFs/w5-231n.pdf
W5-218n,Watch For Logging Trucks,Warning Signs,WATCH_FOR_LOGGING_TRUCKS_W5-218n.svg,900x900 mm,size from the sheet's 900 x 900 figure; triangulated CAD export unioned; NSW-only code,Original PDFs/w5-218n.pdf
W5-219n,Snow Plough Turning,Warning Signs,SNOW_PLOUGH_TURNING_W5-219n.svg,900x900 mm,size from the sheet's 900 x 900 figure; triangulated CAD export unioned; NSW-only code,Original PDFs/w5-219n.pdf
W5-232n,Buses Turning,Warning Signs,BUSES_TURNING_W5-232n.svg,1200x1200 mm,size from the sheet's 1200 x 1200 figure; triangulated CAD export unioned; drawn at 3 sizes on the sheet; largest kept; NSW-only code,Original PDFs/w5-232n.pdf
W5-217n,Bus Entering,Warning Signs,BUS_ENTERING_W5-217n.svg,900x901 mm,size from the sheet's 900 x 900 figure; triangulated CAD export unioned; drawn at 2 sizes on the sheet; largest kept; NSW-only code,Original PDFs/w5-217n.pdf
W5-222n,Hump,Warning Signs,HUMP_W5-222n.svg,900x901 mm,size from the sheet's 900 x 900 figure; triangulated CAD export unioned; drawn at 3 sizes on the sheet; largest kept; NSW-only code,Original PDFs/w5-222n.pdf
W1-7(L),Hairpin Bend (Left Symbolic),Warning Signs,HAIRPIN_BEND_LEFT_SYMBOLIC_W1-7(L).svg,865x828 mm,no size found on the sheet; drawn at 1:10 — check; triangulated CAD export unioned; drawn at 2 sizes on the sheet; largest kept; code also in the national AS 1743 set,Original PDFs/w1-7_l.pdf
W1-7(L),Hairpin Bend (Left Symbolic),Warning Signs,HAIRPIN_BEND_LEFT_SYMBOLIC_VAR2_W1-7(L).svg,517x517 mm,no size found on the sheet; drawn at 1:10 — check; triangulated CAD export unioned; drawn at 2 sizes on the sheet; largest kept; code also in the national AS 1743 set,Original PDFs/w1-7_l.pdf
W1-5(L),Winding Road (Left Symbolic),Warning Signs,WINDING_ROAD_LEFT_SYMBOLIC_W1-5(L).svg,863x828 mm,no size found on the sheet; drawn at 1:10 — check; triangulated CAD export unioned; drawn at 2 sizes on the sheet; largest kept; code also in the national AS 1743 set,Original PDFs/w1-5_l.pdf
W1-5(L),Winding Road (Left Symbolic),Warning Signs,WINDING_ROAD_LEFT_SYMBOLIC_VAR2_W1-5(L).svg,517x517 mm,no size found on the sheet; drawn at 1:10 — check; triangulated CAD export unioned; drawn at 2 sizes on the sheet; largest kept; code also in the national AS 1743 set,Original PDFs/w1-5_l.pdf
W1-3(R),Curve (Right Symbolic),Warning Signs,CURVE_RIGHT_SYMBOLIC_W1-3(R).svg,865x828 mm,no size found on the sheet; drawn at 1:10 — check; triangulated CAD export unioned; drawn at 2 sizes on the sheet; largest kept; code also in the national AS 1743 set,Original PDFs/w1-3_r.pdf
W1-3(R),Curve (Right Symbolic),Warning Signs,CURVE_RIGHT_SYMBOLIC_VAR2_W1-3(R).svg,518x550 mm,no size found on the sheet; drawn at 1:10 — check; triangulated CAD export unioned; drawn at 2 sizes on the sheet; largest kept; code also in the national AS 1743 set,Original PDFs/w1-3_r.pdf
W1-3(L),Curve (Left symbolic),Warning Signs,CURVE_LEFT_SYMBOLIC_W1-3(L).svg,879x893 mm,no size found on the sheet; drawn at 1:10 — check; background assumed to be a white rectangle (outline drawn as loose strokes) — check; triangulated CAD export unioned; code also in the national AS 1743 set,Original PDFs/w1-3_l.pdf
W1-3(L),Curve (Left symbolic),Warning Signs,CURVE_LEFT_SYMBOLIC_VAR2_W1-3(L).svg,742x668 mm,no size found on the sheet; drawn at 1:10 — check; background assumed to be a white rectangle (outline drawn as loose strokes) — check; triangulated CAD export unioned; code also in the national AS 1743 set,Original PDFs/w1-3_l.pdf
W1-3(L),Curve (Left symbolic),Warning Signs,CURVE_LEFT_SYMBOLIC_VAR3_W1-3(L).svg,672x608 mm,no size found on the sheet; drawn at 1:10 — check; background assumed to be a white rectangle (outline drawn as loose strokes) — check; triangulated CAD export unioned; drawn at 2 sizes on the sheet; largest kept; code also in the national AS 1743 set,Original PDFs/w1-3_l.pdf
W2-11(L),Successive Side Road Intersections on a Curve (Left Symbolic),Warning Signs,SUCCESSIVE_SIDE_ROAD_INTERSECTIONS_ON_A_CURVE_LEFT_SYMBOLIC_W2-11(L).svg,864x827 mm,no size found on the sheet; drawn at 1:10 — check; triangulated CAD export unioned; drawn at 2 sizes on the sheet; largest kept; code also in the national AS 1743 set,Original PDFs/w2-11_l.pdf
W2-11(L),Successive Side Road Intersections on a Curve (Left Symbolic),Warning Signs,SUCCESSIVE_SIDE_ROAD_INTERSECTIONS_ON_A_CURVE_LEFT_SYMBOLIC_VAR2_W2-11(L).svg,517x517 mm,no size found on the sheet; drawn at 1:10 — check; triangulated CAD export unioned; drawn at 2 sizes on the sheet; largest kept; code also in the national AS 1743 set,Original PDFs/w2-11_l.pdf
W2-10(R),Side Road Intersection On a Curve - Inside (Right Symbolic),Warning Signs,SIDE_ROAD_INTERSECTION_ON_A_CURVE_INSIDE_RIGHT_SYMBOLIC_W2-10(R).svg,945x880 mm,no size found on the sheet; drawn at 1:10 — check; background assumed to be a white rectangle (outline drawn as loose strokes) — check; triangulated CAD export unioned; code also in the national AS 1743 set,Original PDFs/w2-10_r.pdf
W2-10(R),Side Road Intersection On a Curve - Inside (Right Symbolic),Warning Signs,SIDE_ROAD_INTERSECTION_ON_A_CURVE_INSIDE_RIGHT_SYMBOLIC_VAR2_W2-10(R).svg,714x721 mm,no size found on the sheet; drawn at 1:10 — check; background assumed to be a white rectangle (outline drawn as loose strokes) — check; triangulated CAD export unioned; code also in the national AS 1743 set,Original PDFs/w2-10_r.pdf
W2-10(R),Side Road Intersection On a Curve - Inside (Right Symbolic),Warning Signs,SIDE_ROAD_INTERSECTION_ON_A_CURVE_INSIDE_RIGHT_SYMBOLIC_VAR3_W2-10(R).svg,649x706 mm,no size found on the sheet; drawn at 1:10 — check; background assumed to be a white rectangle (outline drawn as loose strokes) — check; triangulated CAD export unioned; code also in the national AS 1743 set,Original PDFs/w2-10_r.pdf
W2-10(R),Side Road Intersection On a Curve - Inside (Right Symbolic),Warning Signs,SIDE_ROAD_INTERSECTION_ON_A_CURVE_INSIDE_RIGHT_SYMBOLIC_VAR4_W2-10(R).svg,521x565 mm,no size found on the sheet; drawn at 1:10 — check; background assumed to be a white rectangle (outline drawn as loose strokes) — check; triangulated CAD export unioned; code also in the national AS 1743 set,Original PDFs/w2-10_r.pdf
W2-10(L),Side Road Intersection on a Curve - Inside (Left Symbolic),Warning Signs,SIDE_ROAD_INTERSECTION_ON_A_CURVE_INSIDE_LEFT_SYMBOLIC_W2-10(L).svg,864x828 mm,no size found on the sheet; drawn at 1:10 — check; triangulated CAD export unioned; drawn at 2 sizes on the sheet; largest kept; code also in the national AS 1743 set,Original PDFs/w2-10_l.pdf
W2-10(L),Side Road Intersection on a Curve - Inside (Left Symbolic),Warning Signs,SIDE_ROAD_INTERSECTION_ON_A_CURVE_INSIDE_LEFT_SYMBOLIC_VAR2_W2-10(L).svg,517x517 mm,no size found on the sheet; drawn at 1:10 — check; triangulated CAD export unioned; drawn at 2 sizes on the sheet; largest kept; code also in the national AS 1743 set,Original PDFs/w2-10_l.pdf
W2-1,Cross Road (symbolic),Warning Signs,CROSS_ROAD_SYMBOLIC_W2-1.svg,865x828 mm,no size found on the sheet; drawn at 1:10 — check; triangulated CAD export unioned; drawn at 2 sizes on the sheet; largest kept; code also in the national AS 1743 set,Original PDFs/w2-1.pdf
W2-1,Cross Road (symbolic),Warning Signs,CROSS_ROAD_SYMBOLIC_VAR2_W2-1.svg,517x517 mm,no size found on the sheet; drawn at 1:10 — check; triangulated CAD export unioned; code also in the national AS 1743 set,Original PDFs/w2-1.pdf
W2-1,Cross Road (symbolic),Warning Signs,CROSS_ROAD_SYMBOLIC_VAR3_W2-1.svg,414x414 mm,no size found on the sheet; drawn at 1:10 — check; triangulated CAD export unioned; code also in the national AS 1743 set,Original PDFs/w2-1.pdf
W2-12(L),Successive Side Road Intersections on a Curve (Left Symbolic),Warning Signs,SUCCESSIVE_SIDE_ROAD_INTERSECTIONS_ON_A_CURVE_LEFT_SYMBOLIC_W2-12(L).svg,864x828 mm,no size found on the sheet; drawn at 1:10 — check; triangulated CAD export unioned; drawn at 2 sizes on the sheet; largest kept; code also in the national AS 1743 set,Original PDFs/w2-12_l.pdf
W2-12(L),Successive Side Road Intersections on a Curve (Left Symbolic),Warning Signs,SUCCESSIVE_SIDE_ROAD_INTERSECTIONS_ON_A_CURVE_LEFT_SYMBOLIC_VAR2_W2-12(L).svg,517x517 mm,no size found on the sheet; drawn at 1:10 — check; triangulated CAD export unioned; drawn at 2 sizes on the sheet; largest kept; code also in the national AS 1743 set,Original PDFs/w2-12_l.pdf
W2-12(R),Successive Side Road Intersections on a Curve (Right Symbolic),Warning Signs,SUCCESSIVE_SIDE_ROAD_INTERSECTIONS_ON_A_CURVE_RIGHT_SYMBOLIC_W2-12(R).svg,945x879 mm,no size found on the sheet; drawn at 1:10 — check; background assumed to be a white rectangle (outline drawn as loose strokes) — check; triangulated CAD export unioned; code also in the national AS 1743 set,Original PDFs/w2-12_r.pdf
W2-12(R),Successive Side Road Intersections on a Curve (Right Symbolic),Warning Signs,SUCCESSIVE_SIDE_ROAD_INTERSECTIONS_ON_A_CURVE_RIGHT_SYMBOLIC_VAR2_W2-12(R).svg,779x721 mm,no size found on the sheet; drawn at 1:10 — check; background assumed to be a white rectangle (outline drawn as loose strokes) — check; triangulated CAD export unioned; code also in the national AS 1743 set,Original PDFs/w2-12_r.pdf
W2-12(R),Successive Side Road Intersections on a Curve (Right Symbolic),Warning Signs,SUCCESSIVE_SIDE_ROAD_INTERSECTIONS_ON_A_CURVE_RIGHT_SYMBOLIC_VAR3_W2-12(R).svg,649x706 mm,no size found on the sheet; drawn at 1:10 — check; background assumed to be a white rectangle (outline drawn as loose strokes) — check; triangulated CAD export unioned; drawn at 2 sizes on the sheet; largest kept; code also in the national AS 1743 set,Original PDFs/w2-12_r.pdf
W2-11(R),Successive Side Road Intersections on a Curve (Right Symbolic),Warning Signs,SUCCESSIVE_SIDE_ROAD_INTERSECTIONS_ON_A_CURVE_RIGHT_SYMBOLIC_W2-11(R).svg,944x879 mm,no size found on the sheet; drawn at 1:10 — check; background assumed to be a white rectangle (outline drawn as loose strokes) — check; triangulated CAD export unioned; code also in the national AS 1743 set,Original PDFs/w2-11_r.pdf
W2-11(R),Successive Side Road Intersections on a Curve (Right Symbolic),Warning Signs,SUCCESSIVE_SIDE_ROAD_INTERSECTIONS_ON_A_CURVE_RIGHT_SYMBOLIC_VAR2_W2-11(R).svg,780x720 mm,no size found on the sheet; drawn at 1:10 — check; background assumed to be a white rectangle (outline drawn as loose strokes) — check; triangulated CAD export unioned; code also in the national AS 1743 set,Original PDFs/w2-11_r.pdf
W2-11(R),Successive Side Road Intersections on a Curve (Right Symbolic),Warning Signs,SUCCESSIVE_SIDE_ROAD_INTERSECTIONS_ON_A_CURVE_RIGHT_SYMBOLIC_VAR3_W2-11(R).svg,649x706 mm,no size found on the sheet; drawn at 1:10 — check; background assumed to be a white rectangle (outline drawn as loose strokes) — check; triangulated CAD export unioned; code also in the national AS 1743 set,Original PDFs/w2-11_r.pdf
W2-11(R),Successive Side Road Intersections on a Curve (Right Symbolic),Warning Signs,SUCCESSIVE_SIDE_ROAD_INTERSECTIONS_ON_A_CURVE_RIGHT_SYMBOLIC_VAR4_W2-11(R).svg,521x565 mm,no size found on the sheet; drawn at 1:10 — check; background assumed to be a white rectangle (outline drawn as loose strokes) — check; triangulated CAD export unioned; code also in the national AS 1743 set,Original PDFs/w2-11_r.pdf
W2-13(L),Successive Side Road Intersections on a Straight (Left Symbolic),Warning Signs,SUCCESSIVE_SIDE_ROAD_INTERSECTIONS_ON_A_STRAIGHT_LEFT_SYMBOLIC_W2-13(L).svg,865x878 mm,no size found on the sheet; drawn at 1:10 — check; triangulated CAD export unioned; drawn at 2 sizes on the sheet; largest kept; code also in the national AS 1743 set,Original PDFs/w2-13_l.pdf
W2-13(L),Successive Side Road Intersections on a Straight (Left Symbolic),Warning Signs,SUCCESSIVE_SIDE_ROAD_INTERSECTIONS_ON_A_STRAIGHT_LEFT_SYMBOLIC_VAR2_W2-13(L).svg,517x548 mm,no size found on the sheet; drawn at 1:10 — check; triangulated CAD export unioned; drawn at 2 sizes on the sheet; largest kept; code also in the national AS 1743 set,Original PDFs/w2-13_l.pdf
W2-13(R),Successive Side Road Intersections on a Straight (Right Symbolic),Warning Signs,SUCCESSIVE_SIDE_ROAD_INTERSECTIONS_ON_A_STRAIGHT_RIGHT_SYMBOLIC_W2-13(R).svg,879x890 mm,no size found on the sheet; drawn at 1:10 — check; background assumed to be a white rectangle (outline drawn as loose strokes) — check; triangulated CAD export unioned; code also in the national AS 1743 set,Original PDFs/w2-13_r.pdf
W2-13(R),Successive Side Road Intersections on a Straight (Right Symbolic),Warning Signs,SUCCESSIVE_SIDE_ROAD_INTERSECTIONS_ON_A_STRAIGHT_RIGHT_SYMBOLIC_VAR2_W2-13(R).svg,728x666 mm,no size found on the sheet; drawn at 1:10 — check; background assumed to be a white rectangle (outline drawn as loose strokes) — check; triangulated CAD export unioned; drawn at 3 sizes on the sheet; largest kept; code also in the national AS 1743 set,Original PDFs/w2-13_r.pdf
W2-14(L,"T-Intersection, beyond a curve (Left Symbolic)",Warning Signs,T_INTERSECTION_BEYOND_A_CURVE_LEFT_SYMBOLIC_W2-14(L.svg,997x897 mm,no size found on the sheet; drawn at 1:10 — check; background assumed to be a white rectangle (outline drawn as loose strokes) — check; triangulated CAD export unioned; NSW-only code,Original PDFs/w2-14_l.pdf
W2-14(L,"T-Intersection, beyond a curve (Left Symbolic)",Warning Signs,T_INTERSECTION_BEYOND_A_CURVE_LEFT_SYMBOLIC_VAR2_W2-14(L.svg,790x671 mm,no size found on the sheet; drawn at 1:10 — check; background assumed to be a white rectangle (outline drawn as loose strokes) — check; triangulated CAD export unioned; drawn at 2 sizes on the sheet; largest kept; NSW-only code,Original PDFs/w2-14_l.pdf
W2-14(L,"T-Intersection, beyond a curve (Left Symbolic)",Warning Signs,T_INTERSECTION_BEYOND_A_CURVE_LEFT_SYMBOLIC_VAR3_W2-14(L.svg,530x549 mm,no size found on the sheet; drawn at 1:10 — check; background assumed to be a white rectangle (outline drawn as loose strokes) — check; triangulated CAD export unioned; NSW-only code,Original PDFs/w2-14_l.pdf
W2-14(R),T-Intersection beyond a Curve (Right Symbolic),Warning Signs,T_INTERSECTION_BEYOND_A_CURVE_RIGHT_SYMBOLIC_W2-14(R).svg,908x826 mm,no size found on the sheet; drawn at 1:10 — check; triangulated CAD export unioned; code also in the national AS 1743 set,Original PDFs/w2-14_r.pdf
W2-14(R),T-Intersection beyond a Curve (Right Symbolic),Warning Signs,T_INTERSECTION_BEYOND_A_CURVE_RIGHT_SYMBOLIC_VAR2_W2-14(R).svg,679x619 mm,no size found on the sheet; drawn at 1:10 — check; triangulated CAD export unioned; code also in the national AS 1743 set,Original PDFs/w2-14_r.pdf
W2-14(R),T-Intersection beyond a Curve (Right Symbolic),Warning Signs,T_INTERSECTION_BEYOND_A_CURVE_RIGHT_SYMBOLIC_VAR3_W2-14(R).svg,542x516 mm,no size found on the sheet; drawn at 1:10 — check; triangulated CAD export unioned; code also in the national AS 1743 set,Original PDFs/w2-14_r.pdf
W2-14(R),T-Intersection beyond a Curve (Right Symbolic),Warning Signs,T_INTERSECTION_BEYOND_A_CURVE_RIGHT_SYMBOLIC_VAR4_W2-14(R).svg,433x413 mm,no size found on the sheet; drawn at 1:10 — check; triangulated CAD export unioned; code also in the national AS 1743 set,Original PDFs/w2-14_r.pdf
W2-15(R),Cross Road On a Curve (Right Symbolic),Warning Signs,CROSS_ROAD_ON_A_CURVE_RIGHT_SYMBOLIC_W2-15(R).svg,944x878 mm,no size found on the sheet; drawn at 1:10 — check; background assumed to be a white rectangle (outline drawn as loose strokes) — check; triangulated CAD export unioned; code also in the national AS 1743 set,Original PDFs/w2-15_r.pdf
W2-15(R),Cross Road On a Curve (Right Symbolic),Warning Signs,CROSS_ROAD_ON_A_CURVE_RIGHT_SYMBOLIC_VAR2_W2-15(R).svg,712x719 mm,no size found on the sheet; drawn at 1:10 — check; background assumed to be a white rectangle (outline drawn as loose strokes) — check; triangulated CAD export unioned; code also in the national AS 1743 set,Original PDFs/w2-15_r.pdf
W2-15(R),Cross Road On a Curve (Right Symbolic),Warning Signs,CROSS_ROAD_ON_A_CURVE_RIGHT_SYMBOLIC_VAR3_W2-15(R).svg,648x705 mm,no size found on the sheet; drawn at 1:10 — check; background assumed to be a white rectangle (outline drawn as loose strokes) — check; triangulated CAD export unioned; code also in the national AS 1743 set,Original PDFs/w2-15_r.pdf
W2-15(R),Cross Road On a Curve (Right Symbolic),Warning Signs,CROSS_ROAD_ON_A_CURVE_RIGHT_SYMBOLIC_VAR4_W2-15(R).svg,520x564 mm,no size found on the sheet; drawn at 1:10 — check; background assumed to be a white rectangle (outline drawn as loose strokes) — check; triangulated CAD export unioned; code also in the national AS 1743 set,Original PDFs/w2-15_r.pdf
W2-15(L),Cross Road On a Curve (Left Symbolic),Warning Signs,CROSS_ROAD_ON_A_CURVE_LEFT_SYMBOLIC_W2-15(L).svg,863x826 mm,no size found on the sheet; drawn at 1:10 — check; triangulated CAD export unioned; drawn at 2 sizes on the sheet; largest kept; code also in the national AS 1743 set,Original PDFs/w2-15_l.pdf
W2-15(L),Cross Road On a Curve (Left Symbolic),Warning Signs,CROSS_ROAD_ON_A_CURVE_LEFT_SYMBOLIC_VAR2_W2-15(L).svg,516x516 mm,no size found on the sheet; drawn at 1:10 — check; triangulated CAD export unioned; drawn at 2 sizes on the sheet; largest kept; code also in the national AS 1743 set,Original PDFs/w2-15_l.pdf
W2-16(L),Side Road Intersection on a Curve (side road on straight alignment ) (Left Symbolic),Warning Signs,SIDE_ROAD_INTERSECTION_ON_A_CURVE_SIDE_ROAD_ON_STRAIGHT_ALIGNMENT_LEFT_SYMBOLIC_W2-16(L).svg,864x826 mm,no size found on the sheet; drawn at 1:10 — check; triangulated CAD export unioned; drawn at 2 sizes on the sheet; largest kept; code also in the national AS 1743 set,Original PDFs/w2-16_l.pdf
W2-16(L),Side Road Intersection on a Curve (side road on straight alignment ) (Left Symbolic),Warning Signs,SIDE_ROAD_INTERSECTION_ON_A_CURVE_SIDE_ROAD_ON_STRAIGHT_ALIGNMENT_LEFT_SYMBOLIC_VAR2_W2-16(L).svg,516x516 mm,no size found on the sheet; drawn at 1:10 — check; triangulated CAD export unioned; drawn at 2 sizes on the sheet; largest kept; code also in the national AS 1743 set,Original PDFs/w2-16_l.pdf
W2-16(R),Side Road Intersection on a Curve (side road on straight alignment) (Right Symbolic),Warning Signs,SIDE_ROAD_INTERSECTION_ON_A_CURVE_SIDE_ROAD_ON_STRAIGHT_ALIGNMENT_RIGHT_SYMBOLIC_W2-16(R).svg,944x878 mm,no size found on the sheet; drawn at 1:10 — check; background assumed to be a white rectangle (outline drawn as loose strokes) — check; triangulated CAD export unioned; code also in the national AS 1743 set,Original PDFs/w2-16_r.pdf
W2-16(R),Side Road Intersection on a Curve (side road on straight alignment) (Right Symbolic),Warning Signs,SIDE_ROAD_INTERSECTION_ON_A_CURVE_SIDE_ROAD_ON_STRAIGHT_ALIGNMENT_RIGHT_SYMBOLIC_VAR2_W2-16(R).svg,779x719 mm,no size found on the sheet; drawn at 1:10 — check; background assumed to be a white rectangle (outline drawn as loose strokes) — check; triangulated CAD export unioned; code also in the national AS 1743 set,Original PDFs/w2-16_r.pdf
W2-16(R),Side Road Intersection on a Curve (side road on straight alignment) (Right Symbolic),Warning Signs,SIDE_ROAD_INTERSECTION_ON_A_CURVE_SIDE_ROAD_ON_STRAIGHT_ALIGNMENT_RIGHT_SYMBOLIC_VAR3_W2-16(R).svg,648x705 mm,no size found on the sheet; drawn at 1:10 — check; background assumed to be a white rectangle (outline drawn as loose strokes) — check; triangulated CAD export unioned; code also in the national AS 1743 set,Original PDFs/w2-16_r.pdf
W2-16(R),Side Road Intersection on a Curve (side road on straight alignment) (Right Symbolic),Warning Signs,SIDE_ROAD_INTERSECTION_ON_A_CURVE_SIDE_ROAD_ON_STRAIGHT_ALIGNMENT_RIGHT_SYMBOLIC_VAR4_W2-16(R).svg,520x564 mm,no size found on the sheet; drawn at 1:10 — check; background assumed to be a white rectangle (outline drawn as loose strokes) — check; triangulated CAD export unioned; code also in the national AS 1743 set,Original PDFs/w2-16_r.pdf
W6-204n,School Bus (Symbolic Front View),Warning Signs,SCHOOL_BUS_SYMBOLIC_FRONT_VIEW_W6-204n.svg,899x878 mm,no size found on the sheet; drawn at 1:10 — check; triangulated CAD export unioned; NSW-only code,Original PDFs/w6-204n.pdf
W6-204n,School Bus (Symbolic Front View),Warning Signs,SCHOOL_BUS_SYMBOLIC_FRONT_VIEW_VAR2_W6-204n.svg,840x730 mm,no size found on the sheet; drawn at 1:10 — check; background assumed to be a white rectangle (outline drawn as loose strokes) — check; triangulated CAD export unioned; NSW-only code,Original PDFs/w6-204n.pdf
W6-204n,School Bus (Symbolic Front View),Warning Signs,SCHOOL_BUS_SYMBOLIC_FRONT_VIEW_VAR3_W6-204n.svg,717x578 mm,no size found on the sheet; drawn at 1:10 — check; background assumed to be a white rectangle (outline drawn as loose strokes) — check; triangulated CAD export unioned; NSW-only code,Original PDFs/w6-204n.pdf
W6-209n,School Bus (Symbolic Rear View),Warning Signs,SCHOOL_BUS_SYMBOLIC_REAR_VIEW_W6-209n.svg,1022x881 mm,no size found on the sheet; drawn at 1:10 — check; background assumed to be a white rectangle (outline drawn as loose strokes) — check; triangulated CAD export unioned; NSW-only code,Original PDFs/w6-209n.pdf
W6-209n,School Bus (Symbolic Rear View),Warning Signs,SCHOOL_BUS_SYMBOLIC_REAR_VIEW_VAR2_W6-209n.svg,908x731 mm,no size found on the sheet; drawn at 1:10 — check; background assumed to be a white rectangle (outline drawn as loose strokes) — check; triangulated CAD export unioned; NSW-only code,Original PDFs/w6-209n.pdf
W6-209n,School Bus (Symbolic Rear View),Warning Signs,SCHOOL_BUS_SYMBOLIC_REAR_VIEW_VAR3_W6-209n.svg,718x578 mm,no size found on the sheet; drawn at 1:10 — check; background assumed to be a white rectangle (outline drawn as loose strokes) — check; triangulated CAD export unioned; NSW-only code,Original PDFs/w6-209n.pdf
W6-12,Hill Descent Bicycles (Symbolic),Warning Signs,HILL_DESCENT_BICYCLES_SYMBOLIC_W6-12.svg,600x600 mm,size from the sheet's 600 x 600 figure; triangulated CAD export unioned; code also in the national AS 1743 set,Original PDFs/w6-12.pdf
W6-12,Hill Descent Bicycles (Symbolic),Warning Signs,HILL_DESCENT_BICYCLES_SYMBOLIC_VAR2_W6-12.svg,600x601 mm,size from the sheet's 600 x 600 figure; triangulated CAD export unioned; code also in the national AS 1743 set,Original PDFs/w6-12.pdf
W6-11,Slippery For Bicycles (Symbolic),Warning Signs,SLIPPERY_FOR_BICYCLES_SYMBOLIC_W6-11.svg,600x599 mm,size from the sheet's 600 x 600 figure; triangulated CAD export unioned; code also in the national AS 1743 set,Original PDFs/w6-11.pdf
W6-11,Slippery For Bicycles (Symbolic),Warning Signs,SLIPPERY_FOR_BICYCLES_SYMBOLIC_VAR2_W6-11.svg,600x601 mm,size from the sheet's 600 x 600 figure; triangulated CAD export unioned; code also in the national AS 1743 set,Original PDFs/w6-11.pdf
W6-13,Hill Climb Bicycles (Symbolic),Warning Signs,HILL_CLIMB_BICYCLES_SYMBOLIC_W6-13.svg,600x600 mm,size from the sheet's 600 x 600 figure; triangulated CAD export unioned; code also in the national AS 1743 set,Original PDFs/w6-13.pdf
W6-13,Hill Climb Bicycles (Symbolic),Warning Signs,HILL_CLIMB_BICYCLES_SYMBOLIC_VAR2_W6-13.svg,600x601 mm,size from the sheet's 600 x 600 figure; triangulated CAD export unioned; code also in the national AS 1743 set,Original PDFs/w6-13.pdf
W6-213n,Beware Cyclists (Symbolic),Warning Signs,BEWARE_CYCLISTS_SYMBOLIC_W6-213n.svg,1000x600 mm,size from the sheet's 1000 x 600 figure; triangulated CAD export unioned; NSW-only code,Original PDFs/w6-213n.pdf
W5-9,Dip,Warning Signs,DIP_W5-9.svg,1200x1201 mm,size from the sheet's 1200 x 1200 figure; triangulated CAD export unioned; drawn at 3 sizes on the sheet; largest kept; code also in the national AS 1743 set,Original PDFs/w5-9.pdf
W7-12-1n(L),Railway Crossing Ahead Diagrammatic - Oblique Crossing On T Junction (L illustrated),Warning Signs,RAILWAY_CROSSING_AHEAD_DIAGRAMMATIC_OBLIQUE_CROSSING_ON_T_JUNCTION_L_ILLUSTRATED_W7-12-1n(L).svg,900x901 mm,size from the sheet's 900 x 900 figure; triangulated CAD export unioned; drawn at 3 sizes on the sheet; largest kept; NSW-only code,Original PDFs/w7-12-1n_l.pdf
W7-12(R),Railway Crossing Ahead Diagrammatic - Crossing On Side Road (R illustrated),Warning Signs,RAILWAY_CROSSING_AHEAD_DIAGRAMMATIC_CROSSING_ON_SIDE_ROAD_R_ILLUSTRATED_W7-12(R).svg,1200x1203 mm,size from the sheet's 1200 x 1200 figure; triangulated CAD export unioned; drawn at 3 sizes on the sheet; largest kept; code also in the national AS 1743 set,Original PDFs/w7-12_r.pdf
W7-12(L),Railway Crossing Ahead Diagrammatic - Crossing On Side Road (L illustrated),Warning Signs,RAILWAY_CROSSING_AHEAD_DIAGRAMMATIC_CROSSING_ON_SIDE_ROAD_L_ILLUSTRATED_W7-12(L).svg,1200x1201 mm,size from the sheet's 1200 x 1200 figure; triangulated CAD export unioned; code also in the national AS 1743 set,Original PDFs/w7-12_l.pdf
W7-12(L),Railway Crossing Ahead Diagrammatic - Crossing On Side Road (L illustrated),Warning Signs,RAILWAY_CROSSING_AHEAD_DIAGRAMMATIC_CROSSING_ON_SIDE_ROAD_L_ILLUSTRATED_VAR2_W7-12(L).svg,1200x1201 mm,size from the sheet's 1200 x 1200 figure; triangulated CAD export unioned; drawn at 2 sizes on the sheet; largest kept; code also in the national AS 1743 set,Original PDFs/w7-12_l.pdf
W6-214n,Share The Road (Symbolic) Cyclist & Vehicle,Warning Signs,SHARE_THE_ROAD_SYMBOLIC_CYCLIST_VEHICLE_W6-214n.svg,900x900 mm,size from the sheet's 900 x 900 figure; triangulated CAD export unioned; drawn at 3 sizes on the sheet; largest kept; NSW-only code,Original PDFs/w6-214n.pdf
W6-3,Children Crossing (symbolic),Warning Signs,CHILDREN_CROSSING_SYMBOLIC_W6-3.svg,1200x1203 mm,size from the sheet's 1200 x 1200 figure; triangulated CAD export unioned; drawn at 3 sizes on the sheet; largest kept; code also in the national AS 1743 set,Original PDFs/w6-3.pdf
R7-8-4n,Buses Only Lane (AM & PM),Regulatory Signs,BUSES_ONLY_LANE_AM_PM_R7-8-4n.svg,741x1411 mm,no size found on the sheet; drawn at 1:10 — check; triangulated CAD export unioned; NSW-only code,Original PDFs/r7-8-4n.pdf
R7-8-4n,Buses Only Lane (AM & PM),Regulatory Signs,BUSES_ONLY_LANE_AM_PM_VAR2_R7-8-4n.svg,575x495 mm,no size found on the sheet; drawn at 1:10 — check; background assumed to be a white rectangle (outline drawn as loose strokes) — check; NSW-only code,Original PDFs/r7-8-4n.pdf
R7-8-6n,Buses Only Lane 24(hrs),Regulatory Signs,BUSES_ONLY_LANE_24_HRS_R7-8-6n.svg,741x1238 mm,no size found on the sheet; drawn at 1:10 — check; triangulated CAD export unioned; NSW-only code,Original PDFs/r7-8-6n.pdf
R7-8-5n,Buses Only Lane Ahead,Regulatory Signs,BUSES_ONLY_LANE_AHEAD_R7-8-5n.svg,741x1238 mm,no size found on the sheet; drawn at 1:10 — check; triangulated CAD export unioned; NSW-only code,Original PDFs/r7-8-5n.pdf
R7-8-7n,End Buses Only Lane,Regulatory Signs,END_BUSES_ONLY_LANE_R7-8-7n.svg,741x1238 mm,no size found on the sheet; drawn at 1:10 — check; triangulated CAD export unioned; NSW-only code,Original PDFs/r7-8-7n.pdf
R7-9-1,End T2 Transit Lane,Regulatory Signs,END_T2_TRANSIT_LANE_R7-9-1.svg,945x824 mm,no size found on the sheet; drawn at 1:10 — check; triangulated CAD export unioned; code also in the national AS 1743 set,Original PDFs/r7-9-1.pdf
R7-9-1,End T2 Transit Lane,Regulatory Signs,END_T2_TRANSIT_LANE_VAR2_R7-9-1.svg,868x812 mm,no size found on the sheet; drawn at 1:10 — check; triangulated CAD export unioned; code also in the national AS 1743 set,Original PDFs/r7-9-1.pdf
R7-9-1,End T2 Transit Lane,Regulatory Signs,END_T2_TRANSIT_LANE_VAR3_R7-9-1.svg,635x682 mm,no size found on the sheet; drawn at 1:10 — check; triangulated CAD export unioned; code also in the national AS 1743 set,Original PDFs/r7-9-1.pdf
R7-9-2,End T3 Transit Lane,Regulatory Signs,END_T3_TRANSIT_LANE_R7-9-2.svg,945x824 mm,no size found on the sheet; drawn at 1:10 — check; triangulated CAD export unioned; code also in the national AS 1743 set,Original PDFs/r7-9-2.pdf
R7-9-2,End T3 Transit Lane,Regulatory Signs,END_T3_TRANSIT_LANE_VAR2_R7-9-2.svg,868x812 mm,no size found on the sheet; drawn at 1:10 — check; triangulated CAD export unioned; code also in the national AS 1743 set,Original PDFs/r7-9-2.pdf
R7-9-2,End T3 Transit Lane,Regulatory Signs,END_T3_TRANSIT_LANE_VAR3_R7-9-2.svg,635x682 mm,no size found on the sheet; drawn at 1:10 — check; triangulated CAD export unioned; code also in the national AS 1743 set,Original PDFs/r7-9-2.pdf
R8-1,Bicycle Path ONLY,Regulatory Signs,,,no drawing found on the sheet,Original PDFs/r8-1.pdf
R8-2,Shared Path,Regulatory Signs,,,no drawing found on the sheet,Original PDFs/r8-2.pdf
TM8-2(L)(B),Pedestrians (Left Arrow) (Mms Insert - To Be used on Multi Message Sign panels Only),Temporary Signs,,,no drawing found on the sheet,Original PDFs/tm8-2l_b.pdf
R9-1-1,Times Of Operation (Single Period) (Am illustrated),Regulatory Signs,TIMES_OF_OPERATION_SINGLE_PERIOD_AM_ILLUSTRATED_R9-1-1.svg,726x675 mm,no size found on the sheet; drawn at 1:10 — check; background assumed to be a white rectangle (outline drawn as loose strokes) — check; triangulated CAD export unioned; code also in the national AS 1743 set,Original PDFs/r9-1-1.pdf
R9-1-1,Times Of Operation (Single Period) (Am illustrated),Regulatory Signs,TIMES_OF_OPERATION_SINGLE_PERIOD_AM_ILLUSTRATED_VAR2_R9-1-1.svg,794x523 mm,no size found on the sheet; drawn at 1:10 — check; background assumed to be a white rectangle (outline drawn as loose strokes) — check; triangulated CAD export unioned; code also in the national AS 1743 set,Original PDFs/r9-1-1.pdf
T8-5,Look Both Ways (Arrow Left & Right) Two Way Traffic,Temporary Signs,LOOK_BOTH_WAYS_ARROW_LEFT_RIGHT_TWO_WAY_TRAFFIC_T8-5.svg,914x610 mm,no size found on the sheet; drawn at 1:10 — check; triangulated CAD export unioned; code also in the national AS 1743 set,Original PDFs/t8-5.pdf
TM1-10(A),Traffic Hazard (MMS Insert - To Be used on Multi Message Sign Panels Only),Temporary Signs,TRAFFIC_HAZARD_MMS_INSERT_TO_BE_USED_ON_MULTI_MESSAGE_SIGN_PANELS_ONLY_TM1-10(A).svg,600x600 mm,size from the sheet's 600 x 600 figure; NSW-only code,Original PDFs/tm1-10_a.pdf
TM1-1(B),Road Work Ahead (MMS Insert - To Be used on Multi Message Sign Panels Only),Temporary Signs,,,no drawing found on the sheet,Original PDFs/tm1-1_b.pdf
TM1-1(A),Road Work Ahead (MMS Insert - To Be used on Multi Message Sign Panels Only),Temporary Signs,ROAD_WORK_AHEAD_MMS_INSERT_TO_BE_USED_ON_MULTI_MESSAGE_SIGN_PANELS_ONLY_TM1-1(A).svg,600x600 mm,size from the sheet's 600 x 600 figure; NSW-only code,Original PDFs/tm1-1_a.pdf
TM1-1(C),Road Work Ahead (MMS Insert - To Be used on Multi Message Sign Panels Only,Temporary Signs,,,no drawing found on the sheet,Original PDFs/tm1-1_c.pdf
TM1-10(C),Traffic Hazard (MMS Insert - To Be used on Multi Message Sign Panels Only),Temporary Signs,,,no drawing found on the sheet,Original PDFs/tm1-10_c.pdf
TM1-18(A),Prepare To Stop (MMS Insert - To Be used on Multi Message Sign Panels Only),Temporary Signs,PREPARE_TO_STOP_MMS_INSERT_TO_BE_USED_ON_MULTI_MESSAGE_SIGN_PANELS_ONLY_TM1-18(A).svg,600x600 mm,size from the sheet's 600 x 600 figure; NSW-only code,Original PDFs/tm1-18_a.pdf
TM1-100n(B),Blank Plate (MMS Insert - To Be used on Multi Message Sign Panels Only),Temporary Signs,,,no drawing found on the sheet,Original PDFs/tm1-100n_b.pdf
TM1-100n(D),Blank Plate (MMS Insert - To Be used on Multi Message Sign Panels Only),Temporary Signs,BLANK_PLATE_MMS_INSERT_TO_BE_USED_ON_MULTI_MESSAGE_SIGN_PANELS_ONLY_TM1-100n(D).svg,600x888 mm,size from the sheet's 900 x 600 figure; NSW-only code,Original PDFs/tm1-100n_d.pdf
TM1-100n(A),Blank Plate (MMS Insert - To Be used on Multi Message Sign Panels Only),Temporary Signs,BLANK_PLATE_MMS_INSERT_TO_BE_USED_ON_MULTI_MESSAGE_SIGN_PANELS_ONLY_TM1-100n(A).svg,600x600 mm,size from the sheet's 600 x 600 figure; NSW-only code,Original PDFs/tm1-100n_a.pdf
R8-3,Separated Footway (pedestrian on left or right),Regulatory Signs,,,no drawing found on the sheet,Original PDFs/r8-3.pdf
TM1-10n(D),Traffic Hazard (MMS Insert - To Be used on Multi Message Sign Panels Only),Temporary Signs,TRAFFIC_HAZARD_MMS_INSERT_TO_BE_USED_ON_MULTI_MESSAGE_SIGN_PANELS_ONLY_TM1-10n(D).svg,600x888 mm,size from the sheet's 900 x 600 figure; NSW-only code,Original PDFs/tm1-10_d.pdf
TM1-1n(D),Road Work Ahead (Mms Insert - To Be used on Multi Message Sign Panels Only),Temporary Signs,ROAD_WORK_AHEAD_MMS_INSERT_TO_BE_USED_ON_MULTI_MESSAGE_SIGN_PANELS_ONLY_TM1-1n(D).svg,600x888 mm,size from the sheet's 900 x 600 figure; NSW-only code,Original PDFs/tm1-1_d.pdf
TM1-18n(D),Prepare To Stop (MMS Insert - To Be used on Multi Message Sign Panels Only),Temporary Signs,PREPARE_TO_STOP_MMS_INSERT_TO_BE_USED_ON_MULTI_MESSAGE_SIGN_PANELS_ONLY_TM1-18n(D).svg,600x888 mm,size from the sheet's 900 x 600 figure; NSW-only code,Original PDFs/tm1-18_d.pdf
TM1-18(B),Prepare To Stop (MMS Insert - To Be used on Multi Message Sign Panels Only),Temporary Signs,,,no drawing found on the sheet,Original PDFs/tm1-18_b.pdf
TM1-25(C),Roadwork On Side Road (MMS Insert - To Be used on Multi Message Sign Panels Only),Temporary Signs,,,no drawing found on the sheet,Original PDFs/tm1-25_c.pdf
R9-1-2,Times Of Operation (Two Periods),Regulatory Signs,TIMES_OF_OPERATION_TWO_PERIODS_R9-1-2.svg,740x948 mm,no size found on the sheet; drawn at 1:10 — check; background assumed to be a white rectangle (outline drawn as loose strokes) — check; code also in the national AS 1743 set,Original PDFs/r9-1-2.pdf
R9-1-2,Times Of Operation (Two Periods),Regulatory Signs,TIMES_OF_OPERATION_TWO_PERIODS_VAR2_R9-1-2.svg,794x794 mm,no size found on the sheet; drawn at 1:10 — check; background assumed to be a white rectangle (outline drawn as loose strokes) — check; triangulated CAD export unioned; code also in the national AS 1743 set,Original PDFs/r9-1-2.pdf
R9-1-3,At All Times,Regulatory Signs,AT_ALL_TIMES_R9-1-3.svg,813x541 mm,no size found on the sheet; drawn at 1:10 — check; triangulated CAD export unioned; code also in the national AS 1743 set,Original PDFs/r9-1-3.pdf
TM1-27(C),Road Plant on Side Road (MMS Insert - To Be used on Multi Message Sign Panels Only),Temporary Signs,,,no drawing found on the sheet,Original PDFs/tm1-27_c.pdf
TM1-25n(D),Roadwork On Side Road (MMS Insert - To Be used on Multi Message Sign panels Only),Temporary Signs,ROADWORK_ON_SIDE_ROAD_MMS_INSERT_TO_BE_USED_ON_MULTI_MESSAGE_SIGN_PANELS_ONLY_TM1-25n(D).svg,600x888 mm,size from the sheet's 900 x 600 figure; NSW-only code,Original PDFs/tm1-25_d.pdf
TM1-2(C),Bridge Work Ahead (MMS Insert - To Be used on Multi Message Sign Panels Only),Temporary Signs,,,no drawing found on the sheet,Original PDFs/tm1-2_c.pdf
TM1-2(A),Bridge Work Ahead (MMS Insert - To Be used on Multi Message Sign Panels Only),Temporary Signs,BRIDGE_WORK_AHEAD_MMS_INSERT_TO_BE_USED_ON_MULTI_MESSAGE_SIGN_PANELS_ONLY_TM1-2(A).svg,600x600 mm,size from the sheet's 600 x 600 figure; NSW-only code,Original PDFs/tm1-2_a.pdf
TM1-28(A),Next x(km) (MMS Insert - To Be used on Multi Message Sign Panels Only,Temporary Signs,,,no drawing found on the sheet,Original PDFs/tm1-28_a.pdf
TM1-28(B),Next x(km) (MMS Insert - To Be used on Multi Message Sign Panels Only,Temporary Signs,,,no drawing found on the sheet,Original PDFs/tm1-28_b.pdf
TM1-28n(D),Next (x)km (MMS Insert - To Be used on Multi Message Sign Panels Only),Temporary Signs,NEXT_X_KM_MMS_INSERT_TO_BE_USED_ON_MULTI_MESSAGE_SIGN_PANELS_ONLY_TM1-28n(D).svg,600x888 mm,size from the sheet's 900 x 600 figure; NSW-only code,Original PDFs/tm1-28_d.pdf
TM1-27n(D),Road Plant On Side Road (MMS Insert - To Be used on Multi Message Sign Panels Only),Temporary Signs,ROAD_PLANT_ON_SIDE_ROAD_MMS_INSERT_TO_BE_USED_ON_MULTI_MESSAGE_SIGN_PANELS_ONLY_TM1-27n(D).svg,600x888 mm,size from the sheet's 900 x 600 figure; NSW-only code,Original PDFs/tm1-27_d.pdf
TM1-3-1n(C),Road Plant Ahead (MMS Insert - To Be used on Multi Message Sign Panels Only),Temporary Signs,ROAD_PLANT_AHEAD_MMS_INSERT_TO_BE_USED_ON_MULTI_MESSAGE_SIGN_PANELS_ONLY_TM1-3-1n(C).svg,1200x612 mm,size from the sheet's 600 x 1200 figure; NSW-only code,Original PDFs/tm1-3-1_c.pdf
TM1-34(A),Traffic Controller (Symbolic) (MMS Insert - To Be used on Multi Message Sign Panels Only),Temporary Signs,TRAFFIC_CONTROLLER_SYMBOLIC_MMS_INSERT_TO_BE_USED_ON_MULTI_MESSAGE_SIGN_PANELS_O_TM1-34(A).svg,600x600 mm,size from the sheet's 600 x 600 figure; NSW-only code,Original PDFs/tm1-34_a.pdf
TM1-30n(D),Signals Ahead (Symbolic) (MMS Insert - To Be used on Multi Message Sign Panels Only),Temporary Signs,SIGNALS_AHEAD_SYMBOLIC_MMS_INSERT_TO_BE_USED_ON_MULTI_MESSAGE_SIGN_PANELS_ONLY_TM1-30n(D).svg,600x888 mm,size from the sheet's 900 x 600 figure; NSW-only code,Original PDFs/tm1-30_d.pdf
TM1-30(A),Signals Ahead (Symbolic) (MMS Insert - To Be used on Multi Message Sign panels Only),Temporary Signs,SIGNALS_AHEAD_SYMBOLIC_MMS_INSERT_TO_BE_USED_ON_MULTI_MESSAGE_SIGN_PANELS_ONLY_TM1-30(A).svg,600x600 mm,size from the sheet's 600 x 600 figure; NSW-only code,Original PDFs/tm1-30_a.pdf
TM1-3-1n(D),Road Plant Ahead (MMS Insert - To Be used on Multi Message Sign Panels Only),Temporary Signs,ROAD_PLANT_AHEAD_MMS_INSERT_TO_BE_USED_ON_MULTI_MESSAGE_SIGN_PANELS_ONLY_TM1-3-1n(D).svg,600x888 mm,size from the sheet's 900 x 600 figure; NSW-only code,Original PDFs/tm1-3-1_d.pdf
TM1-2n(D),Bridge Work Ahead (MMS Insert - To Be used on Multi Message Sign Panels Only),Temporary Signs,BRIDGE_WORK_AHEAD_MMS_INSERT_TO_BE_USED_ON_MULTI_MESSAGE_SIGN_PANELS_ONLY_TM1-2n(D).svg,600x888 mm,size from the sheet's 900 x 600 figure; NSW-only code,Original PDFs/tm1-2_d.pdf
TM1-3-1(A),Road Plant Ahead (MMS Insert - To Be used on Multi Message Sign Panels Only),Temporary Signs,ROAD_PLANT_AHEAD_MMS_INSERT_TO_BE_USED_ON_MULTI_MESSAGE_SIGN_PANELS_ONLY_TM1-3-1(A).svg,600x600 mm,size from the sheet's 600 x 600 figure; NSW-only code,Original PDFs/tm1-3-1_a.pdf
TM1-32n(D),Side Road Closed (MMS Insert - To Be used on Multi Message Sign Panels Only),Temporary Signs,SIDE_ROAD_CLOSED_MMS_INSERT_TO_BE_USED_ON_MULTI_MESSAGE_SIGN_PANELS_ONLY_TM1-32n(D).svg,600x888 mm,size from the sheet's 900 x 600 figure; NSW-only code,Original PDFs/tm1-32_d.pdf
TM1-32(A),Side Road Closed (MMS Insert - To Be used on Multi Message Sign Panels Only),Temporary Signs,SIDE_ROAD_CLOSED_MMS_INSERT_TO_BE_USED_ON_MULTI_MESSAGE_SIGN_PANELS_ONLY_TM1-32(A).svg,600x600 mm,size from the sheet's 600 x 600 figure; NSW-only code,Original PDFs/tm1-32_a.pdf
TM1-4(A),Grader Ahead (MMS Insert - To Be used on Multi Message Sign Panels Only),Temporary Signs,GRADER_AHEAD_MMS_INSERT_TO_BE_USED_ON_MULTI_MESSAGE_SIGN_PANELS_ONLY_TM1-4(A).svg,600x600 mm,size from the sheet's 600 x 600 figure; NSW-only code,Original PDFs/tm1-4_a.pdf
TM1-34n(D),Traffic Controller (Symbolic) (MMS Insert - To Be used on Multi Message Sign Panels Only),Temporary Signs,TRAFFIC_CONTROLLER_SYMBOLIC_MMS_INSERT_TO_BE_USED_ON_MULTI_MESSAGE_SIGN_PANELS_O_TM1-34n(D).svg,600x888 mm,size from the sheet's 900 x 600 figure; NSW-only code,Original PDFs/tm1-34_d.pdf
TM1-47(A),Queued Traffic (Symbolic) (MMS Insert - To Be used on Multi Message Sign Panels Only),Temporary Signs,QUEUED_TRAFFIC_SYMBOLIC_MMS_INSERT_TO_BE_USED_ON_MULTI_MESSAGE_SIGN_PANELS_ONLY_TM1-47(A).svg,600x600 mm,size from the sheet's 600 x 600 figure; NSW-only code,Original PDFs/tm1-47_a.pdf
TM1-35n(D),Stop Here When Directed (MMS Insert - To Be used on Multi Message Sign Panels Only),Temporary Signs,STOP_HERE_WHEN_DIRECTED_MMS_INSERT_TO_BE_USED_ON_MULTI_MESSAGE_SIGN_PANELS_ONLY_TM1-35n(D).svg,600x888 mm,size from the sheet's 900 x 600 figure; NSW-only code,Original PDFs/tm1-35_d.pdf
TM1-35(C),Stop Here When Directed (MMS Insert - To Be used on Multi Message Sign Panels Only),Temporary Signs,,,no drawing found on the sheet,Original PDFs/tm1-35_c.pdf
TM1-46(A),Queued Traffic Ahead (MMS Insert - To Be used on Multi Message Sign panels Only),Temporary Signs,QUEUED_TRAFFIC_AHEAD_MMS_INSERT_TO_BE_USED_ON_MULTI_MESSAGE_SIGN_PANELS_ONLY_TM1-46(A).svg,600x600 mm,size from the sheet's 600 x 600 figure; NSW-only code,Original PDFs/tm1-46_a.pdf
TM1-47n(D),Queued Traffic (Symbolic) (MMS Insert - To Be used on Multi Message Sign Panels Only),Temporary Signs,QUEUED_TRAFFIC_SYMBOLIC_MMS_INSERT_TO_BE_USED_ON_MULTI_MESSAGE_SIGN_PANELS_ONLY_TM1-47n(D).svg,600x888 mm,size from the sheet's 900 x 600 figure; NSW-only code,Original PDFs/tm1-47_d.pdf
TM1-46n(D),Queued Traffic Ahead (MMS Insert - To Be used on Multi Message Sign panels Only),Temporary Signs,QUEUED_TRAFFIC_AHEAD_MMS_INSERT_TO_BE_USED_ON_MULTI_MESSAGE_SIGN_PANELS_ONLY_TM1-46n(D).svg,600x888 mm,size from the sheet's 900 x 600 figure; NSW-only code,Original PDFs/tm1-46_d.pdf
TM1-5(A),Workers (Symbolic) (MMS Insert - To Be used on Multi Message Sign Panels Only),Temporary Signs,WORKERS_SYMBOLIC_MMS_INSERT_TO_BE_USED_ON_MULTI_MESSAGE_SIGN_PANELS_ONLY_TM1-5(A).svg,600x600 mm,size from the sheet's 600 x 600 figure; NSW-only code,Original PDFs/tm1-5_a.pdf
TM1-4n(D),Grader Ahead (MMS Insert - To Be used on Multi Message Sign Panels Only),Temporary Signs,GRADER_AHEAD_MMS_INSERT_TO_BE_USED_ON_MULTI_MESSAGE_SIGN_PANELS_ONLY_TM1-4n(D).svg,600x888 mm,size from the sheet's 900 x 600 figure; NSW-only code,Original PDFs/tm1-4_d.pdf
R9-203-1n,Construction Vehicles Excepted,Regulatory Signs,,,no drawing found on the sheet,Original PDFs/r9-203-1n.pdf
R9-200n,Emergency Vehicles Excepted,Regulatory Signs,,,no drawing found on the sheet,Original PDFs/r9-200n.pdf
R9-206n,Onto Red T-Way (Supplementary Plate),Regulatory Signs,ONTO_RED_T_WAY_SUPPLEMENTARY_PLATE_R9-206n.svg,889x443 mm,no size found on the sheet; drawn at 1:10 — check; background assumed to be a white rectangle (outline drawn as loose strokes) — check; triangulated CAD export unioned; NSW-only code,Original PDFs/r9-206n.pdf
R9-203-2n,Garbage Trucks Excepted,Regulatory Signs,,,no drawing found on the sheet,Original PDFs/r9-203-2n.pdf
R9-2,Buses Excepted,Regulatory Signs,,,no drawing found on the sheet,Original PDFs/r9-2.pdf
R9-207n,Authorised T-Way Vehicles excepted,Regulatory Signs,,,no drawing found on the sheet,Original PDFs/r9-207n.pdf
R9-209-1n,Bus Lane Diagrammatic - 3 lanes; shield in centre,Regulatory Signs,,,no drawing found on the sheet,Original PDFs/r9-209-1.pdf
R9-208n,Bus Lane Diagrammatic (2 lanes),Regulatory Signs,BUS_LANE_DIAGRAMMATIC_2_LANES_R9-208n.svg,763x687 mm,no size found on the sheet; drawn at 1:10 — check; triangulated CAD export unioned; NSW-only code,Original PDFs/r9-208n.pdf
R9-203-3n,Garage and Loading Dock Access Excepted,Regulatory Signs,,,no drawing found on the sheet,Original PDFs/r9-203-3n.pdf
RM2-4n(C),No Entry (Mms Insert - To Be used on Multi Message Sign panels Only),Regulatory Signs,,,no drawing found on the sheet,Original PDFs/rm2-4_c.pdf
R9-209-3n,Bus Lane Diagrammatic (3 lanes - shield on two lanes),Regulatory Signs,,,no drawing found on the sheet,Original PDFs/r9-209-3.pdf
R9-209-2n,Bus Lane Diagrammatic (3 lanes - shield on right),Regulatory Signs,,,no drawing found on the sheet,Original PDFs/r9-209-2.pdf
TM1-5n(D),Workers (Symbolic) (MMS Insert - To Be used on Multi Message Sign Panels Only),Temporary Signs,WORKERS_SYMBOLIC_MMS_INSERT_TO_BE_USED_ON_MULTI_MESSAGE_SIGN_PANELS_ONLY_TM1-5n(D).svg,600x888 mm,size from the sheet's 900 x 600 figure; NSW-only code,Original PDFs/tm1-5_d.pdf
TM1-5(C),Workers (Symbolic) (MMS Insert - To Be used on Multi Message Sign Panels Only),Temporary Signs,,,no drawing found on the sheet,Original PDFs/tm1-5_c.pdf
TM2-17(C),End Road Work (MMS Insert - To Be used on Multi Message Sign panels Only),Temporary Signs,,,no drawing found on the sheet,Original PDFs/tm2-17_c.pdf
TM1-6n(D),Detour Ahead (MMS Insert - To Be used on Multi Message Sign Panels Only),Temporary Signs,DETOUR_AHEAD_MMS_INSERT_TO_BE_USED_ON_MULTI_MESSAGE_SIGN_PANELS_ONLY_TM1-6n(D).svg,600x888 mm,size from the sheet's 900 x 600 figure; NSW-only code,Original PDFs/tm1-6_d.pdf
TM1-6(B),Detour Ahead (MMS Insert - To Be used on Multi Message Sign Panels Only),Temporary Signs,,,no drawing found on the sheet,Original PDFs/tm1-6_b.pdf
TM1-6(A),Detour Ahead (MMS Insert - To Be used on Multi Message Sign Panels Only),Temporary Signs,DETOUR_AHEAD_MMS_INSERT_TO_BE_USED_ON_MULTI_MESSAGE_SIGN_PANELS_ONLY_TM1-6(A).svg,600x600 mm,size from the sheet's 600 x 600 figure; NSW-only code,Original PDFs/tm1-6_a.pdf
R9-209-4n,Bus Lane Diagrammatic (3 lanes - shield on right veering right),Regulatory Signs,,,no drawing found on the sheet,Original PDFs/r9-209-4.pdf
TM2-17n(B),End Roadwork (MMS Insert - To Be used on Multi Message Sign panels Only),Temporary Signs,,,no drawing found on the sheet,Original PDFs/tm2-17_b.pdf
TM2-23(C),End Detour (MMS Insert - To Be used on Multi Message Sign panels Only),Temporary Signs,,,no drawing found on the sheet,Original PDFs/tm2-23_c.pdf
TM2-23(A),End Detour (MMS Insert - To Be used on Multi Message Sign panels Only),Temporary Signs,END_DETOUR_MMS_INSERT_TO_BE_USED_ON_MULTI_MESSAGE_SIGN_PANELS_ONLY_TM2-23(A).svg,600x600 mm,size from the sheet's 600 x 600 figure; NSW-only code,Original PDFs/tm2-23_a.pdf
R9-211-1n,Transit Lane Diagrammatic (3 lanes - shield in centre),Regulatory Signs,TRANSIT_LANE_DIAGRAMMATIC_3_LANES_SHIELD_IN_CENTRE_R9-211-1n.svg,270x555 mm,no size found on the sheet; drawn at 1:10 — check; NSW-only code,Original PDFs/r9-211-1.pdf
R9-209-6n,Bus Lane Diagrammatic (4 lanes - shield on 2nd left),Regulatory Signs,,,no drawing found on the sheet,Original PDFs/r9-209-6.pdf
R9-209-5n,Bus Lane Diagrammatic (5 lanes - shield on 2nd left),Regulatory Signs,,,no drawing found on the sheet,Original PDFs/r9-209-5.pdf
TM2-17(A),End Road Work (Mms Insert - To Be used on Multi Message Sign panels Only),Temporary Signs,END_ROAD_WORK_MMS_INSERT_TO_BE_USED_ON_MULTI_MESSAGE_SIGN_PANELS_ONLY_TM2-17(A).svg,600x600 mm,size from the sheet's 600 x 600 figure; NSW-only code,Original PDFs/tm2-17_a.pdf
R9-210n,Transit Lane Diagrammatic (2 lanes),Regulatory Signs,TRANSIT_LANE_DIAGRAMMATIC_2_LANES_R9-210n.svg,269x555 mm,no size found on the sheet; drawn at 1:10 — check; NSW-only code,Original PDFs/r9-210.pdf
TM2-25n(D),Trucks Crossing or Entering (Symbolic) (MMS Insert - To Be used on Multi Message Sign panels Only),Temporary Signs,TRUCKS_CROSSING_OR_ENTERING_SYMBOLIC_MMS_INSERT_TO_BE_USED_ON_MULTI_MESSAGE_SIGN_TM2-25n(D).svg,600x888 mm,size from the sheet's 900 x 600 figure; NSW-only code,Original PDFs/tm2-25_d.pdf
TM2-24n(D),One Lane Each Way (MMS Insert - To Be used on Multi Message Sign panels Only),Temporary Signs,ONE_LANE_EACH_WAY_MMS_INSERT_TO_BE_USED_ON_MULTI_MESSAGE_SIGN_PANELS_ONLY_TM2-24n(D).svg,600x888 mm,size from the sheet's 900 x 600 figure; NSW-only code,Original PDFs/tm2-24_d.pdf
TM2-24(A),One Lane Each Way (MMS Insert - To Be used on Multi Message Sign panels Only),Temporary Signs,ONE_LANE_EACH_WAY_MMS_INSERT_TO_BE_USED_ON_MULTI_MESSAGE_SIGN_PANELS_ONLY_TM2-24(A).svg,600x600 mm,size from the sheet's 600 x 600 figure; NSW-only code,Original PDFs/tm2-24_a.pdf
TM2-17n(D),End Road Work (MMS Insert - To Be used on Multi Message Sign panels Only),Temporary Signs,END_ROAD_WORK_MMS_INSERT_TO_BE_USED_ON_MULTI_MESSAGE_SIGN_PANELS_ONLY_TM2-17n(D).svg,600x888 mm,size from the sheet's 900 x 600 figure; NSW-only code,Original PDFs/tm2-17_d.pdf
TM2-23n(D),End Detour (MMS Insert - To Be used on Multi Message Sign panels Only),Temporary Signs,END_DETOUR_MMS_INSERT_TO_BE_USED_ON_MULTI_MESSAGE_SIGN_PANELS_ONLY_TM2-23n(D).svg,600x888 mm,size from the sheet's 900 x 600 figure; NSW-only code,Original PDFs/tm2-23_d.pdf
R9-211-2n,Transit Lane Diagrammatic (3 lanes - shield on right),Regulatory Signs,TRANSIT_LANE_DIAGRAMMATIC_3_LANES_SHIELD_ON_RIGHT_R9-211-2n.svg,270x555 mm,no size found on the sheet; drawn at 1:10 — check; NSW-only code,Original PDFs/r9-211-2.pdf
R9-215n,Buses And Authorised Vehicles Excepted,Regulatory Signs,,,no drawing found on the sheet,Original PDFs/r9-215n.pdf
R9-218n,Regular Passenger Bus Services Excepted,Regulatory Signs,,,no drawing found on the sheet,Original PDFs/r9-218.pdf
R9-216n,Vehicles Over __ m In Height Excepted,Regulatory Signs,VEHICLES_OVER_M_IN_HEIGHT_EXCEPTED_R9-216n.svg,587x543 mm,no size found on the sheet; drawn at 1:10 — check; background assumed to be a white rectangle (outline drawn as loose strokes) — check; triangulated CAD export unioned; NSW-only code,Original PDFs/r9-216.pdf
TM2-25(A),Trucks Crossing Or Entering (Symbolic) (MMS Insert - To Be used on Multi Message Sign panels Only),Temporary Signs,TRUCKS_CROSSING_OR_ENTERING_SYMBOLIC_MMS_INSERT_TO_BE_USED_ON_MULTI_MESSAGE_SIGN_TM2-25(A).svg,600x600 mm,size from the sheet's 600 x 600 figure; NSW-only code,Original PDFs/tm2-25_a.pdf
R9-232n,Into Forest Way (Times) Buses Excepted (Example Only),Regulatory Signs,INTO_FOREST_WAY_TIMES_BUSES_EXCEPTED_EXAMPLE_ONLY_R9-232n.svg,750x716 mm,size from the sheet's 715 x 750 figure; NSW-only code,Original PDFs/r9-232.pdf
R9-230,Vehicles Over Both 4.3m High And 19m Long Excepted,Regulatory Signs,,,no drawing found on the sheet,Original PDFs/r9-230.pdf
R9-235n,Class 1 Heavy Vehicles Excepted Standard sign No,Regulatory Signs,,,no drawing found on the sheet,Original PDFs/r9-235.pdf
R9-239n,Bus Lane Vehicles Excepted,Regulatory Signs,BUS_LANE_VEHICLES_EXCEPTED_R9-239n.svg,625x449 mm,no size found on the sheet; drawn at 1:10 — check; background assumed to be a white rectangle (outline drawn as loose strokes) — check; triangulated CAD export unioned; NSW-only code,Original PDFs/r9-239n.pdf
R9-239n,Bus Lane Vehicles Excepted,Regulatory Signs,BUS_LANE_VEHICLES_EXCEPTED_VAR2_R9-239n.svg,609x394 mm,no size found on the sheet; drawn at 1:10 — check; triangulated CAD export unioned; NSW-only code,Original PDFs/r9-239n.pdf
R9-213n,High Pedestrian Activity,Regulatory Signs,,,no drawing found on the sheet,Original PDFs/r9-213n.pdf
R9-238n,Buses & Taxis Excepted,Regulatory Signs,,,no drawing found on the sheet,Original PDFs/r9-238.pdf
T5-211n,Temporary Portable Rumble Strip(Symbolic),Temporary Signs,TEMPORARY_PORTABLE_RUMBLE_STRIP_SYMBOLIC_T5-211n.svg,609x609 mm,no size found on the sheet; drawn at 1:10 — check; background assumed to be a white rectangle (outline drawn as loose strokes) — check; triangulated CAD export unioned; NSW-only code,Original PDFs/t5-211n.pdf
T5-7,Temporary Collapsible Chevron Delineator,Temporary Signs,TEMPORARY_COLLAPSIBLE_CHEVRON_DELINEATOR_T5-7.svg,250x476 mm,size from the drawing's overall width dimension (250 mm); background assumed to be a white rectangle (outline drawn as loose strokes) — check; code also in the national AS 1743 set,Original PDFs/t5-7.pdf
T5-7,Temporary Collapsible Chevron Delineator,Temporary Signs,TEMPORARY_COLLAPSIBLE_CHEVRON_DELINEATOR_VAR2_T5-7.svg,250x479 mm,size from the drawing's overall width dimension (250 mm); background assumed to be a white rectangle (outline drawn as loose strokes) — check; code also in the national AS 1743 set,Original PDFs/t5-7.pdf
R6-252n,Arrester Bed,Parking Signs,ARRESTER_BED_R6-252n.svg,2300x300 mm,size from the sheet's 300 x 2300 figure; NSW-only code,Original PDFs/r6-252n.pdf
T5-6,Arrow Marker,Temporary Signs,ARROW_MARKER_T5-6.svg,600x600 mm,size from the sheet's 600 x 600 figure; triangulated CAD export unioned; code also in the national AS 1743 set,Original PDFs/t5-6.pdf
R6-27,Trucks Must Enter,Parking Signs,TRUCKS_MUST_ENTER_R6-27.svg,812x947 mm,no size found on the sheet; drawn at 1:10 — check; triangulated CAD export unioned; drawn at 2 sizes on the sheet; largest kept; code also in the national AS 1743 set,Original PDFs/r6-27.pdf
R6-26,Tramway Crossing,Parking Signs,TRAMWAY_CROSSING_R6-26.svg,1473x1039 mm,no size found on the sheet; drawn at 1:10 — check; triangulated CAD export unioned; code also in the national AS 1743 set,Original PDFs/r6-26.pdf
R6-28-2n,Trucks Must Use Left 2 Lanes,Parking Signs,,,no drawing found on the sheet,Original PDFs/r6-28-2n.pdf
R6-247n,Emergency Contact 131 700,Parking Signs,EMERGENCY_CONTACT_131_700_R6-247n.svg,600x400 mm,size from the sheet's 400 x 600 figure; NSW-only code,Original PDFs/r6-247n.pdf
T5-209n,Lane Divides (Symbolic),Temporary Signs,LANE_DIVIDES_SYMBOLIC_T5-209n.svg,1218x914 mm,no size found on the sheet; drawn at 1:10 — check; triangulated CAD export unioned; NSW-only code,Original PDFs/t5-209n.pdf
T5-1(R),Detour (Arrow Right),Temporary Signs,DETOUR_ARROW_RIGHT_T5-1(R).svg,1827x457 mm,no size found on the sheet; drawn at 1:10 — check; triangulated CAD export unioned; code also in the national AS 1743 set,Original PDFs/t5-1_r.pdf
T5-1(R),Detour (Arrow Right),Temporary Signs,DETOUR_ARROW_RIGHT_VAR2_T5-1(R).svg,1218x304 mm,no size found on the sheet; drawn at 1:10 — check; triangulated CAD export unioned; code also in the national AS 1743 set,Original PDFs/t5-1_r.pdf
T5-1(L),Detour (Arrow Left),Temporary Signs,DETOUR_ARROW_LEFT_T5-1(L).svg,1827x457 mm,no size found on the sheet; drawn at 1:10 — check; triangulated CAD export unioned; drawn at 2 sizes on the sheet; largest kept; code also in the national AS 1743 set,Original PDFs/t5-1_l.pdf
T5-4,Hazard Warning Marker,Temporary Signs,HAZARD_WARNING_MARKER_T5-4.svg,1523x457 mm,no size found on the sheet; drawn at 1:10 — check; code also in the national AS 1743 set,Original PDFs/t5-4.pdf
T5-5,Hazard Warning Marker,Temporary Signs,HAZARD_WARNING_MARKER_T5-5.svg,609x609 mm,no size found on the sheet; drawn at 1:10 — check; code also in the national AS 1743 set,Original PDFs/t5-5.pdf
R6-24n,Railway Crossing,Parking Signs,,,no drawing found on the sheet,Original PDFs/r6-24.pdf
R6-248n,No Trucks Or Buses (symbolic) Vehicles Over 7.5m,Parking Signs,NO_TRUCKS_OR_BUSES_SYMBOLIC_VEHICLES_OVER_7_5M_R6-248n.svg,1500x1350 mm,size from the sheet's 1350 x 1500 figure; NSW-only code,Original PDFs/r6-248n.pdf
T5-210n,Temporary Portable Rumble Strip Ahead (Symbolic),Temporary Signs,TEMPORARY_PORTABLE_RUMBLE_STRIP_AHEAD_SYMBOLIC_T5-210n.svg,609x609 mm,no size found on the sheet; drawn at 1:10 — check; background assumed to be a white rectangle (outline drawn as loose strokes) — check; triangulated CAD export unioned; NSW-only code,Original PDFs/t5-210n.pdf
R6-250n,Bus (Symbolic) LANE 24hrs and T3 (symbolic) AHEAD,Parking Signs,,,no drawing found on the sheet,Original PDFs/r6-250.pdf
R6-31,Give Way to buses (Vehicle mounted sign),Parking Signs,GIVE_WAY_TO_BUSES_VEHICLE_MOUNTED_SIGN_R6-31.svg,982x916 mm,no size found on the sheet; drawn at 1:10 — check; triangulated CAD export unioned; code also in the national AS 1743 set,Original PDFs/r6-31.pdf
R6-28-1n,Trucks Must Use Left Lane,Parking Signs,,,no drawing found on the sheet,Original PDFs/r6-28-1n.pdf
R6-29,Keep Left Unless Overtaking,Parking Signs,KEEP_LEFT_UNLESS_OVERTAKING_R6-29.svg,1885x213 mm,no size found on the sheet; drawn at 1:10 — check; background assumed to be a white rectangle (outline drawn as loose strokes) — check; code also in the national AS 1743 set,Original PDFs/r6-29.pdf
R6-29,Keep Left Unless Overtaking,Parking Signs,KEEP_LEFT_UNLESS_OVERTAKING_VAR2_R6-29.svg,1156x215 mm,no size found on the sheet; drawn at 1:10 — check; background assumed to be a white rectangle (outline drawn as loose strokes) — check; code also in the national AS 1743 set,Original PDFs/r6-29.pdf
R6-32,End Keep Left Unless Overtaking,Parking Signs,,,no drawing found on the sheet,Original PDFs/r6-32.pdf
R6-4,Gross Load Limit __t,Parking Signs,GROSS_LOAD_LIMIT_T_R6-4.svg,914x1371 mm,no size found on the sheet; drawn at 1:10 — check; triangulated CAD export unioned; code also in the national AS 1743 set,Original PDFs/r6-4.pdf
R6-4,Gross Load Limit __t,Parking Signs,GROSS_LOAD_LIMIT_T_VAR2_R6-4.svg,609x914 mm,no size found on the sheet; drawn at 1:10 — check; triangulated CAD export unioned; code also in the national AS 1743 set,Original PDFs/r6-4.pdf
R6-33,Overall Length LIMIT (xx)m,Parking Signs,OVERALL_LENGTH_LIMIT_XX_M_R6-33.svg,1218x1371 mm,no size found on the sheet; drawn at 1:10 — check; triangulated CAD export unioned; code also in the national AS 1743 set,Original PDFs/r6-33.pdf
R6-3,Bridge Load Limit __t Gross,Parking Signs,BRIDGE_LOAD_LIMIT_T_GROSS_R6-3.svg,609x914 mm,no size found on the sheet; drawn at 1:10 — check; triangulated CAD export unioned; code also in the national AS 1743 set,Original PDFs/r6-3.pdf
R7-11-3,Crossing Arrow (Right),Regulatory Signs,CROSSING_ARROW_RIGHT_R7-11-3.svg,1218x406 mm,no size found on the sheet; drawn at 1:10 — check; triangulated CAD export unioned; drawn at 2 sizes on the sheet; largest kept; code also in the national AS 1743 set,Original PDFs/r7-11-3.pdf
R7-1-1-2n,Bus Lane (AM or PM,Regulatory Signs,BUS_LANE_AM_OR_PM_R7-1-1-2n.svg,741x883 mm,no size found on the sheet; drawn at 1:10 — check; triangulated CAD export unioned; NSW-only code,Original PDFs/r7-1-1-2n.pdf
r7-1-1-1n,Bus Lane Ahead,Regulatory Signs,BUS_LANE_AHEAD_r7-1-1-1n.svg,741x802 mm,no size found on the sheet; drawn at 1:10 — check; triangulated CAD export unioned; NSW-only code,Original PDFs/r7-1-1-1n.pdf
R7-11-2,Crossing Arrow (Left),Regulatory Signs,CROSSING_ARROW_LEFT_R7-11-2.svg,1218x406 mm,no size found on the sheet; drawn at 1:10 — check; triangulated CAD export unioned; drawn at 2 sizes on the sheet; largest kept; code also in the national AS 1743 set,Original PDFs/r7-11-2.pdf
R6-8,Stop/Slow bat (Stop Face) & Stop railway Gate sign,Parking Signs,STOP_SLOW_BAT_STOP_FACE_STOP_RAILWAY_GATE_SIGN_R6-8.svg,609x609 mm,no size found on the sheet; drawn at 1:10 — check; triangulated CAD export unioned; drawn at 3 sizes on the sheet; largest kept; code also in the national AS 1743 set,Original PDFs/r6-8.pdf
R6-8,Stop/Slow bat (Stop Face) & Stop railway Gate sign,Parking Signs,STOP_SLOW_BAT_STOP_FACE_STOP_RAILWAY_GATE_SIGN_VAR2_R6-8.svg,473x448 mm,no size found on the sheet; drawn at 1:10 — check; triangulated CAD export unioned; code also in the national AS 1743 set,Original PDFs/r6-8.pdf
R7-11-1,Crossing Arrow (Both Ways),Regulatory Signs,CROSSING_ARROW_BOTH_WAYS_R7-11-1.svg,1218x406 mm,no size found on the sheet; drawn at 1:10 — check; triangulated CAD export unioned; drawn at 2 sizes on the sheet; largest kept; code also in the national AS 1743 set,Original PDFs/r7-11-1.pdf
R6-5n,End Load Limit,Parking Signs,END_LOAD_LIMIT_R6-5n.svg,914x1218 mm,no size found on the sheet; drawn at 1:10 — check; triangulated CAD export unioned; drawn at 2 sizes on the sheet; largest kept; NSW-only code,Original PDFs/r6-5n.pdf
T6-232-2n,Width Markers For Truck Mounted Linemarking Vehicles,Temporary Signs,WIDTH_MARKERS_FOR_TRUCK_MOUNTED_LINEMARKING_VEHICLES_T6-232-2n.svg,330x776 mm,no size found on the sheet; drawn at 1:10 — check; NSW-only code,Original PDFs/t6-232-2n.pdf
T6-232-2n,Width Markers For Truck Mounted Linemarking Vehicles,Temporary Signs,WIDTH_MARKERS_FOR_TRUCK_MOUNTED_LINEMARKING_VEHICLES_VAR2_T6-232-2n.svg,284x812 mm,no size found on the sheet; drawn at 1:10 — check; NSW-only code,Original PDFs/t6-232-2n.pdf
T6-232-2n,Width Markers For Truck Mounted Linemarking Vehicles,Temporary Signs,WIDTH_MARKERS_FOR_TRUCK_MOUNTED_LINEMARKING_VEHICLES_VAR3_T6-232-2n.svg,284x812 mm,no size found on the sheet; drawn at 1:10 — check; NSW-only code,Original PDFs/t6-232-2n.pdf
T6-232-2n,Width Markers For Truck Mounted Linemarking Vehicles,Temporary Signs,WIDTH_MARKERS_FOR_TRUCK_MOUNTED_LINEMARKING_VEHICLES_VAR4_T6-232-2n.svg,284x812 mm,no size found on the sheet; drawn at 1:10 — check; NSW-only code,Original PDFs/t6-232-2n.pdf
T6-232-1n,Width Markers For Articulated Linemarking Vehicles,Temporary Signs,WIDTH_MARKERS_FOR_ARTICULATED_LINEMARKING_VEHICLES_T6-232-1n.svg,304x914 mm,no size found on the sheet; drawn at 1:10 — check; background assumed to be a white rectangle (outline drawn as loose strokes) — check; NSW-only code,Original PDFs/t6-232-1n.pdf
T6-232-1n,Width Markers For Articulated Linemarking Vehicles,Temporary Signs,WIDTH_MARKERS_FOR_ARTICULATED_LINEMARKING_VEHICLES_VAR2_T6-232-1n.svg,304x914 mm,no size found on the sheet; drawn at 1:10 — check; background assumed to be a white rectangle (outline drawn as loose strokes) — check; NSW-only code,Original PDFs/t6-232-1n.pdf
T6-232-1n,Width Markers For Articulated Linemarking Vehicles,Temporary Signs,WIDTH_MARKERS_FOR_ARTICULATED_LINEMARKING_VEHICLES_VAR3_T6-232-1n.svg,304x914 mm,no size found on the sheet; drawn at 1:10 — check; background assumed to be a white rectangle (outline drawn as loose strokes) — check; NSW-only code,Original PDFs/t6-232-1n.pdf
T6-232-1n,Width Markers For Articulated Linemarking Vehicles,Temporary Signs,WIDTH_MARKERS_FOR_ARTICULATED_LINEMARKING_VEHICLES_VAR4_T6-232-1n.svg,304x914 mm,no size found on the sheet; drawn at 1:10 — check; background assumed to be a white rectangle (outline drawn as loose strokes) — check; NSW-only code,Original PDFs/t6-232-1n.pdf
R7-225n,Transit Lane (T2 - repeater) (Times as required),Regulatory Signs,,,no drawing found on the sheet,Original PDFs/r7-225.pdf
R7-3(R),Right Lane (Supplementary Plate),Regulatory Signs,RIGHT_LANE_SUPPLEMENTARY_PLATE_R7-3(R).svg,812x541 mm,no size found on the sheet; drawn at 1:10 — check; triangulated CAD export unioned; code also in the national AS 1743 set,Original PDFs/r7-3_r.pdf
R7-3(L),Left Lane (Supplementary Plate),Regulatory Signs,,,no drawing found on the sheet,Original PDFs/r7-3_l.pdf
T6-4,School Bus (Vehicle mounted sign),Temporary Signs,SCHOOL_BUS_VEHICLE_MOUNTED_SIGN_T6-4.svg,467x2436 mm,no size found on the sheet; drawn at 1:10 — check; code also in the national AS 1743 set,Original PDFs/t6-4.pdf
T6-228n,Road Surface Test Keep Clear,Temporary Signs,ROAD_SURFACE_TEST_KEEP_CLEAR_T6-228n.svg,1340x518 mm,no size found on the sheet; drawn at 1:10 — check; triangulated CAD export unioned; NSW-only code,Original PDFs/t6-228n.pdf
T6-207n,Weed Spraying,Temporary Signs,WEED_SPRAYING_T6-207n.svg,2436x1219 mm,no size found on the sheet; drawn at 1:10 — check; NSW-only code,Original PDFs/t6-207n.pdf
T6-233n,Snow Clearing,Temporary Signs,SNOW_CLEARING_T6-233n.svg,3045x1219 mm,no size found on the sheet; drawn at 1:10 — check; NSW-only code,Original PDFs/t6-233n.pdf
R7-234n,Transit Lane (T3 - repeater) (times as required),Regulatory Signs,TRANSIT_LANE_T3_REPEATER_TIMES_AS_REQUIRED_R7-234n.svg,450x154 mm,size from the sheet's 225 x 450 figure; drawn proportions differ from the stated size (450 x 154.19 mm drawn) — check; background assumed to be a white rectangle (outline drawn as loose strokes) — check; NSW-only code,Original PDFs/r7-234n.pdf
R7-234n,Transit Lane (T3 - repeater) (times as required),Regulatory Signs,TRANSIT_LANE_T3_REPEATER_TIMES_AS_REQUIRED_VAR2_R7-234n.svg,450x225 mm,size from the sheet's 225 x 450 figure; NSW-only code,Original PDFs/r7-234n.pdf
R7-234n,Transit Lane (T3 - repeater) (times as required),Regulatory Signs,TRANSIT_LANE_T3_REPEATER_TIMES_AS_REQUIRED_C_C_R7-234n.svg,450x27 mm,size from the sheet's 225 x 450 figure; drawn proportions differ from the stated size (450 x 27.46 mm drawn) — check; NSW-only code,Original PDFs/r7-234n.pdf
R7-224n,Transit Lane (T2 - repeater) (Times as required),Regulatory Signs,TRANSIT_LANE_T2_REPEATER_TIMES_AS_REQUIRED_R7-224n.svg,450x154 mm,size from the sheet's 225 x 450 figure; drawn proportions differ from the stated size (450 x 154.19 mm drawn) — check; background assumed to be a white rectangle (outline drawn as loose strokes) — check; NSW-only code,Original PDFs/r7-224n.pdf
R7-224n,Transit Lane (T2 - repeater) (Times as required),Regulatory Signs,TRANSIT_LANE_T2_REPEATER_TIMES_AS_REQUIRED_VAR2_R7-224n.svg,450x225 mm,size from the sheet's 225 x 450 figure; NSW-only code,Original PDFs/r7-224n.pdf
R7-224n,Transit Lane (T2 - repeater) (Times as required),Regulatory Signs,TRANSIT_LANE_T2_REPEATER_TIMES_AS_REQUIRED_C_C_R7-224n.svg,450x27 mm,size from the sheet's 225 x 450 figure; drawn proportions differ from the stated size (450 x 27.46 mm drawn) — check; NSW-only code,Original PDFs/r7-224n.pdf
T6-1n(L),Line Marking (left chevrons),Temporary Signs,LINE_MARKING_LEFT_CHEVRONS_T6-1n(L).svg,1828x762 mm,no size found on the sheet; drawn at 1:10 — check; triangulated CAD export unioned; NSW-only code,Original PDFs/t6-1n_l.pdf
T6-1n(R),Line Marking (Right Chevron),Temporary Signs,LINE_MARKING_RIGHT_CHEVRON_T6-1n(R).svg,1828x762 mm,no size found on the sheet; drawn at 1:10 — check; triangulated CAD export unioned; NSW-only code,Original PDFs/t6-1n_r.pdf
R7-1-6-1n,Truck And Bus Only Lane (Symbolic),Regulatory Signs,TRUCK_AND_BUS_ONLY_LANE_SYMBOLIC_R7-1-6-1n.svg,614x1218 mm,no size found on the sheet; drawn at 1:10 — check; triangulated CAD export unioned; NSW-only code,Original PDFs/r7-1-6-1n.pdf
R7-1-6-1n,Truck And Bus Only Lane (Symbolic),Regulatory Signs,TRUCK_AND_BUS_ONLY_LANE_SYMBOLIC_VAR2_R7-1-6-1n.svg,569x983 mm,no size found on the sheet; drawn at 1:10 — check; triangulated CAD export unioned; NSW-only code,Original PDFs/r7-1-6-1n.pdf
R7-1-6-1n,Truck And Bus Only Lane (Symbolic),Regulatory Signs,TRUCK_AND_BUS_ONLY_LANE_SYMBOLIC_VAR3_R7-1-6-1n.svg,460x914 mm,no size found on the sheet; drawn at 1:10 — check; triangulated CAD export unioned; NSW-only code,Original PDFs/r7-1-6-1n.pdf
R7-1-1-4n,Bus Lane (AM or PM) (Overhead),Regulatory Signs,BUS_LANE_AM_OR_PM_OVERHEAD_R7-1-1-4n.svg,741x1218 mm,no size found on the sheet; drawn at 1:10 — check; triangulated CAD export unioned; NSW-only code,Original PDFs/r7-1-1-4n.pdf
R7-233n,Transit Lane (T3) (24hrs),Regulatory Signs,TRANSIT_LANE_T3_24HRS_R7-233n.svg,1200x1280 mm,size from the sheet's 1280 x 1200 figure; NSW-only code,Original PDFs/r7-233n.pdf
R7-230n,Transit Lane T3 Ahead,Regulatory Signs,TRANSIT_LANE_T3_AHEAD_R7-230n.svg,1200x1345 mm,size from the sheet's 1280 x 1200 figure; NSW-only code,Original PDFs/r7-230n.pdf
T6-201n,Grass Cutting,Temporary Signs,GRASS_CUTTING_T6-201n.svg,2436x1219 mm,no size found on the sheet; drawn at 1:10 — check; NSW-only code,Original PDFs/t6-201n.pdf
R7-1-1-5n,Bus Lane (AM & PM) (Overhead),Regulatory Signs,BUS_LANE_AM_PM_OVERHEAD_R7-1-1-5n.svg,741x1401 mm,no size found on the sheet; drawn at 1:10 — check; triangulated CAD export unioned; NSW-only code,Original PDFs/r7-1-1-5n.pdf
R7-1-1-3n,Bus Lane (AM or PM) MON-FRI,Regulatory Signs,BUS_LANE_AM_OR_PM_MON_FRI_R7-1-1-3n.svg,741x1056 mm,no size found on the sheet; drawn at 1:10 — check; triangulated CAD export unioned; NSW-only code,Original PDFs/r7-1-1-3n.pdf
R7-1-1-7n,Bus Lane (24hrs) (Overhead),Regulatory Signs,BUS_LANE_24HRS_OVERHEAD_R7-1-1-7n.svg,741x1066 mm,no size found on the sheet; drawn at 1:10 — check; triangulated CAD export unioned; NSW-only code,Original PDFs/r7-1-1-7n.pdf
R7-1-1-6n,Bus Lane (24hrs),Regulatory Signs,BUS_LANE_24HRS_R7-1-1-6n.svg,741x802 mm,no size found on the sheet; drawn at 1:10 — check; triangulated CAD export unioned; NSW-only code,Original PDFs/r7-1-1-6n.pdf
R7-1-4,Bicycle (symbolic) Lane,Regulatory Signs,BICYCLE_SYMBOLIC_LANE_R7-1-4.svg,909x1054 mm,no size found on the sheet; drawn at 1:10 — check; background assumed to be a white rectangle (outline drawn as loose strokes) — check; triangulated CAD export unioned; code also in the national AS 1743 set,Original PDFs/r7-1-4.pdf
R7-1-4,Bicycle (symbolic) Lane,Regulatory Signs,BICYCLE_SYMBOLIC_LANE_VAR2_R7-1-4.svg,686x877 mm,no size found on the sheet; drawn at 1:10 — check; background assumed to be a white rectangle (outline drawn as loose strokes) — check; triangulated CAD export unioned; code also in the national AS 1743 set,Original PDFs/r7-1-4.pdf
R7-223n,Transit Lane T2 (24hrs),Regulatory Signs,TRANSIT_LANE_T2_24HRS_R7-223n.svg,1200x1280 mm,size from the sheet's 1280 x 1200 figure; NSW-only code,Original PDFs/r7-223n.pdf
R7-220n,Transit Lane T2 Ahead,Regulatory Signs,TRANSIT_LANE_T2_AHEAD_R7-220n.svg,1200x1280 mm,size from the sheet's 1280 x 1200 figure; NSW-only code,Original PDFs/r7-220n.pdf
R7-1-1-8n,Bus Lane End,Regulatory Signs,BUS_LANE_END_R7-1-1-8n.svg,741x802 mm,no size found on the sheet; drawn at 1:10 — check; triangulated CAD export unioned; NSW-only code,Original PDFs/r7-1-1-8n.pdf
r7-12,x (m) Ahead,Regulatory Signs,X_M_AHEAD_r7-12.svg,914x609 mm,no size found on the sheet; drawn at 1:10 — check; triangulated CAD export unioned; code also in the national AS 1743 set,Original PDFs/r7-12.pdf
R7-2,Ahead,Regulatory Signs,AHEAD_R7-2.svg,1218x407 mm,no size found on the sheet; drawn at 1:10 — check; triangulated CAD export unioned; drawn at 2 sizes on the sheet; largest kept; code also in the national AS 1743 set,Original PDFs/r7-2.pdf
R7-240-1n,Overhead Transit Lane (T2) (Single Period - times as required),Regulatory Signs,,,no drawing found on the sheet,Original PDFs/r7-240-1.pdf
R7-240n,Overhead Transit Lane (T2) (Single Period - times as required),Regulatory Signs,,,no drawing found on the sheet,Original PDFs/r7-240.pdf
R7-235n,Transit Lane (T3 - repeater) (Am & Pm - times as required),Regulatory Signs,,,no drawing found on the sheet,Original PDFs/r7-235.pdf
R7-5,Overhead Arrow (Supplementary Plate),Regulatory Signs,OVERHEAD_ARROW_SUPPLEMENTARY_PLATE_R7-5.svg,812x541 mm,no size found on the sheet; drawn at 1:10 — check; triangulated CAD export unioned; drawn at 3 sizes on the sheet; largest kept; code also in the national AS 1743 set,Original PDFs/r7-5.pdf
R7-5,Overhead Arrow (Supplementary Plate),Regulatory Signs,OVERHEAD_ARROW_SUPPLEMENTARY_PLATE_VAR2_R7-5.svg,449x452 mm,no size found on the sheet; drawn at 1:10 — check; triangulated CAD export unioned; code also in the national AS 1743 set,Original PDFs/r7-5.pdf
T6-5,Pilot Vehicle Do Not Overtake,Temporary Signs,PILOT_VEHICLE_DO_NOT_OVERTAKE_T6-5.svg,1305x414 mm,no size found on the sheet; drawn at 1:10 — check; background assumed to be a white rectangle (outline drawn as loose strokes) — check; triangulated CAD export unioned; code also in the national AS 1743 set,Original PDFs/t6-5.pdf
T6-5,Pilot Vehicle Do Not Overtake,Temporary Signs,PILOT_VEHICLE_DO_NOT_OVERTAKE_VAR2_T6-5.svg,1085x345 mm,no size found on the sheet; drawn at 1:10 — check; background assumed to be a white rectangle (outline drawn as loose strokes) — check; triangulated CAD export unioned; code also in the national AS 1743 set,Original PDFs/t6-5.pdf
R7-6-4,This Lane (symbolic arrow) (Supplementary Plate),Regulatory Signs,THIS_LANE_SYMBOLIC_ARROW_SUPPLEMENTARY_PLATE_R7-6-4.svg,776x406 mm,no size found on the sheet; drawn at 1:10 — check; background assumed to be a white rectangle (outline drawn as loose strokes) — check; code also in the national AS 1743 set,Original PDFs/r7-6-4.pdf
R7-6-4,This Lane (symbolic arrow) (Supplementary Plate),Regulatory Signs,THIS_LANE_SYMBOLIC_ARROW_SUPPLEMENTARY_PLATE_VAR2_R7-6-4.svg,492x406 mm,no size found on the sheet; drawn at 1:10 — check; background assumed to be a white rectangle (outline drawn as loose strokes) — check; code also in the national AS 1743 set,Original PDFs/r7-6-4.pdf
R7-7-1,Transit Lane (T2),Regulatory Signs,TRANSIT_LANE_T2_R7-7-1.svg,1059x1095 mm,no size found on the sheet; drawn at 1:10 — check; triangulated CAD export unioned; code also in the national AS 1743 set,Original PDFs/r7-7-1.pdf
R7-7-1,Transit Lane (T2),Regulatory Signs,TRANSIT_LANE_T2_VAR2_R7-7-1.svg,814x1084 mm,no size found on the sheet; drawn at 1:10 — check; triangulated CAD export unioned; code also in the national AS 1743 set,Original PDFs/r7-7-1.pdf
R7-7-1,Transit Lane (T2),Regulatory Signs,TRANSIT_LANE_T2_VAR3_R7-7-1.svg,694x998 mm,no size found on the sheet; drawn at 1:10 — check; triangulated CAD export unioned; code also in the national AS 1743 set,Original PDFs/r7-7-1.pdf
R7-7-2,Transit Lane (T3),Regulatory Signs,TRANSIT_LANE_T3_R7-7-2.svg,814x1248 mm,no size found on the sheet; drawn at 1:10 — check; triangulated CAD export unioned; code also in the national AS 1743 set,Original PDFs/r7-7-2.pdf
R7-7-2,Transit Lane (T3),Regulatory Signs,TRANSIT_LANE_T3_VAR2_R7-7-2.svg,814x1084 mm,no size found on the sheet; drawn at 1:10 — check; triangulated CAD export unioned; code also in the national AS 1743 set,Original PDFs/r7-7-2.pdf
R7-7-2,Transit Lane (T3),Regulatory Signs,TRANSIT_LANE_T3_VAR3_R7-7-2.svg,694x726 mm,no size found on the sheet; drawn at 1:10 — check; triangulated CAD export unioned; code also in the national AS 1743 set,Original PDFs/r7-7-2.pdf
R7-7-2,Transit Lane (T3),Regulatory Signs,TRANSIT_LANE_T3_VAR4_R7-7-2.svg,595x406 mm,no size found on the sheet; drawn at 1:10 — check; code also in the national AS 1743 set,Original PDFs/r7-7-2.pdf
T8-2(R),Pedestrians (Right Arrow),Temporary Signs,PEDESTRIANS_RIGHT_ARROW_T8-2(R).svg,1218x304 mm,no size found on the sheet; drawn at 1:10 — check; triangulated CAD export unioned; code also in the national AS 1743 set,Original PDFs/t8-2_r.pdf
T8-1,Pedestrians Watch Your Step,Temporary Signs,PEDESTRIANS_WATCH_YOUR_STEP_T8-1.svg,914x609 mm,no size found on the sheet; drawn at 1:10 — check; code also in the national AS 1743 set,Original PDFs/t8-1.pdf
T8-2(L),Pedestrians (Left Arrow),Temporary Signs,PEDESTRIANS_LEFT_ARROW_T8-2(L).svg,1218x305 mm,no size found on the sheet; drawn at 1:10 — check; triangulated CAD export unioned; code also in the national AS 1743 set,Original PDFs/t8-2_l.pdf
T6-6,Pilot Vehicle In Use,Temporary Signs,PILOT_VEHICLE_IN_USE_T6-6.svg,1218x914 mm,no size found on the sheet; drawn at 1:10 — check; code also in the national AS 1743 set,Original PDFs/t6-6.pdf
T6-6,Pilot Vehicle In Use,Temporary Signs,PILOT_VEHICLE_IN_USE_VAR2_T6-6.svg,914x609 mm,no size found on the sheet; drawn at 1:10 — check; code also in the national AS 1743 set,Original PDFs/t6-6.pdf
T8-3,Use Other Footpath,Temporary Signs,USE_OTHER_FOOTPATH_T8-3.svg,914x610 mm,no size found on the sheet; drawn at 1:10 — check; code also in the national AS 1743 set,Original PDFs/t8-3.pdf
T8-4,Footpath Closed,Temporary Signs,FOOTPATH_CLOSED_T8-4.svg,914x610 mm,no size found on the sheet; drawn at 1:10 — check; code also in the national AS 1743 set,Original PDFs/t8-4.pdf
T7-1,Slow (bat),Temporary Signs,SLOW_BAT_T7-1.svg,609x609 mm,no size found on the sheet; drawn at 1:10 — check; triangulated CAD export unioned; drawn at 2 sizes on the sheet; largest kept; code also in the national AS 1743 set,Original PDFs/t7-1.pdf
R7-4,End,Regulatory Signs,END_R7-4.svg,1484x407 mm,no size found on the sheet; drawn at 1:10 — check; triangulated CAD export unioned; code also in the national AS 1743 set,Original PDFs/r7-4.pdf
R7-4,End,Regulatory Signs,END_VAR2_R7-4.svg,1218x406 mm,no size found on the sheet; drawn at 1:10 — check; triangulated CAD export unioned; code also in the national AS 1743 set,Original PDFs/r7-4.pdf
R7-4,End,Regulatory Signs,END_VAR3_R7-4.svg,999x380 mm,no size found on the sheet; drawn at 1:10 — check; triangulated CAD export unioned; code also in the national AS 1743 set,Original PDFs/r7-4.pdf
R7-4,End,Regulatory Signs,END_VAR4_R7-4.svg,731x295 mm,no size found on the sheet; drawn at 1:10 — check; triangulated CAD export unioned; code also in the national AS 1743 set,Original PDFs/r7-4.pdf
R7-7-5n,Transit Lane (T3) (Single Period - times as required),Regulatory Signs,,,no drawing found on the sheet,Original PDFs/r7-7-5.pdf
R7-7-3n,Transit Lane (T2) (Single Period - times as required),Regulatory Signs,,,no drawing found on the sheet,Original PDFs/r7-7-3.pdf
R7-7-6n,Transit Lane (T3) (Two Periods - times as required),Regulatory Signs,,,no drawing found on the sheet,Original PDFs/r7-7-6.pdf
R7-7-4n,Transit Lane (T2) (Two Periods - times as required),Regulatory Signs,,,no drawing found on the sheet,Original PDFs/r7-7-4.pdf
TM8-5(C),Look Both Ways Two-Way Traffic (Arrows Symbolic) (Mms Insert - To Be used on Multi Message Sign panels Only),Temporary Signs,LOOK_BOTH_WAYS_TWO_WAY_TRAFFIC_ARROWS_SYMBOLIC_MMS_INSERT_TO_BE_USED_ON_MULTI_ME_TM8-5(C).svg,1200x612 mm,size from the sheet's 600 x 1200 figure; NSW-only code,Original PDFs/tm8-5_c.pdf
T9-1n,Road Safety Program Project Sign - Jointly Funded (Example Only),Temporary Signs,ROAD_SAFETY_PROGRAM_PROJECT_SIGN_JOINTLY_FUNDED_EXAMPLE_ONLY_T9-1n.svg,787x846 mm,no size found on the sheet; drawn at 1:10 — check; background assumed to be a white rectangle (outline drawn as loose strokes) — check; triangulated CAD export unioned; NSW-only code,Original PDFs/t9-1n.pdf
T9-1n,Road Safety Program Project Sign - Jointly Funded (Example Only),Temporary Signs,ROAD_SAFETY_PROGRAM_PROJECT_SIGN_JOINTLY_FUNDED_EXAMPLE_ONLY_VAR2_T9-1n.svg,589x375 mm,no size found on the sheet; drawn at 1:10 — check; background assumed to be a white rectangle (outline drawn as loose strokes) — check; NSW-only code,Original PDFs/t9-1n.pdf
T9-1n,Road Safety Program Project Sign - Jointly Funded (Example Only),Temporary Signs,ROAD_SAFETY_PROGRAM_PROJECT_SIGN_JOINTLY_FUNDED_EXAMPLE_ONLY_VAR3_T9-1n.svg,589x219 mm,no size found on the sheet; drawn at 1:10 — check; triangulated CAD export unioned; NSW-only code,Original PDFs/t9-1n.pdf
R7-6-1(R),Right Lane (Supplementary Plate),Regulatory Signs,,,no drawing found on the sheet,Original PDFs/r7-6-1_r.pdf
R7-6-1(L),Left Lane (Supplementary Plate),Regulatory Signs,,,no drawing found on the sheet,Original PDFs/r7-6-1_l.pdf
R7-6-3,Centre Lane (Supplementary Plate),Regulatory Signs,,,no drawing found on the sheet,Original PDFs/r7-6-3.pdf
R7-6-2,Kerb Lane (Supplementary Plate),Regulatory Signs,,,no drawing found on the sheet,Original PDFs/r7-6-2.pdf
TM8-2(R)(B),Pedestrians (Right Arrow) (Mms Insert - To Be used on Multi Message Sign panels Only),Temporary Signs,,,no drawing found on the sheet,Original PDFs/tm8-2r_b.pdf
TM8-3(A),Use Other Footpath (Mms Insert - To Be used on Multi Message Sign panels Only),Temporary Signs,USE_OTHER_FOOTPATH_MMS_INSERT_TO_BE_USED_ON_MULTI_MESSAGE_SIGN_PANELS_ONLY_TM8-3(A).svg,600x600 mm,size from the sheet's 600 x 600 figure; NSW-only code,Original PDFs/tm8-3_a.pdf
TM8-4(A),Footpath Closed (Mms Insert - To Be used on Multi Message Sign panels Only),Temporary Signs,FOOTPATH_CLOSED_MMS_INSERT_TO_BE_USED_ON_MULTI_MESSAGE_SIGN_PANELS_ONLY_TM8-4(A).svg,600x600 mm,size from the sheet's 600 x 600 figure; NSW-only code,Original PDFs/tm8-4_a.pdf
TM8-4n(D),Footpath Closed (Mms Insert - To Be used on Multi Message Sign panels Only),Temporary Signs,FOOTPATH_CLOSED_MMS_INSERT_TO_BE_USED_ON_MULTI_MESSAGE_SIGN_PANELS_ONLY_TM8-4n(D).svg,600x888 mm,size from the sheet's 900 x 600 figure; NSW-only code,Original PDFs/tm8-4_d.pdf
TM8-3n(D),Use Other Footpath (Mms Insert - To Be used on Multi Message Sign panels Only),Temporary Signs,USE_OTHER_FOOTPATH_MMS_INSERT_TO_BE_USED_ON_MULTI_MESSAGE_SIGN_PANELS_ONLY_TM8-3n(D).svg,600x888 mm,size from the sheet's 900 x 600 figure; NSW-only code,Original PDFs/tm8-3_d.pdf
R7-8-2n,Buses Only Lane (AM),Regulatory Signs,BUSES_ONLY_LANE_AM_R7-8-2n.svg,741x1228 mm,no size found on the sheet; drawn at 1:10 — check; triangulated CAD export unioned; NSW-only code,Original PDFs/r7-8-2n.pdf
R7-8-2n,Buses Only Lane (AM),Regulatory Signs,BUSES_ONLY_LANE_AM_VAR2_R7-8-2n.svg,575x495 mm,no size found on the sheet; drawn at 1:10 — check; background assumed to be a white rectangle (outline drawn as loose strokes) — check; NSW-only code,Original PDFs/r7-8-2n.pdf
R7-8-3n,Buses Only Lane (PM),Regulatory Signs,BUSES_ONLY_LANE_PM_R7-8-3n.svg,741x1228 mm,no size found on the sheet; drawn at 1:10 — check; triangulated CAD export unioned; NSW-only code,Original PDFs/r7-8-3n.pdf
R7-8-3n,Buses Only Lane (PM),Regulatory Signs,BUSES_ONLY_LANE_PM_VAR2_R7-8-3n.svg,575x495 mm,no size found on the sheet; drawn at 1:10 — check; background assumed to be a white rectangle (outline drawn as loose strokes) — check; NSW-only code,Original PDFs/r7-8-3n.pdf
R7-8-1n,Buses Only Lane,Regulatory Signs,BUSES_ONLY_LANE_R7-8-1n.svg,741x893 mm,no size found on the sheet; drawn at 1:10 — check; triangulated CAD export unioned; NSW-only code,Original PDFs/r7-8-1n.pdf
TM8-5n(D),Look Both Ways Two Way Traffic (Mms Insert - To Be used on Multi Message Sign panels Only),Temporary Signs,LOOK_BOTH_WAYS_TWO_WAY_TRAFFIC_MMS_INSERT_TO_BE_USED_ON_MULTI_MESSAGE_SIGN_PANEL_TM8-5n(D).svg,600x888 mm,size from the sheet's 900 x 600 figure; NSW-only code,Original PDFs/tm8-5_d.pdf
TM8-2(R)(D),Pedestrians (Arrow Right) (Mms Insert - To Be used on Multi Message Sign panels Only),Temporary Signs,PEDESTRIANS_ARROW_RIGHT_MMS_INSERT_TO_BE_USED_ON_MULTI_MESSAGE_SIGN_PANELS_ONLY_TM8-2(R)(D).svg,600x888 mm,size from the sheet's 900 x 600 figure; NSW-only code,Original PDFs/tm8-2r_d.pdf
TM8-1(C),Pedestrians Watch Your Step (Mms Insert - To Be used on Multi Message Sign panels Only),Temporary Signs,PEDESTRIANS_WATCH_YOUR_STEP_MMS_INSERT_TO_BE_USED_ON_MULTI_MESSAGE_SIGN_PANELS_O_TM8-1(C).svg,1200x612 mm,size from the sheet's 600 x 1200 figure; NSW-only code,Original PDFs/tm8-1_c.pdf
TM8-1(D),Pedestrians Watch Your Step (Mms Insert - To Be used on Multi Message Sign panels Only),Temporary Signs,PEDESTRIANS_WATCH_YOUR_STEP_MMS_INSERT_TO_BE_USED_ON_MULTI_MESSAGE_SIGN_PANELS_O_TM8-1(D).svg,600x888 mm,size from the sheet's 900 x 600 figure; NSW-only code,Original PDFs/tm8-1_d.pdf
TM8-2(L)(D),Pedestrians (Arrow Left) (Mms Insert - To Be used on Multi Message Sign panels Only),Temporary Signs,PEDESTRIANS_ARROW_LEFT_MMS_INSERT_TO_BE_USED_ON_MULTI_MESSAGE_SIGN_PANELS_ONLY_TM8-2(L)(D).svg,600x888 mm,size from the sheet's 900 x 600 figure; NSW-only code,Original PDFs/tm8-2l_d.pdf
R9-4,Authorised Vehicles Excepted,Regulatory Signs,,,no drawing found on the sheet,Original PDFs/r9-4.pdf
W1-1(L),Turn Left (Symbolic),Warning Signs,TURN_LEFT_SYMBOLIC_W1-1(L).svg,932x880 mm,no size found on the sheet; drawn at 1:10 — check; background assumed to be a white rectangle (outline drawn as loose strokes) — check; triangulated CAD export unioned; code also in the national AS 1743 set,Original PDFs/w1-1_l.pdf
W1-1(L),Turn Left (Symbolic),Warning Signs,TURN_LEFT_SYMBOLIC_VAR2_W1-1(L).svg,776x676 mm,no size found on the sheet; drawn at 1:10 — check; background assumed to be a white rectangle (outline drawn as loose strokes) — check; triangulated CAD export unioned; drawn at 3 sizes on the sheet; largest kept; code also in the national AS 1743 set,Original PDFs/w1-1_l.pdf
R9-309n,End Slow Zone,Regulatory Signs,END_SLOW_ZONE_R9-309n.svg,729x480 mm,no size found on the sheet; drawn at 1:10 — check; background assumed to be a white rectangle (outline drawn as loose strokes) — check; triangulated CAD export unioned; NSW-only code,Original PDFs/r9-309.pdf
R9-308n,Slow Zone,Regulatory Signs,SLOW_ZONE_R9-308n.svg,730x480 mm,no size found on the sheet; drawn at 1:10 — check; background assumed to be a white rectangle (outline drawn as loose strokes) — check; triangulated CAD export unioned; NSW-only code,Original PDFs/r9-308.pdf
R9-7-1,Next (xx)km,Regulatory Signs,NEXT_XX_KM_R9-7-1.svg,1600x330 mm,no size found on the sheet; drawn at 1:10 — check; background assumed to be a white rectangle (outline drawn as loose strokes) — check; triangulated CAD export unioned; code also in the national AS 1743 set,Original PDFs/r9-7-1.pdf
R9-7-1,Next (xx)km,Regulatory Signs,NEXT_XX_KM_VAR2_R9-7-1.svg,1311x271 mm,no size found on the sheet; drawn at 1:10 — check; background assumed to be a white rectangle (outline drawn as loose strokes) — check; triangulated CAD export unioned; code also in the national AS 1743 set,Original PDFs/r9-7-1.pdf
R9-7-2,Next (xx)km,Regulatory Signs,,,no drawing found on the sheet,Original PDFs/r9-7-2.pdf
R9-6-2,Next (x)m,Regulatory Signs,,,no drawing found on the sheet,Original PDFs/r9-6-2.pdf
R9-5,On Freeway,Regulatory Signs,,,no drawing found on the sheet,Original PDFs/r9-5.pdf
R9-6-1,Next (xxx)m,Regulatory Signs,NEXT_XXX_M_R9-6-1.svg,1324x274 mm,no size found on the sheet; drawn at 1:10 — check; background assumed to be a white rectangle (outline drawn as loose strokes) — check; triangulated CAD export unioned; code also in the national AS 1743 set,Original PDFs/r9-6-1.pdf
R9-6-1,Next (xxx)m,Regulatory Signs,NEXT_XXX_M_VAR2_R9-6-1.svg,1298x234 mm,no size found on the sheet; drawn at 1:10 — check; background assumed to be a white rectangle (outline drawn as loose strokes) — check; triangulated CAD export unioned; code also in the national AS 1743 set,Original PDFs/r9-6-1.pdf
TM2-4n(D),Road Closed (MMS Insert - To Be used on Multi Message Sign panels Only),Temporary Signs,ROAD_CLOSED_MMS_INSERT_TO_BE_USED_ON_MULTI_MESSAGE_SIGN_PANELS_ONLY_TM2-4n(D).svg,600x888 mm,size from the sheet's 900 x 600 figure; NSW-only code,Original PDFs/tm2-4_d.pdf
TM2-4(B),Road Closed (MMS Insert - To Be used on Multi Message Sign panels Only),Temporary Signs,,,no drawing found on the sheet,Original PDFs/tm2-4_b.pdf
TM2-4(C),Road Closed (MMS Insert - To Be used on Multi Message Sign panels Only),Temporary Signs,,,no drawing found on the sheet,Original PDFs/tm2-4_c.pdf
TM2-52(A),Boom Barrier (Symbolic) (MMS Insert - To Be used on Multi Message Sign panels Only),Temporary Signs,BOOM_BARRIER_SYMBOLIC_MMS_INSERT_TO_BE_USED_ON_MULTI_MESSAGE_SIGN_PANELS_ONLY_TM2-52(A).svg,600x600 mm,size from the sheet's 600 x 600 figure; NSW-only code,Original PDFs/tm2-52_a.pdf
R9-306n,Bicycles Only,Regulatory Signs,BICYCLES_ONLY_R9-306n.svg,980x230 mm,no size found on the sheet; drawn at 1:10 — check; background assumed to be a white rectangle (outline drawn as loose strokes) — check; triangulated CAD export unioned; NSW-only code,Original PDFs/r9-306.pdf
R9-304n,T-Way Only,Regulatory Signs,,,no drawing found on the sheet,Original PDFs/r9-304.pdf
RM2-11n(B),Two Way (Symbolic) (Mms Insert - To Be used on Multi Message Sign panels Only),Regulatory Signs,,,no drawing found on the sheet,Original PDFs/rm2-11_b.pdf
RM2-11n(A),Two Way (Symbolic) (Mms Insert - To Be used on Multi Message Sign panels Only),Regulatory Signs,TWO_WAY_SYMBOLIC_MMS_INSERT_TO_BE_USED_ON_MULTI_MESSAGE_SIGN_PANELS_ONLY_RM2-11n(A).svg,600x600 mm,size from the sheet's 600 x 600 figure; NSW-only code,Original PDFs/rm2-11_a.pdf
R9-301n,Pick Up & Set Down Area,Regulatory Signs,,,no drawing found on the sheet,Original PDFs/r9-301.pdf
R9-223n,Vehicles Over 12.5m,Regulatory Signs,,,no drawing found on the sheet,Original PDFs/r9-223.pdf
R9-302n,Kiss & Ride Area,Regulatory Signs,,,no drawing found on the sheet,Original PDFs/r9-302.pdf
R9-236n,Railway Crossing,Regulatory Signs,,,no drawing found on the sheet,Original PDFs/r9-236n.pdf
R9-226n,Taxis Permitted,Regulatory Signs,,,no drawing found on the sheet,Original PDFs/r9-226n.pdf
R9-3,Bicycles Excepted,Regulatory Signs,,,no drawing found on the sheet,Original PDFs/r9-3.pdf
R9-228n,Taxis Excepted,Regulatory Signs,TAXIS_EXCEPTED_R9-228n.svg,914x568 mm,no size found on the sheet; drawn at 1:10 — check; triangulated CAD export unioned; NSW-only code,Original PDFs/r9-228n.pdf
TM2-52n(D),Boom Barrier (Symbolic) (Mms Insert - To Be used on Multi Message Sign panels Only),Temporary Signs,BOOM_BARRIER_SYMBOLIC_MMS_INSERT_TO_BE_USED_ON_MULTI_MESSAGE_SIGN_PANELS_ONLY_TM2-52n(D).svg,600x888 mm,size from the sheet's 900 x 600 figure; NSW-only code,Original PDFs/tm2-52_d.pdf
TM3-12(C),No Lines Do Not Overtake Unless Safe (Mms Insert - To Be used on Multi Message Sign panels Only),Temporary Signs,NO_LINES_DO_NOT_OVERTAKE_UNLESS_SAFE_MMS_INSERT_TO_BE_USED_ON_MULTI_MESSAGE_SIGN_TM3-12(C).svg,1200x612 mm,size from the sheet's 600 x 1200 figure; NSW-only code,Original PDFs/tm3-12_c.pdf
TM3-11n(D),New Work No Lines Marked (Mms Insert - To Be used on Multi Message Sign panels Only),Temporary Signs,NEW_WORK_NO_LINES_MARKED_MMS_INSERT_TO_BE_USED_ON_MULTI_MESSAGE_SIGN_PANELS_ONLY_TM3-11n(D).svg,600x888 mm,size from the sheet's 900 x 600 figure; NSW-only code,Original PDFs/tm3-11_d.pdf
TM3-11(C),New Work No Lines Marked (Mms Insert - To Be used on Multi Message Sign panels Only),Temporary Signs,NEW_WORK_NO_LINES_MARKED_MMS_INSERT_TO_BE_USED_ON_MULTI_MESSAGE_SIGN_PANELS_ONLY_TM3-11(C).svg,1200x612 mm,size from the sheet's 600 x 1200 figure; NSW-only code,Original PDFs/tm3-11_c.pdf
RM2-11n(C),Two Way (Symbolic) (Mms Insert - To Be used on Multi Message Sign panels Only),Regulatory Signs,,,no drawing found on the sheet,Original PDFs/rm2-11_c.pdf
TM3-13(D),Gravel Road (Mms Insert - To Be used on Multi Message Sign panels Only),Temporary Signs,GRAVEL_ROAD_MMS_INSERT_TO_BE_USED_ON_MULTI_MESSAGE_SIGN_PANELS_ONLY_TM3-13(D).svg,600x888 mm,size from the sheet's 900 x 600 figure; NSW-only code,Original PDFs/tm3-13_d.pdf
TM3-13(B),Gravel Road (Mms Insert - To Be used on Multi Message Sign panels Only),Temporary Signs,,,no drawing found on the sheet,Original PDFs/tm3-13_b.pdf
TM3-13(A),Gravel Road (Mms Insert - To Be used on Multi Message Sign panels Only),Temporary Signs,GRAVEL_ROAD_MMS_INSERT_TO_BE_USED_ON_MULTI_MESSAGE_SIGN_PANELS_ONLY_TM3-13(A).svg,600x600 mm,size from the sheet's 600 x 600 figure; NSW-only code,Original PDFs/tm3-13_a.pdf
RM2-11n(D),Two Way (Symbolic) (Mms Insert - To Be used on Multi Message Sign panels Only),Regulatory Signs,TWO_WAY_SYMBOLIC_MMS_INSERT_TO_BE_USED_ON_MULTI_MESSAGE_SIGN_PANELS_ONLY_RM2-11n(D).svg,600x888 mm,size from the sheet's 900 x 600 figure; NSW-only code,Original PDFs/rm2-11_d.pdf
R9-8,Location Plate,Regulatory Signs,LOCATION_PLATE_R9-8.svg,810x761 mm,no size found on the sheet; drawn at 1:10 — check; triangulated CAD export unioned; code also in the national AS 1743 set,Original PDFs/r9-8.pdf
R9-9,One Lane,Regulatory Signs,ONE_LANE_R9-9.svg,609x406 mm,no size found on the sheet; drawn at 1:10 — check; triangulated CAD export unioned; code also in the national AS 1743 set,Original PDFs/r9-9n.pdf
R9-9,One Lane,Regulatory Signs,ONE_LANE_VAR2_R9-9.svg,508x338 mm,no size found on the sheet; drawn at 1:10 — check; triangulated CAD export unioned; code also in the national AS 1743 set,Original PDFs/r9-9n.pdf
RM2-14(L)(A),All Traffic (Left Symbolic) Only (Mms Insert - To Be used on Multi Message Sign panels Only),Regulatory Signs,ALL_TRAFFIC_LEFT_SYMBOLIC_ONLY_MMS_INSERT_TO_BE_USED_ON_MULTI_MESSAGE_SIGN_PANEL_RM2-14(L)(A).svg,600x600 mm,size from the sheet's 600 x 600 figure; NSW-only code,Original PDFs/rm2-14l_a.pdf
TM3-12n(D),No Lines Do Not Overtake Unless Safe (Mms Insert - To Be used on Multi Message Sign panels Only),Temporary Signs,NO_LINES_DO_NOT_OVERTAKE_UNLESS_SAFE_MMS_INSERT_TO_BE_USED_ON_MULTI_MESSAGE_SIGN_TM3-12n(D).svg,600x888 mm,size from the sheet's 900 x 600 figure; NSW-only code,Original PDFs/tm3-12_d.pdf
TM3-3(A),Slippery When Wet (Symbolic) (Mms Insert - To Be used on Multi Message Sign panels Only),Temporary Signs,SLIPPERY_WHEN_WET_SYMBOLIC_MMS_INSERT_TO_BE_USED_ON_MULTI_MESSAGE_SIGN_PANELS_ON_TM3-3(A).svg,600x600 mm,size from the sheet's 600 x 600 figure; NSW-only code,Original PDFs/tm3-3_a.pdf
TM3-14(B),Loose Surface (Mms Insert - To Be used on Multi Message Sign panels Only),Temporary Signs,,,no drawing found on the sheet,Original PDFs/tm3-14_b.pdf
RM2-14n(L)(B),Left Only (Mms Insert - To Be used on Multi Message Sign panels Only),Regulatory Signs,,,no drawing found on the sheet,Original PDFs/rm2-14l_b.pdf
RM2-14n(L)(D),All Traffic (Left Symbolic) (Mms Insert - To Be used on Multi Message Sign panels Only),Regulatory Signs,ALL_TRAFFIC_LEFT_SYMBOLIC_MMS_INSERT_TO_BE_USED_ON_MULTI_MESSAGE_SIGN_PANELS_ONL_RM2-14n(L)(D).svg,600x888 mm,size from the sheet's 900 x 600 figure; NSW-only code,Original PDFs/rm2-14l_d.pdf
TM3-3(D),Slippery When Wet (Symbolic) (Mms Insert - To Be used on Multi Message Sign panels Only),Temporary Signs,SLIPPERY_WHEN_WET_SYMBOLIC_MMS_INSERT_TO_BE_USED_ON_MULTI_MESSAGE_SIGN_PANELS_ON_TM3-3(D).svg,600x888 mm,size from the sheet's 900 x 600 figure; NSW-only code,Original PDFs/tm3-3_d.pdf
RM2-14n(L)(C),Left Only (Mms Insert - To Be used on Multi Message Sign panels Only),Regulatory Signs,,,no drawing found on the sheet,Original PDFs/rm2-14l_c.pdf
TM3-14(D),Loose Surface (Mms Insert - To Be used on Multi Message Sign panels Only),Temporary Signs,LOOSE_SURFACE_MMS_INSERT_TO_BE_USED_ON_MULTI_MESSAGE_SIGN_PANELS_ONLY_TM3-14(D).svg,600x888 mm,size from the sheet's 900 x 600 figure; NSW-only code,Original PDFs/tm3-14_d.pdf
TM3-14(A),Loose Surface (Mms Insert - To Be used on Multi Message Sign panels Only),Temporary Signs,LOOSE_SURFACE_MMS_INSERT_TO_BE_USED_ON_MULTI_MESSAGE_SIGN_PANELS_ONLY_TM3-14(A).svg,600x600 mm,size from the sheet's 600 x 600 figure; NSW-only code,Original PDFs/tm3-14_a.pdf
TM3-16-1n(D),x km/hr (MMS Insert - To Be used on Multi Message Sign Panels Only),Temporary Signs,X_KM_HR_MMS_INSERT_TO_BE_USED_ON_MULTI_MESSAGE_SIGN_PANELS_ONLY_TM3-16-1n(D).svg,600x888 mm,size from the sheet's 900 x 600 figure; NSW-only code,Original PDFs/tm3-16-1_d.pdf
TM3-16-1(A),X(km/hr) (Mms Insert - To Be used on Multi Message Sign panels Only),Temporary Signs,X_KM_HR_MMS_INSERT_TO_BE_USED_ON_MULTI_MESSAGE_SIGN_PANELS_ONLY_TM3-16-1(A).svg,600x600 mm,size from the sheet's 600 x 600 figure; NSW-only code,Original PDFs/tm3-16-1_a.pdf
TM3-9(B),Loose Stones - Avoid Windscreen Damage (symbolic) (Mms Insert - To Be used on Multi Message Sign panels Only),Temporary Signs,,,no drawing found on the sheet,Original PDFs/tm3-9_b.pdf
TM3-9(A),Loose Stones - Avoid Windscreen Damage (symbolic) (Mms Insert - To Be used on Multi Message Sign panels Only),Temporary Signs,LOOSE_STONES_AVOID_WINDSCREEN_DAMAGE_SYMBOLIC_MMS_INSERT_TO_BE_USED_ON_MULTI_MES_TM3-9(A).svg,600x600 mm,size from the sheet's 600 x 600 figure; NSW-only code,Original PDFs/tm3-9_a.pdf
TM3-7(D),Rough Surface (Symbolic) (Mms Insert - To Be used on Multi Message Sign panels Only),Temporary Signs,ROUGH_SURFACE_SYMBOLIC_MMS_INSERT_TO_BE_USED_ON_MULTI_MESSAGE_SIGN_PANELS_ONLY_TM3-7(D).svg,600x888 mm,size from the sheet's 900 x 600 figure; NSW-only code,Original PDFs/tm3-7_d.pdf
TM3-9(D),Loose Stones (Symbolic) (Mms Insert - To Be used on Multi Message Sign panels Only),Temporary Signs,LOOSE_STONES_SYMBOLIC_MMS_INSERT_TO_BE_USED_ON_MULTI_MESSAGE_SIGN_PANELS_ONLY_TM3-9(D).svg,600x888 mm,size from the sheet's 900 x 600 figure; NSW-only code,Original PDFs/tm3-9_d.pdf
RM2-14n(R)(B),Right Only (Mms Insert - To Be used on Multi Message Sign panels Only),Regulatory Signs,,,no drawing found on the sheet,Original PDFs/rm2-14r_b.pdf
TM3-7(B),Rough Surface (Mms Insert - To Be used on Multi Message Sign panels Only),Temporary Signs,,,no drawing found on the sheet,Original PDFs/tm3-7_b.pdf
TM3-7(A),Rough Surface (Mms Insert - To Be used on Multi Message Sign panels Only),Temporary Signs,ROUGH_SURFACE_MMS_INSERT_TO_BE_USED_ON_MULTI_MESSAGE_SIGN_PANELS_ONLY_TM3-7(A).svg,600x600 mm,size from the sheet's 600 x 600 figure; NSW-only code,Original PDFs/tm3-7_a.pdf
RM2-14(R)(A),All Traffic (Left Symbolic) Only (Mms Insert - To Be used on Multi Message Sign panels Only),Regulatory Signs,ALL_TRAFFIC_LEFT_SYMBOLIC_ONLY_MMS_INSERT_TO_BE_USED_ON_MULTI_MESSAGE_SIGN_PANEL_RM2-14(R)(A).svg,600x600 mm,size from the sheet's 600 x 600 figure; NSW-only code,Original PDFs/rm2-14r_a.pdf
TM4-5n(D),Power Line Works In Progress (Mms Insert - To Be used on Multi Message Sign panels Only),Temporary Signs,POWER_LINE_WORKS_IN_PROGRESS_MMS_INSERT_TO_BE_USED_ON_MULTI_MESSAGE_SIGN_PANELS__TM4-5n(D).svg,600x888 mm,size from the sheet's 900 x 600 figure; NSW-only code,Original PDFs/tm4-5_d.pdf
TM4-5(C),Power Line Works In Progress (Mms Insert - To Be used on Multi Message Sign panels Only),Temporary Signs,POWER_LINE_WORKS_IN_PROGRESS_MMS_INSERT_TO_BE_USED_ON_MULTI_MESSAGE_SIGN_PANELS__TM4-5(C).svg,1200x612 mm,size from the sheet's 600 x 1200 figure; NSW-only code,Original PDFs/tm4-5_c.pdf
TM4-3n(D),End Blasting Area (Mms Insert - To Be used on Multi Message Sign panels Only),Temporary Signs,END_BLASTING_AREA_MMS_INSERT_TO_BE_USED_ON_MULTI_MESSAGE_SIGN_PANELS_ONLY_TM4-3n(D).svg,600x888 mm,size from the sheet's 900 x 600 figure; NSW-only code,Original PDFs/tm4-3_d.pdf
TM4-3(C),End Blasting Area (Mms Insert - To Be used on Multi Message Sign panels Only),Temporary Signs,,,no drawing found on the sheet,Original PDFs/tm4-3_c.pdf
RM2-14n(R)(C),Right Only (Mms Insert - To Be used on Multi Message Sign panels Only),Regulatory Signs,,,no drawing found on the sheet,Original PDFs/rm2-14r_c.pdf
TM4-6n(D),Smoke Hazard (Mms Insert - To Be used on Multi Message Sign panels Only),Temporary Signs,SMOKE_HAZARD_MMS_INSERT_TO_BE_USED_ON_MULTI_MESSAGE_SIGN_PANELS_ONLY_TM4-6n(D).svg,600x888 mm,size from the sheet's 900 x 600 figure; NSW-only code,Original PDFs/tm4-6_d.pdf
RM2-14n(R)(D),All Traffic (Right Symbolic) (Mms Insert - To Be used on Multi Message Sign panels Only),Regulatory Signs,ALL_TRAFFIC_RIGHT_SYMBOLIC_MMS_INSERT_TO_BE_USED_ON_MULTI_MESSAGE_SIGN_PANELS_ON_RM2-14n(R)(D).svg,600x888 mm,size from the sheet's 900 x 600 figure; NSW-only code,Original PDFs/rm2-14r_d.pdf
TM5-1n(D)(S),Detour (Arrow Straight) (Mms Insert - To Be used on Multi Message Sign panels Only),Temporary Signs,DETOUR_ARROW_STRAIGHT_MMS_INSERT_TO_BE_USED_ON_MULTI_MESSAGE_SIGN_PANELS_ONLY_TM5-1n(D)(S).svg,600x888 mm,size from the sheet's 900 x 600 figure; NSW-only code,Original PDFs/tm5-1s_d.pdf
TM5-1(S)(B),Detour (Straight Arrow) (Mms Insert - To Be used on Multi Message Sign panels Only),Temporary Signs,,,no drawing found on the sheet,Original PDFs/tm5-1s_b.pdf
TM5-1(R)(B),Detour (Right Arrow) (Mms Insert - To Be used on Multi Message Sign panels Only),Temporary Signs,,,no drawing found on the sheet,Original PDFs/tm5-1r_b.pdf
TM5-1(L)(B),Detour (Left Arrow) (Mms Insert - To Be used on Multi Message Sign panels Only),Temporary Signs,,,no drawing found on the sheet,Original PDFs/tm5-1l_b.pdf
TM3-6(A),Soft Edges (Mms Insert - To Be used on Multi Message Sign panels Only),Temporary Signs,SOFT_EDGES_MMS_INSERT_TO_BE_USED_ON_MULTI_MESSAGE_SIGN_PANELS_ONLY_TM3-6(A).svg,600x600 mm,size from the sheet's 600 x 600 figure; NSW-only code,Original PDFs/tm3-6_a.pdf
TM3-6(B),Soft Edges (Mms Insert - To Be used on Multi Message Sign panels Only),Temporary Signs,,,no drawing found on the sheet,Original PDFs/tm3-6_b.pdf
TM5-5n(D),Temporary Hazard Marker (Mms Insert - To Be used on Multi Message Sign panels Only),Temporary Signs,TEMPORARY_HAZARD_MARKER_MMS_INSERT_TO_BE_USED_ON_MULTI_MESSAGE_SIGN_PANELS_ONLY_TM5-5n(D).svg,600x888 mm,size from the sheet's 900 x 600 figure; NSW-only code,Original PDFs/tm5-5_d.pdf
TM5-1n(L)(D),Detour (Arrow Left) (Mms Insert - To Be used on Multi Message Sign panels Only),Temporary Signs,DETOUR_ARROW_LEFT_MMS_INSERT_TO_BE_USED_ON_MULTI_MESSAGE_SIGN_PANELS_ONLY_TM5-1n(L)(D).svg,600x888 mm,size from the sheet's 900 x 600 figure; NSW-only code,Original PDFs/tm5-1l_d.pdf
RM2-4n(D),No Entry (Mms Insert - To Be used on Multi Message Sign panels Only),Regulatory Signs,NO_ENTRY_MMS_INSERT_TO_BE_USED_ON_MULTI_MESSAGE_SIGN_PANELS_ONLY_RM2-4n(D).svg,600x888 mm,size from the sheet's 900 x 600 figure; NSW-only code,Original PDFs/rm2-4_d.pdf
TM5-6n(D),Arrow Marker (Mms Insert - To Be used on Multi Message Sign panels Only),Temporary Signs,ARROW_MARKER_MMS_INSERT_TO_BE_USED_ON_MULTI_MESSAGE_SIGN_PANELS_ONLY_TM5-6n(D).svg,600x888 mm,size from the sheet's 900 x 600 figure; NSW-only code,Original PDFs/tm5-6_d.pdf
TM3-6(D),Soft Edges (Mms Insert - To Be used on Multi Message Sign panels Only),Temporary Signs,SOFT_EDGES_MMS_INSERT_TO_BE_USED_ON_MULTI_MESSAGE_SIGN_PANELS_ONLY_TM3-6(D).svg,600x888 mm,size from the sheet's 900 x 600 figure; NSW-only code,Original PDFs/tm3-6_d.pdf
RM2-4n(B),No Entry (Mms Insert - To Be used on Multi Message Sign panels Only),Regulatory Signs,,,no drawing found on the sheet,Original PDFs/rm2-4_b.pdf
RM2-4(A),No Entry (Mms Insert - To Be used on Multi Message Sign panels Only),Regulatory Signs,NO_ENTRY_MMS_INSERT_TO_BE_USED_ON_MULTI_MESSAGE_SIGN_PANELS_ONLY_RM2-4(A).svg,600x600 mm,size from the sheet's 600 x 600 figure; NSW-only code,Original PDFs/rm2-4_a.pdf
TM5-5n(A),Temporary Hazard Marker (Mms Insert - To Be used on Multi Message Sign panels Only),Temporary Signs,TEMPORARY_HAZARD_MARKER_MMS_INSERT_TO_BE_USED_ON_MULTI_MESSAGE_SIGN_PANELS_ONLY_TM5-5n(A).svg,600x600 mm,size from the sheet's 600 x 600 figure; NSW-only code,Original PDFs/tm5-5_a.pdf
TM5-6(A),Arrow Marker (Mms Insert - To Be used on Multi Message Sign panels Only),Temporary Signs,ARROW_MARKER_MMS_INSERT_TO_BE_USED_ON_MULTI_MESSAGE_SIGN_PANELS_ONLY_TM5-6(A).svg,600x600 mm,size from the sheet's 600 x 600 figure; NSW-only code,Original PDFs/tm5-6_a.pdf
RM2-6n(R)(B),No Right Turn (Symbolic) (Mms Insert - To Be used on Multi Message Sign panels Only),Regulatory Signs,,,no drawing found on the sheet,Original PDFs/rm2-6n_r_b.pdf
RM2-6n(R)(D),No Right Turn (Symbolic) (Mms Insert - To Be used on Multi Message Sign panels Only),Regulatory Signs,NO_RIGHT_TURN_SYMBOLIC_MMS_INSERT_TO_BE_USED_ON_MULTI_MESSAGE_SIGN_PANELS_ONLY_RM2-6n(R)(D).svg,600x888 mm,size from the sheet's 900 x 600 figure; NSW-only code,Original PDFs/rm2-6n_r_d.pdf
RM2-6n(R)(C),No Right Turn (Symbolic) (Mms Insert - To Be used on Multi Message Sign panels Only),Regulatory Signs,NO_RIGHT_TURN_SYMBOLIC_MMS_INSERT_TO_BE_USED_ON_MULTI_MESSAGE_SIGN_PANELS_ONLY_RM2-6n(R)(C).svg,1200x612 mm,size from the sheet's 600 x 1200 figure; NSW-only code,Original PDFs/rm2-6n_r_c.pdf
RM2-6n(L)(B),No Left Turn (Symbolic) (Mms Insert - To Be used on Multi Message Sign panels Only),Regulatory Signs,,,no drawing found on the sheet,Original PDFs/rm2-6n_l_b.pdf
RM2-6n(L)(D) -,No Left Turn (Symbolic) (Mms Insert - To Be used on Multi Message Sign panels Only),Regulatory Signs,NO_LEFT_TURN_SYMBOLIC_MMS_INSERT_TO_BE_USED_ON_MULTI_MESSAGE_SIGN_PANELS_ONLY_RM2-6n(L)(D)-.svg,600x888 mm,size from the sheet's 900 x 600 figure; NSW-only code,Original PDFs/rm2-6n_l_d.pdf
RM2-6n(L)(C),No Left Turn (Symbolic) (Mms Insert - To Be used on Multi Message Sign panels Only),Regulatory Signs,,,no drawing found on the sheet,Original PDFs/rm2-6n_l_c.pdf
RM2-7n(A),No Turns (Symbolic) Only (Mms Insert - To Be used on Multi Message Sign panels Only),Regulatory Signs,NO_TURNS_SYMBOLIC_ONLY_MMS_INSERT_TO_BE_USED_ON_MULTI_MESSAGE_SIGN_PANELS_ONLY_RM2-7n(A).svg,600x600 mm,size from the sheet's 600 x 600 figure; NSW-only code,Original PDFs/rm2-7_a.pdf
TM5-1n(D)(R),Detour (Arrow Right) (Mms Insert - To Be used on Multi Message Sign panels Only),Temporary Signs,DETOUR_ARROW_RIGHT_MMS_INSERT_TO_BE_USED_ON_MULTI_MESSAGE_SIGN_PANELS_ONLY_TM5-1n(D)(R).svg,600x888 mm,size from the sheet's 900 x 600 figure; NSW-only code,Original PDFs/tm5-1r_d.pdf
RM2-7n(C),No Turns (Symbolic) Only (Mms Insert - To Be used on Multi Message Sign panels Only),Regulatory Signs,,,no drawing found on the sheet,Original PDFs/rm2-7_c.pdf
RM6-1n(D),No Overtaking Or Passing (Mms Insert - To Be used on Multi Message Sign panels Only),Regulatory Signs,NO_OVERTAKING_OR_PASSING_MMS_INSERT_TO_BE_USED_ON_MULTI_MESSAGE_SIGN_PANELS_ONLY_RM6-1n(D).svg,600x888 mm,size from the sheet's 900 x 600 figure; NSW-only code,Original PDFs/rm6-1_d.pdf
RM6-1(C),No Overtaking Or Passing (Mms Insert - To Be used on Multi Message Sign panels Only),Regulatory Signs,NO_OVERTAKING_OR_PASSING_MMS_INSERT_TO_BE_USED_ON_MULTI_MESSAGE_SIGN_PANELS_ONLY_RM6-1(C).svg,1200x612 mm,size from the sheet's 600 x 1200 figure; NSW-only code,Original PDFs/rm6-1_c.pdf
RM9-9(D),One Lane (Mms Insert - To Be used on Multi Message Sign panels Only),Regulatory Signs,ONE_LANE_MMS_INSERT_TO_BE_USED_ON_MULTI_MESSAGE_SIGN_PANELS_ONLY_RM9-9(D).svg,600x888 mm,size from the sheet's 900 x 600 figure; NSW-only code,Original PDFs/rm9-9_d.pdf
RM9-9(A),One Lane (Mms Insert - To Be used on Multi Message Sign panels Only),Regulatory Signs,ONE_LANE_MMS_INSERT_TO_BE_USED_ON_MULTI_MESSAGE_SIGN_PANELS_ONLY_RM9-9(A).svg,600x600 mm,size from the sheet's 600 x 600 figure; NSW-only code,Original PDFs/rm9-9_a.pdf
W1-1(R),Turn Right (Symbolic),Warning Signs,TURN_RIGHT_SYMBOLIC_W1-1(R).svg,863x828 mm,no size found on the sheet; drawn at 1:10 — check; triangulated CAD export unioned; drawn at 2 sizes on the sheet; largest kept; code also in the national AS 1743 set,Original PDFs/w1-1_r.pdf
W1-1(R),Turn Right (Symbolic),Warning Signs,TURN_RIGHT_SYMBOLIC_VAR2_W1-1(R).svg,517x517 mm,no size found on the sheet; drawn at 1:10 — check; triangulated CAD export unioned; drawn at 2 sizes on the sheet; largest kept; code also in the national AS 1743 set,Original PDFs/w1-1_r.pdf
RM2-7n(D),No Turns (Symbolic) Only (Mms Insert - To Be used on Multi Message Sign panels Only),Regulatory Signs,NO_TURNS_SYMBOLIC_ONLY_MMS_INSERT_TO_BE_USED_ON_MULTI_MESSAGE_SIGN_PANELS_ONLY_RM2-7n(D).svg,600x888 mm,size from the sheet's 900 x 600 figure; NSW-only code,Original PDFs/rm2-7_d.pdf
W1-4(R),Reverse Curve (Right Symbolic),Warning Signs,REVERSE_CURVE_RIGHT_SYMBOLIC_W1-4(R).svg,865x878 mm,no size found on the sheet; drawn at 1:10 — check; triangulated CAD export unioned; drawn at 2 sizes on the sheet; largest kept; code also in the national AS 1743 set,Original PDFs/w1-4_r.pdf
W1-4(R),Reverse Curve (Right Symbolic),Warning Signs,REVERSE_CURVE_RIGHT_SYMBOLIC_VAR2_W1-4(R).svg,517x518 mm,no size found on the sheet; drawn at 1:10 — check; triangulated CAD export unioned; code also in the national AS 1743 set,Original PDFs/w1-4_r.pdf
W1-4(R),Reverse Curve (Right Symbolic),Warning Signs,REVERSE_CURVE_RIGHT_SYMBOLIC_VAR3_W1-4(R).svg,414x442 mm,no size found on the sheet; drawn at 1:10 — check; triangulated CAD export unioned; code also in the national AS 1743 set,Original PDFs/w1-4_r.pdf
W1-4(L),Reverse Curve (Left Symbolic),Warning Signs,REVERSE_CURVE_LEFT_SYMBOLIC_W1-4(L).svg,879x890 mm,no size found on the sheet; drawn at 1:10 — check; background assumed to be a white rectangle (outline drawn as loose strokes) — check; triangulated CAD export unioned; code also in the national AS 1743 set,Original PDFs/w1-4_l.pdf
W1-4(L),Reverse Curve (Left Symbolic),Warning Signs,REVERSE_CURVE_LEFT_SYMBOLIC_VAR2_W1-4(L).svg,808x667 mm,no size found on the sheet; drawn at 1:10 — check; background assumed to be a white rectangle (outline drawn as loose strokes) — check; triangulated CAD export unioned; drawn at 3 sizes on the sheet; largest kept; code also in the national AS 1743 set,Original PDFs/w1-4_l.pdf
W1-2(R),Reverse Turn (Right Symbolic),Warning Signs,REVERSE_TURN_RIGHT_SYMBOLIC_W1-2(R).svg,865x828 mm,no size found on the sheet; drawn at 1:10 — check; triangulated CAD export unioned; drawn at 2 sizes on the sheet; largest kept; code also in the national AS 1743 set,Original PDFs/w1-2_r.pdf
W1-2(R),Reverse Turn (Right Symbolic),Warning Signs,REVERSE_TURN_RIGHT_SYMBOLIC_VAR2_W1-2(R).svg,517x517 mm,no size found on the sheet; drawn at 1:10 — check; triangulated CAD export unioned; drawn at 2 sizes on the sheet; largest kept; code also in the national AS 1743 set,Original PDFs/w1-2_r.pdf
W1-5(R),Winding Road (Right Symbolic),Warning Signs,WINDING_ROAD_RIGHT_SYMBOLIC_W1-5(R).svg,879x880 mm,no size found on the sheet; drawn at 1:10 — check; background assumed to be a white rectangle (outline drawn as loose strokes) — check; triangulated CAD export unioned; code also in the national AS 1743 set,Original PDFs/w1-5_r.pdf
W1-5(R),Winding Road (Right Symbolic),Warning Signs,WINDING_ROAD_RIGHT_SYMBOLIC_VAR2_W1-5(R).svg,806x657 mm,no size found on the sheet; drawn at 1:10 — check; background assumed to be a white rectangle (outline drawn as loose strokes) — check; triangulated CAD export unioned; drawn at 2 sizes on the sheet; largest kept; code also in the national AS 1743 set,Original PDFs/w1-5_r.pdf
W1-5(R),Winding Road (Right Symbolic),Warning Signs,WINDING_ROAD_RIGHT_SYMBOLIC_VAR3_W1-5(R).svg,538x434 mm,no size found on the sheet; drawn at 1:10 — check; background assumed to be a white rectangle (outline drawn as loose strokes) — check; triangulated CAD export unioned; code also in the national AS 1743 set,Original PDFs/w1-5_r.pdf
W1-7(R),Hairpin Bend (Right Symbolic),Warning Signs,HAIRPIN_BEND_RIGHT_SYMBOLIC_W1-7(R).svg,960x880 mm,no size found on the sheet; drawn at 1:10 — check; background assumed to be a white rectangle (outline drawn as loose strokes) — check; triangulated CAD export unioned; code also in the national AS 1743 set,Original PDFs/w1-7_r.pdf
W1-7(R),Hairpin Bend (Right Symbolic),Warning Signs,HAIRPIN_BEND_RIGHT_SYMBOLIC_VAR2_W1-7(R).svg,732x657 mm,no size found on the sheet; drawn at 1:10 — check; background assumed to be a white rectangle (outline drawn as loose strokes) — check; triangulated CAD export unioned; code also in the national AS 1743 set,Original PDFs/w1-7_r.pdf
W1-7(R),Hairpin Bend (Right Symbolic),Warning Signs,HAIRPIN_BEND_RIGHT_SYMBOLIC_VAR3_W1-7(R).svg,659x545 mm,no size found on the sheet; drawn at 1:10 — check; background assumed to be a white rectangle (outline drawn as loose strokes) — check; triangulated CAD export unioned; code also in the national AS 1743 set,Original PDFs/w1-7_r.pdf
W1-7(R),Hairpin Bend (Right Symbolic),Warning Signs,HAIRPIN_BEND_RIGHT_SYMBOLIC_VAR4_W1-7(R).svg,529x434 mm,no size found on the sheet; drawn at 1:10 — check; background assumed to be a white rectangle (outline drawn as loose strokes) — check; triangulated CAD export unioned; code also in the national AS 1743 set,Original PDFs/w1-7_r.pdf
WM3-2n(D),Give Way Sign Ahead (Symbolic) (Mms Insert - To Be used on Multi Message Sign panels Only),Warning Signs,GIVE_WAY_SIGN_AHEAD_SYMBOLIC_MMS_INSERT_TO_BE_USED_ON_MULTI_MESSAGE_SIGN_PANELS__WM3-2n(D).svg,600x888 mm,size from the sheet's 900 x 600 figure; NSW-only code,Original PDFs/wm3-2_d.pdf
WM3-2(A),Give Way Sign Ahead (Symbolic) (Mms Insert - To Be used on Multi Message Sign panels Only),Warning Signs,GIVE_WAY_SIGN_AHEAD_SYMBOLIC_MMS_INSERT_TO_BE_USED_ON_MULTI_MESSAGE_SIGN_PANELS__WM3-2(A).svg,600x600 mm,size from the sheet's 600 x 600 figure; NSW-only code,Original PDFs/wm3-2_a.pdf
W9-2(L),Modified T Intersection (Priority Road exits Side Road) (Symbolic Left),Warning Signs,MODIFIED_T_INTERSECTION_PRIORITY_ROAD_EXITS_SIDE_ROAD_SYMBOLIC_LEFT_W9-2(L).svg,1200x1200 mm,size from the sheet's 1200 x 1200 figure; background assumed to be a white rectangle (outline drawn as loose strokes) — check; triangulated CAD export unioned; drawn at 3 sizes on the sheet; largest kept; code also in the national AS 1743 set,Original PDFs/w9-2_l.pdf
W9-3(R),Modified Cross Intersection (Priority Road Continues) (Symbolic Right),Warning Signs,MODIFIED_CROSS_INTERSECTION_PRIORITY_ROAD_CONTINUES_SYMBOLIC_RIGHT_W9-3(R).svg,1200x1201 mm,size from the sheet's 1200 x 1200 figure; triangulated CAD export unioned; drawn at 3 sizes on the sheet; largest kept; code also in the national AS 1743 set,Original PDFs/w9-3_r.pdf
W9-1(R),Modified T Intersection (Priority Road Enters Side Road) (Symbolic Right),Warning Signs,MODIFIED_T_INTERSECTION_PRIORITY_ROAD_ENTERS_SIDE_ROAD_SYMBOLIC_RIGHT_W9-1(R).svg,1200x1201 mm,size from the sheet's 1200 x 1200 figure; triangulated CAD export unioned; drawn at 3 sizes on the sheet; largest kept; code also in the national AS 1743 set,Original PDFs/w9-1_r.pdf
W9-3(L),Modified Cross Road (Priority Road Continues) (Symbolic Left),Warning Signs,MODIFIED_CROSS_ROAD_PRIORITY_ROAD_CONTINUES_SYMBOLIC_LEFT_W9-3(L).svg,1200x1201 mm,size from the sheet's 1200 x 1200 figure; background assumed to be a white rectangle (outline drawn as loose strokes) — check; triangulated CAD export unioned; drawn at 3 sizes on the sheet; largest kept; code also in the national AS 1743 set,Original PDFs/w9-3_l.pdf
W9-1(L),Modified T Intersection (Priority Road Enters Side Road) (Symbolic Left),Warning Signs,MODIFIED_T_INTERSECTION_PRIORITY_ROAD_ENTERS_SIDE_ROAD_SYMBOLIC_LEFT_W9-1(L).svg,1200x1201 mm,size from the sheet's 1200 x 1200 figure; background assumed to be a white rectangle (outline drawn as loose strokes) — check; triangulated CAD export unioned; drawn at 3 sizes on the sheet; largest kept; code also in the national AS 1743 set,Original PDFs/w9-1_l.pdf
W8-3(R),On Side Road (Right Arrow),Warning Signs,ON_SIDE_ROAD_RIGHT_ARROW_W8-3(R).svg,949x621 mm,no size found on the sheet; drawn at 1:10 — check; triangulated CAD export unioned; code also in the national AS 1743 set,Original PDFs/w8-3_r.pdf
W8-3(R),On Side Road (Right Arrow),Warning Signs,ON_SIDE_ROAD_RIGHT_ARROW_VAR2_W8-3(R).svg,812x534 mm,no size found on the sheet; drawn at 1:10 — check; triangulated CAD export unioned; code also in the national AS 1743 set,Original PDFs/w8-3_r.pdf
W8-3(R),On Side Road (Right Arrow),Warning Signs,ON_SIDE_ROAD_RIGHT_ARROW_VAR3_W8-3(R).svg,781x522 mm,no size found on the sheet; drawn at 1:10 — check; triangulated CAD export unioned; code also in the national AS 1743 set,Original PDFs/w8-3_r.pdf
W8-3(R),On Side Road (Right Arrow),Warning Signs,ON_SIDE_ROAD_RIGHT_ARROW_VAR4_W8-3(R).svg,651x509 mm,no size found on the sheet; drawn at 1:10 — check; triangulated CAD export unioned; code also in the national AS 1743 set,Original PDFs/w8-3_r.pdf
W8-3(L),On Side Road (left arrow),Warning Signs,ON_SIDE_ROAD_LEFT_ARROW_W8-3(L).svg,1135x603 mm,no size found on the sheet; drawn at 1:10 — check; background assumed to be a white rectangle (outline drawn as loose strokes) — check; triangulated CAD export unioned; code also in the national AS 1743 set,Original PDFs/w8-3_l.pdf
W8-3(L),On Side Road (left arrow),Warning Signs,ON_SIDE_ROAD_LEFT_ARROW_VAR2_W8-3(L).svg,864x621 mm,no size found on the sheet; drawn at 1:10 — check; background assumed to be a white rectangle (outline drawn as loose strokes) — check; triangulated CAD export unioned; code also in the national AS 1743 set,Original PDFs/w8-3_l.pdf
W8-3(L),On Side Road (left arrow),Warning Signs,ON_SIDE_ROAD_LEFT_ARROW_VAR3_W8-3(L).svg,818x522 mm,no size found on the sheet; drawn at 1:10 — check; background assumed to be a white rectangle (outline drawn as loose strokes) — check; triangulated CAD export unioned; code also in the national AS 1743 set,Original PDFs/w8-3_l.pdf
W8-3(L),On Side Road (left arrow),Warning Signs,ON_SIDE_ROAD_LEFT_ARROW_VAR4_W8-3(L).svg,600x509 mm,no size found on the sheet; drawn at 1:10 — check; triangulated CAD export unioned; code also in the national AS 1743 set,Original PDFs/w8-3_l.pdf
W8-5,Distance Plate (x) m,Warning Signs,DISTANCE_PLATE_X_M_W8-5.svg,1201x276 mm,no size found on the sheet; drawn at 1:10 — check; triangulated CAD export unioned; drawn at 2 sizes on the sheet; largest kept; code also in the national AS 1743 set,Original PDFs/w8-5.pdf
W8-5,Distance Plate (x) m,Warning Signs,DISTANCE_PLATE_X_M_VAR2_W8-5.svg,911x284 mm,no size found on the sheet; drawn at 1:10 — check; background assumed to be a white rectangle (outline drawn as loose strokes) — check; triangulated CAD export unioned; code also in the national AS 1743 set,Original PDFs/w8-5.pdf
W8-5,Distance Plate (x) m,Warning Signs,DISTANCE_PLATE_X_M_VAR3_W8-5.svg,901x207 mm,no size found on the sheet; drawn at 1:10 — check; triangulated CAD export unioned; code also in the national AS 1743 set,Original PDFs/w8-5.pdf
W8-8,When Frosty,Warning Signs,WHEN_FROSTY_W8-8.svg,1200x738 mm,size from the sheet's 1200 x 800 figure; drawn proportions differ from the stated size (1200 x 737.89 mm drawn) — check; triangulated CAD export unioned; code also in the national AS 1743 set,Original PDFs/w8-8.pdf
W8-8,When Frosty,Warning Signs,WHEN_FROSTY_VAR2_W8-8.svg,1200x790 mm,size from the sheet's 1200 x 800 figure; triangulated CAD export unioned; code also in the national AS 1743 set,Original PDFs/w8-8.pdf
W8-252n,Merging,Warning Signs,MERGING_W8-252n.svg,1333x509 mm,no size found on the sheet; drawn at 1:10 — check; background assumed to be a white rectangle (outline drawn as loose strokes) — check; triangulated CAD export unioned; NSW-only code,Original PDFs/w8-252n.pdf
W8-252n,Merging,Warning Signs,MERGING_VAR2_W8-252n.svg,997x396 mm,no size found on the sheet; drawn at 1:10 — check; triangulated CAD export unioned; NSW-only code,Original PDFs/w8-252n.pdf
W8-252n,Merging,Warning Signs,MERGING_VAR3_W8-252n.svg,843x351 mm,no size found on the sheet; drawn at 1:10 — check; background assumed to be a white rectangle (outline drawn as loose strokes) — check; triangulated CAD export unioned; NSW-only code,Original PDFs/w8-252n.pdf
W8-252n,Merging,Warning Signs,MERGING_VAR4_W8-252n.svg,829x336 mm,no size found on the sheet; drawn at 1:10 — check; background assumed to be a white rectangle (outline drawn as loose strokes) — check; triangulated CAD export unioned; NSW-only code,Original PDFs/w8-252n.pdf
W8-9,Under Snow,Warning Signs,UNDER_SNOW_W8-9.svg,1200x790 mm,size from the sheet's 1200 x 800 figure; triangulated CAD export unioned; code also in the national AS 1743 set,Original PDFs/w8-9.pdf
W8-9,Under Snow,Warning Signs,UNDER_SNOW_VAR2_W8-9.svg,1200x737 mm,size from the sheet's 1200 x 800 figure; drawn proportions differ from the stated size (1200 x 736.9 mm drawn) — check; triangulated CAD export unioned; code also in the national AS 1743 set,Original PDFs/w8-9.pdf
W8-7,When Wet,Warning Signs,WHEN_WET_W8-7.svg,1200x791 mm,size from the sheet's 1200 x 800 figure; triangulated CAD export unioned; code also in the national AS 1743 set,Original PDFs/w8-7.pdf
W8-7,When Wet,Warning Signs,WHEN_WET_VAR2_W8-7.svg,1200x790 mm,size from the sheet's 1200 x 800 figure; triangulated CAD export unioned; code also in the national AS 1743 set,Original PDFs/w8-7.pdf
W8-244n,Ahead,Warning Signs,AHEAD_W8-244n.svg,1200x278 mm,size from the sheet's 1200 x 400 figure; drawn proportions differ from the stated size (1200 x 277.9 mm drawn) — check; triangulated CAD export unioned; NSW-only code,Original PDFs/w8-244n.pdf
W8-244n,Ahead,Warning Signs,AHEAD_VAR2_W8-244n.svg,1200x348 mm,size from the sheet's 1200 x 400 figure; drawn proportions differ from the stated size (1200 x 347.51 mm drawn) — check; triangulated CAD export unioned; NSW-only code,Original PDFs/w8-244n.pdf
D4-1-2,Unidirectional hazard marker,Hazard Markers,UNIDIRECTIONAL_HAZARD_MARKER_D4-1-2.svg,450x450 mm,no size found on the sheet; drawn at 1:10 — check; background assumed to be a white rectangle (outline drawn as loose strokes) — check; triangulated CAD export unioned; code also in the national AS 1743 set,Original PDFs/d4-1-2.pdf
D4-2-2,Bidirectional Hazard marker,Hazard Markers,BIDIRECTIONAL_HAZARD_MARKER_D4-2-2.svg,400x1000 mm,no size found on the sheet; drawn at 1:10 — check; background assumed to be a white rectangle (outline drawn as loose strokes) — check; triangulated CAD export unioned; code also in the national AS 1743 set,Original PDFs/d4-2-2.pdf
D4-3,Width Marker,Hazard Markers,WIDTH_MARKER_D4-3.svg,450x900 mm,no size found on the sheet; drawn at 1:10 — check; NSW-only code,Original PDFs/d4-3.pdf
D4-3,Width Marker,Hazard Markers,WIDTH_MARKER_VAR2_D4-3.svg,450x900 mm,no size found on the sheet; drawn at 1:10 — check; background assumed to be a white rectangle (outline drawn as loose strokes) — check; NSW-only code,Original PDFs/d4-3.pdf
D4-7,Curve Alignment Marker x(km/h),Hazard Markers,CURVE_ALIGNMENT_MARKER_X_KM_H_D4-7.svg,750x863 mm,size from the sheet's 750 x 1400 figure; drawn proportions differ from the stated size (750 x 863.06 mm drawn) — check; NSW-only code,Original PDFs/d4-7.pdf
D4-7,Curve Alignment Marker x(km/h),Hazard Markers,CURVE_ALIGNMENT_MARKER_X_KM_H_VAR2_D4-7.svg,1400x750 mm,size from the sheet's 750 x 1400 figure; NSW-only code,Original PDFs/d4-7.pdf
D4-6,Curve Alignment Marker,Hazard Markers,CURVE_ALIGNMENT_MARKER_D4-6.svg,600x750 mm,size from the sheet's 750 x 600 figure; code also in the national AS 1743 set,Original PDFs/d4-6.pdf
G1-205n,Advance Direction - Bicycle Route (example only),Guide Signs,ADVANCE_DIRECTION_BICYCLE_ROUTE_EXAMPLE_ONLY_G1-205n.svg,855x700 mm,size from the sheet's 700 x 855 figure; NSW-only code,Original PDFs/g1-205n.pdf
G2-204-3n,Intersection Fingerboard - Bicycle Route ( 3 lines - left or right) ( example only),Guide Signs,INTERSECTION_FINGERBOARD_BICYCLE_ROUTE_3_LINES_LEFT_OR_RIGHT_EXAMPLE_ONLY_G2-204-3n.svg,365x832 mm,size from the sheet's 365 x 1270 figure; drawn proportions differ from the stated size (365 x 831.97 mm drawn) — check; background assumed to be a white rectangle (outline drawn as loose strokes) — check; NSW-only code,Original PDFs/g2-204-3n.pdf
G2-204-2n,Intersection Fingerboard - Bicycle Route ( 2 lines - left or right) (example only),Guide Signs,INTERSECTION_FINGERBOARD_BICYCLE_ROUTE_2_LINES_LEFT_OR_RIGHT_EXAMPLE_ONLY_G2-204-2n.svg,265x539 mm,size from the sheet's 265 x 1350 figure; drawn proportions differ from the stated size (265 x 538.59 mm drawn) — check; background assumed to be a white rectangle (outline drawn as loose strokes) — check; NSW-only code,Original PDFs/g2-204-2n.pdf
G2-204-4n,Intersection Fingerboard - Bicycle Route (4 lines - left or right) (example only),Guide Signs,INTERSECTION_FINGERBOARD_BICYCLE_ROUTE_4_LINES_LEFT_OR_RIGHT_EXAMPLE_ONLY_G2-204-4n.svg,465x2164 mm,size from the sheet's 465 x 1515 figure; drawn proportions differ from the stated size (465 x 2164.36 mm drawn) — check; background assumed to be a white rectangle (outline drawn as loose strokes) — check; NSW-only code,Original PDFs/g2-204-4n.pdf
G2-204-1n,Intersection Fingerboard - Bicycle Route (1 line - left or right) (example only),Guide Signs,INTERSECTION_FINGERBOARD_BICYCLE_ROUTE_1_LINE_LEFT_OR_RIGHT_EXAMPLE_ONLY_G2-204-1n.svg,165x233 mm,size from the sheet's 165 x 1080 figure; drawn proportions differ from the stated size (165 x 232.81 mm drawn) — check; background assumed to be a white rectangle (outline drawn as loose strokes) — check; NSW-only code,Original PDFs/g2-204-1n.pdf
W5-241n,Gaps In Deck,Warning Signs,GAPS_IN_DECK_W5-241n.svg,900x902 mm,size from the sheet's 900 x 900 figure; triangulated CAD export unioned; drawn at 3 sizes on the sheet; largest kept; NSW-only code,Original PDFs/w5-241n.pdf
W5-240n,Prepare To Stop (Cattle symbolic) Now Crossing,Warning Signs,PREPARE_TO_STOP_CATTLE_SYMBOLIC_NOW_CROSSING_W5-240n.svg,515x515 mm,no size found on the sheet; drawn at 1:10 — check; background assumed to be a white rectangle (outline drawn as loose strokes) — check; triangulated CAD export unioned; NSW-only code,Original PDFs/w5-240.pdf
W5-247n,Caution (Parked Cars Symbolic) Parked Cars,Warning Signs,CAUTION_PARKED_CARS_SYMBOLIC_PARKED_CARS_W5-247n.svg,278x1850 mm,no size found on the sheet; drawn at 1:10 — check; triangulated CAD export unioned; NSW-only code,Original PDFs/w5-247.pdf
W5-247n,Caution (Parked Cars Symbolic) Parked Cars,Warning Signs,CAUTION_PARKED_CARS_SYMBOLIC_PARKED_CARS_VAR2_W5-247n.svg,671x497 mm,no size found on the sheet; drawn at 1:10 — check; triangulated CAD export unioned; NSW-only code,Original PDFs/w5-247.pdf
W5-247n,Caution (Parked Cars Symbolic) Parked Cars,Warning Signs,CAUTION_PARKED_CARS_SYMBOLIC_PARKED_CARS_VAR3_W5-247n.svg,428x425 mm,no size found on the sheet; drawn at 1:10 — check; triangulated CAD export unioned; NSW-only code,Original PDFs/w5-247.pdf
W5-245n,Emergency Stop (Symbol),Warning Signs,EMERGENCY_STOP_SYMBOL_W5-245n.svg,1200x1201 mm,size from the sheet's 1200 x 1200 figure; triangulated CAD export unioned; drawn at 3 sizes on the sheet; largest kept; NSW-only code,Original PDFs/w5-245n.pdf
W5-35-1n(L),Added Lane (Left Symbolic) (Tunnel Use Only),Warning Signs,ADDED_LANE_LEFT_SYMBOLIC_TUNNEL_USE_ONLY_W5-35-1n(L).svg,2400x449 mm,size from the sheet's 450 x 2400 figure; NSW-only code,Original PDFs/w5-35-1n_l.pdf
W5-35(R),Added Lane ( Right Symbolic),Warning Signs,ADDED_LANE_RIGHT_SYMBOLIC_W5-35(R).svg,1200x1201 mm,size from the sheet's 1200 x 1200 figure; triangulated CAD export unioned; drawn at 2 sizes on the sheet; largest kept; code also in the national AS 1743 set,Original PDFs/w5-35_r.pdf
W5-37,Ambulance Station,Warning Signs,AMBULANCE_STATION_W5-37.svg,1001x967 mm,no size found on the sheet; drawn at 1:10 — check; triangulated CAD export unioned; code also in the national AS 1743 set,Original PDFs/w5-37.pdf
W5-37,Ambulance Station,Warning Signs,AMBULANCE_STATION_VAR2_W5-37.svg,803x805 mm,no size found on the sheet; drawn at 1:10 — check; triangulated CAD export unioned; drawn at 2 sizes on the sheet; largest kept; code also in the national AS 1743 set,Original PDFs/w5-37.pdf
W5-251n,Bus (Symbolic),Warning Signs,BUS_SYMBOLIC_W5-251n.svg,863x833 mm,no size found on the sheet; drawn at 1:10 — check; triangulated CAD export unioned; NSW-only code,Original PDFs/w5-251n.pdf
W5-251n,Bus (Symbolic),Warning Signs,BUS_SYMBOLIC_VAR2_W5-251n.svg,693x694 mm,no size found on the sheet; drawn at 1:10 — check; triangulated CAD export unioned; NSW-only code,Original PDFs/w5-251n.pdf
W5-251n,Bus (Symbolic),Warning Signs,BUS_SYMBOLIC_VAR3_W5-251n.svg,554x555 mm,no size found on the sheet; drawn at 1:10 — check; triangulated CAD export unioned; NSW-only code,Original PDFs/w5-251n.pdf
W5-29,Kangaroos (Symbolic),Warning Signs,KANGAROOS_SYMBOLIC_W5-29.svg,1200x1200 mm,size from the sheet's 1200 x 1200 figure; triangulated CAD export unioned; drawn at 3 sizes on the sheet; largest kept; code also in the national AS 1743 set,Original PDFs/w5-29.pdf
W5-30,Aircraft (symbolic),Warning Signs,AIRCRAFT_SYMBOLIC_W5-30.svg,1200x1200 mm,size from the sheet's 1200 x 1200 figure; triangulated CAD export unioned; drawn at 3 sizes on the sheet; largest kept; code also in the national AS 1743 set,Original PDFs/w5-30.pdf
W5-25n,Turning Traffic,Warning Signs,TURNING_TRAFFIC_W5-25n.svg,831x833 mm,no size found on the sheet; drawn at 1:10 — check; triangulated CAD export unioned; drawn at 3 sizes on the sheet; largest kept; NSW-only code,Original PDFs/w5-25n.pdf
W5-34-1n(L),Merging Traffic (Left Symbolic)(Tunnel Use Only),Warning Signs,MERGING_TRAFFIC_LEFT_SYMBOLIC_TUNNEL_USE_ONLY_W5-34-1n(L).svg,3400x599 mm,size from the sheet's 600 x 3400 figure; NSW-only code,Original PDFs/w5-34-1n_l.pdf
W5-35-1n(R),Added Lane (Right Symbolic) (Tunnel Use Only),Warning Signs,ADDED_LANE_RIGHT_SYMBOLIC_TUNNEL_USE_ONLY_W5-35-1n(R).svg,2400x449 mm,size from the sheet's 450 x 2400 figure; NSW-only code,Original PDFs/w5-35-1n_r.pdf
W5-34(R),Merging Traffic (Right Symbolic),Warning Signs,MERGING_TRAFFIC_RIGHT_SYMBOLIC_W5-34(R).svg,1200x1201 mm,size from the sheet's 1200 x 1200 figure; background assumed to be a white rectangle (outline drawn as loose strokes) — check; triangulated CAD export unioned; drawn at 3 sizes on the sheet; largest kept; code also in the national AS 1743 set,Original PDFs/w5-34_r.pdf
W5-34(L),Merging Traffic (Left Symbolic),Warning Signs,MERGING_TRAFFIC_LEFT_SYMBOLIC_W5-34(L).svg,1200x1201 mm,size from the sheet's 1200 x 1200 figure; triangulated CAD export unioned; drawn at 3 sizes on the sheet; largest kept; code also in the national AS 1743 set,Original PDFs/w5-34_l.pdf
W5-33,Slow Point,Warning Signs,SLOW_POINT_W5-33.svg,750x751 mm,size from the sheet's 750 x 750 figure; triangulated CAD export unioned; drawn at 2 sizes on the sheet; largest kept; code also in the national AS 1743 set,Original PDFs/w5-33.pdf
W5-34-1n(R),Merging Traffic (Right Symbolic) (Tunnel Use Only),Warning Signs,MERGING_TRAFFIC_RIGHT_SYMBOLIC_TUNNEL_USE_ONLY_W5-34-1n(R).svg,3300x599 mm,size from the sheet's 600 x 3300 figure; NSW-only code,Original PDFs/w5-34-1n_r.pdf
W5-35(L),Added Lane (Left Symbolic),Warning Signs,ADDED_LANE_LEFT_SYMBOLIC_W5-35(L).svg,1200x1200 mm,size from the sheet's 1200 x 1200 figure; triangulated CAD export unioned; drawn at 2 sizes on the sheet; largest kept; code also in the national AS 1743 set,Original PDFs/w5-35_l.pdf
W5-36,Fire Station,Warning Signs,FIRE_STATION_W5-36.svg,900x901 mm,size from the sheet's 900 x 900 figure; triangulated CAD export unioned; drawn at 3 sizes on the sheet; largest kept; code also in the national AS 1743 set,Original PDFs/w5-36.pdf
W5-38,Stock (Symbolic Sheep/Cattle),Warning Signs,STOCK_SYMBOLIC_SHEEP_CATTLE_W5-38.svg,1200x1201 mm,size from the sheet's 1200 x 1200 figure; triangulated CAD export unioned; drawn at 3 sizes on the sheet; largest kept; code also in the national AS 1743 set,Original PDFs/w5-38.pdf
W5-41,Tram (Symbolic),Warning Signs,TRAM_SYMBOLIC_W5-41.svg,900x901 mm,size from the sheet's 900 x 900 figure; triangulated CAD export unioned; drawn at 2 sizes on the sheet; largest kept; code also in the national AS 1743 set,Original PDFs/w5-41.pdf
W5-41,Tram (Symbolic),Warning Signs,TRAM_SYMBOLIC_VAR2_W5-41.svg,900x900 mm,size from the sheet's 900 x 900 figure; triangulated CAD export unioned; code also in the national AS 1743 set,Original PDFs/w5-41.pdf
W5-42(L),Fallen Rocks (Left Symbolic),Warning Signs,FALLEN_ROCKS_LEFT_SYMBOLIC_W5-42(L).svg,900x901 mm,size from the sheet's 900 x 900 figure; triangulated CAD export unioned; code also in the national AS 1743 set,Original PDFs/w5-42_l.pdf
W5-42(L),Fallen Rocks (Left Symbolic),Warning Signs,FALLEN_ROCKS_LEFT_SYMBOLIC_VAR2_W5-42(L).svg,900x900 mm,size from the sheet's 900 x 900 figure; triangulated CAD export unioned; code also in the national AS 1743 set,Original PDFs/w5-42_l.pdf
W5-42(L),Fallen Rocks (Left Symbolic),Warning Signs,FALLEN_ROCKS_LEFT_SYMBOLIC_VAR3_W5-42(L).svg,900x900 mm,size from the sheet's 900 x 900 figure; triangulated CAD export unioned; code also in the national AS 1743 set,Original PDFs/w5-42_l.pdf
W5-42(R),Fallen Rocks (Right Symbolic),Warning Signs,FALLEN_ROCKS_RIGHT_SYMBOLIC_W5-42(R).svg,900x901 mm,size from the sheet's 900 x 900 figure; triangulated CAD export unioned; code also in the national AS 1743 set,Original PDFs/w5-42_r.pdf
W5-42(R),Fallen Rocks (Right Symbolic),Warning Signs,FALLEN_ROCKS_RIGHT_SYMBOLIC_VAR2_W5-42(R).svg,900x900 mm,size from the sheet's 900 x 900 figure; triangulated CAD export unioned; drawn at 2 sizes on the sheet; largest kept; code also in the national AS 1743 set,Original PDFs/w5-42_r.pdf
w5-44,Camel (symbolic),Warning Signs,CAMEL_SYMBOLIC_w5-44.svg,900x900 mm,size from the sheet's 900 x 900 figure; triangulated CAD export unioned; drawn at 3 sizes on the sheet; largest kept; code also in the national AS 1743 set,Original PDFs/w5-44.pdf
W5-43,Uneven Surface,Warning Signs,UNEVEN_SURFACE_W5-43.svg,900x900 mm,size from the sheet's 900 x 900 figure; triangulated CAD export unioned; drawn at 2 sizes on the sheet; largest kept; code also in the national AS 1743 set,Original PDFs/w5-43.pdf
W5-43,Uneven Surface,Warning Signs,UNEVEN_SURFACE_VAR2_W5-43.svg,900x901 mm,size from the sheet's 900 x 900 figure; triangulated CAD export unioned; code also in the national AS 1743 set,Original PDFs/w5-43.pdf
W5-45,Emu (Symbolic),Warning Signs,EMU_SYMBOLIC_W5-45.svg,900x901 mm,size from the sheet's 900 x 900 figure; triangulated CAD export unioned; drawn at 3 sizes on the sheet; largest kept; code also in the national AS 1743 set,Original PDFs/w5-45.pdf
W5-50,Farm Machinery (Symbolic),Warning Signs,FARM_MACHINERY_SYMBOLIC_W5-50.svg,900x900 mm,size from the sheet's 900 x 900 figure; triangulated CAD export unioned; drawn at 3 sizes on the sheet; largest kept; code also in the national AS 1743 set,Original PDFs/w5-50.pdf
W5-46,Wild Horse (Symbolic),Warning Signs,WILD_HORSE_SYMBOLIC_W5-46.svg,900x902 mm,size from the sheet's 900 x 900 figure; triangulated CAD export unioned; code also in the national AS 1743 set,Original PDFs/w5-46.pdf
W5-46,Wild Horse (Symbolic),Warning Signs,WILD_HORSE_SYMBOLIC_VAR2_W5-46.svg,900x900 mm,size from the sheet's 900 x 900 figure; triangulated CAD export unioned; code also in the national AS 1743 set,Original PDFs/w5-46.pdf
W5-46,Wild Horse (Symbolic),Warning Signs,WILD_HORSE_SYMBOLIC_VAR3_W5-46.svg,900x901 mm,size from the sheet's 900 x 900 figure; triangulated CAD export unioned; code also in the national AS 1743 set,Original PDFs/w5-46.pdf
W5-48,Wombat (Symbolic),Warning Signs,WOMBAT_SYMBOLIC_W5-48.svg,900x900 mm,size from the sheet's 900 x 900 figure; triangulated CAD export unioned; drawn at 3 sizes on the sheet; largest kept; code also in the national AS 1743 set,Original PDFs/w5-48.pdf
W5-47,Koala (Symbolic),Warning Signs,KOALA_SYMBOLIC_W5-47.svg,900x901 mm,size from the sheet's 900 x 900 figure; triangulated CAD export unioned; drawn at 3 sizes on the sheet; largest kept; code also in the national AS 1743 set,Original PDFs/w5-47.pdf
W5-49,Wild Animals,Warning Signs,WILD_ANIMALS_W5-49.svg,900x902 mm,size from the sheet's 900 x 900 figure; triangulated CAD export unioned; drawn at 3 sizes on the sheet; largest kept; code also in the national AS 1743 set,Original PDFs/w5-49.pdf
W5-55-2n,Concealed Driveways,Warning Signs,CONCEALED_DRIVEWAYS_W5-55-2n.svg,899x880 mm,no size found on the sheet; drawn at 1:10 — check; background assumed to be a white rectangle (outline drawn as loose strokes) — check; triangulated CAD export unioned; NSW-only code,Original PDFs/w5-55-2.pdf
W5-55-2n,Concealed Driveways,Warning Signs,CONCEALED_DRIVEWAYS_VAR2_W5-55-2n.svg,750x727 mm,no size found on the sheet; drawn at 1:10 — check; background assumed to be a white rectangle (outline drawn as loose strokes) — check; triangulated CAD export unioned; NSW-only code,Original PDFs/w5-55-2.pdf
W5-55-2n,Concealed Driveways,Warning Signs,CONCEALED_DRIVEWAYS_VAR3_W5-55-2n.svg,649x578 mm,no size found on the sheet; drawn at 1:10 — check; background assumed to be a white rectangle (outline drawn as loose strokes) — check; triangulated CAD export unioned; NSW-only code,Original PDFs/w5-55-2.pdf
W5-55-1n,Concealed Driveway,Warning Signs,CONCEALED_DRIVEWAY_W5-55-1n.svg,899x880 mm,no size found on the sheet; drawn at 1:10 — check; background assumed to be a white rectangle (outline drawn as loose strokes) — check; triangulated CAD export unioned; NSW-only code,Original PDFs/w5-55-1.pdf
W5-55-1n,Concealed Driveway,Warning Signs,CONCEALED_DRIVEWAY_VAR2_W5-55-1n.svg,750x727 mm,no size found on the sheet; drawn at 1:10 — check; background assumed to be a white rectangle (outline drawn as loose strokes) — check; triangulated CAD export unioned; NSW-only code,Original PDFs/w5-55-1.pdf
W5-55-1n,Concealed Driveway,Warning Signs,CONCEALED_DRIVEWAY_VAR3_W5-55-1n.svg,648x578 mm,no size found on the sheet; drawn at 1:10 — check; background assumed to be a white rectangle (outline drawn as loose strokes) — check; triangulated CAD export unioned; NSW-only code,Original PDFs/w5-55-1.pdf
W6-10,Cyclist Hazard (Symbolic),Warning Signs,CYCLIST_HAZARD_SYMBOLIC_W6-10.svg,750x751 mm,size from the sheet's 750 x 750 figure; triangulated CAD export unioned; code also in the national AS 1743 set,Original PDFs/w6-10.pdf
W6-10,Cyclist Hazard (Symbolic),Warning Signs,CYCLIST_HAZARD_SYMBOLIC_VAR2_W6-10.svg,750x750 mm,size from the sheet's 750 x 750 figure; triangulated CAD export unioned; code also in the national AS 1743 set,Original PDFs/w6-10.pdf
W6-10,Cyclist Hazard (Symbolic),Warning Signs,CYCLIST_HAZARD_SYMBOLIC_VAR3_W6-10.svg,750x773 mm,size from the sheet's 750 x 750 figure; triangulated CAD export unioned; code also in the national AS 1743 set,Original PDFs/w6-10.pdf
W6-1,Pedestrian (symbolic),Warning Signs,PEDESTRIAN_SYMBOLIC_W6-1.svg,1200x1201 mm,size from the sheet's 1200 x 1200 figure; triangulated CAD export unioned; code also in the national AS 1743 set,Original PDFs/w6-1.pdf
W6-1,Pedestrian (symbolic),Warning Signs,PEDESTRIAN_SYMBOLIC_VAR2_W6-1.svg,1200x1201 mm,size from the sheet's 1200 x 1200 figure; triangulated CAD export unioned; drawn at 2 sizes on the sheet; largest kept; code also in the national AS 1743 set,Original PDFs/w6-1.pdf
W5-8,Low Level Bridge,Warning Signs,LOW_LEVEL_BRIDGE_W5-8.svg,1200x1200 mm,size from the sheet's 1200 x 1200 figure; triangulated CAD export unioned; drawn at 3 sizes on the sheet; largest kept; code also in the national AS 1743 set,Original PDFs/w5-8.pdf
W5-7-2,Floodways,Warning Signs,FLOODWAYS_W5-7-2.svg,1200x1200 mm,size from the sheet's 1200 x 1200 figure; triangulated CAD export unioned; drawn at 3 sizes on the sheet; largest kept; code also in the national AS 1743 set,Original PDFs/w5-7-2.pdf
W5-7-1,Floodway,Warning Signs,FLOODWAY_W5-7-1.svg,1200x1201 mm,size from the sheet's 1200 x 1200 figure; triangulated CAD export unioned; drawn at 3 sizes on the sheet; largest kept; code also in the national AS 1743 set,Original PDFs/w5-7-1.pdf
W5-6,Ford,Warning Signs,FORD_W5-6.svg,1200x1200 mm,size from the sheet's 1200 x 1200 figure; triangulated CAD export unioned; drawn at 3 sizes on the sheet; largest kept; code also in the national AS 1743 set,Original PDFs/w5-6.pdf
W7-12-2n(L),Rail Crossing On Side Road (symbolic - 'T' junction Left) Trucks Turning Prepare To Stop,Warning Signs,RAIL_CROSSING_ON_SIDE_ROAD_SYMBOLIC_T_JUNCTION_LEFT_TRUCKS_TURNING_PREPARE_TO_ST_W7-12-2n(L).svg,1600x2283 mm,size from the sheet's 1600 x 2280 figure; triangulated CAD export unioned; NSW-only code,Original PDFs/w7-12-2n_l.pdf
W7-12-2n,Rail Crossing On Side Road (symbolic - 'T' junction) Trucks Turning Prepare To Stop,Warning Signs,RAIL_CROSSING_ON_SIDE_ROAD_SYMBOLIC_T_JUNCTION_TRUCKS_TURNING_PREPARE_TO_STOP_W7-12-2n.svg,1600x2283 mm,size from the sheet's 1600 x 2280 figure; triangulated CAD export unioned; NSW-only code,Original PDFs/w7-12-2n.pdf
W7-12-1n(R),Railway Crossing Ahead Diagrammatic - Oblique Crossing On T Junction (R illustrated),Warning Signs,RAILWAY_CROSSING_AHEAD_DIAGRAMMATIC_OBLIQUE_CROSSING_ON_T_JUNCTION_R_ILLUSTRATED_W7-12-1n(R).svg,900x901 mm,size from the sheet's 900 x 900 figure; background assumed to be a white rectangle (outline drawn as loose strokes) — check; triangulated CAD export unioned; drawn at 3 sizes on the sheet; largest kept; NSW-only code,Original PDFs/w7-12-1n_r.pdf
W7-12-3n(R),Rail Crossing On Side Road (symbolic - 'T' junction Right) Keep Tracks Clear,Warning Signs,RAIL_CROSSING_ON_SIDE_ROAD_SYMBOLIC_T_JUNCTION_RIGHT_KEEP_TRACKS_CLEAR_W7-12-3n(R).svg,1400x1500 mm,size from the sheet's 1500 x 1400 figure; NSW-only code,Original PDFs/w7-12-3n_r.pdf
W7-12-3n(L),Rail Crossing On Side Road (symbolic - 'T' junction Left) Keep Tracks Clear,Warning Signs,RAIL_CROSSING_ON_SIDE_ROAD_SYMBOLIC_T_JUNCTION_LEFT_KEEP_TRACKS_CLEAR_W7-12-3n(L).svg,1400x1500 mm,size from the sheet's 1500 x 1400 figure; NSW-only code,Original PDFs/w7-12-3n_l.pdf
W7-12-3n,Rail Crossing On Side Road (symbolic - 'T' junction) Keep Tracks Clear,Warning Signs,RAIL_CROSSING_ON_SIDE_ROAD_SYMBOLIC_T_JUNCTION_KEEP_TRACKS_CLEAR_W7-12-3n.svg,1400x1500 mm,size from the sheet's 1500 x 1400 figure; NSW-only code,Original PDFs/w7-12-3n.pdf
W7-13(L),W7-13(L) - Railway Crossing Ahead Diagrammatic - Crossing On Cross Road (L illustrated),Warning Signs,W7_13_L_RAILWAY_CROSSING_AHEAD_DIAGRAMMATIC_CROSSING_ON_CROSS_ROAD_L_ILLUSTRATED_W7-13(L).svg,1200x1203 mm,size from the sheet's 1200 x 1200 figure; triangulated CAD export unioned; code also in the national AS 1743 set,Original PDFs/w7-13_l.pdf
W7-13(L),W7-13(L) - Railway Crossing Ahead Diagrammatic - Crossing On Cross Road (L illustrated),Warning Signs,W7_13_L_RAILWAY_CROSSING_AHEAD_DIAGRAMMATIC_CROSSING_ON_CROSS_ROAD_L_ILLUSTRATED_VAR2_W7-13(L).svg,1200x1201 mm,size from the sheet's 1200 x 1200 figure; triangulated CAD export unioned; drawn at 2 sizes on the sheet; largest kept; code also in the national AS 1743 set,Original PDFs/w7-13_l.pdf
W6-7,Bicycle (symbolic),Warning Signs,BICYCLE_SYMBOLIC_W6-7.svg,900x901 mm,size from the sheet's 900 x 900 figure; triangulated CAD export unioned; drawn at 3 sizes on the sheet; largest kept; code also in the national AS 1743 set,Original PDFs/w6-7.pdf
W6-8,Road Ahead,Warning Signs,ROAD_AHEAD_W6-8.svg,450x451 mm,size from the sheet's 450 x 450 figure; triangulated CAD export unioned; code also in the national AS 1743 set,Original PDFs/w6-8.pdf
W7-13-1n(R),Rail Crossing On Side Road (symbolic - 'Cross' junction Right) Trucks Turning Prepare To Stop,Warning Signs,RAIL_CROSSING_ON_SIDE_ROAD_SYMBOLIC_CROSS_JUNCTION_RIGHT_TRUCKS_TURNING_PREPARE__W7-13-1n(R).svg,1600x2280 mm,size from the sheet's 2280 x 1600 figure; NSW-only code,Original PDFs/w7-13-1n_r.pdf
W7-13-1n(L),Rail Crossing On Side Road (symbolic - 'Cross' junction Left) Trucks Turning Prepare To Stop,Warning Signs,RAIL_CROSSING_ON_SIDE_ROAD_SYMBOLIC_CROSS_JUNCTION_LEFT_TRUCKS_TURNING_PREPARE_T_W7-13-1n(L).svg,1600x2280 mm,size from the sheet's 2280 x 1600 figure; NSW-only code,Original PDFs/w7-13-1n_l.pdf
W7-12-2n(R),Rail Crossing On Side Road (symbolic - 'T' junction Right) Trucks Turning Prepare To Stop,Warning Signs,RAIL_CROSSING_ON_SIDE_ROAD_SYMBOLIC_T_JUNCTION_RIGHT_TRUCKS_TURNING_PREPARE_TO_S_W7-12-2n(R).svg,1600x2283 mm,size from the sheet's 1600 x 2280 figure; triangulated CAD export unioned; NSW-only code,Original PDFs/w7-12-2n_r.pdf
W7-14-4,Railway Crossing Pedestrian Warning Look For Trains (symbolic) (number) Tracks (2 illustrated),Warning Signs,RAILWAY_CROSSING_PEDESTRIAN_WARNING_LOOK_FOR_TRAINS_SYMBOLIC_NUMBER_TRACKS_2_ILL_W7-14-4.svg,300x435 mm,size from the sheet's 300 x 450 figure; triangulated CAD export unioned; code also in the national AS 1743 set,Original PDFs/w7-14-4.pdf
W7-13-1n,Rail Crossing On Side Road (symbolic - 'Cross' junction) Trucks Turning Prepare To Stop,Warning Signs,RAIL_CROSSING_ON_SIDE_ROAD_SYMBOLIC_CROSS_JUNCTION_TRUCKS_TURNING_PREPARE_TO_STO_W7-13-1n.svg,1600x2280 mm,size from the sheet's 2280 x 1600 figure; NSW-only code,Original PDFs/w7-13-1n.pdf
W7-13-2n(R),Rail Crossing On Side Road (symbolic - 'Cross' junction Right) Keep Tracks Clear,Warning Signs,RAIL_CROSSING_ON_SIDE_ROAD_SYMBOLIC_CROSS_JUNCTION_RIGHT_KEEP_TRACKS_CLEAR_W7-13-2n(R).svg,1400x1500 mm,size from the sheet's 1500 x 1400 figure; NSW-only code,Original PDFs/w7-13-2n_r.pdf
W7-13-2n(L),Rail Crossing On Side Road (symbolic - 'Cross' junction Left) Keep Tracks Clear,Warning Signs,RAIL_CROSSING_ON_SIDE_ROAD_SYMBOLIC_CROSS_JUNCTION_LEFT_KEEP_TRACKS_CLEAR_W7-13-2n(L).svg,1400x1500 mm,size from the sheet's 1500 x 1400 figure; NSW-only code,Original PDFs/w7-13-2n_l.pdf
W7-13-2n,Rail Crossing On Side Road (symbolic - 'Cross' junction) Keep Tracks Clear,Warning Signs,RAIL_CROSSING_ON_SIDE_ROAD_SYMBOLIC_CROSS_JUNCTION_KEEP_TRACKS_CLEAR_W7-13-2n.svg,1400x1500 mm,size from the sheet's 1500 x 1400 figure; NSW-only code,Original PDFs/w7-13-2n.pdf
W7-13(R),Railway Crossing Ahead Diagrammatic - Crossing On Cross Road (R illustrated),Warning Signs,RAILWAY_CROSSING_AHEAD_DIAGRAMMATIC_CROSSING_ON_CROSS_ROAD_R_ILLUSTRATED_W7-13(R).svg,1200x1201 mm,size from the sheet's 1200 x 1200 figure; triangulated CAD export unioned; code also in the national AS 1743 set,Original PDFs/w7-13_r.pdf
W7-13(R),Railway Crossing Ahead Diagrammatic - Crossing On Cross Road (R illustrated),Warning Signs,RAILWAY_CROSSING_AHEAD_DIAGRAMMATIC_CROSSING_ON_CROSS_ROAD_R_ILLUSTRATED_VAR2_W7-13(R).svg,1200x1201 mm,size from the sheet's 1200 x 1200 figure; triangulated CAD export unioned; drawn at 2 sizes on the sheet; largest kept; code also in the national AS 1743 set,Original PDFs/w7-13_r.pdf
W7-14-6,Railway Crossing Pedestrian Warning - DO NOT CROSS WHILE LIGHTS ARE DISPLAYED OR ALARM SOUNDING (xx) Tracks (2 illustrated),Warning Signs,,,no drawing found on the sheet,Original PDFs/w7-14-6.pdf
W7-17(L),Rail Crossing Ahead Diagrammatic - Crossing on bar of T intersection (L illustrated),Warning Signs,RAIL_CROSSING_AHEAD_DIAGRAMMATIC_CROSSING_ON_BAR_OF_T_INTERSECTION_L_ILLUSTRATED_W7-17(L).svg,863x833 mm,no size found on the sheet; drawn at 1:10 — check; triangulated CAD export unioned; code also in the national AS 1743 set,Original PDFs/w7-17l.pdf
W7-17(L),Rail Crossing Ahead Diagrammatic - Crossing on bar of T intersection (L illustrated),Warning Signs,RAIL_CROSSING_AHEAD_DIAGRAMMATIC_CROSSING_ON_BAR_OF_T_INTERSECTION_L_ILLUSTRATED_VAR2_W7-17(L).svg,693x694 mm,no size found on the sheet; drawn at 1:10 — check; triangulated CAD export unioned; drawn at 2 sizes on the sheet; largest kept; code also in the national AS 1743 set,Original PDFs/w7-17l.pdf
W7-17(R),Rail Crossing Ahead Diagrammatic - Crossing on bar of T intersection (R illustrated),Warning Signs,RAIL_CROSSING_AHEAD_DIAGRAMMATIC_CROSSING_ON_BAR_OF_T_INTERSECTION_R_ILLUSTRATED_W7-17(R).svg,863x833 mm,no size found on the sheet; drawn at 1:10 — check; triangulated CAD export unioned; code also in the national AS 1743 set,Original PDFs/w7-17r.pdf
W7-17(R),Rail Crossing Ahead Diagrammatic - Crossing on bar of T intersection (R illustrated),Warning Signs,RAIL_CROSSING_AHEAD_DIAGRAMMATIC_CROSSING_ON_BAR_OF_T_INTERSECTION_R_ILLUSTRATED_VAR2_W7-17(R).svg,693x694 mm,no size found on the sheet; drawn at 1:10 — check; triangulated CAD export unioned; drawn at 2 sizes on the sheet; largest kept; code also in the national AS 1743 set,Original PDFs/w7-17r.pdf
W7-14-5,Railway Crossing Pedestrian Warning Look For Trains (Symbolic),Warning Signs,RAILWAY_CROSSING_PEDESTRIAN_WARNING_LOOK_FOR_TRAINS_SYMBOLIC_W7-14-5.svg,300x456 mm,size from the sheet's 300 x 450 figure; triangulated CAD export unioned; code also in the national AS 1743 set,Original PDFs/w7-14-5.pdf
W7-7(L),Railway Crossing Ahead (Passive Control) (L illustrated),Warning Signs,RAILWAY_CROSSING_AHEAD_PASSIVE_CONTROL_L_ILLUSTRATED_W7-7(L).svg,1200x1201 mm,size from the sheet's 1200 x 1200 figure; triangulated CAD export unioned; drawn at 3 sizes on the sheet; largest kept; code also in the national AS 1743 set,Original PDFs/w7-7_l.pdf
W7-2-1n,(Number) Tracks (Two Lines),Warning Signs,NUMBER_TRACKS_TWO_LINES_W7-2-1n.svg,800x367 mm,size from the sheet's 800 x 367 figure; NSW-only code,Original PDFs/w7-2-1.pdf
W7-2-2,(Number) Tracks One Line,Warning Signs,NUMBER_TRACKS_ONE_LINE_W7-2-2.svg,1000x150 mm,size from the sheet's 1000 x 150 figure; code also in the national AS 1743 set,Original PDFs/w7-2-2.pdf
W7-15,Railway Gate,Warning Signs,RAILWAY_GATE_W7-15.svg,2253x770 mm,no size found on the sheet; drawn at 1:10 — check; background assumed to be a white rectangle (outline drawn as loose strokes) — check; triangulated CAD export unioned; code also in the national AS 1743 set,Original PDFs/w7-15.pdf
W7-15,Railway Gate,Warning Signs,RAILWAY_GATE_VAR2_W7-15.svg,899x885 mm,no size found on the sheet; drawn at 1:10 — check; background assumed to be a white rectangle (outline drawn as loose strokes) — check; triangulated CAD export unioned; code also in the national AS 1743 set,Original PDFs/w7-15.pdf
W7-9(L),Railway Crossing Ahead Diagrammatic - Oblique Crossing (L illustrated),Warning Signs,RAILWAY_CROSSING_AHEAD_DIAGRAMMATIC_OBLIQUE_CROSSING_L_ILLUSTRATED_W7-9(L).svg,1200x1200 mm,size from the sheet's 1200 x 1200 figure; triangulated CAD export unioned; drawn at 3 sizes on the sheet; largest kept; code also in the national AS 1743 set,Original PDFs/w7-9_l.pdf
W7-9(R),Railway Crossing Ahead Diagrammatic - Oblique Crossing (R illustrated),Warning Signs,RAILWAY_CROSSING_AHEAD_DIAGRAMMATIC_OBLIQUE_CROSSING_R_ILLUSTRATED_W7-9(R).svg,1200x1201 mm,size from the sheet's 1200 x 1200 figure; triangulated CAD export unioned; drawn at 2 sizes on the sheet; largest kept; code also in the national AS 1743 set,Original PDFs/w7-9_r.pdf
W7-9(R),Railway Crossing Ahead Diagrammatic - Oblique Crossing (R illustrated),Warning Signs,RAILWAY_CROSSING_AHEAD_DIAGRAMMATIC_OBLIQUE_CROSSING_R_ILLUSTRATED_VAR2_W7-9(R).svg,1200x1201 mm,size from the sheet's 1200 x 1200 figure; triangulated CAD export unioned; code also in the national AS 1743 set,Original PDFs/w7-9_r.pdf
W7-8,Railway Crossing Ahead diagrammatic - Right angled crossing (symbolic),Warning Signs,RAILWAY_CROSSING_AHEAD_DIAGRAMMATIC_RIGHT_ANGLED_CROSSING_SYMBOLIC_W7-8.svg,1200x1203 mm,size from the sheet's 1200 x 1200 figure; triangulated CAD export unioned; code also in the national AS 1743 set,Original PDFs/w7-8.pdf
W7-8,Railway Crossing Ahead diagrammatic - Right angled crossing (symbolic),Warning Signs,RAILWAY_CROSSING_AHEAD_DIAGRAMMATIC_RIGHT_ANGLED_CROSSING_SYMBOLIC_VAR2_W7-8.svg,1200x1201 mm,size from the sheet's 1200 x 1200 figure; triangulated CAD export unioned; drawn at 2 sizes on the sheet; largest kept; code also in the national AS 1743 set,Original PDFs/w7-8.pdf
W7-7(R),Railway Crossing Ahead (Passive Control) (R illustrated),Warning Signs,RAILWAY_CROSSING_AHEAD_PASSIVE_CONTROL_R_ILLUSTRATED_W7-7(R).svg,1200x1201 mm,size from the sheet's 1200 x 1200 figure; triangulated CAD export unioned; drawn at 3 sizes on the sheet; largest kept; code also in the national AS 1743 set,Original PDFs/w7-7_r.pdf
W8-15-1n,Merge Left,Warning Signs,MERGE_LEFT_W8-15-1n.svg,1200x789 mm,size from the sheet's 1200 x 800 figure; triangulated CAD export unioned; drawn at 2 sizes on the sheet; largest kept; NSW-only code,Original PDFs/w8-15-1.pdf
W8-13,Play Ground,Warning Signs,PLAY_GROUND_W8-13.svg,1200x791 mm,size from the sheet's 1200 x 800 figure; triangulated CAD export unioned; drawn at 2 sizes on the sheet; largest kept; code also in the national AS 1743 set,Original PDFs/w8-13.pdf
W8-15,Merge Right,Warning Signs,MERGE_RIGHT_W8-15.svg,1200x735 mm,size from the sheet's 1200 x 800 figure; drawn proportions differ from the stated size (1200 x 734.92 mm drawn) — check; triangulated CAD export unioned; code also in the national AS 1743 set,Original PDFs/w8-15.pdf
W8-15,Merge Right,Warning Signs,MERGE_RIGHT_VAR2_W8-15.svg,1200x737 mm,size from the sheet's 1200 x 800 figure; drawn proportions differ from the stated size (1200 x 736.9 mm drawn) — check; triangulated CAD export unioned; code also in the national AS 1743 set,Original PDFs/w8-15.pdf
W8-14,School,Warning Signs,SCHOOL_W8-14.svg,1200x278 mm,size from the sheet's 1200 x 400 figure; drawn proportions differ from the stated size (1200 x 277.72 mm drawn) — check; triangulated CAD export unioned; drawn at 2 sizes on the sheet; largest kept; code also in the national AS 1743 set,Original PDFs/w8-14.pdf
W9-2(R),Modified T Intersection (Priority Road Ends Side Road) (Symbolic Right),Warning Signs,MODIFIED_T_INTERSECTION_PRIORITY_ROAD_ENDS_SIDE_ROAD_SYMBOLIC_RIGHT_W9-2(R).svg,1200x1200 mm,size from the sheet's 1200 x 1200 figure; triangulated CAD export unioned; drawn at 3 sizes on the sheet; largest kept; code also in the national AS 1743 set,Original PDFs/w9-2_r.pdf
W8-2,xx km/h,Warning Signs,XX_KM_H_W8-2.svg,1200x792 mm,size from the sheet's 1200 x 800 figure; triangulated CAD export unioned; code also in the national AS 1743 set,Original PDFs/w8-2.pdf
W8-2,xx km/h,Warning Signs,XX_KM_H_VAR2_W8-2.svg,1200x789 mm,size from the sheet's 1200 x 800 figure; triangulated CAD export unioned; code also in the national AS 1743 set,Original PDFs/w8-2.pdf
W8-17-1,Next (xx)km,Warning Signs,NEXT_XX_KM_W8-17-1.svg,1200x791 mm,size from the sheet's 1200 x 800 figure; triangulated CAD export unioned; code also in the national AS 1743 set,Original PDFs/w8-17-1.pdf
W8-17-1,Next (xx)km,Warning Signs,NEXT_XX_KM_VAR2_W8-17-1.svg,1200x737 mm,size from the sheet's 1200 x 800 figure; drawn proportions differ from the stated size (1200 x 736.89 mm drawn) — check; triangulated CAD export unioned; code also in the national AS 1743 set,Original PDFs/w8-17-1.pdf
W8-17-2,Next (xx)m,Warning Signs,NEXT_XX_M_W8-17-2.svg,1200x791 mm,size from the sheet's 1200 x 800 figure; triangulated CAD export unioned; drawn at 2 sizes on the sheet; largest kept; code also in the national AS 1743 set,Original PDFs/w8-17-2.pdf
W8-20,Disabled,Warning Signs,DISABLED_W8-20.svg,900x209 mm,size from the sheet's 900 x 300 figure; drawn proportions differ from the stated size (900 x 208.52 mm drawn) — check; triangulated CAD export unioned; code also in the national AS 1743 set,Original PDFs/w8-20.pdf
W8-16,One Lane,Warning Signs,ONE_LANE_W8-16.svg,1200x791 mm,size from the sheet's 1200 x 800 figure; triangulated CAD export unioned; drawn at 2 sizes on the sheet; largest kept; code also in the national AS 1743 set,Original PDFs/w8-16.pdf
W8-200n,Bicycle Crossing On Side Street,Warning Signs,BICYCLE_CROSSING_ON_SIDE_STREET_W8-200n.svg,900x901 mm,size from the sheet's 900 x 900 figure; background assumed to be a white rectangle (outline drawn as loose strokes) — check; triangulated CAD export unioned; drawn at 2 sizes on the sheet; largest kept; NSW-only code,Original PDFs/w8-200n.pdf
W8-200n,Bicycle Crossing On Side Street,Warning Signs,BICYCLE_CROSSING_ON_SIDE_STREET_VAR2_W8-200n.svg,900x901 mm,size from the sheet's 900 x 900 figure; background assumed to be a white rectangle (outline drawn as loose strokes) — check; triangulated CAD export unioned; NSW-only code,Original PDFs/w8-200n.pdf
W8-207n(R),Distance (x)m On Right,Warning Signs,DISTANCE_X_M_ON_RIGHT_W8-207n(R).svg,1028x539 mm,no size found on the sheet; drawn at 1:10 — check; background assumed to be a white rectangle (outline drawn as loose strokes) — check; triangulated CAD export unioned; NSW-only code,Original PDFs/w8-207n_r.pdf
W8-207n(R),Distance (x)m On Right,Warning Signs,DISTANCE_X_M_ON_RIGHT_VAR2_W8-207n(R).svg,812x534 mm,no size found on the sheet; drawn at 1:10 — check; triangulated CAD export unioned; NSW-only code,Original PDFs/w8-207n_r.pdf
W8-207n(R),Distance (x)m On Right,Warning Signs,DISTANCE_X_M_ON_RIGHT_VAR3_W8-207n(R).svg,847x457 mm,no size found on the sheet; drawn at 1:10 — check; triangulated CAD export unioned; NSW-only code,Original PDFs/w8-207n_r.pdf
W8-201n,Trucks Use Low Gear,Warning Signs,TRUCKS_USE_LOW_GEAR_W8-201n.svg,1200x854 mm,size from the sheet's 1200 x 900 figure; drawn proportions differ from the stated size (1200 x 854.41 mm drawn) — check; triangulated CAD export unioned; drawn at 2 sizes on the sheet; largest kept; NSW-only code,Original PDFs/w8-201n.pdf
W8-201n,Trucks Use Low Gear,Warning Signs,TRUCKS_USE_LOW_GEAR_VAR2_W8-201n.svg,1200x796 mm,size from the sheet's 1200 x 900 figure; drawn proportions differ from the stated size (1200 x 795.98 mm drawn) — check; triangulated CAD export unioned; NSW-only code,Original PDFs/w8-201n.pdf
W8-22,Crossing Ahead,Warning Signs,CROSSING_AHEAD_W8-22.svg,900x592 mm,size from the sheet's 900 x 600 figure; triangulated CAD export unioned; code also in the national AS 1743 set,Original PDFs/w8-22.pdf
W8-22,Crossing Ahead,Warning Signs,CROSSING_AHEAD_VAR2_W8-22.svg,900x593 mm,size from the sheet's 900 x 600 figure; triangulated CAD export unioned; code also in the national AS 1743 set,Original PDFs/w8-22.pdf
W8-22,Crossing Ahead,Warning Signs,CROSSING_AHEAD_VAR3_W8-22.svg,900x553 mm,size from the sheet's 900 x 600 figure; drawn proportions differ from the stated size (900 x 552.66 mm drawn) — check; triangulated CAD export unioned; code also in the national AS 1743 set,Original PDFs/w8-22.pdf
W8-21,Boggy When Wet,Warning Signs,BOGGY_WHEN_WET_W8-21.svg,900x553 mm,size from the sheet's 900 x 600 figure; drawn proportions differ from the stated size (900 x 553.33 mm drawn) — check; triangulated CAD export unioned; code also in the national AS 1743 set,Original PDFs/w8-21.pdf
W8-21,Boggy When Wet,Warning Signs,BOGGY_WHEN_WET_VAR2_W8-21.svg,900x594 mm,size from the sheet's 900 x 600 figure; triangulated CAD export unioned; drawn at 2 sizes on the sheet; largest kept; code also in the national AS 1743 set,Original PDFs/w8-21.pdf
W8-219n,School Bus,Warning Signs,SCHOOL_BUS_W8-219n.svg,650x392 mm,size from the sheet's 650 x 400 figure; triangulated CAD export unioned; NSW-only code,Original PDFs/w8-219n.pdf
W8-19,Blind,Warning Signs,BLIND_W8-19.svg,900x210 mm,size from the sheet's 900 x 300 figure; drawn proportions differ from the stated size (900 x 209.56 mm drawn) — check; triangulated CAD export unioned; code also in the national AS 1743 set,Original PDFs/w8-19.pdf
W8-18,Aged,Warning Signs,AGED_W8-18.svg,900x209 mm,size from the sheet's 900 x 300 figure; drawn proportions differ from the stated size (900 x 208.54 mm drawn) — check; triangulated CAD export unioned; code also in the national AS 1743 set,Original PDFs/w8-18.pdf
W8-237n(R),Winding Road (Right Symbolic) Supplementary Plate,Warning Signs,WINDING_ROAD_RIGHT_SYMBOLIC_SUPPLEMENTARY_PLATE_W8-237n(R).svg,1200x1500 mm,size from the sheet's 1200 x 1500 figure; triangulated CAD export unioned; drawn at 2 sizes on the sheet; largest kept; NSW-only code,Original PDFs/w8-237n_r.pdf
W8-236n(R),Right Turn (Symbolic) Supplementary Plate,Warning Signs,RIGHT_TURN_SYMBOLIC_SUPPLEMENTARY_PLATE_W8-236n(R).svg,1200x1201 mm,size from the sheet's 1200 x 1200 figure; triangulated CAD export unioned; drawn at 3 sizes on the sheet; largest kept; NSW-only code,Original PDFs/w8-236n_r.pdf
W8-236n(L),Left Turn (Symbolic) Supplementary Plate,Warning Signs,LEFT_TURN_SYMBOLIC_SUPPLEMENTARY_PLATE_W8-236n(L).svg,1200x1201 mm,size from the sheet's 1200 x 1200 figure; triangulated CAD export unioned; drawn at 3 sizes on the sheet; largest kept; NSW-only code,Original PDFs/w8-236n_l.pdf
W8-23,Crossing Arrows (Double Ended Arrow),Warning Signs,CROSSING_ARROWS_DOUBLE_ENDED_ARROW_W8-23.svg,900x207 mm,size from the sheet's 900 x 300 figure; drawn proportions differ from the stated size (900 x 206.63 mm drawn) — check; triangulated CAD export unioned; code also in the national AS 1743 set,Original PDFs/w8-23.pdf
W8-222n,School Bus Turning,Warning Signs,SCHOOL_BUS_TURNING_W8-222n.svg,900x632 mm,size from the sheet's 900 x 675 figure; drawn proportions differ from the stated size (900 x 632.16 mm drawn) — check; triangulated CAD export unioned; drawn at 3 sizes on the sheet; largest kept; NSW-only code,Original PDFs/w8-222n.pdf
W8-221n,Children Crossing,Warning Signs,CHILDREN_CROSSING_W8-221n.svg,950x554 mm,size from the sheet's 950 x 600 figure; drawn proportions differ from the stated size (950 x 553.71 mm drawn) — check; triangulated CAD export unioned; NSW-only code,Original PDFs/w8-221n.pdf
W8-237n(L),Winding Road (Left Symbolic) Supplementary Plate,Warning Signs,WINDING_ROAD_LEFT_SYMBOLIC_SUPPLEMENTARY_PLATE_W8-237n(L).svg,1200x1500 mm,size from the sheet's 1200 x 1500 figure; triangulated CAD export unioned; drawn at 2 sizes on the sheet; largest kept; NSW-only code,Original PDFs/w8-237n_l.pdf
W8-243n,Watch For Bicycles (Symbolic),Warning Signs,WATCH_FOR_BICYCLES_SYMBOLIC_W8-243n.svg,1200x1066 mm,size from the sheet's 1200 x 1070 figure; triangulated CAD export unioned; NSW-only code,Original PDFs/w8-243n.pdf
W8-243n,Watch For Bicycles (Symbolic),Warning Signs,WATCH_FOR_BICYCLES_SYMBOLIC_VAR2_W8-243n.svg,1200x1068 mm,size from the sheet's 1200 x 1070 figure; triangulated CAD export unioned; NSW-only code,Original PDFs/w8-243n.pdf
W8-247n,Watch For Vehicles Entering,Warning Signs,WATCH_FOR_VEHICLES_ENTERING_W8-247n.svg,900x676 mm,size from the sheet's 900 x 675 figure; triangulated CAD export unioned; drawn at 3 sizes on the sheet; largest kept; NSW-only code,Original PDFs/w8-247n.pdf
W8-240n,No Overtaking,Warning Signs,NO_OVERTAKING_W8-240n.svg,1200x858 mm,size from the sheet's 1200 x 860 figure; triangulated CAD export unioned; drawn at 2 sizes on the sheet; largest kept; NSW-only code,Original PDFs/w8-240n.pdf
W8-220n,Deaf Children,Warning Signs,DEAF_CHILDREN_W8-220n.svg,800x495 mm,size from the sheet's 800 x 500 figure; triangulated CAD export unioned; NSW-only code,Original PDFs/w8-220n.pdf
W8-249n,Gaps In Deck,Warning Signs,GAPS_IN_DECK_W8-249n.svg,900x553 mm,size from the sheet's 900 x 600 figure; drawn proportions differ from the stated size (900 x 553.35 mm drawn) — check; triangulated CAD export unioned; drawn at 2 sizes on the sheet; largest kept; NSW-only code,Original PDFs/w8-249n.pdf
W8-249n,Gaps In Deck,Warning Signs,GAPS_IN_DECK_VAR2_W8-249n.svg,900x594 mm,size from the sheet's 900 x 600 figure; triangulated CAD export unioned; NSW-only code,Original PDFs/w8-249n.pdf
W8-25,Refuge Island,Warning Signs,REFUGE_ISLAND_W8-25.svg,1200x791 mm,size from the sheet's 1200 x 800 figure; triangulated CAD export unioned; drawn at 2 sizes on the sheet; largest kept; code also in the national AS 1743 set,Original PDFs/w8-25.pdf
W8-24,Preschool,Warning Signs,PRESCHOOL_W8-24.svg,900x209 mm,size from the sheet's 900 x 300 figure; drawn proportions differ from the stated size (900 x 208.52 mm drawn) — check; triangulated CAD export unioned; code also in the national AS 1743 set,Original PDFs/w8-24.pdf
W8-250n,Cross Tracks at 90 Degrees (Use with W6-10),Warning Signs,CROSS_TRACKS_AT_90_DEGREES_USE_WITH_W6_10_W8-250n.svg,1015x616 mm,no size found on the sheet; drawn at 1:10 — check; triangulated CAD export unioned; drawn at 2 sizes on the sheet; largest kept; NSW-only code,Original PDFs/w8-250n.pdf
W8-250n,Cross Tracks at 90 Degrees (Use with W6-10),Warning Signs,CROSS_TRACKS_AT_90_DEGREES_USE_WITH_W6_10_VAR2_W8-250n.svg,574x679 mm,no size found on the sheet; drawn at 1:10 — check; background assumed to be a white rectangle (outline drawn as loose strokes) — check; triangulated CAD export unioned; NSW-only code,Original PDFs/w8-250n.pdf
W8-251n,Caution Crossing Tracks,Warning Signs,CAUTION_CROSSING_TRACKS_W8-251n.svg,761x635 mm,no size found on the sheet; drawn at 1:10 — check; triangulated CAD export unioned; NSW-only code,Original PDFs/w8-251n.pdf
W8-251n,Caution Crossing Tracks,Warning Signs,CAUTION_CROSSING_TRACKS_VAR2_W8-251n.svg,676x616 mm,no size found on the sheet; drawn at 1:10 — check; background assumed to be a white rectangle (outline drawn as loose strokes) — check; triangulated CAD export unioned; NSW-only code,Original PDFs/w8-251n.pdf
W8-251n,Caution Crossing Tracks,Warning Signs,CAUTION_CROSSING_TRACKS_VAR3_W8-251n.svg,585x478 mm,no size found on the sheet; drawn at 1:10 — check; triangulated CAD export unioned; NSW-only code,Original PDFs/w8-251n.pdf
W8-253n,Pass Cyclist Safely,Warning Signs,PASS_CYCLIST_SAFELY_W8-253n.svg,672x785 mm,no size found on the sheet; drawn at 1:10 — check; background assumed to be a white rectangle (outline drawn as loose strokes) — check; triangulated CAD export unioned; NSW-only code,Original PDFs/w8-253n.pdf
W8-253n,Pass Cyclist Safely,Warning Signs,PASS_CYCLIST_SAFELY_VAR2_W8-253n.svg,761x608 mm,no size found on the sheet; drawn at 1:10 — check; triangulated CAD export unioned; NSW-only code,Original PDFs/w8-253n.pdf
W8-253n,Pass Cyclist Safely,Warning Signs,PASS_CYCLIST_SAFELY_VAR3_W8-253n.svg,670x660 mm,no size found on the sheet; drawn at 1:10 — check; background assumed to be a white rectangle (outline drawn as loose strokes) — check; triangulated CAD export unioned; NSW-only code,Original PDFs/w8-253n.pdf
W8-27,Prepare To Stop,Warning Signs,PREPARE_TO_STOP_W8-27.svg,1200x601 mm,size from the sheet's 1200 x 600 figure; triangulated CAD export unioned; code also in the national AS 1743 set,Original PDFs/w8-27.pdf
W8-27,Prepare To Stop,Warning Signs,PREPARE_TO_STOP_VAR2_W8-27.svg,1200x479 mm,size from the sheet's 1200 x 600 figure; drawn proportions differ from the stated size (1200 x 479.46 mm drawn) — check; code also in the national AS 1743 set,Original PDFs/w8-27.pdf
W8-27,Prepare To Stop,Warning Signs,PREPARE_TO_STOP_VAR3_W8-27.svg,1200x601 mm,size from the sheet's 1200 x 600 figure; code also in the national AS 1743 set,Original PDFs/w8-27.pdf
W8-28,Crossing Ramp,Warning Signs,CROSSING_RAMP_W8-28.svg,900x552 mm,size from the sheet's 900 x 600 figure; drawn proportions differ from the stated size (900 x 551.67 mm drawn) — check; triangulated CAD export unioned; code also in the national AS 1743 set,Original PDFs/w8-28.pdf
W8-28,Crossing Ramp,Warning Signs,CROSSING_RAMP_VAR2_W8-28.svg,900x553 mm,size from the sheet's 900 x 600 figure; drawn proportions differ from the stated size (900 x 553.28 mm drawn) — check; triangulated CAD export unioned; code also in the national AS 1743 set,Original PDFs/w8-28.pdf
G2-203n,Intersection Fingerboard - Bicycle Route ( 1 line / 2 directions),Guide Signs,,,no drawing found on the sheet,Original PDFs/g2-203n.pdf
G6-345-2n,Overlength Vehicle Camera Ahead (Camera symbolic),Guide Signs,OVERLENGTH_VEHICLE_CAMERA_AHEAD_CAMERA_SYMBOLIC_G6-345-2n.svg,2400x1840 mm,size from the sheet's 1840 x 2400 figure; NSW-only code,Original PDFs/g6-345-2.pdf
G7-310n,Hospital + Carpark + Emergency (Advance Direction Sign) (Example Only),Service Signs,HOSPITAL_CARPARK_EMERGENCY_ADVANCE_DIRECTION_SIGN_EXAMPLE_ONLY_G7-310n.svg,2147x1584 mm,size from the sheet's 1584 x 2147 figure; NSW-only code,Original PDFs/g7-310n.pdf
G7-303n,Major Sporting Venue Fingerboard (Left/Right) (Example Only),Service Signs,MAJOR_SPORTING_VENUE_FINGERBOARD_LEFT_RIGHT_EXAMPLE_ONLY_G7-303n.svg,2032x502 mm,size from the sheet's 502 x 2032 figure; NSW-only code,Original PDFs/g7-303n.pdf
R6-25,Railway Crossing,Parking Signs,RAILWAY_CROSSING_R6-25.svg,1473x1039 mm,no size found on the sheet; drawn at 1:10 — check; triangulated CAD export unioned; code also in the national AS 1743 set,Original PDFs/r6-25.pdf
R6-202n,Public Gate,Parking Signs,PUBLIC_GATE_R6-202n.svg,1218x1218 mm,no size found on the sheet; drawn at 1:10 — check; triangulated CAD export unioned; NSW-only code,Original PDFs/r6-202n.pdf
W3-205n,Low Clearance __.__m - Overhead Power Lines,Warning Signs,LOW_CLEARANCE_M_OVERHEAD_POWER_LINES_W3-205n.svg,537x537 mm,no size found on the sheet; drawn at 1:10 — check; background assumed to be a white rectangle (outline drawn as loose strokes) — check; triangulated CAD export unioned; NSW-only code,Original PDFs/w3-205.pdf
W3-205n,Low Clearance __.__m - Overhead Power Lines,Warning Signs,LOW_CLEARANCE_M_OVERHEAD_POWER_LINES_VAR2_W3-205n.svg,548x188 mm,no size found on the sheet; drawn at 1:10 — check; background assumed to be a white rectangle (outline drawn as loose strokes) — check; triangulated CAD export unioned; NSW-only code,Original PDFs/w3-205.pdf
R5-39,Tow Away,Parking Signs,,,no drawing found on the sheet,Original PDFs/r5-39.pdf
G6-328-5n,Speed Camera Ahead / Variable Speed Limit Enforced / Trucks And Buses / All Other Vehicles,Guide Signs,SPEED_CAMERA_AHEAD_VARIABLE_SPEED_LIMIT_ENFORCED_TRUCKS_AND_BUSES_ALL_OTHER_VEHI_G6-328-5n.svg,799x793 mm,no size found on the sheet; drawn at 1:10 — check; NSW-only code,Original PDFs/g6-328-5.pdf
G6-328-4n,Speed Camera In Use (School Zone repeater),Guide Signs,,,no drawing found on the sheet,Original PDFs/g6-328-4.pdf
G6-328n,Speed Camera Ahead (with speed limit on right),Guide Signs,SPEED_CAMERA_AHEAD_WITH_SPEED_LIMIT_ON_RIGHT_G6-328n.svg,265x1794 mm,no size found on the sheet; drawn at 1:10 — check; NSW-only code,Original PDFs/g6-328.pdf
G6-328n,Speed Camera Ahead (with speed limit on right),Guide Signs,SPEED_CAMERA_AHEAD_WITH_SPEED_LIMIT_ON_RIGHT_VAR2_G6-328n.svg,157x659 mm,no size found on the sheet; drawn at 1:10 — check; background assumed to be a white rectangle (outline drawn as loose strokes) — check; NSW-only code,Original PDFs/g6-328.pdf
G9-15-1n,Form 1 Lane,Guide Signs,FORM_1_LANE_G9-15-1n.svg,2200x449 mm,size from the sheet's 450 x 2200 figure; NSW-only code,Original PDFs/g9-15-1n.pdf
G6-329-3n,Heavy Loss Of Fines / Variable Speed Limit Enforced / Trucks And Buses / All Other Vehicles,Guide Signs,HEAVY_LOSS_OF_FINES_VARIABLE_SPEED_LIMIT_ENFORCED_TRUCKS_AND_BUSES_ALL_OTHER_VEH_G6-329-3n.svg,799x792 mm,no size found on the sheet; drawn at 1:10 — check; NSW-only code,Original PDFs/g6-329-3.pdf
G6-329n,Speed Camera Heavy Fines Loss Of Licence (with speed limit on right),Guide Signs,,,no drawing found on the sheet,Original PDFs/g6-329.pdf
G6-331n,Speed Camera 24 Hours In Tunnel (with speed limit on right),Guide Signs,,,no drawing found on the sheet,Original PDFs/g6-331.pdf
G6-331-1n,Speed Camera 24 Hours In Tunnel (with speed limit below),Guide Signs,,,no drawing found on the sheet,Original PDFs/g6-331-1.pdf
G6-330n,Speed Camera Ahead In Tunnel (with speed limit on right),Guide Signs,,,no drawing found on the sheet,Original PDFs/g6-330.pdf
G6-330-1n,Speed Camera Ahead In Tunnel (with speed limit below),Guide Signs,,,no drawing found on the sheet,Original PDFs/g6-330-1.pdf
G6-332,School Zone '40' Ahead,Guide Signs,,,no drawing found on the sheet,Original PDFs/g6-332.pdf
RM4-12(A),End Speed Limit (Mms Insert - To Be used on Multi Message Sign panels Only),Regulatory Signs,END_SPEED_LIMIT_MMS_INSERT_TO_BE_USED_ON_MULTI_MESSAGE_SIGN_PANELS_ONLY_RM4-12(A).svg,600x600 mm,size from the sheet's 600 x 600 figure; NSW-only code,Original PDFs/rm4-12_a.pdf
G6-356n,Red Light Speed Camera Ahead (with speed limit on right),Guide Signs,RED_LIGHT_SPEED_CAMERA_AHEAD_WITH_SPEED_LIMIT_ON_RIGHT_G6-356n.svg,2130x1643 mm,size from the sheet's 2130 x 1600 figure; triangulated CAD export unioned; NSW-only code,Original PDFs/g6-356n.pdf
G6-356n,Red Light Speed Camera Ahead (with speed limit on right),Guide Signs,RED_LIGHT_SPEED_CAMERA_AHEAD_WITH_SPEED_LIMIT_ON_RIGHT_VAR2_G6-356n.svg,2130x1424 mm,size from the sheet's 2130 x 1600 figure; drawn proportions differ from the stated size (2130 x 1424.39 mm drawn) — check; triangulated CAD export unioned; NSW-only code,Original PDFs/g6-356n.pdf
RM4-12(B),End Speed Limit (Mms Insert - To Be used on Multi Message Sign panels Only),Regulatory Signs,,,no drawing found on the sheet,Original PDFs/rm4-12_b.pdf
G6-331-2n,Speed Camera 24 Hours In Tunnel / Variable Speed Limit Enforced,Guide Signs,,,no drawing found on the sheet,Original PDFs/g6-331-2.pdf
G6-330-2n,Speed Camera Ahead In Tunnel / Variable Speed Limit Enforced,Guide Signs,,,no drawing found on the sheet,Original PDFs/g6-330-2.pdf
G6-327-2n,Speed Camera 24 Hours / Variable Speed Limit Enforced,Guide Signs,,,no drawing found on the sheet,Original PDFs/g6-327-2.pdf
G6-305n,Speed Cameras Used In NSW How Fast Are You Going Now?,Guide Signs,,,no drawing found on the sheet,Original PDFs/g6-305.pdf
G6-306n,Speed Cameras Used In NSW (Portrait Version),Guide Signs,,,no drawing found on the sheet,Original PDFs/g6-306.pdf
G6-200-1n,Safe-T-Cam Managing Speed & Fatigue,Guide Signs,SAFE_T_CAM_MANAGING_SPEED_FATIGUE_G6-200-1n.svg,3060x1820 mm,size from the sheet's 1820 x 3060 figure; NSW-only code,Original PDFs/g6-200-1n.pdf
G6-254n,Speed Cameras - Check Your Speed Now,Guide Signs,SPEED_CAMERAS_CHECK_YOUR_SPEED_NOW_G6-254n.svg,1415x1046 mm,size from the sheet's 1046 x 1415 figure; NSW-only code,Original PDFs/g6-254n.pdf
GE7-5-5,Information Bay Position,Freeway Signs,INFORMATION_BAY_POSITION_GE7-5-5.svg,2344x1999 mm,size from the sheet's 2000 x 2344 figure; code also in the national AS 1743 set,Original PDFs/ge7-5-5.pdf
G6-243n,Red Light Camera Ahead,Guide Signs,,,no drawing found on the sheet,Original PDFs/g6-243.pdf
G6-343-6n,Buses Only Lane Camera Ahead + Buses Only Lane Plate with times (under),Guide Signs,BUSES_ONLY_LANE_CAMERA_AHEAD_BUSES_ONLY_LANE_PLATE_WITH_TIMES_UNDER_G6-343-6n.svg,1567x1520 mm,size from the sheet's 1518 x 1567 figure; NSW-only code,Original PDFs/g6-343-6n.pdf
G6-343-4n,Buses Only Lane Camera Ahead + Buses Only Lane PLATE (to right),Guide Signs,BUSES_ONLY_LANE_CAMERA_AHEAD_BUSES_ONLY_LANE_PLATE_TO_RIGHT_G6-343-4n.svg,2240x940 mm,size from the sheet's 940 x 2240 figure; NSW-only code,Original PDFs/g6-343-4n.pdf
GE6-225-1n,Toll Point (Portrait Version),Freeway Signs,TOLL_POINT_PORTRAIT_VERSION_GE6-225-1n.svg,600x440 mm,size from the sheet's 440 x 600 figure; NSW-only code,Original PDFs/ge6-225-1n.pdf
GE6-225-2n,Start Toll Point,Freeway Signs,START_TOLL_POINT_GE6-225-2n.svg,600x570 mm,size from the sheet's 570 x 600 figure; NSW-only code,Original PDFs/ge6-225-2n.pdf
GE6-10-1n,End Motorway 1km,Freeway Signs,END_MOTORWAY_1KM_GE6-10-1n.svg,2300x1499 mm,size from the sheet's 1500 x 2300 figure; NSW-only code,Original PDFs/ge6-10-1n.pdf
R2-3(R),Keep Right (Angled Right Arrow Symbolic),Regulatory Signs,KEEP_RIGHT_ANGLED_RIGHT_ARROW_SYMBOLIC_R2-3(R).svg,900x1215 mm,size from the sheet's 900 x 1200 figure; code also in the national AS 1743 set,Original PDFs/r2-3_r.pdf
R2-3(L),Keep Left (Angled Left Arrow Symbolic),Regulatory Signs,KEEP_LEFT_ANGLED_LEFT_ARROW_SYMBOLIC_R2-3(L).svg,900x1377 mm,size from the sheet's 900 x 1200 figure; drawn proportions differ from the stated size (900 x 1376.52 mm drawn) — check; code also in the national AS 1743 set,Original PDFs/r2-3_l.pdf
R2-22,No Hook Turn By Bicycles,Regulatory Signs,NO_HOOK_TURN_BY_BICYCLES_R2-22.svg,750x751 mm,size from the sheet's 750 x 750 figure; background assumed to be a white rectangle (outline drawn as loose strokes) — check; triangulated CAD export unioned; code also in the national AS 1743 set,Original PDFs/r2-22.pdf
R2-5n,No U Turn,Regulatory Signs,NO_U_TURN_R2-5n.svg,600x970 mm,size from the sheet's 600 x 1000 figure; triangulated CAD export unioned; drawn at 2 sizes on the sheet; largest kept; NSW-only code,Original PDFs/r2-5n.pdf
R2-5n,No U Turn,Regulatory Signs,NO_U_TURN_ACCEPTED_FOR_CONSTRUCTION_R2-5n.svg,1000x717 mm,size from the sheet's 600 x 1000 figure; drawn proportions differ from the stated size (1000 x 717.14 mm drawn) — check; NSW-only code,Original PDFs/r2-5n.pdf
R2-4n,No Entry,Regulatory Signs,NO_ENTRY_R2-4n.svg,491x796 mm,no size found on the sheet; drawn at 1:10 — check; triangulated CAD export unioned; NSW-only code,Original PDFs/r2-4n.pdf
R2-4n,No Entry,Regulatory Signs,NO_ENTRY_VAR2_R2-4n.svg,443x634 mm,no size found on the sheet; drawn at 1:10 — check; triangulated CAD export unioned; NSW-only code,Original PDFs/r2-4n.pdf
R2-4n,No Entry,Regulatory Signs,NO_ENTRY_VAR3_R2-4n.svg,391x664 mm,no size found on the sheet; drawn at 1:10 — check; triangulated CAD export unioned; NSW-only code,Original PDFs/r2-4n.pdf
R5-650n,Clearway (with times) (Example Only),Parking Signs,,,no drawing found on the sheet,Original PDFs/r5-650.pdf
R2-9(L),Left Lane Must Turn Left,Regulatory Signs,LEFT_LANE_MUST_TURN_LEFT_R2-9(L).svg,600x1000 mm,size from the sheet's 600 x 1000 figure; triangulated CAD export unioned; code also in the national AS 1743 set,Original PDFs/r2-9_l.pdf
R2-9(L),Left Lane Must Turn Left,Regulatory Signs,LEFT_LANE_MUST_TURN_LEFT_VAR2_R2-9(L).svg,600x1000 mm,size from the sheet's 600 x 1000 figure; code also in the national AS 1743 set,Original PDFs/r2-9_l.pdf
R2-6n(L),No Left Turn,Regulatory Signs,NO_LEFT_TURN_R2-6n(L).svg,600x1203 mm,size from the sheet's 600 x 1200 figure; triangulated CAD export unioned; drawn at 2 sizes on the sheet; largest kept; NSW-only code,Original PDFs/r2-6n_l.pdf
R2-6n(L),No Left Turn,Regulatory Signs,NO_LEFT_TURN_VAR2_R2-6n(L).svg,1200x841 mm,size from the sheet's 600 x 1200 figure; drawn proportions differ from the stated size (1200 x 840.98 mm drawn) — check; NSW-only code,Original PDFs/r2-6n_l.pdf
R5-1-11n,"Parking (1p-10p) Times (Various) Mon-Fri Sat-Sun Electric Vehicles Only (Left, Right or Repeater) (Example Only)",Parking Signs,PARKING_1P_10P_TIMES_VARIOUS_MON_FRI_SAT_SUN_ELECTRIC_VEHICLES_ONLY_LEFT_RIGHT_O_R5-1-11n.svg,225x600 mm,size from the sheet's 600 x 225 figure; NSW-only code,Original PDFs/r5-1-11n.pdf
R5-1-10n,"Parking (1p-10p) Times (Various) Mon-Fri Electric Vehicles Only (Left, Right or Repeater) (Example Only)",Parking Signs,PARKING_1P_10P_TIMES_VARIOUS_MON_FRI_ELECTRIC_VEHICLES_ONLY_LEFT_RIGHT_OR_REPEAT_R5-1-10n.svg,225x450 mm,size from the sheet's 450 x 225 figure; NSW-only code,Original PDFs/r5-1-10n.pdf
R3-202n,Children Crossing (hand held crossing bat),Regulatory Signs,CHILDREN_CROSSING_HAND_HELD_CROSSING_BAT_R3-202n.svg,400x400 mm,size from the sheet's 400 x 400 figure; NSW-only code,Original PDFs/r3-202n.pdf
R3-1,Pedestrian Crossing (symbolic),Regulatory Signs,PEDESTRIAN_CROSSING_SYMBOLIC_R3-1.svg,900x900 mm,size from the sheet's 900 x 900 figure; triangulated CAD export unioned; code also in the national AS 1743 set,Original PDFs/r3-1.pdf
R3-1,Pedestrian Crossing (symbolic),Regulatory Signs,PEDESTRIAN_CROSSING_SYMBOLIC_VAR2_R3-1.svg,900x903 mm,size from the sheet's 900 x 900 figure; triangulated CAD export unioned; code also in the national AS 1743 set,Original PDFs/r3-1.pdf
R2-9(R),Right Lane Must Turn Right,Regulatory Signs,RIGHT_LANE_MUST_TURN_RIGHT_R2-9(R).svg,600x1000 mm,size from the sheet's 600 x 1000 figure; triangulated CAD export unioned; code also in the national AS 1743 set,Original PDFs/r2-9_r.pdf
R2-9(R),Right Lane Must Turn Right,Regulatory Signs,RIGHT_LANE_MUST_TURN_RIGHT_VAR2_R2-9(R).svg,600x1000 mm,size from the sheet's 600 x 1000 figure; code also in the national AS 1743 set,Original PDFs/r2-9_r.pdf
R2-7,No Turns,Regulatory Signs,NO_TURNS_R2-7.svg,600x800 mm,size from the sheet's 600 x 800 figure; code also in the national AS 1743 set,Original PDFs/r2-7.pdf
R2-7,No Turns,Regulatory Signs,NO_TURNS_VAR2_R2-7.svg,600x800 mm,size from the sheet's 600 x 800 figure; code also in the national AS 1743 set,Original PDFs/r2-7.pdf
R4-201-2n,Complex Intersection (Supplementary Plate) To be Used with R4-1 Speed Limit Sign,Regulatory Signs,,,no drawing found on the sheet,Original PDFs/r4-201-2n.pdf
R4-201-1n,Narrow Bridge (Supplementary Plate) To be Used with R4-1 Speed Limit Sign,Regulatory Signs,NARROW_BRIDGE_SUPPLEMENTARY_PLATE_TO_BE_USED_WITH_R4_1_SPEED_LIMIT_SIGN_R4-201-1n.svg,812x541 mm,no size found on the sheet; drawn at 1:10 — check; triangulated CAD export unioned; NSW-only code,Original PDFs/r4-201-1n.pdf
R4-201-3n,Winding Road (Supplementary Plate) To be Used with R4-1 Speed Limit Sign,Regulatory Signs,WINDING_ROAD_SUPPLEMENTARY_PLATE_TO_BE_USED_WITH_R4_1_SPEED_LIMIT_SIGN_R4-201-3n.svg,812x541 mm,no size found on the sheet; drawn at 1:10 — check; triangulated CAD export unioned; NSW-only code,Original PDFs/r4-201-3n.pdf
R3-3,Children Crossing (flag),Regulatory Signs,CHILDREN_CROSSING_FLAG_R3-3.svg,1219x1218 mm,no size found on the sheet; drawn at 1:10 — check; code also in the national AS 1743 set,Original PDFs/r3-3.pdf
R5-207-1n,Unless Other Parking Laws Apply (for use with R5-61-4n & R5-62-4n),Parking Signs,,,no drawing found on the sheet,Original PDFs/r5-207-1.pdf
R5-207-2n,Unless Other Parking Laws Apply (for use with R5-60-4n),Parking Signs,,,no drawing found on the sheet,Original PDFs/r5-207-2.pdf
R5-201-2n,"Except As Signed (for use with R5-60-1, R5-60-2, R5-60-3)",Parking Signs,,,no drawing found on the sheet,Original PDFs/r5-201-2.pdf
R5-201-1n,Except As Signed (For use with R5-61 & R5-81 series),Parking Signs,,,no drawing found on the sheet,Original PDFs/r5-201-1.pdf
R5-40-1n,"No Parking (Symbolic) Electric Vehicles (Symbolic) Excepted While Charging (Left, Right & Repeater)",Parking Signs,NO_PARKING_SYMBOLIC_ELECTRIC_VEHICLES_SYMBOLIC_EXCEPTED_WHILE_CHARGING_LEFT_RIGH_R5-40-1n.svg,225x450 mm,size from the sheet's 450 x 225 figure; NSW-only code,Original PDFs/r5-40-1n.pdf
R5-40-2n,"No Parking (Symbolic) Electric Vehicles (Symbolic) Excepted (Left, Right & Repeater)",Parking Signs,NO_PARKING_SYMBOLIC_ELECTRIC_VEHICLES_SYMBOLIC_EXCEPTED_LEFT_RIGHT_REPEATER_R5-40-2n.svg,225x450 mm,size from the sheet's 450 x 225 figure; NSW-only code,Original PDFs/r5-40-2n.pdf
R5-447n,"No Parking (Authorised Car Share Vehicles Excepted Zone Xxxxx) (Left, Left/Right and Right Arrows)",Parking Signs,NO_PARKING_AUTHORISED_CAR_SHARE_VEHICLES_EXCEPTED_ZONE_XXXXX_LEFT_LEFT_RIGHT_AND_R5-447n.svg,324x325 mm,no size found on the sheet; drawn at 1:10 — check; NSW-only code,Original PDFs/r5-447.pdf
R5-411n,End No Stopping Area (Special for use in Pitt St Mall Only),Parking Signs,,,no drawing found on the sheet,Original PDFs/r5-411.pdf
R5-410n,No Stopping Area (Special for Pitt St Mall Only),Parking Signs,,,no drawing found on the sheet,Original PDFs/r5-410.pdf
R5-41-2n,No parking (symbolic) (with times) Vehicles With Applicants For Driving Tests Excepted,Parking Signs,,,no drawing found on the sheet,Original PDFs/r5-41-2.pdf
R5-60-4n,Special Event Parking Area _p - Major entry (Example Only),Parking Signs,,,no drawing found on the sheet,Original PDFs/r5-60-4.pdf
R5-65,Park In Bays Only,Parking Signs,,,no drawing found on the sheet,Original PDFs/r5-65.pdf
R1-1,Stop Sign,Regulatory Signs,STOP_SIGN_R1-1.svg,609x609 mm,no size found on the sheet; drawn at 1:10 — check; code also in the national AS 1743 set,Original PDFs/r1-1.pdf
R1-1,Stop Sign,Regulatory Signs,STOP_SIGN_VAR2_R1-1.svg,508x508 mm,no size found on the sheet; drawn at 1:10 — check; code also in the national AS 1743 set,Original PDFs/r1-1.pdf
R1-1,Stop Sign,Regulatory Signs,STOP_SIGN_VAR3_R1-1.svg,406x406 mm,no size found on the sheet; drawn at 1:10 — check; code also in the national AS 1743 set,Original PDFs/r1-1.pdf
R1-3,Roundabout Give Way (Symbolic),Regulatory Signs,ROUNDABOUT_GIVE_WAY_SYMBOLIC_R1-3.svg,1386x1221 mm,size from the drawing's overall width dimension (1386 mm); triangulated CAD export unioned; drawn at 3 sizes on the sheet; largest kept; code also in the national AS 1743 set,Original PDFs/r1-3.pdf
R2-11,Two Way (symbolic),Regulatory Signs,TWO_WAY_SYMBOLIC_R2-11.svg,600x809 mm,size from the sheet's 600 x 800 figure; background assumed to be a white rectangle (outline drawn as loose strokes) — check; triangulated CAD export unioned; drawn at 2 sizes on the sheet; largest kept; code also in the national AS 1743 set,Original PDFs/r2-11.pdf
R2-14(R),All Traffic (Right Symbolic) Only,Regulatory Signs,ALL_TRAFFIC_RIGHT_SYMBOLIC_ONLY_R2-14(R).svg,900x1201 mm,size from the sheet's 900 x 1200 figure; triangulated CAD export unioned; drawn at 2 sizes on the sheet; largest kept; code also in the national AS 1743 set,Original PDFs/r2-14_r.pdf
R2-14(L),All Traffic (Left Symbolic) Only,Regulatory Signs,ALL_TRAFFIC_LEFT_SYMBOLIC_ONLY_R2-14(L).svg,900x1201 mm,size from the sheet's 900 x 1200 figure; triangulated CAD export unioned; drawn at 2 sizes on the sheet; largest kept; code also in the national AS 1743 set,Original PDFs/r2-14_l.pdf
R2-16n,Turn Left At Any Time With Care,Regulatory Signs,TURN_LEFT_AT_ANY_TIME_WITH_CARE_R2-16n.svg,750x601 mm,size from the sheet's 750 x 600 figure; triangulated CAD export unioned; NSW-only code,Original PDFs/r2-16n.pdf
R2-19,Left Lane Must Exit,Regulatory Signs,LEFT_LANE_MUST_EXIT_R2-19.svg,800x1202 mm,size from the sheet's 800 x 1200 figure; triangulated CAD export unioned; code also in the national AS 1743 set,Original PDFs/r2-19.pdf
R2-17,One Way (Repeater),Regulatory Signs,ONE_WAY_REPEATER_R2-17.svg,900x1603 mm,size from the sheet's 900 x 1600 figure; triangulated CAD export unioned; code also in the national AS 1743 set,Original PDFs/r2-17.pdf
R2-17,One Way (Repeater),Regulatory Signs,ONE_WAY_REPEATER_VAR2_R2-17.svg,900x1578 mm,size from the sheet's 900 x 1600 figure; triangulated CAD export unioned; code also in the national AS 1743 set,Original PDFs/r2-17.pdf
R2-15,U Turn Permitted,Regulatory Signs,U_TURN_PERMITTED_R2-15.svg,600x801 mm,size from the sheet's 600 x 800 figure; triangulated CAD export unioned; drawn at 2 sizes on the sheet; largest kept; code also in the national AS 1743 set,Original PDFs/r2-15.pdf
R2-2(R),One Way (Arrow Right Symbolic),Regulatory Signs,ONE_WAY_ARROW_RIGHT_SYMBOLIC_R2-2(R).svg,600x801 mm,size from the sheet's 600 x 800 figure; triangulated CAD export unioned; code also in the national AS 1743 set,Original PDFs/r2-2_r.pdf
R2-2(R),One Way (Arrow Right Symbolic),Regulatory Signs,ONE_WAY_ARROW_RIGHT_SYMBOLIC_VAR2_R2-2(R).svg,600x800 mm,size from the sheet's 600 x 800 figure; triangulated CAD export unioned; code also in the national AS 1743 set,Original PDFs/r2-2_r.pdf
R2-2(L),One Way (Arrow Left Symbolic),Regulatory Signs,ONE_WAY_ARROW_LEFT_SYMBOLIC_R2-2(L).svg,600x801 mm,size from the sheet's 600 x 800 figure; triangulated CAD export unioned; code also in the national AS 1743 set,Original PDFs/r2-2_l.pdf
R2-2(L),One Way (Arrow Left Symbolic),Regulatory Signs,ONE_WAY_ARROW_LEFT_SYMBOLIC_VAR2_R2-2(L).svg,600x800 mm,size from the sheet's 600 x 800 figure; triangulated CAD export unioned; code also in the national AS 1743 set,Original PDFs/r2-2_l.pdf
GE6-225-4n,Start Toll Point (Tunnel Use Only),Freeway Signs,START_TOLL_POINT_TUNNEL_USE_ONLY_GE6-225-4n.svg,2600x512 mm,size from the sheet's 512 x 2600 figure; NSW-only code,Original PDFs/ge6-225-4n.pdf
GE6-225-5n,End Toll Point (Tunnel Use Only),Freeway Signs,END_TOLL_POINT_TUNNEL_USE_ONLY_GE6-225-5n.svg,2320x512 mm,size from the sheet's 512 x 2320 figure; NSW-only code,Original PDFs/ge6-225-5n.pdf
GE6-225n,Toll Point (Landscape Version),Freeway Signs,TOLL_POINT_LANDSCAPE_VERSION_GE6-225n.svg,1772x512 mm,size from the sheet's 512 x 1772 figure; NSW-only code,Original PDFs/ge6-225n.pdf
GE6-9-1n,End Motorway 2km,Freeway Signs,END_MOTORWAY_2KM_GE6-9-1n.svg,2300x1499 mm,size from the sheet's 1500 x 2300 figure; NSW-only code,Original PDFs/ge6-9-1n.pdf
GE6-10,End Freeway 1km,Freeway Signs,END_FREEWAY_1KM_GE6-10.svg,2300x1499 mm,size from the sheet's 1500 x 2300 figure; code also in the national AS 1743 set,Original PDFs/ge6-10.pdf
GE6-9,End Freeway 2km,Freeway Signs,END_FREEWAY_2KM_GE6-9.svg,2300x1499 mm,size from the sheet's 1500 x 2300 figure; code also in the national AS 1743 set,Original PDFs/ge6-9.pdf
Tram Only Stop Line,-,Temporary Signs,SIGN_TramOnlyStopLine.svg,1336x1149 mm,no size found on the sheet; drawn at 1:10 — check; triangulated CAD export unioned; NSW-only code,Original PDFs/tram_only_stop_line.pdf
Tram Only Stop Line,-,Temporary Signs,SIGN_VAR2_TramOnlyStopLine.svg,651x614 mm,no size found on the sheet; drawn at 1:10 — check; triangulated CAD export unioned; NSW-only code,Original PDFs/tram_only_stop_line.pdf
R4-4-1n,Shared Zone Give way to Pedestrians,Regulatory Signs,SHARED_ZONE_GIVE_WAY_TO_PEDESTRIANS_R4-4-1n.svg,500x1250 mm,size from the sheet's 1250 x 500 figure; NSW-only code,Original PDFs/r4-4-1n.pdf
R4-4,Shared Zone (10),Regulatory Signs,SHARED_ZONE_10_R4-4.svg,450x751 mm,size from the sheet's 450 x 750 figure; triangulated CAD export unioned; code also in the national AS 1743 set,Original PDFs/r4-4.pdf
R4-5,End Shared Zone,Regulatory Signs,END_SHARED_ZONE_R4-5.svg,450x750 mm,size from the sheet's 450 x 750 figure; triangulated CAD export unioned; code also in the national AS 1743 set,Original PDFs/r4-5.pdf
G6-343-5n,Buses Only Lane Camera Ahead + Buses Only Lane PLATE (under),Guide Signs,BUSES_ONLY_LANE_CAMERA_AHEAD_BUSES_ONLY_LANE_PLATE_UNDER_G6-343-5n.svg,1567x1519 mm,size from the sheet's 1518 x 1567 figure; NSW-only code,Original PDFs/g6-343-5n.pdf
G6-350n,Safety Cameras Used In This Area,Guide Signs,,,no drawing found on the sheet,Original PDFs/g6-350.pdf
G6-351n,Average Speed Safety Camera,Guide Signs,,,no drawing found on the sheet,Original PDFs/g6-351.pdf
G6-349n,Safety Camera Ahead,Guide Signs,,,no drawing found on the sheet,Original PDFs/g6-349.pdf
G9-247-1n,Heavy Vehicle Safety Station (Left or Right Intersection Direction Sign),Guide Signs,HEAVY_VEHICLE_SAFETY_STATION_LEFT_OR_RIGHT_INTERSECTION_DIRECTION_SIGN_G9-247-1n.svg,655x1715 mm,size from the sheet's 655 x 2895 figure; drawn proportions differ from the stated size (655 x 1715.09 mm drawn) — check; background assumed to be a white rectangle (outline drawn as loose strokes) — check; NSW-only code,Original PDFs/g9-247-1n.pdf
G9-248-5n,Heavy Vehicle Safety Station __km On Left,Guide Signs,HEAVY_VEHICLE_SAFETY_STATION_KM_ON_LEFT_G9-248-5n.svg,2945x1600 mm,size from the sheet's 1600 x 2945 figure; NSW-only code,Original PDFs/g9-248-5n.pdf
G9-248-4n,Heavy Vehicle Safety Station __m On Left,Guide Signs,HEAVY_VEHICLE_SAFETY_STATION_M_ON_LEFT_G9-248-4n.svg,2945x1600 mm,size from the sheet's 1600 x 2945 figure; NSW-only code,Original PDFs/g9-248-4n.pdf
G6-327-3n,Speed Camera 24 Hours / Variable Speed Limit Enforced / Trucks And Buses / All Other Vehicles,Guide Signs,SPEED_CAMERA_24_HOURS_VARIABLE_SPEED_LIMIT_ENFORCED_TRUCKS_AND_BUSES_ALL_OTHER_V_G6-327-3n.svg,798x792 mm,no size found on the sheet; drawn at 1:10 — check; NSW-only code,Original PDFs/g6-327-3.pdf
G6-317-1-1n,If Variable Speed Limit Sign Is Blacked Out (With Speed Limit) Tunnel Use Only,Guide Signs,IF_VARIABLE_SPEED_LIMIT_SIGN_IS_BLACKED_OUT_WITH_SPEED_LIMIT_TUNNEL_USE_ONLY_G6-317-1-1n.svg,4400x750 mm,size from the sheet's 750 x 4400 figure; NSW-only code,Original PDFs/g6-317-1-1n.pdf
G6-317-1n,If Variable Speed Limit Sign Is Blacked Out (With Speed Limit) Portrait Version,Guide Signs,IF_VARIABLE_SPEED_LIMIT_SIGN_IS_BLACKED_OUT_WITH_SPEED_LIMIT_PORTRAIT_VERSION_G6-317-1n.svg,1149x1295 mm,no size found on the sheet; drawn at 1:10 — check; triangulated CAD export unioned; NSW-only code,Original PDFs/g6-317-1n.pdf
G6-317-1n,If Variable Speed Limit Sign Is Blacked Out (With Speed Limit) Portrait Version,Guide Signs,IF_VARIABLE_SPEED_LIMIT_SIGN_IS_BLACKED_OUT_WITH_SPEED_LIMIT_PORTRAIT_VERSION_VAR2_G6-317-1n.svg,866x1025 mm,no size found on the sheet; drawn at 1:10 — check; triangulated CAD export unioned; NSW-only code,Original PDFs/g6-317-1n.pdf
G6-317n,If Variable Speed Limit Sign Is Blacked Out (With Speed Limit) Landscape Version,Guide Signs,IF_VARIABLE_SPEED_LIMIT_SIGN_IS_BLACKED_OUT_WITH_SPEED_LIMIT_LANDSCAPE_VERSION_G6-317n.svg,1407x671 mm,no size found on the sheet; drawn at 1:10 — check; triangulated CAD export unioned; NSW-only code,Original PDFs/g6-317n.pdf
G6-317n,If Variable Speed Limit Sign Is Blacked Out (With Speed Limit) Landscape Version,Guide Signs,IF_VARIABLE_SPEED_LIMIT_SIGN_IS_BLACKED_OUT_WITH_SPEED_LIMIT_LANDSCAPE_VERSION_VAR2_G6-317n.svg,1483x634 mm,no size found on the sheet; drawn at 1:10 — check; triangulated CAD export unioned; NSW-only code,Original PDFs/g6-317n.pdf
G6-327n,Speed Camera 24 Hours (with speed limit on right),Guide Signs,,,no drawing found on the sheet,Original PDFs/g6-327.pdf
G6-327-1n,Speed Camera 24 Hours (with speed limit below),Guide Signs,,,no drawing found on the sheet,Original PDFs/g6-327-1.pdf
G9-249-5n,Heavy Vehicle Safety Station __km On Right,Guide Signs,HEAVY_VEHICLE_SAFETY_STATION_KM_ON_RIGHT_G9-249-5n.svg,2945x1600 mm,size from the sheet's 1600 x 2945 figure; NSW-only code,Original PDFs/g9-249-5n.pdf
G9-249-4n,Heavy Vehicle Safety Station __m On Right,Guide Signs,HEAVY_VEHICLE_SAFETY_STATION_M_ON_RIGHT_G9-249-4n.svg,2945x1600 mm,size from the sheet's 1600 x 2945 figure; NSW-only code,Original PDFs/g9-249-4n.pdf
tram_only_signalised_leg,Tram Only Pavement Marking Signalised Leg,Temporary Signs,TRAM_ONLY_PAVEMENT_MARKING_SIGNALISED_LEG_tram_only_signalised_leg.svg,1596x1193 mm,no size found on the sheet; drawn at 1:10 — check; triangulated CAD export unioned; NSW-only code,Original PDFs/tram_only_signalised_leg.pdf
tram_only_signalised_leg,Tram Only Pavement Marking Signalised Leg,Temporary Signs,TRAM_ONLY_PAVEMENT_MARKING_SIGNALISED_LEG_VAR2_tram_only_signalised_leg.svg,638x301 mm,no size found on the sheet; drawn at 1:10 — check; triangulated CAD export unioned; NSW-only code,Original PDFs/tram_only_signalised_leg.pdf
Tram Only,Tram Only Pavement Marking,Temporary Signs,TRAM_ONLY_PAVEMENT_MARKING_TramOnly.svg,1758x1634 mm,no size found on the sheet; drawn at 1:10 — check; NSW-only code,Original PDFs/tram_only.pdf
Tram Only,Tram Only Pavement Marking,Temporary Signs,TRAM_ONLY_PAVEMENT_MARKING_VAR2_TramOnly.svg,771x1613 mm,no size found on the sheet; drawn at 1:10 — check; triangulated CAD export unioned; NSW-only code,Original PDFs/tram_only.pdf
R2-6n(R),No Right Turn,Regulatory Signs,NO_RIGHT_TURN_R2-6n(R).svg,600x1203 mm,size from the sheet's 600 x 1200 figure; triangulated CAD export unioned; NSW-only code,Original PDFs/r2-6n_r.pdf
R2-6n(R),No Right Turn,Regulatory Signs,NO_RIGHT_TURN_VAR2_R2-6n(R).svg,600x1203 mm,size from the sheet's 600 x 1200 figure; triangulated CAD export unioned; NSW-only code,Original PDFs/r2-6n_r.pdf
R2-6n(R),No Right Turn,Regulatory Signs,NO_RIGHT_TURN_VAR3_R2-6n(R).svg,1200x871 mm,size from the sheet's 600 x 1200 figure; drawn proportions differ from the stated size (1200 x 871.08 mm drawn) — check; NSW-only code,Original PDFs/r2-6n_r.pdf
GE7-205n,Service Centre Intersection Direction,Freeway Signs,SERVICE_CENTRE_INTERSECTION_DIRECTION_GE7-205n.svg,2601x969 mm,size from the sheet's 968 x 2601 figure; NSW-only code,Original PDFs/ge7-205n.pdf
GE9-23-1,Emergency Median Crossing (symbol),Freeway Signs,EMERGENCY_MEDIAN_CROSSING_SYMBOL_GE9-23-1.svg,1433x1432 mm,no size found on the sheet; drawn at 1:10 — check; code also in the national AS 1743 set,Original PDFs/ge9-23-1.pdf
GE7-204n,Service Centre Advance Direction,Freeway Signs,SERVICE_CENTRE_ADVANCE_DIRECTION_GE7-204n.svg,2362x1112 mm,size from the sheet's 1112 x 2362 figure; NSW-only code,Original PDFs/ge7-204n.pdf
GE7-3-2,Services Advance (Example Only),Freeway Signs,SERVICES_ADVANCE_EXAMPLE_ONLY_GE7-3-2.svg,2440x1920 mm,size from the sheet's 1920 x 2440 figure; code also in the national AS 1743 set,Original PDFs/ge7-3-2.pdf
GE7-3-2,Services Advance (Example Only),Freeway Signs,SERVICES_ADVANCE_EXAMPLE_ONLY_VAR2_GE7-3-2.svg,2440x553 mm,size from the sheet's 1920 x 2440 figure; drawn proportions differ from the stated size (2440 x 552.6 mm drawn) — check; code also in the national AS 1743 set,Original PDFs/ge7-3-2.pdf
GE7-5-3,Services Position (3 symbols),Freeway Signs,SERVICES_POSITION_3_SYMBOLS_GE7-5-3.svg,2120x2929 mm,size from the sheet's 2930 x 2120 figure; code also in the national AS 1743 set,Original PDFs/ge7-5-3.pdf
GE9-15,Wrong Way (For use with R2-4),Freeway Signs,WRONG_WAY_FOR_USE_WITH_R2_4_GE9-15.svg,847x587 mm,no size found on the sheet; drawn at 1:10 — check; background assumed to be a white rectangle (outline drawn as loose strokes) — check; triangulated CAD export unioned; code also in the national AS 1743 set,Original PDFs/ge9-15.pdf
GE9-15,Wrong Way (For use with R2-4),Freeway Signs,WRONG_WAY_FOR_USE_WITH_R2_4_VAR2_GE9-15.svg,777x617 mm,no size found on the sheet; drawn at 1:10 — check; background assumed to be a white rectangle (outline drawn as loose strokes) — check; triangulated CAD export unioned; code also in the national AS 1743 set,Original PDFs/ge9-15.pdf
GE9-15,Wrong Way (For use with R2-4),Freeway Signs,WRONG_WAY_FOR_USE_WITH_R2_4_VAR3_GE9-15.svg,675x426 mm,no size found on the sheet; drawn at 1:10 — check; background assumed to be a white rectangle (outline drawn as loose strokes) — check; triangulated CAD export unioned; code also in the national AS 1743 set,Original PDFs/ge9-15.pdf
GE6-8,Next Service (x)km,Freeway Signs,NEXT_SERVICE_X_KM_GE6-8.svg,3000x1099 mm,size from the sheet's 1100 x 3000 figure; code also in the national AS 1743 set,Original PDFs/ge6-8.pdf
GE9-3,Reduce Speed Now,Freeway Signs,REDUCE_SPEED_NOW_GE9-3.svg,2600x2000 mm,size from the sheet's 2000 x 2600 figure; code also in the national AS 1743 set,Original PDFs/ge9-3.pdf
GE2-3,Exit Gore Sign,Freeway Signs,,,no drawing found on the sheet,Original PDFs/ge2-3.pdf
G6-253n,Speed Cameras Used In This Area (Use restricted / Requires NSW Centre For Road Safety approval),Guide Signs,,,no drawing found on the sheet,Original PDFs/g6-253.pdf
GE7-203n,Service Centre (Named) (3 Symbols) x(km) (Example Only),Freeway Signs,SERVICE_CENTRE_NAMED_3_SYMBOLS_X_KM_EXAMPLE_ONLY_GE7-203n.svg,3500x2932 mm,size from the sheet's 2932 x 3500 figure; NSW-only code,Original PDFs/ge7-203n.pdf
GE7-8(R),Pedestrian Indicator Help Phone (symbol) (Right Arrow),Freeway Signs,PEDESTRIAN_INDICATOR_HELP_PHONE_SYMBOL_RIGHT_ARROW_GE7-8(R).svg,406x711 mm,no size found on the sheet; drawn at 1:10 — check; triangulated CAD export unioned; code also in the national AS 1743 set,Original PDFs/ge7-8_r.pdf
GE7-8(L),Pedestrian Indicator Help Phone (symbol) (Left Arrow),Freeway Signs,PEDESTRIAN_INDICATOR_HELP_PHONE_SYMBOL_LEFT_ARROW_GE7-8(L).svg,406x668 mm,no size found on the sheet; drawn at 1:10 — check; triangulated CAD export unioned; code also in the national AS 1743 set,Original PDFs/ge7-8_l.pdf
GE7-9,Distance Plate Pedestrian Indicator for Help Phone (supplementary plate),Freeway Signs,DISTANCE_PLATE_PEDESTRIAN_INDICATOR_FOR_HELP_PHONE_SUPPLEMENTARY_PLATE_GE7-9.svg,677x482 mm,no size found on the sheet; drawn at 1:10 — check; background assumed to be a white rectangle (outline drawn as loose strokes) — check; triangulated CAD export unioned; code also in the national AS 1743 set,Original PDFs/ge7-9.pdf
GE7-9,Distance Plate Pedestrian Indicator for Help Phone (supplementary plate),Freeway Signs,DISTANCE_PLATE_PEDESTRIAN_INDICATOR_FOR_HELP_PHONE_SUPPLEMENTARY_PLATE_VAR2_GE7-9.svg,657x233 mm,no size found on the sheet; drawn at 1:10 — check; triangulated CAD export unioned; code also in the national AS 1743 set,Original PDFs/ge7-9.pdf
GE7-4-1,Services Advance (x) km Left Lane (Example Only),Freeway Signs,SERVICES_ADVANCE_X_KM_LEFT_LANE_EXAMPLE_ONLY_GE7-4-1.svg,3350x2832 mm,size from the sheet's 1800 x 3350 figure; drawn proportions differ from the stated size (3350 x 2831.85 mm drawn) — check; code also in the national AS 1743 set,Original PDFs/ge7-4-1.pdf
GE7-1-3,Services THIS( or NEXT) EXIT(Example Only),Freeway Signs,SERVICES_THIS_OR_NEXT_EXIT_EXAMPLE_ONLY_GE7-1-3.svg,3240x1800 mm,size from the sheet's 1800 x 3240 figure; code also in the national AS 1743 set,Original PDFs/ge7-1-3.pdf
GE7-3-5,Information Bay Advance (Example Only),Freeway Signs,INFORMATION_BAY_ADVANCE_EXAMPLE_ONLY_GE7-3-5.svg,2340x1920 mm,size from the sheet's 1920 x 2340 figure; code also in the national AS 1743 set,Original PDFs/ge7-3-5.pdf
GE7-3-5,Information Bay Advance (Example Only),Freeway Signs,INFORMATION_BAY_ADVANCE_EXAMPLE_ONLY_VAR2_GE7-3-5.svg,2340x633 mm,size from the sheet's 1920 x 2340 figure; drawn proportions differ from the stated size (2340 x 632.63 mm drawn) — check; code also in the national AS 1743 set,Original PDFs/ge7-3-5.pdf
G6-342n,T-Way Lane Camera Ahead (Fulltime),Guide Signs,T_WAY_LANE_CAMERA_AHEAD_FULLTIME_G6-342n.svg,1099x446 mm,no size found on the sheet; drawn at 1:10 — check; triangulated CAD export unioned; NSW-only code,Original PDFs/g6-342.pdf
R7-1-5,Tram/Light Rail (symbolic) Lane,Regulatory Signs,TRAM_LIGHT_RAIL_SYMBOLIC_LANE_R7-1-5.svg,783x1054 mm,no size found on the sheet; drawn at 1:10 — check; background assumed to be a white rectangle (outline drawn as loose strokes) — check; triangulated CAD export unioned; code also in the national AS 1743 set,Original PDFs/r7-1-5.pdf
R7-1-5,Tram/Light Rail (symbolic) Lane,Regulatory Signs,TRAM_LIGHT_RAIL_SYMBOLIC_LANE_VAR2_R7-1-5.svg,681x791 mm,no size found on the sheet; drawn at 1:10 — check; background assumed to be a white rectangle (outline drawn as loose strokes) — check; triangulated CAD export unioned; code also in the national AS 1743 set,Original PDFs/r7-1-5.pdf
R7-10,Tram/Light Rail Only,Regulatory Signs,TRAM_LIGHT_RAIL_ONLY_R7-10.svg,814x1089 mm,no size found on the sheet; drawn at 1:10 — check; triangulated CAD export unioned; code also in the national AS 1743 set,Original PDFs/r7-10.pdf
R7-10,Tram/Light Rail Only,Regulatory Signs,TRAM_LIGHT_RAIL_ONLY_VAR2_R7-10.svg,663x814 mm,no size found on the sheet; drawn at 1:10 — check; triangulated CAD export unioned; code also in the national AS 1743 set,Original PDFs/r7-10.pdf
R7-10,Tram/Light Rail Only,Regulatory Signs,TRAM_LIGHT_RAIL_ONLY_VAR3_R7-10.svg,705x704 mm,no size found on the sheet; drawn at 1:10 — check; triangulated CAD export unioned; code also in the national AS 1743 set,Original PDFs/r7-10.pdf
R4-9,End School Zone,Regulatory Signs,END_SCHOOL_ZONE_R4-9.svg,609x609 mm,no size found on the sheet; drawn at 1:10 — check; triangulated CAD export unioned; code also in the national AS 1743 set,Original PDFs/r4-9.pdf
R6-14,Stop Here On Red Arrow,Parking Signs,STOP_HERE_ON_RED_ARROW_R6-14.svg,655x1112 mm,no size found on the sheet; drawn at 1:10 — check; background assumed to be a white rectangle (outline drawn as loose strokes) — check; triangulated CAD export unioned; code also in the national AS 1743 set,Original PDFs/r6-14.pdf
R6-14,Stop Here On Red Arrow,Parking Signs,STOP_HERE_ON_RED_ARROW_VAR2_R6-14.svg,436x741 mm,no size found on the sheet; drawn at 1:10 — check; background assumed to be a white rectangle (outline drawn as loose strokes) — check; triangulated CAD export unioned; code also in the national AS 1743 set,Original PDFs/r6-14.pdf
R6-237-1n,T-Way Lane 24hrs (Left arrow / Right arrow),Parking Signs,T_WAY_LANE_24HRS_LEFT_ARROW_RIGHT_ARROW_R6-237-1n.svg,450x750 mm,size from the sheet's 750 x 450 figure; NSW-only code,Original PDFs/r6-237-1n.pdf
R6-237-2n,T-Way Lane 24 hrs (Down Arrow),Parking Signs,T_WAY_LANE_24_HRS_DOWN_ARROW_R6-237-2n.svg,450x750 mm,size from the sheet's 750 x 450 figure; NSW-only code,Original PDFs/r6-237-2n.pdf
R6-237-3n,T-Way Lane End,Parking Signs,T_WAY_LANE_END_R6-237-3n.svg,450x600 mm,size from the sheet's 600 x 450 figure; NSW-only code,Original PDFs/r6-237-3n.pdf
R6-19,Start Freeway,Parking Signs,START_FREEWAY_R6-19.svg,1218x590 mm,no size found on the sheet; drawn at 1:10 — check; triangulated CAD export unioned; code also in the national AS 1743 set,Original PDFs/r6-19.pdf
R6-19,Start Freeway,Parking Signs,START_FREEWAY_VAR2_R6-19.svg,1064x580 mm,no size found on the sheet; drawn at 1:10 — check; background assumed to be a white rectangle (outline drawn as loose strokes) — check; triangulated CAD export unioned; code also in the national AS 1743 set,Original PDFs/r6-19.pdf
R6-21,End Freeway,Parking Signs,,,no drawing found on the sheet,Original PDFs/r6-21.pdf
R6-249n,Rain (Symbolic) Speed Limit (Symbolic) Wet Weather Speed Limit Ahead,Parking Signs,RAIN_SYMBOLIC_SPEED_LIMIT_SYMBOLIC_WET_WEATHER_SPEED_LIMIT_AHEAD_R6-249n.svg,450x1502 mm,size from the sheet's 1500 x 450 figure; NSW-only code,Original PDFs/r6-249n.pdf
R6-256n,Stop Here On Red Arrow Otherwise Turn Left With Care,Parking Signs,STOP_HERE_ON_RED_ARROW_OTHERWISE_TURN_LEFT_WITH_CARE_R6-256n.svg,450x1050 mm,size from the sheet's 1050 x 450 figure; NSW-only code,Original PDFs/r6-256n.pdf
R6-6-1n,Stop Here On Red Signal (Tunnel Use Only),Parking Signs,STOP_HERE_ON_RED_SIGNAL_TUNNEL_USE_ONLY_R6-6-1n.svg,2400x699 mm,size from the sheet's 700 x 2400 figure; NSW-only code,Original PDFs/r6-6-1n.pdf
R6-6,Stop Here On Red Signal,Parking Signs,STOP_HERE_ON_RED_SIGNAL_R6-6.svg,685x1143 mm,no size found on the sheet; drawn at 1:10 — check; triangulated CAD export unioned; code also in the national AS 1743 set,Original PDFs/r6-6.pdf
R6-6,Stop Here On Red Signal,Parking Signs,STOP_HERE_ON_RED_SIGNAL_VAR2_R6-6.svg,457x762 mm,no size found on the sheet; drawn at 1:10 — check; triangulated CAD export unioned; code also in the national AS 1743 set,Original PDFs/r6-6.pdf
R6-9,Stop On Red Signal,Parking Signs,STOP_ON_RED_SIGNAL_R6-9.svg,873x1178 mm,no size found on the sheet; drawn at 1:10 — check; background assumed to be a white rectangle (outline drawn as loose strokes) — check; triangulated CAD export unioned; code also in the national AS 1743 set,Original PDFs/r6-9.pdf
R6-241n,Start Motorway,Parking Signs,START_MOTORWAY_R6-241n.svg,1218x590 mm,no size found on the sheet; drawn at 1:10 — check; triangulated CAD export unioned; NSW-only code,Original PDFs/r6-241n.pdf
R6-241n,Start Motorway,Parking Signs,START_MOTORWAY_VAR2_R6-241n.svg,1064x580 mm,no size found on the sheet; drawn at 1:10 — check; triangulated CAD export unioned; NSW-only code,Original PDFs/r6-241n.pdf
R6-243n,End Motorway,Parking Signs,END_MOTORWAY_R6-243n.svg,900x450 mm,size from the sheet's 450 x 900 figure; NSW-only code,Original PDFs/r6-243n.pdf
RM6-6n(D),Stop Here On Red Signal (Mms Insert - To Be used on Multi Message Sign panels Only),Regulatory Signs,STOP_HERE_ON_RED_SIGNAL_MMS_INSERT_TO_BE_USED_ON_MULTI_MESSAGE_SIGN_PANELS_ONLY_RM6-6n(D).svg,600x888 mm,size from the sheet's 900 x 600 figure; NSW-only code,Original PDFs/rm6-6_d.pdf
RM6-6(C),Stop Here On Red Signal (Mms Insert - To Be used on Multi Message Sign panels Only),Regulatory Signs,STOP_HERE_ON_RED_SIGNAL_MMS_INSERT_TO_BE_USED_ON_MULTI_MESSAGE_SIGN_PANELS_ONLY_RM6-6(C).svg,1200x612 mm,size from the sheet's 600 x 1200 figure; NSW-only code,Original PDFs/rm6-6_c.pdf
RM4-12(C),End Speed Limit (Mms Insert - To Be used on Multi Message Sign panels Only),Regulatory Signs,,,no drawing found on the sheet,Original PDFs/rm4-12_c.pdf
RM4-12(D),End Speed Limit (Mms Insert - To Be used on Multi Message Sign panels Only),Regulatory Signs,END_SPEED_LIMIT_MMS_INSERT_TO_BE_USED_ON_MULTI_MESSAGE_SIGN_PANELS_ONLY_RM4-12(D).svg,600x888 mm,size from the sheet's 900 x 600 figure; NSW-only code,Original PDFs/rm4-12_d.pdf
G9-70,No Stopping On Freeway,Guide Signs,NO_STOPPING_ON_FREEWAY_G9-70.svg,1400x1400 mm,size from the sheet's 1400 x 1400 figure; code also in the national AS 1743 set,Original PDFs/g9-70.pdf
G9-70-1n,No Stopping On Motorway,Guide Signs,NO_STOPPING_ON_MOTORWAY_G9-70-1n.svg,1400x1399 mm,size from the sheet's 1400 x 1400 figure; NSW-only code,Original PDFs/g9-70-1n.pdf
T2-241n,Speed Camera 24 Hours Variable Speed Limit Enforced,Temporary Signs,SPEED_CAMERA_24_HOURS_VARIABLE_SPEED_LIMIT_ENFORCED_T2-241n.svg,1340x1151 mm,no size found on the sheet; drawn at 1:10 — check; triangulated CAD export unioned; NSW-only code,Original PDFs/t2-241n.pdf
T2-240n,New Speed Camera To Commence Soon,Temporary Signs,NEW_SPEED_CAMERA_TO_COMMENCE_SOON_T2-240n.svg,1340x1151 mm,no size found on the sheet; drawn at 1:10 — check; triangulated CAD export unioned; NSW-only code,Original PDFs/t2-240n.pdf
T2-13,Water Over Road,Temporary Signs,WATER_OVER_ROAD_T2-13.svg,1218x914 mm,no size found on the sheet; drawn at 1:10 — check; code also in the national AS 1743 set,Original PDFs/t2-13.pdf
T2-13,Water Over Road,Temporary Signs,WATER_OVER_ROAD_VAR2_T2-13.svg,914x609 mm,no size found on the sheet; drawn at 1:10 — check; code also in the national AS 1743 set,Original PDFs/t2-13.pdf
T2-17n_VMS,End Road Work VMS Panel (Temporary Traffic Management Use Only),Temporary Signs,END_ROAD_WORK_VMS_PANEL_TEMPORARY_TRAFFIC_MANAGEMENT_USE_ONLY_T2-17n_VMS.svg,1200x906 mm,size from the sheet's 900 x 1200 figure; NSW-only code,Original PDFs/t2-17n_vms.pdf
T2-207n,Cycle Hazard Grooved Road,Temporary Signs,CYCLE_HAZARD_GROOVED_ROAD_T2-207n.svg,1218x914 mm,no size found on the sheet; drawn at 1:10 — check; NSW-only code,Original PDFs/t2-207n.pdf
T2-17,End Road Work (3 lines),Temporary Signs,END_ROAD_WORK_3_LINES_T2-17.svg,1218x914 mm,no size found on the sheet; drawn at 1:10 — check; code also in the national AS 1743 set,Original PDFs/t2-17.pdf
T2-19n,Shoulder Closed,Temporary Signs,SHOULDER_CLOSED_T2-19n.svg,1557x609 mm,no size found on the sheet; drawn at 1:10 — check; NSW-only code,Original PDFs/t2-19n.pdf
T2-19n,Shoulder Closed,Temporary Signs,SHOULDER_CLOSED_VAR2_T2-19n.svg,812x406 mm,no size found on the sheet; drawn at 1:10 — check; NSW-only code,Original PDFs/t2-19n.pdf
T2-22n,Traffic Survey,Temporary Signs,TRAFFIC_SURVEY_T2-22n.svg,2436x1219 mm,no size found on the sheet; drawn at 1:10 — check; NSW-only code,Original PDFs/t2-22n.pdf
T2-14n,Burning Off,Temporary Signs,BURNING_OFF_T2-14n.svg,1219x1828 mm,no size found on the sheet; drawn at 1:10 — check; NSW-only code,Original PDFs/t2-14n.pdf
T2-16,End Roadwork,Temporary Signs,END_ROADWORK_T2-16.svg,609x1827 mm,no size found on the sheet; drawn at 1:10 — check; code also in the national AS 1743 set,Original PDFs/t2-16.pdf
T2-20n,Exit Closed,Temporary Signs,EXIT_CLOSED_T2-20n.svg,2132x1219 mm,no size found on the sheet; drawn at 1:10 — check; NSW-only code,Original PDFs/t2-20n.pdf
T2-243n,Osom (Oversize Overmass - Limit Vehicle Restriction Heavy) Vehicle Bay (Left Arrow Angled),Temporary Signs,,,no drawing found on the sheet,Original PDFs/t2-243n.pdf
T2-235n(R),Lane Closed (over hazard marker) Right,Temporary Signs,LANE_CLOSED_OVER_HAZARD_MARKER_RIGHT_T2-235n(R).svg,1827x762 mm,no size found on the sheet; drawn at 1:10 — check; triangulated CAD export unioned; NSW-only code,Original PDFs/t2-235n_r.pdf
T2-235n(L),Lane Closed (over hazard marker) Left,Temporary Signs,LANE_CLOSED_OVER_HAZARD_MARKER_LEFT_T2-235n(L).svg,1827x762 mm,no size found on the sheet; drawn at 1:10 — check; triangulated CAD export unioned; NSW-only code,Original PDFs/t2-235n_l.pdf
T2-24,One Lane Each Way (Symbolic),Temporary Signs,ONE_LANE_EACH_WAY_SYMBOLIC_T2-24.svg,914x610 mm,no size found on the sheet; drawn at 1:10 — check; triangulated CAD export unioned; code also in the national AS 1743 set,Original PDFs/t2-24.pdf
T2-239n,Surveyors On Road,Temporary Signs,SURVEYORS_ON_ROAD_T2-239n.svg,914x1218 mm,no size found on the sheet; drawn at 1:10 — check; NSW-only code,Original PDFs/t2-239n.pdf
T2-239n,Surveyors On Road,Temporary Signs,SURVEYORS_ON_ROAD_VAR2_T2-239n.svg,609x914 mm,no size found on the sheet; drawn at 1:10 — check; NSW-only code,Original PDFs/t2-239n.pdf
T2-237n,Wet Paint On Road,Temporary Signs,WET_PAINT_ON_ROAD_T2-237n.svg,649x1218 mm,no size found on the sheet; drawn at 1:10 — check; NSW-only code,Original PDFs/t2-237n.pdf
T2-237n,Wet Paint On Road,Temporary Signs,WET_PAINT_ON_ROAD_VAR2_T2-237n.svg,406x812 mm,no size found on the sheet; drawn at 1:10 — check; NSW-only code,Original PDFs/t2-237n.pdf
T2-237n,Wet Paint On Road,Temporary Signs,WET_PAINT_ON_ROAD_VAR3_T2-237n.svg,271x609 mm,no size found on the sheet; drawn at 1:10 — check; NSW-only code,Original PDFs/t2-237n.pdf
T2-25n_VMS,Trucks (Crossing Or Entering) (Symbolic) Vms Panel (Temporary Traffic Management Use Only,Temporary Signs,TRUCKS_CROSSING_OR_ENTERING_SYMBOLIC_VMS_PANEL_TEMPORARY_TRAFFIC_MANAGEMENT_USE__T2-25n_VMS.svg,1200x906 mm,size from the sheet's 900 x 1200 figure; NSW-only code,Original PDFs/t2-25n_vms.pdf
T2-6-1,Left Lane Closed (Symbolic - 1 lane in direction of travel),Temporary Signs,LEFT_LANE_CLOSED_SYMBOLIC_1_LANE_IN_DIRECTION_OF_TRAVEL_T2-6-1.svg,1218x812 mm,no size found on the sheet; drawn at 1:10 — check; triangulated CAD export unioned; code also in the national AS 1743 set,Original PDFs/t2-6-1.pdf
T2-6-1,Left Lane Closed (Symbolic - 1 lane in direction of travel),Temporary Signs,LEFT_LANE_CLOSED_SYMBOLIC_1_LANE_IN_DIRECTION_OF_TRAVEL_VAR2_T2-6-1.svg,812x609 mm,no size found on the sheet; drawn at 1:10 — check; triangulated CAD export unioned; code also in the national AS 1743 set,Original PDFs/t2-6-1.pdf
T2-25,Trucks (Crossing or entering) (Symbolic),Temporary Signs,TRUCKS_CROSSING_OR_ENTERING_SYMBOLIC_T2-25.svg,914x609 mm,no size found on the sheet; drawn at 1:10 — check; triangulated CAD export unioned; code also in the national AS 1743 set,Original PDFs/t2-25.pdf
T2-5n,Part Road Closed,Temporary Signs,PART_ROAD_CLOSED_T2-5n.svg,1523x609 mm,no size found on the sheet; drawn at 1:10 — check; NSW-only code,Original PDFs/t2-5n.pdf
T2-6-2n_VMS,Left Lane Closed (Symbolic - 2 lanes in direction of travel) Vms Panel (Temporary Traffic Management Use Only),Temporary Signs,LEFT_LANE_CLOSED_SYMBOLIC_2_LANES_IN_DIRECTION_OF_TRAVEL_VMS_PANEL_TEMPORARY_TRA_T2-6-2n_VMS.svg,1200x906 mm,size from the sheet's 900 x 1200 figure; NSW-only code,Original PDFs/t2-6-2n_vms.pdf
T2-6-1n_VMS,Left Lane Closed (Symbolic - 1 Lane in direction of travel) VMS Panel (Temporary Traffic Management Use Only),Temporary Signs,LEFT_LANE_CLOSED_SYMBOLIC_1_LANE_IN_DIRECTION_OF_TRAVEL_VMS_PANEL_TEMPORARY_TRAF_T2-6-1n_VMS.svg,1200x906 mm,size from the sheet's 900 x 1200 figure; NSW-only code,Original PDFs/t2-6-1n_vms.pdf
T2-6-2,Left Lane Closed (symbolic - 2 lanes in direction of travel),Temporary Signs,LEFT_LANE_CLOSED_SYMBOLIC_2_LANES_IN_DIRECTION_OF_TRAVEL_T2-6-2.svg,1624x790 mm,no size found on the sheet; drawn at 1:10 — check; triangulated CAD export unioned; drawn at 2 sizes on the sheet; largest kept; code also in the national AS 1743 set,Original PDFs/t2-6-2.pdf
T2-23,End Detour,Temporary Signs,END_DETOUR_T2-23.svg,1218x609 mm,no size found on the sheet; drawn at 1:10 — check; code also in the national AS 1743 set,Original PDFs/t2-23.pdf
T1-10-1n,Traffic Hazard Ahead,Temporary Signs,TRAFFIC_HAZARD_AHEAD_T1-10-1n.svg,1200x906 mm,size from the sheet's 900 x 1200 figure; NSW-only code,Original PDFs/t1-10-1n.pdf
T1-11n,Traffic Accident Ahead,Temporary Signs,TRAFFIC_ACCIDENT_AHEAD_T1-11n.svg,1218x889 mm,no size found on the sheet; drawn at 1:10 — check; NSW-only code,Original PDFs/t1-11n.pdf
T1-10-2n,End Traffic Hazard,Temporary Signs,END_TRAFFIC_HAZARD_T1-10-2n.svg,1200x906 mm,size from the sheet's 900 x 1200 figure; NSW-only code,Original PDFs/t1-10-2n.pdf
T1-16,Roadwork (x)km Ahead,Temporary Signs,ROADWORK_X_KM_AHEAD_T1-16.svg,1624x582 mm,no size found on the sheet; drawn at 1:10 — check; code also in the national AS 1743 set,Original PDFs/t1-16.pdf
T1-16,Roadwork (x)km Ahead,Temporary Signs,ROADWORK_X_KM_AHEAD_VAR2_T1-16.svg,1218x389 mm,no size found on the sheet; drawn at 1:10 — check; code also in the national AS 1743 set,Original PDFs/t1-16.pdf
T1-15n,Line Marking Ahead,Temporary Signs,LINE_MARKING_AHEAD_T1-15n.svg,1218x406 mm,no size found on the sheet; drawn at 1:10 — check; NSW-only code,Original PDFs/t1-15n.pdf
T1-15n,Line Marking Ahead,Temporary Signs,LINE_MARKING_AHEAD_VAR2_T1-15n.svg,1015x406 mm,no size found on the sheet; drawn at 1:10 — check; NSW-only code,Original PDFs/t1-15n.pdf
T1-10,Traffic Hazard,Temporary Signs,TRAFFIC_HAZARD_T1-10.svg,1211x580 mm,no size found on the sheet; drawn at 1:10 — check; code also in the national AS 1743 set,Original PDFs/t1-10.pdf
T1-16n_VMS,Roadwork (X)km Ahead Vms Panel (Temporary Traffic Management Use Only),Temporary Signs,ROADWORK_X_KM_AHEAD_VMS_PANEL_TEMPORARY_TRAFFIC_MANAGEMENT_USE_ONLY_T1-16n_VMS.svg,1200x900 mm,size from the sheet's 900 x 1200 figure; NSW-only code,Original PDFs/t1-16n_vms.pdf
T1-5n_VMS,Workers Symbolic Vms Panel (Temporary Traffic Management Use Only),Temporary Signs,WORKERS_SYMBOLIC_VMS_PANEL_TEMPORARY_TRAFFIC_MANAGEMENT_USE_ONLY_T1-5n_VMS.svg,1200x906 mm,size from the sheet's 900 x 1200 figure; NSW-only code,Original PDFs/t1-5n_vms.pdf
T1-19,Stock Ahead (Symbolic Sheep/Cattle),Temporary Signs,STOCK_AHEAD_SYMBOLIC_SHEEP_CATTLE_T1-19.svg,1218x873 mm,no size found on the sheet; drawn at 1:10 — check; triangulated CAD export unioned; code also in the national AS 1743 set,Original PDFs/t1-19.pdf
T1-19,Stock Ahead (Symbolic Sheep/Cattle),Temporary Signs,STOCK_AHEAD_SYMBOLIC_SHEEP_CATTLE_VAR2_T1-19.svg,914x584 mm,no size found on the sheet; drawn at 1:10 — check; triangulated CAD export unioned; code also in the national AS 1743 set,Original PDFs/t1-19.pdf
T1-19,Stock Ahead (Symbolic Sheep/Cattle),Temporary Signs,STOCK_AHEAD_SYMBOLIC_SHEEP_CATTLE_VAR3_T1-19.svg,366x42 mm,no size found on the sheet; drawn at 1:10 — check; code also in the national AS 1743 set,Original PDFs/t1-19.pdf
T1-5,Workers (Symbolic),Temporary Signs,WORKERS_SYMBOLIC_T1-5.svg,1200x861 mm,size from the sheet's 1200 x 900 figure; triangulated CAD export unioned; code also in the national AS 1743 set,Original PDFs/t1-5.pdf
T1-5,Workers (Symbolic),Temporary Signs,WORKERS_SYMBOLIC_VAR2_T1-5.svg,1200x768 mm,size from the sheet's 1200 x 900 figure; drawn proportions differ from the stated size (1200 x 768.3 mm drawn) — check; triangulated CAD export unioned; code also in the national AS 1743 set,Original PDFs/t1-5.pdf
T1-47n,Queued Traffic,Temporary Signs,QUEUED_TRAFFIC_T1-47n.svg,1218x812 mm,no size found on the sheet; drawn at 1:10 — check; triangulated CAD export unioned; NSW-only code,Original PDFs/t1-47n.pdf
T1-47n,Queued Traffic,Temporary Signs,QUEUED_TRAFFIC_VAR2_T1-47n.svg,914x609 mm,no size found on the sheet; drawn at 1:10 — check; triangulated CAD export unioned; NSW-only code,Original PDFs/t1-47n.pdf
T1-18,Prepare To Stop,Temporary Signs,PREPARE_TO_STOP_T1-18.svg,1218x914 mm,no size found on the sheet; drawn at 1:10 — check; code also in the national AS 1743 set,Original PDFs/t1-18.pdf
T1-18,Prepare To Stop,Temporary Signs,PREPARE_TO_STOP_VAR2_T1-18.svg,914x609 mm,no size found on the sheet; drawn at 1:10 — check; code also in the national AS 1743 set,Original PDFs/t1-18.pdf
T1-6,Detour Ahead,Temporary Signs,DETOUR_AHEAD_T1-6.svg,1218x582 mm,no size found on the sheet; drawn at 1:10 — check; drawn at 2 sizes on the sheet; largest kept; code also in the national AS 1743 set,Original PDFs/t1-6.pdf
T1-47-2n,Queued Traffic Prepare To Stop - Do Not Overtake,Temporary Signs,QUEUED_TRAFFIC_PREPARE_TO_STOP_DO_NOT_OVERTAKE_T1-47-2n.svg,1187x900 mm,no size found on the sheet; drawn at 1:10 — check; triangulated CAD export unioned; NSW-only code,Original PDFs/t1-47-2n.pdf
T1-47-2n,Queued Traffic Prepare To Stop - Do Not Overtake,Temporary Signs,QUEUED_TRAFFIC_PREPARE_TO_STOP_DO_NOT_OVERTAKE_VAR2_T1-47-2n.svg,845x650 mm,no size found on the sheet; drawn at 1:10 — check; triangulated CAD export unioned; NSW-only code,Original PDFs/t1-47-2n.pdf
T1-47-1n,Queued Traffic Prepare To Stop,Temporary Signs,QUEUED_TRAFFIC_PREPARE_TO_STOP_T1-47-1n.svg,1186x901 mm,no size found on the sheet; drawn at 1:10 — check; triangulated CAD export unioned; NSW-only code,Original PDFs/t1-47-1n.pdf
T1-47-1n,Queued Traffic Prepare To Stop,Temporary Signs,QUEUED_TRAFFIC_PREPARE_TO_STOP_VAR2_T1-47-1n.svg,845x650 mm,no size found on the sheet; drawn at 1:10 — check; triangulated CAD export unioned; NSW-only code,Original PDFs/t1-47-1n.pdf
t1-23,Changed Traffic Conditions,Temporary Signs,CHANGED_TRAFFIC_CONDITIONS_t1-23.svg,888x1827 mm,no size found on the sheet; drawn at 1:10 — check; code also in the national AS 1743 set,Original PDFs/t1-23.pdf
T1-2,Bridgework Ahead,Temporary Signs,BRIDGEWORK_AHEAD_T1-2.svg,582x1624 mm,no size found on the sheet; drawn at 1:10 — check; code also in the national AS 1743 set,Original PDFs/t1-2.pdf
T1-2,Bridgework Ahead,Temporary Signs,BRIDGEWORK_AHEAD_VAR2_T1-2.svg,406x1218 mm,no size found on the sheet; drawn at 1:10 — check; code also in the national AS 1743 set,Original PDFs/t1-2.pdf
T1-22,Changed Signals,Temporary Signs,CHANGED_SIGNALS_T1-22.svg,584x1218 mm,no size found on the sheet; drawn at 1:10 — check; code also in the national AS 1743 set,Original PDFs/t1-22.pdf
T1-21,New Roundabout,Temporary Signs,NEW_ROUNDABOUT_T1-21.svg,584x1827 mm,no size found on the sheet; drawn at 1:10 — check; code also in the national AS 1743 set,Original PDFs/t1-21.pdf
T1-23-4n,Wide Centre Line Treatment (Overtaking Permitted When Safe) Both Directions,Temporary Signs,WIDE_CENTRE_LINE_TREATMENT_OVERTAKING_PERMITTED_WHEN_SAFE_BOTH_DIRECTIONS_T1-23-4n.svg,1368x1641 mm,no size found on the sheet; drawn at 1:10 — check; NSW-only code,Original PDFs/t1-23-4n.pdf
T1-259n,Flashing Lights / Reduce Speed / Roundabout Ahead Symbolic / Roundabout Ahead,Temporary Signs,FLASHING_LIGHTS_REDUCE_SPEED_ROUNDABOUT_AHEAD_SYMBOLIC_ROUNDABOUT_AHEAD_T1-259n.svg,1500x2500 mm,size from the sheet's 2500 x 1500 figure; NSW-only code,Original PDFs/t1-259.pdf
T1-23-3n,Wide Centre Line Treatment (Overtaking Permitted When Safe) One Direction,Temporary Signs,WIDE_CENTRE_LINE_TREATMENT_OVERTAKING_PERMITTED_WHEN_SAFE_ONE_DIRECTION_T1-23-3n.svg,1368x1641 mm,no size found on the sheet; drawn at 1:10 — check; NSW-only code,Original PDFs/t1-23-3n.pdf
T1-23n_VMS,Changed Traffic Conditions VMS Panel (Temporary Traffic Management Use Only),Temporary Signs,CHANGED_TRAFFIC_CONDITIONS_VMS_PANEL_TEMPORARY_TRAFFIC_MANAGEMENT_USE_ONLY_T1-23n_VMS.svg,1200x906 mm,size from the sheet's 900 x 1200 figure; NSW-only code,Original PDFs/t1-23n_vms.pdf
T1-23-1n,Wide Centre Line Treatment (Overtaking Not Permitted) Both Directions,Temporary Signs,WIDE_CENTRE_LINE_TREATMENT_OVERTAKING_NOT_PERMITTED_BOTH_DIRECTIONS_T1-23-1n.svg,1368x1641 mm,no size found on the sheet; drawn at 1:10 — check; NSW-only code,Original PDFs/t1-23-1n.pdf
T1-23-2n,Wide Centre Line Treatment (Overtaking Not Permitted) One Direction,Temporary Signs,WIDE_CENTRE_LINE_TREATMENT_OVERTAKING_NOT_PERMITTED_ONE_DIRECTION_T1-23-2n.svg,1368x1641 mm,no size found on the sheet; drawn at 1:10 — check; NSW-only code,Original PDFs/t1-23-2n.pdf
T1-25,Roadwork On Side Road,Temporary Signs,ROADWORK_ON_SIDE_ROAD_T1-25.svg,1828x584 mm,no size found on the sheet; drawn at 1:10 — check; code also in the national AS 1743 set,Original PDFs/t1-25.pdf
T1-24,Roadwork Next (x)km,Temporary Signs,ROADWORK_NEXT_X_KM_T1-24.svg,2400x860 mm,size from the sheet's 2400 x 900 figure; code also in the national AS 1743 set,Original PDFs/t1-24.pdf
T1-24,Roadwork Next (x)km,Temporary Signs,ROADWORK_NEXT_X_KM_VAR2_T1-24.svg,2400x766 mm,size from the sheet's 2400 x 900 figure; drawn proportions differ from the stated size (2400 x 766.42 mm drawn) — check; code also in the national AS 1743 set,Original PDFs/t1-24.pdf
T1-275n,Osom (Oversize Overmass - Limit Vehicle Restriction Heavy) Limit Ahead Over x(m) Wide,Temporary Signs,OSOM_OVERSIZE_OVERMASS_LIMIT_VEHICLE_RESTRICTION_HEAVY_LIMIT_AHEAD_OVER_X_M_WIDE_T1-275n.svg,1022x341 mm,no size found on the sheet; drawn at 1:10 — check; NSW-only code,Original PDFs/t1-275n.pdf
T1-274n,Osom (Oversize Overmass - Limit Vehicle Restriction Heavy) Limit Ahead Over x(m) High,Temporary Signs,OSOM_OVERSIZE_OVERMASS_LIMIT_VEHICLE_RESTRICTION_HEAVY_LIMIT_AHEAD_OVER_X_M_HIGH_T1-274n.svg,1022x341 mm,no size found on the sheet; drawn at 1:10 — check; NSW-only code,Original PDFs/t1-274n.pdf
T1-277n,Osom (Oversize Overmass - Limit Vehicle Restriction Heavy) Vehicle Bay x(km) Ahead,Temporary Signs,OSOM_OVERSIZE_OVERMASS_LIMIT_VEHICLE_RESTRICTION_HEAVY_VEHICLE_BAY_X_KM_AHEAD_T1-277n.svg,1022x341 mm,no size found on the sheet; drawn at 1:10 — check; NSW-only code,Original PDFs/t1-277n.pdf
T1-273n,Osom (Oversize Overmass - Limit Vehicle Restriction Heavy) Vehicles Call UHF(xx),Temporary Signs,OSOM_OVERSIZE_OVERMASS_LIMIT_VEHICLE_RESTRICTION_HEAVY_VEHICLES_CALL_UHF_XX_T1-273n.svg,1172x391 mm,no size found on the sheet; drawn at 1:10 — check; NSW-only code,Original PDFs/t1-273n.pdf
T1-27,Road Plant On Side Road,Temporary Signs,ROAD_PLANT_ON_SIDE_ROAD_T1-27.svg,1828x584 mm,no size found on the sheet; drawn at 1:10 — check; code also in the national AS 1743 set,Original PDFs/t1-27.pdf
T1-270n,New Speed Limit Ahead,Temporary Signs,NEW_SPEED_LIMIT_AHEAD_T1-270n.svg,1500x849 mm,size from the sheet's 840 x 1500 figure; NSW-only code,Original PDFs/t1-270n.pdf
T1-272n,Boom Barrier Ahead,Temporary Signs,BOOM_BARRIER_AHEAD_T1-272n.svg,1200x900 mm,size from the sheet's 1200 x 900 figure; triangulated CAD export unioned; NSW-only code,Original PDFs/t1-272n.pdf
T1-272n,Boom Barrier Ahead,Temporary Signs,BOOM_BARRIER_AHEAD_VAR2_T1-272n.svg,1200x800 mm,size from the sheet's 1200 x 900 figure; drawn proportions differ from the stated size (1200 x 799.58 mm drawn) — check; triangulated CAD export unioned; NSW-only code,Original PDFs/t1-272n.pdf
T1-276n,Osom (Oversize Overmass - Limit Vehicle Restriction Heavy) Vehicle Bay x(m) Ahead,Temporary Signs,OSOM_OVERSIZE_OVERMASS_LIMIT_VEHICLE_RESTRICTION_HEAVY_VEHICLE_BAY_X_M_AHEAD_T1-276n.svg,1022x341 mm,no size found on the sheet; drawn at 1:10 — check; NSW-only code,Original PDFs/t1-276n.pdf
T1-278n,Reduce Speed (for use at Temporary Traffic Management Sites Only),Temporary Signs,REDUCE_SPEED_FOR_USE_AT_TEMPORARY_TRAFFIC_MANAGEMENT_SITES_ONLY_T1-278n.svg,1200x612 mm,size from the sheet's 600 x 1200 figure; NSW-only code,Original PDFs/t1-278n.pdf
T1-280n,Turn On Hazard Lights When Stopped (Symbolic),Temporary Signs,TURN_ON_HAZARD_LIGHTS_WHEN_STOPPED_SYMBOLIC_T1-280n.svg,900x744 mm,size from the sheet's 740 x 900 figure; NSW-only code,Original PDFs/t1-280n.pdf
t1-3-1,Road Plant Ahead (3 lines),Temporary Signs,ROAD_PLANT_AHEAD_3_LINES_t1-3-1.svg,1168x1827 mm,no size found on the sheet; drawn at 1:10 — check; code also in the national AS 1743 set,Original PDFs/t1-3-1.pdf
T1-29,Bridgework (_)km Ahead,Temporary Signs,BRIDGEWORK_KM_AHEAD_T1-29.svg,1828x584 mm,no size found on the sheet; drawn at 1:10 — check; code also in the national AS 1743 set,Original PDFs/t1-29.pdf
T1-28,Next (x)km,Temporary Signs,NEXT_X_KM_T1-28.svg,873x914 mm,no size found on the sheet; drawn at 1:10 — check; code also in the national AS 1743 set,Original PDFs/t1-28.pdf
T1-28,Next (x)km,Temporary Signs,NEXT_X_KM_VAR2_T1-28.svg,584x609 mm,no size found on the sheet; drawn at 1:10 — check; code also in the national AS 1743 set,Original PDFs/t1-28.pdf
T1-31n_VMS,Road Work Ahead VMS Panel (Temporary Traffic Management Use Only),Temporary Signs,ROAD_WORK_AHEAD_VMS_PANEL_TEMPORARY_TRAFFIC_MANAGEMENT_USE_ONLY_T1-31n_VMS.svg,1200x906 mm,size from the sheet's 900 x 1200 figure; NSW-only code,Original PDFs/t1-31n_vms.pdf
T1-34,Traffic Controller (Symbolic),Temporary Signs,TRAFFIC_CONTROLLER_SYMBOLIC_T1-34.svg,914x584 mm,no size found on the sheet; drawn at 1:10 — check; triangulated CAD export unioned; code also in the national AS 1743 set,Original PDFs/t1-34.pdf
T1-3-2,Road Plant Ahead (2 lines),Temporary Signs,ROAD_PLANT_AHEAD_2_LINES_T1-3-2.svg,1828x584 mm,no size found on the sheet; drawn at 1:10 — check; code also in the national AS 1743 set,Original PDFs/t1-3-2.pdf
T1-33,Changed Intersection,Temporary Signs,CHANGED_INTERSECTION_T1-33.svg,584x1828 mm,no size found on the sheet; drawn at 1:10 — check; code also in the national AS 1743 set,Original PDFs/t1-33.pdf
T1-30,Signals (Symbolic),Temporary Signs,SIGNALS_SYMBOLIC_T1-30.svg,1218x812 mm,no size found on the sheet; drawn at 1:10 — check; triangulated CAD export unioned; drawn at 2 sizes on the sheet; largest kept; code also in the national AS 1743 set,Original PDFs/t1-30.pdf
T1-32,Side Road Closed,Temporary Signs,SIDE_ROAD_CLOSED_T1-32.svg,1523x584 mm,no size found on the sheet; drawn at 1:10 — check; code also in the national AS 1743 set,Original PDFs/t1-32.pdf
T1-31,Road Work Ahead,Temporary Signs,ROAD_WORK_AHEAD_T1-31.svg,1186x908 mm,no size found on the sheet; drawn at 1:10 — check; code also in the national AS 1743 set,Original PDFs/t1-31.pdf
T1-34n_VMS,Traffic Controller (Symbolic) VMS Panel (Temporary Traffic Management Use Only),Temporary Signs,TRAFFIC_CONTROLLER_SYMBOLIC_VMS_PANEL_TEMPORARY_TRAFFIC_MANAGEMENT_USE_ONLY_T1-34n_VMS.svg,1200x906 mm,size from the sheet's 900 x 1200 figure; NSW-only code,Original PDFs/t1-34n_vms.pdf
T1-4,Grader Ahead,Temporary Signs,GRADER_AHEAD_T1-4.svg,1828x1168 mm,no size found on the sheet; drawn at 1:10 — check; code also in the national AS 1743 set,Original PDFs/t1-4.pdf
T1-35,Stop Here When Directed,Temporary Signs,STOP_HERE_WHEN_DIRECTED_T1-35.svg,1218x914 mm,no size found on the sheet; drawn at 1:10 — check; code also in the national AS 1743 set,Original PDFs/t1-35.pdf
T1-35,Stop Here When Directed,Temporary Signs,STOP_HERE_WHEN_DIRECTED_VAR2_T1-35.svg,914x609 mm,no size found on the sheet; drawn at 1:10 — check; code also in the national AS 1743 set,Original PDFs/t1-35.pdf
R6-1,No Overtaking Or Passing,Parking Signs,NO_OVERTAKING_OR_PASSING_R6-1.svg,812x975 mm,no size found on the sheet; drawn at 1:10 — check; triangulated CAD export unioned; code also in the national AS 1743 set,Original PDFs/r6-1.pdf
R6-240-1n,Trucks And Buses Must Use Left 2 Lanes,Parking Signs,TRUCKS_AND_BUSES_MUST_USE_LEFT_2_LANES_R6-240-1n.svg,1800x1800 mm,size from the sheet's 1800 x 1800 figure; NSW-only code,Original PDFs/r6-240-1n.pdf
R6-22,Trucks & Buses Must Use Low Gear,Parking Signs,,,no drawing found on the sheet,Original PDFs/r6-22.pdf
R6-23,End Truck & Bus Low Gear Area,Parking Signs,,,no drawing found on the sheet,Original PDFs/r6-23.pdf
R6-10-1,Buses Prohibited (symbolic),Parking Signs,BUSES_PROHIBITED_SYMBOLIC_R6-10-1.svg,812x812 mm,no size found on the sheet; drawn at 1:10 — check; triangulated CAD export unioned; code also in the national AS 1743 set,Original PDFs/r6-10-1.pdf
R6-10-1,Buses Prohibited (symbolic),Parking Signs,BUSES_PROHIBITED_SYMBOLIC_VAR2_R6-10-1.svg,609x609 mm,no size found on the sheet; drawn at 1:10 — check; triangulated CAD export unioned; code also in the national AS 1743 set,Original PDFs/r6-10-1.pdf
R6-10-1,Buses Prohibited (symbolic),Parking Signs,BUSES_PROHIBITED_SYMBOLIC_VAR3_R6-10-1.svg,657x506 mm,no size found on the sheet; drawn at 1:10 — check; triangulated CAD export unioned; code also in the national AS 1743 set,Original PDFs/r6-10-1.pdf
R6-240-2n,Trucks & Buses Must Use Left Lane (Hinged Sign),Parking Signs,TRUCKS_BUSES_MUST_USE_LEFT_LANE_HINGED_SIGN_R6-240-2n.svg,1200x1200 mm,size from the sheet's 1200 x 1200 figure; NSW-only code,Original PDFs/r6-240-2n.pdf
R6-10-2,Trucks Prohibited (symbolic),Parking Signs,TRUCKS_PROHIBITED_SYMBOLIC_R6-10-2.svg,812x812 mm,no size found on the sheet; drawn at 1:10 — check; triangulated CAD export unioned; code also in the national AS 1743 set,Original PDFs/r6-10-2.pdf
R6-10-2,Trucks Prohibited (symbolic),Parking Signs,TRUCKS_PROHIBITED_SYMBOLIC_VAR2_R6-10-2.svg,609x609 mm,no size found on the sheet; drawn at 1:10 — check; triangulated CAD export unioned; code also in the national AS 1743 set,Original PDFs/r6-10-2.pdf
R6-10-2,Trucks Prohibited (symbolic),Parking Signs,TRUCKS_PROHIBITED_SYMBOLIC_VAR3_R6-10-2.svg,406x406 mm,no size found on the sheet; drawn at 1:10 — check; triangulated CAD export unioned; code also in the national AS 1743 set,Original PDFs/r6-10-2.pdf
R6-10-3,Bicycles Prohibited (symbolic),Parking Signs,BICYCLES_PROHIBITED_SYMBOLIC_R6-10-3.svg,609x609 mm,no size found on the sheet; drawn at 1:10 — check; triangulated CAD export unioned; drawn at 2 sizes on the sheet; largest kept; code also in the national AS 1743 set,Original PDFs/r6-10-3.pdf
R6-10-3,Bicycles Prohibited (symbolic),Parking Signs,BICYCLES_PROHIBITED_SYMBOLIC_VAR2_R6-10-3.svg,657x506 mm,no size found on the sheet; drawn at 1:10 — check; triangulated CAD export unioned; code also in the national AS 1743 set,Original PDFs/r6-10-3.pdf
R6-10-3,Bicycles Prohibited (symbolic),Parking Signs,BICYCLES_PROHIBITED_SYMBOLIC_VAR3_R6-10-3.svg,495x445 mm,no size found on the sheet; drawn at 1:10 — check; triangulated CAD export unioned; code also in the national AS 1743 set,Original PDFs/r6-10-3.pdf
T3-12,No Lines Do Not Overtake Unless Safe,Temporary Signs,NO_LINES_DO_NOT_OVERTAKE_UNLESS_SAFE_T3-12.svg,1523x914 mm,no size found on the sheet; drawn at 1:10 — check; code also in the national AS 1743 set,Original PDFs/t3-12.pdf
T3-11,New Work No Lines Marked,Temporary Signs,NEW_WORK_NO_LINES_MARKED_T3-11.svg,914x1523 mm,no size found on the sheet; drawn at 1:10 — check; code also in the national AS 1743 set,Original PDFs/t3-11.pdf
R6-11,Low Clearance (_ . _) m,Parking Signs,,,no drawing found on the sheet,Original PDFs/r6-11.pdf
R6-255n,Trucks (symbolic) Only One Heavy Vehicle Permitted On Bridge At Any One Time,Parking Signs,TRUCKS_SYMBOLIC_ONLY_ONE_HEAVY_VEHICLE_PERMITTED_ON_BRIDGE_AT_ANY_ONE_TIME_R6-255n.svg,2700x1900 mm,size from the sheet's 1900 x 2700 figure; NSW-only code,Original PDFs/r6-255n.pdf
T3-16-1,Advisory Speed X km/h (2 Lines) (50 Illustrated),Temporary Signs,ADVISORY_SPEED_X_KM_H_2_LINES_50_ILLUSTRATED_T3-16-1.svg,914x914 mm,no size found on the sheet; drawn at 1:10 — check; drawn at 2 sizes on the sheet; largest kept; code also in the national AS 1743 set,Original PDFs/t3-16-1.pdf
T3-16-2,Advisory Speed X km/h (1 Line) (50 Illustrated),Temporary Signs,ADVISORY_SPEED_X_KM_H_1_LINE_50_ILLUSTRATED_T3-16-2.svg,584x1523 mm,no size found on the sheet; drawn at 1:10 — check; code also in the national AS 1743 set,Original PDFs/t3-16-2.pdf
T3-16-2,Advisory Speed X km/h (1 Line) (50 Illustrated),Temporary Signs,ADVISORY_SPEED_X_KM_H_1_LINE_50_ILLUSTRATED_VAR2_T3-16-2.svg,406x914 mm,no size found on the sheet; drawn at 1:10 — check; code also in the national AS 1743 set,Original PDFs/t3-16-2.pdf
T3-15,Rough Surface,Temporary Signs,ROUGH_SURFACE_T3-15.svg,1218x914 mm,no size found on the sheet; drawn at 1:10 — check; code also in the national AS 1743 set,Original PDFs/t3-15.pdf
R6-12,Clearance (_ . _) m,Parking Signs,,,no drawing found on the sheet,Original PDFs/r6-12.pdf
T3-14,Loose Surface,Temporary Signs,LOOSE_SURFACE_T3-14.svg,1523x914 mm,no size found on the sheet; drawn at 1:10 — check; code also in the national AS 1743 set,Original PDFs/t3-14.pdf
T3-14,Loose Surface,Temporary Signs,LOOSE_SURFACE_VAR2_T3-14.svg,914x609 mm,no size found on the sheet; drawn at 1:10 — check; code also in the national AS 1743 set,Original PDFs/t3-14.pdf
T3-13,Gravel Road,Temporary Signs,GRAVEL_ROAD_T3-13.svg,1828x1218 mm,no size found on the sheet; drawn at 1:10 — check; code also in the national AS 1743 set,Original PDFs/t3-13.pdf
R6-13,No Pedestrians Bicycles Animals Beyond This Point,Parking Signs,,,no drawing found on the sheet,Original PDFs/r6-13.pdf
T3-217n,Bitumen Spraying/Possible Short Delay,Temporary Signs,BITUMEN_SPRAYING_POSSIBLE_SHORT_DELAY_T3-217n.svg,609x2437 mm,no size found on the sheet; drawn at 1:10 — check; NSW-only code,Original PDFs/t3-217n.pdf
R6-15,Pedestrians Prohibited (Symbolic),Parking Signs,PEDESTRIANS_PROHIBITED_SYMBOLIC_R6-15.svg,750x751 mm,size from the sheet's 750 x 750 figure; triangulated CAD export unioned; drawn at 3 sizes on the sheet; largest kept; code also in the national AS 1743 set,Original PDFs/r6-15.pdf
T3-218n,No Lines Marked Do Not Overtake,Temporary Signs,NO_LINES_MARKED_DO_NOT_OVERTAKE_T3-218n.svg,1300x907 mm,size from the sheet's 900 x 1300 figure; NSW-only code,Original PDFs/t3-218n.pdf
R6-16,Low Clearance (_ . _) m,Parking Signs,,,no drawing found on the sheet,Original PDFs/r6-16.pdf
T3-219n,Potholes (Symbolic),Temporary Signs,POTHOLES_SYMBOLIC_T3-219n.svg,1200x1004 mm,size from the sheet's 1000 x 1200 figure; NSW-only code,Original PDFs/t3-219n.pdf
T3-216n,Wet Bitumen,Temporary Signs,WET_BITUMEN_T3-216n.svg,609x1218 mm,no size found on the sheet; drawn at 1:10 — check; NSW-only code,Original PDFs/t3-216n.pdf
R6-17,Bridge Load Limit (Per Axle Group),Parking Signs,,,no drawing found on the sheet,Original PDFs/r6-17.pdf
T4-213-1n,Cyclists Race In Progress,Temporary Signs,CYCLISTS_RACE_IN_PROGRESS_T4-213-1n.svg,1015x1016 mm,no size found on the sheet; drawn at 1:10 — check; triangulated CAD export unioned; NSW-only code,Original PDFs/t4-213-1n.pdf
T4-1n,Blasting Stop Await Signal,Temporary Signs,BLASTING_STOP_AWAIT_SIGNAL_T4-1n.svg,973x1218 mm,no size found on the sheet; drawn at 1:10 — check; NSW-only code,Original PDFs/t4-1n.pdf
T4-1n,Blasting Stop Await Signal,Temporary Signs,BLASTING_STOP_AWAIT_SIGNAL_VAR2_T4-1n.svg,609x914 mm,no size found on the sheet; drawn at 1:10 — check; NSW-only code,Original PDFs/t4-1n.pdf
T3-9,Loose Stones - Avoid Windscreen Damage (symbolic),Temporary Signs,LOOSE_STONES_AVOID_WINDSCREEN_DAMAGE_SYMBOLIC_T3-9.svg,1523x914 mm,no size found on the sheet; drawn at 1:10 — check; triangulated CAD export unioned; code also in the national AS 1743 set,Original PDFs/t3-9.pdf
T3-9,Loose Stones - Avoid Windscreen Damage (symbolic),Temporary Signs,LOOSE_STONES_AVOID_WINDSCREEN_DAMAGE_SYMBOLIC_VAR2_T3-9.svg,914x609 mm,no size found on the sheet; drawn at 1:10 — check; triangulated CAD export unioned; code also in the national AS 1743 set,Original PDFs/t3-9.pdf
T3-3,Slippery (symbolic),Temporary Signs,SLIPPERY_SYMBOLIC_T3-3.svg,1523x914 mm,no size found on the sheet; drawn at 1:10 — check; triangulated CAD export unioned; code also in the national AS 1743 set,Original PDFs/t3-3.pdf
T3-3,Slippery (symbolic),Temporary Signs,SLIPPERY_SYMBOLIC_VAR2_T3-3.svg,914x609 mm,no size found on the sheet; drawn at 1:10 — check; triangulated CAD export unioned; code also in the national AS 1743 set,Original PDFs/t3-3.pdf
R6-18,Buses Must Enter,Parking Signs,BUSES_MUST_ENTER_R6-18.svg,813x948 mm,no size found on the sheet; drawn at 1:10 — check; triangulated CAD export unioned; code also in the national AS 1743 set,Original PDFs/r6-18.pdf
R6-18,Buses Must Enter,Parking Signs,BUSES_MUST_ENTER_VAR2_R6-18.svg,609x711 mm,no size found on the sheet; drawn at 1:10 — check; triangulated CAD export unioned; code also in the national AS 1743 set,Original PDFs/r6-18.pdf
T3-7,Rough Surface,Temporary Signs,ROUGH_SURFACE_T3-7.svg,1523x914 mm,no size found on the sheet; drawn at 1:10 — check; code also in the national AS 1743 set,Original PDFs/t3-7.pdf
T3-7,Rough Surface,Temporary Signs,ROUGH_SURFACE_VAR2_T3-7.svg,914x609 mm,no size found on the sheet; drawn at 1:10 — check; code also in the national AS 1743 set,Original PDFs/t3-7.pdf
T3-6,Soft Edges,Temporary Signs,SOFT_EDGES_T3-6.svg,1827x1218 mm,no size found on the sheet; drawn at 1:10 — check; code also in the national AS 1743 set,Original PDFs/t3-6.pdf
R6-240n,Trucks & Buses Must Use Left Lane,Parking Signs,TRUCKS_BUSES_MUST_USE_LEFT_LANE_R6-240n.svg,1200x1200 mm,size from the sheet's 1200 x 1200 figure; NSW-only code,Original PDFs/r6-240n.pdf
T4-216n,Roadwork Speed Limits Enforced,Temporary Signs,ROADWORK_SPEED_LIMITS_ENFORCED_T4-216n.svg,859x1868 mm,no size found on the sheet; drawn at 1:10 — check; triangulated CAD export unioned; NSW-only code,Original PDFs/t4-216n.pdf
R6-2,No Overtaking On Bridge,Parking Signs,NO_OVERTAKING_ON_BRIDGE_R6-2.svg,1200x1442 mm,size from the sheet's 1200 x 1440 figure; triangulated CAD export unioned; drawn at 2 sizes on the sheet; largest kept; code also in the national AS 1743 set,Original PDFs/r6-2.pdf
T4-214n,Start Of Oil Spill,Temporary Signs,START_OF_OIL_SPILL_T4-214n.svg,2436x1218 mm,no size found on the sheet; drawn at 1:10 — check; NSW-only code,Original PDFs/t4-214n.pdf
T4-215n,End Of Oil Spill,Temporary Signs,END_OF_OIL_SPILL_T4-215n.svg,2436x1218 mm,no size found on the sheet; drawn at 1:10 — check; NSW-only code,Original PDFs/t4-215n.pdf
T4-3,End Blasting Area,Temporary Signs,END_BLASTING_AREA_T4-3.svg,1625x609 mm,no size found on the sheet; drawn at 1:10 — check; code also in the national AS 1743 set,Original PDFs/t4-3.pdf
T4-3,End Blasting Area,Temporary Signs,END_BLASTING_AREA_VAR2_T4-3.svg,1218x457 mm,no size found on the sheet; drawn at 1:10 — check; code also in the national AS 1743 set,Original PDFs/t4-3.pdf
R6-245n,B-Double Dog Trailer Combination Trucks Use Left 2 Lanes (6am - 10am) Mon-Fri,Parking Signs,B_DOUBLE_DOG_TRAILER_COMBINATION_TRUCKS_USE_LEFT_2_LANES_6AM_10AM_MON_FRI_R6-245n.svg,1700x2700 mm,size from the sheet's 2700 x 1700 figure; NSW-only code,Original PDFs/r6-245n.pdf
T4-7,Blasting Area Switch Off Radio Transmitters And Mobile Phones,Temporary Signs,BLASTING_AREA_SWITCH_OFF_RADIO_TRANSMITTERS_AND_MOBILE_PHONES_T4-7.svg,1218x914 mm,no size found on the sheet; drawn at 1:10 — check; code also in the national AS 1743 set,Original PDFs/t4-7.pdf
R6-246n,All Vehicles Over 20t Gvm Or 4.5m High Must Use Right Lane,Parking Signs,ALL_VEHICLES_OVER_20T_GVM_OR_4_5M_HIGH_MUST_USE_RIGHT_LANE_R6-246n.svg,2900x2300 mm,size from the sheet's 2300 x 2900 figure; NSW-only code,Original PDFs/r6-246n.pdf
R6-244n,Road Closed For Vehicles Over __t GVM,Parking Signs,ROAD_CLOSED_FOR_VEHICLES_OVER_T_GVM_R6-244n.svg,1600x860 mm,size from the sheet's 860 x 1600 figure; NSW-only code,Original PDFs/r6-244n.pdf
T4-5,Power Line Works In Progress,Temporary Signs,POWER_LINE_WORKS_IN_PROGRESS_T4-5.svg,914x1828 mm,no size found on the sheet; drawn at 1:10 — check; code also in the national AS 1743 set,Original PDFs/t4-5.pdf
T4-6,Smoke Hazard,Temporary Signs,SMOKE_HAZARD_T4-6.svg,889x1218 mm,no size found on the sheet; drawn at 1:10 — check; code also in the national AS 1743 set,Original PDFs/t4-6.pdf
T4-6,Smoke Hazard,Temporary Signs,SMOKE_HAZARD_VAR2_T4-6.svg,610x914 mm,no size found on the sheet; drawn at 1:10 — check; code also in the national AS 1743 set,Original PDFs/t4-6.pdf
GM9-79(C),Speed Limit Ahead (Mms Insert - To Be used on Multi Message Sign panels Only),Guide Signs,,,no drawing found on the sheet,Original PDFs/gm9-79_c.pdf
GM9-79(D),Speed Limit Ahead (Mms Insert - To be used on Multi Message Sign panels Only),Guide Signs,SPEED_LIMIT_AHEAD_MMS_INSERT_TO_BE_USED_ON_MULTI_MESSAGE_SIGN_PANELS_ONLY_GM9-79(D).svg,600x888 mm,size from the sheet's 900 x 600 figure; NSW-only code,Original PDFs/gm9-79_d.pdf
GM9-79(A),Speed Limit Ahead (Mms Insert - To Be used on Multi Message Sign panels Only),Guide Signs,SPEED_LIMIT_AHEAD_MMS_INSERT_TO_BE_USED_ON_MULTI_MESSAGE_SIGN_PANELS_ONLY_GM9-79(A).svg,600x600 mm,size from the sheet's 600 x 600 figure; NSW-only code,Original PDFs/gm9-79_a.pdf
GM9-79(B),Speed Limit Ahead (Mms Insert - To Be used on Multi Message Sign panels Only),Guide Signs,,,no drawing found on the sheet,Original PDFs/gm9-79_b.pdf
GM9-89(B),No Lines Do Not Overtake (Mms Insert - To Be used on Multi Message Sign panels Only),Guide Signs,,,no drawing found on the sheet,Original PDFs/gm9-89_b.pdf
GM9-40-2(D),Local Traffic Only (Mms Insert - To Be used on Multi Message Sign panels Only),Guide Signs,LOCAL_TRAFFIC_ONLY_MMS_INSERT_TO_BE_USED_ON_MULTI_MESSAGE_SIGN_PANELS_ONLY_GM9-40-2(D).svg,600x888 mm,size from the sheet's 900 x 600 figure; NSW-only code,Original PDFs/gm9-40-2_d.pdf
GM9-40-2(B),Local Traffic Only (Mms Insert - To Be used on Multi Message Sign panels Only),Guide Signs,,,no drawing found on the sheet,Original PDFs/gm9-40-2_b.pdf
GM9-40-2(A),Local Traffic Only (Mms Insert - To be used on Multi Message Sign panels Only),Guide Signs,LOCAL_TRAFFIC_ONLY_MMS_INSERT_TO_BE_USED_ON_MULTI_MESSAGE_SIGN_PANELS_ONLY_GM9-40-2(A).svg,600x600 mm,size from the sheet's 600 x 600 figure; NSW-only code,Original PDFs/gm9-40-2_a.pdf
G9-9n_VMS,Reduce Speed VMS Panel (Temporary Traffic Management Use Only),Guide Signs,REDUCE_SPEED_VMS_PANEL_TEMPORARY_TRAFFIC_MANAGEMENT_USE_ONLY_G9-9n_VMS.svg,1200x906 mm,size from the sheet's 900 x 1200 figure; NSW-only code,Original PDFs/g9-9n_vms.pdf
G9-83-1n,Long Steep Descent Next x(km) with Flashing Lights,Guide Signs,LONG_STEEP_DESCENT_NEXT_X_KM_WITH_FLASHING_LIGHTS_G9-83-1n.svg,2500x1500 mm,size from the sheet's 1500 x 2500 figure; NSW-only code,Original PDFs/g9-83-1n.pdf
G9-87-2,Advance Vehicle Prohibition (Trucks) (Symbolic),Guide Signs,ADVANCE_VEHICLE_PROHIBITION_TRUCKS_SYMBOLIC_G9-87-2.svg,812x812 mm,no size found on the sheet; drawn at 1:10 — check; triangulated CAD export unioned; code also in the national AS 1743 set,Original PDFs/g9-87-2.pdf
G9-87-2,Advance Vehicle Prohibition (Trucks) (Symbolic),Guide Signs,ADVANCE_VEHICLE_PROHIBITION_TRUCKS_SYMBOLIC_VAR2_G9-87-2.svg,609x609 mm,no size found on the sheet; drawn at 1:10 — check; triangulated CAD export unioned; code also in the national AS 1743 set,Original PDFs/g9-87-2.pdf
G9-87-2,Advance Vehicle Prohibition (Trucks) (Symbolic),Guide Signs,ADVANCE_VEHICLE_PROHIBITION_TRUCKS_SYMBOLIC_VAR3_G9-87-2.svg,406x406 mm,no size found on the sheet; drawn at 1:10 — check; triangulated CAD export unioned; code also in the national AS 1743 set,Original PDFs/g9-87-2.pdf
G9-87-1,Advance Vehicle Prohibition (Buses) (Symbolic),Guide Signs,ADVANCE_VEHICLE_PROHIBITION_BUSES_SYMBOLIC_G9-87-1.svg,812x812 mm,no size found on the sheet; drawn at 1:10 — check; triangulated CAD export unioned; code also in the national AS 1743 set,Original PDFs/g9-87-1.pdf
G9-87-1,Advance Vehicle Prohibition (Buses) (Symbolic),Guide Signs,ADVANCE_VEHICLE_PROHIBITION_BUSES_SYMBOLIC_VAR2_G9-87-1.svg,609x609 mm,no size found on the sheet; drawn at 1:10 — check; triangulated CAD export unioned; code also in the national AS 1743 set,Original PDFs/g9-87-1.pdf
G9-87-1,Advance Vehicle Prohibition (Buses) (Symbolic),Guide Signs,ADVANCE_VEHICLE_PROHIBITION_BUSES_SYMBOLIC_VAR3_G9-87-1.svg,657x506 mm,no size found on the sheet; drawn at 1:10 — check; triangulated CAD export unioned; code also in the national AS 1743 set,Original PDFs/g9-87-1.pdf
G9-82-1n,Steep Descent (with flashing lights),Guide Signs,STEEP_DESCENT_WITH_FLASHING_LIGHTS_G9-82-1n.svg,2500x1500 mm,size from the sheet's 1500 x 2500 figure; NSW-only code,Original PDFs/g9-82-1n.pdf
G9-82-3n,Steep Descent (Narrow Version),Guide Signs,STEEP_DESCENT_NARROW_VERSION_G9-82-3n.svg,1450x2000 mm,size from the sheet's 2000 x 1450 figure; NSW-only code,Original PDFs/g9-82-3n.pdf
G9-85,After Roundabout,Guide Signs,AFTER_ROUNDABOUT_G9-85.svg,785x514 mm,no size found on the sheet; drawn at 1:10 — check; background assumed to be a white rectangle (outline drawn as loose strokes) — check; triangulated CAD export unioned; code also in the national AS 1743 set,Original PDFs/g9-85.pdf
G9-84,After Signals,Guide Signs,AFTER_SIGNALS_G9-84.svg,863x514 mm,no size found on the sheet; drawn at 1:10 — check; background assumed to be a white rectangle (outline drawn as loose strokes) — check; triangulated CAD export unioned; code also in the national AS 1743 set,Original PDFs/g9-84.pdf
G9-84,After Signals,Guide Signs,AFTER_SIGNALS_VAR2_G9-84.svg,659x386 mm,no size found on the sheet; drawn at 1:10 — check; background assumed to be a white rectangle (outline drawn as loose strokes) — check; triangulated CAD export unioned; code also in the national AS 1743 set,Original PDFs/g9-84.pdf
G9-9,Reduce Speed,Guide Signs,REDUCE_SPEED_G9-9.svg,1194x451 mm,no size found on the sheet; drawn at 1:10 — check; triangulated CAD export unioned; code also in the national AS 1743 set,Original PDFs/g9-9.pdf
G9-9,Reduce Speed,Guide Signs,REDUCE_SPEED_VAR2_G9-9.svg,1017x481 mm,no size found on the sheet; drawn at 1:10 — check; triangulated CAD export unioned; code also in the national AS 1743 set,Original PDFs/g9-9.pdf
G9-83,Long Steep Descent Next (X)km,Guide Signs,LONG_STEEP_DESCENT_NEXT_X_KM_G9-83.svg,3000x1797 mm,size from the sheet's 1800 x 3000 figure; code also in the national AS 1743 set,Original PDFs/g9-83n.pdf
G9-82-2n,Steep Descent (x)km Ahead,Guide Signs,STEEP_DESCENT_X_KM_AHEAD_G9-82-2n.svg,2500x1500 mm,size from the sheet's 1500 x 2500 figure; NSW-only code,Original PDFs/g9-82-2n.pdf
G9-73n(L),Merge Left,Guide Signs,MERGE_LEFT_G9-73n(L).svg,785x785 mm,no size found on the sheet; drawn at 1:10 — check; background assumed to be a white rectangle (outline drawn as loose strokes) — check; triangulated CAD export unioned; NSW-only code,Original PDFs/g9-73n_l.pdf
G9-73n(L),Merge Left,Guide Signs,MERGE_LEFT_VAR2_G9-73n(L).svg,691x650 mm,no size found on the sheet; drawn at 1:10 — check; background assumed to be a white rectangle (outline drawn as loose strokes) — check; triangulated CAD export unioned; NSW-only code,Original PDFs/g9-73n_l.pdf
G9-78,Distance x(m),Guide Signs,DISTANCE_X_M_G9-78.svg,898x289 mm,no size found on the sheet; drawn at 1:10 — check; background assumed to be a white rectangle (outline drawn as loose strokes) — check; triangulated CAD export unioned; code also in the national AS 1743 set,Original PDFs/g9-78.pdf
G9-81n,Service Road,Guide Signs,SERVICE_ROAD_G9-81n.svg,600x400 mm,size from the sheet's 400 x 600 figure; NSW-only code,Original PDFs/g9-81.pdf
G9-82,Steep Descent,Guide Signs,,,no drawing found on the sheet,Original PDFs/g9-82n.pdf
G9-60,All Bicycles,Guide Signs,ALL_BICYCLES_G9-60.svg,582x785 mm,no size found on the sheet; drawn at 1:10 — check; background assumed to be a white rectangle (outline drawn as loose strokes) — check; triangulated CAD export unioned; code also in the national AS 1743 set,Original PDFs/g9-60.pdf
G9-60,All Bicycles,Guide Signs,ALL_BICYCLES_VAR2_G9-60.svg,437x589 mm,no size found on the sheet; drawn at 1:10 — check; triangulated CAD export unioned; code also in the national AS 1743 set,Original PDFs/g9-60.pdf
G9-73,Merge Right,Guide Signs,MERGE_RIGHT_G9-73.svg,785x785 mm,no size found on the sheet; drawn at 1:10 — check; background assumed to be a white rectangle (outline drawn as loose strokes) — check; triangulated CAD export unioned; code also in the national AS 1743 set,Original PDFs/g9-73.pdf
G9-73,Merge Right,Guide Signs,MERGE_RIGHT_VAR2_G9-73.svg,691x650 mm,no size found on the sheet; drawn at 1:10 — check; background assumed to be a white rectangle (outline drawn as loose strokes) — check; triangulated CAD export unioned; code also in the national AS 1743 set,Original PDFs/g9-73.pdf
G9-80-2,On Right,Guide Signs,ON_RIGHT_G9-80-2.svg,1523x812 mm,no size found on the sheet; drawn at 1:10 — check; triangulated CAD export unioned; drawn at 2 sizes on the sheet; largest kept; code also in the national AS 1743 set,Original PDFs/g9-80-2.pdf
G9-80-1,On Right,Guide Signs,ON_RIGHT_G9-80-1.svg,1827x457 mm,no size found on the sheet; drawn at 1:10 — check; triangulated CAD export unioned; drawn at 2 sizes on the sheet; largest kept; code also in the national AS 1743 set,Original PDFs/g9-80-1.pdf
GM9-40-2n (C Size),Local Traffic Only (Mms Insert - To Be used on Multi Message Sign panels Only),Guide Signs,LOCAL_TRAFFIC_ONLY_MMS_INSERT_TO_BE_USED_ON_MULTI_MESSAGE_SIGN_PANELS_ONLY_GM9-40-2n(CSize).svg,1200x612 mm,size from the sheet's 600 x 1200 figure; NSW-only code,Original PDFs/gm9-40-2_c.pdf
GM9-89(C),No Lines Do Not Overtake (Mms Insert - To Be used on Multi Message Sign panels Only),Guide Signs,NO_LINES_DO_NOT_OVERTAKE_MMS_INSERT_TO_BE_USED_ON_MULTI_MESSAGE_SIGN_PANELS_ONLY_GM9-89(C).svg,1200x612 mm,size from the sheet's 600 x 1200 figure; NSW-only code,Original PDFs/gm9-89_c.pdf
GM9-89(D),No Lines Do Not Overtake (Mms Insert - To Be used on Multi Message Sign panels Only),Guide Signs,NO_LINES_DO_NOT_OVERTAKE_MMS_INSERT_TO_BE_USED_ON_MULTI_MESSAGE_SIGN_PANELS_ONLY_GM9-89(D).svg,600x888 mm,size from the sheet's 900 x 600 figure; NSW-only code,Original PDFs/gm9-89_d.pdf
GM9-89(A),No Lines Do Not Overtake (Mms Insert - To Be used on Multi Message Sign panels Only),Guide Signs,NO_LINES_DO_NOT_OVERTAKE_MMS_INSERT_TO_BE_USED_ON_MULTI_MESSAGE_SIGN_PANELS_ONLY_GM9-89(A).svg,600x600 mm,size from the sheet's 600 x 600 figure; NSW-only code,Original PDFs/gm9-89_a.pdf
G7-6-1-2n,Electric Vehicle Charging Station Sticker/Plate,Service Signs,,,no drawing found on the sheet,Original PDFs/g7-6-1-2n.pdf
G7-9-1,Next service (One service) Example Only,Service Signs,NEXT_SERVICE_ONE_SERVICE_EXAMPLE_ONLY_G7-9-1.svg,800x1000 mm,size from the sheet's 1000 x 800 figure; code also in the national AS 1743 set,Original PDFs/g7-9-1.pdf
G9-11,Slow Vehicle Lane (x)km Ahead,Guide Signs,,,no drawing found on the sheet,Original PDFs/g9-11.pdf
G9-10,Slow Vehicle Lane Ahead,Guide Signs,SLOW_VEHICLE_LANE_AHEAD_G9-10.svg,900x900 mm,size from the sheet's 900 x 900 figure; code also in the national AS 1743 set,Original PDFs/g9-10.pdf
G9-12,Slow Vehicles Use Left Lane,Guide Signs,SLOW_VEHICLES_USE_LEFT_LANE_G9-12.svg,950x1100 mm,size from the sheet's 1100 x 950 figure; code also in the national AS 1743 set,Original PDFs/g9-12.pdf
G9-15,Form 1 Lane,Guide Signs,FORM_1_LANE_G9-15.svg,785x1056 mm,no size found on the sheet; drawn at 1:10 — check; background assumed to be a white rectangle (outline drawn as loose strokes) — check; triangulated CAD export unioned; code also in the national AS 1743 set,Original PDFs/g9-15.pdf
G9-15,Form 1 Lane,Guide Signs,FORM_1_LANE_VAR2_G9-15.svg,674x871 mm,no size found on the sheet; drawn at 1:10 — check; background assumed to be a white rectangle (outline drawn as loose strokes) — check; triangulated CAD export unioned; code also in the national AS 1743 set,Original PDFs/g9-15.pdf
G9-12-1n,Slow Vehicles Use Left Lane,Guide Signs,SLOW_VEHICLES_USE_LEFT_LANE_G9-12-1n.svg,2500x749 mm,size from the sheet's 750 x 2500 figure; NSW-only code,Original PDFs/g9-12-1n.pdf
G9-200-1n,Emergency Stopping Bay Only,Guide Signs,EMERGENCY_STOPPING_BAY_ONLY_G9-200-1n.svg,3500x749 mm,size from the sheet's 750 x 3500 figure; NSW-only code,Original PDFs/g9-200-1n.pdf
G9-20,Road Closed,Guide Signs,ROAD_CLOSED_G9-20.svg,914x558 mm,no size found on the sheet; drawn at 1:10 — check; triangulated CAD export unioned; code also in the national AS 1743 set,Original PDFs/g9-20.pdf
G9-18,No Through Road (3 lines),Guide Signs,NO_THROUGH_ROAD_3_LINES_G9-18.svg,893x589 mm,no size found on the sheet; drawn at 1:10 — check; background assumed to be a white rectangle (outline drawn as loose strokes) — check; triangulated CAD export unioned; code also in the national AS 1743 set,Original PDFs/g9-18.pdf
G9-18,No Through Road (3 lines),Guide Signs,NO_THROUGH_ROAD_3_LINES_VAR2_G9-18.svg,595x529 mm,no size found on the sheet; drawn at 1:10 — check; background assumed to be a white rectangle (outline drawn as loose strokes) — check; triangulated CAD export unioned; code also in the national AS 1743 set,Original PDFs/g9-18.pdf
G9-19n,No Through Road (1 line),Guide Signs,,,no drawing found on the sheet,Original PDFs/g9-19n.pdf
G9-17,Winding Road Ends __km,Guide Signs,WINDING_ROAD_ENDS_KM_G9-17.svg,1065x212 mm,no size found on the sheet; drawn at 1:10 — check; background assumed to be a white rectangle (outline drawn as loose strokes) — check; code also in the national AS 1743 set,Original PDFs/g9-17.pdf
G9-16,Form (x) Lanes,Guide Signs,FORM_X_LANES_G9-16.svg,785x1056 mm,no size found on the sheet; drawn at 1:10 — check; background assumed to be a white rectangle (outline drawn as loose strokes) — check; triangulated CAD export unioned; code also in the national AS 1743 set,Original PDFs/g9-16.pdf
G9-16,Form (x) Lanes,Guide Signs,FORM_X_LANES_VAR2_G9-16.svg,674x871 mm,no size found on the sheet; drawn at 1:10 — check; background assumed to be a white rectangle (outline drawn as loose strokes) — check; triangulated CAD export unioned; code also in the national AS 1743 set,Original PDFs/g9-16.pdf
G9-21-1,Road Subject To Flooding Indicators Show Depth,Guide Signs,,,no drawing found on the sheet,Original PDFs/g9-21-1.pdf
G9-219n,Drivers Please Switch Off Headlights Until Ferry Is Moored And Traffic Has Disembarked,Guide Signs,DRIVERS_PLEASE_SWITCH_OFF_HEADLIGHTS_UNTIL_FERRY_IS_MOORED_AND_TRAFFIC_HAS_DISEM_G9-219n.svg,1050x375 mm,size from the sheet's 375 x 1050 figure; NSW-only code,Original PDFs/g9-219n.pdf
G9-21-2,Road Subject To Flooding Indicators Show Depth,Guide Signs,,,no drawing found on the sheet,Original PDFs/g9-21-2.pdf
G9-214n,Wait Here For Ferry,Guide Signs,,,no drawing found on the sheet,Original PDFs/g9-214n.pdf
G9-221n,Truck Entrance ( left or right Id sign),Guide Signs,TRUCK_ENTRANCE_LEFT_OR_RIGHT_ID_SIGN_G9-221n.svg,660x1743 mm,size from the sheet's 660 x 2160 figure; drawn proportions differ from the stated size (660 x 1742.72 mm drawn) — check; background assumed to be a white rectangle (outline drawn as loose strokes) — check; NSW-only code,Original PDFs/g9-221n.pdf
G7-297n,Regional Shopping Centre Advance Direction (Left/Right) (Example Only),Service Signs,REGIONAL_SHOPPING_CENTRE_ADVANCE_DIRECTION_LEFT_RIGHT_EXAMPLE_ONLY_G7-297n.svg,1761x752 mm,size from the sheet's 752 x 1761 figure; NSW-only code,Original PDFs/g7-297n.pdf
G7-301n,Major Sporting Venue Advance Direction (Left/Right) (Example Only),Service Signs,MAJOR_SPORTING_VENUE_ADVANCE_DIRECTION_LEFT_RIGHT_EXAMPLE_ONLY_G7-301n.svg,2498x1055 mm,size from the sheet's 1056 x 2498 figure; NSW-only code,Original PDFs/g7-301n.pdf
G7-295n,Educational Institution Intersection Direction Left/Right (Example Only),Service Signs,EDUCATIONAL_INSTITUTION_INTERSECTION_DIRECTION_LEFT_RIGHT_EXAMPLE_ONLY_G7-295n.svg,2353x737 mm,size from the sheet's 736 x 2353 figure; NSW-only code,Original PDFs/g7-295n.pdf
G7-300n,Industrial Area or Business Park Intersection Direction (Left/Right) (Example Only),Service Signs,INDUSTRIAL_AREA_OR_BUSINESS_PARK_INTERSECTION_DIRECTION_LEFT_RIGHT_EXAMPLE_ONLY_G7-300n.svg,2710x657 mm,size from the sheet's 656 x 2710 figure; NSW-only code,Original PDFs/g7-300n.pdf
G7-299n,Industrial Area or Business Park Advance Direction (Left/Right) (Example Only),Service Signs,INDUSTRIAL_AREA_OR_BUSINESS_PARK_ADVANCE_DIRECTION_LEFT_RIGHT_EXAMPLE_ONLY_G7-299n.svg,2187x752 mm,size from the sheet's 752 x 2187 figure; NSW-only code,Original PDFs/g7-299n.pdf
G7-298n,Regional Shopping Centre Intersection Direction (Left/Right) (Example Only),Service Signs,REGIONAL_SHOPPING_CENTRE_INTERSECTION_DIRECTION_LEFT_RIGHT_EXAMPLE_ONLY_G7-298n.svg,2221x977 mm,size from the sheet's 976 x 2221 figure; NSW-only code,Original PDFs/g7-298n.pdf
G7-296n,Educational Institution Fingerboard x(m) Left/Right (Example Only),Service Signs,EDUCATIONAL_INSTITUTION_FINGERBOARD_X_M_LEFT_RIGHT_EXAMPLE_ONLY_G7-296n.svg,2508x281 mm,size from the sheet's 280 x 2508 figure; NSW-only code,Original PDFs/g7-296n.pdf
G7-292n,(Airport Symbolic) Airport Fingerboard Left/Right x(m) (Example Only),Service Signs,AIRPORT_SYMBOLIC_AIRPORT_FINGERBOARD_LEFT_RIGHT_X_M_EXAMPLE_ONLY_G7-292n.svg,1818x280 mm,size from the sheet's 280 x 1818 figure; NSW-only code,Original PDFs/g7-292n.pdf
G7-284n,Chain Bay (Advance Direction x(m) On Left/Right) (Example Only),Service Signs,CHAIN_BAY_ADVANCE_DIRECTION_X_M_ON_LEFT_RIGHT_EXAMPLE_ONLY_G7-284n.svg,1680x1296 mm,size from the sheet's 1296 x 1680 figure; NSW-only code,Original PDFs/g7-284n.pdf
G7-273n,B-Double (Symbolic) Uncoupling Bay (left or right chevron),Service Signs,B_DOUBLE_SYMBOLIC_UNCOUPLING_BAY_LEFT_OR_RIGHT_CHEVRON_G7-273n.svg,936x2921 mm,size from the sheet's 936 x 2150 figure; drawn proportions differ from the stated size (936 x 2921.3 mm drawn) — check; background assumed to be a white rectangle (outline drawn as loose strokes) — check; NSW-only code,Original PDFs/g7-273n.pdf
G7-274n,B-Double (Symbolic) Coupling Bay (left or right chevron),Service Signs,B_DOUBLE_SYMBOLIC_COUPLING_BAY_LEFT_OR_RIGHT_CHEVRON_G7-274n.svg,936x2920 mm,size from the sheet's 936 x 1985 figure; drawn proportions differ from the stated size (936 x 2920.39 mm drawn) — check; background assumed to be a white rectangle (outline drawn as loose strokes) — check; NSW-only code,Original PDFs/g7-274n.pdf
G7-260n(L),Service Facility (4 Services) 500m On Left (Example Only),Service Signs,SERVICE_FACILITY_4_SERVICES_500M_ON_LEFT_EXAMPLE_ONLY_G7-260n(L).svg,1480x1635 mm,size from the sheet's 1635 x 1480 figure; NSW-only code,Original PDFs/g7-260n_l.pdf
G7-283n,Chain Bay (Advance Direction Left/Right) (Example Only),Service Signs,CHAIN_BAY_ADVANCE_DIRECTION_LEFT_RIGHT_EXAMPLE_ONLY_G7-283n.svg,2061x816 mm,size from the sheet's 816 x 2061 figure; NSW-only code,Original PDFs/g7-283n.pdf
G7-272n,B-Double (Symbolic) Uncoupling Bay 500m (left or right),Service Signs,B_DOUBLE_SYMBOLIC_UNCOUPLING_BAY_500M_LEFT_OR_RIGHT_G7-272n.svg,1600x1450 mm,size from the sheet's 1450 x 1600 figure; NSW-only code,Original PDFs/g7-272n.pdf
G7-293n,Aerodrome (Fingerboard Sign Left/Right) (Example Only),Service Signs,AERODROME_FINGERBOARD_SIGN_LEFT_RIGHT_EXAMPLE_ONLY_G7-293n.svg,2013x503 mm,size from the sheet's 502 x 2013 figure; NSW-only code,Original PDFs/g7-293n.pdf
G7-302n,Major Sporting Venue Intersection Direction )Left/Right) (Example Only),Service Signs,MAJOR_SPORTING_VENUE_INTERSECTION_DIRECTION_LEFT_RIGHT_EXAMPLE_ONLY_G7-302n.svg,2607x977 mm,size from the sheet's 976 x 2607 figure; NSW-only code,Original PDFs/g7-302n.pdf
G7-304n,Transport Interchange Advance Direction (Left/Right) (Example Only),Service Signs,TRANSPORT_INTERCHANGE_ADVANCE_DIRECTION_LEFT_RIGHT_EXAMPLE_ONLY_G7-304n.svg,2400x1190 mm,size from the sheet's 1190 x 2400 figure; NSW-only code,Original PDFs/g7-304n.pdf
G7-307n,Hospital plus Symbol (Advance Direction Left or Right) (Example Only),Service Signs,HOSPITAL_PLUS_SYMBOL_ADVANCE_DIRECTION_LEFT_OR_RIGHT_EXAMPLE_ONLY_G7-307n.svg,2176x512 mm,size from the sheet's 512 x 2176 figure; NSW-only code,Original PDFs/g7-307n.pdf
G7-315n,Advanced Enhanced Driver Reviver Turn Left/Right x(m) (Led in bottom panel Text Open/Closed),Service Signs,ADVANCED_ENHANCED_DRIVER_REVIVER_TURN_LEFT_RIGHT_X_M_LED_IN_BOTTOM_PANEL_TEXT_OP_G7-315n.svg,1122x1183 mm,no size found on the sheet; drawn at 1:10 — check; NSW-only code,Original PDFs/g7-315n.pdf
G7-315n,Advanced Enhanced Driver Reviver Turn Left/Right x(m) (Led in bottom panel Text Open/Closed),Service Signs,ADVANCED_ENHANCED_DRIVER_REVIVER_TURN_LEFT_RIGHT_X_M_LED_IN_BOTTOM_PANEL_TEXT_OP_VAR2_G7-315n.svg,1064x1106 mm,no size found on the sheet; drawn at 1:10 — check; NSW-only code,Original PDFs/g7-315n.pdf
G7-315n,Advanced Enhanced Driver Reviver Turn Left/Right x(m) (Led in bottom panel Text Open/Closed),Service Signs,ADVANCED_ENHANCED_DRIVER_REVIVER_TURN_LEFT_RIGHT_X_M_LED_IN_BOTTOM_PANEL_TEXT_OP_VAR3_G7-315n.svg,980x1152 mm,no size found on the sheet; drawn at 1:10 — check; NSW-only code,Original PDFs/g7-315n.pdf
G7-308n,Cemetery &/Or Crematorium (Advance Direction Sign Left or Right) (Example Only),Service Signs,CEMETERY_OR_CREMATORIUM_ADVANCE_DIRECTION_SIGN_LEFT_OR_RIGHT_EXAMPLE_ONLY_G7-308n.svg,2440x1296 mm,size from the sheet's 1296 x 2440 figure; NSW-only code,Original PDFs/g7-308n.pdf
G7-309n,Cemetery &/Or Crematorium (Intersection Direction Sign Left or Right) (Example Only),Service Signs,CEMETERY_OR_CREMATORIUM_INTERSECTION_DIRECTION_SIGN_LEFT_OR_RIGHT_EXAMPLE_ONLY_G7-309n.svg,2661x1217 mm,size from the sheet's 1216 x 2661 figure; NSW-only code,Original PDFs/g7-309n.pdf
G7-305n,Transport Interchange Intersection Direction (Left/Right) (Example Only),Service Signs,TRANSPORT_INTERCHANGE_INTERSECTION_DIRECTION_LEFT_RIGHT_EXAMPLE_ONLY_G7-305n.svg,2300x1191 mm,size from the sheet's 1190 x 2300 figure; NSW-only code,Original PDFs/g7-305n.pdf
G7-311n,Hospital (Symbolic) Parking (Intersection Direction Left or Right),Service Signs,HOSPITAL_SYMBOLIC_PARKING_INTERSECTION_DIRECTION_LEFT_OR_RIGHT_G7-311n.svg,2125x551 mm,size from the sheet's 550 x 2125 figure; NSW-only code,Original PDFs/g7-311n.pdf
G7-4-1,"Services Sign, Position - point & chevron ended sign (1 Service - Left or Right) Example Only",Service Signs,,,no drawing found on the sheet,Original PDFs/g7-4-1.pdf
G7-4-1-1n,Electric Vehicle Charging Station Intersection Direction Sign (Left or Right),Service Signs,ELECTRIC_VEHICLE_CHARGING_STATION_INTERSECTION_DIRECTION_SIGN_LEFT_OR_RIGHT_G7-4-1-1n.svg,1150x601 mm,size from the sheet's 600 x 1150 figure; NSW-only code,Original PDFs/g7-4-1-1n.pdf
G7-322n,Waste And Recycling Centre Intersection Direction (Example Only),Service Signs,WASTE_AND_RECYCLING_CENTRE_INTERSECTION_DIRECTION_EXAMPLE_ONLY_G7-322n.svg,2877x897 mm,size from the sheet's 896 x 2877 figure; NSW-only code,Original PDFs/g7-322n.pdf
G7-321n,Waste And Recycling Centre Advance Direction (Example Only),Service Signs,WASTE_AND_RECYCLING_CENTRE_ADVANCE_DIRECTION_EXAMPLE_ONLY_G7-321n.svg,2791x991 mm,size from the sheet's 992 x 2791 figure; NSW-only code,Original PDFs/g7-321n.pdf
G7-312n(R),Emergency (Intersection Direction Right),Service Signs,EMERGENCY_INTERSECTION_DIRECTION_RIGHT_G7-312n(R).svg,1985x481 mm,size from the sheet's 480 x 1985 figure; NSW-only code,Original PDFs/g7-312n_r.pdf
G7-312n(L),Emergency (Intersection Direction Left),Service Signs,EMERGENCY_INTERSECTION_DIRECTION_LEFT_G7-312n(L).svg,1985x481 mm,size from the sheet's 480 x 1985 figure; NSW-only code,Original PDFs/g7-312n_l.pdf
G7-306n,Remote Area Services (Example Only),Service Signs,REMOTE_AREA_SERVICES_EXAMPLE_ONLY_G7-306n.svg,1900x2032 mm,size from the sheet's 2032 x 1900 figure; NSW-only code,Original PDFs/g7-306n.pdf
G7-4-3,"Services sign, Position - point & chevron ended sign (3 services-left or right) Example Only",Service Signs,SERVICES_SIGN_POSITION_POINT_CHEVRON_ENDED_SIGN_3_SERVICES_LEFT_OR_RIGHT_EXAMPLE_G7-4-3.svg,2100x601 mm,size from the sheet's 600 x 2100 figure; NSW-only code,Original PDFs/g7-4-3.pdf
G7-7-1,"Advance Services Sign (Turn Left/Right ---m, one service Portrait Version) Example Only",Service Signs,ADVANCE_SERVICES_SIGN_TURN_LEFT_RIGHT_M_ONE_SERVICE_PORTRAIT_VERSION_EXAMPLE_ONL_G7-7-1.svg,800x1200 mm,size from the sheet's 1200 x 800 figure; code also in the national AS 1743 set,Original PDFs/g7-7-1.pdf
G7-5-1,"Services Sign - Position, finger board format (1 service Left or Right) Example Only",Service Signs,SERVICES_SIGN_POSITION_FINGER_BOARD_FORMAT_1_SERVICE_LEFT_OR_RIGHT_EXAMPLE_ONLY_G7-5-1.svg,1280x341 mm,size from the sheet's 340 x 1280 figure; NSW-only code,Original PDFs/g7-5-1.pdf
G7-5-2,Services Sign - Position Fingerboard format (2 services Left or Right) Example Only,Service Signs,SERVICES_SIGN_POSITION_FINGERBOARD_FORMAT_2_SERVICES_LEFT_OR_RIGHT_EXAMPLE_ONLY_G7-5-2.svg,1950x340 mm,size from the sheet's 340 x 1950 figure; NSW-only code,Original PDFs/g7-5-2.pdf
G7-5-1-1n,Electric Vehicle Charging Station Fingerboard Direction Sign (Left or Right),Service Signs,ELECTRIC_VEHICLE_CHARGING_STATION_FINGERBOARD_DIRECTION_SIGN_LEFT_OR_RIGHT_G7-5-1-1n.svg,400x181 mm,size from the sheet's 180 x 400 figure; NSW-only code,Original PDFs/g7-5-1-1n.pdf
G7-6-1-1n,Electric Vehicle Charging Station Advance Direction Sign (Left or Right),Service Signs,ELECTRIC_VEHICLE_CHARGING_STATION_ADVANCE_DIRECTION_SIGN_LEFT_OR_RIGHT_G7-6-1-1n.svg,1100x600 mm,size from the sheet's 600 x 1100 figure; NSW-only code,Original PDFs/g7-6-1-1n.pdf
G7-8-3,"Advance Services Sign, Turn left/right down side road (Three services) Example Only",Service Signs,ADVANCE_SERVICES_SIGN_TURN_LEFT_RIGHT_DOWN_SIDE_ROAD_THREE_SERVICES_EXAMPLE_ONLY_G7-8-3.svg,1500x1000 mm,size from the sheet's 1000 x 1500 figure; NSW-only code,Original PDFs/g7-8-3.pdf
G7-8-4,"Advance Services Sign, Turn left/right down side road (Four services) Example Only",Service Signs,ADVANCE_SERVICES_SIGN_TURN_LEFT_RIGHT_DOWN_SIDE_ROAD_FOUR_SERVICES_EXAMPLE_ONLY_G7-8-4.svg,1200x1425 mm,size from the sheet's 1425 x 1200 figure; NSW-only code,Original PDFs/g7-8-4.pdf
G7-8-2,"Advance Services Sign, Turn left/right down side road (Two services) Example Only",Service Signs,ADVANCE_SERVICES_SIGN_TURN_LEFT_RIGHT_DOWN_SIDE_ROAD_TWO_SERVICES_EXAMPLE_ONLY_G7-8-2.svg,1200x1000 mm,size from the sheet's 1000 x 1200 figure; code also in the national AS 1743 set,Original PDFs/g7-8-2.pdf
G7-8-1,"Advance Services Sign, Turn left/right down side road (One services) Example Only",Service Signs,ADVANCE_SERVICES_SIGN_TURN_LEFT_RIGHT_DOWN_SIDE_ROAD_ONE_SERVICES_EXAMPLE_ONLY_G7-8-1.svg,1200x1000 mm,size from the sheet's 1000 x 1200 figure; NSW-only code,Original PDFs/g7-8-1.pdf
G7-6-1,Supplementary Services Sign (1 service) with or without arrow (Example Only),Service Signs,SUPPLEMENTARY_SERVICES_SIGN_1_SERVICE_WITH_OR_WITHOUT_ARROW_EXAMPLE_ONLY_G7-6-1.svg,600x600 mm,size from the sheet's 600 x 600 figure; code also in the national AS 1743 set,Original PDFs/g7-6-1.pdf
G7-4-2,Service - intersection Direction (left or right) - Two services Example Only,Service Signs,SERVICE_INTERSECTION_DIRECTION_LEFT_OR_RIGHT_TWO_SERVICES_EXAMPLE_ONLY_G7-4-2.svg,1700x601 mm,size from the sheet's 600 x 1700 figure; NSW-only code,Original PDFs/g7-4-2.pdf
G9-250-2n,Vehicles Over 8t Gvm - Stop If Directed,Guide Signs,,,no drawing found on the sheet,Original PDFs/g9-250-2n.pdf
G9-237-1n,Do Not Queue Across Bus Entrance,Guide Signs,DO_NOT_QUEUE_ACROSS_BUS_ENTRANCE_G9-237-1n.svg,750x1100 mm,size from the sheet's 1100 x 750 figure; NSW-only code,Original PDFs/g9-237-1n.pdf
G9-237-1n,Do Not Queue Across Bus Entrance,Guide Signs,DO_NOT_QUEUE_ACROSS_BUS_ENTRANCE_2_G9-237-1n.svg,750x1100 mm,size from the sheet's 1100 x 750 figure; NSW-only code,Original PDFs/g9-237-1n.pdf
G9-237n,Do Not Queue Across Intersection,Guide Signs,,,no drawing found on the sheet,Original PDFs/g9-237n.pdf
G9-245n,Left Turn Watch For Cyclists,Guide Signs,LEFT_TURN_WATCH_FOR_CYCLISTS_G9-245n.svg,750x610 mm,size from the sheet's 610 x 750 figure; NSW-only code,Original PDFs/g9-245n.pdf
G9-22-3,Flood depth indicators,Guide Signs,,,no drawing found on the sheet,Original PDFs/g9-22-3.pdf
G9-22-1,Flood depth indicators,Guide Signs,,,no drawing found on the sheet,Original PDFs/g9-22-1.pdf
G9-22-2,Flood depth indicators,Guide Signs,,,no drawing found on the sheet,Original PDFs/g9-22-2.pdf
G9-24-2,Safety Ramp __km,Guide Signs,SAFETY_RAMP_KM_G9-24-2.svg,1165x213 mm,no size found on the sheet; drawn at 1:10 — check; background assumed to be a white rectangle (outline drawn as loose strokes) — check; code also in the national AS 1743 set,Original PDFs/g9-24-2.pdf
G9-250-4n,Vehicles Over 8t GVM - Must Use Left Lane,Guide Signs,VEHICLES_OVER_8T_GVM_MUST_USE_LEFT_LANE_G9-250-4n.svg,2440x600 mm,size from the sheet's 600 x 2440 figure; NSW-only code,Original PDFs/g9-250-4n.pdf
G9-262n,Heavy Vehicles Stop If Directed ____m,Guide Signs,,,no drawing found on the sheet,Original PDFs/g9-262n.pdf
G9-261n,Heavy Vehicles All Stop ____m,Guide Signs,,,no drawing found on the sheet,Original PDFs/g9-261n.pdf
G9-257n,Marker (left + right slash),Guide Signs,MARKER_LEFT_RIGHT_SLASH_G9-257n.svg,875x487 mm,no size found on the sheet; drawn at 1:10 — check; NSW-only code,Original PDFs/g9-257.pdf
G9-26n,Safety Ramp ____m On Right,Guide Signs,,,no drawing found on the sheet,Original PDFs/g9-26n.pdf
G9-25-1,Safety Ramp __m,Guide Signs,,,no drawing found on the sheet,Original PDFs/g9-25-1.pdf
G9-25-2,Safety Ramp __m,Guide Signs,SAFETY_RAMP_M_G9-25-2.svg,1165x213 mm,no size found on the sheet; drawn at 1:10 — check; background assumed to be a white rectangle (outline drawn as loose strokes) — check; code also in the national AS 1743 set,Original PDFs/g9-25-2.pdf
G9-256n,In Fog Slow Down Hazard Warning Lights May Be Used On Moving Vehicles,Guide Signs,IN_FOG_SLOW_DOWN_HAZARD_WARNING_LIGHTS_MAY_BE_USED_ON_MOVING_VEHICLES_G9-256n.svg,2000x1484 mm,size from the sheet's 1484 x 2000 figure; NSW-only code,Original PDFs/g9-256n.pdf
G9-291-1n,Reduce Noise - Please Limit Compression Braking In Residential Areas,Guide Signs,REDUCE_NOISE_PLEASE_LIMIT_COMPRESSION_BRAKING_IN_RESIDENTIAL_AREAS_G9-291-1n.svg,1645x2070 mm,size from the sheet's 2070 x 1645 figure; NSW-only code,Original PDFs/g9-291-1n.pdf
G9-292-2n,Stop Revive Survive (Services) (Town Name) Exit ___km (Example Only),Guide Signs,STOP_REVIVE_SURVIVE_SERVICES_TOWN_NAME_EXIT_KM_EXAMPLE_ONLY_G9-292-2n.svg,1500x1890 mm,size from the sheet's 1890 x 1500 figure; NSW-only code,Original PDFs/g9-292-2n.pdf
G9-292-1n,Stop Revive Survive (Town Name) Exit ___km (Example Only),Guide Signs,STOP_REVIVE_SURVIVE_TOWN_NAME_EXIT_KM_EXAMPLE_ONLY_G9-292-1n.svg,1500x1500 mm,size from the sheet's 1500 x 1500 figure; NSW-only code,Original PDFs/g9-292-1n.pdf
G9-292n,Stop Revive Survive (Town Name)__km (Example Only),Guide Signs,STOP_REVIVE_SURVIVE_TOWN_NAME_KM_EXAMPLE_ONLY_G9-292n.svg,1500x1500 mm,size from the sheet's 1500 x 1500 figure; NSW-only code,Original PDFs/g9-292n.pdf
G9-393n(R),U Turn Bay On Side Road (Arrow Right),Guide Signs,U_TURN_BAY_ON_SIDE_ROAD_ARROW_RIGHT_G9-393n(R).svg,1200x1200 mm,size from the sheet's 1200 x 1200 figure; NSW-only code,Original PDFs/g9-393n_r.pdf
G9-40-2,Local Traffic Only (Roadworks),Guide Signs,LOCAL_TRAFFIC_ONLY_ROADWORKS_G9-40-2.svg,1218x914 mm,no size found on the sheet; drawn at 1:10 — check; code also in the national AS 1743 set,Original PDFs/g9-40-2.pdf
G9-40-2,Local Traffic Only (Roadworks),Guide Signs,LOCAL_TRAFFIC_ONLY_ROADWORKS_VAR2_G9-40-2.svg,914x609 mm,no size found on the sheet; drawn at 1:10 — check; code also in the national AS 1743 set,Original PDFs/g9-40-2.pdf
G9-40-1,Local Traffic Only,Guide Signs,LOCAL_TRAFFIC_ONLY_G9-40-1.svg,900x600 mm,size from the sheet's 600 x 900 figure; code also in the national AS 1743 set,Original PDFs/g9-40-1.pdf
G9-46,Very Steep Climb x(km) Ahead Not Suitable For Trucks Buses Caravans Trailers,Guide Signs,VERY_STEEP_CLIMB_X_KM_AHEAD_NOT_SUITABLE_FOR_TRUCKS_BUSES_CARAVANS_TRAILERS_G9-46.svg,2800x1800 mm,size from the sheet's 1800 x 2800 figure; code also in the national AS 1743 set,Original PDFs/g9-46.pdf
G9-43-4,Driving Instruction direction (arrows directions + added lane) (Example Only),Guide Signs,DRIVING_INSTRUCTION_DIRECTION_ARROWS_DIRECTIONS_ADDED_LANE_EXAMPLE_ONLY_G9-43-4.svg,2100x1683 mm,size from the sheet's 1685 x 2100 figure; code also in the national AS 1743 set,Original PDFs/g9-43-4.pdf
G9-43-3,Driving Instruction Direction (Arrows + destinations),Guide Signs,DRIVING_INSTRUCTION_DIRECTION_ARROWS_DESTINATIONS_G9-43-3.svg,1500x1200 mm,size from the sheet's 1200 x 1500 figure; code also in the national AS 1743 set,Original PDFs/g9-43-3.pdf
G9-291n,Reduce Noise - Please Limit Compression Braking,Guide Signs,REDUCE_NOISE_PLEASE_LIMIT_COMPRESSION_BRAKING_G9-291n.svg,1645x1622 mm,size from the sheet's 1622 x 1645 figure; NSW-only code,Original PDFs/g9-291n.pdf
G9-250-3n,Vehicles Over 4.5t Gvm - Must Use Left Lane,Guide Signs,VEHICLES_OVER_4_5T_GVM_MUST_USE_LEFT_LANE_G9-250-3n.svg,2600x600 mm,size from the sheet's 600 x 2600 figure; NSW-only code,Original PDFs/g9-250-3n.pdf
G9-24-1,Safety Ramp __km (2 line) (8.8 illustrated),Guide Signs,,,no drawing found on the sheet,Original PDFs/g9-24-1.pdf
G9-309n,Pedestrian Access To Vehicle Area Prohibited,Guide Signs,PEDESTRIAN_ACCESS_TO_VEHICLE_AREA_PROHIBITED_G9-309n.svg,650x360 mm,size from the sheet's 360 x 650 figure; NSW-only code,Original PDFs/g9-309n.pdf
G9-250-1n,Vehicles Over 4.5t Gvm - Stop If Directed,Guide Signs,,,no drawing found on the sheet,Original PDFs/g9-250-1n.pdf
G9-304n,Danger Keep Clear While Ferry Is Landing,Guide Signs,DANGER_KEEP_CLEAR_WHILE_FERRY_IS_LANDING_G9-304n.svg,680x590 mm,size from the sheet's 590 x 680 figure; NSW-only code,Original PDFs/g9-304n.pdf
G9-305n,No Swimming In Vicinity Of Ferry Ramp,Guide Signs,NO_SWIMMING_IN_VICINITY_OF_FERRY_RAMP_G9-305n.svg,1100x250 mm,size from the sheet's 250 x 1100 figure; NSW-only code,Original PDFs/g9-305n.pdf
G9-306n,Keep Clear Gate Opens Outwards,Guide Signs,KEEP_CLEAR_GATE_OPENS_OUTWARDS_G9-306n.svg,600x400 mm,size from the sheet's 400 x 600 figure; NSW-only code,Original PDFs/g9-306n.pdf
G9-27,Safety,Guide Signs,SAFETY_G9-27.svg,1523x571 mm,no size found on the sheet; drawn at 1:10 — check; triangulated CAD export unioned; NSW-only code,Original PDFs/g9-27.pdf
G9-27,Safety,Guide Signs,SAFETY_VAR2_G9-27.svg,1015x381 mm,no size found on the sheet; drawn at 1:10 — check; triangulated CAD export unioned; NSW-only code,Original PDFs/g9-27.pdf
G9-28,Ramp,Guide Signs,RAMP_G9-28.svg,1624x762 mm,no size found on the sheet; drawn at 1:10 — check; triangulated CAD export unioned; drawn at 2 sizes on the sheet; largest kept; NSW-only code,Original PDFs/g9-28.pdf
G9-41,Unsuitable For Large Vehicles,Guide Signs,,,no drawing found on the sheet,Original PDFs/g9-41.pdf
G9-47,Very Steep Climb Next _Xkm,Guide Signs,VERY_STEEP_CLIMB_NEXT_XKM_G9-47.svg,3000x1800 mm,size from the sheet's 1800 x 3000 figure; code also in the national AS 1743 set,Original PDFs/g9-47.pdf
G9-310n,Turn Engine Off And Apply Parking Brake - Whilst On Ferry,Guide Signs,TURN_ENGINE_OFF_AND_APPLY_PARKING_BRAKE_WHILST_ON_FERRY_G9-310n.svg,820x260 mm,size from the sheet's 260 x 820 figure; NSW-only code,Original PDFs/g9-310n.pdf
G9-308n,Passengers Are To Remain In Their Vehicles At All Times,Guide Signs,PASSENGERS_ARE_TO_REMAIN_IN_THEIR_VEHICLES_AT_ALL_TIMES_G9-308n.svg,750x419 mm,size from the sheet's 750 x 450 figure; drawn proportions differ from the stated size (750 x 418.87 mm drawn) — check; triangulated CAD export unioned; NSW-only code,Original PDFs/g9-308n.pdf
G9-308n,Passengers Are To Remain In Their Vehicles At All Times,Guide Signs,PASSENGERS_ARE_TO_REMAIN_IN_THEIR_VEHICLES_AT_ALL_TIMES_VAR2_G9-308n.svg,750x418 mm,size from the sheet's 750 x 450 figure; drawn proportions differ from the stated size (750 x 418.34 mm drawn) — check; triangulated CAD export unioned; NSW-only code,Original PDFs/g9-308n.pdf
G9-3(R),Low Bridge Ahead X.Xm High Vehicles Detour (Right),Guide Signs,,,no drawing found on the sheet,Original PDFs/g9-3_r.pdf
G9-3(L),Low Bridge Ahead X.Xm High Vehicles Detour (Left),Guide Signs,,,no drawing found on the sheet,Original PDFs/g9-3_l.pdf
G9-327n,Detour + Arrow (Various Directions),Guide Signs,,,no drawing found on the sheet,Original PDFs/g9-327n.pdf
G9-318-1n,Reduce Speed To Conditions,Guide Signs,REDUCE_SPEED_TO_CONDITIONS_G9-318-1n.svg,915x600 mm,size from the sheet's 600 x 915 figure; NSW-only code,Original PDFs/g9-318-1n.pdf
G9-311n,Max Safe Load ____ Tonne,Guide Signs,MAX_SAFE_LOAD_TONNE_G9-311n.svg,930x300 mm,size from the sheet's 300 x 930 figure; NSW-only code,Original PDFs/g9-311n.pdf
G9-328n(L),Detour (Left Chevron),Guide Signs,DETOUR_LEFT_CHEVRON_G9-328n(L).svg,975x451 mm,size from the sheet's 975 x 450 figure; background assumed to be a white rectangle (outline drawn as loose strokes) — check; triangulated CAD export unioned; NSW-only code,Original PDFs/g9-328n_l.pdf
G9-32,Railway,Guide Signs,RAILWAY_G9-32.svg,457x2131 mm,no size found on the sheet; drawn at 1:10 — check; code also in the national AS 1743 set,Original PDFs/g9-32.pdf
G9-322n(R),Trucks PROHIBITED(Symbolic) xx Tonne Load Limit On Bridge On Side Road (Right Arrow),Guide Signs,TRUCKS_PROHIBITED_SYMBOLIC_XX_TONNE_LOAD_LIMIT_ON_BRIDGE_ON_SIDE_ROAD_RIGHT_ARRO_G9-322n(R).svg,1000x2100 mm,size from the sheet's 2100 x 1000 figure; NSW-only code,Original PDFs/g9-322n_r.pdf
G9-322n(L),Trucks PROHIBITED(Symbolic) xx Tonne Load Limit On Bridge On Side Road (Left Arrow),Guide Signs,TRUCKS_PROHIBITED_SYMBOLIC_XX_TONNE_LOAD_LIMIT_ON_BRIDGE_ON_SIDE_ROAD_LEFT_ARROW_G9-322n(L).svg,1000x2100 mm,size from the sheet's 2100 x 1000 figure; NSW-only code,Original PDFs/g9-322n_l.pdf
G9-307n,Pedestrians Are To Remain On Ferry Until Vehicles Have Disembarked And Embarked,Guide Signs,PEDESTRIANS_ARE_TO_REMAIN_ON_FERRY_UNTIL_VEHICLES_HAVE_DISEMBARKED_AND_EMBARKED_G9-307n.svg,800x450 mm,size from the sheet's 450 x 800 figure; NSW-only code,Original PDFs/g9-307n.pdf
G9-321n(L),Trucks Prohibited (symbolic) X Tonne Load Limit On Side Road (side road on left),Guide Signs,TRUCKS_PROHIBITED_SYMBOLIC_X_TONNE_LOAD_LIMIT_ON_SIDE_ROAD_SIDE_ROAD_ON_LEFT_G9-321n(L).svg,1000x1900 mm,size from the sheet's 1900 x 1000 figure; NSW-only code,Original PDFs/g9-321n_l.pdf
G9-303n,Pedestrians Use Walkway On Approach Ramp Avoid Stepping On Steel Rails,Guide Signs,PEDESTRIANS_USE_WALKWAY_ON_APPROACH_RAMP_AVOID_STEPPING_ON_STEEL_RAILS_G9-303n.svg,700x251 mm,size from the sheet's 250 x 700 figure; NSW-only code,Original PDFs/g9-303n.pdf
G9-321n(R),Trucks Prohibited (symbolic) X Tonne On Side Road (side road on right),Guide Signs,TRUCKS_PROHIBITED_SYMBOLIC_X_TONNE_ON_SIDE_ROAD_SIDE_ROAD_ON_RIGHT_G9-321n(R).svg,1000x1900 mm,size from the sheet's 1900 x 1000 figure; NSW-only code,Original PDFs/g9-321n_r.pdf
G9-337-1n,Emergency Arrester Bed xxx(m) On Left (Symbolic),Guide Signs,EMERGENCY_ARRESTER_BED_XXX_M_ON_LEFT_SYMBOLIC_G9-337-1n.svg,2930x630 mm,size from the sheet's 2930 x 1870 figure; drawn proportions differ from the stated size (2930 x 629.59 mm drawn) — check; triangulated CAD export unioned; NSW-only code,Original PDFs/g9-337-1n.pdf
G9-337n,Emergency Arrester Bed x(km) On Left (Symbolic),Guide Signs,EMERGENCY_ARRESTER_BED_X_KM_ON_LEFT_SYMBOLIC_G9-337n.svg,2930x629 mm,size from the sheet's 2930 x 1870 figure; drawn proportions differ from the stated size (2930 x 629.47 mm drawn) — check; triangulated CAD export unioned; NSW-only code,Original PDFs/g9-337n.pdf
G9-337n,Emergency Arrester Bed x(km) On Left (Symbolic),Guide Signs,EMERGENCY_ARRESTER_BED_X_KM_ON_LEFT_SYMBOLIC_ON_LEFT_G9-337n.svg,2930x272 mm,size from the sheet's 2930 x 1870 figure; drawn proportions differ from the stated size (2930 x 271.78 mm drawn) — check; NSW-only code,Original PDFs/g9-337n.pdf
G9-337-2n,Emergency Arrester Bed xxx(m) (Symbolic),Guide Signs,EMERGENCY_ARRESTER_BED_XXX_M_SYMBOLIC_G9-337-2n.svg,2250x2811 mm,size from the sheet's 2250 x 2800 figure; triangulated CAD export unioned; NSW-only code,Original PDFs/g9-337-2n.pdf
G9-36-2(R),Safety Ramp (Angled Right Arrow),Guide Signs,,,no drawing found on the sheet,Original PDFs/g9-36-2_r.pdf
G9-36-2(L),Safety Ramp (Angled Left Arrow),Guide Signs,,,no drawing found on the sheet,Original PDFs/g9-36-2_l.pdf
G9-36-1(L),Safety Ramp (Angled Left Arrow),Guide Signs,,,no drawing found on the sheet,Original PDFs/g9-36-1_l.pdf
G9-348n,Beware (symbol) Trucks On Curves,Guide Signs,BEWARE_SYMBOL_TRUCKS_ON_CURVES_G9-348n.svg,1000x1150 mm,size from the sheet's 1150 x 1000 figure; NSW-only code,Original PDFs/g9-348n.pdf
G9-351n,Trucks & Buses Stop If Directed,Guide Signs,TRUCKS_BUSES_STOP_IF_DIRECTED_G9-351n.svg,2400x671 mm,size from the sheet's 672 x 2400 figure; NSW-only code,Original PDFs/g9-351n.pdf
G9-337-3n,Emergency Arrester Bed Exit,Guide Signs,,,no drawing found on the sheet,Original PDFs/g9-337-3n.pdf
G9-328n(R),Detour (Right Chevron),Guide Signs,DETOUR_RIGHT_CHEVRON_G9-328n(R).svg,975x451 mm,size from the sheet's 975 x 450 figure; triangulated CAD export unioned; NSW-only code,Original PDFs/g9-328n_r.pdf
G9-33,Crossing,Guide Signs,CROSSING_G9-33.svg,457x2131 mm,no size found on the sheet; drawn at 1:10 — check; code also in the national AS 1743 set,Original PDFs/g9-33.pdf
G9-371n,(truck symbol) Vehicles Over 44.0t Not Permitted On Bridge On Side Road (left or right arrow symbol),Guide Signs,,,no drawing found on the sheet,Original PDFs/g9-371.pdf
G9-374n,(Truck Symbols) Over 44.0t Over 65.0t Not Permitted On Bridge On Side Road (arrow left or right),Guide Signs,,,no drawing found on the sheet,Original PDFs/g9-374.pdf
G9-369n,Bridge Load Limit (truck symbol) Vehicles Over 44.0t Not Permitted On Bridge,Guide Signs,,,no drawing found on the sheet,Original PDFs/g9-369.pdf
G9-372n,Bridge Load Limit (truck symbols) Over 44.0t Over 65.0t Not Permitted On Bridge,Guide Signs,BRIDGE_LOAD_LIMIT_TRUCK_SYMBOLS_OVER_44_0T_OVER_65_0T_NOT_PERMITTED_ON_BRIDGE_G9-372n.svg,780x143 mm,no size found on the sheet; drawn at 1:10 — check; triangulated CAD export unioned; NSW-only code,Original PDFs/g9-372.pdf
G9-370n,(truck symbol) Vehicles Over 44.0t Not Permitted On Bridge Ahead,Guide Signs,,,no drawing found on the sheet,Original PDFs/g9-370.pdf
G9-373n,(truck symbols) Over 44.0t Over 65.0t Not Permitted On Bridge Ahead,Guide Signs,TRUCK_SYMBOLS_OVER_44_0T_OVER_65_0T_NOT_PERMITTED_ON_BRIDGE_AHEAD_G9-373n.svg,780x143 mm,no size found on the sheet; drawn at 1:10 — check; triangulated CAD export unioned; NSW-only code,Original PDFs/g9-373.pdf
G9-336n,Narrow Bridge (with symbolic car + truck),Guide Signs,NARROW_BRIDGE_WITH_SYMBOLIC_CAR_TRUCK_G9-336n.svg,2000x1480 mm,size from the sheet's 1480 x 2000 figure; NSW-only code,Original PDFs/g9-336n.pdf
G9-345n,Report Traffic Incidents Phone 131700,Guide Signs,REPORT_TRAFFIC_INCIDENTS_PHONE_131700_G9-345n.svg,2500x1578 mm,size from the sheet's 1578 x 2500 figure; NSW-only code,Original PDFs/g9-345n.pdf
G9-36-1(R),Safety Ramp (Angled Right Arrow),Guide Signs,SAFETY_RAMP_ANGLED_RIGHT_ARROW_G9-36-1(R).svg,2284x381 mm,no size found on the sheet; drawn at 1:10 — check; triangulated CAD export unioned; code also in the national AS 1743 set,Original PDFs/g9-36-1_r.pdf
G9-5-1(L),Detour For High Vehicles (Left),Guide Signs,DETOUR_FOR_HIGH_VEHICLES_LEFT_G9-5-1(L).svg,1308x392 mm,no size found on the sheet; drawn at 1:10 — check; background assumed to be a white rectangle (outline drawn as loose strokes) — check; triangulated CAD export unioned; code also in the national AS 1743 set,Original PDFs/g9-5-1_l.pdf
G9-48,Look For Trains,Guide Signs,,,no drawing found on the sheet,Original PDFs/g9-48.pdf
G9-5-1(R),Detour For High Vehicles (Right),Guide Signs,DETOUR_FOR_HIGH_VEHICLES_RIGHT_G9-5-1(R).svg,1320x355 mm,no size found on the sheet; drawn at 1:10 — check; triangulated CAD export unioned; code also in the national AS 1743 set,Original PDFs/g9-5-1_r.pdf
G9-5-2(R),Detour For Heavy Vehicles (Right),Guide Signs,DETOUR_FOR_HEAVY_VEHICLES_RIGHT_G9-5-2(R).svg,1421x355 mm,no size found on the sheet; drawn at 1:10 — check; triangulated CAD export unioned; code also in the national AS 1743 set,Original PDFs/g9-5-2_r.pdf
G9-5-2(L),Detour For Heavy Vehicles (Left),Guide Signs,DETOUR_FOR_HEAVY_VEHICLES_LEFT_G9-5-2(L).svg,1410x392 mm,no size found on the sheet; drawn at 1:10 — check; background assumed to be a white rectangle (outline drawn as loose strokes) — check; triangulated CAD export unioned; code also in the national AS 1743 set,Original PDFs/g9-5-2_l.pdf
G9-393n(L),U Turn Bay On Side Road (Arrow Left),Guide Signs,U_TURN_BAY_ON_SIDE_ROAD_ARROW_LEFT_G9-393n(L).svg,1200x1200 mm,size from the sheet's 1200 x 1200 figure; NSW-only code,Original PDFs/g9-393n_l.pdf
G9-391n(R),U Turn Bay (Angled Right Arrow),Guide Signs,,,no drawing found on the sheet,Original PDFs/g9-391n_r.pdf
G9-391n(L),U Turn Bay (Angled Left Arrow),Guide Signs,,,no drawing found on the sheet,Original PDFs/g9-391n_l.pdf
G9-392n(R),U Turn Bay (___)m On Right,Guide Signs,U_TURN_BAY_M_ON_RIGHT_G9-392n(R).svg,1200x1200 mm,size from the sheet's 1200 x 1200 figure; NSW-only code,Original PDFs/g9-392n_r.pdf
G9-392n(L),U Turn Bay (___)m On Left,Guide Signs,U_TURN_BAY_M_ON_LEFT_G9-392n(L).svg,1200x1200 mm,size from the sheet's 1200 x 1200 figure; NSW-only code,Original PDFs/g9-392n_l.pdf
G9-37,Overtaking Lane ____m Ahead,Guide Signs,,,no drawing found on the sheet,Original PDFs/g9-37.pdf
G9-395n,U Turn Bay __m (Symbolic),Guide Signs,U_TURN_BAY_M_SYMBOLIC_G9-395n.svg,1513x1121 mm,no size found on the sheet; drawn at 1:10 — check; triangulated CAD export unioned; NSW-only code,Original PDFs/g9-395n.pdf
G9-38,Overtaking Lane __km Ahead,Guide Signs,,,no drawing found on the sheet,Original PDFs/g9-38.pdf
G9-394n,U Turn Bay,Guide Signs,U_TURN_BAY_G9-394n.svg,1200x720 mm,size from the sheet's 720 x 1200 figure; NSW-only code,Original PDFs/g9-394n.pdf
G9-4(R),Load Limit On Bridge __t Gross Heavy Vehicles Detour (Right),Guide Signs,,,no drawing found on the sheet,Original PDFs/g9-4_r.pdf
G9-4(L),Load Limit On Bridge __t Gross Heavy Vehicles Detour (Left),Guide Signs,,,no drawing found on the sheet,Original PDFs/g9-4_l.pdf
G9-405n,U-Turn Bay (Intersection Direction Left or Right),Guide Signs,U_TURN_BAY_INTERSECTION_DIRECTION_LEFT_OR_RIGHT_G9-405n.svg,1756x657 mm,size from the sheet's 656 x 1756 figure; NSW-only code,Original PDFs/g9-405n.pdf
G9-408n,Tram/Light Rail(Symbolic) Watch For Trams,Guide Signs,TRAM_LIGHT_RAIL_SYMBOLIC_WATCH_FOR_TRAMS_G9-408n.svg,430x800 mm,size from the sheet's 800 x 430 figure; NSW-only code,Original PDFs/g5-204n.pdf
G9-50,Slow Vehicle TURNOUT (x)m,Guide Signs,SLOW_VEHICLE_TURNOUT_X_M_G9-50.svg,812x812 mm,no size found on the sheet; drawn at 1:10 — check; triangulated CAD export unioned; code also in the national AS 1743 set,Original PDFs/g9-50.pdf
G9-65,Bicycle (symbol) Must Exit (left angled arrow),Guide Signs,BICYCLE_SYMBOL_MUST_EXIT_LEFT_ANGLED_ARROW_G9-65.svg,600x1200 mm,size from the sheet's 1200 x 600 figure; code also in the national AS 1743 set,Original PDFs/g9-65.pdf
G9-63(R),Bicycle (symbol) Cross Here With Care (right arrow),Guide Signs,BICYCLE_SYMBOL_CROSS_HERE_WITH_CARE_RIGHT_ARROW_G9-63(R).svg,914x914 mm,no size found on the sheet; drawn at 1:10 — check; triangulated CAD export unioned; NSW-only code,Original PDFs/g9-63_r.pdf
G9-63(L),Bicycle (symbol) Cross Here With Care (left arrow),Guide Signs,BICYCLE_SYMBOL_CROSS_HERE_WITH_CARE_LEFT_ARROW_G9-63(L).svg,914x914 mm,no size found on the sheet; drawn at 1:10 — check; triangulated CAD export unioned; NSW-only code,Original PDFs/g9-63_l.pdf
G9-62,Bicycle (symbol) Use Ramp (left angled arrow),Guide Signs,BICYCLE_SYMBOL_USE_RAMP_LEFT_ANGLED_ARROW_G9-62.svg,600x1200 mm,size from the sheet's 1200 x 600 figure; code also in the national AS 1743 set,Original PDFs/g9-62.pdf
G9-64,Bicycles Use Left Shoulder,Guide Signs,BICYCLES_USE_LEFT_SHOULDER_G9-64.svg,750x600 mm,size from the sheet's 600 x 750 figure; code also in the national AS 1743 set,Original PDFs/g9-64.pdf
G9-55(R),Way Out (Right Arrow),Guide Signs,,,no drawing found on the sheet,Original PDFs/g9-55_r.pdf
G9-55(L),Way Out (Left Arrow),Guide Signs,,,no drawing found on the sheet,Original PDFs/g9-55_l.pdf
G9-57,Watch For Bicycles,Guide Signs,WATCH_FOR_BICYCLES_G9-57.svg,785x717 mm,no size found on the sheet; drawn at 1:10 — check; triangulated CAD export unioned; code also in the national AS 1743 set,Original PDFs/g9-57.pdf
G9-57,Watch For Bicycles,Guide Signs,WATCH_FOR_BICYCLES_VAR2_G9-57.svg,768x521 mm,no size found on the sheet; drawn at 1:10 — check; triangulated CAD export unioned; code also in the national AS 1743 set,Original PDFs/g9-57.pdf
G9-7,"Driving Instruction Direction, Single Direction (Arrow) (Overhead mounted) Example Only",Guide Signs,DRIVING_INSTRUCTION_DIRECTION_SINGLE_DIRECTION_ARROW_OVERHEAD_MOUNTED_EXAMPLE_ON_G9-7.svg,2100x1750 mm,size from the sheet's 1750 x 2100 figure; code also in the national AS 1743 set,Original PDFs/g9-7.pdf
G9-66,Supplementary Distance Plate (example only),Guide Signs,,,no drawing found on the sheet,Original PDFs/g9-66.pdf
G9-71,Service Road Entry (Angled Up Left Arrow),Guide Signs,SERVICE_ROAD_ENTRY_ANGLED_UP_LEFT_ARROW_G9-71.svg,600x750 mm,size from the sheet's 750 x 600 figure; code also in the national AS 1743 set,Original PDFs/g9-71.pdf
G9-67-2,Keep Tracks Clear (with symbol),Guide Signs,KEEP_TRACKS_CLEAR_WITH_SYMBOL_G9-67-2.svg,406x812 mm,no size found on the sheet; drawn at 1:10 — check; triangulated CAD export unioned; code also in the national AS 1743 set,Original PDFs/g9-67-2.pdf
G9-68,Emergency Exit Push Gate,Guide Signs,EMERGENCY_EXIT_PUSH_GATE_G9-68.svg,792x589 mm,no size found on the sheet; drawn at 1:10 — check; background assumed to be a white rectangle (outline drawn as loose strokes) — check; triangulated CAD export unioned; code also in the national AS 1743 set,Original PDFs/g9-68.pdf
G9-75(R),"Length Limit Ahead Xm Overall, Long Vehicles Detour (R)",Guide Signs,,,no drawing found on the sheet,Original PDFs/g9-75_r.pdf
G9-72,Left Turn From Service Road Only,Guide Signs,LEFT_TURN_FROM_SERVICE_ROAD_ONLY_G9-72.svg,1200x1000 mm,size from the sheet's 1000 x 1200 figure; code also in the national AS 1743 set,Original PDFs/g9-72.pdf
G9-74,Railway Crossing Not In Use,Guide Signs,RAILWAY_CROSSING_NOT_IN_USE_G9-74.svg,750x600 mm,size from the sheet's 600 x 750 figure; code also in the national AS 1743 set,Original PDFs/g9-74.pdf
G9-67-1,Keep Tracks Clear,Guide Signs,KEEP_TRACKS_CLEAR_G9-67-1.svg,762x761 mm,no size found on the sheet; drawn at 1:10 — check; triangulated CAD export unioned; code also in the national AS 1743 set,Original PDFs/g9-67-1.pdf
G9-67-1,Keep Tracks Clear,Guide Signs,KEEP_TRACKS_CLEAR_VAR2_G9-67-1.svg,610x609 mm,no size found on the sheet; drawn at 1:10 — check; triangulated CAD export unioned; code also in the national AS 1743 set,Original PDFs/g9-67-1.pdf
G9-58,Cyclists Dismount,Guide Signs,CYCLISTS_DISMOUNT_G9-58.svg,609x609 mm,no size found on the sheet; drawn at 1:10 — check; triangulated CAD export unioned; code also in the national AS 1743 set,Original PDFs/g9-58.pdf
G9-58,Cyclists Dismount,Guide Signs,CYCLISTS_DISMOUNT_VAR2_G9-58.svg,457x457 mm,no size found on the sheet; drawn at 1:10 — check; triangulated CAD export unioned; code also in the national AS 1743 set,Original PDFs/g9-58.pdf
G9-52(R),Alternative Route For Trucks And Buses (Right Chevron),Guide Signs,ALTERNATIVE_ROUTE_FOR_TRUCKS_AND_BUSES_RIGHT_CHEVRON_G9-52(R).svg,2100x351 mm,size from the sheet's 350 x 2100 figure; code also in the national AS 1743 set,Original PDFs/g9-52_r.pdf
G9-52(L),Alternative Route For Trucks And Buses (Left Chevron),Guide Signs,ALTERNATIVE_ROUTE_FOR_TRUCKS_AND_BUSES_LEFT_CHEVRON_G9-52(L).svg,2100x351 mm,size from the sheet's 350 x 2100 figure; code also in the national AS 1743 set,Original PDFs/g9-52_l.pdf
G9-51,Slow Vehicle Use Turnouts,Guide Signs,SLOW_VEHICLE_USE_TURNOUTS_G9-51.svg,813x998 mm,no size found on the sheet; drawn at 1:10 — check; triangulated CAD export unioned; code also in the national AS 1743 set,Original PDFs/g9-51.pdf
G9-51,Slow Vehicle Use Turnouts,Guide Signs,SLOW_VEHICLE_USE_TURNOUTS_VAR2_G9-51.svg,609x677 mm,no size found on the sheet; drawn at 1:10 — check; triangulated CAD export unioned; code also in the national AS 1743 set,Original PDFs/g9-51.pdf
G9-54,Take Ticket,Guide Signs,TAKE_TICKET_G9-54.svg,600x350 mm,size from the sheet's 350 x 600 figure; code also in the national AS 1743 set,Original PDFs/g9-54.pdf
G9-53,"Very Steep Descent X_km Ahead, Not Suitable For Trucks Buses Caravans And Trailers",Guide Signs,VERY_STEEP_DESCENT_X_KM_AHEAD_NOT_SUITABLE_FOR_TRUCKS_BUSES_CARAVANS_AND_TRAILER_G9-53.svg,2800x1800 mm,size from the sheet's 1800 x 2800 figure; code also in the national AS 1743 set,Original PDFs/g9-53.pdf
G9-56(R),Way Out to ........ St (Right Arrow),Guide Signs,,,no drawing found on the sheet,Original PDFs/g9-56_r.pdf
G9-56(L),Way Out to ......... St (Left Arrow),Guide Signs,,,no drawing found on the sheet,Original PDFs/g9-56_l.pdf
G9-8,Driving Instruction Direction Single Direction (LEFT/RIGHT LANE) (Example Only),Guide Signs,DRIVING_INSTRUCTION_DIRECTION_SINGLE_DIRECTION_LEFT_RIGHT_LANE_EXAMPLE_ONLY_G9-8.svg,2100x1550 mm,size from the sheet's 1550 x 2100 figure; code also in the national AS 1743 set,Original PDFs/g9-8.pdf
G9-75(L),"Length Limit Ahead Xm Overall, Long Vehicles Detour (L)",Guide Signs,,,no drawing found on the sheet,Original PDFs/g9-75_l.pdf
G9-76(L),"Narrow Bridge Ahead Xm, Wide Vehicles Detour (L)",Guide Signs,NARROW_BRIDGE_AHEAD_XM_WIDE_VEHICLES_DETOUR_L_G9-76(L).svg,900x1151 mm,size from the sheet's 900 x 1700 figure; drawn proportions differ from the stated size (900 x 1150.74 mm drawn) — check; NSW-only code,Original PDFs/g9-76_l.pdf
G9-76(R),"Narrow Bridge Ahead Xm, Wide Vehicles Detour (R)",Guide Signs,NARROW_BRIDGE_AHEAD_XM_WIDE_VEHICLES_DETOUR_R_G9-76(R).svg,1700x900 mm,size from the sheet's 900 x 1700 figure; NSW-only code,Original PDFs/g9-76_r.pdf
G9-76(R),"Narrow Bridge Ahead Xm, Wide Vehicles Detour (R)",Guide Signs,NARROW_BRIDGE_AHEAD_XM_WIDE_VEHICLES_DETOUR_R_BRIDGE_G9-76(R).svg,900x2628 mm,size from the sheet's 900 x 1700 figure; drawn proportions differ from the stated size (900 x 2627.78 mm drawn) — check; NSW-only code,Original PDFs/g9-76_r.pdf
G9-77,Slower Vehicle Use Turnouts Next (xx)km,Guide Signs,,,no drawing found on the sheet,Original PDFs/g9-77.pdf
G9-69,Wrong Way Go Back,Guide Signs,WRONG_WAY_GO_BACK_G9-69.svg,2300x1500 mm,size from the sheet's 1500 x 2300 figure; code also in the national AS 1743 set,Original PDFs/g9-69.pdf
G6-202n,(Car & Caravan Symbolic) High Wind Area - Proceed With Caution,Guide Signs,CAR_CARAVAN_SYMBOLIC_HIGH_WIND_AREA_PROCEED_WITH_CAUTION_G6-202n.svg,1345x1029 mm,no size found on the sheet; drawn at 1:10 — check; NSW-only code,Original PDFs/g6-202n.pdf
G6-202n,(Car & Caravan Symbolic) High Wind Area - Proceed With Caution,Guide Signs,CAR_CARAVAN_SYMBOLIC_HIGH_WIND_AREA_PROCEED_WITH_CAUTION_VAR2_G6-202n.svg,1021x744 mm,no size found on the sheet; drawn at 1:10 — check; NSW-only code,Original PDFs/g6-202n.pdf
G6-2,"Stream, Creek or River name (example only)",Guide Signs,,,no drawing found on the sheet,Original PDFs/g6-2.pdf
G4-202-3n,Reassurance - Bicycle Route ( 3 lines ) (example only) Standard signNo,Guide Signs,REASSURANCE_BICYCLE_ROUTE_3_LINES_EXAMPLE_ONLY_STANDARD_SIGNNO_G4-202-3n.svg,837x560 mm,size from the sheet's 560 x 837 figure; NSW-only code,Original PDFs/g4-202-3n.pdf
G4-202-4n,Reassurance - Bicycle Route ( 4 lines ) (example only),Guide Signs,REASSURANCE_BICYCLE_ROUTE_4_LINES_EXAMPLE_ONLY_G4-202-4n.svg,931x650 mm,size from the sheet's 650 x 931 figure; NSW-only code,Original PDFs/g4-202-4n.pdf
G4-202-2n,Reassurance - Bicycle Route ( 2 lines ) (example only),Guide Signs,REASSURANCE_BICYCLE_ROUTE_2_LINES_EXAMPLE_ONLY_G4-202-2n.svg,640x450 mm,size from the sheet's 450 x 640 figure; NSW-only code,Original PDFs/g4-202-2n.pdf
g6-1,Town Name (example only),Guide Signs,,,no drawing found on the sheet,Original PDFs/g6-1.pdf
G4-202-1n,Reassurance - Bicycle Route ( 1 line ) (example only),Guide Signs,REASSURANCE_BICYCLE_ROUTE_1_LINE_EXAMPLE_ONLY_G4-202-1n.svg,680x371 mm,size from the sheet's 371 x 680 figure; NSW-only code,Original PDFs/g4-202-1n.pdf
G6-2-1n,Stream Name including Bridge Name (example only),Guide Signs,,,no drawing found on the sheet,Original PDFs/g6-2-1n.pdf
G6-214n,Pedestrian Subway (left/right),Guide Signs,PEDESTRIAN_SUBWAY_LEFT_RIGHT_G6-214n.svg,800x500 mm,size from the sheet's 500 x 800 figure; NSW-only code,Original PDFs/g6-214n.pdf
G6-215n,Use Footway (left/right),Guide Signs,USE_FOOTWAY_LEFT_RIGHT_G6-215n.svg,675x500 mm,size from the sheet's 500 x 675 figure; NSW-only code,Original PDFs/g6-215n.pdf
G6-247n,Slow Vehicles Use Lay-Bys To Allow Overtaking,Guide Signs,,,no drawing found on the sheet,Original PDFs/g6-247.pdf
G6-248n,Lay-By,Guide Signs,,,no drawing found on the sheet,Original PDFs/g6-248.pdf
G6-319n,Bicycle Crossing Ahead (interchange exit),Guide Signs,BICYCLE_CROSSING_AHEAD_INTERCHANGE_EXIT_G6-319n.svg,450x841 mm,size from the sheet's 840 x 450 figure; NSW-only code,Original PDFs/g6-319n.pdf
G6-256n,End Road Train Route (symbolic),Guide Signs,END_ROAD_TRAIN_ROUTE_SYMBOLIC_G6-256n.svg,2000x1350 mm,size from the sheet's 1350 x 2000 figure; NSW-only code,Original PDFs/g6-256n.pdf
G6-268n,Police Radar Used In This Area,Guide Signs,POLICE_RADAR_USED_IN_THIS_AREA_G6-268n.svg,838x617 mm,no size found on the sheet; drawn at 1:10 — check; background assumed to be a white rectangle (outline drawn as loose strokes) — check; triangulated CAD export unioned; NSW-only code,Original PDFs/g6-268n.pdf
G6-268n,Police Radar Used In This Area,Guide Signs,POLICE_RADAR_USED_IN_THIS_AREA_VAR2_G6-268n.svg,798x564 mm,no size found on the sheet; drawn at 1:10 — check; background assumed to be a white rectangle (outline drawn as loose strokes) — check; NSW-only code,Original PDFs/g6-268n.pdf
G6-284n,Stockpile Site (example only),Guide Signs,STOCKPILE_SITE_EXAMPLE_ONLY_G6-284n.svg,1200x600 mm,size from the sheet's 600 x 1200 figure; NSW-only code,Original PDFs/g6-284.pdf
G6-255n,Road Train Route (symbolic),Guide Signs,ROAD_TRAIN_ROUTE_SYMBOLIC_G6-255n.svg,2000x1150 mm,size from the sheet's 1150 x 2000 figure; NSW-only code,Original PDFs/g6-255n.pdf
G6-309n,Stopping Bay (xxx)m,Guide Signs,STOPPING_BAY_XXX_M_G6-309n.svg,1400x960 mm,size from the sheet's 960 x 1400 figure; NSW-only code,Original PDFs/g6-309n.pdf
G6-310n,Stopping Bay,Guide Signs,,,no drawing found on the sheet,Original PDFs/g6-310n.pdf
G7-1-2,Advance Service Sign (1 services+ word ---m On Left/Right) in urban or rural area (Information Bay Example Only),Service Signs,ADVANCE_SERVICE_SIGN_1_SERVICES_WORD_M_ON_LEFT_RIGHT_IN_URBAN_OR_RURAL_AREA_INFO_G7-1-2.svg,990x990 mm,size from the sheet's 990 x 990 figure; code also in the national AS 1743 set,Original PDFs/g7-1-2.pdf
G6-355,Heavy Fines All Vehicles Or Vehicle Combinations Exceeding 7.5 Metres Prohibited Via (named) (Example Only),Guide Signs,HEAVY_FINES_ALL_VEHICLES_OR_VEHICLE_COMBINATIONS_EXCEEDING_7_5_METRES_PROHIBITED_G6-355.svg,1320x1131 mm,size from the sheet's 1130 x 1320 figure; NSW-only code,Original PDFs/g6-355.pdf
G7-1-1,Advance Service Sign (1 service ---m On Left/Right) in urban or rural area (Rest Area used as example only),Service Signs,ADVANCE_SERVICE_SIGN_1_SERVICE_M_ON_LEFT_RIGHT_IN_URBAN_OR_RURAL_AREA_REST_AREA__G7-1-1.svg,800x1200 mm,size from the sheet's 1200 x 800 figure; code also in the national AS 1743 set,Original PDFs/g7-1-1.pdf
G7-213-2-1n(R),(Insert Name) Rest Area (Symbolic 2 Services) 500m On Right (Example Only),Service Signs,INSERT_NAME_REST_AREA_SYMBOLIC_2_SERVICES_500M_ON_RIGHT_EXAMPLE_ONLY_G7-213-2-1n(R).svg,1730x1730 mm,size from the sheet's 1730 x 1730 figure; NSW-only code,Original PDFs/g7-213-2-1n_r.pdf
G7-213-2-1n(L),(Insert Name) Rest Area (Symbolic 2 Services) 500m On Left (Example Only),Service Signs,INSERT_NAME_REST_AREA_SYMBOLIC_2_SERVICES_500M_ON_LEFT_EXAMPLE_ONLY_G7-213-2-1n(L).svg,1730x1730 mm,size from the sheet's 1730 x 1730 figure; NSW-only code,Original PDFs/g7-213-2-1n_l.pdf
G7-213-3-1n(R),(Insert Name) Rest Area (Symbolic 3 Services) 500m On Right (All Vehicles) (Example Only),Service Signs,INSERT_NAME_REST_AREA_SYMBOLIC_3_SERVICES_500M_ON_RIGHT_ALL_VEHICLES_EXAMPLE_ONL_G7-213-3-1n(R).svg,1930x1730 mm,size from the sheet's 1730 x 1930 figure; NSW-only code,Original PDFs/g7-213-3-1n_r.pdf
G7-213-3-1n(L),(Insert Name) Rest Area (Symbolic 3 Services) 500m On Left (All Vehicles) (Example Only),Service Signs,INSERT_NAME_REST_AREA_SYMBOLIC_3_SERVICES_500M_ON_LEFT_ALL_VEHICLES_EXAMPLE_ONLY_G7-213-3-1n(L).svg,1930x1730 mm,size from the sheet's 1730 x 1930 figure; NSW-only code,Original PDFs/g7-213-3-1n_l.pdf
G7-213-3-2n(R),Rest Area (Symbolic 3 Services) 500m On Right (All Vehicles) (Example Only),Service Signs,REST_AREA_SYMBOLIC_3_SERVICES_500M_ON_RIGHT_ALL_VEHICLES_EXAMPLE_ONLY_G7-213-3-2n(R).svg,1930x1490 mm,size from the sheet's 1490 x 1930 figure; NSW-only code,Original PDFs/g7-213-3-2n_r.pdf
G7-213-3-2n(L),Rest Area (Symbolic 3 Services) 500m On Left (All Vehicles) (Example Only),Service Signs,REST_AREA_SYMBOLIC_3_SERVICES_500M_ON_LEFT_ALL_VEHICLES_EXAMPLE_ONLY_G7-213-3-2n(L).svg,1930x1490 mm,size from the sheet's 1490 x 1930 figure; NSW-only code,Original PDFs/g7-213-3-2n_l.pdf
G7-213-2-3n,(Insert Name) Rest Area (Symbolic 2 Services) 2km (Example Only),Service Signs,INSERT_NAME_REST_AREA_SYMBOLIC_2_SERVICES_2KM_EXAMPLE_ONLY_G7-213-2-3n.svg,1730x1500 mm,size from the sheet's 1500 x 1730 figure; NSW-only code,Original PDFs/g7-213-2-3n.pdf
G7-213-2-2n(R),Rest Area (Symbolic 2 Services) 500m On Right (Example Only),Service Signs,REST_AREA_SYMBOLIC_2_SERVICES_500M_ON_RIGHT_EXAMPLE_ONLY_G7-213-2-2n(R).svg,1700x1490 mm,size from the sheet's 1490 x 1700 figure; NSW-only code,Original PDFs/g7-213-2-2n_r.pdf
G7-213-2-2n(L),Rest Area (Symbolic 2 Services) 500m On Left (Example Only),Service Signs,REST_AREA_SYMBOLIC_2_SERVICES_500M_ON_LEFT_EXAMPLE_ONLY_G7-213-2-2n(L).svg,1700x1490 mm,size from the sheet's 1490 x 1700 figure; NSW-only code,Original PDFs/g7-213-2-2n_l.pdf
G6-284-1n,Stockpile Site (named) Parking Area ID: (xxxxxxx) (example only),Guide Signs,STOCKPILE_SITE_NAMED_PARKING_AREA_ID_XXXXXXX_EXAMPLE_ONLY_G6-284-1n.svg,1200x600 mm,size from the sheet's 600 x 1200 figure; NSW-only code,Original PDFs/g6-284-1n.pdf
G7-248-5n,Driver Reviver Free (Cup Symbol) 5km (with name),Service Signs,DRIVER_REVIVER_FREE_CUP_SYMBOL_5KM_WITH_NAME_G7-248-5n.svg,901x981 mm,no size found on the sheet; drawn at 1:10 — check; NSW-only code,Original PDFs/g7-248-5n.pdf
G7-248-5n,Driver Reviver Free (Cup Symbol) 5km (with name),Service Signs,DRIVER_REVIVER_FREE_CUP_SYMBOL_5KM_WITH_NAME_VAR2_G7-248-5n.svg,356x287 mm,no size found on the sheet; drawn at 1:10 — check; background assumed to be a white rectangle (outline drawn as loose strokes) — check; NSW-only code,Original PDFs/g7-248-5n.pdf
G7-248-2n,Driver Reviver Free (Cup Symbol) 2km (with name),Service Signs,DRIVER_REVIVER_FREE_CUP_SYMBOL_2KM_WITH_NAME_G7-248-2n.svg,901x981 mm,no size found on the sheet; drawn at 1:10 — check; NSW-only code,Original PDFs/g7-248-2n.pdf
G7-248-2n,Driver Reviver Free (Cup Symbol) 2km (with name),Service Signs,DRIVER_REVIVER_FREE_CUP_SYMBOL_2KM_WITH_NAME_VAR2_G7-248-2n.svg,356x287 mm,no size found on the sheet; drawn at 1:10 — check; background assumed to be a white rectangle (outline drawn as loose strokes) — check; NSW-only code,Original PDFs/g7-248-2n.pdf
G7-248-7n,Cup (symbolic) Mobile (Angled Left Arrow),Service Signs,CUP_SYMBOLIC_MOBILE_ANGLED_LEFT_ARROW_G7-248-7n.svg,1000x1100 mm,size from the sheet's 1100 x 1000 figure; NSW-only code,Original PDFs/g7-248-7n.pdf
G7-242n(R),Rest Area (Intersection Direction Right),Service Signs,REST_AREA_INTERSECTION_DIRECTION_RIGHT_G7-242n(R).svg,480x929 mm,size from the sheet's 480 x 2070 figure; drawn proportions differ from the stated size (480 x 928.64 mm drawn) — check; background assumed to be a white rectangle (outline drawn as loose strokes) — check; NSW-only code,Original PDFs/g7-242n_r.pdf
G7-242n(L),Rest Area (Intersection Direction Left),Service Signs,REST_AREA_INTERSECTION_DIRECTION_LEFT_G7-242n(L).svg,480x1152 mm,size from the sheet's 480 x 2070 figure; drawn proportions differ from the stated size (480 x 1151.53 mm drawn) — check; background assumed to be a white rectangle (outline drawn as loose strokes) — check; NSW-only code,Original PDFs/g7-242n_l.pdf
G7-248-6n,Cup (Symbolic) Mobile 200m,Service Signs,CUP_SYMBOLIC_MOBILE_200M_G7-248-6n.svg,1000x1100 mm,size from the sheet's 1100 x 1000 figure; NSW-only code,Original PDFs/g7-248-6n.pdf
G7-12,"Services Sign (-------- Park & Ride, with arrow) Example Only",Service Signs,SERVICES_SIGN_PARK_RIDE_WITH_ARROW_EXAMPLE_ONLY_G7-12.svg,800x850 mm,size from the sheet's 850 x 800 figure; code also in the national AS 1743 set,Original PDFs/g7-12.pdf
G7-213-2-4n,Rest Area (Symbolic 2 Services) 2km (Example Only),Service Signs,REST_AREA_SYMBOLIC_2_SERVICES_2KM_EXAMPLE_ONLY_G7-213-2-4n.svg,1700x1250 mm,size from the sheet's 1250 x 1700 figure; NSW-only code,Original PDFs/g7-213-2-4n.pdf
G7-11,Services Sign (Parking direction right) Example Only,Service Signs,,,no drawing found on the sheet,Original PDFs/g7-11.pdf
G7-10-1n,No Service (Next ---km - One Service) Example Only,Service Signs,NO_SERVICE_NEXT_KM_ONE_SERVICE_EXAMPLE_ONLY_G7-10-1n.svg,900x1200 mm,size from the sheet's 1200 x 900 figure; NSW-only code,Original PDFs/g7-10-1.pdf
G7-214n(R),Rest Area (Advance Direction Angled Right),Service Signs,,,no drawing found on the sheet,Original PDFs/g7-214n_r.pdf
G7-214n(L),Rest Area (advance intersection left),Service Signs,,,no drawing found on the sheet,Original PDFs/g7-214n_l.pdf
G7-215n,Truck parking prohibited (symbolic),Service Signs,TRUCK_PARKING_PROHIBITED_SYMBOLIC_G7-215n.svg,1800x1350 mm,size from the sheet's 1350 x 1800 figure; NSW-only code,Original PDFs/g7-215n.pdf
G7-218-1n,Truck parking (symbolic) __km,Service Signs,TRUCK_PARKING_SYMBOLIC_KM_G7-218-1n.svg,801x600 mm,no size found on the sheet; drawn at 1:10 — check; NSW-only code,Original PDFs/g7-218-1n.pdf
G7-218-1n,Truck parking (symbolic) __km,Service Signs,TRUCK_PARKING_SYMBOLIC_KM_VAR2_G7-218-1n.svg,673x103 mm,no size found on the sheet; drawn at 1:10 — check; NSW-only code,Original PDFs/g7-218-1n.pdf
G7-218n,Truck parking (symbolic) ____m,Service Signs,TRUCK_PARKING_SYMBOLIC_M_G7-218n.svg,801x600 mm,no size found on the sheet; drawn at 1:10 — check; NSW-only code,Original PDFs/g7-218n.pdf
G7-13,Help Phone,Service Signs,HELP_PHONE_G7-13.svg,695x777 mm,no size found on the sheet; drawn at 1:10 — check; triangulated CAD export unioned; code also in the national AS 1743 set,Original PDFs/g7-13.pdf
G7-13,Help Phone,Service Signs,HELP_PHONE_VAR2_G7-13.svg,627x576 mm,no size found on the sheet; drawn at 1:10 — check; triangulated CAD export unioned; code also in the national AS 1743 set,Original PDFs/g7-13.pdf
G7-2-3,Advance Services Sign (3 services ---m On Left/Right) in urban or rural area ( Rest Area used as example only),Service Signs,ADVANCE_SERVICES_SIGN_3_SERVICES_M_ON_LEFT_RIGHT_IN_URBAN_OR_RURAL_AREA_REST_ARE_G7-2-3.svg,1500x1000 mm,size from the sheet's 1000 x 1500 figure; code also in the national AS 1743 set,Original PDFs/g7-2-3.pdf
G7-2-2,Advance Services Sign (2 Services ---m On Left/Right) in urban or rural area (Example Only),Service Signs,ADVANCE_SERVICES_SIGN_2_SERVICES_M_ON_LEFT_RIGHT_IN_URBAN_OR_RURAL_AREA_EXAMPLE__G7-2-2.svg,1130x1000 mm,size from the sheet's 1000 x 1130 figure; NSW-only code,Original PDFs/g7-2-2.pdf
G7-213-3-3n,(Insert Name) Rest Area (Symbolic 3 Services) 2km (All Vehicles) (Example Only),Service Signs,INSERT_NAME_REST_AREA_SYMBOLIC_3_SERVICES_2KM_ALL_VEHICLES_EXAMPLE_ONLY_G7-213-3-3n.svg,1930x1500 mm,size from the sheet's 1500 x 1930 figure; NSW-only code,Original PDFs/g7-213-3-3n.pdf
G7-2-4,Advance Services Sign (4 services ---m On Left/Right) in urban or rural area Example Only,Service Signs,ADVANCE_SERVICES_SIGN_4_SERVICES_M_ON_LEFT_RIGHT_IN_URBAN_OR_RURAL_AREA_EXAMPLE__G7-2-4.svg,1090x1425 mm,size from the sheet's 1425 x 1090 figure; NSW-only code,Original PDFs/g7-2-4.pdf
G7-213-3-4n,Rest Area (Symbolic 3 Services) 2km (All Vehicles) (Example Only),Service Signs,REST_AREA_SYMBOLIC_3_SERVICES_2KM_ALL_VEHICLES_EXAMPLE_ONLY_G7-213-3-4n.svg,1930x1249 mm,size from the sheet's 1250 x 1930 figure; NSW-only code,Original PDFs/g7-213-3-4n.pdf
G7-271n,B-Double Uncoupling Bay 2km (left or right),Service Signs,B_DOUBLE_UNCOUPLING_BAY_2KM_LEFT_OR_RIGHT_G7-271n.svg,1600x1450 mm,size from the sheet's 1450 x 1600 figure; NSW-only code,Original PDFs/g7-271n.pdf
G7-255n(R),Driver Reviver (Right Chevron) - (Use with G7-242n(R)),Service Signs,DRIVER_REVIVER_RIGHT_CHEVRON_USE_WITH_G7_242N_R_G7-255n(R).svg,2078x416 mm,size from the sheet's 416 x 2078 figure; NSW-only code,Original PDFs/g7-255n_r.pdf
G7-255nL),Driver Reviver (Left Chevron) - (Use with G7-242n(L)),Service Signs,DRIVER_REVIVER_LEFT_CHEVRON_USE_WITH_G7_242N_L_G7-255nL).svg,2078x416 mm,size from the sheet's 416 x 2078 figure; NSW-only code,Original PDFs/g7-255n_l.pdf
G7-254n,"Driver Reviver Open ( Use with G7-213-2-1n,2n,3n,4n)",Service Signs,DRIVER_REVIVER_OPEN_USE_WITH_G7_213_2_1N_2N_3N_4N_G7-254n.svg,1600x490 mm,size from the sheet's 490 x 1600 figure; NSW-only code,Original PDFs/g7-254n.pdf
G7-259-1n,Rest Stops (with 3 destinations) Example Only,Service Signs,REST_STOPS_WITH_3_DESTINATIONS_EXAMPLE_ONLY_G7-259-1n.svg,2838x1308 mm,size from the sheet's 1308 x 2838 figure; NSW-only code,Original PDFs/g7-259-1n.pdf
G7-277n(R),Caravan Parking (Right Arrow) 200m,Service Signs,CARAVAN_PARKING_RIGHT_ARROW_200M_G7-277n(R).svg,1000x1000 mm,size from the sheet's 1000 x 1000 figure; NSW-only code,Original PDFs/g7-277n_r.pdf
G7-277n(L),Caravan Parking (Left Arrow) 200m,Service Signs,CARAVAN_PARKING_LEFT_ARROW_200M_G7-277n(L).svg,1000x1000 mm,size from the sheet's 1000 x 1000 figure; NSW-only code,Original PDFs/g7-277n_l.pdf
G7-278n(R),Caravan Parking (Right Chevron),Service Signs,CARAVAN_PARKING_RIGHT_CHEVRON_G7-278n(R).svg,1000x225 mm,size from the sheet's 225 x 1000 figure; NSW-only code,Original PDFs/g7-278n_r.pdf
G7-278n(L),Caravan Parking (Left Chevron),Service Signs,CARAVAN_PARKING_LEFT_CHEVRON_G7-278n(L).svg,1000x225 mm,size from the sheet's 225 x 1000 figure; NSW-only code,Original PDFs/g7-278n_l.pdf
G7-276n,Bicycle Parking,Service Signs,BICYCLE_PARKING_G7-276n.svg,609x910 mm,no size found on the sheet; drawn at 1:10 — check; triangulated CAD export unioned; NSW-only code,Original PDFs/g7-276n.pdf
G7-276n,Bicycle Parking,Service Signs,BICYCLE_PARKING_VAR2_G7-276n.svg,457x680 mm,no size found on the sheet; drawn at 1:10 — check; triangulated CAD export unioned; NSW-only code,Original PDFs/g7-276n.pdf
G7-259-2n,Rest Stops (with 4 destinations) Example Only,Service Signs,REST_STOPS_WITH_4_DESTINATIONS_EXAMPLE_ONLY_G7-259-2n.svg,2550x1956 mm,size from the sheet's 1956 x 2550 figure; NSW-only code,Original PDFs/g7-259-2n.pdf
G7-249-1n,Rest Area (Symbolic) 5km Stop Revive Survive,Service Signs,REST_AREA_SYMBOLIC_5KM_STOP_REVIVE_SURVIVE_G7-249-1n.svg,1800x1860 mm,size from the sheet's 1860 x 1800 figure; NSW-only code,Original PDFs/g7-249-1n.pdf
G7-253n(R),Truck Parking (Symbolic - Right Fingerboard),Service Signs,TRUCK_PARKING_SYMBOLIC_RIGHT_FINGERBOARD_G7-253n(R).svg,1500x751 mm,size from the sheet's 750 x 1500 figure; NSW-only code,Original PDFs/g7-253n_r.pdf
G7-253n(L),Truck Parking (Symbolic - Left Fingerboard),Service Signs,TRUCK_PARKING_SYMBOLIC_LEFT_FINGERBOARD_G7-253n(L).svg,1500x751 mm,size from the sheet's 750 x 1500 figure; NSW-only code,Original PDFs/g7-253n_l.pdf
G7-262n,Truck (symbolic) Stopping Bay __m On Left,Service Signs,TRUCK_SYMBOLIC_STOPPING_BAY_M_ON_LEFT_G7-262n.svg,1415x1500 mm,size from the sheet's 1500 x 1415 figure; NSW-only code,Original PDFs/g7-262n.pdf
G7-252-1n,Every Two Hours Stop Revive Survive,Service Signs,EVERY_TWO_HOURS_STOP_REVIVE_SURVIVE_G7-252-1n.svg,1800x1860 mm,size from the sheet's 1860 x 1800 figure; NSW-only code,Original PDFs/g7-252-1n.pdf
G7-261n,Truck (symbolic) Stopping Bay Only,Service Signs,TRUCK_SYMBOLIC_STOPPING_BAY_ONLY_G7-261n.svg,1220x1095 mm,size from the sheet's 1095 x 1220 figure; NSW-only code,Original PDFs/g7-261n.pdf
G7-251n(R),Driver Reviver ____m On Right,Service Signs,DRIVER_REVIVER_M_ON_RIGHT_G7-251n(R).svg,1800x1700 mm,size from the sheet's 1700 x 1800 figure; NSW-only code,Original PDFs/g7-251n_r.pdf
G7-251n(L),Driver Reviver ____m On Left,Service Signs,DRIVER_REVIVER_M_ON_LEFT_G7-251n(L).svg,1800x1700 mm,size from the sheet's 1700 x 1800 figure; NSW-only code,Original PDFs/g7-251n_l.pdf
G7-252-2n,Stop Revive Survive,Service Signs,STOP_REVIVE_SURVIVE_G7-252-2n.svg,1800x1937 mm,size from the sheet's 1860 x 1800 figure; NSW-only code,Original PDFs/g7-252-2n.pdf
G7-289n,"(Airport Symbolic) Airport, Advance Direction Turn Left/Right x(m) (Example Only)",Service Signs,AIRPORT_SYMBOLIC_AIRPORT_ADVANCE_DIRECTION_TURN_LEFT_RIGHT_X_M_EXAMPLE_ONLY_G7-289n.svg,1400x900 mm,size from the sheet's 900 x 1400 figure; NSW-only code,Original PDFs/g7-289n.pdf
G7-288n,Hospital (named) + symbol (Intersection Direction Left or Right) (Example Only),Service Signs,HOSPITAL_NAMED_SYMBOL_INTERSECTION_DIRECTION_LEFT_OR_RIGHT_EXAMPLE_ONLY_G7-288n.svg,2430x657 mm,size from the sheet's 656 x 2430 figure; NSW-only code,Original PDFs/g7-288n.pdf
G7-286n,Hospital (named) + symbol (Advance Direction Left or Right) (Example Only),Service Signs,HOSPITAL_NAMED_SYMBOL_ADVANCE_DIRECTION_LEFT_OR_RIGHT_EXAMPLE_ONLY_G7-286n.svg,2318x752 mm,size from the sheet's 752 x 2318 figure; NSW-only code,Original PDFs/g7-286n.pdf
G7-294n,Educational Institution (Advance Direction Left or Right) (Example Only),Service Signs,EDUCATIONAL_INSTITUTION_ADVANCE_DIRECTION_LEFT_OR_RIGHT_EXAMPLE_ONLY_G7-294n.svg,2001x1056 mm,size from the sheet's 1056 x 2001 figure; NSW-only code,Original PDFs/g7-294n.pdf
G7-291n,"(Airport Symbolic) Airport, Intersection Direction Left/Right (Example Only)",Service Signs,AIRPORT_SYMBOLIC_AIRPORT_INTERSECTION_DIRECTION_LEFT_RIGHT_EXAMPLE_ONLY_G7-291n.svg,2036x510 mm,size from the sheet's 510 x 2036 figure; NSW-only code,Original PDFs/g7-291n.pdf
G7-287n,Hospital + Symbol (Intersection Direction Left or Right) (Example Only),Service Signs,HOSPITAL_SYMBOL_INTERSECTION_DIRECTION_LEFT_OR_RIGHT_EXAMPLE_ONLY_G7-287n.svg,2144x510 mm,size from the sheet's 510 x 2144 figure; NSW-only code,Original PDFs/g7-287n.pdf
W6-2,Pedestrian Crossing Ahead (symbolic),Warning Signs,PEDESTRIAN_CROSSING_AHEAD_SYMBOLIC_W6-2.svg,1200x1201 mm,size from the sheet's 1200 x 1200 figure; triangulated CAD export unioned; drawn at 2 sizes on the sheet; largest kept; code also in the national AS 1743 set,Original PDFs/w6-2.pdf
W6-2,Pedestrian Crossing Ahead (symbolic),Warning Signs,PEDESTRIAN_CROSSING_AHEAD_SYMBOLIC_VAR2_W6-2.svg,1200x1201 mm,size from the sheet's 1200 x 1200 figure; triangulated CAD export unioned; code also in the national AS 1743 set,Original PDFs/w6-2.pdf
W1-2(L),Reverse Turn (Left Symbolic),Warning Signs,REVERSE_TURN_LEFT_SYMBOLIC_W1-2(L).svg,879x900 mm,no size found on the sheet; drawn at 1:10 — check; background assumed to be a white rectangle (outline drawn as loose strokes) — check; triangulated CAD export unioned; code also in the national AS 1743 set,Original PDFs/w1-2_l.pdf
W1-2(L),Reverse Turn (Left Symbolic),Warning Signs,REVERSE_TURN_LEFT_SYMBOLIC_VAR2_W1-2(L).svg,807x674 mm,no size found on the sheet; drawn at 1:10 — check; background assumed to be a white rectangle (outline drawn as loose strokes) — check; triangulated CAD export unioned; drawn at 3 sizes on the sheet; largest kept; code also in the national AS 1743 set,Original PDFs/w1-2_l.pdf
RM4-1(D),Speed Limit (Mms Insert - To Be used on Multi Message Sign panels Only),Regulatory Signs,SPEED_LIMIT_MMS_INSERT_TO_BE_USED_ON_MULTI_MESSAGE_SIGN_PANELS_ONLY_RM4-1(D).svg,600x888 mm,size from the sheet's 900 x 600 figure; NSW-only code,Original PDFs/rm4-1_d.pdf
T1-1,Roadwork Ahead,Temporary Signs,ROADWORK_AHEAD_T1-1.svg,1615x579 mm,no size found on the sheet; drawn at 1:10 — check; code also in the national AS 1743 set,Original PDFs/t1-1.pdf
T1-1,Roadwork Ahead,Temporary Signs,ROADWORK_AHEAD_VAR2_T1-1.svg,1211x387 mm,no size found on the sheet; drawn at 1:10 — check; code also in the national AS 1743 set,Original PDFs/t1-1.pdf
R4-1n_VMS,Speed Restriction (60 Illustrated) Vms Panel (Temporary Traffic Management Use Only),Regulatory Signs,SPEED_RESTRICTION_60_ILLUSTRATED_VMS_PANEL_TEMPORARY_TRAFFIC_MANAGEMENT_USE_ONLY_R4-1n_VMS.svg,1200x906 mm,size from the sheet's 900 x 1200 figure; NSW-only code,Original PDFs/r4-1n_vms.pdf
RM4-1(C),Speed Limit (Mms Insert - To Be used on Multi Message Sign panels Only),Regulatory Signs,,,no drawing found on the sheet,Original PDFs/rm4-1_c.pdf
RM4-1(A),Speed Limit (Mms Insert - To Be used on Multi Message Sign panels Only),Regulatory Signs,SPEED_LIMIT_MMS_INSERT_TO_BE_USED_ON_MULTI_MESSAGE_SIGN_PANELS_ONLY_RM4-1(A).svg,600x600 mm,size from the sheet's 600 x 600 figure; NSW-only code,Original PDFs/rm4-1_a.pdf
RM4-1(B),Speed Limit (Mms Insert - To Be used on Multi Message Sign panels Only),Regulatory Signs,,,no drawing found on the sheet,Original PDFs/rm4-1_b.pdf
R4-212n,Speed Limit Road Work,Regulatory Signs,SPEED_LIMIT_ROAD_WORK_R4-212n.svg,1200x1201 mm,size from the sheet's 1200 x 2400 figure; drawn proportions differ from the stated size (1200 x 1201.43 mm drawn) — check; triangulated CAD export unioned; drawn at 2 sizes on the sheet; largest kept; NSW-only code,Original PDFs/r4-212n.pdf
R4-3,Road Work,Regulatory Signs,ROAD_WORK_R4-3.svg,914x610 mm,no size found on the sheet; drawn at 1:10 — check; triangulated CAD export unioned; code also in the national AS 1743 set,Original PDFs/r4-3.pdf
R4-3,Road Work,Regulatory Signs,ROAD_WORK_VAR2_R4-3.svg,609x406 mm,no size found on the sheet; drawn at 1:10 — check; triangulated CAD export unioned; code also in the national AS 1743 set,Original PDFs/r4-3.pdf
R4-212n_VMS,Speed Restriction (60 Illustrated) Road Work Vms Panel (Temporary Traffic Management Use Only),Regulatory Signs,SPEED_RESTRICTION_60_ILLUSTRATED_ROAD_WORK_VMS_PANEL_TEMPORARY_TRAFFIC_MANAGEMEN_R4-212n_VMS.svg,1200x906 mm,size from the sheet's 900 x 1200 figure; NSW-only code,Original PDFs/r4-212n_vms.pdf
RM4-212n(D),Speed Restriction Road Work (Mms Insert - To Be used on Multi Message Sign panels Only),Regulatory Signs,SPEED_RESTRICTION_ROAD_WORK_MMS_INSERT_TO_BE_USED_ON_MULTI_MESSAGE_SIGN_PANELS_O_RM4-212n(D).svg,600x888 mm,size from the sheet's 900 x 600 figure; NSW-only code,Original PDFs/rm4-212n_d.pdf
