25/06/2026 7:07:54 AM : Starting build of Index : \\qpol-wnp022\Temp\TC Signs_June 2026\TC signs index\TC Signs Index.pdx
25/06/2026 7:07:54 AM : Searching : \\qpol-wnp022\Temp\TC Signs_June 2026\
25/06/2026 7:11:42 AM : Indexing 1173 files
25/06/2026 7:11:42 AM : Extracting : \\qpol-wnp022\Temp\TC Signs_June 2026\bicyclists\tc1019.pdf
25/06/2026 7:11:42 AM : Extracting : \\qpol-wnp022\Temp\TC Signs_June 2026\bicyclists\tc1086.pdf
25/06/2026 7:11:42 AM : Extracting : \\qpol-wnp022\Temp\TC Signs_June 2026\bicyclists\tc1087.pdf
25/06/2026 7:11:43 AM : Extracting : \\qpol-wnp022\Temp\TC Signs_June 2026\bicyclists\tc1313.pdf
25/06/2026 7:11:43 AM : Extracting : \\qpol-wnp022\Temp\TC Signs_June 2026\bicyclists\tc1314.pdf
25/06/2026 7:11:43 AM : Extracting : \\qpol-wnp022\Temp\TC Signs_June 2026\bicyclists\tc1456.pdf
25/06/2026 7:11:43 AM : Extracting : \\qpol-wnp022\Temp\TC Signs_June 2026\bicyclists\TC1831.pdf
25/06/2026 7:11:43 AM : Extracting : \\qpol-wnp022\Temp\TC Signs_June 2026\bicyclists\TC1907.pdf
25/06/2026 7:11:43 AM : Extracting : \\qpol-wnp022\Temp\TC Signs_June 2026\bicyclists\TC2089.pdf
25/06/2026 7:11:43 AM : Extracting : \\qpol-wnp022\Temp\TC Signs_June 2026\bicyclists\TC2225.pdf
25/06/2026 7:11:43 AM : Extracting : \\qpol-wnp022\Temp\TC Signs_June 2026\bicyclists\TC2306.pdf
25/06/2026 7:11:44 AM : Extracting : \\qpol-wnp022\Temp\TC Signs_June 2026\bicyclists\TC2357.pdf
25/06/2026 7:11:44 AM : Extracting : \\qpol-wnp022\Temp\TC Signs_June 2026\bicyclists\tc9606.pdf
25/06/2026 7:11:44 AM : Extracting : \\qpol-wnp022\Temp\TC Signs_June 2026\bicyclists\tc9744.pdf
25/06/2026 7:11:44 AM : Extracting : \\qpol-wnp022\Temp\TC Signs_June 2026\bridge\tc1088.pdf
25/06/2026 7:11:44 AM : Extracting : \\qpol-wnp022\Temp\TC Signs_June 2026\bridge\tc1515.pdf
25/06/2026 7:11:44 AM : Extracting : \\qpol-wnp022\Temp\TC Signs_June 2026\bridge\TC1900.pdf
25/06/2026 7:11:45 AM : Extracting : \\qpol-wnp022\Temp\TC Signs_June 2026\bridge\TC1981.pdf
25/06/2026 7:11:45 AM : Extracting : \\qpol-wnp022\Temp\TC Signs_June 2026\bridge\tc9700.pdf
25/06/2026 7:11:45 AM : Extracting : \\qpol-wnp022\Temp\TC Signs_June 2026\bridge\tc9942.pdf
25/06/2026 7:11:45 AM : Extracting : \\qpol-wnp022\Temp\TC Signs_June 2026\bridge\tc9943.pdf
25/06/2026 7:11:45 AM : Extracting : \\qpol-wnp022\Temp\TC Signs_June 2026\bridge\tc9966.pdf
25/06/2026 7:11:45 AM : Extracting : \\qpol-wnp022\Temp\TC Signs_June 2026\bridge\tc9979.pdf
25/06/2026 7:11:45 AM : Extracting : \\qpol-wnp022\Temp\TC Signs_June 2026\bus\tc1059.pdf
25/06/2026 7:11:45 AM : Extracting : \\qpol-wnp022\Temp\TC Signs_June 2026\bus\Tc1072.pdf
25/06/2026 7:11:46 AM : Extracting : \\qpol-wnp022\Temp\TC Signs_June 2026\bus\tc1121.pdf
25/06/2026 7:11:46 AM : Extracting : \\qpol-wnp022\Temp\TC Signs_June 2026\bus\tc1122.pdf
25/06/2026 7:11:46 AM : Extracting : \\qpol-wnp022\Temp\TC Signs_June 2026\bus\tc1123.pdf
25/06/2026 7:11:46 AM : Extracting : \\qpol-wnp022\Temp\TC Signs_June 2026\bus\tc1159.pdf
25/06/2026 7:11:46 AM : Extracting : \\qpol-wnp022\Temp\TC Signs_June 2026\bus\tc1232.pdf
25/06/2026 7:11:46 AM : Extracting : \\qpol-wnp022\Temp\TC Signs_June 2026\bus\tc1251.pdf
25/06/2026 7:11:46 AM : Extracting : \\qpol-wnp022\Temp\TC Signs_June 2026\bus\tc1252.pdf
25/06/2026 7:11:46 AM : Extracting : \\qpol-wnp022\Temp\TC Signs_June 2026\bus\tc1374.pdf
25/06/2026 7:11:46 AM : Extracting : \\qpol-wnp022\Temp\TC Signs_June 2026\bus\tc1503.pdf
25/06/2026 7:11:47 AM : Extracting : \\qpol-wnp022\Temp\TC Signs_June 2026\bus\tc1544.pdf
25/06/2026 7:11:47 AM : Extracting : \\qpol-wnp022\Temp\TC Signs_June 2026\bus\TC1871.pdf
25/06/2026 7:11:47 AM : Extracting : \\qpol-wnp022\Temp\TC Signs_June 2026\bus\TC1917.pdf
25/06/2026 7:11:47 AM : Extracting : \\qpol-wnp022\Temp\TC Signs_June 2026\bus\TC1958.pdf
25/06/2026 7:11:47 AM : Extracting : \\qpol-wnp022\Temp\TC Signs_June 2026\bus\TC1959.pdf
25/06/2026 7:11:47 AM : Extracting : \\qpol-wnp022\Temp\TC Signs_June 2026\bus\tc9692.pdf
25/06/2026 7:11:47 AM : Extracting : \\qpol-wnp022\Temp\TC Signs_June 2026\bus\tc9693.pdf
25/06/2026 7:11:47 AM : Extracting : \\qpol-wnp022\Temp\TC Signs_June 2026\bus\tc9694.pdf
25/06/2026 7:11:48 AM : Extracting : \\qpol-wnp022\Temp\TC Signs_June 2026\camera monitoring\TC1635.pdf
25/06/2026 7:11:48 AM : Extracting : \\qpol-wnp022\Temp\TC Signs_June 2026\camera monitoring\tc1782.pdf
25/06/2026 7:11:48 AM : Extracting : \\qpol-wnp022\Temp\TC Signs_June 2026\camera monitoring\TC1847.pdf
25/06/2026 7:11:48 AM : Extracting : \\qpol-wnp022\Temp\TC Signs_June 2026\camera monitoring\TC1848.pdf
25/06/2026 7:11:48 AM : Extracting : \\qpol-wnp022\Temp\TC Signs_June 2026\camera monitoring\TC1855.pdf
25/06/2026 7:11:48 AM : Extracting : \\qpol-wnp022\Temp\TC Signs_June 2026\camera monitoring\TC1880.pdf
25/06/2026 7:11:48 AM : Extracting : \\qpol-wnp022\Temp\TC Signs_June 2026\camera monitoring\TC2096.pdf
25/06/2026 7:11:48 AM : Extracting : \\qpol-wnp022\Temp\TC Signs_June 2026\camera monitoring\TC2256.pdf
25/06/2026 7:11:49 AM : Extracting : \\qpol-wnp022\Temp\TC Signs_June 2026\camera monitoring\TC2259.pdf
25/06/2026 7:11:49 AM : Extracting : \\qpol-wnp022\Temp\TC Signs_June 2026\community\tc1430.pdf
25/06/2026 7:11:49 AM : Extracting : \\qpol-wnp022\Temp\TC Signs_June 2026\community\tc1507.pdf
25/06/2026 7:11:49 AM : Extracting : \\qpol-wnp022\Temp\TC Signs_June 2026\community\tc1538.pdf
25/06/2026 7:11:49 AM : Extracting : \\qpol-wnp022\Temp\TC Signs_June 2026\community\TC1673.pdf
25/06/2026 7:11:49 AM : Extracting : \\qpol-wnp022\Temp\TC Signs_June 2026\community\TC1703.pdf
25/06/2026 7:11:49 AM : Extracting : \\qpol-wnp022\Temp\TC Signs_June 2026\community\TC1732.pdf
25/06/2026 7:11:50 AM : Extracting : \\qpol-wnp022\Temp\TC Signs_June 2026\community\TC1912.pdf
25/06/2026 7:11:50 AM : Extracting : \\qpol-wnp022\Temp\TC Signs_June 2026\community\TC2240.pdf
25/06/2026 7:11:50 AM : Extracting : \\qpol-wnp022\Temp\TC Signs_June 2026\community\TC2241.pdf
25/06/2026 7:11:50 AM : Extracting : \\qpol-wnp022\Temp\TC Signs_June 2026\community\TC2378.pdf
25/06/2026 7:11:50 AM : Extracting : \\qpol-wnp022\Temp\TC Signs_June 2026\community\tc9717.pdf
25/06/2026 7:11:51 AM : Extracting : \\qpol-wnp022\Temp\TC Signs_June 2026\community\tc9718.pdf
25/06/2026 7:11:51 AM : Extracting : \\qpol-wnp022\Temp\TC Signs_June 2026\community\Tc9802.pdf
25/06/2026 7:11:51 AM : Extracting : \\qpol-wnp022\Temp\TC Signs_June 2026\community\tc9809.pdf
25/06/2026 7:11:51 AM : Extracting : \\qpol-wnp022\Temp\TC Signs_June 2026\diversion route\TC1696.pdf
25/06/2026 7:11:51 AM : Extracting : \\qpol-wnp022\Temp\TC Signs_June 2026\diversion route\TC1697.pdf
25/06/2026 7:11:52 AM : Extracting : \\qpol-wnp022\Temp\TC Signs_June 2026\diversion route\TC1698.pdf
25/06/2026 7:11:52 AM : Extracting : \\qpol-wnp022\Temp\TC Signs_June 2026\diversion route\TC1699.pdf
25/06/2026 7:11:52 AM : Extracting : \\qpol-wnp022\Temp\TC Signs_June 2026\diversion route\TC1700.pdf
25/06/2026 7:11:52 AM : Extracting : \\qpol-wnp022\Temp\TC Signs_June 2026\diversion route\TC1701.pdf
25/06/2026 7:11:52 AM : Extracting : \\qpol-wnp022\Temp\TC Signs_June 2026\diversion route\TC1702.pdf
25/06/2026 7:11:52 AM : Extracting : \\qpol-wnp022\Temp\TC Signs_June 2026\diversion route\TC1718.pdf
25/06/2026 7:11:52 AM : Extracting : \\qpol-wnp022\Temp\TC Signs_June 2026\diversion route\TC1720.pdf
25/06/2026 7:11:53 AM : Extracting : \\qpol-wnp022\Temp\TC Signs_June 2026\diversion route\TC2327.pdf
25/06/2026 7:11:53 AM : Extracting : \\qpol-wnp022\Temp\TC Signs_June 2026\diversion route\TC2328.pdf
25/06/2026 7:11:53 AM : Extracting : \\qpol-wnp022\Temp\TC Signs_June 2026\diversion route\TC2329.pdf
25/06/2026 7:11:53 AM : Extracting : \\qpol-wnp022\Temp\TC Signs_June 2026\diversion route\TC2330.pdf
25/06/2026 7:11:53 AM : Extracting : \\qpol-wnp022\Temp\TC Signs_June 2026\diversion route\TC2331.pdf
25/06/2026 7:11:53 AM : Extracting : \\qpol-wnp022\Temp\TC Signs_June 2026\diversion route\TC2332.pdf
25/06/2026 7:11:53 AM : Extracting : \\qpol-wnp022\Temp\TC Signs_June 2026\diversion route\TC2333.pdf
25/06/2026 7:11:54 AM : Extracting : \\qpol-wnp022\Temp\TC Signs_June 2026\electronic\tc1740.pdf
25/06/2026 7:11:54 AM : Extracting : \\qpol-wnp022\Temp\TC Signs_June 2026\electronic\TC1785.pdf
25/06/2026 7:11:55 AM : Extracting : \\qpol-wnp022\Temp\TC Signs_June 2026\electronic\TC1790.pdf
25/06/2026 7:11:55 AM : Extracting : \\qpol-wnp022\Temp\TC Signs_June 2026\electronic\TC1792.pdf
25/06/2026 7:11:56 AM : Extracting : \\qpol-wnp022\Temp\TC Signs_June 2026\electronic\TC1833.pdf
25/06/2026 7:11:56 AM : Extracting : \\qpol-wnp022\Temp\TC Signs_June 2026\electronic\TC1949.pdf
25/06/2026 7:11:57 AM : Extracting : \\qpol-wnp022\Temp\TC Signs_June 2026\electronic\TC2204.pdf
25/06/2026 7:11:57 AM : Extracting : \\qpol-wnp022\Temp\TC Signs_June 2026\electronic\TC2205.pdf
25/06/2026 7:11:57 AM : Extracting : \\qpol-wnp022\Temp\TC Signs_June 2026\electronic\TC2210.pdf
25/06/2026 7:11:58 AM : Extracting : \\qpol-wnp022\Temp\TC Signs_June 2026\electronic\TC2220.pdf
25/06/2026 7:11:58 AM : Extracting : \\qpol-wnp022\Temp\TC Signs_June 2026\electronic\TC2245.pdf
25/06/2026 7:11:58 AM : Extracting : \\qpol-wnp022\Temp\TC Signs_June 2026\electronic\TC2258.pdf
25/06/2026 7:11:58 AM : Extracting : \\qpol-wnp022\Temp\TC Signs_June 2026\electronic\TC2260.pdf
25/06/2026 7:11:59 AM : Extracting : \\qpol-wnp022\Temp\TC Signs_June 2026\electronic\TC2272.pdf
25/06/2026 7:11:59 AM : Extracting : \\qpol-wnp022\Temp\TC Signs_June 2026\electronic\TC2273.pdf
25/06/2026 7:11:59 AM : Extracting : \\qpol-wnp022\Temp\TC Signs_June 2026\electronic\TC2274.pdf
25/06/2026 7:11:59 AM : Extracting : \\qpol-wnp022\Temp\TC Signs_June 2026\electronic\TC2275.pdf
25/06/2026 7:11:59 AM : Extracting : \\qpol-wnp022\Temp\TC Signs_June 2026\electronic\TC2276.pdf
25/06/2026 7:12:00 AM : Extracting : \\qpol-wnp022\Temp\TC Signs_June 2026\electronic\TC2277.pdf
25/06/2026 7:12:00 AM : Extracting : \\qpol-wnp022\Temp\TC Signs_June 2026\electronic\TC2278.pdf
25/06/2026 7:12:00 AM : Extracting : \\qpol-wnp022\Temp\TC Signs_June 2026\electronic\TC2288.pdf
25/06/2026 7:12:00 AM : Extracting : \\qpol-wnp022\Temp\TC Signs_June 2026\electronic\TC2290.pdf
25/06/2026 7:12:00 AM : Extracting : \\qpol-wnp022\Temp\TC Signs_June 2026\electronic\TC2297.pdf
25/06/2026 7:12:01 AM : Extracting : \\qpol-wnp022\Temp\TC Signs_June 2026\electronic\Tc9060.pdf
25/06/2026 7:12:01 AM : Extracting : \\qpol-wnp022\Temp\TC Signs_June 2026\enforcement\tc1594.pdf
25/06/2026 7:12:01 AM : Extracting : \\qpol-wnp022\Temp\TC Signs_June 2026\enforcement\TC1619.pdf
25/06/2026 7:12:01 AM : Extracting : \\qpol-wnp022\Temp\TC Signs_June 2026\enforcement\TC1620.pdf
25/06/2026 7:12:01 AM : Extracting : \\qpol-wnp022\Temp\TC Signs_June 2026\enforcement\tc1674.pdf
25/06/2026 7:12:01 AM : Extracting : \\qpol-wnp022\Temp\TC Signs_June 2026\enforcement\TC1675.pdf
25/06/2026 7:12:02 AM : Extracting : \\qpol-wnp022\Temp\TC Signs_June 2026\enforcement\TC1736.pdf
25/06/2026 7:12:02 AM : Extracting : \\qpol-wnp022\Temp\TC Signs_June 2026\enforcement\tc1738.pdf
25/06/2026 7:12:02 AM : Extracting : \\qpol-wnp022\Temp\TC Signs_June 2026\enforcement\tc1799.pdf
25/06/2026 7:12:02 AM : Extracting : \\qpol-wnp022\Temp\TC Signs_June 2026\enforcement\TC1897.pdf
25/06/2026 7:12:02 AM : Extracting : \\qpol-wnp022\Temp\TC Signs_June 2026\enforcement\TC1898.pdf
25/06/2026 7:12:03 AM : Extracting : \\qpol-wnp022\Temp\TC Signs_June 2026\enforcement\TC1899.pdf
25/06/2026 7:12:03 AM : Extracting : \\qpol-wnp022\Temp\TC Signs_June 2026\enforcement\TC2018.pdf
25/06/2026 7:12:03 AM : Extracting : \\qpol-wnp022\Temp\TC Signs_June 2026\enforcement\TC2264.pdf
25/06/2026 7:12:03 AM : Extracting : \\qpol-wnp022\Temp\TC Signs_June 2026\enforcement\TC2289.pdf
25/06/2026 7:12:03 AM : Extracting : \\qpol-wnp022\Temp\TC Signs_June 2026\enforcement\TC2363.pdf
25/06/2026 7:12:04 AM : Extracting : \\qpol-wnp022\Temp\TC Signs_June 2026\enforcement\Tc9715.pdf
25/06/2026 7:12:04 AM : Extracting : \\qpol-wnp022\Temp\TC Signs_June 2026\enforcement\Tc9857.pdf
25/06/2026 7:12:04 AM : Extracting : \\qpol-wnp022\Temp\TC Signs_June 2026\enforcement\Tc9883.pdf
25/06/2026 7:12:04 AM : Extracting : \\qpol-wnp022\Temp\TC Signs_June 2026\enforcement\Tc9923.pdf
25/06/2026 7:12:04 AM : Extracting : \\qpol-wnp022\Temp\TC Signs_June 2026\environmental\ENV01.pdf
25/06/2026 7:12:04 AM : Extracting : \\qpol-wnp022\Temp\TC Signs_June 2026\environmental\ENV24.pdf
25/06/2026 7:12:04 AM : Extracting : \\qpol-wnp022\Temp\TC Signs_June 2026\environmental\ENV25.pdf
25/06/2026 7:12:05 AM : Extracting : \\qpol-wnp022\Temp\TC Signs_June 2026\environmental\ENV26.pdf
25/06/2026 7:12:05 AM : Extracting : \\qpol-wnp022\Temp\TC Signs_June 2026\environmental\ENV27.pdf
25/06/2026 7:12:05 AM : Extracting : \\qpol-wnp022\Temp\TC Signs_June 2026\environmental\ENV28.pdf
25/06/2026 7:12:05 AM : Extracting : \\qpol-wnp022\Temp\TC Signs_June 2026\environmental\tc1093.pdf
25/06/2026 7:12:05 AM : Extracting : \\qpol-wnp022\Temp\TC Signs_June 2026\environmental\Tc1115.pdf
25/06/2026 7:12:05 AM : Extracting : \\qpol-wnp022\Temp\TC Signs_June 2026\environmental\tc1118.pdf
25/06/2026 7:12:06 AM : Extracting : \\qpol-wnp022\Temp\TC Signs_June 2026\environmental\tc1143.pdf
25/06/2026 7:12:06 AM : Extracting : \\qpol-wnp022\Temp\TC Signs_June 2026\environmental\tc1144.pdf
25/06/2026 7:12:06 AM : Extracting : \\qpol-wnp022\Temp\TC Signs_June 2026\environmental\Tc1203.pdf
25/06/2026 7:12:06 AM : Extracting : \\qpol-wnp022\Temp\TC Signs_June 2026\environmental\tc1230.pdf
25/06/2026 7:12:06 AM : Extracting : \\qpol-wnp022\Temp\TC Signs_June 2026\environmental\tc1250.pdf
25/06/2026 7:12:06 AM : Extracting : \\qpol-wnp022\Temp\TC Signs_June 2026\environmental\tc1343.pdf
25/06/2026 7:12:07 AM : Extracting : \\qpol-wnp022\Temp\TC Signs_June 2026\environmental\tc1363.pdf
25/06/2026 7:12:07 AM : Extracting : \\qpol-wnp022\Temp\TC Signs_June 2026\environmental\tc1377.pdf
25/06/2026 7:12:07 AM : Extracting : \\qpol-wnp022\Temp\TC Signs_June 2026\environmental\tc1457.pdf
25/06/2026 7:12:07 AM : Extracting : \\qpol-wnp022\Temp\TC Signs_June 2026\environmental\tc1490.pdf
25/06/2026 7:12:07 AM : Extracting : \\qpol-wnp022\Temp\TC Signs_June 2026\environmental\tc1580.pdf
25/06/2026 7:12:07 AM : Extracting : \\qpol-wnp022\Temp\TC Signs_June 2026\environmental\tc1602.pdf
25/06/2026 7:12:07 AM : Extracting : \\qpol-wnp022\Temp\TC Signs_June 2026\environmental\tc1609.pdf
25/06/2026 7:12:08 AM : Extracting : \\qpol-wnp022\Temp\TC Signs_June 2026\environmental\tc1614.pdf
25/06/2026 7:12:08 AM : Extracting : \\qpol-wnp022\Temp\TC Signs_June 2026\environmental\TC1622.pdf
25/06/2026 7:12:08 AM : Extracting : \\qpol-wnp022\Temp\TC Signs_June 2026\environmental\tc1661.pdf
25/06/2026 7:12:08 AM : Extracting : \\qpol-wnp022\Temp\TC Signs_June 2026\environmental\Tc1677.pdf
25/06/2026 7:12:08 AM : Extracting : \\qpol-wnp022\Temp\TC Signs_June 2026\environmental\tc1767.pdf
25/06/2026 7:12:09 AM : Extracting : \\qpol-wnp022\Temp\TC Signs_June 2026\environmental\tc1780.pdf
25/06/2026 7:12:09 AM : Extracting : \\qpol-wnp022\Temp\TC Signs_June 2026\environmental\TC1882.pdf
25/06/2026 7:12:09 AM : Extracting : \\qpol-wnp022\Temp\TC Signs_June 2026\environmental\TC1888.pdf
25/06/2026 7:12:09 AM : Extracting : \\qpol-wnp022\Temp\TC Signs_June 2026\environmental\Tc1893.pdf
25/06/2026 7:12:09 AM : Extracting : \\qpol-wnp022\Temp\TC Signs_June 2026\environmental\TC1995.pdf
25/06/2026 7:12:09 AM : Extracting : \\qpol-wnp022\Temp\TC Signs_June 2026\environmental\TC2050.pdf
25/06/2026 7:12:09 AM : Extracting : \\qpol-wnp022\Temp\TC Signs_June 2026\environmental\TC2088.pdf
25/06/2026 7:12:09 AM : Extracting : \\qpol-wnp022\Temp\TC Signs_June 2026\environmental\TC2305.pdf
25/06/2026 7:12:10 AM : Extracting : \\qpol-wnp022\Temp\TC Signs_June 2026\environmental\TC2369.pdf
25/06/2026 7:12:10 AM : Extracting : \\qpol-wnp022\Temp\TC Signs_June 2026\environmental\TC2370.pdf
25/06/2026 7:12:10 AM : Extracting : \\qpol-wnp022\Temp\TC Signs_June 2026\environmental\TC2373.pdf
25/06/2026 7:12:10 AM : Extracting : \\qpol-wnp022\Temp\TC Signs_June 2026\environmental\Tc9798.pdf
25/06/2026 7:12:10 AM : Extracting : \\qpol-wnp022\Temp\TC Signs_June 2026\event\ETM01.pdf
25/06/2026 7:12:10 AM : Extracting : \\qpol-wnp022\Temp\TC Signs_June 2026\event\ETM02.pdf
25/06/2026 7:12:11 AM : Extracting : \\qpol-wnp022\Temp\TC Signs_June 2026\event\ETM03.pdf
25/06/2026 7:12:11 AM : Extracting : \\qpol-wnp022\Temp\TC Signs_June 2026\event\ETM04.pdf
25/06/2026 7:12:11 AM : Extracting : \\qpol-wnp022\Temp\TC Signs_June 2026\event\ETM05.pdf
25/06/2026 7:12:11 AM : Extracting : \\qpol-wnp022\Temp\TC Signs_June 2026\event\ETM06.pdf
25/06/2026 7:12:11 AM : Extracting : \\qpol-wnp022\Temp\TC Signs_June 2026\event\ETM07.pdf
25/06/2026 7:12:12 AM : Extracting : \\qpol-wnp022\Temp\TC Signs_June 2026\event\ETM08.pdf
25/06/2026 7:12:12 AM : Extracting : \\qpol-wnp022\Temp\TC Signs_June 2026\event\ETM09.pdf
25/06/2026 7:12:12 AM : Extracting : \\qpol-wnp022\Temp\TC Signs_June 2026\event\ETM10.pdf
25/06/2026 7:12:12 AM : Extracting : \\qpol-wnp022\Temp\TC Signs_June 2026\event\ETM11.pdf
25/06/2026 7:12:12 AM : Extracting : \\qpol-wnp022\Temp\TC Signs_June 2026\event\ETM12.pdf
25/06/2026 7:12:13 AM : Extracting : \\qpol-wnp022\Temp\TC Signs_June 2026\event\ETM13.pdf
25/06/2026 7:12:13 AM : Extracting : \\qpol-wnp022\Temp\TC Signs_June 2026\event\ETM14.pdf
25/06/2026 7:12:13 AM : Extracting : \\qpol-wnp022\Temp\TC Signs_June 2026\flooding\tc1267.pdf
25/06/2026 7:12:13 AM : Extracting : \\qpol-wnp022\Temp\TC Signs_June 2026\flooding\tc1287.pdf
25/06/2026 7:12:13 AM : Extracting : \\qpol-wnp022\Temp\TC Signs_June 2026\flooding\tc1322.pdf
25/06/2026 7:12:13 AM : Extracting : \\qpol-wnp022\Temp\TC Signs_June 2026\flooding\tc1356.pdf
25/06/2026 7:12:13 AM : Extracting : \\qpol-wnp022\Temp\TC Signs_June 2026\flooding\Tc1518.pdf
25/06/2026 7:12:13 AM : Extracting : \\qpol-wnp022\Temp\TC Signs_June 2026\flooding\tc1762.pdf
25/06/2026 7:12:14 AM : Extracting : \\qpol-wnp022\Temp\TC Signs_June 2026\flooding\tc1768.pdf
25/06/2026 7:12:14 AM : Extracting : \\qpol-wnp022\Temp\TC Signs_June 2026\flooding\TC1806.pdf
25/06/2026 7:12:14 AM : Extracting : \\qpol-wnp022\Temp\TC Signs_June 2026\flooding\TC1832.pdf
25/06/2026 7:12:14 AM : Extracting : \\qpol-wnp022\Temp\TC Signs_June 2026\flooding\tc1835.pdf
25/06/2026 7:12:14 AM : Extracting : \\qpol-wnp022\Temp\TC Signs_June 2026\flooding\TC1895.pdf
25/06/2026 7:12:15 AM : Extracting : \\qpol-wnp022\Temp\TC Signs_June 2026\flooding\TC2086.pdf
25/06/2026 7:12:15 AM : Extracting : \\qpol-wnp022\Temp\TC Signs_June 2026\flooding\TC2087.pdf
25/06/2026 7:12:15 AM : Extracting : \\qpol-wnp022\Temp\TC Signs_June 2026\flooding\Tc9951.pdf
25/06/2026 7:12:15 AM : Extracting : \\qpol-wnp022\Temp\TC Signs_June 2026\help phones\tc1340.pdf
25/06/2026 7:12:15 AM : Extracting : \\qpol-wnp022\Temp\TC Signs_June 2026\help phones\tc1836.pdf
25/06/2026 7:12:16 AM : Extracting : \\qpol-wnp022\Temp\TC Signs_June 2026\help phones\TC1837.pdf
25/06/2026 7:12:16 AM : Extracting : \\qpol-wnp022\Temp\TC Signs_June 2026\help phones\TC2239.pdf
25/06/2026 7:12:16 AM : Extracting : \\qpol-wnp022\Temp\TC Signs_June 2026\help phones\tc9799.pdf
25/06/2026 7:12:16 AM : Extracting : \\qpol-wnp022\Temp\TC Signs_June 2026\intersections\tc1051.pdf
25/06/2026 7:12:16 AM : Extracting : \\qpol-wnp022\Temp\TC Signs_June 2026\intersections\tc1384.pdf
25/06/2026 7:12:16 AM : Extracting : \\qpol-wnp022\Temp\TC Signs_June 2026\intersections\tc1386.pdf
25/06/2026 7:12:16 AM : Extracting : \\qpol-wnp022\Temp\TC Signs_June 2026\intersections\Tc1412.pdf
25/06/2026 7:12:17 AM : Extracting : \\qpol-wnp022\Temp\TC Signs_June 2026\intersections\TC1648.pdf
25/06/2026 7:12:17 AM : Extracting : \\qpol-wnp022\Temp\TC Signs_June 2026\intersections\TC1737.pdf
25/06/2026 7:12:17 AM : Extracting : \\qpol-wnp022\Temp\TC Signs_June 2026\intersections\Tc1741.pdf
25/06/2026 7:12:17 AM : Extracting : \\qpol-wnp022\Temp\TC Signs_June 2026\intersections\TC1743.pdf
25/06/2026 7:12:17 AM : Extracting : \\qpol-wnp022\Temp\TC Signs_June 2026\intersections\TC1744.pdf
25/06/2026 7:12:17 AM : Extracting : \\qpol-wnp022\Temp\TC Signs_June 2026\intersections\tc1761.pdf
25/06/2026 7:12:18 AM : Extracting : \\qpol-wnp022\Temp\TC Signs_June 2026\intersections\TC2022.pdf
25/06/2026 7:12:18 AM : Extracting : \\qpol-wnp022\Temp\TC Signs_June 2026\intersections\TC2023.pdf
25/06/2026 7:12:18 AM : Extracting : \\qpol-wnp022\Temp\TC Signs_June 2026\intersections\TC2223.pdf
25/06/2026 7:12:18 AM : Extracting : \\qpol-wnp022\Temp\TC Signs_June 2026\intersections\TC2380.pdf
25/06/2026 7:12:18 AM : Extracting : \\qpol-wnp022\Temp\TC Signs_June 2026\intersections\tc9556.pdf
25/06/2026 7:12:18 AM : Extracting : \\qpol-wnp022\Temp\TC Signs_June 2026\intersections\u-turn facility\tc1355.pdf
25/06/2026 7:12:18 AM : Extracting : \\qpol-wnp022\Temp\TC Signs_June 2026\intersections\u-turn facility\TC2347.pdf
25/06/2026 7:12:18 AM : Extracting : \\qpol-wnp022\Temp\TC Signs_June 2026\intersections\u-turn facility\tc9634.pdf
25/06/2026 7:12:19 AM : Extracting : \\qpol-wnp022\Temp\TC Signs_June 2026\intersections\u-turn facility\tc9636.pdf
25/06/2026 7:12:19 AM : Extracting : \\qpol-wnp022\Temp\TC Signs_June 2026\Maritime\Boating Infrastructure\BI1000.pdf
25/06/2026 7:12:19 AM : Extracting : \\qpol-wnp022\Temp\TC Signs_June 2026\Maritime\Boating Infrastructure\BI1001.pdf
25/06/2026 7:12:20 AM : Extracting : \\qpol-wnp022\Temp\TC Signs_June 2026\Maritime\Boating Infrastructure\BI1002.pdf
25/06/2026 7:12:20 AM : Extracting : \\qpol-wnp022\Temp\TC Signs_June 2026\Maritime\Boating Infrastructure\BI1003.pdf
25/06/2026 7:12:20 AM : Extracting : \\qpol-wnp022\Temp\TC Signs_June 2026\Maritime\Boating Infrastructure\BI1004.pdf
25/06/2026 7:12:20 AM : Extracting : \\qpol-wnp022\Temp\TC Signs_June 2026\Maritime\Boating Infrastructure\BI1005.pdf
25/06/2026 7:12:20 AM : Extracting : \\qpol-wnp022\Temp\TC Signs_June 2026\Maritime\Boating Infrastructure\BI1006.pdf
25/06/2026 7:12:20 AM : Extracting : \\qpol-wnp022\Temp\TC Signs_June 2026\Maritime\Boating Infrastructure\BI1007.pdf
25/06/2026 7:12:20 AM : Extracting : \\qpol-wnp022\Temp\TC Signs_June 2026\Maritime\Boating Infrastructure\BI1008.pdf
25/06/2026 7:12:21 AM : Extracting : \\qpol-wnp022\Temp\TC Signs_June 2026\Maritime\Boating Infrastructure\BI1009.pdf
25/06/2026 7:12:21 AM : Extracting : \\qpol-wnp022\Temp\TC Signs_June 2026\Maritime\Boating Infrastructure\BI1010.pdf
25/06/2026 7:12:21 AM : Extracting : \\qpol-wnp022\Temp\TC Signs_June 2026\Maritime\Maritime Safety\MS1001.pdf
25/06/2026 7:12:21 AM : Extracting : \\qpol-wnp022\Temp\TC Signs_June 2026\Maritime\Maritime Safety\MS1002.pdf
25/06/2026 7:12:21 AM : Extracting : \\qpol-wnp022\Temp\TC Signs_June 2026\Maritime\Maritime Safety\MS1003.pdf
25/06/2026 7:12:21 AM : Extracting : \\qpol-wnp022\Temp\TC Signs_June 2026\Maritime\Maritime Safety\MS1004.pdf
25/06/2026 7:12:21 AM : Extracting : \\qpol-wnp022\Temp\TC Signs_June 2026\Maritime\Maritime Safety\MS1005.pdf
25/06/2026 7:12:22 AM : Extracting : \\qpol-wnp022\Temp\TC Signs_June 2026\Maritime\Maritime Safety\MS1006.pdf
25/06/2026 7:12:22 AM : Extracting : \\qpol-wnp022\Temp\TC Signs_June 2026\Maritime\Maritime Safety\MS1007.pdf
25/06/2026 7:12:22 AM : Extracting : \\qpol-wnp022\Temp\TC Signs_June 2026\Maritime\Maritime Safety\MS1008.pdf
25/06/2026 7:12:22 AM : Extracting : \\qpol-wnp022\Temp\TC Signs_June 2026\Maritime\Maritime Safety\MS1009.pdf
25/06/2026 7:12:22 AM : Extracting : \\qpol-wnp022\Temp\TC Signs_June 2026\Maritime\Maritime Safety\MS1010.pdf
25/06/2026 7:12:22 AM : Extracting : \\qpol-wnp022\Temp\TC Signs_June 2026\Maritime\Maritime Safety\MS1011.pdf
25/06/2026 7:12:23 AM : Extracting : \\qpol-wnp022\Temp\TC Signs_June 2026\Maritime\Maritime Safety\MS1012.pdf
25/06/2026 7:12:23 AM : Extracting : \\qpol-wnp022\Temp\TC Signs_June 2026\Maritime\Maritime Safety\MS1013.pdf
25/06/2026 7:12:23 AM : Extracting : \\qpol-wnp022\Temp\TC Signs_June 2026\Maritime\Maritime Safety\MS1014.pdf
25/06/2026 7:12:23 AM : Extracting : \\qpol-wnp022\Temp\TC Signs_June 2026\Maritime\Maritime Safety\MS1015.pdf
25/06/2026 7:12:23 AM : Extracting : \\qpol-wnp022\Temp\TC Signs_June 2026\Maritime\Maritime Safety\MS1016.pdf
25/06/2026 7:12:23 AM : Extracting : \\qpol-wnp022\Temp\TC Signs_June 2026\Maritime\Maritime Safety\MS1017.pdf
25/06/2026 7:12:23 AM : Extracting : \\qpol-wnp022\Temp\TC Signs_June 2026\Maritime\Maritime Safety\MS1018.pdf
25/06/2026 7:12:23 AM : Extracting : \\qpol-wnp022\Temp\TC Signs_June 2026\Maritime\Maritime Safety\MS1019.pdf
25/06/2026 7:12:24 AM : Extracting : \\qpol-wnp022\Temp\TC Signs_June 2026\Maritime\Maritime Safety\MS1020.pdf
25/06/2026 7:12:24 AM : Extracting : \\qpol-wnp022\Temp\TC Signs_June 2026\Maritime\Maritime Safety\MS1021.pdf
25/06/2026 7:12:24 AM : Extracting : \\qpol-wnp022\Temp\TC Signs_June 2026\Maritime\Maritime Safety\MS1022.pdf
25/06/2026 7:12:24 AM : Extracting : \\qpol-wnp022\Temp\TC Signs_June 2026\Maritime\Maritime Safety\MS1023.pdf
25/06/2026 7:12:24 AM : Extracting : \\qpol-wnp022\Temp\TC Signs_June 2026\motorcyclists\tc1372.pdf
25/06/2026 7:12:24 AM : Extracting : \\qpol-wnp022\Temp\TC Signs_June 2026\motorcyclists\tc1775.pdf
25/06/2026 7:12:24 AM : Extracting : \\qpol-wnp022\Temp\TC Signs_June 2026\motorcyclists\TC2097.pdf
25/06/2026 7:12:24 AM : Extracting : \\qpol-wnp022\Temp\TC Signs_June 2026\motorcyclists\TC2218.pdf
25/06/2026 7:12:24 AM : Extracting : \\qpol-wnp022\Temp\TC Signs_June 2026\motorcyclists\TC2219.pdf
25/06/2026 7:12:25 AM : Extracting : \\qpol-wnp022\Temp\TC Signs_June 2026\motorcyclists\tc9591.pdf
25/06/2026 7:12:25 AM : Extracting : \\qpol-wnp022\Temp\TC Signs_June 2026\motorcyclists\tc9592.pdf
25/06/2026 7:12:25 AM : Extracting : \\qpol-wnp022\Temp\TC Signs_June 2026\parking\tc1476.pdf
25/06/2026 7:12:25 AM : Extracting : \\qpol-wnp022\Temp\TC Signs_June 2026\parking\tc1763.pdf
25/06/2026 7:12:25 AM : Extracting : \\qpol-wnp022\Temp\TC Signs_June 2026\parking\TC1886.pdf
25/06/2026 7:12:25 AM : Extracting : \\qpol-wnp022\Temp\TC Signs_June 2026\parking\TC1889.pdf
25/06/2026 7:12:25 AM : Extracting : \\qpol-wnp022\Temp\TC Signs_June 2026\parking\TC1904.pdf
25/06/2026 7:12:26 AM : Extracting : \\qpol-wnp022\Temp\TC Signs_June 2026\parking\TC1987.pdf
25/06/2026 7:12:26 AM : Extracting : \\qpol-wnp022\Temp\TC Signs_June 2026\parking\TC2094.pdf
25/06/2026 7:12:26 AM : Extracting : \\qpol-wnp022\Temp\TC Signs_June 2026\parking\TC2109.pdf
25/06/2026 7:12:26 AM : Extracting : \\qpol-wnp022\Temp\TC Signs_June 2026\parking\Tc2231.pdf
25/06/2026 7:12:26 AM : Extracting : \\qpol-wnp022\Temp\TC Signs_June 2026\parking\TC2236.pdf
25/06/2026 7:12:26 AM : Extracting : \\qpol-wnp022\Temp\TC Signs_June 2026\parking\TC2319.pdf
25/06/2026 7:12:27 AM : Extracting : \\qpol-wnp022\Temp\TC Signs_June 2026\pedestrians\tc1010.pdf
25/06/2026 7:12:27 AM : Extracting : \\qpol-wnp022\Temp\TC Signs_June 2026\pedestrians\tc1037.pdf
25/06/2026 7:12:27 AM : Extracting : \\qpol-wnp022\Temp\TC Signs_June 2026\pedestrians\Tc1050.pdf
25/06/2026 7:12:27 AM : Extracting : \\qpol-wnp022\Temp\TC Signs_June 2026\pedestrians\tc1288.pdf
25/06/2026 7:12:27 AM : Extracting : \\qpol-wnp022\Temp\TC Signs_June 2026\pedestrians\Tc1301.pdf
25/06/2026 7:12:27 AM : Extracting : \\qpol-wnp022\Temp\TC Signs_June 2026\pedestrians\Tc1302.pdf
25/06/2026 7:12:27 AM : Extracting : \\qpol-wnp022\Temp\TC Signs_June 2026\pedestrians\tc1471.pdf
25/06/2026 7:12:27 AM : Extracting : \\qpol-wnp022\Temp\TC Signs_June 2026\pedestrians\tc1578.pdf
25/06/2026 7:12:27 AM : Extracting : \\qpol-wnp022\Temp\TC Signs_June 2026\pedestrians\TC1731.pdf
25/06/2026 7:12:28 AM : Extracting : \\qpol-wnp022\Temp\TC Signs_June 2026\pedestrians\tc1838.pdf
25/06/2026 7:12:28 AM : Extracting : \\qpol-wnp022\Temp\TC Signs_June 2026\pedestrians\tc1839.pdf
25/06/2026 7:12:28 AM : Extracting : \\qpol-wnp022\Temp\TC Signs_June 2026\pedestrians\TC1916.pdf
25/06/2026 7:12:28 AM : Extracting : \\qpol-wnp022\Temp\TC Signs_June 2026\pedestrians\TC2377.pdf
25/06/2026 7:12:28 AM : Extracting : \\qpol-wnp022\Temp\TC Signs_June 2026\pedestrians\TC9867.pdf
25/06/2026 7:12:28 AM : Extracting : \\qpol-wnp022\Temp\TC Signs_June 2026\prohibition\tc1038.pdf
25/06/2026 7:12:29 AM : Extracting : \\qpol-wnp022\Temp\TC Signs_June 2026\prohibition\Tc1050.pdf
25/06/2026 7:12:29 AM : Extracting : \\qpol-wnp022\Temp\TC Signs_June 2026\prohibition\tc1387.pdf
25/06/2026 7:12:29 AM : Extracting : \\qpol-wnp022\Temp\TC Signs_June 2026\prohibition\tc1481.pdf
25/06/2026 7:12:29 AM : Extracting : \\qpol-wnp022\Temp\TC Signs_June 2026\prohibition\tc1540.pdf
25/06/2026 7:12:29 AM : Extracting : \\qpol-wnp022\Temp\TC Signs_June 2026\prohibition\TC1781.pdf
25/06/2026 7:12:29 AM : Extracting : \\qpol-wnp022\Temp\TC Signs_June 2026\prohibition\TC1854.pdf
25/06/2026 7:12:29 AM : Extracting : \\qpol-wnp022\Temp\TC Signs_June 2026\prohibition\TC1887.pdf
25/06/2026 7:12:29 AM : Extracting : \\qpol-wnp022\Temp\TC Signs_June 2026\prohibition\TC1923.pdf
25/06/2026 7:12:30 AM : Extracting : \\qpol-wnp022\Temp\TC Signs_June 2026\prohibition\TC2247.pdf
25/06/2026 7:12:30 AM : Extracting : \\qpol-wnp022\Temp\TC Signs_June 2026\prohibition\Tc2345.pdf
25/06/2026 7:12:30 AM : Extracting : \\qpol-wnp022\Temp\TC Signs_June 2026\prohibition\tc9264.pdf
25/06/2026 7:12:30 AM : Extracting : \\qpol-wnp022\Temp\TC Signs_June 2026\prohibition\tc9662.pdf
25/06/2026 7:12:30 AM : Extracting : \\qpol-wnp022\Temp\TC Signs_June 2026\prohibition\tc9868.pdf
25/06/2026 7:12:30 AM : Extracting : \\qpol-wnp022\Temp\TC Signs_June 2026\prohibition\TC9998.pdf
25/06/2026 7:12:30 AM : Extracting : \\qpol-wnp022\Temp\TC Signs_June 2026\project\PS001.pdf
25/06/2026 7:12:30 AM : Extracting : \\qpol-wnp022\Temp\TC Signs_June 2026\project\tc1240.pdf
25/06/2026 7:12:31 AM : Extracting : \\qpol-wnp022\Temp\TC Signs_June 2026\project\tc1842.pdf
25/06/2026 7:12:31 AM : Extracting : \\qpol-wnp022\Temp\TC Signs_June 2026\project\TC2076.pdf
25/06/2026 7:12:31 AM : Extracting : \\qpol-wnp022\Temp\TC Signs_June 2026\project\TC2077.pdf
25/06/2026 7:12:31 AM : Extracting : \\qpol-wnp022\Temp\TC Signs_June 2026\project\TC2080.pdf
25/06/2026 7:12:32 AM : Extracting : \\qpol-wnp022\Temp\TC Signs_June 2026\project\TC2209.pdf
25/06/2026 7:12:32 AM : Extracting : \\qpol-wnp022\Temp\TC Signs_June 2026\project\TC2211.pdf
25/06/2026 7:12:32 AM : Extracting : \\qpol-wnp022\Temp\TC Signs_June 2026\project\TC2314.pdf
25/06/2026 7:12:32 AM : Extracting : \\qpol-wnp022\Temp\TC Signs_June 2026\project\TC2349.pdf
25/06/2026 7:12:32 AM : Extracting : \\qpol-wnp022\Temp\TC Signs_June 2026\project\TC2359.pdf
25/06/2026 7:12:32 AM : Extracting : \\qpol-wnp022\Temp\TC Signs_June 2026\project\TC2376.pdf
25/06/2026 7:12:33 AM : Extracting : \\qpol-wnp022\Temp\TC Signs_June 2026\project\Tc9800.pdf
25/06/2026 7:12:33 AM : Extracting : \\qpol-wnp022\Temp\TC Signs_June 2026\project\tc9898.pdf
25/06/2026 7:12:33 AM : Extracting : \\qpol-wnp022\Temp\TC Signs_June 2026\project\tc9900.pdf
25/06/2026 7:12:33 AM : Extracting : \\qpol-wnp022\Temp\TC Signs_June 2026\public transport\tc1007.pdf
25/06/2026 7:12:33 AM : Extracting : \\qpol-wnp022\Temp\TC Signs_June 2026\public transport\TC2243.pdf
25/06/2026 7:12:33 AM : Extracting : \\qpol-wnp022\Temp\TC Signs_June 2026\public transport\tc9270.pdf
25/06/2026 7:12:34 AM : Extracting : \\qpol-wnp022\Temp\TC Signs_June 2026\qld govt logo\tc1233.pdf
25/06/2026 7:12:34 AM : Extracting : \\qpol-wnp022\Temp\TC Signs_June 2026\railway level crossings\tc1574.pdf
25/06/2026 7:12:34 AM : Extracting : \\qpol-wnp022\Temp\TC Signs_June 2026\railway level crossings\Tc1747.pdf
25/06/2026 7:12:34 AM : Extracting : \\qpol-wnp022\Temp\TC Signs_June 2026\railway level crossings\tc1756.pdf
25/06/2026 7:12:35 AM : Extracting : \\qpol-wnp022\Temp\TC Signs_June 2026\railway level crossings\TC2092.pdf
25/06/2026 7:12:35 AM : Extracting : \\qpol-wnp022\Temp\TC Signs_June 2026\rest area, driver reviver & fatigue\tc1279.pdf
25/06/2026 7:12:35 AM : Extracting : \\qpol-wnp022\Temp\TC Signs_June 2026\rest area, driver reviver & fatigue\tc1309.pdf
25/06/2026 7:12:35 AM : Extracting : \\qpol-wnp022\Temp\TC Signs_June 2026\rest area, driver reviver & fatigue\tc1423.pdf
25/06/2026 7:12:35 AM : Extracting : \\qpol-wnp022\Temp\TC Signs_June 2026\rest area, driver reviver & fatigue\tc1455.pdf
25/06/2026 7:12:35 AM : Extracting : \\qpol-wnp022\Temp\TC Signs_June 2026\rest area, driver reviver & fatigue\tc1534.pdf
25/06/2026 7:12:35 AM : Extracting : \\qpol-wnp022\Temp\TC Signs_June 2026\rest area, driver reviver & fatigue\tc1535.pdf
25/06/2026 7:12:35 AM : Extracting : \\qpol-wnp022\Temp\TC Signs_June 2026\rest area, driver reviver & fatigue\tc1536.pdf
25/06/2026 7:12:36 AM : Extracting : \\qpol-wnp022\Temp\TC Signs_June 2026\rest area, driver reviver & fatigue\tc1537.pdf
25/06/2026 7:12:36 AM : Extracting : \\qpol-wnp022\Temp\TC Signs_June 2026\rest area, driver reviver & fatigue\tc1560.pdf
25/06/2026 7:12:36 AM : Extracting : \\qpol-wnp022\Temp\TC Signs_June 2026\rest area, driver reviver & fatigue\tc1561.pdf
25/06/2026 7:12:36 AM : Extracting : \\qpol-wnp022\Temp\TC Signs_June 2026\rest area, driver reviver & fatigue\tc1577.pdf
25/06/2026 7:12:36 AM : Extracting : \\qpol-wnp022\Temp\TC Signs_June 2026\rest area, driver reviver & fatigue\TC1603.pdf
25/06/2026 7:12:36 AM : Extracting : \\qpol-wnp022\Temp\TC Signs_June 2026\rest area, driver reviver & fatigue\TC1853.pdf
25/06/2026 7:12:37 AM : Extracting : \\qpol-wnp022\Temp\TC Signs_June 2026\rest area, driver reviver & fatigue\TC1891.pdf
25/06/2026 7:12:37 AM : Extracting : \\qpol-wnp022\Temp\TC Signs_June 2026\rest area, driver reviver & fatigue\TC2252.pdf
25/06/2026 7:12:37 AM : Extracting : \\qpol-wnp022\Temp\TC Signs_June 2026\rest area, driver reviver & fatigue\tc9511.pdf
25/06/2026 7:12:37 AM : Extracting : \\qpol-wnp022\Temp\TC Signs_June 2026\rest area, driver reviver & fatigue\TC9512.pdf
25/06/2026 7:12:37 AM : Extracting : \\qpol-wnp022\Temp\TC Signs_June 2026\rest area, driver reviver & fatigue\tc9612 link to G9-Q05 to rest area.pdf
25/06/2026 7:12:38 AM : Extracting : \\qpol-wnp022\Temp\TC Signs_June 2026\road conditions\Tc1073.pdf
25/06/2026 7:12:38 AM : Extracting : \\qpol-wnp022\Temp\TC Signs_June 2026\road conditions\Tc1074.pdf
25/06/2026 7:12:38 AM : Extracting : \\qpol-wnp022\Temp\TC Signs_June 2026\road conditions\tc1575.pdf
25/06/2026 7:12:38 AM : Extracting : \\qpol-wnp022\Temp\TC Signs_June 2026\road conditions\TC1709.pdf
25/06/2026 7:12:38 AM : Extracting : \\qpol-wnp022\Temp\TC Signs_June 2026\road conditions\tc1774.pdf
25/06/2026 7:12:39 AM : Extracting : \\qpol-wnp022\Temp\TC Signs_June 2026\road conditions\TC1802.pdf
25/06/2026 7:12:39 AM : Extracting : \\qpol-wnp022\Temp\TC Signs_June 2026\road conditions\TC2250.pdf
25/06/2026 7:12:39 AM : Extracting : \\qpol-wnp022\Temp\TC Signs_June 2026\road conditions\TC2258.pdf
25/06/2026 7:12:40 AM : Extracting : \\qpol-wnp022\Temp\TC Signs_June 2026\road safety\Tc1152.pdf
25/06/2026 7:12:40 AM : Extracting : \\qpol-wnp022\Temp\TC Signs_June 2026\road safety\tc1375.pdf
25/06/2026 7:12:40 AM : Extracting : \\qpol-wnp022\Temp\TC Signs_June 2026\road safety\tc1513.pdf
25/06/2026 7:12:40 AM : Extracting : \\qpol-wnp022\Temp\TC Signs_June 2026\road safety\TC1624.pdf
25/06/2026 7:12:40 AM : Extracting : \\qpol-wnp022\Temp\TC Signs_June 2026\road safety\TC1723.pdf
25/06/2026 7:12:40 AM : Extracting : \\qpol-wnp022\Temp\TC Signs_June 2026\road safety\TC1733.pdf
25/06/2026 7:12:40 AM : Extracting : \\qpol-wnp022\Temp\TC Signs_June 2026\road safety\tc1776.pdf
25/06/2026 7:12:41 AM : Extracting : \\qpol-wnp022\Temp\TC Signs_June 2026\road safety\TC1936.pdf
25/06/2026 7:12:41 AM : Extracting : \\qpol-wnp022\Temp\TC Signs_June 2026\road safety\TC2310.pdf
25/06/2026 7:12:41 AM : Extracting : \\qpol-wnp022\Temp\TC Signs_June 2026\road safety\TC2311.pdf
25/06/2026 7:12:41 AM : Extracting : \\qpol-wnp022\Temp\TC Signs_June 2026\road safety\TC9472.pdf
25/06/2026 7:12:42 AM : Extracting : \\qpol-wnp022\Temp\TC Signs_June 2026\road trains & oversized vehicles\tc1210.pdf
25/06/2026 7:12:42 AM : Extracting : \\qpol-wnp022\Temp\TC Signs_June 2026\road trains & oversized vehicles\tc1229.pdf
25/06/2026 7:12:42 AM : Extracting : \\qpol-wnp022\Temp\TC Signs_June 2026\road trains & oversized vehicles\tc1258.pdf
25/06/2026 7:12:42 AM : Extracting : \\qpol-wnp022\Temp\TC Signs_June 2026\road trains & oversized vehicles\tc1370.pdf
25/06/2026 7:12:42 AM : Extracting : \\qpol-wnp022\Temp\TC Signs_June 2026\road trains & oversized vehicles\Tc1420.pdf
25/06/2026 7:12:42 AM : Extracting : \\qpol-wnp022\Temp\TC Signs_June 2026\road trains & oversized vehicles\tc1543.pdf
25/06/2026 7:12:42 AM : Extracting : \\qpol-wnp022\Temp\TC Signs_June 2026\road trains & oversized vehicles\TC1654.pdf
25/06/2026 7:12:43 AM : Extracting : \\qpol-wnp022\Temp\TC Signs_June 2026\road trains & oversized vehicles\tc1767.pdf
25/06/2026 7:12:43 AM : Extracting : \\qpol-wnp022\Temp\TC Signs_June 2026\road trains & oversized vehicles\TC1794.pdf
25/06/2026 7:12:43 AM : Extracting : \\qpol-wnp022\Temp\TC Signs_June 2026\road trains & oversized vehicles\TC1905.pdf
25/06/2026 7:12:43 AM : Extracting : \\qpol-wnp022\Temp\TC Signs_June 2026\road trains & oversized vehicles\TC1908.pdf
25/06/2026 7:12:43 AM : Extracting : \\qpol-wnp022\Temp\TC Signs_June 2026\road trains & oversized vehicles\TC1977.pdf
25/06/2026 7:12:43 AM : Extracting : \\qpol-wnp022\Temp\TC Signs_June 2026\road trains & oversized vehicles\TC2201.pdf
25/06/2026 7:12:44 AM : Extracting : \\qpol-wnp022\Temp\TC Signs_June 2026\road trains & oversized vehicles\TC2202.pdf
25/06/2026 7:12:44 AM : Extracting : \\qpol-wnp022\Temp\TC Signs_June 2026\road trains & oversized vehicles\TC2203.pdf
25/06/2026 7:12:44 AM : Extracting : \\qpol-wnp022\Temp\TC Signs_June 2026\road trains & oversized vehicles\tc2971.pdf
25/06/2026 7:12:44 AM : Extracting : \\qpol-wnp022\Temp\TC Signs_June 2026\road trains & oversized vehicles\tc9460.pdf
25/06/2026 7:12:44 AM : Extracting : \\qpol-wnp022\Temp\TC Signs_June 2026\road trains & oversized vehicles\tc9466.pdf
25/06/2026 7:12:44 AM : Extracting : \\qpol-wnp022\Temp\TC Signs_June 2026\road trains & oversized vehicles\tc9491.pdf
25/06/2026 7:12:44 AM : Extracting : \\qpol-wnp022\Temp\TC Signs_June 2026\road trains & oversized vehicles\tc9780.pdf
25/06/2026 7:12:44 AM : Extracting : \\qpol-wnp022\Temp\TC Signs_June 2026\road trains & oversized vehicles\tc9781.pdf
25/06/2026 7:12:44 AM : Extracting : \\qpol-wnp022\Temp\TC Signs_June 2026\road trains & oversized vehicles\tc9846.pdf
25/06/2026 7:12:45 AM : Extracting : \\qpol-wnp022\Temp\TC Signs_June 2026\road trains & oversized vehicles\tc9847.pdf
25/06/2026 7:12:45 AM : Extracting : \\qpol-wnp022\Temp\TC Signs_June 2026\road trains & oversized vehicles\tc9884.pdf
25/06/2026 7:12:45 AM : Extracting : \\qpol-wnp022\Temp\TC Signs_June 2026\road trains & oversized vehicles\tc9927.pdf
25/06/2026 7:12:45 AM : Extracting : \\qpol-wnp022\Temp\TC Signs_June 2026\road trains & oversized vehicles\tc9971.pdf
25/06/2026 7:12:45 AM : Extracting : \\qpol-wnp022\Temp\TC Signs_June 2026\road trains & oversized vehicles\tc9972.pdf
25/06/2026 7:12:45 AM : Extracting : \\qpol-wnp022\Temp\TC Signs_June 2026\roadworks\busway\tc1316.pdf
25/06/2026 7:12:45 AM : Extracting : \\qpol-wnp022\Temp\TC Signs_June 2026\roadworks\busway\tc1317.pdf
25/06/2026 7:12:45 AM : Extracting : \\qpol-wnp022\Temp\TC Signs_June 2026\roadworks\electronic\TC1944.pdf
25/06/2026 7:12:46 AM : Extracting : \\qpol-wnp022\Temp\TC Signs_June 2026\roadworks\electronic\TC2283.pdf
25/06/2026 7:12:46 AM : Extracting : \\qpol-wnp022\Temp\TC Signs_June 2026\roadworks\electronic\TC2284.pdf
25/06/2026 7:12:46 AM : Extracting : \\qpol-wnp022\Temp\TC Signs_June 2026\roadworks\enforcement\tc1594.pdf
25/06/2026 7:12:46 AM : Extracting : \\qpol-wnp022\Temp\TC Signs_June 2026\roadworks\enforcement\TC2320.pdf
25/06/2026 7:12:46 AM : Extracting : \\qpol-wnp022\Temp\TC Signs_June 2026\roadworks\enforcement\Tc9715.pdf
25/06/2026 7:12:46 AM : Extracting : \\qpol-wnp022\Temp\TC Signs_June 2026\roadworks\high impact\TC2057.pdf
25/06/2026 7:12:47 AM : Extracting : \\qpol-wnp022\Temp\TC Signs_June 2026\roadworks\high impact\TC2058.pdf
25/06/2026 7:12:47 AM : Extracting : \\qpol-wnp022\Temp\TC Signs_June 2026\roadworks\high impact\TC2060.pdf
25/06/2026 7:12:47 AM : Extracting : \\qpol-wnp022\Temp\TC Signs_June 2026\roadworks\high impact\TC2061.pdf
25/06/2026 7:12:47 AM : Extracting : \\qpol-wnp022\Temp\TC Signs_June 2026\roadworks\high impact\TC2062.pdf
25/06/2026 7:12:47 AM : Extracting : \\qpol-wnp022\Temp\TC Signs_June 2026\roadworks\high impact\TC2063.pdf
25/06/2026 7:12:47 AM : Extracting : \\qpol-wnp022\Temp\TC Signs_June 2026\roadworks\high impact\TC2281.pdf
25/06/2026 7:12:47 AM : Extracting : \\qpol-wnp022\Temp\TC Signs_June 2026\roadworks\multi-message plates\Tc1112.pdf
25/06/2026 7:12:47 AM : Extracting : \\qpol-wnp022\Temp\TC Signs_June 2026\roadworks\multi-message plates\tc1161.pdf
25/06/2026 7:12:48 AM : Extracting : \\qpol-wnp022\Temp\TC Signs_June 2026\roadworks\multi-message plates\tc1163.pdf
25/06/2026 7:12:48 AM : Extracting : \\qpol-wnp022\Temp\TC Signs_June 2026\roadworks\multi-message plates\tc1167.pdf
25/06/2026 7:12:48 AM : Extracting : \\qpol-wnp022\Temp\TC Signs_June 2026\roadworks\multi-message plates\tc1169.pdf
25/06/2026 7:12:48 AM : Extracting : \\qpol-wnp022\Temp\TC Signs_June 2026\roadworks\multi-message plates\tc1173.pdf
25/06/2026 7:12:48 AM : Extracting : \\qpol-wnp022\Temp\TC Signs_June 2026\roadworks\multi-message plates\tc1179.pdf
25/06/2026 7:12:48 AM : Extracting : \\qpol-wnp022\Temp\TC Signs_June 2026\roadworks\multi-message plates\tc1362.pdf
25/06/2026 7:12:48 AM : Extracting : \\qpol-wnp022\Temp\TC Signs_June 2026\roadworks\multi-message plates\TC1789.pdf
25/06/2026 7:12:48 AM : Extracting : \\qpol-wnp022\Temp\TC Signs_June 2026\roadworks\multi-message plates\TC2051.pdf
25/06/2026 7:12:49 AM : Extracting : \\qpol-wnp022\Temp\TC Signs_June 2026\roadworks\multi-message plates\TC2361.pdf
25/06/2026 7:12:49 AM : Extracting : \\qpol-wnp022\Temp\TC Signs_June 2026\roadworks\multi-message plates\TC2362.pdf
25/06/2026 7:12:49 AM : Extracting : \\qpol-wnp022\Temp\TC Signs_June 2026\roadworks\multi-message plates\TC2379.pdf
25/06/2026 7:12:49 AM : Extracting : \\qpol-wnp022\Temp\TC Signs_June 2026\roadworks\multi-message plates\Tc9914.pdf
25/06/2026 7:12:49 AM : Extracting : \\qpol-wnp022\Temp\TC Signs_June 2026\roadworks\multi-message plates\TM5-5A.pdf
25/06/2026 7:12:49 AM : Extracting : \\qpol-wnp022\Temp\TC Signs_June 2026\roadworks\multi-message plates\TM8-4C.pdf
25/06/2026 7:12:49 AM : Extracting : \\qpol-wnp022\Temp\TC Signs_June 2026\roadworks\tc1333.pdf
25/06/2026 7:12:49 AM : Extracting : \\qpol-wnp022\Temp\TC Signs_June 2026\roadworks\TC1713.pdf
25/06/2026 7:12:50 AM : Extracting : \\qpol-wnp022\Temp\TC Signs_June 2026\roadworks\TC1858.pdf
25/06/2026 7:12:50 AM : Extracting : \\qpol-wnp022\Temp\TC Signs_June 2026\roadworks\TC1859.pdf
25/06/2026 7:12:50 AM : Extracting : \\qpol-wnp022\Temp\TC Signs_June 2026\roadworks\TC1985.pdf
25/06/2026 7:12:50 AM : Extracting : \\qpol-wnp022\Temp\TC Signs_June 2026\roadworks\TC2085.pdf
25/06/2026 7:12:50 AM : Extracting : \\qpol-wnp022\Temp\TC Signs_June 2026\roadworks\TC2356.pdf
25/06/2026 7:12:50 AM : Extracting : \\qpol-wnp022\Temp\TC Signs_June 2026\roadworks\TC2365.pdf
25/06/2026 7:12:50 AM : Extracting : \\qpol-wnp022\Temp\TC Signs_June 2026\roadworks\TC2366.pdf
25/06/2026 7:12:51 AM : Extracting : \\qpol-wnp022\Temp\TC Signs_June 2026\roadworks\TC2367.pdf
25/06/2026 7:12:51 AM : Extracting : \\qpol-wnp022\Temp\TC Signs_June 2026\roadworks\temporary\TC1025.pdf
25/06/2026 7:12:51 AM : Extracting : \\qpol-wnp022\Temp\TC Signs_June 2026\roadworks\temporary\tc1107.pdf
25/06/2026 7:12:51 AM : Extracting : \\qpol-wnp022\Temp\TC Signs_June 2026\roadworks\temporary\tc1162.pdf
25/06/2026 7:12:51 AM : Extracting : \\qpol-wnp022\Temp\TC Signs_June 2026\roadworks\temporary\tc1191.pdf
25/06/2026 7:12:51 AM : Extracting : \\qpol-wnp022\Temp\TC Signs_June 2026\roadworks\temporary\tc1236.pdf
25/06/2026 7:12:51 AM : Extracting : \\qpol-wnp022\Temp\TC Signs_June 2026\roadworks\temporary\tc1256.pdf
25/06/2026 7:12:51 AM : Extracting : \\qpol-wnp022\Temp\TC Signs_June 2026\roadworks\temporary\tc1265.pdf
25/06/2026 7:12:52 AM : Extracting : \\qpol-wnp022\Temp\TC Signs_June 2026\roadworks\temporary\tc1290.pdf
25/06/2026 7:12:52 AM : Extracting : \\qpol-wnp022\Temp\TC Signs_June 2026\roadworks\temporary\tc1291.pdf
25/06/2026 7:12:52 AM : Extracting : \\qpol-wnp022\Temp\TC Signs_June 2026\roadworks\temporary\tc1424.pdf
25/06/2026 7:12:52 AM : Extracting : \\qpol-wnp022\Temp\TC Signs_June 2026\roadworks\temporary\TC1468.pdf
25/06/2026 7:12:52 AM : Extracting : \\qpol-wnp022\Temp\TC Signs_June 2026\roadworks\temporary\tc1469.pdf
25/06/2026 7:12:52 AM : Extracting : \\qpol-wnp022\Temp\TC Signs_June 2026\roadworks\temporary\tc1502.pdf
25/06/2026 7:12:52 AM : Extracting : \\qpol-wnp022\Temp\TC Signs_June 2026\roadworks\temporary\Tc1521.pdf
25/06/2026 7:12:52 AM : Extracting : \\qpol-wnp022\Temp\TC Signs_June 2026\roadworks\temporary\Tc1523.pdf
25/06/2026 7:12:52 AM : Extracting : \\qpol-wnp022\Temp\TC Signs_June 2026\roadworks\temporary\Tc1524.pdf
25/06/2026 7:12:53 AM : Extracting : \\qpol-wnp022\Temp\TC Signs_June 2026\roadworks\temporary\TC1639.pdf
25/06/2026 7:12:53 AM : Extracting : \\qpol-wnp022\Temp\TC Signs_June 2026\roadworks\temporary\TC1649.pdf
25/06/2026 7:12:53 AM : Extracting : \\qpol-wnp022\Temp\TC Signs_June 2026\roadworks\temporary\TC1651.pdf
25/06/2026 7:12:53 AM : Extracting : \\qpol-wnp022\Temp\TC Signs_June 2026\roadworks\temporary\TC1666.pdf
25/06/2026 7:12:53 AM : Extracting : \\qpol-wnp022\Temp\TC Signs_June 2026\roadworks\temporary\TC1693.pdf
25/06/2026 7:12:53 AM : Extracting : \\qpol-wnp022\Temp\TC Signs_June 2026\roadworks\temporary\TC1710.pdf
25/06/2026 7:12:53 AM : Extracting : \\qpol-wnp022\Temp\TC Signs_June 2026\roadworks\temporary\TC1829.pdf
25/06/2026 7:12:54 AM : Extracting : \\qpol-wnp022\Temp\TC Signs_June 2026\roadworks\temporary\Tc1964.pdf
25/06/2026 7:12:54 AM : Extracting : \\qpol-wnp022\Temp\TC Signs_June 2026\roadworks\temporary\TC1982.pdf
25/06/2026 7:12:54 AM : Extracting : \\qpol-wnp022\Temp\TC Signs_June 2026\roadworks\temporary\TC1992.pdf
25/06/2026 7:12:54 AM : Extracting : \\qpol-wnp022\Temp\TC Signs_June 2026\roadworks\temporary\TC2052.pdf
25/06/2026 7:12:54 AM : Extracting : \\qpol-wnp022\Temp\TC Signs_June 2026\roadworks\temporary\TC2053.pdf
25/06/2026 7:12:54 AM : Extracting : \\qpol-wnp022\Temp\TC Signs_June 2026\roadworks\temporary\TC2054.pdf
25/06/2026 7:12:54 AM : Extracting : \\qpol-wnp022\Temp\TC Signs_June 2026\roadworks\temporary\TC2084.pdf
25/06/2026 7:12:54 AM : Extracting : \\qpol-wnp022\Temp\TC Signs_June 2026\roadworks\temporary\TC2212.pdf
25/06/2026 7:12:54 AM : Extracting : \\qpol-wnp022\Temp\TC Signs_June 2026\roadworks\temporary\TC2238.pdf
25/06/2026 7:12:55 AM : Extracting : \\qpol-wnp022\Temp\TC Signs_June 2026\roadworks\temporary\TC2295.pdf
25/06/2026 7:12:55 AM : Extracting : \\qpol-wnp022\Temp\TC Signs_June 2026\roadworks\temporary\Tc2760.pdf
25/06/2026 7:12:55 AM : Extracting : \\qpol-wnp022\Temp\TC Signs_June 2026\roadworks\temporary\Tc9200.pdf
25/06/2026 7:12:55 AM : Extracting : \\qpol-wnp022\Temp\TC Signs_June 2026\roadworks\temporary\tc9503.pdf
25/06/2026 7:12:55 AM : Extracting : \\qpol-wnp022\Temp\TC Signs_June 2026\roadworks\temporary\tc9661.pdf
25/06/2026 7:12:55 AM : Extracting : \\qpol-wnp022\Temp\TC Signs_June 2026\roadworks\temporary\Tc9755.pdf
25/06/2026 7:12:55 AM : Extracting : \\qpol-wnp022\Temp\TC Signs_June 2026\roadworks\temporary\tc9763.pdf
25/06/2026 7:12:56 AM : Extracting : \\qpol-wnp022\Temp\TC Signs_June 2026\roadworks\temporary\tc9764.pdf
25/06/2026 7:12:56 AM : Extracting : \\qpol-wnp022\Temp\TC Signs_June 2026\roadworks\temporary\tc9765.pdf
25/06/2026 7:12:56 AM : Extracting : \\qpol-wnp022\Temp\TC Signs_June 2026\roadworks\temporary\tc9766.pdf
25/06/2026 7:12:56 AM : Extracting : \\qpol-wnp022\Temp\TC Signs_June 2026\roadworks\temporary\tc9767.pdf
25/06/2026 7:12:56 AM : Extracting : \\qpol-wnp022\Temp\TC Signs_June 2026\roadworks\temporary\tc9768.pdf
25/06/2026 7:12:56 AM : Extracting : \\qpol-wnp022\Temp\TC Signs_June 2026\roadworks\temporary\tc9771.pdf
25/06/2026 7:12:56 AM : Extracting : \\qpol-wnp022\Temp\TC Signs_June 2026\roadworks\temporary\tc9805.pdf
25/06/2026 7:12:56 AM : Extracting : \\qpol-wnp022\Temp\TC Signs_June 2026\roadworks\temporary\tc9806.pdf
25/06/2026 7:12:57 AM : Extracting : \\qpol-wnp022\Temp\TC Signs_June 2026\roadworks\temporary\tc9829.pdf
25/06/2026 7:12:57 AM : Extracting : \\qpol-wnp022\Temp\TC Signs_June 2026\roadworks\temporary\tc9831.pdf
25/06/2026 7:12:57 AM : Extracting : \\qpol-wnp022\Temp\TC Signs_June 2026\roadworks\temporary\tc9840.pdf
25/06/2026 7:12:57 AM : Extracting : \\qpol-wnp022\Temp\TC Signs_June 2026\roadworks\temporary\Tc9903.pdf
25/06/2026 7:12:57 AM : Extracting : \\qpol-wnp022\Temp\TC Signs_June 2026\roadworks\temporary\tc9904.pdf
25/06/2026 7:12:57 AM : Extracting : \\qpol-wnp022\Temp\TC Signs_June 2026\roadworks\temporary\tc9906.pdf
25/06/2026 7:12:57 AM : Extracting : \\qpol-wnp022\Temp\TC Signs_June 2026\roadworks\temporary\Tc9914.pdf
25/06/2026 7:12:58 AM : Extracting : \\qpol-wnp022\Temp\TC Signs_June 2026\roadworks\temporary\Tc9915.pdf
25/06/2026 7:12:58 AM : Extracting : \\qpol-wnp022\Temp\TC Signs_June 2026\roadworks\temporary\tc9940.pdf
25/06/2026 7:12:58 AM : Extracting : \\qpol-wnp022\Temp\TC Signs_June 2026\roadworks\temporary\tc9992.pdf
25/06/2026 7:12:58 AM : Extracting : \\qpol-wnp022\Temp\TC Signs_June 2026\roadworks\temporary\tc9993.pdf
25/06/2026 7:12:58 AM : Extracting : \\qpol-wnp022\Temp\TC Signs_June 2026\roadworks\temporary\Tc9994.pdf
25/06/2026 7:12:58 AM : Extracting : \\qpol-wnp022\Temp\TC Signs_June 2026\roadworks\temporary\Tc9995.pdf
25/06/2026 7:12:58 AM : Extracting : \\qpol-wnp022\Temp\TC Signs_June 2026\route & identification markers\tc1329.pdf
25/06/2026 7:12:58 AM : Extracting : \\qpol-wnp022\Temp\TC Signs_June 2026\route & identification markers\Tc1404.pdf
25/06/2026 7:12:59 AM : Extracting : \\qpol-wnp022\Temp\TC Signs_June 2026\route & identification markers\tc1773_link to G8-10-Q01.pdf
25/06/2026 7:12:59 AM : Extracting : \\qpol-wnp022\Temp\TC Signs_June 2026\route & identification markers\TC2010.pdf
25/06/2026 7:12:59 AM : Extracting : \\qpol-wnp022\Temp\TC Signs_June 2026\route & identification markers\TC2011.pdf
25/06/2026 7:12:59 AM : Extracting : \\qpol-wnp022\Temp\TC Signs_June 2026\route & identification markers\tc9403.pdf
25/06/2026 7:12:59 AM : Extracting : \\qpol-wnp022\Temp\TC Signs_June 2026\service signs & symbols\S13-Q01.pdf
25/06/2026 7:12:59 AM : Extracting : \\qpol-wnp022\Temp\TC Signs_June 2026\service signs & symbols\S13-Q02.pdf
25/06/2026 7:12:59 AM : Extracting : \\qpol-wnp022\Temp\TC Signs_June 2026\service signs & symbols\S21-Q01.pdf
25/06/2026 7:12:59 AM : Extracting : \\qpol-wnp022\Temp\TC Signs_June 2026\service signs & symbols\S6-Q02.pdf
25/06/2026 7:13:00 AM : Extracting : \\qpol-wnp022\Temp\TC Signs_June 2026\service signs & symbols\SQ10.pdf
25/06/2026 7:13:00 AM : Extracting : \\qpol-wnp022\Temp\TC Signs_June 2026\service signs & symbols\tc1112.pdf
25/06/2026 7:13:00 AM : Extracting : \\qpol-wnp022\Temp\TC Signs_June 2026\service signs & symbols\TC1722.pdf
25/06/2026 7:13:00 AM : Extracting : \\qpol-wnp022\Temp\TC Signs_June 2026\service signs & symbols\TC1941.pdf
25/06/2026 7:13:00 AM : Extracting : \\qpol-wnp022\Temp\TC Signs_June 2026\service signs & symbols\TC1974.pdf
25/06/2026 7:13:00 AM : Extracting : \\qpol-wnp022\Temp\TC Signs_June 2026\service signs & symbols\TC2015.pdf
25/06/2026 7:13:00 AM : Extracting : \\qpol-wnp022\Temp\TC Signs_June 2026\service signs & symbols\TC2048.pdf
25/06/2026 7:13:00 AM : Extracting : \\qpol-wnp022\Temp\TC Signs_June 2026\service signs & symbols\TC2049.pdf
25/06/2026 7:13:01 AM : Extracting : \\qpol-wnp022\Temp\TC Signs_June 2026\service signs & symbols\TC2229.pdf
25/06/2026 7:13:01 AM : Extracting : \\qpol-wnp022\Temp\TC Signs_June 2026\service signs & symbols\TC2230.pdf
25/06/2026 7:13:01 AM : Extracting : \\qpol-wnp022\Temp\TC Signs_June 2026\service signs & symbols\tc2933.pdf
25/06/2026 7:13:01 AM : Extracting : \\qpol-wnp022\Temp\TC Signs_June 2026\service signs & symbols\tc9470.pdf
25/06/2026 7:13:01 AM : Extracting : \\qpol-wnp022\Temp\TC Signs_June 2026\service signs & symbols\tc9617.pdf
25/06/2026 7:13:01 AM : Extracting : \\qpol-wnp022\Temp\TC Signs_June 2026\service signs & symbols\tc9953.pdf
25/06/2026 7:13:01 AM : Extracting : \\qpol-wnp022\Temp\TC Signs_June 2026\signing & pavement marking layouts\tc1147 linked to G9-37-Q01.pdf
25/06/2026 7:13:01 AM : Extracting : \\qpol-wnp022\Temp\TC Signs_June 2026\signing & pavement marking layouts\tc1147.pdf
25/06/2026 7:13:01 AM : Extracting : \\qpol-wnp022\Temp\TC Signs_June 2026\signing & pavement marking layouts\tc1148 tc1147 linked to G9-37-Q01.pdf
25/06/2026 7:13:02 AM : Extracting : \\qpol-wnp022\Temp\TC Signs_June 2026\signing & pavement marking layouts\tc1148.pdf
25/06/2026 7:13:02 AM : Extracting : \\qpol-wnp022\Temp\TC Signs_June 2026\signing & pavement marking layouts\tc1149 tc1147 linked to G9-37-Q01.pdf
25/06/2026 7:13:02 AM : Extracting : \\qpol-wnp022\Temp\TC Signs_June 2026\signing & pavement marking layouts\tc1149.pdf
25/06/2026 7:13:02 AM : Extracting : \\qpol-wnp022\Temp\TC Signs_June 2026\signing & pavement marking layouts\tc1289.pdf
25/06/2026 7:13:02 AM : Extracting : \\qpol-wnp022\Temp\TC Signs_June 2026\signing & pavement marking layouts\tc1335.pdf
25/06/2026 7:13:02 AM : Extracting : \\qpol-wnp022\Temp\TC Signs_June 2026\signing & pavement marking layouts\tc1426.pdf
25/06/2026 7:13:02 AM : Extracting : \\qpol-wnp022\Temp\TC Signs_June 2026\signing & pavement marking layouts\tc1427.pdf
25/06/2026 7:13:03 AM : Extracting : \\qpol-wnp022\Temp\TC Signs_June 2026\signing & pavement marking layouts\TC1845.pdf
25/06/2026 7:13:03 AM : Extracting : \\qpol-wnp022\Temp\TC Signs_June 2026\signing & pavement marking layouts\TC1879.pdf
25/06/2026 7:13:03 AM : Extracting : \\qpol-wnp022\Temp\TC Signs_June 2026\signing & pavement marking layouts\TC1963.pdf
25/06/2026 7:13:03 AM : Extracting : \\qpol-wnp022\Temp\TC Signs_June 2026\signing & pavement marking layouts\tc1967.pdf
25/06/2026 7:13:03 AM : Extracting : \\qpol-wnp022\Temp\TC Signs_June 2026\signing & pavement marking layouts\tc2046.pdf
25/06/2026 7:13:04 AM : Extracting : \\qpol-wnp022\Temp\TC Signs_June 2026\signing & pavement marking layouts\TC2055.pdf
25/06/2026 7:13:04 AM : Extracting : \\qpol-wnp022\Temp\TC Signs_June 2026\signing & pavement marking layouts\TC2056.pdf
25/06/2026 7:13:04 AM : Extracting : \\qpol-wnp022\Temp\TC Signs_June 2026\signing & pavement marking layouts\TC2244.pdf
25/06/2026 7:13:04 AM : Extracting : \\qpol-wnp022\Temp\TC Signs_June 2026\signing & pavement marking layouts\TC2257.pdf
25/06/2026 7:13:04 AM : Extracting : \\qpol-wnp022\Temp\TC Signs_June 2026\signing & pavement marking layouts\TC2321.pdf
25/06/2026 7:13:04 AM : Extracting : \\qpol-wnp022\Temp\TC Signs_June 2026\signing & pavement marking layouts\tc9601.pdf
25/06/2026 7:13:05 AM : Extracting : \\qpol-wnp022\Temp\TC Signs_June 2026\signing & pavement marking layouts\TR1001.pdf
25/06/2026 7:13:05 AM : Extracting : \\qpol-wnp022\Temp\TC Signs_June 2026\signing & pavement marking layouts\TR1002.pdf
25/06/2026 7:13:05 AM : Extracting : \\qpol-wnp022\Temp\TC Signs_June 2026\speed\tc1437.pdf
25/06/2026 7:13:05 AM : Extracting : \\qpol-wnp022\Temp\TC Signs_June 2026\speed\tc1479.pdf
25/06/2026 7:13:05 AM : Extracting : \\qpol-wnp022\Temp\TC Signs_June 2026\speed\tc1528.pdf
25/06/2026 7:13:05 AM : Extracting : \\qpol-wnp022\Temp\TC Signs_June 2026\speed\tc1568.pdf
25/06/2026 7:13:06 AM : Extracting : \\qpol-wnp022\Temp\TC Signs_June 2026\speed\TC1638.pdf
25/06/2026 7:13:06 AM : Extracting : \\qpol-wnp022\Temp\TC Signs_June 2026\speed\TC1670.pdf
25/06/2026 7:13:06 AM : Extracting : \\qpol-wnp022\Temp\TC Signs_June 2026\speed\tc1764.pdf
25/06/2026 7:13:07 AM : Extracting : \\qpol-wnp022\Temp\TC Signs_June 2026\speed\tc1765.pdf
25/06/2026 7:13:07 AM : Extracting : \\qpol-wnp022\Temp\TC Signs_June 2026\speed\tc1778.pdf
25/06/2026 7:13:07 AM : Extracting : \\qpol-wnp022\Temp\TC Signs_June 2026\speed\tc1783.pdf
25/06/2026 7:13:07 AM : Extracting : \\qpol-wnp022\Temp\TC Signs_June 2026\speed\TC1868.pdf
25/06/2026 7:13:07 AM : Extracting : \\qpol-wnp022\Temp\TC Signs_June 2026\speed\TC2071.pdf
25/06/2026 7:13:07 AM : Extracting : \\qpol-wnp022\Temp\TC Signs_June 2026\speed\TC2082.pdf
25/06/2026 7:13:08 AM : Extracting : \\qpol-wnp022\Temp\TC Signs_June 2026\speed\TC2220.pdf
25/06/2026 7:13:08 AM : Extracting : \\qpol-wnp022\Temp\TC Signs_June 2026\speed\TC2228.pdf
25/06/2026 7:13:08 AM : Extracting : \\qpol-wnp022\Temp\TC Signs_June 2026\speed\TC2255.pdf
25/06/2026 7:13:08 AM : Extracting : \\qpol-wnp022\Temp\TC Signs_June 2026\speed\TC2353.pdf
25/06/2026 7:13:08 AM : Extracting : \\qpol-wnp022\Temp\TC Signs_June 2026\speed\TC2355.pdf
25/06/2026 7:13:08 AM : Extracting : \\qpol-wnp022\Temp\TC Signs_June 2026\speed\tc9419.pdf
25/06/2026 7:13:09 AM : Extracting : \\qpol-wnp022\Temp\TC Signs_June 2026\speed\tc9583.pdf
25/06/2026 7:13:09 AM : Extracting : \\qpol-wnp022\Temp\TC Signs_June 2026\speed\tc9597.pdf
25/06/2026 7:13:09 AM : Extracting : \\qpol-wnp022\Temp\TC Signs_June 2026\speed\tc9695.pdf
25/06/2026 7:13:09 AM : Extracting : \\qpol-wnp022\Temp\TC Signs_June 2026\stock movement & sugar cane vehicles\stock movement\tc1209.pdf
25/06/2026 7:13:09 AM : Extracting : \\qpol-wnp022\Temp\TC Signs_June 2026\stock movement & sugar cane vehicles\stock movement\tc1292.pdf
25/06/2026 7:13:09 AM : Extracting : \\qpol-wnp022\Temp\TC Signs_June 2026\stock movement & sugar cane vehicles\stock movement\tc1310.pdf
25/06/2026 7:13:09 AM : Extracting : \\qpol-wnp022\Temp\TC Signs_June 2026\stock movement & sugar cane vehicles\stock movement\TC1690.pdf
25/06/2026 7:13:10 AM : Extracting : \\qpol-wnp022\Temp\TC Signs_June 2026\stock movement & sugar cane vehicles\stock movement\TC1691.pdf
25/06/2026 7:13:10 AM : Extracting : \\qpol-wnp022\Temp\TC Signs_June 2026\stock movement & sugar cane vehicles\stock movement\TC1693.pdf
25/06/2026 7:13:10 AM : Extracting : \\qpol-wnp022\Temp\TC Signs_June 2026\stock movement & sugar cane vehicles\stock movement\TC1715.pdf
25/06/2026 7:13:10 AM : Extracting : \\qpol-wnp022\Temp\TC Signs_June 2026\stock movement & sugar cane vehicles\stock movement\TC1716.pdf
25/06/2026 7:13:10 AM : Extracting : \\qpol-wnp022\Temp\TC Signs_June 2026\stock movement & sugar cane vehicles\stock movement\tc2991.pdf
25/06/2026 7:13:10 AM : Extracting : \\qpol-wnp022\Temp\TC Signs_June 2026\stock movement & sugar cane vehicles\stock movement\tc2992.pdf
25/06/2026 7:13:10 AM : Extracting : \\qpol-wnp022\Temp\TC Signs_June 2026\stock movement & sugar cane vehicles\sugar cane vehicles\tc1036.pdf
25/06/2026 7:13:11 AM : Extracting : \\qpol-wnp022\Temp\TC Signs_June 2026\stock movement & sugar cane vehicles\sugar cane vehicles\tc1126.pdf
25/06/2026 7:13:11 AM : Extracting : \\qpol-wnp022\Temp\TC Signs_June 2026\stock movement & sugar cane vehicles\sugar cane vehicles\tc1506.pdf
25/06/2026 7:13:11 AM : Extracting : \\qpol-wnp022\Temp\TC Signs_June 2026\stock movement & sugar cane vehicles\sugar cane vehicles\tc9757.pdf
25/06/2026 7:13:11 AM : Extracting : \\qpol-wnp022\Temp\TC Signs_June 2026\Superseded\ENV02.pdf
25/06/2026 7:13:11 AM : Extracting : \\qpol-wnp022\Temp\TC Signs_June 2026\Superseded\ENV03.pdf
25/06/2026 7:13:11 AM : Extracting : \\qpol-wnp022\Temp\TC Signs_June 2026\Superseded\ENV04.pdf
25/06/2026 7:13:12 AM : Extracting : \\qpol-wnp022\Temp\TC Signs_June 2026\Superseded\ENV05.pdf
25/06/2026 7:13:12 AM : Extracting : \\qpol-wnp022\Temp\TC Signs_June 2026\Superseded\ENV06.pdf
25/06/2026 7:13:12 AM : Extracting : \\qpol-wnp022\Temp\TC Signs_June 2026\Superseded\tc1000.pdf
25/06/2026 7:13:12 AM : Extracting : \\qpol-wnp022\Temp\TC Signs_June 2026\Superseded\tc1003.pdf
25/06/2026 7:13:12 AM : Extracting : \\qpol-wnp022\Temp\TC Signs_June 2026\Superseded\Tc1005.pdf
25/06/2026 7:13:12 AM : Extracting : \\qpol-wnp022\Temp\TC Signs_June 2026\Superseded\Tc1006.pdf
25/06/2026 7:13:12 AM : Extracting : \\qpol-wnp022\Temp\TC Signs_June 2026\Superseded\Tc1011.pdf
25/06/2026 7:13:13 AM : Extracting : \\qpol-wnp022\Temp\TC Signs_June 2026\Superseded\TC1015.pdf
25/06/2026 7:13:13 AM : Extracting : \\qpol-wnp022\Temp\TC Signs_June 2026\Superseded\TC1016.pdf
25/06/2026 7:13:13 AM : Extracting : \\qpol-wnp022\Temp\TC Signs_June 2026\Superseded\Tc1019.pdf
25/06/2026 7:13:13 AM : Extracting : \\qpol-wnp022\Temp\TC Signs_June 2026\Superseded\Tc1020.pdf
25/06/2026 7:13:13 AM : Extracting : \\qpol-wnp022\Temp\TC Signs_June 2026\Superseded\Tc1023.pdf
25/06/2026 7:13:13 AM : Extracting : \\qpol-wnp022\Temp\TC Signs_June 2026\Superseded\tc1024.pdf
25/06/2026 7:13:14 AM : Extracting : \\qpol-wnp022\Temp\TC Signs_June 2026\Superseded\Tc1028.pdf
25/06/2026 7:13:14 AM : Extracting : \\qpol-wnp022\Temp\TC Signs_June 2026\Superseded\Tc1037.pdf
25/06/2026 7:13:14 AM : Extracting : \\qpol-wnp022\Temp\TC Signs_June 2026\Superseded\Tc1039.pdf
25/06/2026 7:13:14 AM : Extracting : \\qpol-wnp022\Temp\TC Signs_June 2026\Superseded\tc1046.pdf
25/06/2026 7:13:14 AM : Extracting : \\qpol-wnp022\Temp\TC Signs_June 2026\Superseded\Tc1050.pdf
25/06/2026 7:13:14 AM : Extracting : \\qpol-wnp022\Temp\TC Signs_June 2026\Superseded\tc1063.pdf
25/06/2026 7:13:14 AM : Extracting : \\qpol-wnp022\Temp\TC Signs_June 2026\Superseded\Tc1064.pdf
25/06/2026 7:13:15 AM : Extracting : \\qpol-wnp022\Temp\TC Signs_June 2026\Superseded\Tc1065.pdf
25/06/2026 7:13:15 AM : Extracting : \\qpol-wnp022\Temp\TC Signs_June 2026\Superseded\Tc1066.pdf
25/06/2026 7:13:15 AM : Extracting : \\qpol-wnp022\Temp\TC Signs_June 2026\Superseded\Tc1067.pdf
25/06/2026 7:13:15 AM : Extracting : \\qpol-wnp022\Temp\TC Signs_June 2026\Superseded\Tc1070.pdf
25/06/2026 7:13:15 AM : Extracting : \\qpol-wnp022\Temp\TC Signs_June 2026\Superseded\Tc1071.pdf
25/06/2026 7:13:15 AM : Extracting : \\qpol-wnp022\Temp\TC Signs_June 2026\Superseded\TC1075.pdf
25/06/2026 7:13:15 AM : Extracting : \\qpol-wnp022\Temp\TC Signs_June 2026\Superseded\tc1078.pdf
25/06/2026 7:13:15 AM : Extracting : \\qpol-wnp022\Temp\TC Signs_June 2026\Superseded\tc1081.pdf
25/06/2026 7:13:16 AM : Extracting : \\qpol-wnp022\Temp\TC Signs_June 2026\Superseded\tc1082.pdf
25/06/2026 7:13:16 AM : Extracting : \\qpol-wnp022\Temp\TC Signs_June 2026\Superseded\Tc1084.pdf
25/06/2026 7:13:16 AM : Extracting : \\qpol-wnp022\Temp\TC Signs_June 2026\Superseded\Tc1092.pdf
25/06/2026 7:13:16 AM : Extracting : \\qpol-wnp022\Temp\TC Signs_June 2026\Superseded\tc1093.pdf
25/06/2026 7:13:16 AM : Extracting : \\qpol-wnp022\Temp\TC Signs_June 2026\Superseded\tc1094.pdf
25/06/2026 7:13:16 AM : Extracting : \\qpol-wnp022\Temp\TC Signs_June 2026\Superseded\tc1095.pdf
25/06/2026 7:13:17 AM : Extracting : \\qpol-wnp022\Temp\TC Signs_June 2026\Superseded\tc1097.pdf
25/06/2026 7:13:17 AM : Extracting : \\qpol-wnp022\Temp\TC Signs_June 2026\Superseded\tc1098.pdf
25/06/2026 7:13:17 AM : Extracting : \\qpol-wnp022\Temp\TC Signs_June 2026\Superseded\tc1105.pdf
25/06/2026 7:13:17 AM : Extracting : \\qpol-wnp022\Temp\TC Signs_June 2026\Superseded\Tc1108.pdf
25/06/2026 7:13:17 AM : Extracting : \\qpol-wnp022\Temp\TC Signs_June 2026\Superseded\Tc1109.pdf
25/06/2026 7:13:17 AM : Extracting : \\qpol-wnp022\Temp\TC Signs_June 2026\Superseded\Tc1113.pdf
25/06/2026 7:13:17 AM : Extracting : \\qpol-wnp022\Temp\TC Signs_June 2026\Superseded\Tc1115.pdf
25/06/2026 7:13:18 AM : Extracting : \\qpol-wnp022\Temp\TC Signs_June 2026\Superseded\tc1116.pdf
25/06/2026 7:13:18 AM : Extracting : \\qpol-wnp022\Temp\TC Signs_June 2026\Superseded\tc1117.pdf
25/06/2026 7:13:18 AM : Extracting : \\qpol-wnp022\Temp\TC Signs_June 2026\Superseded\tc1118.pdf
25/06/2026 7:13:18 AM : Extracting : \\qpol-wnp022\Temp\TC Signs_June 2026\Superseded\tc1119.pdf
25/06/2026 7:13:18 AM : Extracting : \\qpol-wnp022\Temp\TC Signs_June 2026\Superseded\tc1120.pdf
25/06/2026 7:13:19 AM : Extracting : \\qpol-wnp022\Temp\TC Signs_June 2026\Superseded\tc1125.pdf
25/06/2026 7:13:19 AM : Extracting : \\qpol-wnp022\Temp\TC Signs_June 2026\Superseded\Tc1128.pdf
25/06/2026 7:13:19 AM : Extracting : \\qpol-wnp022\Temp\TC Signs_June 2026\Superseded\tc1129.pdf
25/06/2026 7:13:19 AM : Extracting : \\qpol-wnp022\Temp\TC Signs_June 2026\Superseded\Tc1130.pdf
25/06/2026 7:13:19 AM : Extracting : \\qpol-wnp022\Temp\TC Signs_June 2026\Superseded\tc1134.pdf
25/06/2026 7:13:19 AM : Extracting : \\qpol-wnp022\Temp\TC Signs_June 2026\Superseded\tc1135.pdf
25/06/2026 7:13:19 AM : Extracting : \\qpol-wnp022\Temp\TC Signs_June 2026\Superseded\tc1136.pdf
25/06/2026 7:13:19 AM : Extracting : \\qpol-wnp022\Temp\TC Signs_June 2026\Superseded\tc1137.pdf
25/06/2026 7:13:20 AM : Extracting : \\qpol-wnp022\Temp\TC Signs_June 2026\Superseded\Tc1139.pdf
25/06/2026 7:13:20 AM : Extracting : \\qpol-wnp022\Temp\TC Signs_June 2026\Superseded\Tc1140.pdf
25/06/2026 7:13:20 AM : Extracting : \\qpol-wnp022\Temp\TC Signs_June 2026\Superseded\Tc1141.pdf
25/06/2026 7:13:20 AM : Extracting : \\qpol-wnp022\Temp\TC Signs_June 2026\Superseded\Tc1145.pdf
25/06/2026 7:13:20 AM : Extracting : \\qpol-wnp022\Temp\TC Signs_June 2026\Superseded\Tc1146.pdf
25/06/2026 7:13:21 AM : Extracting : \\qpol-wnp022\Temp\TC Signs_June 2026\Superseded\tc1151.pdf
25/06/2026 7:13:21 AM : Extracting : \\qpol-wnp022\Temp\TC Signs_June 2026\Superseded\tc1156.pdf
25/06/2026 7:13:21 AM : Extracting : \\qpol-wnp022\Temp\TC Signs_June 2026\Superseded\tc1160.pdf
25/06/2026 7:13:21 AM : Extracting : \\qpol-wnp022\Temp\TC Signs_June 2026\Superseded\tc1165.pdf
25/06/2026 7:13:21 AM : Extracting : \\qpol-wnp022\Temp\TC Signs_June 2026\Superseded\tc1166.pdf
25/06/2026 7:13:21 AM : Extracting : \\qpol-wnp022\Temp\TC Signs_June 2026\Superseded\tc1171.pdf
25/06/2026 7:13:21 AM : Extracting : \\qpol-wnp022\Temp\TC Signs_June 2026\Superseded\tc1177.pdf
25/06/2026 7:13:21 AM : Extracting : \\qpol-wnp022\Temp\TC Signs_June 2026\Superseded\tc1186.pdf
25/06/2026 7:13:22 AM : Extracting : \\qpol-wnp022\Temp\TC Signs_June 2026\Superseded\tc1188.pdf
25/06/2026 7:13:22 AM : Extracting : \\qpol-wnp022\Temp\TC Signs_June 2026\Superseded\tc1190.pdf
25/06/2026 7:13:22 AM : Extracting : \\qpol-wnp022\Temp\TC Signs_June 2026\Superseded\tc1196.pdf
25/06/2026 7:13:22 AM : Extracting : \\qpol-wnp022\Temp\TC Signs_June 2026\Superseded\Tc1206.pdf
25/06/2026 7:13:22 AM : Extracting : \\qpol-wnp022\Temp\TC Signs_June 2026\Superseded\tc1220.pdf
25/06/2026 7:13:22 AM : Extracting : \\qpol-wnp022\Temp\TC Signs_June 2026\Superseded\tc1221.pdf
25/06/2026 7:13:23 AM : Extracting : \\qpol-wnp022\Temp\TC Signs_June 2026\Superseded\tc1223.pdf
25/06/2026 7:13:23 AM : Extracting : \\qpol-wnp022\Temp\TC Signs_June 2026\Superseded\tc1224.pdf
25/06/2026 7:13:23 AM : Extracting : \\qpol-wnp022\Temp\TC Signs_June 2026\Superseded\tc1231.pdf
25/06/2026 7:13:23 AM : Extracting : \\qpol-wnp022\Temp\TC Signs_June 2026\Superseded\tc1241.pdf
25/06/2026 7:13:23 AM : Extracting : \\qpol-wnp022\Temp\TC Signs_June 2026\Superseded\tc1243.pdf
25/06/2026 7:13:23 AM : Extracting : \\qpol-wnp022\Temp\TC Signs_June 2026\Superseded\tc1254.pdf
25/06/2026 7:13:23 AM : Extracting : \\qpol-wnp022\Temp\TC Signs_June 2026\Superseded\tc1255.pdf
25/06/2026 7:13:24 AM : Extracting : \\qpol-wnp022\Temp\TC Signs_June 2026\Superseded\tc1264.pdf
25/06/2026 7:13:24 AM : Extracting : \\qpol-wnp022\Temp\TC Signs_June 2026\Superseded\tc1269.pdf
25/06/2026 7:13:24 AM : Extracting : \\qpol-wnp022\Temp\TC Signs_June 2026\Superseded\tc1275.pdf
25/06/2026 7:13:24 AM : Extracting : \\qpol-wnp022\Temp\TC Signs_June 2026\Superseded\tc1289.pdf
25/06/2026 7:13:24 AM : Extracting : \\qpol-wnp022\Temp\TC Signs_June 2026\Superseded\tc1293.pdf
25/06/2026 7:13:24 AM : Extracting : \\qpol-wnp022\Temp\TC Signs_June 2026\Superseded\tc1294.pdf
25/06/2026 7:13:25 AM : Extracting : \\qpol-wnp022\Temp\TC Signs_June 2026\Superseded\Tc1303.pdf
25/06/2026 7:13:25 AM : Extracting : \\qpol-wnp022\Temp\TC Signs_June 2026\Superseded\Tc1304.pdf
25/06/2026 7:13:25 AM : Extracting : \\qpol-wnp022\Temp\TC Signs_June 2026\Superseded\tc1312.pdf
25/06/2026 7:13:25 AM : Extracting : \\qpol-wnp022\Temp\TC Signs_June 2026\Superseded\tc1325.pdf
25/06/2026 7:13:25 AM : Extracting : \\qpol-wnp022\Temp\TC Signs_June 2026\Superseded\tc1327.pdf
25/06/2026 7:13:25 AM : Extracting : \\qpol-wnp022\Temp\TC Signs_June 2026\Superseded\tc1330.pdf
25/06/2026 7:13:26 AM : Extracting : \\qpol-wnp022\Temp\TC Signs_June 2026\Superseded\tc1331.pdf
25/06/2026 7:13:26 AM : Extracting : \\qpol-wnp022\Temp\TC Signs_June 2026\Superseded\tc1337.pdf
25/06/2026 7:13:26 AM : Extracting : \\qpol-wnp022\Temp\TC Signs_June 2026\Superseded\tc1341.pdf
25/06/2026 7:13:26 AM : Extracting : \\qpol-wnp022\Temp\TC Signs_June 2026\Superseded\tc1342.pdf
25/06/2026 7:13:26 AM : Extracting : \\qpol-wnp022\Temp\TC Signs_June 2026\Superseded\tc1344.pdf
25/06/2026 7:13:26 AM : Extracting : \\qpol-wnp022\Temp\TC Signs_June 2026\Superseded\tc1345.pdf
25/06/2026 7:13:27 AM : Extracting : \\qpol-wnp022\Temp\TC Signs_June 2026\Superseded\tc1347.pdf
25/06/2026 7:13:27 AM : Extracting : \\qpol-wnp022\Temp\TC Signs_June 2026\Superseded\tc1354.pdf
25/06/2026 7:13:27 AM : Extracting : \\qpol-wnp022\Temp\TC Signs_June 2026\Superseded\tc1357.pdf
25/06/2026 7:13:27 AM : Extracting : \\qpol-wnp022\Temp\TC Signs_June 2026\Superseded\tc1359.pdf
25/06/2026 7:13:27 AM : Extracting : \\qpol-wnp022\Temp\TC Signs_June 2026\Superseded\tc1366.pdf
25/06/2026 7:13:28 AM : Extracting : \\qpol-wnp022\Temp\TC Signs_June 2026\Superseded\tc1369.pdf
25/06/2026 7:13:28 AM : Extracting : \\qpol-wnp022\Temp\TC Signs_June 2026\Superseded\tc1376.pdf
25/06/2026 7:13:28 AM : Extracting : \\qpol-wnp022\Temp\TC Signs_June 2026\Superseded\tc1377.pdf
25/06/2026 7:13:28 AM : Extracting : \\qpol-wnp022\Temp\TC Signs_June 2026\Superseded\tc1380.pdf
25/06/2026 7:13:28 AM : Extracting : \\qpol-wnp022\Temp\TC Signs_June 2026\Superseded\tc1381.pdf
25/06/2026 7:13:28 AM : Extracting : \\qpol-wnp022\Temp\TC Signs_June 2026\Superseded\tc1382.pdf
25/06/2026 7:13:28 AM : Extracting : \\qpol-wnp022\Temp\TC Signs_June 2026\Superseded\tc1383.pdf
25/06/2026 7:13:28 AM : Extracting : \\qpol-wnp022\Temp\TC Signs_June 2026\Superseded\tc1385.pdf
25/06/2026 7:13:29 AM : Extracting : \\qpol-wnp022\Temp\TC Signs_June 2026\Superseded\tc1389.pdf
25/06/2026 7:13:29 AM : Extracting : \\qpol-wnp022\Temp\TC Signs_June 2026\Superseded\Tc1393.pdf
25/06/2026 7:13:29 AM : Extracting : \\qpol-wnp022\Temp\TC Signs_June 2026\Superseded\Tc1394.pdf
25/06/2026 7:13:29 AM : Extracting : \\qpol-wnp022\Temp\TC Signs_June 2026\Superseded\Tc1398.pdf
25/06/2026 7:13:29 AM : Extracting : \\qpol-wnp022\Temp\TC Signs_June 2026\Superseded\Tc1399.pdf
25/06/2026 7:13:29 AM : Extracting : \\qpol-wnp022\Temp\TC Signs_June 2026\Superseded\Tc1400.pdf
25/06/2026 7:13:30 AM : Extracting : \\qpol-wnp022\Temp\TC Signs_June 2026\Superseded\Tc1405.pdf
25/06/2026 7:13:30 AM : Extracting : \\qpol-wnp022\Temp\TC Signs_June 2026\Superseded\Tc1408.pdf
25/06/2026 7:13:30 AM : Extracting : \\qpol-wnp022\Temp\TC Signs_June 2026\Superseded\Tc1409.pdf
25/06/2026 7:13:30 AM : Extracting : \\qpol-wnp022\Temp\TC Signs_June 2026\Superseded\Tc1411.pdf
25/06/2026 7:13:30 AM : Extracting : \\qpol-wnp022\Temp\TC Signs_June 2026\Superseded\Tc1414.pdf
25/06/2026 7:13:30 AM : Extracting : \\qpol-wnp022\Temp\TC Signs_June 2026\Superseded\tc1418.pdf
25/06/2026 7:13:30 AM : Extracting : \\qpol-wnp022\Temp\TC Signs_June 2026\Superseded\Tc1419.pdf
25/06/2026 7:13:31 AM : Extracting : \\qpol-wnp022\Temp\TC Signs_June 2026\Superseded\tc1425.pdf
25/06/2026 7:13:31 AM : Extracting : \\qpol-wnp022\Temp\TC Signs_June 2026\Superseded\tc1428.pdf
25/06/2026 7:13:31 AM : Extracting : \\qpol-wnp022\Temp\TC Signs_June 2026\Superseded\tc1440.pdf
25/06/2026 7:13:31 AM : Extracting : \\qpol-wnp022\Temp\TC Signs_June 2026\Superseded\tc1453.pdf
25/06/2026 7:13:31 AM : Extracting : \\qpol-wnp022\Temp\TC Signs_June 2026\Superseded\tc1462.pdf
25/06/2026 7:13:31 AM : Extracting : \\qpol-wnp022\Temp\TC Signs_June 2026\Superseded\tc1463.pdf
25/06/2026 7:13:31 AM : Extracting : \\qpol-wnp022\Temp\TC Signs_June 2026\Superseded\tc1465.pdf
25/06/2026 7:13:31 AM : Extracting : \\qpol-wnp022\Temp\TC Signs_June 2026\Superseded\tc1475.pdf
25/06/2026 7:13:32 AM : Extracting : \\qpol-wnp022\Temp\TC Signs_June 2026\Superseded\tc1480.pdf
25/06/2026 7:13:32 AM : Extracting : \\qpol-wnp022\Temp\TC Signs_June 2026\Superseded\tc1483.pdf
25/06/2026 7:13:32 AM : Extracting : \\qpol-wnp022\Temp\TC Signs_June 2026\Superseded\tc1484.pdf
25/06/2026 7:13:32 AM : Extracting : \\qpol-wnp022\Temp\TC Signs_June 2026\Superseded\tc1485.pdf
25/06/2026 7:13:32 AM : Extracting : \\qpol-wnp022\Temp\TC Signs_June 2026\Superseded\tc1491.pdf
25/06/2026 7:13:32 AM : Extracting : \\qpol-wnp022\Temp\TC Signs_June 2026\Superseded\tc1494.pdf
25/06/2026 7:13:33 AM : Extracting : \\qpol-wnp022\Temp\TC Signs_June 2026\Superseded\tc1495.pdf
25/06/2026 7:13:33 AM : Extracting : \\qpol-wnp022\Temp\TC Signs_June 2026\Superseded\tc1504.pdf
25/06/2026 7:13:33 AM : Extracting : \\qpol-wnp022\Temp\TC Signs_June 2026\Superseded\tc1505.pdf
25/06/2026 7:13:33 AM : Extracting : \\qpol-wnp022\Temp\TC Signs_June 2026\Superseded\tc1508.pdf
25/06/2026 7:13:33 AM : Extracting : \\qpol-wnp022\Temp\TC Signs_June 2026\Superseded\tc1509.pdf
25/06/2026 7:13:33 AM : Extracting : \\qpol-wnp022\Temp\TC Signs_June 2026\Superseded\Tc1519.pdf
25/06/2026 7:13:33 AM : Extracting : \\qpol-wnp022\Temp\TC Signs_June 2026\Superseded\Tc1520.pdf
25/06/2026 7:13:34 AM : Extracting : \\qpol-wnp022\Temp\TC Signs_June 2026\Superseded\Tc1522.pdf
25/06/2026 7:13:34 AM : Extracting : \\qpol-wnp022\Temp\TC Signs_June 2026\Superseded\tc1527.pdf
25/06/2026 7:13:34 AM : Extracting : \\qpol-wnp022\Temp\TC Signs_June 2026\Superseded\tc1529.pdf
25/06/2026 7:13:34 AM : Extracting : \\qpol-wnp022\Temp\TC Signs_June 2026\Superseded\tc1530.pdf
25/06/2026 7:13:34 AM : Extracting : \\qpol-wnp022\Temp\TC Signs_June 2026\Superseded\tc1533.pdf
25/06/2026 7:13:34 AM : Extracting : \\qpol-wnp022\Temp\TC Signs_June 2026\Superseded\tc1539.pdf
25/06/2026 7:13:34 AM : Extracting : \\qpol-wnp022\Temp\TC Signs_June 2026\Superseded\tc1541.pdf
25/06/2026 7:13:36 AM : Extracting : \\qpol-wnp022\Temp\TC Signs_June 2026\Superseded\tc1542.pdf
25/06/2026 7:13:36 AM : Extracting : \\qpol-wnp022\Temp\TC Signs_June 2026\Superseded\tc1545.pdf
25/06/2026 7:13:36 AM : Extracting : \\qpol-wnp022\Temp\TC Signs_June 2026\Superseded\tc1546.pdf
25/06/2026 7:13:36 AM : Extracting : \\qpol-wnp022\Temp\TC Signs_June 2026\Superseded\tc1547.pdf
25/06/2026 7:13:37 AM : Extracting : \\qpol-wnp022\Temp\TC Signs_June 2026\Superseded\tc1548.pdf
25/06/2026 7:13:37 AM : Extracting : \\qpol-wnp022\Temp\TC Signs_June 2026\Superseded\tc1551.pdf
25/06/2026 7:13:37 AM : Extracting : \\qpol-wnp022\Temp\TC Signs_June 2026\Superseded\tc1552.pdf
25/06/2026 7:13:37 AM : Extracting : \\qpol-wnp022\Temp\TC Signs_June 2026\Superseded\TC1553.pdf
25/06/2026 7:13:37 AM : Extracting : \\qpol-wnp022\Temp\TC Signs_June 2026\Superseded\tc1556.pdf
25/06/2026 7:13:37 AM : Extracting : \\qpol-wnp022\Temp\TC Signs_June 2026\Superseded\tc1558.pdf
25/06/2026 7:13:37 AM : Extracting : \\qpol-wnp022\Temp\TC Signs_June 2026\Superseded\tc1559.pdf
25/06/2026 7:13:38 AM : Extracting : \\qpol-wnp022\Temp\TC Signs_June 2026\Superseded\tc1562.pdf
25/06/2026 7:13:38 AM : Extracting : \\qpol-wnp022\Temp\TC Signs_June 2026\Superseded\tc1572.pdf
25/06/2026 7:13:38 AM : Extracting : \\qpol-wnp022\Temp\TC Signs_June 2026\Superseded\tc1576.pdf
25/06/2026 7:13:38 AM : Extracting : \\qpol-wnp022\Temp\TC Signs_June 2026\Superseded\tc1584.pdf
25/06/2026 7:13:38 AM : Extracting : \\qpol-wnp022\Temp\TC Signs_June 2026\Superseded\tc1585.pdf
25/06/2026 7:13:38 AM : Extracting : \\qpol-wnp022\Temp\TC Signs_June 2026\Superseded\tc1586.pdf
25/06/2026 7:13:39 AM : Extracting : \\qpol-wnp022\Temp\TC Signs_June 2026\Superseded\tc1587.pdf
25/06/2026 7:13:39 AM : Extracting : \\qpol-wnp022\Temp\TC Signs_June 2026\Superseded\tc1588.pdf
25/06/2026 7:13:39 AM : Extracting : \\qpol-wnp022\Temp\TC Signs_June 2026\Superseded\tc1589.pdf
25/06/2026 7:13:39 AM : Extracting : \\qpol-wnp022\Temp\TC Signs_June 2026\Superseded\tc1597.pdf
25/06/2026 7:13:39 AM : Extracting : \\qpol-wnp022\Temp\TC Signs_June 2026\Superseded\tc1600.pdf
25/06/2026 7:13:39 AM : Extracting : \\qpol-wnp022\Temp\TC Signs_June 2026\Superseded\TC1604.pdf
25/06/2026 7:13:40 AM : Extracting : \\qpol-wnp022\Temp\TC Signs_June 2026\Superseded\TC1605.pdf
25/06/2026 7:13:40 AM : Extracting : \\qpol-wnp022\Temp\TC Signs_June 2026\Superseded\TC1607.pdf
25/06/2026 7:13:40 AM : Extracting : \\qpol-wnp022\Temp\TC Signs_June 2026\Superseded\TC1611.pdf
25/06/2026 7:13:40 AM : Extracting : \\qpol-wnp022\Temp\TC Signs_June 2026\Superseded\tc1615.pdf
25/06/2026 7:13:40 AM : Extracting : \\qpol-wnp022\Temp\TC Signs_June 2026\Superseded\TC1617.pdf
25/06/2026 7:13:40 AM : Extracting : \\qpol-wnp022\Temp\TC Signs_June 2026\Superseded\TC1626.pdf
25/06/2026 7:13:41 AM : Extracting : \\qpol-wnp022\Temp\TC Signs_June 2026\Superseded\TC1632.pdf
25/06/2026 7:13:41 AM : Extracting : \\qpol-wnp022\Temp\TC Signs_June 2026\Superseded\TC1633.pdf
25/06/2026 7:13:41 AM : Extracting : \\qpol-wnp022\Temp\TC Signs_June 2026\Superseded\TC1638.pdf
25/06/2026 7:13:41 AM : Extracting : \\qpol-wnp022\Temp\TC Signs_June 2026\Superseded\TC1650.pdf
25/06/2026 7:13:41 AM : Extracting : \\qpol-wnp022\Temp\TC Signs_June 2026\Superseded\TC1660.pdf
25/06/2026 7:13:41 AM : Extracting : \\qpol-wnp022\Temp\TC Signs_June 2026\Superseded\TC1665.pdf
25/06/2026 7:13:42 AM : Extracting : \\qpol-wnp022\Temp\TC Signs_June 2026\Superseded\TC1676.pdf
25/06/2026 7:13:42 AM : Extracting : \\qpol-wnp022\Temp\TC Signs_June 2026\Superseded\TC1680.pdf
25/06/2026 7:13:42 AM : Extracting : \\qpol-wnp022\Temp\TC Signs_June 2026\Superseded\TC1681.pdf
25/06/2026 7:13:42 AM : Extracting : \\qpol-wnp022\Temp\TC Signs_June 2026\Superseded\TC1683.pdf
25/06/2026 7:13:42 AM : Extracting : \\qpol-wnp022\Temp\TC Signs_June 2026\Superseded\TC1687.pdf
25/06/2026 7:13:42 AM : Extracting : \\qpol-wnp022\Temp\TC Signs_June 2026\Superseded\TC1712.pdf
25/06/2026 7:13:42 AM : Extracting : \\qpol-wnp022\Temp\TC Signs_June 2026\Superseded\TC1717.pdf
25/06/2026 7:13:43 AM : Extracting : \\qpol-wnp022\Temp\TC Signs_June 2026\Superseded\TC1727.pdf
25/06/2026 7:13:43 AM : Extracting : \\qpol-wnp022\Temp\TC Signs_June 2026\Superseded\TC1730.pdf
25/06/2026 7:13:43 AM : Extracting : \\qpol-wnp022\Temp\TC Signs_June 2026\Superseded\TC1731.pdf
25/06/2026 7:13:43 AM : Extracting : \\qpol-wnp022\Temp\TC Signs_June 2026\Superseded\TC1734.pdf
25/06/2026 7:13:43 AM : Extracting : \\qpol-wnp022\Temp\TC Signs_June 2026\Superseded\tc1758.pdf
25/06/2026 7:13:43 AM : Extracting : \\qpol-wnp022\Temp\TC Signs_June 2026\Superseded\tc1760.pdf
25/06/2026 7:13:44 AM : Extracting : \\qpol-wnp022\Temp\TC Signs_June 2026\Superseded\Tc1764.pdf
25/06/2026 7:13:44 AM : Extracting : \\qpol-wnp022\Temp\TC Signs_June 2026\Superseded\Tc1765.pdf
25/06/2026 7:13:44 AM : Extracting : \\qpol-wnp022\Temp\TC Signs_June 2026\Superseded\tc1769.pdf
25/06/2026 7:13:44 AM : Extracting : \\qpol-wnp022\Temp\TC Signs_June 2026\Superseded\tc1776.pdf
25/06/2026 7:13:44 AM : Extracting : \\qpol-wnp022\Temp\TC Signs_June 2026\Superseded\tc1778.pdf
25/06/2026 7:13:45 AM : Extracting : \\qpol-wnp022\Temp\TC Signs_June 2026\Superseded\tc1783.pdf
25/06/2026 7:13:45 AM : Extracting : \\qpol-wnp022\Temp\TC Signs_June 2026\Superseded\Tc1791.pdf
25/06/2026 7:13:45 AM : Extracting : \\qpol-wnp022\Temp\TC Signs_June 2026\Superseded\tc1797_2.pdf
25/06/2026 7:13:45 AM : Extracting : \\qpol-wnp022\Temp\TC Signs_June 2026\Superseded\tc1801.pdf
25/06/2026 7:13:46 AM : Extracting : \\qpol-wnp022\Temp\TC Signs_June 2026\Superseded\TC1805.pdf
25/06/2026 7:13:46 AM : Extracting : \\qpol-wnp022\Temp\TC Signs_June 2026\Superseded\TC1807.pdf
25/06/2026 7:13:46 AM : Extracting : \\qpol-wnp022\Temp\TC Signs_June 2026\Superseded\TC1808.pdf
25/06/2026 7:13:46 AM : Extracting : \\qpol-wnp022\Temp\TC Signs_June 2026\Superseded\TC1809.pdf
25/06/2026 7:13:46 AM : Extracting : \\qpol-wnp022\Temp\TC Signs_June 2026\Superseded\tc1817.pdf
25/06/2026 7:13:46 AM : Extracting : \\qpol-wnp022\Temp\TC Signs_June 2026\Superseded\tc1821.pdf
25/06/2026 7:13:46 AM : Extracting : \\qpol-wnp022\Temp\TC Signs_June 2026\Superseded\TC1823.pdf
25/06/2026 7:13:47 AM : Extracting : \\qpol-wnp022\Temp\TC Signs_June 2026\Superseded\TC1825.pdf
25/06/2026 7:13:47 AM : Extracting : \\qpol-wnp022\Temp\TC Signs_June 2026\Superseded\TC1826.pdf
25/06/2026 7:13:47 AM : Extracting : \\qpol-wnp022\Temp\TC Signs_June 2026\Superseded\TC1827.pdf
25/06/2026 7:13:47 AM : Extracting : \\qpol-wnp022\Temp\TC Signs_June 2026\Superseded\TC1831.pdf
25/06/2026 7:13:47 AM : Extracting : \\qpol-wnp022\Temp\TC Signs_June 2026\Superseded\tc1838.pdf
25/06/2026 7:13:47 AM : Extracting : \\qpol-wnp022\Temp\TC Signs_June 2026\Superseded\tc1839.pdf
25/06/2026 7:13:48 AM : Extracting : \\qpol-wnp022\Temp\TC Signs_June 2026\Superseded\tc1841.pdf
25/06/2026 7:13:48 AM : Extracting : \\qpol-wnp022\Temp\TC Signs_June 2026\Superseded\TC1849.pdf
25/06/2026 7:13:48 AM : Extracting : \\qpol-wnp022\Temp\TC Signs_June 2026\Superseded\TC1857.pdf
25/06/2026 7:13:48 AM : Extracting : \\qpol-wnp022\Temp\TC Signs_June 2026\Superseded\TC1860.pdf
25/06/2026 7:13:48 AM : Extracting : \\qpol-wnp022\Temp\TC Signs_June 2026\Superseded\TC1861.pdf
25/06/2026 7:13:48 AM : Extracting : \\qpol-wnp022\Temp\TC Signs_June 2026\Superseded\TC1863.pdf
25/06/2026 7:13:49 AM : Extracting : \\qpol-wnp022\Temp\TC Signs_June 2026\Superseded\TC1864.pdf
25/06/2026 7:13:49 AM : Extracting : \\qpol-wnp022\Temp\TC Signs_June 2026\Superseded\TC1868.pdf
25/06/2026 7:13:49 AM : Extracting : \\qpol-wnp022\Temp\TC Signs_June 2026\Superseded\TC1878.pdf
25/06/2026 7:13:49 AM : Extracting : \\qpol-wnp022\Temp\TC Signs_June 2026\Superseded\TC1881.pdf
25/06/2026 7:13:49 AM : Extracting : \\qpol-wnp022\Temp\TC Signs_June 2026\Superseded\TC1888.pdf
25/06/2026 7:13:49 AM : Extracting : \\qpol-wnp022\Temp\TC Signs_June 2026\Superseded\TC1906.pdf
25/06/2026 7:13:50 AM : Extracting : \\qpol-wnp022\Temp\TC Signs_June 2026\Superseded\TC1909.pdf
25/06/2026 7:13:50 AM : Extracting : \\qpol-wnp022\Temp\TC Signs_June 2026\Superseded\tc1910.pdf
25/06/2026 7:13:50 AM : Extracting : \\qpol-wnp022\Temp\TC Signs_June 2026\Superseded\TC1920.pdf
25/06/2026 7:13:50 AM : Extracting : \\qpol-wnp022\Temp\TC Signs_June 2026\Superseded\TC1921.pdf
25/06/2026 7:13:50 AM : Extracting : \\qpol-wnp022\Temp\TC Signs_June 2026\Superseded\TC1926.pdf
25/06/2026 7:13:50 AM : Extracting : \\qpol-wnp022\Temp\TC Signs_June 2026\Superseded\TC1928.pdf
25/06/2026 7:13:50 AM : Extracting : \\qpol-wnp022\Temp\TC Signs_June 2026\Superseded\TC1935.pdf
25/06/2026 7:13:50 AM : Extracting : \\qpol-wnp022\Temp\TC Signs_June 2026\Superseded\TC1939.pdf
25/06/2026 7:13:51 AM : Extracting : \\qpol-wnp022\Temp\TC Signs_June 2026\Superseded\TC1940.pdf
25/06/2026 7:13:51 AM : Extracting : \\qpol-wnp022\Temp\TC Signs_June 2026\Superseded\TC1942.pdf
25/06/2026 7:13:51 AM : Extracting : \\qpol-wnp022\Temp\TC Signs_June 2026\Superseded\TC1946.pdf
25/06/2026 7:13:51 AM : Extracting : \\qpol-wnp022\Temp\TC Signs_June 2026\Superseded\TC1948.pdf
25/06/2026 7:13:51 AM : Extracting : \\qpol-wnp022\Temp\TC Signs_June 2026\Superseded\TC1952.pdf
25/06/2026 7:13:51 AM : Extracting : \\qpol-wnp022\Temp\TC Signs_June 2026\Superseded\TC1953.pdf
25/06/2026 7:13:51 AM : Extracting : \\qpol-wnp022\Temp\TC Signs_June 2026\Superseded\TC1954.pdf
25/06/2026 7:13:52 AM : Extracting : \\qpol-wnp022\Temp\TC Signs_June 2026\Superseded\TC1956.pdf
25/06/2026 7:13:52 AM : Extracting : \\qpol-wnp022\Temp\TC Signs_June 2026\Superseded\TC1962.pdf
25/06/2026 7:13:52 AM : Extracting : \\qpol-wnp022\Temp\TC Signs_June 2026\Superseded\TC1979.pdf
25/06/2026 7:13:52 AM : Extracting : \\qpol-wnp022\Temp\TC Signs_June 2026\Superseded\TC1980.pdf
25/06/2026 7:13:52 AM : Extracting : \\qpol-wnp022\Temp\TC Signs_June 2026\Superseded\TC1983.pdf
25/06/2026 7:13:52 AM : Extracting : \\qpol-wnp022\Temp\TC Signs_June 2026\Superseded\TC1991.pdf
25/06/2026 7:13:53 AM : Extracting : \\qpol-wnp022\Temp\TC Signs_June 2026\Superseded\TC1996.pdf
25/06/2026 7:13:53 AM : Extracting : \\qpol-wnp022\Temp\TC Signs_June 2026\Superseded\TC1998.pdf
25/06/2026 7:13:53 AM : Extracting : \\qpol-wnp022\Temp\TC Signs_June 2026\Superseded\TC1999.pdf
25/06/2026 7:13:53 AM : Extracting : \\qpol-wnp022\Temp\TC Signs_June 2026\Superseded\TC2000.pdf
25/06/2026 7:13:53 AM : Extracting : \\qpol-wnp022\Temp\TC Signs_June 2026\Superseded\TC2005.pdf
25/06/2026 7:13:53 AM : Extracting : \\qpol-wnp022\Temp\TC Signs_June 2026\Superseded\TC2009.pdf
25/06/2026 7:13:54 AM : Extracting : \\qpol-wnp022\Temp\TC Signs_June 2026\Superseded\TC2016.pdf
25/06/2026 7:13:54 AM : Extracting : \\qpol-wnp022\Temp\TC Signs_June 2026\Superseded\TC2020.pdf
25/06/2026 7:13:54 AM : Extracting : \\qpol-wnp022\Temp\TC Signs_June 2026\Superseded\TC2021.pdf
25/06/2026 7:13:54 AM : Extracting : \\qpol-wnp022\Temp\TC Signs_June 2026\Superseded\TC2024.pdf
25/06/2026 7:13:55 AM : Extracting : \\qpol-wnp022\Temp\TC Signs_June 2026\Superseded\TC2029.pdf
25/06/2026 7:13:55 AM : Extracting : \\qpol-wnp022\Temp\TC Signs_June 2026\Superseded\tc2030.pdf
25/06/2026 7:13:55 AM : Extracting : \\qpol-wnp022\Temp\TC Signs_June 2026\Superseded\tc2031.pdf
25/06/2026 7:13:56 AM : Extracting : \\qpol-wnp022\Temp\TC Signs_June 2026\Superseded\Tc2032.pdf
25/06/2026 7:13:56 AM : Extracting : \\qpol-wnp022\Temp\TC Signs_June 2026\Superseded\tc2035.pdf
25/06/2026 7:13:56 AM : Extracting : \\qpol-wnp022\Temp\TC Signs_June 2026\Superseded\TC2040.pdf
25/06/2026 7:13:56 AM : Extracting : \\qpol-wnp022\Temp\TC Signs_June 2026\Superseded\TC2041.pdf
25/06/2026 7:13:57 AM : Extracting : \\qpol-wnp022\Temp\TC Signs_June 2026\Superseded\TC2044.pdf
25/06/2026 7:13:57 AM : Extracting : \\qpol-wnp022\Temp\TC Signs_June 2026\Superseded\TC2047.pdf
25/06/2026 7:13:57 AM : Extracting : \\qpol-wnp022\Temp\TC Signs_June 2026\Superseded\TC2064.pdf
25/06/2026 7:13:57 AM : Extracting : \\qpol-wnp022\Temp\TC Signs_June 2026\Superseded\TC2065.pdf
25/06/2026 7:13:57 AM : Extracting : \\qpol-wnp022\Temp\TC Signs_June 2026\Superseded\TC2074.pdf
25/06/2026 7:13:57 AM : Extracting : \\qpol-wnp022\Temp\TC Signs_June 2026\Superseded\TC2075.pdf
25/06/2026 7:13:58 AM : Extracting : \\qpol-wnp022\Temp\TC Signs_June 2026\Superseded\TC2077.pdf
25/06/2026 7:13:58 AM : Extracting : \\qpol-wnp022\Temp\TC Signs_June 2026\Superseded\TC2081.pdf
25/06/2026 7:13:58 AM : Extracting : \\qpol-wnp022\Temp\TC Signs_June 2026\Superseded\TC2082.pdf
25/06/2026 7:13:59 AM : Extracting : \\qpol-wnp022\Temp\TC Signs_June 2026\Superseded\TC2083.pdf
25/06/2026 7:13:59 AM : Extracting : \\qpol-wnp022\Temp\TC Signs_June 2026\Superseded\TC2090.pdf
25/06/2026 7:13:59 AM : Extracting : \\qpol-wnp022\Temp\TC Signs_June 2026\Superseded\TC2093.pdf
25/06/2026 7:13:59 AM : Extracting : \\qpol-wnp022\Temp\TC Signs_June 2026\Superseded\TC2095.pdf
25/06/2026 7:13:59 AM : Extracting : \\qpol-wnp022\Temp\TC Signs_June 2026\Superseded\TC2098.pdf
25/06/2026 7:13:59 AM : Extracting : \\qpol-wnp022\Temp\TC Signs_June 2026\Superseded\TC2099.pdf
25/06/2026 7:14:00 AM : Extracting : \\qpol-wnp022\Temp\TC Signs_June 2026\Superseded\TC2100.pdf
25/06/2026 7:14:00 AM : Extracting : \\qpol-wnp022\Temp\TC Signs_June 2026\Superseded\TC2101.pdf
25/06/2026 7:14:00 AM : Extracting : \\qpol-wnp022\Temp\TC Signs_June 2026\Superseded\TC2102.pdf
25/06/2026 7:14:01 AM : Extracting : \\qpol-wnp022\Temp\TC Signs_June 2026\Superseded\TC2103.pdf
25/06/2026 7:14:01 AM : Extracting : \\qpol-wnp022\Temp\TC Signs_June 2026\Superseded\TC2105.pdf
25/06/2026 7:14:01 AM : Extracting : \\qpol-wnp022\Temp\TC Signs_June 2026\Superseded\TC2106.pdf
25/06/2026 7:14:01 AM : Extracting : \\qpol-wnp022\Temp\TC Signs_June 2026\Superseded\TC2108.pdf
25/06/2026 7:14:01 AM : Extracting : \\qpol-wnp022\Temp\TC Signs_June 2026\Superseded\TC2110.pdf
25/06/2026 7:14:02 AM : Extracting : \\qpol-wnp022\Temp\TC Signs_June 2026\Superseded\TC2111.pdf
25/06/2026 7:14:02 AM : Extracting : \\qpol-wnp022\Temp\TC Signs_June 2026\Superseded\TC2112.pdf
25/06/2026 7:14:02 AM : Extracting : \\qpol-wnp022\Temp\TC Signs_June 2026\Superseded\TC2206.pdf
25/06/2026 7:14:02 AM : Extracting : \\qpol-wnp022\Temp\TC Signs_June 2026\Superseded\TC2207.pdf
25/06/2026 7:14:03 AM : Extracting : \\qpol-wnp022\Temp\TC Signs_June 2026\Superseded\TC2221.pdf
25/06/2026 7:14:03 AM : Extracting : \\qpol-wnp022\Temp\TC Signs_June 2026\Superseded\TC2224.pdf
25/06/2026 7:14:03 AM : Extracting : \\qpol-wnp022\Temp\TC Signs_June 2026\Superseded\TC2226.pdf
25/06/2026 7:14:04 AM : Extracting : \\qpol-wnp022\Temp\TC Signs_June 2026\Superseded\TC2232.pdf
25/06/2026 7:14:04 AM : Extracting : \\qpol-wnp022\Temp\TC Signs_June 2026\Superseded\TC2233.pdf
25/06/2026 7:14:04 AM : Extracting : \\qpol-wnp022\Temp\TC Signs_June 2026\Superseded\TC2246.pdf
25/06/2026 7:14:04 AM : Extracting : \\qpol-wnp022\Temp\TC Signs_June 2026\Superseded\TC2248.pdf
25/06/2026 7:14:05 AM : Extracting : \\qpol-wnp022\Temp\TC Signs_June 2026\Superseded\TC2249.pdf
25/06/2026 7:14:05 AM : Extracting : \\qpol-wnp022\Temp\TC Signs_June 2026\Superseded\TC2265.pdf
25/06/2026 7:14:05 AM : Extracting : \\qpol-wnp022\Temp\TC Signs_June 2026\Superseded\TC2266.pdf
25/06/2026 7:14:05 AM : Extracting : \\qpol-wnp022\Temp\TC Signs_June 2026\Superseded\TC2267.pdf
25/06/2026 7:14:06 AM : Extracting : \\qpol-wnp022\Temp\TC Signs_June 2026\Superseded\TC2269.pdf
25/06/2026 7:14:06 AM : Extracting : \\qpol-wnp022\Temp\TC Signs_June 2026\Superseded\TC2285.pdf
25/06/2026 7:14:06 AM : Extracting : \\qpol-wnp022\Temp\TC Signs_June 2026\Superseded\TC2286.pdf
25/06/2026 7:14:06 AM : Extracting : \\qpol-wnp022\Temp\TC Signs_June 2026\Superseded\TC2287.pdf
25/06/2026 7:14:06 AM : Extracting : \\qpol-wnp022\Temp\TC Signs_June 2026\Superseded\TC2292.pdf
25/06/2026 7:14:06 AM : Extracting : \\qpol-wnp022\Temp\TC Signs_June 2026\Superseded\TC2293.pdf
25/06/2026 7:14:07 AM : Extracting : \\qpol-wnp022\Temp\TC Signs_June 2026\Superseded\TC2294.pdf
25/06/2026 7:14:07 AM : Extracting : \\qpol-wnp022\Temp\TC Signs_June 2026\Superseded\TC2296.pdf
25/06/2026 7:14:07 AM : Extracting : \\qpol-wnp022\Temp\TC Signs_June 2026\Superseded\TC2298.pdf
25/06/2026 7:14:07 AM : Extracting : \\qpol-wnp022\Temp\TC Signs_June 2026\Superseded\TC2302.pdf
25/06/2026 7:14:08 AM : Extracting : \\qpol-wnp022\Temp\TC Signs_June 2026\Superseded\TC2303.pdf
25/06/2026 7:14:08 AM : Extracting : \\qpol-wnp022\Temp\TC Signs_June 2026\Superseded\TC2311.pdf
25/06/2026 7:14:08 AM : Extracting : \\qpol-wnp022\Temp\TC Signs_June 2026\Superseded\TC2312.pdf
25/06/2026 7:14:08 AM : Extracting : \\qpol-wnp022\Temp\TC Signs_June 2026\Superseded\TC2317.pdf
25/06/2026 7:14:08 AM : Extracting : \\qpol-wnp022\Temp\TC Signs_June 2026\Superseded\TC2348.pdf
25/06/2026 7:14:08 AM : Extracting : \\qpol-wnp022\Temp\TC Signs_June 2026\Superseded\TC2349.pdf
25/06/2026 7:14:08 AM : Extracting : \\qpol-wnp022\Temp\TC Signs_June 2026\Superseded\TC2352.pdf
25/06/2026 7:14:09 AM : Extracting : \\qpol-wnp022\Temp\TC Signs_June 2026\Superseded\TC2353.pdf
25/06/2026 7:14:09 AM : Extracting : \\qpol-wnp022\Temp\TC Signs_June 2026\Superseded\TC2355.pdf
25/06/2026 7:14:09 AM : Extracting : \\qpol-wnp022\Temp\TC Signs_June 2026\Superseded\TC2358.pdf
25/06/2026 7:14:09 AM : Extracting : \\qpol-wnp022\Temp\TC Signs_June 2026\Superseded\TC2368.pdf
25/06/2026 7:14:09 AM : Extracting : \\qpol-wnp022\Temp\TC Signs_June 2026\Superseded\TC2371.pdf
25/06/2026 7:14:09 AM : Extracting : \\qpol-wnp022\Temp\TC Signs_June 2026\Superseded\tc2754.pdf
25/06/2026 7:14:10 AM : Extracting : \\qpol-wnp022\Temp\TC Signs_June 2026\Superseded\tc2761.pdf
25/06/2026 7:14:10 AM : Extracting : \\qpol-wnp022\Temp\TC Signs_June 2026\Superseded\Tc2916.pdf
25/06/2026 7:14:10 AM : Extracting : \\qpol-wnp022\Temp\TC Signs_June 2026\Superseded\tc2919.pdf
25/06/2026 7:14:10 AM : Extracting : \\qpol-wnp022\Temp\TC Signs_June 2026\Superseded\Tc2936.pdf
25/06/2026 7:14:10 AM : Extracting : \\qpol-wnp022\Temp\TC Signs_June 2026\Superseded\Tc9022.pdf
25/06/2026 7:14:10 AM : Extracting : \\qpol-wnp022\Temp\TC Signs_June 2026\Superseded\tc9023.pdf
25/06/2026 7:14:11 AM : Extracting : \\qpol-wnp022\Temp\TC Signs_June 2026\Superseded\tc9104.pdf
25/06/2026 7:14:11 AM : Extracting : \\qpol-wnp022\Temp\TC Signs_June 2026\Superseded\tc9109.pdf
25/06/2026 7:14:11 AM : Extracting : \\qpol-wnp022\Temp\TC Signs_June 2026\Superseded\tc9244.pdf
25/06/2026 7:14:11 AM : Extracting : \\qpol-wnp022\Temp\TC Signs_June 2026\Superseded\tc9250.pdf
25/06/2026 7:14:11 AM : Extracting : \\qpol-wnp022\Temp\TC Signs_June 2026\Superseded\tc9262.pdf
25/06/2026 7:14:12 AM : Extracting : \\qpol-wnp022\Temp\TC Signs_June 2026\Superseded\Tc9265.pdf
25/06/2026 7:14:12 AM : Extracting : \\qpol-wnp022\Temp\TC Signs_June 2026\Superseded\tc9271.pdf
25/06/2026 7:14:12 AM : Extracting : \\qpol-wnp022\Temp\TC Signs_June 2026\Superseded\Tc9272.pdf
25/06/2026 7:14:12 AM : Extracting : \\qpol-wnp022\Temp\TC Signs_June 2026\Superseded\tc9300.pdf
25/06/2026 7:14:12 AM : Extracting : \\qpol-wnp022\Temp\TC Signs_June 2026\Superseded\tc9308.pdf
25/06/2026 7:14:12 AM : Extracting : \\qpol-wnp022\Temp\TC Signs_June 2026\Superseded\tc9337.pdf
25/06/2026 7:14:13 AM : Extracting : \\qpol-wnp022\Temp\TC Signs_June 2026\Superseded\tc9346.pdf
25/06/2026 7:14:13 AM : Extracting : \\qpol-wnp022\Temp\TC Signs_June 2026\Superseded\tc9357.pdf
25/06/2026 7:14:13 AM : Extracting : \\qpol-wnp022\Temp\TC Signs_June 2026\Superseded\tc9367.pdf
25/06/2026 7:14:13 AM : Extracting : \\qpol-wnp022\Temp\TC Signs_June 2026\Superseded\tc9380.pdf
25/06/2026 7:14:13 AM : Extracting : \\qpol-wnp022\Temp\TC Signs_June 2026\Superseded\tc9418.pdf
25/06/2026 7:14:13 AM : Extracting : \\qpol-wnp022\Temp\TC Signs_June 2026\Superseded\tc9420.pdf
25/06/2026 7:14:13 AM : Extracting : \\qpol-wnp022\Temp\TC Signs_June 2026\Superseded\tc9421.pdf
25/06/2026 7:14:14 AM : Extracting : \\qpol-wnp022\Temp\TC Signs_June 2026\Superseded\tc9422.pdf
25/06/2026 7:14:14 AM : Extracting : \\qpol-wnp022\Temp\TC Signs_June 2026\Superseded\tc9423.pdf
25/06/2026 7:14:14 AM : Extracting : \\qpol-wnp022\Temp\TC Signs_June 2026\Superseded\tc9432.pdf
25/06/2026 7:14:14 AM : Extracting : \\qpol-wnp022\Temp\TC Signs_June 2026\Superseded\tc9441.pdf
25/06/2026 7:14:14 AM : Extracting : \\qpol-wnp022\Temp\TC Signs_June 2026\Superseded\tc9444.pdf
25/06/2026 7:14:14 AM : Extracting : \\qpol-wnp022\Temp\TC Signs_June 2026\Superseded\tc9445.pdf
25/06/2026 7:14:15 AM : Extracting : \\qpol-wnp022\Temp\TC Signs_June 2026\Superseded\tc9454.pdf
25/06/2026 7:14:15 AM : Extracting : \\qpol-wnp022\Temp\TC Signs_June 2026\Superseded\Tc9467.pdf
25/06/2026 7:14:15 AM : Extracting : \\qpol-wnp022\Temp\TC Signs_June 2026\Superseded\TC9472.pdf
25/06/2026 7:14:15 AM : Extracting : \\qpol-wnp022\Temp\TC Signs_June 2026\Superseded\Tc9473.pdf
25/06/2026 7:14:15 AM : Extracting : \\qpol-wnp022\Temp\TC Signs_June 2026\Superseded\tc9481.pdf
25/06/2026 7:14:15 AM : Extracting : \\qpol-wnp022\Temp\TC Signs_June 2026\Superseded\tc9518.pdf
25/06/2026 7:14:15 AM : Extracting : \\qpol-wnp022\Temp\TC Signs_June 2026\Superseded\Tc9523.pdf
25/06/2026 7:14:16 AM : Extracting : \\qpol-wnp022\Temp\TC Signs_June 2026\Superseded\tc9540.pdf
25/06/2026 7:14:16 AM : Extracting : \\qpol-wnp022\Temp\TC Signs_June 2026\Superseded\Tc9567.pdf
25/06/2026 7:14:16 AM : Extracting : \\qpol-wnp022\Temp\TC Signs_June 2026\Superseded\tc9591.pdf
25/06/2026 7:14:16 AM : Extracting : \\qpol-wnp022\Temp\TC Signs_June 2026\Superseded\tc9592.pdf
25/06/2026 7:14:16 AM : Extracting : \\qpol-wnp022\Temp\TC Signs_June 2026\Superseded\tc9593.pdf
25/06/2026 7:14:17 AM : Extracting : \\qpol-wnp022\Temp\TC Signs_June 2026\Superseded\tc9594.pdf
25/06/2026 7:14:17 AM : Extracting : \\qpol-wnp022\Temp\TC Signs_June 2026\Superseded\tc9598.pdf
25/06/2026 7:14:17 AM : Extracting : \\qpol-wnp022\Temp\TC Signs_June 2026\Superseded\tc9607.pdf
25/06/2026 7:14:17 AM : Extracting : \\qpol-wnp022\Temp\TC Signs_June 2026\Superseded\Tc9610.pdf
25/06/2026 7:14:17 AM : Extracting : \\qpol-wnp022\Temp\TC Signs_June 2026\Superseded\tc9641.pdf
25/06/2026 7:14:17 AM : Extracting : \\qpol-wnp022\Temp\TC Signs_June 2026\Superseded\tc9642.pdf
25/06/2026 7:14:17 AM : Extracting : \\qpol-wnp022\Temp\TC Signs_June 2026\Superseded\tc9643.pdf
25/06/2026 7:14:18 AM : Extracting : \\qpol-wnp022\Temp\TC Signs_June 2026\Superseded\TC9655.pdf
25/06/2026 7:14:18 AM : Extracting : \\qpol-wnp022\Temp\TC Signs_June 2026\Superseded\Tc9656.pdf
25/06/2026 7:14:18 AM : Extracting : \\qpol-wnp022\Temp\TC Signs_June 2026\Superseded\tc9659.pdf
25/06/2026 7:14:18 AM : Extracting : \\qpol-wnp022\Temp\TC Signs_June 2026\Superseded\tc9665.pdf
25/06/2026 7:14:18 AM : Extracting : \\qpol-wnp022\Temp\TC Signs_June 2026\Superseded\tc9673.pdf
25/06/2026 7:14:18 AM : Extracting : \\qpol-wnp022\Temp\TC Signs_June 2026\Superseded\tc9676.pdf
25/06/2026 7:14:19 AM : Extracting : \\qpol-wnp022\Temp\TC Signs_June 2026\Superseded\tc9698.pdf
25/06/2026 7:14:19 AM : Extracting : \\qpol-wnp022\Temp\TC Signs_June 2026\Superseded\Tc9701.pdf
25/06/2026 7:14:19 AM : Extracting : \\qpol-wnp022\Temp\TC Signs_June 2026\Superseded\Tc9727.pdf
25/06/2026 7:14:19 AM : Extracting : \\qpol-wnp022\Temp\TC Signs_June 2026\Superseded\tc9731.pdf
25/06/2026 7:14:19 AM : Extracting : \\qpol-wnp022\Temp\TC Signs_June 2026\Superseded\TC9732.pdf
25/06/2026 7:14:19 AM : Extracting : \\qpol-wnp022\Temp\TC Signs_June 2026\Superseded\tc9734.pdf
25/06/2026 7:14:19 AM : Extracting : \\qpol-wnp022\Temp\TC Signs_June 2026\Superseded\Tc9738.pdf
25/06/2026 7:14:20 AM : Extracting : \\qpol-wnp022\Temp\TC Signs_June 2026\Superseded\Tc9752.pdf
25/06/2026 7:14:20 AM : Extracting : \\qpol-wnp022\Temp\TC Signs_June 2026\Superseded\Tc9766.pdf
25/06/2026 7:14:20 AM : Extracting : \\qpol-wnp022\Temp\TC Signs_June 2026\Superseded\tc9775.pdf
25/06/2026 7:14:20 AM : Extracting : \\qpol-wnp022\Temp\TC Signs_June 2026\Superseded\tc9777.pdf
25/06/2026 7:14:20 AM : Extracting : \\qpol-wnp022\Temp\TC Signs_June 2026\Superseded\tc9788.pdf
25/06/2026 7:14:20 AM : Extracting : \\qpol-wnp022\Temp\TC Signs_June 2026\Superseded\Tc9789.pdf
25/06/2026 7:14:21 AM : Extracting : \\qpol-wnp022\Temp\TC Signs_June 2026\Superseded\Tc9790.pdf
25/06/2026 7:14:21 AM : Extracting : \\qpol-wnp022\Temp\TC Signs_June 2026\Superseded\Tc9791.pdf
25/06/2026 7:14:21 AM : Extracting : \\qpol-wnp022\Temp\TC Signs_June 2026\Superseded\Tc9792.pdf
25/06/2026 7:14:21 AM : Extracting : \\qpol-wnp022\Temp\TC Signs_June 2026\Superseded\Tc9793.pdf
25/06/2026 7:14:21 AM : Extracting : \\qpol-wnp022\Temp\TC Signs_June 2026\Superseded\Tc9810.pdf
25/06/2026 7:14:21 AM : Extracting : \\qpol-wnp022\Temp\TC Signs_June 2026\Superseded\Tc9822.pdf
25/06/2026 7:14:22 AM : Extracting : \\qpol-wnp022\Temp\TC Signs_June 2026\Superseded\tc9830.pdf
25/06/2026 7:14:22 AM : Extracting : \\qpol-wnp022\Temp\TC Signs_June 2026\Superseded\tc9856.pdf
25/06/2026 7:14:22 AM : Extracting : \\qpol-wnp022\Temp\TC Signs_June 2026\Superseded\Tc9858.pdf
25/06/2026 7:14:22 AM : Extracting : \\qpol-wnp022\Temp\TC Signs_June 2026\Superseded\Tc9859.pdf
25/06/2026 7:14:23 AM : Extracting : \\qpol-wnp022\Temp\TC Signs_June 2026\Superseded\Tc9862.pdf
25/06/2026 7:14:23 AM : Extracting : \\qpol-wnp022\Temp\TC Signs_June 2026\Superseded\TC9867.pdf
25/06/2026 7:14:23 AM : Extracting : \\qpol-wnp022\Temp\TC Signs_June 2026\Superseded\Tc9878.pdf
25/06/2026 7:14:23 AM : Extracting : \\qpol-wnp022\Temp\TC Signs_June 2026\Superseded\tc9881.pdf
25/06/2026 7:14:23 AM : Extracting : \\qpol-wnp022\Temp\TC Signs_June 2026\Superseded\tc9892.pdf
25/06/2026 7:14:23 AM : Extracting : \\qpol-wnp022\Temp\TC Signs_June 2026\Superseded\Tc9893.pdf
25/06/2026 7:14:23 AM : Extracting : \\qpol-wnp022\Temp\TC Signs_June 2026\Superseded\tc9896.pdf
25/06/2026 7:14:24 AM : Extracting : \\qpol-wnp022\Temp\TC Signs_June 2026\Superseded\tc9897.pdf
25/06/2026 7:14:24 AM : Extracting : \\qpol-wnp022\Temp\TC Signs_June 2026\Superseded\Tc9902.pdf
25/06/2026 7:14:24 AM : Extracting : \\qpol-wnp022\Temp\TC Signs_June 2026\Superseded\tc9905.pdf
25/06/2026 7:14:24 AM : Extracting : \\qpol-wnp022\Temp\TC Signs_June 2026\Superseded\tc9907.pdf
25/06/2026 7:14:24 AM : Extracting : \\qpol-wnp022\Temp\TC Signs_June 2026\Superseded\tc9910.pdf
25/06/2026 7:14:24 AM : Extracting : \\qpol-wnp022\Temp\TC Signs_June 2026\Superseded\tc9928.pdf
25/06/2026 7:14:24 AM : Extracting : \\qpol-wnp022\Temp\TC Signs_June 2026\Superseded\tc9954.pdf
25/06/2026 7:14:25 AM : Extracting : \\qpol-wnp022\Temp\TC Signs_June 2026\Superseded\tc9959.pdf
25/06/2026 7:14:25 AM : Extracting : \\qpol-wnp022\Temp\TC Signs_June 2026\Superseded\Tc9961.pdf
25/06/2026 7:14:25 AM : Extracting : \\qpol-wnp022\Temp\TC Signs_June 2026\Superseded\Tc9962.pdf
25/06/2026 7:14:25 AM : Extracting : \\qpol-wnp022\Temp\TC Signs_June 2026\Superseded\Tc9963.pdf
25/06/2026 7:14:25 AM : Extracting : \\qpol-wnp022\Temp\TC Signs_June 2026\Superseded\Tc9976.pdf
25/06/2026 7:14:25 AM : Extracting : \\qpol-wnp022\Temp\TC Signs_June 2026\Superseded\Tc9982.pdf
25/06/2026 7:14:25 AM : Extracting : \\qpol-wnp022\Temp\TC Signs_June 2026\Superseded\tc9983.pdf
25/06/2026 7:14:26 AM : Extracting : \\qpol-wnp022\Temp\TC Signs_June 2026\Superseded\tc9984.pdf
25/06/2026 7:14:26 AM : Extracting : \\qpol-wnp022\Temp\TC Signs_June 2026\supplementary plates\tc1026.pdf
25/06/2026 7:14:26 AM : Extracting : \\qpol-wnp022\Temp\TC Signs_June 2026\supplementary plates\tc1061.pdf
25/06/2026 7:14:26 AM : Extracting : \\qpol-wnp022\Temp\TC Signs_June 2026\supplementary plates\tc1080.pdf
25/06/2026 7:14:26 AM : Extracting : \\qpol-wnp022\Temp\TC Signs_June 2026\supplementary plates\tc1124.pdf
25/06/2026 7:14:26 AM : Extracting : \\qpol-wnp022\Temp\TC Signs_June 2026\supplementary plates\Tc1138.pdf
25/06/2026 7:14:26 AM : Extracting : \\qpol-wnp022\Temp\TC Signs_June 2026\supplementary plates\tc1181.pdf
25/06/2026 7:14:26 AM : Extracting : \\qpol-wnp022\Temp\TC Signs_June 2026\supplementary plates\tc1225.pdf
25/06/2026 7:14:27 AM : Extracting : \\qpol-wnp022\Temp\TC Signs_June 2026\supplementary plates\tc1274.pdf
25/06/2026 7:14:27 AM : Extracting : \\qpol-wnp022\Temp\TC Signs_June 2026\supplementary plates\tc1307.pdf
25/06/2026 7:14:27 AM : Extracting : \\qpol-wnp022\Temp\TC Signs_June 2026\supplementary plates\tc1334.pdf
25/06/2026 7:14:27 AM : Extracting : \\qpol-wnp022\Temp\TC Signs_June 2026\supplementary plates\tc1361.pdf
25/06/2026 7:14:27 AM : Extracting : \\qpol-wnp022\Temp\TC Signs_June 2026\supplementary plates\tc1421.pdf
25/06/2026 7:14:27 AM : Extracting : \\qpol-wnp022\Temp\TC Signs_June 2026\supplementary plates\tc1439.pdf
25/06/2026 7:14:28 AM : Extracting : \\qpol-wnp022\Temp\TC Signs_June 2026\supplementary plates\tc1441.pdf
25/06/2026 7:14:28 AM : Extracting : \\qpol-wnp022\Temp\TC Signs_June 2026\supplementary plates\tc1488.pdf
25/06/2026 7:14:28 AM : Extracting : \\qpol-wnp022\Temp\TC Signs_June 2026\supplementary plates\tc1578.pdf
25/06/2026 7:14:28 AM : Extracting : \\qpol-wnp022\Temp\TC Signs_June 2026\supplementary plates\tc1582.pdf
25/06/2026 7:14:28 AM : Extracting : \\qpol-wnp022\Temp\TC Signs_June 2026\supplementary plates\TC1608.pdf
25/06/2026 7:14:28 AM : Extracting : \\qpol-wnp022\Temp\TC Signs_June 2026\supplementary plates\TC1656.pdf
25/06/2026 7:14:28 AM : Extracting : \\qpol-wnp022\Temp\TC Signs_June 2026\supplementary plates\TC1695.pdf
25/06/2026 7:14:28 AM : Extracting : \\qpol-wnp022\Temp\TC Signs_June 2026\supplementary plates\TC1742.pdf
25/06/2026 7:14:29 AM : Extracting : \\qpol-wnp022\Temp\TC Signs_June 2026\supplementary plates\tc1840.pdf
25/06/2026 7:14:29 AM : Extracting : \\qpol-wnp022\Temp\TC Signs_June 2026\supplementary plates\Tc1966.pdf
25/06/2026 7:14:29 AM : Extracting : \\qpol-wnp022\Temp\TC Signs_June 2026\supplementary plates\TC1972.pdf
25/06/2026 7:14:29 AM : Extracting : \\qpol-wnp022\Temp\TC Signs_June 2026\supplementary plates\TC2006.pdf
25/06/2026 7:14:29 AM : Extracting : \\qpol-wnp022\Temp\TC Signs_June 2026\supplementary plates\TC2219.pdf
25/06/2026 7:14:29 AM : Extracting : \\qpol-wnp022\Temp\TC Signs_June 2026\supplementary plates\TC2235.pdf
25/06/2026 7:14:29 AM : Extracting : \\qpol-wnp022\Temp\TC Signs_June 2026\supplementary plates\TC2261.pdf
25/06/2026 7:14:29 AM : Extracting : \\qpol-wnp022\Temp\TC Signs_June 2026\supplementary plates\TC2263.pdf
25/06/2026 7:14:30 AM : Extracting : \\qpol-wnp022\Temp\TC Signs_June 2026\supplementary plates\tc2300.pdf
25/06/2026 7:14:30 AM : Extracting : \\qpol-wnp022\Temp\TC Signs_June 2026\supplementary plates\TC2344.pdf
25/06/2026 7:14:30 AM : Extracting : \\qpol-wnp022\Temp\TC Signs_June 2026\supplementary plates\TC2346.pdf
25/06/2026 7:14:30 AM : Extracting : \\qpol-wnp022\Temp\TC Signs_June 2026\supplementary plates\TC2352.pdf
25/06/2026 7:14:30 AM : Extracting : \\qpol-wnp022\Temp\TC Signs_June 2026\supplementary plates\TC2360.pdf
25/06/2026 7:14:30 AM : Extracting : \\qpol-wnp022\Temp\TC Signs_June 2026\supplementary plates\TC2375.pdf
25/06/2026 7:14:30 AM : Extracting : \\qpol-wnp022\Temp\TC Signs_June 2026\supplementary plates\tc9287.pdf
25/06/2026 7:14:31 AM : Extracting : \\qpol-wnp022\Temp\TC Signs_June 2026\supplementary plates\tc9526.pdf
25/06/2026 7:14:31 AM : Extracting : \\qpol-wnp022\Temp\TC Signs_June 2026\supplementary plates\Tc9730.pdf
25/06/2026 7:14:31 AM : Extracting : \\qpol-wnp022\Temp\TC Signs_June 2026\supplementary plates\tc9744.pdf
25/06/2026 7:14:31 AM : Extracting : \\qpol-wnp022\Temp\TC Signs_June 2026\supplementary plates\tc9880.pdf
25/06/2026 7:14:31 AM : Extracting : \\qpol-wnp022\Temp\TC Signs_June 2026\supplementary plates\tc9950.pdf
25/06/2026 7:14:31 AM : Extracting : \\qpol-wnp022\Temp\TC Signs_June 2026\toll road\tc1751.pdf
25/06/2026 7:14:32 AM : Extracting : \\qpol-wnp022\Temp\TC Signs_June 2026\toll road\tc1752.pdf
25/06/2026 7:14:32 AM : Extracting : \\qpol-wnp022\Temp\TC Signs_June 2026\toll road\tc1753.pdf
25/06/2026 7:14:32 AM : Extracting : \\qpol-wnp022\Temp\TC Signs_June 2026\toll road\tc1754.pdf
25/06/2026 7:14:32 AM : Extracting : \\qpol-wnp022\Temp\TC Signs_June 2026\toll road\TC1810.pdf
25/06/2026 7:14:33 AM : Extracting : \\qpol-wnp022\Temp\TC Signs_June 2026\toll road\Tc1965.pdf
25/06/2026 7:14:33 AM : Extracting : \\qpol-wnp022\Temp\TC Signs_June 2026\toll road\TC1968.pdf
25/06/2026 7:14:33 AM : Extracting : \\qpol-wnp022\Temp\TC Signs_June 2026\toll road\TC1969.pdf
25/06/2026 7:14:34 AM : Extracting : \\qpol-wnp022\Temp\TC Signs_June 2026\toll road\TC1971.pdf
25/06/2026 7:14:34 AM : Extracting : \\qpol-wnp022\Temp\TC Signs_June 2026\toll road\TC2234.pdf
25/06/2026 7:14:34 AM : Extracting : \\qpol-wnp022\Temp\TC Signs_June 2026\toll road\tc9900.pdf
25/06/2026 7:14:34 AM : Extracting : \\qpol-wnp022\Temp\TC Signs_June 2026\tourist\route markers\tc1418.pdf
25/06/2026 7:14:34 AM : Extracting : \\qpol-wnp022\Temp\TC Signs_June 2026\tourist\tc1276.pdf
25/06/2026 7:14:35 AM : Extracting : \\qpol-wnp022\Temp\TC Signs_June 2026\tourist\tc1277.pdf
25/06/2026 7:14:35 AM : Extracting : \\qpol-wnp022\Temp\TC Signs_June 2026\tourist\tc1278.pdf
25/06/2026 7:14:35 AM : Extracting : \\qpol-wnp022\Temp\TC Signs_June 2026\tourist\tc1286.pdf
25/06/2026 7:14:36 AM : Extracting : \\qpol-wnp022\Temp\TC Signs_June 2026\tourist\tc1296.pdf
25/06/2026 7:14:36 AM : Extracting : \\qpol-wnp022\Temp\TC Signs_June 2026\tourist\tc1390.pdf
25/06/2026 7:14:36 AM : Extracting : \\qpol-wnp022\Temp\TC Signs_June 2026\tourist\TC1689.pdf
25/06/2026 7:14:37 AM : Extracting : \\qpol-wnp022\Temp\TC Signs_June 2026\tourist\TC1692.pdf
25/06/2026 7:14:37 AM : Extracting : \\qpol-wnp022\Temp\TC Signs_June 2026\tourist\TC1694.pdf
25/06/2026 7:14:37 AM : Extracting : \\qpol-wnp022\Temp\TC Signs_June 2026\tourist\TC1894.pdf
25/06/2026 7:14:37 AM : Extracting : \\qpol-wnp022\Temp\TC Signs_June 2026\tourist\TC1997.pdf
25/06/2026 7:14:38 AM : Extracting : \\qpol-wnp022\Temp\TC Signs_June 2026\tourist\TC2007.pdf
25/06/2026 7:14:38 AM : Extracting : \\qpol-wnp022\Temp\TC Signs_June 2026\tourist\tc2025.pdf
25/06/2026 7:14:38 AM : Extracting : \\qpol-wnp022\Temp\TC Signs_June 2026\tourist\tc2026.pdf
25/06/2026 7:14:39 AM : Extracting : \\qpol-wnp022\Temp\TC Signs_June 2026\tourist\TC2027.pdf
25/06/2026 7:14:39 AM : Extracting : \\qpol-wnp022\Temp\TC Signs_June 2026\tourist\tc2028.pdf
25/06/2026 7:14:39 AM : Extracting : \\qpol-wnp022\Temp\TC Signs_June 2026\tourist\tc2033.pdf
25/06/2026 7:14:39 AM : Extracting : \\qpol-wnp022\Temp\TC Signs_June 2026\tourist\tc2034.pdf
25/06/2026 7:14:40 AM : Extracting : \\qpol-wnp022\Temp\TC Signs_June 2026\tourist\TC2067.pdf
25/06/2026 7:14:40 AM : Extracting : \\qpol-wnp022\Temp\TC Signs_June 2026\tourist\TC2068.pdf
25/06/2026 7:14:40 AM : Extracting : \\qpol-wnp022\Temp\TC Signs_June 2026\tourist\TC2069.pdf
25/06/2026 7:14:40 AM : Extracting : \\qpol-wnp022\Temp\TC Signs_June 2026\tourist\TC2070.pdf
25/06/2026 7:14:41 AM : Extracting : \\qpol-wnp022\Temp\TC Signs_June 2026\tourist\TC2072.pdf
25/06/2026 7:14:41 AM : Extracting : \\qpol-wnp022\Temp\TC Signs_June 2026\tourist\TC2251.pdf
25/06/2026 7:14:42 AM : Extracting : \\qpol-wnp022\Temp\TC Signs_June 2026\tourist\TC2268.pdf
25/06/2026 7:14:42 AM : Extracting : \\qpol-wnp022\Temp\TC Signs_June 2026\tourist\TC2270.pdf
25/06/2026 7:14:42 AM : Extracting : \\qpol-wnp022\Temp\TC Signs_June 2026\tourist\TC2354.pdf
25/06/2026 7:14:42 AM : Extracting : \\qpol-wnp022\Temp\TC Signs_June 2026\tourist\tc9888.pdf
25/06/2026 7:14:42 AM : Extracting : \\qpol-wnp022\Temp\TC Signs_June 2026\tram\TC1933.pdf
25/06/2026 7:14:43 AM : Extracting : \\qpol-wnp022\Temp\TC Signs_June 2026\tram\TC2017.pdf
25/06/2026 7:14:43 AM : Extracting : \\qpol-wnp022\Temp\TC Signs_June 2026\tram\TC2222.pdf
25/06/2026 7:14:43 AM : Extracting : \\qpol-wnp022\Temp\TC Signs_June 2026\tram\TC2307.pdf
25/06/2026 7:14:43 AM : Extracting : \\qpol-wnp022\Temp\TC Signs_June 2026\trucks & heavy vehicles\tc1154.pdf
25/06/2026 7:14:43 AM : Extracting : \\qpol-wnp022\Temp\TC Signs_June 2026\trucks & heavy vehicles\tc1198.pdf
25/06/2026 7:14:43 AM : Extracting : \\qpol-wnp022\Temp\TC Signs_June 2026\trucks & heavy vehicles\tc1199.pdf
25/06/2026 7:14:44 AM : Extracting : \\qpol-wnp022\Temp\TC Signs_June 2026\trucks & heavy vehicles\Tc1213.pdf
25/06/2026 7:14:44 AM : Extracting : \\qpol-wnp022\Temp\TC Signs_June 2026\trucks & heavy vehicles\Tc1410.pdf
25/06/2026 7:14:44 AM : Extracting : \\qpol-wnp022\Temp\TC Signs_June 2026\trucks & heavy vehicles\Tc1417.pdf
25/06/2026 7:14:44 AM : Extracting : \\qpol-wnp022\Temp\TC Signs_June 2026\trucks & heavy vehicles\tc1598.pdf
25/06/2026 7:14:44 AM : Extracting : \\qpol-wnp022\Temp\TC Signs_June 2026\trucks & heavy vehicles\TC1627.pdf
25/06/2026 7:14:44 AM : Extracting : \\qpol-wnp022\Temp\TC Signs_June 2026\trucks & heavy vehicles\TC1636.pdf
25/06/2026 7:14:45 AM : Extracting : \\qpol-wnp022\Temp\TC Signs_June 2026\trucks & heavy vehicles\TC1688.pdf
25/06/2026 7:14:45 AM : Extracting : \\qpol-wnp022\Temp\TC Signs_June 2026\trucks & heavy vehicles\TC1705.pdf
25/06/2026 7:14:45 AM : Extracting : \\qpol-wnp022\Temp\TC Signs_June 2026\trucks & heavy vehicles\TC1706.pdf
25/06/2026 7:14:45 AM : Extracting : \\qpol-wnp022\Temp\TC Signs_June 2026\trucks & heavy vehicles\TC1707.pdf
25/06/2026 7:14:45 AM : Extracting : \\qpol-wnp022\Temp\TC Signs_June 2026\trucks & heavy vehicles\Tc1748.pdf
25/06/2026 7:14:45 AM : Extracting : \\qpol-wnp022\Temp\TC Signs_June 2026\trucks & heavy vehicles\TC1834.pdf
25/06/2026 7:14:46 AM : Extracting : \\qpol-wnp022\Temp\TC Signs_June 2026\trucks & heavy vehicles\TC1851.pdf
25/06/2026 7:14:46 AM : Extracting : \\qpol-wnp022\Temp\TC Signs_June 2026\trucks & heavy vehicles\TC1852.pdf
25/06/2026 7:14:46 AM : Extracting : \\qpol-wnp022\Temp\TC Signs_June 2026\trucks & heavy vehicles\TC1856.pdf
25/06/2026 7:14:46 AM : Extracting : \\qpol-wnp022\Temp\TC Signs_June 2026\trucks & heavy vehicles\TC1896.pdf
25/06/2026 7:14:46 AM : Extracting : \\qpol-wnp022\Temp\TC Signs_June 2026\trucks & heavy vehicles\TC1960.pdf
25/06/2026 7:14:46 AM : Extracting : \\qpol-wnp022\Temp\TC Signs_June 2026\trucks & heavy vehicles\TC1976.pdf
25/06/2026 7:14:46 AM : Extracting : \\qpol-wnp022\Temp\TC Signs_June 2026\trucks & heavy vehicles\TC1988.pdf
25/06/2026 7:14:47 AM : Extracting : \\qpol-wnp022\Temp\TC Signs_June 2026\trucks & heavy vehicles\TC2039.pdf
25/06/2026 7:14:47 AM : Extracting : \\qpol-wnp022\Temp\TC Signs_June 2026\trucks & heavy vehicles\TC2237.pdf
25/06/2026 7:14:47 AM : Extracting : \\qpol-wnp022\Temp\TC Signs_June 2026\trucks & heavy vehicles\TC2304.pdf
25/06/2026 7:14:47 AM : Extracting : \\qpol-wnp022\Temp\TC Signs_June 2026\trucks & heavy vehicles\TC2318.pdf
25/06/2026 7:14:48 AM : Extracting : \\qpol-wnp022\Temp\TC Signs_June 2026\trucks & heavy vehicles\TC2343.pdf
25/06/2026 7:14:48 AM : Extracting : \\qpol-wnp022\Temp\TC Signs_June 2026\trucks & heavy vehicles\TC2350.pdf
25/06/2026 7:14:48 AM : Extracting : \\qpol-wnp022\Temp\TC Signs_June 2026\trucks & heavy vehicles\TC2351.pdf
25/06/2026 7:14:48 AM : Extracting : \\qpol-wnp022\Temp\TC Signs_June 2026\trucks & heavy vehicles\TC2372.pdf
25/06/2026 7:14:48 AM : Extracting : \\qpol-wnp022\Temp\TC Signs_June 2026\trucks & heavy vehicles\TC2374.pdf
25/06/2026 7:14:48 AM : Extracting : \\qpol-wnp022\Temp\TC Signs_June 2026\trucks & heavy vehicles\Tc9657.pdf
25/06/2026 7:14:48 AM : Extracting : \\qpol-wnp022\Temp\TC Signs_June 2026\trucks & heavy vehicles\tc9709.pdf
25/06/2026 7:14:49 AM : Extracting : \\qpol-wnp022\Temp\TC Signs_June 2026\trucks & heavy vehicles\tc9782.pdf
25/06/2026 7:14:49 AM : Extracting : \\qpol-wnp022\Temp\TC Signs_June 2026\trucks & heavy vehicles\tc9879.pdf
25/06/2026 7:14:49 AM : Extracting : \\qpol-wnp022\Temp\TC Signs_June 2026\trucks & heavy vehicles\vehicle inspection site\tc1262.pdf
25/06/2026 7:14:49 AM : Extracting : \\qpol-wnp022\Temp\TC Signs_June 2026\trucks & heavy vehicles\vehicle inspection site\tc1263.pdf
25/06/2026 7:14:49 AM : Extracting : \\qpol-wnp022\Temp\TC Signs_June 2026\trucks & heavy vehicles\vehicle inspection site\TC1937.pdf
25/06/2026 7:14:49 AM : Extracting : \\qpol-wnp022\Temp\TC Signs_June 2026\trucks & heavy vehicles\vehicle inspection site\TC1938.pdf
25/06/2026 7:14:50 AM : Extracting : \\qpol-wnp022\Temp\TC Signs_June 2026\trucks & heavy vehicles\vehicle inspection site\TC2364.pdf
25/06/2026 7:14:50 AM : Extracting : \\qpol-wnp022\Temp\TC Signs_June 2026\trucks & heavy vehicles\vehicle inspection site\tc9677.pdf
25/06/2026 7:14:50 AM : Extracting : \\qpol-wnp022\Temp\TC Signs_June 2026\tunnel\Tc1750.pdf
25/06/2026 7:14:50 AM : Extracting : \\qpol-wnp022\Temp\TC Signs_June 2026\tunnel\TC1812.pdf
25/06/2026 7:14:51 AM : Extracting : \\qpol-wnp022\Temp\TC Signs_June 2026\tunnel\TC1813.pdf
25/06/2026 7:14:51 AM : Extracting : \\qpol-wnp022\Temp\TC Signs_June 2026\tunnel\TC1931.pdf
25/06/2026 7:14:51 AM : Extracting : \\qpol-wnp022\Temp\TC Signs_June 2026\tunnel\TC1932.pdf
25/06/2026 7:14:51 AM : Extracting : \\qpol-wnp022\Temp\TC Signs_June 2026\tunnel\TC1943.pdf
25/06/2026 7:14:51 AM : Extracting : \\qpol-wnp022\Temp\TC Signs_June 2026\tunnel\TC2066.pdf
25/06/2026 7:14:51 AM : Extracting : \\qpol-wnp022\Temp\TC Signs_June 2026\warning\arrester bed\TC2042.pdf
25/06/2026 7:14:52 AM : Extracting : \\qpol-wnp022\Temp\TC Signs_June 2026\warning\special warning\Tc1009.pdf
25/06/2026 7:14:52 AM : Extracting : \\qpol-wnp022\Temp\TC Signs_June 2026\warning\special warning\tc1204.pdf
25/06/2026 7:14:52 AM : Extracting : \\qpol-wnp022\Temp\TC Signs_June 2026\warning\special warning\tc1308.pdf
25/06/2026 7:14:52 AM : Extracting : \\qpol-wnp022\Temp\TC Signs_June 2026\warning\special warning\tc1321.pdf
25/06/2026 7:14:52 AM : Extracting : \\qpol-wnp022\Temp\TC Signs_June 2026\warning\special warning\tc1338.pdf
25/06/2026 7:14:53 AM : Extracting : \\qpol-wnp022\Temp\TC Signs_June 2026\warning\special warning\tc1378.pdf
25/06/2026 7:14:53 AM : Extracting : \\qpol-wnp022\Temp\TC Signs_June 2026\warning\special warning\tc1429.pdf
25/06/2026 7:14:53 AM : Extracting : \\qpol-wnp022\Temp\TC Signs_June 2026\warning\special warning\tc1486.pdf
25/06/2026 7:14:53 AM : Extracting : \\qpol-wnp022\Temp\TC Signs_June 2026\warning\special warning\tc1496.pdf
25/06/2026 7:14:53 AM : Extracting : \\qpol-wnp022\Temp\TC Signs_June 2026\warning\special warning\tc1497.pdf
25/06/2026 7:14:53 AM : Extracting : \\qpol-wnp022\Temp\TC Signs_June 2026\warning\special warning\tc1558.pdf
25/06/2026 7:14:53 AM : Extracting : \\qpol-wnp022\Temp\TC Signs_June 2026\warning\special warning\tc1559.pdf
25/06/2026 7:14:54 AM : Extracting : \\qpol-wnp022\Temp\TC Signs_June 2026\warning\special warning\tc1564.pdf
25/06/2026 7:14:54 AM : Extracting : \\qpol-wnp022\Temp\TC Signs_June 2026\warning\special warning\tc1570.pdf
25/06/2026 7:14:54 AM : Extracting : \\qpol-wnp022\Temp\TC Signs_June 2026\warning\special warning\tc1599.pdf
25/06/2026 7:14:54 AM : Extracting : \\qpol-wnp022\Temp\TC Signs_June 2026\warning\special warning\TC1653.pdf
25/06/2026 7:14:54 AM : Extracting : \\qpol-wnp022\Temp\TC Signs_June 2026\warning\special warning\TC1728.pdf
25/06/2026 7:14:54 AM : Extracting : \\qpol-wnp022\Temp\TC Signs_June 2026\warning\special warning\TC1729.pdf
25/06/2026 7:14:54 AM : Extracting : \\qpol-wnp022\Temp\TC Signs_June 2026\warning\special warning\tc1771.pdf
25/06/2026 7:14:55 AM : Extracting : \\qpol-wnp022\Temp\TC Signs_June 2026\warning\special warning\tc1784.pdf
25/06/2026 7:14:55 AM : Extracting : \\qpol-wnp022\Temp\TC Signs_June 2026\warning\special warning\TC1793.pdf
25/06/2026 7:14:55 AM : Extracting : \\qpol-wnp022\Temp\TC Signs_June 2026\warning\tc1033.pdf
25/06/2026 7:14:55 AM : Extracting : \\qpol-wnp022\Temp\TC Signs_June 2026\warning\Tc1079.pdf
25/06/2026 7:14:55 AM : Extracting : \\qpol-wnp022\Temp\TC Signs_June 2026\warning\tc1249.pdf
25/06/2026 7:14:55 AM : Extracting : \\qpol-wnp022\Temp\TC Signs_June 2026\warning\tc1346.pdf
25/06/2026 7:14:56 AM : Extracting : \\qpol-wnp022\Temp\TC Signs_June 2026\warning\tc1358.pdf
25/06/2026 7:14:56 AM : Extracting : \\qpol-wnp022\Temp\TC Signs_June 2026\warning\tc9306.pdf
25/06/2026 7:14:56 AM : Extracting : \\qpol-wnp022\Temp\TC Signs_June 2026\warning\Tc9611.pdf
25/06/2026 7:14:56 AM : Extracting : \\qpol-wnp022\Temp\TC Signs_June 2026\warning\tc9729.pdf
25/06/2026 7:14:56 AM : Extracting : \\qpol-wnp022\Temp\TC Signs_June 2026\warning\tc9872.pdf
25/06/2026 7:14:56 AM : Extracting : \\qpol-wnp022\Temp\TC Signs_June 2026\warning\Tc9944.pdf
25/06/2026 7:14:56 AM : Extracting : \\qpol-wnp022\Temp\TC Signs_June 2026\warning\Tc9945.pdf
25/06/2026 7:14:56 AM : Extracting : \\qpol-wnp022\Temp\TC Signs_June 2026\warning\tc9952.pdf
25/06/2026 7:14:57 AM : Extracting : \\qpol-wnp022\Temp\TC Signs_June 2026\wildlife\TC1621.pdf
25/06/2026 7:14:57 AM : Extracting : \\qpol-wnp022\Temp\TC Signs_June 2026\wildlife\TC1622.pdf
25/06/2026 7:14:57 AM : Extracting : \\qpol-wnp022\Temp\TC Signs_June 2026\wildlife\TC1918.pdf
25/06/2026 7:14:57 AM : Creating Index
25/06/2026 7:15:01 AM :   Total PDF files in all directories : 1173
25/06/2026 7:15:01 AM :   Total PDF attachments : 0
25/06/2026 7:15:01 AM :   Total new files : 1173
25/06/2026 7:15:01 AM :   Total pages indexed : 2124
25/06/2026 7:15:01 AM :   Total number of files skipped : 0
25/06/2026 7:15:01 AM :   Total deleted files : 0
25/06/2026 7:15:01 AM : Index build successful.
