code,name,family,file,edition,drawn_size,notes
D-3,STREET NAME,Guide Signs,STREET_NAME_D-3.svg,2004 Edition,24.4x6.9 in,no size table or width dimension read; drawn at page scale (1 pt = 0.1 in)
D1-1,DESTINATION (1 LINE),Guide Signs,DESTINATION_1_LINE_D1-1.svg,2024 Edition,36.0x12.1 in,no size table or width dimension read; drawn at page scale (1 pt = 0.1 in)
D1-1a,DESTINATION AND DISTANCE (1 LINE),Guide Signs,DESTINATION_AND_DISTANCE_1_LINE_D1-1a.svg,2024 Edition,43.2x11.8 in,no size table or width dimension read; drawn at page scale (1 pt = 0.1 in)
D1-1b,BICYCLE DESTINATION (1 LINE),Guide Signs,BICYCLE_DESTINATION_1_LINE_D1-1b.svg,2012 Supplement,27.0x6.0 in,scale from the drawing's overall height dimension (6.0 in)
D1-1bL,BICYCLE DESTINATION (1 LINE),Guide Signs,BICYCLE_DESTINATION_1_LINE_D1-1bL.svg,2024 Edition,38.9x8.7 in,no size table or width dimension read; drawn at page scale (1 pt = 0.1 in)
D1-1bR,BICYCLE DESTINATION (1 LINE),intervene/Guide Signs,BICYCLE_DESTINATION_1_LINE_D1-1bR.svg,2024 Edition,38.9x8.7 in,D1-1bR is not drawn on the sheet and D1-1bL carries an outlined legend that cannot be mirrored automatically
D1-1c,BICYCLE DESTINATION AND DISTANCE (1 LINE),Guide Signs,BICYCLE_DESTINATION_AND_DISTANCE_1_LINE_D1-1c.svg,2012 Supplement,30.0x6.0 in,scale from the drawing's overall height dimension (6.0 in)
D1-1cL,BICYCLE DESTINATION AND DISTANCE (1 LINE),Guide Signs,BICYCLE_DESTINATION_AND_DISTANCE_1_LINE_D1-1cL.svg,2024 Edition,43.2x8.7 in,no size table or width dimension read; drawn at page scale (1 pt = 0.1 in)
D1-1cR,BICYCLE DESTINATION AND DISTANCE (1 LINE),intervene/Guide Signs,BICYCLE_DESTINATION_AND_DISTANCE_1_LINE_D1-1cR.svg,2024 Edition,43.2x8.7 in,D1-1cR is not drawn on the sheet and D1-1cL carries an outlined legend that cannot be mirrored automatically
D1-1d,CIRCULAR INTERSECTION DESTINATION (1 LINE),Guide Signs,CIRCULAR_INTERSECTION_DESTINATION_1_LINE_D1-1d.svg,2024 Edition,36.0x9.9 in,no size table or width dimension read; drawn at page scale (1 pt = 0.1 in)
D1-1e,CIRCULAR INTERSECTION DEPARTURE GUIDE,Guide Signs,CIRCULAR_INTERSECTION_DEPARTURE_GUIDE_D1-1e.svg,2024 Edition,43.2x25.3 in,no size table or width dimension read; drawn at page scale (1 pt = 0.1 in)
D1-2,DESTINATION (2 LINES),Guide Signs,DESTINATION_2_LINES_D1-2.svg,2024 Edition,36.0x17.2 in,no size table or width dimension read; drawn at page scale (1 pt = 0.1 in)
D1-2a,DESTINATION AND DISTANCE (2 LINES),Guide Signs,DESTINATION_AND_DISTANCE_2_LINES_D1-2a.svg,2024 Edition,43.2x16.7 in,no size table or width dimension read; drawn at page scale (1 pt = 0.1 in)
D1-2b,BICYCLE DESTINATION (2 LINES),Guide Signs,BICYCLE_DESTINATION_2_LINES_D1-2b.svg,2024 Edition,36.0x14.5 in,no size table or width dimension read; drawn at page scale (1 pt = 0.1 in)
D1-2c,BICYCLE DESTINATION AND DISTANCE (2 LINES),Guide Signs,BICYCLE_DESTINATION_AND_DISTANCE_2_LINES_D1-2c.svg,2024 Edition,43.2x15.8 in,no size table or width dimension read; drawn at page scale (1 pt = 0.1 in)
D1-2d,CIRCULAR INTERSECTION DESTINATION (2 LINES),Guide Signs,CIRCULAR_INTERSECTION_DESTINATION_2_LINES_D1-2d.svg,2024 Edition,43.2x19.7 in,no size table or width dimension read; drawn at page scale (1 pt = 0.1 in)
D1-3,DESTINATION (3 LINES),Guide Signs,DESTINATION_3_LINES_D1-3.svg,2024 Edition,43.2x31.9 in,no size table or width dimension read; drawn at page scale (1 pt = 0.1 in)
D1-3a,DESTINATION AND DISTANCE (3 LINES),Guide Signs,DESTINATION_AND_DISTANCE_3_LINES_D1-3a.svg,2024 Edition,43.2x25.3 in,no size table or width dimension read; drawn at page scale (1 pt = 0.1 in)
D1-3b,GUIDE SIGN,Guide Signs,GUIDE_SIGN_D1-3b.svg,2024 Edition,43.2x26.0 in,no size table or width dimension read; drawn at page scale (1 pt = 0.1 in)
D1-3c,GUIDE SIGN,Guide Signs,GUIDE_SIGN_D1-3c.svg,2024 Edition,43.2x23.6 in,no size table or width dimension read; drawn at page scale (1 pt = 0.1 in)
D1-3d,CIRCULAR INTERSECTION DESTINATION (3 LINES),Guide Signs,CIRCULAR_INTERSECTION_DESTINATION_3_LINES_D1-3d.svg,2024 Edition,43.2x30.3 in,no size table or width dimension read; drawn at page scale (1 pt = 0.1 in)
D1-5,CIRCULAR INTERSECTION DIAGRAMMATIC DESTINATION,Guide Signs,CIRCULAR_INTERSECTION_DIAGRAMMATIC_DESTINATION_D1-5.svg,2024 Edition,43.2x24.7 in,no size table or width dimension read; drawn at page scale (1 pt = 0.1 in)
D1-5a,"CIRCULAR INTERSECTION DIAGRAMMATIC DESTINATION, RIGHT-TURN BYPASS",Guide Signs,CIRCULAR_INTERSECTION_DIAGRAMMATIC_DESTINATION_RIGHT_TURN_BYPASS_D1-5a.svg,2024 Edition,43.3x21.6 in,no size table or width dimension read; drawn at page scale (1 pt = 0.1 in)
D10-1,REFERENCE LOCATION (1 DIGIT),Guide Signs,REFERENCE_LOCATION_1_DIGIT_D10-1.svg,2024 Edition,10.0x18.0 in,size 10 in: conventional-road row for D10-1 in the 2004/2012 sheets (2024 table has no marker)
D10-1a,INTERMEDIATE REFERENCE LOCATION (2 DIGITS),Guide Signs,INTERMEDIATE_REFERENCE_LOCATION_2_DIGITS_D10-1a.svg,2024 Edition,10.0x26.9 in,size 10 in: conventional-road row for D10-1a in the 2004/2012 sheets (2024 table has no marker)
D10-2,REFERENCE LOCATION (2 DIGITS),Guide Signs,REFERENCE_LOCATION_2_DIGITS_D10-2.svg,2024 Edition,10.0x26.9 in,size 10 in: conventional-road row for D10-2 in the 2004/2012 sheets (2024 table has no marker)
D10-2a,INTERMEDIATE REFERENCE LOCATION (3 DIGITS),Guide Signs,INTERMEDIATE_REFERENCE_LOCATION_3_DIGITS_D10-2a.svg,2024 Edition,6.0x21.5 in,"size 6 in: smallest table row (no conventional-road marker, no earlier edition of this code) — check"
D10-3,REFERENCE LOCATION (3 DIGITS),Guide Signs,REFERENCE_LOCATION_3_DIGITS_D10-3.svg,2024 Edition,10.0x35.9 in,size 10 in: conventional-road row for D10-3 in the 2004/2012 sheets (2024 table has no marker)
D10-3a,INTERMEDIATE REFERENCE LOCATION (4 DIGITS),Guide Signs,INTERMEDIATE_REFERENCE_LOCATION_4_DIGITS_D10-3a.svg,2024 Edition,6.0x28.7 in,"size 6 in: smallest table row (no conventional-road marker, no earlier edition of this code) — check"
D10-4,ENHANCED REFERENCE LOCATION,Guide Signs,ENHANCED_REFERENCE_LOCATION_D10-4.svg,2024 Edition,12.0x29.9 in,"size 12 in: smallest table row (no conventional-road marker, no earlier edition of this code) — check"
D10-5,INTERMEDIATE ENHANCED REFERENCE LOCATION,Guide Signs,INTERMEDIATE_ENHANCED_REFERENCE_LOCATION_D10-5.svg,2024 Edition,12.0x35.9 in,"size 12 in: smallest table row (no conventional-road marker, no earlier edition of this code) — check"
D11-1,BIKE ROUTE,Guide Signs,BIKE_ROUTE_D11-1.svg,2024 Edition,24.0x18.0 in,size 24 in: conventional-road row for D11-1 in the 2004/2012 sheets (2024 table has no marker)
D11-10a,SHARED-USE PATH DESTINATION (1 LINE),Guide Signs,SHARED_USE_PATH_DESTINATION_1_LINE_D11-10a.svg,2024 Edition,43.2x7.9 in,no size table or width dimension read; drawn at page scale (1 pt = 0.1 in)
D11-10b,SHARED-USE PATH DESTINATION (2 LINES),Guide Signs,SHARED_USE_PATH_DESTINATION_2_LINES_D11-10b.svg,2024 Edition,43.2x15.8 in,no size table or width dimension read; drawn at page scale (1 pt = 0.1 in)
D11-10c,SHARED-USE PATH DESTINATION (3 LINES),Guide Signs,SHARED_USE_PATH_DESTINATION_3_LINES_D11-10c.svg,2024 Edition,43.2x23.6 in,no size table or width dimension read; drawn at page scale (1 pt = 0.1 in)
D11-10d,SHARED-USE PATH DESTINATION AND DISTANCE (1 LINE),Guide Signs,SHARED_USE_PATH_DESTINATION_AND_DISTANCE_1_LINE_D11-10d.svg,2024 Edition,43.2x7.9 in,no size table or width dimension read; drawn at page scale (1 pt = 0.1 in)
D11-10e,SHARED-USE PATH DESTINATION AND DISTANCE (2 LINES),Guide Signs,SHARED_USE_PATH_DESTINATION_AND_DISTANCE_2_LINES_D11-10e.svg,2024 Edition,43.2x14.5 in,no size table or width dimension read; drawn at page scale (1 pt = 0.1 in)
D11-10f,SHARED-USE PATH DESTINATION AND DISTANCE (3 LINES),Guide Signs,SHARED_USE_PATH_DESTINATION_AND_DISTANCE_3_LINES_D11-10f.svg,2024 Edition,43.2x21.6 in,no size table or width dimension read; drawn at page scale (1 pt = 0.1 in)
D11-11,BICYCLES DIRECTIONAL,Guide Signs,BICYCLES_DIRECTIONAL_D11-11.svg,2024 Edition,18.0x18.0 in,
D11-12,PEDESTRIANS DIRECTIONAL,Guide Signs,PEDESTRIANS_DIRECTIONAL_D11-12.svg,2024 Edition,18.0x18.0 in,
D11-13,SKATERS DIRECTIONAL,Guide Signs,SKATERS_DIRECTIONAL_D11-13.svg,2024 Edition,18.0x18.0 in,
D11-14,EQUESTRIANS DIRECTIONAL,Guide Signs,EQUESTRIANS_DIRECTIONAL_D11-14.svg,2024 Edition,18.0x18.0 in,
D11-1a,BICYCLE GUIDE,Guide Signs,BICYCLE_GUIDE_D11-1a.svg,2012 Supplement,18.0x18.0 in,scale from the drawing's overall width dimension (18.0 in)
D11-1bP,BIKE ROUTE (PLAQUE),Guide Signs,BIKE_ROUTE_PLAQUE_D11-1bP.svg,2024 Edition,18.0x6.0 in,
D11-1c,BIKE ROUTE WITH DESTINATION,Guide Signs,BIKE_ROUTE_WITH_DESTINATION_D11-1c.svg,2024 Edition,24.0x18.0 in,
D11-2,PEDESTRIAN GUIDE,Guide Signs,PEDESTRIAN_GUIDE_D11-2.svg,2012 Supplement,18.0x18.0 in,scale from the drawing's overall width dimension (18.0 in)
D11-20L,BICYCLE LEFT TURN MAY USE TURN BOX,Guide Signs,BICYCLE_LEFT_TURN_MAY_USE_TURN_BOX_D11-20L.svg,2024 Edition,12.0x18.0 in,
D11-20R,BICYCLE RIGHT TURN MAY USE TURN BOX,Guide Signs,BICYCLE_RIGHT_TURN_MAY_USE_TURN_BOX_D11-20R.svg,2024 Edition,12.0x18.0 in,
D11-20aL,"BICYCLE LEFT TURN BOX (WITH ARROW, OBLIQUE)",Guide Signs,BICYCLE_LEFT_TURN_BOX_WITH_ARROW_OBLIQUE_D11-20aL.svg,2024 Edition,12.0x18.0 in,
D11-20aR,"BICYCLE RIGHT TURN BOX (WITH ARROW, OBLIQUE)",Guide Signs,BICYCLE_RIGHT_TURN_BOX_WITH_ARROW_OBLIQUE_D11-20aR.svg,2024 Edition,12.0x18.0 in,
D11-3,SKATERS GUIDE,Guide Signs,SKATERS_GUIDE_D11-3.svg,2012 Supplement,18.0x18.0 in,scale from the drawing's overall width dimension (18.0 in)
D11-4,EQUESTRIANS GUIDE,Guide Signs,EQUESTRIANS_GUIDE_D11-4.svg,2012 Supplement,18.0x18.0 in,scale from the drawing's overall width dimension (18.0 in)
D12-1,RADIO-WEATHER INFORMATION,Guide Signs,RADIO_WEATHER_INFORMATION_D12-1.svg,2024 Edition,84.0x48.0 in,size 84 in: conventional-road row for D12-1 in the 2004/2012 sheets (2024 table has no marker)
D12-1a,RADIO-TRAFFIC INFORMATION,Guide Signs,RADIO_TRAFFIC_INFORMATION_D12-1a.svg,2024 Edition,96.0x48.1 in,"size 96 in: smallest table row (no conventional-road marker, no earlier edition of this code) — check"
D12-1bP,URGENT MESSAGE WHEN FLASHING (PLAQUE),Guide Signs,URGENT_MESSAGE_WHEN_FLASHING_PLAQUE_D12-1bP.svg,2024 Edition,84.0x30.1 in,"size 84 in: smallest table row (no conventional-road marker, no earlier edition of this code) — check"
D12-2,CARPOOL INFORMATION,Guide Signs,CARPOOL_INFORMATION_D12-2.svg,2024 Edition,60.0x42.0 in,size 60 in: conventional-road row for D12-2 in the 2004/2012 sheets (2024 table has no marker)
D12-3,CHANNEL 9 MONITORED,Guide Signs,CHANNEL_9_MONITORED_D12-3.svg,2024 Edition,84.0x48.0 in,size 84 in: conventional-road row for D12-3 in the 2004/2012 sheets (2024 table has no marker)
D12-4,EMERGENCY CALL 911,Guide Signs,EMERGENCY_CALL_911_D12-4.svg,2024 Edition,66.0x30.0 in,"size 66 in: smallest table row (no conventional-road marker, no earlier edition of this code) — check"
D12-5,TRAVEL INFO CALL 511 (PICTOGRAPH),Guide Signs,TRAVEL_INFO_CALL_511_PICTOGRAPH_D12-5.svg,2024 Edition,48.0x60.0 in,"size 48 in: smallest table row (no conventional-road marker, no earlier edition of this code) — check"
D12-5a,TRAVEL INFO CALL 511,Guide Signs,TRAVEL_INFO_CALL_511_D12-5a.svg,2024 Edition,48.0x36.0 in,"size 48 in: smallest table row (no conventional-road marker, no earlier edition of this code) — check"
D12-6,ROADSIDE ASSISTANCE,Guide Signs,ROADSIDE_ASSISTANCE_D12-6.svg,2024 Edition,60.0x42.0 in,"size 60 in: smallest table row (no conventional-road marker, no earlier edition of this code) — check"
D13-1,CROSSOVER (DIRECTIONAL),Guide Signs,CROSSOVER_DIRECTIONAL_D13-1.svg,2024 Edition,60.0x30.0 in,size 60 in: conventional-road row for D13-1 in the 2004/2012 sheets (2024 table has no marker)
D13-2,ADVANCE CROSSOVER,Guide Signs,ADVANCE_CROSSOVER_D13-2.svg,2024 Edition,60.0x30.0 in,size 60 in: conventional-road row for D13-2 in the 2004/2012 sheets (2024 table has no marker)
D13-3,EXPRESSWAY ENTRANCE,Guide Signs,EXPRESSWAY_ENTRANCE_D13-3.svg,2024 Edition,60.0x30.0 in,
D13-3,FREEWAY ENTRANCE,Guide Signs,FREEWAY_ENTRANCE_D13-3.svg,2024 Edition,48.0x30.0 in,
D13-3,PARKWAY ENTRANCE,Guide Signs,PARKWAY_ENTRANCE_D13-3.svg,2024 Edition,48.0x30.0 in,
D13-3a,FREEWAY ENTRANCE (DIRECTIONAL),Guide Signs,FREEWAY_ENTRANCE_DIRECTIONAL_3_D13-3a.svg,2024 Edition,48.0x42.0 in,same code and name as page 177 but a different drawing; suffixed
D13-3aL,FREEWAY ENTRANCE,Guide Signs,FREEWAY_ENTRANCE_D13-3aL.svg,2004 Edition,8.8x7.6 in,scaled from the dimensioned D13-3aR drawing (thumbnail)
D13-3aR,FREEWAY ENTRANCE,Guide Signs,FREEWAY_ENTRANCE_D13-3aR.svg,2004 Edition,8.8x7.6 in,scale from the drawing's overall width dimension (8.765 in)
D15-1,COMBINATION LANE USE / DESTINATION,Guide Signs,COMBINATION_LANE_USE_DESTINATION_2_D15-1.svg,2024 Edition,24.3x43.2 in,no size table or width dimension read; drawn at page scale (1 pt = 0.1 in); same code and name as page 180 but a different drawing; suffixed
D17-1,NEXT TRUCK LANE,Guide Signs,NEXT_TRUCK_LANE_D17-1.svg,2024 Edition,42.0x48.0 in,"size 42 in: smallest table row (no conventional-road marker, no earlier edition of this code) — check"
D17-2,ADVANCE TRUCK LANE,Guide Signs,ADVANCE_TRUCK_LANE_D17-2.svg,2024 Edition,42.0x42.0 in,"size 42 in: smallest table row (no conventional-road marker, no earlier edition of this code) — check"
D17-3,NEXT PASSING LANE,Guide Signs,NEXT_PASSING_LANE_D17-3.svg,2024 Edition,42.0x48.0 in,"size 42 in: smallest table row (no conventional-road marker, no earlier edition of this code) — check"
D17-4,ADVANCE PASSING LANE,Guide Signs,ADVANCE_PASSING_LANE_D17-4.svg,2024 Edition,42.0x42.0 in,"size 42 in: smallest table row (no conventional-road marker, no earlier edition of this code) — check"
D17-5,ADVANCE EMERGENCY TURN-OUT,Guide Signs,ADVANCE_EMERGENCY_TURN_OUT_D17-5.svg,2024 Edition,60.0x36.0 in,"size 60 in: smallest table row (no conventional-road marker, no earlier edition of this code) — check"
D17-6L,EMERGENCY TURN-OUT (DIRECTIONAL),Guide Signs,EMERGENCY_TURN_OUT_DIRECTIONAL_D17-6L.svg,2024 Edition,60.0x36.1 in,"size 60 in: smallest table row (no conventional-road marker, no earlier edition of this code) — check"
D17-6R,EMERGENCY TURN-OUT (DIRECTIONAL),Guide Signs,EMERGENCY_TURN_OUT_DIRECTIONAL_D17-6R.svg,2024 Edition,60.0x36.0 in,"size 60 in: smallest table row (no conventional-road marker, no earlier edition of this code) — check"
D17-7,SLOW VEHICLE TURN-OUT X MILES,Guide Signs,SLOW_VEHICLE_TURN_OUT_X_MILES_D17-7.svg,2012 Supplement,72.0x42.0 in,"size 72 in: smallest table row (no conventional-road marker, no earlier edition of this code) — check"
D2-1,DISTANCE (1 LINE),Guide Signs,DISTANCE_1_LINE_D2-1.svg,2024 Edition,43.2x14.5 in,no size table or width dimension read; drawn at page scale (1 pt = 0.1 in)
D2-1a,BIKE ROUTE DESTINATION AND DISTANCE (1 LINE),Guide Signs,BIKE_ROUTE_DESTINATION_AND_DISTANCE_1_LINE_D2-1a.svg,2024 Edition,43.3x24.7 in,no size table or width dimension read; drawn at page scale (1 pt = 0.1 in)
D2-2,DISTANCE (2 LINES),Guide Signs,DISTANCE_2_LINES_D2-2.svg,2024 Edition,43.2x21.6 in,no size table or width dimension read; drawn at page scale (1 pt = 0.1 in)
D2-2a,BIKE ROUTE DESTINATION AND DISTANCE (2 LINES),Guide Signs,BIKE_ROUTE_DESTINATION_AND_DISTANCE_2_LINES_D2-2a.svg,2024 Edition,43.2x27.1 in,no size table or width dimension read; drawn at page scale (1 pt = 0.1 in)
D2-3,DISTANCE (3 LINES),Guide Signs,DISTANCE_3_LINES_D2-3.svg,2024 Edition,43.2x31.9 in,no size table or width dimension read; drawn at page scale (1 pt = 0.1 in)
D2-3a,BIKE ROUTE DESTINATION AND DISTANCE (3 LINES),Guide Signs,BIKE_ROUTE_DESTINATION_AND_DISTANCE_3_LINES_D2-3a.svg,2024 Edition,43.2x32.5 in,no size table or width dimension read; drawn at page scale (1 pt = 0.1 in)
D3-1,STREET NAME (1 LINE) PRINCIPAL LEGEND WITH DESCENDING STROKES,Guide Signs,STREET_NAME_1_LINE_PRINCIPAL_LEGEND_WITH_DESCENDING_STROKES_D3-1.svg,2024 Edition,27.3x6.3 in,no size table or width dimension read; drawn at page scale (1 pt = 0.1 in)
D3-1,"STREET NAME (1 LINE) WITHOUT BORDER, PRINCIPAL LEGEND WITH OR WITHOUT DESCENDING STROKES",Guide Signs,STREET_NAME_1_LINE_WITHOUT_BORDER_PRINCIPAL_LEGEND_WITH_OR_WITHOUT_DESCENDING_STROKES_D3-1.svg,2024 Edition,27.3x6.3 in,no size table or width dimension read; drawn at page scale (1 pt = 0.1 in)
D3-1,"STREET NAME (1 LINE, ALTERNATE COLOR ARRANGEMENT)",Guide Signs,STREET_NAME_1_LINE_ALTERNATE_COLOR_ARRANGEMENT_2_D3-1.svg,2024 Edition,23.0x6.4 in,no size table or width dimension read; drawn at page scale (1 pt = 0.1 in); same code and name as page 26 but a different drawing; suffixed
D3-1,"STREET NAME (1 LINE, ALTERNATIVE COLOR ARRANGEMENT)",Guide Signs,STREET_NAME_1_LINE_ALTERNATIVE_COLOR_ARRANGEMENT_D3-1.svg,2024 Edition,27.8x6.4 in,no size table or width dimension read; drawn at page scale (1 pt = 0.1 in)
D3-1,STREET NAME (2 LINES),Guide Signs,STREET_NAME_2_LINES_D3-1.svg,2024 Edition,43.2x15.8 in,no size table or width dimension read; drawn at page scale (1 pt = 0.1 in)
D3-1,STREET NAME SIGN (1 LINE),Guide Signs,STREET_NAME_SIGN_1_LINE_2_D3-1.svg,2024 Edition,23.0x6.5 in,no size table or width dimension read; drawn at page scale (1 pt = 0.1 in); same code and name as page 25 but a different drawing; suffixed
D3-1a,STREET NAME WITH ROUTE SIGN,Guide Signs,STREET_NAME_WITH_ROUTE_SIGN_D3-1a.svg,2024 Edition,43.2x7.6 in,no size table or width dimension read; drawn at page scale (1 pt = 0.1 in)
D3-2,ADVANCE STREET NAME (2 LINES),Guide Signs,ADVANCE_STREET_NAME_2_LINES_D3-2.svg,2024 Edition,43.2x19.7 in,no size table or width dimension read; drawn at page scale (1 pt = 0.1 in)
D3-2,ADVANCE STREET NAME (3 LINES),Guide Signs,ADVANCE_STREET_NAME_3_LINES_2_D3-2.svg,2024 Edition,43.2x25.3 in,no size table or width dimension read; drawn at page scale (1 pt = 0.1 in); same code and name as page 30 but a different drawing; suffixed
D3-2,ADVANCE STREET NAME (4 LINES),Guide Signs,ADVANCE_STREET_NAME_4_LINES_D3-2.svg,2024 Edition,43.2x30.0 in,no size table or width dimension read; drawn at page scale (1 pt = 0.1 in)
D4-1,PARKING AREA DIRECTIONAL,Guide Signs,PARKING_AREA_DIRECTIONAL_D4-1.svg,2024 Edition,18.0x14.4 in,"size 18 in: smallest table row (no conventional-road marker, no earlier edition of this code) — check"
D4-2,PARK - RIDE,Guide Signs,PARK_RIDE_D4-2.svg,2024 Edition,24.0x28.8 in,size 24 in: conventional-road row for D4-2 in the 2004/2012 sheets (2024 table has no marker)
D4-3,BICYCLE PARKING,Guide Signs,BICYCLE_PARKING_D4-3.svg,2004 Edition,11.7x18.0 in,scale from the drawing's overall height dimension (18.0 in)
D4-3L,BICYCLE PARKING AREA DIRECTIONAL,Guide Signs,BICYCLE_PARKING_AREA_DIRECTIONAL_D4-3L.svg,2024 Edition,18.0x12.0 in,
D4-3R,BICYCLE PARKING AREA DIRECTIONAL,Guide Signs,BICYCLE_PARKING_AREA_DIRECTIONAL_D4-3R.svg,2024 Edition,18.0x12.0 in,
D4-4L,BICYCLE SHARING STATION DIRECTIONAL,Guide Signs,BICYCLE_SHARING_STATION_DIRECTIONAL_D4-4L.svg,2024 Edition,12.0x18.0 in,
D4-4R,BICYCLE SHARING STATION DIRECTIONAL,Guide Signs,BICYCLE_SHARING_STATION_DIRECTIONAL_D4-4R.svg,2024 Edition,12.0x18.0 in,
D4-4aL,BICYCLE LOCKERS DIRECTIONAL,Guide Signs,BICYCLE_LOCKERS_DIRECTIONAL_D4-4aL.svg,2024 Edition,12.0x18.0 in,
D4-4aR,BICYCLE LOCKERS DIRECTIONAL,Guide Signs,BICYCLE_LOCKERS_DIRECTIONAL_D4-4aR.svg,2024 Edition,12.0x18.0 in,
D5-1,REST AREA ADVANCE,Guide Signs,REST_AREA_ADVANCE_D5-1.svg,2024 Edition,78.0x36.0 in,"size 78 in: smallest table row (no conventional-road marker, no earlier edition of this code) — check"
D5-10,"PICNIC AREA (ROADSIDE TABLE, ROADSIDE PARK) ADVANCE",Guide Signs,PICNIC_AREA_ROADSIDE_TABLE_ROADSIDE_PARK_ADVANCE_3_D5-10.svg,2024 Edition,102.0x36.1 in,"size 102 in: smallest table row (no conventional-road marker, no earlier edition of this code) — check; same code and name as page 54 but a different drawing; suffixed"
D5-10a,"PICNIC AREA (ROADSIDE TABLE, ROADSIDE PARK) ENTRANCE DIRECTION",Guide Signs,PICNIC_AREA_ROADSIDE_TABLE_ROADSIDE_PARK_ENTRANCE_DIRECTION_3_D5-10a.svg,2024 Edition,102.0x36.1 in,"size 102 in: smallest table row (no conventional-road marker, no earlier edition of this code) — check; same code and name as page 57 but a different drawing; suffixed"
D5-10b,PICNIC AREA GORE,Guide Signs,PICNIC_AREA_GORE_D5-10b.svg,2024 Edition,42.0x48.0 in,"size 42 in: smallest table row (no conventional-road marker, no earlier edition of this code) — check"
D5-10b,ROADSIDE PARK GORE,Guide Signs,ROADSIDE_PARK_GORE_D5-10b.svg,2024 Edition,66.0x48.0 in,"size 66 in: smallest table row (no conventional-road marker, no earlier edition of this code) — check"
D5-10b,ROADSIDE TABLE GORE,Guide Signs,ROADSIDE_TABLE_GORE_D5-10b.svg,2024 Edition,66.0x48.0 in,"size 66 in: smallest table row (no conventional-road marker, no earlier edition of this code) — check"
D5-11,"SCENIC AREA (SCENIC VIEW, SCENIC OVERLOOK) ADVANCE",Guide Signs,SCENIC_AREA_SCENIC_VIEW_SCENIC_OVERLOOK_ADVANCE_3_D5-11.svg,2024 Edition,108.0x36.1 in,"size 108 in: smallest table row (no conventional-road marker, no earlier edition of this code) — check; same code and name as page 63 but a different drawing; suffixed"
D5-11a,GUIDE SIGN,Guide Signs,GUIDE_SIGN_2_D5-11a.svg,2024 Edition,84.0x36.1 in,"size 84 in: smallest table row (no conventional-road marker, no earlier edition of this code) — check; same code and name as page 66 but a different drawing; suffixed"
D5-11a,"SCENIC AREA (SCENIC VIEW, SCENIC OVERLOOK) ENTRANCE DIRECTION",Guide Signs,SCENIC_AREA_SCENIC_VIEW_SCENIC_OVERLOOK_ENTRANCE_DIRECTION_D5-11a.svg,2024 Edition,108.0x36.1 in,"size 108 in: smallest table row (no conventional-road marker, no earlier edition of this code) — check"
D5-11b,ROADSIDE TABLE GORE,Guide Signs,ROADSIDE_TABLE_GORE_D5-11b.svg,2024 Edition,66.0x48.0 in,"size 66 in: smallest table row (no conventional-road marker, no earlier edition of this code) — check"
D5-11b,SCENIC AREA GORE,Guide Signs,SCENIC_AREA_GORE_D5-11b.svg,2024 Edition,54.0x48.0 in,"size 54 in: smallest table row (no conventional-road marker, no earlier edition of this code) — check"
D5-11b,SCENIC VIEW GORE,Guide Signs,SCENIC_VIEW_GORE_D5-11b.svg,2024 Edition,54.0x48.0 in,"size 54 in: smallest table row (no conventional-road marker, no earlier edition of this code) — check"
D5-12,INTERSTATE OASIS,Guide Signs,INTERSTATE_OASIS_D5-12.svg,2024 Edition,162.0x48.1 in,"size 162 in: smallest table row (no conventional-road marker, no earlier edition of this code) — check"
D5-12P,INTERSTATE OASIS (PLAQUE),Guide Signs,INTERSTATE_OASIS_PLAQUE_D5-12P.svg,2012 Supplement,114.0x48.0 in,scale from the drawing's overall width dimension (114.0 in)
D5-12aP,INTERSTATE OASIS (PLAQUE),Guide Signs,INTERSTATE_OASIS_PLAQUE_D5-12aP.svg,2024 Edition,114.0x48.1 in,
D5-12b,INTERSTATE OASIS DIRECTIONAL,Guide Signs,INTERSTATE_OASIS_DIRECTIONAL_2_D5-12b.svg,2024 Edition,48.0x36.0 in,same code and name as page 74 but a different drawing; suffixed
D5-13,BRAKE CHECK AREA ADVANCE,Guide Signs,BRAKE_CHECK_AREA_ADVANCE_D5-13.svg,2024 Edition,96.0x54.0 in,"size 96 in: smallest table row (no conventional-road marker, no earlier edition of this code) — check"
D5-14,BRAKE CHECK AREA ENTRANCE DIRECTION,Guide Signs,BRAKE_CHECK_AREA_ENTRANCE_DIRECTION_D5-14.svg,2024 Edition,96.0x54.0 in,"size 96 in: smallest table row (no conventional-road marker, no earlier edition of this code) — check"
D5-15,CHAIN-UP AREA ADVANCE,Guide Signs,CHAIN_UP_AREA_ADVANCE_D5-15.svg,2024 Edition,72.0x54.0 in,"size 72 in: smallest table row (no conventional-road marker, no earlier edition of this code) — check"
D5-16,CHAIN-UP AREA ENTRANCE DIRECTION,Guide Signs,CHAIN_UP_AREA_ENTRANCE_DIRECTION_D5-16.svg,2024 Edition,72.0x54.0 in,"size 72 in: smallest table row (no conventional-road marker, no earlier edition of this code) — check"
D5-1a,REST AREA ADVANCE DIRECTION,Guide Signs,REST_AREA_ADVANCE_DIRECTION_D5-1a.svg,2024 Edition,78.0x36.0 in,"size 78 in: smallest table row (no conventional-road marker, no earlier edition of this code) — check"
D5-1b,REST AREA NEXT RIGHT,Guide Signs,REST_AREA_NEXT_RIGHT_D5-1b.svg,2004 Edition,120.0x58.0 in,scale from the drawing's overall width dimension (120.0 in)
D5-2,REST AREA ENTRANCE DIRECTION,Guide Signs,REST_AREA_ENTRANCE_DIRECTION_D5-2.svg,2024 Edition,78.0x36.0 in,"size 78 in: smallest table row (no conventional-road marker, no earlier edition of this code) — check"
D5-2a,REST AREA GORE,Guide Signs,REST_AREA_GORE_D5-2a.svg,2024 Edition,42.0x48.0 in,"size 42 in: smallest table row (no conventional-road marker, no earlier edition of this code) — check"
D5-2b,REST AREA,Guide Signs,REST_AREA_D5-2b.svg,2004 Edition,78.0x78.2 in,scale from the drawing's overall width dimension (78.0 in)
D5-3,ADVANCE PARKING AREA DISTACNE,Guide Signs,ADVANCE_PARKING_AREA_DISTACNE_METRIC_D5-3.svg,2004 Edition,126.0x51.6 in,scale from the drawing's overall width dimension (126.0 in)
D5-3c,PARKING AREA ARROW & DISTANCE,Guide Signs,PARKING_AREA_ARROW_DISTANCE_D5-3c.svg,2004 Edition,126.0x70.9 in,scale from the drawing's overall width dimension (126.0 in)
D5-4,PARKING AREA EXIT DIRECTION,Guide Signs,PARKING_AREA_EXIT_DIRECTION_D5-4.svg,2004 Edition,96.0x51.9 in,scale from the drawing's overall width dimension (96.0 in)
D5-5,REST AREA DIRECTIONAL,Guide Signs,REST_AREA_DIRECTIONAL_D5-5.svg,2024 Edition,42.0x48.0 in,
D5-5a,ROADSIDE TABLE SYMBOL,Guide Signs,ROADSIDE_TABLE_SYMBOL_D5-5a.svg,2004 Edition,18.0x18.0 in,size 18 in: conventional-road row for D5-5a in the 2004/2012 sheets (2024 table has no marker)
D5-5b,ROADSIDE PARK ARROW,Guide Signs,ROADSIDE_PARK_ARROW_D5-5b.svg,2004 Edition,96.0x71.4 in,scale from the drawing's overall width dimension (96.0 in)
D5-5c,PICNIC AREA,Guide Signs,PICNIC_AREA_D5-5c.svg,2004 Edition,96.0x71.4 in,no dimension of its own; drawn to the same size as D5-5b on the sheet — check
D5-5d,ROADSIDE PARK 1 MILE,Guide Signs,ROADSIDE_PARK_1_MILE_METRIC_D5-5d.svg,2004 Edition,92.0x73.5 in,scale from the drawing's overall width dimension (92.0 in)
D5-5e,ROADSIDE TABLE 1 MILE,Guide Signs,ROADSIDE_TABLE_1_MILE_METRIC_D5-5e.svg,2004 Edition,92.0x73.5 in,no dimension of its own; drawn to the same size as D5-5d on the sheet — check
D5-6,NEXT REST AREA,Guide Signs,NEXT_REST_AREA_D5-6.svg,2024 Edition,78.0x54.0 in,"size 78 in: smallest table row (no conventional-road marker, no earlier edition of this code) — check"
D5-7,REST AREA STATE NAME WELCOME CENTER ADVANCE,Guide Signs,REST_AREA_STATE_NAME_WELCOME_CENTER_ADVANCE_D5-7.svg,2024 Edition,114.0x72.0 in,"size 114 in: smallest table row (no conventional-road marker, no earlier edition of this code) — check"
D5-7,REST AREA TOURIST INFO CENTER ADVANCE,Guide Signs,REST_AREA_TOURIST_INFO_CENTER_ADVANCE_D5-7.svg,2024 Edition,90.0x72.0 in,"size 90 in: smallest table row (no conventional-road marker, no earlier edition of this code) — check"
D5-7,REST AREA WELCOME CENTER ADVANCE,Guide Signs,REST_AREA_WELCOME_CENTER_ADVANCE_D5-7.svg,2024 Edition,90.0x72.0 in,"size 90 in: smallest table row (no conventional-road marker, no earlier edition of this code) — check"
D5-7a,REST AREA STATE NAME WELCOME CENTER ADVANCE DIRECTION,Guide Signs,REST_AREA_STATE_NAME_WELCOME_CENTER_ADVANCE_DIRECTION_D5-7a.svg,2024 Edition,114.0x72.0 in,"size 114 in: smallest table row (no conventional-road marker, no earlier edition of this code) — check"
D5-7a,REST AREA TOURIST INFO CENTER ADVANCE DIRECTION,Guide Signs,REST_AREA_TOURIST_INFO_CENTER_ADVANCE_DIRECTION_D5-7a.svg,2024 Edition,90.0x72.0 in,"size 90 in: smallest table row (no conventional-road marker, no earlier edition of this code) — check"
D5-7a,REST AREA WELCOME CENTER ADVANCE DIRECTION,Guide Signs,REST_AREA_WELCOME_CENTER_ADVANCE_DIRECTION_D5-7a.svg,2024 Edition,90.0x72.0 in,"size 90 in: smallest table row (no conventional-road marker, no earlier edition of this code) — check"
D5-8,REST AREA TOURIST INFO CENTER ENTRANCE DIRECTION,Guide Signs,REST_AREA_TOURIST_INFO_CENTER_ENTRANCE_DIRECTION_D5-8.svg,2024 Edition,84.0x72.0 in,"size 84 in: smallest table row (no conventional-road marker, no earlier edition of this code) — check"
D5-9,PARKING AREA ADVANCE,Guide Signs,PARKING_AREA_ADVANCE_D5-9.svg,2024 Edition,96.0x36.1 in,"size 96 in: smallest table row (no conventional-road marker, no earlier edition of this code) — check"
D5-9a,PARKING AREA ENTRANCE DIRECTION,Guide Signs,PARKING_AREA_ENTRANCE_DIRECTION_D5-9a.svg,2024 Edition,96.0x36.1 in,"size 96 in: smallest table row (no conventional-road marker, no earlier edition of this code) — check"
D5-9b,PARKING AREA GORE,Guide Signs,PARKING_AREA_GORE_D5-9b.svg,2024 Edition,60.0x48.0 in,"size 60 in: smallest table row (no conventional-road marker, no earlier edition of this code) — check"
D6-1,SCENIC AREA ARROW,Guide Signs,SCENIC_AREA_ARROW_D6-1.svg,2004 Edition,72.0x72.0 in,scale from the drawing's overall width dimension (72.0 in)
D6-2,SCENIC OVERLOOK DISTANCE,Guide Signs,SCENIC_OVERLOOK_DISTANCE_METRIC_D6-2.svg,2004 Edition,92.0x73.5 in,scale from the drawing's overall width dimension (92.0 in)
D6-3,SCENIC AREA EXIT DIRECTION,Guide Signs,SCENIC_AREA_EXIT_DIRECTION_D6-3.svg,2004 Edition,96.0x51.8 in,scale from the drawing's overall width dimension (96.0 in)
D6-4,NATIONAL SCENIC BYWAYS,intervene/Guide Signs,NATIONAL_SCENIC_BYWAYS_D6-4.svg,2004 Edition,24.0x24.0 in,"legend set in CopperplateT-BoldCond on the sheet, a font the extractor cannot outline; that lettering is missing"
D6-4a,NATIONAL SCENIC BYWAYS,intervene/Guide Signs,NATIONAL_SCENIC_BYWAYS_D6-4a.svg,2004 Edition,24.0x11.6 in,"legend set in CopperplateT-BoldCond on the sheet, a font the extractor cannot outline; that lettering is missing"
D7-1,NATIONAL PARK,Guide Signs,NATIONAL_PARK_METRIC_D7-1.svg,2004 Edition,103.0x42.0 in,scale from the drawing's overall height dimension (42.0 in)
D7-2,NATIONAL PARK ARROW,Guide Signs,NATIONAL_PARK_ARROW_METRIC_D7-2.svg,2004 Edition,17.9x6.0 in,scale from the drawing's overall height dimension (6.0 in)
D8-1,ADVANCE WEIGH STATION DISTANCE,Guide Signs,ADVANCE_WEIGH_STATION_DISTANCE_VAR2_D8-1.svg,2024 Edition,60.0x46.2 in,size 60 in: conventional-road row for D8-1 in the 2004/2012 sheets (2024 table has no marker)
D8-1a,WEIGH STATION AHEAD,Guide Signs,WEIGH_STATION_AHEAD_D8-1a.svg,2024 Edition,48.0x34.9 in,"size 48 in: smallest table row (no conventional-road marker, no earlier edition of this code) — check"
D8-2,WEIGH STATION ADVANCE DIRECTION,Guide Signs,WEIGH_STATION_ADVANCE_DIRECTION_D8-2.svg,2024 Edition,66.0x37.7 in,size 66 in: conventional-road row for D8-2 in the 2004/2012 sheets (2024 table has no marker)
D8-3,WEIGH STATION ENTRANCE DIRECTION,Guide Signs,WEIGH_STATION_ENTRANCE_DIRECTION_D8-3.svg,2024 Edition,48.0x43.6 in,size 48 in: conventional-road row for D8-3 in the 2004/2012 sheets (2024 table has no marker)
D9-1,TELEPHONE,Guide Signs,TELEPHONE_D9-1.svg,2024 Edition,30.0x30.0 in,size 30 in: no conventional-road marker in the table and no earlier edition of this code; 30 in diamond chosen — check
D9-10,TOURIST INFORMATION,Guide Signs,TOURIST_INFORMATION_D9-10.svg,2024 Edition,30.0x30.0 in,size 30 in: no conventional-road marker in the table and no earlier edition of this code; 30 in diamond chosen — check
D9-11,DIESEL FUEL,Guide Signs,DIESEL_FUEL_D9-11.svg,2024 Edition,30.0x30.0 in,size 30 in: no conventional-road marker in the table and no earlier edition of this code; 30 in diamond chosen — check
D9-11a,ALTERNATIVE FUEL - COMPRESSED NATURAL GAS,Guide Signs,ALTERNATIVE_FUEL_COMPRESSED_NATURAL_GAS_D9-11a.svg,2024 Edition,18.0x18.0 in,size 18 in: conventional-road row for D9-11a in the 2004/2012 sheets (2024 table has no marker)
D9-11b,ELECTRIC VEHICLE CHARGING,Guide Signs,ELECTRIC_VEHICLE_CHARGING_D9-11b.svg,2024 Edition,30.0x30.0 in,size 30 in: no conventional-road marker in the table and no earlier edition of this code; 30 in diamond chosen — check
D9-11bP,ELECTRIC VEHICLE CHARGING (PLAQUE),Guide Signs,ELECTRIC_VEHICLE_CHARGING_PLAQUE_D9-11bP.svg,2024 Edition,24.0x18.0 in,"size 24 in: smallest table row (no conventional-road marker, no earlier edition of this code) — check"
D9-11c,ALTERNATIVE FUEL - ETHANOL,Guide Signs,ALTERNATIVE_FUEL_ETHANOL_D9-11c.svg,2024 Edition,30.0x30.0 in,size 30 in: no conventional-road marker in the table and no earlier edition of this code; 30 in diamond chosen — check
D9-11d,ALTERNATIVE FUEL - LIQUEFIED NATURAL GAS,Guide Signs,ALTERNATIVE_FUEL_LIQUEFIED_NATURAL_GAS_D9-11d.svg,2024 Edition,30.0x30.0 in,size 30 in: no conventional-road marker in the table and no earlier edition of this code; 30 in diamond chosen — check
D9-11e,ALTERNATIVE FUEL - LIQUEFIED PETROLEUM GAS,Guide Signs,ALTERNATIVE_FUEL_LIQUEFIED_PETROLEUM_GAS_D9-11e.svg,2024 Edition,30.0x30.0 in,size 30 in: no conventional-road marker in the table and no earlier edition of this code; 30 in diamond chosen — check
D9-11f,ALTERNATIVE FUEL - HYDROGEN,Guide Signs,ALTERNATIVE_FUEL_HYDROGEN_D9-11f.svg,2024 Edition,30.0x30.0 in,size 30 in: no conventional-road marker in the table and no earlier edition of this code; 30 in diamond chosen — check
D9-11g,ALTERNATIVE FUEL - BIOFUEL,Guide Signs,ALTERNATIVE_FUEL_BIOFUEL_D9-11g.svg,2024 Edition,30.0x30.0 in,size 30 in: no conventional-road marker in the table and no earlier edition of this code; 30 in diamond chosen — check
D9-12,RV SANITARY STATION,Guide Signs,RV_SANITARY_STATION_D9-12.svg,2024 Edition,30.0x30.0 in,size 30 in: no conventional-road marker in the table and no earlier edition of this code; 30 in diamond chosen — check
D9-13,EMERGENCY MEDICAL SERVICES,Guide Signs,EMERGENCY_MEDICAL_SERVICES_D9-13.svg,2024 Edition,30.0x30.0 in,size 30 in: no conventional-road marker in the table and no earlier edition of this code; 30 in diamond chosen — check
D9-13a,HOSPITAL,Guide Signs,HOSPITAL_D9-13a.svg,2004 Edition,24.0x11.5 in,scale from the drawing's overall width dimension (24.0 in)
D9-13aP,HOSPITAL (PLAQUE),Guide Signs,HOSPITAL_PLAQUE_D9-13aP.svg,2024 Edition,24.0x12.0 in,"size 24 in: smallest table row (no conventional-road marker, no earlier edition of this code) — check"
D9-13b,AMBULANCE STATION,Guide Signs,AMBULANCE_STATION_D9-13b.svg,2004 Edition,24.0x11.5 in,no dimension of its own; drawn to the same size as D9-13a on the sheet — check
D9-13bP,AMBULANCE STATION (PLAQUE),Guide Signs,AMBULANCE_STATION_PLAQUE_D9-13bP.svg,2024 Edition,24.0x12.0 in,"size 24 in: smallest table row (no conventional-road marker, no earlier edition of this code) — check"
D9-13c,EMERGENCY MEDICAL CARE,Guide Signs,EMERGENCY_MEDICAL_CARE_METRIC_D9-13c.svg,2004 Edition,24.0x24.0 in,scale from the drawing's overall width dimension (24.0 in)
D9-13cP,EMERGENCY MEDICAL CARE (PLAQUE),Guide Signs,EMERGENCY_MEDICAL_CARE_PLAQUE_D9-13cP.svg,2024 Edition,24.0x18.0 in,"size 24 in: smallest table row (no conventional-road marker, no earlier edition of this code) — check"
D9-13dP,TRAUMA CENTER (PLAQUE),Guide Signs,TRAUMA_CENTER_PLAQUE_D9-13dP.svg,2024 Edition,24.0x12.0 in,"size 24 in: smallest table row (no conventional-road marker, no earlier edition of this code) — check"
D9-14,POLICE,Guide Signs,POLICE_D9-14.svg,2024 Edition,24.0x24.0 in,size 24 in: conventional-road row for D9-14 in the 2004/2012 sheets (2024 table has no marker)
D9-15,PROPANE GAS,Guide Signs,PROPANE_GAS_D9-15.svg,2004 Edition,18.0x18.0 in,size 18 in: conventional-road row for D9-15 in the 2004/2012 sheets (2024 table has no marker)
D9-16,TRUCK PARKING,Guide Signs,TRUCK_PARKING_D9-16.svg,2024 Edition,24.0x24.0 in,size 24 in: conventional-road row for D9-16 in the 2004/2012 sheets (2024 table has no marker)
D9-16aP,TRUCK EXTERNAL POWER (PLAQUE),Guide Signs,TRUCK_EXTERNAL_POWER_PLAQUE_D9-16aP.svg,2024 Edition,30.0x30.0 in,size 30 in: no conventional-road marker in the table and no earlier edition of this code; 30 in diamond chosen — check
D9-16b,TRUCK PARKING AVAILABILITY - EXIT NUMBER,Guide Signs,TRUCK_PARKING_AVAILABILITY_EXIT_NUMBER_D9-16b.svg,2024 Edition,40.6x32.5 in,no size table or width dimension read; drawn at page scale (1 pt = 0.1 in)
D9-16c,TRUCK PARKING AVAILABILITY - DISTANCE,Guide Signs,TRUCK_PARKING_AVAILABILITY_DISTANCE_D9-16c.svg,2024 Edition,37.9x32.5 in,no size table or width dimension read; drawn at page scale (1 pt = 0.1 in)
D9-16d,TRUCK PARKING AVAILABILITY - REST AREAS,Guide Signs,TRUCK_PARKING_AVAILABILITY_REST_AREAS_2_D9-16d.svg,2024 Edition,37.9x37.9 in,no size table or width dimension read; drawn at page scale (1 pt = 0.1 in); same code and name as page 116 but a different drawing; suffixed
D9-16e,TRUCK PARKING AVAILABILITY - COMBINED,Guide Signs,TRUCK_PARKING_AVAILABILITY_COMBINED_3_D9-16e.svg,2024 Edition,37.8x32.4 in,no size table or width dimension read; drawn at page scale (1 pt = 0.1 in); same code and name as page 118 but a different drawing; suffixed
D9-17,23 MILES,Guide Signs,23_MILES_METRIC_D9-17.svg,2004 Edition,102.0x27.8 in,scale from the drawing's overall width dimension (102.0 in)
D9-17,NEXT SERVICES XX MILES (ENGLISH),Guide Signs,NEXT_SERVICES_XX_MILES_ENGLISH_METRIC_D9-17.svg,2004 Edition,102.0x27.8 in,scale from the drawing's overall width dimension (102.0 in)
D9-17,NEXT SERVICES XX km (METRIC),Guide Signs,NEXT_SERVICES_XX_KM_METRIC_D9-17.svg,2004 Edition,102.0x27.8 in,scaled from the dimensioned D9-17 drawing (thumbnail)
D9-17P,NEXT SERVICES (PLAQUE),Guide Signs,NEXT_SERVICES_PLAQUE_D9-17P.svg,2012 Supplement,72.0x18.9 in,"size 72 in: smallest table row (no conventional-road marker, no earlier edition of this code) — check"
D9-17a,NEXT EV CHARGING XX MILES,Guide Signs,NEXT_EV_CHARGING_XX_MILES_D9-17a.svg,2024 Edition,126.0x60.1 in,
D9-18,GENERAL SERVICES (UP TO 6 SYMBOLS) WITH EXIT NUMBER,Guide Signs,GENERAL_SERVICES_UP_TO_6_SYMBOLS_WITH_EXIT_NUMBER_D9-18.svg,2024 Edition,108.0x84.0 in,"size 108 in: smallest table row (no conventional-road marker, no earlier edition of this code) — check"
D9-18a,GENERAL SERVICES WITH EXIT NUMBER,Guide Signs,GENERAL_SERVICES_WITH_EXIT_NUMBER_D9-18a.svg,2024 Edition,72.0x60.0 in,"size 72 in: smallest table row (no conventional-road marker, no earlier edition of this code) — check"
D9-18b,GENERAL SERVICES (UP TO 6 SYMBOLS) WITH ACTION MESSAGE,Guide Signs,GENERAL_SERVICES_UP_TO_6_SYMBOLS_WITH_ACTION_MESSAGE_D9-18b.svg,2024 Edition,108.0x84.0 in,"size 108 in: smallest table row (no conventional-road marker, no earlier edition of this code) — check"
D9-18c,GENERAL SERVICES WITH ACTION MESSAGE,Guide Signs,GENERAL_SERVICES_WITH_ACTION_MESSAGE_D9-18c.svg,2024 Edition,72.0x60.0 in,"size 72 in: smallest table row (no conventional-road marker, no earlier edition of this code) — check"
D9-18dP,RURAL INTERCHANGE GENERAL SERVICES (UP TO 3 SYMBOLS) (PLAQUE),Guide Signs,RURAL_INTERCHANGE_GENERAL_SERVICES_UP_TO_3_SYMBOLS_PLAQUE_D9-18dP.svg,2024 Edition,120.0x36.1 in,
D9-18e,GUIDE SIGN,Guide Signs,GUIDE_SIGN_D9-18e.svg,2004 Edition,96.0x71.2 in,scale from the drawing's overall width dimension (96.0 in)
D9-18eP,RURAL INTERCHANGE GENERAL SERVICES (1 LINE) (PLAQUE),Guide Signs,RURAL_INTERCHANGE_GENERAL_SERVICES_1_LINE_PLAQUE_D9-18eP.svg,2024 Edition,43.2x9.7 in,no size table or width dimension read; drawn at page scale (1 pt = 0.1 in)
D9-18fP,RURAL INTERCHANGE GENERAL SERVICES (2 LINES) (PLAQUE),Guide Signs,RURAL_INTERCHANGE_GENERAL_SERVICES_2_LINES_PLAQUE_D9-18fP.svg,2024 Edition,43.2x16.9 in,no size table or width dimension read; drawn at page scale (1 pt = 0.1 in)
D9-19,ALTERNATIVE FUELS CORRIDOR,Guide Signs,ALTERNATIVE_FUELS_CORRIDOR_D9-19.svg,2024 Edition,24.0x24.0 in,"size 24 in: smallest table row (no conventional-road marker, no earlier edition of this code) — check"
D9-19aP,ALTERNATIVE FUELS CORRIDOR (1 LINE) (PLAQUE),Guide Signs,ALTERNATIVE_FUELS_CORRIDOR_1_LINE_PLAQUE_VAR2_D9-19aP.svg,2024 Edition,30.0x9.0 in,"size 30 in: smallest table row (no conventional-road marker, no earlier edition of this code) — check"
D9-19bP,ALTERNATIVE FUELS CORRIDOR (2 LINES) (PLAQUE),Guide Signs,ALTERNATIVE_FUELS_CORRIDOR_2_LINES_PLAQUE_D9-19bP.svg,2024 Edition,30.0x12.0 in,"size 30 in: smallest table row (no conventional-road marker, no earlier edition of this code) — check"
D9-1a,TELEPHONE,Guide Signs,TELEPHONE_D9-1a.svg,2004 Edition,18.0x24.3 in,size 18 in: conventional-road row for D9-1a in the 2004/2012 sheets (2024 table has no marker)
D9-1b,TELEPHONE,Guide Signs,TELEPHONE_METRIC_D9-1b.svg,2004 Edition,18.0x24.3 in,size 18 in: conventional-road row for D9-1b in the 2004/2012 sheets (2024 table has no marker)
D9-2,HOSPITAL,Guide Signs,HOSPITAL_D9-2.svg,2024 Edition,30.0x30.0 in,size 30 in: no conventional-road marker in the table and no earlier edition of this code; 30 in diamond chosen — check
D9-20,PHARMACY,Guide Signs,PHARMACY_D9-20.svg,2024 Edition,30.0x30.0 in,size 30 in: no conventional-road marker in the table and no earlier edition of this code; 30 in diamond chosen — check
D9-20aP,24-HOUR (PLAQUE),Guide Signs,24_HOUR_PLAQUE_D9-20aP.svg,2024 Edition,24.0x12.0 in,"size 24 in: smallest table row (no conventional-road marker, no earlier edition of this code) — check"
D9-21,TELECOMMUNICATION DEVICE FOR THE DEAF,Guide Signs,TELECOMMUNICATION_DEVICE_FOR_THE_DEAF_D9-21.svg,2024 Edition,30.0x30.0 in,size 30 in: no conventional-road marker in the table and no earlier edition of this code; 30 in diamond chosen — check
D9-22,WIRELESS INTERNET,Guide Signs,WIRELESS_INTERNET_D9-22.svg,2024 Edition,30.0x30.0 in,size 30 in: no conventional-road marker in the table and no earlier edition of this code; 30 in diamond chosen — check
D9-3,CAMPING,Guide Signs,CAMPING_D9-3.svg,2024 Edition,30.0x30.0 in,size 30 in: no conventional-road marker in the table and no earlier edition of this code; 30 in diamond chosen — check
D9-3a,TRAILER CAMPING,Guide Signs,TRAILER_CAMPING_D9-3a.svg,2004 Edition,18.0x18.0 in,size 18 in: conventional-road row for D9-3a in the 2004/2012 sheets (2024 table has no marker)
D9-4,LITTER CONTAINER,Guide Signs,LITTER_CONTAINER_D9-4.svg,2024 Edition,24.0x30.0 in,size 24 in: conventional-road row for D9-4 in the 2004/2012 sheets (2024 table has no marker)
D9-6,INTERNATIONAL SYMBOL OF ACCESSIBILITY,Guide Signs,INTERNATIONAL_SYMBOL_OF_ACCESSIBILITY_D9-6.svg,2024 Edition,30.0x30.0 in,size 30 in: no conventional-road marker in the table and no earlier edition of this code; 30 in diamond chosen — check
D9-6P,VAN ACCESSIBLE (PLAQUE),Guide Signs,VAN_ACCESSIBLE_PLAQUE_D9-6P.svg,2024 Edition,18.0x9.0 in,
D9-7,GAS,Guide Signs,GAS_D9-7.svg,2004 Edition,18.0x18.0 in,size 18 in: conventional-road row for D9-7 in the 2004/2012 sheets (2024 table has no marker)
D9-8,FOOD,Guide Signs,FOOD_D9-8.svg,2024 Edition,30.0x30.0 in,size 30 in: no conventional-road marker in the table and no earlier edition of this code; 30 in diamond chosen — check
D9-9,LODGING,Guide Signs,LODGING_D9-9.svg,2024 Edition,30.0x30.0 in,size 30 in: no conventional-road marker in the table and no earlier edition of this code; 30 in diamond chosen — check
E1-1,INTERCHANGE ADVANCE GUIDE (1 DESTINATION),Guide Signs,INTERCHANGE_ADVANCE_GUIDE_1_DESTINATION_2_E1-1.svg,2024 Edition,43.2x30.0 in,no size table or width dimension read; drawn at page scale (1 pt = 0.1 in); same code and name as page 189 but a different drawing; suffixed
E1-2,"INTERCHANGE ADVANCE GUIDE (1 SHIELD, 1 DESTINATION)",Guide Signs,INTERCHANGE_ADVANCE_GUIDE_1_SHIELD_1_DESTINATION_E1-2.svg,2024 Edition,43.2x28.9 in,no size table or width dimension read; drawn at page scale (1 pt = 0.1 in)
E1-2,INTERCHANGE ADVANCE GUIDE (2 DESTINATIONS),Guide Signs,INTERCHANGE_ADVANCE_GUIDE_2_DESTINATIONS_E1-2.svg,2024 Edition,43.2x26.5 in,no size table or width dimension read; drawn at page scale (1 pt = 0.1 in)
E1-3,"INTERCHANGE ADVANCE GUIDE (1 SHIELD, 2 DESTINATIONS)",Guide Signs,INTERCHANGE_ADVANCE_GUIDE_1_SHIELD_2_DESTINATIONS_E1-3.svg,2024 Edition,41.1x34.3 in,no size table or width dimension read; drawn at page scale (1 pt = 0.1 in)
E1-3,INTERCHANGE ADVANCE GUIDE (3 DESTINATIONS),Guide Signs,INTERCHANGE_ADVANCE_GUIDE_3_DESTINATIONS_E1-3.svg,2024 Edition,43.2x33.7 in,no size table or width dimension read; drawn at page scale (1 pt = 0.1 in)
E1-5,EXIT123,Guide Signs,EXIT123_E1-5.svg,2004 Edition,6.0x1.6 in,scale from the drawing's overall width dimension (6.0 in)
E1-5P,"EXIT NUMBER (1, 2 DIGITS) (PLAQUE)",Guide Signs,EXIT_NUMBER_1_2_DIGITS_PLAQUE_E1-5P.svg,2024 Edition,114.0x30.1 in,
E1-5a,EXIT 123,Guide Signs,EXIT_123_E1-5a.svg,2004 Edition,48.0x49.1 in,scale from the drawing's overall width dimension (48.0 in)
E1-5aP,EXIT NUMBER (3 DIGITS) (PLAQUE),Guide Signs,EXIT_NUMBER_3_DIGITS_PLAQUE_E1-5aP.svg,2024 Edition,132.0x30.1 in,
E1-5bP,"EXIT NUMBER (1, 2 DIGITS WITH SINGLE-LETTER SUFFIX) (PLAQUE)",Guide Signs,EXIT_NUMBER_1_2_DIGITS_WITH_SINGLE_LETTER_SUFFIX_PLAQUE_E1-5bP.svg,2024 Edition,138.0x30.1 in,
E1-5cP,EXIT NUMBER (3 DIGITS WITH SINGLE-LETTER SUFFIX) (PLAQUE),Guide Signs,EXIT_NUMBER_3_DIGITS_WITH_SINGLE_LETTER_SUFFIX_PLAQUE_E1-5cP.svg,2024 Edition,156.0x30.1 in,
E1-5dP,"EXIT NUMBER (1, 2 DIGITS WITH DUAL-LETTER SUFFIX) (PLAQUE)",Guide Signs,EXIT_NUMBER_1_2_DIGITS_WITH_DUAL_LETTER_SUFFIX_PLAQUE_E1-5dP.svg,2024 Edition,168.0x30.2 in,
E1-5eP,EXIT NUMBER (3 DIGITS WITH DUAL-LETTER SUFFIX) (PLAQUE),Guide Signs,EXIT_NUMBER_3_DIGITS_WITH_DUAL_LETTER_SUFFIX_PLAQUE_E1-5eP.svg,2024 Edition,186.0x30.2 in,
E1-5fP,GUIDE SIGN,Guide Signs,GUIDE_SIGN_E1-5fP.svg,2024 Edition,114.0x54.1 in,
E1-5gP,GUIDE SIGN,Guide Signs,GUIDE_SIGN_E1-5gP.svg,2024 Edition,132.0x54.1 in,
E1-5hP,"LEFT EXIT NUMBER (1, 2 DIGITS WITH SINGLE-LETTER SUFFIX) (PLAQUE)",Guide Signs,LEFT_EXIT_NUMBER_1_2_DIGITS_WITH_SINGLE_LETTER_SUFFIX_PLAQUE_E1-5hP.svg,2024 Edition,138.0x54.1 in,
E1-5iP,LEFT EXIT NUMBER (3 DIGITS WITH SINGLE-LETTER SUFFIX) (PLAQUE),Guide Signs,LEFT_EXIT_NUMBER_3_DIGITS_WITH_SINGLE_LETTER_SUFFIX_PLAQUE_E1-5iP.svg,2024 Edition,156.0x54.1 in,
E1-5jP,"LEFT EXIT NUMBER (1, 2 DIGITS WITH DUAL-LETTER SUFFIX) (PLAQUE)",Guide Signs,LEFT_EXIT_NUMBER_1_2_DIGITS_WITH_DUAL_LETTER_SUFFIX_PLAQUE_E1-5jP.svg,2024 Edition,168.0x54.1 in,
E1-5kP,LEFT EXIT NUMBER (3 DIGITS WITH DUAL-LETTER SUFFIX) (PLAQUE),Guide Signs,LEFT_EXIT_NUMBER_3_DIGITS_WITH_DUAL_LETTER_SUFFIX_PLAQUE_E1-5kP.svg,2024 Edition,186.0x54.2 in,
E1-5mP,LEFT (PLAQUE),Guide Signs,LEFT_PLAQUE_E1-5mP.svg,2024 Edition,72.0x30.0 in,
E11-1,EXIT ONLY (WITH DOWN ARROW),Guide Signs,EXIT_ONLY_WITH_DOWN_ARROW_E11-1.svg,2024 Edition,43.2x9.0 in,no size table or width dimension read; drawn at page scale (1 pt = 0.1 in)
E11-1a,EXIT,Guide Signs,EXIT_E11-1a.svg,2024 Edition,54.0x18.0 in,"size 54 in: smallest table row (no conventional-road marker, no earlier edition of this code) — check"
E11-1b,ONLY,Guide Signs,ONLY_E11-1b.svg,2024 Edition,54.0x18.0 in,"size 54 in: smallest table row (no conventional-road marker, no earlier edition of this code) — check"
E11-1c,EXIT ONLY,Guide Signs,EXIT_ONLY_E11-1c.svg,2024 Edition,120.0x18.1 in,
E11-1d,EXIT ONLY (WITH DIRECTIONAL ARROW),Guide Signs,EXIT_ONLY_WITH_DIRECTIONAL_ARROW_E11-1d.svg,2024 Edition,43.2x9.0 in,no size table or width dimension read; drawn at page scale (1 pt = 0.1 in)
E11-1e,EXIT ONLY (WITH TWO DIRECTIONAL ARROWS),Guide Signs,EXIT_ONLY_WITH_TWO_DIRECTIONAL_ARROWS_E11-1e.svg,2024 Edition,222.0x36.2 in,
E11-1f,EXIT ONLY (WITH TWO DOWN ARROWS),Guide Signs,EXIT_ONLY_WITH_TWO_DOWN_ARROWS_E11-1f.svg,2024 Edition,222.0x36.2 in,
E11-2,LEFT (PANEL),Guide Signs,LEFT_PANEL_E11-2.svg,2024 Edition,60.0x18.0 in,
E13-1P,EXIT GORE ADVISORY SPEED (PLAQUE),Guide Signs,EXIT_GORE_ADVISORY_SPEED_PLAQUE_E13-1P.svg,2012 Supplement,72.0x24.0 in,scale from the drawing's overall width dimension (72.0 in)
E13-2,EXIT DIRECTION ADVISORY SPEED - EXIT (PANEL),Guide Signs,EXIT_DIRECTION_ADVISORY_SPEED_EXIT_PANEL_E13-2.svg,2024 Edition,162.0x24.2 in,
E2-1P,NEXT EXIT (1 LINE) (PLAQUE),Guide Signs,NEXT_EXIT_1_LINE_PLAQUE_E2-1P.svg,2024 Edition,43.2x7.3 in,no size table or width dimension read; drawn at page scale (1 pt = 0.1 in)
E2-1aP,NEXT EXIT (2 LINES) (PLAQUE),Guide Signs,NEXT_EXIT_2_LINES_PLAQUE_E2-1aP.svg,2024 Edition,43.3x20.0 in,no size table or width dimension read; drawn at page scale (1 pt = 0.1 in)
E2-2,SECOND RIGHT,Guide Signs,SECOND_RIGHT_E2-2.svg,2004 Edition,114.0x21.6 in,scale from the drawing's overall width dimension (114.0 in)
E2-3,1/ MILE 2,Guide Signs,1_MILE_2_METRIC_E2-3.svg,2004 Edition,11.0x2.9 in,scale from the drawing's overall width dimension (11.0 in)
E3-1,SUPPLEMENTAL (1 DESTINATION),Guide Signs,SUPPLEMENTAL_1_DESTINATION_2_E3-1.svg,2024 Edition,43.2x28.9 in,no size table or width dimension read; drawn at page scale (1 pt = 0.1 in); same code and name as page 210 but a different drawing; suffixed
E3-2,SUPPLEMENTAL (2 DESTINATIONS),Guide Signs,SUPPLEMENTAL_2_DESTINATIONS_2_E3-2.svg,2024 Edition,43.2x34.6 in,no size table or width dimension read; drawn at page scale (1 pt = 0.1 in); same code and name as page 213 but a different drawing; suffixed
E4-1,EXIT DIRECTION (1 DESTINATION) - OVERHEAD,Guide Signs,EXIT_DIRECTION_1_DESTINATION_OVERHEAD_2_E4-1.svg,2024 Edition,43.2x25.5 in,no size table or width dimension read; drawn at page scale (1 pt = 0.1 in); same code and name as page 215 but a different drawing; suffixed
E4-1,EXIT DIRECTION (1 DESTINATION) - POST-MOUNTED,Guide Signs,EXIT_DIRECTION_1_DESTINATION_POST_MOUNTED_2_E4-1.svg,2024 Edition,28.9x43.2 in,no size table or width dimension read; drawn at page scale (1 pt = 0.1 in); same code and name as page 217 but a different drawing; suffixed
E4-2,EXIT DIRECTION (2 DESTINATIONS) - OVERHEAD,Guide Signs,EXIT_DIRECTION_2_DESTINATIONS_OVERHEAD_2_E4-2.svg,2024 Edition,43.3x17.8 in,no size table or width dimension read; drawn at page scale (1 pt = 0.1 in); same code and name as page 219 but a different drawing; suffixed
E4-2,EXIT DIRECTION (2 DESTINATIONS) - POST-MOUNTED,Guide Signs,EXIT_DIRECTION_2_DESTINATIONS_POST_MOUNTED_2_E4-2.svg,2024 Edition,43.2x31.9 in,no size table or width dimension read; drawn at page scale (1 pt = 0.1 in); same code and name as page 221 but a different drawing; suffixed
E4-3,EXIT DIRECTION (3 DESTINATIONS) - OVERHEAD,Guide Signs,EXIT_DIRECTION_3_DESTINATIONS_OVERHEAD_2_E4-3.svg,2024 Edition,43.3x25.5 in,no size table or width dimension read; drawn at page scale (1 pt = 0.1 in); same code and name as page 223 but a different drawing; suffixed
E4-3,EXIT DIRECTION (3 DESTINATIONS) - POST-MOUNTED,Guide Signs,EXIT_DIRECTION_3_DESTINATIONS_POST_MOUNTED_2_E4-3.svg,2024 Edition,38.9x34.8 in,no size table or width dimension read; drawn at page scale (1 pt = 0.1 in); same code and name as page 225 but a different drawing; suffixed
E5-1,EXIT GORE,Guide Signs,EXIT_GORE_E5-1.svg,2024 Edition,72.0x60.0 in,
E5-1a,"EXIT GORE (1, 2 AND 3 DIGITS WITH DUAL-LETTER SUFFIX)",Guide Signs,EXIT_GORE_1_2_AND_3_DIGITS_WITH_DUAL_LETTER_SUFFIX_E5-1a.svg,2024 Edition,120.0x60.1 in,
E5-1a,"EXIT GORE (1, 2 AND 3 DIGITS WITH SINGLE-LETTER SUFFIX)",Guide Signs,EXIT_GORE_1_2_AND_3_DIGITS_WITH_SINGLE_LETTER_SUFFIX_E5-1a.svg,2024 Edition,90.0x60.0 in,
E5-1a,"EXIT GORE (1, 2 AND 3 DIGITS)",Guide Signs,EXIT_GORE_1_2_AND_3_DIGITS_E5-1a.svg,2024 Edition,78.0x60.0 in,
E5-1bP,"EXIT NUMBER (1, 2, AND 3 DIGITS WITH DUAL-LETTER SUFFIX) (PLAQUE)",Guide Signs,EXIT_NUMBER_1_2_AND_3_DIGITS_WITH_DUAL_LETTER_SUFFIX_PLAQUE_E5-1bP.svg,2024 Edition,84.0x21.1 in,
E5-1bP,"EXIT NUMBER (1, 2, AND 3 DIGITS WITH SINGLE-LETTER SUFFIX) (PLAQUE)",Guide Signs,EXIT_NUMBER_1_2_AND_3_DIGITS_WITH_SINGLE_LETTER_SUFFIX_PLAQUE_E5-1bP.svg,2024 Edition,54.0x22.5 in,
E5-1bP,"EXIT NUMBER (1, 2, AND 3 DIGITS) (PLAQUE)",Guide Signs,EXIT_NUMBER_1_2_AND_3_DIGITS_PLAQUE_E5-1bP.svg,2024 Edition,42.0x30.0 in,
E5-1c,NARROW EXIT GORE,Guide Signs,NARROW_EXIT_GORE_E5-1c.svg,2024 Edition,33.7x50.5 in,no size table or width dimension read; drawn at page scale (1 pt = 0.1 in)
E5-2,EXIT OPEN,Guide Signs,EXIT_OPEN_E5-2.svg,2024 Edition,48.0x36.0 in,
E5-2a,EXIT CLOSED,Guide Signs,EXIT_CLOSED_E5-2a.svg,2024 Edition,48.0x36.0 in,
E5-3,EXIT ONLY,Guide Signs,EXIT_ONLY_E5-3.svg,2024 Edition,48.0x36.0 in,
E6-1,PULL-THROUGH,Guide Signs,PULL_THROUGH_E6-1.svg,2024 Edition,37.5x43.2 in,no size table or width dimension read; drawn at page scale (1 pt = 0.1 in)
E6-1a,PULL-THROUGH (DESTINATION),Guide Signs,PULL_THROUGH_DESTINATION_E6-1a.svg,2024 Edition,43.2x31.5 in,no size table or width dimension read; drawn at page scale (1 pt = 0.1 in)
E6-2,PULL-THROUGH (DOWN ARROWS),Guide Signs,PULL_THROUGH_DOWN_ARROWS_E6-2.svg,2024 Edition,35.2x54.1 in,no size table or width dimension read; drawn at page scale (1 pt = 0.1 in)
E6-2a,"PULL-THROUGH (DESTINATION, DOWN ARROWS)",intervene/Guide Signs,PULL_THROUGH_DESTINATION_DOWN_ARROWS_E6-2a.svg,2024 Edition,186.0x120.1 in,1 overlapping duplicate shape(s) in the sheet's drawing (FHWA artwork fault); needs a manual check
E7-1,POST INTERCHANGE DISTANCE,Guide Signs,POST_INTERCHANGE_DISTANCE_2_E7-1.svg,2024 Edition,43.3x15.5 in,no size table or width dimension read; drawn at page scale (1 pt = 0.1 in); same code and name as page 239 but a different drawing; suffixed
E7-2,POST INTERCHANGE DISTANCE,Guide Signs,POST_INTERCHANGE_DISTANCE_2_E7-2.svg,2024 Edition,43.3x18.2 in,no size table or width dimension read; drawn at page scale (1 pt = 0.1 in); same code and name as page 241 but a different drawing; suffixed
E7-3,POST INTERCHANGE DISTANCE,Guide Signs,POST_INTERCHANGE_DISTANCE_8_E7-3.svg,2024 Edition,24.7x26.8 in,no size table or width dimension read; drawn at page scale (1 pt = 0.1 in); same code and name as page 243 but a different drawing; suffixed
E7-4,POST INTERCHANGE DISTANCE,Guide Signs,POST_INTERCHANGE_DISTANCE_2_E7-4.svg,2024 Edition,43.2x11.2 in,no size table or width dimension read; drawn at page scale (1 pt = 0.1 in); same code and name as page 251 but a different drawing; suffixed
E7-5,DISTANCE AND TRAVEL TIME,Guide Signs,DISTANCE_AND_TRAVEL_TIME_2_E7-5.svg,2024 Edition,43.2x43.2 in,no size table or width dimension read; drawn at page scale (1 pt = 0.1 in); same code and name as page 253 but a different drawing; suffixed
E7-6,COMPARATIVE TRAVEL TIME,Guide Signs,COMPARATIVE_TRAVEL_TIME_E7-6.svg,2024 Edition,43.2x22.1 in,no size table or width dimension read; drawn at page scale (1 pt = 0.1 in)
E8-1,PREFERENTIAL LANE ENTRANCE GORE,Guide Signs,PREFERENTIAL_LANE_ENTRANCE_GORE_E8-1.svg,2024 Edition,48.0x95.9 in,
E8-1a,PREFERENTIAL LANE INTERMEDIATE ENTRANCE GORE,Guide Signs,PREFERENTIAL_LANE_INTERMEDIATE_ENTRANCE_GORE_E8-1a.svg,2024 Edition,48.0x83.9 in,
E8-2,PREFERENTIAL LANE ENTRANCE DIRECTION (OVERHEAD),Guide Signs,PREFERENTIAL_LANE_ENTRANCE_DIRECTION_OVERHEAD_E8-2.svg,2024 Edition,228.0x72.2 in,
E8-2a,PREFERENTIAL LANE ENTRANCE DIRECTION (POST-MOUNTED),Guide Signs,PREFERENTIAL_LANE_ENTRANCE_DIRECTION_POST_MOUNTED_E8-2a.svg,2024 Edition,186.0x108.1 in,
E8-3,PREFERENTIAL LANE ENTRANCE ADVANCE,Guide Signs,PREFERENTIAL_LANE_ENTRANCE_ADVANCE_E8-3.svg,2024 Edition,186.0x96.1 in,
E8-4,PREFERENTIAL LANE DIRECT EXIT GORE,Guide Signs,PREFERENTIAL_LANE_DIRECT_EXIT_GORE_E8-4.svg,2024 Edition,60.0x78.0 in,
E8-5,PREFERENTIAL LANE INTERMEDIATE EGRESS DIRECTION,Guide Signs,PREFERENTIAL_LANE_INTERMEDIATE_EGRESS_DIRECTION_E8-5.svg,2024 Edition,25.0x46.9 in,no size table or width dimension read; drawn at page scale (1 pt = 0.1 in)
E8-6,PREFERENTIAL LANE INTERMEDIATE EGRESS ADVANCE,Guide Signs,PREFERENTIAL_LANE_INTERMEDIATE_EGRESS_ADVANCE_E8-6.svg,2024 Edition,28.9x50.5 in,no size table or width dimension read; drawn at page scale (1 pt = 0.1 in)
E9-1,INTERCHANGE SEQUENCE (2 INTERCHANGES),Guide Signs,INTERCHANGE_SEQUENCE_2_INTERCHANGES_E9-1.svg,2024 Edition,43.2x13.5 in,no size table or width dimension read; drawn at page scale (1 pt = 0.1 in)
E9-2,INTERCHANGE SEQUENCE (3 INTERCHANGES),Guide Signs,INTERCHANGE_SEQUENCE_3_INTERCHANGES_E9-2.svg,2024 Edition,43.2x16.8 in,no size table or width dimension read; drawn at page scale (1 pt = 0.1 in)
E9-3,NEXT EXITS (1 DESTINATION),Guide Signs,NEXT_EXITS_1_DESTINATION_E9-3.svg,2024 Edition,43.3x18.2 in,no size table or width dimension read; drawn at page scale (1 pt = 0.1 in)
E9-3a,NEXT EXITS (2 DESTINATIONS),Guide Signs,NEXT_EXITS_2_DESTINATIONS_2_E9-3a.svg,2024 Edition,43.2x34.6 in,no size table or width dimension read; drawn at page scale (1 pt = 0.1 in); same code and name as page 267 but a different drawing; suffixed
E9-4,COMMUNITY INTERCHANGES (2 INTERCHANGES),Guide Signs,COMMUNITY_INTERCHANGES_2_INTERCHANGES_E9-4.svg,2024 Edition,43.2x20.4 in,no size table or width dimension read; drawn at page scale (1 pt = 0.1 in)
E9-5,COMMUNITY INTERCHANGES (3 INTERCHANGES),Guide Signs,COMMUNITY_INTERCHANGES_3_INTERCHANGES_E9-5.svg,2024 Edition,43.2x24.1 in,no size table or width dimension read; drawn at page scale (1 pt = 0.1 in)
EM-1,EVACUATION ROUTE,Emergency Management Signs,EVACUATION_ROUTE_EM-1.svg,2012 Supplement,24.0x24.0 in,scale from the drawing's overall width dimension (24.0 in)
EM-1a,EVACUATION ROUTE (TSUNAMI),Emergency Management Signs,EVACUATION_ROUTE_TSUNAMI_VAR2_EM-1a.svg,2012 Supplement,24.0x13.0 in,scaled from the dimensioned EM-1a drawing (thumbnail)
EM-2,RETRO,Emergency Management Signs,RETRO_EM-2.svg,2004 Edition,30.0x23.8 in,no dimension of its own; drawn to the same size as EM-3 on the sheet — check
EM-3,REFLECTIVE),Emergency Management Signs,REFLECTIVE_BLACK_EM-3.svg,2004 Edition,30.0x23.8 in,scaled from the dimensioned EM-3 drawing (thumbnail)
EM-4,RETRO,Emergency Management Signs,RETRO_EM-4.svg,2004 Edition,24.0x30.0 in,no dimension of its own; drawn to the same size as EM-5 on the sheet — check
EM-5,RETRO,Emergency Management Signs,RETRO_EM-5.svg,2004 Edition,24.0x30.0 in,scale from the drawing's overall width dimension (24.0 in)
EM-6a,RETRO,Emergency Management Signs,RETRO_EM-6a.svg,2004 Edition,30.0x23.8 in,scale from the drawing's overall width dimension (30.0 in)
EM-6b,RETRO,Emergency Management Signs,RETRO_EM-6b.svg,2004 Edition,30.0x23.8 in,no dimension of its own; drawn to the same size as EM-6a on the sheet — check
EM-6c,RETRO,Emergency Management Signs,RETRO_EM-6c.svg,2004 Edition,30.0x23.8 in,scale from the drawing's overall width dimension (30.0 in)
EM-6d,RETRO,Emergency Management Signs,RETRO_EM-6d.svg,2004 Edition,30.0x23.8 in,no dimension of its own; drawn to the same size as EM-6c on the sheet — check
EM-7a,RETRO,Emergency Management Signs,RETRO_EM-7a.svg,2004 Edition,30.0x23.8 in,scale from the drawing's overall width dimension (30.0 in)
EM-7b,RETRO,Emergency Management Signs,RETRO_EM-7b.svg,2004 Edition,30.0x23.8 in,no dimension of its own; drawn to the same size as EM-7a on the sheet — check
EM-7c,RETRO,Emergency Management Signs,RETRO_EM-7c.svg,2004 Edition,30.0x23.8 in,scale from the drawing's overall width dimension (30.0 in)
EM-7d,REFLECTIVE),Emergency Management Signs,REFLECTIVE_EM-7d.svg,2004 Edition,30.0x23.8 in,no dimension of its own; drawn to the same size as EM-7c on the sheet — check
EM1-1,EVACUATION ROUTE,Emergency Management Signs,EVACUATION_ROUTE_EM1-1.svg,2024 Edition,24.0x24.0 in,"size 24 in: smallest table row (no conventional-road marker, no earlier edition of this code) — check"
EM1-1a,EVACUATION ROUTE - HURRICANE,Emergency Management Signs,EVACUATION_ROUTE_HURRICANE_EM1-1a.svg,2024 Edition,24.0x24.0 in,"size 24 in: smallest table row (no conventional-road marker, no earlier edition of this code) — check"
EM1-2,EVACUATION ROUTE - TSUNAMI,Emergency Management Signs,EVACUATION_ROUTE_TSUNAMI_EM1-2.svg,2024 Edition,24.0x24.0 in,"size 24 in: smallest table row (no conventional-road marker, no earlier edition of this code) — check"
EM2-1,AREA CLOSED,Emergency Management Signs,AREA_CLOSED_EM2-1.svg,2024 Edition,30.0x24.0 in,
EM2-2,TRAFFIC CONTROL POINT,Emergency Management Signs,TRAFFIC_CONTROL_POINT_EM2-2.svg,2024 Edition,30.0x24.0 in,
EM2-3,MAINTAIN TOP SAFE SPEED,Emergency Management Signs,MAINTAIN_TOP_SAFE_SPEED_EM2-3.svg,2024 Edition,24.0x30.0 in,
EM2-4,PERMIT REQUIRED,Emergency Management Signs,PERMIT_REQUIRED_EM2-4.svg,2024 Edition,24.0x30.0 in,
EM3-1,EMERGENCY AID CENTER - MEDICAL,Emergency Management Signs,EMERGENCY_AID_CENTER_MEDICAL_EM3-1.svg,2024 Edition,30.0x24.0 in,
EM3-1a,EMERGENCY AID CENTER - WELFARE,Emergency Management Signs,EMERGENCY_AID_CENTER_WELFARE_EM3-1a.svg,2024 Edition,30.0x24.0 in,
EM3-1b,EMERGENCY AID CENTER - REGISTRATION,Emergency Management Signs,EMERGENCY_AID_CENTER_REGISTRATION_EM3-1b.svg,2024 Edition,30.0x24.0 in,
EM3-1c,EMERGENCY AID CENTER - DECONTAMINATION,Emergency Management Signs,EMERGENCY_AID_CENTER_DECONTAMINATION_EM3-1c.svg,2024 Edition,30.0x24.0 in,
EM4-1,SHELTER DIRECTIONAL - EMERGENCY,Emergency Management Signs,SHELTER_DIRECTIONAL_EMERGENCY_EM4-1.svg,2024 Edition,30.0x24.0 in,
EM4-1a,SHELTER DIRECTIONAL - HURRICANE,Emergency Management Signs,SHELTER_DIRECTIONAL_HURRICANE_EM4-1a.svg,2024 Edition,30.0x24.0 in,
G20-1,ROAD WORK NEXT XX MILES,Temporary Traffic Control Signs,ROAD_WORK_NEXT_XX_MILES_G20-1.svg,2024 Edition,36.0x18.0 in,"size 36 in: smallest table row (no conventional-road marker, no earlier edition of this code) — check"
G20-2,END ROAD WORK,Temporary Traffic Control Signs,END_ROAD_WORK_G20-2.svg,2024 Edition,36.0x18.0 in,"size 36 in: smallest table row (no conventional-road marker, no earlier edition of this code) — check"
G20-4,PILOT CAR FOLLOW ME,Temporary Traffic Control Signs,PILOT_CAR_FOLLOW_ME_G20-4.svg,2024 Edition,36.0x18.0 in,
G20-5aP,WORK ZONE (PLAQUE),Temporary Traffic Control Signs,WORK_ZONE_PLAQUE_G20-5aP.svg,2024 Edition,24.0x18.0 in,"size 24 in: smallest table row (no conventional-road marker, no earlier edition of this code) — check"
I-11,RECYCLING,Guide Signs,RECYCLING_I-11.svg,2004 Edition,30.0x49.0 in,scale from the drawing's overall width dimension (30.0 in)
I-12,LIGHT RAIL STATION,Guide Signs,LIGHT_RAIL_STATION_I-12.svg,2004 Edition,18.0x18.0 in,size 18 in: conventional-road row for I-12 in the 2004/2012 sheets (2024 table has no marker)
I-13,GRADE CROSSING EMERGENCY NOTIFICATION,Guide Signs,GRADE_CROSSING_EMERGENCY_NOTIFICATION_I-13.svg,2012 Supplement,15.0x9.0 in,scale from the drawing's overall width dimension (15.0 in)
I-13a,EMERGENCY NOTIFICATION,Guide Signs,EMERGENCY_NOTIFICATION_I-13a.svg,2004 Edition,30.0x17.3 in,scale from the drawing's overall width dimension (30.0 in)
I-2,STATE LINE,Guide Signs,STATE_LINE_I-2.svg,2004 Edition,24.4x18.0 in,scale from the drawing's overall height dimension (18.0 in)
I-3,BRAZOS RIVER,Guide Signs,BRAZOS_RIVER_I-3.svg,2004 Edition,24.4x18.0 in,scale from the drawing's overall height dimension (18.0 in)
I-5,AIRPORT,Guide Signs,AIRPORT_I-5.svg,2004 Edition,18.0x18.0 in,size 18 in: conventional-road row for I-5 in the 2004/2012 sheets (2024 table has no marker)
I-6,BUS STATION,Guide Signs,BUS_STATION_I-6.svg,2004 Edition,18.0x18.0 in,size 18 in: conventional-road row for I-6 in the 2004/2012 sheets (2024 table has no marker)
I-7,TRAIN STATION,Guide Signs,TRAIN_STATION_I-7.svg,2004 Edition,18.0x18.0 in,size 18 in: conventional-road row for I-7 in the 2004/2012 sheets (2024 table has no marker)
I-8,LIBRARY,Guide Signs,LIBRARY_I-8.svg,2004 Edition,18.0x18.0 in,size 18 in: conventional-road row for I-8 in the 2004/2012 sheets (2024 table has no marker)
I-8p,LIBRARY,Guide Signs,LIBRARY_I-8p.svg,2004 Edition,18.0x8.5 in,size 18 in: conventional-road row for I-8p in the 2004/2012 sheets (2024 table has no marker)
I-9,VEHICLE FERRY TERMINAL,Guide Signs,VEHICLE_FERRY_TERMINAL_I-9.svg,2012 Supplement,30.0x30.0 in,size 30 in: no conventional-road marker in the table and no earlier edition of this code; 30 in diamond chosen — check
I1-1,TRAFFIC SIGNAL SPEED,Guide Signs,TRAFFIC_SIGNAL_SPEED_2_I1-1.svg,2024 Edition,24.0x36.0 in,same code and name as page 107 but a different drawing; suffixed
I13-2,PUSH TO EXIT,Guide Signs,PUSH_TO_EXIT_I13-2.svg,2024 Edition,18.0x9.0 in,
I2-1,JURISDICTIONAL BOUNDARY,Guide Signs,JURISDICTIONAL_BOUNDARY_I2-1.svg,2024 Edition,43.2x26.0 in,no size table or width dimension read; drawn at page scale (1 pt = 0.1 in)
I2-2,GEOGRAPHICAL FEATURE,Guide Signs,GEOGRAPHICAL_FEATURE_I2-2.svg,2024 Edition,43.2x28.9 in,no size table or width dimension read; drawn at page scale (1 pt = 0.1 in)
I2-3,GRADE SEPARATION IDENTIFICATION,Guide Signs,GRADE_SEPARATION_IDENTIFICATION_I2-3.svg,2024 Edition,43.2x17.3 in,no size table or width dimension read; drawn at page scale (1 pt = 0.1 in)
I2-3a,GRADE SEPARATION IDENTIFICATION (2 LINES),Guide Signs,GRADE_SEPARATION_IDENTIFICATION_2_LINES_I2-3a.svg,2024 Edition,43.2x21.6 in,no size table or width dimension read; drawn at page scale (1 pt = 0.1 in)
I2-4,FUTURE INTERSTATE CORRIDOR,Guide Signs,FUTURE_INTERSTATE_CORRIDOR_I2-4.svg,2024 Edition,54.0x36.0 in,"size 54 in: smallest table row (no conventional-road marker, no earlier edition of this code) — check"
I2-4a,FUTURE I-XX CORRIDOR,Guide Signs,FUTURE_I_XX_CORRIDOR_I2-4a.svg,2024 Edition,48.0x36.0 in,"size 48 in: smallest table row (no conventional-road marker, no earlier edition of this code) — check"
I20-4,ACKNOWLEDGMENT - REST AREA,Guide Signs,ACKNOWLEDGMENT_REST_AREA_I20-4.svg,2024 Edition,43.2x28.9 in,no size table or width dimension read; drawn at page scale (1 pt = 0.1 in)
I20-4a,ACKNOWLEDGMENT - WELCOME CENTER,Guide Signs,ACKNOWLEDGMENT_WELCOME_CENTER_I20-4a.svg,2024 Edition,43.2x28.9 in,no size table or width dimension read; drawn at page scale (1 pt = 0.1 in)
I3-10,PASSENGERS ONLY FERRY TERMINAL,Guide Signs,PASSENGERS_ONLY_FERRY_TERMINAL_I3-10.svg,2024 Edition,30.0x30.0 in,size 30 in: no conventional-road marker in the table and no earlier edition of this code; 30 in diamond chosen — check
I3-10P,FERRY (PLAQUE),Guide Signs,FERRY_PLAQUE_I3-10P.svg,2024 Edition,24.0x12.0 in,"size 24 in: smallest table row (no conventional-road marker, no earlier edition of this code) — check"
I3-5,AIRPORT,Guide Signs,AIRPORT_I3-5.svg,2024 Edition,30.0x30.0 in,size 30 in: no conventional-road marker in the table and no earlier edition of this code; 30 in diamond chosen — check
I3-6,BUS STATION,Guide Signs,BUS_STATION_I3-6.svg,2024 Edition,30.0x30.0 in,size 30 in: no conventional-road marker in the table and no earlier edition of this code; 30 in diamond chosen — check
I3-7,TRAIN STATION,Guide Signs,TRAIN_STATION_I3-7.svg,2024 Edition,30.0x30.0 in,size 30 in: no conventional-road marker in the table and no earlier edition of this code; 30 in diamond chosen — check
I3-8,LIGHT RAIL TRANSIT STATION,Guide Signs,LIGHT_RAIL_TRANSIT_STATION_I3-8.svg,2024 Edition,24.0x24.0 in,
I3-9,VEHICLE FERRY TERMINAL,Guide Signs,VEHICLE_FERRY_TERMINAL_I3-9.svg,2024 Edition,30.0x30.0 in,size 30 in: no conventional-road marker in the table and no earlier edition of this code; 30 in diamond chosen — check
I4-1,LIBRARY,Guide Signs,LIBRARY_I4-1.svg,2024 Edition,24.0x24.0 in,
I4-2,RECYCLING CENTER,Guide Signs,RECYCLING_CENTER_I4-2.svg,2024 Edition,30.0x36.0 in,
M1-1,"INTERSTATE ROUTE (1, 2 DIGITS)",Route Markers,INTERSTATE_ROUTE_1_2_DIGITS_M1-1.svg,2024 Edition,24.0x24.0 in,size 24 in: conventional-road row for M1-1 in the 2004/2012 sheets (2024 table has no marker)
M1-1,INTERSTATE ROUTE (3 DIGITS),Route Markers,INTERSTATE_ROUTE_3_DIGITS_M1-1.svg,2024 Edition,30.0x24.0 in,"size 30 in: smallest table row (no conventional-road marker, no earlier edition of this code) — check"
M1-10,EISENHOWER INTERSTATE SYSTEM,Route Markers,EISENHOWER_INTERSTATE_SYSTEM_M1-10.svg,2024 Edition,36.0x36.0 in,
M1-10a,EISENHOWER INTERSTATE SYSTEM,Route Markers,EISENHOWER_INTERSTATE_SYSTEM_M1-10a.svg,2024 Edition,36.0x36.0 in,
M1-1a,"INTERSTATE ROUTE-INDEPENDENT ROUTE ASSEMBLY USE (1, 2 DIGITS)",Route Markers,INTERSTATE_ROUTE_INDEPENDENT_ROUTE_ASSEMBLY_USE_1_2_DIGITS_M1-1a.svg,2024 Edition,24.0x24.0 in,"size 24 in: smallest table row (no conventional-road marker, no earlier edition of this code) — check"
M1-1a,INTERSTATE ROUTE-INDEPENDENT ROUTE ASSEMBLY USE (3 DIGITS),Route Markers,INTERSTATE_ROUTE_INDEPENDENT_ROUTE_ASSEMBLY_USE_3_DIGITS_M1-1a.svg,2024 Edition,30.0x24.0 in,"size 30 in: smallest table row (no conventional-road marker, no earlier edition of this code) — check"
M1-2,"OFF-INTERSTATE ROUTE - LOOP (1, 2 DIGITS)",Route Markers,OFF_INTERSTATE_ROUTE_LOOP_1_2_DIGITS_M1-2.svg,2024 Edition,24.0x24.0 in,size 24 in: conventional-road row for M1-2 in the 2004/2012 sheets (2024 table has no marker)
M1-2,OFF-INTERSTATE ROUTE - LOOP (3 DIGITS),Route Markers,OFF_INTERSTATE_ROUTE_LOOP_3_DIGITS_M1-2.svg,2024 Edition,30.0x24.0 in,"size 30 in: smallest table row (no conventional-road marker, no earlier edition of this code) — check"
M1-3,"OFF-INTERSTATE ROUTE - SPUR (1, 2 DIGITS)",Route Markers,OFF_INTERSTATE_ROUTE_SPUR_1_2_DIGITS_M1-3.svg,2024 Edition,24.0x24.0 in,size 24 in: conventional-road row for M1-3 in the 2004/2012 sheets (2024 table has no marker)
M1-3,OFF-INTERSTATE ROUTE - SPUR (3 DIGITS),Route Markers,OFF_INTERSTATE_ROUTE_SPUR_3_DIGITS_M1-3.svg,2024 Edition,30.0x24.0 in,"size 30 in: smallest table row (no conventional-road marker, no earlier edition of this code) — check"
M1-4,"U.S. ROUTE - GUIDE SIGN USE (1, 2 DIGITS)",Route Markers,U_S_ROUTE_GUIDE_SIGN_USE_1_2_DIGITS_M1-4.svg,2024 Edition,24.0x24.0 in,"size 24 in: smallest table row (no conventional-road marker, no earlier edition of this code) — check"
M1-4,U.S. ROUTE - GUIDE SIGN USE (3 DIGITS),Route Markers,U_S_ROUTE_GUIDE_SIGN_USE_3_DIGITS_M1-4.svg,2024 Edition,30.0x24.0 in,"size 30 in: smallest table row (no conventional-road marker, no earlier edition of this code) — check"
M1-4,"U.S. ROUTE - INDEPENDENT ROUTE ASSEMBLY USE (1, 2 DIGITS)",Route Markers,U_S_ROUTE_INDEPENDENT_ROUTE_ASSEMBLY_USE_1_2_DIGITS_M1-4.svg,2024 Edition,24.0x24.0 in,"size 24 in: smallest table row (no conventional-road marker, no earlier edition of this code) — check"
M1-4,U.S. ROUTE - INDEPENDENT ROUTE ASSEMBLY USE (3 DIGITS),Route Markers,U_S_ROUTE_INDEPENDENT_ROUTE_ASSEMBLY_USE_3_DIGITS_M1-4.svg,2024 Edition,30.0x24.0 in,"size 30 in: smallest table row (no conventional-road marker, no earlier edition of this code) — check"
M1-5,"STATE ROUTE - GUIDE SIGN USE (1, 2 DIGITS)",Route Markers,STATE_ROUTE_GUIDE_SIGN_USE_1_2_DIGITS_M1-5.svg,2024 Edition,33.9x33.9 in,size 24 in: conventional-road row for M1-5 in the 2004/2012 sheets (2024 table has no marker)
M1-5,STATE ROUTE - GUIDE SIGN USE (3 DIGITS),Route Markers,STATE_ROUTE_GUIDE_SIGN_USE_3_DIGITS_M1-5.svg,2024 Edition,30.0x24.0 in,"size 30 in: smallest table row (no conventional-road marker, no earlier edition of this code) — check"
M1-5,"STATE ROUTE - INDEPENDENT ASSEMBLY USE (1, 2 DIGITS)",Route Markers,STATE_ROUTE_INDEPENDENT_ASSEMBLY_USE_1_2_DIGITS_M1-5.svg,2024 Edition,24.0x24.0 in,size 24 in: conventional-road row for M1-5 in the 2004/2012 sheets (2024 table has no marker)
M1-5,STATE ROUTE - INDEPENDENT ASSEMBLY USE (3 DIGITS),Route Markers,STATE_ROUTE_INDEPENDENT_ASSEMBLY_USE_3_DIGITS_M1-5.svg,2024 Edition,30.0x24.0 in,"size 30 in: smallest table row (no conventional-road marker, no earlier edition of this code) — check"
M1-6,COUNTY ROUTE,Route Markers,COUNTY_ROUTE_M1-6.svg,2024 Edition,24.0x23.5 in,"size 24 in: smallest table row (no conventional-road marker, no earlier edition of this code) — check"
M1-7,FOREST ROUTE,Route Markers,FOREST_ROUTE_M1-7.svg,2024 Edition,18.0x18.0 in,size 18 in: conventional-road row for M1-7 in the 2004/2012 sheets (2024 table has no marker)
M1-8,STATE OR LOCAL BICYCLE ROUTE,Route Markers,STATE_OR_LOCAL_BICYCLE_ROUTE_M1-8.svg,2024 Edition,12.0x18.0 in,"size 12 in: smallest table row (no conventional-road marker, no earlier edition of this code) — check"
M1-8a,STATE OR LOCAL BICYCLE ROUTE,Route Markers,STATE_OR_LOCAL_BICYCLE_ROUTE_M1-8a.svg,2024 Edition,12.0x18.0 in,"size 12 in: smallest table row (no conventional-road marker, no earlier edition of this code) — check"
M1-8b,NON-NUMBERED BICYCLE ROUTE (2 LINES),Route Markers,NON_NUMBERED_BICYCLE_ROUTE_2_LINES_M1-8b.svg,2024 Edition,12.0x12.0 in,size row: first table row (no size value read) — check
M1-8c,NON-NUMBERED BICYCLE ROUTE (3 LINES),Route Markers,NON_NUMBERED_BICYCLE_ROUTE_3_LINES_M1-8c.svg,2024 Edition,12.0x12.0 in,size row: first table row (no size value read) — check
M1-9,U. S. BICYCLE ROUTE,Route Markers,U_S_BICYCLE_ROUTE_M1-9.svg,2024 Edition,12.0x16.0 in,"size 12 in: smallest table row (no conventional-road marker, no earlier edition of this code) — check"
M10-1,NATIONAL SCENIC BYWAY,Route Markers,NATIONAL_SCENIC_BYWAY_M10-1.svg,2024 Edition,24.0x24.0 in,
M10-1aP,NATIONAL SCENIC BYWAY (PLAQUE),Route Markers,NATIONAL_SCENIC_BYWAY_PLAQUE_M10-1aP.svg,2024 Edition,24.0x12.0 in,
M10-2,BYWAY IDENTIFICATION,Route Markers,BYWAY_IDENTIFICATION_M10-2.svg,2024 Edition,24.0x24.0 in,
M10-2aP,BYWAY IDENTIFICATION (PLAQUE),Route Markers,BYWAY_IDENTIFICATION_PLAQUE_M10-2aP.svg,2024 Edition,24.0x12.0 in,
M10-3,STATE SCENIC BYWAY SYSTEM,Route Markers,STATE_SCENIC_BYWAY_SYSTEM_M10-3.svg,2024 Edition,24.0x24.0 in,
M10-3a,STATE SCENIC BYWAY - SIMPLE GRAPHIC AND BYWAY IDENTIFICATION,Route Markers,STATE_SCENIC_BYWAY_SIMPLE_GRAPHIC_AND_BYWAY_IDENTIFICATION_M10-3a.svg,2024 Edition,24.0x24.0 in,
M10-3bP,SCENIC BYWAY (PLAQUE),Route Markers,SCENIC_BYWAY_PLAQUE_M10-3bP.svg,2024 Edition,24.0x12.0 in,
M11-1,NATIONAL HISTORIC TRAIL - IDENTIFICATION,Route Markers,NATIONAL_HISTORIC_TRAIL_IDENTIFICATION_M11-1.svg,2024 Edition,24.0x24.0 in,
M11-1aP,NATIONAL HISTORIC TRAIL - HISTORIC ROUTE (PLAQUE),Route Markers,NATIONAL_HISTORIC_TRAIL_HISTORIC_ROUTE_PLAQUE_M11-1aP.svg,2024 Edition,24.0x12.0 in,
M11-1bP,NATIONAL HISTORIC TRAIL - CROSSING (PLAQUE),Route Markers,NATIONAL_HISTORIC_TRAIL_CROSSING_PLAQUE_M11-1bP.svg,2024 Edition,24.0x12.0 in,
M11-1cP,NATIONAL HISTORIC TRAIL - AUTO TOUR ROUTE (PLAQUE),Route Markers,NATIONAL_HISTORIC_TRAIL_AUTO_TOUR_ROUTE_PLAQUE_M11-1cP.svg,2024 Edition,24.0x12.0 in,
M11-1dP,NATIONAL HISTORIC TRAIL - DISTANCE (PLAQUE),Route Markers,NATIONAL_HISTORIC_TRAIL_DISTANCE_PLAQUE_M11-1dP.svg,2024 Edition,24.0x12.0 in,
M2-1,JUNCTION AUXILIARY,Route Markers,JUNCTION_AUXILIARY_BLUE_M2-1.svg,2004 Edition,21.0x14.6 in,scaled from the dimensioned M2-1 drawing (thumbnail)
M2-1P,JUNCTION (PLAQUE),Route Markers,JUNCTION_PLAQUE_BLUE_M2-1P.svg,2024 Edition,12.0x8.6 in,"size 12 in: smallest table row (no conventional-road marker, no earlier edition of this code) — check; same code and name as page 26 but a different drawing; suffixed"
M2-2,COMBINATION JUNCTION (2 ROUTE SIGNS),Route Markers,COMBINATION_JUNCTION_2_ROUTE_SIGNS_M2-2.svg,2024 Edition,39.7x31.7 in,no size table or width dimension read; drawn at page scale (1 pt = 0.1 in)
M3-1,CARDINAL DIRECTION - NORTH,Route Markers,CARDINAL_DIRECTION_NORTH_BLUE_M3-1.svg,2012 Supplement,24.0x12.0 in,size 24 in: conventional-road row for M3-1 in the 2004/2012 sheets (2024 table has no marker)
M3-1P,CARDINAL DIRECTION - NORTH (PLAQUE),Route Markers,CARDINAL_DIRECTION_NORTH_PLAQUE_BLUE_M3-1P.svg,2024 Edition,24.0x12.0 in,"size 24 in: smallest table row (no conventional-road marker, no earlier edition of this code) — check; same code and name as page 29 but a different drawing; suffixed"
M3-2,CARDINAL DIRECTION - EAST,Route Markers,CARDINAL_DIRECTION_EAST_BLUE_M3-2.svg,2012 Supplement,24.0x12.0 in,size 24 in: conventional-road row for M3-2 in the 2004/2012 sheets (2024 table has no marker)
M3-2P,CARDINAL DIRECTION - EAST (PLAQUE),Route Markers,CARDINAL_DIRECTION_EAST_PLAQUE_BLUE_M3-2P.svg,2024 Edition,24.0x12.0 in,"size 24 in: smallest table row (no conventional-road marker, no earlier edition of this code) — check; same code and name as page 31 but a different drawing; suffixed"
M3-3,CARDINAL DIRECTION - SOUTH,Route Markers,CARDINAL_DIRECTION_SOUTH_BLUE_M3-3.svg,2012 Supplement,24.0x12.0 in,size 24 in: conventional-road row for M3-3 in the 2004/2012 sheets (2024 table has no marker)
M3-3P,CARDINAL DIRECTION - SOUTH (PLAQUE),Route Markers,CARDINAL_DIRECTION_SOUTH_PLAQUE_BLUE_M3-3P.svg,2024 Edition,24.0x12.0 in,"size 24 in: smallest table row (no conventional-road marker, no earlier edition of this code) — check; same code and name as page 33 but a different drawing; suffixed"
M3-4,CARDINAL DIRECTION - WEST,Route Markers,CARDINAL_DIRECTION_WEST_BLUE_M3-4.svg,2012 Supplement,24.0x12.0 in,size 24 in: conventional-road row for M3-4 in the 2004/2012 sheets (2024 table has no marker)
M3-4P,CARDINAL DIRECTION - WEST (PLAQUE),Route Markers,CARDINAL_DIRECTION_WEST_PLAQUE_BLUE_M3-4P.svg,2024 Edition,24.0x12.0 in,"size 24 in: smallest table row (no conventional-road marker, no earlier edition of this code) — check; same code and name as page 35 but a different drawing; suffixed"
M4-1,ALTERNATE AUXILIARY,Route Markers,ALTERNATE_AUXILIARY_M4-1.svg,2004 Edition,20.9x10.1 in,no size table or width dimension read; drawn at page scale (1 pt = 0.1 in)
M4-10L,DETOUR (LEFT),Route Markers,DETOUR_LEFT_M4-10L.svg,2024 Edition,48.0x18.0 in,
M4-10R,DETOUR (RIGHT),Route Markers,DETOUR_RIGHT_M4-10R.svg,2024 Edition,48.0x18.0 in,
M4-11,EMERGENCY ROUTE,Route Markers,EMERGENCY_ROUTE_M4-11.svg,2024 Edition,30.0x30.0 in,
M4-11L,EMERGENCY ROUTE,Route Markers,EMERGENCY_ROUTE_2_M4-11L.svg,2024 Edition,30.0x30.0 in,same code and name as page 54 but a different drawing; suffixed
M4-11R,EMERGENCY ROUTE,Route Markers,EMERGENCY_ROUTE_2_M4-11R.svg,2024 Edition,30.0x30.0 in,same code and name as page 54 but a different drawing; suffixed
M4-11a,EMERGENCY ROUTE,Route Markers,EMERGENCY_ROUTE_M4-11a.svg,2024 Edition,30.0x30.0 in,
M4-11aL,EMERGENCY ROUTE,Route Markers,EMERGENCY_ROUTE_2_M4-11aL.svg,2024 Edition,30.0x30.0 in,same code and name as page 57 but a different drawing; suffixed
M4-11aR,EMERGENCY ROUTE,Route Markers,EMERGENCY_ROUTE_2_M4-11aR.svg,2024 Edition,30.0x30.0 in,same code and name as page 57 but a different drawing; suffixed
M4-11bP,EMERGENCY ROUTE TO (PLAQUE),Route Markers,EMERGENCY_ROUTE_TO_PLAQUE_M4-11bP.svg,2024 Edition,30.0x18.0 in,
M4-11cP,EMERGENCY ROUTE TO (PLAQUE),Route Markers,EMERGENCY_ROUTE_TO_PLAQUE_M4-11cP.svg,2024 Edition,30.0x18.0 in,
M4-12,END EMERGENCY ROUTE,Route Markers,END_EMERGENCY_ROUTE_M4-12.svg,2024 Edition,24.0x18.0 in,
M4-13,TO AUXILIARY,Route Markers,TO_AUXILIARY_M4-13.svg,2004 Edition,28.5x6.0 in,no dimension of its own; drawn to the same size as M4-12 on the sheet — check
M4-14,BEGIN,Route Markers,BEGIN_M4-14.svg,2012 Supplement,24.0x12.0 in,"size 24 in: smallest table row (no conventional-road marker, no earlier edition of this code) — check"
M4-14P,BEGIN (PLAQUE),Route Markers,BEGIN_PLAQUE_BLUE_M4-14P.svg,2024 Edition,24.0x12.0 in,"size 24 in: smallest table row (no conventional-road marker, no earlier edition of this code) — check; same code and name as page 63 but a different drawing; suffixed"
M4-15,TOLL,Route Markers,TOLL_M4-15.svg,2012 Supplement,24.0x12.0 in,"size 24 in: smallest table row (no conventional-road marker, no earlier edition of this code) — check"
M4-16,NO CASH,Route Markers,NO_CASH_M4-16.svg,2012 Supplement,24.0x12.0 in,"size 24 in: smallest table row (no conventional-road marker, no earlier edition of this code) — check"
M4-17,TOLL COLLECTOR SYMBOL PANEL,Route Markers,TOLL_COLLECTOR_SYMBOL_PANEL_M4-17.svg,2024 Edition,48.0x48.0 in,
M4-18,EXACT CHANGE SYMBOL PANEL,Route Markers,EXACT_CHANGE_SYMBOL_PANEL_M4-18.svg,2024 Edition,48.0x48.0 in,
M4-1P,ALTERNATE (PLAQUE),Route Markers,ALTERNATE_PLAQUE_BLUE_M4-1P.svg,2024 Edition,24.0x12.0 in,"size 24 in: smallest table row (no conventional-road marker, no earlier edition of this code) — check; same code and name as page 37 but a different drawing; suffixed"
M4-1a,ALTERNATE AUXILIARY,Route Markers,ALTERNATE_AUXILIARY_M4-1a.svg,2004 Edition,20.9x10.1 in,no size table or width dimension read; drawn at page scale (1 pt = 0.1 in)
M4-1aP,ALTERNATE (PLAQUE),Route Markers,ALTERNATE_PLAQUE_BLUE_M4-1aP.svg,2024 Edition,24.0x12.0 in,"size 24 in: smallest table row (no conventional-road marker, no earlier edition of this code) — check; same code and name as page 39 but a different drawing; suffixed"
M4-2,BY-PASS AUXILIARY,Route Markers,BY_PASS_AUXILIARY_M4-2.svg,2004 Edition,20.9x10.1 in,no size table or width dimension read; drawn at page scale (1 pt = 0.1 in)
M4-20,ELECTRONIC TOLL COLLECTION ACCOUNT ONLY,Route Markers,ELECTRONIC_TOLL_COLLECTION_ACCOUNT_ONLY_M4-20.svg,2012 Supplement,24.0x24.0 in,"size 24 in: smallest table row (no conventional-road marker, no earlier edition of this code) — check"
M4-2P,BY-PASS (PLAQUE),Route Markers,BY_PASS_PLAQUE_BLUE_M4-2P.svg,2024 Edition,24.0x12.0 in,"size 24 in: smallest table row (no conventional-road marker, no earlier edition of this code) — check; same code and name as page 41 but a different drawing; suffixed"
M4-3,BY-PASS AUXILIARY,Route Markers,BY_PASS_AUXILIARY_M4-3.svg,2004 Edition,20.9x10.1 in,no size table or width dimension read; drawn at page scale (1 pt = 0.1 in)
M4-3P,BUSINESS (PLAQUE),Route Markers,BUSINESS_PLAQUE_BLUE_M4-3P.svg,2024 Edition,24.0x12.0 in,"size 24 in: smallest table row (no conventional-road marker, no earlier edition of this code) — check; same code and name as page 43 but a different drawing; suffixed"
M4-4,TRUCK AUXILIARY,Route Markers,TRUCK_AUXILIARY_M4-4.svg,2004 Edition,24.0x11.6 in,size 24 in: conventional-road row for M4-4 in the 2004/2012 sheets (2024 table has no marker)
M4-4P,TRUCK (PLAQUE),Route Markers,TRUCK_PLAQUE_M4-4P.svg,2024 Edition,24.0x12.0 in,"size 24 in: smallest table row (no conventional-road marker, no earlier edition of this code) — check"
M4-5,TO AUXILIARY,Route Markers,TO_AUXILIARY_BLUE_M4-5.svg,2004 Edition,24.0x11.4 in,size 24 in: conventional-road row for M4-5 in the 2004/2012 sheets (2024 table has no marker)
M4-5P,TO (PLAQUE),Route Markers,TO_PLAQUE_BLUE_M4-5P.svg,2024 Edition,24.0x12.0 in,"size 24 in: smallest table row (no conventional-road marker, no earlier edition of this code) — check; same code and name as page 46 but a different drawing; suffixed"
M4-6,END AUXILIARY,Route Markers,END_AUXILIARY_M4-6.svg,2004 Edition,24.0x11.6 in,size 24 in: conventional-road row for M4-6 in the 2004/2012 sheets (2024 table has no marker)
M4-6P,ALTERNATE (PLAQUE),Route Markers,ALTERNATE_PLAQUE_M4-6P.svg,2024 Edition,24.0x12.0 in,"size 24 in: smallest table row (no conventional-road marker, no earlier edition of this code) — check"
M4-6P,END (PLAQUE),Route Markers,END_PLAQUE_M4-6P.svg,2024 Edition,24.0x12.0 in,"size 24 in: smallest table row (no conventional-road marker, no earlier edition of this code) — check"
M4-7,TEMPORARY,Route Markers,TEMPORARY_BLUE_M4-7.svg,2004 Edition,24.0x11.4 in,size 24 in: conventional-road row for M4-7 in the 2004/2012 sheets (2024 table has no marker)
M4-7P,TEMPORARY (PLAQUE),Route Markers,TEMPORARY_PLAQUE_BLUE_M4-7P.svg,2024 Edition,24.0x12.0 in,"size 24 in: smallest table row (no conventional-road marker, no earlier edition of this code) — check; same code and name as page 50 but a different drawing; suffixed"
M4-7a,TEMPORARY AUXILIARY,Route Markers,TEMPORARY_AUXILIARY_BLUE_M4-7a.svg,2004 Edition,24.0x11.4 in,size 24 in: conventional-road row for M4-7a in the 2004/2012 sheets (2024 table has no marker)
M4-7aP,TEMPORARY (PLAQUE),Route Markers,TEMPORARY_PLAQUE_BLUE_M4-7aP.svg,2024 Edition,24.0x12.0 in,"size 24 in: smallest table row (no conventional-road marker, no earlier edition of this code) — check; same code and name as page 52 but a different drawing; suffixed"
M4-8,DETOUR,Route Markers,DETOUR_M4-8.svg,2012 Supplement,24.0x12.0 in,size 24 in: conventional-road row for M4-8 in the 2004/2012 sheets (2024 table has no marker)
M4-8P,DETOUR (PLAQUE),Route Markers,DETOUR_PLAQUE_M4-8P.svg,2024 Edition,12.0x6.0 in,"size 12 in: smallest table row (no conventional-road marker, no earlier edition of this code) — check"
M4-8a,END DETOUR,Route Markers,END_DETOUR_M4-8a.svg,2024 Edition,24.0x18.0 in,
M4-8b,END,Route Markers,END_DETOUR_M4-8b.svg,2004 Edition,24.0x18.0 in,scaled from the dimensioned M4-8b drawing (thumbnail)
M4-8bP,END (PLAQUE),Route Markers,END_PLAQUE_M4-8bP.svg,2024 Edition,24.0x12.0 in,
M4-9L,DETOUR,Route Markers,DETOUR_M4-9L.svg,2024 Edition,30.0x24.0 in,size 30 in: conventional-road row for M4-9 in the 2004/2012 sheets (2024 table has no marker)
M4-9R,DETOUR,Route Markers,DETOUR_M4-9R.svg,2024 Edition,30.0x24.0 in,size 30 in: conventional-road row for M4-9 in the 2004/2012 sheets (2024 table has no marker)
M4-9a,BICYCLE PEDESTRIAN DETOUR,Route Markers,BICYCLE_PEDESTRIAN_DETOUR_M4-9a.svg,2004 Edition,30.0x24.0 in,
M4-9aL,BICYCLIST/PEDESTRIAN DETOUR,Route Markers,BICYCLIST_PEDESTRIAN_DETOUR_M4-9aL.svg,2024 Edition,30.0x24.0 in,size 30 in: conventional-road row for M4-9a in the 2004/2012 sheets (2024 table has no marker)
M4-9aR,BICYCLIST/PEDESTRIAN DETOUR,Route Markers,BICYCLIST_PEDESTRIAN_DETOUR_M4-9aR.svg,2024 Edition,30.0x24.0 in,size 30 in: conventional-road row for M4-9a in the 2004/2012 sheets (2024 table has no marker)
M4-9b,PEDESTRIAN DETOUR,Route Markers,PEDESTRIAN_DETOUR_M4-9b.svg,2004 Edition,30.0x24.0 in,
M4-9bL,PEDESTRIAN DETOUR,Route Markers,PEDESTRIAN_DETOUR_M4-9bL.svg,2024 Edition,30.0x24.0 in,size 30 in: conventional-road row for M4-9b in the 2004/2012 sheets (2024 table has no marker)
M4-9bR,PEDESTRIAN DETOUR,Route Markers,PEDESTRIAN_DETOUR_M4-9bR.svg,2024 Edition,30.0x24.0 in,size 30 in: conventional-road row for M4-9b in the 2004/2012 sheets (2024 table has no marker)
M4-9c,BICYCLE DETOUR,Route Markers,BICYCLE_DETOUR_M4-9c.svg,2004 Edition,30.0x24.0 in,
M4-9cL,BICYCLIST DETOUR (WITH ARROW),Route Markers,BICYCLIST_DETOUR_WITH_ARROW_M4-9cL.svg,2024 Edition,30.0x24.0 in,size 30 in: conventional-road row for M4-9c in the 2004/2012 sheets (2024 table has no marker)
M4-9cR,BICYCLIST DETOUR (WITH ARROW),Route Markers,BICYCLIST_DETOUR_WITH_ARROW_M4-9cR.svg,2024 Edition,30.0x24.0 in,size 30 in: conventional-road row for M4-9c in the 2004/2012 sheets (2024 table has no marker)
M5-1,ADVANCE TURN ARROW AUXILIARY,Route Markers,ADVANCE_TURN_ARROW_AUXILIARY_BLUE_M5-1.svg,2012 Supplement,21.0x15.0 in,"size 21 in: smallest table row (no conventional-road marker, no earlier edition of this code) — check"
M5-1PL,ADVANCE TURN ARROW (PLAQUE),Route Markers,ADVANCE_TURN_ARROW_PLAQUE_BLUE_M5-1PL.svg,2024 Edition,21.0x15.0 in,"size 21 in: smallest table row (no conventional-road marker, no earlier edition of this code) — check; same code and name as page 67 but a different drawing; suffixed"
M5-1PR,ADVANCE TURN ARROW (PLAQUE),Route Markers,ADVANCE_TURN_ARROW_PLAQUE_BLUE_M5-1PR.svg,2024 Edition,21.0x15.0 in,"size 21 in: smallest table row (no conventional-road marker, no earlier edition of this code) — check; same code and name as page 67 but a different drawing; suffixed"
M5-2,ADVANCE TURN ARROW AUXILIARY,Route Markers,ADVANCE_TURN_ARROW_AUXILIARY_BLUE_M5-2.svg,2012 Supplement,21.0x15.0 in,"size 21 in: smallest table row (no conventional-road marker, no earlier edition of this code) — check"
M5-2PL,ADVANCE TURN ARROW - OBLIQUE (PLAQUE),Route Markers,ADVANCE_TURN_ARROW_OBLIQUE_PLAQUE_BLUE_M5-2PL.svg,2024 Edition,21.0x15.0 in,"size 21 in: smallest table row (no conventional-road marker, no earlier edition of this code) — check; same code and name as page 69 but a different drawing; suffixed"
M5-2PR,ADVANCE TURN ARROW - OBLIQUE (PLAQUE),Route Markers,ADVANCE_TURN_ARROW_OBLIQUE_PLAQUE_BLUE_M5-2PR.svg,2024 Edition,21.0x15.0 in,"size 21 in: smallest table row (no conventional-road marker, no earlier edition of this code) — check; same code and name as page 69 but a different drawing; suffixed"
M5-3,ADVANCE TURN ARROW AUXILIARY - CIRCULAR INTERSECTION,Route Markers,ADVANCE_TURN_ARROW_AUXILIARY_CIRCULAR_INTERSECTION_M5-3.svg,2012 Supplement,21.0x15.0 in,"size 21 in: smallest table row (no conventional-road marker, no earlier edition of this code) — check"
M5-3P,ADVANCE TURN ARROW - CIRCULAR INTERSECTION (PLAQUE),Route Markers,ADVANCE_TURN_ARROW_CIRCULAR_INTERSECTION_PLAQUE_BLUE_M5-3P.svg,2024 Edition,21.0x15.0 in,"size 21 in: smallest table row (no conventional-road marker, no earlier edition of this code) — check; same code and name as page 71 but a different drawing; suffixed"
M5-4,LEFT LANE,Route Markers,LEFT_LANE_M5-4.svg,2012 Supplement,24.0x18.0 in,"size 24 in: smallest table row (no conventional-road marker, no earlier edition of this code) — check"
M5-4P,LANE DESIGNATION - LEFT LANE (PLAQUE),Route Markers,LANE_DESIGNATION_LEFT_LANE_PLAQUE_BLUE_M5-4P.svg,2024 Edition,24.0x18.0 in,"size 24 in: smallest table row (no conventional-road marker, no earlier edition of this code) — check; same code and name as page 73 but a different drawing; suffixed"
M5-5,CENTER LANE,Route Markers,CENTER_LANE_M5-5.svg,2012 Supplement,24.0x18.0 in,"size 24 in: smallest table row (no conventional-road marker, no earlier edition of this code) — check"
M5-5P,LANE DESIGNATION - CENTER LANE (PLAQUE),Route Markers,LANE_DESIGNATION_CENTER_LANE_PLAQUE_BLUE_M5-5P.svg,2024 Edition,24.0x18.0 in,"size 24 in: smallest table row (no conventional-road marker, no earlier edition of this code) — check; same code and name as page 75 but a different drawing; suffixed"
M5-6,RIGHT LANE,Route Markers,RIGHT_LANE_M5-6.svg,2012 Supplement,24.0x18.0 in,"size 24 in: smallest table row (no conventional-road marker, no earlier edition of this code) — check"
M5-6P,LANE DESIGNATION - RIGHT LANE (PLAQUE),Route Markers,LANE_DESIGNATION_RIGHT_LANE_PLAQUE_BLUE_M5-6P.svg,2024 Edition,24.0x18.0 in,"size 24 in: smallest table row (no conventional-road marker, no earlier edition of this code) — check; same code and name as page 77 but a different drawing; suffixed"
M6-1,DIRECTIONAL ARROW AUXILIARY,Route Markers,DIRECTIONAL_ARROW_AUXILIARY_BLUE_M6-1.svg,2012 Supplement,21.0x15.0 in,"size 21 in: smallest table row (no conventional-road marker, no earlier edition of this code) — check"
M6-1PL,DIRECTIONAL ARROW TURN (PLAQUE),Route Markers,DIRECTIONAL_ARROW_TURN_PLAQUE_BLUE_M6-1PL.svg,2024 Edition,21.0x15.0 in,"size 21 in: smallest table row (no conventional-road marker, no earlier edition of this code) — check; same code and name as page 79 but a different drawing; suffixed"
M6-1PR,DIRECTIONAL ARROW TURN (PLAQUE),Route Markers,DIRECTIONAL_ARROW_TURN_PLAQUE_BLUE_M6-1PR.svg,2024 Edition,21.0x15.0 in,"size 21 in: smallest table row (no conventional-road marker, no earlier edition of this code) — check; same code and name as page 79 but a different drawing; suffixed"
M6-2,DIRECTIONAL ARROW AUXILIARY,Route Markers,DIRECTIONAL_ARROW_AUXILIARY_BLUE_M6-2.svg,2012 Supplement,21.0x15.0 in,"size 21 in: smallest table row (no conventional-road marker, no earlier edition of this code) — check"
M6-2PL,DIRECTIONAL ARROW-OBLIQUE (PLAQUE),Route Markers,DIRECTIONAL_ARROW_OBLIQUE_PLAQUE_BLUE_M6-2PL.svg,2024 Edition,21.0x15.0 in,"size 21 in: smallest table row (no conventional-road marker, no earlier edition of this code) — check; same code and name as page 81 but a different drawing; suffixed"
M6-2PL,ROUTE SIGN,Route Markers,ROUTE_SIGN_M6-2PL.svg,2024 Edition,21.0x15.0 in,"size 21 in: smallest table row (no conventional-road marker, no earlier edition of this code) — check"
M6-2PR,DIRECTIONAL ARROW-OBLIQUE (PLAQUE),Route Markers,DIRECTIONAL_ARROW_OBLIQUE_PLAQUE_BLUE_M6-2PR.svg,2024 Edition,21.0x15.0 in,"size 21 in: smallest table row (no conventional-road marker, no earlier edition of this code) — check; same code and name as page 81 but a different drawing; suffixed"
M6-2a,DIRECTIONAL ARROW AUXILIARY,Route Markers,DIRECTIONAL_ARROW_AUXILIARY_BLUE_M6-2a.svg,2012 Supplement,21.0x15.0 in,"size 21 in: smallest table row (no conventional-road marker, no earlier edition of this code) — check"
M6-2aPL,"DIRECTIONAL ARROW - OBLIQUE, DOWNWARD (PLAQUE)",Route Markers,DIRECTIONAL_ARROW_OBLIQUE_DOWNWARD_PLAQUE_BLUE_M6-2aPL.svg,2024 Edition,21.0x15.0 in,"size 21 in: smallest table row (no conventional-road marker, no earlier edition of this code) — check; same code and name as page 83 but a different drawing; suffixed"
M6-2aPR,"DIRECTIONAL ARROW - OBLIQUE, DOWNWARD (PLAQUE)",Route Markers,DIRECTIONAL_ARROW_OBLIQUE_DOWNWARD_PLAQUE_BLUE_M6-2aPR.svg,2024 Edition,21.0x15.0 in,"size 21 in: smallest table row (no conventional-road marker, no earlier edition of this code) — check; same code and name as page 83 but a different drawing; suffixed"
M6-3,DIRECTIONAL ARROW AUXILIARY,Route Markers,DIRECTIONAL_ARROW_AUXILIARY_BLUE_M6-3.svg,2012 Supplement,21.0x15.0 in,"size 21 in: smallest table row (no conventional-road marker, no earlier edition of this code) — check"
M6-3P,DIRECTIONAL ARROW - THROUGH (PLAQUE),Route Markers,DIRECTIONAL_ARROW_THROUGH_PLAQUE_BLUE_M6-3P.svg,2024 Edition,21.0x15.0 in,"size 21 in: smallest table row (no conventional-road marker, no earlier edition of this code) — check; same code and name as page 85 but a different drawing; suffixed"
M6-4,DIRECTIONAL ARROW AUXILIARY,Route Markers,DIRECTIONAL_ARROW_AUXILIARY_BLUE_M6-4.svg,2012 Supplement,21.0x15.0 in,"size 21 in: smallest table row (no conventional-road marker, no earlier edition of this code) — check"
M6-4P,DIRECTIONAL ARROW - TURN (TWO-WAY) (PLAQUE),Route Markers,DIRECTIONAL_ARROW_TURN_TWO_WAY_PLAQUE_BLUE_M6-4P.svg,2024 Edition,21.0x15.0 in,"size 21 in: smallest table row (no conventional-road marker, no earlier edition of this code) — check; same code and name as page 87 but a different drawing; suffixed"
M6-5,DIRECTIONAL ARROW AUXILIARY,Route Markers,DIRECTIONAL_ARROW_AUXILIARY_BLUE_M6-5.svg,2012 Supplement,21.0x15.0 in,"size 21 in: smallest table row (no conventional-road marker, no earlier edition of this code) — check"
M6-5PL,DIRECTIONAL ARROW - OBLIQUE (TWO-WAY) (PLAQUE),Route Markers,DIRECTIONAL_ARROW_OBLIQUE_TWO_WAY_PLAQUE_M6-5PL.svg,2024 Edition,21.0x15.0 in,"size 21 in: smallest table row (no conventional-road marker, no earlier edition of this code) — check"
M6-5PR,DIRECTIONAL ARROW - OBLIQUE (TWO-WAY) (PLAQUE),Route Markers,DIRECTIONAL_ARROW_OBLIQUE_TWO_WAY_PLAQUE_BLUE_M6-5PR.svg,2024 Edition,21.0x15.0 in,"size 21 in: smallest table row (no conventional-road marker, no earlier edition of this code) — check; same code and name as page 89 but a different drawing; suffixed"
M6-6,DIRECTIONAL ARROW AUXILIARY,Route Markers,DIRECTIONAL_ARROW_AUXILIARY_BLUE_M6-6.svg,2012 Supplement,21.0x15.0 in,"size 21 in: smallest table row (no conventional-road marker, no earlier edition of this code) — check"
M6-6PL,DIRECTIONAL ARROW - THROUGH AND TURN (PLAQUE),Route Markers,DIRECTIONAL_ARROW_THROUGH_AND_TURN_PLAQUE_BLUE_M6-6PL.svg,2024 Edition,21.0x15.0 in,"size 21 in: smallest table row (no conventional-road marker, no earlier edition of this code) — check; same code and name as page 91 but a different drawing; suffixed"
M6-6PR,DIRECTIONAL ARROW - THROUGH AND TURN (PLAQUE),Route Markers,DIRECTIONAL_ARROW_THROUGH_AND_TURN_PLAQUE_BLUE_M6-6PR.svg,2024 Edition,21.0x15.0 in,"size 21 in: smallest table row (no conventional-road marker, no earlier edition of this code) — check; same code and name as page 91 but a different drawing; suffixed"
M6-7,DIRECTIONAL ARROW AUXILIARY,Route Markers,DIRECTIONAL_ARROW_AUXILIARY_BLUE_M6-7.svg,2012 Supplement,21.0x15.0 in,"size 21 in: smallest table row (no conventional-road marker, no earlier edition of this code) — check"
M6-7PL,DIRECTIONAL ARROW - THROUGH AND OBLIQUE (PLAQUE),Route Markers,DIRECTIONAL_ARROW_THROUGH_AND_OBLIQUE_PLAQUE_BLUE_M6-7PL.svg,2024 Edition,21.0x15.0 in,"size 21 in: smallest table row (no conventional-road marker, no earlier edition of this code) — check; same code and name as page 93 but a different drawing; suffixed"
M6-7PR,DIRECTIONAL ARROW - THROUGH AND OBLIQUE (PLAQUE),Route Markers,DIRECTIONAL_ARROW_THROUGH_AND_OBLIQUE_PLAQUE_BLUE_M6-7PR.svg,2024 Edition,21.0x15.0 in,"size 21 in: smallest table row (no conventional-road marker, no earlier edition of this code) — check; same code and name as page 93 but a different drawing; suffixed"
M6-8,DIRECTIONAL ARROW AUXILIARY,Route Markers,DIRECTIONAL_ARROW_AUXILIARY_M6-8.svg,2004 Edition,21.0x21.0 in,scale from the drawing's overall width dimension (21.0 in)
M6-9,DIRECTIONAL ARROW AUXILIARY,Route Markers,DIRECTIONAL_ARROW_AUXILIARY_M6-9.svg,2004 Edition,21.0x14.8 in,scale from the drawing's overall width dimension (21.0 in)
M7-1,BICYCLE FACILITIES,Route Markers,BICYCLE_FACILITIES_M7-1.svg,2004 Edition,12.0x8.8 in,no dimension of its own; drawn to the same size as M7-4 on the sheet — check
M7-2,BICYCLE FACILITIES,Route Markers,BICYCLE_FACILITIES_M7-2.svg,2004 Edition,12.0x8.8 in,no dimension of its own; drawn to the same size as M7-4 on the sheet — check
M7-3,BICYCLE FACILITIES,Route Markers,BICYCLE_FACILITIES_M7-3.svg,2004 Edition,12.0x8.8 in,no dimension of its own; drawn to the same size as M7-4 on the sheet — check
M7-4,BICYCLE FACILITIES,Route Markers,BICYCLE_FACILITIES_M7-4.svg,2004 Edition,12.0x8.8 in,scale from the drawing's overall width dimension (12.0 in)
M7-5,BICYCLE FACILITIES,Route Markers,BICYCLE_FACILITIES_M7-5.svg,2004 Edition,12.0x8.8 in,no dimension of its own; drawn to the same size as M7-7 on the sheet — check
M7-6,BICYCLE FACILITIES,Route Markers,BICYCLE_FACILITIES_M7-6.svg,2004 Edition,12.0x8.8 in,no dimension of its own; drawn to the same size as M7-7 on the sheet — check
M7-7,BICYCLE FACILITIES,Route Markers,BICYCLE_FACILITIES_M7-7.svg,2004 Edition,12.0x8.8 in,scale from the drawing's overall width dimension (12.0 in)
OM-3C,OBJECT MARKER,Object Markers,OBJECT_MARKER_OM-3C.svg,2004 Edition,12.0x36.0 in,scale from the drawing's overall width dimension (12.0 in)
OM-3L,OBJECT MARKER,Object Markers,OBJECT_MARKER_OM-3L.svg,2004 Edition,12.0x36.0 in,scaled from the dimensioned OM-3R drawing (thumbnail)
OM-3R,OBJECT MARKER,Object Markers,OBJECT_MARKER_OM-3R.svg,2004 Edition,12.0x36.0 in,no dimension of its own; drawn to the same size as OM-3C on the sheet — check
OM1-1,OBJECT MARKER TYPE 1,Object Markers,OBJECT_MARKER_TYPE_1_OM1-1.svg,2024 Edition,25.5x25.2 in,
OM1-2,OBJECT MARKER TYPE 1,Object Markers,OBJECT_MARKER_TYPE_1_OM1-2.svg,2024 Edition,25.5x25.5 in,
OM1-3,OBJECT MARKER TYPE 1,Object Markers,OBJECT_MARKER_TYPE_1_OM1-3.svg,2024 Edition,39.3x38.8 in,no size table or width dimension read; drawn at page scale (1 pt = 0.1 in)
OM2-1H,OBJECT MARKER TYPE 2,Object Markers,OBJECT_MARKER_TYPE_2_OM2-1H.svg,2024 Edition,12.0x6.0 in,
OM2-1V,OBJECT MARKER TYPE 2,Object Markers,OBJECT_MARKER_TYPE_2_OM2-1V.svg,2024 Edition,6.0x12.0 in,
OM2-2H,OBJECT MARKER TYPE 2,Object Markers,OBJECT_MARKER_TYPE_2_OM2-2H.svg,2024 Edition,12.0x6.0 in,
OM2-2V,OBJECT MARKER TYPE 2,Object Markers,OBJECT_MARKER_TYPE_2_OM2-2V.svg,2024 Edition,6.0x12.0 in,
OM4-1,OBJECT MARKER TYPE 4,Object Markers,OBJECT_MARKER_TYPE_4_OM4-1.svg,2024 Edition,25.5x25.2 in,
OM4-2,OBJECT MARKER TYPE 4,Object Markers,OBJECT_MARKER_TYPE_4_OM4-2.svg,2024 Edition,25.5x25.5 in,
OM4-3,OBJECT MARKER TYPE 4,Object Markers,OBJECT_MARKER_TYPE_4_OM4-3.svg,2024 Edition,39.3x38.8 in,no size table or width dimension read; drawn at page scale (1 pt = 0.1 in)
R1-1,STOP,Regulatory Signs,STOP_R1-1.svg,2024 Edition,30.0x30.0 in,size 30 in: conventional-road row for R1-1 in the 2004/2012 sheets (2024 table has no marker)
R1-1,STOP (ON STOP/SLOW PADDLE),Regulatory Signs,STOP_ON_STOP_SLOW_PADDLE_R1-1.svg,2024 Edition,18.0x18.0 in,
R1-10P,EXCEPT RIGHT TURN (PLAQUE),Regulatory Signs,EXCEPT_RIGHT_TURN_PLAQUE_R1-10P.svg,2024 Edition,24.0x18.0 in,
R1-2,YIELD,Regulatory Signs,YIELD_R1-2.svg,2024 Edition,36.0x30.9 in,size 36 in: conventional-road row for R1-2 in the 2004/2012 sheets (2024 table has no marker)
R1-2a,TO ONCOMING TRAFFIC,Regulatory Signs,TO_ONCOMING_TRAFFIC_R1-2a.svg,2004 Edition,24.0x18.0 in,size 24 in: conventional-road row for R1-2a in the 2004/2012 sheets (2024 table has no marker)
R1-2aP,TO ONCOMING TRAFFIC (PLAQUE),Regulatory Signs,TO_ONCOMING_TRAFFIC_PLAQUE_R1-2aP.svg,2024 Edition,24.0x18.0 in,"size 24 in: smallest table row (no conventional-road marker, no earlier edition of this code) — check"
R1-2bP,TO TRAFFIC IN CIRCLE (PLAQUE),Regulatory Signs,TO_TRAFFIC_IN_CIRCLE_PLAQUE_R1-2bP.svg,2024 Edition,24.0x15.0 in,"size 24 in: smallest table row (no conventional-road marker, no earlier edition of this code) — check"
R1-2cP,TO ALL LANES (PLAQUE),Regulatory Signs,TO_ALL_LANES_PLAQUE_R1-2cP.svg,2024 Edition,24.0x15.0 in,"size 24 in: smallest table row (no conventional-road marker, no earlier edition of this code) — check"
R1-3,4-WAY,Regulatory Signs,4_WAY_R1-3.svg,2004 Edition,12.0x6.0 in,
R1-3P,ALL-WAY (PLAQUE),Regulatory Signs,ALL_WAY_PLAQUE_R1-3P.svg,2024 Edition,18.0x6.0 in,"size 18 in: smallest table row (no conventional-road marker, no earlier edition of this code) — check"
R1-4,ALL WAY,Regulatory Signs,ALL_WAY_R1-4.svg,2004 Edition,18.0x6.0 in,
R1-5L,YIELD HERE TO PEDESTRIANS,Regulatory Signs,YIELD_HERE_TO_PEDESTRIANS_R1-5L.svg,2024 Edition,36.0x36.0 in,
R1-5R,YIELD HERE TO PEDESTRIANS,Regulatory Signs,YIELD_HERE_TO_PEDESTRIANS_R1-5R.svg,2024 Edition,36.0x36.0 in,
R1-5aL,YIELD HERE TO SCHOOL CROSSING,Regulatory Signs,YIELD_HERE_TO_SCHOOL_CROSSING_R1-5aL.svg,2024 Edition,36.0x36.0 in,
R1-5aR,YIELD HERE TO SCHOOL CROSSING,Regulatory Signs,YIELD_HERE_TO_SCHOOL_CROSSING_R1-5aR.svg,2024 Edition,36.0x36.0 in,
R1-5b,STOP HERE FOR PEDESTRIANS (LEFT),Regulatory Signs,STOP_HERE_FOR_PEDESTRIANS_LEFT_R1-5b.svg,2012 Supplement,36.0x36.0 in,scale from the drawing's overall width dimension (36.0 in)
R1-5b,STOP HERE FOR PEDESTRIANS (RIGHT),Regulatory Signs,STOP_HERE_FOR_PEDESTRIANS_RIGHT_R1-5b.svg,2012 Supplement,36.0x36.0 in,scale from the drawing's overall width dimension (36.0 in)
R1-5bL,STOP HERE FOR PEDESTRIANS,Regulatory Signs,STOP_HERE_FOR_PEDESTRIANS_R1-5bL.svg,2024 Edition,36.0x36.0 in,
R1-5bR,STOP HERE FOR PEDESTRIANS,Regulatory Signs,STOP_HERE_FOR_PEDESTRIANS_R1-5bR.svg,2024 Edition,36.0x36.0 in,
R1-5c,STOP HERE FOR PEDESTRIANS (LEFT),Regulatory Signs,STOP_HERE_FOR_PEDESTRIANS_LEFT_R1-5c.svg,2012 Supplement,36.0x48.0 in,scale from the drawing's overall width dimension (36.0 in)
R1-5c,STOP HERE FOR PEDESTRIANS (RIGHT),Regulatory Signs,STOP_HERE_FOR_PEDESTRIANS_RIGHT_R1-5c.svg,2012 Supplement,36.0x48.0 in,scale from the drawing's overall width dimension (36.0 in)
R1-5cL,STOP HERE FOR SCHOOL CROSSING,Regulatory Signs,STOP_HERE_FOR_SCHOOL_CROSSING_R1-5cL.svg,2024 Edition,36.0x36.0 in,
R1-5cR,STOP HERE FOR SCHOOL CROSSING,Regulatory Signs,STOP_HERE_FOR_SCHOOL_CROSSING_R1-5cR.svg,2024 Edition,36.0x36.0 in,
R1-5dL,YIELD HERE TO TRAIL CROSSING,Regulatory Signs,YIELD_HERE_TO_TRAIL_CROSSING_R1-5dL.svg,2024 Edition,36.0x42.0 in,
R1-5dR,YIELD HERE TO TRAIL CROSSING,Regulatory Signs,YIELD_HERE_TO_TRAIL_CROSSING_R1-5dR.svg,2024 Edition,36.0x42.0 in,
R1-5eL,STOP HERE FOR TRAIL CROSSING,Regulatory Signs,STOP_HERE_FOR_TRAIL_CROSSING_R1-5eL.svg,2024 Edition,36.0x42.0 in,
R1-5eR,STOP HERE FOR TRAIL CROSSING,Regulatory Signs,STOP_HERE_FOR_TRAIL_CROSSING_R1-5eR.svg,2024 Edition,36.0x42.0 in,
R1-6,IN-STREET PEDESTRIAN CROSSING - YIELD,Regulatory Signs,IN_STREET_PEDESTRIAN_CROSSING_YIELD_R1-6.svg,2024 Edition,12.0x35.9 in,
R1-6a,IN-STREET PEDESTRIAN CROSSING,Regulatory Signs,IN_STREET_PEDESTRIAN_CROSSING_R1-6a.svg,2004 Edition,12.0x36.0 in,scale from the drawing's overall width dimension (12.0 in)
R1-6b,IN-STREET SCHOOL CROSSING - YIELD,Regulatory Signs,IN_STREET_SCHOOL_CROSSING_YIELD_R1-6b.svg,2024 Edition,12.0x35.9 in,
R1-6c,IN-STREET SCHOOL CROSSING - STOP,Regulatory Signs,IN_STREET_SCHOOL_CROSSING_STOP_R1-6c.svg,2024 Edition,12.0x35.9 in,
R1-6d,IN-STREET TRAIL CROSSING - YIELD,Regulatory Signs,IN_STREET_TRAIL_CROSSING_YIELD_R1-6d.svg,2024 Edition,12.0x35.9 in,
R1-6e,IN-STREET TRAIL CROSSING - STOP,Regulatory Signs,IN_STREET_TRAIL_CROSSING_STOP_R1-6e.svg,2024 Edition,12.0x35.9 in,
R1-7,WAIT ON STOP,Regulatory Signs,WAIT_ON_STOP_R1-7.svg,2024 Edition,24.0x30.0 in,
R1-7a,WAIT ON STOP - GO ON SLOW,Regulatory Signs,WAIT_ON_STOP_GO_ON_SLOW_R1-7a.svg,2024 Edition,30.0x36.0 in,
R1-8,GO ON SLOW,Regulatory Signs,GO_ON_SLOW_R1-8.svg,2024 Edition,24.0x30.0 in,
R1-9,OVERHEAD PEDESTRIAN CROSSING - YIELD,Regulatory Signs,OVERHEAD_PEDESTRIAN_CROSSING_YIELD_R1-9.svg,2024 Edition,90.0x24.1 in,
R1-9a,OVERHEAD PEDESTRIAN CROSSING - STOP,Regulatory Signs,OVERHEAD_PEDESTRIAN_CROSSING_STOP_R1-9a.svg,2024 Edition,90.0x24.1 in,
R1-9b,OVERHEAD SCHOOL CROSSING - YIELD,Regulatory Signs,OVERHEAD_SCHOOL_CROSSING_YIELD_R1-9b.svg,2024 Edition,90.0x24.1 in,
R1-9c,OVERHEAD SCHOOL CROSSING - STOP,Regulatory Signs,OVERHEAD_SCHOOL_CROSSING_STOP_R1-9c.svg,2024 Edition,90.0x24.1 in,
R1-9d,OVERHEAD TRAIL CROSSING - YIELD,Regulatory Signs,OVERHEAD_TRAIL_CROSSING_YIELD_R1-9d.svg,2024 Edition,72.0x24.1 in,
R1-9e,OVERHEAD TRAIL CROSSING - STOP,Regulatory Signs,OVERHEAD_TRAIL_CROSSING_STOP_R1-9e.svg,2024 Edition,72.0x24.1 in,
R10-1,CROSS ONLY ON GREEN,Regulatory Signs,CROSS_ONLY_ON_GREEN_R10-1.svg,2024 Edition,12.0x18.0 in,
R10-10L,LEFT TURN SIGNAL,Regulatory Signs,LEFT_TURN_SIGNAL_R10-10L.svg,2024 Edition,24.0x30.0 in,"size 24 in: smallest table row (no conventional-road marker, no earlier edition of this code) — check"
R10-10R,RIGHT TURN SIGNAL,Regulatory Signs,RIGHT_TURN_SIGNAL_R10-10R.svg,2024 Edition,24.0x30.0 in,"size 24 in: smallest table row (no conventional-road marker, no earlier edition of this code) — check"
R10-10a,U TURN SIGNAL,Regulatory Signs,U_TURN_SIGNAL_R10-10a.svg,2024 Edition,24.0x30.0 in,"size 24 in: smallest table row (no conventional-road marker, no earlier edition of this code) — check"
R10-10bL,LEFT LANE SIGNAL,Regulatory Signs,LEFT_LANE_SIGNAL_R10-10bL.svg,2024 Edition,24.0x30.0 in,"size 24 in: smallest table row (no conventional-road marker, no earlier edition of this code) — check"
R10-10bR,RIGHT LANE SIGNAL,Regulatory Signs,RIGHT_LANE_SIGNAL_R10-10bR.svg,2024 Edition,24.0x30.0 in,"size 24 in: smallest table row (no conventional-road marker, no earlier edition of this code) — check"
R10-10cL,LEFT TURN LANE SIGNAL,Regulatory Signs,LEFT_TURN_LANE_SIGNAL_R10-10cL.svg,2024 Edition,24.0x30.0 in,"size 24 in: smallest table row (no conventional-road marker, no earlier edition of this code) — check"
R10-10cR,RIGHT TURN LANE SIGNAL,Regulatory Signs,RIGHT_TURN_LANE_SIGNAL_R10-10cR.svg,2024 Edition,24.0x30.0 in,"size 24 in: smallest table row (no conventional-road marker, no earlier edition of this code) — check"
R10-11,NO TURN ON RED,Regulatory Signs,NO_TURN_ON_RED_R10-11.svg,2024 Edition,24.0x30.0 in,size 24 in: conventional-road row for R10-11 in the 2004/2012 sheets (2024 table has no marker)
R10-11a,NO TURN ON CIRCULAR RED,Regulatory Signs,NO_TURN_ON_CIRCULAR_RED_R10-11a.svg,2024 Edition,24.0x30.0 in,size 24 in: conventional-road row for R10-11a in the 2004/2012 sheets (2024 table has no marker)
R10-11b,NO TURN ON RED,Regulatory Signs,NO_TURN_ON_RED_R10-11b.svg,2024 Edition,24.0x24.0 in,size 24 in: conventional-road row for R10-11b in the 2004/2012 sheets (2024 table has no marker)
R10-11c,NO TURN ON RED EXCEPT FROM RIGHT LANE,Regulatory Signs,NO_TURN_ON_RED_EXCEPT_FROM_RIGHT_LANE_R10-11c.svg,2024 Edition,30.0x36.0 in,
R10-11d,NO TURN ON RED FROM THIS LANE,Regulatory Signs,NO_TURN_ON_RED_FROM_THIS_LANE_R10-11d.svg,2024 Edition,30.0x42.0 in,
R10-12,LEFT TURN YIELD ON GREEN,Regulatory Signs,LEFT_TURN_YIELD_ON_GREEN_R10-12.svg,2024 Edition,30.0x36.0 in,
R10-12a,LEFT TURN YIELD ON FLASHING YELLOW ARROW,Regulatory Signs,LEFT_TURN_YIELD_ON_FLASHING_YELLOW_ARROW_R10-12a.svg,2024 Edition,30.0x36.0 in,
R10-12b,LEFT TURN YIELD TO BICYCLE,Regulatory Signs,LEFT_TURN_YIELD_TO_BICYCLE_R10-12b.svg,2024 Edition,30.0x36.0 in,
R10-13,EMERGENCY SIGNAL,Regulatory Signs,EMERGENCY_SIGNAL_R10-13.svg,2024 Edition,36.0x24.0 in,"size 36 in: smallest table row (no conventional-road marker, no earlier edition of this code) — check"
R10-14,EMERGENCY SIGNAL - STOP ON FLASHING RED,Regulatory Signs,EMERGENCY_SIGNAL_STOP_ON_FLASHING_RED_R10-14.svg,2024 Edition,36.0x42.0 in,
R10-14a,EMERGENCY SIGNAL - STOP ON FLASHING RED (OVERHEAD),Regulatory Signs,EMERGENCY_SIGNAL_STOP_ON_FLASHING_RED_OVERHEAD_R10-14a.svg,2024 Edition,60.0x24.0 in,
R10-14b,STOP HERE ON FLASHING RED,Regulatory Signs,STOP_HERE_ON_FLASHING_RED_R10-14b.svg,2024 Edition,24.0x36.0 in,"size 24 in: smallest table row (no conventional-road marker, no earlier edition of this code) — check"
R10-15,TURNING TRAFFIC MUST YIELD TO PEDESTRIANS,Regulatory Signs,TURNING_TRAFFIC_MUST_YIELD_TO_PEDESTRIANS_R10-15.svg,2004 Edition,30.0x36.2 in,
R10-15L,TURNING VEHICLES YIELD TO PEDESTRIANS,Regulatory Signs,TURNING_VEHICLES_YIELD_TO_PEDESTRIANS_R10-15L.svg,2024 Edition,30.0x30.0 in,size 30 in: conventional-road row for R10-15 in the 2004/2012 sheets (2024 table has no marker)
R10-15R,TURNING VEHICLES YIELD TO PEDESTRIANS,Regulatory Signs,TURNING_VEHICLES_YIELD_TO_PEDESTRIANS_R10-15R.svg,2024 Edition,30.0x30.0 in,size 30 in: conventional-road row for R10-15 in the 2004/2012 sheets (2024 table has no marker)
R10-15aL,TURNING VEHICLES STOP FOR PEDESTRIANS,Regulatory Signs,TURNING_VEHICLES_STOP_FOR_PEDESTRIANS_R10-15aL.svg,2024 Edition,30.0x30.0 in,
R10-15aR,TURNING VEHICLES STOP FOR PEDESTRIANS,Regulatory Signs,TURNING_VEHICLES_STOP_FOR_PEDESTRIANS_R10-15aR.svg,2024 Edition,30.0x30.0 in,
R10-16,U-TURN YIELD TO RIGHT TURN,Regulatory Signs,U_TURN_YIELD_TO_RIGHT_TURN_R10-16.svg,2024 Edition,30.0x36.0 in,size 30 in: conventional-road row for R10-16 in the 2004/2012 sheets (2024 table has no marker)
R10-17a,RIGHT ON RED ARROW AFTER STOP,Regulatory Signs,RIGHT_ON_RED_ARROW_AFTER_STOP_R10-17a.svg,2024 Edition,30.0x36.0 in,size 30 in: conventional-road row for R10-17a in the 2004/2012 sheets (2024 table has no marker)
R10-18,TRAFFIC LAWS PHOTO ENFORCED,Regulatory Signs,TRAFFIC_LAWS_PHOTO_ENFORCED_R10-18.svg,2024 Edition,36.0x24.0 in,size 36 in: conventional-road row for R10-18 in the 2004/2012 sheets (2024 table has no marker)
R10-18a,TRAFFIC SIGNAL PHOTO ENFORCED,Regulatory Signs,TRAFFIC_SIGNAL_PHOTO_ENFORCED_R10-18a.svg,2024 Edition,30.0x42.0 in,"size 30 in: smallest table row (no conventional-road marker, no earlier edition of this code) — check"
R10-19,PHOTO ENFORCED,Regulatory Signs,PHOTO_ENFORCED_R10-19.svg,2004 Edition,24.0x17.8 in,
R10-19P,PHOTO ENFORCED (SYMBOL PLAQUE),Regulatory Signs,PHOTO_ENFORCED_SYMBOL_PLAQUE_R10-19P.svg,2024 Edition,24.0x12.0 in,"size 24 in: smallest table row (no conventional-road marker, no earlier edition of this code) — check"
R10-19aP,PHOTO ENFORCED (PLAQUE),Regulatory Signs,PHOTO_ENFORCED_PLAQUE_R10-19aP.svg,2024 Edition,24.0x18.0 in,"size 24 in: smallest table row (no conventional-road marker, no earlier edition of this code) — check"
R10-2,CROSS ONLY ON WALK SIGNAL,Regulatory Signs,CROSS_ONLY_ON_WALK_SIGNAL_R10-2.svg,2024 Edition,9.0x12.0 in,
R10-20a,MON-FRI  (3 LINES),Regulatory Signs,MON_FRI_3_LINES_R10-20a.svg,2004 Edition,24.0x24.0 in,
R10-20a,SUNDAY (2 LINES),Regulatory Signs,SUNDAY_2_LINES_R10-20a.svg,2004 Edition,24.0x17.8 in,
R10-20aP,,Regulatory Signs,SIGN_R10-20aP.svg,2024 Edition,24.0x24.0 in,
R10-20aP,SUNDAY (AND TIMES) (2 LINES) (PLAQUE),Regulatory Signs,SUNDAY_AND_TIMES_2_LINES_PLAQUE_R10-20aP.svg,2024 Edition,24.0x18.0 in,
R10-21,LEFT TURN SIGNAL YIELD ON GREEN,Regulatory Signs,LEFT_TURN_SIGNAL_YIELD_ON_GREEN_R10-21.svg,2004 Edition,30.0x37.5 in,
R10-22,BICYCLE DETECTOR,Regulatory Signs,BICYCLE_DETECTOR_R10-22.svg,2024 Edition,12.0x18.0 in,
R10-23,CROSSWALK - STOP ON RED,Regulatory Signs,CROSSWALK_STOP_ON_RED_R10-23.svg,2024 Edition,24.0x30.0 in,
R10-23a,STOP ON RED - YIELD ON FLASHING RED AFTER STOP,Regulatory Signs,STOP_ON_RED_YIELD_ON_FLASHING_RED_AFTER_STOP_R10-23a.svg,2024 Edition,24.0x30.0 in,
R10-24,BIKE PUSH BUTTON FOR GREEN LIGHT,Regulatory Signs,BIKE_PUSH_BUTTON_FOR_GREEN_LIGHT_R10-24.svg,2024 Edition,9.0x15.0 in,
R10-25,PUSH FOR WARNING LIGHTS - WAIT FOR GAP,Regulatory Signs,PUSH_FOR_WARNING_LIGHTS_WAIT_FOR_GAP_R10-25.svg,2024 Edition,9.0x12.0 in,
R10-26,BIKE PUSH BUTTON FOR GREEN LIGHT (ARROW),Regulatory Signs,BIKE_PUSH_BUTTON_FOR_GREEN_LIGHT_ARROW_R10-26.svg,2024 Edition,9.0x15.0 in,
R10-27,LEFT TURN YIELD ON FLASHING RED ARROW AFTER STOP,Regulatory Signs,LEFT_TURN_YIELD_ON_FLASHING_RED_ARROW_AFTER_STOP_R10-27.svg,2024 Edition,30.0x36.0 in,
R10-28,XX VEHICLES PER GREEN,Regulatory Signs,XX_VEHICLES_PER_GREEN_R10-28.svg,2024 Edition,24.0x30.0 in,
R10-29,XX VEHICLES PER GREEN EACH LANE,Regulatory Signs,XX_VEHICLES_PER_GREEN_EACH_LANE_R10-29.svg,2024 Edition,36.0x24.0 in,
R10-2a,CROSS ONLY ON WALK SIGNAL,Regulatory Signs,CROSS_ONLY_ON_WALK_SIGNAL_R10-2a.svg,2004 Edition,12.0x18.4 in,no dimension of its own; drawn to the same size as R10-1 on the sheet — check
R10-3,PUSH BUTTON FOR WALK SIGNAL,Regulatory Signs,PUSH_BUTTON_FOR_WALK_SIGNAL_R10-3.svg,2024 Edition,9.0x12.0 in,
R10-30,RIGHT TURN ON RED MUST YIELD TO U-TURN,Regulatory Signs,RIGHT_TURN_ON_RED_MUST_YIELD_TO_U_TURN_R10-30.svg,2024 Edition,30.0x36.0 in,
R10-31P,AT SIGNAL (PLAQUE),Regulatory Signs,AT_SIGNAL_PLAQUE_R10-31P.svg,2024 Edition,24.0x9.0 in,
R10-32P,PUSH BUTTON FOR 2 SECONDS FOR EXTRA CROSSING TIME (PLAQUE),Regulatory Signs,PUSH_BUTTON_FOR_2_SECONDS_FOR_EXTRA_CROSSING_TIME_PLAQUE_R10-32P.svg,2024 Edition,9.0x12.0 in,
R10-3a,PUSH BUTTON TO CROSS STREET - WAIT FOR WALK SIGNAL,Regulatory Signs,PUSH_BUTTON_TO_CROSS_STREET_WAIT_FOR_WALK_SIGNAL_R10-3a.svg,2024 Edition,9.0x15.0 in,
R10-3b,PUSH BUTTON EDUCATIONAL,Regulatory Signs,PUSH_BUTTON_EDUCATIONAL_R10-3b.svg,2024 Edition,9.0x12.0 in,
R10-3c,PUSH BUTTON EDUCATIONAL,intervene/Regulatory Signs,PUSH_BUTTON_EDUCATIONAL_R10-3c.svg,2024 Edition,9.0x12.0 in,11 overlapping duplicate shape(s) in the sheet's drawing (FHWA artwork fault); needs a manual check
R10-3d,PUSH BUTTON EDUCATIONAL - TWO-STAGE CROSSING,Regulatory Signs,PUSH_BUTTON_EDUCATIONAL_TWO_STAGE_CROSSING_R10-3d.svg,2024 Edition,9.0x12.0 in,
R10-3e,PUSH BUTTON EDUCATIONAL - COUNTDOWN SIGNAL,Regulatory Signs,PUSH_BUTTON_EDUCATIONAL_COUNTDOWN_SIGNAL_R10-3e.svg,2024 Edition,9.0x15.0 in,
R10-3f,PUSH BUTTON EDUCATIONAL - STREET NAME,Regulatory Signs,PUSH_BUTTON_EDUCATIONAL_STREET_NAME_R10-3f.svg,2024 Edition,9.0x15.0 in,
R10-3g,PUSH BUTTON EDUCATIONAL - STREET NAME,Regulatory Signs,PUSH_BUTTON_EDUCATIONAL_STREET_NAME_R10-3g.svg,2024 Edition,9.0x15.0 in,
R10-3h,PUSH BUTTON EDUCATIONAL - STREET NAME - TWO-STAGE CROSSING,Regulatory Signs,PUSH_BUTTON_EDUCATIONAL_STREET_NAME_TWO_STAGE_CROSSING_R10-3h.svg,2024 Edition,9.0x15.0 in,
R10-3i,PUSH BUTTON EDUCATIONAL - COUNTDOWN SIGNAL - STREET NAME,Regulatory Signs,PUSH_BUTTON_EDUCATIONAL_COUNTDOWN_SIGNAL_STREET_NAME_R10-3i.svg,2024 Edition,9.0x15.0 in,
R10-4,PUSH BUTTON FOR GREEN,Regulatory Signs,PUSH_BUTTON_FOR_GREEN_R10-4.svg,2024 Edition,9.0x12.0 in,
R10-40,BICYCLE SIGNAL MANDATORY MOVEMENT (TURN),Regulatory Signs,BICYCLE_SIGNAL_MANDATORY_MOVEMENT_TURN_R10-40.svg,2024 Edition,12.0x21.0 in,"size 12 in: smallest table row (no conventional-road marker, no earlier edition of this code) — check"
R10-40a,BICYCLE SIGNAL MANDATORY MOVEMENT (THRU),Regulatory Signs,BICYCLE_SIGNAL_MANDATORY_MOVEMENT_THRU_R10-40a.svg,2024 Edition,12.0x21.0 in,"size 12 in: smallest table row (no conventional-road marker, no earlier edition of this code) — check"
R10-41,BICYCLE SIGNAL OPTIONAL MOVEMENT (THRU AND TURN),Regulatory Signs,BICYCLE_SIGNAL_OPTIONAL_MOVEMENT_THRU_AND_TURN_R10-41.svg,2024 Edition,12.0x21.0 in,"size 12 in: smallest table row (no conventional-road marker, no earlier edition of this code) — check"
R10-41a,BICYCLE SIGNAL OPTIONAL MOVEMENT (LEFT AND RIGHT TURNS),Regulatory Signs,BICYCLE_SIGNAL_OPTIONAL_MOVEMENT_LEFT_AND_RIGHT_TURNS_R10-41a.svg,2024 Edition,12.0x21.0 in,"size 12 in: smallest table row (no conventional-road marker, no earlier edition of this code) — check"
R10-41b,BICYCLE SIGNAL OPTIONAL MOVEMENT (ALL),Regulatory Signs,BICYCLE_SIGNAL_OPTIONAL_MOVEMENT_ALL_R10-41b.svg,2024 Edition,12.0x21.0 in,"size 12 in: smallest table row (no conventional-road marker, no earlier edition of this code) — check"
R10-41c,BICYCLE SIGNAL OPTIONAL MOVEMENT (LEFT AND THRU),Regulatory Signs,BICYCLE_SIGNAL_OPTIONAL_MOVEMENT_LEFT_AND_THRU_R10-41c.svg,2024 Edition,12.0x21.0 in,"size 12 in: smallest table row (no conventional-road marker, no earlier edition of this code) — check"
R10-4a,PUSH BUTTON - WAIT FOR GREEN,Regulatory Signs,PUSH_BUTTON_WAIT_FOR_GREEN_R10-4a.svg,2024 Edition,9.0x15.0 in,
R10-4b,PEDESTRIAN TRAFFIC SIGNAL,Regulatory Signs,PEDESTRIAN_TRAFFIC_SIGNAL_R10-4b.svg,2004 Edition,9.0x12.3 in,scale from the drawing's overall width dimension (9.0 in)
R10-5,LEFT ON GREEN ARROW ONLY,Regulatory Signs,LEFT_ON_GREEN_ARROW_ONLY_R10-5.svg,2024 Edition,24.0x28.8 in,size 24 in: conventional-road row for R10-5 in the 2004/2012 sheets (2024 table has no marker)
R10-6,STOP HERE ON RED,Regulatory Signs,STOP_HERE_ON_RED_R10-6.svg,2024 Edition,24.0x36.0 in,"size 24 in: smallest table row (no conventional-road marker, no earlier edition of this code) — check"
R10-6a,STOP HERE ON RED,Regulatory Signs,STOP_HERE_ON_RED_STOP_HERE_ON_RED_R10-6a.svg,2004 Edition,13.1x16.4 in,scaled from the dimensioned R10-6a drawing (thumbnail)
R10-6aL,STOP HERE ON RED,Regulatory Signs,STOP_HERE_ON_RED_R10-6aL.svg,2024 Edition,24.0x30.0 in,"size 24 in: smallest table row (no conventional-road marker, no earlier edition of this code) — check"
R10-6aR,STOP HERE ON RED,Regulatory Signs,STOP_HERE_ON_RED_R10-6aR.svg,2024 Edition,24.0x30.0 in,scaled from the dimensioned R10-6aL drawing (thumbnail)
R10-7,DO NOT BLOCK INTERSECTION,Regulatory Signs,DO_NOT_BLOCK_INTERSECTION_R10-7.svg,2024 Edition,24.0x30.0 in,
R10-8,USE LANE WITH GREEN ARROW,Regulatory Signs,USE_LANE_WITH_GREEN_ARROW_R10-8.svg,2024 Edition,30.0x36.0 in,"size 30 in: smallest table row (no conventional-road marker, no earlier edition of this code) — check"
R11-1,KEEP OFF MEDIAN,Regulatory Signs,KEEP_OFF_MEDIAN_R11-1.svg,2024 Edition,24.0x30.0 in,size 24 in: conventional-road row for R11-1 in the 2004/2012 sheets (2024 table has no marker)
R11-2,ROAD CLOSED,Regulatory Signs,ROAD_CLOSED_R11-2.svg,2024 Edition,48.0x30.0 in,
R11-2a,STREET CLOSED,Regulatory Signs,STREET_CLOSED_R11-2a.svg,2024 Edition,48.0x30.0 in,
R11-2b,BRIDGE OUT,Regulatory Signs,BRIDGE_OUT_R11-2b.svg,2024 Edition,48.0x30.0 in,
R11-2c,PATH CLOSED,Regulatory Signs,PATH_CLOSED_R11-2c.svg,2024 Edition,48.0x30.0 in,
R11-3,ROAD CLOSED - LOCAL TRAFFIC ONLY,Regulatory Signs,ROAD_CLOSED_LOCAL_TRAFFIC_ONLY_R11-3.svg,2024 Edition,60.0x30.0 in,
R11-3a,STREET CLOSED - LOCAL TRAFFIC ONLY,Regulatory Signs,STREET_CLOSED_LOCAL_TRAFFIC_ONLY_R11-3a.svg,2024 Edition,60.0x30.0 in,
R11-3b,BRIDGE OUT - LOCAL TRAFFIC ONLY,Regulatory Signs,BRIDGE_OUT_LOCAL_TRAFFIC_ONLY_R11-3b.svg,2024 Edition,60.0x30.0 in,
R11-4,ROAD CLOSED TO THROUGH TRAFFIC,Regulatory Signs,ROAD_CLOSED_TO_THROUGH_TRAFFIC_R11-4.svg,2024 Edition,60.0x30.0 in,
R12-1,WEIGHT LIMIT,Regulatory Signs,WEIGHT_LIMIT_R12-1.svg,2024 Edition,24.0x30.0 in,size 24 in: conventional-road row for R12-1 in the 2004/2012 sheets (2024 table has no marker)
R12-2,WEIGHT LIMIT,Regulatory Signs,WEIGHT_LIMIT_R12-2.svg,2024 Edition,24.0x30.0 in,size 24 in: conventional-road row for R12-2 in the 2004/2012 sheets (2024 table has no marker)
R12-3,WEIGHT LIMIT,Regulatory Signs,WEIGHT_LIMIT_R12-3.svg,2004 Edition,24.0x36.4 in,scale from the drawing's overall width dimension (24.0 in)
R12-3,WEIGHT LIMIT (METRIC),Regulatory Signs,WEIGHT_LIMIT_METRIC_R12-3.svg,2004 Edition,24.0x36.4 in,scale from the drawing's overall width dimension (24.0 in)
R12-4,WEIGHT LIMIT,Regulatory Signs,WEIGHT_LIMIT_R12-4.svg,2024 Edition,36.0x24.0 in,
R12-5,WEIGHT LIMIT,Regulatory Signs,WEIGHT_LIMIT_R12-5.svg,2024 Edition,24.0x36.0 in,size 24 in: conventional-road row for R12-5 in the 2004/2012 sheets (2024 table has no marker)
R12-6,WEIGHT LIMIT - SPECIALIZED HAULING VEHICLES,Regulatory Signs,WEIGHT_LIMIT_SPECIALIZED_HAULING_VEHICLES_R12-6.svg,2024 Edition,30.0x42.0 in,"size 30 in: smallest table row (no conventional-road marker, no earlier edition of this code) — check"
R12-7,WEIGHT LIMIT - EMERGENCY VEHICLES,Regulatory Signs,WEIGHT_LIMIT_EMERGENCY_VEHICLES_R12-7.svg,2024 Edition,30.0x36.0 in,"size 30 in: smallest table row (no conventional-road marker, no earlier edition of this code) — check"
R12-7aP,WEIGHT LIMIT - EMERGENCY VEHICLES (PLAQUE),Regulatory Signs,WEIGHT_LIMIT_EMERGENCY_VEHICLES_PLAQUE_R12-7aP.svg,2024 Edition,30.0x30.0 in,size 30 in: no conventional-road marker in the table and no earlier edition of this code; 30 in diamond chosen — check
R13-1,WEIGH STATION,Regulatory Signs,WEIGH_STATION_R13-1.svg,2024 Edition,72.0x54.0 in,size 72 in: conventional-road row for R13-1 in the 2004/2012 sheets (2024 table has no marker)
R14-1,TRUCK ROUTE,Regulatory Signs,TRUCK_ROUTE_R14-1.svg,2024 Edition,24.0x18.0 in,
R14-2,HAZARDOUS MATERIAL ROUTE,Regulatory Signs,HAZARDOUS_MATERIAL_ROUTE_R14-2.svg,2024 Edition,24.0x24.0 in,size 24 in: conventional-road row for R14-2 in the 2004/2012 sheets (2024 table has no marker)
R14-3,HAZARDOUS MATERIAL PROHIBITION,Regulatory Signs,HAZARDOUS_MATERIAL_PROHIBITION_R14-3.svg,2024 Edition,24.0x24.0 in,size 24 in: conventional-road row for R14-3 in the 2004/2012 sheets (2024 table has no marker)
R14-4,NATIONAL NETWORK,Regulatory Signs,NATIONAL_NETWORK_R14-4.svg,2004 Edition,24.0x24.0 in,
R14-5,NATIONAL NETWORK PROHIBITION,Regulatory Signs,NATIONAL_NETWORK_PROHIBITION_R14-5.svg,2024 Edition,30.0x30.0 in,size 30 in: no conventional-road marker in the table and no earlier edition of this code; 30 in diamond chosen — check
R15-1,GRADE CROSSING (CROSSBUCK),Regulatory Signs,GRADE_CROSSING_CROSSBUCK_R15-1.svg,2024 Edition,24.0x24.0 in,"size 24 in: smallest table row (no conventional-road marker, no earlier edition of this code) — check"
R15-2P,NUMBER OF TRACKS (PLAQUE),Regulatory Signs,NUMBER_OF_TRACKS_PLAQUE_R15-2P.svg,2024 Edition,13.5x9.0 in,"size 13.5 in: smallest table row (no conventional-road marker, no earlier edition of this code) — check"
R15-3P,EXEMPT (PLAQUE),Regulatory Signs,EXEMPT_PLAQUE_R15-3P.svg,2024 Edition,12.0x6.0 in,"size 12 in: smallest table row (no conventional-road marker, no earlier edition of this code) — check"
R15-4a,LIGHT RAIL ONLY RIGHT LANE,Regulatory Signs,LIGHT_RAIL_ONLY_RIGHT_LANE_R15-4a.svg,2024 Edition,24.0x30.0 in,
R15-4b,LIGHT RAIL ONLY,Regulatory Signs,LIGHT_RAIL_ONLY_R15-4b.svg,2004 Edition,24.0x30.0 in,scale from the drawing's overall height dimension (30.0 in)
R15-4c,LIGHT RAIL ONLY CENTER LANE,Regulatory Signs,LIGHT_RAIL_ONLY_CENTER_LANE_R15-4c.svg,2024 Edition,24.0x30.0 in,
R15-5,LIGHT RAIL DO NOT PASS,Regulatory Signs,LIGHT_RAIL_DO_NOT_PASS_R15-5.svg,2024 Edition,24.0x30.0 in,
R15-5a,DO NOT PASS STOPPED TRAIN,Regulatory Signs,DO_NOT_PASS_STOPPED_TRAIN_R15-5a.svg,2024 Edition,24.0x30.0 in,
R15-6,NO MOTOR VEHICLES ON TRACKS,Regulatory Signs,NO_MOTOR_VEHICLES_ON_TRACKS_R15-6.svg,2024 Edition,24.0x24.0 in,
R15-6a,DO NOT DRIVE ON TRACKS,Regulatory Signs,DO_NOT_DRIVE_ON_TRACKS_R15-6a.svg,2024 Edition,24.0x30.0 in,
R15-7,LIGHT RAIL DIVIDED HIGHWAY SYMBOL,Regulatory Signs,LIGHT_RAIL_DIVIDED_HIGHWAY_SYMBOL_R15-7.svg,2024 Edition,24.0x24.0 in,
R15-7a,LIGHT RAIL DIVIDED HIGHWAY SYMBOL (T-INTERSECTION),Regulatory Signs,LIGHT_RAIL_DIVIDED_HIGHWAY_SYMBOL_T_INTERSECTION_R15-7a.svg,2024 Edition,24.0x24.0 in,
R15-8,LOOK,Regulatory Signs,LOOK_R15-8.svg,2024 Edition,36.0x18.0 in,size 36 in: conventional-road row for R15-8 in the 2004/2012 sheets (2024 table has no marker)
R16-1,SEATBELT,Regulatory Signs,SEATBELT_R16-1.svg,2004 Edition,14.2x19.3 in,scale from the drawing's overall height dimension (19.25 in)
R16-10,BEGIN DAYTIME HEADLIGHT SECTION,Regulatory Signs,BEGIN_DAYTIME_HEADLIGHT_SECTION_R16-10.svg,2024 Edition,60.0x18.0 in,"size 60 in: smallest table row (no conventional-road marker, no earlier edition of this code) — check"
R16-11,END DAYTIME HEADLIGHT SECTION,Regulatory Signs,END_DAYTIME_HEADLIGHT_SECTION_R16-11.svg,2024 Edition,60.0x18.0 in,"size 60 in: smallest table row (no conventional-road marker, no earlier edition of this code) — check"
R16-15,NO HAND-HELD PHONE USE BY DRIVER,Regulatory Signs,NO_HAND_HELD_PHONE_USE_BY_DRIVER_R16-15.svg,2024 Edition,72.0x48.0 in,
R16-15a,NO HAND-HELD PHONE USE BY DRIVER,Regulatory Signs,NO_HAND_HELD_PHONE_USE_BY_DRIVER_R16-15a.svg,2024 Edition,30.0x42.0 in,
R16-3,MOVE OVER OR REDUCE SPEED,Regulatory Signs,MOVE_OVER_OR_REDUCE_SPEED_R16-3.svg,2024 Edition,60.0x48.0 in,"size 60 in: smallest table row (no conventional-road marker, no earlier edition of this code) — check"
R16-4,MINOR CRASHES MOVE VEHICLES FROM TRAVEL LANES,Regulatory Signs,MINOR_CRASHES_MOVE_VEHICLES_FROM_TRAVEL_LANES_R16-4.svg,2024 Edition,60.0x42.0 in,"size 60 in: smallest table row (no conventional-road marker, no earlier edition of this code) — check"
R16-5,LIGHTS ON WHEN USING WIPERS,Regulatory Signs,LIGHTS_ON_WHEN_USING_WIPERS_R16-5.svg,2024 Edition,24.0x30.0 in,size 24 in: conventional-road row for R16-5 in the 2004/2012 sheets (2024 table has no marker)
R16-6,LIGHTS ON WHEN RAINING,Regulatory Signs,LIGHTS_ON_WHEN_RAINING_R16-6.svg,2024 Edition,24.0x30.0 in,"size 24 in: smallest table row (no conventional-road marker, no earlier edition of this code) — check"
R16-7,TURN ON HEADLIGHTS NEXT XX MILES,Regulatory Signs,TURN_ON_HEADLIGHTS_NEXT_XX_MILES_R16-7.svg,2024 Edition,60.0x18.0 in,"size 60 in: smallest table row (no conventional-road marker, no earlier edition of this code) — check"
R16-8,TURN ON HEADLIGHTS,Regulatory Signs,TURN_ON_HEADLIGHTS_R16-8.svg,2024 Edition,42.0x18.0 in,"size 42 in: smallest table row (no conventional-road marker, no earlier edition of this code) — check"
R16-9,CHECK HEADLIGHTS,Regulatory Signs,CHECK_HEADLIGHTS_R16-9.svg,2024 Edition,42.0x18.0 in,"size 42 in: smallest table row (no conventional-road marker, no earlier edition of this code) — check"
R2-1,SPEED LIMIT,Regulatory Signs,SPEED_LIMIT_R2-1.svg,2024 Edition,24.0x30.0 in,size 24 in: conventional-road row for R2-1 in the 2004/2012 sheets (2024 table has no marker)
R2-10,BEGIN HIGHER FINES ZONE,Regulatory Signs,BEGIN_HIGHER_FINES_ZONE_R2-10.svg,2024 Edition,24.0x30.0 in,"size 24 in: smallest table row (no conventional-road marker, no earlier edition of this code) — check"
R2-11,END HIGHER FINES ZONE,Regulatory Signs,END_HIGHER_FINES_ZONE_R2-11.svg,2024 Edition,24.0x30.0 in,"size 24 in: smallest table row (no conventional-road marker, no earlier edition of this code) — check"
R2-12,END WORK ZONE SPEED LIMIT,Regulatory Signs,END_WORK_ZONE_SPEED_LIMIT_R2-12.svg,2024 Edition,24.0x36.0 in,"size 24 in: smallest table row (no conventional-road marker, no earlier edition of this code) — check"
R2-13,END VARIABLE SPEED LIMIT,Regulatory Signs,END_VARIABLE_SPEED_LIMIT_R2-13.svg,2024 Edition,24.0x30.0 in,"size 24 in: smallest table row (no conventional-road marker, no earlier edition of this code) — check"
R2-14,END TRUCK SPEED LIMIT,Regulatory Signs,END_TRUCK_SPEED_LIMIT_R2-14.svg,2024 Edition,24.0x30.0 in,"size 24 in: smallest table row (no conventional-road marker, no earlier edition of this code) — check"
R2-2,TRUCK SPEED LIMIT,Regulatory Signs,TRUCK_SPEED_LIMIT_R2-2.svg,2004 Edition,24.0x24.0 in,
R2-2,TRUCK SPEED LIMIT (METRIC),Regulatory Signs,TRUCK_SPEED_LIMIT_METRIC_R2-2.svg,2004 Edition,24.0x30.2 in,size 24 in: conventional-road row for R2-2 in the 2004/2012 sheets (2024 table has no marker)
R2-2P,TRUCK SPEED LIMIT (PLAQUE),Regulatory Signs,TRUCK_SPEED_LIMIT_PLAQUE_R2-2P.svg,2024 Edition,24.0x24.0 in,"size 24 in: smallest table row (no conventional-road marker, no earlier edition of this code) — check"
R2-2aP,BUS SPEED LIMIT (PLAQUE),Regulatory Signs,BUS_SPEED_LIMIT_PLAQUE_R2-2aP.svg,2024 Edition,24.0x24.0 in,"size 24 in: smallest table row (no conventional-road marker, no earlier edition of this code) — check"
R2-2bP,TRUCK-BUS SPEED LIMIT (PLAQUE),Regulatory Signs,TRUCK_BUS_SPEED_LIMIT_PLAQUE_R2-2bP.svg,2024 Edition,24.0x30.0 in,"size 24 in: smallest table row (no conventional-road marker, no earlier edition of this code) — check"
R2-2cP,VEHICLES OVER X TONS SPEED LIMIT (PLAQUE),Regulatory Signs,VEHICLES_OVER_X_TONS_SPEED_LIMIT_PLAQUE_R2-2cP.svg,2024 Edition,24.0x30.0 in,"size 24 in: smallest table row (no conventional-road marker, no earlier edition of this code) — check"
R2-3,NIGHT SPEED LIMIT (ENGLISH),Regulatory Signs,NIGHT_SPEED_LIMIT_ENGLISH_R2-3.svg,2004 Edition,24.0x24.0 in,
R2-3,NIGHT SPEED LIMIT (METRIC),Regulatory Signs,NIGHT_SPEED_LIMIT_METRIC_R2-3.svg,2004 Edition,24.0x30.2 in,
R2-4,MINIMUM SPEED LIMIT (ENGLISH),Regulatory Signs,MINIMUM_SPEED_LIMIT_ENGLISH_R2-4.svg,2004 Edition,24.0x31.7 in,
R2-4,MINIMUM SPEED LIMIT (METRIC),Regulatory Signs,MINIMUM_SPEED_LIMIT_METRIC_R2-4.svg,2004 Edition,24.0x36.4 in,
R2-4P,MINIMUM SPEED LIMIT (PLAQUE),Regulatory Signs,MINIMUM_SPEED_LIMIT_PLAQUE_R2-4P.svg,2024 Edition,24.0x24.0 in,"size 24 in: smallest table row (no conventional-road marker, no earlier edition of this code) — check"
R2-4a,COMBINED MAXIMUM AND MINIMUM SPEED LIMITS,Regulatory Signs,COMBINED_MAXIMUM_AND_MINIMUM_SPEED_LIMITS_R2-4a.svg,2024 Edition,24.0x47.9 in,size 24 in: conventional-road row for R2-4a in the 2004/2012 sheets (2024 table has no marker)
R2-5P,UNLESS OTHERWISE POSTED (PLAQUE),Regulatory Signs,UNLESS_OTHERWISE_POSTED_PLAQUE_R2-5P.svg,2024 Edition,24.0x18.0 in,"size 24 in: smallest table row (no conventional-road marker, no earlier edition of this code) — check"
R2-5aP,CITYWIDE (PLAQUE),Regulatory Signs,CITYWIDE_PLAQUE_R2-5aP.svg,2024 Edition,24.0x6.0 in,"size 24 in: smallest table row (no conventional-road marker, no earlier edition of this code) — check"
R2-5bP,NEIGHBORHOOD (PLAQUE),Regulatory Signs,NEIGHBORHOOD_PLAQUE_R2-5bP.svg,2024 Edition,24.0x6.0 in,"size 24 in: smallest table row (no conventional-road marker, no earlier edition of this code) — check"
R2-5cP,RESIDENTIAL (PLAQUE),Regulatory Signs,RESIDENTIAL_PLAQUE_R2-5cP.svg,2024 Edition,24.0x6.0 in,"size 24 in: smallest table row (no conventional-road marker, no earlier edition of this code) — check"
R2-6,FINES HIGHER,Regulatory Signs,FINES_HIGHER_R2-6.svg,2004 Edition,24.0x24.0 in,
R2-6P,FINES HIGHER (PLAQUE),Regulatory Signs,FINES_HIGHER_PLAQUE_R2-6P.svg,2024 Edition,24.0x18.0 in,"size 24 in: smallest table row (no conventional-road marker, no earlier edition of this code) — check"
R2-6aP,FINES DOUBLE (PLAQUE),Regulatory Signs,FINES_DOUBLE_PLAQUE_R2-6aP.svg,2024 Edition,24.0x18.0 in,"size 24 in: smallest table row (no conventional-road marker, no earlier edition of this code) — check"
R2-6bP,$XX FINE (PLAQUE),Regulatory Signs,XX_FINE_PLAQUE_R2-6bP.svg,2024 Edition,24.0x18.0 in,"size 24 in: smallest table row (no conventional-road marker, no earlier edition of this code) — check"
R22-2,TURN OFF 2-WAY RADIO AND CELL PHONE,Regulatory Signs,TURN_OFF_2_WAY_RADIO_AND_CELL_PHONE_R22-2.svg,2024 Edition,42.0x36.0 in,
R3-1,MOVEMENT PROHIBITION - NO RIGHT TURN,Regulatory Signs,MOVEMENT_PROHIBITION_NO_RIGHT_TURN_R3-1.svg,2024 Edition,24.0x24.0 in,size 24 in: conventional-road row for R3-1 in the 2004/2012 sheets (2024 table has no marker)
R3-10,PREFERENTIAL LANE VEHICLE OCCUPANCY DEFINITION (POST-MOUNTED),Regulatory Signs,PREFERENTIAL_LANE_VEHICLE_OCCUPANCY_DEFINITION_POST_MOUNTED_R3-10.svg,2024 Edition,30.0x42.0 in,size 30 in: conventional-road row for R3-10 in the 2004/2012 sheets (2024 table has no marker)
R3-10a,PREFERENTIAL LANE VEHICLE OCCUPANCY DEFINITION (POST-MOUNTED),Regulatory Signs,PREFERENTIAL_LANE_VEHICLE_OCCUPANCY_DEFINITION_POST_MOUNTED_R3-10a.svg,2024 Edition,30.0x42.0 in,size 30 in: conventional-road row for R3-10a in the 2004/2012 sheets (2024 table has no marker)
R3-10b,PREFERENTIAL ONLY LANE AHEAD (GROUND MOUNTED),Regulatory Signs,PREFERENTIAL_ONLY_LANE_AHEAD_GROUND_MOUNTED_R3-10b.svg,2004 Edition,30.0x42.4 in,
R3-11,PREFERENTIAL LANE OPERATION - HIGH-OCCUPANCY VEHICLES (POST-MOUNTED),Regulatory Signs,PREFERENTIAL_LANE_OPERATION_HIGH_OCCUPANCY_VEHICLES_POST_MOUNTED_R3-11.svg,2024 Edition,30.0x42.0 in,size 30 in: conventional-road row for R3-11 in the 2004/2012 sheets (2024 table has no marker)
R3-11P,MOTORCYCLES ALLOWED (PLAQUE),Regulatory Signs,MOTORCYCLES_ALLOWED_PLAQUE_R3-11P.svg,2012 Supplement,30.0x15.0 in,"size 30 in: smallest table row (no conventional-road marker, no earlier edition of this code) — check"
R3-11a,PREFERENTIAL LANE OPERATION - HIGH-OCCUPANCY VEHICLES (POST-MOUNTED),Regulatory Signs,PREFERENTIAL_LANE_OPERATION_HIGH_OCCUPANCY_VEHICLES_POST_MOUNTED_R3-11a.svg,2024 Edition,30.0x42.0 in,size 30 in: conventional-road row for R3-11a in the 2004/2012 sheets (2024 table has no marker)
R3-11b,"PREFERENTIAL LANE OPERATION - HIGH-OCCUPANCY VEHICLES, FULL-TIME (POST-MOUNTED)",Regulatory Signs,PREFERENTIAL_LANE_OPERATION_HIGH_OCCUPANCY_VEHICLES_FULL_TIME_POST_MOUNTED_R3-11b.svg,2024 Edition,30.0x42.0 in,size 30 in: conventional-road row for R3-11b in the 2004/2012 sheets (2024 table has no marker)
R3-11c,"PREFERENTIAL LANE OPERATION - HIGH-OCCUPANCY VEHICLES, FULL-TIME (POST-MOUNTED)",Regulatory Signs,PREFERENTIAL_LANE_OPERATION_HIGH_OCCUPANCY_VEHICLES_FULL_TIME_POST_MOUNTED_R3-11c.svg,2024 Edition,30.0x42.0 in,size 30 in: conventional-road row for R3-11c in the 2004/2012 sheets (2024 table has no marker)
R3-11d,PREFERENTIAL LANE OPERATION (POST-MOUNTED),Regulatory Signs,PREFERENTIAL_LANE_OPERATION_POST_MOUNTED_R3-11d.svg,2024 Edition,30.0x42.0 in,"size 30 in: smallest table row (no conventional-road marker, no earlier edition of this code) — check"
R3-11e,PREFERENTIAL LANE OPERATION - FULL-TIME (POST-MOUNTED),Regulatory Signs,PREFERENTIAL_LANE_OPERATION_FULL_TIME_POST_MOUNTED_R3-11e.svg,2024 Edition,30.0x42.0 in,"size 30 in: smallest table row (no conventional-road marker, no earlier edition of this code) — check"
R3-11f,PREFERENTIAL LANE OPERATION (POST-MOUNTED),Regulatory Signs,PREFERENTIAL_LANE_OPERATION_POST_MOUNTED_R3-11f.svg,2024 Edition,30.0x42.0 in,"size 30 in: smallest table row (no conventional-road marker, no earlier edition of this code) — check"
R3-11g,PREFERENTIAL LANE OPERATION - FULL-TIME (POST-MOUNTED),Regulatory Signs,PREFERENTIAL_LANE_OPERATION_FULL_TIME_POST_MOUNTED_R3-11g.svg,2024 Edition,30.0x42.0 in,"size 30 in: smallest table row (no conventional-road marker, no earlier edition of this code) — check"
R3-11hP,MOTORCYCLES ALLOWED (PLAQUE),Regulatory Signs,MOTORCYCLES_ALLOWED_PLAQUE_R3-11hP.svg,2024 Edition,30.0x15.0 in,"size 30 in: smallest table row (no conventional-road marker, no earlier edition of this code) — check"
R3-12,PREFERENTIAL LANE AHEAD - HIGH-OCCUPANCY VEHICLES (POST-MOUNTED),Regulatory Signs,PREFERENTIAL_LANE_AHEAD_HIGH_OCCUPANCY_VEHICLES_POST_MOUNTED_R3-12.svg,2024 Edition,30.0x42.0 in,"size 30 in: smallest table row (no conventional-road marker, no earlier edition of this code) — check"
R3-12a,PREFERENTIAL LANE ENDS - HIGH-OCCUPANCY VEHICLES (POST-MOUNTED),Regulatory Signs,PREFERENTIAL_LANE_ENDS_HIGH_OCCUPANCY_VEHICLES_POST_MOUNTED_R3-12a.svg,2024 Edition,30.0x42.0 in,"size 30 in: smallest table row (no conventional-road marker, no earlier edition of this code) — check"
R3-12b,PREFERENTIAL LANE ENDS - HIGH-OCCUPANCY VEHICLES (POST-MOUNTED),Regulatory Signs,PREFERENTIAL_LANE_ENDS_HIGH_OCCUPANCY_VEHICLES_POST_MOUNTED_R3-12b.svg,2024 Edition,30.0x42.0 in,size 30 in: conventional-road row for R3-12b in the 2004/2012 sheets (2024 table has no marker)
R3-12c,PREFERENTIAL LANE RESTRICTION ENDS - HIGH-OCCUPANCY VEHICLES (POST-MOUNTED),Regulatory Signs,PREFERENTIAL_LANE_RESTRICTION_ENDS_HIGH_OCCUPANCY_VEHICLES_POST_MOUNTED_R3-12c.svg,2024 Edition,30.0x42.0 in,"size 30 in: smallest table row (no conventional-road marker, no earlier edition of this code) — check"
R3-12d,PREFERENTIAL LANE RESTRICTION ENDS - HIGH-OCCUPANCY VEHICLES (POST-MOUNTED),Regulatory Signs,PREFERENTIAL_LANE_RESTRICTION_ENDS_HIGH_OCCUPANCY_VEHICLES_POST_MOUNTED_R3-12d.svg,2024 Edition,30.0x42.0 in,size 30 in: conventional-road row for R3-12d in the 2004/2012 sheets (2024 table has no marker)
R3-12e,PREFERENTIAL LANE AHEAD- HIGH-OCCUPANCY VEHICLES (POST-MOUNTED),Regulatory Signs,PREFERENTIAL_LANE_AHEAD_HIGH_OCCUPANCY_VEHICLES_POST_MOUNTED_R3-12e.svg,2024 Edition,30.0x42.0 in,size 30 in: conventional-road row for R3-12e in the 2004/2012 sheets (2024 table has no marker)
R3-12f,PREFERENTIAL LANE AHEAD (POST-MOUNTED),Regulatory Signs,PREFERENTIAL_LANE_AHEAD_POST_MOUNTED_R3-12f.svg,2024 Edition,30.0x36.0 in,"size 30 in: smallest table row (no conventional-road marker, no earlier edition of this code) — check"
R3-12g,PREFERENTIAL LANE ENDS (POST-MOUNTED),Regulatory Signs,PREFERENTIAL_LANE_ENDS_POST_MOUNTED_R3-12g.svg,2024 Edition,30.0x36.0 in,"size 30 in: smallest table row (no conventional-road marker, no earlier edition of this code) — check"
R3-12h,PREFERENTIAL LANE ENDS (POST-MOUNTED),Regulatory Signs,PREFERENTIAL_LANE_ENDS_POST_MOUNTED_R3-12h.svg,2024 Edition,36.0x48.0 in,"size 36 in: smallest table row (no conventional-road marker, no earlier edition of this code) — check"
R3-13,PREFERENTIAL LANE VEHICLE OCCUPANCY DEFINITION (OVERHEAD),Regulatory Signs,PREFERENTIAL_LANE_VEHICLE_OCCUPANCY_DEFINITION_OVERHEAD_R3-13.svg,2024 Edition,66.0x36.0 in,size 66 in: conventional-road row for R3-13 in the 2004/2012 sheets (2024 table has no marker)
R3-13a,PREFERENTIAL LANE VEHICLE OCCUPANCY DEFINITION (OVERHEAD),Regulatory Signs,PREFERENTIAL_LANE_VEHICLE_OCCUPANCY_DEFINITION_OVERHEAD_R3-13a.svg,2024 Edition,66.0x36.0 in,size 66 in: conventional-road row for R3-13a in the 2004/2012 sheets (2024 table has no marker)
R3-14,HOV LANE OPERATION (OVERHEAD),Regulatory Signs,HOV_LANE_OPERATION_OVERHEAD_R3-14.svg,2024 Edition,72.0x60.0 in,size 72 in: conventional-road row for R3-14 in the 2004/2012 sheets (2024 table has no marker)
R3-14a,HOV LANE OPERATION (OVERHEAD),Regulatory Signs,HOV_LANE_OPERATION_OVERHEAD_R3-14a.svg,2024 Edition,72.0x60.0 in,size 72 in: conventional-road row for R3-14a in the 2004/2012 sheets (2024 table has no marker)
R3-14b,HOV LANE OPERATION (OVERHEAD),Regulatory Signs,HOV_LANE_OPERATION_OVERHEAD_R3-14b.svg,2024 Edition,72.0x60.0 in,size 72 in: conventional-road row for R3-14b in the 2004/2012 sheets (2024 table has no marker)
R3-14c,PREFERENTIAL LANE OPERATION (OVERHEAD),Regulatory Signs,PREFERENTIAL_LANE_OPERATION_OVERHEAD_R3-14c.svg,2024 Edition,90.0x60.0 in,"size 90 in: smallest table row (no conventional-road marker, no earlier edition of this code) — check"
R3-15,HOV LANE AHEAD (OVERHEAD),Regulatory Signs,HOV_LANE_AHEAD_OVERHEAD_R3-15.svg,2024 Edition,66.0x36.0 in,size 66 in: conventional-road row for R3-15 in the 2004/2012 sheets (2024 table has no marker)
R3-15a,HOV LANE BEGINS XX MILES (OVERHEAD),Regulatory Signs,HOV_LANE_BEGINS_XX_MILES_OVERHEAD_R3-15a.svg,2024 Edition,78.0x48.0 in,"size 78 in: smallest table row (no conventional-road marker, no earlier edition of this code) — check"
R3-15b,HOV LANE ENDS (OVERHEAD),Regulatory Signs,HOV_LANE_ENDS_OVERHEAD_R3-15b.svg,2024 Edition,66.0x36.0 in,"size 66 in: smallest table row (no conventional-road marker, no earlier edition of this code) — check"
R3-15c,HOV LANE ENDS (OVERHEAD),Regulatory Signs,HOV_LANE_ENDS_OVERHEAD_R3-15c.svg,2024 Edition,66.0x36.0 in,"size 66 in: smallest table row (no conventional-road marker, no earlier edition of this code) — check"
R3-15d,PREFERENTIAL LANE AHEAD OR ENDS (OVERHEAD),Regulatory Signs,PREFERENTIAL_LANE_AHEAD_OR_ENDS_OVERHEAD_R3-15d.svg,2024 Edition,42.0x36.0 in,"size 42 in: smallest table row (no conventional-road marker, no earlier edition of this code) — check"
R3-15e,PREFERENTIAL LANE AHEAD OR ENDS (OVERHEAD),Regulatory Signs,PREFERENTIAL_LANE_AHEAD_OR_ENDS_OVERHEAD_R3-15e.svg,2024 Edition,42.0x36.0 in,"size 42 in: smallest table row (no conventional-road marker, no earlier edition of this code) — check"
R3-17,BIKE LANE,Regulatory Signs,BIKE_LANE_R3-17.svg,2024 Edition,24.0x18.0 in,
R3-17a,BIKE LANE AHEAD,Regulatory Signs,BIKE_LANE_AHEAD_R3-17a.svg,2004 Edition,31.2x12.0 in,scale from the drawing's overall height dimension (12.0 in)
R3-17aP,AHEAD (PLAQUE),Regulatory Signs,AHEAD_PLAQUE_R3-17aP.svg,2024 Edition,24.0x9.0 in,
R3-17b,BIKE LANE ENDS,Regulatory Signs,BIKE_LANE_ENDS_R3-17b.svg,2004 Edition,31.2x12.0 in,no dimension of its own; drawn to the same size as R3-17a on the sheet — check
R3-17bP,ENDS (PLAQUE),Regulatory Signs,ENDS_PLAQUE_R3-17bP.svg,2024 Edition,24.0x9.0 in,
R3-18,MOVEMENT PROHIBITION - NO U OR LEFT TURN,Regulatory Signs,MOVEMENT_PROHIBITION_NO_U_OR_LEFT_TURN_R3-18.svg,2024 Edition,24.0x24.0 in,size 24 in: conventional-road row for R3-18 in the 2004/2012 sheets (2024 table has no marker)
R3-19,LANE FOR LEFT TURN ONLY,Regulatory Signs,LANE_FOR_LEFT_TURN_ONLY_R3-19.svg,2024 Edition,30.0x24.0 in,
R3-19a,LANE FOR U TURN ONLY,Regulatory Signs,LANE_FOR_U_TURN_ONLY_R3-19a.svg,2024 Edition,30.0x24.0 in,
R3-19b,LANE FOR U AND LEFT TURNS ONLY,Regulatory Signs,LANE_FOR_U_AND_LEFT_TURNS_ONLY_R3-19b.svg,2024 Edition,30.0x30.0 in,
R3-1a,NO RIGHT TURN ACROSS TRACKS (ACTIVATED BLANK-OUT),Regulatory Signs,NO_RIGHT_TURN_ACROSS_TRACKS_ACTIVATED_BLANK_OUT_R3-1a.svg,2024 Edition,24.0x30.0 in,"size 24 in: smallest table row (no conventional-road marker, no earlier edition of this code) — check"
R3-1b,"MOVEMENT PROHIBITION, VEHICLE CLASS - 1 LINE",Regulatory Signs,MOVEMENT_PROHIBITION_VEHICLE_CLASS_1_LINE_R3-1b.svg,2024 Edition,24.0x36.0 in,"size 24 in: smallest table row (no conventional-road marker, no earlier edition of this code) — check"
R3-1c,"MOVEMENT PROHIBITION, VEHICLE CLASS – 2 LINES",Regulatory Signs,MOVEMENT_PROHIBITION_VEHICLE_CLASS_2_LINES_R3-1c.svg,2024 Edition,24.0x42.0 in,"size 24 in: smallest table row (no conventional-road marker, no earlier edition of this code) — check"
R3-1d,"MOVEMENT PROHIBITION, VEHICLE CLASS –˜3 LINES",Regulatory Signs,MOVEMENT_PROHIBITION_VEHICLE_CLASS_3_LINES_R3-1d.svg,2024 Edition,24.0x47.9 in,"size 24 in: smallest table row (no conventional-road marker, no earlier edition of this code) — check"
R3-1e,"MOVEMENT PROHIBITION, VEHICLE EXCEPTION - 1 LINE",Regulatory Signs,MOVEMENT_PROHIBITION_VEHICLE_EXCEPTION_1_LINE_R3-1e.svg,2024 Edition,24.0x36.0 in,"size 24 in: smallest table row (no conventional-road marker, no earlier edition of this code) — check"
R3-1f,"MOVEMENT PROHIBITION, VEHICLE EXCEPTION - 2 LINES",Regulatory Signs,MOVEMENT_PROHIBITION_VEHICLE_EXCEPTION_2_LINES_R3-1f.svg,2024 Edition,24.0x42.0 in,"size 24 in: smallest table row (no conventional-road marker, no earlier edition of this code) — check"
R3-1g,"MOVEMENT PROHIBITION, PART-TIME - 2 LINE",Regulatory Signs,MOVEMENT_PROHIBITION_PART_TIME_2_LINE_R3-1g.svg,2024 Edition,24.0x36.0 in,"size 24 in: smallest table row (no conventional-road marker, no earlier edition of this code) — check"
R3-1h,"MOVEMENT PROHIBITION, PART-TIME - 3 LINE",Regulatory Signs,MOVEMENT_PROHIBITION_PART_TIME_3_LINE_2_R3-1h.svg,2024 Edition,24.0x42.0 in,"size 24 in: smallest table row (no conventional-road marker, no earlier edition of this code) — check; same code and name as page 68 but a different drawing; suffixed"
R3-2,MOVEMENT PROHIBITION - NO LEFT TURN,Regulatory Signs,MOVEMENT_PROHIBITION_NO_LEFT_TURN_R3-2.svg,2024 Edition,24.0x24.0 in,size 24 in: conventional-road row for R3-2 in the 2004/2012 sheets (2024 table has no marker)
R3-20L,BEGIN LEFT TURN LANE,Regulatory Signs,BEGIN_LEFT_TURN_LANE_R3-20L.svg,2024 Edition,24.0x36.0 in,
R3-20R,BEGIN RIGHT TURN LANE,Regulatory Signs,BEGIN_RIGHT_TURN_LANE_R3-20R.svg,2024 Edition,24.0x36.0 in,
R3-23,ALL TURNS FROM RIGHT LANE,Regulatory Signs,ALL_TURNS_FROM_RIGHT_LANE_R3-23.svg,2024 Edition,60.0x36.0 in,
R3-23a,U TURN FROM RIGHT LANE,Regulatory Signs,U_TURN_FROM_RIGHT_LANE_R3-23a.svg,2024 Edition,60.0x36.0 in,
R3-24,ALL TURNS DIRECTIONAL (OBLIQUE),Regulatory Signs,ALL_TURNS_DIRECTIONAL_OBLIQUE_R3-24.svg,2024 Edition,72.0x18.1 in,
R3-24a,U AND LEFT TURNS DIRECTIONAL (OBLIQUE),Regulatory Signs,U_AND_LEFT_TURNS_DIRECTIONAL_OBLIQUE_R3-24a.svg,2024 Edition,60.0x24.0 in,
R3-24b,U TURN DIRECTIONAL (OBLIQUE),Regulatory Signs,U_TURN_DIRECTIONAL_OBLIQUE_R3-24b.svg,2024 Edition,72.0x18.1 in,
R3-25,ALL TURNS DIRECTIONAL,Regulatory Signs,ALL_TURNS_DIRECTIONAL_R3-25.svg,2024 Edition,72.0x18.1 in,
R3-25a,U AND LEFT TURNS DIRECTIONAL,Regulatory Signs,U_AND_LEFT_TURNS_DIRECTIONAL_R3-25a.svg,2024 Edition,60.0x24.0 in,
R3-25b,U TURN DIRECTIONAL,Regulatory Signs,U_TURN_DIRECTIONAL_R3-25b.svg,2024 Edition,72.0x18.1 in,
R3-26,U AND LEFT TURNS DIRECTIONAL (THROUGH),Regulatory Signs,U_AND_LEFT_TURNS_DIRECTIONAL_THROUGH_R3-26.svg,2024 Edition,60.0x24.0 in,
R3-26a,U TURN DIRECTIONAL (THROUGH),Regulatory Signs,U_TURN_DIRECTIONAL_THROUGH_R3-26a.svg,2024 Edition,72.0x18.1 in,
R3-27,MOVEMENT PROHIBITION - NO STRAIGHT THROUGH,Regulatory Signs,MOVEMENT_PROHIBITION_NO_STRAIGHT_THROUGH_R3-27.svg,2024 Edition,24.0x24.0 in,"size 24 in: smallest table row (no conventional-road marker, no earlier edition of this code) — check"
R3-28,TOLL RATE,Regulatory Signs,TOLL_RATE_R3-28.svg,2024 Edition,114.0x48.1 in,
R3-29P,PAY TOLL (PLAQUE),Regulatory Signs,PAY_TOLL_PLAQUE_R3-29P.svg,2024 Edition,24.0x18.0 in,
R3-2a,NO LEFT TURN ACROSS TRACKS (ACTIVATED BLANK-OUT),Regulatory Signs,NO_LEFT_TURN_ACROSS_TRACKS_ACTIVATED_BLANK_OUT_R3-2a.svg,2024 Edition,24.0x30.0 in,"size 24 in: smallest table row (no conventional-road marker, no earlier edition of this code) — check"
R3-3,MOVEMENT PROHIBITION - NO TURNS,Regulatory Signs,MOVEMENT_PROHIBITION_NO_TURNS_R3-3.svg,2024 Edition,24.0x24.0 in,size 24 in: conventional-road row for R3-3 in the 2004/2012 sheets (2024 table has no marker)
R3-30P,TAKE TICKET (PLAQUE),Regulatory Signs,TAKE_TICKET_PLAQUE_R3-30P.svg,2024 Edition,24.0x18.0 in,
R3-31,ETC ACCOUNT-ONLY,Regulatory Signs,ETC_ACCOUNT_ONLY_R3-31.svg,2024 Edition,24.0x24.0 in,"size 24 in: smallest table row (no conventional-road marker, no earlier edition of this code) — check"
R3-32P,NO CASH (PLAQUE),Regulatory Signs,NO_CASH_PLAQUE_R3-32P.svg,2024 Edition,24.0x12.0 in,"size 24 in: smallest table row (no conventional-road marker, no earlier edition of this code) — check"
R3-33,RIGHT LANE MUST EXIT,Regulatory Signs,RIGHT_LANE_MUST_EXIT_R3-33.svg,2012 Supplement,78.0x36.0 in,scale from the drawing's overall width dimension (78.0 in)
R3-33L,LEFT LANE MUST EXIT,Regulatory Signs,LEFT_LANE_MUST_EXIT_R3-33L.svg,2024 Edition,78.0x36.0 in,
R3-33R,RIGHT LANE MUST EXIT,Regulatory Signs,RIGHT_LANE_MUST_EXIT_R3-33R.svg,2024 Edition,78.0x36.0 in,
R3-33aL,LEFT LANE MUST EXIT,Regulatory Signs,LEFT_LANE_MUST_EXIT_R3-33aL.svg,2024 Edition,42.0x60.0 in,
R3-33aR,RIGHT LANE MUST EXIT,Regulatory Signs,RIGHT_LANE_MUST_EXIT_R3-33aR.svg,2024 Edition,42.0x60.0 in,
R3-4,MOVEMENT PROHIBITION - NO U TURN,Regulatory Signs,MOVEMENT_PROHIBITION_NO_U_TURN_R3-4.svg,2024 Edition,24.0x24.0 in,size 24 in: conventional-road row for R3-4 in the 2004/2012 sheets (2024 table has no marker)
R3-40,PRICED MANAGED LANE VEHICLE OCCUPANCY DEFINITION (POST-MOUNTED),Regulatory Signs,PRICED_MANAGED_LANE_VEHICLE_OCCUPANCY_DEFINITION_POST_MOUNTED_R3-40.svg,2024 Edition,54.0x66.0 in,"size 54 in: smallest table row (no conventional-road marker, no earlier edition of this code) — check"
R3-42,PRICED MANAGED LANE ENDS (POST-MOUNTED),Regulatory Signs,PRICED_MANAGED_LANE_ENDS_POST_MOUNTED_R3-42.svg,2024 Edition,48.0x60.0 in,"size 48 in: smallest table row (no conventional-road marker, no earlier edition of this code) — check"
R3-42a,PRICED MANAGED LANE ENDS ADVANCE (POST-MOUNTED),Regulatory Signs,PRICED_MANAGED_LANE_ENDS_ADVANCE_POST_MOUNTED_R3-42a.svg,2024 Edition,48.0x66.0 in,"size 48 in: smallest table row (no conventional-road marker, no earlier edition of this code) — check"
R3-42b,PRICED MANAGED LANE RESTRICTION ENDS (POST-MOUNTED),Regulatory Signs,PRICED_MANAGED_LANE_RESTRICTION_ENDS_POST_MOUNTED_R3-42b.svg,2024 Edition,48.0x60.0 in,"size 48 in: smallest table row (no conventional-road marker, no earlier edition of this code) — check"
R3-42c,PRICED MANAGED LANE RESTRICTION ENDS ADVANCE (POST-MOUNTED),Regulatory Signs,PRICED_MANAGED_LANE_RESTRICTION_ENDS_ADVANCE_POST_MOUNTED_R3-42c.svg,2024 Edition,48.0x66.0 in,"size 48 in: smallest table row (no conventional-road marker, no earlier edition of this code) — check"
R3-43,PRICED MANAGED LANE VEHICLE OCCUPANCY DEFINITION,Regulatory Signs,PRICED_MANAGED_LANE_VEHICLE_OCCUPANCY_DEFINITION_R3-43.svg,2024 Edition,138.0x66.1 in,
R3-44,PRICED MANAGED LANE OPERATION (OVERHEAD),Regulatory Signs,PRICED_MANAGED_LANE_OPERATION_OVERHEAD_R3-44.svg,2024 Edition,90.0x84.0 in,
R3-44a,PRICED MANAGED LANE OPERATION (OVERHEAD),Regulatory Signs,PRICED_MANAGED_LANE_OPERATION_OVERHEAD_R3-44a.svg,2024 Edition,132.0x84.1 in,
R3-44b,PRICED MANAGED LANE OPERATION (OVERHEAD),Regulatory Signs,PRICED_MANAGED_LANE_OPERATION_OVERHEAD_R3-44b.svg,2024 Edition,90.0x72.0 in,
R3-45,PRICED MANAGED LANE ENDS (OVERHEAD),Regulatory Signs,PRICED_MANAGED_LANE_ENDS_OVERHEAD_R3-45.svg,2024 Edition,90.0x66.0 in,
R3-45a,PRICED MANAGED LANE RESTRICTION ENDS (OVERHEAD),Regulatory Signs,PRICED_MANAGED_LANE_RESTRICTION_ENDS_OVERHEAD_R3-45a.svg,2024 Edition,114.0x66.1 in,
R3-48,PRICED MANAGED LANE TOLL RATE,Regulatory Signs,PRICED_MANAGED_LANE_TOLL_RATE_R3-48.svg,2024 Edition,43.2x30.4 in,no size table or width dimension read; drawn at page scale (1 pt = 0.1 in)
R3-48a,PRICED MANAGED LANE TOLL RATE,Regulatory Signs,PRICED_MANAGED_LANE_TOLL_RATE_R3-48a.svg,2024 Edition,43.2x38.6 in,no size table or width dimension read; drawn at page scale (1 pt = 0.1 in)
R3-51,PART-TIME TRAVEL ON SHOULDER OPERATION,Regulatory Signs,PART_TIME_TRAVEL_ON_SHOULDER_OPERATION_R3-51.svg,2024 Edition,66.0x78.0 in,
R3-51aP,NO TRUCKS (PLAQUE),Regulatory Signs,NO_TRUCKS_PLAQUE_R3-51aP.svg,2024 Edition,66.0x12.1 in,
R3-51bP,NO TRUCKS OR BUSES (PLAQUE),Regulatory Signs,NO_TRUCKS_OR_BUSES_PLAQUE_R3-51bP.svg,2024 Edition,66.0x24.0 in,
R3-51cP,EMERGENCY STOPPING ONLY OTHER TIMES (PLAQUE),Regulatory Signs,EMERGENCY_STOPPING_ONLY_OTHER_TIMES_PLAQUE_R3-51cP.svg,2024 Edition,54.0x42.0 in,
R3-51d,PART-TIME TRAVEL ON SHOULDER VARIABLE OPERATION,Regulatory Signs,PART_TIME_TRAVEL_ON_SHOULDER_VARIABLE_OPERATION_R3-51d.svg,2024 Edition,66.0x84.0 in,
R3-51e,PART-TIME TRAVEL ON SHOULDER ON GREEN ARROW,Regulatory Signs,PART_TIME_TRAVEL_ON_SHOULDER_ON_GREEN_ARROW_R3-51e.svg,2024 Edition,66.0x84.0 in,
R3-52,PART-TIME TRAVEL ON SHOULDER ENDS,Regulatory Signs,PART_TIME_TRAVEL_ON_SHOULDER_ENDS_R3-52.svg,2024 Edition,66.0x72.0 in,
R3-52a,PART-TIME TRAVEL ON SHOULDER ENDS ADVANCE,Regulatory Signs,PART_TIME_TRAVEL_ON_SHOULDER_ENDS_ADVANCE_R3-52a.svg,2024 Edition,66.0x72.0 in,
R3-52b,SHOULDER MUST EXIT ADVANCE,Regulatory Signs,SHOULDER_MUST_EXIT_ADVANCE_R3-52b.svg,2024 Edition,66.0x72.0 in,
R3-52c,PART-TIME TRAVEL ON SHOULDER BEGINS ADVANCE,Regulatory Signs,PART_TIME_TRAVEL_ON_SHOULDER_BEGINS_ADVANCE_R3-52c.svg,2024 Edition,66.0x72.0 in,
R3-56L,BEGIN EXIT LANE,Regulatory Signs,BEGIN_EXIT_LANE_R3-56L.svg,2024 Edition,48.0x71.8 in,
R3-56R,BEGIN EXIT LANE,Regulatory Signs,BEGIN_EXIT_LANE_R3-56R.svg,2024 Edition,48.0x72.0 in,
R3-57P,TO TRAFFIC ON SHOULDER (PLAQUE),Regulatory Signs,TO_TRAFFIC_ON_SHOULDER_PLAQUE_R3-57P.svg,2024 Edition,36.0x18.0 in,
R3-5L,MANDATORY MOVEMENT LANE CONTROL - TURN ONLY,Regulatory Signs,MANDATORY_MOVEMENT_LANE_CONTROL_TURN_ONLY_R3-5L.svg,2024 Edition,30.0x36.0 in,
R3-5R,MANDATORY MOVEMENT LANE CONTROL - TURN ONLY,Regulatory Signs,MANDATORY_MOVEMENT_LANE_CONTROL_TURN_ONLY_R3-5R.svg,2024 Edition,30.0x36.0 in,
R3-5a,MANDATORY MOVEMENT LANE CONTROL - THROUGH ONLY,Regulatory Signs,MANDATORY_MOVEMENT_LANE_CONTROL_THROUGH_ONLY_R3-5a.svg,2024 Edition,30.0x36.0 in,
R3-5b,LANE CONTROL PLAQUES,Regulatory Signs,LANE_CONTROL_PLAQUES_R3-5b.svg,2004 Edition,30.0x11.4 in,no dimension of its own; drawn to the same size as R3-5e on the sheet — check
R3-5bP,LEFT LANE (PLAQUE),Regulatory Signs,LEFT_LANE_PLAQUE_R3-5bP.svg,2024 Edition,30.0x12.0 in,
R3-5c,LANE CONTROL PLAQUES,Regulatory Signs,LANE_CONTROL_PLAQUES_R3-5c.svg,2004 Edition,24.0x11.5 in,scale from the drawing's overall width dimension (24.0 in)
R3-5cP,HOV 2+ (PLAQUE),Regulatory Signs,HOV_2_PLAQUE_R3-5cP.svg,2024 Edition,24.0x12.0 in,
R3-5d,LANE CONTROL PLAQUES,Regulatory Signs,LANE_CONTROL_PLAQUES_R3-5d.svg,2004 Edition,30.0x11.4 in,no dimension of its own; drawn to the same size as R3-5e on the sheet — check
R3-5dP,TAXI LANE (PLAQUE),Regulatory Signs,TAXI_LANE_PLAQUE_R3-5dP.svg,2024 Edition,30.0x12.0 in,
R3-5e,LANE CONTROL PLAQUES,Regulatory Signs,LANE_CONTROL_PLAQUES_R3-5e.svg,2004 Edition,30.0x11.4 in,scale from the drawing's overall width dimension (30.0 in)
R3-5f,LANE CONTROL PLAQUES,Regulatory Signs,LANE_CONTROL_PLAQUES_R3-5f.svg,2004 Edition,30.0x11.4 in,no dimension of its own; drawn to the same size as R3-5e on the sheet — check
R3-5fP,RIGHT LANE (PLAQUE),Regulatory Signs,RIGHT_LANE_PLAQUE_R3-5fP.svg,2024 Edition,30.0x12.0 in,
R3-5g,LANE CONTROL PLAQUES,Regulatory Signs,LANE_CONTROL_PLAQUES_R3-5g.svg,2004 Edition,30.0x11.4 in,no dimension of its own; drawn to the same size as R3-5e on the sheet — check
R3-5gP,BUS LANE (PLAQUE),Regulatory Signs,BUS_LANE_PLAQUE_R3-5gP.svg,2024 Edition,30.0x12.0 in,
R3-5hP,BIKE LANE (PLAQUE),Regulatory Signs,BIKE_LANE_PLAQUE_R3-5hP.svg,2024 Edition,30.0x12.0 in,
R3-6L,OPTIONAL MOVEMENT LANE CONTROL - THRU AND TURN,Regulatory Signs,OPTIONAL_MOVEMENT_LANE_CONTROL_THRU_AND_TURN_R3-6L.svg,2024 Edition,30.0x36.0 in,
R3-6R,OPTIONAL MOVEMENT LANE CONTROL - THRU AND TURN,Regulatory Signs,OPTIONAL_MOVEMENT_LANE_CONTROL_THRU_AND_TURN_R3-6R.svg,2024 Edition,30.0x36.0 in,
R3-6a,OPTIONAL MOVEMENT LANE CONTROL - U AND LEFT TURNS,Regulatory Signs,OPTIONAL_MOVEMENT_LANE_CONTROL_U_AND_LEFT_TURNS_R3-6a.svg,2024 Edition,30.0x36.0 in,
R3-6bL,OPTIONAL MOVEMENT LANE CONTROL - OBLIQUE,Regulatory Signs,OPTIONAL_MOVEMENT_LANE_CONTROL_OBLIQUE_R3-6bL.svg,2024 Edition,30.0x36.0 in,
R3-6bR,OPTIONAL MOVEMENT LANE CONTROL - OBLIQUE,Regulatory Signs,OPTIONAL_MOVEMENT_LANE_CONTROL_OBLIQUE_R3-6bR.svg,2024 Edition,30.0x36.0 in,
R3-7L,LEFT LANE MUST TURN LEFT,Regulatory Signs,LEFT_LANE_MUST_TURN_LEFT_R3-7L.svg,2024 Edition,30.0x30.0 in,size 30 in: no conventional-road marker in the table and no earlier edition of this code; 30 in diamond chosen — check
R3-7R,RIGHT LANE MUST TURN RIGHT,Regulatory Signs,RIGHT_LANE_MUST_TURN_RIGHT_R3-7R.svg,2024 Edition,30.0x30.0 in,size 30 in: no conventional-road marker in the table and no earlier edition of this code; 30 in diamond chosen — check
R3-7aP,EXCEPT BUSES (PLAQUE),Regulatory Signs,EXCEPT_BUSES_PLAQUE_R3-7aP.svg,2024 Edition,24.0x12.0 in,
R3-7bP,EXCEPT BICYCLES (PLAQUE),Regulatory Signs,EXCEPT_BICYCLES_PLAQUE_R3-7bP.svg,2024 Edition,24.0x12.0 in,
R3-8,"ADVANCE CIRCULAR INTERSECTION LANE CONTROL - LEFT TURN ONLY, OPTIONAL",Regulatory Signs,ADVANCE_CIRCULAR_INTERSECTION_LANE_CONTROL_LEFT_TURN_ONLY_OPTIONAL_R3-8.svg,2012 Supplement,36.0x36.0 in,scale from the drawing's overall width dimension (36.0 in)
R3-8,"ADVANCE CIRCULAR INTERSECTION LANE CONTROL - OPTIONAL, RIGHT TURN ONLY",Regulatory Signs,ADVANCE_CIRCULAR_INTERSECTION_LANE_CONTROL_OPTIONAL_RIGHT_TURN_ONLY_R3-8.svg,2012 Supplement,36.0x36.0 in,scale from the drawing's overall width dimension (36.0 in)
R3-8,"ADVANCE CIRCULAR INTERSECTION LANE CONTROL - OPTIONAL, THROUGH ONLY",Regulatory Signs,ADVANCE_CIRCULAR_INTERSECTION_LANE_CONTROL_OPTIONAL_THROUGH_ONLY_R3-8.svg,2012 Supplement,36.0x36.0 in,scale from the drawing's overall width dimension (36.0 in)
R3-8,ADVANCE CIRCULAR INTERSECTION LANE CONTROL - TWO LANES OPTIONAL,Regulatory Signs,ADVANCE_CIRCULAR_INTERSECTION_LANE_CONTROL_TWO_LANES_OPTIONAL_R3-8.svg,2012 Supplement,36.0x36.0 in,scale from the drawing's overall width dimension (36.0 in)
R3-8L,ADVANCE INTERSECTION LANE CONTROL (2 LANES),Regulatory Signs,ADVANCE_INTERSECTION_LANE_CONTROL_2_LANES_R3-8L.svg,2024 Edition,30.0x30.0 in,size 30 in: conventional-road row for R3-8 in the 2004/2012 sheets (2024 table has no marker)
R3-8R,ADVANCE INTERSECTION LANE CONTROL (2 LANES),Regulatory Signs,ADVANCE_INTERSECTION_LANE_CONTROL_2_LANES_R3-8R.svg,2024 Edition,30.0x30.0 in,size 30 in: conventional-road row for R3-8 in the 2004/2012 sheets (2024 table has no marker)
R3-8a,ADVANCE INTERSECTION LANE CONTROL,Regulatory Signs,ADVANCE_INTERSECTION_LANE_CONTROL_R3-8a.svg,2004 Edition,48.0x29.4 in,size 48 in: conventional-road row for R3-8a in the 2004/2012 sheets (2024 table has no marker)
R3-8aL,ADVANCE INTERSECTION LANE CONTROL (3 LANES),Regulatory Signs,ADVANCE_INTERSECTION_LANE_CONTROL_3_LANES_R3-8aL.svg,2024 Edition,48.0x30.1 in,size 48 in: conventional-road row for R3-8a in the 2004/2012 sheets (2024 table has no marker)
R3-8aR,ADVANCE INTERSECTION LANE CONTROL (3 LANES),Regulatory Signs,ADVANCE_INTERSECTION_LANE_CONTROL_3_LANES_R3-8aR.svg,2024 Edition,48.0x30.0 in,size 48 in: conventional-road row for R3-8a in the 2004/2012 sheets (2024 table has no marker)
R3-8b,ADVANCE INTERSECTION LANE CONTROL (3 LANES),Regulatory Signs,ADVANCE_INTERSECTION_LANE_CONTROL_3_LANES_R3-8b.svg,2024 Edition,48.0x30.0 in,size 48 in: conventional-road row for R3-8b in the 2004/2012 sheets (2024 table has no marker)
R3-8xa,ADVANCE INTERSECTION LANE CONTROL WITH BIKE LANE,Regulatory Signs,ADVANCE_INTERSECTION_LANE_CONTROL_WITH_BIKE_LANE_R3-8xa.svg,2024 Edition,54.0x36.0 in,
R3-8xb,ADVANCE INTERSECTION LANE CONTROL WITH BIKE LANE,Regulatory Signs,ADVANCE_INTERSECTION_LANE_CONTROL_WITH_BIKE_LANE_R3-8xb.svg,2024 Edition,54.0x36.0 in,
R3-8xc,ADVANCE INTERSECTION LANE CONTROL WITH BIKE LANE,Regulatory Signs,ADVANCE_INTERSECTION_LANE_CONTROL_WITH_BIKE_LANE_R3-8xc.svg,2024 Edition,66.0x36.0 in,
R3-8zd,ADVANCE CIRCULAR INTERSECTION LANE CONTROL (2 LANES),Regulatory Signs,ADVANCE_CIRCULAR_INTERSECTION_LANE_CONTROL_2_LANES_R3-8zd.svg,2024 Edition,36.0x36.0 in,
R3-8ze,ADVANCE CIRCULAR INTERSECTION LANE CONTROL (2 LANES),Regulatory Signs,ADVANCE_CIRCULAR_INTERSECTION_LANE_CONTROL_2_LANES_R3-8ze.svg,2024 Edition,36.0x36.0 in,
R3-8zf,ADVANCE CIRCULAR INTERSECTION LANE CONTROL (2 LANES),Regulatory Signs,ADVANCE_CIRCULAR_INTERSECTION_LANE_CONTROL_2_LANES_R3-8zf.svg,2024 Edition,36.0x36.0 in,
R3-8zg,ADVANCE CIRCULAR INTERSECTION LANE CONTROL (2 LANES),Regulatory Signs,ADVANCE_CIRCULAR_INTERSECTION_LANE_CONTROL_2_LANES_R3-8zg.svg,2024 Edition,36.0x36.0 in,
R3-9a,TWO-WAY LEFT TURN ONLY (OVERHEAD),Regulatory Signs,TWO_WAY_LEFT_TURN_ONLY_OVERHEAD_R3-9a.svg,2024 Edition,30.0x36.0 in,
R3-9b,TWO-WAY LEFT TURN ONLY (POST-MOUNTED),Regulatory Signs,TWO_WAY_LEFT_TURN_ONLY_POST_MOUNTED_R3-9b.svg,2024 Edition,24.0x36.0 in,"size 24 in: smallest table row (no conventional-road marker, no earlier edition of this code) — check"
R3-9cP,BEGIN (PLAQUE),Regulatory Signs,BEGIN_PLAQUE_R3-9cP.svg,2024 Edition,24.0x12.0 in,"size 24 in: smallest table row (no conventional-road marker, no earlier edition of this code) — check"
R3-9d,REVERSIBLE LANE CONTROL,Regulatory Signs,REVERSIBLE_LANE_CONTROL_R3-9d.svg,2004 Edition,17.3x7.6 in,scale from the drawing's overall width dimension (17.333 in)
R3-9dP,END (PLAQUE),Regulatory Signs,END_PLAQUE_R3-9dP.svg,2024 Edition,24.0x12.0 in,"size 24 in: smallest table row (no conventional-road marker, no earlier edition of this code) — check"
R3-9e,REVERSIBLE LANE CONTROL (OVERHEAD),Regulatory Signs,REVERSIBLE_LANE_CONTROL_OVERHEAD_R3-9e.svg,2024 Edition,108.0x48.1 in,
R3-9f,REVERSIBLE LANE CONTROL (POST-MOUNTED),Regulatory Signs,REVERSIBLE_LANE_CONTROL_POST_MOUNTED_R3-9f.svg,2024 Edition,30.0x42.0 in,"size 30 in: smallest table row (no conventional-road marker, no earlier edition of this code) — check"
R3-9g,ADVANCE REVERSIBLE LANE CONTROL TRANSITION,Regulatory Signs,ADVANCE_REVERSIBLE_LANE_CONTROL_TRANSITION_2_R3-9g.svg,2024 Edition,43.2x14.5 in,no size table or width dimension read; drawn at page scale (1 pt = 0.1 in); same code and name as page 106 but a different drawing; suffixed
R3-9h,ADVANCE REVERSIBLE LANE CONTROL TRANSITION,Regulatory Signs,ADVANCE_REVERSIBLE_LANE_CONTROL_TRANSITION_R3-9h.svg,2024 Edition,43.2x14.5 in,no size table or width dimension read; drawn at page scale (1 pt = 0.1 in)
R3-9i,END REVERSE LANE,Regulatory Signs,END_REVERSE_LANE_R3-9i.svg,2024 Edition,108.0x48.1 in,
R4-1,DO NOT PASS,Regulatory Signs,DO_NOT_PASS_R4-1.svg,2024 Edition,24.0x30.0 in,size 24 in: conventional-road row for R4-1 in the 2004/2012 sheets (2024 table has no marker)
R4-10,RUNAWAY VEHICLES ONLY,Regulatory Signs,RUNAWAY_VEHICLES_ONLY_R4-10.svg,2024 Edition,48.0x48.0 in,
R4-11,BICYCLE MAY USE FULL LANE,Regulatory Signs,BICYCLE_MAY_USE_FULL_LANE_R4-11.svg,2012 Supplement,30.0x30.0 in,scale from the drawing's overall width dimension (30.0 in)
R4-12,SLOW VEHICLES WITH XX OR MORE FOLLOWING VEHICLES MUST USE TURN-OUT,Regulatory Signs,SLOW_VEHICLES_WITH_XX_OR_MORE_FOLLOWING_VEHICLES_MUST_USE_TURN_OUT_R4-12.svg,2024 Edition,42.0x24.0 in,"size 42 in: smallest table row (no conventional-road marker, no earlier edition of this code) — check"
R4-13,SLOW VEHICLES MUST USE TURN-OUT AHEAD,Regulatory Signs,SLOW_VEHICLES_MUST_USE_TURN_OUT_AHEAD_R4-13.svg,2024 Edition,42.0x24.0 in,
R4-14,SLOW VEHICLES MUST TURN OUT,Regulatory Signs,SLOW_VEHICLES_MUST_TURN_OUT_R4-14.svg,2024 Edition,30.0x42.0 in,
R4-16,KEEP RIGHT EXCEPT TO PASS,Regulatory Signs,KEEP_RIGHT_EXCEPT_TO_PASS_R4-16.svg,2024 Edition,12.0x15.0 in,"size 12 in: smallest table row (no conventional-road marker, no earlier edition of this code) — check"
R4-17,DO NOT DRIVE ON SHOULDER,Regulatory Signs,DO_NOT_DRIVE_ON_SHOULDER_R4-17.svg,2024 Edition,18.0x22.5 in,size 18 in: conventional-road row for R4-17 in the 2004/2012 sheets (2024 table has no marker)
R4-18,DO NOT PASS ON SHOULDER,Regulatory Signs,DO_NOT_PASS_ON_SHOULDER_R4-18.svg,2024 Edition,18.0x22.5 in,"size 18 in: smallest table row (no conventional-road marker, no earlier edition of this code) — check"
R4-19,BICYCLE PASSING CLEARANCE,Regulatory Signs,BICYCLE_PASSING_CLEARANCE_R4-19.svg,2024 Edition,30.0x30.0 in,
R4-2,PASS WITH CARE,Regulatory Signs,PASS_WITH_CARE_R4-2.svg,2024 Edition,24.0x30.0 in,size 24 in: conventional-road row for R4-2 in the 2004/2012 sheets (2024 table has no marker)
R4-20L,ALL TRAFFIC,Regulatory Signs,ALL_TRAFFIC_R4-20L.svg,2024 Edition,24.0x30.0 in,scaled from the dimensioned R4-20R drawing (thumbnail)
R4-20R,ALL TRAFFIC,Regulatory Signs,ALL_TRAFFIC_R4-20R.svg,2024 Edition,24.0x30.0 in,"size 24 in: smallest table row (no conventional-road marker, no earlier edition of this code) — check"
R4-21L,LEFT TURN ONLY,Regulatory Signs,LEFT_TURN_ONLY_R4-21L.svg,2024 Edition,24.0x30.0 in,
R4-21R,RIGHT TURN ONLY,Regulatory Signs,RIGHT_TURN_ONLY_R4-21R.svg,2024 Edition,24.0x30.0 in,
R4-3,SLOWER TRAFFIC KEEP RIGHT,Regulatory Signs,SLOWER_TRAFFIC_KEEP_RIGHT_R4-3.svg,2024 Edition,24.0x30.0 in,size 24 in: conventional-road row for R4-3 in the 2004/2012 sheets (2024 table has no marker)
R4-4,BEGIN RIGHT TURN LANE YIELD TO BIKES,Regulatory Signs,BEGIN_RIGHT_TURN_LANE_YIELD_TO_BIKES_R4-4.svg,2024 Edition,36.0x30.0 in,
R4-5,TRUCKS USE RIGHT LANE,Regulatory Signs,TRUCKS_USE_RIGHT_LANE_R4-5.svg,2024 Edition,24.0x30.0 in,size 24 in: conventional-road row for R4-5 in the 2004/2012 sheets (2024 table has no marker)
R4-6,TRUCK LANE 500 FEET,Regulatory Signs,TRUCK_LANE_500_FEET_R4-6.svg,2004 Edition,24.0x30.0 in,
R4-7,KEEP RIGHT,Regulatory Signs,KEEP_RIGHT_R4-7.svg,2024 Edition,24.0x30.0 in,size 24 in: conventional-road row for R4-7 in the 2004/2012 sheets (2024 table has no marker)
R4-7a,KEEP RIGHT,Regulatory Signs,KEEP_RIGHT_R4-7a.svg,2024 Edition,24.0x30.0 in,size 24 in: conventional-road row for R4-7a in the 2004/2012 sheets (2024 table has no marker)
R4-7b,KEEP RIGHT,Regulatory Signs,KEEP_RIGHT_R4-7b.svg,2024 Edition,24.0x30.0 in,size 24 in: conventional-road row for R4-7b in the 2004/2012 sheets (2024 table has no marker)
R4-7c,NARROW KEEP RIGHT,Regulatory Signs,NARROW_KEEP_RIGHT_R4-7c.svg,2024 Edition,18.0x30.0 in,
R4-8,KEEP LEFT,Regulatory Signs,KEEP_LEFT_R4-8.svg,2024 Edition,18.0x22.5 in,size 18 in: conventional-road row for R4-8 in the 2004/2012 sheets (2024 table has no marker)
R4-8a,KEEP LEFT,Regulatory Signs,KEEP_LEFT_R4-8a.svg,2024 Edition,18.0x22.5 in,"size 18 in: smallest table row (no conventional-road marker, no earlier edition of this code) — check"
R4-8b,KEEP LEFT,Regulatory Signs,KEEP_LEFT_R4-8b.svg,2024 Edition,18.0x22.5 in,"size 18 in: smallest table row (no conventional-road marker, no earlier edition of this code) — check"
R4-8c,NARROW KEEP LEFT,Regulatory Signs,NARROW_KEEP_LEFT_R4-8c.svg,2024 Edition,18.0x30.0 in,
R4-9,STAY IN LANE,Regulatory Signs,STAY_IN_LANE_R4-9.svg,2024 Edition,24.0x30.0 in,size 24 in: conventional-road row for R4-9 in the 2004/2012 sheets (2024 table has no marker)
R4-9a,STAY IN LANE TO MERGE POINT,Regulatory Signs,STAY_IN_LANE_TO_MERGE_POINT_R4-9a.svg,2024 Edition,36.0x48.0 in,
R5-1,DO NOT ENTER,Regulatory Signs,DO_NOT_ENTER_R5-1.svg,2024 Edition,30.0x30.0 in,size 30 in: conventional-road row for R5-1 in the 2004/2012 sheets (2024 table has no marker)
R5-10,"NO PEDESTRIANS, BICYCLES,",Regulatory Signs,NO_PEDESTRIANS_BICYCLES_R5-10.svg,2024 Edition,30.0x36.0 in,
R5-10a,"NO PEDESTRIANS, BICYCLES,",Regulatory Signs,NO_PEDESTRIANS_BICYCLES_R5-10a.svg,2024 Edition,30.0x36.0 in,
R5-10b,NO PEDESTRIANS OR BICYCLES,Regulatory Signs,NO_PEDESTRIANS_OR_BICYCLES_R5-10b.svg,2024 Edition,30.0x18.0 in,
R5-10c,NO PEDESTRIANS,Regulatory Signs,NO_PEDESTRIANS_R5-10c.svg,2024 Edition,24.0x12.0 in,
R5-10dP,ON FREEWAY (PLAQUE),Regulatory Signs,ON_FREEWAY_PLAQUE_R5-10dP.svg,2024 Edition,24.0x6.0 in,"size 24 in: smallest table row (no conventional-road marker, no earlier edition of this code) — check"
R5-11,AUTHORIZED VEHICLES ONLY,Regulatory Signs,AUTHORIZED_VEHICLES_ONLY_R5-11.svg,2024 Edition,30.0x24.0 in,
R5-12,NO THRU TRAFFIC,Regulatory Signs,NO_THRU_TRAFFIC_R5-12.svg,2024 Edition,24.0x30.0 in,"size 24 in: smallest table row (no conventional-road marker, no earlier edition of this code) — check"
R5-1a,WRONG WAY,Regulatory Signs,WRONG_WAY_R5-1a.svg,2024 Edition,36.0x24.0 in,size 36 in: conventional-road row for R5-1a in the 2004/2012 sheets (2024 table has no marker)
R5-1b,BICYCLE WRONG WAY,Regulatory Signs,BICYCLE_WRONG_WAY_R5-1b.svg,2024 Edition,12.0x18.0 in,
R5-2,NO TRUCKS,Regulatory Signs,NO_TRUCKS_R5-2.svg,2024 Edition,24.0x24.0 in,size 24 in: conventional-road row for R5-2 in the 2004/2012 sheets (2024 table has no marker)
R5-2a,NO TRUCKS,Regulatory Signs,NO_TRUCKS_R5-2a.svg,2004 Edition,24.0x24.0 in,
R5-2aP,EXCEPT LOCAL DELIVERY (PLAQUE),Regulatory Signs,EXCEPT_LOCAL_DELIVERY_PLAQUE_R5-2aP.svg,2024 Edition,24.0x12.0 in,"size 24 in: smallest table row (no conventional-road marker, no earlier edition of this code) — check"
R5-2b,NO THRU TRUCKS,Regulatory Signs,NO_THRU_TRUCKS_R5-2b.svg,2024 Edition,24.0x30.0 in,"size 24 in: smallest table row (no conventional-road marker, no earlier edition of this code) — check"
R5-3,NO MOTOR VEHICLES,Regulatory Signs,NO_MOTOR_VEHICLES_R5-3.svg,2024 Edition,24.0x24.0 in,
R5-4,NO COMMERCIAL VEHICLES,Regulatory Signs,NO_COMMERCIAL_VEHICLES_R5-4.svg,2024 Edition,24.0x30.0 in,size 24 in: conventional-road row for R5-4 in the 2004/2012 sheets (2024 table has no marker)
R5-5,NO VEHICLES WITH LUGS,Regulatory Signs,NO_VEHICLES_WITH_LUGS_R5-5.svg,2024 Edition,24.0x30.0 in,size 24 in: conventional-road row for R5-5 in the 2004/2012 sheets (2024 table has no marker)
R5-6,NO BICYCLES,Regulatory Signs,NO_BICYCLES_R5-6.svg,2024 Edition,24.0x24.0 in,size 24 in: conventional-road row for R5-6 in the 2004/2012 sheets (2024 table has no marker)
R5-7,NO NON-MOTORIZED TRAFFIC,Regulatory Signs,NO_NON_MOTORIZED_TRAFFIC_R5-7.svg,2024 Edition,30.0x24.0 in,size 30 in: conventional-road row for R5-7 in the 2004/2012 sheets (2024 table has no marker)
R5-8,NO MOTOR-DRIVEN CYCLES,Regulatory Signs,NO_MOTOR_DRIVEN_CYCLES_R5-8.svg,2024 Edition,30.0x24.0 in,size 30 in: conventional-road row for R5-8 in the 2004/2012 sheets (2024 table has no marker)
R6-1L,ONE WAY,Regulatory Signs,ONE_WAY_R6-1L.svg,2024 Edition,36.0x12.0 in,size 36 in: conventional-road row for R6-1 in the 2004/2012 sheets (2024 table has no marker)
R6-1R,ONE WAY,Regulatory Signs,ONE_WAY_R6-1R.svg,2024 Edition,36.0x12.0 in,size 36 in: conventional-road row for R6-1 in the 2004/2012 sheets (2024 table has no marker)
R6-2L,ONE WAY,Regulatory Signs,ONE_WAY_R6-2L.svg,2024 Edition,24.0x30.0 in,size 24 in: conventional-road row for R6-2 in the 2004/2012 sheets (2024 table has no marker)
R6-2R,ONE WAY,Regulatory Signs,ONE_WAY_R6-2R.svg,2024 Edition,24.0x30.0 in,size 24 in: conventional-road row for R6-2 in the 2004/2012 sheets (2024 table has no marker)
R6-3,DIVIDED HIGHWAY CROSSING,Regulatory Signs,DIVIDED_HIGHWAY_CROSSING_R6-3.svg,2024 Edition,30.0x24.0 in,size 30 in: conventional-road row for R6-3 in the 2004/2012 sheets (2024 table has no marker)
R6-3a,DIVIDED HIGHWAY CROSSING,Regulatory Signs,DIVIDED_HIGHWAY_CROSSING_R6-3a.svg,2024 Edition,30.0x24.0 in,size 30 in: conventional-road row for R6-3a in the 2004/2012 sheets (2024 table has no marker)
R6-4,ROUNDABOUT DIRECTIONAL (2 CHEVRONS),Regulatory Signs,ROUNDABOUT_DIRECTIONAL_2_CHEVRONS_R6-4.svg,2012 Supplement,7.6x6.0 in,scale from the drawing's overall width dimension (7.562 in)
R6-4a,ROUNDABOUT DIRECTIONAL (3 CHEVRONS),Regulatory Signs,ROUNDABOUT_DIRECTIONAL_3_CHEVRONS_R6-4a.svg,2012 Supplement,6.8x3.4 in,scale from the drawing's overall width dimension (6.813 in)
R6-4b,ROUNDABOUT DIRECTIONAL (4 CHEVRONS),Regulatory Signs,ROUNDABOUT_DIRECTIONAL_4_CHEVRONS_R6-4b.svg,2012 Supplement,6.8x2.7 in,scale from the drawing's overall width dimension (6.813 in)
R6-5P,ROUNDABOUT CIRCULATION (PLAQUE),Regulatory Signs,ROUNDABOUT_CIRCULATION_PLAQUE_R6-5P.svg,2024 Edition,30.0x30.0 in,
R6-6,BEGIN ONE WAY,Regulatory Signs,BEGIN_ONE_WAY_R6-6.svg,2024 Edition,24.0x30.0 in,"size 24 in: smallest table row (no conventional-road marker, no earlier edition of this code) — check"
R6-7,END ONE WAY,Regulatory Signs,END_ONE_WAY_R6-7.svg,2024 Edition,24.0x30.0 in,"size 24 in: smallest table row (no conventional-road marker, no earlier edition of this code) — check"
R7-1,NO PARKING ANY TIME,Parking Signs,NO_PARKING_ANY_TIME_R7-1.svg,2024 Edition,12.0x18.0 in,
R7-10,BACK-IN PARKING,Parking Signs,BACK_IN_PARKING_R7-10.svg,2024 Edition,12.0x18.0 in,
R7-2,NO PARKING (PART-TIME),Parking Signs,NO_PARKING_PART_TIME_R7-2.svg,2024 Edition,12.0x18.0 in,
R7-20,"PARKING FEE STATION, MULTISPACE METER",Parking Signs,PARKING_FEE_STATION_MULTISPACE_METER_R7-20.svg,2024 Edition,24.0x18.0 in,
R7-21,METERED PARKING,Parking Signs,METERED_PARKING_R7-21.svg,2024 Edition,12.0x18.0 in,
R7-21a,PAY PARKING (TIME LIMIT),Parking Signs,PAY_PARKING_TIME_LIMIT_R7-21a.svg,2012 Supplement,12.0x18.0 in,scale from the drawing's overall width dimension (12.0 in)
R7-21aP,MOBILE PARKING PAYMENT (PLAQUE),Parking Signs,MOBILE_PARKING_PAYMENT_PLAQUE_R7-21aP.svg,2024 Edition,12.0x6.0 in,
R7-22,METERED PARKING,Parking Signs,METERED_PARKING_R7-22.svg,2024 Edition,12.0x18.0 in,
R7-23,PARKING (PART-TIME),Parking Signs,PARKING_PART_TIME_R7-23.svg,2012 Supplement,12.0x18.0 in,scale from the drawing's overall width dimension (12.0 in)
R7-23a,"PARKING (TIME LIMIT, PART-TIME)",Parking Signs,PARKING_TIME_LIMIT_PART_TIME_R7-23a.svg,2012 Supplement,12.0x18.0 in,scale from the drawing's overall width dimension (12.0 in)
R7-2a,NO PARKING,Parking Signs,NO_PARKING_R7-2a.svg,2004 Edition,12.0x18.4 in,no dimension of its own; drawn to the same size as R7-1 on the sheet — check
R7-3,NO PARKING EXCEPT SUNDAYS AND HOLIDAYS,Parking Signs,NO_PARKING_EXCEPT_SUNDAYS_AND_HOLIDAYS_R7-3.svg,2024 Edition,12.0x18.0 in,
R7-4,NO STANDING ANY TIME,Parking Signs,NO_STANDING_ANY_TIME_R7-4.svg,2024 Edition,12.0x18.0 in,
R7-4a,NO STOPPING ANY TIME,Parking Signs,NO_STOPPING_ANY_TIME_R7-4a.svg,2024 Edition,12.0x18.0 in,
R7-5,PARKING PERMITTED (TIME LIMIT),Parking Signs,PARKING_PERMITTED_TIME_LIMIT_R7-5.svg,2024 Edition,12.0x18.0 in,
R7-6,NO PARKING LOADING ZONE,Parking Signs,NO_PARKING_LOADING_ZONE_R7-6.svg,2024 Edition,12.0x18.0 in,
R7-7,NO PARKING,Parking Signs,NO_PARKING_R7-7.svg,2004 Edition,12.0x18.4 in,scale from the drawing's overall width dimension (12.0 in)
R7-8,RESERVED PARKING - ACCESSIBLE,Parking Signs,RESERVED_PARKING_ACCESSIBLE_R7-8.svg,2024 Edition,12.0x18.0 in,
R7-8a,VAN ACCESSABLE,Parking Signs,VAN_ACCESSABLE_R7-8a.svg,2004 Edition,18.0x8.6 in,
R7-8aP,VAN ACCESSIBLE (PLAQUE),Parking Signs,VAN_ACCESSIBLE_PLAQUE_R7-8aP.svg,2024 Edition,12.0x5.6 in,
R7-8b,VAN ACCESSABLE,Parking Signs,VAN_ACCESSABLE_R7-8b.svg,2004 Edition,18.0x8.6 in,
R7-9,NO PARKING BIKE LANE,Parking Signs,NO_PARKING_BIKE_LANE_R7-9.svg,2024 Edition,12.0x18.0 in,
R7-9a,NO PARKING BIKE LANE,Parking Signs,NO_PARKING_BIKE_LANE_R7-9a.svg,2024 Edition,12.0x18.0 in,
R8-1,NO PARKING ON PAVEMENT,Parking Signs,NO_PARKING_ON_PAVEMENT_R8-1.svg,2024 Edition,24.0x30.0 in,size 24 in: conventional-road row for R8-1 in the 2004/2012 sheets (2024 table has no marker)
R8-10,STOP HERE WHEN FLASHING,Parking Signs,STOP_HERE_WHEN_FLASHING_R8-10.svg,2024 Edition,24.0x36.0 in,"size 24 in: smallest table row (no conventional-road marker, no earlier edition of this code) — check"
R8-10a,STOP HERE WHEN FLASHING,Parking Signs,STOP_HERE_WHEN_FLASHING_R8-10a.svg,2012 Supplement,24.0x30.0 in,"size 24 in: smallest table row (no conventional-road marker, no earlier edition of this code) — check"
R8-10aL,STOP HERE WHEN FLASHING,Parking Signs,STOP_HERE_WHEN_FLASHING_R8-10aL.svg,2024 Edition,24.0x30.0 in,"size 24 in: smallest table row (no conventional-road marker, no earlier edition of this code) — check"
R8-10aR,STOP HERE WHEN FLASHING,Parking Signs,STOP_HERE_WHEN_FLASHING_R8-10aR.svg,2024 Edition,24.0x30.0 in,scaled from the dimensioned R8-10aL drawing (thumbnail)
R8-2,NO PARKING EXCEPT ON SHOULDER,Parking Signs,NO_PARKING_EXCEPT_ON_SHOULDER_R8-2.svg,2024 Edition,24.0x30.0 in,size 24 in: conventional-road row for R8-2 in the 2004/2012 sheets (2024 table has no marker)
R8-3,NO PARKING (SYMBOL),Parking Signs,NO_PARKING_SYMBOL_R8-3.svg,2024 Edition,24.0x24.0 in,size 24 in: conventional-road row for R8-3 in the 2004/2012 sheets (2024 table has no marker)
R8-3a,NO PARKING,Parking Signs,NO_PARKING_R8-3a.svg,2024 Edition,24.0x30.0 in,size 24 in: conventional-road row for R8-3a in the 2004/2012 sheets (2024 table has no marker)
R8-3b,PARKING PLAQUE,Parking Signs,PARKING_PLAQUE_R8-3b.svg,2004 Edition,12.0x8.9 in,size 12 in: conventional-road row for R8-3b in the 2004/2012 sheets (2024 table has no marker)
R8-3bP,EXCEPT SUNDAYS AND HOLIDAYS,Parking Signs,EXCEPT_SUNDAYS_AND_HOLIDAYS_R8-3bP.svg,2012 Supplement,12.0x9.0 in,"size 12 in: smallest table row (no conventional-road marker, no earlier edition of this code) — check"
R8-3c,ON PAVEMENT,Parking Signs,ON_PAVEMENT_R8-3c.svg,2024 Edition,24.0x36.0 in,size 24 in: conventional-road row for R8-3c in the 2004/2012 sheets (2024 table has no marker)
R8-3d,ON BRIDGE,Parking Signs,ON_BRIDGE_R8-3d.svg,2024 Edition,24.0x36.0 in,size 24 in: conventional-road row for R8-3d in the 2004/2012 sheets (2024 table has no marker)
R8-3e,ON TRACKS,Parking Signs,ON_TRACKS_R8-3e.svg,2024 Edition,18.0x27.0 in,"size 18 in: smallest table row (no conventional-road marker, no earlier edition of this code) — check"
R8-3eP,ON TRACKS (PLAQUE),Parking Signs,ON_TRACKS_PLAQUE_R8-3eP.svg,2012 Supplement,12.0x9.0 in,"size 12 in: smallest table row (no conventional-road marker, no earlier edition of this code) — check"
R8-3f,EXCEPT ON SHOULDER,Parking Signs,EXCEPT_ON_SHOULDER_R8-3f.svg,2024 Edition,18.0x27.0 in,"size 18 in: smallest table row (no conventional-road marker, no earlier edition of this code) — check"
R8-3fP,EXCEPT ON SHOULDER (PLAQUE),Parking Signs,EXCEPT_ON_SHOULDER_PLAQUE_R8-3fP.svg,2012 Supplement,12.0x9.0 in,"size 12 in: smallest table row (no conventional-road marker, no earlier edition of this code) — check"
R8-3gP,LOADING ZONE (PLAQUE),Parking Signs,LOADING_ZONE_PLAQUE_R8-3gP.svg,2012 Supplement,12.0x9.0 in,"size 12 in: smallest table row (no conventional-road marker, no earlier edition of this code) — check"
R8-3hP,TIME OF DAY (PLAQUE),Parking Signs,TIME_OF_DAY_PLAQUE_R8-3hP.svg,2012 Supplement,12.0x9.0 in,"size 12 in: smallest table row (no conventional-road marker, no earlier edition of this code) — check"
R8-4,EMERGENCY PARKING ONLY,Parking Signs,EMERGENCY_PARKING_ONLY_R8-4.svg,2024 Edition,30.0x24.0 in,size 30 in: conventional-road row for R8-4 in the 2004/2012 sheets (2024 table has no marker)
R8-5,NO STOPPING ON PAVEMENT,Parking Signs,NO_STOPPING_ON_PAVEMENT_R8-5.svg,2024 Edition,24.0x30.0 in,size 24 in: conventional-road row for R8-5 in the 2004/2012 sheets (2024 table has no marker)
R8-6,NO STOPPING EXCEPT ON SHOULDER,Parking Signs,NO_STOPPING_EXCEPT_ON_SHOULDER_R8-6.svg,2024 Edition,24.0x30.0 in,size 24 in: conventional-road row for R8-6 in the 2004/2012 sheets (2024 table has no marker)
R8-7,EMERGENCY STOPPING ONLY,Parking Signs,EMERGENCY_STOPPING_ONLY_R8-7.svg,2024 Edition,30.0x24.0 in,size 30 in: conventional-road row for R8-7 in the 2004/2012 sheets (2024 table has no marker)
R8-8,DO NOT STOP ON TRACKS,Parking Signs,DO_NOT_STOP_ON_TRACKS_R8-8.svg,2024 Edition,24.0x30.0 in,size 24 in: conventional-road row for R8-8 in the 2004/2012 sheets (2024 table has no marker)
R8-9,TRACKS OUT OF SERVICE,Parking Signs,TRACKS_OUT_OF_SERVICE_R8-9.svg,2024 Edition,24.0x24.0 in,size 24 in: conventional-road row for R8-9 in the 2004/2012 sheets (2024 table has no marker)
R9-1,WALK ON LEFT FACING TRAFFIC,Regulatory Signs,WALK_ON_LEFT_FACING_TRAFFIC_R9-1.svg,2024 Edition,18.0x24.0 in,
R9-10,"SIDEWALK CLOSED, USE OTHER SIDE",Regulatory Signs,SIDEWALK_CLOSED_USE_OTHER_SIDE_R9-10.svg,2024 Edition,24.0x12.0 in,size 24 in: conventional-road row for R9-10 in the 2004/2012 sheets (2024 table has no marker)
R9-11,SIDEWALK CLOSED AHEAD CROSS HERE,Regulatory Signs,SIDEWALK_CLOSED_AHEAD_CROSS_HERE_R9-11.svg,2004 Edition,24.0x17.8 in,size 24 in: conventional-road row for R9-11 in the 2004/2012 sheets (2024 table has no marker)
R9-11L,"SIDEWALK CLOSED AHEAD, CROSS HERE",Regulatory Signs,SIDEWALK_CLOSED_AHEAD_CROSS_HERE_R9-11L.svg,2024 Edition,24.0x18.0 in,size 24 in: conventional-road row for R9-11 in the 2004/2012 sheets (2024 table has no marker)
R9-11R,"SIDEWALK CLOSED AHEAD, CROSS HERE",Regulatory Signs,SIDEWALK_CLOSED_AHEAD_CROSS_HERE_R9-11R.svg,2024 Edition,24.0x18.0 in,size 24 in: conventional-road row for R9-11 in the 2004/2012 sheets (2024 table has no marker)
R9-11a,SIDEWALK CLOSED CROSS HERE,Regulatory Signs,SIDEWALK_CLOSED_CROSS_HERE_R9-11a.svg,2004 Edition,24.0x11.6 in,size 24 in: conventional-road row for R9-11a in the 2004/2012 sheets (2024 table has no marker)
R9-11aL,"SIDEWALK CLOSED, CROSS HERE",Regulatory Signs,SIDEWALK_CLOSED_CROSS_HERE_R9-11aL.svg,2024 Edition,24.0x12.0 in,size 24 in: conventional-road row for R9-11a in the 2004/2012 sheets (2024 table has no marker)
R9-11aR,"SIDEWALK CLOSED, CROSS HERE",Regulatory Signs,SIDEWALK_CLOSED_CROSS_HERE_R9-11aR.svg,2024 Edition,24.0x12.1 in,size 24 in: conventional-road row for R9-11a in the 2004/2012 sheets (2024 table has no marker)
R9-12,BIKE LANE CLOSED,Regulatory Signs,BIKE_LANE_CLOSED_R9-12.svg,2024 Edition,24.0x12.0 in,
R9-13,NO SKATERS,Regulatory Signs,NO_SKATERS_R9-13.svg,2024 Edition,30.0x30.0 in,size 30 in: no conventional-road marker in the table and no earlier edition of this code; 30 in diamond chosen — check
R9-14,NO EQUESTRIANS,Regulatory Signs,NO_EQUESTRIANS_R9-14.svg,2024 Edition,30.0x30.0 in,size 30 in: no conventional-road marker in the table and no earlier edition of this code; 30 in diamond chosen — check
R9-15,NO SNOWMOBILES,Regulatory Signs,NO_SNOWMOBILES_R9-15.svg,2024 Edition,30.0x30.0 in,size 30 in: no conventional-road marker in the table and no earlier edition of this code; 30 in diamond chosen — check
R9-16,NO ALL-TERRAIN VEHICLES,Regulatory Signs,NO_ALL_TERRAIN_VEHICLES_R9-16.svg,2024 Edition,30.0x30.0 in,size 30 in: no conventional-road marker in the table and no earlier edition of this code; 30 in diamond chosen — check
R9-19P,EXCEPT ON SHOULDER (PLAQUE),Regulatory Signs,EXCEPT_ON_SHOULDER_PLAQUE_R9-19P.svg,2024 Edition,18.0x12.0 in,"size 18 in: smallest table row (no conventional-road marker, no earlier edition of this code) — check"
R9-2,CROSS ONLY AT CROSSWALKS,Regulatory Signs,CROSS_ONLY_AT_CROSSWALKS_R9-2.svg,2024 Edition,12.0x18.0 in,
R9-20,BICYCLES ALLOWED USE OF FULL LANE,Regulatory Signs,BICYCLES_ALLOWED_USE_OF_FULL_LANE_R9-20.svg,2024 Edition,30.0x30.0 in,
R9-22,BICYCLES MUST EXIT,Regulatory Signs,BICYCLES_MUST_EXIT_R9-22.svg,2024 Edition,24.0x30.0 in,
R9-23,BICYCLE ALL TURNS FROM BIKE LANE,Regulatory Signs,BICYCLE_ALL_TURNS_FROM_BIKE_LANE_R9-23.svg,2024 Edition,12.0x18.0 in,
R9-23a,BICYCLE LEFT TURN FROM BIKE LANE,Regulatory Signs,BICYCLE_LEFT_TURN_FROM_BIKE_LANE_R9-23a.svg,2024 Edition,12.0x18.0 in,
R9-23c,"BICYCLE LEFT TURN MUST USE TURN BOX (WITH ARROW, OBLIQUE)",Regulatory Signs,BICYCLE_LEFT_TURN_MUST_USE_TURN_BOX_WITH_ARROW_OBLIQUE_R9-23c.svg,2024 Edition,12.0x18.0 in,
R9-24,"BICYCLE ALL TURNS (WITH ARROW, OBLIQUE)",Regulatory Signs,BICYCLE_ALL_TURNS_WITH_ARROW_OBLIQUE_R9-24.svg,2024 Edition,24.0x6.0 in,
R9-24a,"BICYCLE ALL TURNS (WITH ARROW, HORIZONTAL)",Regulatory Signs,BICYCLE_ALL_TURNS_WITH_ARROW_HORIZONTAL_R9-24a.svg,2024 Edition,24.0x6.0 in,
R9-25,"BICYCLE U AND LEFT TURNS (WITH ARROW, OBLIQUE)",Regulatory Signs,BICYCLE_U_AND_LEFT_TURNS_WITH_ARROW_OBLIQUE_R9-25.svg,2024 Edition,24.0x9.0 in,
R9-25a,"BICYCLE U AND LEFT TURNS (WITH ARROW, HORIZONTAL)",Regulatory Signs,BICYCLE_U_AND_LEFT_TURNS_WITH_ARROW_HORIZONTAL_R9-25a.svg,2024 Edition,24.0x9.0 in,
R9-25b,"BICYCLE U AND LEFT TURNS (WITH ARROW, THROUGH)",Regulatory Signs,BICYCLE_U_AND_LEFT_TURNS_WITH_ARROW_THROUGH_R9-25b.svg,2024 Edition,24.0x9.0 in,
R9-26,"BICYCLE U TURN (WITH ARROW, OBLIQUE)",Regulatory Signs,BICYCLE_U_TURN_WITH_ARROW_OBLIQUE_R9-26.svg,2024 Edition,24.0x6.0 in,
R9-26a,"BICYCLE U TURN (WITH ARROW, HORIZONTAL)",Regulatory Signs,BICYCLE_U_TURN_WITH_ARROW_HORIZONTAL_R9-26a.svg,2024 Edition,24.0x6.0 in,
R9-26b,"BICYCLE U TURN (WITH ARROW, THROUGH)",Regulatory Signs,BICYCLE_U_TURN_WITH_ARROW_THROUGH_R9-26b.svg,2024 Edition,24.0x6.0 in,
R9-27,"BICYCLE LEFT TURN (WITH ARROW, OBLIQUE)",Regulatory Signs,BICYCLE_LEFT_TURN_WITH_ARROW_OBLIQUE_R9-27.svg,2024 Edition,24.0x6.0 in,
R9-27a,"BICYCLE LEFT TURN (WITH ARROW, HORIZONTAL)",Regulatory Signs,BICYCLE_LEFT_TURN_WITH_ARROW_HORIZONTAL_R9-27a.svg,2024 Edition,24.0x6.0 in,
R9-27b,"BICYCLE LEFT TURN (WITH ARROW, THROUGH)",Regulatory Signs,BICYCLE_LEFT_TURN_WITH_ARROW_THROUGH_R9-27b.svg,2024 Edition,24.0x6.0 in,
R9-3,NO PEDESTRIAN CROSSING (SYMBOL),Regulatory Signs,NO_PEDESTRIAN_CROSSING_SYMBOL_R9-3.svg,2024 Edition,30.0x30.0 in,size 30 in: no conventional-road marker in the table and no earlier edition of this code; 30 in diamond chosen — check
R9-3a,NO PEDESTRIAN CROSSING,Regulatory Signs,NO_PEDESTRIAN_CROSSING_R9-3a.svg,2024 Edition,12.0x18.0 in,
R9-3b,USE CROSSWALK,Regulatory Signs,USE_CROSSWALK_R9-3b.svg,2004 Edition,18.4x12.0 in,scale from the drawing's overall height dimension (12.0 in)
R9-3bP,USE CROSSWALK (PLAQUE),Regulatory Signs,USE_CROSSWALK_PLAQUE_R9-3bP.svg,2024 Edition,18.0x12.0 in,
R9-3c,RIDE WITH TRAFFIC,Regulatory Signs,RIDE_WITH_TRAFFIC_R9-3c.svg,2004 Edition,12.0x12.0 in,scale from the drawing's overall width dimension (12.0 in)
R9-3cP,RIDE WITH TRAFFIC (PLAQUE),Regulatory Signs,RIDE_WITH_TRAFFIC_PLAQUE_R9-3cP.svg,2024 Edition,12.0x12.0 in,
R9-4,NO HITCHHIKING (SYMBOL),Regulatory Signs,NO_HITCHHIKING_SYMBOL_R9-4.svg,2024 Edition,18.0x18.0 in,size 18 in: conventional-road row for R9-4 in the 2004/2012 sheets (2024 table has no marker)
R9-4a,NO HITCHHIKING,Regulatory Signs,NO_HITCHHIKING_R9-4a.svg,2024 Edition,18.0x27.0 in,size 18 in: conventional-road row for R9-4a in the 2004/2012 sheets (2024 table has no marker)
R9-5,BICYCLES USE PEDESTRIAN SIGNAL,Regulatory Signs,BICYCLES_USE_PEDESTRIAN_SIGNAL_R9-5.svg,2024 Edition,12.0x18.0 in,
R9-6,BICYCLES YIELD TO PEDESTRIANS,Regulatory Signs,BICYCLES_YIELD_TO_PEDESTRIANS_R9-6.svg,2024 Edition,12.0x18.0 in,
R9-7,SHARED-USE PATH RESTRICTION,Regulatory Signs,SHARED_USE_PATH_RESTRICTION_R9-7.svg,2024 Edition,12.0x18.0 in,
R9-8,PEDESTRIAN CROSSWALK,Regulatory Signs,PEDESTRIAN_CROSSWALK_R9-8.svg,2024 Edition,36.0x18.0 in,
R9-9,SIDEWALK CLOSED,Regulatory Signs,SIDEWALK_CLOSED_R9-9.svg,2024 Edition,24.0x12.0 in,
S1-1,SCHOOL,School Signs,SCHOOL_S1-1.svg,2024 Edition,36.0x35.1 in,size 36 in: conventional-road row for S1-1 in the 2004/2012 sheets (2024 table has no marker)
S3-1,SCHOOL BUS STOP AHEAD,School Signs,SCHOOL_BUS_STOP_AHEAD_S3-1.svg,2024 Edition,42.4x42.4 in,size 30 in: conventional-road row for S3-1 in the 2004/2012 sheets (2024 table has no marker)
S3-2,SCHOOL BUS TURN AHEAD,School Signs,SCHOOL_BUS_TURN_AHEAD_S3-2.svg,2024 Edition,42.4x42.4 in,size 30 in: no conventional-road marker in the table and no earlier edition of this code; 30 in diamond chosen — check
S4-1,8:30 AM TO 5:30 PM,School Signs,8_30_AM_TO_5_30_PM_S4-1.svg,2004 Edition,24.0x10.0 in,size 24 in: conventional-road row for S4-1 in the 2004/2012 sheets (2024 table has no marker)
S4-1P,TIME OF DAY (PLAQUE) X:XX TO X:XX AM    X:XX TO X:XX PM,School Signs,TIME_OF_DAY_PLAQUE_X_XX_TO_X_XX_AM_X_XX_TO_X_XX_PM_S4-1P.svg,2024 Edition,24.0x12.0 in,"size 24 in: smallest table row (no conventional-road marker, no earlier edition of this code) — check"
S4-2,WHEN CHILDREN ARE PRESENT,School Signs,WHEN_CHILDREN_ARE_PRESENT_S4-2.svg,2004 Edition,24.0x9.5 in,
S4-2P,WHEN CHILDREN ARE PRESENT (PLAQUE),School Signs,WHEN_CHILDREN_ARE_PRESENT_PLAQUE_S4-2P.svg,2024 Edition,24.0x12.0 in,"size 24 in: smallest table row (no conventional-road marker, no earlier edition of this code) — check"
S4-3,SCHOOL,School Signs,SCHOOL_S4-3.svg,2004 Edition,24.0x8.0 in,
S4-3P,SCHOOL (PLAQUE),School Signs,SCHOOL_PLAQUE_S4-3P.svg,2024 Edition,24.0x8.0 in,"size 24 in: smallest table row (no conventional-road marker, no earlier edition of this code) — check"
S4-4,WHEN FLASHING,School Signs,WHEN_FLASHING_S4-4.svg,2004 Edition,24.0x9.5 in,size 24 in: conventional-road row for S4-4 in the 2004/2012 sheets (2024 table has no marker)
S4-4P,WHEN FLASHING (PLAQUE),School Signs,WHEN_FLASHING_PLAQUE_S4-4P.svg,2024 Edition,24.0x12.0 in,"size 24 in: smallest table row (no conventional-road marker, no earlier edition of this code) — check"
S4-5,REDUCED SCHOOL SPEED LIMIT AHEAD,School Signs,REDUCED_SCHOOL_SPEED_LIMIT_AHEAD_S4-5.svg,2024 Edition,42.4x42.0 in,"size 30 in: smallest table row (no conventional-road marker, no earlier edition of this code) — check"
S4-5a,REDUCED SCHOOL SPEED LIMIT AHEAD,School Signs,REDUCED_SCHOOL_SPEED_LIMIT_AHEAD_S4-5a.svg,2024 Edition,42.4x42.1 in,size 30 in: conventional-road row for S4-5a in the 2004/2012 sheets (2024 table has no marker)
S4-6,MON-FRI,School Signs,MON_FRI_S4-6.svg,2004 Edition,24.0x9.5 in,
S4-6P,DAYS OF WEEK (PLAQUE),School Signs,DAYS_OF_WEEK_PLAQUE_S4-6P.svg,2024 Edition,24.0x12.0 in,"size 24 in: smallest table row (no conventional-road marker, no earlier edition of this code) — check"
S4-7P,ALL YEAR (PLAQUE),School Signs,ALL_YEAR_PLAQUE_S4-7P.svg,2024 Edition,24.0x12.0 in,"size 24 in: smallest table row (no conventional-road marker, no earlier edition of this code) — check"
S5-1,SCHOOL SPEED LIMIT XX WHEN FLASHING,School Signs,SCHOOL_SPEED_LIMIT_XX_WHEN_FLASHING_S5-1.svg,2024 Edition,24.0x47.9 in,size 24 in: conventional-road row for S5-1 in the 2004/2012 sheets (2024 table has no marker)
S5-2,END SCHOOL ZONE,School Signs,END_SCHOOL_ZONE_S5-2.svg,2024 Edition,24.0x30.0 in,size 24 in: conventional-road row for S5-2 in the 2004/2012 sheets (2024 table has no marker)
S5-3,END SCHOOL SPEED LIMIT,School Signs,END_SCHOOL_SPEED_LIMIT_S5-3.svg,2024 Edition,24.0x30.0 in,"size 24 in: smallest table row (no conventional-road marker, no earlier edition of this code) — check"
W1-10L,COMBINATION HORIZONTAL ALIGNMENT/INTERSECTION,Warning Signs,COMBINATION_HORIZONTAL_ALIGNMENT_INTERSECTION_W1-10L.svg,2024 Edition,50.9x50.4 in,size 36 in: conventional-road row for W1-10 in the 2004/2012 sheets (2024 table has no marker)
W1-10R,COMBINATION HORIZONTAL ALIGNMENT/INTERSECTION,Warning Signs,COMBINATION_HORIZONTAL_ALIGNMENT_INTERSECTION_W1-10R.svg,2024 Edition,50.9x50.5 in,size 36 in: conventional-road row for W1-10 in the 2004/2012 sheets (2024 table has no marker)
W1-10a,COMBINATION HORIZONTAL ALIGNMENT (CURVE)/CROSS ROAD,Warning Signs,COMBINATION_HORIZONTAL_ALIGNMENT_CURVE_CROSS_ROAD_W1-10a.svg,2012 Supplement,50.9x50.9 in,"size 36 in: smallest table row (no conventional-road marker, no earlier edition of this code) — check"
W1-10aL,COMBINATION HORIZONTAL ALIGNMENT/INTERSECTION,intervene/Warning Signs,COMBINATION_HORIZONTAL_ALIGNMENT_INTERSECTION_W1-10aL.svg,2024 Edition,50.9x50.4 in,1 overlapping duplicate shape(s) in the sheet's drawing (FHWA artwork fault); needs a manual check
W1-10aR,COMBINATION HORIZONTAL ALIGNMENT/INTERSECTION,Warning Signs,COMBINATION_HORIZONTAL_ALIGNMENT_INTERSECTION_W1-10aR.svg,2024 Edition,50.9x50.5 in,"size 36 in: smallest table row (no conventional-road marker, no earlier edition of this code) — check"
W1-10b,COMBINATION HORIZONTAL ALIGNMENT (CURVE)/FORK,Warning Signs,COMBINATION_HORIZONTAL_ALIGNMENT_CURVE_FORK_W1-10b.svg,2012 Supplement,50.9x50.9 in,"size 36 in: smallest table row (no conventional-road marker, no earlier edition of this code) — check"
W1-10bL,COMBINATION HORIZONTAL ALIGNMENT/INTERSECTION,Warning Signs,COMBINATION_HORIZONTAL_ALIGNMENT_INTERSECTION_W1-10bL.svg,2024 Edition,50.9x50.4 in,"size 36 in: smallest table row (no conventional-road marker, no earlier edition of this code) — check"
W1-10bR,COMBINATION HORIZONTAL ALIGNMENT/INTERSECTION,Warning Signs,COMBINATION_HORIZONTAL_ALIGNMENT_INTERSECTION_W1-10bR.svg,2024 Edition,50.9x50.5 in,"size 36 in: smallest table row (no conventional-road marker, no earlier edition of this code) — check"
W1-10c,COMBINATION HORIZONTAL ALIGNMENT (CURVE)/SKEWED SIDE ROAD,Warning Signs,COMBINATION_HORIZONTAL_ALIGNMENT_CURVE_SKEWED_SIDE_ROAD_W1-10c.svg,2012 Supplement,50.9x50.9 in,"size 36 in: smallest table row (no conventional-road marker, no earlier edition of this code) — check"
W1-10cL,COMBINATION HORIZONTAL ALIGNMENT/INTERSECTION,Warning Signs,COMBINATION_HORIZONTAL_ALIGNMENT_INTERSECTION_W1-10cL.svg,2024 Edition,50.9x50.4 in,"size 36 in: smallest table row (no conventional-road marker, no earlier edition of this code) — check"
W1-10cR,COMBINATION HORIZONTAL ALIGNMENT/INTERSECTION,Warning Signs,COMBINATION_HORIZONTAL_ALIGNMENT_INTERSECTION_W1-10cR.svg,2024 Edition,50.9x50.5 in,"size 36 in: smallest table row (no conventional-road marker, no earlier edition of this code) — check"
W1-10d,COMBINATION HORIZONTAL ALIGNMENT (REVERSE CURVE)/SIDE ROAD,Warning Signs,COMBINATION_HORIZONTAL_ALIGNMENT_REVERSE_CURVE_SIDE_ROAD_W1-10d.svg,2012 Supplement,50.9x50.9 in,"size 36 in: smallest table row (no conventional-road marker, no earlier edition of this code) — check"
W1-10dL,COMBINATION HORIZONTAL ALIGNMENT/INTERSECTION,Warning Signs,COMBINATION_HORIZONTAL_ALIGNMENT_INTERSECTION_W1-10dL.svg,2024 Edition,50.9x50.5 in,"size 36 in: smallest table row (no conventional-road marker, no earlier edition of this code) — check"
W1-10dR,COMBINATION HORIZONTAL ALIGNMENT/INTERSECTION,Warning Signs,COMBINATION_HORIZONTAL_ALIGNMENT_INTERSECTION_W1-10dR.svg,2024 Edition,50.9x50.5 in,"size 36 in: smallest table row (no conventional-road marker, no earlier edition of this code) — check"
W1-10e,COMBINATION HORIZONTAL ALIGNMENT (REVERSE CURVE)/CROSS ROAD,Warning Signs,COMBINATION_HORIZONTAL_ALIGNMENT_REVERSE_CURVE_CROSS_ROAD_W1-10e.svg,2012 Supplement,50.9x50.9 in,"size 36 in: smallest table row (no conventional-road marker, no earlier edition of this code) — check"
W1-10eL,COMBINATION HORIZONTAL ALIGNMENT/INTERSECTION,Warning Signs,COMBINATION_HORIZONTAL_ALIGNMENT_INTERSECTION_W1-10eL.svg,2024 Edition,50.9x50.5 in,"size 36 in: smallest table row (no conventional-road marker, no earlier edition of this code) — check"
W1-10eR,COMBINATION HORIZONTAL ALIGNMENT/INTERSECTION,Warning Signs,COMBINATION_HORIZONTAL_ALIGNMENT_INTERSECTION_W1-10eR.svg,2024 Edition,50.9x50.5 in,"size 36 in: smallest table row (no conventional-road marker, no earlier edition of this code) — check"
W1-11,HAIRPIN CURVE,Warning Signs,HAIRPIN_CURVE_W1-11.svg,2004 Edition,42.4x42.4 in,
W1-11L,HAIRPIN CURVE,Warning Signs,HAIRPIN_CURVE_W1-11L.svg,2024 Edition,42.4x42.0 in,size 30 in: conventional-road row for W1-11 in the 2004/2012 sheets (2024 table has no marker)
W1-11R,HAIRPIN CURVE,Warning Signs,HAIRPIN_CURVE_W1-11R.svg,2024 Edition,42.4x42.0 in,size 30 in: conventional-road row for W1-11 in the 2004/2012 sheets (2024 table has no marker)
W1-13,TRUCK ROLLOVER,Warning Signs,TRUCK_ROLLOVER_W1-13.svg,2004 Edition,42.4x42.4 in,
W1-13L,TRUCK ROLLOVER,Warning Signs,TRUCK_ROLLOVER_W1-13L.svg,2024 Edition,50.9x50.4 in,"size 36 in: smallest table row (no conventional-road marker, no earlier edition of this code) — check"
W1-13R,TRUCK ROLLOVER,Warning Signs,TRUCK_ROLLOVER_W1-13R.svg,2024 Edition,50.9x50.5 in,"size 36 in: smallest table row (no conventional-road marker, no earlier edition of this code) — check"
W1-15,270 DEGREE LOOP,Warning Signs,270_DEGREE_LOOP_W1-15.svg,2004 Edition,42.4x42.4 in,
W1-15L,270-DEGREE CURVE,Warning Signs,270_DEGREE_CURVE_W1-15L.svg,2024 Edition,42.4x42.0 in,size 30 in: conventional-road row for W1-15 in the 2004/2012 sheets (2024 table has no marker)
W1-15R,270-DEGREE CURVE,Warning Signs,270_DEGREE_CURVE_W1-15R.svg,2024 Edition,42.4x42.1 in,size 30 in: conventional-road row for W1-15 in the 2004/2012 sheets (2024 table has no marker)
W1-1L,HORIZONTAL ALIGNMENT - TURN,Warning Signs,HORIZONTAL_ALIGNMENT_TURN_W1-1L.svg,2024 Edition,42.4x42.4 in,size 30 in: conventional-road row for W1-1 in the 2004/2012 sheets (2024 table has no marker)
W1-1R,HORIZONTAL ALIGNMENT - TURN,Warning Signs,HORIZONTAL_ALIGNMENT_TURN_W1-1R.svg,2024 Edition,42.4x42.4 in,size 30 in: conventional-road row for W1-1 in the 2004/2012 sheets (2024 table has no marker)
W1-2,CURVE,Warning Signs,CURVE_W1-2.svg,2004 Edition,42.4x42.4 in,
W1-2L,HORIZONTAL ALIGNMENT -  CURVE,Warning Signs,HORIZONTAL_ALIGNMENT_CURVE_W1-2L.svg,2024 Edition,42.4x42.0 in,size 30 in: conventional-road row for W1-2 in the 2004/2012 sheets (2024 table has no marker)
W1-2R,HORIZONTAL ALIGNMENT -  CURVE,Warning Signs,HORIZONTAL_ALIGNMENT_CURVE_W1-2R.svg,2024 Edition,42.4x42.0 in,size 30 in: conventional-road row for W1-2 in the 2004/2012 sheets (2024 table has no marker)
W1-2aR,CURVE (ENGLISH),Warning Signs,CURVE_ENGLISH_W1-2aR.svg,2004 Edition,42.4x42.4 in,
W1-2aR,CURVE (METRIC),Warning Signs,CURVE_METRIC_W1-2aR.svg,2004 Edition,42.4x42.4 in,
W1-3L,HORIZONTAL ALIGNMENT - REVERSE TURN,Warning Signs,HORIZONTAL_ALIGNMENT_REVERSE_TURN_W1-3L.svg,2024 Edition,42.4x42.0 in,size 30 in: conventional-road row for W1-3 in the 2004/2012 sheets (2024 table has no marker)
W1-3R,HORIZONTAL ALIGNMENT - REVERSE TURN,Warning Signs,HORIZONTAL_ALIGNMENT_REVERSE_TURN_W1-3R.svg,2024 Edition,42.4x42.0 in,size 30 in: conventional-road row for W1-3 in the 2004/2012 sheets (2024 table has no marker)
W1-4L,HORIZONTAL ALIGNMENT - REVERSE CURVE,Warning Signs,HORIZONTAL_ALIGNMENT_REVERSE_CURVE_W1-4L.svg,2024 Edition,42.4x42.0 in,size 30 in: conventional-road row for W1-4 in the 2004/2012 sheets (2024 table has no marker)
W1-4R,HORIZONTAL ALIGNMENT - REVERSE CURVE,Warning Signs,HORIZONTAL_ALIGNMENT_REVERSE_CURVE_W1-4R.svg,2024 Edition,42.4x42.0 in,size 30 in: conventional-road row for W1-4 in the 2004/2012 sheets (2024 table has no marker)
W1-4bL,REVERSE CURVE (2 LANES),Warning Signs,REVERSE_CURVE_2_LANES_W1-4bL.svg,2024 Edition,50.9x50.5 in,size 36 in: conventional-road row for W1-4b in the 2004/2012 sheets (2024 table has no marker)
W1-4bR,REVERSE CURVE (2 LANES),Warning Signs,REVERSE_CURVE_2_LANES_W1-4bR.svg,2024 Edition,50.9x50.5 in,size 36 in: conventional-road row for W1-4b in the 2004/2012 sheets (2024 table has no marker)
W1-4cL,REVERSE CURVE (3 LANES),Warning Signs,REVERSE_CURVE_3_LANES_W1-4cL.svg,2024 Edition,50.9x50.5 in,size 36 in: conventional-road row for W1-4c in the 2004/2012 sheets (2024 table has no marker)
W1-4cR,REVERSE CURVE (3 LANES),Warning Signs,REVERSE_CURVE_3_LANES_W1-4cR.svg,2024 Edition,50.9x50.5 in,size 36 in: conventional-road row for W1-4c in the 2004/2012 sheets (2024 table has no marker)
W1-5L,HORIZONTAL ALIGNMENT - WINDING ROAD,Warning Signs,HORIZONTAL_ALIGNMENT_WINDING_ROAD_W1-5L.svg,2024 Edition,42.4x42.1 in,size 30 in: conventional-road row for W1-5 in the 2004/2012 sheets (2024 table has no marker)
W1-5R,HORIZONTAL ALIGNMENT - WINDING ROAD,Warning Signs,HORIZONTAL_ALIGNMENT_WINDING_ROAD_W1-5R.svg,2024 Edition,42.4x42.1 in,size 30 in: conventional-road row for W1-5 in the 2004/2012 sheets (2024 table has no marker)
W1-6L,LARGE ARROW (1-DIRECTION),Warning Signs,LARGE_ARROW_1_DIRECTION_W1-6L.svg,2024 Edition,24.0x12.0 in,size 24 in: conventional-road row for W1-6 in the 2004/2012 sheets (2024 table has no marker)
W1-6R,LARGE ARROW (1-DIRECTION),Warning Signs,LARGE_ARROW_1_DIRECTION_W1-6R.svg,2024 Edition,24.0x12.0 in,size 24 in: conventional-road row for W1-6 in the 2004/2012 sheets (2024 table has no marker)
W1-7,LARGE ARROW (2-DIRECTION),Warning Signs,LARGE_ARROW_2_DIRECTION_W1-7.svg,2024 Edition,24.0x12.0 in,size 24 in: conventional-road row for W1-7 in the 2004/2012 sheets (2024 table has no marker)
W1-8L,CHEVRON ALIGNMENT,Warning Signs,CHEVRON_ALIGNMENT_W1-8L.svg,2024 Edition,18.0x24.0 in,size 18 in: conventional-road row for W1-8 in the 2004/2012 sheets (2024 table has no marker)
W1-8R,CHEVRON ALIGNMENT,Warning Signs,CHEVRON_ALIGNMENT_W1-8R.svg,2024 Edition,18.0x24.0 in,size 18 in: conventional-road row for W1-8 in the 2004/2012 sheets (2024 table has no marker)
W10-1,GRADE CROSSING ADVANCE WARNING,Warning Signs,GRADE_CROSSING_ADVANCE_WARNING_W10-1.svg,2024 Edition,30.0x30.0 in,size 30 in: no conventional-road marker in the table and no earlier edition of this code; 30 in diamond chosen — check
W10-10,NO SIGNAL,Warning Signs,NO_SIGNAL_W10-10.svg,2004 Edition,24.0x18.0 in,no dimension of its own; drawn to the same size as W10-9 on the sheet — check
W10-11,STORAGE SPACE,Warning Signs,STORAGE_SPACE_W10-11.svg,2024 Edition,50.9x50.5 in,size 36 in: conventional-road row for W10-11 in the 2004/2012 sheets (2024 table has no marker)
W10-11a,STORAGE SPACE AHEAD,Warning Signs,STORAGE_SPACE_AHEAD_W10-11a.svg,2024 Edition,30.0x36.0 in,"size 30 in: smallest table row (no conventional-road marker, no earlier edition of this code) — check"
W10-11b,STORAGE SPACE BEHIND,Warning Signs,STORAGE_SPACE_BEHIND_W10-11b.svg,2024 Edition,30.0x36.0 in,"size 30 in: smallest table row (no conventional-road marker, no earlier edition of this code) — check"
W10-12,SKEWED CROSSING,Warning Signs,SKEWED_CROSSING_W10-12.svg,2004 Edition,50.9x50.9 in,
W10-12L,SKEWED CROSSING,Warning Signs,SKEWED_CROSSING_W10-12L.svg,2024 Edition,50.9x50.4 in,size 36 in: conventional-road row for W10-12 in the 2004/2012 sheets (2024 table has no marker)
W10-12R,SKEWED CROSSING,Warning Signs,SKEWED_CROSSING_W10-12R.svg,2024 Edition,50.9x50.5 in,size 36 in: conventional-road row for W10-12 in the 2004/2012 sheets (2024 table has no marker)
W10-13,NO GATES OR LIGHTS,Warning Signs,NO_GATES_OR_LIGHTS_W10-13.svg,2004 Edition,24.0x18.0 in,scale from the drawing's overall width dimension (24.0 in)
W10-13P,NO GATES OR LIGHTS (PLAQUE),Warning Signs,NO_GATES_OR_LIGHTS_PLAQUE_W10-13P.svg,2024 Edition,30.0x24.0 in,
W10-14,NEXT CROSSING,Warning Signs,NEXT_CROSSING_W10-14.svg,2004 Edition,24.0x18.0 in,scale from the drawing's overall width dimension (24.0 in)
W10-14P,NEXT CROSSING (PLAQUE),Warning Signs,NEXT_CROSSING_PLAQUE_W10-14P.svg,2024 Edition,30.0x24.0 in,
W10-14a,USE NEXT CROSSING,Warning Signs,USE_NEXT_CROSSING_W10-14a.svg,2004 Edition,24.0x18.0 in,no dimension of its own; drawn to the same size as W10-14 on the sheet — check
W10-14aP,USE NEXT CROSSING (PLAQUE),Warning Signs,USE_NEXT_CROSSING_PLAQUE_W10-14aP.svg,2024 Edition,30.0x24.0 in,
W10-15,ROUGH CROSSING,Warning Signs,ROUGH_CROSSING_W10-15.svg,2004 Edition,24.0x18.0 in,scale from the drawing's overall width dimension (24.0 in)
W10-15P,ROUGH CROSSING (PLAQUE),Warning Signs,ROUGH_CROSSING_PLAQUE_W10-15P.svg,2024 Edition,30.0x24.0 in,"size 30 in: smallest table row (no conventional-road marker, no earlier edition of this code) — check"
W10-16,ANOTHER TRAIN COMING (BLANK-OUT),intervene/Warning Signs,ANOTHER_TRAIN_COMING_BLANK_OUT_W10-16.svg,2024 Edition,30.0x30.0 in,5 overlapping duplicate shape(s) in the sheet's drawing (FHWA artwork fault); needs a manual check
W10-1aP,EXEMPT (PLAQUE),Warning Signs,EXEMPT_PLAQUE_W10-1aP.svg,2024 Edition,24.0x12.0 in,
W10-21,BUSWAY CROSSING,Warning Signs,BUSWAY_CROSSING_W10-21.svg,2024 Edition,42.4x42.0 in,"size 30 in: smallest table row (no conventional-road marker, no earlier edition of this code) — check"
W10-21aP,SIGNAL AHEAD (PLAQUE),Warning Signs,SIGNAL_AHEAD_PLAQUE_W10-21aP.svg,2024 Edition,24.0x19.2 in,"size 24 in: smallest table row (no conventional-road marker, no earlier edition of this code) — check"
W10-2L,GRADE CROSSING ADVANCE WARNING - CROSSROAD WITH GRADE CROSSING,Warning Signs,GRADE_CROSSING_ADVANCE_WARNING_CROSSROAD_WITH_GRADE_CROSSING_W10-2L.svg,2024 Edition,50.9x50.9 in,size 36 in: conventional-road row for W10-2 in the 2004/2012 sheets (2024 table has no marker)
W10-2R,GRADE CROSSING ADVANCE WARNING - CROSSROAD WITH GRADE CROSSING,Warning Signs,GRADE_CROSSING_ADVANCE_WARNING_CROSSROAD_WITH_GRADE_CROSSING_W10-2R.svg,2024 Edition,50.9x50.5 in,size 36 in: conventional-road row for W10-2 in the 2004/2012 sheets (2024 table has no marker)
W10-3L,GRADE CROSSING ADVANCE WARNING - SIDE ROAD WITH GRADE CROSSING,Warning Signs,GRADE_CROSSING_ADVANCE_WARNING_SIDE_ROAD_WITH_GRADE_CROSSING_W10-3L.svg,2024 Edition,50.9x50.4 in,size 36 in: conventional-road row for W10-3 in the 2004/2012 sheets (2024 table has no marker)
W10-3R,GRADE CROSSING ADVANCE WARNING - SIDE ROAD WITH GRADE CROSSING,Warning Signs,GRADE_CROSSING_ADVANCE_WARNING_SIDE_ROAD_WITH_GRADE_CROSSING_W10-3R.svg,2024 Edition,50.9x50.5 in,size 36 in: conventional-road row for W10-3 in the 2004/2012 sheets (2024 table has no marker)
W10-4L,GRADE CROSSING ADVANCE WARNING - T-INTERSECTION WITH GRADE CROSSING,Warning Signs,GRADE_CROSSING_ADVANCE_WARNING_T_INTERSECTION_WITH_GRADE_CROSSING_W10-4L.svg,2024 Edition,50.9x50.9 in,size 36 in: conventional-road row for W10-4 in the 2004/2012 sheets (2024 table has no marker)
W10-4R,GRADE CROSSING ADVANCE WARNING - T-INTERSECTION WITH GRADE CROSSING,Warning Signs,GRADE_CROSSING_ADVANCE_WARNING_T_INTERSECTION_WITH_GRADE_CROSSING_W10-4R.svg,2024 Edition,50.9x50.5 in,size 36 in: conventional-road row for W10-4 in the 2004/2012 sheets (2024 table has no marker)
W10-5,LOW GROUND CLEARANCE,Warning Signs,LOW_GROUND_CLEARANCE_W10-5.svg,2024 Edition,50.9x50.5 in,"size 36 in: smallest table row (no conventional-road marker, no earlier edition of this code) — check"
W10-5P,LOW GROUND CLEARANCE (PLAQUE),Warning Signs,LOW_GROUND_CLEARANCE_PLAQUE_W10-5P.svg,2024 Edition,30.0x24.0 in,
W10-7,LIGHT RAIL (ACTIVATED BLANK-OUT),Warning Signs,LIGHT_RAIL_ACTIVATED_BLANK_OUT_W10-7.svg,2024 Edition,24.0x24.0 in,size 24 in: conventional-road row for W10-7 in the 2004/2012 sheets (2024 table has no marker)
W10-8,TRAINS MAY EXCEED 80 MPH,Warning Signs,TRAINS_MAY_EXCEED_80_MPH_W10-8.svg,2024 Edition,50.9x50.5 in,size 36 in: conventional-road row for W10-8 in the 2004/2012 sheets (2024 table has no marker)
W10-9,NO TRAIN HORN,Warning Signs,NO_TRAIN_HORN_W10-9.svg,2024 Edition,50.9x50.5 in,"size 36 in: smallest table row (no conventional-road marker, no earlier edition of this code) — check"
W10-9P,NO TRAIN HORN (PLAQUE),Warning Signs,NO_TRAIN_HORN_PLAQUE_W10-9P.svg,2024 Edition,18.0x14.4 in,"size 18 in: smallest table row (no conventional-road marker, no earlier edition of this code) — check"
W11-1,BICYCLE,Warning Signs,BICYCLE_W11-1.svg,2024 Edition,25.5x25.2 in,"size 18 in: smallest table row (no conventional-road marker, no earlier edition of this code) — check"
W11-10,TRUCK,Warning Signs,TRUCK_W11-10.svg,2024 Edition,42.4x42.0 in,size 30 in: conventional-road row for W11-10 in the 2004/2012 sheets (2024 table has no marker)
W11-11,GOLF CART,Warning Signs,GOLF_CART_W11-11.svg,2024 Edition,42.4x42.0 in,size 30 in: conventional-road row for W11-11 in the 2004/2012 sheets (2024 table has no marker)
W11-12P,EMERGENCY SIGNAL AHEAD (PLAQUE),Warning Signs,EMERGENCY_SIGNAL_AHEAD_PLAQUE_W11-12P.svg,2024 Edition,24.0x20.0 in,"size 24 in: smallest table row (no conventional-road marker, no earlier edition of this code) — check"
W11-12p,EMERGENCY SIGNAL AHEAD,Warning Signs,EMERGENCY_SIGNAL_AHEAD_W11-12p.svg,2004 Edition,24.0x18.0 in,
W11-14,HORSE-DRAWN VEHICLE,Warning Signs,HORSE_DRAWN_VEHICLE_W11-14.svg,2024 Edition,42.4x42.0 in,size 30 in: conventional-road row for W11-14 in the 2004/2012 sheets (2024 table has no marker)
W11-15,TRAIL CROSSING,Warning Signs,TRAIL_CROSSING_W11-15.svg,2024 Edition,25.5x25.2 in,"size 18 in: smallest table row (no conventional-road marker, no earlier edition of this code) — check"
W11-15P,TRAIL CROSSING (PLAQUE),Warning Signs,TRAIL_CROSSING_PLAQUE_W11-15P.svg,2024 Edition,18.0x13.5 in,"size 18 in: smallest table row (no conventional-road marker, no earlier edition of this code) — check"
W11-15a,TRAIL CROSSING,Warning Signs,TRAIL_CROSSING_W11-15a.svg,2024 Edition,33.9x33.7 in,"size 24 in: smallest table row (no conventional-road marker, no earlier edition of this code) — check"
W11-16,LARGE ANIMAL - BEAR,Warning Signs,LARGE_ANIMAL_BEAR_W11-16.svg,2024 Edition,33.9x33.6 in,"size 24 in: smallest table row (no conventional-road marker, no earlier edition of this code) — check"
W11-17,LARGE ANIMAL - SHEEP,Warning Signs,LARGE_ANIMAL_SHEEP_W11-17.svg,2024 Edition,33.9x33.6 in,"size 24 in: smallest table row (no conventional-road marker, no earlier edition of this code) — check"
W11-18,LARGE ANIMAL - BIGHORN SHEEP,Warning Signs,LARGE_ANIMAL_BIGHORN_SHEEP_W11-18.svg,2024 Edition,33.9x33.6 in,"size 24 in: smallest table row (no conventional-road marker, no earlier edition of this code) — check"
W11-19,LARGE ANIMAL - DONKEY,Warning Signs,LARGE_ANIMAL_DONKEY_W11-19.svg,2024 Edition,33.9x33.6 in,"size 24 in: smallest table row (no conventional-road marker, no earlier edition of this code) — check"
W11-2,PEDESTRIAN,Warning Signs,PEDESTRIAN_W11-2.svg,2024 Edition,42.4x42.0 in,size 30 in: conventional-road row for W11-2 in the 2004/2012 sheets (2024 table has no marker)
W11-20,LARGE ANIMAL - ELK,Warning Signs,LARGE_ANIMAL_ELK_W11-20.svg,2012 Supplement,42.4x42.4 in,size 30 in: no conventional-road marker in the table and no earlier edition of this code; 30 in diamond chosen — check
W11-21,LARGE ANIMAL - MOOSE,Warning Signs,LARGE_ANIMAL_MOOSE_W11-21.svg,2024 Edition,33.9x33.6 in,"size 24 in: smallest table row (no conventional-road marker, no earlier edition of this code) — check"
W11-22,LARGE ANIMAL - WILD HORSE,Warning Signs,LARGE_ANIMAL_WILD_HORSE_W11-22.svg,2024 Edition,33.9x33.6 in,"size 24 in: smallest table row (no conventional-road marker, no earlier edition of this code) — check"
W11-3,LARGE ANIMAL - DEER,Warning Signs,LARGE_ANIMAL_DEER_W11-3.svg,2024 Edition,33.9x33.6 in,size 24 in: conventional-road row for W11-3 in the 2004/2012 sheets (2024 table has no marker)
W11-4,LARGE ANIMAL - CATTLE,Warning Signs,LARGE_ANIMAL_CATTLE_W11-4.svg,2024 Edition,42.4x42.0 in,size 30 in: conventional-road row for W11-4 in the 2004/2012 sheets (2024 table has no marker)
W11-5,FARM VEHICLE,Warning Signs,FARM_VEHICLE_W11-5.svg,2024 Edition,42.4x42.0 in,size 30 in: conventional-road row for W11-5 in the 2004/2012 sheets (2024 table has no marker)
W11-5a,FARM MACHINERY TRAFFIC,Warning Signs,FARM_MACHINERY_TRAFFIC_W11-5a.svg,2004 Edition,42.4x42.4 in,
W11-6,SNOWMOBILE,Warning Signs,SNOWMOBILE_W11-6.svg,2024 Edition,42.4x42.0 in,size 30 in: conventional-road row for W11-6 in the 2004/2012 sheets (2024 table has no marker)
W11-7,EQUESTRIAN,Warning Signs,EQUESTRIAN_W11-7.svg,2024 Edition,42.4x42.0 in,size 30 in: conventional-road row for W11-7 in the 2004/2012 sheets (2024 table has no marker)
W11-8,EMERGENCY VEHICLE,Warning Signs,EMERGENCY_VEHICLE_W11-8.svg,2024 Edition,42.4x42.0 in,size 30 in: conventional-road row for W11-8 in the 2004/2012 sheets (2024 table has no marker)
W11-9,HANDICAPPED,Warning Signs,HANDICAPPED_W11-9.svg,2024 Edition,42.4x42.0 in,size 30 in: conventional-road row for W11-9 in the 2004/2012 sheets (2024 table has no marker)
W12-1,DOUBLE ARROW,Warning Signs,DOUBLE_ARROW_W12-1.svg,2024 Edition,42.4x42.1 in,size 30 in: conventional-road row for W12-1 in the 2004/2012 sheets (2024 table has no marker)
W12-2,LOW CLEARANCE ADVANCE,Warning Signs,LOW_CLEARANCE_ADVANCE_W12-2.svg,2024 Edition,50.9x50.5 in,size 36 in: conventional-road row for W12-2 in the 2004/2012 sheets (2024 table has no marker)
W12-2a,LOW CLEARANCE OVERHEAD,Warning Signs,LOW_CLEARANCE_OVERHEAD_W12-2a.svg,2024 Edition,84.0x24.1 in,
W12-2b,LOW CLEARANCE - LANE OVERHEAD,Warning Signs,LOW_CLEARANCE_LANE_OVERHEAD_W12-2b.svg,2024 Edition,102.0x24.1 in,
W12-2p,LOW CLEARANCE (ENGLISH),Warning Signs,LOW_CLEARANCE_ENGLISH_W12-2p.svg,2004 Edition,84.0x24.0 in,scale from the drawing's overall width dimension (84.0 in)
W13-1,ADVISORY SPEED (ENGLISH),Warning Signs,ADVISORY_SPEED_ENGLISH_METRIC_W13-1.svg,2004 Edition,18.0x18.0 in,
W13-10L,COMBINATION HORIZONTAL ALIGNMENT / ADVISORY EXIT SPEED - TURN,Warning Signs,COMBINATION_HORIZONTAL_ALIGNMENT_ADVISORY_EXIT_SPEED_TURN_W13-10L.svg,2024 Edition,24.0x35.9 in,"size 24 in: smallest table row (no conventional-road marker, no earlier edition of this code) — check"
W13-10R,COMBINATION HORIZONTAL ALIGNMENT / ADVISORY EXIT SPEED - TURN,Warning Signs,COMBINATION_HORIZONTAL_ALIGNMENT_ADVISORY_EXIT_SPEED_TURN_W13-10R.svg,2024 Edition,24.0x36.0 in,"size 24 in: smallest table row (no conventional-road marker, no earlier edition of this code) — check"
W13-11L,COMBINATION HORIZONTAL ALIGNMENT / ADVISORY RAMP SPEED - TURN,Warning Signs,COMBINATION_HORIZONTAL_ALIGNMENT_ADVISORY_RAMP_SPEED_TURN_W13-11L.svg,2024 Edition,24.0x35.9 in,"size 24 in: smallest table row (no conventional-road marker, no earlier edition of this code) — check"
W13-11R,COMBINATION HORIZONTAL ALIGNMENT / ADVISORY RAMP SPEED - TURN,Warning Signs,COMBINATION_HORIZONTAL_ALIGNMENT_ADVISORY_RAMP_SPEED_TURN_W13-11R.svg,2024 Edition,24.0x36.0 in,"size 24 in: smallest table row (no conventional-road marker, no earlier edition of this code) — check"
W13-12L,COMBINATION HORIZONTAL ALIGNMENT / ADVISORY EXIT SPEED-TRUCK ROLLOVER,Warning Signs,COMBINATION_HORIZONTAL_ALIGNMENT_ADVISORY_EXIT_SPEED_TRUCK_ROLLOVER_W13-12L.svg,2024 Edition,24.0x41.9 in,"size 24 in: smallest table row (no conventional-road marker, no earlier edition of this code) — check"
W13-12R,COMBINATION HORIZONTAL ALIGNMENT / ADVISORY EXIT SPEED-TRUCK ROLLOVER,Warning Signs,COMBINATION_HORIZONTAL_ALIGNMENT_ADVISORY_EXIT_SPEED_TRUCK_ROLLOVER_W13-12R.svg,2024 Edition,24.0x42.0 in,"size 24 in: smallest table row (no conventional-road marker, no earlier edition of this code) — check"
W13-13L,COMBINATION HORIZONTAL ALIGNMENT / ADVISORY RAMP SPEED-TRUCK ROLLOVER,Warning Signs,COMBINATION_HORIZONTAL_ALIGNMENT_ADVISORY_RAMP_SPEED_TRUCK_ROLLOVER_W13-13L.svg,2024 Edition,24.0x41.9 in,"size 24 in: smallest table row (no conventional-road marker, no earlier edition of this code) — check"
W13-13R,COMBINATION HORIZONTAL ALIGNMENT / ADVISORY RAMP SPEED-TRUCK ROLLOVER,Warning Signs,COMBINATION_HORIZONTAL_ALIGNMENT_ADVISORY_RAMP_SPEED_TRUCK_ROLLOVER_W13-13R.svg,2024 Edition,24.0x42.0 in,"size 24 in: smallest table row (no conventional-road marker, no earlier edition of this code) — check"
W13-1P,ADVISORY SPEED (PLAQUE),Warning Signs,ADVISORY_SPEED_PLAQUE_W13-1P.svg,2024 Edition,30.0x30.0 in,size 30 in: no conventional-road marker in the table and no earlier edition of this code; 30 in diamond chosen — check
W13-1aP,ADVISORY SPEED CONFIRMATION (PLAQUE),Warning Signs,ADVISORY_SPEED_CONFIRMATION_PLAQUE_W13-1aP.svg,2024 Edition,48.0x15.0 in,"size 48 in: smallest table row (no conventional-road marker, no earlier edition of this code) — check"
W13-2,ADVISORY EXIT SPEED,Warning Signs,ADVISORY_EXIT_SPEED_W13-2.svg,2024 Edition,24.0x30.0 in,size 24 in: conventional-road row for W13-2 in the 2004/2012 sheets (2024 table has no marker)
W13-20,VEHICLE SPEED FEEDBACK,Warning Signs,VEHICLE_SPEED_FEEDBACK_W13-20.svg,2024 Edition,2.5x3.1 in,"size 2.5 in: smallest table row (no conventional-road marker, no earlier edition of this code) — check"
W13-20aP,VARIABLE SPEED FEEDBACK (PLAQUE),Warning Signs,VARIABLE_SPEED_FEEDBACK_PLAQUE_W13-20aP.svg,2024 Edition,24.0x18.0 in,"size 24 in: smallest table row (no conventional-road marker, no earlier edition of this code) — check"
W13-3,ADVISORY RAMP SPEED,Warning Signs,ADVISORY_RAMP_SPEED_W13-3.svg,2024 Edition,24.0x30.0 in,size 24 in: conventional-road row for W13-3 in the 2004/2012 sheets (2024 table has no marker)
W13-4P,ON RAMP (PLAQUE),Warning Signs,ON_RAMP_PLAQUE_W13-4P.svg,2024 Edition,36.0x36.0 in,
W13-5,ADVISORY CURVE SPEED (ENGLISH),Warning Signs,ADVISORY_CURVE_SPEED_ENGLISH_METRIC_W13-5.svg,2004 Edition,24.0x30.0 in,
W13-6,COMBINATION HORIZONTAL ALIGNMENT/ ADVISORY EXIT SPEED,Warning Signs,COMBINATION_HORIZONTAL_ALIGNMENT_ADVISORY_EXIT_SPEED_W13-6.svg,2012 Supplement,24.0x42.0 in,"size 24 in: smallest table row (no conventional-road marker, no earlier edition of this code) — check"
W13-6L,COMBINATION HORIZONTAL ALIGNMENT/ ADVISORY EXIT SPEED - 270-DEGREE LOOP,intervene/Warning Signs,COMBINATION_HORIZONTAL_ALIGNMENT_ADVISORY_EXIT_SPEED_270_DEGREE_LOOP_W13-6L.svg,2024 Edition,24.0x41.9 in,2 overlapping duplicate shape(s) in the sheet's drawing (FHWA artwork fault); needs a manual check
W13-6R,COMBINATION HORIZONTAL ALIGNMENT/ ADVISORY EXIT SPEED - 270-DEGREE LOOP,Warning Signs,COMBINATION_HORIZONTAL_ALIGNMENT_ADVISORY_EXIT_SPEED_270_DEGREE_LOOP_W13-6R.svg,2024 Edition,24.0x42.0 in,"size 24 in: smallest table row (no conventional-road marker, no earlier edition of this code) — check"
W13-7,COMBINATION HORIZONTAL ALIGNMENT/ ADVISORY RAMP SPEED,Warning Signs,COMBINATION_HORIZONTAL_ALIGNMENT_ADVISORY_RAMP_SPEED_W13-7.svg,2012 Supplement,24.0x42.0 in,"size 24 in: smallest table row (no conventional-road marker, no earlier edition of this code) — check"
W13-7L,COMBINATION HORIZONTAL ALIGNMENT/ ADVISORY RAMP SPEED - 270-DEGREE LOOP,intervene/Warning Signs,COMBINATION_HORIZONTAL_ALIGNMENT_ADVISORY_RAMP_SPEED_270_DEGREE_LOOP_W13-7L.svg,2024 Edition,24.0x41.9 in,2 overlapping duplicate shape(s) in the sheet's drawing (FHWA artwork fault); needs a manual check
W13-7R,COMBINATION HORIZONTAL ALIGNMENT/ ADVISORY RAMP SPEED - 270-DEGREE LOOP,Warning Signs,COMBINATION_HORIZONTAL_ALIGNMENT_ADVISORY_RAMP_SPEED_270_DEGREE_LOOP_W13-7R.svg,2024 Edition,24.0x42.0 in,"size 24 in: smallest table row (no conventional-road marker, no earlier edition of this code) — check"
W13-8L,COMBINATION HORIZONTAL ALIGNMENT / ADVISORY EXIT SPEED - 180-DEGREE LOOP,Warning Signs,COMBINATION_HORIZONTAL_ALIGNMENT_ADVISORY_EXIT_SPEED_180_DEGREE_LOOP_W13-8L.svg,2024 Edition,24.0x41.9 in,"size 24 in: smallest table row (no conventional-road marker, no earlier edition of this code) — check"
W13-8R,COMBINATION HORIZONTAL ALIGNMENT / ADVISORY EXIT SPEED - 180-DEGREE LOOP,Warning Signs,COMBINATION_HORIZONTAL_ALIGNMENT_ADVISORY_EXIT_SPEED_180_DEGREE_LOOP_W13-8R.svg,2024 Edition,24.0x42.0 in,"size 24 in: smallest table row (no conventional-road marker, no earlier edition of this code) — check"
W13-9L,COMBINATION HORIZONTAL ALIGNMENT / ADVISORY RAMP SPEED - 180-DEGREE LOOP,Warning Signs,COMBINATION_HORIZONTAL_ALIGNMENT_ADVISORY_RAMP_SPEED_180_DEGREE_LOOP_W13-9L.svg,2024 Edition,24.0x41.9 in,"size 24 in: smallest table row (no conventional-road marker, no earlier edition of this code) — check"
W13-9R,COMBINATION HORIZONTAL ALIGNMENT / ADVISORY RAMP SPEED - 180-DEGREE LOOP,Warning Signs,COMBINATION_HORIZONTAL_ALIGNMENT_ADVISORY_RAMP_SPEED_180_DEGREE_LOOP_W13-9R.svg,2024 Edition,24.0x42.0 in,"size 24 in: smallest table row (no conventional-road marker, no earlier edition of this code) — check"
W14-1,DEAD END,Warning Signs,DEAD_END_W14-1.svg,2024 Edition,33.9x33.7 in,size 24 in: conventional-road row for W14-1 in the 2004/2012 sheets (2024 table has no marker)
W14-1aL,DEAD END (WITH ARROW),Warning Signs,DEAD_END_WITH_ARROW_W14-1aL.svg,2024 Edition,24.0x6.0 in,"size 24 in: smallest table row (no conventional-road marker, no earlier edition of this code) — check"
W14-1aR,DEAD END (WITH ARROW),Warning Signs,DEAD_END_WITH_ARROW_W14-1aR.svg,2024 Edition,24.0x6.0 in,"size 24 in: smallest table row (no conventional-road marker, no earlier edition of this code) — check"
W14-2,NO OUTLET,Warning Signs,NO_OUTLET_W14-2.svg,2024 Edition,42.4x42.1 in,size 30 in: conventional-road row for W14-2 in the 2004/2012 sheets (2024 table has no marker)
W14-2aL,NO OUTLET (WITH ARROW),Warning Signs,NO_OUTLET_WITH_ARROW_W14-2aL.svg,2024 Edition,24.0x6.0 in,"size 24 in: smallest table row (no conventional-road marker, no earlier edition of this code) — check"
W14-2aR,NO OUTLET (WITH ARROW),Warning Signs,NO_OUTLET_WITH_ARROW_W14-2aR.svg,2024 Edition,24.0x6.0 in,"size 24 in: smallest table row (no conventional-road marker, no earlier edition of this code) — check"
W14-3,NO PASSING ZONE,Warning Signs,NO_PASSING_ZONE_W14-3.svg,2024 Edition,40.0x32.9 in,"size 40 in: smallest table row (no conventional-road marker, no earlier edition of this code) — check"
W15-1,PLAYGROUND,Warning Signs,PLAYGROUND_W15-1.svg,2024 Edition,42.4x42.1 in,size 30 in: conventional-road row for W15-1 in the 2004/2012 sheets (2024 table has no marker)
W16-1,BLACK,Warning Signs,BLACK_W16-1.svg,2004 Edition,18.0x24.0 in,
W16-10,PHOTO ENFORCED,Warning Signs,PHOTO_ENFORCED_W16-10.svg,2004 Edition,24.0x18.0 in,
W16-10P,PHOTO ENFORCED (SYMBOL PLAQUE),Warning Signs,PHOTO_ENFORCED_SYMBOL_PLAQUE_W16-10P.svg,2024 Edition,24.0x12.0 in,"size 24 in: smallest table row (no conventional-road marker, no earlier edition of this code) — check"
W16-10aP,PHOTO ENFORCED (PLAQUE),Warning Signs,PHOTO_ENFORCED_PLAQUE_W16-10aP.svg,2024 Edition,24.0x18.0 in,"size 24 in: smallest table row (no conventional-road marker, no earlier edition of this code) — check"
W16-11,HOV,Warning Signs,HOV_W16-11.svg,2004 Edition,24.0x12.0 in,
W16-11P,HIGH-OCCUPANCY VEHICLES (PLAQUE),Warning Signs,HIGH_OCCUPANCY_VEHICLES_PLAQUE_W16-11P.svg,2024 Edition,24.0x12.0 in,"size 24 in: smallest table row (no conventional-road marker, no earlier edition of this code) — check"
W16-12P,TRAFFIC CIRCLE (PLAQUE),Warning Signs,TRAFFIC_CIRCLE_PLAQUE_W16-12P.svg,2024 Edition,24.0x18.0 in,
W16-12aP,ROUNDABOUT (PLAQUE),Warning Signs,ROUNDABOUT_PLAQUE_W16-12aP.svg,2024 Edition,24.0x12.0 in,
W16-12p,TRAFFIC CIRCLE PLAQUE,Warning Signs,TRAFFIC_CIRCLE_PLAQUE_W16-12p_2004.svg,2004 Edition,24.0x18.0 in,scale from the drawing's overall width dimension (24.0 in)
W16-13,WHEN FLASHING,Warning Signs,WHEN_FLASHING_W16-13.svg,2004 Edition,24.0x18.0 in,size 24 in: conventional-road row for W16-13 in the 2004/2012 sheets (2024 table has no marker)
W16-13P,WHEN FLASHING (PLAQUE),Warning Signs,WHEN_FLASHING_PLAQUE_W16-13P.svg,2024 Edition,24.0x18.0 in,
W16-15P,NEW (PLAQUE),Warning Signs,NEW_PLAQUE_W16-15P.svg,2024 Edition,24.0x12.0 in,
W16-16P,LAST EXIT BEFORE TOLL (1-LINE PLAQUE),Warning Signs,LAST_EXIT_BEFORE_TOLL_1_LINE_PLAQUE_W16-16P.svg,2024 Edition,252.0x36.2 in,
W16-16aP,LAST EXIT BEFORE TOLL (2-LINE PLAQUE),Warning Signs,LAST_EXIT_BEFORE_TOLL_2_LINE_PLAQUE_W16-16aP.svg,2024 Edition,144.0x54.1 in,
W16-17P,TOLL (PLAQUE),Warning Signs,TOLL_PLAQUE_W16-17P.svg,2024 Edition,24.0x12.0 in,"size 24 in: smallest table row (no conventional-road marker, no earlier edition of this code) — check"
W16-18P,NOTICE (PLAQUE),Warning Signs,NOTICE_PLAQUE_W16-18P.svg,2024 Edition,24.0x12.0 in,
W16-19P,LAST IN CORRIDOR (PLAQUE),Warning Signs,LAST_IN_CORRIDOR_PLAQUE_W16-19P.svg,2024 Edition,24.0x18.0 in,
W16-1P,IN ROAD (PLAQUE),Warning Signs,IN_ROAD_PLAQUE_W16-1P.svg,2024 Edition,18.0x12.0 in,"size 18 in: smallest table row (no conventional-road marker, no earlier edition of this code) — check"
W16-1aP,IN STREET (PLAQUE),Warning Signs,IN_STREET_PLAQUE_W16-1aP.svg,2024 Edition,18.0x12.0 in,"size 18 in: smallest table row (no conventional-road marker, no earlier edition of this code) — check"
W16-2,150 METERS (2 LINE) (METRIC),Warning Signs,150_METERS_2_LINE_METRIC_W16-2.svg,2004 Edition,24.0x19.2 in,
W16-2,500 FEET (2 LINE) (ENGLISH),Warning Signs,500_FEET_2_LINE_ENGLISH_W16-2.svg,2004 Edition,24.0x19.2 in,
W16-2,DISTANCE (2 LINE) (ENGLISH),Warning Signs,DISTANCE_2_LINE_ENGLISH_W16-2.svg,2004 Edition,24.0x19.2 in,size 24 in: conventional-road row for W16-2 in the 2004/2012 sheets (2024 table has no marker)
W16-20P,EXCEPT BICYCLES (PLAQUE),Warning Signs,EXCEPT_BICYCLES_PLAQUE_W16-20P.svg,2024 Edition,24.0x12.0 in,
W16-21P,2-WAY BICYCLE CROSS TRAFFIC (PLAQUE),Warning Signs,2_WAY_BICYCLE_CROSS_TRAFFIC_PLAQUE_W16-21P.svg,2024 Edition,24.0x12.0 in,
W16-2P,XX FEET (2-LINE PLAQUE),Warning Signs,XX_FEET_2_LINE_PLAQUE_W16-2P.svg,2024 Edition,18.0x13.5 in,"size 18 in: smallest table row (no conventional-road marker, no earlier edition of this code) — check"
W16-2a,500 FT (1 LINE) (ENGLISH),Warning Signs,500_FT_1_LINE_ENGLISH_W16-2a.svg,2004 Edition,24.0x12.0 in,
W16-2aP,XX FT (1-LINE PLAQUE),Warning Signs,XX_FT_1_LINE_PLAQUE_W16-2aP.svg,2024 Edition,12.0x6.0 in,"size 12 in: smallest table row (no conventional-road marker, no earlier edition of this code) — check"
W16-3,2 MILES (2 LINE) (ENGLISH),Warning Signs,2_MILES_2_LINE_ENGLISH_METRIC_W16-3.svg,2004 Edition,30.0x24.0 in,no dimension of its own; drawn to the same size as W16-4 on the sheet — check
W16-3P,XX MILES (2-LINE PLAQUE),Warning Signs,XX_MILES_2_LINE_PLAQUE_W16-3P.svg,2024 Edition,30.0x24.0 in,
W16-3aP,WARNING SIGN,Warning Signs,WARNING_SIGN_W16-3aP.svg,2024 Edition,30.0x12.0 in,
W16-4,500 FT (2 LINE) (ENGLISH),Warning Signs,500_FT_2_LINE_ENGLISH_NEXT_500_FT_W16-4.svg,2004 Edition,30.0x24.0 in,scaled from the dimensioned W16-4 drawing (thumbnail)
W16-4P,NEXT XX FEET (PLAQUE),Warning Signs,NEXT_XX_FEET_PLAQUE_W16-4P.svg,2024 Edition,30.0x24.0 in,
W16-5PL,DIRECTIONAL ARROW (PLAQUE),Warning Signs,DIRECTIONAL_ARROW_PLAQUE_W16-5PL.svg,2024 Edition,12.0x8.6 in,"size 12 in: smallest table row (no conventional-road marker, no earlier edition of this code) — check"
W16-5PR,DIRECTIONAL ARROW (PLAQUE),Warning Signs,DIRECTIONAL_ARROW_PLAQUE_W16-5PR.svg,2024 Edition,12.0x8.6 in,"size 12 in: smallest table row (no conventional-road marker, no earlier edition of this code) — check"
W16-5pL,ARROW PLAQUE,Warning Signs,ARROW_PLAQUE_W16-5pL.svg,2004 Edition,24.0x18.0 in,no dimension of its own; drawn to the same size as W16-6pL on the sheet — check
W16-5pR,ARROW PLAQUE,Warning Signs,ARROW_PLAQUE_W16-5pR.svg,2004 Edition,24.0x18.0 in,scaled from the dimensioned W16-5pL drawing (thumbnail)
W16-6PL,ADVANCE TURN ARROW (PLAQUE),Warning Signs,ADVANCE_TURN_ARROW_PLAQUE_W16-6PL.svg,2024 Edition,12.0x8.6 in,"size 12 in: smallest table row (no conventional-road marker, no earlier edition of this code) — check"
W16-6PR,ADVANCE TURN ARROW (PLAQUE),Warning Signs,ADVANCE_TURN_ARROW_PLAQUE_W16-6PR.svg,2024 Edition,12.0x8.6 in,"size 12 in: smallest table row (no conventional-road marker, no earlier edition of this code) — check"
W16-6pL,ARROW PLAQUE,Warning Signs,ARROW_PLAQUE_W16-6pL.svg,2004 Edition,24.0x18.0 in,scale from the drawing's overall width dimension (24.0 in)
W16-6pR,ARROW PLAQUE,Warning Signs,ARROW_PLAQUE_W16-6pR.svg,2004 Edition,24.0x18.0 in,scaled from the dimensioned W16-6pL drawing (thumbnail)
W16-7PL,DOWNWARD DIAGONAL ARROW (PLAQUE),Warning Signs,DOWNWARD_DIAGONAL_ARROW_PLAQUE_W16-7PL.svg,2024 Edition,12.0x8.6 in,mirrored from W16-7PR (not drawn separately on the sheet)
W16-7PR,DOWNWARD DIAGONAL ARROW (PLAQUE),Warning Signs,DOWNWARD_DIAGONAL_ARROW_PLAQUE_W16-7PR.svg,2024 Edition,12.0x8.6 in,"size 12 in: smallest table row (no conventional-road marker, no earlier edition of this code) — check"
W16-7aP,DUAL DOWNWARD DIAGONAL ARROW (PLAQUE),Warning Signs,DUAL_DOWNWARD_DIAGONAL_ARROW_PLAQUE_W16-7aP.svg,2024 Edition,12.0x8.6 in,"size 12 in: smallest table row (no conventional-road marker, no earlier edition of this code) — check"
W16-7pL,LEFT DIAGONAL ARROW PLAQUE,Warning Signs,LEFT_DIAGONAL_ARROW_PLAQUE_W16-7pL.svg,2004 Edition,24.0x12.0 in,
W16-7pR,RIGHT DIAGONAL ARROW PLAQUE,Warning Signs,RIGHT_DIAGONAL_ARROW_PLAQUE_W16-7pR.svg,2004 Edition,24.0x12.0 in,scaled from the dimensioned W16-7pL drawing (thumbnail)
W16-8,ADVANCE STREET NAME PLAQUE,Warning Signs,ADVANCE_STREET_NAME_PLAQUE_W16-8.svg,2004 Edition,24.0x12.0 in,
W16-8P,ADVANCE STREET NAME (1-LINE PLAQUE),Warning Signs,ADVANCE_STREET_NAME_1_LINE_PLAQUE_W16-8P.svg,2024 Edition,43.2x14.5 in,no size table or width dimension read; drawn at page scale (1 pt = 0.1 in)
W16-8a,ADVANCE STREET NAME PLAQUE,Warning Signs,ADVANCE_STREET_NAME_PLAQUE_W16-8a.svg,2004 Edition,48.0x15.0 in,scale from the drawing's overall width dimension (48.0 in)
W16-8aP,ADVANCE STREET NAME (2-LINE PLAQUE),Warning Signs,ADVANCE_STREET_NAME_2_LINE_PLAQUE_W16-8aP.svg,2024 Edition,43.2x13.6 in,no size table or width dimension read; drawn at page scale (1 pt = 0.1 in)
W16-9P,AHEAD (PLAQUE),Warning Signs,AHEAD_PLAQUE_W16-9P.svg,2024 Edition,24.0x12.0 in,size 24 in: conventional-road row for W16-9P in the 2004/2012 sheets (2024 table has no marker)
W16-9p,AHEAD PLAQUE,Warning Signs,AHEAD_PLAQUE_W16-9p_2004.svg,2004 Edition,24.0x12.0 in,
W17-1,SPEED HUMP,Warning Signs,SPEED_HUMP_W17-1.svg,2024 Edition,42.4x42.1 in,size 30 in: conventional-road row for W17-1 in the 2004/2012 sheets (2024 table has no marker)
W18-1,NO TRAFFIC SIGNS,Warning Signs,NO_TRAFFIC_SIGNS_W18-1.svg,2024 Edition,42.4x42.1 in,size 30 in: conventional-road row for W18-1 in the 2004/2012 sheets (2024 table has no marker)
W19-1,FREEWAY ENDS XX MILES,Warning Signs,FREEWAY_ENDS_XX_MILES_W19-1.svg,2024 Edition,144.0x48.1 in,
W19-2,EXPRESSWAY ENDS XX MILES,Warning Signs,EXPRESSWAY_ENDS_XX_MILES_W19-2.svg,2024 Edition,144.0x48.1 in,
W19-3,FREEWAY ENDS,Warning Signs,FREEWAY_ENDS_W19-3.svg,2024 Edition,67.9x67.3 in,
W19-4,EXPRESSWAY ENDS,Warning Signs,EXPRESSWAY_ENDS_W19-4.svg,2024 Edition,67.9x67.3 in,
W19-5,ALL TRAFFIC MUST EXIT,Warning Signs,ALL_TRAFFIC_MUST_EXIT_W19-5.svg,2024 Edition,90.0x48.0 in,
W2-1,INTERSECTION WARNING - CROSSROAD,Warning Signs,INTERSECTION_WARNING_CROSSROAD_W2-1.svg,2024 Edition,42.4x42.1 in,size 30 in: conventional-road row for W2-1 in the 2004/2012 sheets (2024 table has no marker)
W2-10,TRAFFIC ENTERING WHEN FLASHING,Warning Signs,TRAFFIC_ENTERING_WHEN_FLASHING_W2-10.svg,2024 Edition,50.9x50.5 in,"size 36 in: smallest table row (no conventional-road marker, no earlier edition of this code) — check"
W2-11,TRAFFIC APPROACHING WHEN FLASHING,Warning Signs,TRAFFIC_APPROACHING_WHEN_FLASHING_W2-11.svg,2024 Edition,50.9x50.5 in,"size 36 in: smallest table row (no conventional-road marker, no earlier edition of this code) — check"
W2-2L,INTERSECTION WARNING - SIDE ROAD,Warning Signs,INTERSECTION_WARNING_SIDE_ROAD_W2-2L.svg,2024 Edition,42.4x42.0 in,size 30 in: conventional-road row for W2-2 in the 2004/2012 sheets (2024 table has no marker)
W2-2R,INTERSECTION WARNING - SIDE ROAD,Warning Signs,INTERSECTION_WARNING_SIDE_ROAD_W2-2R.svg,2024 Edition,42.4x42.0 in,size 30 in: conventional-road row for W2-2 in the 2004/2012 sheets (2024 table has no marker)
W2-3L,INTERSECTION WARNING - OBLIQUE SIDE ROAD (OBTUSE),Warning Signs,INTERSECTION_WARNING_OBLIQUE_SIDE_ROAD_OBTUSE_W2-3L.svg,2024 Edition,42.4x42.0 in,size 30 in: conventional-road row for W2-3 in the 2004/2012 sheets (2024 table has no marker)
W2-3R,INTERSECTION WARNING - OBLIQUE SIDE ROAD (OBTUSE),Warning Signs,INTERSECTION_WARNING_OBLIQUE_SIDE_ROAD_OBTUSE_W2-3R.svg,2024 Edition,42.4x42.1 in,size 30 in: conventional-road row for W2-3 in the 2004/2012 sheets (2024 table has no marker)
W2-3aL,INTERSECTION WARNING - OBLIQUE SIDE ROAD (ACUTE),Warning Signs,INTERSECTION_WARNING_OBLIQUE_SIDE_ROAD_ACUTE_W2-3aL.svg,2024 Edition,42.4x42.1 in,size 30 in: no conventional-road marker in the table and no earlier edition of this code; 30 in diamond chosen — check
W2-3aR,INTERSECTION WARNING - OBLIQUE SIDE ROAD (ACUTE),Warning Signs,INTERSECTION_WARNING_OBLIQUE_SIDE_ROAD_ACUTE_W2-3aR.svg,2024 Edition,25.5x25.2 in,"size 18 in: smallest table row (no conventional-road marker, no earlier edition of this code) — check"
W2-4,INTERSECTION WARNING - T-INTERSECTION,Warning Signs,INTERSECTION_WARNING_T_INTERSECTION_W2-4.svg,2024 Edition,42.4x42.1 in,size 30 in: conventional-road row for W2-4 in the 2004/2012 sheets (2024 table has no marker)
W2-5,INTERSECTION WARNING - Y-INTERSECTION,Warning Signs,INTERSECTION_WARNING_Y_INTERSECTION_W2-5.svg,2024 Edition,42.4x42.0 in,size 30 in: conventional-road row for W2-5 in the 2004/2012 sheets (2024 table has no marker)
W2-6,INTERSECTION WARNING - CIRCULAR,Warning Signs,INTERSECTION_WARNING_CIRCULAR_W2-6.svg,2024 Edition,33.9x33.6 in,size 24 in: conventional-road row for W2-6 in the 2004/2012 sheets (2024 table has no marker)
W2-7L,INTERSECTION WARNING - OFFSET SIDE ROADS,Warning Signs,INTERSECTION_WARNING_OFFSET_SIDE_ROADS_W2-7L.svg,2024 Edition,42.4x42.0 in,size 30 in: no conventional-road marker in the table and no earlier edition of this code; 30 in diamond chosen — check
W2-7R,INTERSECTION WARNING - OFFSET SIDE ROADS,Warning Signs,INTERSECTION_WARNING_OFFSET_SIDE_ROADS_W2-7R.svg,2024 Edition,33.9x33.6 in,"size 24 in: smallest table row (no conventional-road marker, no earlier edition of this code) — check"
W2-8L,INTERSECTION WARNING - SIDE ROADS,Warning Signs,INTERSECTION_WARNING_SIDE_ROADS_W2-8L.svg,2024 Edition,42.4x42.0 in,size 30 in: no conventional-road marker in the table and no earlier edition of this code; 30 in diamond chosen — check
W2-8R,INTERSECTION WARNING - SIDE ROADS,Warning Signs,INTERSECTION_WARNING_SIDE_ROADS_W2-8R.svg,2024 Edition,33.9x33.6 in,"size 24 in: smallest table row (no conventional-road marker, no earlier edition of this code) — check"
W20-1,ROAD WORK,Temporary Traffic Control Signs,ROAD_WORK_W20-1.svg,2024 Edition,50.9x50.5 in,size 36 in: conventional-road row for W20-1 in the 2004/2012 sheets (2024 table has no marker)
W20-1,STREET WORK,Temporary Traffic Control Signs,STREET_WORK_W20-1.svg,2024 Edition,50.9x50.4 in,size 36 in: conventional-road row for W20-1 in the 2004/2012 sheets (2024 table has no marker)
W20-1b,PATH WORK (WITH DISTANCE),Temporary Traffic Control Signs,PATH_WORK_WITH_DISTANCE_W20-1b.svg,2024 Edition,42.4x42.1 in,"size 30 in: smallest table row (no conventional-road marker, no earlier edition of this code) — check"
W20-2,DETOUR,Temporary Traffic Control Signs,DETOUR_W20-2.svg,2024 Edition,50.9x50.5 in,size 36 in: conventional-road row for W20-2 in the 2004/2012 sheets (2024 table has no marker)
W20-2a,BIKE DETOUR (WITH DISTANCE),Temporary Traffic Control Signs,BIKE_DETOUR_WITH_DISTANCE_W20-2a.svg,2024 Edition,42.4x42.1 in,"size 30 in: smallest table row (no conventional-road marker, no earlier edition of this code) — check"
W20-3,ROAD CLOSED,Temporary Traffic Control Signs,ROAD_CLOSED_W20-3.svg,2024 Edition,50.9x50.5 in,size 36 in: conventional-road row for W20-3 in the 2004/2012 sheets (2024 table has no marker)
W20-3,STREET CLOSED,Temporary Traffic Control Signs,STREET_CLOSED_W20-3.svg,2024 Edition,50.9x50.4 in,size 36 in: conventional-road row for W20-3 in the 2004/2012 sheets (2024 table has no marker)
W20-3a,PATH CLOSED (WITH DISTANCE),Temporary Traffic Control Signs,PATH_CLOSED_WITH_DISTANCE_W20-3a.svg,2024 Edition,42.4x42.1 in,"size 30 in: smallest table row (no conventional-road marker, no earlier edition of this code) — check"
W20-4,ONE LANE ROAD,Temporary Traffic Control Signs,ONE_LANE_ROAD_W20-4.svg,2024 Edition,50.9x50.5 in,size 36 in: conventional-road row for W20-4 in the 2004/2012 sheets (2024 table has no marker)
W20-5,RIGHT (CENTER) (LEFT) LANE CLOSED,Temporary Traffic Control Signs,RIGHT_CENTER_LEFT_LANE_CLOSED_W20-5.svg,2012 Supplement,50.9x50.9 in,size 36 in: conventional-road row for W20-5 in the 2004/2012 sheets (2024 table has no marker)
W20-5L,LEFT LANE CLOSED (WITH DISTANCE),Temporary Traffic Control Signs,LEFT_LANE_CLOSED_WITH_DISTANCE_W20-5L.svg,2024 Edition,50.9x50.4 in,size 36 in: conventional-road row for W20-5 in the 2004/2012 sheets (2024 table has no marker)
W20-5R,of word message.,Temporary Traffic Control Signs,OF_WORD_MESSAGE_W20-5R.svg,2024 Edition,50.9x50.5 in,size 36 in: conventional-road row for W20-5 in the 2004/2012 sheets (2024 table has no marker)
W20-5a,LANES CLOSED ADVANCE,Temporary Traffic Control Signs,LANES_CLOSED_ADVANCE_W20-5a.svg,2012 Supplement,42.4x42.4 in,size 30 in: conventional-road row for W20-5a in the 2004/2012 sheets (2024 table has no marker)
W20-5aL,2 LANES CLOSED,Temporary Traffic Control Signs,2_LANES_CLOSED_W20-5aL.svg,2024 Edition,42.4x42.1 in,size 30 in: conventional-road row for W20-5a in the 2004/2012 sheets (2024 table has no marker)
W20-5aR,2 LANES CLOSED,Temporary Traffic Control Signs,2_LANES_CLOSED_W20-5aR.svg,2024 Edition,42.4x42.1 in,size 30 in: conventional-road row for W20-5a in the 2004/2012 sheets (2024 table has no marker)
W20-5b,BIKE LANE CLOSED (WITH DISTANCE),Temporary Traffic Control Signs,BIKE_LANE_CLOSED_WITH_DISTANCE_W20-5b.svg,2024 Edition,42.4x42.1 in,"size 30 in: smallest table row (no conventional-road marker, no earlier edition of this code) — check"
W20-7,FLAGGER,Temporary Traffic Control Signs,FLAGGER_W20-7.svg,2024 Edition,42.4x42.0 in,size 30 in: conventional-road row for W20-7 in the 2004/2012 sheets (2024 table has no marker)
W20-7a,FLAGGER,Temporary Traffic Control Signs,FLAGGER_W20-7a.svg,2024 Edition,42.4x42.0 in,"size 30 in: smallest table row (no conventional-road marker, no earlier edition of this code) — check"
W20-8,SLOW (ON STOP/SLOW PADDLE),Temporary Traffic Control Signs,SLOW_ON_STOP_SLOW_PADDLE_W20-8.svg,2024 Edition,25.5x25.5 in,
W21-1,WORKERS,Temporary Traffic Control Signs,WORKERS_W21-1.svg,2024 Edition,50.9x50.5 in,size 36 in: conventional-road row for W21-1 in the 2004/2012 sheets (2024 table has no marker)
W21-1a,WORKERS,Temporary Traffic Control Signs,WORKERS_W21-1a.svg,2024 Edition,50.9x50.5 in,size 36 in: conventional-road row for W21-1a in the 2004/2012 sheets (2024 table has no marker)
W21-2,FRESH OIL,Temporary Traffic Control Signs,FRESH_OIL_W21-2.svg,2024 Edition,42.4x42.0 in,size 30 in: conventional-road row for W21-2 in the 2004/2012 sheets (2024 table has no marker)
W21-2,FRESH TAR,Temporary Traffic Control Signs,FRESH_TAR_W21-2.svg,2024 Edition,42.4x42.0 in,size 30 in: conventional-road row for W21-2 in the 2004/2012 sheets (2024 table has no marker)
W21-3,ROAD MACHINERY AHEAD,Temporary Traffic Control Signs,ROAD_MACHINERY_AHEAD_W21-3.svg,2024 Edition,50.9x50.5 in,size 36 in: conventional-road row for W21-3 in the 2004/2012 sheets (2024 table has no marker)
W21-4,SLOW MOVING VEHICLE,Temporary Traffic Control Signs,SLOW_MOVING_VEHICLE_W21-4.svg,2024 Edition,36.0x18.0 in,
W21-5,SHOULDER WORK,Temporary Traffic Control Signs,SHOULDER_WORK_W21-5.svg,2024 Edition,42.4x42.0 in,size 30 in: conventional-road row for W21-5 in the 2004/2012 sheets (2024 table has no marker)
W21-5aL,SHOULDER CLOSED,Temporary Traffic Control Signs,SHOULDER_CLOSED_W21-5aL.svg,2024 Edition,50.9x50.5 in,size 36 in: conventional-road row for W21-5a in the 2004/2012 sheets (2024 table has no marker)
W21-5aR,SHOULDER CLOSED,Temporary Traffic Control Signs,SHOULDER_CLOSED_W21-5aR.svg,2024 Edition,50.9x50.4 in,size 36 in: conventional-road row for W21-5a in the 2004/2012 sheets (2024 table has no marker)
W21-5bL,SHOULDER CLOSED,Temporary Traffic Control Signs,SHOULDER_CLOSED_W21-5bL.svg,2024 Edition,50.9x50.4 in,size 36 in: conventional-road row for W21-5b in the 2004/2012 sheets (2024 table has no marker)
W21-5bR,SHOULDER CLOSED (WITH DISTANCE),Temporary Traffic Control Signs,SHOULDER_CLOSED_WITH_DISTANCE_W21-5bR.svg,2024 Edition,50.9x50.5 in,size 36 in: conventional-road row for W21-5b in the 2004/2012 sheets (2024 table has no marker)
W21-6,SURVEY CREW,Temporary Traffic Control Signs,SURVEY_CREW_W21-6.svg,2024 Edition,42.4x42.0 in,size 30 in: conventional-road row for W21-6 in the 2004/2012 sheets (2024 table has no marker)
W21-7,UTILITY WORK,Temporary Traffic Control Signs,UTILITY_WORK_W21-7.svg,2024 Edition,50.9x50.5 in,size 36 in: conventional-road row for W21-7 in the 2004/2012 sheets (2024 table has no marker)
W21-8,MOWING AHEAD,Temporary Traffic Control Signs,MOWING_AHEAD_W21-8.svg,2024 Edition,42.4x42.0 in,"size 30 in: smallest table row (no conventional-road marker, no earlier edition of this code) — check"
W22-1,BLASTING ZONE AHEAD,Temporary Traffic Control Signs,BLASTING_ZONE_AHEAD_W22-1.svg,2024 Edition,67.9x67.4 in,size 48 in: conventional-road row for W22-1 in the 2004/2012 sheets (2024 table has no marker)
W22-2,TURN OFF 2-WAY RADIO AND CELL PHONE,Temporary Traffic Control Signs,TURN_OFF_2_WAY_RADIO_AND_CELL_PHONE_W22-2.svg,2004 Edition,42.0x36.0 in,
W22-3,END BLASTING ZONE,Temporary Traffic Control Signs,END_BLASTING_ZONE_W22-3.svg,2024 Edition,42.0x36.0 in,size 42 in: conventional-road row for W22-3 in the 2004/2012 sheets (2024 table has no marker)
W23-1,SLOW TRAFFIC AHEAD,Temporary Traffic Control Signs,SLOW_TRAFFIC_AHEAD_W23-1.svg,2024 Edition,48.0x24.0 in,
W23-2,NEW TRAFFIC PATTERN AHEAD,Temporary Traffic Control Signs,NEW_TRAFFIC_PATTERN_AHEAD_W23-2.svg,2024 Edition,42.4x42.1 in,"size 30 in: smallest table row (no conventional-road marker, no earlier edition of this code) — check"
W23-2a,NEW SIGNAL OPERATION AHEAD,Temporary Traffic Control Signs,NEW_SIGNAL_OPERATION_AHEAD_W23-2a.svg,2024 Edition,42.4x42.1 in,"size 30 in: smallest table row (no conventional-road marker, no earlier edition of this code) — check"
W24-1L,DOUBLE REVERSE CURVE (1 LANE),Temporary Traffic Control Signs,DOUBLE_REVERSE_CURVE_1_LANE_W24-1L.svg,2024 Edition,50.9x50.6 in,size 36 in: conventional-road row for W24-1 in the 2004/2012 sheets (2024 table has no marker)
W24-1R,DOUBLE REVERSE CURVE (1 LANE),Temporary Traffic Control Signs,DOUBLE_REVERSE_CURVE_1_LANE_W24-1R.svg,2024 Edition,50.9x50.5 in,size 36 in: conventional-road row for W24-1 in the 2004/2012 sheets (2024 table has no marker)
W24-1aL,DOUBLE REVERSE CURVE (2 LANES),Temporary Traffic Control Signs,DOUBLE_REVERSE_CURVE_2_LANES_W24-1aL.svg,2024 Edition,50.9x50.4 in,size 36 in: conventional-road row for W24-1a in the 2004/2012 sheets (2024 table has no marker)
W24-1aR,DOUBLE REVERSE CURVE (2 LANES),Temporary Traffic Control Signs,DOUBLE_REVERSE_CURVE_2_LANES_W24-1aR.svg,2024 Edition,50.9x50.5 in,size 36 in: conventional-road row for W24-1a in the 2004/2012 sheets (2024 table has no marker)
W24-1bL,DOUBLE REVERSE CURVE (3 LANES),Temporary Traffic Control Signs,DOUBLE_REVERSE_CURVE_3_LANES_W24-1bL.svg,2024 Edition,50.9x50.4 in,size 36 in: conventional-road row for W24-1b in the 2004/2012 sheets (2024 table has no marker)
W24-1bR,DOUBLE REVERSE CURVE (3 LANES),Temporary Traffic Control Signs,DOUBLE_REVERSE_CURVE_3_LANES_W24-1bR.svg,2024 Edition,50.9x50.5 in,size 36 in: conventional-road row for W24-1b in the 2004/2012 sheets (2024 table has no marker)
W24-1cP,ALL LANES (PLAQUE),Temporary Traffic Control Signs,ALL_LANES_PLAQUE_W24-1cP.svg,2024 Edition,24.0x18.0 in,"size 24 in: smallest table row (no conventional-road marker, no earlier edition of this code) — check"
W25-1,ONCOMING TRAFFIC HAS EXTENDED GREEN,Temporary Traffic Control Signs,ONCOMING_TRAFFIC_HAS_EXTENDED_GREEN_W25-1.svg,2024 Edition,24.0x30.0 in,
W25-2,ONCOMING TRAFFIC MAY HAVE EXTENDED GREEN,Temporary Traffic Control Signs,ONCOMING_TRAFFIC_MAY_HAVE_EXTENDED_GREEN_W25-2.svg,2024 Edition,24.0x30.0 in,
W26-1,WATCH FOR STOPPED TRAFFIC,Warning Signs,WATCH_FOR_STOPPED_TRAFFIC_W26-1.svg,2024 Edition,42.4x42.1 in,"size 30 in: smallest table row (no conventional-road marker, no earlier edition of this code) — check"
W3-1,STOP AHEAD,Warning Signs,STOP_AHEAD_W3-1.svg,2024 Edition,25.5x25.2 in,size 18 in: conventional-road row for W3-1 in the 2004/2012 sheets (2024 table has no marker)
W3-1a,STOP AHEAD,Warning Signs,STOP_AHEAD_W3-1a.svg,2004 Edition,50.9x50.9 in,
W3-2,YIELD AHEAD,Warning Signs,YIELD_AHEAD_W3-2.svg,2024 Edition,25.5x25.2 in,size 18 in: conventional-road row for W3-2 in the 2004/2012 sheets (2024 table has no marker)
W3-2a,YIELD AHEAD,Warning Signs,YIELD_AHEAD_W3-2a.svg,2004 Edition,50.9x50.9 in,
W3-3,SIGNAL AHEAD,Warning Signs,SIGNAL_AHEAD_W3-3.svg,2024 Edition,25.5x25.2 in,size 18 in: conventional-road row for W3-3 in the 2004/2012 sheets (2024 table has no marker)
W3-3a,SIGNAL AHEAD,Warning Signs,SIGNAL_AHEAD_W3-3a.svg,2004 Edition,50.9x50.9 in,
W3-4,BE PREPARED TO STOP,Warning Signs,BE_PREPARED_TO_STOP_W3-4.svg,2024 Edition,50.9x50.5 in,size 36 in: conventional-road row for W3-4 in the 2004/2012 sheets (2024 table has no marker)
W3-5,REDUCED SPEED LIMIT AHEAD,Warning Signs,REDUCED_SPEED_LIMIT_AHEAD_W3-5.svg,2024 Edition,50.9x50.5 in,size 36 in: conventional-road row for W3-5 in the 2004/2012 sheets (2024 table has no marker)
W3-5a,XX MPH SPEED ZONE AHEAD,Warning Signs,XX_MPH_SPEED_ZONE_AHEAD_W3-5a.svg,2024 Edition,50.9x50.5 in,size 36 in: conventional-road row for W3-5a in the 2004/2012 sheets (2024 table has no marker)
W3-5b,VARIABLE SPEED ZONE AHEAD,Warning Signs,VARIABLE_SPEED_ZONE_AHEAD_W3-5b.svg,2024 Edition,42.4x42.1 in,"size 30 in: smallest table row (no conventional-road marker, no earlier edition of this code) — check"
W3-5c,XX MPH TRUCK SPEED ZONE AHEAD,Warning Signs,XX_MPH_TRUCK_SPEED_ZONE_AHEAD_W3-5c.svg,2024 Edition,42.4x42.1 in,"size 30 in: smallest table row (no conventional-road marker, no earlier edition of this code) — check"
W3-6,DRAW BRIDGE,Warning Signs,DRAW_BRIDGE_W3-6.svg,2024 Edition,50.9x50.5 in,size 36 in: conventional-road row for W3-6 in the 2004/2012 sheets (2024 table has no marker)
W3-7,RAMP METER AHEAD,Warning Signs,RAMP_METER_AHEAD_W3-7.svg,2024 Edition,50.9x50.5 in,
W3-8,RAMP METERED WHEN FLASHING,Warning Signs,RAMP_METERED_WHEN_FLASHING_W3-8.svg,2024 Edition,50.9x50.5 in,
W3-9,TRAFFIC USING SHOULDER,Warning Signs,TRAFFIC_USING_SHOULDER_W3-9.svg,2024 Edition,36.0x48.0 in,"size 36 in: smallest table row (no conventional-road marker, no earlier edition of this code) — check"
W4-1L,MERGE,Warning Signs,MERGE_W4-1L.svg,2024 Edition,50.9x50.4 in,size 36 in: conventional-road row for W4-1 in the 2004/2012 sheets (2024 table has no marker)
W4-1R,MERGE,Warning Signs,MERGE_W4-1R.svg,2024 Edition,50.9x50.5 in,size 36 in: conventional-road row for W4-1 in the 2004/2012 sheets (2024 table has no marker)
W4-2L,LANE ENDS,Warning Signs,LANE_ENDS_W4-2L.svg,2024 Edition,42.4x42.0 in,size 30 in: conventional-road row for W4-2 in the 2004/2012 sheets (2024 table has no marker)
W4-2R,LANE ENDS,Warning Signs,LANE_ENDS_W4-2R.svg,2024 Edition,42.4x42.0 in,size 30 in: conventional-road row for W4-2 in the 2004/2012 sheets (2024 table has no marker)
W4-3L,ADDED LANE,Warning Signs,ADDED_LANE_W4-3L.svg,2024 Edition,42.4x42.0 in,size 30 in: conventional-road row for W4-3 in the 2004/2012 sheets (2024 table has no marker)
W4-3R,ADDED LANE,Warning Signs,ADDED_LANE_W4-3R.svg,2024 Edition,42.4x42.1 in,size 30 in: conventional-road row for W4-3 in the 2004/2012 sheets (2024 table has no marker)
W4-4P,CROSS TRAFFIC DOES NOT STOP (PLAQUE),Warning Signs,CROSS_TRAFFIC_DOES_NOT_STOP_PLAQUE_W4-4P.svg,2024 Edition,24.0x12.0 in,"size 24 in: smallest table row (no conventional-road marker, no earlier edition of this code) — check"
W4-4aP,TRAFFIC FROM LEFT (RIGHT) DOES NOT STOP (PLAQUE),Warning Signs,TRAFFIC_FROM_LEFT_RIGHT_DOES_NOT_STOP_PLAQUE_W4-4aP.svg,2012 Supplement,24.0x12.0 in,"size 24 in: smallest table row (no conventional-road marker, no earlier edition of this code) — check"
W4-4aPL,TRAFFIC FROM RIGHT DOES NOT STOP (PLAQUE),Warning Signs,TRAFFIC_FROM_RIGHT_DOES_NOT_STOP_PLAQUE_W4-4aPL.svg,2024 Edition,24.0x12.0 in,"size 24 in: smallest table row (no conventional-road marker, no earlier edition of this code) — check"
W4-4aPR,TRAFFIC FROM RIGHT DOES NOT STOP (PLAQUE),Warning Signs,TRAFFIC_FROM_RIGHT_DOES_NOT_STOP_PLAQUE_W4-4aPR.svg,2024 Edition,24.0x12.0 in,"size 24 in: smallest table row (no conventional-road marker, no earlier edition of this code) — check"
W4-4bP,ONCOMING TRAFFIC DOES NOT STOP (PLAQUE),Warning Signs,ONCOMING_TRAFFIC_DOES_NOT_STOP_PLAQUE_W4-4bP.svg,2024 Edition,24.0x12.0 in,"size 24 in: smallest table row (no conventional-road marker, no earlier edition of this code) — check"
W4-4p,TRAFFIC DOES NOT STOP,Warning Signs,TRAFFIC_DOES_NOT_STOP_W4-4p.svg,2004 Edition,24.0x12.0 in,
W4-5,ENTERING ROADWAY MERGE,Warning Signs,ENTERING_ROADWAY_MERGE_W4-5.svg,2004 Edition,50.9x50.9 in,
W4-5L,ENTERING ROADWAY MERGE,Warning Signs,ENTERING_ROADWAY_MERGE_W4-5L.svg,2024 Edition,50.9x50.4 in,size 36 in: conventional-road row for W4-5 in the 2004/2012 sheets (2024 table has no marker)
W4-5P,NO MERGE AREA (PLAQUE),Warning Signs,NO_MERGE_AREA_PLAQUE_W4-5P.svg,2012 Supplement,18.0x24.0 in,"size 18 in: smallest table row (no conventional-road marker, no earlier edition of this code) — check"
W4-5R,ENTERING ROADWAY MERGE,Warning Signs,ENTERING_ROADWAY_MERGE_W4-5R.svg,2024 Edition,50.9x50.5 in,size 36 in: conventional-road row for W4-5 in the 2004/2012 sheets (2024 table has no marker)
W4-5aP,NO MERGE AREA (PLAQUE),Warning Signs,NO_MERGE_AREA_PLAQUE_W4-5aP.svg,2024 Edition,18.0x24.0 in,"size 18 in: smallest table row (no conventional-road marker, no earlier edition of this code) — check"
W4-6,ENTERING ROADWAY ADDED LANE,Warning Signs,ENTERING_ROADWAY_ADDED_LANE_W4-6.svg,2004 Edition,33.9x33.9 in,size 24 in: conventional-road row for W4-6 in the 2004/2012 sheets (2024 table has no marker)
W4-6L,ENTERING ROADWAY ADDED LANE,Warning Signs,ENTERING_ROADWAY_ADDED_LANE_W4-6L.svg,2024 Edition,42.4x42.0 in,size 30 in: no conventional-road marker in the table and no earlier edition of this code; 30 in diamond chosen — check
W4-6R,ENTERING ROADWAY ADDED LANE,Warning Signs,ENTERING_ROADWAY_ADDED_LANE_W4-6R.svg,2024 Edition,42.4x42.0 in,"size 30 in: smallest table row (no conventional-road marker, no earlier edition of this code) — check"
W4-7,THRU TRAFFIC MERGE LEFT,Warning Signs,THRU_TRAFFIC_MERGE_LEFT_METRIC_2_W4-7.svg,2004 Edition,42.4x42.4 in,size 30 in: conventional-road row for W4-7 in the 2004/2012 sheets (2024 table has no marker); same code and name as page 139 but a different drawing; suffixed
W4-7L,HEAVY MERGE FROM LEFT,Warning Signs,HEAVY_MERGE_FROM_LEFT_W4-7L.svg,2024 Edition,50.9x50.4 in,"size 36 in: smallest table row (no conventional-road marker, no earlier edition of this code) — check"
W4-7R,HEAVY MERGE FROM RIGHT,Warning Signs,HEAVY_MERGE_FROM_RIGHT_W4-7R.svg,2024 Edition,50.9x50.5 in,"size 36 in: smallest table row (no conventional-road marker, no earlier edition of this code) — check"
W4-8,SINGLE-LANE TRANSITION,Warning Signs,SINGLE_LANE_TRANSITION_W4-8.svg,2024 Edition,50.9x50.5 in,"size 36 in: smallest table row (no conventional-road marker, no earlier edition of this code) — check"
W5-1,ROAD NARROWS,Warning Signs,ROAD_NARROWS_W5-1.svg,2024 Edition,50.9x50.5 in,size 36 in: conventional-road row for W5-1 in the 2004/2012 sheets (2024 table has no marker)
W5-2,NARROW BRIDGE,Warning Signs,NARROW_BRIDGE_W5-2.svg,2024 Edition,25.5x25.2 in,size 18 in: conventional-road row for W5-2 in the 2004/2012 sheets (2024 table has no marker)
W5-2a,NARROW UNDERPASS,Warning Signs,NARROW_UNDERPASS_W5-2a.svg,2024 Edition,42.4x42.0 in,"size 30 in: smallest table row (no conventional-road marker, no earlier edition of this code) — check"
W5-3,ONE LANE BRIDGE,Warning Signs,ONE_LANE_BRIDGE_W5-3.svg,2024 Edition,50.9x50.5 in,size 36 in: conventional-road row for W5-3 in the 2004/2012 sheets (2024 table has no marker)
W5-3a,ONE LANE UNDERPASS,Warning Signs,ONE_LANE_UNDERPASS_W5-3a.svg,2024 Edition,42.4x42.1 in,"size 30 in: smallest table row (no conventional-road marker, no earlier edition of this code) — check"
W5-4,RAMP NARROWS,Warning Signs,RAMP_NARROWS_W5-4.svg,2024 Edition,50.9x50.5 in,size 36 in: conventional-road row for W5-4 in the 2004/2012 sheets (2024 table has no marker)
W5-4a,PATH NARROWS,Warning Signs,PATH_NARROWS_W5-4a.svg,2024 Edition,25.5x25.2 in,size 18 in: conventional-road row for W5-4a in the 2004/2012 sheets (2024 table has no marker)
W6-1,DIVIDED HIGHWAY,Warning Signs,DIVIDED_HIGHWAY_W6-1.svg,2024 Edition,50.9x50.5 in,size 36 in: conventional-road row for W6-1 in the 2004/2012 sheets (2024 table has no marker)
W6-1a,DIVIDED HIGHWAY,Warning Signs,DIVIDED_HIGHWAY_W6-1a.svg,2004 Edition,50.9x50.9 in,
W6-1b,DIVIDED ROAD,Warning Signs,DIVIDED_ROAD_W6-1b.svg,2004 Edition,50.9x50.9 in,
W6-2,DIVIDED HIGHWAY ENDS,Warning Signs,DIVIDED_HIGHWAY_ENDS_W6-2.svg,2024 Edition,50.9x50.5 in,size 36 in: conventional-road row for W6-2 in the 2004/2012 sheets (2024 table has no marker)
W6-2a,DIVIDED HIGHWAY ENDS,Warning Signs,DIVIDED_HIGHWAY_ENDS_W6-2a.svg,2004 Edition,50.9x50.9 in,
W6-2b,DIVIDED ROAD ENDS,Warning Signs,DIVIDED_ROAD_ENDS_W6-2b.svg,2004 Edition,50.9x50.9 in,
W6-3,TWO-WAY TRAFFIC,Warning Signs,TWO_WAY_TRAFFIC_W6-3.svg,2024 Edition,50.9x50.5 in,size 36 in: conventional-road row for W6-3 in the 2004/2012 sheets (2024 table has no marker)
W6-4,NARROW TWO-WAY TRAFFIC,Warning Signs,NARROW_TWO_WAY_TRAFFIC_W6-4.svg,2024 Edition,12.0x18.0 in,
W6-5,TWO-WAY TRAFFIC (3-LANE),Warning Signs,TWO_WAY_TRAFFIC_3_LANE_W6-5.svg,2024 Edition,42.4x42.1 in,"size 30 in: smallest table row (no conventional-road marker, no earlier edition of this code) — check"
W6-5a,TWO-WAY TRAFFIC (3-LANE),Warning Signs,TWO_WAY_TRAFFIC_3_LANE_W6-5a.svg,2024 Edition,42.4x42.0 in,"size 30 in: smallest table row (no conventional-road marker, no earlier edition of this code) — check"
W7-1,HILL,Warning Signs,HILL_W7-1.svg,2024 Edition,42.4x42.0 in,size 30 in: conventional-road row for W7-1 in the 2004/2012 sheets (2024 table has no marker)
W7-1a,HILL WITH GRADE,Warning Signs,HILL_WITH_GRADE_W7-1a.svg,2024 Edition,42.4x42.0 in,size 30 in: conventional-road row for W7-1a in the 2004/2012 sheets (2024 table has no marker)
W7-1b,HILL,Warning Signs,HILL_W7-1b.svg,2004 Edition,42.4x42.4 in,
W7-2,HILL PLAQUE,Warning Signs,HILL_PLAQUE_W7-2.svg,2004 Edition,24.0x18.0 in,no dimension of its own; drawn to the same size as W7-2b on the sheet — check
W7-2P,USE LOW GEAR (PLAQUE),Warning Signs,USE_LOW_GEAR_PLAQUE_W7-2P.svg,2024 Edition,24.0x18.0 in,
W7-2b,HILL PLAQUE,Warning Signs,HILL_PLAQUE_W7-2b.svg,2004 Edition,24.0x18.0 in,scale from the drawing's overall width dimension (24.0 in)
W7-2bP,TRUCKS USE LOWER GEAR (PLAQUE),Warning Signs,TRUCKS_USE_LOWER_GEAR_PLAQUE_W7-2bP.svg,2024 Edition,24.0x18.0 in,
W7-3,HILL PLAQUE,Warning Signs,HILL_PLAQUE_W7-3.svg,2004 Edition,24.0x18.0 in,scale from the drawing's overall width dimension (24.0 in)
W7-3P,XX% GRADE (PLAQUE),Warning Signs,XX_GRADE_PLAQUE_W7-3P.svg,2024 Edition,24.0x18.0 in,"size 24 in: smallest table row (no conventional-road marker, no earlier edition of this code) — check"
W7-3a,HILL PLAQUE,Warning Signs,HILL_PLAQUE_METRIC_W7-3a.svg,2004 Edition,24.0x18.0 in,no dimension of its own; drawn to the same size as W7-3 on the sheet — check
W7-3aP,NEXT XX MILES (PLAQUE),Warning Signs,NEXT_XX_MILES_PLAQUE_W7-3aP.svg,2024 Edition,24.0x18.0 in,"size 24 in: smallest table row (no conventional-road marker, no earlier edition of this code) — check"
W7-3b,HILL PLAQUE,Warning Signs,HILL_PLAQUE_METRIC_W7-3b.svg,2004 Edition,24.0x18.0 in,no dimension of its own; drawn to the same size as W7-3 on the sheet — check
W7-3bP,XX% GRADE XX MILES (PLAQUE),Warning Signs,XX_GRADE_XX_MILES_PLAQUE_W7-3bP.svg,2024 Edition,24.0x18.0 in,
W7-4,RUNAWAY TRUCK RAMP XX MILES,Warning Signs,RUNAWAY_TRUCK_RAMP_XX_MILES_W7-4.svg,2024 Edition,84.0x48.0 in,"size 84 in: smallest table row (no conventional-road marker, no earlier edition of this code) — check"
W7-4b,RUNAWAY TRUCK RAMP ENTRANCE DIRECTION,Warning Signs,RUNAWAY_TRUCK_RAMP_ENTRANCE_DIRECTION_W7-4b.svg,2024 Edition,84.0x54.0 in,"size 84 in: smallest table row (no conventional-road marker, no earlier edition of this code) — check"
W7-4c,TRUCK ESCAPE RAMP,Warning Signs,TRUCK_ESCAPE_RAMP_W7-4c.svg,2024 Edition,78.0x60.0 in,
W7-4d,TRUCK ESCAPE RAMP PLAQUE,Warning Signs,TRUCK_ESCAPE_RAMP_PLAQUE_W7-4d.svg,2004 Edition,24.0x12.0 in,no dimension of its own; drawn to the same size as W7-4e on the sheet — check
W7-4dP,SAND (PLAQUE),Warning Signs,SAND_PLAQUE_W7-4dP.svg,2024 Edition,24.0x12.0 in,
W7-4e,TRUCK ESCAPE RAMP PLAQUE,Warning Signs,TRUCK_ESCAPE_RAMP_PLAQUE_W7-4e.svg,2004 Edition,24.0x12.0 in,scale from the drawing's overall width dimension (24.0 in)
W7-4eP,GRAVEL (PLAQUE),Warning Signs,GRAVEL_PLAQUE_W7-4eP.svg,2024 Edition,24.0x12.0 in,
W7-4f,TRUCK ESCAPE RAMP PLAQUE,Warning Signs,TRUCK_ESCAPE_RAMP_PLAQUE_W7-4f.svg,2004 Edition,24.0x12.0 in,no dimension of its own; drawn to the same size as W7-4e on the sheet — check
W7-4fP,PAVED (PLAQUE),Warning Signs,PAVED_PLAQUE_W7-4fP.svg,2024 Edition,24.0x12.0 in,
W7-5,HILL (BICYCLE),Warning Signs,HILL_BICYCLE_W7-5.svg,2024 Edition,25.5x25.2 in,size 18 in: conventional-road row for W7-5 in the 2004/2012 sheets (2024 table has no marker)
W7-5a,HILL,Warning Signs,HILL_W7-5a.svg,2004 Edition,12.0x9.0 in,scale from the drawing's overall width dimension (12.0 in)
W7-6,HILL BLOCKS VIEW,Warning Signs,HILL_BLOCKS_VIEW_W7-6.svg,2024 Edition,42.4x42.0 in,size 30 in: conventional-road row for W7-6 in the 2004/2012 sheets (2024 table has no marker)
W8-1,BUMP,Warning Signs,BUMP_W8-1.svg,2024 Edition,42.4x42.0 in,size 30 in: conventional-road row for W8-1 in the 2004/2012 sheets (2024 table has no marker)
W8-10,BICYCLE SURFACE CONDITION,Warning Signs,BICYCLE_SURFACE_CONDITION_W8-10.svg,2024 Edition,25.5x25.2 in,size 18 in: conventional-road row for W8-10 in the 2004/2012 sheets (2024 table has no marker)
W8-10P,SLIPPERY WHEN WET (PLAQUE),Warning Signs,SLIPPERY_WHEN_WET_PLAQUE_W8-10P.svg,2024 Edition,12.0x9.0 in,
W8-10a,BICYCLE SLIPPERY WHEN WET PLAQUE,Warning Signs,BICYCLE_SLIPPERY_WHEN_WET_PLAQUE_W8-10a.svg,2004 Edition,18.0x13.5 in,size 18 in: conventional-road row for W8-10a in the 2004/2012 sheets (2024 table has no marker)
W8-11,UNEVEN LANES,Warning Signs,UNEVEN_LANES_W8-11.svg,2024 Edition,42.4x42.1 in,size 30 in: conventional-road row for W8-11 in the 2004/2012 sheets (2024 table has no marker)
W8-12,NO CENTER LINE,Warning Signs,NO_CENTER_LINE_W8-12.svg,2024 Edition,42.4x42.0 in,size 30 in: conventional-road row for W8-12 in the 2004/2012 sheets (2024 table has no marker)
W8-13,BRIDGE ICES BEFORE ROAD,Warning Signs,BRIDGE_ICES_BEFORE_ROAD_W8-13.svg,2024 Edition,33.9x33.7 in,"size 24 in: smallest table row (no conventional-road marker, no earlier edition of this code) — check"
W8-14,FALLEN ROCKS,Warning Signs,FALLEN_ROCKS_W8-14.svg,2024 Edition,33.9x33.7 in,"size 24 in: smallest table row (no conventional-road marker, no earlier edition of this code) — check"
W8-15,GROOVED PAVEMENT,Warning Signs,GROOVED_PAVEMENT_W8-15.svg,2024 Edition,33.9x33.6 in,"size 24 in: smallest table row (no conventional-road marker, no earlier edition of this code) — check"
W8-15P,MOTORCYCLE (PLAQUE),Warning Signs,MOTORCYCLE_PLAQUE_W8-15P.svg,2012 Supplement,24.0x18.0 in,"size 24 in: smallest table row (no conventional-road marker, no earlier edition of this code) — check"
W8-15aP,MOTORCYCLE (PLAQUE),Warning Signs,MOTORCYCLE_PLAQUE_W8-15aP.svg,2024 Edition,24.0x18.0 in,"size 24 in: smallest table row (no conventional-road marker, no earlier edition of this code) — check"
W8-16,METAL BRIDGE DECK,Warning Signs,METAL_BRIDGE_DECK_W8-16.svg,2024 Edition,33.9x33.6 in,"size 24 in: smallest table row (no conventional-road marker, no earlier edition of this code) — check"
W8-17L,SHOULDER DROP-OFF,Warning Signs,SHOULDER_DROP_OFF_W8-17L.svg,2024 Edition,42.4x42.0 in,size 30 in: no conventional-road marker in the table and no earlier edition of this code; 30 in diamond chosen — check
W8-17P,SHOULDER DROP-OFF (PLAQUE),Warning Signs,SHOULDER_DROP_OFF_PLAQUE_W8-17P.svg,2024 Edition,24.0x18.0 in,"size 24 in: smallest table row (no conventional-road marker, no earlier edition of this code) — check"
W8-17R,SHOULDER DROP-OFF,Warning Signs,SHOULDER_DROP_OFF_W8-17R.svg,2024 Edition,33.9x33.7 in,"size 24 in: smallest table row (no conventional-road marker, no earlier edition of this code) — check"
W8-18,ROAD MAY FLOOD,Warning Signs,ROAD_MAY_FLOOD_W8-18.svg,2024 Edition,33.9x33.7 in,"size 24 in: smallest table row (no conventional-road marker, no earlier edition of this code) — check"
W8-19,DEPTH GAUGE,Warning Signs,DEPTH_GAUGE_W8-19.svg,2024 Edition,12.0x71.7 in,
W8-2,DIP,Warning Signs,DIP_W8-2.svg,2024 Edition,42.4x42.0 in,size 30 in: conventional-road row for W8-2 in the 2004/2012 sheets (2024 table has no marker)
W8-21,GUSTY WINDS AREA,Warning Signs,GUSTY_WINDS_AREA_W8-21.svg,2024 Edition,33.9x33.7 in,"size 24 in: smallest table row (no conventional-road marker, no earlier edition of this code) — check"
W8-22,FOG AREA,Warning Signs,FOG_AREA_W8-22.svg,2024 Edition,33.9x33.7 in,"size 24 in: smallest table row (no conventional-road marker, no earlier edition of this code) — check"
W8-23,NO SHOULDER,Warning Signs,NO_SHOULDER_W8-23.svg,2024 Edition,33.9x33.7 in,"size 24 in: smallest table row (no conventional-road marker, no earlier edition of this code) — check"
W8-24,STEEL PLATE AHEAD,Warning Signs,STEEL_PLATE_AHEAD_W8-24.svg,2024 Edition,42.4x42.1 in,"size 30 in: smallest table row (no conventional-road marker, no earlier edition of this code) — check"
W8-25,SHOULDER ENDS,Warning Signs,SHOULDER_ENDS_W8-25.svg,2024 Edition,33.9x33.6 in,"size 24 in: smallest table row (no conventional-road marker, no earlier edition of this code) — check"
W8-26,ROAD ENDS ADVANCE,Warning Signs,ROAD_ENDS_ADVANCE_W8-26.svg,2024 Edition,42.4x42.1 in,"size 30 in: smallest table row (no conventional-road marker, no earlier edition of this code) — check"
W8-26a,STREET ENDS ADVANCE,Warning Signs,STREET_ENDS_ADVANCE_W8-26a.svg,2024 Edition,42.4x42.0 in,"size 30 in: smallest table row (no conventional-road marker, no earlier edition of this code) — check"
W8-3,PAVEMENT ENDS,Warning Signs,PAVEMENT_ENDS_W8-3.svg,2024 Edition,42.4x42.1 in,size 30 in: conventional-road row for W8-3 in the 2004/2012 sheets (2024 table has no marker)
W8-4,SOFT SHOULDER,Warning Signs,SOFT_SHOULDER_W8-4.svg,2024 Edition,33.9x33.7 in,size 24 in: conventional-road row for W8-4 in the 2004/2012 sheets (2024 table has no marker)
W8-5,SLIPPERY WHEN WET,Warning Signs,SLIPPERY_WHEN_WET_W8-5.svg,2024 Edition,42.4x42.1 in,size 30 in: conventional-road row for W8-5 in the 2004/2012 sheets (2024 table has no marker)
W8-5P,WHEN WET (PLAQUE),Warning Signs,WHEN_WET_PLAQUE_W8-5P.svg,2024 Edition,24.0x18.0 in,"size 24 in: smallest table row (no conventional-road marker, no earlier edition of this code) — check"
W8-5aP,ICE (PLAQUE),Warning Signs,ICE_PLAQUE_W8-5aP.svg,2024 Edition,24.0x12.0 in,"size 24 in: smallest table row (no conventional-road marker, no earlier edition of this code) — check"
W8-5bP,STEEL DECK (PLAQUE),Warning Signs,STEEL_DECK_PLAQUE_W8-5bP.svg,2024 Edition,24.0x18.0 in,"size 24 in: smallest table row (no conventional-road marker, no earlier edition of this code) — check"
W8-5cP,EXCESS OIL (PLAQUE),Warning Signs,EXCESS_OIL_PLAQUE_W8-5cP.svg,2024 Edition,24.0x18.0 in,"size 24 in: smallest table row (no conventional-road marker, no earlier edition of this code) — check"
W8-6,TRUCK CROSSING,Warning Signs,TRUCK_CROSSING_W8-6.svg,2024 Edition,42.4x42.1 in,size 30 in: conventional-road row for W8-6 in the 2004/2012 sheets (2024 table has no marker)
W8-7,LOOSE GRAVEL,Warning Signs,LOOSE_GRAVEL_W8-7.svg,2024 Edition,42.4x42.1 in,size 30 in: conventional-road row for W8-7 in the 2004/2012 sheets (2024 table has no marker)
W8-8,ROUGH ROAD,Warning Signs,ROUGH_ROAD_W8-8.svg,2024 Edition,42.4x42.4 in,size 30 in: conventional-road row for W8-8 in the 2004/2012 sheets (2024 table has no marker)
W8-9,LOW SHOULDER,Warning Signs,LOW_SHOULDER_W8-9.svg,2024 Edition,33.9x33.7 in,"size 24 in: smallest table row (no conventional-road marker, no earlier edition of this code) — check"
W8-9a,SHOULDER DROP OFF,Warning Signs,SHOULDER_DROP_OFF_W8-9a.svg,2004 Edition,42.4x42.4 in,
W9-1,RIGHT (LEFT) LANE ENDS,Warning Signs,RIGHT_LEFT_LANE_ENDS_W9-1.svg,2004 Edition,42.4x42.4 in,
W9-1L,LEFT LANE ENDS,Warning Signs,LEFT_LANE_ENDS_W9-1L.svg,2024 Edition,42.4x42.0 in,size 30 in: conventional-road row for W9-1 in the 2004/2012 sheets (2024 table has no marker)
W9-1R,RIGHT LANE ENDS,Warning Signs,RIGHT_LANE_ENDS_W9-1R.svg,2024 Edition,42.4x42.1 in,size 30 in: conventional-road row for W9-1 in the 2004/2012 sheets (2024 table has no marker)
W9-2R,LANE ENDS MERGE LEFT (RIGHT),Warning Signs,LANE_ENDS_MERGE_LEFT_RIGHT_LEFT_E_ERGE_W9-2R.svg,2004 Edition,42.4x42.4 in,
W9-2a,MERGE HERE TAKE TURNS,Warning Signs,MERGE_HERE_TAKE_TURNS_W9-2a.svg,2024 Edition,36.0x48.0 in,
W9-3,INTERIOR LANE SHIFT AHEAD,Warning Signs,INTERIOR_LANE_SHIFT_AHEAD_W9-3.svg,2024 Edition,50.9x50.5 in,size 36 in: conventional-road row for W9-3 in the 2004/2012 sheets (2024 table has no marker)
W9-3L,CENTER (RIGHT) (LEFT) LANE CLOSED AHEAD,Warning Signs,CENTER_RIGHT_LEFT_LANE_CLOSED_AHEAD_W9-3L.svg,2004 Edition,50.9x50.9 in,
W9-3R,CENTER (RIGHT) (LEFT) LANE CLOSED AHEAD,Warning Signs,CENTER_RIGHT_LEFT_LANE_CLOSED_AHEAD_W9-3R.svg,2004 Edition,50.9x50.9 in,
W9-3a,CENTER LANE CLOSED,Warning Signs,CENTER_LANE_CLOSED_W9-3a.svg,2004 Edition,50.9x50.9 in,
W9-4,LANES MERGE,Warning Signs,LANES_MERGE_W9-4.svg,2024 Edition,42.4x42.1 in,"size 30 in: smallest table row (no conventional-road marker, no earlier edition of this code) — check"
W9-5,BICYCLE LANE ENDS,Warning Signs,BICYCLE_LANE_ENDS_W9-5.svg,2024 Edition,42.4x42.1 in,"size 30 in: smallest table row (no conventional-road marker, no earlier edition of this code) — check"
W9-5a,BICYCLES MERGING,Warning Signs,BICYCLES_MERGING_W9-5a.svg,2024 Edition,25.5x25.2 in,"size 18 in: smallest table row (no conventional-road marker, no earlier edition of this code) — check"
W9-6,PAY TOLL XX MILES CARS (PRICE),Warning Signs,PAY_TOLL_XX_MILES_CARS_PRICE_W9-6.svg,2024 Edition,96.0x66.0 in,
W9-6P,PAY TOLL ADVANCE (PLAQUE),Warning Signs,PAY_TOLL_ADVANCE_PLAQUE_W9-6P.svg,2012 Supplement,15.0x1.4 in,scale from the drawing's overall width dimension (15.0 in)
W9-6a,STOP AHEAD PAY TOLL CARS (PRICE),Warning Signs,STOP_AHEAD_PAY_TOLL_CARS_PRICE_W9-6a.svg,2024 Edition,114.0x66.1 in,
W9-6aP,STOP AHEAD PAY TOLL (PLAQUE),Warning Signs,STOP_AHEAD_PAY_TOLL_PLAQUE_W9-6aP.svg,2012 Supplement,264.0x30.0 in,scale from the drawing's overall height dimension (30.0 in)
W9-6bP,PAY TOLL XX MILES CARS (PRICE) (PLAQUE),Warning Signs,PAY_TOLL_XX_MILES_CARS_PRICE_PLAQUE_W9-6bP.svg,2024 Edition,312.0x30.2 in,
W9-6cP,STOP AHEAD PAY TOLL (PLAQUE),Warning Signs,STOP_AHEAD_PAY_TOLL_PLAQUE_W9-6cP.svg,2024 Edition,264.0x30.2 in,
W9-6dP,STOP AHEAD PAY TOLL (PLAQUE),Warning Signs,STOP_AHEAD_PAY_TOLL_PLAQUE_W9-6dP.svg,2024 Edition,114.0x48.1 in,
W9-6e,TAKE TICKET XX MILES,Warning Signs,TAKE_TICKET_XX_MILES_W9-6e.svg,2024 Edition,114.0x48.1 in,
W9-6f,STOP AHEAD TAKE TICKET,Warning Signs,STOP_AHEAD_TAKE_TICKET_W9-6f.svg,2024 Edition,114.0x48.1 in,
W9-6gP,TAKE TICKET XX MILES (PLAQUE),Warning Signs,TAKE_TICKET_XX_MILES_PLAQUE_W9-6gP.svg,2024 Edition,216.0x30.2 in,
W9-6hP,STOP AHEAD TAKE TICKET (PLAQUE),Warning Signs,STOP_AHEAD_TAKE_TICKET_PLAQUE_W9-6hP.svg,2024 Edition,282.0x30.3 in,
W9-7L,LEFT LANE FOR EXIT ONLY,Warning Signs,LEFT_LANE_FOR_EXIT_ONLY_W9-7L.svg,2024 Edition,132.0x72.1 in,
W9-7R,RIGHT LANE FOR EXIT ONLY,Warning Signs,RIGHT_LANE_FOR_EXIT_ONLY_W9-7R.svg,2024 Edition,132.0x72.1 in,
