code,name,family,file,size,diagram,notes
513.1,Adverse camber on a bend or roundabout,Warning Signs,ADVERSE_CAMBER_ON_A_BEND_OR_ROUNDABOUT_513.1.svg,1768x1048 mm,513.1,"no working drawing for this diagram; artwork kept at 1 pt = 10 mm (proportions exact, size nominal)"
512L,Bend ahead to the left,Warning Signs,BEND_AHEAD_TO_THE_LEFT_512L.svg,600x527 mm,512.0,600 mm (working drawing p512; alternatives 750/900/1200/1500)
512,Bend ahead to the right,Warning Signs,BEND_AHEAD_TO_THE_RIGHT_512.svg,600x527 mm,512.0,600 mm (working drawing p512; alternatives 750/900/1200/1500); also in DfT category Speed limit signs
504.1,Crossroads ahead,Warning Signs,CROSSROADS_AHEAD_504.1.svg,600x527 mm,504.1,600 mm (working drawing p504x1; alternatives 750/900/1200/1500)
504.1R,Crossroads ahead,Warning Signs,CROSSROADS_AHEAD_504.1R.svg,600x527 mm,504.1,600 mm (working drawing p504x1; alternatives 750/900/1200/1500)
504.1L,Crossroads ahead,Warning Signs,CROSSROADS_AHEAD_504.1L.svg,600x527 mm,504.1,600 mm (working drawing p504x1; alternatives 750/900/1200/1500)
513,"Double bend or series of bends ahead, first to the left",Warning Signs,DOUBLE_BEND_OR_SERIES_OF_BENDS_AHEAD_FIRST_TO_THE_LEFT_513.svg,600x527 mm,513.0,600 mm (working drawing p513; alternatives 750/900/1200/1500)
513R,"Double bend or series of bends ahead, first to the right",Warning Signs,DOUBLE_BEND_OR_SERIES_OF_BENDS_AHEAD_FIRST_TO_THE_RIGHT_513R.svg,600x527 mm,513.0,600 mm (working drawing p513; alternatives 750/900/1200/1500)
501,Junction ahead controlled by a STOP or GIVE WAY sign,Warning Signs,JUNCTION_AHEAD_CONTROLLED_BY_A_STOP_OR_GIVE_WAY_SIGN_501.svg,600x527 mm,501.0,600 mm (working drawing p501; alternatives 750/900/1200)
503,50 yards to junction ahead controlled by a GIVE WAY sign,Warning Signs,50_YARDS_TO_JUNCTION_AHEAD_CONTROLLED_BY_A_GIVE_WAY_SIGN_503.svg,2228x1146 mm,503.0,"no working drawing for this diagram; artwork kept at 1 pt = 10 mm (proportions exact, size nominal)"
512.2L,Junction on left bend ahead,Warning Signs,JUNCTION_ON_LEFT_BEND_AHEAD_512.2L.svg,600x527 mm,512.2,600 mm (working drawing p512x2; alternatives 750/900/1200/1500)
512.1,Junction on right bend ahead,Warning Signs,JUNCTION_ON_RIGHT_BEND_AHEAD_512.1.svg,600x527 mm,512.1,600 mm (working drawing p512x1; alternatives 750/900/1200/1500)
512.1L,Junction on left bend ahead,Warning Signs,JUNCTION_ON_LEFT_BEND_AHEAD_512.1L.svg,600x527 mm,512.1,600 mm (working drawing p512x1; alternatives 750/900/1200/1500)
512.2,Junction on right bend ahead,Warning Signs,JUNCTION_ON_RIGHT_BEND_AHEAD_512.2.svg,600x527 mm,512.2,600 mm (working drawing p512x2; alternatives 750/900/1200/1500)
543.1,Traffic signals ahead that only operate at certain times,Warning Signs,TRAFFIC_SIGNALS_AHEAD_THAT_ONLY_OPERATE_AT_CERTAIN_TIMES_543.1.svg,2000x1049 mm,543.1,"working drawing p543x1 is dimensioned in x-heights: no absolute size; artwork kept at 1 pt = 10 mm (proportions exact, size nominal)"
510,Roundabout,Warning Signs,ROUNDABOUT_510.svg,600x527 mm,510.0,600 mm (working drawing p510; alternatives 750/900/1200/1500)
506.1,Side road ahead (right),Warning Signs,SIDE_ROAD_AHEAD_RIGHT_506.1.svg,600x527 mm,506.1,600 mm (working drawing p506x1; alternatives 750/900/1200/1500)
506.1L,Side road ahead (left),Warning Signs,SIDE_ROAD_AHEAD_LEFT_506.1L.svg,600x527 mm,506.1,600 mm (working drawing p506x1; alternatives 750/900/1200/1500)
506.1LL,Side road ahead (left),Warning Signs,SIDE_ROAD_AHEAD_LEFT_506.1LL.svg,600x527 mm,506.1,600 mm (working drawing p506x1; alternatives 750/900/1200/1500)
506.1RR,Side road ahead (right),Warning Signs,SIDE_ROAD_AHEAD_RIGHT_506.1RR.svg,600x527 mm,506.1,600 mm (working drawing p506x1; alternatives 750/900/1200/1500)
507.1,Staggered junction ahead (left/right),Warning Signs,STAGGERED_JUNCTION_AHEAD_LEFT_RIGHT_507.1.svg,600x527 mm,507.1,600 mm (working drawing p507x1; alternatives 750/900/1200/1500)
506.1RLL,Staggered junction ahead (right/left),Warning Signs,STAGGERED_JUNCTION_AHEAD_RIGHT_LEFT_506.1RLL.svg,600x527 mm,507.1,600 mm (working drawing p507x1; alternatives 750/900/1200/1500); DfT file is named 507.rll.eps
506.1LRR,Staggered junction ahead (left/right),Warning Signs,STAGGERED_JUNCTION_AHEAD_LEFT_RIGHT_506.1LRR.svg,600x527 mm,507.1,600 mm (working drawing p507x1; alternatives 750/900/1200/1500); DfT file is named 507.1lrr.eps
506.1RL,Staggered junction ahead (right/left),Warning Signs,STAGGERED_JUNCTION_AHEAD_RIGHT_LEFT_506.1RL.svg,600x527 mm,507.1,600 mm (working drawing p507x1; alternatives 750/900/1200/1500); DfT file is named 507.1rl.eps
502,100 yards to a junction ahead controlled by a STOP sign,Warning Signs,100_YARDS_TO_A_JUNCTION_AHEAD_CONTROLLED_BY_A_STOP_SIGN_502.svg,1712x1146 mm,502.0,"no working drawing for this diagram; artwork kept at 1 pt = 10 mm (proportions exact, size nominal)"
505.1,T-junction ahead (left),Warning Signs,T_JUNCTION_AHEAD_LEFT_505.1.svg,600x527 mm,505.1,600 mm (working drawing p505x1; alternatives 750/900/1200/1500)
505.1R,T-junction ahead (right),Warning Signs,T_JUNCTION_AHEAD_RIGHT_505.1R.svg,600x527 mm,505.1,600 mm (working drawing p505x1; alternatives 750/900/1200/1500)
508.1,Traffic merges ahead from the left,Warning Signs,TRAFFIC_MERGES_AHEAD_FROM_THE_LEFT_508.1.svg,600x530 mm,508.1,600 mm (working drawing p508x1; alternatives 750/900/1200/1500)
509.1,Traffic merges ahead onto main carriageway from the left,Warning Signs,TRAFFIC_MERGES_AHEAD_ONTO_MAIN_CARRIAGEWAY_FROM_THE_LEFT_509.1.svg,600x530 mm,509.1,600 mm (working drawing p509x1; alternatives 750/900/1200/1500)
543,Traffic signals ahead,Warning Signs,,,543.0,"raster artwork (Photoshop EPS), no vector paths"
520,Dual carriageway ends ahead,Warning Signs,DUAL_CARRIAGEWAY_ENDS_AHEAD_520.svg,600x527 mm,520.0,600 mm (working drawing p520; alternatives 750/900/1200/1500)
575,Large vehicles likely to be in middle of road because of narrowness of carriageway,Warning Signs,LARGE_VEHICLES_LIKELY_TO_BE_IN_MIDDLE_OF_ROAD_BECAUSE_OF_NARROWNESS_OF_575.svg,4224x3539 mm,575.0,"no working drawing for this diagram; artwork kept at 1 pt = 10 mm (proportions exact, size nominal)"
511,Reduction in speed necessary for a change in road layout ahead,Warning Signs,REDUCTION_IN_SPEED_NECESSARY_FOR_A_CHANGE_IN_ROAD_LAYOUT_AHEAD_511.svg,150x109 mm,511.0,150 mm (working drawing p511; alternatives 200); 1 stroked path(s) outlined with Inkscape
517L,Road narrows on left ahead,Warning Signs,ROAD_NARROWS_ON_LEFT_AHEAD_517L.svg,600x527 mm,517.0,600 mm (working drawing p517; alternatives 750/900/1200/1500); also in DfT category Traffic calming
516,Road narrows on both sides ahead,Warning Signs,ROAD_NARROWS_ON_BOTH_SIDES_AHEAD_516.svg,600x527 mm,516.0,600 mm (working drawing p516; alternatives 750/900/1200/1500); also in DfT category Traffic calming
517,Road narrows on right ahead,Warning Signs,ROAD_NARROWS_ON_RIGHT_AHEAD_517.svg,600x527 mm,517.0,600 mm (working drawing p517; alternatives 750/900/1200/1500); also in DfT category Traffic calming
518,Convergence of traffic to a single file in each direction,Warning Signs,CONVERGENCE_OF_TRAFFIC_TO_A_SINGLE_FILE_IN_EACH_DIRECTION_518.svg,2149x1041 mm,518.0,"no working drawing for this diagram; artwork kept at 1 pt = 10 mm (proportions exact, size nominal)"
519,Road only wide enough for one line of vehicles,Warning Signs,ROAD_ONLY_WIDE_ENOUGH_FOR_ONE_LINE_OF_VEHICLES_519.svg,2498x1041 mm,519.0,"no working drawing for this diagram; artwork kept at 1 pt = 10 mm (proportions exact, size nominal)"
521,Two-way traffic,Warning Signs,TWO_WAY_TRAFFIC_521.svg,600x527 mm,521.0,600 mm (working drawing p521; alternatives 750/900/1200)
522,Two-way traffic on route crossing ahead,Warning Signs,TWO_WAY_TRAFFIC_ON_ROUTE_CROSSING_AHEAD_522.svg,600x527 mm,522.0,600 mm (working drawing p522; alternatives 750/900/1200)
573,Distance and direction to hazard,Warning Signs,DISTANCE_AND_DIRECTION_TO_HAZARD_573.svg,3935x2618 mm,573.0,"no working drawing for this diagram; artwork kept at 1 pt = 10 mm (proportions exact, size nominal)"
572,400 yards ahead to hazard,Warning Signs,400_YARDS_AHEAD_TO_HAZARD_572.svg,4070x1538 mm,572.0,"working drawing p572 is dimensioned in x-heights: no absolute size; artwork kept at 1 pt = 10 mm (proportions exact, size nominal); also in DfT category Road works and temporary"
817.2LL,Direction to escape lane to the left for vehicles unable to stop on a steep hill,Warning Signs,DIRECTION_TO_ESCAPE_LANE_TO_THE_LEFT_FOR_VEHICLES_UNABLE_TO_STOP_ON_A__817.2LL.svg,1230x1740 mm,817.2,"working drawing p817x2 is dimensioned in x-heights: no absolute size; artwork kept at 1 pt = 10 mm (proportions exact, size nominal); 1 stroked path(s) outlined with Inkscape"
817.2LA,Direction to escape lane ahead for vehicles unable to stop on a steep hill,Warning Signs,DIRECTION_TO_ESCAPE_LANE_AHEAD_FOR_VEHICLES_UNABLE_TO_STOP_ON_A_STEEP__817.2LA.svg,1230x1740 mm,817.2,"working drawing p817x2 is dimensioned in x-heights: no absolute size; artwork kept at 1 pt = 10 mm (proportions exact, size nominal); 1 stroked path(s) outlined with Inkscape"
817.2LYD200,200 yards to escape lane to the left for vehicles unable to stop on a steep hill,Warning Signs,200_YARDS_TO_ESCAPE_LANE_TO_THE_LEFT_FOR_VEHICLES_UNABLE_TO_STOP_ON_A__817.2LYD200.svg,1230x1740 mm,817.2,"working drawing p817x2 is dimensioned in x-heights: no absolute size; artwork kept at 1 pt = 10 mm (proportions exact, size nominal); 1 stroked path(s) outlined with Inkscape"
817.2YD200,200 yards to escape lane ahead for vehicles unable to stop on a steep hill,Warning Signs,200_YARDS_TO_ESCAPE_LANE_AHEAD_FOR_VEHICLES_UNABLE_TO_STOP_ON_A_STEEP__817.2YD200.svg,1230x1740 mm,817.2,"working drawing p817x2 is dimensioned in x-heights: no absolute size; artwork kept at 1 pt = 10 mm (proportions exact, size nominal); 1 stroked path(s) outlined with Inkscape"
817.2,Escape lane ahead for vehicles unable to stop on a steep hill,Warning Signs,ESCAPE_LANE_AHEAD_FOR_VEHICLES_UNABLE_TO_STOP_ON_A_STEEP_HILL_817.2.svg,1230x1740 mm,817.2,"working drawing p817x2 is dimensioned in x-heights: no absolute size; artwork kept at 1 pt = 10 mm (proportions exact, size nominal); 1 stroked path(s) outlined with Inkscape"
817.2L,Escape lane to left for vehicles unable to stop on a steep hill,Warning Signs,ESCAPE_LANE_TO_LEFT_FOR_VEHICLES_UNABLE_TO_STOP_ON_A_STEEP_HILL_817.2L.svg,1230x1740 mm,817.2,"working drawing p817x2 is dimensioned in x-heights: no absolute size; artwork kept at 1 pt = 10 mm (proportions exact, size nominal); 1 stroked path(s) outlined with Inkscape"
554F,Flood warning sign,Warning Signs,FLOOD_WARNING_SIGN_554F.svg,2337x2053 mm,554.0,"working drawing p554 is dimensioned in x-heights: no absolute size; artwork kept at 1 pt = 10 mm (proportions exact, size nominal)"
570,Hazard or prohibition extends for 2 miles,Warning Signs,HAZARD_OR_PROHIBITION_EXTENDS_FOR_2_MILES_570.svg,3651x2358 mm,570.0,"no working drawing for this diagram; artwork kept at 1 pt = 10 mm (proportions exact, size nominal); also in DfT category On-street parking"
554,Ford warning sign,Warning Signs,FORD_WARNING_SIGN_554.svg,3515x3088 mm,554.0,"working drawing p554 is dimensioned in x-heights: no absolute size; artwork kept at 1 pt = 10 mm (proportions exact, size nominal)"
554G,Gate warning sign,Warning Signs,GATE_WARNING_SIGN_554G.svg,2337x2053 mm,554.0,"working drawing p554 is dimensioned in x-heights: no absolute size; artwork kept at 1 pt = 10 mm (proportions exact, size nominal)"
528,Hump bridge ahead,Warning Signs,HUMP_BRIDGE_AHEAD_528.svg,600x527 mm,528.0,600 mm (working drawing p528; alternatives 750/900/1200)
526,Drivers should keep in low gear for steep hill or tight bend,Warning Signs,DRIVERS_SHOULD_KEEP_IN_LOW_GEAR_FOR_STEEP_HILL_OR_TIGHT_BEND_526.svg,1867x1048 mm,526.0,"no working drawing for this diagram; artwork kept at 1 pt = 10 mm (proportions exact, size nominal)"
527,Drivers should keep in low gear for 1.5 miles,Warning Signs,DRIVERS_SHOULD_KEEP_IN_LOW_GEAR_FOR_1_5_MILES_527.svg,2417x1048 mm,527.0,"no working drawing for this diagram; artwork kept at 1 pt = 10 mm (proportions exact, size nominal)"
525,Drivers should engage low gear for steep hill,Warning Signs,DRIVERS_SHOULD_ENGAGE_LOW_GEAR_FOR_STEEP_HILL_525.svg,1968x1048 mm,525.0,"no working drawing for this diagram; artwork kept at 1 pt = 10 mm (proportions exact, size nominal)"
554N,No smoking warning,Warning Signs,NO_SMOKING_WARNING_554N.svg,2331x2048 mm,554.0,"working drawing p554 is dimensioned in x-heights: no absolute size; artwork kept at 1 pt = 10 mm (proportions exact, size nominal)"
529,Opening or swing bridge ahead,Warning Signs,OPENING_OR_SWING_BRIDGE_AHEAD_529.svg,600x527 mm,529.0,600 mm (working drawing p529; alternatives 750/900/1200/1500)
555,Quayside or river bank ahead,Warning Signs,QUAYSIDE_OR_RIVER_BANK_AHEAD_555.svg,600x527 mm,555.0,600 mm (working drawing p555; alternatives 750/900/1200)
581,Side winds likely ahead,Warning Signs,SIDE_WINDS_LIKELY_AHEAD_581.svg,600x527 mm,581.0,600 mm (working drawing p581; alternatives 750/900/1200/1500)
557,Slippery road ahead,Warning Signs,SLIPPERY_ROAD_AHEAD_557.svg,600x527 mm,557.0,600 mm (working drawing p557; alternatives 750/900/1200/1500)
556.2,Soft verges for 2 miles,Warning Signs,SOFT_VERGES_FOR_2_MILES_556.2.svg,4461x1959 mm,556.2,"no working drawing for this diagram; artwork kept at 1 pt = 10 mm (proportions exact, size nominal)"
556.1,Soft verges ahead,Warning Signs,SOFT_VERGES_AHEAD_556.1.svg,600x527 mm,556.1,600 mm (working drawing p556x1; alternatives 750/900/1200/1500)
523.1,Steep hill downwards ahead (10%),Warning Signs,STEEP_HILL_DOWNWARDS_AHEAD_10_523.1.svg,1936x1701 mm,523.1,"working drawing p523x1 is dimensioned in x-heights: no absolute size; artwork kept at 1 pt = 10 mm (proportions exact, size nominal)"
524.1,Steep hill upwards ahead (20%),Warning Signs,STEEP_HILL_UPWARDS_AHEAD_20_524.1.svg,600x527 mm,524.1,600 mm (working drawing p524x1; alternatives 750/900/1200/1500)
554.1,Risk of brake failure after crossing a ford or before descending a steep gradient,Warning Signs,RISK_OF_BRAKE_FAILURE_AFTER_CROSSING_A_FORD_OR_BEFORE_DESCENDING_A_STE_554.1.svg,600x527 mm,554.1,600 mm (working drawing p554x1; alternatives 750/900/1200/1500/100/125)
529.1,Tunnel ahead,Warning Signs,TUNNEL_AHEAD_529.1.svg,600x527 mm,529.1,600 mm (working drawing p529x1; alternatives 750/900/1200/1500)
556,Uneven road ahead,Warning Signs,UNEVEN_ROAD_AHEAD_556.svg,600x527 mm,556.0,600 mm (working drawing p556; alternatives 750/900/1200/1500)
555.1,Water course alongside road ahead,Warning Signs,WATER_COURSE_ALONGSIDE_ROAD_AHEAD_555.1.svg,600x530 mm,555.1,600 mm (working drawing p555x1; alternatives 750/900/1200)
563V2,Blasting danger ahead,Warning Signs,BLASTING_DANGER_AHEAD_563V2.svg,4551x1708 mm,563.0,"no working drawing for this diagram; artwork kept at 1 pt = 10 mm (proportions exact, size nominal)"
547.4B,Blind pedestrians likely to cross road ahead,Warning Signs,BLIND_PEDESTRIANS_LIKELY_TO_CROSS_ROAD_AHEAD_547.4B.svg,3991x2640 mm,547.4,"no working drawing for this diagram; artwork kept at 1 pt = 10 mm (proportions exact, size nominal)"
563V3,Blind summit ahead,Warning Signs,BLIND_SUMMIT_AHEAD_563V3.svg,4109x2629 mm,563.0,"no working drawing for this diagram; artwork kept at 1 pt = 10 mm (proportions exact, size nominal)"
547.4,Disabled pedestrians likely to cross road ahead,Warning Signs,DISABLED_PEDESTRIANS_LIKELY_TO_CROSS_ROAD_AHEAD_547.4.svg,4384x2640 mm,547.4,"no working drawing for this diagram; artwork kept at 1 pt = 10 mm (proportions exact, size nominal)"
563V5,Dust cloud danger ahead,Warning Signs,DUST_CLOUD_DANGER_AHEAD_563V5.svg,3258x2620 mm,563.0,"no working drawing for this diagram; artwork kept at 1 pt = 10 mm (proportions exact, size nominal)"
562,Other danger ahead. Plate beneath indicates the nature of the hazard,Warning Signs,OTHER_DANGER_AHEAD_PLATE_BENEATH_INDICATES_THE_NATURE_OF_THE_HAZARD_562.svg,600x527 mm,562.0,600 mm (working drawing p562; alternatives 750/900/1200/1500); also in DfT category Miscellaneous
563V6,Fallen tree ahead,Warning Signs,FALLEN_TREE_AHEAD_563V6.svg,3573x2633 mm,563.0,"no working drawing for this diagram; artwork kept at 1 pt = 10 mm (proportions exact, size nominal)"
563.1,Warning of light signals in the vicinity of a fire station,Warning Signs,WARNING_OF_LIGHT_SIGNALS_IN_THE_VICINITY_OF_A_FIRE_STATION_563.1.svg,1874x2733 mm,563.1,"working drawing p563x1 is dimensioned in x-heights: no absolute size; artwork kept at 1 pt = 10 mm (proportions exact, size nominal)"
544.2,Frail or disabled pedestrians likely to cross road ahead,Warning Signs,FRAIL_OR_DISABLED_PEDESTRIANS_LIKELY_TO_CROSS_ROAD_AHEAD_544.2.svg,600x527 mm,544.2,600 mm (working drawing p544x2; alternatives 750/900/1200)
563V8,Frost damage ahead,Warning Signs,FROST_DAMAGE_AHEAD_563V8.svg,4318x2613 mm,563.0,"no working drawing for this diagram; artwork kept at 1 pt = 10 mm (proportions exact, size nominal)"
558.2,Gliders likely ahead,Warning Signs,GLIDERS_LIKELY_AHEAD_558.2.svg,4020x1697 mm,558.2,"no working drawing for this diagram; artwork kept at 1 pt = 10 mm (proportions exact, size nominal)"
563V9,Hidden dip ahead,Warning Signs,HIDDEN_DIP_AHEAD_563V9.svg,4031x2622 mm,563.0,"no working drawing for this diagram; artwork kept at 1 pt = 10 mm (proportions exact, size nominal)"
554.3,Ice ahead,Warning Signs,ICE_AHEAD_554.3.svg,2236x1698 mm,554.3,"no working drawing for this diagram; artwork kept at 1 pt = 10 mm (proportions exact, size nominal)"
554.2,Risk of ice or packed snow ahead,Warning Signs,RISK_OF_ICE_OR_PACKED_SNOW_AHEAD_554.2.svg,600x527 mm,554.2,600 mm (working drawing p554x2; alternatives 750/900/1200/1500)
558,Low flying aircraft or sudden aircraft noise likely ahead,Warning Signs,LOW_FLYING_AIRCRAFT_OR_SUDDEN_AIRCRAFT_NOISE_LIKELY_AHEAD_558.svg,600x527 mm,558.0,600 mm (working drawing p558; alternatives 750/900/1200/1500)
558.1,Low flying helicopters or sudden helicopter noise likely ahead,Warning Signs,LOW_FLYING_HELICOPTERS_OR_SUDDEN_HELICOPTER_NOISE_LIKELY_AHEAD_558.1.svg,600x527 mm,558.1,600 mm (working drawing p558x1; alternatives 750/900/1200/1500)
582,Slow moving military vehicles likely to be crossing or in the road,Warning Signs,SLOW_MOVING_MILITARY_VEHICLES_LIKELY_TO_BE_CROSSING_OR_IN_THE_ROAD_582.svg,600x527 mm,582.0,600 mm (working drawing p582; alternatives 750/900/1200/1500)
547.3,No footway for 400 yards,Warning Signs,NO_FOOTWAY_FOR_400_YARDS_547.3.svg,6121x2620 mm,547.3,"no working drawing for this diagram; artwork kept at 1 pt = 10 mm (proportions exact, size nominal)"
563V10,Overhead cable repairs ahead,Warning Signs,OVERHEAD_CABLE_REPAIRS_AHEAD_563V10.svg,5060x3522 mm,563.0,"no working drawing for this diagram; artwork kept at 1 pt = 10 mm (proportions exact, size nominal)"
544.1,Pedestrians in road ahead,Warning Signs,PEDESTRIANS_IN_ROAD_AHEAD_544.1.svg,600x527 mm,544.1,600 mm (working drawing p544x1; alternatives 750/900/1200)
584.1,Traffic queues likely on road ahead,Warning Signs,TRAFFIC_QUEUES_LIKELY_ON_ROAD_AHEAD_584.1.svg,1640x1020 mm,584.1,"no working drawing for this diagram; artwork kept at 1 pt = 10 mm (proportions exact, size nominal); 1 stroked path(s) outlined with Inkscape"
584,Traffic queues likely on road ahead,Warning Signs,TRAFFIC_QUEUES_LIKELY_ON_ROAD_AHEAD_584.svg,1925x1701 mm,584.0,"no working drawing for this diagram; artwork kept at 1 pt = 10 mm (proportions exact, size nominal)"
559,Risk of falling or fallen rocks ahead,Warning Signs,RISK_OF_FALLING_OR_FALLEN_ROCKS_AHEAD_559.svg,600x527 mm,559.0,600 mm (working drawing p559; alternatives 750/900/1200/1500)
563V12,Road liable to flooding ahead,Warning Signs,ROAD_LIABLE_TO_FLOODING_AHEAD_563V12.svg,4491x3529 mm,563.0,"no working drawing for this diagram; artwork kept at 1 pt = 10 mm (proportions exact, size nominal)"
583.1,Distance over which slow moving vehicles likely to be encountered ahead,Warning Signs,DISTANCE_OVER_WHICH_SLOW_MOVING_VEHICLES_LIKELY_TO_BE_ENCOUNTERED_AHEA_583.1.svg,5543x2350 mm,583.1,"no working drawing for this diagram; artwork kept at 1 pt = 10 mm (proportions exact, size nominal)"
583,Slow moving vehicles likely on incline ahead,Warning Signs,SLOW_MOVING_VEHICLES_LIKELY_ON_INCLINE_AHEAD_583.svg,600x527 mm,583.0,600 mm (working drawing p583; alternatives 750/900/1200/1500)
563V14,Smoke danger ahead,Warning Signs,SMOKE_DANGER_AHEAD_563V14.svg,3874x1708 mm,563.0,"no working drawing for this diagram; artwork kept at 1 pt = 10 mm (proportions exact, size nominal)"
554.3A,Snowdrifts ahead,Warning Signs,SNOWDRIFTS_AHEAD_554.3A.svg,3358x2620 mm,554.3,"no working drawing for this diagram; artwork kept at 1 pt = 10 mm (proportions exact, size nominal)"
544,Zebra crossing ahead,Warning Signs,ZEBRA_CROSSING_AHEAD_544.svg,600x527 mm,544.0,600 mm (working drawing p544; alternatives 750/900); also in DfT category Traffic calming
550.1,Accompanied horses or ponies likely to be in or crossing road ahead,Warning Signs,ACCOMPANIED_HORSES_OR_PONIES_LIKELY_TO_BE_IN_OR_CROSSING_ROAD_AHEAD_550.1.svg,600x527 mm,550.1,600 mm (working drawing p550x1; alternatives 750/900/1200/1500)
574,Area infected by animal disease ahead,Warning Signs,AREA_INFECTED_BY_ANIMAL_DISEASE_AHEAD_574.svg,5636x3357 mm,574.0,"no working drawing for this diagram; artwork kept at 1 pt = 10 mm (proportions exact, size nominal); 1 stroked path(s) outlined with Inkscape"
547.7VB,Blind children likely to cross road ahead,Warning Signs,BLIND_CHILDREN_LIKELY_TO_CROSS_ROAD_AHEAD_547.7VB.svg,4718x2610 mm,547.7,"no working drawing for this diagram; artwork kept at 1 pt = 10 mm (proportions exact, size nominal)"
545,Children going to or from school or playground ahead,Warning Signs,CHILDREN_GOING_TO_OR_FROM_SCHOOL_OR_PLAYGROUND_AHEAD_545.svg,600x527 mm,545.0,600 mm (working drawing p545; alternatives 750/900/1200)
547.7VD,Deaf children likely to cross road ahead,Warning Signs,DEAF_CHILDREN_LIKELY_TO_CROSS_ROAD_AHEAD_547.7VD.svg,4718x2610 mm,547.7,"no working drawing for this diagram; artwork kept at 1 pt = 10 mm (proportions exact, size nominal)"
547.7,Disabled children likely to cross road ahead,Warning Signs,DISABLED_CHILDREN_LIKELY_TO_CROSS_ROAD_AHEAD_547.7.svg,4718x2610 mm,547.7,"no working drawing for this diagram; artwork kept at 1 pt = 10 mm (proportions exact, size nominal)"
553.2,Agricultural vehicles likely to be in road ahead,Warning Signs,AGRICULTURAL_VEHICLES_LIKELY_TO_BE_IN_ROAD_AHEAD_553.2.svg,6167x1698 mm,553.2,"no working drawing for this diagram; artwork kept at 1 pt = 10 mm (proportions exact, size nominal)"
550.2,Horse drawn vehicles likely to be in road ahead,Warning Signs,HORSE_DRAWN_VEHICLES_LIKELY_TO_BE_IN_ROAD_AHEAD_550.2.svg,600x530 mm,550.2,600 mm (working drawing p550x2; alternatives 750/900/1200)
551.1,Migratory toad crossing ahead,Warning Signs,MIGRATORY_TOAD_CROSSING_AHEAD_551.1.svg,600x527 mm,551.1,600 mm (working drawing p551x1; alternatives 750/900/1200)
547.1,School crossing patrol ahead,Warning Signs,SCHOOL_CROSSING_PATROL_AHEAD_547.1.svg,3591x1698 mm,547.1,"no working drawing for this diagram; artwork kept at 1 pt = 10 mm (proportions exact, size nominal)"
547.2,Children's playground ahead,Warning Signs,CHILDREN_S_PLAYGROUND_AHEAD_547.2.svg,5908x1698 mm,547.2,"no working drawing for this diagram; artwork kept at 1 pt = 10 mm (proportions exact, size nominal)"
546,School ahead,Warning Signs,SCHOOL_AHEAD_546.svg,3958x1698 mm,546.0,"no working drawing for this diagram; artwork kept at 1 pt = 10 mm (proportions exact, size nominal)"
549,Sheep likely to be in road ahead,Warning Signs,SHEEP_LIKELY_TO_BE_IN_ROAD_AHEAD_549.svg,600x527 mm,549.0,600 mm (working drawing p549; alternatives 750/900/1200/1500)
553.1,Agricultural vehicles likely to be in road ahead,Warning Signs,AGRICULTURAL_VEHICLES_LIKELY_TO_BE_IN_ROAD_AHEAD_553.1.svg,600x527 mm,553.1,600 mm (working drawing p553x1; alternatives 750/900/1200/1500)
551,Wild animals likely to be in road ahead,Warning Signs,WILD_ANIMALS_LIKELY_TO_BE_IN_ROAD_AHEAD_551.svg,600x527 mm,551.0,600 mm (working drawing p551; alternatives 750/900/1200/1500)
551.2,Wild fowl likely to be in road ahead,Warning Signs,WILD_FOWL_LIKELY_TO_BE_IN_ROAD_AHEAD_551.2.svg,600x527 mm,551.2,600 mm (working drawing p551x2; alternatives 750/900/1200)
550,Wild horses or ponies likely to be in road ahead,Warning Signs,WILD_HORSES_OR_PONIES_LIKELY_TO_BE_IN_ROAD_AHEAD_550.svg,600x527 mm,550.0,600 mm (working drawing p550; alternatives 750/900/1200/1500)
552,Cattle grid ahead,Warning Signs,CATTLE_GRID_AHEAD_552.svg,600x527 mm,552.0,600 mm (working drawing p552; alternatives 750/900/1200/100)
548,Cattle likely to be in road ahead,Warning Signs,CATTLE_LIKELY_TO_BE_IN_ROAD_AHEAD_548.svg,600x527 mm,548.0,600 mm (working drawing p548; alternatives 750/900/1200/1500)
553,By-pass of cattle grid for horse drawn vehicles,Warning Signs,BY_PASS_OF_CATTLE_GRID_FOR_HORSE_DRAWN_VEHICLES_553.svg,2591x1882 mm,553.0,"no working drawing for this diagram; artwork kept at 1 pt = 10 mm (proportions exact, size nominal)"
548.1,Supervised cattle crossing 200 yards ahead,Warning Signs,SUPERVISED_CATTLE_CROSSING_200_YARDS_AHEAD_548.1.svg,200x121 mm,548.1,200 mm (working drawing p548x1; alternatives 150)
602,Give way to traffic on the major road,Regulatory Signs,GIVE_WAY_TO_TRAFFIC_ON_THE_MAJOR_ROAD_602.svg,600x527 mm,602.0,600 mm (working drawing p602; alternatives 750/114/900/152/1200/190/1500)
601.1,Stop before crossing the traverse line on the road and ensure the way is clear before entering a major road,Regulatory Signs,STOP_BEFORE_CROSSING_THE_TRAVERSE_LINE_ON_THE_ROAD_AND_ENSURE_THE_WAY__601.1.svg,750x750 mm,601.1,750 mm (working drawing p601x1; alternatives 900/210/150/280/200/264/352); 1 stroked path(s) outlined with Inkscape
622.2,End of prohibition of goods vehicles exceeding the maximum gross weight indicated in a previous sign,Regulatory Signs,END_OF_PROHIBITION_OF_GOODS_VEHICLES_EXCEEDING_THE_MAXIMUM_GROSS_WEIGH_622.2.svg,600x600 mm,622.2,600 mm (working drawing p622x2; alternatives 450/750/900)
622.4,Articulated vehicles prohibited,Regulatory Signs,ARTICULATED_VEHICLES_PROHIBITED_622.4.svg,600x600 mm,622.4,600 mm (working drawing p622x4; alternatives 750/900)
616,No entry for vehicular traffic,Regulatory Signs,NO_ENTRY_FOR_VEHICULAR_TRAFFIC_616.svg,750x750 mm,616.0,750 mm (working drawing p616; alternatives 270/300/450/600/900/1200); 1 stroked path(s) outlined with Inkscape
622.8+622.9,Vehicles carrying explosives prohibited,Regulatory Signs,VEHICLES_CARRYING_EXPLOSIVES_PROHIBITED_622.8+622.9.svg,1710x2610 mm,622.9,"no working drawing for this diagram; artwork kept at 1 pt = 10 mm (proportions exact, size nominal); 1 stroked path(s) outlined with Inkscape"
622.1A,Goods vehicles exceeding a gross weight of 7.5T prohibited,Regulatory Signs,GOODS_VEHICLES_EXCEEDING_A_GROSS_WEIGHT_OF_7_5T_PROHIBITED_622.1A.svg,2727x2727 mm,622.11,"no working drawing for this diagram; artwork kept at 1 pt = 10 mm (proportions exact, size nominal)"
622.5,Horse drawn vehicles prohibited,Regulatory Signs,HORSE_DRAWN_VEHICLES_PROHIBITED_622.5.svg,600x600 mm,622.5,600 mm (working drawing p622x5; alternatives 450/165/330)
619,Motor vehicles prohibited,Regulatory Signs,MOTOR_VEHICLES_PROHIBITED_619.svg,600x600 mm,619.0,600 mm (working drawing p619; alternatives 450/750/900/1200)
625.1,Pedestrians prohibited,Regulatory Signs,PEDESTRIANS_PROHIBITED_625.1.svg,350x350 mm,625.1,350 mm (working drawing p625x1; alternatives 300/450)
622.6,Ridden or accompanied horses prohibited,Regulatory Signs,RIDDEN_OR_ACCOMPANIED_HORSES_PROHIBITED_622.6.svg,600x600 mm,622.6,600 mm (working drawing p622x6; alternatives 252/450/108/153/288)
619.2,Solo motor cycles prohibited,Regulatory Signs,SOLO_MOTOR_CYCLES_PROHIBITED_619.2.svg,600x600 mm,619.2,600 mm (working drawing p619x2; alternatives 450/750/900/1200)
622.7,Towed caravans prohibited,Regulatory Signs,TOWED_CARAVANS_PROHIBITED_622.7.svg,600x600 mm,622.7,600 mm (working drawing p622x7; alternatives 450/750/900/1200)
619.1,Motor vehicles except solo motor cycles prohibited,Regulatory Signs,MOTOR_VEHICLES_EXCEPT_SOLO_MOTOR_CYCLES_PROHIBITED_619.1.svg,600x600 mm,619.1,600 mm (working drawing p619x1; alternatives 450/750/900/1200)
618.1A,All vehicles prohibited,Regulatory Signs,ALL_VEHICLES_PROHIBITED_618.1A.svg,1870x540 mm,618.1,"no working drawing for this diagram; artwork kept at 1 pt = 10 mm (proportions exact, size nominal); 1 stroked path(s) outlined with Inkscape"
618.1B,All vehicles prohibited during the time indicated except for access,Regulatory Signs,ALL_VEHICLES_PROHIBITED_DURING_THE_TIME_INDICATED_EXCEPT_FOR_ACCESS_618.1B.svg,3741x2855 mm,618.1,"no working drawing for this diagram; artwork kept at 1 pt = 10 mm (proportions exact, size nominal)"
617,All vehicles prohibited except pedal cycles being pushed by pedestrians,Regulatory Signs,ALL_VEHICLES_PROHIBITED_EXCEPT_PEDAL_CYCLES_BEING_PUSHED_BY_PEDESTRIAN_617.svg,600x600 mm,617.0,600 mm (working drawing p617; alternatives 120/450/750/900/1200)
618,All vehicles prohibited from 'Play Street' during the period indicated except for access,Regulatory Signs,ALL_VEHICLES_PROHIBITED_FROM_PLAY_STREET_DURING_THE_PERIOD_INDICATED_E_618.svg,4419x2867 mm,618.0,"no working drawing for this diagram; artwork kept at 1 pt = 10 mm (proportions exact, size nominal)"
954.3,Buses and cycles excluded from restriction or prohibition conveyed by associated sign,Regulatory Signs,BUSES_AND_CYCLES_EXCLUDED_FROM_RESTRICTION_OR_PROHIBITION_CONVEYED_BY__954.3.svg,5290x3529 mm,954.3,"no working drawing for this diagram; artwork kept at 1 pt = 10 mm (proportions exact, size nominal)"
620,Vehicles requiring access are exempted from the prohibition conveyed by the associated sign,Regulatory Signs,VEHICLES_REQUIRING_ACCESS_ARE_EXEMPTED_FROM_THE_PROHIBITION_CONVEYED_B_620.svg,4116x1957 mm,620.0,"no working drawing for this diagram; artwork kept at 1 pt = 10 mm (proportions exact, size nominal)"
620.1,Goods vehicles requiring to enter the road for loading or unloading of goods are exempted from the prohibition conveyed by the associated sign,Regulatory Signs,GOODS_VEHICLES_REQUIRING_TO_ENTER_THE_ROAD_FOR_LOADING_OR_UNLOADING_OF_620.1.svg,4129x3410 mm,620.1,"no working drawing for this diagram; artwork kept at 1 pt = 10 mm (proportions exact, size nominal)"
615,Priority must be given to vehicles from the opposite direction,Regulatory Signs,PRIORITY_MUST_BE_GIVEN_TO_VEHICLES_FROM_THE_OPPOSITE_DIRECTION_615.svg,750x750 mm,615.0,750 mm (working drawing p615; alternatives 600/900/1200); also in DfT category Traffic calming
615.1,Priority must be given to vehicles from the opposite direction,Regulatory Signs,PRIORITY_MUST_BE_GIVEN_TO_VEHICLES_FROM_THE_OPPOSITE_DIRECTION_615.1.svg,4832x2820 mm,615.1,"no working drawing for this diagram; artwork kept at 1 pt = 10 mm (proportions exact, size nominal); also in DfT category Traffic calming"
613,No left turn for vehicular traffic,Regulatory Signs,NO_LEFT_TURN_FOR_VEHICULAR_TRAFFIC_613.svg,2727x2727 mm,612.0,"no working drawing for this diagram; artwork kept at 1 pt = 10 mm (proportions exact, size nominal)"
632,No overtaking,Regulatory Signs,NO_OVERTAKING_632.svg,600x600 mm,632.0,600 mm (working drawing p632; alternatives 750/900/1200)
612,No right turn for vehicular traffic,Regulatory Signs,NO_RIGHT_TURN_FOR_VEHICULAR_TRAFFIC_612.svg,2727x2727 mm,612.0,"no working drawing for this diagram; artwork kept at 1 pt = 10 mm (proportions exact, size nominal)"
614,No U-turns for vehicular traffic,Regulatory Signs,NO_U_TURNS_FOR_VEHICULAR_TRAFFIC_614.svg,598x600 mm,614.0,600 mm (working drawing p614; alternatives 270/300/450/750/900/1200); 1 stroked path(s) outlined with Inkscape
629.1,Vehicles exceeding 32'-6'' in length indicated prohibited,Regulatory Signs,VEHICLES_EXCEEDING_32_6_IN_LENGTH_INDICATED_PROHIBITED_629.1.svg,2726x2726 mm,629.0,"no working drawing for this diagram; artwork kept at 1 pt = 10 mm (proportions exact, size nominal)"
629,Vehicles exceeding 6'-6'' in width indicated prohibited,Regulatory Signs,VEHICLES_EXCEEDING_6_6_IN_WIDTH_INDICATED_PROHIBITED_629.svg,1710x1700 mm,629.0,"no working drawing for this diagram; artwork kept at 1 pt = 10 mm (proportions exact, size nominal); 1 stroked path(s) outlined with Inkscape"
626.2A+627.1,Vehicles exceeding a gross weight of 18T prohibited from crossing the bridge or structure,Regulatory Signs,VEHICLES_EXCEEDING_A_GROSS_WEIGHT_OF_18T_PROHIBITED_FROM_CROSSING_THE__626.2A+627.1.svg,4423x8051 mm,626.21,"no working drawing for this diagram; artwork kept at 1 pt = 10 mm (proportions exact, size nominal)"
626.2AV6+627.1,Vehicles exceeding a gross weight of 33T  prohibited from crossing the bridge or structure,Regulatory Signs,VEHICLES_EXCEEDING_A_GROSS_WEIGHT_OF_33T_PROHIBITED_FROM_CROSSING_THE__626.2AV6+627.1.svg,4423x8051 mm,626.21,"no working drawing for this diagram; artwork kept at 1 pt = 10 mm (proportions exact, size nominal)"
626.2AV2,Vehicles exceeding a gross weight of 7.5T prohibited from crossing the bridge or structure,Regulatory Signs,VEHICLES_EXCEEDING_A_GROSS_WEIGHT_OF_7_5T_PROHIBITED_FROM_CROSSING_THE_626.2AV2.svg,4423x6520 mm,626.21,"no working drawing for this diagram; artwork kept at 1 pt = 10 mm (proportions exact, size nominal)"
608,Dual carriageway,Regulatory Signs,DUAL_CARRIAGEWAY_608.svg,4639x1965 mm,608.0,"working drawing p608 is dimensioned in x-heights: no absolute size; artwork kept at 1 pt = 10 mm (proportions exact, size nominal)"
610,Vehicular traffic passing the sign must keep to the left of the sign,Regulatory Signs,VEHICULAR_TRAFFIC_PASSING_THE_SIGN_MUST_KEEP_TO_THE_LEFT_OF_THE_SIGN_610.svg,600x599 mm,610.0,600 mm (working drawing p610; alternatives 270/300/450/750/900/1200/1500); 1 stroked path(s) outlined with Inkscape
606,Vehicular traffic must proceed in the direction indicated by the arrow,Regulatory Signs,VEHICULAR_TRAFFIC_MUST_PROCEED_IN_THE_DIRECTION_INDICATED_BY_THE_ARROW_606.svg,600x600 mm,606.0,600 mm (working drawing p606; alternatives 270/300/450/750/900/1200/1500); 1 stroked path(s) outlined with Inkscape
611.1,Vehicles entering the junction must give way to traffic to vehicles coming from the right,Regulatory Signs,VEHICLES_ENTERING_THE_JUNCTION_MUST_GIVE_WAY_TO_TRAFFIC_TO_VEHICLES_CO_611.1.svg,600x600 mm,611.1,600 mm (working drawing p611x1; alternatives 750/900); 1 stroked path(s) outlined with Inkscape
607,One-way traffic,Regulatory Signs,ONE_WAY_TRAFFIC_607.svg,3517x1281 mm,607.0,"no working drawing for this diagram; artwork kept at 1 pt = 10 mm (proportions exact, size nominal)"
652,One-way traffic,Regulatory Signs,ONE_WAY_TRAFFIC_652.svg,201x300 mm,652.0,300 mm (working drawing p652; alternatives 450/285/285/675/870); 1 stroked path(s) outlined with Inkscape
611,Vehicular traffic may reach the same destination by passing either side of the sign,Regulatory Signs,VEHICULAR_TRAFFIC_MAY_REACH_THE_SAME_DESTINATION_BY_PASSING_EITHER_SID_611.svg,2470x2470 mm,611.0,"no size figure read from working drawing p611; artwork kept at 1 pt = 10 mm (proportions exact, size nominal); 1 stroked path(s) outlined with Inkscape"
606B,Vehicular traffic must proceed in the direction indicated by the arrow,Regulatory Signs,VEHICULAR_TRAFFIC_MUST_PROCEED_IN_THE_DIRECTION_INDICATED_BY_THE_ARROW_606B.svg,600x600 mm,606.0,600 mm (working drawing p606; alternatives 270/300/450/750/900/1200/1500); 1 stroked path(s) outlined with Inkscape
633,Vehicular traffic must not go beyond the sign where displayed temporarily by a constable in uniform or by a traffic warden,Regulatory Signs,VEHICULAR_TRAFFIC_MUST_NOT_GO_BEYOND_THE_SIGN_WHERE_DISPLAYED_TEMPORAR_633.svg,2460x2460 mm,633.0,"working drawing p633 is dimensioned in x-heights: no absolute size; artwork kept at 1 pt = 10 mm (proportions exact, size nominal)"
609,Vehicular traffic must turn ahead in the direction indicated by the arrow,Regulatory Signs,VEHICULAR_TRAFFIC_MUST_TURN_AHEAD_IN_THE_DIRECTION_INDICATED_BY_THE_AR_609.svg,600x600 mm,609.0,600 mm (working drawing p609; alternatives 450/750/900/1200); 1 stroked path(s) outlined with Inkscape
609A,Vehicular traffic must turn ahead in the direction indicated by the arrow,Regulatory Signs,VEHICULAR_TRAFFIC_MUST_TURN_AHEAD_IN_THE_DIRECTION_INDICATED_BY_THE_AR_609A.svg,600x600 mm,609.0,600 mm (working drawing p609; alternatives 450/750/900/1200); 1 stroked path(s) outlined with Inkscape
651,Use of verge maintained in mown or ornamental condition by specified traffic prohibited,Regulatory Signs,USE_OF_VERGE_MAINTAINED_IN_MOWN_OR_ORNAMENTAL_CONDITION_BY_SPECIFIED_T_651.svg,5653x4406 mm,651.0,"working drawing p651 is dimensioned in x-heights: no absolute size; artwork kept at 1 pt = 10 mm (proportions exact, size nominal)"
818.4,Location of a weight restriction ahead with indication of an alternative route,Regulatory Signs,LOCATION_OF_A_WEIGHT_RESTRICTION_AHEAD_WITH_INDICATION_OF_AN_ALTERNATI_818.4.svg,8456x13040 mm,818.4,"working drawing p818x4 is dimensioned in x-heights: no absolute size; artwork kept at 1 pt = 10 mm (proportions exact, size nominal); 1 stroked path(s) outlined with Inkscape"
674,Entrance to a 20 miles per hour speed limit zone,Speed Limit Signs,ENTRANCE_TO_A_20_MILES_PER_HOUR_SPEED_LIMIT_ZONE_674.svg,2050x3830 mm,674.0,"working drawing p674 is dimensioned in x-heights: no absolute size; artwork kept at 1 pt = 10 mm (proportions exact, size nominal); 9 stroked path(s) outlined with Inkscape; also in DfT category Traffic calming"
670V20,Maximum speed limit of 20 miles per hour,Speed Limit Signs,MAXIMUM_SPEED_LIMIT_OF_20_MILES_PER_HOUR_670V20.svg,600x600 mm,670.0,600 mm (working drawing p670; alternatives 300/450/750/900/1200/1500)
670V30,Maximum speed limit of 30 miles per hour,Speed Limit Signs,MAXIMUM_SPEED_LIMIT_OF_30_MILES_PER_HOUR_670V30.svg,600x600 mm,670.0,600 mm (working drawing p670; alternatives 300/450/750/900/1200/1500)
670,Maximum speed limit of 40 miles per hour,Speed Limit Signs,MAXIMUM_SPEED_LIMIT_OF_40_MILES_PER_HOUR_670.svg,600x600 mm,670.0,600 mm (working drawing p670; alternatives 300/450/750/900/1200/1500)
670V50,Maximum speed limit of 50 miles per hour,Speed Limit Signs,MAXIMUM_SPEED_LIMIT_OF_50_MILES_PER_HOUR_670V50.svg,600x600 mm,670.0,600 mm (working drawing p670; alternatives 300/450/750/900/1200/1500)
670V60,Maximum speed limit of 60 miles per hour,Speed Limit Signs,MAXIMUM_SPEED_LIMIT_OF_60_MILES_PER_HOUR_670V60.svg,600x600 mm,670.0,600 mm (working drawing p670; alternatives 300/450/750/900/1200/1500)
2402.1+670V30,Start of a 30 miles per hour speed limit at the boundary of a town or village,Speed Limit Signs,START_OF_A_30_MILES_PER_HOUR_SPEED_LIMIT_AT_THE_BOUNDARY_OF_A_TOWN_OR__2402.1+670V30.svg,1494x1172 mm,675.0,"working drawing p675 is dimensioned in x-heights: no absolute size; artwork kept at 1 pt = 10 mm (proportions exact, size nominal); also in DfT category Traffic calming"
671,National speed limits apply,Speed Limit Signs,NATIONAL_SPEED_LIMITS_APPLY_671.svg,600x600 mm,671.0,600 mm (working drawing p671; alternatives 450/750/900/1200/1500); 1 stroked path(s) outlined with Inkscape
2901,"Start of motorway regulations, including the national speed limit",Speed Limit Signs,START_OF_MOTORWAY_REGULATIONS_INCLUDING_THE_NATIONAL_SPEED_LIMIT_2901.svg,2830x1390 mm,2901.0,"working drawing p2901 is dimensioned in x-heights: no absolute size; artwork kept at 1 pt = 10 mm (proportions exact, size nominal); 1 stroked path(s) outlined with Inkscape; also in DfT category Motorway signs"
878.1,Length of road where two cameras are used to measure the average speed of a vehicle between two points,Speed Limit Signs,LENGTH_OF_ROAD_WHERE_TWO_CAMERAS_ARE_USED_TO_MEASURE_THE_AVERAGE_SPEED_878.1.svg,2227x2892 mm,878.0,"working drawing p878 is dimensioned in x-heights: no absolute size; artwork kept at 1 pt = 10 mm (proportions exact, size nominal)"
673,End of 30 miles per hour minimum speed limit,Speed Limit Signs,END_OF_30_MILES_PER_HOUR_MINIMUM_SPEED_LIMIT_673.svg,600x600 mm,673.0,600 mm (working drawing p673; alternatives 900); 2 stroked path(s) outlined with Inkscape
673V40,End of 40 miles per hour minimum speed limit,Speed Limit Signs,END_OF_40_MILES_PER_HOUR_MINIMUM_SPEED_LIMIT_673V40.svg,600x600 mm,673.0,600 mm (working drawing p673; alternatives 900); 2 stroked path(s) outlined with Inkscape
645,End of restriction or prohibition conveyed by an associated sign,Speed Limit Signs,END_OF_RESTRICTION_OR_PROHIBITION_CONVEYED_BY_AN_ASSOCIATED_SIGN_645.svg,2636x1708 mm,645.0,"no working drawing for this diagram; artwork kept at 1 pt = 10 mm (proportions exact, size nominal); also in DfT category On-street parking, Road works and temporary"
513.2,Maximum speed of 30 miles per hour advised at a bend or other hazard,Speed Limit Signs,MAXIMUM_SPEED_OF_30_MILES_PER_HOUR_ADVISED_AT_A_BEND_OR_OTHER_HAZARD_513.2.svg,3005x1095 mm,513.2,"working drawing p513x2 is dimensioned in x-heights: no absolute size; artwork kept at 1 pt = 10 mm (proportions exact, size nominal)"
672,Minimum speed limit of 30 miles per hour,Speed Limit Signs,MINIMUM_SPEED_LIMIT_OF_30_MILES_PER_HOUR_672.svg,450x450 mm,672.0,450 mm (working drawing p672; alternatives 300/900); 1 stroked path(s) outlined with Inkscape
672V40,Minimum speed limit of 40 miles per hour,Speed Limit Signs,MINIMUM_SPEED_LIMIT_OF_40_MILES_PER_HOUR_672V40.svg,450x450 mm,672.0,450 mm (working drawing p672; alternatives 300/900); 1 stroked path(s) outlined with Inkscape
7032,Commencement point of a newly imposed 30 miles per hour speed limit which is contiguous to an existing 30 miles per hour speed limit,Speed Limit Signs,COMMENCEMENT_POINT_OF_A_NEWLY_IMPOSED_30_MILES_PER_HOUR_SPEED_LIMIT_WH_7032.svg,2720x1390 mm,7032.0,"no working drawing for this diagram; artwork kept at 1 pt = 10 mm (proportions exact, size nominal); 1 stroked path(s) outlined with Inkscape"
7001,Road works or temporary obstruction of the carriageway ahead,Speed Limit Signs,ROAD_WORKS_OR_TEMPORARY_OBSTRUCTION_OF_THE_CARRIAGEWAY_AHEAD_7001.svg,600x527 mm,7001.0,600 mm (working drawing p7001; alternatives 750/900/1200/1500); also in DfT category Road works and temporary
879,Reminder to drivers that traffic enforcement cameras are in use,Speed Limit Signs,REMINDER_TO_DRIVERS_THAT_TRAFFIC_ENFORCEMENT_CAMERAS_ARE_IN_USE_879.svg,1588x1361 mm,879.0,"no working drawing for this diagram; artwork kept at 1 pt = 10 mm (proportions exact, size nominal)"
880,Speed camera ahead and reminder of 30 miles per hour speed limit,Speed Limit Signs,SPEED_CAMERA_AHEAD_AND_REMINDER_OF_30_MILES_PER_HOUR_SPEED_LIMIT_880.svg,1930x3290 mm,880.0,"no size figure read from working drawing p880; artwork kept at 1 pt = 10 mm (proportions exact, size nominal); 1 stroked path(s) outlined with Inkscape"
878,Area in which cameras are used to enforce the speed limit regulations,Speed Limit Signs,AREA_IN_WHICH_CAMERAS_ARE_USED_TO_ENFORCE_THE_SPEED_LIMIT_REGULATIONS_878.svg,2260x2439 mm,878.0,"working drawing p878 is dimensioned in x-heights: no absolute size; artwork kept at 1 pt = 10 mm (proportions exact, size nominal)"
629.2,Vehicles exceeding 14'-6'' in height prohibited,Low Bridge Signs,VEHICLES_EXCEEDING_14_6_IN_HEIGHT_PROHIBITED_629.2.svg,2726x2726 mm,629.2,"no working drawing for this diagram; artwork kept at 1 pt = 10 mm (proportions exact, size nominal)"
629.2A,Vehicles exceeding height indicated are prohibited. Height is displayed in both metric and imperial units,Low Bridge Signs,VEHICLES_EXCEEDING_HEIGHT_INDICATED_ARE_PROHIBITED_HEIGHT_IS_DISPLAYED_629.2A.svg,2726x2726 mm,629.21,"no working drawing for this diagram; artwork kept at 1 pt = 10 mm (proportions exact, size nominal)"
818.3,Advance warning of a mandatory height restriction ahead,Low Bridge Signs,ADVANCE_WARNING_OF_A_MANDATORY_HEIGHT_RESTRICTION_AHEAD_818.3.svg,4230x5610 mm,818.3,"no working drawing for this diagram; artwork kept at 1 pt = 10 mm (proportions exact, size nominal); 1 stroked path(s) outlined with Inkscape"
530,Maximum headroom of 14'-6'' at hazard ahead,Low Bridge Signs,,,530.0,"raster artwork (Photoshop EPS), no vector paths"
530M,Maximum headroom of 4.4m at hazard ahead,Low Bridge Signs,MAXIMUM_HEADROOM_OF_4_4M_AT_HAZARD_AHEAD_530M.svg,3103x2726 mm,530.0,"no working drawing for this diagram; artwork kept at 1 pt = 10 mm (proportions exact, size nominal)"
531.2,High vehicles to use middle of road at arch bridge ahead,Low Bridge Signs,HIGH_VEHICLES_TO_USE_MIDDLE_OF_ROAD_AT_ARCH_BRIDGE_AHEAD_531.2.svg,2238x2585 mm,531.2,"working drawing p531x2 is dimensioned in x-heights: no absolute size; artwork kept at 1 pt = 10 mm (proportions exact, size nominal)"
531.1,Maximum headroom of 12'-6'' at arch bridge ahead,Low Bridge Signs,MAXIMUM_HEADROOM_OF_12_6_AT_ARCH_BRIDGE_AHEAD_531.1.svg,3234x2840 mm,531.1,"no working drawing for this diagram; artwork kept at 1 pt = 10 mm (proportions exact, size nominal)"
531.1M,Maximum headroom of 3.8m at arch bridge ahead,Low Bridge Signs,MAXIMUM_HEADROOM_OF_3_8M_AT_ARCH_BRIDGE_AHEAD_531.1M.svg,3234x2840 mm,531.1,"no working drawing for this diagram; artwork kept at 1 pt = 10 mm (proportions exact, size nominal)"
530.1,Reduced headroom over part of road due to overhanging building ahead,Low Bridge Signs,REDUCED_HEADROOM_OVER_PART_OF_ROAD_DUE_TO_OVERHANGING_BUILDING_AHEAD_530.1.svg,2569x1042 mm,530.1,"working drawing p530x1 is dimensioned in x-heights: no absolute size; artwork kept at 1 pt = 10 mm (proportions exact, size nominal)"
784.1,Drivers of large or slow vehicles must stop and telephone before using an automatic railway or tramway crossing,Level Crossing Signs,DRIVERS_OF_LARGE_OR_SLOW_VEHICLES_MUST_STOP_AND_TELEPHONE_BEFORE_USING_784.1.svg,4970x5120 mm,784.1,"working drawing p784x1 is dimensioned in x-heights: no absolute size; artwork kept at 1 pt = 10 mm (proportions exact, size nominal); 1 stroked path(s) outlined with Inkscape"
783,Drivers of long low vehicles must telephone to obtain permission before using a railway or tramway level crossing,Level Crossing Signs,DRIVERS_OF_LONG_LOW_VEHICLES_MUST_TELEPHONE_TO_OBTAIN_PERMISSION_BEFOR_783.svg,4810x2240 mm,783.0,"working drawing p783 is dimensioned in x-heights: no absolute size; artwork kept at 1 pt = 10 mm (proportions exact, size nominal); 1 stroked path(s) outlined with Inkscape"
779,Electrified overhead cable ahead,Level Crossing Signs,ELECTRIFIED_OVERHEAD_CABLE_AHEAD_779.svg,600x527 mm,779.0,600 mm (working drawing p779; alternatives 750/900/1200)
782,Risk of grounding at a railway or tramway level crossing or hump backed bridge,Level Crossing Signs,RISK_OF_GROUNDING_AT_A_RAILWAY_OR_TRAMWAY_LEVEL_CROSSING_OR_HUMP_BACKE_782.svg,600x527 mm,782.0,600 mm (working drawing p782; alternatives 750/900/1200/1500)
770,Level crossing with gate or barrier ahead,Level Crossing Signs,LEVEL_CROSSING_WITH_GATE_OR_BARRIER_AHEAD_770.svg,600x527 mm,770.0,600 mm (working drawing p770; alternatives 750/900/1200/1500)
771,Railway level crossing without gate or barrier ahead,Level Crossing Signs,RAILWAY_LEVEL_CROSSING_WITHOUT_GATE_OR_BARRIER_AHEAD_771.svg,600x527 mm,771.0,600 mm (working drawing p771; alternatives 750/900/1200/1500)
780A,Safe height beneath electrified overhead cable ahead,Level Crossing Signs,SAFE_HEIGHT_BENEATH_ELECTRIFIED_OVERHEAD_CABLE_AHEAD_780A.svg,2760x1070 mm,780.01,"no working drawing for this diagram; artwork kept at 1 pt = 10 mm (proportions exact, size nominal); 2 stroked path(s) outlined with Inkscape"
773,Warning of light signals at a level crossing without a gate or barrier ahead,Level Crossing Signs,WARNING_OF_LIGHT_SIGNALS_AT_A_LEVEL_CROSSING_WITHOUT_A_GATE_OR_BARRIER_773.svg,4695x5556 mm,773.0,"working drawing p773 is dimensioned in x-heights: no absolute size; artwork kept at 1 pt = 10 mm (proportions exact, size nominal)"
781,Load gauge giving audible warning to drivers where vehicle exceeds safe height under electrified overhead cables,Level Crossing Signs,LOAD_GAUGE_GIVING_AUDIBLE_WARNING_TO_DRIVERS_WHERE_VEHICLE_EXCEEDS_SAF_781.svg,7400x1790 mm,781.0,"no working drawing for this diagram; artwork kept at 1 pt = 10 mm (proportions exact, size nominal); 19 stroked path(s) outlined with Inkscape"
777,"Level crossing ahead is crossed by more than one railway or tramway track, and more than one train or tramcar may pass over it in quick succession",Level Crossing Signs,LEVEL_CROSSING_AHEAD_IS_CROSSED_BY_MORE_THAN_ONE_RAILWAY_OR_TRAMWAY_TR_777.svg,6629x3322 mm,777.0,"working drawing p777 is dimensioned in x-heights: no absolute size; artwork kept at 1 pt = 10 mm (proportions exact, size nominal)"
788,Direction to emergency telephone or telephone at or near a railway or tramway level crossing,Level Crossing Signs,DIRECTION_TO_EMERGENCY_TELEPHONE_OR_TELEPHONE_AT_OR_NEAR_A_RAILWAY_OR__788.svg,121x200 mm,788.0,200 mm (working drawing p788; alternatives 650/780/400/480/800/960/400/480)
4006,Light signal at level crossing for pedestrians,Level Crossing Signs,LIGHT_SIGNAL_AT_LEVEL_CROSSING_FOR_PEDESTRIANS_4006.svg,4992x4992 mm,4006.0,"no size figure read from working drawing p4006; artwork kept at 1 pt = 10 mm (proportions exact, size nominal)"
787,Site of emergency telephone or telephone at or near a railway or tramway level crossing,Level Crossing Signs,SITE_OF_EMERGENCY_TELEPHONE_OR_TELEPHONE_AT_OR_NEAR_A_RAILWAY_OR_TRAMW_787.svg,2960x6070 mm,787.0,"working drawing p787 is dimensioned in x-heights: no absolute size; artwork kept at 1 pt = 10 mm (proportions exact, size nominal); 1 stroked path(s) outlined with Inkscape"
790,New method of controlling traffic at a railway or tramway level crossing ahead,Level Crossing Signs,NEW_METHOD_OF_CONTROLLING_TRAFFIC_AT_A_RAILWAY_OR_TRAMWAY_LEVEL_CROSSI_790.svg,5752x4090 mm,790.0,"working drawing p790 is dimensioned in x-heights: no absolute size; artwork kept at 1 pt = 10 mm (proportions exact, size nominal); 1 stroked path(s) outlined with Inkscape"
789.2,Countdown marker to railway or tramway level crossing,Level Crossing Signs,COUNTDOWN_MARKER_TO_RAILWAY_OR_TRAMWAY_LEVEL_CROSSING_789.2.svg,1742x5140 mm,789.0,"no size figure read from working drawing p789; artwork kept at 1 pt = 10 mm (proportions exact, size nominal); 1 stroked path(s) outlined with Inkscape"
789.1,Countdown marker to railway or tramway level crossing,Level Crossing Signs,COUNTDOWN_MARKER_TO_RAILWAY_OR_TRAMWAY_LEVEL_CROSSING_789.1.svg,1742x5140 mm,789.0,"no size figure read from working drawing p789; artwork kept at 1 pt = 10 mm (proportions exact, size nominal); 1 stroked path(s) outlined with Inkscape"
789,Countdown marker to railway or tramway level crossing,Level Crossing Signs,COUNTDOWN_MARKER_TO_RAILWAY_OR_TRAMWAY_LEVEL_CROSSING_789.svg,1742x5140 mm,789.0,"no size figure read from working drawing p789; artwork kept at 1 pt = 10 mm (proportions exact, size nominal); 1 stroked path(s) outlined with Inkscape"
786,"Place where drivers of large or slow, or long low vehicles should park near a level crossing while contacting the signal operator",Level Crossing Signs,PLACE_WHERE_DRIVERS_OF_LARGE_OR_SLOW_OR_LONG_LOW_VEHICLES_SHOULD_PARK__786.svg,4787x3322 mm,786.0,"working drawing p786 is dimensioned in x-heights: no absolute size; artwork kept at 1 pt = 10 mm (proportions exact, size nominal)"
776,Another train or tramcar may be about to pass over the level crossing,Level Crossing Signs,ANOTHER_TRAIN_OR_TRAMCAR_MAY_BE_ABOUT_TO_PASS_OVER_THE_LEVEL_CROSSING_776.svg,4504x4504 mm,776.0,"no size figure read from working drawing p776; artwork kept at 1 pt = 10 mm (proportions exact, size nominal)"
774,Location of railway or tramway level crossing without a gate or barrier,Level Crossing Signs,LOCATION_OF_RAILWAY_OR_TRAMWAY_LEVEL_CROSSING_WITHOUT_A_GATE_OR_BARRIE_774.svg,300x132 mm,774.0,300 mm (working drawing p774; alternatives 400/1200); also in DfT category Tram signs
775,Vehicular traffic must not stop within the area of a railway or tramway level crossing,Level Crossing Signs,VEHICULAR_TRAFFIC_MUST_NOT_STOP_WITHIN_THE_AREA_OF_A_RAILWAY_OR_TRAMWA_775.svg,3855x2232 mm,775.0,"working drawing p775 is dimensioned in x-heights: no absolute size; artwork kept at 1 pt = 10 mm (proportions exact, size nominal); also in DfT category Tram signs"
778,Open railway level crossing without light signals,Level Crossing Signs,OPEN_RAILWAY_LEVEL_CROSSING_WITHOUT_LIGHT_SIGNALS_778.svg,2011x1903 mm,778.0,"no size figure read from working drawing p778; artwork kept at 1 pt = 10 mm (proportions exact, size nominal)"
953.2,Explanatory plate for tramcar and bus and cycle only route signs,Tram Signs,EXPLANATORY_PLATE_FOR_TRAMCAR_AND_BUS_AND_CYCLE_ONLY_ROUTE_SIGNS_953.2.svg,2932x1702 mm,953.2,"no working drawing for this diagram; artwork kept at 1 pt = 10 mm (proportions exact, size nominal); also in DfT category Bus and cycle signs"
953.1,Route for use by tramcars only,Tram Signs,ROUTE_FOR_USE_BY_TRAMCARS_ONLY_953.1.svg,750x750 mm,953.1,750 mm (working drawing p953x1; alternatives 450/900); 1 stroked path(s) outlined with Inkscape
778.1,Open tramway level crossing without light signals,Tram Signs,OPEN_TRAMWAY_LEVEL_CROSSING_WITHOUT_LIGHT_SIGNALS_778.1.svg,480x299 mm,778.1,480 mm (working drawing p778x1; alternatives 600/720/375/450/235/282/470/564)
772,Tramcars crossing ahead,Tram Signs,TRAMCARS_CROSSING_AHEAD_772.svg,600x527 mm,772.0,600 mm (working drawing p772; alternatives 750/900/1200/1500)
963.3,Warning for pedestrians to look out for tramway traffic approaching from both directions,Tram Signs,WARNING_FOR_PEDESTRIANS_TO_LOOK_OUT_FOR_TRAMWAY_TRAFFIC_APPROACHING_FR_963.3.svg,4780x4700 mm,963.3,"working drawing p963x3 is dimensioned in x-heights: no absolute size; artwork kept at 1 pt = 10 mm (proportions exact, size nominal); 1 stroked path(s) outlined with Inkscape"
963.3L,Warning for pedestrians to look out for tramway traffic approaching from the left,Tram Signs,WARNING_FOR_PEDESTRIANS_TO_LOOK_OUT_FOR_TRAMWAY_TRAFFIC_APPROACHING_FR_963.3L.svg,4780x4040 mm,963.3,"working drawing p963x3 is dimensioned in x-heights: no absolute size; artwork kept at 1 pt = 10 mm (proportions exact, size nominal); 1 stroked path(s) outlined with Inkscape"
963.3R,Warning for pedestrians to look out for tramway traffic approaching from the right,Tram Signs,WARNING_FOR_PEDESTRIANS_TO_LOOK_OUT_FOR_TRAMWAY_TRAFFIC_APPROACHING_FR_963.3R.svg,5010x4040 mm,963.3,"working drawing p963x3 is dimensioned in x-heights: no absolute size; artwork kept at 1 pt = 10 mm (proportions exact, size nominal); 1 stroked path(s) outlined with Inkscape"
953+953.2,Route for use by buses and cycles only,Bus And Cycle Signs,ROUTE_FOR_USE_BY_BUSES_AND_CYCLES_ONLY_953+953.2.svg,530x750 mm,953.0,750 mm (working drawing p953; alternatives 450/600/900); 1 stroked path(s) outlined with Inkscape
953.1V,Route for use by buses and tramcars only,Bus And Cycle Signs,ROUTE_FOR_USE_BY_BUSES_AND_TRAMCARS_ONLY_953.1V.svg,750x750 mm,953.1,750 mm (working drawing p953x1; alternatives 450/900); 1 stroked path(s) outlined with Inkscape
952,Buses prohibited,Bus And Cycle Signs,BUSES_PROHIBITED_952.svg,600x600 mm,952.0,600 mm (working drawing p952; alternatives 1200/450/750/900)
953,"Route for use by buses, pedal cycles and taxis only",Bus And Cycle Signs,ROUTE_FOR_USE_BY_BUSES_PEDAL_CYCLES_AND_TAXIS_ONLY_953.svg,750x750 mm,953.0,750 mm (working drawing p953; alternatives 450/600/900); 1 stroked path(s) outlined with Inkscape
958,With-flow bus lane which pedal cycles and taxis may also use ahead,Bus And Cycle Signs,WITH_FLOW_BUS_LANE_WHICH_PEDAL_CYCLES_AND_TAXIS_MAY_ALSO_USE_AHEAD_958.svg,6040x5850 mm,959.0,"no working drawing for this diagram; artwork kept at 1 pt = 10 mm (proportions exact, size nominal); 1 stroked path(s) outlined with Inkscape"
877L,Appropriate traffic lanes for different manoeuvres at a junction after a break in a bus lane,Bus And Cycle Signs,APPROPRIATE_TRAFFIC_LANES_FOR_DIFFERENT_MANOEUVRES_AT_A_JUNCTION_AFTER_877L.svg,2920x2450 mm,877.0,"working drawing p877 is dimensioned in x-heights: no absolute size; artwork kept at 1 pt = 10 mm (proportions exact, size nominal); 4 stroked path(s) outlined with Inkscape"
963.2,Contra-flow bus lane which pedal cycles may also use with traffic approaching from the right (reminder for pedestrians),Bus And Cycle Signs,CONTRA_FLOW_BUS_LANE_WHICH_PEDAL_CYCLES_MAY_ALSO_USE_WITH_TRAFFIC_APPR_963.2.svg,5010x5210 mm,963.2,"working drawing p963x2 is dimensioned in x-heights: no absolute size; artwork kept at 1 pt = 10 mm (proportions exact, size nominal); 1 stroked path(s) outlined with Inkscape"
963T,Bus lane with traffic proceeding from both ways  (reminder for pedestrians),Bus And Cycle Signs,BUS_LANE_WITH_TRAFFIC_PROCEEDING_FROM_BOTH_WAYS_REMINDER_FOR_PEDESTRIA_963T.svg,5010x4110 mm,963.0,"working drawing p963 is dimensioned in x-heights: no absolute size; artwork kept at 1 pt = 10 mm (proportions exact, size nominal); 1 stroked path(s) outlined with Inkscape"
962,Bus lane on road at junction ahead,Bus And Cycle Signs,BUS_LANE_ON_ROAD_AT_JUNCTION_AHEAD_962.svg,4112x3514 mm,962.0,"working drawing p962 is dimensioned in x-heights: no absolute size; artwork kept at 1 pt = 10 mm (proportions exact, size nominal)"
960,Contra-flow bus lane,Bus And Cycle Signs,CONTRA_FLOW_BUS_LANE_960.svg,3660x1660 mm,960.0,"working drawing p960 is dimensioned in x-heights: no absolute size; artwork kept at 1 pt = 10 mm (proportions exact, size nominal); 1 stroked path(s) outlined with Inkscape"
964,End of bus lane,Bus And Cycle Signs,END_OF_BUS_LANE_964.svg,3380x1970 mm,964.0,"working drawing p964 is dimensioned in x-heights: no absolute size; artwork kept at 1 pt = 10 mm (proportions exact, size nominal); 1 stroked path(s) outlined with Inkscape"
969,Parking place for buses,Bus And Cycle Signs,PARKING_PLACE_FOR_BUSES_969.svg,338x500 mm,969.0,500 mm (working drawing p969; alternatives 250/375/110/165/250/375/300/250/375/110/165); 1 stroked path(s) outlined with Inkscape
661.1VB,Parking place for buses only during the times shown,On-Street Parking,PARKING_PLACE_FOR_BUSES_ONLY_DURING_THE_TIMES_SHOWN_661.1VB.svg,2880x4060 mm,661.1,"working drawing p661x1 is dimensioned in x-heights: no absolute size; artwork kept at 1 pt = 10 mm (proportions exact, size nominal); 6 stroked path(s) outlined with Inkscape"
972,Stopping place for buses used for carrying tourists to allow passengers to take photographs,Bus And Cycle Signs,STOPPING_PLACE_FOR_BUSES_USED_FOR_CARRYING_TOURISTS_TO_ALLOW_PASSENGER_972.svg,5510x5130 mm,972.0,"working drawing p972 is dimensioned in x-heights: no absolute size; artwork kept at 1 pt = 10 mm (proportions exact, size nominal); 1 stroked path(s) outlined with Inkscape"
975,Place where buses may stand and the stopping of other vehicles is prohibited during the period indicated,Bus And Cycle Signs,PLACE_WHERE_BUSES_MAY_STAND_AND_THE_STOPPING_OF_OTHER_VEHICLES_IS_PROH_975.svg,4994x4662 mm,975.0,"no working drawing for this diagram; artwork kept at 1 pt = 10 mm (proportions exact, size nominal)"
970,Stopping place for buses,Bus And Cycle Signs,STOPPING_PLACE_FOR_BUSES_970.svg,5123x4269 mm,970.0,"working drawing p970 is dimensioned in x-heights: no absolute size; artwork kept at 1 pt = 10 mm (proportions exact, size nominal)"
953.3,"Entrance to bus station, depot or garage",Bus And Cycle Signs,ENTRANCE_TO_BUS_STATION_DEPOT_OR_GARAGE_953.3.svg,1560x1000 mm,953.3,"working drawing p953x3 is dimensioned in x-heights: no absolute size; artwork kept at 1 pt = 10 mm (proportions exact, size nominal); 1 stroked path(s) outlined with Inkscape"
954,Buses excluded from restriction or prohibition conveyed by associated sign,Bus And Cycle Signs,BUSES_EXCLUDED_FROM_RESTRICTION_OR_PROHIBITION_CONVEYED_BY_ASSOCIATED__954.svg,3933x2615 mm,954.0,"no working drawing for this diagram; artwork kept at 1 pt = 10 mm (proportions exact, size nominal)"
954.4,Cycles excluded from restriction or prohibition conveyed by associated sign,Bus And Cycle Signs,CYCLES_EXCLUDED_FROM_RESTRICTION_OR_PROHIBITION_CONVEYED_BY_ASSOCIATED_954.4.svg,3974x2642 mm,954.4,"no working drawing for this diagram; artwork kept at 1 pt = 10 mm (proportions exact, size nominal)"
954.2,Local buses excluded from restriction or prohibition conveyed by associated sign,Bus And Cycle Signs,LOCAL_BUSES_EXCLUDED_FROM_RESTRICTION_OR_PROHIBITION_CONVEYED_BY_ASSOC_954.2.svg,5772x2629 mm,954.2,"no working drawing for this diagram; artwork kept at 1 pt = 10 mm (proportions exact, size nominal)"
974,Stopping by vehicles other than buses prohibited during the period indicated,Bus And Cycle Signs,STOPPING_BY_VEHICLES_OTHER_THAN_BUSES_PROHIBITED_DURING_THE_PERIOD_IND_974.svg,4994x3799 mm,974.0,"no working drawing for this diagram; artwork kept at 1 pt = 10 mm (proportions exact, size nominal)"
960.1,Contra-flow cycle lane,Bus And Cycle Signs,CONTRA_FLOW_CYCLE_LANE_960.1.svg,3030x1740 mm,960.1,"working drawing p960x1 is dimensioned in x-heights: no absolute size; artwork kept at 1 pt = 10 mm (proportions exact, size nominal); 1 stroked path(s) outlined with Inkscape"
962.1,Cycle lane on road at junction ahead or cycle track crossing road,Bus And Cycle Signs,CYCLE_LANE_ON_ROAD_AT_JUNCTION_AHEAD_OR_CYCLE_TRACK_CROSSING_ROAD_962.1.svg,4112x3760 mm,962.1,"working drawing p962x1 is dimensioned in x-heights: no absolute size; artwork kept at 1 pt = 10 mm (proportions exact, size nominal)"
963.1T,Cycle lane with traffic approaching from both ways (pedestrian reminder),Bus And Cycle Signs,CYCLE_LANE_WITH_TRAFFIC_APPROACHING_FROM_BOTH_WAYS_PEDESTRIAN_REMINDER_963.1T.svg,5010x4380 mm,963.1,"working drawing p963x1 is dimensioned in x-heights: no absolute size; artwork kept at 1 pt = 10 mm (proportions exact, size nominal); 1 stroked path(s) outlined with Inkscape"
963.1L,Cycle lane with traffic proceeding from left (pedestrian reminder),Bus And Cycle Signs,CYCLE_LANE_WITH_TRAFFIC_PROCEEDING_FROM_LEFT_PEDESTRIAN_REMINDER_963.1L.svg,5010x3700 mm,963.1,"working drawing p963x1 is dimensioned in x-heights: no absolute size; artwork kept at 1 pt = 10 mm (proportions exact, size nominal); 1 stroked path(s) outlined with Inkscape"
963.1,Cycle lane with traffic proceeding from right (pedestrian reminder),Bus And Cycle Signs,CYCLE_LANE_WITH_TRAFFIC_PROCEEDING_FROM_RIGHT_PEDESTRIAN_REMINDER_963.1.svg,5010x3700 mm,963.1,"working drawing p963x1 is dimensioned in x-heights: no absolute size; artwork kept at 1 pt = 10 mm (proportions exact, size nominal); 1 stroked path(s) outlined with Inkscape"
967,Route recommended for pedal cycles on the main carriageway of a road,Bus And Cycle Signs,ROUTE_RECOMMENDED_FOR_PEDAL_CYCLES_ON_THE_MAIN_CARRIAGEWAY_OF_A_ROAD_967.svg,2020x1380 mm,967.0,"no size figure read from working drawing p967; artwork kept at 1 pt = 10 mm (proportions exact, size nominal); 1 stroked path(s) outlined with Inkscape"
965,"End of cycle lane, track or route",Bus And Cycle Signs,END_OF_CYCLE_LANE_TRACK_OR_ROUTE_965.svg,3410x3690 mm,965.0,"working drawing p965 is dimensioned in x-heights: no absolute size; artwork kept at 1 pt = 10 mm (proportions exact, size nominal); 1 stroked path(s) outlined with Inkscape"
959.1,With-flow cycle lane,Bus And Cycle Signs,WITH_FLOW_CYCLE_LANE_959.1.svg,6050x2760 mm,959.1,"working drawing p959x1 is dimensioned in x-heights: no absolute size; artwork kept at 1 pt = 10 mm (proportions exact, size nominal); 1 stroked path(s) outlined with Inkscape"
958.1,With-flow cycle lane ahead,Bus And Cycle Signs,WITH_FLOW_CYCLE_LANE_AHEAD_958.1.svg,6040x5850 mm,958.1,"working drawing p958x1 is dimensioned in x-heights: no absolute size; artwork kept at 1 pt = 10 mm (proportions exact, size nominal); 1 stroked path(s) outlined with Inkscape"
950.1,Testing of child cyclists ahead,Bus And Cycle Signs,TESTING_OF_CHILD_CYCLISTS_AHEAD_950.1.svg,5787x2617 mm,950.1,"no working drawing for this diagram; artwork kept at 1 pt = 10 mm (proportions exact, size nominal)"
950.1VCT,Training of child cyclists ahead,Bus And Cycle Signs,TRAINING_OF_CHILD_CYCLISTS_AHEAD_950.1VCT.svg,2240x1020 mm,950.1,"no working drawing for this diagram; artwork kept at 1 pt = 10 mm (proportions exact, size nominal); 3 stroked path(s) outlined with Inkscape"
950.1VCE,Cycle event ahead,Bus And Cycle Signs,CYCLE_EVENT_AHEAD_950.1VCE.svg,2357x664 mm,950.1,"no working drawing for this diagram; artwork kept at 1 pt = 10 mm (proportions exact, size nominal)"
950,Cycle route ahead warning,Bus And Cycle Signs,CYCLE_ROUTE_AHEAD_WARNING_950.svg,600x527 mm,950.0,600 mm (working drawing p950; alternatives 750/900/1200/1500)
950.1VCC,Cycles crossing ahead,Bus And Cycle Signs,CYCLES_CROSSING_AHEAD_950.1VCC.svg,1770x1020 mm,950.1,"no working drawing for this diagram; artwork kept at 1 pt = 10 mm (proportions exact, size nominal); 1 stroked path(s) outlined with Inkscape"
966,"Cyclists to dismount at the end if, or at a break in, a cycle lane, track or route",Bus And Cycle Signs,CYCLISTS_TO_DISMOUNT_AT_THE_END_IF_OR_AT_A_BREAK_IN_A_CYCLE_LANE_TRACK_966.svg,4590x1980 mm,966.0,"working drawing p966 is dimensioned in x-heights: no absolute size; artwork kept at 1 pt = 10 mm (proportions exact, size nominal); 1 stroked path(s) outlined with Inkscape"
951,Riding of pedal cycles prohibited,Bus And Cycle Signs,RIDING_OF_PEDAL_CYCLES_PROHIBITED_951.svg,450x450 mm,951.0,450 mm (working drawing p951; alternatives 270/300/600)
816,No through road for vehicular traffic,Bus And Cycle Signs,NO_THROUGH_ROAD_FOR_VEHICULAR_TRAFFIC_816.svg,480x480 mm,816.0,480 mm (working drawing p816; alternatives 400/560/200/280/112/400/300/560/420); 2 stroked path(s) outlined with Inkscape
968.1,Parking place for pedal cycles,Bus And Cycle Signs,PARKING_PLACE_FOR_PEDAL_CYCLES_968.1.svg,2850x4910 mm,968.1,"no working drawing for this diagram; artwork kept at 1 pt = 10 mm (proportions exact, size nominal); 1 stroked path(s) outlined with Inkscape"
955,Route for use by pedal cycles only,Bus And Cycle Signs,ROUTE_FOR_USE_BY_PEDAL_CYCLES_ONLY_955.svg,450x450 mm,955.0,450 mm (working drawing p955; alternatives 150/270/300/600); 1 stroked path(s) outlined with Inkscape
957,Route comprising a separated track and path for cycles and pedestrians,Bus And Cycle Signs,ROUTE_COMPRISING_A_SEPARATED_TRACK_AND_PATH_FOR_CYCLES_AND_PEDESTRIANS_957.svg,450x450 mm,957.0,450 mm (working drawing p957; alternatives 100/150/270/300/600); 1 stroked path(s) outlined with Inkscape
956,Route for use by pedal cycles and pedestrians only,Bus And Cycle Signs,ROUTE_FOR_USE_BY_PEDAL_CYCLES_AND_PEDESTRIANS_ONLY_956.svg,150x150 mm,956.0,150 mm (working drawing p956; alternatives 100/150/270/300/600); 1 stroked path(s) outlined with Inkscape
957R,Route comprising a separated track and path for cycles and pedestrians,Bus And Cycle Signs,ROUTE_COMPRISING_A_SEPARATED_TRACK_AND_PATH_FOR_CYCLES_AND_PEDESTRIANS_957R.svg,450x450 mm,957.0,450 mm (working drawing p957; alternatives 100/150/270/300/600); 1 stroked path(s) outlined with Inkscape
968,Parking place for pedal cycles,Bus And Cycle Signs,PARKING_PLACE_FOR_PEDAL_CYCLES_968.svg,4900x1960 mm,968.0,"no size figure read from working drawing p968; artwork kept at 1 pt = 10 mm (proportions exact, size nominal); 1 stroked path(s) outlined with Inkscape"
618.3,Entry to and waiting in pedestrian zone restricted except for loading during the period indicated,Pedestrian Zone Signs,ENTRY_TO_AND_WAITING_IN_PEDESTRIAN_ZONE_RESTRICTED_EXCEPT_FOR_LOADING__618.3.svg,3440x6418 mm,618.3,"working drawing p618x3 is dimensioned in x-heights: no absolute size; artwork kept at 1 pt = 10 mm (proportions exact, size nominal); DfT file is named 618x3.eps"
618.2,Entry to pedestrian zone restricted except for permit holders,Pedestrian Zone Signs,ENTRY_TO_PEDESTRIAN_ZONE_RESTRICTED_EXCEPT_FOR_PERMIT_HOLDERS_618.2.svg,3440x6623 mm,618.2,"working drawing p618x2 is dimensioned in x-heights: no absolute size; artwork kept at 1 pt = 10 mm (proportions exact, size nominal); DfT file is named 618x2.eps"
637.2,Prohibition on waiting (and loading and unloading) in a pedestrian zone during the period indicated,Pedestrian Zone Signs,PROHIBITION_ON_WAITING_AND_LOADING_AND_UNLOADING_IN_A_PEDESTRIAN_ZONE__637.2.svg,2537x2455 mm,637.2,"no working drawing for this diagram; artwork kept at 1 pt = 10 mm (proportions exact, size nominal); DfT file is named 637x2.eps"
637.2V,Prohibition on waiting (and loading and unloading) in a pedestrian zone at any time,Pedestrian Zone Signs,PROHIBITION_ON_WAITING_AND_LOADING_AND_UNLOADING_IN_A_PEDESTRIAN_ZONE__637.2V.svg,3479x4457 mm,637.2,"no working drawing for this diagram; artwork kept at 1 pt = 10 mm (proportions exact, size nominal); DfT file is named 637x2v.eps"
618.4,End of restrictions associated with a pedestrian zone,Pedestrian Zone Signs,END_OF_RESTRICTIONS_ASSOCIATED_WITH_A_PEDESTRIAN_ZONE_618.4.svg,3402x5840 mm,618.4,"working drawing p618x4 is dimensioned in x-heights: no absolute size; artwork kept at 1 pt = 10 mm (proportions exact, size nominal); DfT file is named 618x4.eps"
639,Waiting prohibited except for loading and unloading during the period indicated,On-Street Parking,WAITING_PROHIBITED_EXCEPT_FOR_LOADING_AND_UNLOADING_DURING_THE_PERIOD__639.svg,2160x1090 mm,639.0,"no working drawing for this diagram; artwork kept at 1 pt = 10 mm (proportions exact, size nominal); 1 stroked path(s) outlined with Inkscape"
637.3,Continuous prohibition on waiting except for loading and unloading for period indicated,On-Street Parking,CONTINUOUS_PROHIBITION_ON_WAITING_EXCEPT_FOR_LOADING_AND_UNLOADING_FOR_637.3.svg,7722x4037 mm,637.3,"no working drawing for this diagram; artwork kept at 1 pt = 10 mm (proportions exact, size nominal)"
638,Continuous prohibition on loading and unloading,On-Street Parking,CONTINUOUS_PROHIBITION_ON_LOADING_AND_UNLOADING_638.svg,5846x2634 mm,638.0,"no working drawing for this diagram; artwork kept at 1 pt = 10 mm (proportions exact, size nominal)"
637.3V,Continuous prohibition on waiting except for loading and unloading,On-Street Parking,CONTINUOUS_PROHIBITION_ON_WAITING_EXCEPT_FOR_LOADING_AND_UNLOADING_637.3V.svg,7721x5881 mm,637.3,"no working drawing for this diagram; artwork kept at 1 pt = 10 mm (proportions exact, size nominal)"
638.1,Loading and unloading prohibited during the periods indicated and in the direction indicated,On-Street Parking,LOADING_AND_UNLOADING_PROHIBITED_DURING_THE_PERIODS_INDICATED_AND_IN_T_638.1.svg,3680x2978 mm,638.1,"no working drawing for this diagram; artwork kept at 1 pt = 10 mm (proportions exact, size nominal)"
638R,Continuous prohibition on loading and unloading,On-Street Parking,CONTINUOUS_PROHIBITION_ON_LOADING_AND_UNLOADING_638R.svg,2180x1430 mm,638.0,"no working drawing for this diagram; artwork kept at 1 pt = 10 mm (proportions exact, size nominal); 2 stroked path(s) outlined with Inkscape"
640_PEAK,"Waiting prohibited during the period and in the direction indicated (upper panel), and loading and unloading prohibited during the periods and in the direction indicated (lower panel)",On-Street Parking,WAITING_PROHIBITED_DURING_THE_PERIOD_AND_IN_THE_DIRECTION_INDICATED_UP_640_PEAK.svg,2770x4050 mm,640.0,"no working drawing for this diagram; artwork kept at 1 pt = 10 mm (proportions exact, size nominal); 9 stroked path(s) outlined with Inkscape"
640_AM_PM,"Waiting prohibited during the period indicated (upper panel), and loading and unloading prohibited during the periods indicated (lower panel)",On-Street Parking,WAITING_PROHIBITED_DURING_THE_PERIOD_INDICATED_UPPER_PANEL_AND_LOADING_640_AM_PM.svg,690x850 mm,640.0,"no working drawing for this diagram; artwork kept at 1 pt = 10 mm (proportions exact, size nominal); 5 stroked path(s) outlined with Inkscape"
640_DIRECTIONS,"Waiting prohibited in the direction indicated (upper panel), and loading and unloading prohibited in the direction indicated (lower panel)",On-Street Parking,WAITING_PROHIBITED_IN_THE_DIRECTION_INDICATED_UPPER_PANEL_AND_LOADING__640_DIRECTIONS.svg,2750x2900 mm,640.0,"no working drawing for this diagram; artwork kept at 1 pt = 10 mm (proportions exact, size nominal); 4 stroked path(s) outlined with Inkscape"
640_TIMES_ARROWS,"Waiting prohibited during the period and in the direction indicated (upper panel), and loading and unloading prohibited during the periods and in the direction indicated (lower panel)",On-Street Parking,WAITING_PROHIBITED_DURING_THE_PERIOD_AND_IN_THE_DIRECTION_INDICATED_UP_640_TIMES_ARROWS.svg,2770x3260 mm,640.0,"no working drawing for this diagram; artwork kept at 1 pt = 10 mm (proportions exact, size nominal); 7 stroked path(s) outlined with Inkscape"
638.1NA,Loading and unloading prohibited during the periods indicated,On-Street Parking,LOADING_AND_UNLOADING_PROHIBITED_DURING_THE_PERIODS_INDICATED_638.1NA.svg,2770x1790 mm,638.1,"no working drawing for this diagram; artwork kept at 1 pt = 10 mm (proportions exact, size nominal); 5 stroked path(s) outlined with Inkscape"
638.1R,Loading and unloading prohibited during the periods and in the direction indicated,On-Street Parking,LOADING_AND_UNLOADING_PROHIBITED_DURING_THE_PERIODS_AND_IN_THE_DIRECTI_638.1R.svg,2750x1900 mm,638.1,"no working drawing for this diagram; artwork kept at 1 pt = 10 mm (proportions exact, size nominal); 3 stroked path(s) outlined with Inkscape"
639TL,Waiting prohibited except for loading and unloading during the times and in the direction indicated,On-Street Parking,WAITING_PROHIBITED_EXCEPT_FOR_LOADING_AND_UNLOADING_DURING_THE_TIMES_A_639TL.svg,2770x1880 mm,639.0,"no working drawing for this diagram; artwork kept at 1 pt = 10 mm (proportions exact, size nominal); 4 stroked path(s) outlined with Inkscape"
639NA,Waiting prohibited except for loading and unloading during the period indicated,On-Street Parking,WAITING_PROHIBITED_EXCEPT_FOR_LOADING_AND_UNLOADING_DURING_THE_PERIOD__639NA.svg,2750x1090 mm,639.0,"no working drawing for this diagram; artwork kept at 1 pt = 10 mm (proportions exact, size nominal); 2 stroked path(s) outlined with Inkscape"
639R,Waiting prohibited except for loading and unloading during the period and in the direction indicated,On-Street Parking,WAITING_PROHIBITED_EXCEPT_FOR_LOADING_AND_UNLOADING_DURING_THE_PERIOD__639R.svg,2750x1540 mm,639.0,"no working drawing for this diagram; artwork kept at 1 pt = 10 mm (proportions exact, size nominal); 2 stroked path(s) outlined with Inkscape"
804.3,Parking for motorised caravans or caravans drawn by motor vehicles,On-Street Parking,PARKING_FOR_MOTORISED_CARAVANS_OR_CARAVANS_DRAWN_BY_MOTOR_VEHICLES_804.3.svg,500x259 mm,804.3,500 mm (working drawing p804x3; alternatives 250/375/130/195/200/300)
804.1,Parking place for goods vehicles,On-Street Parking,PARKING_PLACE_FOR_GOODS_VEHICLES_804.1.svg,500x260 mm,804.1,500 mm (working drawing p804x1; alternatives 250/375/130/195/168/252)
804.2,Parking place for motor cars,On-Street Parking,PARKING_PLACE_FOR_MOTOR_CARS_804.2.svg,500x259 mm,804.2,500 mm (working drawing p804x2; alternatives 250/375/130/195/126/182/273)
661.1VC,"Free parking for motor cars only, with restrictions on length of waiting time and return period",On-Street Parking,FREE_PARKING_FOR_MOTOR_CARS_ONLY_WITH_RESTRICTIONS_ON_LENGTH_OF_WAITIN_661.1VC.svg,4105x4468 mm,661.1,"working drawing p661x1 is dimensioned in x-heights: no absolute size; artwork kept at 1 pt = 10 mm (proportions exact, size nominal)"
661.1VM,"Free parking for motor cycles only, with restrictions on length of waiting time and return period",On-Street Parking,FREE_PARKING_FOR_MOTOR_CYCLES_ONLY_WITH_RESTRICTIONS_ON_LENGTH_OF_WAIT_661.1VM.svg,2690x2430 mm,661.1,"working drawing p661x1 is dimensioned in x-heights: no absolute size; artwork kept at 1 pt = 10 mm (proportions exact, size nominal); 2 stroked path(s) outlined with Inkscape"
661.1,"Free parking for all vehicles, with restrictions on length of waiting time and return period",On-Street Parking,FREE_PARKING_FOR_ALL_VEHICLES_WITH_RESTRICTIONS_ON_LENGTH_OF_WAITING_T_661.1.svg,3080x2240 mm,661.1,"working drawing p661x1 is dimensioned in x-heights: no absolute size; artwork kept at 1 pt = 10 mm (proportions exact, size nominal); 6 stroked path(s) outlined with Inkscape"
801,Parking place,On-Street Parking,PARKING_PLACE_801.svg,500x497 mm,801.0,500 mm (working drawing p801; alternatives 250/375/625/750/1000/250/625/750/1000); 1 stroked path(s) outlined with Inkscape; also in DfT category Information signs
804.4,Parking place for solo motor cycles,On-Street Parking,PARKING_PLACE_FOR_SOLO_MOTOR_CYCLES_804.4.svg,500x340 mm,804.4,500 mm (working drawing p804x4; alternatives 250/375/170/120/255/180/180/270)
661A,Parking place reserved for disabled badge holders,On-Street Parking,PARKING_PLACE_RESERVED_FOR_DISABLED_BADGE_HOLDERS_661A.svg,2730x2150 mm,661.01,"no working drawing for this diagram; artwork kept at 1 pt = 10 mm (proportions exact, size nominal); 1 stroked path(s) outlined with Inkscape"
660VD,Parking place reserved for doctor permit holders,On-Street Parking,PARKING_PLACE_RESERVED_FOR_DOCTOR_PERMIT_HOLDERS_660VD.svg,3664x2243 mm,660.0,"no working drawing for this diagram; artwork kept at 1 pt = 10 mm (proportions exact, size nominal)"
661.2A,'Pay and display' ticket-regulated parking place,On-Street Parking,PAY_AND_DISPLAY_TICKET_REGULATED_PARKING_PLACE_661.2A.svg,2650x1900 mm,661.21,"no working drawing for this diagram; artwork kept at 1 pt = 10 mm (proportions exact, size nominal); 3 stroked path(s) outlined with Inkscape"
661.3A,Location of 'pay and display' ticket machine,On-Street Parking,LOCATION_OF_PAY_AND_DISPLAY_TICKET_MACHINE_661.3A.svg,3090x1660 mm,661.31,"no working drawing for this diagram; artwork kept at 1 pt = 10 mm (proportions exact, size nominal); 3 stroked path(s) outlined with Inkscape"
660,Parking place reserved for permit holders,On-Street Parking,PARKING_PLACE_RESERVED_FOR_PERMIT_HOLDERS_660.svg,3382x1779 mm,660.0,"no working drawing for this diagram; artwork kept at 1 pt = 10 mm (proportions exact, size nominal)"
660.3,Parking place reserved for resident permit holders during the time period indicated,On-Street Parking,PARKING_PLACE_RESERVED_FOR_RESIDENT_PERMIT_HOLDERS_DURING_THE_TIME_PER_660.3.svg,2740x2580 mm,660.3,"working drawing p660x3 is dimensioned in x-heights: no absolute size; artwork kept at 1 pt = 10 mm (proportions exact, size nominal); 4 stroked path(s) outlined with Inkscape"
660VR,Parking place reserved for resident permit holders,On-Street Parking,PARKING_PLACE_RESERVED_FOR_RESIDENT_PERMIT_HOLDERS_660VR.svg,3689x2219 mm,660.0,"no working drawing for this diagram; artwork kept at 1 pt = 10 mm (proportions exact, size nominal)"
660.5,Parking place reserved for voucher parking during the period indicated,On-Street Parking,PARKING_PLACE_RESERVED_FOR_VOUCHER_PARKING_DURING_THE_PERIOD_INDICATED_660.5.svg,3100x4550 mm,660.5,"working drawing p660x5 is dimensioned in x-heights: no absolute size; artwork kept at 1 pt = 10 mm (proportions exact, size nominal); 6 stroked path(s) outlined with Inkscape"
639.1B+660.6,"Waiting prohibited during the period indicated (upper panel), and parking place reserved for doctor permit holders during the periods indicated (lower panel)",On-Street Parking,WAITING_PROHIBITED_DURING_THE_PERIOD_INDICATED_UPPER_PANEL_AND_PARKING_639.1B+660.6.svg,2740x4320 mm,660.6,"working drawing p660x6 is dimensioned in x-heights: no absolute size; artwork kept at 1 pt = 10 mm (proportions exact, size nominal); 8 stroked path(s) outlined with Inkscape"
639.1B+660.7,"Waiting prohibited during the periods indicated (upper panel), loading prohibited during periods indicated (middle panel), and 'pay and display' ticket-regulated parking available during the period indicated with directions to ticket machine (Lower p",On-Street Parking,WAITING_PROHIBITED_DURING_THE_PERIODS_INDICATED_UPPER_PANEL_LOADING_PR_639.1B+660.7.svg,2850x5810 mm,660.7,"working drawing p660x7 is dimensioned in x-heights: no absolute size; artwork kept at 1 pt = 10 mm (proportions exact, size nominal); 12 stroked path(s) outlined with Inkscape"
639.1BV,"Waiting prohibited during the periods indicated (upper panel), and parking for all vehicles, with restrictions on length of waiting time and return period (lower panel)",On-Street Parking,WAITING_PROHIBITED_DURING_THE_PERIODS_INDICATED_UPPER_PANEL_AND_PARKIN_639.1BV.svg,3280x3540 mm,639.12,"no working drawing for this diagram; artwork kept at 1 pt = 10 mm (proportions exact, size nominal); 7 stroked path(s) outlined with Inkscape"
660.6V4T,Parking place for permit holders with limited waiting permitted by others at specified times,On-Street Parking,PARKING_PLACE_FOR_PERMIT_HOLDERS_WITH_LIMITED_WAITING_PERMITTED_BY_OTH_660.6V4T.svg,3200x6850 mm,660.6,"working drawing p660x6 is dimensioned in x-heights: no absolute size; artwork kept at 1 pt = 10 mm (proportions exact, size nominal); 11 stroked path(s) outlined with Inkscape"
660.6V1T,Parking place for permit holders with limited waiting permitted by others at specified times,On-Street Parking,PARKING_PLACE_FOR_PERMIT_HOLDERS_WITH_LIMITED_WAITING_PERMITTED_BY_OTH_660.6V1T.svg,3250x4240 mm,660.6,"working drawing p660x6 is dimensioned in x-heights: no absolute size; artwork kept at 1 pt = 10 mm (proportions exact, size nominal); 7 stroked path(s) outlined with Inkscape"
660.6V2T,Parking place for permit holders with limited waiting permitted by others at specified times,On-Street Parking,PARKING_PLACE_FOR_PERMIT_HOLDERS_WITH_LIMITED_WAITING_PERMITTED_BY_OTH_660.6V2T.svg,3280x5170 mm,660.6,"working drawing p660x6 is dimensioned in x-heights: no absolute size; artwork kept at 1 pt = 10 mm (proportions exact, size nominal); 9 stroked path(s) outlined with Inkscape"
667.2,End of area where vehicles may be parked partially on the verge or footway,On-Street Parking,END_OF_AREA_WHERE_VEHICLES_MAY_BE_PARKED_PARTIALLY_ON_THE_VERGE_OR_FOO_667.2.svg,1560x2400 mm,667.2,"working drawing p667x2 is dimensioned in x-heights: no absolute size; artwork kept at 1 pt = 10 mm (proportions exact, size nominal); 1 stroked path(s) outlined with Inkscape"
668.2,End of area where vehicles may be parked wholly on the verge or footway,On-Street Parking,END_OF_AREA_WHERE_VEHICLES_MAY_BE_PARKED_WHOLLY_ON_THE_VERGE_OR_FOOTWA_668.2.svg,1560x2400 mm,668.2,"working drawing p668x2 is dimensioned in x-heights: no absolute size; artwork kept at 1 pt = 10 mm (proportions exact, size nominal); 1 stroked path(s) outlined with Inkscape"
667.1A,Vehicles may be parked partially on the verge or footway in marked bays,On-Street Parking,VEHICLES_MAY_BE_PARKED_PARTIALLY_ON_THE_VERGE_OR_FOOTWAY_IN_MARKED_BAY_667.1A.svg,2130x1960 mm,667.1,"working drawing p667x1 is dimensioned in x-heights: no absolute size; artwork kept at 1 pt = 10 mm (proportions exact, size nominal); 1 stroked path(s) outlined with Inkscape"
667.1,Vehicles may be parked partially on the verge or footway during the period indicated,On-Street Parking,VEHICLES_MAY_BE_PARKED_PARTIALLY_ON_THE_VERGE_OR_FOOTWAY_DURING_THE_PE_667.1.svg,2880x2150 mm,667.1,"working drawing p667x1 is dimensioned in x-heights: no absolute size; artwork kept at 1 pt = 10 mm (proportions exact, size nominal); 1 stroked path(s) outlined with Inkscape"
667,Vehicles may be parked partially on the verge or footway,On-Street Parking,VEHICLES_MAY_BE_PARKED_PARTIALLY_ON_THE_VERGE_OR_FOOTWAY_667.svg,1560x2400 mm,667.0,"working drawing p667 is dimensioned in x-heights: no absolute size; artwork kept at 1 pt = 10 mm (proportions exact, size nominal); 1 stroked path(s) outlined with Inkscape"
668,Vehicles may be parked wholly on the verge or footway,On-Street Parking,VEHICLES_MAY_BE_PARKED_WHOLLY_ON_THE_VERGE_OR_FOOTWAY_668.svg,1560x2400 mm,668.0,"working drawing p668 is dimensioned in x-heights: no absolute size; artwork kept at 1 pt = 10 mm (proportions exact, size nominal); 1 stroked path(s) outlined with Inkscape"
660.4G,Bay reserved for loading and unloading by goods vehicles,On-Street Parking,BAY_RESERVED_FOR_LOADING_AND_UNLOADING_BY_GOODS_VEHICLES_660.4G.svg,4365x2740 mm,660.4,"working drawing p660x4 is dimensioned in x-heights: no absolute size; artwork kept at 1 pt = 10 mm (proportions exact, size nominal)"
660.4GT,Bay reserved for loading and unloading by goods vehicles during the period indicated,On-Street Parking,BAY_RESERVED_FOR_LOADING_AND_UNLOADING_BY_GOODS_VEHICLES_DURING_THE_PE_660.4GT.svg,2610x2490 mm,660.4,"working drawing p660x4 is dimensioned in x-heights: no absolute size; artwork kept at 1 pt = 10 mm (proportions exact, size nominal); 4 stroked path(s) outlined with Inkscape"
939.1B+660.4GT,"Bay reserved for loading and unloading by goods vehicles during the period indicated, and waiting prohibited during the period indicated",On-Street Parking,BAY_RESERVED_FOR_LOADING_AND_UNLOADING_BY_GOODS_VEHICLES_DURING_THE_PE_939.1B+660.4GT.svg,2600x4680 mm,660.4,"working drawing p660x4 is dimensioned in x-heights: no absolute size; artwork kept at 1 pt = 10 mm (proportions exact, size nominal); 9 stroked path(s) outlined with Inkscape"
660.4,Bay reserved for loading and unloading,On-Street Parking,BAY_RESERVED_FOR_LOADING_AND_UNLOADING_660.4.svg,4313x1983 mm,660.4,"working drawing p660x4 is dimensioned in x-heights: no absolute size; artwork kept at 1 pt = 10 mm (proportions exact, size nominal)"
663V1,Entrance to a controlled parking zone,On-Street Parking,ENTRANCE_TO_A_CONTROLLED_PARKING_ZONE_663V1.svg,4425x5138 mm,663.0,"working drawing p663 is dimensioned in x-heights: no absolute size; artwork kept at 1 pt = 10 mm (proportions exact, size nominal)"
663,Entrance to a controlled parking zone in operation during the period indicated,On-Street Parking,ENTRANCE_TO_A_CONTROLLED_PARKING_ZONE_IN_OPERATION_DURING_THE_PERIOD_I_663.svg,4425x7510 mm,663.0,"working drawing p663 is dimensioned in x-heights: no absolute size; artwork kept at 1 pt = 10 mm (proportions exact, size nominal)"
664,End of controlled or voucher parking zone,On-Street Parking,END_OF_CONTROLLED_OR_VOUCHER_PARKING_ZONE_664.svg,3259x5237 mm,664.0,"working drawing p664 is dimensioned in x-heights: no absolute size; artwork kept at 1 pt = 10 mm (proportions exact, size nominal)"
663V2,"Entrance to a controlled parking zone, with loading and unloading prohibited",On-Street Parking,ENTRANCE_TO_A_CONTROLLED_PARKING_ZONE_WITH_LOADING_AND_UNLOADING_PROHI_663V2.svg,4425x5972 mm,663.0,"working drawing p663 is dimensioned in x-heights: no absolute size; artwork kept at 1 pt = 10 mm (proportions exact, size nominal)"
663V3,Entrance to a disc and meter parking zone,On-Street Parking,ENTRANCE_TO_A_DISC_AND_METER_PARKING_ZONE_663V3.svg,4425x5857 mm,663.0,"working drawing p663 is dimensioned in x-heights: no absolute size; artwork kept at 1 pt = 10 mm (proportions exact, size nominal)"
663V4,Entrance to a disc parking zone,On-Street Parking,ENTRANCE_TO_A_DISC_PARKING_ZONE_663V4.svg,4425x5122 mm,663.0,"working drawing p663 is dimensioned in x-heights: no absolute size; artwork kept at 1 pt = 10 mm (proportions exact, size nominal)"
640.5,End of designated off-highway loading area in which waiting restriction apply,On-Street Parking,END_OF_DESIGNATED_OFF_HIGHWAY_LOADING_AREA_IN_WHICH_WAITING_RESTRICTIO_640.5.svg,3001x1456 mm,640.5,"working drawing p640x5 is dimensioned in x-heights: no absolute size; artwork kept at 1 pt = 10 mm (proportions exact, size nominal)"
640.3,Entrance to a designated off-highway loading area in which waiting restrictions apply,On-Street Parking,ENTRANCE_TO_A_DESIGNATED_OFF_HIGHWAY_LOADING_AREA_IN_WHICH_WAITING_RES_640.3.svg,4049x3545 mm,640.3,"working drawing p640x3 is dimensioned in x-heights: no absolute size; artwork kept at 1 pt = 10 mm (proportions exact, size nominal)"
640.4,Waiting prohibited in designated off-highway loading area during the period indicated except by permitted vehicles,On-Street Parking,WAITING_PROHIBITED_IN_DESIGNATED_OFF_HIGHWAY_LOADING_AREA_DURING_THE_P_640.4.svg,3937x2839 mm,640.4,"working drawing p640x4 is dimensioned in x-heights: no absolute size; artwork kept at 1 pt = 10 mm (proportions exact, size nominal)"
663V5,Entrance to a meter parking zone,On-Street Parking,ENTRANCE_TO_A_METER_PARKING_ZONE_663V5.svg,4425x5122 mm,663.0,"working drawing p663 is dimensioned in x-heights: no absolute size; artwork kept at 1 pt = 10 mm (proportions exact, size nominal)"
663V6,Entrance to a pay and display parking zone,On-Street Parking,ENTRANCE_TO_A_PAY_AND_DISPLAY_PARKING_ZONE_663V6.svg,4425x5857 mm,663.0,"working drawing p663 is dimensioned in x-heights: no absolute size; artwork kept at 1 pt = 10 mm (proportions exact, size nominal)"
663V7,Entrance to a ticket parking zone,On-Street Parking,ENTRANCE_TO_A_TICKET_PARKING_ZONE_663V7.svg,4425x5122 mm,663.0,"working drawing p663 is dimensioned in x-heights: no absolute size; artwork kept at 1 pt = 10 mm (proportions exact, size nominal)"
640.2A,Waiting by goods vehicles over a gross weight of 5T prohibited during the periods and in the direction indicated,On-Street Parking,WAITING_BY_GOODS_VEHICLES_OVER_A_GROSS_WEIGHT_OF_5T_PROHIBITED_DURING__640.2A.svg,47302x52079 mm,640.21,"no working drawing for this diagram; artwork kept at 1 pt = 10 mm (proportions exact, size nominal)"
666,End of a controlled parking zone applying to goods vehicles over a gross weight of 5T,On-Street Parking,END_OF_A_CONTROLLED_PARKING_ZONE_APPLYING_TO_GOODS_VEHICLES_OVER_A_GRO_666.svg,16106x32886 mm,666.0,"working drawing p666 is dimensioned in x-heights: no absolute size; artwork kept at 1 pt = 10 mm (proportions exact, size nominal)"
665,Entrance to a controlled parking zone applying to goods vehicles over a gross weight of 5T during the period indicated,On-Street Parking,ENTRANCE_TO_A_CONTROLLED_PARKING_ZONE_APPLYING_TO_GOODS_VEHICLES_OVER__665.svg,3548x8136 mm,665.0,"working drawing p665 is dimensioned in x-heights: no absolute size; artwork kept at 1 pt = 10 mm (proportions exact, size nominal)"
666V,End of a controlled parking zone applying to goods vehicles over a gross weight of 7.5T,On-Street Parking,END_OF_A_CONTROLLED_PARKING_ZONE_APPLYING_TO_GOODS_VEHICLES_OVER_A_GRO_666V.svg,16106x32886 mm,666.0,"working drawing p666 is dimensioned in x-heights: no absolute size; artwork kept at 1 pt = 10 mm (proportions exact, size nominal)"
665V,Entrance to a controlled parking zone applying to goods vehicles over a gross weight of 7.5T during the period indicated,On-Street Parking,ENTRANCE_TO_A_CONTROLLED_PARKING_ZONE_APPLYING_TO_GOODS_VEHICLES_OVER__665V.svg,3548x8136 mm,665.0,"working drawing p665 is dimensioned in x-heights: no absolute size; artwork kept at 1 pt = 10 mm (proportions exact, size nominal)"
662,Disc zone parking place where the waiting period is limited and display of a disc is required,On-Street Parking,DISC_ZONE_PARKING_PLACE_WHERE_THE_WAITING_PERIOD_IS_LIMITED_AND_DISPLA_662.svg,4178x3875 mm,662.0,"no working drawing for this diagram; artwork kept at 1 pt = 10 mm (proportions exact, size nominal)"
663.1,Entrance to voucher parking zone in operation during the period indicated,On-Street Parking,ENTRANCE_TO_VOUCHER_PARKING_ZONE_IN_OPERATION_DURING_THE_PERIOD_INDICA_663.1.svg,5000x7820 mm,663.1,"working drawing p663x1 is dimensioned in x-heights: no absolute size; artwork kept at 1 pt = 10 mm (proportions exact, size nominal); 1 stroked path(s) outlined with Inkscape"
642,No stopping on main carriageway,On-Street Parking,NO_STOPPING_ON_MAIN_CARRIAGEWAY_642.svg,600x600 mm,642.0,600 mm (working drawing p642; alternatives 300/450/750/900/1200)
570V,Hazard or prohibition extends for 7 miles,On-Street Parking,HAZARD_OR_PROHIBITION_EXTENDS_FOR_7_MILES_570V.svg,1550x1020 mm,570.0,"no working drawing for this diagram; artwork kept at 1 pt = 10 mm (proportions exact, size nominal); 1 stroked path(s) outlined with Inkscape"
637.1F,Continuous prohibition on waiting except loading and unloading on the footway,On-Street Parking,CONTINUOUS_PROHIBITION_ON_WAITING_EXCEPT_LOADING_AND_UNLOADING_ON_THE__637.1F.svg,3652x2925 mm,637.1,"working drawing p637x1 is dimensioned in x-heights: no absolute size; artwork kept at 1 pt = 10 mm (proportions exact, size nominal)"
637.1V,Continuous prohibition on waiting except loading and unloading on the verge,On-Street Parking,CONTINUOUS_PROHIBITION_ON_WAITING_EXCEPT_LOADING_AND_UNLOADING_ON_THE__637.1V.svg,3394x2920 mm,637.1,"working drawing p637x1 is dimensioned in x-heights: no absolute size; artwork kept at 1 pt = 10 mm (proportions exact, size nominal)"
637.1,Continuous prohibition on waiting except loading and unloading on verge or footway,On-Street Parking,CONTINUOUS_PROHIBITION_ON_WAITING_EXCEPT_LOADING_AND_UNLOADING_ON_VERG_637.1.svg,3575x3490 mm,637.1,"working drawing p637x1 is dimensioned in x-heights: no absolute size; artwork kept at 1 pt = 10 mm (proportions exact, size nominal)"
647,End of restriction on stopping,On-Street Parking,END_OF_RESTRICTION_ON_STOPPING_647.svg,4838x3405 mm,647.0,"working drawing p647 is dimensioned in x-heights: no absolute size; artwork kept at 1 pt = 10 mm (proportions exact, size nominal)"
646,No stopping during periods indicated except to pick up or set down passengers,On-Street Parking,NO_STOPPING_DURING_PERIODS_INDICATED_EXCEPT_TO_PICK_UP_OR_SET_DOWN_PAS_646.svg,5465x3600 mm,646.0,"working drawing p646 is dimensioned in x-heights: no absolute size; artwork kept at 1 pt = 10 mm (proportions exact, size nominal)"
642.3,No stopping in lay-by except in emergency,On-Street Parking,NO_STOPPING_IN_LAY_BY_EXCEPT_IN_EMERGENCY_642.3.svg,6237x4810 mm,642.3,"working drawing p642x3 is dimensioned in x-heights: no absolute size; artwork kept at 1 pt = 10 mm (proportions exact, size nominal)"
DR507,No stopping for any purpose at any time,On-Street Parking,NO_STOPPING_FOR_ANY_PURPOSE_AT_ANY_TIME_DR507.svg,2350x1940 mm,0.0,"no working drawing for this diagram; artwork kept at 1 pt = 10 mm (proportions exact, size nominal); 2 stroked path(s) outlined with Inkscape"
SR504,No stopping for any purpose during the period indicated,On-Street Parking,NO_STOPPING_FOR_ANY_PURPOSE_DURING_THE_PERIOD_INDICATED_SR504.svg,2350x2410 mm,0.0,"no working drawing for this diagram; artwork kept at 1 pt = 10 mm (proportions exact, size nominal); 3 stroked path(s) outlined with Inkscape"
DR508,No stopping for any purpose at any time except buses,On-Street Parking,NO_STOPPING_FOR_ANY_PURPOSE_AT_ANY_TIME_EXCEPT_BUSES_DR508.svg,2480x2320 mm,0.0,"no working drawing for this diagram; artwork kept at 1 pt = 10 mm (proportions exact, size nominal); 2 stroked path(s) outlined with Inkscape"
CW701,Entrance to red route clearway,On-Street Parking,ENTRANCE_TO_RED_ROUTE_CLEARWAY_CW701.svg,2420x3360 mm,0.0,"no working drawing for this diagram; artwork kept at 1 pt = 10 mm (proportions exact, size nominal); 1 stroked path(s) outlined with Inkscape"
650.1,Prohibition on stopping by vehicles other than taxis during the period indicated,On-Street Parking,PROHIBITION_ON_STOPPING_BY_VEHICLES_OTHER_THAN_TAXIS_DURING_THE_PERIOD_650.1.svg,4719x3794 mm,650.1,"no working drawing for this diagram; artwork kept at 1 pt = 10 mm (proportions exact, size nominal)"
650.3,Continuous prohibition on waiting by vehicles with an exemption for taxis during the period indicated,On-Street Parking,CONTINUOUS_PROHIBITION_ON_WAITING_BY_VEHICLES_WITH_AN_EXEMPTION_FOR_TA_650.3.svg,2340x1820 mm,650.3,"no working drawing for this diagram; artwork kept at 1 pt = 10 mm (proportions exact, size nominal); 3 stroked path(s) outlined with Inkscape"
639.1B,"Prohibition on waiting by vehicles other than taxis during the period indicated (upper panel), and carriage way reserved for loading and unloading of goods vehicles during the period indicated",On-Street Parking,PROHIBITION_ON_WAITING_BY_VEHICLES_OTHER_THAN_TAXIS_DURING_THE_PERIOD__639.1B.svg,2610x4320 mm,639.12,"no working drawing for this diagram; artwork kept at 1 pt = 10 mm (proportions exact, size nominal); 8 stroked path(s) outlined with Inkscape"
857.1,Information relating to a taxi rank for the number of taxis specified,On-Street Parking,INFORMATION_RELATING_TO_A_TAXI_RANK_FOR_THE_NUMBER_OF_TAXIS_SPECIFIED_857.1.svg,5843x4275 mm,857.1,"working drawing p857x1 is dimensioned in x-heights: no absolute size; artwork kept at 1 pt = 10 mm (proportions exact, size nominal)"
557.4,Road hump to the right and at 20 yards,Traffic Calming,ROAD_HUMP_TO_THE_RIGHT_AND_AT_20_YARDS_557.4.svg,5014x2201 mm,557.4,"no working drawing for this diagram; artwork kept at 1 pt = 10 mm (proportions exact, size nominal)"
557.3,Road humps ahead to the right for 300 yards,Traffic Calming,ROAD_HUMPS_AHEAD_TO_THE_RIGHT_FOR_300_YARDS_557.3.svg,4158x2861 mm,557.3,"no working drawing for this diagram; artwork kept at 1 pt = 10 mm (proportions exact, size nominal)"
557.2,Road humps ahead for half a mile,Traffic Calming,ROAD_HUMPS_AHEAD_FOR_HALF_A_MILE_557.2.svg,4158x1965 mm,557.2,"no working drawing for this diagram; artwork kept at 1 pt = 10 mm (proportions exact, size nominal)"
557.1,Road hump or series of road humps ahead,Traffic Calming,ROAD_HUMP_OR_SERIES_OF_ROAD_HUMPS_AHEAD_557.1.svg,600x527 mm,557.1,600 mm (working drawing p557x1; alternatives 750/900/1200)
883,Start of area with traffic calming features,Traffic Calming,START_OF_AREA_WITH_TRAFFIC_CALMING_FEATURES_883.svg,2000x1780 mm,883.0,"working drawing p883 is dimensioned in x-heights: no absolute size; artwork kept at 1 pt = 10 mm (proportions exact, size nominal); 1 stroked path(s) outlined with Inkscape"
547.8,Crossing on road hump ahead,Traffic Calming,CROSSING_ON_ROAD_HUMP_AHEAD_547.8.svg,1790x1030 mm,547.8,"working drawing p547x8 is dimensioned in x-heights: no absolute size; artwork kept at 1 pt = 10 mm (proportions exact, size nominal); 1 stroked path(s) outlined with Inkscape"
811,Traffic has priority over vehicles from the opposite direction,Traffic Calming,TRAFFIC_HAS_PRIORITY_OVER_VEHICLES_FROM_THE_OPPOSITE_DIRECTION_811.svg,614x700 mm,811.0,700 mm (working drawing p811; alternatives 525/875/1050/1400/600/1000/1200/1600); 1 stroked path(s) outlined with Inkscape
811.1,Traffic has priority over vehicles from the opposite direction,Traffic Calming,TRAFFIC_HAS_PRIORITY_OVER_VEHICLES_FROM_THE_OPPOSITE_DIRECTION_811.1.svg,3987x2203 mm,811.1,"no working drawing for this diagram; artwork kept at 1 pt = 10 mm (proportions exact, size nominal)"
881A,Start of a designated home zone,Traffic Calming,START_OF_A_DESIGNATED_HOME_ZONE_881A.svg,1160x1460 mm,881.0,"working drawing p881 is dimensioned in x-heights: no absolute size; artwork kept at 1 pt = 10 mm (proportions exact, size nominal); 1 stroked path(s) outlined with Inkscape"
884V,Start of a designated quiet lane in England,Traffic Calming,START_OF_A_DESIGNATED_QUIET_LANE_IN_ENGLAND_884V.svg,1160x1630 mm,884.0,"working drawing p884 is dimensioned in x-heights: no absolute size; artwork kept at 1 pt = 10 mm (proportions exact, size nominal); 1 stroked path(s) outlined with Inkscape"
885,End of designated quiet lane in England,Traffic Calming,END_OF_DESIGNATED_QUIET_LANE_IN_ENGLAND_885.svg,1154x1621 mm,885.0,"working drawing p885 is dimensioned in x-heights: no absolute size; artwork kept at 1 pt = 10 mm (proportions exact, size nominal); 1 stroked path(s) outlined with Inkscape"
884,Start of a designated quiet lane in England,Traffic Calming,START_OF_A_DESIGNATED_QUIET_LANE_IN_ENGLAND_884.svg,1160x1460 mm,884.0,"working drawing p884 is dimensioned in x-heights: no absolute size; artwork kept at 1 pt = 10 mm (proportions exact, size nominal); 1 stroked path(s) outlined with Inkscape"
2902.1,"Direction to a motorway at the junction shown, indicating route number",Motorway Signs,DIRECTION_TO_A_MOTORWAY_AT_THE_JUNCTION_SHOWN_INDICATING_ROUTE_NUMBER_2902.1.svg,1870x1550 mm,2902.1,"no working drawing for this diagram; artwork kept at 1 pt = 10 mm (proportions exact, size nominal); 1 stroked path(s) outlined with Inkscape"
2902,"Direction to a motorway at the junction shown, indicating route number and destination reached along the motorway",Motorway Signs,DIRECTION_TO_A_MOTORWAY_AT_THE_JUNCTION_SHOWN_INDICATING_ROUTE_NUMBER__2902.svg,3610x1120 mm,2902.0,"no working drawing for this diagram; artwork kept at 1 pt = 10 mm (proportions exact, size nominal); 1 stroked path(s) outlined with Inkscape"
2910,Number of route reached from a motorway exit road,Motorway Signs,NUMBER_OF_ROUTE_REACHED_FROM_A_MOTORWAY_EXIT_ROAD_2910.svg,5160x2640 mm,2910.0,"no working drawing for this diagram; artwork kept at 1 pt = 10 mm (proportions exact, size nominal); 1 stroked path(s) outlined with Inkscape"
2910.1,Number of route reached from a motorway exit road,Motorway Signs,NUMBER_OF_ROUTE_REACHED_FROM_A_MOTORWAY_EXIT_ROAD_2910.1.svg,3780x3520 mm,2910.1,"no working drawing for this diagram; artwork kept at 1 pt = 10 mm (proportions exact, size nominal); 1 stroked path(s) outlined with Inkscape"
825,100 yards to a roundabout or the next point at which traffic may leave a route,Motorway Signs,100_YARDS_TO_A_ROUNDABOUT_OR_THE_NEXT_POINT_AT_WHICH_TRAFFIC_MAY_LEAVE_825.svg,1140x1930 mm,825.0,"no working drawing for this diagram; artwork kept at 1 pt = 10 mm (proportions exact, size nominal); 1 stroked path(s) outlined with Inkscape"
824,200 yards to a roundabout or the next point at which traffic may leave a route,Motorway Signs,200_YARDS_TO_A_ROUNDABOUT_OR_THE_NEXT_POINT_AT_WHICH_TRAFFIC_MAY_LEAVE_824.svg,1140x1930 mm,824.0,"no working drawing for this diagram; artwork kept at 1 pt = 10 mm (proportions exact, size nominal); 1 stroked path(s) outlined with Inkscape"
823,300 yards to a roundabout or the next point at which traffic may leave a route,Motorway Signs,300_YARDS_TO_A_ROUNDABOUT_OR_THE_NEXT_POINT_AT_WHICH_TRAFFIC_MAY_LEAVE_823.svg,1140x1930 mm,823.0,"no size figure read from working drawing p823; artwork kept at 1 pt = 10 mm (proportions exact, size nominal); 1 stroked path(s) outlined with Inkscape"
2903,"Motorway junction ahead, displaying the route number and destination reached by taking this route",Motorway Signs,MOTORWAY_JUNCTION_AHEAD_DISPLAYING_THE_ROUTE_NUMBER_AND_DESTINATION_RE_2903.svg,2700x1690 mm,2903.0,"no working drawing for this diagram; artwork kept at 1 pt = 10 mm (proportions exact, size nominal); 1 stroked path(s) outlined with Inkscape"
2906,"Motorway junction, displaying route number and destination reached as well as destination reached by remaining on the motorway",Motorway Signs,MOTORWAY_JUNCTION_DISPLAYING_ROUTE_NUMBER_AND_DESTINATION_REACHED_AS_W_2906.svg,760x920 mm,2906.0,"no working drawing for this diagram; artwork kept at 1 pt = 10 mm (proportions exact, size nominal); 1 stroked path(s) outlined with Inkscape"
823R,300 yards to a roundabout or the next point at which traffic may leave a route,Motorway Signs,300_YARDS_TO_A_ROUNDABOUT_OR_THE_NEXT_POINT_AT_WHICH_TRAFFIC_MAY_LEAVE_823R.svg,1140x1930 mm,823.0,"no size figure read from working drawing p823; artwork kept at 1 pt = 10 mm (proportions exact, size nominal); 1 stroked path(s) outlined with Inkscape"
824R,200 yards to a roundabout or the next point at which traffic may leave a route,Motorway Signs,200_YARDS_TO_A_ROUNDABOUT_OR_THE_NEXT_POINT_AT_WHICH_TRAFFIC_MAY_LEAVE_824R.svg,1140x1930 mm,824.0,"no working drawing for this diagram; artwork kept at 1 pt = 10 mm (proportions exact, size nominal); 1 stroked path(s) outlined with Inkscape"
825R,100 yards to a roundabout or the next point at which traffic may leave a route,Motorway Signs,100_YARDS_TO_A_ROUNDABOUT_OR_THE_NEXT_POINT_AT_WHICH_TRAFFIC_MAY_LEAVE_825R.svg,1140x1930 mm,825.0,"no working drawing for this diagram; artwork kept at 1 pt = 10 mm (proportions exact, size nominal); 1 stroked path(s) outlined with Inkscape"
2912,Junction ahead with another motorway,Motorway Signs,JUNCTION_AHEAD_WITH_ANOTHER_MOTORWAY_2912.svg,6330x3820 mm,2912.0,"working drawing p2912 is dimensioned in x-heights: no absolute size; artwork kept at 1 pt = 10 mm (proportions exact, size nominal); 1 stroked path(s) outlined with Inkscape"
873+876,Additional traffic lane joining from the left ahead in 200 yards. Traffic on the main carriageway has priority over joining traffic,Motorway Signs,ADDITIONAL_TRAFFIC_LANE_JOINING_FROM_THE_LEFT_AHEAD_IN_200_YARDS_TRAFF_873+876.svg,2320x3120 mm,873.0,"no size figure read from working drawing p873; artwork kept at 1 pt = 10 mm (proportions exact, size nominal); 1 stroked path(s) outlined with Inkscape"
874,Additional traffic lanes joining from the right ahead. Traffic on the main carriageway has priority over joining traffic,Motorway Signs,ADDITIONAL_TRAFFIC_LANES_JOINING_FROM_THE_RIGHT_AHEAD_TRAFFIC_ON_THE_M_874.svg,2240x2920 mm,874.0,"no working drawing for this diagram; artwork kept at 1 pt = 10 mm (proportions exact, size nominal); 1 stroked path(s) outlined with Inkscape"
868.1M,Additional traffic lane joining from the left ahead,Motorway Signs,ADDITIONAL_TRAFFIC_LANE_JOINING_FROM_THE_LEFT_AHEAD_868.1M.svg,1770x2200 mm,868.1,"no working drawing for this diagram; artwork kept at 1 pt = 10 mm (proportions exact, size nominal); 1 stroked path(s) outlined with Inkscape"
868M,Additional traffic lane joining from the right ahead,Motorway Signs,ADDITIONAL_TRAFFIC_LANE_JOINING_FROM_THE_RIGHT_AHEAD_868M.svg,2150x1390 mm,868.0,"no working drawing for this diagram; artwork kept at 1 pt = 10 mm (proportions exact, size nominal); 1 stroked path(s) outlined with Inkscape"
877M,Appropriate traffic lanes for different manoeuvres at a junction ahead,Motorway Signs,APPROPRIATE_TRAFFIC_LANES_FOR_DIFFERENT_MANOEUVRES_AT_A_JUNCTION_AHEAD_877M.svg,2930x1490 mm,877.0,"working drawing p877 is dimensioned in x-heights: no absolute size; artwork kept at 1 pt = 10 mm (proportions exact, size nominal); 1 stroked path(s) outlined with Inkscape"
2927,Motorway junction ahead leading to a town or geographical area containing several tourist attractions and a Tourist Information Point or Centre,Motorway Signs,MOTORWAY_JUNCTION_AHEAD_LEADING_TO_A_TOWN_OR_GEOGRAPHICAL_AREA_CONTAIN_2927.svg,3120x3210 mm,2927.0,"no working drawing for this diagram; artwork kept at 1 pt = 10 mm (proportions exact, size nominal); 1 stroked path(s) outlined with Inkscape"
2925,Roundabout ahead leading from a motorway exit slip road to the tourist attractions shown,Motorway Signs,ROUNDABOUT_AHEAD_LEADING_FROM_A_MOTORWAY_EXIT_SLIP_ROAD_TO_THE_TOURIST_2925.svg,4140x2580 mm,2925.0,"no working drawing for this diagram; artwork kept at 1 pt = 10 mm (proportions exact, size nominal); 1 stroked path(s) outlined with Inkscape"
2924,Junction ahead from a motorway exit slip road to the tourist attractions shown,Motorway Signs,JUNCTION_AHEAD_FROM_A_MOTORWAY_EXIT_SLIP_ROAD_TO_THE_TOURIST_ATTRACTIO_2924.svg,4750x1710 mm,2926.0,"no working drawing for this diagram; artwork kept at 1 pt = 10 mm (proportions exact, size nominal); 1 stroked path(s) outlined with Inkscape"
2926,Junction ahead from a motorway exit slip road to the tourist attractions shown,Motorway Signs,JUNCTION_AHEAD_FROM_A_MOTORWAY_EXIT_SLIP_ROAD_TO_THE_TOURIST_ATTRACTIO_2926.svg,4080x1570 mm,2924.0,"no working drawing for this diagram; artwork kept at 1 pt = 10 mm (proportions exact, size nominal); 1 stroked path(s) outlined with Inkscape"
2927.1,Exit from a motorway at a junction ahead that should be used for a tourist attraction,Motorway Signs,EXIT_FROM_A_MOTORWAY_AT_A_JUNCTION_AHEAD_THAT_SHOULD_BE_USED_FOR_A_TOU_2927.1.svg,2440x1680 mm,2927.1,"no working drawing for this diagram; artwork kept at 1 pt = 10 mm (proportions exact, size nominal); 1 stroked path(s) outlined with Inkscape"
2920.1,Direction to a named service area and showing the name of the operator,Motorway Signs,DIRECTION_TO_A_NAMED_SERVICE_AREA_AND_SHOWING_THE_NAME_OF_THE_OPERATOR_2920.1.svg,6040x3280 mm,2920.1,"no working drawing for this diagram; artwork kept at 1 pt = 10 mm (proportions exact, size nominal); 1 stroked path(s) outlined with Inkscape"
2918,10 miles to the next motorway service area,Motorway Signs,10_MILES_TO_THE_NEXT_MOTORWAY_SERVICE_AREA_2918.svg,4530x2860 mm,2918.0,"working drawing p2918 is dimensioned in x-heights: no absolute size; artwork kept at 1 pt = 10 mm (proportions exact, size nominal); 1 stroked path(s) outlined with Inkscape"
2917V,Availability of motorway service areas ahead with distances,Motorway Signs,AVAILABILITY_OF_MOTORWAY_SERVICE_AREAS_AHEAD_WITH_DISTANCES_2917V.svg,2160x2020 mm,2917.0,"working drawing p2917 is dimensioned in x-heights: no absolute size; artwork kept at 1 pt = 10 mm (proportions exact, size nominal); 1 stroked path(s) outlined with Inkscape"
2917,Availability of motorway service areas ahead with distances and names of operators,Motorway Signs,AVAILABILITY_OF_MOTORWAY_SERVICE_AREAS_AHEAD_WITH_DISTANCES_AND_NAMES__2917.svg,8560x5280 mm,2917.0,"working drawing p2917 is dimensioned in x-heights: no absolute size; artwork kept at 1 pt = 10 mm (proportions exact, size nominal); 1 stroked path(s) outlined with Inkscape"
2918.1,Services are not available on motorway ahead,Motorway Signs,SERVICES_ARE_NOT_AVAILABLE_ON_MOTORWAY_AHEAD_2918.1.svg,6420x2630 mm,2330.0,"working drawing p2330 is dimensioned in x-heights: no absolute size; artwork kept at 1 pt = 10 mm (proportions exact, size nominal); 1 stroked path(s) outlined with Inkscape"
2921,Entrance to a motorway service area,Motorway Signs,ENTRANCE_TO_A_MOTORWAY_SERVICE_AREA_2921.svg,2050x660 mm,2921.0,"no working drawing for this diagram; artwork kept at 1 pt = 10 mm (proportions exact, size nominal); 1 stroked path(s) outlined with Inkscape"
2921.1,Entrance to a motorway service area at a junction ahead on a motorway slip road,Motorway Signs,ENTRANCE_TO_A_MOTORWAY_SERVICE_AREA_AT_A_JUNCTION_AHEAD_ON_A_MOTORWAY__2921.1.svg,2350x880 mm,2921.1,"no working drawing for this diagram; artwork kept at 1 pt = 10 mm (proportions exact, size nominal); 1 stroked path(s) outlined with Inkscape"
2713,Direction to the nearest emergency telephone on the same side of the road,Motorway Signs,DIRECTION_TO_THE_NEAREST_EMERGENCY_TELEPHONE_ON_THE_SAME_SIDE_OF_THE_R_2713.svg,2928x4278 mm,2713.0,"no size figure read from working drawing p2713; artwork kept at 1 pt = 10 mm (proportions exact, size nominal)"
2915,Route to be followed at a junction ahead on a motorway for destinations that are not otherwise shown on signs for that junction,Motorway Signs,ROUTE_TO_BE_FOLLOWED_AT_A_JUNCTION_AHEAD_ON_A_MOTORWAY_FOR_DESTINATION_2915.svg,2690x1000 mm,2915.0,"no working drawing for this diagram; artwork kept at 1 pt = 10 mm (proportions exact, size nominal); 1 stroked path(s) outlined with Inkscape"
2928,County boundary sign,Motorway Signs,COUNTY_BOUNDARY_SIGN_2928.svg,4460x870 mm,2928.0,"working drawing p2928 is dimensioned in x-heights: no absolute size; artwork kept at 1 pt = 10 mm (proportions exact, size nominal); 1 stroked path(s) outlined with Inkscape"
2911,Route number of the motorway with destinations and distances to places along or reached from that route,Motorway Signs,ROUTE_NUMBER_OF_THE_MOTORWAY_WITH_DESTINATIONS_AND_DISTANCES_TO_PLACES_2911.svg,4240x3110 mm,2911.0,"no working drawing for this diagram; artwork kept at 1 pt = 10 mm (proportions exact, size nominal); 1 stroked path(s) outlined with Inkscape"
820.1,No hard shoulder available for 400 yards,Motorway Signs,NO_HARD_SHOULDER_AVAILABLE_FOR_400_YARDS_820.1.svg,6170x3540 mm,820.1,"working drawing p820x1 is dimensioned in x-heights: no absolute size; artwork kept at 1 pt = 10 mm (proportions exact, size nominal); 1 stroked path(s) outlined with Inkscape"
2922,Entrance for works traffic only,Motorway Signs,ENTRANCE_FOR_WORKS_TRAFFIC_ONLY_2922.svg,7210x2630 mm,2922.0,"working drawing p2922 is dimensioned in x-heights: no absolute size; artwork kept at 1 pt = 10 mm (proportions exact, size nominal); 1 stroked path(s) outlined with Inkscape"
2934,Drivers should check their distance from the vehicle in front,Motorway Signs,DRIVERS_SHOULD_CHECK_THEIR_DISTANCE_FROM_THE_VEHICLE_IN_FRONT_2934.svg,2870x1330 mm,2934.0,"working drawing p2934 is dimensioned in x-heights: no absolute size; artwork kept at 1 pt = 10 mm (proportions exact, size nominal); 1 stroked path(s) outlined with Inkscape"
2929,"Motorway junction ahead leading to a route advised for goods vehicles to the destination shown, which may differ from that for other traffic",Motorway Signs,MOTORWAY_JUNCTION_AHEAD_LEADING_TO_A_ROUTE_ADVISED_FOR_GOODS_VEHICLES__2929.svg,6071x4046 mm,2929.0,"no working drawing for this diagram; artwork kept at 1 pt = 10 mm (proportions exact, size nominal); 1 stroked path(s) outlined with Inkscape"
2929.1,Exit from a motorway junction ahead that should be used for a destination along the route advised for goods vehicles,Motorway Signs,EXIT_FROM_A_MOTORWAY_JUNCTION_AHEAD_THAT_SHOULD_BE_USED_FOR_A_DESTINAT_2929.1.svg,3070x2360 mm,2929.1,"no working drawing for this diagram; artwork kept at 1 pt = 10 mm (proportions exact, size nominal); 1 stroked path(s) outlined with Inkscape"
2933,Drivers should keep a distance of two chevron markings from the vehicle in front,Motorway Signs,DRIVERS_SHOULD_KEEP_A_DISTANCE_OF_TWO_CHEVRON_MARKINGS_FROM_THE_VEHICL_2933.svg,2830x2710 mm,2933.0,"working drawing p2933 is dimensioned in x-heights: no absolute size; artwork kept at 1 pt = 10 mm (proportions exact, size nominal); 1 stroked path(s) outlined with Inkscape"
2934V,Drivers should keep their distance from the vehicle in front,Motorway Signs,DRIVERS_SHOULD_KEEP_THEIR_DISTANCE_FROM_THE_VEHICLE_IN_FRONT_2934V.svg,2630x1330 mm,2934.0,"working drawing p2934 is dimensioned in x-heights: no absolute size; artwork kept at 1 pt = 10 mm (proportions exact, size nominal); 1 stroked path(s) outlined with Inkscape"
2930,"End of motorway regulations, including the national speed limit in 1 mile",Motorway Signs,END_OF_MOTORWAY_REGULATIONS_INCLUDING_THE_NATIONAL_SPEED_LIMIT_IN_1_MI_2930.svg,4470x6560 mm,2930.0,"working drawing p2930 is dimensioned in x-heights: no absolute size; artwork kept at 1 pt = 10 mm (proportions exact, size nominal); 1 stroked path(s) outlined with Inkscape"
2931,"End of motorway regulations, including the national speed limit",Motorway Signs,END_OF_MOTORWAY_REGULATIONS_INCLUDING_THE_NATIONAL_SPEED_LIMIT_2931.svg,4470x4440 mm,2931.0,"no size figure read from working drawing p2931; artwork kept at 1 pt = 10 mm (proportions exact, size nominal); 1 stroked path(s) outlined with Inkscape"
2932,"Entrance to motorway service area, or similar facility within the length of a motorway where motorway regulations cease to apply",Motorway Signs,ENTRANCE_TO_MOTORWAY_SERVICE_AREA_OR_SIMILAR_FACILITY_WITHIN_THE_LENGT_2932.svg,6260x3530 mm,2932.0,"working drawing p2932 is dimensioned in x-heights: no absolute size; artwork kept at 1 pt = 10 mm (proportions exact, size nominal); 1 stroked path(s) outlined with Inkscape"
6031.1,Light signal conveying the prohibition that vehicular traffic may not use the lane below the sign (gantry-mounted),Motorway Signs,LIGHT_SIGNAL_CONVEYING_THE_PROHIBITION_THAT_VEHICULAR_TRAFFIC_MAY_NOT__6031.1.svg,3320x2270 mm,6031.1,"no working drawing for this diagram; artwork kept at 1 pt = 10 mm (proportions exact, size nominal); 1 stroked path(s) outlined with Inkscape"
6009,Closure of one lane of a four lane carriageway ahead,Motorway Signs,CLOSURE_OF_ONE_LANE_OF_A_FOUR_LANE_CARRIAGEWAY_AHEAD_6009.svg,1650x2030 mm,6009.0,"no working drawing for this diagram; artwork kept at 1 pt = 10 mm (proportions exact, size nominal); 1 stroked path(s) outlined with Inkscape"
6006,Closure of one lane of a three lane carriageway ahead,Motorway Signs,CLOSURE_OF_ONE_LANE_OF_A_THREE_LANE_CARRIAGEWAY_AHEAD_6006.svg,1650x2030 mm,6006.0,"no working drawing for this diagram; artwork kept at 1 pt = 10 mm (proportions exact, size nominal); 1 stroked path(s) outlined with Inkscape"
6008,Closure of right hand lane of a two lane carriageway ahead,Motorway Signs,CLOSURE_OF_RIGHT_HAND_LANE_OF_A_TWO_LANE_CARRIAGEWAY_AHEAD_6008.svg,1650x2030 mm,6008.0,"no working drawing for this diagram; artwork kept at 1 pt = 10 mm (proportions exact, size nominal); 1 stroked path(s) outlined with Inkscape"
6006.1,Closure of two lanes of a three lane carriageway ahead,Motorway Signs,CLOSURE_OF_TWO_LANES_OF_A_THREE_LANE_CARRIAGEWAY_AHEAD_6006.1.svg,1650x2030 mm,6006.1,"no working drawing for this diagram; artwork kept at 1 pt = 10 mm (proportions exact, size nominal); 1 stroked path(s) outlined with Inkscape"
6001,Temporary maximum speed of 50 miles per hour advised,Motorway Signs,TEMPORARY_MAXIMUM_SPEED_OF_50_MILES_PER_HOUR_ADVISED_6001.svg,1650x2030 mm,6001.0,"no working drawing for this diagram; artwork kept at 1 pt = 10 mm (proportions exact, size nominal); 1 stroked path(s) outlined with Inkscape"
6009.3,Closure of all lanes of a four lane carriageway ahead,Motorway Signs,CLOSURE_OF_ALL_LANES_OF_A_FOUR_LANE_CARRIAGEWAY_AHEAD_6009.3.svg,1650x2030 mm,6009.3,"no working drawing for this diagram; artwork kept at 1 pt = 10 mm (proportions exact, size nominal); 1 stroked path(s) outlined with Inkscape"
6006.2,Closure of all lanes of a three lane carriageway ahead,Motorway Signs,CLOSURE_OF_ALL_LANES_OF_A_THREE_LANE_CARRIAGEWAY_AHEAD_6006.2.svg,1650x2030 mm,6006.2,"no working drawing for this diagram; artwork kept at 1 pt = 10 mm (proportions exact, size nominal); 1 stroked path(s) outlined with Inkscape"
6008.1,Closure of both lanes of a two lane carriageway ahead,Motorway Signs,CLOSURE_OF_BOTH_LANES_OF_A_TWO_LANE_CARRIAGEWAY_AHEAD_6008.1.svg,1650x2030 mm,6008.1,"no working drawing for this diagram; artwork kept at 1 pt = 10 mm (proportions exact, size nominal); 1 stroked path(s) outlined with Inkscape"
6012,End of temporary restrictions indicated by previous signs,Motorway Signs,END_OF_TEMPORARY_RESTRICTIONS_INDICATED_BY_PREVIOUS_SIGNS_6012.svg,1650x2030 mm,6012.0,"no working drawing for this diagram; artwork kept at 1 pt = 10 mm (proportions exact, size nominal); 4 stroked path(s) outlined with Inkscape"
6011,Risk of fog ahead,Motorway Signs,RISK_OF_FOG_AHEAD_6011.svg,1650x2030 mm,6011.0,"no working drawing for this diagram; artwork kept at 1 pt = 10 mm (proportions exact, size nominal); 4 stroked path(s) outlined with Inkscape"
6011.1,Risk of ice ahead,Motorway Signs,RISK_OF_ICE_AHEAD_6011.1.svg,1650x2030 mm,6011.1,"no working drawing for this diagram; artwork kept at 1 pt = 10 mm (proportions exact, size nominal); 4 stroked path(s) outlined with Inkscape"
6003,Vehicular traffic must leave at next junction,Motorway Signs,VEHICULAR_TRAFFIC_MUST_LEAVE_AT_NEXT_JUNCTION_6003.svg,1650x2030 mm,6003.0,"no working drawing for this diagram; artwork kept at 1 pt = 10 mm (proportions exact, size nominal); 1 stroked path(s) outlined with Inkscape"
825V,100 yards to a roundabout or the next point at which traffic may leave a primary route,Direction And Tourist Signs,100_YARDS_TO_A_ROUNDABOUT_OR_THE_NEXT_POINT_AT_WHICH_TRAFFIC_MAY_LEAVE_825V.svg,1140x1930 mm,823.0,"no size figure read from working drawing p823; artwork kept at 1 pt = 10 mm (proportions exact, size nominal); 1 stroked path(s) outlined with Inkscape"
825VR,100 yards to a roundabout or the next point at which traffic may leave a non-primary route,Direction And Tourist Signs,100_YARDS_TO_A_ROUNDABOUT_OR_THE_NEXT_POINT_AT_WHICH_TRAFFIC_MAY_LEAVE_825VR.svg,1140x1930 mm,823.0,"no size figure read from working drawing p823; artwork kept at 1 pt = 10 mm (proportions exact, size nominal); 1 stroked path(s) outlined with Inkscape"
824V,200 yards to a roundabout or the next point at which traffic may leave a primary route,Direction And Tourist Signs,200_YARDS_TO_A_ROUNDABOUT_OR_THE_NEXT_POINT_AT_WHICH_TRAFFIC_MAY_LEAVE_824V.svg,1140x1930 mm,824.0,"no working drawing for this diagram; artwork kept at 1 pt = 10 mm (proportions exact, size nominal); 1 stroked path(s) outlined with Inkscape"
824VR,200 yards to a roundabout or the next point at which traffic may leave a non-primary route,Direction And Tourist Signs,200_YARDS_TO_A_ROUNDABOUT_OR_THE_NEXT_POINT_AT_WHICH_TRAFFIC_MAY_LEAVE_824VR.svg,1140x1930 mm,824.0,"no working drawing for this diagram; artwork kept at 1 pt = 10 mm (proportions exact, size nominal); 1 stroked path(s) outlined with Inkscape"
823V,300 yards to a roundabout or the next point at which traffic may leave a primary route,Direction And Tourist Signs,300_YARDS_TO_A_ROUNDABOUT_OR_THE_NEXT_POINT_AT_WHICH_TRAFFIC_MAY_LEAVE_823V.svg,1140x1930 mm,825.0,"no working drawing for this diagram; artwork kept at 1 pt = 10 mm (proportions exact, size nominal); 1 stroked path(s) outlined with Inkscape"
823VR,300 yards to a roundabout or the next point at which traffic may leave a non-primary route,Direction And Tourist Signs,300_YARDS_TO_A_ROUNDABOUT_OR_THE_NEXT_POINT_AT_WHICH_TRAFFIC_MAY_LEAVE_823VR.svg,1140x1930 mm,825.0,"no working drawing for this diagram; artwork kept at 1 pt = 10 mm (proportions exact, size nominal); 1 stroked path(s) outlined with Inkscape"
T118,Tourist symbol for England and Wales: beach,Direction And Tourist Signs,TOURIST_SYMBOL_FOR_ENGLAND_AND_WALES_BEACH_T118.svg,2924x3096 mm,0.0,"no working drawing for this diagram; artwork kept at 1 pt = 10 mm (proportions exact, size nominal)"
T113,Tourist symbol for England and Wales: bird garden,Direction And Tourist Signs,TOURIST_SYMBOL_FOR_ENGLAND_AND_WALES_BIRD_GARDEN_T113.svg,2003x3086 mm,0.0,"no working drawing for this diagram; artwork kept at 1 pt = 10 mm (proportions exact, size nominal)"
T2,Tourist symbol for England and Wales: castle of historic or architectural interest,Direction And Tourist Signs,TOURIST_SYMBOL_FOR_ENGLAND_AND_WALES_CASTLE_OF_HISTORIC_OR_ARCHITECTUR_T2.svg,3274x3099 mm,0.0,"no working drawing for this diagram; artwork kept at 1 pt = 10 mm (proportions exact, size nominal)"
T112,Tourist symbol for England and Wales: country park,Direction And Tourist Signs,TOURIST_SYMBOL_FOR_ENGLAND_AND_WALES_COUNTRY_PARK_T112.svg,3473x2869 mm,0.0,"no working drawing for this diagram; artwork kept at 1 pt = 10 mm (proportions exact, size nominal)"
T202,Tourist symbol for England only: property in the care of English heritage,Direction And Tourist Signs,TOURIST_SYMBOL_FOR_ENGLAND_ONLY_PROPERTY_IN_THE_CARE_OF_ENGLISH_HERITA_T202.svg,3093x3094 mm,0.0,"no working drawing for this diagram; artwork kept at 1 pt = 10 mm (proportions exact, size nominal)"
T119,Tourist symbol for England and Wales: farm park,Direction And Tourist Signs,TOURIST_SYMBOL_FOR_ENGLAND_AND_WALES_FARM_PARK_T119.svg,3820x3013 mm,0.0,"no working drawing for this diagram; artwork kept at 1 pt = 10 mm (proportions exact, size nominal)"
2208,Direction to tourist attraction indicated by a symbol,Direction And Tourist Signs,DIRECTION_TO_TOURIST_ATTRACTION_INDICATED_BY_A_SYMBOL_2208.svg,4150x2310 mm,2208.0,"no working drawing for this diagram; artwork kept at 1 pt = 10 mm (proportions exact, size nominal); 1 stroked path(s) outlined with Inkscape"
T3,Tourist symbol for England and Wales: House of historic or architectural importance,Direction And Tourist Signs,TOURIST_SYMBOL_FOR_ENGLAND_AND_WALES_HOUSE_OF_HISTORIC_OR_ARCHITECTURA_T3.svg,2914x3106 mm,0.0,"no working drawing for this diagram; artwork kept at 1 pt = 10 mm (proportions exact, size nominal)"
2203,Direction and distance to a tourist attraction,Direction And Tourist Signs,DIRECTION_AND_DISTANCE_TO_A_TOURIST_ATTRACTION_2203.svg,3510x660 mm,2203.0,"no working drawing for this diagram; artwork kept at 1 pt = 10 mm (proportions exact, size nominal); 1 stroked path(s) outlined with Inkscape"
T203,Tourist symbol for England only : museum or art gallery,Direction And Tourist Signs,TOURIST_SYMBOL_FOR_ENGLAND_ONLY_MUSEUM_OR_ART_GALLERY_T203.svg,3471x3102 mm,0.0,"no working drawing for this diagram; artwork kept at 1 pt = 10 mm (proportions exact, size nominal)"
T101,Tourist symbol for England and Wales: national Trust property,Direction And Tourist Signs,TOURIST_SYMBOL_FOR_ENGLAND_AND_WALES_NATIONAL_TRUST_PROPERTY_T101.svg,3095x3090 mm,0.0,"no working drawing for this diagram; artwork kept at 1 pt = 10 mm (proportions exact, size nominal)"
T115,Tourist symbol for England and Wales: nature reserve,Direction And Tourist Signs,TOURIST_SYMBOL_FOR_ENGLAND_AND_WALES_NATURE_RESERVE_T115.svg,3653x2560 mm,0.0,"no working drawing for this diagram; artwork kept at 1 pt = 10 mm (proportions exact, size nominal)"
T127,Tourist symbol for England and Wales: site with Roman remains,Direction And Tourist Signs,TOURIST_SYMBOL_FOR_ENGLAND_AND_WALES_SITE_WITH_ROMAN_REMAINS_T127.svg,3105x3095 mm,0.0,"no working drawing for this diagram; artwork kept at 1 pt = 10 mm (proportions exact, size nominal)"
T153,Tourist symbol for England and Wales: safari park,Direction And Tourist Signs,TOURIST_SYMBOL_FOR_ENGLAND_AND_WALES_SAFARI_PARK_T153.svg,2213x1191 mm,0.0,"no working drawing for this diagram; artwork kept at 1 pt = 10 mm (proportions exact, size nominal)"
T114,Tourist symbol for England and Wales: peasure or theme park,Direction And Tourist Signs,TOURIST_SYMBOL_FOR_ENGLAND_AND_WALES_PEASURE_OR_THEME_PARK_T114.svg,4295x2785 mm,0.0,"no working drawing for this diagram; artwork kept at 1 pt = 10 mm (proportions exact, size nominal)"
T1,Tourist symbol for England and Wales: tourist Information Point or Centre,Direction And Tourist Signs,TOURIST_SYMBOL_FOR_ENGLAND_AND_WALES_TOURIST_INFORMATION_POINT_OR_CENT_T1.svg,3095x3095 mm,0.0,"no working drawing for this diagram; artwork kept at 1 pt = 10 mm (proportions exact, size nominal)"
2202,Junction ahead leading to a tourist attraction,Direction And Tourist Signs,JUNCTION_AHEAD_LEADING_TO_A_TOURIST_ATTRACTION_2202.svg,3190x900 mm,2202.0,"no working drawing for this diagram; artwork kept at 1 pt = 10 mm (proportions exact, size nominal); 1 stroked path(s) outlined with Inkscape"
2209,Historic castle tourist attraction 10 miles ahead,Direction And Tourist Signs,HISTORIC_CASTLE_TOURIST_ATTRACTION_10_MILES_AHEAD_2209.svg,5130x3510 mm,2209.0,"no working drawing for this diagram; artwork kept at 1 pt = 10 mm (proportions exact, size nominal); 1 stroked path(s) outlined with Inkscape"
2209V,Tourist attraction ahead is closed,Direction And Tourist Signs,TOURIST_ATTRACTION_AHEAD_IS_CLOSED_2209V.svg,5130x3510 mm,2209.0,"no working drawing for this diagram; artwork kept at 1 pt = 10 mm (proportions exact, size nominal); 1 stroked path(s) outlined with Inkscape"
T137,Tourist symbol for England and Wales: cricket ground,Direction And Tourist Signs,TOURIST_SYMBOL_FOR_ENGLAND_AND_WALES_CRICKET_GROUND_T137.svg,1276x1446 mm,0.0,"no working drawing for this diagram; artwork kept at 1 pt = 10 mm (proportions exact, size nominal)"
T142,Tourist symbol for England and Wales: cycle hire,Direction And Tourist Signs,TOURIST_SYMBOL_FOR_ENGLAND_AND_WALES_CYCLE_HIRE_T142.svg,1446x1361 mm,0.0,"no working drawing for this diagram; artwork kept at 1 pt = 10 mm (proportions exact, size nominal)"
T201,Tourist symbol for England only: Tourist attraction recognised by a regional tourist board or the English Tourist Board,Direction And Tourist Signs,TOURIST_SYMBOL_FOR_ENGLAND_ONLY_TOURIST_ATTRACTION_RECOGNISED_BY_A_REG_T201.svg,3014x2993 mm,0.0,"no working drawing for this diagram; artwork kept at 1 pt = 10 mm (proportions exact, size nominal)"
T140,Tourist symbol for England and Wales: fishing,Direction And Tourist Signs,TOURIST_SYMBOL_FOR_ENGLAND_AND_WALES_FISHING_T140.svg,1446x1446 mm,0.0,"no working drawing for this diagram; artwork kept at 1 pt = 10 mm (proportions exact, size nominal)"
T138,Tourist symbol for England and Wales: football ground,Direction And Tourist Signs,TOURIST_SYMBOL_FOR_ENGLAND_AND_WALES_FOOTBALL_GROUND_T138.svg,1446x1446 mm,0.0,"no working drawing for this diagram; artwork kept at 1 pt = 10 mm (proportions exact, size nominal)"
T134,Tourist symbol for England and Wales: golf course,Direction And Tourist Signs,TOURIST_SYMBOL_FOR_ENGLAND_AND_WALES_GOLF_COURSE_T134.svg,1361x1446 mm,0.0,"no working drawing for this diagram; artwork kept at 1 pt = 10 mm (proportions exact, size nominal)"
T136,Tourist symbol for England and Wales: motor sport,Direction And Tourist Signs,TOURIST_SYMBOL_FOR_ENGLAND_AND_WALES_MOTOR_SPORT_T136.svg,1191x1446 mm,0.0,"no working drawing for this diagram; artwork kept at 1 pt = 10 mm (proportions exact, size nominal)"
T135,Tourist symbol for England and Wales: race course,Direction And Tourist Signs,TOURIST_SYMBOL_FOR_ENGLAND_AND_WALES_RACE_COURSE_T135.svg,1781x1440 mm,0.0,"no working drawing for this diagram; artwork kept at 1 pt = 10 mm (proportions exact, size nominal)"
T301.1,Tourist symbol for Scotland only: tourist attraction recognised by 'VisitScotland',Direction And Tourist Signs,TOURIST_SYMBOL_FOR_SCOTLAND_ONLY_TOURIST_ATTRACTION_RECOGNISED_BY_VISI_T301.1.svg,1276x1616 mm,0.0,"no working drawing for this diagram; artwork kept at 1 pt = 10 mm (proportions exact, size nominal)"
T148,Tourist symbol for England and Wales: ski slope,Direction And Tourist Signs,TOURIST_SYMBOL_FOR_ENGLAND_AND_WALES_SKI_SLOPE_T148.svg,1445x1397 mm,0.0,"no working drawing for this diagram; artwork kept at 1 pt = 10 mm (proportions exact, size nominal)"
T204,Tourist symbol for England only: sports centre,Direction And Tourist Signs,TOURIST_SYMBOL_FOR_ENGLAND_ONLY_SPORTS_CENTRE_T204.svg,1446x1446 mm,0.0,"no working drawing for this diagram; artwork kept at 1 pt = 10 mm (proportions exact, size nominal)"
2201,Steam railway tourist attraction 100 yards ahead,Direction And Tourist Signs,STEAM_RAILWAY_TOURIST_ATTRACTION_100_YARDS_AHEAD_2201.svg,4330x5350 mm,2201.0,"no working drawing for this diagram; artwork kept at 1 pt = 10 mm (proportions exact, size nominal); 1 stroked path(s) outlined with Inkscape"
T149,Tourist symbol for England and Wales: ten pin bowling,Direction And Tourist Signs,TOURIST_SYMBOL_FOR_ENGLAND_AND_WALES_TEN_PIN_BOWLING_T149.svg,1276x1446 mm,0.0,"no working drawing for this diagram; artwork kept at 1 pt = 10 mm (proportions exact, size nominal)"
2212,Direction along a route passing through places of interest recognised by a regional tourist board or the English tourist board,Direction And Tourist Signs,DIRECTION_ALONG_A_ROUTE_PASSING_THROUGH_PLACES_OF_INTEREST_RECOGNISED__2212.svg,4600x3550 mm,2212.0,"no working drawing for this diagram; artwork kept at 1 pt = 10 mm (proportions exact, size nominal); 1 stroked path(s) outlined with Inkscape"
T401,Tourist symbol for Wales only: Tourist attraction recognised by the Welsh tourist board,Direction And Tourist Signs,TOURIST_SYMBOL_FOR_WALES_ONLY_TOURIST_ATTRACTION_RECOGNISED_BY_THE_WEL_T401.svg,4382x3098 mm,0.0,"no working drawing for this diagram; artwork kept at 1 pt = 10 mm (proportions exact, size nominal)"
2313.2,Direction to services with details of the services provided,Direction And Tourist Signs,DIRECTION_TO_SERVICES_WITH_DETAILS_OF_THE_SERVICES_PROVIDED_2313.2.svg,2360x2270 mm,2313.2,"no working drawing for this diagram; artwork kept at 1 pt = 10 mm (proportions exact, size nominal); 1 stroked path(s) outlined with Inkscape"
2204,Direction and distance to a Tourist Information point or centre,Direction And Tourist Signs,DIRECTION_AND_DISTANCE_TO_A_TOURIST_INFORMATION_POINT_OR_CENTRE_2204.svg,3880x1000 mm,2204.0,"no working drawing for this diagram; artwork kept at 1 pt = 10 mm (proportions exact, size nominal); 1 stroked path(s) outlined with Inkscape"
2313.1,"Distance ahead to services, with details of the services provided",Direction And Tourist Signs,DISTANCE_AHEAD_TO_SERVICES_WITH_DETAILS_OF_THE_SERVICES_PROVIDED_2313.1.svg,2850x2030 mm,2313.1,"no working drawing for this diagram; artwork kept at 1 pt = 10 mm (proportions exact, size nominal); 1 stroked path(s) outlined with Inkscape"
2205,Location of a Tourist information point or centre,Direction And Tourist Signs,LOCATION_OF_A_TOURIST_INFORMATION_POINT_OR_CENTRE_2205.svg,2910x3920 mm,2205.0,"working drawing p2205 is dimensioned in x-heights: no absolute size; artwork kept at 1 pt = 10 mm (proportions exact, size nominal); 1 stroked path(s) outlined with Inkscape"
2314.2,Entrance or junction ahead to services,Direction And Tourist Signs,ENTRANCE_OR_JUNCTION_AHEAD_TO_SERVICES_2314.2.svg,2380x870 mm,2314.2,"no working drawing for this diagram; artwork kept at 1 pt = 10 mm (proportions exact, size nominal); 1 stroked path(s) outlined with Inkscape"
2314.1,Entrance or direction to services,Direction And Tourist Signs,ENTRANCE_OR_DIRECTION_TO_SERVICES_2314.1.svg,2140x650 mm,2314.1,"no working drawing for this diagram; artwork kept at 1 pt = 10 mm (proportions exact, size nominal); 1 stroked path(s) outlined with Inkscape"
2301,Camping and caravan site 300 yards ahead,Direction And Tourist Signs,CAMPING_AND_CARAVAN_SITE_300_YARDS_AHEAD_2301.svg,4350x5640 mm,2301.0,"no working drawing for this diagram; artwork kept at 1 pt = 10 mm (proportions exact, size nominal); 1 stroked path(s) outlined with Inkscape"
2302,Camping and caravan site 300 yards in the direction indicated,Direction And Tourist Signs,CAMPING_AND_CARAVAN_SITE_300_YARDS_IN_THE_DIRECTION_INDICATED_2302.svg,7450x3750 mm,2302.0,"no working drawing for this diagram; artwork kept at 1 pt = 10 mm (proportions exact, size nominal); 1 stroked path(s) outlined with Inkscape"
2307,"Distance ahead to parking place with a Tourist Information Point, picnic site, public telephone, public toilets and viewpoint",Direction And Tourist Signs,DISTANCE_AHEAD_TO_PARKING_PLACE_WITH_A_TOURIST_INFORMATION_POINT_PICNI_2307.svg,4740x4250 mm,2307.0,"working drawing p2307 is dimensioned in x-heights: no absolute size; artwork kept at 1 pt = 10 mm (proportions exact, size nominal); 1 stroked path(s) outlined with Inkscape"
2505,Directions to different types of parking place from a junction ahead,Direction And Tourist Signs,DIRECTIONS_TO_DIFFERENT_TYPES_OF_PARKING_PLACE_FROM_A_JUNCTION_AHEAD_2505.svg,2760x1888 mm,2505.0,"no working drawing for this diagram; artwork kept at 1 pt = 10 mm (proportions exact, size nominal)"
2305,Picnic area 150 yards ahead,Direction And Tourist Signs,PICNIC_AREA_150_YARDS_AHEAD_2305.svg,4140x5370 mm,2305.0,"working drawing p2305 is dimensioned in x-heights: no absolute size; artwork kept at 1 pt = 10 mm (proportions exact, size nominal); 1 stroked path(s) outlined with Inkscape"
2306,Direction and distance to picnic area,Direction And Tourist Signs,DIRECTION_AND_DISTANCE_TO_PICNIC_AREA_2306.svg,7030x2550 mm,2306.0,"no working drawing for this diagram; artwork kept at 1 pt = 10 mm (proportions exact, size nominal); 1 stroked path(s) outlined with Inkscape"
2303,Managed youth hostel 1 mile ahead,Direction And Tourist Signs,MANAGED_YOUTH_HOSTEL_1_MILE_AHEAD_2303.svg,4120x6430 mm,2303.0,"working drawing p2303 is dimensioned in x-heights: no absolute size; artwork kept at 1 pt = 10 mm (proportions exact, size nominal); 1 stroked path(s) outlined with Inkscape"
2304,Youth hostel 200 yards in the direction indicated,Direction And Tourist Signs,YOUTH_HOSTEL_200_YARDS_IN_THE_DIRECTION_INDICATED_2304.svg,5270x1470 mm,2304.0,"no working drawing for this diagram; artwork kept at 1 pt = 10 mm (proportions exact, size nominal); 1 stroked path(s) outlined with Inkscape"
2502,Distance to a commercial vehicles parking place ahead with public toilets and telephones,Direction And Tourist Signs,DISTANCE_TO_A_COMMERCIAL_VEHICLES_PARKING_PLACE_AHEAD_WITH_PUBLIC_TOIL_2502.svg,4475x4065 mm,2502.0,"working drawing p2502 is dimensioned in x-heights: no absolute size; artwork kept at 1 pt = 10 mm (proportions exact, size nominal)"
2510,Direction to a lorry park via a U-turn at a roundabout ahead,Direction And Tourist Signs,DIRECTION_TO_A_LORRY_PARK_VIA_A_U_TURN_AT_A_ROUNDABOUT_AHEAD_2510.svg,2876x1193 mm,2510.0,"no working drawing for this diagram; artwork kept at 1 pt = 10 mm (proportions exact, size nominal)"
2508,Direction and distance to a multi-storey parking place,Direction And Tourist Signs,DIRECTION_AND_DISTANCE_TO_A_MULTI_STOREY_PARKING_PLACE_2508.svg,3530x1070 mm,2508.0,"no working drawing for this diagram; artwork kept at 1 pt = 10 mm (proportions exact, size nominal); 2 stroked path(s) outlined with Inkscape"
2507,Direction to a parking place available only on the day specified,Direction And Tourist Signs,DIRECTION_TO_A_PARKING_PLACE_AVAILABLE_ONLY_ON_THE_DAY_SPECIFIED_2507.svg,3009x1063 mm,2507.0,"no working drawing for this diagram; artwork kept at 1 pt = 10 mm (proportions exact, size nominal)"
2506,Direction to a parking place for shoppers and showing the total number of spaces,Direction And Tourist Signs,DIRECTION_TO_A_PARKING_PLACE_FOR_SHOPPERS_AND_SHOWING_THE_TOTAL_NUMBER_2506.svg,4302x1329 mm,2506.0,"no working drawing for this diagram; artwork kept at 1 pt = 10 mm (proportions exact, size nominal)"
2505.1,General directions to different types of parking place,Direction And Tourist Signs,GENERAL_DIRECTIONS_TO_DIFFERENT_TYPES_OF_PARKING_PLACE_2505.1.svg,3044x2148 mm,2505.1,"no working drawing for this diagram; artwork kept at 1 pt = 10 mm (proportions exact, size nominal)"
2805,Junction ahead leading to a destination advised for goods vehicles,Direction And Tourist Signs,JUNCTION_AHEAD_LEADING_TO_A_DESTINATION_ADVISED_FOR_GOODS_VEHICLES_2805.svg,2220x1260 mm,2805.0,"no working drawing for this diagram; artwork kept at 1 pt = 10 mm (proportions exact, size nominal); 1 stroked path(s) outlined with Inkscape"
2805V,Junction ahead leading to route advised for goods vehicles,Direction And Tourist Signs,JUNCTION_AHEAD_LEADING_TO_ROUTE_ADVISED_FOR_GOODS_VEHICLES_2805V.svg,2700x1460 mm,2805.0,"no working drawing for this diagram; artwork kept at 1 pt = 10 mm (proportions exact, size nominal); 1 stroked path(s) outlined with Inkscape"
2806,Direction to destination shown of route advised for goods vehicles,Direction And Tourist Signs,DIRECTION_TO_DESTINATION_SHOWN_OF_ROUTE_ADVISED_FOR_GOODS_VEHICLES_2806.svg,6061x2610 mm,2806.0,"no working drawing for this diagram; artwork kept at 1 pt = 10 mm (proportions exact, size nominal); 1 stroked path(s) outlined with Inkscape"
2503,Distance and direction to a parking place ahead from which a 'Park and Ride' scheme operates,Direction And Tourist Signs,DISTANCE_AND_DIRECTION_TO_A_PARKING_PLACE_AHEAD_FROM_WHICH_A_PARK_AND__2503.svg,4307x2449 mm,2503.0,"working drawing p2503 is dimensioned in x-heights: no absolute size; artwork kept at 1 pt = 10 mm (proportions exact, size nominal)"
2504R,Direction to a parking place from which a 'Park and Ride' scheme operates,Direction And Tourist Signs,DIRECTION_TO_A_PARKING_PLACE_FROM_WHICH_A_PARK_AND_RIDE_SCHEME_OPERATE_2504R.svg,4369x1895 mm,2504.0,"no working drawing for this diagram; artwork kept at 1 pt = 10 mm (proportions exact, size nominal)"
2504T,Direction to a parking place from which a 'Park and Ride' scheme operates,Direction And Tourist Signs,DIRECTION_TO_A_PARKING_PLACE_FROM_WHICH_A_PARK_AND_RIDE_SCHEME_OPERATE_2504T.svg,5455x2277 mm,2504.0,"no working drawing for this diagram; artwork kept at 1 pt = 10 mm (proportions exact, size nominal)"
2504P,Direction to a parking place from which a 'Park and Ride' scheme operates,Direction And Tourist Signs,DIRECTION_TO_A_PARKING_PLACE_FROM_WHICH_A_PARK_AND_RIDE_SCHEME_OPERATE_2504P.svg,4369x1895 mm,2504.0,"no working drawing for this diagram; artwork kept at 1 pt = 10 mm (proportions exact, size nominal)"
2703V,Direction of temporary diversion route from junction ahead,Direction And Tourist Signs,DIRECTION_OF_TEMPORARY_DIVERSION_ROUTE_FROM_JUNCTION_AHEAD_2703V.svg,2730x1876 mm,2703.0,"no working drawing for this diagram; artwork kept at 1 pt = 10 mm (proportions exact, size nominal)"
S56K,Diversion route symbol: circular,Direction And Tourist Signs,DIVERSION_ROUTE_SYMBOL_CIRCULAR_S56K.svg,1707x1707 mm,0.0,"no working drawing for this diagram; artwork kept at 1 pt = 10 mm (proportions exact, size nominal)"
S56C,Diversion route symbol: square,Direction And Tourist Signs,DIVERSION_ROUTE_SYMBOL_SQUARE_S56C.svg,1707x1707 mm,0.0,"no working drawing for this diagram; artwork kept at 1 pt = 10 mm (proportions exact, size nominal)"
2704V,Direction of temporary diversion route,Direction And Tourist Signs,DIRECTION_OF_TEMPORARY_DIVERSION_ROUTE_2704V.svg,2737x1815 mm,0.0,"no working drawing for this diagram; artwork kept at 1 pt = 10 mm (proportions exact, size nominal)"
S56G,Diversion route symbol: Triangular,Direction And Tourist Signs,DIVERSION_ROUTE_SYMBOL_TRIANGULAR_S56G.svg,1920x1707 mm,0.0,"no working drawing for this diagram; artwork kept at 1 pt = 10 mm (proportions exact, size nominal)"
2702L,Start of temporary diversion route to the left,Direction And Tourist Signs,START_OF_TEMPORARY_DIVERSION_ROUTE_TO_THE_LEFT_2702L.svg,4474x3202 mm,2702.0,"no working drawing for this diagram; artwork kept at 1 pt = 10 mm (proportions exact, size nominal)"
2702,Start of temporary diversion route to the right,Direction And Tourist Signs,START_OF_TEMPORARY_DIVERSION_ROUTE_TO_THE_RIGHT_2702.svg,4474x3202 mm,2702.0,"no working drawing for this diagram; artwork kept at 1 pt = 10 mm (proportions exact, size nominal)"
2702V,End of temporary diversion route,Direction And Tourist Signs,END_OF_TEMPORARY_DIVERSION_ROUTE_2702V.svg,4474x3201 mm,2702.0,"no working drawing for this diagram; artwork kept at 1 pt = 10 mm (proportions exact, size nominal)"
2703,Direction of temporary diversion route from junction ahead,Direction And Tourist Signs,DIRECTION_OF_TEMPORARY_DIVERSION_ROUTE_FROM_JUNCTION_AHEAD_2703.svg,5067x1976 mm,2703.0,"no working drawing for this diagram; artwork kept at 1 pt = 10 mm (proportions exact, size nominal)"
2704,Direction of temporary diversion route,Direction And Tourist Signs,DIRECTION_OF_TEMPORARY_DIVERSION_ROUTE_2704.svg,4422x1977 mm,2704.0,"no working drawing for this diagram; artwork kept at 1 pt = 10 mm (proportions exact, size nominal)"
2716,"Junction ahead leading to a temporary diversion route, follow symbolic route",Direction And Tourist Signs,JUNCTION_AHEAD_LEADING_TO_A_TEMPORARY_DIVERSION_ROUTE_FOLLOW_SYMBOLIC__2716.svg,6455x2901 mm,2716.0,"no working drawing for this diagram; artwork kept at 1 pt = 10 mm (proportions exact, size nominal)"
2706,Roundabout ahead leading to a temporary diversion route to the destination shown,Direction And Tourist Signs,ROUNDABOUT_AHEAD_LEADING_TO_A_TEMPORARY_DIVERSION_ROUTE_TO_THE_DESTINA_2706.svg,7255x3981 mm,2706.0,"no working drawing for this diagram; artwork kept at 1 pt = 10 mm (proportions exact, size nominal)"
2025,Junction ahead of a primary route with non-primary route through a town or village that has been by-passed,Direction And Tourist Signs,JUNCTION_AHEAD_OF_A_PRIMARY_ROUTE_WITH_NON_PRIMARY_ROUTE_THROUGH_A_TOW_2025.svg,3210x5200 mm,2025.0,"no working drawing for this diagram; artwork kept at 1 pt = 10 mm (proportions exact, size nominal); 1 stroked path(s) outlined with Inkscape"
2135,Junction ahead leading to a car ferry,Direction And Tourist Signs,JUNCTION_AHEAD_LEADING_TO_A_CAR_FERRY_2135.svg,2963x860 mm,2135.0,"no working drawing for this diagram; artwork kept at 1 pt = 10 mm (proportions exact, size nominal)"
2136,Direction to a vehicle ferry,Direction And Tourist Signs,DIRECTION_TO_A_VEHICLE_FERRY_2136.svg,2776x861 mm,2136.0,"no working drawing for this diagram; artwork kept at 1 pt = 10 mm (proportions exact, size nominal)"
2323,Direction to public toilets with facilities for disabled people,Direction And Tourist Signs,DIRECTION_TO_PUBLIC_TOILETS_WITH_FACILITIES_FOR_DISABLED_PEOPLE_2323.svg,5640x2537 mm,2323.0,"no working drawing for this diagram; artwork kept at 1 pt = 10 mm (proportions exact, size nominal)"
2802,Direction to Vehicle and Operator Services Agency testing station for goods vehicles,Direction And Tourist Signs,DIRECTION_TO_VEHICLE_AND_OPERATOR_SERVICES_AGENCY_TESTING_STATION_FOR__2802.svg,4130x980 mm,2802.0,"no working drawing for this diagram; artwork kept at 1 pt = 10 mm (proportions exact, size nominal); 3 stroked path(s) outlined with Inkscape"
2133,Junction ahead leading to a London underground railway station,Direction And Tourist Signs,JUNCTION_AHEAD_LEADING_TO_A_LONDON_UNDERGROUND_RAILWAY_STATION_2133.svg,3150x980 mm,2133.0,"no working drawing for this diagram; artwork kept at 1 pt = 10 mm (proportions exact, size nominal); 1 stroked path(s) outlined with Inkscape"
2322,Direction to a public telephone,Direction And Tourist Signs,DIRECTION_TO_A_PUBLIC_TELEPHONE_2322.svg,4046x1819 mm,2322.0,"no working drawing for this diagram; artwork kept at 1 pt = 10 mm (proportions exact, size nominal)"
2322R,Direction to a public telephone,Direction And Tourist Signs,DIRECTION_TO_A_PUBLIC_TELEPHONE_2322R.svg,4046x1819 mm,2322.0,"no working drawing for this diagram; artwork kept at 1 pt = 10 mm (proportions exact, size nominal)"
2137,Direction to a shopping area which provides a shopmobility service for disabled people,Direction And Tourist Signs,DIRECTION_TO_A_SHOPPING_AREA_WHICH_PROVIDES_A_SHOPMOBILITY_SERVICE_FOR_2137.svg,3610x940 mm,2137.0,"no working drawing for this diagram; artwork kept at 1 pt = 10 mm (proportions exact, size nominal); 2 stroked path(s) outlined with Inkscape"
2710,Direction ahead leading to a route for emergency vehicles to an emergency services incident point,Direction And Tourist Signs,DIRECTION_AHEAD_LEADING_TO_A_ROUTE_FOR_EMERGENCY_VEHICLES_TO_AN_EMERGE_2710.svg,5109x1978 mm,2710.0,"working drawing p2710 is dimensioned in x-heights: no absolute size; artwork kept at 1 pt = 10 mm (proportions exact, size nominal)"
2708,Junction ahead leading to a route for emergency vehicles to a temporary incident control point,Direction And Tourist Signs,JUNCTION_AHEAD_LEADING_TO_A_ROUTE_FOR_EMERGENCY_VEHICLES_TO_A_TEMPORAR_2708.svg,5181x3812 mm,2708.0,"no working drawing for this diagram; artwork kept at 1 pt = 10 mm (proportions exact, size nominal); 1 stroked path(s) outlined with Inkscape"
2708R,Junction ahead leading to a route for emergency vehicles to a temporary incident control point,Direction And Tourist Signs,JUNCTION_AHEAD_LEADING_TO_A_ROUTE_FOR_EMERGENCY_VEHICLES_TO_A_TEMPORAR_2708R.svg,5181x3812 mm,2708.0,"no working drawing for this diagram; artwork kept at 1 pt = 10 mm (proportions exact, size nominal); 1 stroked path(s) outlined with Inkscape"
868N,Additional traffic lane joining from the left ahead (non-primary routes),Direction And Tourist Signs,ADDITIONAL_TRAFFIC_LANE_JOINING_FROM_THE_LEFT_AHEAD_NON_PRIMARY_ROUTES_868N.svg,6835x4384 mm,874.0,"no working drawing for this diagram; artwork kept at 1 pt = 10 mm (proportions exact, size nominal)"
873+876P,Additional traffic lane joining from the left in 200 yards. Traffic on main carriageway had priority over joining traffic from the right hand lane of the slip road (primary routes),Direction And Tourist Signs,ADDITIONAL_TRAFFIC_LANE_JOINING_FROM_THE_LEFT_IN_200_YARDS_TRAFFIC_ON__873+876P.svg,6190x8370 mm,873.0,"no size figure read from working drawing p873; artwork kept at 1 pt = 10 mm (proportions exact, size nominal); 1 stroked path(s) outlined with Inkscape"
2701,Direction to a new housing development,Direction And Tourist Signs,DIRECTION_TO_A_NEW_HOUSING_DEVELOPMENT_2701.svg,4167x1315 mm,2701.0,"working drawing p2701 is dimensioned in x-heights: no absolute size; artwork kept at 1 pt = 10 mm (proportions exact, size nominal)"
868.1N,Additional traffic joining from the left ahead (non-primary route),Direction And Tourist Signs,ADDITIONAL_TRAFFIC_JOINING_FROM_THE_LEFT_AHEAD_NON_PRIMARY_ROUTE_868.1N.svg,1745x2168 mm,874.0,"no working drawing for this diagram; artwork kept at 1 pt = 10 mm (proportions exact, size nominal)"
874P,Additional traffic lanes joining from the right ahead. Traffic in the right hand lane joins the main carriageway. Traffic on the main carriageway has priority over joining traffic (primary route),Direction And Tourist Signs,ADDITIONAL_TRAFFIC_LANES_JOINING_FROM_THE_RIGHT_AHEAD_TRAFFIC_IN_THE_R_874P.svg,4770x6180 mm,874.0,"no working drawing for this diagram; artwork kept at 1 pt = 10 mm (proportions exact, size nominal); 1 stroked path(s) outlined with Inkscape"
2602.3,The number of a route for pedal cycles forming part of a regional cycle route network,Signs For Cyclists And Pedestrians,THE_NUMBER_OF_A_ROUTE_FOR_PEDAL_CYCLES_FORMING_PART_OF_A_REGIONAL_CYCL_2602.3.svg,1563x1298 mm,2602.3,"working drawing p2602x3 is dimensioned in x-heights: no absolute size; artwork kept at 1 pt = 10 mm (proportions exact, size nominal)"
2602.3V,The number of a route for pedal cycles forming part of a national cycle route network,Signs For Cyclists And Pedestrians,THE_NUMBER_OF_A_ROUTE_FOR_PEDAL_CYCLES_FORMING_PART_OF_A_NATIONAL_CYCL_2602.3V.svg,1563x1299 mm,2602.2,"working drawing p2602x2 is dimensioned in x-heights: no absolute size; artwork kept at 1 pt = 10 mm (proportions exact, size nominal)"
2601.2,Route for pedal cycles across an entry slip road at a junction ahead,Signs For Cyclists And Pedestrians,ROUTE_FOR_PEDAL_CYCLES_ACROSS_AN_ENTRY_SLIP_ROAD_AT_A_JUNCTION_AHEAD_2601.2.svg,2270x4880 mm,2601.2,"working drawing p2601x2 is dimensioned in x-heights: no absolute size; artwork kept at 1 pt = 10 mm (proportions exact, size nominal); 1 stroked path(s) outlined with Inkscape"
2601.1,Direction of a numbered route for pedal cycles forming part of a national cycle network at a junction,Signs For Cyclists And Pedestrians,DIRECTION_OF_A_NUMBERED_ROUTE_FOR_PEDAL_CYCLES_FORMING_PART_OF_A_NATIO_2601.1.svg,2100x880 mm,2601.1,"no working drawing for this diagram; artwork kept at 1 pt = 10 mm (proportions exact, size nominal); 1 stroked path(s) outlined with Inkscape"
2608,Direction of route to a tourist attraction for pedestrians,Signs For Cyclists And Pedestrians,DIRECTION_OF_ROUTE_TO_A_TOURIST_ATTRACTION_FOR_PEDESTRIANS_2608.svg,5730x1570 mm,2608.0,"no working drawing for this diagram; artwork kept at 1 pt = 10 mm (proportions exact, size nominal); 1 stroked path(s) outlined with Inkscape"
2602.2,Number route for pedal cycles forming part of a national cycle route network,Signs For Cyclists And Pedestrians,NUMBER_ROUTE_FOR_PEDAL_CYCLES_FORMING_PART_OF_A_NATIONAL_CYCLE_ROUTE_N_2602.2.svg,1040x1300 mm,2602.2,"working drawing p2602x2 is dimensioned in x-heights: no absolute size; artwork kept at 1 pt = 10 mm (proportions exact, size nominal); 1 stroked path(s) outlined with Inkscape"
2603,Junction ahead leading to a parking place for pedal cycles,Signs For Cyclists And Pedestrians,JUNCTION_AHEAD_LEADING_TO_A_PARKING_PLACE_FOR_PEDAL_CYCLES_2603.svg,4290x2010 mm,2603.0,"no working drawing for this diagram; artwork kept at 1 pt = 10 mm (proportions exact, size nominal); 1 stroked path(s) outlined with Inkscape"
2604R,Direction and distance to a free parking place for pedal cycles,Signs For Cyclists And Pedestrians,DIRECTION_AND_DISTANCE_TO_A_FREE_PARKING_PLACE_FOR_PEDAL_CYCLES_2604R.svg,6990x2150 mm,2604.0,"no working drawing for this diagram; artwork kept at 1 pt = 10 mm (proportions exact, size nominal); 1 stroked path(s) outlined with Inkscape"
2606,Direction of route to railway and London Underground station for pedestrians and pedal cycles,Signs For Cyclists And Pedestrians,DIRECTION_OF_ROUTE_TO_RAILWAY_AND_LONDON_UNDERGROUND_STATION_FOR_PEDES_2606.svg,4301x1150 mm,2606.0,"no working drawing for this diagram; artwork kept at 1 pt = 10 mm (proportions exact, size nominal); 1 stroked path(s) outlined with Inkscape"
2606V,Direction of route to railway station for pedestrians and pedal cycles,Signs For Cyclists And Pedestrians,DIRECTION_OF_ROUTE_TO_RAILWAY_STATION_FOR_PEDESTRIANS_AND_PEDAL_CYCLES_2606V.svg,3050x990 mm,2606.0,"no working drawing for this diagram; artwork kept at 1 pt = 10 mm (proportions exact, size nominal); 1 stroked path(s) outlined with Inkscape"
2610V,Direction to or along a public footpath,Signs For Cyclists And Pedestrians,DIRECTION_TO_OR_ALONG_A_PUBLIC_FOOTPATH_2610V.svg,6430x1570 mm,2610.0,"no working drawing for this diagram; artwork kept at 1 pt = 10 mm (proportions exact, size nominal); 1 stroked path(s) outlined with Inkscape"
2605,Direction of route to destination shown for pedestrians,Signs For Cyclists And Pedestrians,DIRECTION_OF_ROUTE_TO_DESTINATION_SHOWN_FOR_PEDESTRIANS_2605.svg,3750x980 mm,2605.0,"no working drawing for this diagram; artwork kept at 1 pt = 10 mm (proportions exact, size nominal); 1 stroked path(s) outlined with Inkscape"
2605V,Distance and direction of route to destination shown for pedestrians,Signs For Cyclists And Pedestrians,DISTANCE_AND_DIRECTION_OF_ROUTE_TO_DESTINATION_SHOWN_FOR_PEDESTRIANS_2605V.svg,3340x940 mm,2605.0,"no working drawing for this diagram; artwork kept at 1 pt = 10 mm (proportions exact, size nominal); 1 stroked path(s) outlined with Inkscape"
2607,Direction of route to destination shown for pedestrians,Signs For Cyclists And Pedestrians,DIRECTION_OF_ROUTE_TO_DESTINATION_SHOWN_FOR_PEDESTRIANS_2607.svg,4835x1358 mm,2607.0,"no working drawing for this diagram; artwork kept at 1 pt = 10 mm (proportions exact, size nominal)"
2607V,Direction of route to destination shown for pedestrians,Signs For Cyclists And Pedestrians,DIRECTION_OF_ROUTE_TO_DESTINATION_SHOWN_FOR_PEDESTRIANS_2607V.svg,4835x1358 mm,2610.0,"no working drawing for this diagram; artwork kept at 1 pt = 10 mm (proportions exact, size nominal)"
2610.2,Direction along a footpath indicated by waymarks,Signs For Cyclists And Pedestrians,DIRECTION_ALONG_A_FOOTPATH_INDICATED_BY_WAYMARKS_2610.2.svg,1632x1553 mm,2610.2,"no size figure read from working drawing p2610x2; artwork kept at 1 pt = 10 mm (proportions exact, size nominal)"
818.1,Distance of 2 miles to a section of dual carriageway ahead,Information Signs,DISTANCE_OF_2_MILES_TO_A_SECTION_OF_DUAL_CARRIAGEWAY_AHEAD_818.1.svg,3780x2790 mm,818.1,"working drawing p818x1 is dimensioned in x-heights: no absolute size; artwork kept at 1 pt = 10 mm (proportions exact, size nominal); 1 stroked path(s) outlined with Inkscape"
818,Section of dual carriageway road begins ahead,Information Signs,SECTION_OF_DUAL_CARRIAGEWAY_ROAD_BEGINS_AHEAD_818.svg,3780x2220 mm,818.0,"no working drawing for this diagram; artwork kept at 1 pt = 10 mm (proportions exact, size nominal); 1 stroked path(s) outlined with Inkscape"
818.1A,Distance of 1/2 mile of dual carriageway road extends ahead,Information Signs,DISTANCE_OF_1_2_MILE_OF_DUAL_CARRIAGEWAY_ROAD_EXTENDS_AHEAD_818.1A.svg,3780x2210 mm,818.11,"working drawing p818x1 is dimensioned in x-heights: no absolute size; artwork kept at 1 pt = 10 mm (proportions exact, size nominal); 1 stroked path(s) outlined with Inkscape"
872.1M,In 200 yards the number of lanes of traffic lanes ahead on a motorway reduces from three lanes to two. Traffic in the right hand lane must move into the lane on the immediate left,Motorway Signs,IN_200_YARDS_THE_NUMBER_OF_LANES_OF_TRAFFIC_LANES_AHEAD_ON_A_MOTORWAY__872.1M.svg,1940x2390 mm,872.1,"no size figure read from working drawing p872x1; artwork kept at 1 pt = 10 mm (proportions exact, size nominal); 1 stroked path(s) outlined with Inkscape"
817,No through road for vehicular traffic in direction indicated from junction ahead,Information Signs,NO_THROUGH_ROAD_FOR_VEHICULAR_TRAFFIC_IN_DIRECTION_INDICATED_FROM_JUNC_817.svg,1690x1440 mm,817.0,"no size figure read from working drawing p817; artwork kept at 1 pt = 10 mm (proportions exact, size nominal); 1 stroked path(s) outlined with Inkscape"
817V,No through road for vehicular traffic in direction indicated from junction ahead,Information Signs,NO_THROUGH_ROAD_FOR_VEHICULAR_TRAFFIC_IN_DIRECTION_INDICATED_FROM_JUNC_817V.svg,1680x1440 mm,817.0,"no size figure read from working drawing p817; artwork kept at 1 pt = 10 mm (proportions exact, size nominal); 1 stroked path(s) outlined with Inkscape"
872.1,Number of lanes of traffic lanes ahead on a dual carriageway reduces from three lanes to two. Traffic in the right hand lane must move into the lane on the immediate left,Information Signs,NUMBER_OF_LANES_OF_TRAFFIC_LANES_AHEAD_ON_A_DUAL_CARRIAGEWAY_REDUCES_F_872.1.svg,1275x1190 mm,872.1,"no size figure read from working drawing p872x1; artwork kept at 1 pt = 10 mm (proportions exact, size nominal)"
822,Passing place on a narrow road,Information Signs,PASSING_PLACE_ON_A_NARROW_ROAD_822.svg,450x448 mm,822.0,450 mm (working drawing p822; alternatives 600)
872.1P,Number of lanes of traffic lanes ahead on a primary route reduces from three lanes to two. Traffic in the right hand lane must move into the lane on the immediate left,Information Signs,NUMBER_OF_LANES_OF_TRAFFIC_LANES_AHEAD_ON_A_PRIMARY_ROUTE_REDUCES_FROM_872.1P.svg,1940x1810 mm,872.1,"no size figure read from working drawing p872x1; artwork kept at 1 pt = 10 mm (proportions exact, size nominal); 1 stroked path(s) outlined with Inkscape"
821,"Route ahead only wide enough for one line of vehicles, but has passing places at intervals",Information Signs,ROUTE_AHEAD_ONLY_WIDE_ENOUGH_FOR_ONE_LINE_OF_VEHICLES_BUT_HAS_PASSING__821.svg,3380x5500 mm,821.0,"working drawing p821 is dimensioned in x-heights: no absolute size; artwork kept at 1 pt = 10 mm (proportions exact, size nominal); 1 stroked path(s) outlined with Inkscape"
820V5,Road unsuitable for articulated vehicles,Information Signs,ROAD_UNSUITABLE_FOR_ARTICULATED_VEHICLES_820V5.svg,1750x1410 mm,820.0,"working drawing p820 is dimensioned in x-heights: no absolute size; artwork kept at 1 pt = 10 mm (proportions exact, size nominal); 1 stroked path(s) outlined with Inkscape"
820V1,Road unsuitable for caravans,Information Signs,ROAD_UNSUITABLE_FOR_CARAVANS_820V1.svg,3850x1670 mm,820.0,"working drawing p820 is dimensioned in x-heights: no absolute size; artwork kept at 1 pt = 10 mm (proportions exact, size nominal); 1 stroked path(s) outlined with Inkscape"
820V2,Road unsuitable for heavy goods vehicles,Information Signs,ROAD_UNSUITABLE_FOR_HEAVY_GOODS_VEHICLES_820V2.svg,1730x1410 mm,820.0,"working drawing p820 is dimensioned in x-heights: no absolute size; artwork kept at 1 pt = 10 mm (proportions exact, size nominal); 1 stroked path(s) outlined with Inkscape"
820V4,Road unsuitable for long vehicles,Information Signs,ROAD_UNSUITABLE_FOR_LONG_VEHICLES_820V4.svg,1750x1120 mm,820.0,"working drawing p820 is dimensioned in x-heights: no absolute size; artwork kept at 1 pt = 10 mm (proportions exact, size nominal); 1 stroked path(s) outlined with Inkscape"
820,Road unsuitable for motor vehicles,Information Signs,ROAD_UNSUITABLE_FOR_MOTOR_VEHICLES_820.svg,3490x2230 mm,820.0,"working drawing p820 is dimensioned in x-heights: no absolute size; artwork kept at 1 pt = 10 mm (proportions exact, size nominal); 1 stroked path(s) outlined with Inkscape"
820V6,Road unsuitable for trailers,Information Signs,ROAD_UNSUITABLE_FOR_TRAILERS_820V6.svg,1750x840 mm,820.0,"working drawing p820 is dimensioned in x-heights: no absolute size; artwork kept at 1 pt = 10 mm (proportions exact, size nominal); 1 stroked path(s) outlined with Inkscape"
820V3,Road unsuitable for wide vehicles,Information Signs,ROAD_UNSUITABLE_FOR_WIDE_VEHICLES_820V3.svg,1750x1120 mm,820.0,"working drawing p820 is dimensioned in x-heights: no absolute size; artwork kept at 1 pt = 10 mm (proportions exact, size nominal); 1 stroked path(s) outlined with Inkscape"
2501,Distance to a parking place ahead,Information Signs,DISTANCE_TO_A_PARKING_PLACE_AHEAD_2501.svg,4810x5840 mm,2501.0,"working drawing p2501 is dimensioned in x-heights: no absolute size; artwork kept at 1 pt = 10 mm (proportions exact, size nominal); 1 stroked path(s) outlined with Inkscape"
2713.1VP,Emergency telephone in a parking place,Information Signs,EMERGENCY_TELEPHONE_IN_A_PARKING_PLACE_2713.1VP.svg,2310x3650 mm,2713.1,"working drawing p2713x1 is dimensioned in x-heights: no absolute size; artwork kept at 1 pt = 10 mm (proportions exact, size nominal); 1 stroked path(s) outlined with Inkscape"
2713.1,Distance ahead to emergency telephone in a parking place,Information Signs,DISTANCE_AHEAD_TO_EMERGENCY_TELEPHONE_IN_A_PARKING_PLACE_2713.1.svg,2630x4590 mm,2713.1,"working drawing p2713x1 is dimensioned in x-heights: no absolute size; artwork kept at 1 pt = 10 mm (proportions exact, size nominal); 1 stroked path(s) outlined with Inkscape"
2713.1V,Emergency telephone ahead,Information Signs,EMERGENCY_TELEPHONE_AHEAD_2713.1V.svg,2310x2070 mm,2713.1,"working drawing p2713x1 is dimensioned in x-heights: no absolute size; artwork kept at 1 pt = 10 mm (proportions exact, size nominal); 1 stroked path(s) outlined with Inkscape"
2713.1VT,Emergency telephone 1 mile ahead,Information Signs,EMERGENCY_TELEPHONE_1_MILE_AHEAD_2713.1VT.svg,2450x3020 mm,2713.1,"working drawing p2713x1 is dimensioned in x-heights: no absolute size; artwork kept at 1 pt = 10 mm (proportions exact, size nominal); 1 stroked path(s) outlined with Inkscape"
2711,Direction to emergency exit for pedestrians from a tunnel,Information Signs,DIRECTION_TO_EMERGENCY_EXIT_FOR_PEDESTRIANS_FROM_A_TUNNEL_2711.svg,4565x2504 mm,2711.0,"no working drawing for this diagram; artwork kept at 1 pt = 10 mm (proportions exact, size nominal)"
2711L,Direction to emergency exit for pedestrians from a tunnel,Information Signs,DIRECTION_TO_EMERGENCY_EXIT_FOR_PEDESTRIANS_FROM_A_TUNNEL_2711L.svg,4565x2504 mm,2711.0,"no working drawing for this diagram; artwork kept at 1 pt = 10 mm (proportions exact, size nominal)"
827.2,Hospital ahead with accident and emergency facilities,Information Signs,HOSPITAL_AHEAD_WITH_ACCIDENT_AND_EMERGENCY_FACILITIES_827.2.svg,3438x4377 mm,827.2,"no working drawing for this diagram; artwork kept at 1 pt = 10 mm (proportions exact, size nominal); 1 stroked path(s) outlined with Inkscape"
827.1,Hospital ahead without accident and emergency facilities,Information Signs,HOSPITAL_AHEAD_WITHOUT_ACCIDENT_AND_EMERGENCY_FACILITIES_827.1.svg,4450x4520 mm,827.1,"working drawing p827x1 is dimensioned in x-heights: no absolute size; artwork kept at 1 pt = 10 mm (proportions exact, size nominal); 1 stroked path(s) outlined with Inkscape"
810L,One-way traffic in direction indicated (sign for pedestrians),Information Signs,ONE_WAY_TRAFFIC_IN_DIRECTION_INDICATED_SIGN_FOR_PEDESTRIANS_810L.svg,480x321 mm,810.0,480 mm (working drawing p810; alternatives 600/720/400/480); 1 stroked path(s) outlined with Inkscape
810,One-way traffic in direction indicated (sign for pedestrians),Information Signs,ONE_WAY_TRAFFIC_IN_DIRECTION_INDICATED_SIGN_FOR_PEDESTRIANS_810.svg,480x322 mm,810.0,480 mm (working drawing p810; alternatives 600/720/400/480); 1 stroked path(s) outlined with Inkscape
814.4,Ramped entrance to pedestrian overbridge,Information Signs,RAMPED_ENTRANCE_TO_PEDESTRIAN_OVERBRIDGE_814.4.svg,2300x1380 mm,814.4,"no working drawing for this diagram; artwork kept at 1 pt = 10 mm (proportions exact, size nominal); 1 stroked path(s) outlined with Inkscape"
814.2,Ramped entrance to pedestrian subway,Information Signs,RAMPED_ENTRANCE_TO_PEDESTRIAN_SUBWAY_814.2.svg,2300x1380 mm,814.2,"no size figure read from working drawing p814x2; artwork kept at 1 pt = 10 mm (proportions exact, size nominal); 1 stroked path(s) outlined with Inkscape"
814.3,Stepped entrance to pedestrian overbridge,Information Signs,STEPPED_ENTRANCE_TO_PEDESTRIAN_OVERBRIDGE_814.3.svg,1390x1380 mm,814.3,"no working drawing for this diagram; artwork kept at 1 pt = 10 mm (proportions exact, size nominal); 1 stroked path(s) outlined with Inkscape"
814.1,Stepped entrance to pedestrian subway,Information Signs,STEPPED_ENTRANCE_TO_PEDESTRIAN_SUBWAY_814.1.svg,1380x1370 mm,814.1,"no size figure read from working drawing p814x1; artwork kept at 1 pt = 10 mm (proportions exact, size nominal); 1 stroked path(s) outlined with Inkscape"
832.8,Goods vehicles should leave the main carriageway on the approach to a vehicle check point,Information Signs,GOODS_VEHICLES_SHOULD_LEAVE_THE_MAIN_CARRIAGEWAY_ON_THE_APPROACH_TO_A__832.8.svg,4984x1964 mm,832.8,"no working drawing for this diagram; artwork kept at 1 pt = 10 mm (proportions exact, size nominal)"
832.9,Direction to a vehicle check point,Information Signs,DIRECTION_TO_A_VEHICLE_CHECK_POINT_832.9.svg,3691x1952 mm,832.9,"no working drawing for this diagram; artwork kept at 1 pt = 10 mm (proportions exact, size nominal)"
832.10A,End of vehicle check point area,Information Signs,END_OF_VEHICLE_CHECK_POINT_AREA_832.10A.svg,2340x1321 mm,832.101,"no working drawing for this diagram; artwork kept at 1 pt = 10 mm (proportions exact, size nominal); 3 stroked path(s) outlined with Inkscape"
832.4,Goods vehicles may be directed to enter a check point ahead,Information Signs,GOODS_VEHICLES_MAY_BE_DIRECTED_TO_ENTER_A_CHECK_POINT_AHEAD_832.4.svg,6236x5346 mm,832.4,"no working drawing for this diagram; artwork kept at 1 pt = 10 mm (proportions exact, size nominal)"
832.4V,Goods vehicles and buses may be directed to enter a check point ahead,Information Signs,GOODS_VEHICLES_AND_BUSES_MAY_BE_DIRECTED_TO_ENTER_A_CHECK_POINT_AHEAD_832.4V.svg,4386x4771 mm,832.4,"no working drawing for this diagram; artwork kept at 1 pt = 10 mm (proportions exact, size nominal)"
832.6,Goods vehicles should get into the left lane to attend a goods vehicle check point ahead,Information Signs,GOODS_VEHICLES_SHOULD_GET_INTO_THE_LEFT_LANE_TO_ATTEND_A_GOODS_VEHICLE_832.6.svg,5923x5174 mm,832.6,"no working drawing for this diagram; artwork kept at 1 pt = 10 mm (proportions exact, size nominal)"
832.7,Goods vehicles should get into the left hand lane of a three lane carriageway on the approach to a goods vehicle check point,Information Signs,GOODS_VEHICLES_SHOULD_GET_INTO_THE_LEFT_HAND_LANE_OF_A_THREE_LANE_CARR_832.7.svg,5923x5174 mm,832.7,"working drawing p832x7 is dimensioned in x-heights: no absolute size; artwork kept at 1 pt = 10 mm (proportions exact, size nominal)"
830.2,Goods vehicles may be directed to stop ahead by a constable in uniform,Information Signs,GOODS_VEHICLES_MAY_BE_DIRECTED_TO_STOP_AHEAD_BY_A_CONSTABLE_IN_UNIFORM_830.2.svg,5430x4550 mm,830.2,"no working drawing for this diagram; artwork kept at 1 pt = 10 mm (proportions exact, size nominal); 1 stroked path(s) outlined with Inkscape"
832.5,Goods vehicles should keep to the left hand lane on approach to check point ahead,Information Signs,GOODS_VEHICLES_SHOULD_KEEP_TO_THE_LEFT_HAND_LANE_ON_APPROACH_TO_CHECK__832.5.svg,4570x4436 mm,832.5,"no working drawing for this diagram; artwork kept at 1 pt = 10 mm (proportions exact, size nominal)"
832.3,Goods vehicles may be directed to leave the motorway at the junction ahead,Information Signs,GOODS_VEHICLES_MAY_BE_DIRECTED_TO_LEAVE_THE_MOTORWAY_AT_THE_JUNCTION_A_832.3.svg,6424x4442 mm,832.3,"no working drawing for this diagram; artwork kept at 1 pt = 10 mm (proportions exact, size nominal)"
823.3V,Goods vehicles and buses may be directed to leave the motorway at the junction ahead,Information Signs,GOODS_VEHICLES_AND_BUSES_MAY_BE_DIRECTED_TO_LEAVE_THE_MOTORWAY_AT_THE__823.3V.svg,4496x4117 mm,832.3,"no working drawing for this diagram; artwork kept at 1 pt = 10 mm (proportions exact, size nominal)"
829.6,Waiting place at a lay-by or observation platform for police vehicles only,Information Signs,WAITING_PLACE_AT_A_LAY_BY_OR_OBSERVATION_PLATFORM_FOR_POLICE_VEHICLES__829.6.svg,2420x1340 mm,829.6,"working drawing p829x6 is dimensioned in x-heights: no absolute size; artwork kept at 1 pt = 10 mm (proportions exact, size nominal); 1 stroked path(s) outlined with Inkscape"
829.2,Accident ahead and consequent need to proceed with caution,Information Signs,ACCIDENT_AHEAD_AND_CONSEQUENT_NEED_TO_PROCEED_WITH_CAUTION_829.2.svg,5140x3420 mm,829.2,"working drawing p829x2 is dimensioned in x-heights: no absolute size; artwork kept at 1 pt = 10 mm (proportions exact, size nominal); 1 stroked path(s) outlined with Inkscape"
829.4,End of temporary permission for traffic to use the hard shoulder,Information Signs,END_OF_TEMPORARY_PERMISSION_FOR_TRAFFIC_TO_USE_THE_HARD_SHOULDER_829.4.svg,5140x3420 mm,829.4,"no working drawing for this diagram; artwork kept at 1 pt = 10 mm (proportions exact, size nominal); 1 stroked path(s) outlined with Inkscape"
829.1,Potential danger temporarily ahead and consequent need to proceed with caution,Information Signs,POTENTIAL_DANGER_TEMPORARILY_AHEAD_AND_CONSEQUENT_NEED_TO_PROCEED_WITH_829.1.svg,5140x3420 mm,829.1,"working drawing p829x1 is dimensioned in x-heights: no absolute size; artwork kept at 1 pt = 10 mm (proportions exact, size nominal); 1 stroked path(s) outlined with Inkscape"
829.5,Area where police carry out checks on the speed of vehicles,Information Signs,AREA_WHERE_POLICE_CARRY_OUT_CHECKS_ON_THE_SPEED_OF_VEHICLES_829.5.svg,1630x1770 mm,829.5,"working drawing p829x5 is dimensioned in x-heights: no absolute size; artwork kept at 1 pt = 10 mm (proportions exact, size nominal); 1 stroked path(s) outlined with Inkscape"
829.3,Traffic should use the hard shoulder in an emergency,Information Signs,TRAFFIC_SHOULD_USE_THE_HARD_SHOULDER_IN_AN_EMERGENCY_829.3.svg,5140x3420 mm,829.3,"working drawing p829x3 is dimensioned in x-heights: no absolute size; artwork kept at 1 pt = 10 mm (proportions exact, size nominal); 1 stroked path(s) outlined with Inkscape"
831.2V,Vehicle emissions check point ahead,Information Signs,VEHICLE_EMISSIONS_CHECK_POINT_AHEAD_831.2V.svg,2530x1380 mm,831.2,"no working drawing for this diagram; artwork kept at 1 pt = 10 mm (proportions exact, size nominal); 1 stroked path(s) outlined with Inkscape"
831.2,Vehicle excise licence check point ahead,Information Signs,VEHICLE_EXCISE_LICENCE_CHECK_POINT_AHEAD_831.2.svg,1990x1720 mm,831.2,"no working drawing for this diagram; artwork kept at 1 pt = 10 mm (proportions exact, size nominal); 1 stroked path(s) outlined with Inkscape"
832.1A,Vehicle and Operator Services Agency check point ahead,Information Signs,VEHICLE_AND_OPERATOR_SERVICES_AGENCY_CHECK_POINT_AHEAD_832.1A.svg,1650x1610 mm,832.11,"no working drawing for this diagram; artwork kept at 1 pt = 10 mm (proportions exact, size nominal); 1 stroked path(s) outlined with Inkscape"
832,Location of traffic survey,Information Signs,LOCATION_OF_TRAFFIC_SURVEY_832.svg,5990x4290 mm,832.0,"no working drawing for this diagram; artwork kept at 1 pt = 10 mm (proportions exact, size nominal); 1 stroked path(s) outlined with Inkscape"
830.1,Vehicles may be directed to stop at a traffic survey ahead,Information Signs,VEHICLES_MAY_BE_DIRECTED_TO_STOP_AT_A_TRAFFIC_SURVEY_AHEAD_830.1.svg,4790x3430 mm,830.1,"no working drawing for this diagram; artwork kept at 1 pt = 10 mm (proportions exact, size nominal); 1 stroked path(s) outlined with Inkscape"
833,"Entrance to a car park, private access road or property",Information Signs,ENTRANCE_TO_A_CAR_PARK_PRIVATE_ACCESS_ROAD_OR_PROPERTY_833.svg,600x450 mm,833.0,600 mm (working drawing p833; alternatives 300/225); 1 stroked path(s) outlined with Inkscape
7014,Permanent change to the road layout ahead,Information Signs,PERMANENT_CHANGE_TO_THE_ROAD_LAYOUT_AHEAD_7014.svg,1700x1680 mm,7014.0,"working drawing p7014 is dimensioned in x-heights: no absolute size; artwork kept at 1 pt = 10 mm (proportions exact, size nominal); 1 stroked path(s) outlined with Inkscape"
836,"Entry to a car park, private access road or property from a public road not allowed",Information Signs,ENTRY_TO_A_CAR_PARK_PRIVATE_ACCESS_ROAD_OR_PROPERTY_FROM_A_PUBLIC_ROAD_836.svg,3450x2590 mm,836.0,"no working drawing for this diagram; artwork kept at 1 pt = 10 mm (proportions exact, size nominal); 1 stroked path(s) outlined with Inkscape"
835,"Exit from a car park, private access road or property from a public road not allowed",Information Signs,EXIT_FROM_A_CAR_PARK_PRIVATE_ACCESS_ROAD_OR_PROPERTY_FROM_A_PUBLIC_ROA_835.svg,3450x2590 mm,835.0,"no working drawing for this diagram; artwork kept at 1 pt = 10 mm (proportions exact, size nominal); 1 stroked path(s) outlined with Inkscape"
834,"Exit from a car park, private access road or property",Information Signs,EXIT_FROM_A_CAR_PARK_PRIVATE_ACCESS_ROAD_OR_PROPERTY_834.svg,3420x2590 mm,834.0,"no working drawing for this diagram; artwork kept at 1 pt = 10 mm (proportions exact, size nominal); 1 stroked path(s) outlined with Inkscape"
831,Vehicles should reduce speed on approaching a traffic survey ahead,Information Signs,VEHICLES_SHOULD_REDUCE_SPEED_ON_APPROACHING_A_TRAFFIC_SURVEY_AHEAD_831.svg,5990x4290 mm,831.0,"no working drawing for this diagram; artwork kept at 1 pt = 10 mm (proportions exact, size nominal); 1 stroked path(s) outlined with Inkscape"
830,Vehicles must stop at a census traffic point,Information Signs,VEHICLES_MUST_STOP_AT_A_CENSUS_TRAFFIC_POINT_830.svg,6000x4280 mm,830.0,"no working drawing for this diagram; artwork kept at 1 pt = 10 mm (proportions exact, size nominal); 1 stroked path(s) outlined with Inkscape"
5001.2,Indicates lane open for vehicular traffic,Tidal Flow Lane Control,INDICATES_LANE_OPEN_FOR_VEHICULAR_TRAFFIC_5001.2.svg,4433x3832 mm,5001.2,"no size figure read from working drawing p5001x2; artwork kept at 1 pt = 10 mm (proportions exact, size nominal)"
5003.1,Lane control signal indicating that vehicles may not proceed along the lane directly beneath the signal,Tidal Flow Lane Control,LANE_CONTROL_SIGNAL_INDICATING_THAT_VEHICLES_MAY_NOT_PROCEED_ALONG_THE_5003.1.svg,4358x3682 mm,5003.1,"no size figure read from working drawing p5003x1; artwork kept at 1 pt = 10 mm (proportions exact, size nominal)"
5005.1,Lane closed ahead vehicles must move to the next lane on the left,Tidal Flow Lane Control,LANE_CLOSED_AHEAD_VEHICLES_MUST_MOVE_TO_THE_NEXT_LANE_ON_THE_LEFT_5005.1.svg,4395x3697 mm,5005.1,"no size figure read from working drawing p5005x1; artwork kept at 1 pt = 10 mm (proportions exact, size nominal)"
5015,End of a system of lane control light signals,Tidal Flow Lane Control,END_OF_A_SYSTEM_OF_LANE_CONTROL_LIGHT_SIGNALS_5015.svg,3060x1330 mm,5015.0,"working drawing p5015 is dimensioned in x-heights: no absolute size; artwork kept at 1 pt = 10 mm (proportions exact, size nominal); 1 stroked path(s) outlined with Inkscape"
5001.1,Lane open to vehicular traffic,Tidal Flow Lane Control,LANE_OPEN_TO_VEHICULAR_TRAFFIC_5001.1.svg,3370x2970 mm,5001.1,"no size figure read from working drawing p5001x1; artwork kept at 1 pt = 10 mm (proportions exact, size nominal)"
5013,Direction of a system of lane control light signals,Tidal Flow Lane Control,DIRECTION_OF_A_SYSTEM_OF_LANE_CONTROL_LIGHT_SIGNALS_5013.svg,2000x2240 mm,5013.0,"working drawing p5013 is dimensioned in x-heights: no absolute size; artwork kept at 1 pt = 10 mm (proportions exact, size nominal); 1 stroked path(s) outlined with Inkscape"
5014,Distance and direction of a system of lane control light signals,Tidal Flow Lane Control,DISTANCE_AND_DIRECTION_OF_A_SYSTEM_OF_LANE_CONTROL_LIGHT_SIGNALS_5014.svg,3170x2310 mm,5014.0,"working drawing p5014 is dimensioned in x-heights: no absolute size; artwork kept at 1 pt = 10 mm (proportions exact, size nominal); 1 stroked path(s) outlined with Inkscape"
5012,System of lane control ahead,Tidal Flow Lane Control,SYSTEM_OF_LANE_CONTROL_AHEAD_5012.svg,3170x1330 mm,5012.0,"working drawing p5012 is dimensioned in x-heights: no absolute size; artwork kept at 1 pt = 10 mm (proportions exact, size nominal); 1 stroked path(s) outlined with Inkscape"
5011,Lane control signals in operation on the road extending from the junction ahead,Tidal Flow Lane Control,LANE_CONTROL_SIGNALS_IN_OPERATION_ON_THE_ROAD_EXTENDING_FROM_THE_JUNCT_5011.svg,3980x3440 mm,5011.0,"working drawing p5011 is dimensioned in x-heights: no absolute size; artwork kept at 1 pt = 10 mm (proportions exact, size nominal); 1 stroked path(s) outlined with Inkscape"
5010,Lane control signals in operation on the road,Tidal Flow Lane Control,LANE_CONTROL_SIGNALS_IN_OPERATION_ON_THE_ROAD_5010.svg,3690x3440 mm,5010.0,"working drawing p5010 is dimensioned in x-heights: no absolute size; artwork kept at 1 pt = 10 mm (proportions exact, size nominal); 1 stroked path(s) outlined with Inkscape"
5003,Lane control signal indicating that vehicles may not proceed along the lane directly beneath the signal,Tidal Flow Lane Control,LANE_CONTROL_SIGNAL_INDICATING_THAT_VEHICLES_MAY_NOT_PROCEED_ALONG_THE_5003.svg,2990x2715 mm,5003.0,"no size figure read from working drawing p5003; artwork kept at 1 pt = 10 mm (proportions exact, size nominal)"
5005,Lane closed ahead vehicles must move to the next lane on the left,Tidal Flow Lane Control,LANE_CLOSED_AHEAD_VEHICLES_MUST_MOVE_TO_THE_NEXT_LANE_ON_THE_LEFT_5005.svg,3915x3420 mm,5005.0,"no size figure read from working drawing p5005; artwork kept at 1 pt = 10 mm (proportions exact, size nominal)"
4003.1,Near side light signals and instructions for pedestrians at a pedestrian facility controlled by light signals,"Pedestrian, Cycle, Equestrian",NEAR_SIDE_LIGHT_SIGNALS_AND_INSTRUCTIONS_FOR_PEDESTRIANS_AT_A_PEDESTRI_4003.1.svg,3350x6690 mm,4003.1,"no working drawing for this diagram; artwork kept at 1 pt = 10 mm (proportions exact, size nominal); 1 stroked path(s) outlined with Inkscape"
4003.5,Light signals for pedestrians and cyclists at a Toucan crossing,"Pedestrian, Cycle, Equestrian",LIGHT_SIGNALS_FOR_PEDESTRIANS_AND_CYCLISTS_AT_A_TOUCAN_CROSSING_4003.5.svg,4825x4824 mm,4003.5,"no working drawing for this diagram; artwork kept at 1 pt = 10 mm (proportions exact, size nominal)"
4003.7,Near side light signals and instructions for pedestrians and cyclists at a Toucan crossing,"Pedestrian, Cycle, Equestrian",NEAR_SIDE_LIGHT_SIGNALS_AND_INSTRUCTIONS_FOR_PEDESTRIANS_AND_CYCLISTS__4003.7.svg,3350x6700 mm,4003.7,"no working drawing for this diagram; artwork kept at 1 pt = 10 mm (proportions exact, size nominal); 1 stroked path(s) outlined with Inkscape"
4003.6,Instructions to pedestrians and cyclists above the push button control at a Toucan crossing,"Pedestrian, Cycle, Equestrian",INSTRUCTIONS_TO_PEDESTRIANS_AND_CYCLISTS_ABOVE_THE_PUSH_BUTTON_CONTROL_4003.6.svg,3110x5050 mm,4003.6,"no working drawing for this diagram; artwork kept at 1 pt = 10 mm (proportions exact, size nominal); 3 stroked path(s) outlined with Inkscape"
4003.2,Light signals for equestrian traffic,"Pedestrian, Cycle, Equestrian",LIGHT_SIGNALS_FOR_EQUESTRIAN_TRAFFIC_4003.2.svg,2412x4823 mm,4003.2,"no working drawing for this diagram; artwork kept at 1 pt = 10 mm (proportions exact, size nominal)"
4003.4,Near side light signals and instructions for horse riders at an equestrian traffic crossing facility,"Pedestrian, Cycle, Equestrian",NEAR_SIDE_LIGHT_SIGNALS_AND_INSTRUCTIONS_FOR_HORSE_RIDERS_AT_AN_EQUEST_4003.4.svg,3350x6700 mm,4003.4,"no working drawing for this diagram; artwork kept at 1 pt = 10 mm (proportions exact, size nominal); 1 stroked path(s) outlined with Inkscape"
4003.3,Instructions to horse riders above the push button control for an equestrian traffic crossing,"Pedestrian, Cycle, Equestrian",INSTRUCTIONS_TO_HORSE_RIDERS_ABOVE_THE_PUSH_BUTTON_CONTROL_FOR_AN_EQUE_4003.3.svg,3110x5050 mm,4003.3,"working drawing p4003x3 is dimensioned in x-heights: no absolute size; artwork kept at 1 pt = 10 mm (proportions exact, size nominal); 4 stroked path(s) outlined with Inkscape"
4002.1,Light signals for pedestrians,"Pedestrian, Cycle, Equestrian",LIGHT_SIGNALS_FOR_PEDESTRIANS_4002.1.svg,2412x4823 mm,4002.1,"no size figure read from working drawing p4002x1; artwork kept at 1 pt = 10 mm (proportions exact, size nominal)"
4002.1B,Light signal for pedestrians,"Pedestrian, Cycle, Equestrian",LIGHT_SIGNAL_FOR_PEDESTRIANS_4002.1B.svg,3433x5701 mm,4002.1,"no size figure read from working drawing p4002x1; artwork kept at 1 pt = 10 mm (proportions exact, size nominal)"
4003,Instructions to pedestrians above the push control at light signals,"Pedestrian, Cycle, Equestrian",INSTRUCTIONS_TO_PEDESTRIANS_ABOVE_THE_PUSH_CONTROL_AT_LIGHT_SIGNALS_4003.svg,4862x7864 mm,4003.0,"working drawing p4003 is dimensioned in x-heights: no absolute size; artwork kept at 1 pt = 10 mm (proportions exact, size nominal)"
4002.1A,Light signal for pedestrians,"Pedestrian, Cycle, Equestrian",LIGHT_SIGNAL_FOR_PEDESTRIANS_4002.1A.svg,2067x5685 mm,4002.1,"no size figure read from working drawing p4002x1; artwork kept at 1 pt = 10 mm (proportions exact, size nominal)"
7001.1,Description of the nature of road works,Road Works And Temporary,DESCRIPTION_OF_THE_NATURE_OF_ROAD_WORKS_7001.1.svg,2600x670 mm,7001.1,"no working drawing for this diagram; artwork kept at 1 pt = 10 mm (proportions exact, size nominal); 3 stroked path(s) outlined with Inkscape"
7001.2,Location of road works immediately ahead on route indicated,Road Works And Temporary,LOCATION_OF_ROAD_WORKS_IMMEDIATELY_AHEAD_ON_ROUTE_INDICATED_7001.2.svg,2469x1018 mm,7001.2,"no working drawing for this diagram; artwork kept at 1 pt = 10 mm (proportions exact, size nominal)"
7301T,Temporary access to a construction or road works site,Road Works And Temporary,TEMPORARY_ACCESS_TO_A_CONSTRUCTION_OR_ROAD_WORKS_SITE_7301T.svg,1930x1380 mm,7301.0,"no working drawing for this diagram; artwork kept at 1 pt = 10 mm (proportions exact, size nominal); 1 stroked path(s) outlined with Inkscape"
7306,Direction to be taken by road works or construction traffic to an access to a works site 100 yards ahead,Road Works And Temporary,DIRECTION_TO_BE_TAKEN_BY_ROAD_WORKS_OR_CONSTRUCTION_TRAFFIC_TO_AN_ACCE_7306.svg,3000x1890 mm,7306.0,"no working drawing for this diagram; artwork kept at 1 pt = 10 mm (proportions exact, size nominal); 1 stroked path(s) outlined with Inkscape"
7302,Temporary exit from a construction or road works site,Road Works And Temporary,TEMPORARY_EXIT_FROM_A_CONSTRUCTION_OR_ROAD_WORKS_SITE_7302.svg,1930x1380 mm,7302.0,"no working drawing for this diagram; artwork kept at 1 pt = 10 mm (proportions exact, size nominal); 1 stroked path(s) outlined with Inkscape"
7304,Direction to be taken by road works or construction traffic at a junction ahead,Road Works And Temporary,DIRECTION_TO_BE_TAKEN_BY_ROAD_WORKS_OR_CONSTRUCTION_TRAFFIC_AT_A_JUNCT_7304.svg,2590x950 mm,7304.0,"no working drawing for this diagram; artwork kept at 1 pt = 10 mm (proportions exact, size nominal); 1 stroked path(s) outlined with Inkscape"
7305,Direction to be taken by road works or construction traffic at a junction or works entrance,Road Works And Temporary,DIRECTION_TO_BE_TAKEN_BY_ROAD_WORKS_OR_CONSTRUCTION_TRAFFIC_AT_A_JUNCT_7305.svg,2280x950 mm,7305.0,"no working drawing for this diagram; artwork kept at 1 pt = 10 mm (proportions exact, size nominal); 1 stroked path(s) outlined with Inkscape"
7307,Exit from a works site 200 yards ahead,Road Works And Temporary,EXIT_FROM_A_WORKS_SITE_200_YARDS_AHEAD_7307.svg,2080x1770 mm,7307.0,"no working drawing for this diagram; artwork kept at 1 pt = 10 mm (proportions exact, size nominal); 1 stroked path(s) outlined with Inkscape"
7301,Temporary entrance to a construction or road works site,Road Works And Temporary,TEMPORARY_ENTRANCE_TO_A_CONSTRUCTION_OR_ROAD_WORKS_SITE_7301.svg,1930x1380 mm,7301.0,"no working drawing for this diagram; artwork kept at 1 pt = 10 mm (proportions exact, size nominal); 1 stroked path(s) outlined with Inkscape"
7002.1,Dates when road works are to take place overnight and delays are to be expected,Road Works And Temporary,DATES_WHEN_ROAD_WORKS_ARE_TO_TAKE_PLACE_OVERNIGHT_AND_DELAYS_ARE_TO_BE_7002.1.svg,3220x1600 mm,7002.1,"no working drawing for this diagram; artwork kept at 1 pt = 10 mm (proportions exact, size nominal); 3 stroked path(s) outlined with Inkscape"
7023,Vehicular traffic must not proceed into a length of road where one-way working is temporarily necessary,Road Works And Temporary,VEHICULAR_TRAFFIC_MUST_NOT_PROCEED_INTO_A_LENGTH_OF_ROAD_WHERE_ONE_WAY_7023.svg,900x900 mm,7023.0,900 mm (working drawing p7023; alternatives 600/126)
7024,Vehicular traffic may proceed into a length of road where one-way working is temporarily necessary,Road Works And Temporary,VEHICULAR_TRAFFIC_MAY_PROCEED_INTO_A_LENGTH_OF_ROAD_WHERE_ONE_WAY_WORK_7024.svg,900x900 mm,7024.0,900 mm (working drawing p7024; alternatives 600/210/150); 1 stroked path(s) outlined with Inkscape
7011,Vehicles may not pass the temporary traffic signals when the red light is shown,Road Works And Temporary,VEHICLES_MAY_NOT_PASS_THE_TEMPORARY_TRAFFIC_SIGNALS_WHEN_THE_RED_LIGHT_7011.svg,1930x1380 mm,7011.0,"working drawing p7011 is dimensioned in x-heights: no absolute size; artwork kept at 1 pt = 10 mm (proportions exact, size nominal); 1 stroked path(s) outlined with Inkscape"
7011.1,Vehicles may not pass the temporary traffic signals when the red light is shown at a junction,Road Works And Temporary,VEHICLES_MAY_NOT_PASS_THE_TEMPORARY_TRAFFIC_SIGNALS_WHEN_THE_RED_LIGHT_7011.1.svg,1930x1380 mm,7011.1,"working drawing p7011x1 is dimensioned in x-heights: no absolute size; artwork kept at 1 pt = 10 mm (proportions exact, size nominal); 1 stroked path(s) outlined with Inkscape"
7022,Traffic joining a length of road being controlled by portable traffic signals is not controlled by these signals,Road Works And Temporary,TRAFFIC_JOINING_A_LENGTH_OF_ROAD_BEING_CONTROLLED_BY_PORTABLE_TRAFFIC__7022.svg,1930x1380 mm,7022.0,"working drawing p7022 is dimensioned in x-heights: no absolute size; artwork kept at 1 pt = 10 mm (proportions exact, size nominal); 1 stroked path(s) outlined with Inkscape"
7009,Loose chippings on road ahead,Road Works And Temporary,LOOSE_CHIPPINGS_ON_ROAD_AHEAD_7009.svg,600x527 mm,7009.0,600 mm (working drawing p7009; alternatives 750/900/1200/1500)
513.2V20,Maximum speed of 20 miles per hour advised at a bend or other hazard,Road Works And Temporary,MAXIMUM_SPEED_OF_20_MILES_PER_HOUR_ADVISED_AT_A_BEND_OR_OTHER_HAZARD_513.2V20.svg,2832x1065 mm,513.2,"working drawing p513x2 is dimensioned in x-heights: no absolute size; artwork kept at 1 pt = 10 mm (proportions exact, size nominal)"
7294,Maximum speed of 30 miles per hour advised at a bend or other hazard,Road Works And Temporary,MAXIMUM_SPEED_OF_30_MILES_PER_HOUR_ADVISED_AT_A_BEND_OR_OTHER_HAZARD_7294.svg,2901x1065 mm,7294.0,"no working drawing for this diagram; artwork kept at 1 pt = 10 mm (proportions exact, size nominal)"
7013,Temporary sudden change in level of carriageway surface,Road Works And Temporary,TEMPORARY_SUDDEN_CHANGE_IN_LEVEL_OF_CARRIAGEWAY_SURFACE_7013.svg,1960x840 mm,7013.0,"no working drawing for this diagram; artwork kept at 1 pt = 10 mm (proportions exact, size nominal); 1 stroked path(s) outlined with Inkscape"
7021,Traffic on road ahead is being controlled by portable light signals,Road Works And Temporary,TRAFFIC_ON_ROAD_AHEAD_IS_BEING_CONTROLLED_BY_PORTABLE_LIGHT_SIGNALS_7021.svg,1930x1380 mm,7021.0,"working drawing p7021 is dimensioned in x-heights: no absolute size; artwork kept at 1 pt = 10 mm (proportions exact, size nominal); 1 stroked path(s) outlined with Inkscape"
7255,Additional traffic lane available ahead as part of temporary traffic management scheme,Road Works And Temporary,ADDITIONAL_TRAFFIC_LANE_AVAILABLE_AHEAD_AS_PART_OF_TEMPORARY_TRAFFIC_M_7255.svg,1827x1827 mm,7255.0,"no working drawing for this diagram; artwork kept at 1 pt = 10 mm (proportions exact, size nominal)"
7206,Centre lane of a three lane single carriageway road closed,Road Works And Temporary,CENTRE_LANE_OF_A_THREE_LANE_SINGLE_CARRIAGEWAY_ROAD_CLOSED_7206.svg,1840x1540 mm,7206.0,"no working drawing for this diagram; artwork kept at 1 pt = 10 mm (proportions exact, size nominal); 1 stroked path(s) outlined with Inkscape"
7293,Instructions for drivers of wide loads on how to telephone for assistance,Road Works And Temporary,INSTRUCTIONS_FOR_DRIVERS_OF_WIDE_LOADS_ON_HOW_TO_TELEPHONE_FOR_ASSISTA_7293.svg,2770x1660 mm,7293.0,"no working drawing for this diagram; artwork kept at 1 pt = 10 mm (proportions exact, size nominal); 2 stroked path(s) outlined with Inkscape"
7291,Information on breakdown recovery services during road works,Road Works And Temporary,INFORMATION_ON_BREAKDOWN_RECOVERY_SERVICES_DURING_ROAD_WORKS_7291.svg,1745x2570 mm,7291.0,"no working drawing for this diagram; artwork kept at 1 pt = 10 mm (proportions exact, size nominal)"
7221,Sharp bends ahead where traffic is diverted onto a temporary road for a short distance,Road Works And Temporary,SHARP_BENDS_AHEAD_WHERE_TRAFFIC_IS_DIVERTED_ONTO_A_TEMPORARY_ROAD_FOR__7221.svg,1929x1949 mm,7221.0,"no working drawing for this diagram; artwork kept at 1 pt = 10 mm (proportions exact, size nominal)"
7292,Instructions to drivers of wide loads to follow a diversion to avoid the road works ahead,Road Works And Temporary,INSTRUCTIONS_TO_DRIVERS_OF_WIDE_LOADS_TO_FOLLOW_A_DIVERSION_TO_AVOID_T_7292.svg,3290x1770 mm,7292.0,"no working drawing for this diagram; artwork kept at 1 pt = 10 mm (proportions exact, size nominal); 5 stroked path(s) outlined with Inkscape"
7016,Zebra or signal controlled crossing temporarily out of use,Road Works And Temporary,ZEBRA_OR_SIGNAL_CONTROLLED_CROSSING_TEMPORARILY_OUT_OF_USE_7016.svg,2240x1300 mm,7016.0,"no working drawing for this diagram; artwork kept at 1 pt = 10 mm (proportions exact, size nominal); 1 stroked path(s) outlined with Inkscape"
7018.1,Cyclists to dismount and use the adjacent footway,Road Works And Temporary,CYCLISTS_TO_DISMOUNT_AND_USE_THE_ADJACENT_FOOTWAY_7018.1.svg,2300x1680 mm,7018.1,"no working drawing for this diagram; artwork kept at 1 pt = 10 mm (proportions exact, size nominal); 1 stroked path(s) outlined with Inkscape"
7404,Nature of work being done by vehicle working on the highway,Road Works And Temporary,NATURE_OF_WORK_BEING_DONE_BY_VEHICLE_WORKING_ON_THE_HIGHWAY_7404.svg,3240x990 mm,7404.0,"working drawing p7404 is dimensioned in x-heights: no absolute size; artwork kept at 1 pt = 10 mm (proportions exact, size nominal); 3 stroked path(s) outlined with Inkscape"
7015,Temporary absence of hard shoulder for 400 yards,Road Works And Temporary,TEMPORARY_ABSENCE_OF_HARD_SHOULDER_FOR_400_YARDS_7015.svg,2330x1680 mm,7015.0,"no working drawing for this diagram; artwork kept at 1 pt = 10 mm (proportions exact, size nominal); 1 stroked path(s) outlined with Inkscape"
7012,Temporary absence of road markings for 2 miles,Road Works And Temporary,TEMPORARY_ABSENCE_OF_ROAD_MARKINGS_FOR_2_MILES_7012.svg,2270x1680 mm,7012.0,"no working drawing for this diagram; artwork kept at 1 pt = 10 mm (proportions exact, size nominal); 1 stroked path(s) outlined with Inkscape"
7018,Direction of temporary route for pedestrians,Road Works And Temporary,DIRECTION_OF_TEMPORARY_ROUTE_FOR_PEDESTRIANS_7018.svg,2200x1660 mm,7018.0,"no working drawing for this diagram; artwork kept at 1 pt = 10 mm (proportions exact, size nominal); 1 stroked path(s) outlined with Inkscape"
7017,Direction in which pedestrians should look for approaching traffic,Road Works And Temporary,DIRECTION_IN_WHICH_PEDESTRIANS_SHOULD_LOOK_FOR_APPROACHING_TRAFFIC_7017.svg,2210x1660 mm,7017.0,"no working drawing for this diagram; artwork kept at 1 pt = 10 mm (proportions exact, size nominal); 1 stroked path(s) outlined with Inkscape"
7020,Variable message sign ahead not in use or being tested,Road Works And Temporary,VARIABLE_MESSAGE_SIGN_AHEAD_NOT_IN_USE_OR_BEING_TESTED_7020.svg,2110x1000 mm,7020.0,"no working drawing for this diagram; artwork kept at 1 pt = 10 mm (proportions exact, size nominal); 1 stroked path(s) outlined with Inkscape"
7010.1,Vehicular traffic should proceed slowly owing to temporary hazard resulting from wet tar on the road,Road Works And Temporary,VEHICULAR_TRAFFIC_SHOULD_PROCEED_SLOWLY_OWING_TO_TEMPORARY_HAZARD_RESU_7010.1.svg,1850x1090 mm,7010.1,"no working drawing for this diagram; artwork kept at 1 pt = 10 mm (proportions exact, size nominal); 1 stroked path(s) outlined with Inkscape"
7031,Vehicular traffic should not proceed beyond the sign when displayed during works on or near the road,Road Works And Temporary,VEHICULAR_TRAFFIC_SHOULD_NOT_PROCEED_BEYOND_THE_SIGN_WHEN_DISPLAYED_DU_7031.svg,450x450 mm,7031.0,450 mm (working drawing p7031; alternatives 378/540)
7019,Light signal not in use,Road Works And Temporary,LIGHT_SIGNAL_NOT_IN_USE_7019.svg,422x700 mm,7019.0,700 mm (working drawing p7019; alternatives 875/1050/525/630); 3 stroked path(s) outlined with Inkscape
7001.3,Vehicular traffic should proceed slowly owing to workforce in the road,Road Works And Temporary,VEHICULAR_TRAFFIC_SHOULD_PROCEED_SLOWLY_OWING_TO_WORKFORCE_IN_THE_ROAD_7001.3.svg,2580x1570 mm,7001.3,"no working drawing for this diagram; artwork kept at 1 pt = 10 mm (proportions exact, size nominal); 2 stroked path(s) outlined with Inkscape"
563,Accident ahead,Warning Signs,ACCIDENT_AHEAD_563.svg,4749x1708 mm,563.0,"no working drawing for this diagram; artwork kept at 1 pt = 10 mm (proportions exact, size nominal)"
675,End of 20 miles per hour zone and start of 30 miles per hour zone,Speed Limit Signs,END_OF_20_MILES_PER_HOUR_ZONE_AND_START_OF_30_MILES_PER_HOUR_ZONE_675.svg,5134x7263 mm,675.0,"working drawing p675 is dimensioned in x-heights: no absolute size; artwork kept at 1 pt = 10 mm (proportions exact, size nominal)"
NS67,Road (congestion) charge zone reminder,Miscellaneous,ROAD_CONGESTION_CHARGE_ZONE_REMINDER_NS67.svg,1134x1134 mm,1.0,"no working drawing for this diagram; artwork kept at 1 pt = 10 mm (proportions exact, size nominal)"
