  0
SECTION
  2
HEADER
  9
$ACADVER
  1
AC1003
  9
$INSBASE
 10
0.0
 20
0.0
  9
$EXTMIN
 10
 0.00000000000000E+0000
 20
 0.00000000000000E+0000
  9
$EXTMAX
 10
 6.00000000000000E+0002
 20
 6.00000000000000E+0002
  9
$LIMMIN
 10
0.0
 20
0.0
  9
$LIMMAX
 10
410.0
 20
287.0
  9
$VIEWCTR
 10
227.0059616
 20
165.058879 
  9
$VIEWSIZE
 40
 6.00000000000000E+0002
9
$SNAPMODE
70
0
9
$SNAPUNIT
10
1
20
1
9
$GRIDMODE
70
0
9
$GRIDUNIT
10
1
20
1
9
$ORTHOMODE
70
0
9
$rEGENMODE
70
1
9
$FILLMODE
70
1
9
$DRAGMODE
70
2
9
$LTSCALE
40
25.0
9
$OSMODE
70
0
9
$ATTMODE
70
1
9
$TRACEWID
40
1.0
9
$TEXTSTYLE
7
STANDARD
9
$CLAYER
8
0
9
$CELTYPE
6
VONLAYER
9
$CECOLOR
62
256
9
$LUNITS
70
2
9
$LUPREC
70
2
9
$AXISMODE
70
0
9
$AXISUNIT
10
0
20
0
9
$SKETCHINC
40
1.0
9
$FILLETRAD
40
0.0
9
$AUNITS
70
0
9
$AUPREC
70
0
9
$MENU
1
ACAD
9
$ELEVATION
40
0.0
9
$THICKNESS
40
0.0
9
$VIEWDIR
10
0.0
20
0.0
30
1.0
9
$LIMCHECK
70
0
9
$BLIPMODE
70
1
9
$CHAMFERA
40
0.0
9
$CHAMFERB
40
0.0
9
$USRTIMER
70
1
9
$ANGBASE
50
0.0
9
$ANGDIR
70
0
9
$PDMODE
70
0
9
$PDSIZE
40
0.0
9
$PLINEWID
40
0.0
9
$COORDS
70
0
0
ENDSEC
0
SECTION
2
TABLES
0
TABLE
2
LTYPE
70
1
0
LTYPE
2
AUSGEZOGEN
70
64
3
Ausgezogene Linie
72
65
73
0
40
0.0
0
ENDTAB
0
TABLE
2
LAYER
70
1
0
LAYER
2
0
70
0
62
7
6
AUSGEZOGEN
0
ENDTAB
0
TABLE
2
STYLE
70
1
0
STYLE
2
STANDARD
70
0
40
0.0
41
1.0
50
0.0
71
0
42
3.5
3
txt
4

0
ENDTAB
0
TABLE
2
VIEW
70
0
0
ENDTAB
0
ENDSEC
0
SECTION
2
BLOCKS
0
ENDSEC
0
SECTION
2
ENTITIES
  0
CIRCLE
  8
0
 10
 3.00000000000000E+0002
 20
 3.00000000000000E+0002
 40
 3.00000000000000E+0002
  0
CIRCLE
  8
0
 10
 3.00000000000000E+0002
 20
 3.00000000000000E+0002
 40
 2.90000000000000E+0002
  0
ARC
  8
0
 10
 3.00350000000000E+0002
 20
 3.00000000000000E+0002
 40
 2.74650000000000E+0002
 50
 0.00000000000000E+0000
 51
 3.36200000000000E+0001
  0
LINE
  8
0
 10
 5.29058750659443E+0002
 20
 4.52068832677169E+0002
 11
 1.47757363149485E+0002
 21
 7.09865079852232E+0001
  0
ARC
  8
0
 10
 3.00000000000000E+0002
 20
 3.00000000000000E+0002
 40
 2.75000000000000E+0002
 50
 2.36385000000000E+0002
 51
 3.60000000000000E+0002
  0
ARC
  8
0
 10
 2.99350000000000E+0002
 20
 2.99300000000000E+0002
 40
 2.75950000000000E+0002
 50
 3.65700000000000E+0001
 51
 3.86650000000000E+0001
  0
LINE
  8
0
 10
 5.14815126785234E+0002
 20
 4.71704123034871E+0002
 11
 1.28295876965129E+0002
 21
 8.51848732147660E+0001
  0
ARC
  8
0
 10
 3.00700000000000E+0002
 20
 3.00650000000000E+0002
 40
 2.75950000000000E+0002
 50
 2.31335000000000E+0002
 51
 2.33430000000000E+0002
  0
LINE
  8
0
 10
 1.36287765055586E+0002
 20
 7.90264013003519E+0001
 11
 5.20997900000000E+0002
 21
 4.63735800000000E+0002
  0
ARC
  8
0
 10
 2.98800000000000E+0002
 20
 2.98850000000000E+0002
 40
 2.76650000000000E+0002
 50
 4.15800000000000E+0001
 51
 4.36500000000000E+0001
  0
LINE
  8
0
 10
 4.98975579412485E+0002
 20
 4.89808005610857E+0002
 11
 1.10191994389142E+0002
 21
 1.01024420587515E+0002
  0
ARC
  8
0
 10
 3.01150000000000E+0002
 20
 3.01200000000000E+0002
 40
 2.76650000000000E+0002
 50
 2.26350000000000E+0002
 51
 2.28420000000000E+0002
  0
LINE
  8
0
 10
 1.17547038622710E+0002
 20
 9.42575561333793E+0001
 11
 5.05786400000000E+0002
 21
 4.82465400000000E+0002
  0
ARC
  8
0
 10
 2.98900000000000E+0002
 20
 2.98900000000000E+0002
 40
 2.76550000000000E+0002
 50
 4.65500000000000E+0001
 51
 4.86250000000000E+0001
  0
LINE
  8
0
 10
 4.81695264770304E+0002
 20
 5.06422995539180E+0002
 11
 9.35770044608203E+0001
 21
 1.18304735229695E+0002
  0
ARC
  8
0
 10
 3.01100000000000E+0002
 20
 3.01100000000000E+0002
 40
 2.76550000000000E+0002
 50
 2.21375000000000E+0002
 51
 2.23450000000000E+0002
  0
LINE
  8
0
 10
 1.00331669772855E+0002
 20
 1.10910673070741E+0002
 11
 4.89089700000000E+0002
 21
 4.99709900000000E+0002
  0
ARC
  8
0
 10
 2.99250000000000E+0002
 20
 2.99300000000000E+0002
 40
 2.76050000000000E+0002
 50
 5.15400000000000E+0001
 51
 5.36350000000000E+0001
  0
LINE
  8
0
 10
 4.62927524374346E+0002
 20
 5.21590959138435E+0002
 11
 7.84090408615647E+0001
 21
 1.37072475625654E+0002
  0
ARC
  8
0
 10
 3.00700000000000E+0002
 20
 3.00750000000000E+0002
 40
 2.76050000000000E+0002
 50
 2.16365000000000E+0002
 51
 2.18460000000000E+0002
  0
LINE
  8
0
 10
 8.45411004003990E+0001
 20
 1.29055700083289E+0002
 11
 4.70915200000000E+0002
 21
 5.15476600000000E+0002
  0
ARC
  8
0
 10
 2.99550000000000E+0002
 20
 3.00000000000000E+0002
 40
 2.74550000000000E+0002
 50
 5.65950000000000E+0001
 51
 2.13415000000000E+0002
  0
LINE
  8
0
 10
 7.03820939116180E+0001
 20
 1.48805511611479E+0002
 11
 4.51234200000000E+0002
 21
 5.29736500000000E+0002
  0
ARC
  8
0
 10
 9.75500000000000E+0001
 20
 3.04800000000000E+0002
 40
 1.44500000000000E+0001
 50
 1.43130000000000E+0002
 51
 1.80000000000000E+0002
  0
LINE
  8
0
 10
 8.59900154882541E+0001
 20
 3.13470020650967E+0002
 11
 8.88899535888304E+0001
 21
 3.17319938118556E+0002
  0
ARC
  8
0
 10
 5.42500000000000E+0001
 20
 3.43300000000000E+0002
 40
 4.33000000000000E+0001
 50
 3.23130000000000E+0002
 51
 3.36480000000000E+0002
  0
LINE
  8
0
 10
 9.39526718885389E+0001
 20
 3.26020305416153E+0002
 11
 1.13000684409100E+0002
 21
 3.69757819149335E+0002
  0
ARC
  8
0
 10
 1.24050000000000E+0002
 20
 3.64950000000000E+0002
 40
 1.20500000000000E+0001
 50
 9.00000000000000E+0001
 51
 1.56485000000000E+0002
  0
LINE
  8
0
 10
 1.24050000000000E+0002
 20
 3.77000000000000E+0002
 11
 2.44350000000000E+0002
 21
 3.77000000000000E+0002
  0
ARC
  8
0
 10
 2.44350000000000E+0002
 20
 3.64950000000000E+0002
 40
 1.20500000000000E+0001
 50
 2.35150000000000E+0001
 51
 9.00000000000000E+0001
  0
LINE
  8
0
 10
 2.55399315590899E+0002
 20
 3.69757819149335E+0002
 11
 2.66269100000000E+0002
 21
 3.44771400000000E+0002
  0
LINE
  8
0
 10
 2.66269100000000E+0002
 20
 3.44771400000000E+0002
 11
 1.82995100000000E+0002
 21
 2.61497400000000E+0002
  0
LINE
  8
0
 10
 1.82995100000000E+0002
 20
 2.61497400000000E+0002
 11
 9.51500000000000E+0001
 21
 2.61500000000000E+0002
  0
ARC
  8
0
 10
 9.51500000000000E+0001
 20
 2.73550000000000E+0002
 40
 1.20500000000000E+0001
 50
 1.80000000000000E+0002
 51
 2.70000000000000E+0002
  0
LINE
  8
0
 10
 8.31000000000000E+0001
 20
 2.73550000000000E+0002
 11
 8.31273000000000E+0001
 21
 3.04812600000000E+0002
  0
LINE
  8
0
 10
 2.72272500000000E+0002
 20
 3.30975800000000E+0002
 11
 2.74441668107353E+0002
 21
 3.26043719650728E+0002
  0
ARC
  8
0
 10
 3.14100000000000E+0002
 20
 3.43300000000000E+0002
 40
 4.32500000000000E+0001
 50
 2.03515000000000E+0002
 51
 2.10465000000000E+0002
  0
LINE
  8
0
 10
 2.76821136640925E+0002
 20
 3.21371734070943E+0002
 11
 2.16936000000000E+0002
 21
 2.61497400000000E+0002
  0
LINE
  8
0
 10
 2.16936000000000E+0002
 20
 2.61497400000000E+0002
 11
 2.02794100000000E+0002
 21
 2.61497400000000E+0002
  0
LINE
  8
0
 10
 2.02794100000000E+0002
 20
 2.61497400000000E+0002
 11
 2.72272500000000E+0002
 21
 3.30975800000000E+0002
  0
ARC
  8
0
 10
 2.70800000000000E+0002
 20
 3.04800000000000E+0002
 40
 1.44500000000000E+0001
 50
 0.00000000000000E+0000
 51
 1.81450000000000E+0001
  0
LINE
  8
0
 10
 2.85250000000000E+0002
 20
 3.04800000000000E+0002
 11
 2.85264900000000E+0002
 21
 2.95885100000000E+0002
  0
LINE
  8
0
 10
 2.85264900000000E+0002
 20
 2.95885100000000E+0002
 11
 2.50877200000000E+0002
 21
 2.61497400000000E+0002
  0
LINE
  8
0
 10
 2.50877200000000E+0002
 20
 2.61497400000000E+0002
 11
 2.36735200000000E+0002
 21
 2.61497400000000E+0002
  0
LINE
  8
0
 10
 2.36735200000000E+0002
 20
 2.61497400000000E+0002
 11
 2.84548000000000E+0002
 21
 3.09310200000000E+0002
  0
LINE
  8
0
 10
 2.85264900000000E+0002
 20
 2.76086100000000E+0002
 11
 2.85300000000000E+0002
 21
 2.73550000000000E+0002
  0
ARC
  8
0
 10
 2.73250000000000E+0002
 20
 2.73550000000000E+0002
 40
 1.20500000000000E+0001
 50
 2.70000000000000E+0002
 51
 3.60000000000000E+0002
  0
LINE
  8
0
 10
 2.73250000000000E+0002
 20
 2.61500000000000E+0002
 11
 2.70676200000000E+0002
 21
 2.61497400000000E+0002
  0
LINE
  8
0
 10
 2.70676200000000E+0002
 20
 2.61497400000000E+0002
 11
 2.85264900000000E+0002
 21
 2.76086100000000E+0002
  0
LINE
  8
0
 10
 1.05988100000000E+0002
 20
 3.24063800000000E+0002
 11
 1.22548780021593E+0002
 21
 3.62065531963105E+0002
  0
ARC
  8
0
 10
 1.26950000000000E+0002
 20
 3.60150000000000E+0002
 40
 4.80000000000000E+0000
 50
 9.00000000000000E+0001
 51
 1.56480000000000E+0002
  0
LINE
  8
0
 10
 1.26950000000000E+0002
 20
 3.64950000000000E+0002
 11
 2.41450000000000E+0002
 21
 3.64950000000000E+0002
  0
ARC
  8
0
 10
 2.41450000000000E+0002
 20
 3.60150000000000E+0002
 40
 4.80000000000000E+0000
 50
 2.35200000000000E+0001
 51
 9.00000000000000E+0001
  0
LINE
  8
0
 10
 2.45851219978406E+0002
 20
 3.62065531963105E+0002
 11
 2.57297200000000E+0002
 21
 3.35799500000000E+0002
  0
LINE
  8
0
 10
 2.57297200000000E+0002
 20
 3.35799500000000E+0002
 11
 2.45561500000000E+0002
 21
 3.24063800000000E+0002
  0
LINE
  8
0
 10
 2.45561500000000E+0002
 20
 3.24063800000000E+0002
 11
 1.05988100000000E+0002
 21
 3.24063800000000E+0002
  0
LINE
  8
0
 10
 9.51593000000000E+0001
 20
 2.56684600000000E+0002
 11
 1.24036100000000E+0002
 21
 2.56684600000000E+0002
  0
LINE
  8
0
 10
 1.24036100000000E+0002
 20
 2.56684600000000E+0002
 11
 1.24000000000000E+0002
 21
 2.30200000000000E+0002
  0
ARC
  8
0
 10
 1.16800000000000E+0002
 20
 2.30200000000000E+0002
 40
 7.20000000000000E+0000
 50
 2.70000000000000E+0002
 51
 3.60000000000000E+0002
  0
LINE
  8
0
 10
 1.16800000000000E+0002
 20
 2.23000000000000E+0002
 11
 1.02400000000000E+0002
 21
 2.23000000000000E+0002
  0
ARC
  8
0
 10
 1.02400000000000E+0002
 20
 2.30200000000000E+0002
 40
 7.20000000000000E+0000
 50
 1.80000000000000E+0002
 51
 2.70000000000000E+0002
  0
LINE
  8
0
 10
 9.52000000000000E+0001
 20
 2.30200000000000E+0002
 11
 9.51593000000000E+0001
 21
 2.56684600000000E+0002
  0
LINE
  8
0
 10
 2.44356100000000E+0002
 20
 2.56684600000000E+0002
 11
 2.46064400000000E+0002
 21
 2.56684600000000E+0002
  0
LINE
  8
0
 10
 2.46064400000000E+0002
 20
 2.56684600000000E+0002
 11
 2.44356100000000E+0002
 21
 2.54976300000000E+0002
  0
LINE
  8
0
 10
 2.44356100000000E+0002
 20
 2.54976300000000E+0002
 11
 2.44356100000000E+0002
 21
 2.56684600000000E+0002
  0
LINE
  8
0
 10
 2.65863400000000E+0002
 20
 2.56684600000000E+0002
 11
 2.73232900000000E+0002
 21
 2.56684600000000E+0002
  0
LINE
  8
0
 10
 2.73232900000000E+0002
 20
 2.56684600000000E+0002
 11
 2.73232900000000E+0002
 21
 2.49911900000000E+0002
  0
LINE
  8
0
 10
 2.73232900000000E+0002
 20
 2.49911900000000E+0002
 11
 2.47544300000000E+0002
 21
 2.24223300000000E+0002
  0
LINE
  8
0
 10
 2.47544300000000E+0002
 20
 2.24223300000000E+0002
 11
 2.47486787365300E+0002
 21
 2.24262462055100E+0002
  0
LINE
  8
0
 10
 2.47486787365300E+0002
 20
 2.24262462055100E+0002
 11
 2.47429673882400E+0002
 21
 2.24302161800800E+0002
  0
LINE
  8
0
 10
 2.47429673882400E+0002
 20
 2.24302161800800E+0002
 11
 2.47372963183100E+0002
 21
 2.24342395607700E+0002
  0
LINE
  8
0
 10
 2.47372963183100E+0002
 20
 2.24342395607700E+0002
 11
 2.47316658899200E+0002
 21
 2.24383159846400E+0002
  0
LINE
  8
0
 10
 2.47316658899200E+0002
 20
 2.24383159846400E+0002
 11
 2.47260764662500E+0002
 21
 2.24424450887500E+0002
  0
LINE
  8
0
 10
 2.47260764662500E+0002
 20
 2.24424450887500E+0002
 11
 2.47205284104800E+0002
 21
 2.24466265101600E+0002
  0
LINE
  8
0
 10
 2.47205284104800E+0002
 20
 2.24466265101600E+0002
 11
 2.47150220857900E+0002
 21
 2.24508598859300E+0002
  0
LINE
  8
0
 10
 2.47150220857900E+0002
 20
 2.24508598859300E+0002
 11
 2.47095578553600E+0002
 21
 2.24551448531200E+0002
  0
LINE
  8
0
 10
 2.47095578553600E+0002
 20
 2.24551448531200E+0002
 11
 2.47041360823700E+0002
 21
 2.24594810487900E+0002
  0
LINE
  8
0
 10
 2.47041360823700E+0002
 20
 2.24594810487900E+0002
 11
 2.46987571300000E+0002
 21
 2.24638681100000E+0002
  0
LINE
  8
0
 10
 2.46987571300000E+0002
 20
 2.24638681100000E+0002
 11
 2.46934213614300E+0002
 21
 2.24683056738100E+0002
  0
LINE
  8
0
 10
 2.46934213614300E+0002
 20
 2.24683056738100E+0002
 11
 2.46881291398400E+0002
 21
 2.24727933772800E+0002
  0
LINE
  8
0
 10
 2.46881291398400E+0002
 20
 2.24727933772800E+0002
 11
 2.46828808284100E+0002
 21
 2.24773308574700E+0002
  0
LINE
  8
0
 10
 2.46828808284100E+0002
 20
 2.24773308574700E+0002
 11
 2.46776767903200E+0002
 21
 2.24819177514400E+0002
  0
LINE
  8
0
 10
 2.46776767903200E+0002
 20
 2.24819177514400E+0002
 11
 2.46725173887500E+0002
 21
 2.24865536962500E+0002
  0
LINE
  8
0
 10
 2.46725173887500E+0002
 20
 2.24865536962500E+0002
 11
 2.46674029868800E+0002
 21
 2.24912383289600E+0002
  0
LINE
  8
0
 10
 2.46674029868800E+0002
 20
 2.24912383289600E+0002
 11
 2.46623339478900E+0002
 21
 2.24959712866300E+0002
  0
LINE
  8
0
 10
 2.46623339478900E+0002
 20
 2.24959712866300E+0002
 11
 2.46573106349600E+0002
 21
 2.25007522063200E+0002
  0
LINE
  8
0
 10
 2.46573106349600E+0002
 20
 2.25007522063200E+0002
 11
 2.46523334112700E+0002
 21
 2.25055807250900E+0002
  0
LINE
  8
0
 10
 2.46523334112700E+0002
 20
 2.25055807250900E+0002
 11
 2.46474026400000E+0002
 21
 2.25104564800000E+0002
  0
LINE
  8
0
 10
 2.46474026400000E+0002
 20
 2.25104564800000E+0002
 11
 2.46425186843300E+0002
 21
 2.25153791081100E+0002
  0
LINE
  8
0
 10
 2.46425186843300E+0002
 20
 2.25153791081100E+0002
 11
 2.46376819074400E+0002
 21
 2.25203482464800E+0002
  0
LINE
  8
0
 10
 2.46376819074400E+0002
 20
 2.25203482464800E+0002
 11
 2.46328926725100E+0002
 21
 2.25253635321700E+0002
  0
LINE
  8
0
 10
 2.46328926725100E+0002
 20
 2.25253635321700E+0002
 11
 2.46281513427200E+0002
 21
 2.25304246022400E+0002
  0
LINE
  8
0
 10
 2.46281513427200E+0002
 20
 2.25304246022400E+0002
 11
 2.46234582812500E+0002
 21
 2.25355310937500E+0002
  0
LINE
  8
0
 10
 2.46234582812500E+0002
 20
 2.25355310937500E+0002
 11
 2.46188138512800E+0002
 21
 2.25406826437600E+0002
  0
LINE
  8
0
 10
 2.46188138512800E+0002
 20
 2.25406826437600E+0002
 11
 2.46142184159900E+0002
 21
 2.25458788893300E+0002
  0
LINE
  8
0
 10
 2.46142184159900E+0002
 20
 2.25458788893300E+0002
 11
 2.46096723385600E+0002
 21
 2.25511194675200E+0002
  0
LINE
  8
0
 10
 2.46096723385600E+0002
 20
 2.25511194675200E+0002
 11
 2.46051759821700E+0002
 21
 2.25564040153900E+0002
  0
LINE
  8
0
 10
 2.46051759821700E+0002
 20
 2.25564040153900E+0002
 11
 2.46007297100000E+0002
 21
 2.25617321700000E+0002
  0
LINE
  8
0
 10
 2.46007297100000E+0002
 20
 2.25617321700000E+0002
 11
 2.45963338852300E+0002
 21
 2.25671035684100E+0002
  0
LINE
  8
0
 10
 2.45963338852300E+0002
 20
 2.25671035684100E+0002
 11
 2.45919888710400E+0002
 21
 2.25725178476800E+0002
  0
LINE
  8
0
 10
 2.45919888710400E+0002
 20
 2.25725178476800E+0002
 11
 2.45876950306100E+0002
 21
 2.25779746448700E+0002
  0
LINE
  8
0
 10
 2.45876950306100E+0002
 20
 2.25779746448700E+0002
 11
 2.45834527271200E+0002
 21
 2.25834735970400E+0002
  0
LINE
  8
0
 10
 2.45834527271200E+0002
 20
 2.25834735970400E+0002
 11
 2.45792623237500E+0002
 21
 2.25890143412500E+0002
  0
LINE
  8
0
 10
 2.45792623237500E+0002
 20
 2.25890143412500E+0002
 11
 2.45751241836800E+0002
 21
 2.25945965145600E+0002
  0
LINE
  8
0
 10
 2.45751241836800E+0002
 20
 2.25945965145600E+0002
 11
 2.45710386700900E+0002
 21
 2.26002197540300E+0002
  0
LINE
  8
0
 10
 2.45710386700900E+0002
 20
 2.26002197540300E+0002
 11
 2.45670061461600E+0002
 21
 2.26058836967200E+0002
  0
LINE
  8
0
 10
 2.45670061461600E+0002
 20
 2.26058836967200E+0002
 11
 2.45630269750700E+0002
 21
 2.26115879796900E+0002
  0
LINE
  8
0
 10
 2.45630269750700E+0002
 20
 2.26115879796900E+0002
 11
 2.45591015200000E+0002
 21
 2.26173322400000E+0002
  0
LINE
  8
0
 10
 2.45591015200000E+0002
 20
 2.26173322400000E+0002
 11
 2.45552301441300E+0002
 21
 2.26231161147100E+0002
  0
LINE
  8
0
 10
 2.45552301441300E+0002
 20
 2.26231161147100E+0002
 11
 2.45514132106400E+0002
 21
 2.26289392408800E+0002
  0
LINE
  8
0
 10
 2.45514132106400E+0002
 20
 2.26289392408800E+0002
 11
 2.45476510827100E+0002
 21
 2.26348012555700E+0002
  0
LINE
  8
0
 10
 2.45476510827100E+0002
 20
 2.26348012555700E+0002
 11
 2.45439441235200E+0002
 21
 2.26407017958400E+0002
  0
LINE
  8
0
 10
 2.45439441235200E+0002
 20
 2.26407017958400E+0002
 11
 2.45402926962500E+0002
 21
 2.26466404987500E+0002
  0
LINE
  8
0
 10
 2.45402926962500E+0002
 20
 2.26466404987500E+0002
 11
 2.45366971640800E+0002
 21
 2.26526170013600E+0002
  0
LINE
  8
0
 10
 2.45366971640800E+0002
 20
 2.26526170013600E+0002
 11
 2.45331578901900E+0002
 21
 2.26586309407300E+0002
  0
LINE
  8
0
 10
 2.45331578901900E+0002
 20
 2.26586309407300E+0002
 11
 2.45296752377600E+0002
 21
 2.26646819539200E+0002
  0
LINE
  8
0
 10
 2.45296752377600E+0002
 20
 2.26646819539200E+0002
 11
 2.45262495699700E+0002
 21
 2.26707696779900E+0002
  0
LINE
  8
0
 10
 2.45262495699700E+0002
 20
 2.26707696779900E+0002
 11
 2.45228812500000E+0002
 21
 2.26768937500000E+0002
  0
LINE
  8
0
 10
 2.45228812500000E+0002
 20
 2.26768937500000E+0002
 11
 2.45195706410300E+0002
 21
 2.26830538070100E+0002
  0
LINE
  8
0
 10
 2.45195706410300E+0002
 20
 2.26830538070100E+0002
 11
 2.45163181062400E+0002
 21
 2.26892494860800E+0002
  0
LINE
  8
0
 10
 2.45163181062400E+0002
 20
 2.26892494860800E+0002
 11
 2.45131240088100E+0002
 21
 2.26954804242700E+0002
  0
LINE
  8
0
 10
 2.45131240088100E+0002
 20
 2.26954804242700E+0002
 11
 2.45099887119200E+0002
 21
 2.27017462586400E+0002
  0
LINE
  8
0
 10
 2.45099887119200E+0002
 20
 2.27017462586400E+0002
 11
 2.45069125787500E+0002
 21
 2.27080466262500E+0002
  0
LINE
  8
0
 10
 2.45069125787500E+0002
 20
 2.27080466262500E+0002
 11
 2.45038959724800E+0002
 21
 2.27143811641600E+0002
  0
LINE
  8
0
 10
 2.45038959724800E+0002
 20
 2.27143811641600E+0002
 11
 2.45009392562900E+0002
 21
 2.27207495094300E+0002
  0
LINE
  8
0
 10
 2.45009392562900E+0002
 20
 2.27207495094300E+0002
 11
 2.44980427933600E+0002
 21
 2.27271512991200E+0002
  0
LINE
  8
0
 10
 2.44980427933600E+0002
 20
 2.27271512991200E+0002
 11
 2.44952069468700E+0002
 21
 2.27335861702900E+0002
  0
LINE
  8
0
 10
 2.44952069468700E+0002
 20
 2.27335861702900E+0002
 11
 2.44924320800000E+0002
 21
 2.27400537600000E+0002
  0
LINE
  8
0
 10
 2.44924320800000E+0002
 20
 2.27400537600000E+0002
 11
 2.44897185559300E+0002
 21
 2.27465537053100E+0002
  0
LINE
  8
0
 10
 2.44897185559300E+0002
 20
 2.27465537053100E+0002
 11
 2.44870667378400E+0002
 21
 2.27530856432800E+0002
  0
LINE
  8
0
 10
 2.44870667378400E+0002
 20
 2.27530856432800E+0002
 11
 2.44844769889100E+0002
 21
 2.27596492109700E+0002
  0
LINE
  8
0
 10
 2.44844769889100E+0002
 20
 2.27596492109700E+0002
 11
 2.44819496723200E+0002
 21
 2.27662440454400E+0002
  0
LINE
  8
0
 10
 2.44819496723200E+0002
 20
 2.27662440454400E+0002
 11
 2.44794851512500E+0002
 21
 2.27728697837500E+0002
  0
LINE
  8
0
 10
 2.44794851512500E+0002
 20
 2.27728697837500E+0002
 11
 2.44770837888800E+0002
 21
 2.27795260629600E+0002
  0
LINE
  8
0
 10
 2.44770837888800E+0002
 20
 2.27795260629600E+0002
 11
 2.44747459483900E+0002
 21
 2.27862125201300E+0002
  0
LINE
  8
0
 10
 2.44747459483900E+0002
 20
 2.27862125201300E+0002
 11
 2.44724719929600E+0002
 21
 2.27929287923200E+0002
  0
LINE
  8
0
 10
 2.44724719929600E+0002
 20
 2.27929287923200E+0002
 11
 2.44702622857700E+0002
 21
 2.27996745165900E+0002
  0
LINE
  8
0
 10
 2.44702622857700E+0002
 20
 2.27996745165900E+0002
 11
 2.44681171900000E+0002
 21
 2.28064493300000E+0002
  0
LINE
  8
0
 10
 2.44681171900000E+0002
 20
 2.28064493300000E+0002
 11
 2.44660370688300E+0002
 21
 2.28132528696100E+0002
  0
LINE
  8
0
 10
 2.44660370688300E+0002
 20
 2.28132528696100E+0002
 11
 2.44640222854400E+0002
 21
 2.28200847724800E+0002
  0
LINE
  8
0
 10
 2.44640222854400E+0002
 20
 2.28200847724800E+0002
 11
 2.44620732030100E+0002
 21
 2.28269446756700E+0002
  0
LINE
  8
0
 10
 2.44620732030100E+0002
 20
 2.28269446756700E+0002
 11
 2.44601901847200E+0002
 21
 2.28338322162400E+0002
  0
LINE
  8
0
 10
 2.44601901847200E+0002
 20
 2.28338322162400E+0002
 11
 2.44583735937500E+0002
 21
 2.28407470312500E+0002
  0
LINE
  8
0
 10
 2.44583735937500E+0002
 20
 2.28407470312500E+0002
 11
 2.44566237932800E+0002
 21
 2.28476887577600E+0002
  0
LINE
  8
0
 10
 2.44566237932800E+0002
 20
 2.28476887577600E+0002
 11
 2.44549411464900E+0002
 21
 2.28546570328300E+0002
  0
LINE
  8
0
 10
 2.44549411464900E+0002
 20
 2.28546570328300E+0002
 11
 2.44533260165600E+0002
 21
 2.28616514935200E+0002
  0
LINE
  8
0
 10
 2.44533260165600E+0002
 20
 2.28616514935200E+0002
 11
 2.44517787666700E+0002
 21
 2.28686717768900E+0002
  0
LINE
  8
0
 10
 2.44517787666700E+0002
 20
 2.28686717768900E+0002
 11
 2.44502997600000E+0002
 21
 2.28757175200000E+0002
  0
LINE
  8
0
 10
 2.44502997600000E+0002
 20
 2.28757175200000E+0002
 11
 2.44488893597300E+0002
 21
 2.28827883599100E+0002
  0
LINE
  8
0
 10
 2.44488893597300E+0002
 20
 2.28827883599100E+0002
 11
 2.44475479290400E+0002
 21
 2.28898839336800E+0002
  0
LINE
  8
0
 10
 2.44475479290400E+0002
 20
 2.28898839336800E+0002
 11
 2.44462758311100E+0002
 21
 2.28970038783700E+0002
  0
LINE
  8
0
 10
 2.44462758311100E+0002
 20
 2.28970038783700E+0002
 11
 2.44450734291200E+0002
 21
 2.29041478310400E+0002
  0
LINE
  8
0
 10
 2.44450734291200E+0002
 20
 2.29041478310400E+0002
 11
 2.44439410862500E+0002
 21
 2.29113154287500E+0002
  0
LINE
  8
0
 10
 2.44439410862500E+0002
 20
 2.29113154287500E+0002
 11
 2.44428791656800E+0002
 21
 2.29185063085600E+0002
  0
LINE
  8
0
 10
 2.44428791656800E+0002
 20
 2.29185063085600E+0002
 11
 2.44418880305900E+0002
 21
 2.29257201075300E+0002
  0
LINE
  8
0
 10
 2.44418880305900E+0002
 20
 2.29257201075300E+0002
 11
 2.44409680441600E+0002
 21
 2.29329564627200E+0002
  0
LINE
  8
0
 10
 2.44409680441600E+0002
 20
 2.29329564627200E+0002
 11
 2.44401195695700E+0002
 21
 2.29402150111900E+0002
  0
LINE
  8
0
 10
 2.44401195695700E+0002
 20
 2.29402150111900E+0002
 11
 2.44393429700000E+0002
 21
 2.29474953900000E+0002
  0
LINE
  8
0
 10
 2.44393429700000E+0002
 20
 2.29474953900000E+0002
 11
 2.44386386086300E+0002
 21
 2.29547972362100E+0002
  0
LINE
  8
0
 10
 2.44386386086300E+0002
 20
 2.29547972362100E+0002
 11
 2.44380068486400E+0002
 21
 2.29621201868800E+0002
  0
LINE
  8
0
 10
 2.44380068486400E+0002
 20
 2.29621201868800E+0002
 11
 2.44374480532100E+0002
 21
 2.29694638790700E+0002
  0
LINE
  8
0
 10
 2.44374480532100E+0002
 20
 2.29694638790700E+0002
 11
 2.44369625855200E+0002
 21
 2.29768279498400E+0002
  0
LINE
  8
0
 10
 2.44369625855200E+0002
 20
 2.29768279498400E+0002
 11
 2.44365508087500E+0002
 21
 2.29842120362500E+0002
  0
LINE
  8
0
 10
 2.44365508087500E+0002
 20
 2.29842120362500E+0002
 11
 2.44362130860800E+0002
 21
 2.29916157753600E+0002
  0
LINE
  8
0
 10
 2.44362130860800E+0002
 20
 2.29916157753600E+0002
 11
 2.44359497806900E+0002
 21
 2.29990388042300E+0002
  0
LINE
  8
0
 10
 2.44359497806900E+0002
 20
 2.29990388042300E+0002
 11
 2.44357612557600E+0002
 21
 2.30064807599200E+0002
  0
LINE
  8
0
 10
 2.44357612557600E+0002
 20
 2.30064807599200E+0002
 11
 2.44356478744700E+0002
 21
 2.30139412794900E+0002
  0
LINE
  8
0
 10
 2.44356478744700E+0002
 20
 2.30139412794900E+0002
 11
 2.44356100000000E+0002
 21
 2.30214200000000E+0002
  0
LINE
  8
0
 10
 2.44356100000000E+0002
 20
 2.30214200000000E+0002
 11
 2.44356100000000E+0002
 21
 2.35177300000000E+0002
  0
LINE
  8
0
 10
 2.44356100000000E+0002
 20
 2.35177300000000E+0002
 11
 2.65863400000000E+0002
 21
 2.56684600000000E+0002
  0
ARC
  8
0
 10
 2.66000000000000E+0002
 20
 2.30200000000000E+0002
 40
 7.20000000000000E+0000
 50
 2.70800000000000E+0002
 51
 3.59200000000000E+0002
  0
LINE
  8
0
 10
 2.66100527698442E+0002
 20
 2.23000701827133E+0002
 11
 2.73231600000000E+0002
 21
 2.30111500000000E+0002
  0
LINE
  8
0
 10
 3.21359400000000E+0002
 20
 2.98038400000000E+0002
 11
 3.21359400000000E+0002
 21
 3.06016900000000E+0002
  0
LINE
  8
0
 10
 3.21359400000000E+0002
 20
 3.06016900000000E+0002
 11
 3.29337900000000E+0002
 21
 3.06016900000000E+0002
  0
LINE
  8
0
 10
 3.29337900000000E+0002
 20
 3.06016900000000E+0002
 11
 3.21359400000000E+0002
 21
 2.98038400000000E+0002
  0
LINE
  8
0
 10
 3.49137000000000E+0002
 20
 3.06016900000000E+0002
 11
 3.63279000000000E+0002
 21
 3.06016900000000E+0002
  0
LINE
  8
0
 10
 3.63279000000000E+0002
 20
 3.06016900000000E+0002
 11
 3.51247100000000E+0002
 21
 2.93985000000000E+0002
  0
LINE
  8
0
 10
 3.51247100000000E+0002
 20
 2.93985000000000E+0002
 11
 3.37105100000000E+0002
 21
 2.93985000000000E+0002
  0
LINE
  8
0
 10
 3.37105100000000E+0002
 20
 2.93985000000000E+0002
 11
 3.49137000000000E+0002
 21
 3.06016900000000E+0002
  0
LINE
  8
0
 10
 3.83078000000000E+0002
 20
 3.06016900000000E+0002
 11
 5.13871400000000E+0002
 21
 3.06016900000000E+0002
  0
LINE
  8
0
 10
 5.13871400000000E+0002
 20
 3.06016900000000E+0002
 11
 5.13871400000000E+0002
 21
 2.93985000000000E+0002
  0
LINE
  8
0
 10
 5.13871400000000E+0002
 20
 2.93985000000000E+0002
 11
 3.71046100000000E+0002
 21
 2.93985000000000E+0002
  0
LINE
  8
0
 10
 3.71046100000000E+0002
 20
 2.93985000000000E+0002
 11
 3.83078000000000E+0002
 21
 3.06016900000000E+0002
  0
LINE
  8
0
 10
 4.11704700000000E+0002
 20
 2.08069600000000E+0002
 11
 4.23550000000000E+0002
 21
 2.08050000000000E+0002
  0
ARC
  8
0
 10
 4.23550000000000E+0002
 20
 2.01650000000000E+0002
 40
 6.40000000000000E+0000
 50
 0.00000000000000E+0000
 51
 9.00000000000000E+0001
  0
LINE
  8
0
 10
 4.29950000000000E+0002
 20
 2.01650000000000E+0002
 11
 4.29929400000000E+0002
 21
 1.82456300000000E+0002
  0
LINE
  8
0
 10
 4.29929400000000E+0002
 20
 1.82456300000000E+0002
 11
 4.36825200000000E+0002
 21
 1.82456300000000E+0002
  0
LINE
  8
0
 10
 4.36825200000000E+0002
 20
 1.82456300000000E+0002
 11
 4.36825200000000E+0002
 21
 1.49947400000000E+0002
  0
LINE
  8
0
 10
 4.36825200000000E+0002
 20
 1.49947400000000E+0002
 11
 4.29929400000000E+0002
 21
 1.49947400000000E+0002
  0
LINE
  8
0
 10
 4.29929400000000E+0002
 20
 1.49947400000000E+0002
 11
 4.29950000000000E+0002
 21
 1.30750000000000E+0002
  0
ARC
  8
0
 10
 4.23550000000000E+0002
 20
 1.30750000000000E+0002
 40
 6.40000000000000E+0000
 50
 2.70000000000000E+0002
 51
 3.60000000000000E+0002
  0
LINE
  8
0
 10
 4.23550000000000E+0002
 20
 1.24350000000000E+0002
 11
 4.11700000000000E+0002
 21
 1.24350000000000E+0002
  0
ARC
  8
0
 10
 4.11700000000000E+0002
 20
 1.30750000000000E+0002
 40
 6.40000000000000E+0000
 50
 1.80000000000000E+0002
 51
 2.70000000000000E+0002
  0
LINE
  8
0
 10
 4.05300000000000E+0002
 20
 1.30750000000000E+0002
 11
 4.05301300000000E+0002
 21
 1.57335800000000E+0002
  0
LINE
  8
0
 10
 4.05301300000000E+0002
 20
 1.57335800000000E+0002
 11
 3.98405600000000E+0002
 21
 1.57335800000000E+0002
  0
LINE
  8
0
 10
 3.98405600000000E+0002
 20
 1.57335800000000E+0002
 11
 3.98405600000000E+0002
 21
 1.75068000000000E+0002
  0
LINE
  8
0
 10
 3.98405600000000E+0002
 20
 1.75068000000000E+0002
 11
 4.05301300000000E+0002
 21
 1.75068000000000E+0002
  0
LINE
  8
0
 10
 4.05301300000000E+0002
 20
 1.75068000000000E+0002
 11
 4.05300000000000E+0002
 21
 2.01650000000000E+0002
  0
ARC
  8
0
 10
 4.11700000000000E+0002
 20
 2.01650000000000E+0002
 40
 6.40000000000000E+0000
 50
 9.00000000000000E+0001
 51
 1.80000000000000E+0002
  0
LINE
  8
0
 10
 3.86584100000000E+0002
 20
 2.30727300000000E+0002
 11
 4.48650000000000E+0002
 21
 2.30700000000000E+0002
  0
ARC
  8
0
 10
 4.48650000000000E+0002
 20
 2.28250000000000E+0002
 40
 2.45000000000000E+0000
 50
 0.00000000000000E+0000
 51
 9.00000000000000E+0001
  0
LINE
  8
0
 10
 4.51100000000000E+0002
 20
 2.28250000000000E+0002
 11
 4.51109500000000E+0002
 21
 2.09054600000000E+0002
  0
LINE
  8
0
 10
 4.51109500000000E+0002
 20
 2.09054600000000E+0002
 11
 4.41075000000000E+0002
 21
 1.70634900000000E+0002
  0
LINE
  8
0
 10
 4.41075000000000E+0002
 20
 1.70634900000000E+0002
 11
 4.38795400000000E+0002
 21
 1.66201900000000E+0002
  0
LINE
  8
0
 10
 4.38795400000000E+0002
 20
 1.66201900000000E+0002
 11
 4.38795400000000E+0002
 21
 2.13980300000000E+0002
  0
LINE
  8
0
 10
 4.38795400000000E+0002
 20
 2.13980300000000E+0002
 11
 3.96435300000000E+0002
 21
 2.13980300000000E+0002
  0
LINE
  8
0
 10
 3.96435300000000E+0002
 20
 2.13980300000000E+0002
 11
 3.96435300000000E+0002
 21
 1.66201900000000E+0002
  0
LINE
  8
0
 10
 3.96435300000000E+0002
 20
 1.66201900000000E+0002
 11
 3.94153700000000E+0002
 21
 1.70634900000000E+0002
  0
LINE
  8
0
 10
 3.94153700000000E+0002
 20
 1.70634900000000E+0002
 11
 3.84121300000000E+0002
 21
 2.09054600000000E+0002
  0
LINE
  8
0
 10
 3.84121300000000E+0002
 20
 2.09054600000000E+0002
 11
 3.84150000000000E+0002
 21
 2.28250000000000E+0002
  0
ARC
  8
0
 10
 3.86600000000000E+0002
 20
 2.28250000000000E+0002
 40
 2.45000000000000E+0000
 50
 9.00000000000000E+0001
 51
 1.80000000000000E+0002
  0
LINE
  8
0
 10
 3.95696400000000E+0002
 20
 2.51907300000000E+0002
 11
 3.95715200000000E+0002
 21
 2.51906700000000E+0002
  0
LINE
  8
0
 10
 3.95715200000000E+0002
 20
 2.51906700000000E+0002
 11
 4.02350000000000E+0002
 21
 2.51900000000000E+0002
  0
ARC
  8
0
 10
 4.08250000000000E+0002
 20
 2.51900000000000E+0002
 40
 5.90000000000000E+0000
 50
 9.00050000000000E+0001
 51
 1.80000000000000E+0002
  0
LINE
  8
0
 10
 4.08249485127871E+0002
 20
 2.57799999977534E+0002
 11
 4.26950000000000E+0002
 21
 2.57800000000000E+0002
  0
ARC
  8
0
 10
 4.26950000000000E+0002
 20
 2.51900000000000E+0002
 40
 5.90000000000000E+0000
 50
 0.00000000000000E+0000
 51
 9.00000000000000E+0001
  0
LINE
  8
0
 10
 4.32850000000000E+0002
 20
 2.51900000000000E+0002
 11
 4.39550000000000E+0002
 21
 2.51950000000000E+0002
  0
ARC
  8
0
 10
 4.39550000000000E+0002
 20
 2.40350000000000E+0002
 40
 1.16000000000000E+0001
 50
 0.00000000000000E+0000
 51
 9.00000000000000E+0001
  0
LINE
  8
0
 10
 4.51150000000000E+0002
 20
 2.40350000000000E+0002
 11
 4.51100000000000E+0002
 21
 2.40350000000000E+0002
  0
ARC
  8
0
 10
 4.44950000000000E+0002
 20
 2.40350000000000E+0002
 40
 6.15000000000000E+0000
 50
 2.70000000000000E+0002
 51
 3.60000000000000E+0002
  0
LINE
  8
0
 10
 4.44950000000000E+0002
 20
 2.34200000000000E+0002
 11
 3.90300000000000E+0002
 21
 2.34200000000000E+0002
  0
ARC
  8
0
 10
 3.90300000000000E+0002
 20
 2.40350000000000E+0002
 40
 6.15000000000000E+0000
 50
 1.80000000000000E+0002
 51
 2.70000000000000E+0002
  0
LINE
  8
0
 10
 3.84150000000000E+0002
 20
 2.40350000000000E+0002
 11
 3.84100000000000E+0002
 21
 2.40350000000000E+0002
  0
ARC
  8
0
 10
 3.95700000000000E+0002
 20
 2.40350000000000E+0002
 40
 1.16000000000000E+0001
 50
 9.00000000000000E+0001
 51
 1.80000000000000E+0002
  0
ARC
  8
0
 10
 4.05300000000000E+0002
 20
 3.14400000000000E+0002
 40
 4.67500000000000E+0001
 50
 2.45885000000000E+0002
 51
 2.70000000000000E+0002
  0
LINE
  8
0
 10
 3.86199379343188E+0002
 20
 2.71730001282815E+0002
 11
 3.86182100000000E+0002
 21
 2.71699600000000E+0002
  0
LINE
  8
0
 10
 3.86182100000000E+0002
 20
 2.71699600000000E+0002
 11
 3.86159890587200E+0002
 21
 2.71710623731900E+0002
  0
LINE
  8
0
 10
 3.86159890587200E+0002
 20
 2.71710623731900E+0002
 11
 3.86137761737600E+0002
 21
 2.71721591255200E+0002
  0
LINE
  8
0
 10
 3.86137761737600E+0002
 20
 2.71721591255200E+0002
 11
 3.86115709534400E+0002
 21
 2.71732503061300E+0002
  0
LINE
  8
0
 10
 3.86115709534400E+0002
 20
 2.71732503061300E+0002
 11
 3.86093730060800E+0002
 21
 2.71743359641600E+0002
  0
LINE
  8
0
 10
 3.86093730060800E+0002
 20
 2.71743359641600E+0002
 11
 3.86071819400000E+0002
 21
 2.71754161487500E+0002
  0
LINE
  8
0
 10
 3.86071819400000E+0002
 20
 2.71754161487500E+0002
 11
 3.86049973635200E+0002
 21
 2.71764909090400E+0002
  0
LINE
  8
0
 10
 3.86049973635200E+0002
 20
 2.71764909090400E+0002
 11
 3.86028188849600E+0002
 21
 2.71775602941700E+0002
  0
LINE
  8
0
 10
 3.86028188849600E+0002
 20
 2.71775602941700E+0002
 11
 3.86006461126400E+0002
 21
 2.71786243532800E+0002
  0
LINE
  8
0
 10
 3.86006461126400E+0002
 20
 2.71786243532800E+0002
 11
 3.85984786548800E+0002
 21
 2.71796831355100E+0002
  0
LINE
  8
0
 10
 3.85984786548800E+0002
 20
 2.71796831355100E+0002
 11
 3.85963161200000E+0002
 21
 2.71807366900000E+0002
  0
LINE
  8
0
 10
 3.85963161200000E+0002
 20
 2.71807366900000E+0002
 11
 3.85941581163200E+0002
 21
 2.71817850658900E+0002
  0
LINE
  8
0
 10
 3.85941581163200E+0002
 20
 2.71817850658900E+0002
 11
 3.85920042521600E+0002
 21
 2.71828283123200E+0002
  0
LINE
  8
0
 10
 3.85920042521600E+0002
 20
 2.71828283123200E+0002
 11
 3.85898541358400E+0002
 21
 2.71838664784300E+0002
  0
LINE
  8
0
 10
 3.85898541358400E+0002
 20
 2.71838664784300E+0002
 11
 3.85877073756800E+0002
 21
 2.71848996133600E+0002
  0
LINE
  8
0
 10
 3.85877073756800E+0002
 20
 2.71848996133600E+0002
 11
 3.85855635800000E+0002
 21
 2.71859277662500E+0002
  0
LINE
  8
0
 10
 3.85855635800000E+0002
 20
 2.71859277662500E+0002
 11
 3.85834223571200E+0002
 21
 2.71869509862400E+0002
  0
LINE
  8
0
 10
 3.85834223571200E+0002
 20
 2.71869509862400E+0002
 11
 3.85812833153600E+0002
 21
 2.71879693224700E+0002
  0
LINE
  8
0
 10
 3.85812833153600E+0002
 20
 2.71879693224700E+0002
 11
 3.85791460630400E+0002
 21
 2.71889828240800E+0002
  0
LINE
  8
0
 10
 3.85791460630400E+0002
 20
 2.71889828240800E+0002
 11
 3.85770102084800E+0002
 21
 2.71899915402100E+0002
  0
LINE
  8
0
 10
 3.85770102084800E+0002
 20
 2.71899915402100E+0002
 11
 3.85748753600000E+0002
 21
 2.71909955200000E+0002
  0
LINE
  8
0
 10
 3.85748753600000E+0002
 20
 2.71909955200000E+0002
 11
 3.85727411259200E+0002
 21
 2.71919948125900E+0002
  0
LINE
  8
0
 10
 3.85727411259200E+0002
 20
 2.71919948125900E+0002
 11
 3.85706071145600E+0002
 21
 2.71929894671200E+0002
  0
LINE
  8
0
 10
 3.85706071145600E+0002
 20
 2.71929894671200E+0002
 11
 3.85684729342400E+0002
 21
 2.71939795327300E+0002
  0
LINE
  8
0
 10
 3.85684729342400E+0002
 20
 2.71939795327300E+0002
 11
 3.85663381932800E+0002
 21
 2.71949650585600E+0002
  0
LINE
  8
0
 10
 3.85663381932800E+0002
 20
 2.71949650585600E+0002
 11
 3.85642025000000E+0002
 21
 2.71959460937500E+0002
  0
LINE
  8
0
 10
 3.85642025000000E+0002
 20
 2.71959460937500E+0002
 11
 3.85620654627200E+0002
 21
 2.71969226874400E+0002
  0
LINE
  8
0
 10
 3.85620654627200E+0002
 20
 2.71969226874400E+0002
 11
 3.85599266897600E+0002
 21
 2.71978948887700E+0002
  0
LINE
  8
0
 10
 3.85599266897600E+0002
 20
 2.71978948887700E+0002
 11
 3.85577857894400E+0002
 21
 2.71988627468800E+0002
  0
LINE
  8
0
 10
 3.85577857894400E+0002
 20
 2.71988627468800E+0002
 11
 3.85556423700800E+0002
 21
 2.71998263109100E+0002
  0
LINE
  8
0
 10
 3.85556423700800E+0002
 20
 2.71998263109100E+0002
 11
 3.85534960400000E+0002
 21
 2.72007856300000E+0002
  0
LINE
  8
0
 10
 3.85534960400000E+0002
 20
 2.72007856300000E+0002
 11
 3.85513464075200E+0002
 21
 2.72017407532900E+0002
  0
LINE
  8
0
 10
 3.85513464075200E+0002
 20
 2.72017407532900E+0002
 11
 3.85491930809600E+0002
 21
 2.72026917299200E+0002
  0
LINE
  8
0
 10
 3.85491930809600E+0002
 20
 2.72026917299200E+0002
 11
 3.85470356686400E+0002
 21
 2.72036386090300E+0002
  0
LINE
  8
0
 10
 3.85470356686400E+0002
 20
 2.72036386090300E+0002
 11
 3.85448737788800E+0002
 21
 2.72045814397600E+0002
  0
LINE
  8
0
 10
 3.85448737788800E+0002
 20
 2.72045814397600E+0002
 11
 3.85427070200000E+0002
 21
 2.72055202712500E+0002
  0
LINE
  8
0
 10
 3.85427070200000E+0002
 20
 2.72055202712500E+0002
 11
 3.85405350003200E+0002
 21
 2.72064551526400E+0002
  0
LINE
  8
0
 10
 3.85405350003200E+0002
 20
 2.72064551526400E+0002
 11
 3.85383573281600E+0002
 21
 2.72073861330700E+0002
  0
LINE
  8
0
 10
 3.85383573281600E+0002
 20
 2.72073861330700E+0002
 11
 3.85361736118400E+0002
 21
 2.72083132616800E+0002
  0
LINE
  8
0
 10
 3.85361736118400E+0002
 20
 2.72083132616800E+0002
 11
 3.85339834596800E+0002
 21
 2.72092365876100E+0002
  0
LINE
  8
0
 10
 3.85339834596800E+0002
 20
 2.72092365876100E+0002
 11
 3.85317864800000E+0002
 21
 2.72101561600000E+0002
  0
LINE
  8
0
 10
 3.85317864800000E+0002
 20
 2.72101561600000E+0002
 11
 3.85295822811200E+0002
 21
 2.72110720279900E+0002
  0
LINE
  8
0
 10
 3.85295822811200E+0002
 20
 2.72110720279900E+0002
 11
 3.85273704713600E+0002
 21
 2.72119842407200E+0002
  0
LINE
  8
0
 10
 3.85273704713600E+0002
 20
 2.72119842407200E+0002
 11
 3.85251506590400E+0002
 21
 2.72128928473300E+0002
  0
LINE
  8
0
 10
 3.85251506590400E+0002
 20
 2.72128928473300E+0002
 11
 3.85229224524800E+0002
 21
 2.72137978969600E+0002
  0
LINE
  8
0
 10
 3.85229224524800E+0002
 20
 2.72137978969600E+0002
 11
 3.85206854600000E+0002
 21
 2.72146994387500E+0002
  0
LINE
  8
0
 10
 3.85206854600000E+0002
 20
 2.72146994387500E+0002
 11
 3.85184392899200E+0002
 21
 2.72155975218400E+0002
  0
LINE
  8
0
 10
 3.85184392899200E+0002
 20
 2.72155975218400E+0002
 11
 3.85161835505600E+0002
 21
 2.72164921953700E+0002
  0
LINE
  8
0
 10
 3.85161835505600E+0002
 20
 2.72164921953700E+0002
 11
 3.85139178502400E+0002
 21
 2.72173835084800E+0002
  0
LINE
  8
0
 10
 3.85139178502400E+0002
 20
 2.72173835084800E+0002
 11
 3.85116417972800E+0002
 21
 2.72182715103100E+0002
  0
LINE
  8
0
 10
 3.85116417972800E+0002
 20
 2.72182715103100E+0002
 11
 3.85093550000000E+0002
 21
 2.72191562500000E+0002
  0
LINE
  8
0
 10
 3.85093550000000E+0002
 20
 2.72191562500000E+0002
 11
 3.85070570667200E+0002
 21
 2.72200377766900E+0002
  0
LINE
  8
0
 10
 3.85070570667200E+0002
 20
 2.72200377766900E+0002
 11
 3.85047476057600E+0002
 21
 2.72209161395200E+0002
  0
LINE
  8
0
 10
 3.85047476057600E+0002
 20
 2.72209161395200E+0002
 11
 3.85024262254400E+0002
 21
 2.72217913876300E+0002
  0
LINE
  8
0
 10
 3.85024262254400E+0002
 20
 2.72217913876300E+0002
 11
 3.85000925340800E+0002
 21
 2.72226635701600E+0002
  0
LINE
  8
0
 10
 3.85000925340800E+0002
 20
 2.72226635701600E+0002
 11
 3.84977461400000E+0002
 21
 2.72235327362500E+0002
  0
LINE
  8
0
 10
 3.84977461400000E+0002
 20
 2.72235327362500E+0002
 11
 3.84953866515200E+0002
 21
 2.72243989350400E+0002
  0
LINE
  8
0
 10
 3.84953866515200E+0002
 20
 2.72243989350400E+0002
 11
 3.84930136769600E+0002
 21
 2.72252622156700E+0002
  0
LINE
  8
0
 10
 3.84930136769600E+0002
 20
 2.72252622156700E+0002
 11
 3.84906268246400E+0002
 21
 2.72261226272800E+0002
  0
LINE
  8
0
 10
 3.84906268246400E+0002
 20
 2.72261226272800E+0002
 11
 3.84882257028800E+0002
 21
 2.72269802190100E+0002
  0
LINE
  8
0
 10
 3.84882257028800E+0002
 20
 2.72269802190100E+0002
 11
 3.84858099200000E+0002
 21
 2.72278350400000E+0002
  0
LINE
  8
0
 10
 3.84858099200000E+0002
 20
 2.72278350400000E+0002
 11
 3.84833790843200E+0002
 21
 2.72286871393900E+0002
  0
LINE
  8
0
 10
 3.84833790843200E+0002
 20
 2.72286871393900E+0002
 11
 3.84809328041600E+0002
 21
 2.72295365663200E+0002
  0
LINE
  8
0
 10
 3.84809328041600E+0002
 20
 2.72295365663200E+0002
 11
 3.84784706878400E+0002
 21
 2.72303833699300E+0002
  0
LINE
  8
0
 10
 3.84784706878400E+0002
 20
 2.72303833699300E+0002
 11
 3.84759923436800E+0002
 21
 2.72312275993600E+0002
  0
LINE
  8
0
 10
 3.84759923436800E+0002
 20
 2.72312275993600E+0002
 11
 3.84734973800000E+0002
 21
 2.72320693037500E+0002
  0
LINE
  8
0
 10
 3.84734973800000E+0002
 20
 2.72320693037500E+0002
 11
 3.84709854051200E+0002
 21
 2.72329085322400E+0002
  0
LINE
  8
0
 10
 3.84709854051200E+0002
 20
 2.72329085322400E+0002
 11
 3.84684560273600E+0002
 21
 2.72337453339700E+0002
  0
LINE
  8
0
 10
 3.84684560273600E+0002
 20
 2.72337453339700E+0002
 11
 3.84659088550400E+0002
 21
 2.72345797580800E+0002
  0
LINE
  8
0
 10
 3.84659088550400E+0002
 20
 2.72345797580800E+0002
 11
 3.84633434964800E+0002
 21
 2.72354118537100E+0002
  0
LINE
  8
0
 10
 3.84633434964800E+0002
 20
 2.72354118537100E+0002
 11
 3.84607595600000E+0002
 21
 2.72362416700000E+0002
  0
LINE
  8
0
 10
 3.84607595600000E+0002
 20
 2.72362416700000E+0002
 11
 3.84581566539200E+0002
 21
 2.72370692560900E+0002
  0
LINE
  8
0
 10
 3.84581566539200E+0002
 20
 2.72370692560900E+0002
 11
 3.84555343865600E+0002
 21
 2.72378946611200E+0002
  0
LINE
  8
0
 10
 3.84555343865600E+0002
 20
 2.72378946611200E+0002
 11
 3.84528923662400E+0002
 21
 2.72387179342300E+0002
  0
LINE
  8
0
 10
 3.84528923662400E+0002
 20
 2.72387179342300E+0002
 11
 3.84502302012800E+0002
 21
 2.72395391245600E+0002
  0
LINE
  8
0
 10
 3.84502302012800E+0002
 20
 2.72395391245600E+0002
 11
 3.84475475000000E+0002
 21
 2.72403582812500E+0002
  0
LINE
  8
0
 10
 3.84475475000000E+0002
 20
 2.72403582812500E+0002
 11
 3.84448438707200E+0002
 21
 2.72411754534400E+0002
  0
LINE
  8
0
 10
 3.84448438707200E+0002
 20
 2.72411754534400E+0002
 11
 3.84421189217600E+0002
 21
 2.72419906902700E+0002
  0
LINE
  8
0
 10
 3.84421189217600E+0002
 20
 2.72419906902700E+0002
 11
 3.84393722614400E+0002
 21
 2.72428040408800E+0002
  0
LINE
  8
0
 10
 3.84393722614400E+0002
 20
 2.72428040408800E+0002
 11
 3.84366034980800E+0002
 21
 2.72436155544100E+0002
  0
LINE
  8
0
 10
 3.84366034980800E+0002
 20
 2.72436155544100E+0002
 11
 3.84338122400000E+0002
 21
 2.72444252800000E+0002
  0
LINE
  8
0
 10
 3.84338122400000E+0002
 20
 2.72444252800000E+0002
 11
 3.84309980955200E+0002
 21
 2.72452332667900E+0002
  0
LINE
  8
0
 10
 3.84309980955200E+0002
 20
 2.72452332667900E+0002
 11
 3.84281606729600E+0002
 21
 2.72460395639200E+0002
  0
LINE
  8
0
 10
 3.84281606729600E+0002
 20
 2.72460395639200E+0002
 11
 3.84252995806400E+0002
 21
 2.72468442205300E+0002
  0
LINE
  8
0
 10
 3.84252995806400E+0002
 20
 2.72468442205300E+0002
 11
 3.84224144268800E+0002
 21
 2.72476472857600E+0002
  0
LINE
  8
0
 10
 3.84224144268800E+0002
 20
 2.72476472857600E+0002
 11
 3.84195048200000E+0002
 21
 2.72484488087500E+0002
  0
LINE
  8
0
 10
 3.84195048200000E+0002
 20
 2.72484488087500E+0002
 11
 3.84165703683200E+0002
 21
 2.72492488386400E+0002
  0
LINE
  8
0
 10
 3.84165703683200E+0002
 20
 2.72492488386400E+0002
 11
 3.84136106801600E+0002
 21
 2.72500474245700E+0002
  0
LINE
  8
0
 10
 3.84136106801600E+0002
 20
 2.72500474245700E+0002
 11
 3.84106253638400E+0002
 21
 2.72508446156800E+0002
  0
LINE
  8
0
 10
 3.84106253638400E+0002
 20
 2.72508446156800E+0002
 11
 3.84076140276800E+0002
 21
 2.72516404611100E+0002
  0
LINE
  8
0
 10
 3.84076140276800E+0002
 20
 2.72516404611100E+0002
 11
 3.84045762800000E+0002
 21
 2.72524350100000E+0002
  0
LINE
  8
0
 10
 3.84045762800000E+0002
 20
 2.72524350100000E+0002
 11
 3.84015117291200E+0002
 21
 2.72532283114900E+0002
  0
LINE
  8
0
 10
 3.84015117291200E+0002
 20
 2.72532283114900E+0002
 11
 3.83984199833600E+0002
 21
 2.72540204147200E+0002
  0
LINE
  8
0
 10
 3.83984199833600E+0002
 20
 2.72540204147200E+0002
 11
 3.83953006510400E+0002
 21
 2.72548113688300E+0002
  0
LINE
  8
0
 10
 3.83953006510400E+0002
 20
 2.72548113688300E+0002
 11
 3.83921533404800E+0002
 21
 2.72556012229600E+0002
  0
LINE
  8
0
 10
 3.83921533404800E+0002
 20
 2.72556012229600E+0002
 11
 3.83889776600000E+0002
 21
 2.72563900262500E+0002
  0
LINE
  8
0
 10
 3.83889776600000E+0002
 20
 2.72563900262500E+0002
 11
 3.83857732179200E+0002
 21
 2.72571778278400E+0002
  0
LINE
  8
0
 10
 3.83857732179200E+0002
 20
 2.72571778278400E+0002
 11
 3.83825396225600E+0002
 21
 2.72579646768700E+0002
  0
LINE
  8
0
 10
 3.83825396225600E+0002
 20
 2.72579646768700E+0002
 11
 3.83792764822400E+0002
 21
 2.72587506224800E+0002
  0
LINE
  8
0
 10
 3.83792764822400E+0002
 20
 2.72587506224800E+0002
 11
 3.83759834052800E+0002
 21
 2.72595357138100E+0002
  0
LINE
  8
0
 10
 3.83759834052800E+0002
 20
 2.72595357138100E+0002
 11
 3.83726600000000E+0002
 21
 2.72603200000000E+0002
  0
LINE
  8
0
 10
 3.83726600000000E+0002
 20
 2.72603200000000E+0002
 11
 3.68359400000000E+0002
 21
 2.76194000000000E+0002
  0
LINE
  8
0
 10
 3.68359400000000E+0002
 20
 2.76194000000000E+0002
 11
 3.69688300000000E+0002
 21
 2.81953500000000E+0002
  0
LINE
  8
0
 10
 3.69688300000000E+0002
 20
 2.81953500000000E+0002
 11
 3.85056200000000E+0002
 21
 2.78363500000000E+0002
  0
LINE
  8
0
 10
 3.85056200000000E+0002
 20
 2.78363500000000E+0002
 11
 3.85094338175500E+0002
 21
 2.78353740645900E+0002
  0
LINE
  8
0
 10
 3.85094338175500E+0002
 20
 2.78353740645900E+0002
 11
 3.85132368084000E+0002
 21
 2.78343938127200E+0002
  0
LINE
  8
0
 10
 3.85132368084000E+0002
 20
 2.78343938127200E+0002
 11
 3.85170291798500E+0002
 21
 2.78334091759300E+0002
  0
LINE
  8
0
 10
 3.85170291798500E+0002
 20
 2.78334091759300E+0002
 11
 3.85208111392000E+0002
 21
 2.78324200857600E+0002
  0
LINE
  8
0
 10
 3.85208111392000E+0002
 20
 2.78324200857600E+0002
 11
 3.85245828937500E+0002
 21
 2.78314264737500E+0002
  0
LINE
  8
0
 10
 3.85245828937500E+0002
 20
 2.78314264737500E+0002
 11
 3.85283446508000E+0002
 21
 2.78304282714400E+0002
  0
LINE
  8
0
 10
 3.85283446508000E+0002
 20
 2.78304282714400E+0002
 11
 3.85320966176500E+0002
 21
 2.78294254103700E+0002
  0
LINE
  8
0
 10
 3.85320966176500E+0002
 20
 2.78294254103700E+0002
 11
 3.85358390016000E+0002
 21
 2.78284178220800E+0002
  0
LINE
  8
0
 10
 3.85358390016000E+0002
 20
 2.78284178220800E+0002
 11
 3.85395720099500E+0002
 21
 2.78274054381100E+0002
  0
LINE
  8
0
 10
 3.85395720099500E+0002
 20
 2.78274054381100E+0002
 11
 3.85432958500000E+0002
 21
 2.78263881900000E+0002
  0
LINE
  8
0
 10
 3.85432958500000E+0002
 20
 2.78263881900000E+0002
 11
 3.85470107290500E+0002
 21
 2.78253660092900E+0002
  0
LINE
  8
0
 10
 3.85470107290500E+0002
 20
 2.78253660092900E+0002
 11
 3.85507168544000E+0002
 21
 2.78243388275200E+0002
  0
LINE
  8
0
 10
 3.85507168544000E+0002
 20
 2.78243388275200E+0002
 11
 3.85544144333500E+0002
 21
 2.78233065762300E+0002
  0
LINE
  8
0
 10
 3.85544144333500E+0002
 20
 2.78233065762300E+0002
 11
 3.85581036732000E+0002
 21
 2.78222691869600E+0002
  0
LINE
  8
0
 10
 3.85581036732000E+0002
 20
 2.78222691869600E+0002
 11
 3.85617847812500E+0002
 21
 2.78212265912500E+0002
  0
LINE
  8
0
 10
 3.85617847812500E+0002
 20
 2.78212265912500E+0002
 11
 3.85654579648000E+0002
 21
 2.78201787206400E+0002
  0
LINE
  8
0
 10
 3.85654579648000E+0002
 20
 2.78201787206400E+0002
 11
 3.85691234311500E+0002
 21
 2.78191255066700E+0002
  0
LINE
  8
0
 10
 3.85691234311500E+0002
 20
 2.78191255066700E+0002
 11
 3.85727813876000E+0002
 21
 2.78180668808800E+0002
  0
LINE
  8
0
 10
 3.85727813876000E+0002
 20
 2.78180668808800E+0002
 11
 3.85764320414500E+0002
 21
 2.78170027748100E+0002
  0
LINE
  8
0
 10
 3.85764320414500E+0002
 20
 2.78170027748100E+0002
 11
 3.85800756000000E+0002
 21
 2.78159331200000E+0002
  0
LINE
  8
0
 10
 3.85800756000000E+0002
 20
 2.78159331200000E+0002
 11
 3.85837122705500E+0002
 21
 2.78148578479900E+0002
  0
LINE
  8
0
 10
 3.85837122705500E+0002
 20
 2.78148578479900E+0002
 11
 3.85873422604000E+0002
 21
 2.78137768903200E+0002
  0
LINE
  8
0
 10
 3.85873422604000E+0002
 20
 2.78137768903200E+0002
 11
 3.85909657768500E+0002
 21
 2.78126901785300E+0002
  0
LINE
  8
0
 10
 3.85909657768500E+0002
 20
 2.78126901785300E+0002
 11
 3.85945830272000E+0002
 21
 2.78115976441600E+0002
  0
LINE
  8
0
 10
 3.85945830272000E+0002
 20
 2.78115976441600E+0002
 11
 3.85981942187500E+0002
 21
 2.78104992187500E+0002
  0
LINE
  8
0
 10
 3.85981942187500E+0002
 20
 2.78104992187500E+0002
 11
 3.86017995588000E+0002
 21
 2.78093948338400E+0002
  0
LINE
  8
0
 10
 3.86017995588000E+0002
 20
 2.78093948338400E+0002
 11
 3.86053992546500E+0002
 21
 2.78082844209700E+0002
  0
LINE
  8
0
 10
 3.86053992546500E+0002
 20
 2.78082844209700E+0002
 11
 3.86089935136000E+0002
 21
 2.78071679116800E+0002
  0
LINE
  8
0
 10
 3.86089935136000E+0002
 20
 2.78071679116800E+0002
 11
 3.86125825429500E+0002
 21
 2.78060452375100E+0002
  0
LINE
  8
0
 10
 3.86125825429500E+0002
 20
 2.78060452375100E+0002
 11
 3.86161665500000E+0002
 21
 2.78049163300000E+0002
  0
LINE
  8
0
 10
 3.86161665500000E+0002
 20
 2.78049163300000E+0002
 11
 3.86197457420500E+0002
 21
 2.78037811206900E+0002
  0
LINE
  8
0
 10
 3.86197457420500E+0002
 20
 2.78037811206900E+0002
 11
 3.86233203264000E+0002
 21
 2.78026395411200E+0002
  0
LINE
  8
0
 10
 3.86233203264000E+0002
 20
 2.78026395411200E+0002
 11
 3.86268905103500E+0002
 21
 2.78014915228300E+0002
  0
LINE
  8
0
 10
 3.86268905103500E+0002
 20
 2.78014915228300E+0002
 11
 3.86304565012000E+0002
 21
 2.78003369973600E+0002
  0
LINE
  8
0
 10
 3.86304565012000E+0002
 20
 2.78003369973600E+0002
 11
 3.86340185062500E+0002
 21
 2.77991758962500E+0002
  0
LINE
  8
0
 10
 3.86340185062500E+0002
 20
 2.77991758962500E+0002
 11
 3.86375767328000E+0002
 21
 2.77980081510400E+0002
  0
LINE
  8
0
 10
 3.86375767328000E+0002
 20
 2.77980081510400E+0002
 11
 3.86411313881500E+0002
 21
 2.77968336932700E+0002
  0
LINE
  8
0
 10
 3.86411313881500E+0002
 20
 2.77968336932700E+0002
 11
 3.86446826796000E+0002
 21
 2.77956524544800E+0002
  0
LINE
  8
0
 10
 3.86446826796000E+0002
 20
 2.77956524544800E+0002
 11
 3.86482308144500E+0002
 21
 2.77944643662100E+0002
  0
LINE
  8
0
 10
 3.86482308144500E+0002
 20
 2.77944643662100E+0002
 11
 3.86517760000000E+0002
 21
 2.77932693600000E+0002
  0
LINE
  8
0
 10
 3.86517760000000E+0002
 20
 2.77932693600000E+0002
 11
 3.86553184435500E+0002
 21
 2.77920673673900E+0002
  0
LINE
  8
0
 10
 3.86553184435500E+0002
 20
 2.77920673673900E+0002
 11
 3.86588583524000E+0002
 21
 2.77908583199200E+0002
  0
LINE
  8
0
 10
 3.86588583524000E+0002
 20
 2.77908583199200E+0002
 11
 3.86623959338500E+0002
 21
 2.77896421491300E+0002
  0
LINE
  8
0
 10
 3.86623959338500E+0002
 20
 2.77896421491300E+0002
 11
 3.86659313952000E+0002
 21
 2.77884187865600E+0002
  0
LINE
  8
0
 10
 3.86659313952000E+0002
 20
 2.77884187865600E+0002
 11
 3.86694649437500E+0002
 21
 2.77871881637500E+0002
  0
LINE
  8
0
 10
 3.86694649437500E+0002
 20
 2.77871881637500E+0002
 11
 3.86729967868000E+0002
 21
 2.77859502122400E+0002
  0
LINE
  8
0
 10
 3.86729967868000E+0002
 20
 2.77859502122400E+0002
 11
 3.86765271316500E+0002
 21
 2.77847048635700E+0002
  0
LINE
  8
0
 10
 3.86765271316500E+0002
 20
 2.77847048635700E+0002
 11
 3.86800561856000E+0002
 21
 2.77834520492800E+0002
  0
LINE
  8
0
 10
 3.86800561856000E+0002
 20
 2.77834520492800E+0002
 11
 3.86835841559500E+0002
 21
 2.77821917009100E+0002
  0
LINE
  8
0
 10
 3.86835841559500E+0002
 20
 2.77821917009100E+0002
 11
 3.86871112500000E+0002
 21
 2.77809237500000E+0002
  0
LINE
  8
0
 10
 3.86871112500000E+0002
 20
 2.77809237500000E+0002
 11
 3.86906376750500E+0002
 21
 2.77796481280900E+0002
  0
LINE
  8
0
 10
 3.86906376750500E+0002
 20
 2.77796481280900E+0002
 11
 3.86941636384000E+0002
 21
 2.77783647667200E+0002
  0
LINE
  8
0
 10
 3.86941636384000E+0002
 20
 2.77783647667200E+0002
 11
 3.86976893473500E+0002
 21
 2.77770735974300E+0002
  0
LINE
  8
0
 10
 3.86976893473500E+0002
 20
 2.77770735974300E+0002
 11
 3.87012150092000E+0002
 21
 2.77757745517600E+0002
  0
LINE
  8
0
 10
 3.87012150092000E+0002
 20
 2.77757745517600E+0002
 11
 3.87047408312500E+0002
 21
 2.77744675612500E+0002
  0
LINE
  8
0
 10
 3.87047408312500E+0002
 20
 2.77744675612500E+0002
 11
 3.87082670208000E+0002
 21
 2.77731525574400E+0002
  0
LINE
  8
0
 10
 3.87082670208000E+0002
 20
 2.77731525574400E+0002
 11
 3.87117937851500E+0002
 21
 2.77718294718700E+0002
  0
LINE
  8
0
 10
 3.87117937851500E+0002
 20
 2.77718294718700E+0002
 11
 3.87153213316000E+0002
 21
 2.77704982360800E+0002
  0
LINE
  8
0
 10
 3.87153213316000E+0002
 20
 2.77704982360800E+0002
 11
 3.87188498674500E+0002
 21
 2.77691587816100E+0002
  0
LINE
  8
0
 10
 3.87188498674500E+0002
 20
 2.77691587816100E+0002
 11
 3.87223796000000E+0002
 21
 2.77678110400000E+0002
  0
LINE
  8
0
 10
 3.87223796000000E+0002
 20
 2.77678110400000E+0002
 11
 3.87259107365500E+0002
 21
 2.77664549427900E+0002
  0
LINE
  8
0
 10
 3.87259107365500E+0002
 20
 2.77664549427900E+0002
 11
 3.87294434844000E+0002
 21
 2.77650904215200E+0002
  0
LINE
  8
0
 10
 3.87294434844000E+0002
 20
 2.77650904215200E+0002
 11
 3.87329780508500E+0002
 21
 2.77637174077300E+0002
  0
LINE
  8
0
 10
 3.87329780508500E+0002
 20
 2.77637174077300E+0002
 11
 3.87365146432000E+0002
 21
 2.77623358329600E+0002
  0
LINE
  8
0
 10
 3.87365146432000E+0002
 20
 2.77623358329600E+0002
 11
 3.87400534687500E+0002
 21
 2.77609456287500E+0002
  0
LINE
  8
0
 10
 3.87400534687500E+0002
 20
 2.77609456287500E+0002
 11
 3.87435947348000E+0002
 21
 2.77595467266400E+0002
  0
LINE
  8
0
 10
 3.87435947348000E+0002
 20
 2.77595467266400E+0002
 11
 3.87471386486500E+0002
 21
 2.77581390581700E+0002
  0
LINE
  8
0
 10
 3.87471386486500E+0002
 20
 2.77581390581700E+0002
 11
 3.87506854176000E+0002
 21
 2.77567225548800E+0002
  0
LINE
  8
0
 10
 3.87506854176000E+0002
 20
 2.77567225548800E+0002
 11
 3.87542352489500E+0002
 21
 2.77552971483100E+0002
  0
LINE
  8
0
 10
 3.87542352489500E+0002
 20
 2.77552971483100E+0002
 11
 3.87577883500000E+0002
 21
 2.77538627700000E+0002
  0
LINE
  8
0
 10
 3.87577883500000E+0002
 20
 2.77538627700000E+0002
 11
 3.87613449280500E+0002
 21
 2.77524193514900E+0002
  0
LINE
  8
0
 10
 3.87613449280500E+0002
 20
 2.77524193514900E+0002
 11
 3.87649051904000E+0002
 21
 2.77509668243200E+0002
  0
LINE
  8
0
 10
 3.87649051904000E+0002
 20
 2.77509668243200E+0002
 11
 3.87684693443500E+0002
 21
 2.77495051200300E+0002
  0
LINE
  8
0
 10
 3.87684693443500E+0002
 20
 2.77495051200300E+0002
 11
 3.87720375972000E+0002
 21
 2.77480341701600E+0002
  0
LINE
  8
0
 10
 3.87720375972000E+0002
 20
 2.77480341701600E+0002
 11
 3.87756101562500E+0002
 21
 2.77465539062500E+0002
  0
LINE
  8
0
 10
 3.87756101562500E+0002
 20
 2.77465539062500E+0002
 11
 3.87791872288000E+0002
 21
 2.77450642598400E+0002
  0
LINE
  8
0
 10
 3.87791872288000E+0002
 20
 2.77450642598400E+0002
 11
 3.87827690221500E+0002
 21
 2.77435651624700E+0002
  0
LINE
  8
0
 10
 3.87827690221500E+0002
 20
 2.77435651624700E+0002
 11
 3.87863557436000E+0002
 21
 2.77420565456800E+0002
  0
LINE
  8
0
 10
 3.87863557436000E+0002
 20
 2.77420565456800E+0002
 11
 3.87899476004500E+0002
 21
 2.77405383410100E+0002
  0
LINE
  8
0
 10
 3.87899476004500E+0002
 20
 2.77405383410100E+0002
 11
 3.87935448000000E+0002
 21
 2.77390104800000E+0002
  0
LINE
  8
0
 10
 3.87935448000000E+0002
 20
 2.77390104800000E+0002
 11
 3.87971475495500E+0002
 21
 2.77374728941900E+0002
  0
LINE
  8
0
 10
 3.87971475495500E+0002
 20
 2.77374728941900E+0002
 11
 3.88007560564000E+0002
 21
 2.77359255151200E+0002
  0
LINE
  8
0
 10
 3.88007560564000E+0002
 20
 2.77359255151200E+0002
 11
 3.88043705278500E+0002
 21
 2.77343682743300E+0002
  0
LINE
  8
0
 10
 3.88043705278500E+0002
 20
 2.77343682743300E+0002
 11
 3.88079911712000E+0002
 21
 2.77328011033600E+0002
  0
LINE
  8
0
 10
 3.88079911712000E+0002
 20
 2.77328011033600E+0002
 11
 3.88116181937500E+0002
 21
 2.77312239337500E+0002
  0
LINE
  8
0
 10
 3.88116181937500E+0002
 20
 2.77312239337500E+0002
 11
 3.88152518028000E+0002
 21
 2.77296366970400E+0002
  0
LINE
  8
0
 10
 3.88152518028000E+0002
 20
 2.77296366970400E+0002
 11
 3.88188922056500E+0002
 21
 2.77280393247700E+0002
  0
LINE
  8
0
 10
 3.88188922056500E+0002
 20
 2.77280393247700E+0002
 11
 3.88225396096000E+0002
 21
 2.77264317484800E+0002
  0
LINE
  8
0
 10
 3.88225396096000E+0002
 20
 2.77264317484800E+0002
 11
 3.88261942219500E+0002
 21
 2.77248138997100E+0002
  0
LINE
  8
0
 10
 3.88261942219500E+0002
 20
 2.77248138997100E+0002
 11
 3.88298562500000E+0002
 21
 2.77231857100000E+0002
  0
LINE
  8
0
 10
 3.88298562500000E+0002
 20
 2.77231857100000E+0002
 11
 3.88335259010500E+0002
 21
 2.77215471108900E+0002
  0
LINE
  8
0
 10
 3.88335259010500E+0002
 20
 2.77215471108900E+0002
 11
 3.88372033824000E+0002
 21
 2.77198980339200E+0002
  0
LINE
  8
0
 10
 3.88372033824000E+0002
 20
 2.77198980339200E+0002
 11
 3.88408889013500E+0002
 21
 2.77182384106300E+0002
  0
LINE
  8
0
 10
 3.88408889013500E+0002
 20
 2.77182384106300E+0002
 11
 3.88445826652000E+0002
 21
 2.77165681725600E+0002
  0
LINE
  8
0
 10
 3.88445826652000E+0002
 20
 2.77165681725600E+0002
 11
 3.88482848812500E+0002
 21
 2.77148872512500E+0002
  0
LINE
  8
0
 10
 3.88482848812500E+0002
 20
 2.77148872512500E+0002
 11
 3.88519957568000E+0002
 21
 2.77131955782400E+0002
  0
LINE
  8
0
 10
 3.88519957568000E+0002
 20
 2.77131955782400E+0002
 11
 3.88557154991500E+0002
 21
 2.77114930850700E+0002
  0
LINE
  8
0
 10
 3.88557154991500E+0002
 20
 2.77114930850700E+0002
 11
 3.88594443156000E+0002
 21
 2.77097797032800E+0002
  0
LINE
  8
0
 10
 3.88594443156000E+0002
 20
 2.77097797032800E+0002
 11
 3.88631824134500E+0002
 21
 2.77080553644100E+0002
  0
LINE
  8
0
 10
 3.88631824134500E+0002
 20
 2.77080553644100E+0002
 11
 3.88669300000000E+0002
 21
 2.77063200000000E+0002
  0
LINE
  8
0
 10
 3.88669300000000E+0002
 20
 2.77063200000000E+0002
 11
 3.88673000000000E+0002
 21
 2.77065300000000E+0002
  0
LINE
  8
0
 10
 3.88673000000000E+0002
 20
 2.77065300000000E+0002
 11
 3.88669300000000E+0002
 21
 2.77063200000000E+0002
  0
LINE
  8
0
 10
 3.88669300000000E+0002
 20
 2.77063200000000E+0002
 11
 3.88664471298200E+0002
 21
 2.77035990782418E+0002
  0
ARC
  8
0
 10
 4.05300000000000E+0002
 20
 3.14400000000000E+0002
 40
 4.09000000000000E+0001
 50
 2.46000000000000E+0002
 51
 2.67000000000000E+0002
  0
LINE
  8
0
 10
 4.03159459389664E+0002
 20
 2.73556052028538E+0002
 11
 4.29950000000000E+0002
 21
 2.73500000000000E+0002
  0
ARC
  8
0
 10
 4.29950000000000E+0002
 20
 3.14400000000000E+0002
 40
 4.09000000000000E+0001
 50
 2.70000000000000E+0002
 51
 2.94000000000000E+0002
  0
LINE
  8
0
 10
 4.46585528701800E+0002
 20
 2.77035990782418E+0002
 11
 4.46560200000000E+0002
 21
 2.77063200000000E+0002
  0
LINE
  8
0
 10
 4.46560200000000E+0002
 20
 2.77063200000000E+0002
 11
 4.46597679014000E+0002
 21
 2.77080553644100E+0002
  0
LINE
  8
0
 10
 4.46597679014000E+0002
 20
 2.77080553644100E+0002
 11
 4.46635063432000E+0002
 21
 2.77097797032800E+0002
  0
LINE
  8
0
 10
 4.46635063432000E+0002
 20
 2.77097797032800E+0002
 11
 4.46672355318000E+0002
 21
 2.77114930850700E+0002
  0
LINE
  8
0
 10
 4.46672355318000E+0002
 20
 2.77114930850700E+0002
 11
 4.46709556736000E+0002
 21
 2.77131955782400E+0002
  0
LINE
  8
0
 10
 4.46709556736000E+0002
 20
 2.77131955782400E+0002
 11
 4.46746669750000E+0002
 21
 2.77148872512500E+0002
  0
LINE
  8
0
 10
 4.46746669750000E+0002
 20
 2.77148872512500E+0002
 11
 4.46783696424000E+0002
 21
 2.77165681725600E+0002
  0
LINE
  8
0
 10
 4.46783696424000E+0002
 20
 2.77165681725600E+0002
 11
 4.46820638822000E+0002
 21
 2.77182384106300E+0002
  0
LINE
  8
0
 10
 4.46820638822000E+0002
 20
 2.77182384106300E+0002
 11
 4.46857499008000E+0002
 21
 2.77198980339200E+0002
  0
LINE
  8
0
 10
 4.46857499008000E+0002
 20
 2.77198980339200E+0002
 11
 4.46894279046000E+0002
 21
 2.77215471108900E+0002
  0
LINE
  8
0
 10
 4.46894279046000E+0002
 20
 2.77215471108900E+0002
 11
 4.46930981000000E+0002
 21
 2.77231857100000E+0002
  0
LINE
  8
0
 10
 4.46930981000000E+0002
 20
 2.77231857100000E+0002
 11
 4.46967606934000E+0002
 21
 2.77248138997100E+0002
  0
LINE
  8
0
 10
 4.46967606934000E+0002
 20
 2.77248138997100E+0002
 11
 4.47004158912000E+0002
 21
 2.77264317484800E+0002
  0
LINE
  8
0
 10
 4.47004158912000E+0002
 20
 2.77264317484800E+0002
 11
 4.47040638998000E+0002
 21
 2.77280393247700E+0002
  0
LINE
  8
0
 10
 4.47040638998000E+0002
 20
 2.77280393247700E+0002
 11
 4.47077049256000E+0002
 21
 2.77296366970400E+0002
  0
LINE
  8
0
 10
 4.47077049256000E+0002
 20
 2.77296366970400E+0002
 11
 4.47113391750000E+0002
 21
 2.77312239337500E+0002
  0
LINE
  8
0
 10
 4.47113391750000E+0002
 20
 2.77312239337500E+0002
 11
 4.47149668544000E+0002
 21
 2.77328011033600E+0002
  0
LINE
  8
0
 10
 4.47149668544000E+0002
 20
 2.77328011033600E+0002
 11
 4.47185881702000E+0002
 21
 2.77343682743300E+0002
  0
LINE
  8
0
 10
 4.47185881702000E+0002
 20
 2.77343682743300E+0002
 11
 4.47222033288000E+0002
 21
 2.77359255151200E+0002
  0
LINE
  8
0
 10
 4.47222033288000E+0002
 20
 2.77359255151200E+0002
 11
 4.47258125366000E+0002
 21
 2.77374728941900E+0002
  0
LINE
  8
0
 10
 4.47258125366000E+0002
 20
 2.77374728941900E+0002
 11
 4.47294160000000E+0002
 21
 2.77390104800000E+0002
  0
LINE
  8
0
 10
 4.47294160000000E+0002
 20
 2.77390104800000E+0002
 11
 4.47330139254000E+0002
 21
 2.77405383410100E+0002
  0
LINE
  8
0
 10
 4.47330139254000E+0002
 20
 2.77405383410100E+0002
 11
 4.47366065192000E+0002
 21
 2.77420565456800E+0002
  0
LINE
  8
0
 10
 4.47366065192000E+0002
 20
 2.77420565456800E+0002
 11
 4.47401939878000E+0002
 21
 2.77435651624700E+0002
  0
LINE
  8
0
 10
 4.47401939878000E+0002
 20
 2.77435651624700E+0002
 11
 4.47437765376000E+0002
 21
 2.77450642598400E+0002
  0
LINE
  8
0
 10
 4.47437765376000E+0002
 20
 2.77450642598400E+0002
 11
 4.47473543750000E+0002
 21
 2.77465539062500E+0002
  0
LINE
  8
0
 10
 4.47473543750000E+0002
 20
 2.77465539062500E+0002
 11
 4.47509277064000E+0002
 21
 2.77480341701600E+0002
  0
LINE
  8
0
 10
 4.47509277064000E+0002
 20
 2.77480341701600E+0002
 11
 4.47544967382000E+0002
 21
 2.77495051200300E+0002
  0
LINE
  8
0
 10
 4.47544967382000E+0002
 20
 2.77495051200300E+0002
 11
 4.47580616768000E+0002
 21
 2.77509668243200E+0002
  0
LINE
  8
0
 10
 4.47580616768000E+0002
 20
 2.77509668243200E+0002
 11
 4.47616227286000E+0002
 21
 2.77524193514900E+0002
  0
LINE
  8
0
 10
 4.47616227286000E+0002
 20
 2.77524193514900E+0002
 11
 4.47651801000000E+0002
 21
 2.77538627700000E+0002
  0
LINE
  8
0
 10
 4.47651801000000E+0002
 20
 2.77538627700000E+0002
 11
 4.47687339974000E+0002
 21
 2.77552971483100E+0002
  0
LINE
  8
0
 10
 4.47687339974000E+0002
 20
 2.77552971483100E+0002
 11
 4.47722846272000E+0002
 21
 2.77567225548800E+0002
  0
LINE
  8
0
 10
 4.47722846272000E+0002
 20
 2.77567225548800E+0002
 11
 4.47758321958000E+0002
 21
 2.77581390581700E+0002
  0
LINE
  8
0
 10
 4.47758321958000E+0002
 20
 2.77581390581700E+0002
 11
 4.47793769096000E+0002
 21
 2.77595467266400E+0002
  0
LINE
  8
0
 10
 4.47793769096000E+0002
 20
 2.77595467266400E+0002
 11
 4.47829189750000E+0002
 21
 2.77609456287500E+0002
  0
LINE
  8
0
 10
 4.47829189750000E+0002
 20
 2.77609456287500E+0002
 11
 4.47864585984000E+0002
 21
 2.77623358329600E+0002
  0
LINE
  8
0
 10
 4.47864585984000E+0002
 20
 2.77623358329600E+0002
 11
 4.47899959862000E+0002
 21
 2.77637174077300E+0002
  0
LINE
  8
0
 10
 4.47899959862000E+0002
 20
 2.77637174077300E+0002
 11
 4.47935313448000E+0002
 21
 2.77650904215200E+0002
  0
LINE
  8
0
 10
 4.47935313448000E+0002
 20
 2.77650904215200E+0002
 11
 4.47970648806000E+0002
 21
 2.77664549427900E+0002
  0
LINE
  8
0
 10
 4.47970648806000E+0002
 20
 2.77664549427900E+0002
 11
 4.48005968000000E+0002
 21
 2.77678110400000E+0002
  0
LINE
  8
0
 10
 4.48005968000000E+0002
 20
 2.77678110400000E+0002
 11
 4.48041273094000E+0002
 21
 2.77691587816100E+0002
  0
LINE
  8
0
 10
 4.48041273094000E+0002
 20
 2.77691587816100E+0002
 11
 4.48076566152000E+0002
 21
 2.77704982360800E+0002
  0
LINE
  8
0
 10
 4.48076566152000E+0002
 20
 2.77704982360800E+0002
 11
 4.48111849238000E+0002
 21
 2.77718294718700E+0002
  0
LINE
  8
0
 10
 4.48111849238000E+0002
 20
 2.77718294718700E+0002
 11
 4.48147124416000E+0002
 21
 2.77731525574400E+0002
  0
LINE
  8
0
 10
 4.48147124416000E+0002
 20
 2.77731525574400E+0002
 11
 4.48182393750000E+0002
 21
 2.77744675612500E+0002
  0
LINE
  8
0
 10
 4.48182393750000E+0002
 20
 2.77744675612500E+0002
 11
 4.48217659304000E+0002
 21
 2.77757745517600E+0002
  0
LINE
  8
0
 10
 4.48217659304000E+0002
 20
 2.77757745517600E+0002
 11
 4.48252923142000E+0002
 21
 2.77770735974300E+0002
  0
LINE
  8
0
 10
 4.48252923142000E+0002
 20
 2.77770735974300E+0002
 11
 4.48288187328000E+0002
 21
 2.77783647667200E+0002
  0
LINE
  8
0
 10
 4.48288187328000E+0002
 20
 2.77783647667200E+0002
 11
 4.48323453926000E+0002
 21
 2.77796481280900E+0002
  0
LINE
  8
0
 10
 4.48323453926000E+0002
 20
 2.77796481280900E+0002
 11
 4.48358725000000E+0002
 21
 2.77809237500000E+0002
  0
LINE
  8
0
 10
 4.48358725000000E+0002
 20
 2.77809237500000E+0002
 11
 4.48394002614000E+0002
 21
 2.77821917009100E+0002
  0
LINE
  8
0
 10
 4.48394002614000E+0002
 20
 2.77821917009100E+0002
 11
 4.48429288832000E+0002
 21
 2.77834520492800E+0002
  0
LINE
  8
0
 10
 4.48429288832000E+0002
 20
 2.77834520492800E+0002
 11
 4.48464585718000E+0002
 21
 2.77847048635700E+0002
  0
LINE
  8
0
 10
 4.48464585718000E+0002
 20
 2.77847048635700E+0002
 11
 4.48499895336000E+0002
 21
 2.77859502122400E+0002
  0
LINE
  8
0
 10
 4.48499895336000E+0002
 20
 2.77859502122400E+0002
 11
 4.48535219750000E+0002
 21
 2.77871881637500E+0002
  0
LINE
  8
0
 10
 4.48535219750000E+0002
 20
 2.77871881637500E+0002
 11
 4.48570561024000E+0002
 21
 2.77884187865600E+0002
  0
LINE
  8
0
 10
 4.48570561024000E+0002
 20
 2.77884187865600E+0002
 11
 4.48605921222000E+0002
 21
 2.77896421491300E+0002
  0
LINE
  8
0
 10
 4.48605921222000E+0002
 20
 2.77896421491300E+0002
 11
 4.48641302408000E+0002
 21
 2.77908583199200E+0002
  0
LINE
  8
0
 10
 4.48641302408000E+0002
 20
 2.77908583199200E+0002
 11
 4.48676706646000E+0002
 21
 2.77920673673900E+0002
  0
LINE
  8
0
 10
 4.48676706646000E+0002
 20
 2.77920673673900E+0002
 11
 4.48712136000000E+0002
 21
 2.77932693600000E+0002
  0
LINE
  8
0
 10
 4.48712136000000E+0002
 20
 2.77932693600000E+0002
 11
 4.48747592534000E+0002
 21
 2.77944643662100E+0002
  0
LINE
  8
0
 10
 4.48747592534000E+0002
 20
 2.77944643662100E+0002
 11
 4.48783078312000E+0002
 21
 2.77956524544800E+0002
  0
LINE
  8
0
 10
 4.48783078312000E+0002
 20
 2.77956524544800E+0002
 11
 4.48818595398000E+0002
 21
 2.77968336932700E+0002
  0
LINE
  8
0
 10
 4.48818595398000E+0002
 20
 2.77968336932700E+0002
 11
 4.48854145856000E+0002
 21
 2.77980081510400E+0002
  0
LINE
  8
0
 10
 4.48854145856000E+0002
 20
 2.77980081510400E+0002
 11
 4.48889731750000E+0002
 21
 2.77991758962500E+0002
  0
LINE
  8
0
 10
 4.48889731750000E+0002
 20
 2.77991758962500E+0002
 11
 4.48925355144000E+0002
 21
 2.78003369973600E+0002
  0
LINE
  8
0
 10
 4.48925355144000E+0002
 20
 2.78003369973600E+0002
 11
 4.48961018102000E+0002
 21
 2.78014915228300E+0002
  0
LINE
  8
0
 10
 4.48961018102000E+0002
 20
 2.78014915228300E+0002
 11
 4.48996722688000E+0002
 21
 2.78026395411200E+0002
  0
LINE
  8
0
 10
 4.48996722688000E+0002
 20
 2.78026395411200E+0002
 11
 4.49032470966000E+0002
 21
 2.78037811206900E+0002
  0
LINE
  8
0
 10
 4.49032470966000E+0002
 20
 2.78037811206900E+0002
 11
 4.49068265000000E+0002
 21
 2.78049163300000E+0002
  0
LINE
  8
0
 10
 4.49068265000000E+0002
 20
 2.78049163300000E+0002
 11
 4.49104106854000E+0002
 21
 2.78060452375100E+0002
  0
LINE
  8
0
 10
 4.49104106854000E+0002
 20
 2.78060452375100E+0002
 11
 4.49139998592000E+0002
 21
 2.78071679116800E+0002
  0
LINE
  8
0
 10
 4.49139998592000E+0002
 20
 2.78071679116800E+0002
 11
 4.49175942278000E+0002
 21
 2.78082844209700E+0002
  0
LINE
  8
0
 10
 4.49175942278000E+0002
 20
 2.78082844209700E+0002
 11
 4.49211939976000E+0002
 21
 2.78093948338400E+0002
  0
LINE
  8
0
 10
 4.49211939976000E+0002
 20
 2.78093948338400E+0002
 11
 4.49247993750000E+0002
 21
 2.78104992187500E+0002
  0
LINE
  8
0
 10
 4.49247993750000E+0002
 20
 2.78104992187500E+0002
 11
 4.49284105664000E+0002
 21
 2.78115976441600E+0002
  0
LINE
  8
0
 10
 4.49284105664000E+0002
 20
 2.78115976441600E+0002
 11
 4.49320277782000E+0002
 21
 2.78126901785300E+0002
  0
LINE
  8
0
 10
 4.49320277782000E+0002
 20
 2.78126901785300E+0002
 11
 4.49356512168000E+0002
 21
 2.78137768903200E+0002
  0
LINE
  8
0
 10
 4.49356512168000E+0002
 20
 2.78137768903200E+0002
 11
 4.49392810886000E+0002
 21
 2.78148578479900E+0002
  0
LINE
  8
0
 10
 4.49392810886000E+0002
 20
 2.78148578479900E+0002
 11
 4.49429176000000E+0002
 21
 2.78159331200000E+0002
  0
LINE
  8
0
 10
 4.49429176000000E+0002
 20
 2.78159331200000E+0002
 11
 4.49465609574000E+0002
 21
 2.78170027748100E+0002
  0
LINE
  8
0
 10
 4.49465609574000E+0002
 20
 2.78170027748100E+0002
 11
 4.49502113672000E+0002
 21
 2.78180668808800E+0002
  0
LINE
  8
0
 10
 4.49502113672000E+0002
 20
 2.78180668808800E+0002
 11
 4.49538690358000E+0002
 21
 2.78191255066700E+0002
  0
LINE
  8
0
 10
 4.49538690358000E+0002
 20
 2.78191255066700E+0002
 11
 4.49575341696000E+0002
 21
 2.78201787206400E+0002
  0
LINE
  8
0
 10
 4.49575341696000E+0002
 20
 2.78201787206400E+0002
 11
 4.49612069750000E+0002
 21
 2.78212265912500E+0002
  0
LINE
  8
0
 10
 4.49612069750000E+0002
 20
 2.78212265912500E+0002
 11
 4.49648876584000E+0002
 21
 2.78222691869600E+0002
  0
LINE
  8
0
 10
 4.49648876584000E+0002
 20
 2.78222691869600E+0002
 11
 4.49685764262000E+0002
 21
 2.78233065762300E+0002
  0
LINE
  8
0
 10
 4.49685764262000E+0002
 20
 2.78233065762300E+0002
 11
 4.49722734848000E+0002
 21
 2.78243388275200E+0002
  0
LINE
  8
0
 10
 4.49722734848000E+0002
 20
 2.78243388275200E+0002
 11
 4.49759790406000E+0002
 21
 2.78253660092900E+0002
  0
LINE
  8
0
 10
 4.49759790406000E+0002
 20
 2.78253660092900E+0002
 11
 4.49796933000000E+0002
 21
 2.78263881900000E+0002
  0
LINE
  8
0
 10
 4.49796933000000E+0002
 20
 2.78263881900000E+0002
 11
 4.49834164694000E+0002
 21
 2.78274054381100E+0002
  0
LINE
  8
0
 10
 4.49834164694000E+0002
 20
 2.78274054381100E+0002
 11
 4.49871487552000E+0002
 21
 2.78284178220800E+0002
  0
LINE
  8
0
 10
 4.49871487552000E+0002
 20
 2.78284178220800E+0002
 11
 4.49908903638000E+0002
 21
 2.78294254103700E+0002
  0
LINE
  8
0
 10
 4.49908903638000E+0002
 20
 2.78294254103700E+0002
 11
 4.49946415016000E+0002
 21
 2.78304282714400E+0002
  0
LINE
  8
0
 10
 4.49946415016000E+0002
 20
 2.78304282714400E+0002
 11
 4.49984023750000E+0002
 21
 2.78314264737500E+0002
  0
LINE
  8
0
 10
 4.49984023750000E+0002
 20
 2.78314264737500E+0002
 11
 4.50021731904000E+0002
 21
 2.78324200857600E+0002
  0
LINE
  8
0
 10
 4.50021731904000E+0002
 20
 2.78324200857600E+0002
 11
 4.50059541542000E+0002
 21
 2.78334091759300E+0002
  0
LINE
  8
0
 10
 4.50059541542000E+0002
 20
 2.78334091759300E+0002
 11
 4.50097454728000E+0002
 21
 2.78343938127200E+0002
  0
LINE
  8
0
 10
 4.50097454728000E+0002
 20
 2.78343938127200E+0002
 11
 4.50135473526000E+0002
 21
 2.78353740645900E+0002
  0
LINE
  8
0
 10
 4.50135473526000E+0002
 20
 2.78353740645900E+0002
 11
 4.50173600000000E+0002
 21
 2.78363500000000E+0002
  0
LINE
  8
0
 10
 4.50173600000000E+0002
 20
 2.78363500000000E+0002
 11
 4.65540500000000E+0002
 21
 2.81953500000000E+0002
  0
LINE
  8
0
 10
 4.65540500000000E+0002
 20
 2.81953500000000E+0002
 11
 4.66871400000000E+0002
 21
 2.76194000000000E+0002
  0
LINE
  8
0
 10
 4.66871400000000E+0002
 20
 2.76194000000000E+0002
 11
 4.51503500000000E+0002
 21
 2.72603200000000E+0002
  0
LINE
  8
0
 10
 4.51503500000000E+0002
 20
 2.72603200000000E+0002
 11
 4.51470257036900E+0002
 21
 2.72595357138100E+0002
  0
LINE
  8
0
 10
 4.51470257036900E+0002
 20
 2.72595357138100E+0002
 11
 4.51437317535200E+0002
 21
 2.72587506224800E+0002
  0
LINE
  8
0
 10
 4.51437317535200E+0002
 20
 2.72587506224800E+0002
 11
 4.51404677576300E+0002
 21
 2.72579646768700E+0002
  0
LINE
  8
0
 10
 4.51404677576300E+0002
 20
 2.72579646768700E+0002
 11
 4.51372333241600E+0002
 21
 2.72571778278400E+0002
  0
LINE
  8
0
 10
 4.51372333241600E+0002
 20
 2.72571778278400E+0002
 11
 4.51340280612500E+0002
 21
 2.72563900262500E+0002
  0
LINE
  8
0
 10
 4.51340280612500E+0002
 20
 2.72563900262500E+0002
 11
 4.51308515770400E+0002
 21
 2.72556012229600E+0002
  0
LINE
  8
0
 10
 4.51308515770400E+0002
 20
 2.72556012229600E+0002
 11
 4.51277034796700E+0002
 21
 2.72548113688300E+0002
  0
LINE
  8
0
 10
 4.51277034796700E+0002
 20
 2.72548113688300E+0002
 11
 4.51245833772800E+0002
 21
 2.72540204147200E+0002
  0
LINE
  8
0
 10
 4.51245833772800E+0002
 20
 2.72540204147200E+0002
 11
 4.51214908780100E+0002
 21
 2.72532283114900E+0002
  0
LINE
  8
0
 10
 4.51214908780100E+0002
 20
 2.72532283114900E+0002
 11
 4.51184255900000E+0002
 21
 2.72524350100000E+0002
  0
LINE
  8
0
 10
 4.51184255900000E+0002
 20
 2.72524350100000E+0002
 11
 4.51153871213900E+0002
 21
 2.72516404611100E+0002
  0
LINE
  8
0
 10
 4.51153871213900E+0002
 20
 2.72516404611100E+0002
 11
 4.51123750803200E+0002
 21
 2.72508446156800E+0002
  0
LINE
  8
0
 10
 4.51123750803200E+0002
 20
 2.72508446156800E+0002
 11
 4.51093890749300E+0002
 21
 2.72500474245700E+0002
  0
LINE
  8
0
 10
 4.51093890749300E+0002
 20
 2.72500474245700E+0002
 11
 4.51064287133600E+0002
 21
 2.72492488386400E+0002
  0
LINE
  8
0
 10
 4.51064287133600E+0002
 20
 2.72492488386400E+0002
 11
 4.51034936037500E+0002
 21
 2.72484488087500E+0002
  0
LINE
  8
0
 10
 4.51034936037500E+0002
 20
 2.72484488087500E+0002
 11
 4.51005833542400E+0002
 21
 2.72476472857600E+0002
  0
LINE
  8
0
 10
 4.51005833542400E+0002
 20
 2.72476472857600E+0002
 11
 4.50976975729700E+0002
 21
 2.72468442205300E+0002
  0
LINE
  8
0
 10
 4.50976975729700E+0002
 20
 2.72468442205300E+0002
 11
 4.50948358680800E+0002
 21
 2.72460395639200E+0002
  0
LINE
  8
0
 10
 4.50948358680800E+0002
 20
 2.72460395639200E+0002
 11
 4.50919978477100E+0002
 21
 2.72452332667900E+0002
  0
LINE
  8
0
 10
 4.50919978477100E+0002
 20
 2.72452332667900E+0002
 11
 4.50891831200000E+0002
 21
 2.72444252800000E+0002
  0
LINE
  8
0
 10
 4.50891831200000E+0002
 20
 2.72444252800000E+0002
 11
 4.50863912930900E+0002
 21
 2.72436155544100E+0002
  0
LINE
  8
0
 10
 4.50863912930900E+0002
 20
 2.72436155544100E+0002
 11
 4.50836219751200E+0002
 21
 2.72428040408800E+0002
  0
LINE
  8
0
 10
 4.50836219751200E+0002
 20
 2.72428040408800E+0002
 11
 4.50808747742300E+0002
 21
 2.72419906902700E+0002
  0
LINE
  8
0
 10
 4.50808747742300E+0002
 20
 2.72419906902700E+0002
 11
 4.50781492985600E+0002
 21
 2.72411754534400E+0002
  0
LINE
  8
0
 10
 4.50781492985600E+0002
 20
 2.72411754534400E+0002
 11
 4.50754451562500E+0002
 21
 2.72403582812500E+0002
  0
LINE
  8
0
 10
 4.50754451562500E+0002
 20
 2.72403582812500E+0002
 11
 4.50727619554400E+0002
 21
 2.72395391245600E+0002
  0
LINE
  8
0
 10
 4.50727619554400E+0002
 20
 2.72395391245600E+0002
 11
 4.50700993042700E+0002
 21
 2.72387179342300E+0002
  0
LINE
  8
0
 10
 4.50700993042700E+0002
 20
 2.72387179342300E+0002
 11
 4.50674568108800E+0002
 21
 2.72378946611200E+0002
  0
LINE
  8
0
 10
 4.50674568108800E+0002
 20
 2.72378946611200E+0002
 11
 4.50648340834100E+0002
 21
 2.72370692560900E+0002
  0
LINE
  8
0
 10
 4.50648340834100E+0002
 20
 2.72370692560900E+0002
 11
 4.50622307300000E+0002
 21
 2.72362416700000E+0002
  0
LINE
  8
0
 10
 4.50622307300000E+0002
 20
 2.72362416700000E+0002
 11
 4.50596463587900E+0002
 21
 2.72354118537100E+0002
  0
LINE
  8
0
 10
 4.50596463587900E+0002
 20
 2.72354118537100E+0002
 11
 4.50570805779200E+0002
 21
 2.72345797580800E+0002
  0
LINE
  8
0
 10
 4.50570805779200E+0002
 20
 2.72345797580800E+0002
 11
 4.50545329955300E+0002
 21
 2.72337453339700E+0002
  0
LINE
  8
0
 10
 4.50545329955300E+0002
 20
 2.72337453339700E+0002
 11
 4.50520032197600E+0002
 21
 2.72329085322400E+0002
  0
LINE
  8
0
 10
 4.50520032197600E+0002
 20
 2.72329085322400E+0002
 11
 4.50494908587500E+0002
 21
 2.72320693037500E+0002
  0
LINE
  8
0
 10
 4.50494908587500E+0002
 20
 2.72320693037500E+0002
 11
 4.50469955206400E+0002
 21
 2.72312275993600E+0002
  0
LINE
  8
0
 10
 4.50469955206400E+0002
 20
 2.72312275993600E+0002
 11
 4.50445168135700E+0002
 21
 2.72303833699300E+0002
  0
LINE
  8
0
 10
 4.50445168135700E+0002
 20
 2.72303833699300E+0002
 11
 4.50420543456800E+0002
 21
 2.72295365663200E+0002
  0
LINE
  8
0
 10
 4.50420543456800E+0002
 20
 2.72295365663200E+0002
 11
 4.50396077251100E+0002
 21
 2.72286871393900E+0002
  0
LINE
  8
0
 10
 4.50396077251100E+0002
 20
 2.72286871393900E+0002
 11
 4.50371765600000E+0002
 21
 2.72278350400000E+0002
  0
LINE
  8
0
 10
 4.50371765600000E+0002
 20
 2.72278350400000E+0002
 11
 4.50347604584900E+0002
 21
 2.72269802190100E+0002
  0
LINE
  8
0
 10
 4.50347604584900E+0002
 20
 2.72269802190100E+0002
 11
 4.50323590287200E+0002
 21
 2.72261226272800E+0002
  0
LINE
  8
0
 10
 4.50323590287200E+0002
 20
 2.72261226272800E+0002
 11
 4.50299718788300E+0002
 21
 2.72252622156700E+0002
  0
LINE
  8
0
 10
 4.50299718788300E+0002
 20
 2.72252622156700E+0002
 11
 4.50275986169600E+0002
 21
 2.72243989350400E+0002
  0
LINE
  8
0
 10
 4.50275986169600E+0002
 20
 2.72243989350400E+0002
 11
 4.50252388512500E+0002
 21
 2.72235327362500E+0002
  0
LINE
  8
0
 10
 4.50252388512500E+0002
 20
 2.72235327362500E+0002
 11
 4.50228921898400E+0002
 21
 2.72226635701600E+0002
  0
LINE
  8
0
 10
 4.50228921898400E+0002
 20
 2.72226635701600E+0002
 11
 4.50205582408700E+0002
 21
 2.72217913876300E+0002
  0
LINE
  8
0
 10
 4.50205582408700E+0002
 20
 2.72217913876300E+0002
 11
 4.50182366124800E+0002
 21
 2.72209161395200E+0002
  0
LINE
  8
0
 10
 4.50182366124800E+0002
 20
 2.72209161395200E+0002
 11
 4.50159269128100E+0002
 21
 2.72200377766900E+0002
  0
LINE
  8
0
 10
 4.50159269128100E+0002
 20
 2.72200377766900E+0002
 11
 4.50136287500000E+0002
 21
 2.72191562500000E+0002
  0
LINE
  8
0
 10
 4.50136287500000E+0002
 20
 2.72191562500000E+0002
 11
 4.50113417321900E+0002
 21
 2.72182715103100E+0002
  0
LINE
  8
0
 10
 4.50113417321900E+0002
 20
 2.72182715103100E+0002
 11
 4.50090654675200E+0002
 21
 2.72173835084800E+0002
  0
LINE
  8
0
 10
 4.50090654675200E+0002
 20
 2.72173835084800E+0002
 11
 4.50067995641300E+0002
 21
 2.72164921953700E+0002
  0
LINE
  8
0
 10
 4.50067995641300E+0002
 20
 2.72164921953700E+0002
 11
 4.50045436301600E+0002
 21
 2.72155975218400E+0002
  0
LINE
  8
0
 10
 4.50045436301600E+0002
 20
 2.72155975218400E+0002
 11
 4.50022972737500E+0002
 21
 2.72146994387500E+0002
  0
LINE
  8
0
 10
 4.50022972737500E+0002
 20
 2.72146994387500E+0002
 11
 4.50000601030400E+0002
 21
 2.72137978969600E+0002
  0
LINE
  8
0
 10
 4.50000601030400E+0002
 20
 2.72137978969600E+0002
 11
 4.49978317261700E+0002
 21
 2.72128928473300E+0002
  0
LINE
  8
0
 10
 4.49978317261700E+0002
 20
 2.72128928473300E+0002
 11
 4.49956117512800E+0002
 21
 2.72119842407200E+0002
  0
LINE
  8
0
 10
 4.49956117512800E+0002
 20
 2.72119842407200E+0002
 11
 4.49933997865100E+0002
 21
 2.72110720279900E+0002
  0
LINE
  8
0
 10
 4.49933997865100E+0002
 20
 2.72110720279900E+0002
 11
 4.49911954400000E+0002
 21
 2.72101561600000E+0002
  0
LINE
  8
0
 10
 4.49911954400000E+0002
 20
 2.72101561600000E+0002
 11
 4.49889983198900E+0002
 21
 2.72092365876100E+0002
  0
LINE
  8
0
 10
 4.49889983198900E+0002
 20
 2.72092365876100E+0002
 11
 4.49868080343200E+0002
 21
 2.72083132616800E+0002
  0
LINE
  8
0
 10
 4.49868080343200E+0002
 20
 2.72083132616800E+0002
 11
 4.49846241914300E+0002
 21
 2.72073861330700E+0002
  0
LINE
  8
0
 10
 4.49846241914300E+0002
 20
 2.72073861330700E+0002
 11
 4.49824463993600E+0002
 21
 2.72064551526400E+0002
  0
LINE
  8
0
 10
 4.49824463993600E+0002
 20
 2.72064551526400E+0002
 11
 4.49802742662500E+0002
 21
 2.72055202712500E+0002
  0
LINE
  8
0
 10
 4.49802742662500E+0002
 20
 2.72055202712500E+0002
 11
 4.49781074002400E+0002
 21
 2.72045814397600E+0002
  0
LINE
  8
0
 10
 4.49781074002400E+0002
 20
 2.72045814397600E+0002
 11
 4.49759454094700E+0002
 21
 2.72036386090300E+0002
  0
LINE
  8
0
 10
 4.49759454094700E+0002
 20
 2.72036386090300E+0002
 11
 4.49737879020800E+0002
 21
 2.72026917299200E+0002
  0
LINE
  8
0
 10
 4.49737879020800E+0002
 20
 2.72026917299200E+0002
 11
 4.49716344862100E+0002
 21
 2.72017407532900E+0002
  0
LINE
  8
0
 10
 4.49716344862100E+0002
 20
 2.72017407532900E+0002
 11
 4.49694847700000E+0002
 21
 2.72007856300000E+0002
  0
LINE
  8
0
 10
 4.49694847700000E+0002
 20
 2.72007856300000E+0002
 11
 4.49673383615900E+0002
 21
 2.71998263109100E+0002
  0
LINE
  8
0
 10
 4.49673383615900E+0002
 20
 2.71998263109100E+0002
 11
 4.49651948691200E+0002
 21
 2.71988627468800E+0002
  0
LINE
  8
0
 10
 4.49651948691200E+0002
 20
 2.71988627468800E+0002
 11
 4.49630539007300E+0002
 21
 2.71978948887700E+0002
  0
LINE
  8
0
 10
 4.49630539007300E+0002
 20
 2.71978948887700E+0002
 11
 4.49609150645600E+0002
 21
 2.71969226874400E+0002
  0
LINE
  8
0
 10
 4.49609150645600E+0002
 20
 2.71969226874400E+0002
 11
 4.49587779687500E+0002
 21
 2.71959460937500E+0002
  0
LINE
  8
0
 10
 4.49587779687500E+0002
 20
 2.71959460937500E+0002
 11
 4.49566422214400E+0002
 21
 2.71949650585600E+0002
  0
LINE
  8
0
 10
 4.49566422214400E+0002
 20
 2.71949650585600E+0002
 11
 4.49545074307700E+0002
 21
 2.71939795327300E+0002
  0
LINE
  8
0
 10
 4.49545074307700E+0002
 20
 2.71939795327300E+0002
 11
 4.49523732048800E+0002
 21
 2.71929894671200E+0002
  0
LINE
  8
0
 10
 4.49523732048800E+0002
 20
 2.71929894671200E+0002
 11
 4.49502391519100E+0002
 21
 2.71919948125900E+0002
  0
LINE
  8
0
 10
 4.49502391519100E+0002
 20
 2.71919948125900E+0002
 11
 4.49481048800000E+0002
 21
 2.71909955200000E+0002
  0
LINE
  8
0
 10
 4.49481048800000E+0002
 20
 2.71909955200000E+0002
 11
 4.49459699972900E+0002
 21
 2.71899915402100E+0002
  0
LINE
  8
0
 10
 4.49459699972900E+0002
 20
 2.71899915402100E+0002
 11
 4.49438341119200E+0002
 21
 2.71889828240800E+0002
  0
LINE
  8
0
 10
 4.49438341119200E+0002
 20
 2.71889828240800E+0002
 11
 4.49416968320300E+0002
 21
 2.71879693224700E+0002
  0
LINE
  8
0
 10
 4.49416968320300E+0002
 20
 2.71879693224700E+0002
 11
 4.49395577657600E+0002
 21
 2.71869509862400E+0002
  0
LINE
  8
0
 10
 4.49395577657600E+0002
 20
 2.71869509862400E+0002
 11
 4.49374165212500E+0002
 21
 2.71859277662500E+0002
  0
LINE
  8
0
 10
 4.49374165212500E+0002
 20
 2.71859277662500E+0002
 11
 4.49352727066400E+0002
 21
 2.71848996133600E+0002
  0
LINE
  8
0
 10
 4.49352727066400E+0002
 20
 2.71848996133600E+0002
 11
 4.49331259300700E+0002
 21
 2.71838664784300E+0002
  0
LINE
  8
0
 10
 4.49331259300700E+0002
 20
 2.71838664784300E+0002
 11
 4.49309757996800E+0002
 21
 2.71828283123200E+0002
  0
LINE
  8
0
 10
 4.49309757996800E+0002
 20
 2.71828283123200E+0002
 11
 4.49288219236100E+0002
 21
 2.71817850658900E+0002
  0
LINE
  8
0
 10
 4.49288219236100E+0002
 20
 2.71817850658900E+0002
 11
 4.49266639100000E+0002
 21
 2.71807366900000E+0002
  0
LINE
  8
0
 10
 4.49266639100000E+0002
 20
 2.71807366900000E+0002
 11
 4.49245013669900E+0002
 21
 2.71796831355100E+0002
  0
LINE
  8
0
 10
 4.49245013669900E+0002
 20
 2.71796831355100E+0002
 11
 4.49223339027200E+0002
 21
 2.71786243532800E+0002
  0
LINE
  8
0
 10
 4.49223339027200E+0002
 20
 2.71786243532800E+0002
 11
 4.49201611253300E+0002
 21
 2.71775602941700E+0002
  0
LINE
  8
0
 10
 4.49201611253300E+0002
 20
 2.71775602941700E+0002
 11
 4.49179826429600E+0002
 21
 2.71764909090400E+0002
  0
LINE
  8
0
 10
 4.49179826429600E+0002
 20
 2.71764909090400E+0002
 11
 4.49157980637500E+0002
 21
 2.71754161487500E+0002
  0
LINE
  8
0
 10
 4.49157980637500E+0002
 20
 2.71754161487500E+0002
 11
 4.49136069958400E+0002
 21
 2.71743359641600E+0002
  0
LINE
  8
0
 10
 4.49136069958400E+0002
 20
 2.71743359641600E+0002
 11
 4.49114090473700E+0002
 21
 2.71732503061300E+0002
  0
LINE
  8
0
 10
 4.49114090473700E+0002
 20
 2.71732503061300E+0002
 11
 4.49092038264800E+0002
 21
 2.71721591255200E+0002
  0
LINE
  8
0
 10
 4.49092038264800E+0002
 20
 2.71721591255200E+0002
 11
 4.49069909413100E+0002
 21
 2.71710623731900E+0002
  0
LINE
  8
0
 10
 4.49069909413100E+0002
 20
 2.71710623731900E+0002
 11
 4.49047700000000E+0002
 21
 2.71699600000000E+0002
  0
LINE
  8
0
 10
 4.49047700000000E+0002
 20
 2.71699600000000E+0002
 11
 4.49047700000000E+0002
 21
 2.71699600000000E+0002
  0
LINE
  8
0
 10
 4.49047700000000E+0002
 20
 2.71699600000000E+0002
 11
 4.48881133531900E+0002
 21
 2.71620565309300E+0002
  0
LINE
  8
0
 10
 4.48881133531900E+0002
 20
 2.71620565309300E+0002
 11
 4.48713880015200E+0002
 21
 2.71542305394400E+0002
  0
LINE
  8
0
 10
 4.48713880015200E+0002
 20
 2.71542305394400E+0002
 11
 4.48545945281300E+0002
 21
 2.71464820491100E+0002
  0
LINE
  8
0
 10
 4.48545945281300E+0002
 20
 2.71464820491100E+0002
 11
 4.48377335161600E+0002
 21
 2.71388110835200E+0002
  0
LINE
  8
0
 10
 4.48377335161600E+0002
 20
 2.71388110835200E+0002
 11
 4.48208055487500E+0002
 21
 2.71312176662500E+0002
  0
LINE
  8
0
 10
 4.48208055487500E+0002
 20
 2.71312176662500E+0002
 11
 4.48038112090400E+0002
 21
 2.71237018208800E+0002
  0
LINE
  8
0
 10
 4.48038112090400E+0002
 20
 2.71237018208800E+0002
 11
 4.47867510801700E+0002
 21
 2.71162635709900E+0002
  0
LINE
  8
0
 10
 4.47867510801700E+0002
 20
 2.71162635709900E+0002
 11
 4.47696257452800E+0002
 21
 2.71089029401600E+0002
  0
LINE
  8
0
 10
 4.47696257452800E+0002
 20
 2.71089029401600E+0002
 11
 4.47524357875100E+0002
 21
 2.71016199519700E+0002
  0
LINE
  8
0
 10
 4.47524357875100E+0002
 20
 2.71016199519700E+0002
 11
 4.47351817900000E+0002
 21
 2.70944146300000E+0002
  0
LINE
  8
0
 10
 4.47351817900000E+0002
 20
 2.70944146300000E+0002
 11
 4.47178643358900E+0002
 21
 2.70872869978300E+0002
  0
LINE
  8
0
 10
 4.47178643358900E+0002
 20
 2.70872869978300E+0002
 11
 4.47004840083200E+0002
 21
 2.70802370790400E+0002
  0
LINE
  8
0
 10
 4.47004840083200E+0002
 20
 2.70802370790400E+0002
 11
 4.46830413904300E+0002
 21
 2.70732648972100E+0002
  0
LINE
  8
0
 10
 4.46830413904300E+0002
 20
 2.70732648972100E+0002
 11
 4.46655370653600E+0002
 21
 2.70663704759200E+0002
  0
LINE
  8
0
 10
 4.46655370653600E+0002
 20
 2.70663704759200E+0002
 11
 4.46479716162500E+0002
 21
 2.70595538387500E+0002
  0
LINE
  8
0
 10
 4.46479716162500E+0002
 20
 2.70595538387500E+0002
 11
 4.46303456262400E+0002
 21
 2.70528150092800E+0002
  0
LINE
  8
0
 10
 4.46303456262400E+0002
 20
 2.70528150092800E+0002
 11
 4.46126596784700E+0002
 21
 2.70461540110900E+0002
  0
LINE
  8
0
 10
 4.46126596784700E+0002
 20
 2.70461540110900E+0002
 11
 4.45949143560800E+0002
 21
 2.70395708677600E+0002
  0
LINE
  8
0
 10
 4.45949143560800E+0002
 20
 2.70395708677600E+0002
 11
 4.45771102422100E+0002
 21
 2.70330656028700E+0002
  0
LINE
  8
0
 10
 4.45771102422100E+0002
 20
 2.70330656028700E+0002
 11
 4.45592479200000E+0002
 21
 2.70266382400000E+0002
  0
LINE
  8
0
 10
 4.45592479200000E+0002
 20
 2.70266382400000E+0002
 11
 4.45413279725900E+0002
 21
 2.70202888027300E+0002
  0
LINE
  8
0
 10
 4.45413279725900E+0002
 20
 2.70202888027300E+0002
 11
 4.45233509831200E+0002
 21
 2.70140173146400E+0002
  0
LINE
  8
0
 10
 4.45233509831200E+0002
 20
 2.70140173146400E+0002
 11
 4.45053175347300E+0002
 21
 2.70078237993100E+0002
  0
LINE
  8
0
 10
 4.45053175347300E+0002
 20
 2.70078237993100E+0002
 11
 4.44872282105600E+0002
 21
 2.70017082803200E+0002
  0
LINE
  8
0
 10
 4.44872282105600E+0002
 20
 2.70017082803200E+0002
 11
 4.44690835937500E+0002
 21
 2.69956707812500E+0002
  0
LINE
  8
0
 10
 4.44690835937500E+0002
 20
 2.69956707812500E+0002
 11
 4.44508842674400E+0002
 21
 2.69897113256800E+0002
  0
LINE
  8
0
 10
 4.44508842674400E+0002
 20
 2.69897113256800E+0002
 11
 4.44326308147700E+0002
 21
 2.69838299371900E+0002
  0
LINE
  8
0
 10
 4.44326308147700E+0002
 20
 2.69838299371900E+0002
 11
 4.44143238188800E+0002
 21
 2.69780266393600E+0002
  0
LINE
  8
0
 10
 4.44143238188800E+0002
 20
 2.69780266393600E+0002
 11
 4.43959638629100E+0002
 21
 2.69723014557700E+0002
  0
LINE
  8
0
 10
 4.43959638629100E+0002
 20
 2.69723014557700E+0002
 11
 4.43775515300000E+0002
 21
 2.69666544100000E+0002
  0
LINE
  8
0
 10
 4.43775515300000E+0002
 20
 2.69666544100000E+0002
 11
 4.43590874032900E+0002
 21
 2.69610855256300E+0002
  0
LINE
  8
0
 10
 4.43590874032900E+0002
 20
 2.69610855256300E+0002
 11
 4.43405720659200E+0002
 21
 2.69555948262400E+0002
  0
LINE
  8
0
 10
 4.43405720659200E+0002
 20
 2.69555948262400E+0002
 11
 4.43220061010300E+0002
 21
 2.69501823354100E+0002
  0
LINE
  8
0
 10
 4.43220061010300E+0002
 20
 2.69501823354100E+0002
 11
 4.43033900917600E+0002
 21
 2.69448480767200E+0002
  0
LINE
  8
0
 10
 4.43033900917600E+0002
 20
 2.69448480767200E+0002
 11
 4.42847246212500E+0002
 21
 2.69395920737500E+0002
  0
LINE
  8
0
 10
 4.42847246212500E+0002
 20
 2.69395920737500E+0002
 11
 4.42660102726400E+0002
 21
 2.69344143500800E+0002
  0
LINE
  8
0
 10
 4.42660102726400E+0002
 20
 2.69344143500800E+0002
 11
 4.42472476290700E+0002
 21
 2.69293149292900E+0002
  0
LINE
  8
0
 10
 4.42472476290700E+0002
 20
 2.69293149292900E+0002
 11
 4.42284372736800E+0002
 21
 2.69242938349600E+0002
  0
LINE
  8
0
 10
 4.42284372736800E+0002
 20
 2.69242938349600E+0002
 11
 4.42095797896100E+0002
 21
 2.69193510906700E+0002
  0
LINE
  8
0
 10
 4.42095797896100E+0002
 20
 2.69193510906700E+0002
 11
 4.41906757600000E+0002
 21
 2.69144867200000E+0002
  0
LINE
  8
0
 10
 4.41906757600000E+0002
 20
 2.69144867200000E+0002
 11
 4.41717257679900E+0002
 21
 2.69097007465300E+0002
  0
LINE
  8
0
 10
 4.41717257679900E+0002
 20
 2.69097007465300E+0002
 11
 4.41527303967200E+0002
 21
 2.69049931938400E+0002
  0
LINE
  8
0
 10
 4.41527303967200E+0002
 20
 2.69049931938400E+0002
 11
 4.41336902293300E+0002
 21
 2.69003640855100E+0002
  0
LINE
  8
0
 10
 4.41336902293300E+0002
 20
 2.69003640855100E+0002
 11
 4.41146058489600E+0002
 21
 2.68958134451200E+0002
  0
LINE
  8
0
 10
 4.41146058489600E+0002
 20
 2.68958134451200E+0002
 11
 4.40954778387500E+0002
 21
 2.68913412962500E+0002
  0
LINE
  8
0
 10
 4.40954778387500E+0002
 20
 2.68913412962500E+0002
 11
 4.40763067818400E+0002
 21
 2.68869476624800E+0002
  0
LINE
  8
0
 10
 4.40763067818400E+0002
 20
 2.68869476624800E+0002
 11
 4.40570932613700E+0002
 21
 2.68826325673900E+0002
  0
LINE
  8
0
 10
 4.40570932613700E+0002
 20
 2.68826325673900E+0002
 11
 4.40378378604800E+0002
 21
 2.68783960345600E+0002
  0
LINE
  8
0
 10
 4.40378378604800E+0002
 20
 2.68783960345600E+0002
 11
 4.40185411623100E+0002
 21
 2.68742380875700E+0002
  0
LINE
  8
0
 10
 4.40185411623100E+0002
 20
 2.68742380875700E+0002
 11
 4.39992037500000E+0002
 21
 2.68701587500000E+0002
  0
LINE
  8
0
 10
 4.39992037500000E+0002
 20
 2.68701587500000E+0002
 11
 4.39798262066900E+0002
 21
 2.68661580454300E+0002
  0
LINE
  8
0
 10
 4.39798262066900E+0002
 20
 2.68661580454300E+0002
 11
 4.39604091155200E+0002
 21
 2.68622359974400E+0002
  0
LINE
  8
0
 10
 4.39604091155200E+0002
 20
 2.68622359974400E+0002
 11
 4.39409530596300E+0002
 21
 2.68583926296100E+0002
  0
LINE
  8
0
 10
 4.39409530596300E+0002
 20
 2.68583926296100E+0002
 11
 4.39214586221600E+0002
 21
 2.68546279655200E+0002
  0
LINE
  8
0
 10
 4.39214586221600E+0002
 20
 2.68546279655200E+0002
 11
 4.39019263862500E+0002
 21
 2.68509420287500E+0002
  0
LINE
  8
0
 10
 4.39019263862500E+0002
 20
 2.68509420287500E+0002
 11
 4.38823569350400E+0002
 21
 2.68473348428800E+0002
  0
LINE
  8
0
 10
 4.38823569350400E+0002
 20
 2.68473348428800E+0002
 11
 4.38627508516700E+0002
 21
 2.68438064314900E+0002
  0
LINE
  8
0
 10
 4.38627508516700E+0002
 20
 2.68438064314900E+0002
 11
 4.38431087192800E+0002
 21
 2.68403568181600E+0002
  0
LINE
  8
0
 10
 4.38431087192800E+0002
 20
 2.68403568181600E+0002
 11
 4.38234311210100E+0002
 21
 2.68369860264700E+0002
  0
LINE
  8
0
 10
 4.38234311210100E+0002
 20
 2.68369860264700E+0002
 11
 4.38037186400000E+0002
 21
 2.68336940800000E+0002
  0
LINE
  8
0
 10
 4.38037186400000E+0002
 20
 2.68336940800000E+0002
 11
 4.37839718593900E+0002
 21
 2.68304810023300E+0002
  0
LINE
  8
0
 10
 4.37839718593900E+0002
 20
 2.68304810023300E+0002
 11
 4.37641913623200E+0002
 21
 2.68273468170400E+0002
  0
LINE
  8
0
 10
 4.37641913623200E+0002
 20
 2.68273468170400E+0002
 11
 4.37443777319300E+0002
 21
 2.68242915477100E+0002
  0
LINE
  8
0
 10
 4.37443777319300E+0002
 20
 2.68242915477100E+0002
 11
 4.37245315513600E+0002
 21
 2.68213152179200E+0002
  0
LINE
  8
0
 10
 4.37245315513600E+0002
 20
 2.68213152179200E+0002
 11
 4.37046534037500E+0002
 21
 2.68184178512500E+0002
  0
LINE
  8
0
 10
 4.37046534037500E+0002
 20
 2.68184178512500E+0002
 11
 4.36847438722400E+0002
 21
 2.68155994712800E+0002
  0
LINE
  8
0
 10
 4.36847438722400E+0002
 20
 2.68155994712800E+0002
 11
 4.36648035399700E+0002
 21
 2.68128601015900E+0002
  0
LINE
  8
0
 10
 4.36648035399700E+0002
 20
 2.68128601015900E+0002
 11
 4.36448329900800E+0002
 21
 2.68101997657600E+0002
  0
LINE
  8
0
 10
 4.36448329900800E+0002
 20
 2.68101997657600E+0002
 11
 4.36248328057100E+0002
 21
 2.68076184873700E+0002
  0
LINE
  8
0
 10
 4.36248328057100E+0002
 20
 2.68076184873700E+0002
 11
 4.36048035700000E+0002
 21
 2.68051162900000E+0002
  0
LINE
  8
0
 10
 4.36048035700000E+0002
 20
 2.68051162900000E+0002
 11
 4.35847458660900E+0002
 21
 2.68026931972300E+0002
  0
LINE
  8
0
 10
 4.35847458660900E+0002
 20
 2.68026931972300E+0002
 11
 4.35646602771200E+0002
 21
 2.68003492326400E+0002
  0
LINE
  8
0
 10
 4.35646602771200E+0002
 20
 2.68003492326400E+0002
 11
 4.35445473862300E+0002
 21
 2.67980844198100E+0002
  0
LINE
  8
0
 10
 4.35445473862300E+0002
 20
 2.67980844198100E+0002
 11
 4.35244077765600E+0002
 21
 2.67958987823200E+0002
  0
LINE
  8
0
 10
 4.35244077765600E+0002
 20
 2.67958987823200E+0002
 11
 4.35042420312500E+0002
 21
 2.67937923437500E+0002
  0
LINE
  8
0
 10
 4.35042420312500E+0002
 20
 2.67937923437500E+0002
 11
 4.34840507334400E+0002
 21
 2.67917651276800E+0002
  0
LINE
  8
0
 10
 4.34840507334400E+0002
 20
 2.67917651276800E+0002
 11
 4.34638344662700E+0002
 21
 2.67898171576900E+0002
  0
LINE
  8
0
 10
 4.34638344662700E+0002
 20
 2.67898171576900E+0002
 11
 4.34435938128800E+0002
 21
 2.67879484573600E+0002
  0
LINE
  8
0
 10
 4.34435938128800E+0002
 20
 2.67879484573600E+0002
 11
 4.34233293564100E+0002
 21
 2.67861590502700E+0002
  0
LINE
  8
0
 10
 4.34233293564100E+0002
 20
 2.67861590502700E+0002
 11
 4.34030416800000E+0002
 21
 2.67844489600000E+0002
  0
LINE
  8
0
 10
 4.34030416800000E+0002
 20
 2.67844489600000E+0002
 11
 4.33827313667900E+0002
 21
 2.67828182101300E+0002
  0
LINE
  8
0
 10
 4.33827313667900E+0002
 20
 2.67828182101300E+0002
 11
 4.33623989999200E+0002
 21
 2.67812668242400E+0002
  0
LINE
  8
0
 10
 4.33623989999200E+0002
 20
 2.67812668242400E+0002
 11
 4.33420451625300E+0002
 21
 2.67797948259100E+0002
  0
LINE
  8
0
 10
 4.33420451625300E+0002
 20
 2.67797948259100E+0002
 11
 4.33216704377600E+0002
 21
 2.67784022387200E+0002
  0
LINE
  8
0
 10
 4.33216704377600E+0002
 20
 2.67784022387200E+0002
 11
 4.33012754087500E+0002
 21
 2.67770890862500E+0002
  0
LINE
  8
0
 10
 4.33012754087500E+0002
 20
 2.67770890862500E+0002
 11
 4.32808606586400E+0002
 21
 2.67758553920800E+0002
  0
LINE
  8
0
 10
 4.32808606586400E+0002
 20
 2.67758553920800E+0002
 11
 4.32604267705700E+0002
 21
 2.67747011797900E+0002
  0
LINE
  8
0
 10
 4.32604267705700E+0002
 20
 2.67747011797900E+0002
 11
 4.32399743276800E+0002
 21
 2.67736264729600E+0002
  0
LINE
  8
0
 10
 4.32399743276800E+0002
 20
 2.67736264729600E+0002
 11
 4.32195039131100E+0002
 21
 2.67726312951700E+0002
  0
LINE
  8
0
 10
 4.32195039131100E+0002
 20
 2.67726312951700E+0002
 11
 4.31990161100000E+0002
 21
 2.67717156700000E+0002
  0
LINE
  8
0
 10
 4.31990161100000E+0002
 20
 2.67717156700000E+0002
 11
 4.31785115014900E+0002
 21
 2.67708796210300E+0002
  0
LINE
  8
0
 10
 4.31785115014900E+0002
 20
 2.67708796210300E+0002
 11
 4.31579906707200E+0002
 21
 2.67701231718400E+0002
  0
LINE
  8
0
 10
 4.31579906707200E+0002
 20
 2.67701231718400E+0002
 11
 4.31374542008300E+0002
 21
 2.67694463460100E+0002
  0
LINE
  8
0
 10
 4.31374542008300E+0002
 20
 2.67694463460100E+0002
 11
 4.31169026749600E+0002
 21
 2.67688491671200E+0002
  0
LINE
  8
0
 10
 4.31169026749600E+0002
 20
 2.67688491671200E+0002
 11
 4.30963366762500E+0002
 21
 2.67683316587500E+0002
  0
LINE
  8
0
 10
 4.30963366762500E+0002
 20
 2.67683316587500E+0002
 11
 4.30757567878400E+0002
 21
 2.67678938444800E+0002
  0
LINE
  8
0
 10
 4.30757567878400E+0002
 20
 2.67678938444800E+0002
 11
 4.30551635928700E+0002
 21
 2.67675357478900E+0002
  0
LINE
  8
0
 10
 4.30551635928700E+0002
 20
 2.67675357478900E+0002
 11
 4.30345576744800E+0002
 21
 2.67672573925600E+0002
  0
LINE
  8
0
 10
 4.30345576744800E+0002
 20
 2.67672573925600E+0002
 11
 4.30139396158100E+0002
 21
 2.67670588020700E+0002
  0
LINE
  8
0
 10
 4.30139396158100E+0002
 20
 2.67670588020700E+0002
 11
 4.29933100000000E+0002
 21
 2.67669400000000E+0002
  0
LINE
  8
0
 10
 4.29933100000000E+0002
 20
 2.67669400000000E+0002
 11
 4.26481500000000E+0002
 21
 2.67669200000000E+0002
  0
LINE
  8
0
 10
 4.26481500000000E+0002
 20
 2.67669200000000E+0002
 11
 4.26481500000000E+0002
 21
 2.61758500000000E+0002
  0
LINE
  8
0
 10
 4.26481500000000E+0002
 20
 2.61758500000000E+0002
 11
 4.07764200000000E+0002
 21
 2.61758500000000E+0002
  0
LINE
  8
0
 10
 4.07764200000000E+0002
 20
 2.61758500000000E+0002
 11
 4.07764200000000E+0002
 21
 2.67669200000000E+0002
  0
LINE
  8
0
 10
 4.07764200000000E+0002
 20
 2.67669200000000E+0002
 11
 4.05301300000000E+0002
 21
 2.67669200000000E+0002
  0
LINE
  8
0
 10
 4.20491000000000E+0002
 20
 4.11312200000000E+0002
 11
 4.20521745270700E+0002
 21
 4.11304667889100E+0002
  0
LINE
  8
0
 10
 4.20521745270700E+0002
 20
 4.11304667889100E+0002
 11
 4.20552329085600E+0002
 21
 4.11296731552800E+0002
  0
LINE
  8
0
 10
 4.20552329085600E+0002
 20
 4.11296731552800E+0002
 11
 4.20582748448900E+0002
 21
 4.11288393985700E+0002
  0
LINE
  8
0
 10
 4.20582748448900E+0002
 20
 4.11288393985700E+0002
 11
 4.20613000364800E+0002
 21
 4.11279658182400E+0002
  0
LINE
  8
0
 10
 4.20613000364800E+0002
 20
 4.11279658182400E+0002
 11
 4.20643081837500E+0002
 21
 4.11270527137500E+0002
  0
LINE
  8
0
 10
 4.20643081837500E+0002
 20
 4.11270527137500E+0002
 11
 4.20672989871200E+0002
 21
 4.11261003845600E+0002
  0
LINE
  8
0
 10
 4.20672989871200E+0002
 20
 4.11261003845600E+0002
 11
 4.20702721470100E+0002
 21
 4.11251091301300E+0002
  0
LINE
  8
0
 10
 4.20702721470100E+0002
 20
 4.11251091301300E+0002
 11
 4.20732273638400E+0002
 21
 4.11240792499200E+0002
  0
LINE
  8
0
 10
 4.20732273638400E+0002
 20
 4.11240792499200E+0002
 11
 4.20761643380300E+0002
 21
 4.11230110433900E+0002
  0
LINE
  8
0
 10
 4.20761643380300E+0002
 20
 4.11230110433900E+0002
 11
 4.20790827700000E+0002
 21
 4.11219048100000E+0002
  0
LINE
  8
0
 10
 4.20790827700000E+0002
 20
 4.11219048100000E+0002
 11
 4.20819823601700E+0002
 21
 4.11207608492100E+0002
  0
LINE
  8
0
 10
 4.20819823601700E+0002
 20
 4.11207608492100E+0002
 11
 4.20848628089600E+0002
 21
 4.11195794604800E+0002
  0
LINE
  8
0
 10
 4.20848628089600E+0002
 20
 4.11195794604800E+0002
 11
 4.20877238167900E+0002
 21
 4.11183609432700E+0002
  0
LINE
  8
0
 10
 4.20877238167900E+0002
 20
 4.11183609432700E+0002
 11
 4.20905650840800E+0002
 21
 4.11171055970400E+0002
  0
LINE
  8
0
 10
 4.20905650840800E+0002
 20
 4.11171055970400E+0002
 11
 4.20933863112500E+0002
 21
 4.11158137212500E+0002
  0
LINE
  8
0
 10
 4.20933863112500E+0002
 20
 4.11158137212500E+0002
 11
 4.20961871987200E+0002
 21
 4.11144856153600E+0002
  0
LINE
  8
0
 10
 4.20961871987200E+0002
 20
 4.11144856153600E+0002
 11
 4.20989674469100E+0002
 21
 4.11131215788300E+0002
  0
LINE
  8
0
 10
 4.20989674469100E+0002
 20
 4.11131215788300E+0002
 11
 4.21017267562400E+0002
 21
 4.11117219111200E+0002
  0
LINE
  8
0
 10
 4.21017267562400E+0002
 20
 4.11117219111200E+0002
 11
 4.21044648271300E+0002
 21
 4.11102869116900E+0002
  0
LINE
  8
0
 10
 4.21044648271300E+0002
 20
 4.11102869116900E+0002
 11
 4.21071813600000E+0002
 21
 4.11088168800000E+0002
  0
LINE
  8
0
 10
 4.21071813600000E+0002
 20
 4.11088168800000E+0002
 11
 4.21098760552700E+0002
 21
 4.11073121155100E+0002
  0
LINE
  8
0
 10
 4.21098760552700E+0002
 20
 4.11073121155100E+0002
 11
 4.21125486133600E+0002
 21
 4.11057729176800E+0002
  0
LINE
  8
0
 10
 4.21125486133600E+0002
 20
 4.11057729176800E+0002
 11
 4.21151987346900E+0002
 21
 4.11041995859700E+0002
  0
LINE
  8
0
 10
 4.21151987346900E+0002
 20
 4.11041995859700E+0002
 11
 4.21178261196800E+0002
 21
 4.11025924198400E+0002
  0
LINE
  8
0
 10
 4.21178261196800E+0002
 20
 4.11025924198400E+0002
 11
 4.21204304687500E+0002
 21
 4.11009517187500E+0002
  0
LINE
  8
0
 10
 4.21204304687500E+0002
 20
 4.11009517187500E+0002
 11
 4.21230114823200E+0002
 21
 4.10992777821600E+0002
  0
LINE
  8
0
 10
 4.21230114823200E+0002
 20
 4.10992777821600E+0002
 11
 4.21255688608100E+0002
 21
 4.10975709095300E+0002
  0
LINE
  8
0
 10
 4.21255688608100E+0002
 20
 4.10975709095300E+0002
 11
 4.21281023046400E+0002
 21
 4.10958314003200E+0002
  0
LINE
  8
0
 10
 4.21281023046400E+0002
 20
 4.10958314003200E+0002
 11
 4.21306115142300E+0002
 21
 4.10940595539900E+0002
  0
LINE
  8
0
 10
 4.21306115142300E+0002
 20
 4.10940595539900E+0002
 11
 4.21330961900000E+0002
 21
 4.10922556700000E+0002
  0
LINE
  8
0
 10
 4.21330961900000E+0002
 20
 4.10922556700000E+0002
 11
 4.21355560323700E+0002
 21
 4.10904200478100E+0002
  0
LINE
  8
0
 10
 4.21355560323700E+0002
 20
 4.10904200478100E+0002
 11
 4.21379907417600E+0002
 21
 4.10885529868800E+0002
  0
LINE
  8
0
 10
 4.21379907417600E+0002
 20
 4.10885529868800E+0002
 11
 4.21404000185900E+0002
 21
 4.10866547866700E+0002
  0
LINE
  8
0
 10
 4.21404000185900E+0002
 20
 4.10866547866700E+0002
 11
 4.21427835632800E+0002
 21
 4.10847257466400E+0002
  0
LINE
  8
0
 10
 4.21427835632800E+0002
 20
 4.10847257466400E+0002
 11
 4.21451410762500E+0002
 21
 4.10827661662500E+0002
  0
LINE
  8
0
 10
 4.21451410762500E+0002
 20
 4.10827661662500E+0002
 11
 4.21474722579200E+0002
 21
 4.10807763449600E+0002
  0
LINE
  8
0
 10
 4.21474722579200E+0002
 20
 4.10807763449600E+0002
 11
 4.21497768087100E+0002
 21
 4.10787565822300E+0002
  0
LINE
  8
0
 10
 4.21497768087100E+0002
 20
 4.10787565822300E+0002
 11
 4.21520544290400E+0002
 21
 4.10767071775200E+0002
  0
LINE
  8
0
 10
 4.21520544290400E+0002
 20
 4.10767071775200E+0002
 11
 4.21543048193300E+0002
 21
 4.10746284302900E+0002
  0
LINE
  8
0
 10
 4.21543048193300E+0002
 20
 4.10746284302900E+0002
 11
 4.21565276800000E+0002
 21
 4.10725206400000E+0002
  0
LINE
  8
0
 10
 4.21565276800000E+0002
 20
 4.10725206400000E+0002
 11
 4.21587227114700E+0002
 21
 4.10703841061100E+0002
  0
LINE
  8
0
 10
 4.21587227114700E+0002
 20
 4.10703841061100E+0002
 11
 4.21608896141600E+0002
 21
 4.10682191280800E+0002
  0
LINE
  8
0
 10
 4.21608896141600E+0002
 20
 4.10682191280800E+0002
 11
 4.21630280884900E+0002
 21
 4.10660260053700E+0002
  0
LINE
  8
0
 10
 4.21630280884900E+0002
 20
 4.10660260053700E+0002
 11
 4.21651378348800E+0002
 21
 4.10638050374400E+0002
  0
LINE
  8
0
 10
 4.21651378348800E+0002
 20
 4.10638050374400E+0002
 11
 4.21672185537500E+0002
 21
 4.10615565237500E+0002
  0
LINE
  8
0
 10
 4.21672185537500E+0002
 20
 4.10615565237500E+0002
 11
 4.21692699455200E+0002
 21
 4.10592807637600E+0002
  0
LINE
  8
0
 10
 4.21692699455200E+0002
 20
 4.10592807637600E+0002
 11
 4.21712917106100E+0002
 21
 4.10569780569300E+0002
  0
LINE
  8
0
 10
 4.21712917106100E+0002
 20
 4.10569780569300E+0002
 11
 4.21732835494400E+0002
 21
 4.10546487027200E+0002
  0
LINE
  8
0
 10
 4.21732835494400E+0002
 20
 4.10546487027200E+0002
 11
 4.21752451624300E+0002
 21
 4.10522930005900E+0002
  0
LINE
  8
0
 10
 4.21752451624300E+0002
 20
 4.10522930005900E+0002
 11
 4.21771762500000E+0002
 21
 4.10499112500000E+0002
  0
LINE
  8
0
 10
 4.21771762500000E+0002
 20
 4.10499112500000E+0002
 11
 4.21790765125700E+0002
 21
 4.10475037504100E+0002
  0
LINE
  8
0
 10
 4.21790765125700E+0002
 20
 4.10475037504100E+0002
 11
 4.21809456505600E+0002
 21
 4.10450708012800E+0002
  0
LINE
  8
0
 10
 4.21809456505600E+0002
 20
 4.10450708012800E+0002
 11
 4.21827833643900E+0002
 21
 4.10426127020700E+0002
  0
LINE
  8
0
 10
 4.21827833643900E+0002
 20
 4.10426127020700E+0002
 11
 4.21845893544800E+0002
 21
 4.10401297522400E+0002
  0
LINE
  8
0
 10
 4.21845893544800E+0002
 20
 4.10401297522400E+0002
 11
 4.21863633212500E+0002
 21
 4.10376222512500E+0002
  0
LINE
  8
0
 10
 4.21863633212500E+0002
 20
 4.10376222512500E+0002
 11
 4.21881049651200E+0002
 21
 4.10350904985600E+0002
  0
LINE
  8
0
 10
 4.21881049651200E+0002
 20
 4.10350904985600E+0002
 11
 4.21898139865100E+0002
 21
 4.10325347936300E+0002
  0
LINE
  8
0
 10
 4.21898139865100E+0002
 20
 4.10325347936300E+0002
 11
 4.21914900858400E+0002
 21
 4.10299554359200E+0002
  0
LINE
  8
0
 10
 4.21914900858400E+0002
 20
 4.10299554359200E+0002
 11
 4.21931329635300E+0002
 21
 4.10273527248900E+0002
  0
LINE
  8
0
 10
 4.21931329635300E+0002
 20
 4.10273527248900E+0002
 11
 4.21947423200000E+0002
 21
 4.10247269600000E+0002
  0
LINE
  8
0
 10
 4.21947423200000E+0002
 20
 4.10247269600000E+0002
 11
 4.21963178556700E+0002
 21
 4.10220784407100E+0002
  0
LINE
  8
0
 10
 4.21963178556700E+0002
 20
 4.10220784407100E+0002
 11
 4.21978592709600E+0002
 21
 4.10194074664800E+0002
  0
LINE
  8
0
 10
 4.21978592709600E+0002
 20
 4.10194074664800E+0002
 11
 4.21993662662900E+0002
 21
 4.10167143367700E+0002
  0
LINE
  8
0
 10
 4.21993662662900E+0002
 20
 4.10167143367700E+0002
 11
 4.22008385420800E+0002
 21
 4.10139993510400E+0002
  0
LINE
  8
0
 10
 4.22008385420800E+0002
 20
 4.10139993510400E+0002
 11
 4.22022757987500E+0002
 21
 4.10112628087500E+0002
  0
LINE
  8
0
 10
 4.22022757987500E+0002
 20
 4.10112628087500E+0002
 11
 4.22036777367200E+0002
 21
 4.10085050093600E+0002
  0
LINE
  8
0
 10
 4.22036777367200E+0002
 20
 4.10085050093600E+0002
 11
 4.22050440564100E+0002
 21
 4.10057262523300E+0002
  0
LINE
  8
0
 10
 4.22050440564100E+0002
 20
 4.10057262523300E+0002
 11
 4.22063744582400E+0002
 21
 4.10029268371200E+0002
  0
LINE
  8
0
 10
 4.22063744582400E+0002
 20
 4.10029268371200E+0002
 11
 4.22076686426300E+0002
 21
 4.10001070631900E+0002
  0
LINE
  8
0
 10
 4.22076686426300E+0002
 20
 4.10001070631900E+0002
 11
 4.22089263100000E+0002
 21
 4.09972672300000E+0002
  0
LINE
  8
0
 10
 4.22089263100000E+0002
 20
 4.09972672300000E+0002
 11
 4.22101471607700E+0002
 21
 4.09944076370100E+0002
  0
LINE
  8
0
 10
 4.22101471607700E+0002
 20
 4.09944076370100E+0002
 11
 4.22113308953600E+0002
 21
 4.09915285836800E+0002
  0
LINE
  8
0
 10
 4.22113308953600E+0002
 20
 4.09915285836800E+0002
 11
 4.22124772141900E+0002
 21
 4.09886303694700E+0002
  0
LINE
  8
0
 10
 4.22124772141900E+0002
 20
 4.09886303694700E+0002
 11
 4.22135858176800E+0002
 21
 4.09857132938400E+0002
  0
LINE
  8
0
 10
 4.22135858176800E+0002
 20
 4.09857132938400E+0002
 11
 4.22146564062500E+0002
 21
 4.09827776562500E+0002
  0
LINE
  8
0
 10
 4.22146564062500E+0002
 20
 4.09827776562500E+0002
 11
 4.22156886803200E+0002
 21
 4.09798237561600E+0002
  0
LINE
  8
0
 10
 4.22156886803200E+0002
 20
 4.09798237561600E+0002
 11
 4.22166823403100E+0002
 21
 4.09768518930300E+0002
  0
LINE
  8
0
 10
 4.22166823403100E+0002
 20
 4.09768518930300E+0002
 11
 4.22176370866400E+0002
 21
 4.09738623663200E+0002
  0
LINE
  8
0
 10
 4.22176370866400E+0002
 20
 4.09738623663200E+0002
 11
 4.22185526197300E+0002
 21
 4.09708554754900E+0002
  0
LINE
  8
0
 10
 4.22185526197300E+0002
 20
 4.09708554754900E+0002
 11
 4.22194286400000E+0002
 21
 4.09678315200000E+0002
  0
LINE
  8
0
 10
 4.22194286400000E+0002
 20
 4.09678315200000E+0002
 11
 4.22202648478700E+0002
 21
 4.09647907993100E+0002
  0
LINE
  8
0
 10
 4.22202648478700E+0002
 20
 4.09647907993100E+0002
 11
 4.22210609437600E+0002
 21
 4.09617336128800E+0002
  0
LINE
  8
0
 10
 4.22210609437600E+0002
 20
 4.09617336128800E+0002
 11
 4.22218166280900E+0002
 21
 4.09586602601700E+0002
  0
LINE
  8
0
 10
 4.22218166280900E+0002
 20
 4.09586602601700E+0002
 11
 4.22225316012800E+0002
 21
 4.09555710406400E+0002
  0
LINE
  8
0
 10
 4.22225316012800E+0002
 20
 4.09555710406400E+0002
 11
 4.22232055637500E+0002
 21
 4.09524662537500E+0002
  0
LINE
  8
0
 10
 4.22232055637500E+0002
 20
 4.09524662537500E+0002
 11
 4.22238382159200E+0002
 21
 4.09493461989600E+0002
  0
LINE
  8
0
 10
 4.22238382159200E+0002
 20
 4.09493461989600E+0002
 11
 4.22244292582100E+0002
 21
 4.09462111757300E+0002
  0
LINE
  8
0
 10
 4.22244292582100E+0002
 20
 4.09462111757300E+0002
 11
 4.22249783910400E+0002
 21
 4.09430614835200E+0002
  0
LINE
  8
0
 10
 4.22249783910400E+0002
 20
 4.09430614835200E+0002
 11
 4.22254853148300E+0002
 21
 4.09398974217900E+0002
  0
LINE
  8
0
 10
 4.22254853148300E+0002
 20
 4.09398974217900E+0002
 11
 4.22259497300000E+0002
 21
 4.09367192900000E+0002
  0
LINE
  8
0
 10
 4.22259497300000E+0002
 20
 4.09367192900000E+0002
 11
 4.22263713369700E+0002
 21
 4.09335273876100E+0002
  0
LINE
  8
0
 10
 4.22263713369700E+0002
 20
 4.09335273876100E+0002
 11
 4.22267498361600E+0002
 21
 4.09303220140800E+0002
  0
LINE
  8
0
 10
 4.22267498361600E+0002
 20
 4.09303220140800E+0002
 11
 4.22270849279900E+0002
 21
 4.09271034688700E+0002
  0
LINE
  8
0
 10
 4.22270849279900E+0002
 20
 4.09271034688700E+0002
 11
 4.22273763128800E+0002
 21
 4.09238720514400E+0002
  0
LINE
  8
0
 10
 4.22273763128800E+0002
 20
 4.09238720514400E+0002
 11
 4.22276236912500E+0002
 21
 4.09206280612500E+0002
  0
LINE
  8
0
 10
 4.22276236912500E+0002
 20
 4.09206280612500E+0002
 11
 4.22278267635200E+0002
 21
 4.09173717977600E+0002
  0
LINE
  8
0
 10
 4.22278267635200E+0002
 20
 4.09173717977600E+0002
 11
 4.22279852301100E+0002
 21
 4.09141035604300E+0002
  0
LINE
  8
0
 10
 4.22279852301100E+0002
 20
 4.09141035604300E+0002
 11
 4.22280987914400E+0002
 21
 4.09108236487200E+0002
  0
LINE
  8
0
 10
 4.22280987914400E+0002
 20
 4.09108236487200E+0002
 11
 4.22281671479300E+0002
 21
 4.09075323620900E+0002
  0
LINE
  8
0
 10
 4.22281671479300E+0002
 20
 4.09075323620900E+0002
 11
 4.22281900000000E+0002
 21
 4.09042300000000E+0002
  0
LINE
  8
0
 10
 4.22281900000000E+0002
 20
 4.09042300000000E+0002
 11
 4.22281900000000E+0002
 21
 3.98960900000000E+0002
  0
LINE
  8
0
 10
 4.22281900000000E+0002
 20
 3.98960900000000E+0002
 11
 4.12949100000000E+0002
 21
 3.89628100000000E+0002
  0
LINE
  8
0
 10
 4.12949100000000E+0002
 20
 3.89628100000000E+0002
 11
 4.12949100000000E+0002
 21
 4.03770300000000E+0002
  0
LINE
  8
0
 10
 4.12949100000000E+0002
 20
 4.03770300000000E+0002
 11
 4.20491000000000E+0002
 21
 4.11312200000000E+0002
  0
LINE
  8
0
 10
 4.22281900000000E+0002
 20
 3.79161800000000E+0002
 11
 4.22281900000000E+0002
 21
 3.68341300000000E+0002
  0
LINE
  8
0
 10
 4.22281900000000E+0002
 20
 3.68341300000000E+0002
 11
 4.25392700000000E+0002
 21
 3.68341300000000E+0002
  0
LINE
  8
0
 10
 4.25392700000000E+0002
 20
 3.68341300000000E+0002
 11
 4.25392700000000E+0002
 21
 3.82272600000000E+0002
  0
LINE
  8
0
 10
 4.25392700000000E+0002
 20
 3.82272600000000E+0002
 11
 4.29022200000000E+0002
 21
 3.85902100000000E+0002
  0
LINE
  8
0
 10
 4.29022200000000E+0002
 20
 3.85902100000000E+0002
 11
 4.29022200000000E+0002
 21
 3.71760100000000E+0002
  0
LINE
  8
0
 10
 4.29022200000000E+0002
 20
 3.71760100000000E+0002
 11
 4.12949100000000E+0002
 21
 3.55687000000000E+0002
  0
LINE
  8
0
 10
 4.12949100000000E+0002
 20
 3.55687000000000E+0002
 11
 4.12949100000000E+0002
 21
 3.61082600000000E+0002
  0
LINE
  8
0
 10
 4.12949100000000E+0002
 20
 3.61082600000000E+0002
 11
 4.09838300000000E+0002
 21
 3.61082600000000E+0002
  0
LINE
  8
0
 10
 4.09838300000000E+0002
 20
 3.61082600000000E+0002
 11
 4.09838300000000E+0002
 21
 3.52576200000000E+0002
  0
LINE
  8
0
 10
 4.09838300000000E+0002
 20
 3.52576200000000E+0002
 11
 4.06208800000000E+0002
 21
 3.48946700000000E+0002
  0
LINE
  8
0
 10
 4.06208800000000E+0002
 20
 3.48946700000000E+0002
 11
 4.06208800000000E+0002
 21
 3.63088700000000E+0002
  0
LINE
  8
0
 10
 4.06208800000000E+0002
 20
 3.63088700000000E+0002
 11
 4.11461400000000E+0002
 21
 3.68341300000000E+0002
  0
LINE
  8
0
 10
 4.11461400000000E+0002
 20
 3.68341300000000E+0002
 11
 4.12949100000000E+0002
 21
 3.68341300000000E+0002
  0
LINE
  8
0
 10
 4.12949100000000E+0002
 20
 3.68341300000000E+0002
 11
 4.12949100000000E+0002
 21
 3.69829000000000E+0002
  0
LINE
  8
0
 10
 4.12949100000000E+0002
 20
 3.69829000000000E+0002
 11
 4.22281900000000E+0002
 21
 3.79161800000000E+0002
  0
LINE
  8
0
 10
 4.33756200000000E+0002
 20
 3.90636100000000E+0002
 11
 4.43539800000000E+0002
 21
 3.90636100000000E+0002
  0
LINE
  8
0
 10
 4.43539800000000E+0002
 20
 3.90636100000000E+0002
 11
 4.43539800000000E+0002
 21
 3.87006800000000E+0002
  0
LINE
  8
0
 10
 4.43539800000000E+0002
 20
 3.87006800000000E+0002
 11
 4.30126900000000E+0002
 21
 3.87006800000000E+0002
  0
LINE
  8
0
 10
 4.30126900000000E+0002
 20
 3.87006800000000E+0002
 11
 4.33756200000000E+0002
 21
 3.90636100000000E+0002
  0
LINE
  8
0
 10
 4.22281900000000E+0002
 20
 3.45220800000000E+0002
 11
 4.22300000000000E+0002
 21
 3.20400000000000E+0002
  0
ARC
  8
0
 10
 4.19950000000000E+0002
 20
 3.20400000000000E+0002
 40
 2.35000000000000E+0000
 50
 2.70005000000000E+0002
 51
 3.60000000000000E+0002
  0
LINE
  8
0
 10
 4.19950205076187E+0002
 20
 3.18050000008948E+0002
 11
 4.15300000000000E+0002
 21
 3.18050000000000E+0002
  0
ARC
  8
0
 10
 4.15300000000000E+0002
 20
 3.20400000000000E+0002
 40
 2.35000000000000E+0000
 50
 1.79995000000000E+0002
 51
 2.70000000000000E+0002
  0
LINE
  8
0
 10
 4.12950000008948E+0002
 20
 3.20400205076187E+0002
 11
 4.12949100000000E+0002
 21
 3.35888000000000E+0002
  0
LINE
  8
0
 10
 4.12949100000000E+0002
 20
 3.35888000000000E+0002
 11
 4.22281900000000E+0002
 21
 3.45220800000000E+0002
  0
LINE
  8
0
 10
 3.96049800000000E+0002
 20
 3.38787700000000E+0002
 11
 3.91691200000000E+0002
 21
 3.38787700000000E+0002
  0
LINE
  8
0
 10
 3.91691200000000E+0002
 20
 3.38787700000000E+0002
 11
 3.91691200000000E+0002
 21
 3.42417200000000E+0002
  0
LINE
  8
0
 10
 3.91691200000000E+0002
 20
 3.42417200000000E+0002
 11
 3.99679300000000E+0002
 21
 3.42417200000000E+0002
  0
LINE
  8
0
 10
 3.99679300000000E+0002
 20
 3.42417200000000E+0002
 11
 3.96049800000000E+0002
 21
 3.38787700000000E+0002
  0
LINE
  8
0
 10
 4.00505500000000E+0002
 20
 4.24856100000000E+0002
 11
 4.14235900000000E+0002
 21
 4.24856100000000E+0002
  0
LINE
  8
0
 10
 4.14235900000000E+0002
 20
 4.24856100000000E+0002
 11
 4.03866300000000E+0002
 21
 4.14486500000000E+0002
  0
LINE
  8
0
 10
 4.03866300000000E+0002
 20
 4.14486500000000E+0002
 11
 4.03097900000000E+0002
 21
 4.14486500000000E+0002
  0
LINE
  8
0
 10
 4.03097900000000E+0002
 20
 4.14486500000000E+0002
 11
 4.03097900000000E+0002
 21
 4.13718100000000E+0002
  0
LINE
  8
0
 10
 4.03097900000000E+0002
 20
 4.13718100000000E+0002
 11
 3.98109400000000E+0002
 21
 4.08729600000000E+0002
  0
LINE
  8
0
 10
 3.98109400000000E+0002
 20
 4.08729600000000E+0002
 11
 3.97913100000000E+0002
 21
 4.14486500000000E+0002
  0
LINE
  8
0
 10
 3.97913100000000E+0002
 20
 4.14486500000000E+0002
 11
 3.97913100000000E+0002
 21
 4.16725100000000E+0002
  0
LINE
  8
0
 10
 3.97913100000000E+0002
 20
 4.16725100000000E+0002
 11
 3.97913100000000E+0002
 21
 4.22263700000000E+0002
  0
LINE
  8
0
 10
 3.97913100000000E+0002
 20
 4.22263700000000E+0002
 11
 3.97913104048600E+0002
 21
 4.22268313038900E+0002
  0
LINE
  8
0
 10
 3.97913104048600E+0002
 20
 4.22268313038900E+0002
 11
 3.97913116188800E+0002
 21
 4.22272924151200E+0002
  0
LINE
  8
0
 10
 3.97913116188800E+0002
 20
 4.22272924151200E+0002
 11
 3.97913136412200E+0002
 21
 4.22277533330300E+0002
  0
LINE
  8
0
 10
 3.97913136412200E+0002
 20
 4.22277533330300E+0002
 11
 3.97913164710400E+0002
 21
 4.22282140569600E+0002
  0
LINE
  8
0
 10
 3.97913164710400E+0002
 20
 4.22282140569600E+0002
 11
 3.97913201075000E+0002
 21
 4.22286745862500E+0002
  0
LINE
  8
0
 10
 3.97913201075000E+0002
 20
 4.22286745862500E+0002
 11
 3.97913245497600E+0002
 21
 4.22291349202400E+0002
  0
LINE
  8
0
 10
 3.97913245497600E+0002
 20
 4.22291349202400E+0002
 11
 3.97913297969800E+0002
 21
 4.22295950582700E+0002
  0
LINE
  8
0
 10
 3.97913297969800E+0002
 20
 4.22295950582700E+0002
 11
 3.97913358483200E+0002
 21
 4.22300549996800E+0002
  0
LINE
  8
0
 10
 3.97913358483200E+0002
 20
 4.22300549996800E+0002
 11
 3.97913427029400E+0002
 21
 4.22305147438100E+0002
  0
LINE
  8
0
 10
 3.97913427029400E+0002
 20
 4.22305147438100E+0002
 11
 3.97913503600000E+0002
 21
 4.22309742900000E+0002
  0
LINE
  8
0
 10
 3.97913503600000E+0002
 20
 4.22309742900000E+0002
 11
 3.97913588186600E+0002
 21
 4.22314336375900E+0002
  0
LINE
  8
0
 10
 3.97913588186600E+0002
 20
 4.22314336375900E+0002
 11
 3.97913680780800E+0002
 21
 4.22318927859200E+0002
  0
LINE
  8
0
 10
 3.97913680780800E+0002
 20
 4.22318927859200E+0002
 11
 3.97913781374200E+0002
 21
 4.22323517343300E+0002
  0
LINE
  8
0
 10
 3.97913781374200E+0002
 20
 4.22323517343300E+0002
 11
 3.97913889958400E+0002
 21
 4.22328104821600E+0002
  0
LINE
  8
0
 10
 3.97913889958400E+0002
 20
 4.22328104821600E+0002
 11
 3.97914006525000E+0002
 21
 4.22332690287500E+0002
  0
LINE
  8
0
 10
 3.97914006525000E+0002
 20
 4.22332690287500E+0002
 11
 3.97914131065600E+0002
 21
 4.22337273734400E+0002
  0
LINE
  8
0
 10
 3.97914131065600E+0002
 20
 4.22337273734400E+0002
 11
 3.97914263571800E+0002
 21
 4.22341855155700E+0002
  0
LINE
  8
0
 10
 3.97914263571800E+0002
 20
 4.22341855155700E+0002
 11
 3.97914404035200E+0002
 21
 4.22346434544800E+0002
  0
LINE
  8
0
 10
 3.97914404035200E+0002
 20
 4.22346434544800E+0002
 11
 3.97914552447400E+0002
 21
 4.22351011895100E+0002
  0
LINE
  8
0
 10
 3.97914552447400E+0002
 20
 4.22351011895100E+0002
 11
 3.97914708800000E+0002
 21
 4.22355587200000E+0002
  0
LINE
  8
0
 10
 3.97914708800000E+0002
 20
 4.22355587200000E+0002
 11
 3.97914873084600E+0002
 21
 4.22360160452900E+0002
  0
LINE
  8
0
 10
 3.97914873084600E+0002
 20
 4.22360160452900E+0002
 11
 3.97915045292800E+0002
 21
 4.22364731647200E+0002
  0
LINE
  8
0
 10
 3.97915045292800E+0002
 20
 4.22364731647200E+0002
 11
 3.97915225416200E+0002
 21
 4.22369300776300E+0002
  0
LINE
  8
0
 10
 3.97915225416200E+0002
 20
 4.22369300776300E+0002
 11
 3.97915413446400E+0002
 21
 4.22373867833600E+0002
  0
LINE
  8
0
 10
 3.97915413446400E+0002
 20
 4.22373867833600E+0002
 11
 3.97915609375000E+0002
 21
 4.22378432812500E+0002
  0
LINE
  8
0
 10
 3.97915609375000E+0002
 20
 4.22378432812500E+0002
 11
 3.97915813193600E+0002
 21
 4.22382995706400E+0002
  0
LINE
  8
0
 10
 3.97915813193600E+0002
 20
 4.22382995706400E+0002
 11
 3.97916024893800E+0002
 21
 4.22387556508700E+0002
  0
LINE
  8
0
 10
 3.97916024893800E+0002
 20
 4.22387556508700E+0002
 11
 3.97916244467200E+0002
 21
 4.22392115212800E+0002
  0
LINE
  8
0
 10
 3.97916244467200E+0002
 20
 4.22392115212800E+0002
 11
 3.97916471905400E+0002
 21
 4.22396671812100E+0002
  0
LINE
  8
0
 10
 3.97916471905400E+0002
 20
 4.22396671812100E+0002
 11
 3.97916707200000E+0002
 21
 4.22401226300000E+0002
  0
LINE
  8
0
 10
 3.97916707200000E+0002
 20
 4.22401226300000E+0002
 11
 3.97916950342600E+0002
 21
 4.22405778669900E+0002
  0
LINE
  8
0
 10
 3.97916950342600E+0002
 20
 4.22405778669900E+0002
 11
 3.97917201324800E+0002
 21
 4.22410328915200E+0002
  0
LINE
  8
0
 10
 3.97917201324800E+0002
 20
 4.22410328915200E+0002
 11
 3.97917460138200E+0002
 21
 4.22414877029300E+0002
  0
LINE
  8
0
 10
 3.97917460138200E+0002
 20
 4.22414877029300E+0002
 11
 3.97917726774400E+0002
 21
 4.22419423005600E+0002
  0
LINE
  8
0
 10
 3.97917726774400E+0002
 20
 4.22419423005600E+0002
 11
 3.97918001225000E+0002
 21
 4.22423966837500E+0002
  0
LINE
  8
0
 10
 3.97918001225000E+0002
 20
 4.22423966837500E+0002
 11
 3.97918283481600E+0002
 21
 4.22428508518400E+0002
  0
LINE
  8
0
 10
 3.97918283481600E+0002
 20
 4.22428508518400E+0002
 11
 3.97918573535800E+0002
 21
 4.22433048041700E+0002
  0
LINE
  8
0
 10
 3.97918573535800E+0002
 20
 4.22433048041700E+0002
 11
 3.97918871379200E+0002
 21
 4.22437585400800E+0002
  0
LINE
  8
0
 10
 3.97918871379200E+0002
 20
 4.22437585400800E+0002
 11
 3.97919177003400E+0002
 21
 4.22442120589100E+0002
  0
LINE
  8
0
 10
 3.97919177003400E+0002
 20
 4.22442120589100E+0002
 11
 3.97919490400000E+0002
 21
 4.22446653600000E+0002
  0
LINE
  8
0
 10
 3.97919490400000E+0002
 20
 4.22446653600000E+0002
 11
 3.97919811560600E+0002
 21
 4.22451184426900E+0002
  0
LINE
  8
0
 10
 3.97919811560600E+0002
 20
 4.22451184426900E+0002
 11
 3.97920140476800E+0002
 21
 4.22455713063200E+0002
  0
LINE
  8
0
 10
 3.97920140476800E+0002
 20
 4.22455713063200E+0002
 11
 3.97920477140200E+0002
 21
 4.22460239502300E+0002
  0
LINE
  8
0
 10
 3.97920477140200E+0002
 20
 4.22460239502300E+0002
 11
 3.97920821542400E+0002
 21
 4.22464763737600E+0002
  0
LINE
  8
0
 10
 3.97920821542400E+0002
 20
 4.22464763737600E+0002
 11
 3.97921173675000E+0002
 21
 4.22469285762500E+0002
  0
LINE
  8
0
 10
 3.97921173675000E+0002
 20
 4.22469285762500E+0002
 11
 3.97921533529600E+0002
 21
 4.22473805570400E+0002
  0
LINE
  8
0
 10
 3.97921533529600E+0002
 20
 4.22473805570400E+0002
 11
 3.97921901097800E+0002
 21
 4.22478323154700E+0002
  0
LINE
  8
0
 10
 3.97921901097800E+0002
 20
 4.22478323154700E+0002
 11
 3.97922276371200E+0002
 21
 4.22482838508800E+0002
  0
LINE
  8
0
 10
 3.97922276371200E+0002
 20
 4.22482838508800E+0002
 11
 3.97922659341400E+0002
 21
 4.22487351626100E+0002
  0
LINE
  8
0
 10
 3.97922659341400E+0002
 20
 4.22487351626100E+0002
 11
 3.97923050000000E+0002
 21
 4.22491862500000E+0002
  0
LINE
  8
0
 10
 3.97923050000000E+0002
 20
 4.22491862500000E+0002
 11
 3.97923448338600E+0002
 21
 4.22496371123900E+0002
  0
LINE
  8
0
 10
 3.97923448338600E+0002
 20
 4.22496371123900E+0002
 11
 3.97923854348800E+0002
 21
 4.22500877491200E+0002
  0
LINE
  8
0
 10
 3.97923854348800E+0002
 20
 4.22500877491200E+0002
 11
 3.97924268022200E+0002
 21
 4.22505381595300E+0002
  0
LINE
  8
0
 10
 3.97924268022200E+0002
 20
 4.22505381595300E+0002
 11
 3.97924689350400E+0002
 21
 4.22509883429600E+0002
  0
LINE
  8
0
 10
 3.97924689350400E+0002
 20
 4.22509883429600E+0002
 11
 3.97925118325000E+0002
 21
 4.22514382987500E+0002
  0
LINE
  8
0
 10
 3.97925118325000E+0002
 20
 4.22514382987500E+0002
 11
 3.97925554937600E+0002
 21
 4.22518880262400E+0002
  0
LINE
  8
0
 10
 3.97925554937600E+0002
 20
 4.22518880262400E+0002
 11
 3.97925999179800E+0002
 21
 4.22523375247700E+0002
  0
LINE
  8
0
 10
 3.97925999179800E+0002
 20
 4.22523375247700E+0002
 11
 3.97926451043200E+0002
 21
 4.22527867936800E+0002
  0
LINE
  8
0
 10
 3.97926451043200E+0002
 20
 4.22527867936800E+0002
 11
 3.97926910519400E+0002
 21
 4.22532358323100E+0002
  0
LINE
  8
0
 10
 3.97926910519400E+0002
 20
 4.22532358323100E+0002
 11
 3.97927377600000E+0002
 21
 4.22536846400000E+0002
  0
LINE
  8
0
 10
 3.97927377600000E+0002
 20
 4.22536846400000E+0002
 11
 3.97927852276600E+0002
 21
 4.22541332160900E+0002
  0
LINE
  8
0
 10
 3.97927852276600E+0002
 20
 4.22541332160900E+0002
 11
 3.97928334540800E+0002
 21
 4.22545815599200E+0002
  0
LINE
  8
0
 10
 3.97928334540800E+0002
 20
 4.22545815599200E+0002
 11
 3.97928824384200E+0002
 21
 4.22550296708300E+0002
  0
LINE
  8
0
 10
 3.97928824384200E+0002
 20
 4.22550296708300E+0002
 11
 3.97929321798400E+0002
 21
 4.22554775481600E+0002
  0
LINE
  8
0
 10
 3.97929321798400E+0002
 20
 4.22554775481600E+0002
 11
 3.97929826775000E+0002
 21
 4.22559251912500E+0002
  0
LINE
  8
0
 10
 3.97929826775000E+0002
 20
 4.22559251912500E+0002
 11
 3.97930339305600E+0002
 21
 4.22563725994400E+0002
  0
LINE
  8
0
 10
 3.97930339305600E+0002
 20
 4.22563725994400E+0002
 11
 3.97930859381800E+0002
 21
 4.22568197720700E+0002
  0
LINE
  8
0
 10
 3.97930859381800E+0002
 20
 4.22568197720700E+0002
 11
 3.97931386995200E+0002
 21
 4.22572667084800E+0002
  0
LINE
  8
0
 10
 3.97931386995200E+0002
 20
 4.22572667084800E+0002
 11
 3.97931922137400E+0002
 21
 4.22577134080100E+0002
  0
LINE
  8
0
 10
 3.97931922137400E+0002
 20
 4.22577134080100E+0002
 11
 3.97932464800000E+0002
 21
 4.22581598700000E+0002
  0
LINE
  8
0
 10
 3.97932464800000E+0002
 20
 4.22581598700000E+0002
 11
 3.97933014974600E+0002
 21
 4.22586060937900E+0002
  0
LINE
  8
0
 10
 3.97933014974600E+0002
 20
 4.22586060937900E+0002
 11
 3.97933572652800E+0002
 21
 4.22590520787200E+0002
  0
LINE
  8
0
 10
 3.97933572652800E+0002
 20
 4.22590520787200E+0002
 11
 3.97934137826200E+0002
 21
 4.22594978241300E+0002
  0
LINE
  8
0
 10
 3.97934137826200E+0002
 20
 4.22594978241300E+0002
 11
 3.97934710486400E+0002
 21
 4.22599433293600E+0002
  0
LINE
  8
0
 10
 3.97934710486400E+0002
 20
 4.22599433293600E+0002
 11
 3.97935290625000E+0002
 21
 4.22603885937500E+0002
  0
LINE
  8
0
 10
 3.97935290625000E+0002
 20
 4.22603885937500E+0002
 11
 3.97935878233600E+0002
 21
 4.22608336166400E+0002
  0
LINE
  8
0
 10
 3.97935878233600E+0002
 20
 4.22608336166400E+0002
 11
 3.97936473303800E+0002
 21
 4.22612783973700E+0002
  0
LINE
  8
0
 10
 3.97936473303800E+0002
 20
 4.22612783973700E+0002
 11
 3.97937075827200E+0002
 21
 4.22617229352800E+0002
  0
LINE
  8
0
 10
 3.97937075827200E+0002
 20
 4.22617229352800E+0002
 11
 3.97937685795400E+0002
 21
 4.22621672297100E+0002
  0
LINE
  8
0
 10
 3.97937685795400E+0002
 20
 4.22621672297100E+0002
 11
 3.97938303200000E+0002
 21
 4.22626112800000E+0002
  0
LINE
  8
0
 10
 3.97938303200000E+0002
 20
 4.22626112800000E+0002
 11
 3.97938928032600E+0002
 21
 4.22630550854900E+0002
  0
LINE
  8
0
 10
 3.97938928032600E+0002
 20
 4.22630550854900E+0002
 11
 3.97939560284800E+0002
 21
 4.22634986455200E+0002
  0
LINE
  8
0
 10
 3.97939560284800E+0002
 20
 4.22634986455200E+0002
 11
 3.97940199948200E+0002
 21
 4.22639419594300E+0002
  0
LINE
  8
0
 10
 3.97940199948200E+0002
 20
 4.22639419594300E+0002
 11
 3.97940847014400E+0002
 21
 4.22643850265600E+0002
  0
LINE
  8
0
 10
 3.97940847014400E+0002
 20
 4.22643850265600E+0002
 11
 3.97941501475000E+0002
 21
 4.22648278462500E+0002
  0
LINE
  8
0
 10
 3.97941501475000E+0002
 20
 4.22648278462500E+0002
 11
 3.97942163321600E+0002
 21
 4.22652704178400E+0002
  0
LINE
  8
0
 10
 3.97942163321600E+0002
 20
 4.22652704178400E+0002
 11
 3.97942832545800E+0002
 21
 4.22657127406700E+0002
  0
LINE
  8
0
 10
 3.97942832545800E+0002
 20
 4.22657127406700E+0002
 11
 3.97943509139200E+0002
 21
 4.22661548140800E+0002
  0
LINE
  8
0
 10
 3.97943509139200E+0002
 20
 4.22661548140800E+0002
 11
 3.97944193093400E+0002
 21
 4.22665966374100E+0002
  0
LINE
  8
0
 10
 3.97944193093400E+0002
 20
 4.22665966374100E+0002
 11
 3.97944884400000E+0002
 21
 4.22670382100000E+0002
  0
LINE
  8
0
 10
 3.97944884400000E+0002
 20
 4.22670382100000E+0002
 11
 3.97945583050600E+0002
 21
 4.22674795311900E+0002
  0
LINE
  8
0
 10
 3.97945583050600E+0002
 20
 4.22674795311900E+0002
 11
 3.97946289036800E+0002
 21
 4.22679206003200E+0002
  0
LINE
  8
0
 10
 3.97946289036800E+0002
 20
 4.22679206003200E+0002
 11
 3.97947002350200E+0002
 21
 4.22683614167300E+0002
  0
LINE
  8
0
 10
 3.97947002350200E+0002
 20
 4.22683614167300E+0002
 11
 3.97947722982400E+0002
 21
 4.22688019797600E+0002
  0
LINE
  8
0
 10
 3.97947722982400E+0002
 20
 4.22688019797600E+0002
 11
 3.97948450925000E+0002
 21
 4.22692422887500E+0002
  0
LINE
  8
0
 10
 3.97948450925000E+0002
 20
 4.22692422887500E+0002
 11
 3.97949186169600E+0002
 21
 4.22696823430400E+0002
  0
LINE
  8
0
 10
 3.97949186169600E+0002
 20
 4.22696823430400E+0002
 11
 3.97949928707800E+0002
 21
 4.22701221419700E+0002
  0
LINE
  8
0
 10
 3.97949928707800E+0002
 20
 4.22701221419700E+0002
 11
 3.97950678531200E+0002
 21
 4.22705616848800E+0002
  0
LINE
  8
0
 10
 3.97950678531200E+0002
 20
 4.22705616848800E+0002
 11
 3.97951435631400E+0002
 21
 4.22710009711100E+0002
  0
LINE
  8
0
 10
 3.97951435631400E+0002
 20
 4.22710009711100E+0002
 11
 3.97952200000000E+0002
 21
 4.22714400000000E+0002
  0
LINE
  8
0
 10
 3.97952200000000E+0002
 20
 4.22714400000000E+0002
 11
 4.00054800000000E+0002
 21
 4.24817000000000E+0002
  0
LINE
  8
0
 10
 4.00054800000000E+0002
 20
 4.24817000000000E+0002
 11
 4.00059190288900E+0002
 21
 4.24817764368600E+0002
  0
LINE
  8
0
 10
 4.00059190288900E+0002
 20
 4.24817764368600E+0002
 11
 4.00063583151200E+0002
 21
 4.24818521468800E+0002
  0
LINE
  8
0
 10
 4.00063583151200E+0002
 20
 4.24818521468800E+0002
 11
 4.00067978580300E+0002
 21
 4.24819271292200E+0002
  0
LINE
  8
0
 10
 4.00067978580300E+0002
 20
 4.24819271292200E+0002
 11
 4.00072376569600E+0002
 21
 4.24820013830400E+0002
  0
LINE
  8
0
 10
 4.00072376569600E+0002
 20
 4.24820013830400E+0002
 11
 4.00076777112500E+0002
 21
 4.24820749075000E+0002
  0
LINE
  8
0
 10
 4.00076777112500E+0002
 20
 4.24820749075000E+0002
 11
 4.00081180202400E+0002
 21
 4.24821477017600E+0002
  0
LINE
  8
0
 10
 4.00081180202400E+0002
 20
 4.24821477017600E+0002
 11
 4.00085585832700E+0002
 21
 4.24822197649800E+0002
  0
LINE
  8
0
 10
 4.00085585832700E+0002
 20
 4.24822197649800E+0002
 11
 4.00089993996800E+0002
 21
 4.24822910963200E+0002
  0
LINE
  8
0
 10
 4.00089993996800E+0002
 20
 4.24822910963200E+0002
 11
 4.00094404688100E+0002
 21
 4.24823616949400E+0002
  0
LINE
  8
0
 10
 4.00094404688100E+0002
 20
 4.24823616949400E+0002
 11
 4.00098817900000E+0002
 21
 4.24824315600000E+0002
  0
LINE
  8
0
 10
 4.00098817900000E+0002
 20
 4.24824315600000E+0002
 11
 4.00103233625900E+0002
 21
 4.24825006906600E+0002
  0
LINE
  8
0
 10
 4.00103233625900E+0002
 20
 4.24825006906600E+0002
 11
 4.00107651859200E+0002
 21
 4.24825690860800E+0002
  0
LINE
  8
0
 10
 4.00107651859200E+0002
 20
 4.24825690860800E+0002
 11
 4.00112072593300E+0002
 21
 4.24826367454200E+0002
  0
LINE
  8
0
 10
 4.00112072593300E+0002
 20
 4.24826367454200E+0002
 11
 4.00116495821600E+0002
 21
 4.24827036678400E+0002
  0
LINE
  8
0
 10
 4.00116495821600E+0002
 20
 4.24827036678400E+0002
 11
 4.00120921537500E+0002
 21
 4.24827698525000E+0002
  0
LINE
  8
0
 10
 4.00120921537500E+0002
 20
 4.24827698525000E+0002
 11
 4.00125349734400E+0002
 21
 4.24828352985600E+0002
  0
LINE
  8
0
 10
 4.00125349734400E+0002
 20
 4.24828352985600E+0002
 11
 4.00129780405700E+0002
 21
 4.24829000051800E+0002
  0
LINE
  8
0
 10
 4.00129780405700E+0002
 20
 4.24829000051800E+0002
 11
 4.00134213544800E+0002
 21
 4.24829639715200E+0002
  0
LINE
  8
0
 10
 4.00134213544800E+0002
 20
 4.24829639715200E+0002
 11
 4.00138649145100E+0002
 21
 4.24830271967400E+0002
  0
LINE
  8
0
 10
 4.00138649145100E+0002
 20
 4.24830271967400E+0002
 11
 4.00143087200000E+0002
 21
 4.24830896800000E+0002
  0
LINE
  8
0
 10
 4.00143087200000E+0002
 20
 4.24830896800000E+0002
 11
 4.00147527702900E+0002
 21
 4.24831514204600E+0002
  0
LINE
  8
0
 10
 4.00147527702900E+0002
 20
 4.24831514204600E+0002
 11
 4.00151970647200E+0002
 21
 4.24832124172800E+0002
  0
LINE
  8
0
 10
 4.00151970647200E+0002
 20
 4.24832124172800E+0002
 11
 4.00156416026300E+0002
 21
 4.24832726696200E+0002
  0
LINE
  8
0
 10
 4.00156416026300E+0002
 20
 4.24832726696200E+0002
 11
 4.00160863833600E+0002
 21
 4.24833321766400E+0002
  0
LINE
  8
0
 10
 4.00160863833600E+0002
 20
 4.24833321766400E+0002
 11
 4.00165314062500E+0002
 21
 4.24833909375000E+0002
  0
LINE
  8
0
 10
 4.00165314062500E+0002
 20
 4.24833909375000E+0002
 11
 4.00169766706400E+0002
 21
 4.24834489513600E+0002
  0
LINE
  8
0
 10
 4.00169766706400E+0002
 20
 4.24834489513600E+0002
 11
 4.00174221758700E+0002
 21
 4.24835062173800E+0002
  0
LINE
  8
0
 10
 4.00174221758700E+0002
 20
 4.24835062173800E+0002
 11
 4.00178679212800E+0002
 21
 4.24835627347200E+0002
  0
LINE
  8
0
 10
 4.00178679212800E+0002
 20
 4.24835627347200E+0002
 11
 4.00183139062100E+0002
 21
 4.24836185025400E+0002
  0
LINE
  8
0
 10
 4.00183139062100E+0002
 20
 4.24836185025400E+0002
 11
 4.00187601300000E+0002
 21
 4.24836735200000E+0002
  0
LINE
  8
0
 10
 4.00187601300000E+0002
 20
 4.24836735200000E+0002
 11
 4.00192065919900E+0002
 21
 4.24837277862600E+0002
  0
LINE
  8
0
 10
 4.00192065919900E+0002
 20
 4.24837277862600E+0002
 11
 4.00196532915200E+0002
 21
 4.24837813004800E+0002
  0
LINE
  8
0
 10
 4.00196532915200E+0002
 20
 4.24837813004800E+0002
 11
 4.00201002279300E+0002
 21
 4.24838340618200E+0002
  0
LINE
  8
0
 10
 4.00201002279300E+0002
 20
 4.24838340618200E+0002
 11
 4.00205474005600E+0002
 21
 4.24838860694400E+0002
  0
LINE
  8
0
 10
 4.00205474005600E+0002
 20
 4.24838860694400E+0002
 11
 4.00209948087500E+0002
 21
 4.24839373225000E+0002
  0
LINE
  8
0
 10
 4.00209948087500E+0002
 20
 4.24839373225000E+0002
 11
 4.00214424518400E+0002
 21
 4.24839878201600E+0002
  0
LINE
  8
0
 10
 4.00214424518400E+0002
 20
 4.24839878201600E+0002
 11
 4.00218903291700E+0002
 21
 4.24840375615800E+0002
  0
LINE
  8
0
 10
 4.00218903291700E+0002
 20
 4.24840375615800E+0002
 11
 4.00223384400800E+0002
 21
 4.24840865459200E+0002
  0
LINE
  8
0
 10
 4.00223384400800E+0002
 20
 4.24840865459200E+0002
 11
 4.00227867839100E+0002
 21
 4.24841347723400E+0002
  0
LINE
  8
0
 10
 4.00227867839100E+0002
 20
 4.24841347723400E+0002
 11
 4.00232353600000E+0002
 21
 4.24841822400000E+0002
  0
LINE
  8
0
 10
 4.00232353600000E+0002
 20
 4.24841822400000E+0002
 11
 4.00236841676900E+0002
 21
 4.24842289480600E+0002
  0
LINE
  8
0
 10
 4.00236841676900E+0002
 20
 4.24842289480600E+0002
 11
 4.00241332063200E+0002
 21
 4.24842748956800E+0002
  0
LINE
  8
0
 10
 4.00241332063200E+0002
 20
 4.24842748956800E+0002
 11
 4.00245824752300E+0002
 21
 4.24843200820200E+0002
  0
LINE
  8
0
 10
 4.00245824752300E+0002
 20
 4.24843200820200E+0002
 11
 4.00250319737600E+0002
 21
 4.24843645062400E+0002
  0
LINE
  8
0
 10
 4.00250319737600E+0002
 20
 4.24843645062400E+0002
 11
 4.00254817012500E+0002
 21
 4.24844081675000E+0002
  0
LINE
  8
0
 10
 4.00254817012500E+0002
 20
 4.24844081675000E+0002
 11
 4.00259316570400E+0002
 21
 4.24844510649600E+0002
  0
LINE
  8
0
 10
 4.00259316570400E+0002
 20
 4.24844510649600E+0002
 11
 4.00263818404700E+0002
 21
 4.24844931977800E+0002
  0
LINE
  8
0
 10
 4.00263818404700E+0002
 20
 4.24844931977800E+0002
 11
 4.00268322508800E+0002
 21
 4.24845345651200E+0002
  0
LINE
  8
0
 10
 4.00268322508800E+0002
 20
 4.24845345651200E+0002
 11
 4.00272828876100E+0002
 21
 4.24845751661400E+0002
  0
LINE
  8
0
 10
 4.00272828876100E+0002
 20
 4.24845751661400E+0002
 11
 4.00277337500000E+0002
 21
 4.24846150000000E+0002
  0
LINE
  8
0
 10
 4.00277337500000E+0002
 20
 4.24846150000000E+0002
 11
 4.00281848373900E+0002
 21
 4.24846540658600E+0002
  0
LINE
  8
0
 10
 4.00281848373900E+0002
 20
 4.24846540658600E+0002
 11
 4.00286361491200E+0002
 21
 4.24846923628800E+0002
  0
LINE
  8
0
 10
 4.00286361491200E+0002
 20
 4.24846923628800E+0002
 11
 4.00290876845300E+0002
 21
 4.24847298902200E+0002
  0
LINE
  8
0
 10
 4.00290876845300E+0002
 20
 4.24847298902200E+0002
 11
 4.00295394429600E+0002
 21
 4.24847666470400E+0002
  0
LINE
  8
0
 10
 4.00295394429600E+0002
 20
 4.24847666470400E+0002
 11
 4.00299914237500E+0002
 21
 4.24848026325000E+0002
  0
LINE
  8
0
 10
 4.00299914237500E+0002
 20
 4.24848026325000E+0002
 11
 4.00304436262400E+0002
 21
 4.24848378457600E+0002
  0
LINE
  8
0
 10
 4.00304436262400E+0002
 20
 4.24848378457600E+0002
 11
 4.00308960497700E+0002
 21
 4.24848722859800E+0002
  0
LINE
  8
0
 10
 4.00308960497700E+0002
 20
 4.24848722859800E+0002
 11
 4.00313486936800E+0002
 21
 4.24849059523200E+0002
  0
LINE
  8
0
 10
 4.00313486936800E+0002
 20
 4.24849059523200E+0002
 11
 4.00318015573100E+0002
 21
 4.24849388439400E+0002
  0
LINE
  8
0
 10
 4.00318015573100E+0002
 20
 4.24849388439400E+0002
 11
 4.00322546400000E+0002
 21
 4.24849709600000E+0002
  0
LINE
  8
0
 10
 4.00322546400000E+0002
 20
 4.24849709600000E+0002
 11
 4.00327079410900E+0002
 21
 4.24850022996600E+0002
  0
LINE
  8
0
 10
 4.00327079410900E+0002
 20
 4.24850022996600E+0002
 11
 4.00331614599200E+0002
 21
 4.24850328620800E+0002
  0
LINE
  8
0
 10
 4.00331614599200E+0002
 20
 4.24850328620800E+0002
 11
 4.00336151958300E+0002
 21
 4.24850626464200E+0002
  0
LINE
  8
0
 10
 4.00336151958300E+0002
 20
 4.24850626464200E+0002
 11
 4.00340691481600E+0002
 21
 4.24850916518400E+0002
  0
LINE
  8
0
 10
 4.00340691481600E+0002
 20
 4.24850916518400E+0002
 11
 4.00345233162500E+0002
 21
 4.24851198775000E+0002
  0
LINE
  8
0
 10
 4.00345233162500E+0002
 20
 4.24851198775000E+0002
 11
 4.00349776994400E+0002
 21
 4.24851473225600E+0002
  0
LINE
  8
0
 10
 4.00349776994400E+0002
 20
 4.24851473225600E+0002
 11
 4.00354322970700E+0002
 21
 4.24851739861800E+0002
  0
LINE
  8
0
 10
 4.00354322970700E+0002
 20
 4.24851739861800E+0002
 11
 4.00358871084800E+0002
 21
 4.24851998675200E+0002
  0
LINE
  8
0
 10
 4.00358871084800E+0002
 20
 4.24851998675200E+0002
 11
 4.00363421330100E+0002
 21
 4.24852249657400E+0002
  0
LINE
  8
0
 10
 4.00363421330100E+0002
 20
 4.24852249657400E+0002
 11
 4.00367973700000E+0002
 21
 4.24852492800000E+0002
  0
LINE
  8
0
 10
 4.00367973700000E+0002
 20
 4.24852492800000E+0002
 11
 4.00372528187900E+0002
 21
 4.24852728094600E+0002
  0
LINE
  8
0
 10
 4.00372528187900E+0002
 20
 4.24852728094600E+0002
 11
 4.00377084787200E+0002
 21
 4.24852955532800E+0002
  0
LINE
  8
0
 10
 4.00377084787200E+0002
 20
 4.24852955532800E+0002
 11
 4.00381643491300E+0002
 21
 4.24853175106200E+0002
  0
LINE
  8
0
 10
 4.00381643491300E+0002
 20
 4.24853175106200E+0002
 11
 4.00386204293600E+0002
 21
 4.24853386806400E+0002
  0
LINE
  8
0
 10
 4.00386204293600E+0002
 20
 4.24853386806400E+0002
 11
 4.00390767187500E+0002
 21
 4.24853590625000E+0002
  0
LINE
  8
0
 10
 4.00390767187500E+0002
 20
 4.24853590625000E+0002
 11
 4.00395332166400E+0002
 21
 4.24853786553600E+0002
  0
LINE
  8
0
 10
 4.00395332166400E+0002
 20
 4.24853786553600E+0002
 11
 4.00399899223700E+0002
 21
 4.24853974583800E+0002
  0
LINE
  8
0
 10
 4.00399899223700E+0002
 20
 4.24853974583800E+0002
 11
 4.00404468352800E+0002
 21
 4.24854154707200E+0002
  0
LINE
  8
0
 10
 4.00404468352800E+0002
 20
 4.24854154707200E+0002
 11
 4.00409039547100E+0002
 21
 4.24854326915400E+0002
  0
LINE
  8
0
 10
 4.00409039547100E+0002
 20
 4.24854326915400E+0002
 11
 4.00413612800000E+0002
 21
 4.24854491200000E+0002
  0
LINE
  8
0
 10
 4.00413612800000E+0002
 20
 4.24854491200000E+0002
 11
 4.00418188104900E+0002
 21
 4.24854647552600E+0002
  0
LINE
  8
0
 10
 4.00418188104900E+0002
 20
 4.24854647552600E+0002
 11
 4.00422765455200E+0002
 21
 4.24854795964800E+0002
  0
LINE
  8
0
 10
 4.00422765455200E+0002
 20
 4.24854795964800E+0002
 11
 4.00427344844300E+0002
 21
 4.24854936428200E+0002
  0
LINE
  8
0
 10
 4.00427344844300E+0002
 20
 4.24854936428200E+0002
 11
 4.00431926265600E+0002
 21
 4.24855068934400E+0002
  0
LINE
  8
0
 10
 4.00431926265600E+0002
 20
 4.24855068934400E+0002
 11
 4.00436509712500E+0002
 21
 4.24855193475000E+0002
  0
LINE
  8
0
 10
 4.00436509712500E+0002
 20
 4.24855193475000E+0002
 11
 4.00441095178400E+0002
 21
 4.24855310041600E+0002
  0
LINE
  8
0
 10
 4.00441095178400E+0002
 20
 4.24855310041600E+0002
 11
 4.00445682656700E+0002
 21
 4.24855418625800E+0002
  0
LINE
  8
0
 10
 4.00445682656700E+0002
 20
 4.24855418625800E+0002
 11
 4.00450272140800E+0002
 21
 4.24855519219200E+0002
  0
LINE
  8
0
 10
 4.00450272140800E+0002
 20
 4.24855519219200E+0002
 11
 4.00454863624100E+0002
 21
 4.24855611813400E+0002
  0
LINE
  8
0
 10
 4.00454863624100E+0002
 20
 4.24855611813400E+0002
 11
 4.00459457100000E+0002
 21
 4.24855696400000E+0002
  0
LINE
  8
0
 10
 4.00459457100000E+0002
 20
 4.24855696400000E+0002
 11
 4.00464052561900E+0002
 21
 4.24855772970600E+0002
  0
LINE
  8
0
 10
 4.00464052561900E+0002
 20
 4.24855772970600E+0002
 11
 4.00468650003200E+0002
 21
 4.24855841516800E+0002
  0
LINE
  8
0
 10
 4.00468650003200E+0002
 20
 4.24855841516800E+0002
 11
 4.00473249417300E+0002
 21
 4.24855902030200E+0002
  0
LINE
  8
0
 10
 4.00473249417300E+0002
 20
 4.24855902030200E+0002
 11
 4.00477850797600E+0002
 21
 4.24855954502400E+0002
  0
LINE
  8
0
 10
 4.00477850797600E+0002
 20
 4.24855954502400E+0002
 11
 4.00482454137500E+0002
 21
 4.24855998925000E+0002
  0
LINE
  8
0
 10
 4.00482454137500E+0002
 20
 4.24855998925000E+0002
 11
 4.00487059430400E+0002
 21
 4.24856035289600E+0002
  0
LINE
  8
0
 10
 4.00487059430400E+0002
 20
 4.24856035289600E+0002
 11
 4.00491666669700E+0002
 21
 4.24856063587800E+0002
  0
LINE
  8
0
 10
 4.00491666669700E+0002
 20
 4.24856063587800E+0002
 11
 4.00496275848800E+0002
 21
 4.24856083811200E+0002
  0
LINE
  8
0
 10
 4.00496275848800E+0002
 20
 4.24856083811200E+0002
 11
 4.00500886961100E+0002
 21
 4.24856095951400E+0002
  0
LINE
  8
0
 10
 4.00500886961100E+0002
 20
 4.24856095951400E+0002
 11
 4.00505500000000E+0002
 21
 4.24856100000000E+0002
  0
LINE
  8
0
 10
 4.34034900000000E+0002
 20
 4.24856100000000E+0002
 11
 4.34750000000000E+0002
 21
 4.24850000000000E+0002
  0
ARC
  8
0
 10
 4.34750000000000E+0002
 20
 4.22250000000000E+0002
 40
 2.60000000000000E+0000
 50
 0.00000000000000E+0000
 51
 9.00000000000000E+0001
  0
LINE
  8
0
 10
 4.37350000000000E+0002
 20
 4.22250000000000E+0002
 11
 4.37317900000000E+0002
 21
 4.16725100000000E+0002
  0
LINE
  8
0
 10
 4.37317900000000E+0002
 20
 4.16725100000000E+0002
 11
 4.37317900000000E+0002
 21
 4.14486500000000E+0002
  0
LINE
  8
0
 10
 4.37317900000000E+0002
 20
 4.14486500000000E+0002
 11
 4.37300600000000E+0002
 21
 4.13979600000000E+0002
  0
LINE
  8
0
 10
 4.37300600000000E+0002
 20
 4.13979600000000E+0002
 11
 4.32133100000000E+0002
 21
 4.08812100000000E+0002
  0
LINE
  8
0
 10
 4.32133100000000E+0002
 20
 4.08812100000000E+0002
 11
 4.32133100000000E+0002
 21
 4.14486500000000E+0002
  0
LINE
  8
0
 10
 4.32133100000000E+0002
 20
 4.14486500000000E+0002
 11
 4.23665300000000E+0002
 21
 4.14486500000000E+0002
  0
LINE
  8
0
 10
 4.23665300000000E+0002
 20
 4.14486500000000E+0002
 11
 4.34034900000000E+0002
 21
 4.24856100000000E+0002
  0
LINE
  8
0
 10
 4.03097900000000E+0002
 20
 3.93919100000000E+0002
 11
 4.03097900000000E+0002
 21
 3.79776900000000E+0002
  0
LINE
  8
0
 10
 4.03097900000000E+0002
 20
 3.79776900000000E+0002
 11
 3.99228300000000E+0002
 21
 3.75907300000000E+0002
  0
LINE
  8
0
 10
 3.99228300000000E+0002
 20
 3.75907300000000E+0002
 11
 3.98762100000000E+0002
 21
 3.89583300000000E+0002
  0
LINE
  8
0
 10
 3.98762100000000E+0002
 20
 3.89583300000000E+0002
 11
 4.03097900000000E+0002
 21
 3.93919100000000E+0002
  0
LINE
  8
0
 10
 4.36601800000000E+0002
 20
 3.93481700000000E+0002
 11
 4.36102700000000E+0002
 21
 3.78840600000000E+0002
  0
LINE
  8
0
 10
 4.36102700000000E+0002
 20
 3.78840600000000E+0002
 11
 4.32133100000000E+0002
 21
 3.74871000000000E+0002
  0
LINE
  8
0
 10
 4.32133100000000E+0002
 20
 3.74871000000000E+0002
 11
 4.32133100000000E+0002
 21
 3.89013000000000E+0002
  0
LINE
  8
0
 10
 4.32133100000000E+0002
 20
 3.89013000000000E+0002
 11
 4.36601800000000E+0002
 21
 3.93481700000000E+0002
  0
LINE
  8
0
 10
 4.13986200000000E+0002
 20
 4.33151900000000E+0002
 11
 4.21244800000000E+0002
 21
 4.33151900000000E+0002
  0
LINE
  8
0
 10
 4.21244800000000E+0002
 20
 4.33151900000000E+0002
 11
 4.21244800000000E+0002
 21
 4.31865000000000E+0002
  0
LINE
  8
0
 10
 4.21244800000000E+0002
 20
 4.31865000000000E+0002
 11
 4.14235900000000E+0002
 21
 4.24856100000000E+0002
  0
LINE
  8
0
 10
 4.14235900000000E+0002
 20
 4.24856100000000E+0002
 11
 4.13986200000000E+0002
 21
 4.24856100000000E+0002
  0
LINE
  8
0
 10
 4.13986200000000E+0002
 20
 4.24856100000000E+0002
 11
 4.13986200000000E+0002
 21
 4.33151900000000E+0002
  0
LINE
  8
0
 10
 4.20314400000000E+0002
 20
 4.45076600000000E+0002
 11
 4.25703900000000E+0002
 21
 4.45077100000000E+0002
  0
LINE
  8
0
 10
 4.25703900000000E+0002
 20
 4.45077100000000E+0002
 11
 4.25774844129400E+0002
 21
 4.45076683561800E+0002
  0
LINE
  8
0
 10
 4.25774844129400E+0002
 20
 4.45076683561800E+0002
 11
 4.25845587435200E+0002
 21
 4.45075437334400E+0002
  0
LINE
  8
0
 10
 4.25845587435200E+0002
 20
 4.45075437334400E+0002
 11
 4.25916125293800E+0002
 21
 4.45073365948600E+0002
  0
LINE
  8
0
 10
 4.25916125293800E+0002
 20
 4.45073365948600E+0002
 11
 4.25986453081600E+0002
 21
 4.45070474035200E+0002
  0
LINE
  8
0
 10
 4.25986453081600E+0002
 20
 4.45070474035200E+0002
 11
 4.26056566175000E+0002
 21
 4.45066766225000E+0002
  0
LINE
  8
0
 10
 4.26056566175000E+0002
 20
 4.45066766225000E+0002
 11
 4.26126459950400E+0002
 21
 4.45062247148800E+0002
  0
LINE
  8
0
 10
 4.26126459950400E+0002
 20
 4.45062247148800E+0002
 11
 4.26196129784200E+0002
 21
 4.45056921437400E+0002
  0
LINE
  8
0
 10
 4.26196129784200E+0002
 20
 4.45056921437400E+0002
 11
 4.26265571052800E+0002
 21
 4.45050793721600E+0002
  0
LINE
  8
0
 10
 4.26265571052800E+0002
 20
 4.45050793721600E+0002
 11
 4.26334779132600E+0002
 21
 4.45043868632200E+0002
  0
LINE
  8
0
 10
 4.26334779132600E+0002
 20
 4.45043868632200E+0002
 11
 4.26403749400000E+0002
 21
 4.45036150800000E+0002
  0
LINE
  8
0
 10
 4.26403749400000E+0002
 20
 4.45036150800000E+0002
 11
 4.26472477231400E+0002
 21
 4.45027644855800E+0002
  0
LINE
  8
0
 10
 4.26472477231400E+0002
 20
 4.45027644855800E+0002
 11
 4.26540958003200E+0002
 21
 4.45018355430400E+0002
  0
LINE
  8
0
 10
 4.26540958003200E+0002
 20
 4.45018355430400E+0002
 11
 4.26609187091800E+0002
 21
 4.45008287154600E+0002
  0
LINE
  8
0
 10
 4.26609187091800E+0002
 20
 4.45008287154600E+0002
 11
 4.26677159873600E+0002
 21
 4.44997444659200E+0002
  0
LINE
  8
0
 10
 4.26677159873600E+0002
 20
 4.44997444659200E+0002
 11
 4.26744871725000E+0002
 21
 4.44985832575000E+0002
  0
LINE
  8
0
 10
 4.26744871725000E+0002
 20
 4.44985832575000E+0002
 11
 4.26812318022400E+0002
 21
 4.44973455532800E+0002
  0
LINE
  8
0
 10
 4.26812318022400E+0002
 20
 4.44973455532800E+0002
 11
 4.26879494142200E+0002
 21
 4.44960318163400E+0002
  0
LINE
  8
0
 10
 4.26879494142200E+0002
 20
 4.44960318163400E+0002
 11
 4.26946395460800E+0002
 21
 4.44946425097600E+0002
  0
LINE
  8
0
 10
 4.26946395460800E+0002
 20
 4.44946425097600E+0002
 11
 4.27013017354600E+0002
 21
 4.44931780966200E+0002
  0
LINE
  8
0
 10
 4.27013017354600E+0002
 20
 4.44931780966200E+0002
 11
 4.27079355200000E+0002
 21
 4.44916390400000E+0002
  0
LINE
  8
0
 10
 4.27079355200000E+0002
 20
 4.44916390400000E+0002
 11
 4.27145404373400E+0002
 21
 4.44900258029800E+0002
  0
LINE
  8
0
 10
 4.27145404373400E+0002
 20
 4.44900258029800E+0002
 11
 4.27211160251200E+0002
 21
 4.44883388486400E+0002
  0
LINE
  8
0
 10
 4.27211160251200E+0002
 20
 4.44883388486400E+0002
 11
 4.27276618209800E+0002
 21
 4.44865786400600E+0002
  0
LINE
  8
0
 10
 4.27276618209800E+0002
 20
 4.44865786400600E+0002
 11
 4.27341773625600E+0002
 21
 4.44847456403200E+0002
  0
LINE
  8
0
 10
 4.27341773625600E+0002
 20
 4.44847456403200E+0002
 11
 4.27406621875000E+0002
 21
 4.44828403125000E+0002
  0
LINE
  8
0
 10
 4.27406621875000E+0002
 20
 4.44828403125000E+0002
 11
 4.27471158334400E+0002
 21
 4.44808631196800E+0002
  0
LINE
  8
0
 10
 4.27471158334400E+0002
 20
 4.44808631196800E+0002
 11
 4.27535378380200E+0002
 21
 4.44788145249400E+0002
  0
LINE
  8
0
 10
 4.27535378380200E+0002
 20
 4.44788145249400E+0002
 11
 4.27599277388800E+0002
 21
 4.44766949913600E+0002
  0
LINE
  8
0
 10
 4.27599277388800E+0002
 20
 4.44766949913600E+0002
 11
 4.27662850736600E+0002
 21
 4.44745049820200E+0002
  0
LINE
  8
0
 10
 4.27662850736600E+0002
 20
 4.44745049820200E+0002
 11
 4.27726093800000E+0002
 21
 4.44722449600000E+0002
  0
LINE
  8
0
 10
 4.27726093800000E+0002
 20
 4.44722449600000E+0002
 11
 4.27789001955400E+0002
 21
 4.44699153883800E+0002
  0
LINE
  8
0
 10
 4.27789001955400E+0002
 20
 4.44699153883800E+0002
 11
 4.27851570579200E+0002
 21
 4.44675167302400E+0002
  0
LINE
  8
0
 10
 4.27851570579200E+0002
 20
 4.44675167302400E+0002
 11
 4.27913795047800E+0002
 21
 4.44650494486600E+0002
  0
LINE
  8
0
 10
 4.27913795047800E+0002
 20
 4.44650494486600E+0002
 11
 4.27975670737600E+0002
 21
 4.44625140067200E+0002
  0
LINE
  8
0
 10
 4.27975670737600E+0002
 20
 4.44625140067200E+0002
 11
 4.28037193025000E+0002
 21
 4.44599108675000E+0002
  0
LINE
  8
0
 10
 4.28037193025000E+0002
 20
 4.44599108675000E+0002
 11
 4.28098357286400E+0002
 21
 4.44572404940800E+0002
  0
LINE
  8
0
 10
 4.28098357286400E+0002
 20
 4.44572404940800E+0002
 11
 4.28159158898200E+0002
 21
 4.44545033495400E+0002
  0
LINE
  8
0
 10
 4.28159158898200E+0002
 20
 4.44545033495400E+0002
 11
 4.28219593236800E+0002
 21
 4.44516998969600E+0002
  0
LINE
  8
0
 10
 4.28219593236800E+0002
 20
 4.44516998969600E+0002
 11
 4.28279655678600E+0002
 21
 4.44488305994200E+0002
  0
LINE
  8
0
 10
 4.28279655678600E+0002
 20
 4.44488305994200E+0002
 11
 4.28339341600000E+0002
 21
 4.44458959200000E+0002
  0
LINE
  8
0
 10
 4.28339341600000E+0002
 20
 4.44458959200000E+0002
 11
 4.28398646377400E+0002
 21
 4.44428963217800E+0002
  0
LINE
  8
0
 10
 4.28398646377400E+0002
 20
 4.44428963217800E+0002
 11
 4.28457565387200E+0002
 21
 4.44398322678400E+0002
  0
LINE
  8
0
 10
 4.28457565387200E+0002
 20
 4.44398322678400E+0002
 11
 4.28516094005800E+0002
 21
 4.44367042212600E+0002
  0
LINE
  8
0
 10
 4.28516094005800E+0002
 20
 4.44367042212600E+0002
 11
 4.28574227609600E+0002
 21
 4.44335126451200E+0002
  0
LINE
  8
0
 10
 4.28574227609600E+0002
 20
 4.44335126451200E+0002
 11
 4.28631961575000E+0002
 21
 4.44302580025000E+0002
  0
LINE
  8
0
 10
 4.28631961575000E+0002
 20
 4.44302580025000E+0002
 11
 4.28689291278400E+0002
 21
 4.44269407564800E+0002
  0
LINE
  8
0
 10
 4.28689291278400E+0002
 20
 4.44269407564800E+0002
 11
 4.28746212096200E+0002
 21
 4.44235613701400E+0002
  0
LINE
  8
0
 10
 4.28746212096200E+0002
 20
 4.44235613701400E+0002
 11
 4.28802719404800E+0002
 21
 4.44201203065600E+0002
  0
LINE
  8
0
 10
 4.28802719404800E+0002
 20
 4.44201203065600E+0002
 11
 4.28858808580600E+0002
 21
 4.44166180288200E+0002
  0
LINE
  8
0
 10
 4.28858808580600E+0002
 20
 4.44166180288200E+0002
 11
 4.28914475000000E+0002
 21
 4.44130550000000E+0002
  0
LINE
  8
0
 10
 4.28914475000000E+0002
 20
 4.44130550000000E+0002
 11
 4.28969714039400E+0002
 21
 4.44094316831800E+0002
  0
LINE
  8
0
 10
 4.28969714039400E+0002
 20
 4.44094316831800E+0002
 11
 4.29024521075200E+0002
 21
 4.44057485414400E+0002
  0
LINE
  8
0
 10
 4.29024521075200E+0002
 20
 4.44057485414400E+0002
 11
 4.29078891483800E+0002
 21
 4.44020060378600E+0002
  0
LINE
  8
0
 10
 4.29078891483800E+0002
 20
 4.44020060378600E+0002
 11
 4.29132820641600E+0002
 21
 4.43982046355200E+0002
  0
LINE
  8
0
 10
 4.29132820641600E+0002
 20
 4.43982046355200E+0002
 11
 4.29186303925000E+0002
 21
 4.43943447975000E+0002
  0
LINE
  8
0
 10
 4.29186303925000E+0002
 20
 4.43943447975000E+0002
 11
 4.29239336710400E+0002
 21
 4.43904269868800E+0002
  0
LINE
  8
0
 10
 4.29239336710400E+0002
 20
 4.43904269868800E+0002
 11
 4.29291914374200E+0002
 21
 4.43864516667400E+0002
  0
LINE
  8
0
 10
 4.29291914374200E+0002
 20
 4.43864516667400E+0002
 11
 4.29344032292800E+0002
 21
 4.43824193001600E+0002
  0
LINE
  8
0
 10
 4.29344032292800E+0002
 20
 4.43824193001600E+0002
 11
 4.29395685842600E+0002
 21
 4.43783303502200E+0002
  0
LINE
  8
0
 10
 4.29395685842600E+0002
 20
 4.43783303502200E+0002
 11
 4.29446870400000E+0002
 21
 4.43741852800000E+0002
  0
LINE
  8
0
 10
 4.29446870400000E+0002
 20
 4.43741852800000E+0002
 11
 4.29497581341400E+0002
 21
 4.43699845525800E+0002
  0
LINE
  8
0
 10
 4.29497581341400E+0002
 20
 4.43699845525800E+0002
 11
 4.29547814043200E+0002
 21
 4.43657286310400E+0002
  0
LINE
  8
0
 10
 4.29547814043200E+0002
 20
 4.43657286310400E+0002
 11
 4.29597563881800E+0002
 21
 4.43614179784600E+0002
  0
LINE
  8
0
 10
 4.29597563881800E+0002
 20
 4.43614179784600E+0002
 11
 4.29646826233600E+0002
 21
 4.43570530579200E+0002
  0
LINE
  8
0
 10
 4.29646826233600E+0002
 20
 4.43570530579200E+0002
 11
 4.29695596475000E+0002
 21
 4.43526343325000E+0002
  0
LINE
  8
0
 10
 4.29695596475000E+0002
 20
 4.43526343325000E+0002
 11
 4.29743869982400E+0002
 21
 4.43481622652800E+0002
  0
LINE
  8
0
 10
 4.29743869982400E+0002
 20
 4.43481622652800E+0002
 11
 4.29791642132200E+0002
 21
 4.43436373193400E+0002
  0
LINE
  8
0
 10
 4.29791642132200E+0002
 20
 4.43436373193400E+0002
 11
 4.29838908300800E+0002
 21
 4.43390599577600E+0002
  0
LINE
  8
0
 10
 4.29838908300800E+0002
 20
 4.43390599577600E+0002
 11
 4.29885663864600E+0002
 21
 4.43344306436200E+0002
  0
LINE
  8
0
 10
 4.29885663864600E+0002
 20
 4.43344306436200E+0002
 11
 4.29931904200000E+0002
 21
 4.43297498400000E+0002
  0
LINE
  8
0
 10
 4.29931904200000E+0002
 20
 4.43297498400000E+0002
 11
 4.29977624683400E+0002
 21
 4.43250180099800E+0002
  0
LINE
  8
0
 10
 4.29977624683400E+0002
 20
 4.43250180099800E+0002
 11
 4.30022820691200E+0002
 21
 4.43202356166400E+0002
  0
LINE
  8
0
 10
 4.30022820691200E+0002
 20
 4.43202356166400E+0002
 11
 4.30067487599800E+0002
 21
 4.43154031230600E+0002
  0
LINE
  8
0
 10
 4.30067487599800E+0002
 20
 4.43154031230600E+0002
 11
 4.30111620785600E+0002
 21
 4.43105209923200E+0002
  0
LINE
  8
0
 10
 4.30111620785600E+0002
 20
 4.43105209923200E+0002
 11
 4.30155215625000E+0002
 21
 4.43055896875000E+0002
  0
LINE
  8
0
 10
 4.30155215625000E+0002
 20
 4.43055896875000E+0002
 11
 4.30198267494400E+0002
 21
 4.43006096716800E+0002
  0
LINE
  8
0
 10
 4.30198267494400E+0002
 20
 4.43006096716800E+0002
 11
 4.30240771770200E+0002
 21
 4.42955814079400E+0002
  0
LINE
  8
0
 10
 4.30240771770200E+0002
 20
 4.42955814079400E+0002
 11
 4.30282723828800E+0002
 21
 4.42905053593600E+0002
  0
LINE
  8
0
 10
 4.30282723828800E+0002
 20
 4.42905053593600E+0002
 11
 4.30324119046600E+0002
 21
 4.42853819890200E+0002
  0
LINE
  8
0
 10
 4.30324119046600E+0002
 20
 4.42853819890200E+0002
 11
 4.30364952800000E+0002
 21
 4.42802117600000E+0002
  0
LINE
  8
0
 10
 4.30364952800000E+0002
 20
 4.42802117600000E+0002
 11
 4.30405220465400E+0002
 21
 4.42749951353800E+0002
  0
LINE
  8
0
 10
 4.30405220465400E+0002
 20
 4.42749951353800E+0002
 11
 4.30444917419200E+0002
 21
 4.42697325782400E+0002
  0
LINE
  8
0
 10
 4.30444917419200E+0002
 20
 4.42697325782400E+0002
 11
 4.30484039037800E+0002
 21
 4.42644245516600E+0002
  0
LINE
  8
0
 10
 4.30484039037800E+0002
 20
 4.42644245516600E+0002
 11
 4.30522580697600E+0002
 21
 4.42590715187200E+0002
  0
LINE
  8
0
 10
 4.30522580697600E+0002
 20
 4.42590715187200E+0002
 11
 4.30560537775000E+0002
 21
 4.42536739425000E+0002
  0
LINE
  8
0
 10
 4.30560537775000E+0002
 20
 4.42536739425000E+0002
 11
 4.30597905646400E+0002
 21
 4.42482322860800E+0002
  0
LINE
  8
0
 10
 4.30597905646400E+0002
 20
 4.42482322860800E+0002
 11
 4.30634679688200E+0002
 21
 4.42427470125400E+0002
  0
LINE
  8
0
 10
 4.30634679688200E+0002
 20
 4.42427470125400E+0002
 11
 4.30670855276800E+0002
 21
 4.42372185849600E+0002
  0
LINE
  8
0
 10
 4.30670855276800E+0002
 20
 4.42372185849600E+0002
 11
 4.30706427788600E+0002
 21
 4.42316474664200E+0002
  0
LINE
  8
0
 10
 4.30706427788600E+0002
 20
 4.42316474664200E+0002
 11
 4.30741392600000E+0002
 21
 4.42260341200000E+0002
  0
LINE
  8
0
 10
 4.30741392600000E+0002
 20
 4.42260341200000E+0002
 11
 4.30775745087400E+0002
 21
 4.42203790087800E+0002
  0
LINE
  8
0
 10
 4.30775745087400E+0002
 20
 4.42203790087800E+0002
 11
 4.30809480627200E+0002
 21
 4.42146825958400E+0002
  0
LINE
  8
0
 10
 4.30809480627200E+0002
 20
 4.42146825958400E+0002
 11
 4.30842594595800E+0002
 21
 4.42089453442600E+0002
  0
LINE
  8
0
 10
 4.30842594595800E+0002
 20
 4.42089453442600E+0002
 11
 4.30875082369600E+0002
 21
 4.42031677171200E+0002
  0
LINE
  8
0
 10
 4.30875082369600E+0002
 20
 4.42031677171200E+0002
 11
 4.30906939325000E+0002
 21
 4.41973501775000E+0002
  0
LINE
  8
0
 10
 4.30906939325000E+0002
 20
 4.41973501775000E+0002
 11
 4.30938160838400E+0002
 21
 4.41914931884800E+0002
  0
LINE
  8
0
 10
 4.30938160838400E+0002
 20
 4.41914931884800E+0002
 11
 4.30968742286200E+0002
 21
 4.41855972131400E+0002
  0
LINE
  8
0
 10
 4.30968742286200E+0002
 20
 4.41855972131400E+0002
 11
 4.30998679044800E+0002
 21
 4.41796627145600E+0002
  0
LINE
  8
0
 10
 4.30998679044800E+0002
 20
 4.41796627145600E+0002
 11
 4.31027966490600E+0002
 21
 4.41736901558200E+0002
  0
LINE
  8
0
 10
 4.31027966490600E+0002
 20
 4.41736901558200E+0002
 11
 4.31056600000000E+0002
 21
 4.41676800000000E+0002
  0
LINE
  8
0
 10
 4.31056600000000E+0002
 20
 4.41676800000000E+0002
 11
 4.25124200000000E+0002
 21
 4.35744400000000E+0002
  0
LINE
  8
0
 10
 4.25124200000000E+0002
 20
 4.35744400000000E+0002
 11
 4.10982200000000E+0002
 21
 4.35744400000000E+0002
  0
LINE
  8
0
 10
 4.10982200000000E+0002
 20
 4.35744400000000E+0002
 11
 4.20314400000000E+0002
 21
 4.45076600000000E+0002
  0
LINE
  8
0
 10
 4.23837400000000E+0002
 20
 4.48599600000000E+0002
 11
 4.23837400000000E+0002
 21
 4.47669500000000E+0002
  0
LINE
  8
0
 10
 4.23837400000000E+0002
 20
 4.47669500000000E+0002
 11
 4.22907300000000E+0002
 21
 4.47669500000000E+0002
  0
LINE
  8
0
 10
 4.22907300000000E+0002
 20
 4.47669500000000E+0002
 11
 4.23837400000000E+0002
 21
 4.48599600000000E+0002
  0
LINE
  8
0
 10
 4.58022000000000E+0002
 20
 4.68957400000000E+0002
 11
 4.57978541437900E+0002
 21
 4.68957286551900E+0002
  0
LINE
  8
0
 10
 4.57978541437900E+0002
 20
 4.68957286551900E+0002
 11
 4.57935124263200E+0002
 21
 4.68956946495200E+0002
  0
LINE
  8
0
 10
 4.57935124263200E+0002
 20
 4.68956946495200E+0002
 11
 4.57891749243300E+0002
 21
 4.68956380261300E+0002
  0
LINE
  8
0
 10
 4.57891749243300E+0002
 20
 4.68956380261300E+0002
 11
 4.57848417145600E+0002
 21
 4.68955588281600E+0002
  0
LINE
  8
0
 10
 4.57848417145600E+0002
 20
 4.68955588281600E+0002
 11
 4.57805128737500E+0002
 21
 4.68954570987500E+0002
  0
LINE
  8
0
 10
 4.57805128737500E+0002
 20
 4.68954570987500E+0002
 11
 4.57761884786400E+0002
 21
 4.68953328810400E+0002
  0
LINE
  8
0
 10
 4.57761884786400E+0002
 20
 4.68953328810400E+0002
 11
 4.57718686059700E+0002
 21
 4.68951862181700E+0002
  0
LINE
  8
0
 10
 4.57718686059700E+0002
 20
 4.68951862181700E+0002
 11
 4.57675533324800E+0002
 21
 4.68950171532800E+0002
  0
LINE
  8
0
 10
 4.57675533324800E+0002
 20
 4.68950171532800E+0002
 11
 4.57632427349100E+0002
 21
 4.68948257295100E+0002
  0
LINE
  8
0
 10
 4.57632427349100E+0002
 20
 4.68948257295100E+0002
 11
 4.57589368900000E+0002
 21
 4.68946119900000E+0002
  0
LINE
  8
0
 10
 4.57589368900000E+0002
 20
 4.68946119900000E+0002
 11
 4.57546358744900E+0002
 21
 4.68943759778900E+0002
  0
LINE
  8
0
 10
 4.57546358744900E+0002
 20
 4.68943759778900E+0002
 11
 4.57503397651200E+0002
 21
 4.68941177363200E+0002
  0
LINE
  8
0
 10
 4.57503397651200E+0002
 20
 4.68941177363200E+0002
 11
 4.57460486386300E+0002
 21
 4.68938373084300E+0002
  0
LINE
  8
0
 10
 4.57460486386300E+0002
 20
 4.68938373084300E+0002
 11
 4.57417625717600E+0002
 21
 4.68935347373600E+0002
  0
LINE
  8
0
 10
 4.57417625717600E+0002
 20
 4.68935347373600E+0002
 11
 4.57374816412500E+0002
 21
 4.68932100662500E+0002
  0
LINE
  8
0
 10
 4.57374816412500E+0002
 20
 4.68932100662500E+0002
 11
 4.57332059238400E+0002
 21
 4.68928633382400E+0002
  0
LINE
  8
0
 10
 4.57332059238400E+0002
 20
 4.68928633382400E+0002
 11
 4.57289354962700E+0002
 21
 4.68924945964700E+0002
  0
LINE
  8
0
 10
 4.57289354962700E+0002
 20
 4.68924945964700E+0002
 11
 4.57246704352800E+0002
 21
 4.68921038840800E+0002
  0
LINE
  8
0
 10
 4.57246704352800E+0002
 20
 4.68921038840800E+0002
 11
 4.57204108176100E+0002
 21
 4.68916912442100E+0002
  0
LINE
  8
0
 10
 4.57204108176100E+0002
 20
 4.68916912442100E+0002
 11
 4.57161567200000E+0002
 21
 4.68912567200000E+0002
  0
LINE
  8
0
 10
 4.57161567200000E+0002
 20
 4.68912567200000E+0002
 11
 4.57119082191900E+0002
 21
 4.68908003545900E+0002
  0
LINE
  8
0
 10
 4.57119082191900E+0002
 20
 4.68908003545900E+0002
 11
 4.57076653919200E+0002
 21
 4.68903221911200E+0002
  0
LINE
  8
0
 10
 4.57076653919200E+0002
 20
 4.68903221911200E+0002
 11
 4.57034283149300E+0002
 21
 4.68898222727300E+0002
  0
LINE
  8
0
 10
 4.57034283149300E+0002
 20
 4.68898222727300E+0002
 11
 4.56991970649600E+0002
 21
 4.68893006425600E+0002
  0
LINE
  8
0
 10
 4.56991970649600E+0002
 20
 4.68893006425600E+0002
 11
 4.56949717187500E+0002
 21
 4.68887573437500E+0002
  0
LINE
  8
0
 10
 4.56949717187500E+0002
 20
 4.68887573437500E+0002
 11
 4.56907523530400E+0002
 21
 4.68881924194400E+0002
  0
LINE
  8
0
 10
 4.56907523530400E+0002
 20
 4.68881924194400E+0002
 11
 4.56865390445700E+0002
 21
 4.68876059127700E+0002
  0
LINE
  8
0
 10
 4.56865390445700E+0002
 20
 4.68876059127700E+0002
 11
 4.56823318700800E+0002
 21
 4.68869978668800E+0002
  0
LINE
  8
0
 10
 4.56823318700800E+0002
 20
 4.68869978668800E+0002
 11
 4.56781309063100E+0002
 21
 4.68863683249100E+0002
  0
LINE
  8
0
 10
 4.56781309063100E+0002
 20
 4.68863683249100E+0002
 11
 4.56739362300000E+0002
 21
 4.68857173300000E+0002
  0
LINE
  8
0
 10
 4.56739362300000E+0002
 20
 4.68857173300000E+0002
 11
 4.56697479178900E+0002
 21
 4.68850449252900E+0002
  0
LINE
  8
0
 10
 4.56697479178900E+0002
 20
 4.68850449252900E+0002
 11
 4.56655660467200E+0002
 21
 4.68843511539200E+0002
  0
LINE
  8
0
 10
 4.56655660467200E+0002
 20
 4.68843511539200E+0002
 11
 4.56613906932300E+0002
 21
 4.68836360590300E+0002
  0
LINE
  8
0
 10
 4.56613906932300E+0002
 20
 4.68836360590300E+0002
 11
 4.56572219341600E+0002
 21
 4.68828996837600E+0002
  0
LINE
  8
0
 10
 4.56572219341600E+0002
 20
 4.68828996837600E+0002
 11
 4.56530598462500E+0002
 21
 4.68821420712500E+0002
  0
LINE
  8
0
 10
 4.56530598462500E+0002
 20
 4.68821420712500E+0002
 11
 4.56489045062400E+0002
 21
 4.68813632646400E+0002
  0
LINE
  8
0
 10
 4.56489045062400E+0002
 20
 4.68813632646400E+0002
 11
 4.56447559908700E+0002
 21
 4.68805633070700E+0002
  0
LINE
  8
0
 10
 4.56447559908700E+0002
 20
 4.68805633070700E+0002
 11
 4.56406143768800E+0002
 21
 4.68797422416800E+0002
  0
LINE
  8
0
 10
 4.56406143768800E+0002
 20
 4.68797422416800E+0002
 11
 4.56364797410100E+0002
 21
 4.68789001116100E+0002
  0
LINE
  8
0
 10
 4.56364797410100E+0002
 20
 4.68789001116100E+0002
 11
 4.56323521600000E+0002
 21
 4.68780369600000E+0002
  0
LINE
  8
0
 10
 4.56323521600000E+0002
 20
 4.68780369600000E+0002
 11
 4.56282317105900E+0002
 21
 4.68771528299900E+0002
  0
LINE
  8
0
 10
 4.56282317105900E+0002
 20
 4.68771528299900E+0002
 11
 4.56241184695200E+0002
 21
 4.68762477647200E+0002
  0
LINE
  8
0
 10
 4.56241184695200E+0002
 20
 4.68762477647200E+0002
 11
 4.56200125135300E+0002
 21
 4.68753218073300E+0002
  0
LINE
  8
0
 10
 4.56200125135300E+0002
 20
 4.68753218073300E+0002
 11
 4.56159139193600E+0002
 21
 4.68743750009600E+0002
  0
LINE
  8
0
 10
 4.56159139193600E+0002
 20
 4.68743750009600E+0002
 11
 4.56118227637500E+0002
 21
 4.68734073887500E+0002
  0
LINE
  8
0
 10
 4.56118227637500E+0002
 20
 4.68734073887500E+0002
 11
 4.56077391234400E+0002
 21
 4.68724190138400E+0002
  0
LINE
  8
0
 10
 4.56077391234400E+0002
 20
 4.68724190138400E+0002
 11
 4.56036630751700E+0002
 21
 4.68714099193700E+0002
  0
LINE
  8
0
 10
 4.56036630751700E+0002
 20
 4.68714099193700E+0002
 11
 4.55995946956800E+0002
 21
 4.68703801484800E+0002
  0
LINE
  8
0
 10
 4.55995946956800E+0002
 20
 4.68703801484800E+0002
 11
 4.55955340617100E+0002
 21
 4.68693297443100E+0002
  0
LINE
  8
0
 10
 4.55955340617100E+0002
 20
 4.68693297443100E+0002
 11
 4.55914812500000E+0002
 21
 4.68682587500000E+0002
  0
LINE
  8
0
 10
 4.55914812500000E+0002
 20
 4.68682587500000E+0002
 11
 4.55874363372900E+0002
 21
 4.68671672086900E+0002
  0
LINE
  8
0
 10
 4.55874363372900E+0002
 20
 4.68671672086900E+0002
 11
 4.55833994003200E+0002
 21
 4.68660551635200E+0002
  0
LINE
  8
0
 10
 4.55833994003200E+0002
 20
 4.68660551635200E+0002
 11
 4.55793705158300E+0002
 21
 4.68649226576300E+0002
  0
LINE
  8
0
 10
 4.55793705158300E+0002
 20
 4.68649226576300E+0002
 11
 4.55753497605600E+0002
 21
 4.68637697341600E+0002
  0
LINE
  8
0
 10
 4.55753497605600E+0002
 20
 4.68637697341600E+0002
 11
 4.55713372112500E+0002
 21
 4.68625964362500E+0002
  0
LINE
  8
0
 10
 4.55713372112500E+0002
 20
 4.68625964362500E+0002
 11
 4.55673329446400E+0002
 21
 4.68614028070400E+0002
  0
LINE
  8
0
 10
 4.55673329446400E+0002
 20
 4.68614028070400E+0002
 11
 4.55633370374700E+0002
 21
 4.68601888896700E+0002
  0
LINE
  8
0
 10
 4.55633370374700E+0002
 20
 4.68601888896700E+0002
 11
 4.55593495664800E+0002
 21
 4.68589547272800E+0002
  0
LINE
  8
0
 10
 4.55593495664800E+0002
 20
 4.68589547272800E+0002
 11
 4.55553706084100E+0002
 21
 4.68577003630100E+0002
  0
LINE
  8
0
 10
 4.55553706084100E+0002
 20
 4.68577003630100E+0002
 11
 4.55514002400000E+0002
 21
 4.68564258400000E+0002
  0
LINE
  8
0
 10
 4.55514002400000E+0002
 20
 4.68564258400000E+0002
 11
 4.55474385379900E+0002
 21
 4.68551312013900E+0002
  0
LINE
  8
0
 10
 4.55474385379900E+0002
 20
 4.68551312013900E+0002
 11
 4.55434855791200E+0002
 21
 4.68538164903200E+0002
  0
LINE
  8
0
 10
 4.55434855791200E+0002
 20
 4.68538164903200E+0002
 11
 4.55395414401300E+0002
 21
 4.68524817499300E+0002
  0
LINE
  8
0
 10
 4.55395414401300E+0002
 20
 4.68524817499300E+0002
 11
 4.55356061977600E+0002
 21
 4.68511270233600E+0002
  0
LINE
  8
0
 10
 4.55356061977600E+0002
 20
 4.68511270233600E+0002
 11
 4.55316799287500E+0002
 21
 4.68497523537500E+0002
  0
LINE
  8
0
 10
 4.55316799287500E+0002
 20
 4.68497523537500E+0002
 11
 4.55277627098400E+0002
 21
 4.68483577842400E+0002
  0
LINE
  8
0
 10
 4.55277627098400E+0002
 20
 4.68483577842400E+0002
 11
 4.55238546177700E+0002
 21
 4.68469433579700E+0002
  0
LINE
  8
0
 10
 4.55238546177700E+0002
 20
 4.68469433579700E+0002
 11
 4.55199557292800E+0002
 21
 4.68455091180800E+0002
  0
LINE
  8
0
 10
 4.55199557292800E+0002
 20
 4.68455091180800E+0002
 11
 4.55160661211100E+0002
 21
 4.68440551077100E+0002
  0
LINE
  8
0
 10
 4.55160661211100E+0002
 20
 4.68440551077100E+0002
 11
 4.55121858700000E+0002
 21
 4.68425813700000E+0002
  0
LINE
  8
0
 10
 4.55121858700000E+0002
 20
 4.68425813700000E+0002
 11
 4.55083150526900E+0002
 21
 4.68410879480900E+0002
  0
LINE
  8
0
 10
 4.55083150526900E+0002
 20
 4.68410879480900E+0002
 11
 4.55044537459200E+0002
 21
 4.68395748851200E+0002
  0
LINE
  8
0
 10
 4.55044537459200E+0002
 20
 4.68395748851200E+0002
 11
 4.55006020264300E+0002
 21
 4.68380422242300E+0002
  0
LINE
  8
0
 10
 4.55006020264300E+0002
 20
 4.68380422242300E+0002
 11
 4.54967599709600E+0002
 21
 4.68364900085600E+0002
  0
LINE
  8
0
 10
 4.54967599709600E+0002
 20
 4.68364900085600E+0002
 11
 4.54929276562500E+0002
 21
 4.68349182812500E+0002
  0
LINE
  8
0
 10
 4.54929276562500E+0002
 20
 4.68349182812500E+0002
 11
 4.54891051590400E+0002
 21
 4.68333270854400E+0002
  0
LINE
  8
0
 10
 4.54891051590400E+0002
 20
 4.68333270854400E+0002
 11
 4.54852925560700E+0002
 21
 4.68317164642700E+0002
  0
LINE
  8
0
 10
 4.54852925560700E+0002
 20
 4.68317164642700E+0002
 11
 4.54814899240800E+0002
 21
 4.68300864608800E+0002
  0
LINE
  8
0
 10
 4.54814899240800E+0002
 20
 4.68300864608800E+0002
 11
 4.54776973398100E+0002
 21
 4.68284371184100E+0002
  0
LINE
  8
0
 10
 4.54776973398100E+0002
 20
 4.68284371184100E+0002
 11
 4.54739148800000E+0002
 21
 4.68267684800000E+0002
  0
LINE
  8
0
 10
 4.54739148800000E+0002
 20
 4.68267684800000E+0002
 11
 4.54701426213900E+0002
 21
 4.68250805887900E+0002
  0
LINE
  8
0
 10
 4.54701426213900E+0002
 20
 4.68250805887900E+0002
 11
 4.54663806407200E+0002
 21
 4.68233734879200E+0002
  0
LINE
  8
0
 10
 4.54663806407200E+0002
 20
 4.68233734879200E+0002
 11
 4.54626290147300E+0002
 21
 4.68216472205300E+0002
  0
LINE
  8
0
 10
 4.54626290147300E+0002
 20
 4.68216472205300E+0002
 11
 4.54588878201600E+0002
 21
 4.68199018297600E+0002
  0
LINE
  8
0
 10
 4.54588878201600E+0002
 20
 4.68199018297600E+0002
 11
 4.54551571337500E+0002
 21
 4.68181373587500E+0002
  0
LINE
  8
0
 10
 4.54551571337500E+0002
 20
 4.68181373587500E+0002
 11
 4.54514370322400E+0002
 21
 4.68163538506400E+0002
  0
LINE
  8
0
 10
 4.54514370322400E+0002
 20
 4.68163538506400E+0002
 11
 4.54477275923700E+0002
 21
 4.68145513485700E+0002
  0
LINE
  8
0
 10
 4.54477275923700E+0002
 20
 4.68145513485700E+0002
 11
 4.54440288908800E+0002
 21
 4.68127298956800E+0002
  0
LINE
  8
0
 10
 4.54440288908800E+0002
 20
 4.68127298956800E+0002
 11
 4.54403410045100E+0002
 21
 4.68108895351100E+0002
  0
LINE
  8
0
 10
 4.54403410045100E+0002
 20
 4.68108895351100E+0002
 11
 4.54366640100000E+0002
 21
 4.68090303100000E+0002
  0
LINE
  8
0
 10
 4.54366640100000E+0002
 20
 4.68090303100000E+0002
 11
 4.54329979840900E+0002
 21
 4.68071522634900E+0002
  0
LINE
  8
0
 10
 4.54329979840900E+0002
 20
 4.68071522634900E+0002
 11
 4.54293430035200E+0002
 21
 4.68052554387200E+0002
  0
LINE
  8
0
 10
 4.54293430035200E+0002
 20
 4.68052554387200E+0002
 11
 4.54256991450300E+0002
 21
 4.68033398788300E+0002
  0
LINE
  8
0
 10
 4.54256991450300E+0002
 20
 4.68033398788300E+0002
 11
 4.54220664853600E+0002
 21
 4.68014056269600E+0002
  0
LINE
  8
0
 10
 4.54220664853600E+0002
 20
 4.68014056269600E+0002
 11
 4.54184451012500E+0002
 21
 4.67994527262500E+0002
  0
LINE
  8
0
 10
 4.54184451012500E+0002
 20
 4.67994527262500E+0002
 11
 4.54148350694400E+0002
 21
 4.67974812198400E+0002
  0
LINE
  8
0
 10
 4.54148350694400E+0002
 20
 4.67974812198400E+0002
 11
 4.54112364666700E+0002
 21
 4.67954911508700E+0002
  0
LINE
  8
0
 10
 4.54112364666700E+0002
 20
 4.67954911508700E+0002
 11
 4.54076493696800E+0002
 21
 4.67934825624800E+0002
  0
LINE
  8
0
 10
 4.54076493696800E+0002
 20
 4.67934825624800E+0002
 11
 4.54040738552100E+0002
 21
 4.67914554978100E+0002
  0
LINE
  8
0
 10
 4.54040738552100E+0002
 20
 4.67914554978100E+0002
 11
 4.54005100000000E+0002
 21
 4.67894100000000E+0002
  0
LINE
  8
0
 10
 4.54005100000000E+0002
 20
 4.67894100000000E+0002
 11
 4.53999395415444E+0002
 21
 4.67927854138045E+0002
  0
ARC
  8
0
 10
 4.58000000000000E+0002
 20
 4.61000000000000E+0002
 40
 8.00000000000000E+0000
 50
 1.20005000000000E+0002
 51
 1.49995000000000E+0002
  0
LINE
  8
0
 10
 4.51072145861955E+0002
 20
 4.65000604584556E+0002
 11
 4.51060477246199E+0002
 21
 4.64975000000000E+0002
  0
ARC
  8
0
 10
 4.38200000000000E+0002
 20
 4.72400000000000E+0002
 40
 1.48500000000000E+0001
 50
 2.70000000000000E+0002
 51
 3.30000000000000E+0002
  0
LINE
  8
0
 10
 4.38200000000000E+0002
 20
 4.57550000000000E+0002
 11
 4.32805100000000E+0002
 21
 4.57567300000000E+0002
  0
LINE
  8
0
 10
 4.32805100000000E+0002
 20
 4.57567300000000E+0002
 11
 4.39638122847354E+0002
 21
 4.64363423754892E+0002
  0
ARC
  8
0
 10
 4.38300000000000E+0002
 20
 4.72200000000000E+0002
 40
 7.95000000000000E+0000
 50
 2.79690000000000E+0002
 51
 3.29855000000000E+0002
  0
LINE
  8
0
 10
 4.45174820281903E+0002
 20
 4.68207588937554E+0002
 11
 4.45139522753801E+0002
 21
 4.68225000000000E+0002
  0
ARC
  8
0
 10
 4.58000000000000E+0002
 20
 4.60800000000000E+0002
 40
 1.48500000000000E+0001
 50
 9.00000000000000E+0001
 51
 1.50000000000000E+0002
  0
LINE
  8
0
 10
 4.58000000000000E+0002
 20
 4.75650000000000E+0002
 11
 4.62599200000000E+0002
 21
 4.75667600000000E+0002
  0
LINE
  8
0
 10
 4.62599200000000E+0002
 20
 4.75667600000000E+0002
 11
 4.65047400000000E+0002
 21
 4.75667600000000E+0002
  0
LINE
  8
0
 10
 4.65047400000000E+0002
 20
 4.75667600000000E+0002
 11
 4.58337200000000E+0002
 21
 4.68957400000000E+0002
  0
LINE
  8
0
 10
 4.58337200000000E+0002
 20
 4.68957400000000E+0002
 11
 4.58022000000000E+0002
 21
 4.68957400000000E+0002
  0
LINE
  8
0
 10
 4.12986300000000E+0002
 20
 4.57547700000000E+0002
 11
 3.98830500000000E+0002
 21
 4.57533800000000E+0002
  0
LINE
  8
0
 10
 3.98830500000000E+0002
 20
 4.57533800000000E+0002
 11
 4.05532000000000E+0002
 21
 4.64235300000000E+0002
  0
LINE
  8
0
 10
 4.05532000000000E+0002
 20
 4.64235300000000E+0002
 11
 4.19685000000000E+0002
 21
 4.64246400000000E+0002
  0
LINE
  8
0
 10
 4.19685000000000E+0002
 20
 4.64246400000000E+0002
 11
 4.12986300000000E+0002
 21
 4.57547700000000E+0002
  0
LINE
  8
0
 10
 3.85092900000000E+0002
 20
 4.63595200000000E+0002
 11
 3.85083266881800E+0002
 21
 4.63608475479900E+0002
  0
LINE
  8
0
 10
 3.85083266881800E+0002
 20
 4.63608475479900E+0002
 11
 3.85073645534400E+0002
 21
 4.63621763919200E+0002
  0
LINE
  8
0
 10
 3.85073645534400E+0002
 20
 4.63621763919200E+0002
 11
 3.85064035968600E+0002
 21
 4.63635065317300E+0002
  0
LINE
  8
0
 10
 3.85064035968600E+0002
 20
 4.63635065317300E+0002
 11
 3.85054438195200E+0002
 21
 4.63648379673600E+0002
  0
LINE
  8
0
 10
 3.85054438195200E+0002
 20
 4.63648379673600E+0002
 11
 3.85044852225000E+0002
 21
 4.63661706987500E+0002
  0
LINE
  8
0
 10
 3.85044852225000E+0002
 20
 4.63661706987500E+0002
 11
 3.85035278068800E+0002
 21
 4.63675047258400E+0002
  0
LINE
  8
0
 10
 3.85035278068800E+0002
 20
 4.63675047258400E+0002
 11
 3.85025715737400E+0002
 21
 4.63688400485700E+0002
  0
LINE
  8
0
 10
 3.85025715737400E+0002
 20
 4.63688400485700E+0002
 11
 3.85016165241600E+0002
 21
 4.63701766668800E+0002
  0
LINE
  8
0
 10
 3.85016165241600E+0002
 20
 4.63701766668800E+0002
 11
 3.85006626592200E+0002
 21
 4.63715145807100E+0002
  0
LINE
  8
0
 10
 3.85006626592200E+0002
 20
 4.63715145807100E+0002
 11
 3.84997099800000E+0002
 21
 4.63728537900000E+0002
  0
LINE
  8
0
 10
 3.84997099800000E+0002
 20
 4.63728537900000E+0002
 11
 3.84987584875800E+0002
 21
 4.63741942946900E+0002
  0
LINE
  8
0
 10
 3.84987584875800E+0002
 20
 4.63741942946900E+0002
 11
 3.84978081830400E+0002
 21
 4.63755360947200E+0002
  0
LINE
  8
0
 10
 3.84978081830400E+0002
 20
 4.63755360947200E+0002
 11
 3.84968590674600E+0002
 21
 4.63768791900300E+0002
  0
LINE
  8
0
 10
 3.84968590674600E+0002
 20
 4.63768791900300E+0002
 11
 3.84959111419200E+0002
 21
 4.63782235805600E+0002
  0
LINE
  8
0
 10
 3.84959111419200E+0002
 20
 4.63782235805600E+0002
 11
 3.84949644075000E+0002
 21
 4.63795692662500E+0002
  0
LINE
  8
0
 10
 3.84949644075000E+0002
 20
 4.63795692662500E+0002
 11
 3.84940188652800E+0002
 21
 4.63809162470400E+0002
  0
LINE
  8
0
 10
 3.84940188652800E+0002
 20
 4.63809162470400E+0002
 11
 3.84930745163400E+0002
 21
 4.63822645228700E+0002
  0
LINE
  8
0
 10
 3.84930745163400E+0002
 20
 4.63822645228700E+0002
 11
 3.84921313617600E+0002
 21
 4.63836140936800E+0002
  0
LINE
  8
0
 10
 3.84921313617600E+0002
 20
 4.63836140936800E+0002
 11
 3.84911894026200E+0002
 21
 4.63849649594100E+0002
  0
LINE
  8
0
 10
 3.84911894026200E+0002
 20
 4.63849649594100E+0002
 11
 3.84902486400000E+0002
 21
 4.63863171200000E+0002
  0
LINE
  8
0
 10
 3.84902486400000E+0002
 20
 4.63863171200000E+0002
 11
 3.84893090749800E+0002
 21
 4.63876705753900E+0002
  0
LINE
  8
0
 10
 3.84893090749800E+0002
 20
 4.63876705753900E+0002
 11
 3.84883707086400E+0002
 21
 4.63890253255200E+0002
  0
LINE
  8
0
 10
 3.84883707086400E+0002
 20
 4.63890253255200E+0002
 11
 3.84874335420600E+0002
 21
 4.63903813703300E+0002
  0
LINE
  8
0
 10
 3.84874335420600E+0002
 20
 4.63903813703300E+0002
 11
 3.84864975763200E+0002
 21
 4.63917387097600E+0002
  0
LINE
  8
0
 10
 3.84864975763200E+0002
 20
 4.63917387097600E+0002
 11
 3.84855628125000E+0002
 21
 4.63930973437500E+0002
  0
LINE
  8
0
 10
 3.84855628125000E+0002
 20
 4.63930973437500E+0002
 11
 3.84846292516800E+0002
 21
 4.63944572722400E+0002
  0
LINE
  8
0
 10
 3.84846292516800E+0002
 20
 4.63944572722400E+0002
 11
 3.84836968949400E+0002
 21
 4.63958184951700E+0002
  0
LINE
  8
0
 10
 3.84836968949400E+0002
 20
 4.63958184951700E+0002
 11
 3.84827657433600E+0002
 21
 4.63971810124800E+0002
  0
LINE
  8
0
 10
 3.84827657433600E+0002
 20
 4.63971810124800E+0002
 11
 3.84818357980200E+0002
 21
 4.63985448241100E+0002
  0
LINE
  8
0
 10
 3.84818357980200E+0002
 20
 4.63985448241100E+0002
 11
 3.84809070600000E+0002
 21
 4.63999099300000E+0002
  0
LINE
  8
0
 10
 3.84809070600000E+0002
 20
 4.63999099300000E+0002
 11
 3.84799795303800E+0002
 21
 4.64012763300900E+0002
  0
LINE
  8
0
 10
 3.84799795303800E+0002
 20
 4.64012763300900E+0002
 11
 3.84790532102400E+0002
 21
 4.64026440243200E+0002
  0
LINE
  8
0
 10
 3.84790532102400E+0002
 20
 4.64026440243200E+0002
 11
 3.84781281006600E+0002
 21
 4.64040130126300E+0002
  0
LINE
  8
0
 10
 3.84781281006600E+0002
 20
 4.64040130126300E+0002
 11
 3.84772042027200E+0002
 21
 4.64053832949600E+0002
  0
LINE
  8
0
 10
 3.84772042027200E+0002
 20
 4.64053832949600E+0002
 11
 3.84762815175000E+0002
 21
 4.64067548712500E+0002
  0
LINE
  8
0
 10
 3.84762815175000E+0002
 20
 4.64067548712500E+0002
 11
 3.84753600460800E+0002
 21
 4.64081277414400E+0002
  0
LINE
  8
0
 10
 3.84753600460800E+0002
 20
 4.64081277414400E+0002
 11
 3.84744397895400E+0002
 21
 4.64095019054700E+0002
  0
LINE
  8
0
 10
 3.84744397895400E+0002
 20
 4.64095019054700E+0002
 11
 3.84735207489600E+0002
 21
 4.64108773632800E+0002
  0
LINE
  8
0
 10
 3.84735207489600E+0002
 20
 4.64108773632800E+0002
 11
 3.84726029254200E+0002
 21
 4.64122541148100E+0002
  0
LINE
  8
0
 10
 3.84726029254200E+0002
 20
 4.64122541148100E+0002
 11
 3.84716863200000E+0002
 21
 4.64136321600000E+0002
  0
LINE
  8
0
 10
 3.84716863200000E+0002
 20
 4.64136321600000E+0002
 11
 3.84707709337800E+0002
 21
 4.64150114987900E+0002
  0
LINE
  8
0
 10
 3.84707709337800E+0002
 20
 4.64150114987900E+0002
 11
 3.84698567678400E+0002
 21
 4.64163921311200E+0002
  0
LINE
  8
0
 10
 3.84698567678400E+0002
 20
 4.64163921311200E+0002
 11
 3.84689438232600E+0002
 21
 4.64177740569300E+0002
  0
LINE
  8
0
 10
 3.84689438232600E+0002
 20
 4.64177740569300E+0002
 11
 3.84680321011200E+0002
 21
 4.64191572761600E+0002
  0
LINE
  8
0
 10
 3.84680321011200E+0002
 20
 4.64191572761600E+0002
 11
 3.84671216025000E+0002
 21
 4.64205417887500E+0002
  0
LINE
  8
0
 10
 3.84671216025000E+0002
 20
 4.64205417887500E+0002
 11
 3.84662123284800E+0002
 21
 4.64219275946400E+0002
  0
LINE
  8
0
 10
 3.84662123284800E+0002
 20
 4.64219275946400E+0002
 11
 3.84653042801400E+0002
 21
 4.64233146937700E+0002
  0
LINE
  8
0
 10
 3.84653042801400E+0002
 20
 4.64233146937700E+0002
 11
 3.84643974585600E+0002
 21
 4.64247030860800E+0002
  0
LINE
  8
0
 10
 3.84643974585600E+0002
 20
 4.64247030860800E+0002
 11
 3.84634918648200E+0002
 21
 4.64260927715100E+0002
  0
LINE
  8
0
 10
 3.84634918648200E+0002
 20
 4.64260927715100E+0002
 11
 3.84625875000000E+0002
 21
 4.64274837500000E+0002
  0
LINE
  8
0
 10
 3.84625875000000E+0002
 20
 4.64274837500000E+0002
 11
 3.84616843651800E+0002
 21
 4.64288760214900E+0002
  0
LINE
  8
0
 10
 3.84616843651800E+0002
 20
 4.64288760214900E+0002
 11
 3.84607824614400E+0002
 21
 4.64302695859200E+0002
  0
LINE
  8
0
 10
 3.84607824614400E+0002
 20
 4.64302695859200E+0002
 11
 3.84598817898600E+0002
 21
 4.64316644432300E+0002
  0
LINE
  8
0
 10
 3.84598817898600E+0002
 20
 4.64316644432300E+0002
 11
 3.84589823515200E+0002
 21
 4.64330605933600E+0002
  0
LINE
  8
0
 10
 3.84589823515200E+0002
 20
 4.64330605933600E+0002
 11
 3.84580841475000E+0002
 21
 4.64344580362500E+0002
  0
LINE
  8
0
 10
 3.84580841475000E+0002
 20
 4.64344580362500E+0002
 11
 3.84571871788800E+0002
 21
 4.64358567718400E+0002
  0
LINE
  8
0
 10
 3.84571871788800E+0002
 20
 4.64358567718400E+0002
 11
 3.84562914467400E+0002
 21
 4.64372568000700E+0002
  0
LINE
  8
0
 10
 3.84562914467400E+0002
 20
 4.64372568000700E+0002
 11
 3.84553969521600E+0002
 21
 4.64386581208800E+0002
  0
LINE
  8
0
 10
 3.84553969521600E+0002
 20
 4.64386581208800E+0002
 11
 3.84545036962200E+0002
 21
 4.64400607342100E+0002
  0
LINE
  8
0
 10
 3.84545036962200E+0002
 20
 4.64400607342100E+0002
 11
 3.84536116800000E+0002
 21
 4.64414646400000E+0002
  0
LINE
  8
0
 10
 3.84536116800000E+0002
 20
 4.64414646400000E+0002
 11
 3.84527209045800E+0002
 21
 4.64428698381900E+0002
  0
LINE
  8
0
 10
 3.84527209045800E+0002
 20
 4.64428698381900E+0002
 11
 3.84518313710400E+0002
 21
 4.64442763287200E+0002
  0
LINE
  8
0
 10
 3.84518313710400E+0002
 20
 4.64442763287200E+0002
 11
 3.84509430804600E+0002
 21
 4.64456841115300E+0002
  0
LINE
  8
0
 10
 3.84509430804600E+0002
 20
 4.64456841115300E+0002
 11
 3.84500560339200E+0002
 21
 4.64470931865600E+0002
  0
LINE
  8
0
 10
 3.84500560339200E+0002
 20
 4.64470931865600E+0002
 11
 3.84491702325000E+0002
 21
 4.64485035537500E+0002
  0
LINE
  8
0
 10
 3.84491702325000E+0002
 20
 4.64485035537500E+0002
 11
 3.84482856772800E+0002
 21
 4.64499152130400E+0002
  0
LINE
  8
0
 10
 3.84482856772800E+0002
 20
 4.64499152130400E+0002
 11
 3.84474023693400E+0002
 21
 4.64513281643700E+0002
  0
LINE
  8
0
 10
 3.84474023693400E+0002
 20
 4.64513281643700E+0002
 11
 3.84465203097600E+0002
 21
 4.64527424076800E+0002
  0
LINE
  8
0
 10
 3.84465203097600E+0002
 20
 4.64527424076800E+0002
 11
 3.84456394996200E+0002
 21
 4.64541579429100E+0002
  0
LINE
  8
0
 10
 3.84456394996200E+0002
 20
 4.64541579429100E+0002
 11
 3.84447599400000E+0002
 21
 4.64555747700000E+0002
  0
LINE
  8
0
 10
 3.84447599400000E+0002
 20
 4.64555747700000E+0002
 11
 3.84438816319800E+0002
 21
 4.64569928888900E+0002
  0
LINE
  8
0
 10
 3.84438816319800E+0002
 20
 4.64569928888900E+0002
 11
 3.84430045766400E+0002
 21
 4.64584122995200E+0002
  0
LINE
  8
0
 10
 3.84430045766400E+0002
 20
 4.64584122995200E+0002
 11
 3.84421287750600E+0002
 21
 4.64598330018300E+0002
  0
LINE
  8
0
 10
 3.84421287750600E+0002
 20
 4.64598330018300E+0002
 11
 3.84412542283200E+0002
 21
 4.64612549957600E+0002
  0
LINE
  8
0
 10
 3.84412542283200E+0002
 20
 4.64612549957600E+0002
 11
 3.84403809375000E+0002
 21
 4.64626782812500E+0002
  0
LINE
  8
0
 10
 3.84403809375000E+0002
 20
 4.64626782812500E+0002
 11
 3.84395089036800E+0002
 21
 4.64641028582400E+0002
  0
LINE
  8
0
 10
 3.84395089036800E+0002
 20
 4.64641028582400E+0002
 11
 3.84386381279400E+0002
 21
 4.64655287266700E+0002
  0
LINE
  8
0
 10
 3.84386381279400E+0002
 20
 4.64655287266700E+0002
 11
 3.84377686113600E+0002
 21
 4.64669558864800E+0002
  0
LINE
  8
0
 10
 3.84377686113600E+0002
 20
 4.64669558864800E+0002
 11
 3.84369003550200E+0002
 21
 4.64683843376100E+0002
  0
LINE
  8
0
 10
 3.84369003550200E+0002
 20
 4.64683843376100E+0002
 11
 3.84360333600000E+0002
 21
 4.64698140800000E+0002
  0
LINE
  8
0
 10
 3.84360333600000E+0002
 20
 4.64698140800000E+0002
 11
 3.84351676273800E+0002
 21
 4.64712451135900E+0002
  0
LINE
  8
0
 10
 3.84351676273800E+0002
 20
 4.64712451135900E+0002
 11
 3.84343031582400E+0002
 21
 4.64726774383200E+0002
  0
LINE
  8
0
 10
 3.84343031582400E+0002
 20
 4.64726774383200E+0002
 11
 3.84334399536600E+0002
 21
 4.64741110541300E+0002
  0
LINE
  8
0
 10
 3.84334399536600E+0002
 20
 4.64741110541300E+0002
 11
 3.84325780147200E+0002
 21
 4.64755459609600E+0002
  0
LINE
  8
0
 10
 3.84325780147200E+0002
 20
 4.64755459609600E+0002
 11
 3.84317173425000E+0002
 21
 4.64769821587500E+0002
  0
LINE
  8
0
 10
 3.84317173425000E+0002
 20
 4.64769821587500E+0002
 11
 3.84308579380800E+0002
 21
 4.64784196474400E+0002
  0
LINE
  8
0
 10
 3.84308579380800E+0002
 20
 4.64784196474400E+0002
 11
 3.84299998025400E+0002
 21
 4.64798584269700E+0002
  0
LINE
  8
0
 10
 3.84299998025400E+0002
 20
 4.64798584269700E+0002
 11
 3.84291429369600E+0002
 21
 4.64812984972800E+0002
  0
LINE
  8
0
 10
 3.84291429369600E+0002
 20
 4.64812984972800E+0002
 11
 3.84282873424200E+0002
 21
 4.64827398583100E+0002
  0
LINE
  8
0
 10
 3.84282873424200E+0002
 20
 4.64827398583100E+0002
 11
 3.84274330200000E+0002
 21
 4.64841825100000E+0002
  0
LINE
  8
0
 10
 3.84274330200000E+0002
 20
 4.64841825100000E+0002
 11
 3.84265799707800E+0002
 21
 4.64856264522900E+0002
  0
LINE
  8
0
 10
 3.84265799707800E+0002
 20
 4.64856264522900E+0002
 11
 3.84257281958400E+0002
 21
 4.64870716851200E+0002
  0
LINE
  8
0
 10
 3.84257281958400E+0002
 20
 4.64870716851200E+0002
 11
 3.84248776962600E+0002
 21
 4.64885182084300E+0002
  0
LINE
  8
0
 10
 3.84248776962600E+0002
 20
 4.64885182084300E+0002
 11
 3.84240284731200E+0002
 21
 4.64899660221600E+0002
  0
LINE
  8
0
 10
 3.84240284731200E+0002
 20
 4.64899660221600E+0002
 11
 3.84231805275000E+0002
 21
 4.64914151262500E+0002
  0
LINE
  8
0
 10
 3.84231805275000E+0002
 20
 4.64914151262500E+0002
 11
 3.84223338604800E+0002
 21
 4.64928655206400E+0002
  0
LINE
  8
0
 10
 3.84223338604800E+0002
 20
 4.64928655206400E+0002
 11
 3.84214884731400E+0002
 21
 4.64943172052700E+0002
  0
LINE
  8
0
 10
 3.84214884731400E+0002
 20
 4.64943172052700E+0002
 11
 3.84206443665600E+0002
 21
 4.64957701800800E+0002
  0
LINE
  8
0
 10
 3.84206443665600E+0002
 20
 4.64957701800800E+0002
 11
 3.84198015418200E+0002
 21
 4.64972244450100E+0002
  0
LINE
  8
0
 10
 3.84198015418200E+0002
 20
 4.64972244450100E+0002
 11
 3.84189600000000E+0002
 21
 4.64986800000000E+0002
  0
LINE
  8
0
 10
 3.84189600000000E+0002
 20
 4.64986800000000E+0002
 11
 3.84128203230276E+0002
 21
 4.65000000000000E+0002
  0
ARC
  8
0
 10
 3.77200000000000E+0002
 20
 4.61000000000000E+0002
 40
 8.00000000000000E+0000
 50
 3.00000000000000E+0001
 51
 5.99950000000000E+0001
  0
LINE
  8
0
 10
 3.81200604584556E+0002
 20
 4.67927854138045E+0002
 11
 3.81225200000000E+0002
 21
 4.67893100000000E+0002
  0
LINE
  8
0
 10
 3.81225200000000E+0002
 20
 4.67893100000000E+0002
 11
 3.81189567358000E+0002
 21
 4.67913557948200E+0002
  0
LINE
  8
0
 10
 3.81189567358000E+0002
 20
 4.67913557948200E+0002
 11
 3.81153817944000E+0002
 21
 4.67933831505600E+0002
  0
LINE
  8
0
 10
 3.81153817944000E+0002
 20
 4.67933831505600E+0002
 11
 3.81117952526000E+0002
 21
 4.67953920241400E+0002
  0
LINE
  8
0
 10
 3.81117952526000E+0002
 20
 4.67953920241400E+0002
 11
 3.81081971872000E+0002
 21
 4.67973823724800E+0002
  0
LINE
  8
0
 10
 3.81081971872000E+0002
 20
 4.67973823724800E+0002
 11
 3.81045876750000E+0002
 21
 4.67993541525000E+0002
  0
LINE
  8
0
 10
 3.81045876750000E+0002
 20
 4.67993541525000E+0002
 11
 3.81009667928000E+0002
 21
 4.68013073211200E+0002
  0
LINE
  8
0
 10
 3.81009667928000E+0002
 20
 4.68013073211200E+0002
 11
 3.80973346174000E+0002
 21
 4.68032418352600E+0002
  0
LINE
  8
0
 10
 3.80973346174000E+0002
 20
 4.68032418352600E+0002
 11
 3.80936912256000E+0002
 21
 4.68051576518400E+0002
  0
LINE
  8
0
 10
 3.80936912256000E+0002
 20
 4.68051576518400E+0002
 11
 3.80900366942000E+0002
 21
 4.68070547277800E+0002
  0
LINE
  8
0
 10
 3.80900366942000E+0002
 20
 4.68070547277800E+0002
 11
 3.80863711000000E+0002
 21
 4.68089330200000E+0002
  0
LINE
  8
0
 10
 3.80863711000000E+0002
 20
 4.68089330200000E+0002
 11
 3.80826945198000E+0002
 21
 4.68107924854200E+0002
  0
LINE
  8
0
 10
 3.80826945198000E+0002
 20
 4.68107924854200E+0002
 11
 3.80790070304000E+0002
 21
 4.68126330809600E+0002
  0
LINE
  8
0
 10
 3.80790070304000E+0002
 20
 4.68126330809600E+0002
 11
 3.80753087086000E+0002
 21
 4.68144547635400E+0002
  0
LINE
  8
0
 10
 3.80753087086000E+0002
 20
 4.68144547635400E+0002
 11
 3.80715996312000E+0002
 21
 4.68162574900800E+0002
  0
LINE
  8
0
 10
 3.80715996312000E+0002
 20
 4.68162574900800E+0002
 11
 3.80678798750000E+0002
 21
 4.68180412175000E+0002
  0
LINE
  8
0
 10
 3.80678798750000E+0002
 20
 4.68180412175000E+0002
 11
 3.80641495168000E+0002
 21
 4.68198059027200E+0002
  0
LINE
  8
0
 10
 3.80641495168000E+0002
 20
 4.68198059027200E+0002
 11
 3.80604086334000E+0002
 21
 4.68215515026600E+0002
  0
LINE
  8
0
 10
 3.80604086334000E+0002
 20
 4.68215515026600E+0002
 11
 3.80566573016000E+0002
 21
 4.68232779742400E+0002
  0
LINE
  8
0
 10
 3.80566573016000E+0002
 20
 4.68232779742400E+0002
 11
 3.80528955982000E+0002
 21
 4.68249852743800E+0002
  0
LINE
  8
0
 10
 3.80528955982000E+0002
 20
 4.68249852743800E+0002
 11
 3.80491236000000E+0002
 21
 4.68266733600000E+0002
  0
LINE
  8
0
 10
 3.80491236000000E+0002
 20
 4.68266733600000E+0002
 11
 3.80453413838000E+0002
 21
 4.68283421880200E+0002
  0
LINE
  8
0
 10
 3.80453413838000E+0002
 20
 4.68283421880200E+0002
 11
 3.80415490264000E+0002
 21
 4.68299917153600E+0002
  0
LINE
  8
0
 10
 3.80415490264000E+0002
 20
 4.68299917153600E+0002
 11
 3.80377466046000E+0002
 21
 4.68316218989400E+0002
  0
LINE
  8
0
 10
 3.80377466046000E+0002
 20
 4.68316218989400E+0002
 11
 3.80339341952000E+0002
 21
 4.68332326956800E+0002
  0
LINE
  8
0
 10
 3.80339341952000E+0002
 20
 4.68332326956800E+0002
 11
 3.80301118750000E+0002
 21
 4.68348240625000E+0002
  0
LINE
  8
0
 10
 3.80301118750000E+0002
 20
 4.68348240625000E+0002
 11
 3.80262797208000E+0002
 21
 4.68363959563200E+0002
  0
LINE
  8
0
 10
 3.80262797208000E+0002
 20
 4.68363959563200E+0002
 11
 3.80224378094000E+0002
 21
 4.68379483340600E+0002
  0
LINE
  8
0
 10
 3.80224378094000E+0002
 20
 4.68379483340600E+0002
 11
 3.80185862176000E+0002
 21
 4.68394811526400E+0002
  0
LINE
  8
0
 10
 3.80185862176000E+0002
 20
 4.68394811526400E+0002
 11
 3.80147250222000E+0002
 21
 4.68409943689800E+0002
  0
LINE
  8
0
 10
 3.80147250222000E+0002
 20
 4.68409943689800E+0002
 11
 3.80108543000000E+0002
 21
 4.68424879400000E+0002
  0
LINE
  8
0
 10
 3.80108543000000E+0002
 20
 4.68424879400000E+0002
 11
 3.80069741278000E+0002
 21
 4.68439618226200E+0002
  0
LINE
  8
0
 10
 3.80069741278000E+0002
 20
 4.68439618226200E+0002
 11
 3.80030845824000E+0002
 21
 4.68454159737600E+0002
  0
LINE
  8
0
 10
 3.80030845824000E+0002
 20
 4.68454159737600E+0002
 11
 3.79991857406000E+0002
 21
 4.68468503503400E+0002
  0
LINE
  8
0
 10
 3.79991857406000E+0002
 20
 4.68468503503400E+0002
 11
 3.79952776792000E+0002
 21
 4.68482649092800E+0002
  0
LINE
  8
0
 10
 3.79952776792000E+0002
 20
 4.68482649092800E+0002
 11
 3.79913604750000E+0002
 21
 4.68496596075000E+0002
  0
LINE
  8
0
 10
 3.79913604750000E+0002
 20
 4.68496596075000E+0002
 11
 3.79874342048000E+0002
 21
 4.68510344019200E+0002
  0
LINE
  8
0
 10
 3.79874342048000E+0002
 20
 4.68510344019200E+0002
 11
 3.79834989454000E+0002
 21
 4.68523892494600E+0002
  0
LINE
  8
0
 10
 3.79834989454000E+0002
 20
 4.68523892494600E+0002
 11
 3.79795547736000E+0002
 21
 4.68537241070400E+0002
  0
LINE
  8
0
 10
 3.79795547736000E+0002
 20
 4.68537241070400E+0002
 11
 3.79756017662000E+0002
 21
 4.68550389315800E+0002
  0
LINE
  8
0
 10
 3.79756017662000E+0002
 20
 4.68550389315800E+0002
 11
 3.79716400000000E+0002
 21
 4.68563336800000E+0002
  0
LINE
  8
0
 10
 3.79716400000000E+0002
 20
 4.68563336800000E+0002
 11
 3.79676695518000E+0002
 21
 4.68576083092200E+0002
  0
LINE
  8
0
 10
 3.79676695518000E+0002
 20
 4.68576083092200E+0002
 11
 3.79636904984000E+0002
 21
 4.68588627761600E+0002
  0
LINE
  8
0
 10
 3.79636904984000E+0002
 20
 4.68588627761600E+0002
 11
 3.79597029166000E+0002
 21
 4.68600970377400E+0002
  0
LINE
  8
0
 10
 3.79597029166000E+0002
 20
 4.68600970377400E+0002
 11
 3.79557068832000E+0002
 21
 4.68613110508800E+0002
  0
LINE
  8
0
 10
 3.79557068832000E+0002
 20
 4.68613110508800E+0002
 11
 3.79517024750000E+0002
 21
 4.68625047725000E+0002
  0
LINE
  8
0
 10
 3.79517024750000E+0002
 20
 4.68625047725000E+0002
 11
 3.79476897688000E+0002
 21
 4.68636781595200E+0002
  0
LINE
  8
0
 10
 3.79476897688000E+0002
 20
 4.68636781595200E+0002
 11
 3.79436688414000E+0002
 21
 4.68648311688600E+0002
  0
LINE
  8
0
 10
 3.79436688414000E+0002
 20
 4.68648311688600E+0002
 11
 3.79396397696000E+0002
 21
 4.68659637574400E+0002
  0
LINE
  8
0
 10
 3.79396397696000E+0002
 20
 4.68659637574400E+0002
 11
 3.79356026302000E+0002
 21
 4.68670758821800E+0002
  0
LINE
  8
0
 10
 3.79356026302000E+0002
 20
 4.68670758821800E+0002
 11
 3.79315575000000E+0002
 21
 4.68681675000000E+0002
  0
LINE
  8
0
 10
 3.79315575000000E+0002
 20
 4.68681675000000E+0002
 11
 3.79275044558000E+0002
 21
 4.68692385678200E+0002
  0
LINE
  8
0
 10
 3.79275044558000E+0002
 20
 4.68692385678200E+0002
 11
 3.79234435744000E+0002
 21
 4.68702890425600E+0002
  0
LINE
  8
0
 10
 3.79234435744000E+0002
 20
 4.68702890425600E+0002
 11
 3.79193749326000E+0002
 21
 4.68713188811400E+0002
  0
LINE
  8
0
 10
 3.79193749326000E+0002
 20
 4.68713188811400E+0002
 11
 3.79152986072000E+0002
 21
 4.68723280404800E+0002
  0
LINE
  8
0
 10
 3.79152986072000E+0002
 20
 4.68723280404800E+0002
 11
 3.79112146750000E+0002
 21
 4.68733164775000E+0002
  0
LINE
  8
0
 10
 3.79112146750000E+0002
 20
 4.68733164775000E+0002
 11
 3.79071232128000E+0002
 21
 4.68742841491200E+0002
  0
LINE
  8
0
 10
 3.79071232128000E+0002
 20
 4.68742841491200E+0002
 11
 3.79030242974000E+0002
 21
 4.68752310122600E+0002
  0
LINE
  8
0
 10
 3.79030242974000E+0002
 20
 4.68752310122600E+0002
 11
 3.78989180056000E+0002
 21
 4.68761570238400E+0002
  0
LINE
  8
0
 10
 3.78989180056000E+0002
 20
 4.68761570238400E+0002
 11
 3.78948044142000E+0002
 21
 4.68770621407800E+0002
  0
LINE
  8
0
 10
 3.78948044142000E+0002
 20
 4.68770621407800E+0002
 11
 3.78906836000000E+0002
 21
 4.68779463200000E+0002
  0
LINE
  8
0
 10
 3.78906836000000E+0002
 20
 4.68779463200000E+0002
 11
 3.78865556398000E+0002
 21
 4.68788095184200E+0002
  0
LINE
  8
0
 10
 3.78865556398000E+0002
 20
 4.68788095184200E+0002
 11
 3.78824206104000E+0002
 21
 4.68796516929600E+0002
  0
LINE
  8
0
 10
 3.78824206104000E+0002
 20
 4.68796516929600E+0002
 11
 3.78782785886000E+0002
 21
 4.68804728005400E+0002
  0
LINE
  8
0
 10
 3.78782785886000E+0002
 20
 4.68804728005400E+0002
 11
 3.78741296512000E+0002
 21
 4.68812727980800E+0002
  0
LINE
  8
0
 10
 3.78741296512000E+0002
 20
 4.68812727980800E+0002
 11
 3.78699738750000E+0002
 21
 4.68820516425000E+0002
  0
LINE
  8
0
 10
 3.78699738750000E+0002
 20
 4.68820516425000E+0002
 11
 3.78658113368000E+0002
 21
 4.68828092907200E+0002
  0
LINE
  8
0
 10
 3.78658113368000E+0002
 20
 4.68828092907200E+0002
 11
 3.78616421134000E+0002
 21
 4.68835456996600E+0002
  0
LINE
  8
0
 10
 3.78616421134000E+0002
 20
 4.68835456996600E+0002
 11
 3.78574662816000E+0002
 21
 4.68842608262400E+0002
  0
LINE
  8
0
 10
 3.78574662816000E+0002
 20
 4.68842608262400E+0002
 11
 3.78532839182000E+0002
 21
 4.68849546273800E+0002
  0
LINE
  8
0
 10
 3.78532839182000E+0002
 20
 4.68849546273800E+0002
 11
 3.78490951000000E+0002
 21
 4.68856270600000E+0002
  0
LINE
  8
0
 10
 3.78490951000000E+0002
 20
 4.68856270600000E+0002
 11
 3.78448999038000E+0002
 21
 4.68862780810200E+0002
  0
LINE
  8
0
 10
 3.78448999038000E+0002
 20
 4.68862780810200E+0002
 11
 3.78406984064000E+0002
 21
 4.68869076473600E+0002
  0
LINE
  8
0
 10
 3.78406984064000E+0002
 20
 4.68869076473600E+0002
 11
 3.78364906846000E+0002
 21
 4.68875157159400E+0002
  0
LINE
  8
0
 10
 3.78364906846000E+0002
 20
 4.68875157159400E+0002
 11
 3.78322768152000E+0002
 21
 4.68881022436800E+0002
  0
LINE
  8
0
 10
 3.78322768152000E+0002
 20
 4.68881022436800E+0002
 11
 3.78280568750000E+0002
 21
 4.68886671875000E+0002
  0
LINE
  8
0
 10
 3.78280568750000E+0002
 20
 4.68886671875000E+0002
 11
 3.78238309408000E+0002
 21
 4.68892105043200E+0002
  0
LINE
  8
0
 10
 3.78238309408000E+0002
 20
 4.68892105043200E+0002
 11
 3.78195990894000E+0002
 21
 4.68897321510600E+0002
  0
LINE
  8
0
 10
 3.78195990894000E+0002
 20
 4.68897321510600E+0002
 11
 3.78153613976000E+0002
 21
 4.68902320846400E+0002
  0
LINE
  8
0
 10
 3.78153613976000E+0002
 20
 4.68902320846400E+0002
 11
 3.78111179422000E+0002
 21
 4.68907102619800E+0002
  0
LINE
  8
0
 10
 3.78111179422000E+0002
 20
 4.68907102619800E+0002
 11
 3.78068688000000E+0002
 21
 4.68911666400000E+0002
  0
LINE
  8
0
 10
 3.78068688000000E+0002
 20
 4.68911666400000E+0002
 11
 3.78026140478000E+0002
 21
 4.68916011756200E+0002
  0
LINE
  8
0
 10
 3.78026140478000E+0002
 20
 4.68916011756200E+0002
 11
 3.77983537624000E+0002
 21
 4.68920138257600E+0002
  0
LINE
  8
0
 10
 3.77983537624000E+0002
 20
 4.68920138257600E+0002
 11
 3.77940880206000E+0002
 21
 4.68924045473400E+0002
  0
LINE
  8
0
 10
 3.77940880206000E+0002
 20
 4.68924045473400E+0002
 11
 3.77898168992000E+0002
 21
 4.68927732972800E+0002
  0
LINE
  8
0
 10
 3.77898168992000E+0002
 20
 4.68927732972800E+0002
 11
 3.77855404750000E+0002
 21
 4.68931200325000E+0002
  0
LINE
  8
0
 10
 3.77855404750000E+0002
 20
 4.68931200325000E+0002
 11
 3.77812588248000E+0002
 21
 4.68934447099200E+0002
  0
LINE
  8
0
 10
 3.77812588248000E+0002
 20
 4.68934447099200E+0002
 11
 3.77769720254000E+0002
 21
 4.68937472864600E+0002
  0
LINE
  8
0
 10
 3.77769720254000E+0002
 20
 4.68937472864600E+0002
 11
 3.77726801536000E+0002
 21
 4.68940277190400E+0002
  0
LINE
  8
0
 10
 3.77726801536000E+0002
 20
 4.68940277190400E+0002
 11
 3.77683832862000E+0002
 21
 4.68942859645800E+0002
  0
LINE
  8
0
 10
 3.77683832862000E+0002
 20
 4.68942859645800E+0002
 11
 3.77640815000000E+0002
 21
 4.68945219800000E+0002
  0
LINE
  8
0
 10
 3.77640815000000E+0002
 20
 4.68945219800000E+0002
 11
 3.77597748718000E+0002
 21
 4.68947357222200E+0002
  0
LINE
  8
0
 10
 3.77597748718000E+0002
 20
 4.68947357222200E+0002
 11
 3.77554634784000E+0002
 21
 4.68949271481600E+0002
  0
LINE
  8
0
 10
 3.77554634784000E+0002
 20
 4.68949271481600E+0002
 11
 3.77511473966000E+0002
 21
 4.68950962147400E+0002
  0
LINE
  8
0
 10
 3.77511473966000E+0002
 20
 4.68950962147400E+0002
 11
 3.77468267032000E+0002
 21
 4.68952428788800E+0002
  0
LINE
  8
0
 10
 3.77468267032000E+0002
 20
 4.68952428788800E+0002
 11
 3.77425014750000E+0002
 21
 4.68953670975000E+0002
  0
LINE
  8
0
 10
 3.77425014750000E+0002
 20
 4.68953670975000E+0002
 11
 3.77381717888000E+0002
 21
 4.68954688275200E+0002
  0
LINE
  8
0
 10
 3.77381717888000E+0002
 20
 4.68954688275200E+0002
 11
 3.77338377214000E+0002
 21
 4.68955480258600E+0002
  0
LINE
  8
0
 10
 3.77338377214000E+0002
 20
 4.68955480258600E+0002
 11
 3.77294993496000E+0002
 21
 4.68956046494400E+0002
  0
LINE
  8
0
 10
 3.77294993496000E+0002
 20
 4.68956046494400E+0002
 11
 3.77251567502000E+0002
 21
 4.68956386551800E+0002
  0
LINE
  8
0
 10
 3.77251567502000E+0002
 20
 4.68956386551800E+0002
 11
 3.77208100000000E+0002
 21
 4.68956500000000E+0002
  0
LINE
  8
0
 10
 3.77208100000000E+0002
 20
 4.68956500000000E+0002
 11
 3.72630700000000E+0002
 21
 4.68956500000000E+0002
  0
LINE
  8
0
 10
 3.72630700000000E+0002
 20
 4.68956500000000E+0002
 11
 3.68050000000000E+0002
 21
 4.68950000000000E+0002
  0
ARC
  8
0
 10
 3.68050000000000E+0002
 20
 4.71250000000000E+0002
 40
 2.30000000000000E+0000
 50
 1.80005000000000E+0002
 51
 2.70000000000000E+0002
  0
LINE
  8
0
 10
 3.65750000008758E+0002
 20
 4.71249799287136E+0002
 11
 3.65750000000000E+0002
 21
 4.73400000000000E+0002
  0
ARC
  8
0
 10
 3.68050000000000E+0002
 20
 4.73400000000000E+0002
 40
 2.30000000000000E+0000
 50
 8.99950000000000E+0001
 51
 1.80000000000000E+0002
  0
LINE
  8
0
 10
 3.68050200712864E+0002
 20
 4.75699999991242E+0002
 11
 3.77208000000000E+0002
 21
 4.75667600000000E+0002
  0
LINE
  8
0
 10
 3.77208000000000E+0002
 20
 4.75667600000000E+0002
 11
 3.77150000000000E+0002
 21
 4.75600000000000E+0002
  0
ARC
  8
0
 10
 3.77150000000000E+0002
 20
 4.60800000000000E+0002
 40
 1.48000000000000E+0001
 50
 3.07950000000000E+0001
 51
 9.00000000000000E+0001
  0
LINE
  8
0
 10
 3.89863267751876E+0002
 20
 4.68377124987033E+0002
 11
 3.85092900000000E+0002
 21
 4.63595200000000E+0002
  0
ENDSEC
  0
EOF
