schedule,part,item,diagram,title,url,local
02,02,00,p500basictriangle,,https://assets.publishing.service.gov.uk/media/5ef0651be90e0741f91db11a/traffic-sign-drawing-schedule-02-part-02-item-00-p500basictriangle.pdf,Original PDFs/Schedule 02/traffic-sign-drawing-schedule-02-part-02-item-00-p500basictriangle.pdf
02,02,01,p504x1,,https://assets.publishing.service.gov.uk/media/5ef06668d3bf7f6c0fce35b1/traffic-sign-drawing-schedule-02-part-02-item-01-p504x1.pdf,Original PDFs/Schedule 02/traffic-sign-drawing-schedule-02-part-02-item-01-p504x1.pdf
02,02,02,p505x1,,https://assets.publishing.service.gov.uk/media/5ef0669f86650c113681108b/traffic-sign-drawing-schedule-02-part-02-item-02-p505x1.pdf,Original PDFs/Schedule 02/traffic-sign-drawing-schedule-02-part-02-item-02-p505x1.pdf
02,02,03,p506x1,,https://assets.publishing.service.gov.uk/media/5ef066f286650c113681108c/traffic-sign-drawing-schedule-02-part-02-item-03-p506x1.pdf,Original PDFs/Schedule 02/traffic-sign-drawing-schedule-02-part-02-item-03-p506x1.pdf
02,02,04,p507x1,,https://assets.publishing.service.gov.uk/media/5ef06754d3bf7f6c0dd8bb9a/traffic-sign-drawing-schedule-02-part-02-item-04-p507x1.pdf,Original PDFs/Schedule 02/traffic-sign-drawing-schedule-02-part-02-item-04-p507x1.pdf
02,02,05,p508x1,,https://assets.publishing.service.gov.uk/media/5ef0687186650c114133a36d/traffic-sign-drawing-schedule-02-part-02-item-05-p508x1.pdf,Original PDFs/Schedule 02/traffic-sign-drawing-schedule-02-part-02-item-05-p508x1.pdf
02,02,06,p509x1,,https://assets.publishing.service.gov.uk/media/5ef068c8d3bf7f6c0fce35b3/traffic-sign-drawing-schedule-02-part-02-item-06-p509x1.pdf,Original PDFs/Schedule 02/traffic-sign-drawing-schedule-02-part-02-item-06-p509x1.pdf
02,02,07,p510,,https://assets.publishing.service.gov.uk/media/5ef06974d3bf7f6c06ec392c/traffic-sign-drawing-schedule-02-part-02-item-07-p510.pdf,Original PDFs/Schedule 02/traffic-sign-drawing-schedule-02-part-02-item-07-p510.pdf
02,02,08,p512,,https://assets.publishing.service.gov.uk/media/5ef06a4b86650c113b90e491/traffic-sign-drawing-schedule-02-part-02-item-08-p512.pdf,Original PDFs/Schedule 02/traffic-sign-drawing-schedule-02-part-02-item-08-p512.pdf
02,02,09,p512x1,,https://assets.publishing.service.gov.uk/media/5a80d0baed915d74e62309a0/traffic-sign-drawing-schedule-02-part-02-item-09-p512x1.pdf,Original PDFs/Schedule 02/traffic-sign-drawing-schedule-02-part-02-item-09-p512x1.pdf
02,02,10,p512x2,,https://assets.publishing.service.gov.uk/media/5a748a4740f0b61938c7e45d/traffic-sign-drawing-schedule-02-part-02-item-10-p512x2.pdf,Original PDFs/Schedule 02/traffic-sign-drawing-schedule-02-part-02-item-10-p512x2.pdf
02,02,11,p512x3,,https://assets.publishing.service.gov.uk/media/5a7f3b48ed915d74e622930b/traffic-sign-drawing-schedule-02-part-02-item-11-p512x3.pdf,Original PDFs/Schedule 02/traffic-sign-drawing-schedule-02-part-02-item-11-p512x3.pdf
02,02,12,p513,,https://assets.publishing.service.gov.uk/media/5ef06af6d3bf7f6c0806a34c/traffic-sign-drawing-schedule-02-part-02-item-12-p513.pdf,Original PDFs/Schedule 02/traffic-sign-drawing-schedule-02-part-02-item-12-p513.pdf
02,02,13,p516,,https://assets.publishing.service.gov.uk/media/5ef06be486650c113e7a4c6d/traffic-sign-drawing-schedule-02-part-02-item-13-p516.pdf,Original PDFs/Schedule 02/traffic-sign-drawing-schedule-02-part-02-item-13-p516.pdf
02,02,14,p517,,https://assets.publishing.service.gov.uk/media/5ef06c8de90e0741f836c541/traffic-sign-drawing-schedule-02-part-02-item-14-p517.pdf,Original PDFs/Schedule 02/traffic-sign-drawing-schedule-02-part-02-item-14-p517.pdf
02,02,15,p520,,https://assets.publishing.service.gov.uk/media/5ef06deee90e0741fa96c82e/traffic-sign-drawing-schedule-02-part-02-item-15-p520.pdf,Original PDFs/Schedule 02/traffic-sign-drawing-schedule-02-part-02-item-15-p520.pdf
02,02,16,p521,,https://assets.publishing.service.gov.uk/media/5ef06e2a86650c1143dc1c21/traffic-sign-drawing-schedule-02-part-02-item-16-p521.pdf,Original PDFs/Schedule 02/traffic-sign-drawing-schedule-02-part-02-item-16-p521.pdf
02,02,17,p522,,https://assets.publishing.service.gov.uk/media/5ef0708286650c113fd10171/traffic-sign-drawing-schedule-02-part-02-item-17-p522.pdf,Original PDFs/Schedule 02/traffic-sign-drawing-schedule-02-part-02-item-17-p522.pdf
02,02,18,p523x1,,https://assets.publishing.service.gov.uk/media/5ef0709986650c11343b890e/traffic-sign-drawing-schedule-02-part-02-item-18-p523x1.pdf,Original PDFs/Schedule 02/traffic-sign-drawing-schedule-02-part-02-item-18-p523x1.pdf
02,02,19,p524x1,,https://assets.publishing.service.gov.uk/media/5ef070ffe90e0741fa96c82f/traffic-sign-drawing-schedule-02-part-02-item-19-p524x1.pdf,Original PDFs/Schedule 02/traffic-sign-drawing-schedule-02-part-02-item-19-p524x1.pdf
02,02,20,p528,,https://assets.publishing.service.gov.uk/media/5ef0727ce90e0741fb891938/traffic-sign-drawing-schedule-02-part-02-item-20-p528.pdf,Original PDFs/Schedule 02/traffic-sign-drawing-schedule-02-part-02-item-20-p528.pdf
02,02,21,p529,,https://assets.publishing.service.gov.uk/media/5ef072b7e90e0741f5d4b6d8/traffic-sign-drawing-schedule-02-part-02-item-21-p529.pdf,Original PDFs/Schedule 02/traffic-sign-drawing-schedule-02-part-02-item-21-p529.pdf
02,02,22,p529x1,,https://assets.publishing.service.gov.uk/media/5ef072f6e90e0741f5d4b6d9/traffic-sign-drawing-schedule-02-part-02-item-22-p529x1.pdf,Original PDFs/Schedule 02/traffic-sign-drawing-schedule-02-part-02-item-22-p529x1.pdf
02,02,23,p544x1,,https://assets.publishing.service.gov.uk/media/5ef074d2e90e0741fe9c2a98/traffic-sign-drawing-schedule-02-part-02-item-23-p544x1.pdf,Original PDFs/Schedule 02/traffic-sign-drawing-schedule-02-part-02-item-23-p544x1.pdf
02,02,24,p544x2,,https://assets.publishing.service.gov.uk/media/5ef074e2d3bf7f6c0289732b/traffic-sign-drawing-schedule-02-part-02-item-24-p544x2.pdf,Original PDFs/Schedule 02/traffic-sign-drawing-schedule-02-part-02-item-24-p544x2.pdf
02,02,25,p545,,https://assets.publishing.service.gov.uk/media/5ef0751a86650c114029faed/traffic-sign-drawing-schedule-02-part-02-item-25-p545.pdf,Original PDFs/Schedule 02/traffic-sign-drawing-schedule-02-part-02-item-25-p545.pdf
02,02,26,p950,,https://assets.publishing.service.gov.uk/media/5ef09a4ce90e0741fe9c2aa3/traffic-sign-drawing-schedule-02-part-02-item-26-p950.pdf,Original PDFs/Schedule 02/traffic-sign-drawing-schedule-02-part-02-item-26-p950.pdf
02,02,27,p548,,https://assets.publishing.service.gov.uk/media/5ef0759bd3bf7f6c0bca7e7f/traffic-sign-drawing-schedule-02-part-02-item-27-p548.pdf,Original PDFs/Schedule 02/traffic-sign-drawing-schedule-02-part-02-item-27-p548.pdf
02,02,28,p549,,https://assets.publishing.service.gov.uk/media/5ef078c9d3bf7f6c09036cf9/traffic-sign-drawing-schedule-02-part-02-item-28-p549.pdf,Original PDFs/Schedule 02/traffic-sign-drawing-schedule-02-part-02-item-28-p549.pdf
02,02,29,p550,,https://assets.publishing.service.gov.uk/media/5ef078f6e90e0741f836c544/traffic-sign-drawing-schedule-02-part-02-item-29-p550.pdf,Original PDFs/Schedule 02/traffic-sign-drawing-schedule-02-part-02-item-29-p550.pdf
02,02,30,p550x1,,https://assets.publishing.service.gov.uk/media/5ef0792ae90e0741fe9c2a9a/traffic-sign-drawing-schedule-02-part-02-item-30-p550x1.pdf,Original PDFs/Schedule 02/traffic-sign-drawing-schedule-02-part-02-item-30-p550x1.pdf
02,02,31,p550x2,,https://assets.publishing.service.gov.uk/media/5ef07ef9d3bf7f6c0dd8bb9f/traffic-sign-drawing-schedule-02-part-02-item-31-p550x2.pdf,Original PDFs/Schedule 02/traffic-sign-drawing-schedule-02-part-02-item-31-p550x2.pdf
02,02,32,p551,,https://assets.publishing.service.gov.uk/media/5ef08763d3bf7f6c07695f8c/traffic-sign-drawing-schedule-02-part-02-item-32-p551.pdf,Original PDFs/Schedule 02/traffic-sign-drawing-schedule-02-part-02-item-32-p551.pdf
02,02,33,p551x2,,https://assets.publishing.service.gov.uk/media/5ef087bbd3bf7f6c06ec3936/traffic-sign-drawing-schedule-02-part-02-item-33-p551x2.pdf,Original PDFs/Schedule 02/traffic-sign-drawing-schedule-02-part-02-item-33-p551x2.pdf
02,02,34,p553x1,,https://assets.publishing.service.gov.uk/media/5ef08b43d3bf7f6c0bca7e8a/traffic-sign-drawing-schedule-02-part-02-item-34-p553x1.pdf,Original PDFs/Schedule 02/traffic-sign-drawing-schedule-02-part-02-item-34-p553x1.pdf
02,02,35,p552,,https://assets.publishing.service.gov.uk/media/5ef08b7ce90e0741f1606276/traffic-sign-drawing-schedule-02-part-02-item-35-p552.pdf,Original PDFs/Schedule 02/traffic-sign-drawing-schedule-02-part-02-item-35-p552.pdf
02,02,36,p554b,,https://assets.publishing.service.gov.uk/media/5ef08bb5e90e0741fe9c2aa2/traffic-sign-drawing-schedule-02-part-02-item-36-p554b.pdf,Original PDFs/Schedule 02/traffic-sign-drawing-schedule-02-part-02-item-36-p554b.pdf
02,02,37,p554c,,https://assets.publishing.service.gov.uk/media/5ef08cd786650c113681109b/traffic-sign-drawing-schedule-02-part-02-item-37-p554c.pdf,Original PDFs/Schedule 02/traffic-sign-drawing-schedule-02-part-02-item-37-p554c.pdf
02,02,38,p554,,https://assets.publishing.service.gov.uk/media/5ef08d08e90e0741f3bd4fce/traffic-sign-drawing-schedule-02-part-02-item-38-p554.pdf,Original PDFs/Schedule 02/traffic-sign-drawing-schedule-02-part-02-item-38-p554.pdf
02,02,39,p554x1,,https://assets.publishing.service.gov.uk/media/5ef08d38d3bf7f6c09036d03/traffic-sign-drawing-schedule-02-part-02-item-39-p554x1.pdf,Original PDFs/Schedule 02/traffic-sign-drawing-schedule-02-part-02-item-39-p554x1.pdf
02,02,40,p555,,https://assets.publishing.service.gov.uk/media/5ef08d86e90e0741f836c551/traffic-sign-drawing-schedule-02-part-02-item-40-p555.pdf,Original PDFs/Schedule 02/traffic-sign-drawing-schedule-02-part-02-item-40-p555.pdf
02,02,41,p555x1,,https://assets.publishing.service.gov.uk/media/5ef08d96e90e0741efe1fa43/traffic-sign-drawing-schedule-02-part-02-item-41-p555x1.pdf,Original PDFs/Schedule 02/traffic-sign-drawing-schedule-02-part-02-item-41-p555x1.pdf
02,02,42,p556x1,,https://assets.publishing.service.gov.uk/media/5ef08e88d3bf7f6c0806a353/traffic-sign-drawing-schedule-02-part-02-item-42-p556x1.pdf,Original PDFs/Schedule 02/traffic-sign-drawing-schedule-02-part-02-item-42-p556x1.pdf
02,02,43,p557x1,,https://assets.publishing.service.gov.uk/media/5ef08eb086650c11343b8915/traffic-sign-drawing-schedule-02-part-02-item-43-p557x1.pdf,Original PDFs/Schedule 02/traffic-sign-drawing-schedule-02-part-02-item-43-p557x1.pdf
02,02,44,p559,,https://assets.publishing.service.gov.uk/media/5ef08ef586650c114029faf4/traffic-sign-drawing-schedule-02-part-02-item-44-p559.pdf,Original PDFs/Schedule 02/traffic-sign-drawing-schedule-02-part-02-item-44-p559.pdf
02,02,45,p581,,https://assets.publishing.service.gov.uk/media/5ef08f18e90e0741f09300ea/traffic-sign-drawing-schedule-02-part-02-item-45-p581.pdf,Original PDFs/Schedule 02/traffic-sign-drawing-schedule-02-part-02-item-45-p581.pdf
02,02,46,p558,,https://assets.publishing.service.gov.uk/media/5ef08f4a86650c114029faf5/traffic-sign-drawing-schedule-02-part-02-item-46-p558.pdf,Original PDFs/Schedule 02/traffic-sign-drawing-schedule-02-part-02-item-46-p558.pdf
02,02,47,p558x1,,https://assets.publishing.service.gov.uk/media/5ef09045e90e0741f91db123/traffic-sign-drawing-schedule-02-part-02-item-47-p558x1.pdf,Original PDFs/Schedule 02/traffic-sign-drawing-schedule-02-part-02-item-47-p558x1.pdf
02,02,48,p582,,https://assets.publishing.service.gov.uk/media/5ef090d886650c11385d5104/traffic-sign-drawing-schedule-02-part-02-item-48-p582.pdf,Original PDFs/Schedule 02/traffic-sign-drawing-schedule-02-part-02-item-48-p582.pdf
02,02,49,p583,,https://assets.publishing.service.gov.uk/media/5ef09108e90e0741f26ce687/traffic-sign-drawing-schedule-02-part-02-item-49-p583.pdf,Original PDFs/Schedule 02/traffic-sign-drawing-schedule-02-part-02-item-49-p583.pdf
02,02,50,p584__1_,,https://assets.publishing.service.gov.uk/media/5ef0912fd3bf7f6c04a03cd7/traffic-sign-drawing-schedule-02-part-02-item-50-p584__1_.pdf,Original PDFs/Schedule 02/traffic-sign-drawing-schedule-02-part-02-item-50-p584__1_.pdf
02,02,51,p770,,https://assets.publishing.service.gov.uk/media/5ef092da86650c114029faf7/traffic-sign-drawing-schedule-02-part-02-item-51-p770.pdf,Original PDFs/Schedule 02/traffic-sign-drawing-schedule-02-part-02-item-51-p770.pdf
02,02,52,p771,,https://assets.publishing.service.gov.uk/media/5ef092e786650c113b90e4a2/traffic-sign-drawing-schedule-02-part-02-item-52-p771.pdf,Original PDFs/Schedule 02/traffic-sign-drawing-schedule-02-part-02-item-52-p771.pdf
02,02,53,p772,,https://assets.publishing.service.gov.uk/media/5ef09323d3bf7f6c0ec9775c/traffic-sign-drawing-schedule-02-part-02-item-53-p772.pdf,Original PDFs/Schedule 02/traffic-sign-drawing-schedule-02-part-02-item-53-p772.pdf
02,02,54,p779,,https://assets.publishing.service.gov.uk/media/5ef0943186650c113c8cb35a/traffic-sign-drawing-schedule-02-part-02-item-54-p779.pdf,Original PDFs/Schedule 02/traffic-sign-drawing-schedule-02-part-02-item-54-p779.pdf
02,02,55,p782,,https://assets.publishing.service.gov.uk/media/5ef094cee90e0741ffc849c4/traffic-sign-drawing-schedule-02-part-02-item-55-p782.pdf,Original PDFs/Schedule 02/traffic-sign-drawing-schedule-02-part-02-item-55-p782.pdf
02,02,56,p562,,https://assets.publishing.service.gov.uk/media/5ef0945ee90e0741ffc849c3/traffic-sign-drawing-schedule-02-part-02-item-56-p562.pdf,Original PDFs/Schedule 02/traffic-sign-drawing-schedule-02-part-02-item-56-p562.pdf
02,03,01,p511,,https://assets.publishing.service.gov.uk/media/5ef09565d3bf7f6c113302c4/traffic-sign-drawing-schedule-02-part-03-item-01-p511.pdf,Original PDFs/Schedule 02/traffic-sign-drawing-schedule-02-part-03-item-01-p511.pdf
02,03,02,p513x2,,https://assets.publishing.service.gov.uk/media/5ef0954d86650c113d4892b0/traffic-sign-drawing-schedule-02-part-03-item-02-p513x2.pdf,Original PDFs/Schedule 02/traffic-sign-drawing-schedule-02-part-03-item-02-p513x2.pdf
02,03,03,p817x2,,https://assets.publishing.service.gov.uk/media/5ef095c8d3bf7f6c053a288d/traffic-sign-drawing-schedule-02-part-03-item-03-p817x2.pdf,Original PDFs/Schedule 02/traffic-sign-drawing-schedule-02-part-03-item-03-p817x2.pdf
02,03,04,p513x1a,,https://assets.publishing.service.gov.uk/media/5ef095f2e90e0741efe1fa47/traffic-sign-drawing-schedule-02-part-03-item-04-p513x1a.pdf,Original PDFs/Schedule 02/traffic-sign-drawing-schedule-02-part-03-item-04-p513x1a.pdf
02,04,02,p530a,,https://assets.publishing.service.gov.uk/media/5ef09647e90e0741f26ce68d/traffic-sign-drawing-schedule-02-part-04-item-02-p530a.pdf,Original PDFs/Schedule 02/traffic-sign-drawing-schedule-02-part-04-item-02-p530a.pdf
02,04,03,p531x1a,,https://assets.publishing.service.gov.uk/media/5ef0967c86650c1143dc1c2f/traffic-sign-drawing-schedule-02-part-04-item-03-p531x1a.pdf,Original PDFs/Schedule 02/traffic-sign-drawing-schedule-02-part-04-item-03-p531x1a.pdf
02,04,05,p629x2a,,https://assets.publishing.service.gov.uk/media/5ef096e286650c11385d510c/traffic-sign-drawing-schedule-02-part-04-item-05-p629x2a.pdf,Original PDFs/Schedule 02/traffic-sign-drawing-schedule-02-part-04-item-05-p629x2a.pdf
02,05,01,p530x1,,https://assets.publishing.service.gov.uk/media/5ef0970ed3bf7f6c0bca7e90/traffic-sign-drawing-schedule-02-part-05-item-01-p530x1.pdf,Original PDFs/Schedule 02/traffic-sign-drawing-schedule-02-part-05-item-01-p530x1.pdf
02,05,02,p531x2,,https://assets.publishing.service.gov.uk/media/5ef0975286650c113fd1017d/traffic-sign-drawing-schedule-02-part-05-item-02-p531x2.pdf,Original PDFs/Schedule 02/traffic-sign-drawing-schedule-02-part-05-item-02-p531x2.pdf
02,05,04,p530x2,,https://assets.publishing.service.gov.uk/media/5ef0978b86650c1142619055/traffic-sign-drawing-schedule-02-part-05-item-04-p530x2.pdf,Original PDFs/Schedule 02/traffic-sign-drawing-schedule-02-part-05-item-04-p530x2.pdf
02,05,05,p572,,https://assets.publishing.service.gov.uk/media/5ef097bde90e0741f09300ed/traffic-sign-drawing-schedule-02-part-05-item-05-p572.pdf,Original PDFs/Schedule 02/traffic-sign-drawing-schedule-02-part-05-item-05-p572.pdf
02,06,01,p501,,https://assets.publishing.service.gov.uk/media/5ef097ec86650c113b90e4a4/traffic-sign-drawing-schedule-02-part-06-item-01-p501.pdf,Original PDFs/Schedule 02/traffic-sign-drawing-schedule-02-part-06-item-01-p501.pdf
02,06,03,p515,,https://assets.publishing.service.gov.uk/media/5ef09823d3bf7f6c101208ff/traffic-sign-drawing-schedule-02-part-06-item-03-p515.pdf,Original PDFs/Schedule 02/traffic-sign-drawing-schedule-02-part-06-item-03-p515.pdf
02,06,04,p774,,https://assets.publishing.service.gov.uk/media/5ef0985ce90e0741f738e257/traffic-sign-drawing-schedule-02-part-06-item-04-p774.pdf,Original PDFs/Schedule 02/traffic-sign-drawing-schedule-02-part-06-item-04-p774.pdf
02,06,06,p789,,https://assets.publishing.service.gov.uk/media/5ef0987dd3bf7f6c03ed25b5/traffic-sign-drawing-schedule-02-part-06-item-06-p789.pdf,Original PDFs/Schedule 02/traffic-sign-drawing-schedule-02-part-06-item-06-p789.pdf
03,02,01,p606,,https://assets.publishing.service.gov.uk/media/5ed8bb38d3bf7f45f9a51456/traffic-sign-drawing-schedule-03-part-02-item-01-p606.pdf,Original PDFs/Schedule 03/traffic-sign-drawing-schedule-03-part-02-item-01-p606.pdf
03,02,02,p609,,https://assets.publishing.service.gov.uk/media/5ed8bb4986650c76a4ca43ea/traffic-sign-drawing-schedule-03-part-02-item-02-p609.pdf,Original PDFs/Schedule 03/traffic-sign-drawing-schedule-03-part-02-item-02-p609.pdf
03,02,03,p610,,https://assets.publishing.service.gov.uk/media/5ed8bb68d3bf7f4606f1e189/traffic-sign-drawing-schedule-03-part-02-item-03-p610.pdf,Original PDFs/Schedule 03/traffic-sign-drawing-schedule-03-part-02-item-03-p610.pdf
03,02,04,p642,,https://assets.publishing.service.gov.uk/media/5ed8bb6fd3bf7f460894eb71/traffic-sign-drawing-schedule-03-part-02-item-04-p642.pdf,Original PDFs/Schedule 03/traffic-sign-drawing-schedule-03-part-02-item-04-p642.pdf
03,02,05,p632,,https://assets.publishing.service.gov.uk/media/5ed8bb7fd3bf7f4601e576ff/traffic-sign-drawing-schedule-03-part-02-item-05-p632.pdf,Original PDFs/Schedule 03/traffic-sign-drawing-schedule-03-part-02-item-05-p632.pdf
03,02,06,p614,,https://assets.publishing.service.gov.uk/media/5ed8bb90e90e0754cc92fb99/traffic-sign-drawing-schedule-03-part-02-item-06-p614.pdf,Original PDFs/Schedule 03/traffic-sign-drawing-schedule-03-part-02-item-06-p614.pdf
03,02,07,and-item-08-p612-and-613,,https://assets.publishing.service.gov.uk/media/5ed8bb9ce90e0754d7f1898b/traffic-sign-drawing-schedule-03-part-02-item-07-and-item-08-p612-and-613.pdf,Original PDFs/Schedule 03/traffic-sign-drawing-schedule-03-part-02-item-07-and-item-08-p612-and-613.pdf
03,02,09,p615,,https://assets.publishing.service.gov.uk/media/5ed8bbaf86650c76b3d74c6f/traffic-sign-drawing-schedule-03-part-02-item-09-p615.pdf,Original PDFs/Schedule 03/traffic-sign-drawing-schedule-03-part-02-item-09-p615.pdf
03,02,10,p616,,https://assets.publishing.service.gov.uk/media/5ed8bbb986650c76a69cebc7/traffic-sign-drawing-schedule-03-part-02-item-10-p616.pdf,Original PDFs/Schedule 03/traffic-sign-drawing-schedule-03-part-02-item-10-p616.pdf
03,02,11,p617,,https://assets.publishing.service.gov.uk/media/5ed8bbcd86650c76a7c9af1c/traffic-sign-drawing-schedule-03-part-02-item-11-p617.pdf,Original PDFs/Schedule 03/traffic-sign-drawing-schedule-03-part-02-item-11-p617.pdf
03,02,12,p619,,https://assets.publishing.service.gov.uk/media/5ed8bbe1d3bf7f45ff9c2848/traffic-sign-drawing-schedule-03-part-02-item-12-p619.pdf,Original PDFs/Schedule 03/traffic-sign-drawing-schedule-03-part-02-item-12-p619.pdf
03,02,13,p622x1a,,https://assets.publishing.service.gov.uk/media/5ed8bc1cd3bf7f46049120e5/traffic-sign-drawing-schedule-03-part-02-item-13-p622x1a.pdf,Original PDFs/Schedule 03/traffic-sign-drawing-schedule-03-part-02-item-13-p622x1a.pdf
03,02,14,p622x2,,https://assets.publishing.service.gov.uk/media/5ef30d6bd3bf7f713740f808/traffic-sign-drawing-schedule-03-part-02-item-14-p622x2.pdf,Original PDFs/Schedule 03/traffic-sign-drawing-schedule-03-part-02-item-14-p622x2.pdf
03,02,15,p622x4,,https://assets.publishing.service.gov.uk/media/5ed8bcc6e90e0754d2437cef/traffic-sign-drawing-schedule-03-part-02-item-15-p622x4.pdf,Original PDFs/Schedule 03/traffic-sign-drawing-schedule-03-part-02-item-15-p622x4.pdf
03,02,16,p622x8,,https://assets.publishing.service.gov.uk/media/5ed8bcf2d3bf7f4607b90b2a/traffic-sign-drawing-schedule-03-part-02-item-16-p622x8.pdf,Original PDFs/Schedule 03/traffic-sign-drawing-schedule-03-part-02-item-16-p622x8.pdf
03,02,17,p952,,https://assets.publishing.service.gov.uk/media/5ed8bcf286650c76b02b2dc9/traffic-sign-drawing-schedule-03-part-02-item-17-p952.pdf,Original PDFs/Schedule 03/traffic-sign-drawing-schedule-03-part-02-item-17-p952.pdf
03,02,18,p619x1,,https://assets.publishing.service.gov.uk/media/5ed8bcf986650c76acac3883/traffic-sign-drawing-schedule-03-part-02-item-18-p619x1.pdf,Original PDFs/Schedule 03/traffic-sign-drawing-schedule-03-part-02-item-18-p619x1.pdf
03,02,19,p622x7,,https://assets.publishing.service.gov.uk/media/5ed8bd08d3bf7f45fa098ade/traffic-sign-drawing-schedule-03-part-02-item-19-p622x7.pdf,Original PDFs/Schedule 03/traffic-sign-drawing-schedule-03-part-02-item-19-p622x7.pdf
03,02,20,p619x2,,https://assets.publishing.service.gov.uk/media/5ed8bd48d3bf7f45fa098adf/traffic-sign-drawing-schedule-03-part-02-item-20-p619x2.pdf,Original PDFs/Schedule 03/traffic-sign-drawing-schedule-03-part-02-item-20-p619x2.pdf
03,02,21,p951,,https://assets.publishing.service.gov.uk/media/5ed8bd54d3bf7f45fb32149c/traffic-sign-drawing-schedule-03-part-02-item-21-p951.pdf,Original PDFs/Schedule 03/traffic-sign-drawing-schedule-03-part-02-item-21-p951.pdf
03,02,22,p625x1,,https://assets.publishing.service.gov.uk/media/5ed8bd6f86650c76aaa5d63d/traffic-sign-drawing-schedule-03-part-02-item-22-p625x1.pdf,Original PDFs/Schedule 03/traffic-sign-drawing-schedule-03-part-02-item-22-p625x1.pdf
03,02,23,p622x5,,https://assets.publishing.service.gov.uk/media/5ed8bd7ae90e0754d5088b30/traffic-sign-drawing-schedule-03-part-02-item-23-p622x5.pdf,Original PDFs/Schedule 03/traffic-sign-drawing-schedule-03-part-02-item-23-p622x5.pdf
03,02,24,p622x6,,https://assets.publishing.service.gov.uk/media/5ed8bd8486650c76af069aca/traffic-sign-drawing-schedule-03-part-02-item-24-p622x6.pdf,Original PDFs/Schedule 03/traffic-sign-drawing-schedule-03-part-02-item-24-p622x6.pdf
03,02,25,p629x1,,https://assets.publishing.service.gov.uk/media/5ed8bd8fe90e0754cf07cba9/traffic-sign-drawing-schedule-03-part-02-item-25-p629x1.pdf,Original PDFs/Schedule 03/traffic-sign-drawing-schedule-03-part-02-item-25-p629x1.pdf
03,02,26,p629a,,https://assets.publishing.service.gov.uk/media/5ed8bd9be90e0754d3f5ef1e/traffic-sign-drawing-schedule-03-part-02-item-26-p629a.pdf,Original PDFs/Schedule 03/traffic-sign-drawing-schedule-03-part-02-item-26-p629a.pdf
03,02,27,p629x2a,,https://assets.publishing.service.gov.uk/media/5ed8bdcad3bf7f46049120e6/traffic-sign-drawing-schedule-03-part-02-item-27-p629x2a.pdf,Original PDFs/Schedule 03/traffic-sign-drawing-schedule-03-part-02-item-27-p629x2a.pdf
03,02,28,p955,,https://assets.publishing.service.gov.uk/media/5ed8bdd6d3bf7f4606f1e18c/traffic-sign-drawing-schedule-03-part-02-item-28-p955.pdf,Original PDFs/Schedule 03/traffic-sign-drawing-schedule-03-part-02-item-28-p955.pdf
03,02,29,p956,,https://assets.publishing.service.gov.uk/media/5ed8bde5d3bf7f45f9a51458/traffic-sign-drawing-schedule-03-part-02-item-29-p956.pdf,Original PDFs/Schedule 03/traffic-sign-drawing-schedule-03-part-02-item-29-p956.pdf
03,02,30,p956x1,,https://assets.publishing.service.gov.uk/media/5ed8bdf2e90e0754d8fb3a4d/traffic-sign-drawing-schedule-03-part-02-item-30-p956x1.pdf,Original PDFs/Schedule 03/traffic-sign-drawing-schedule-03-part-02-item-30-p956x1.pdf
03,02,31,p956x2,,https://assets.publishing.service.gov.uk/media/6448fdd6529eda00123b04c5/traffic-sign-drawing-schedule-03-part-02-item-31-p956x2.pdf,Original PDFs/Schedule 03/traffic-sign-drawing-schedule-03-part-02-item-31-p956x2.pdf
03,02,32,p957,,https://assets.publishing.service.gov.uk/media/5ed8be5686650c76b2fe755d/traffic-sign-drawing-schedule-03-part-02-item-32-p957.pdf,Original PDFs/Schedule 03/traffic-sign-drawing-schedule-03-part-02-item-32-p957.pdf
03,02,33,p953,,https://assets.publishing.service.gov.uk/media/5ed8be6386650c76ae1d6482/traffic-sign-drawing-schedule-03-part-02-item-33-p953.pdf,Original PDFs/Schedule 03/traffic-sign-drawing-schedule-03-part-02-item-33-p953.pdf
03,02,34,p953a,,https://assets.publishing.service.gov.uk/media/5ed8be6e86650c76acac3884/traffic-sign-drawing-schedule-03-part-02-item-34-p953a.pdf,Original PDFs/Schedule 03/traffic-sign-drawing-schedule-03-part-02-item-34-p953a.pdf
03,02,35,p953b,,https://assets.publishing.service.gov.uk/media/5ed8be7ae90e0754d7f1898d/traffic-sign-drawing-schedule-03-part-02-item-35-p953b.pdf,Original PDFs/Schedule 03/traffic-sign-drawing-schedule-03-part-02-item-35-p953b.pdf
03,02,36,p953x1,,https://assets.publishing.service.gov.uk/media/5ed8be90e90e0754cd08d6d3/traffic-sign-drawing-schedule-03-part-02-item-36-p953x1.pdf,Original PDFs/Schedule 03/traffic-sign-drawing-schedule-03-part-02-item-36-p953x1.pdf
03,02,40,np953x1c,,https://assets.publishing.service.gov.uk/media/5ed8be9ad3bf7f4602e98376/traffic-sign-drawing-schedule-03-part-02-item-40-np953x1c.pdf,Original PDFs/Schedule 03/traffic-sign-drawing-schedule-03-part-02-item-40-np953x1c.pdf
03,,,traffic-sign-drawing-schedule-03-part-03-legends-for-plates,,https://assets.publishing.service.gov.uk/media/64217252ba5ac90013b1a99a/traffic-sign-drawing-schedule-03-part-03-legends-for-plates.pdf,Original PDFs/Schedule 03/traffic-sign-drawing-schedule-03-part-03-legends-for-plates.pdf
04,03,01,p636_document,,https://assets.publishing.service.gov.uk/media/5eeb474786650c2d27b6d324/traffic-sign-drawing-schedule-04-part-03-item-01-p636_document.pdf,Original PDFs/Schedule 04/traffic-sign-drawing-schedule-04-part-03-item-01-p636_document.pdf
04,03,01,p650x2_document,,https://assets.publishing.service.gov.uk/media/5eeb47b2d3bf7f7fccafb068/traffic-sign-drawing-schedule-04-part-03-item-01-p650x2_document.pdf,Original PDFs/Schedule 04/traffic-sign-drawing-schedule-04-part-03-item-01-p650x2_document.pdf
04,03,02,p642_document,,https://assets.publishing.service.gov.uk/media/5eeb47e6e90e0764532810e0/traffic-sign-drawing-schedule-04-part-03-item-02-p642_document.pdf,Original PDFs/Schedule 04/traffic-sign-drawing-schedule-04-part-03-item-02-p642_document.pdf
04,03,02,p650x1_document,,https://assets.publishing.service.gov.uk/media/5eeb481786650c2d2b4b9fba/traffic-sign-drawing-schedule-04-part-03-item-02-p650x1_document.pdf,Original PDFs/Schedule 04/traffic-sign-drawing-schedule-04-part-03-item-02-p650x1_document.pdf
04,03,03,p640x2a_document,,https://assets.publishing.service.gov.uk/media/5eeb484486650c2d2e45dfcd/traffic-sign-drawing-schedule-04-part-03-item-03-p640x2a_document.pdf,Original PDFs/Schedule 04/traffic-sign-drawing-schedule-04-part-03-item-03-p640x2a_document.pdf
04,03,04,p637x2_document,,https://assets.publishing.service.gov.uk/media/5eeb4993e90e07644b1ae8de/traffic-sign-drawing-schedule-04-part-03-item-04-p637x2_document.pdf,Original PDFs/Schedule 04/traffic-sign-drawing-schedule-04-part-03-item-04-p637x2_document.pdf
04,03,05,p637x1_document,,https://assets.publishing.service.gov.uk/media/5eeb4a2586650c2d27b6d325/traffic-sign-drawing-schedule-04-part-03-item-05-p637x1_document.pdf,Original PDFs/Schedule 04/traffic-sign-drawing-schedule-04-part-03-item-05-p637x1_document.pdf
04,03,06,p637x1,,https://assets.publishing.service.gov.uk/media/5a8055bae5274a2e87db939a/traffic-sign-drawing-schedule-04-part-03-item-06-p637x1.pdf,Original PDFs/Schedule 04/traffic-sign-drawing-schedule-04-part-03-item-06-p637x1.pdf
04,03,07,p640x3,,https://assets.publishing.service.gov.uk/media/5eeb4bece90e076454b538a2/traffic-sign-drawing-schedule-04-part-03-item-07-p640x3.pdf,Original PDFs/Schedule 04/traffic-sign-drawing-schedule-04-part-03-item-07-p640x3.pdf
04,03,07,p640x4,,https://assets.publishing.service.gov.uk/media/5eeb4ce686650c2d26963b35/traffic-sign-drawing-schedule-04-part-03-item-07-p640x4.pdf,Original PDFs/Schedule 04/traffic-sign-drawing-schedule-04-part-03-item-07-p640x4.pdf
04,03,08,p640x4,,https://assets.publishing.service.gov.uk/media/5eeb4cf7e90e076452b9ac31/traffic-sign-drawing-schedule-04-part-03-item-08-p640x4.pdf,Original PDFs/Schedule 04/traffic-sign-drawing-schedule-04-part-03-item-08-p640x4.pdf
04,03,09,p642x3,,https://assets.publishing.service.gov.uk/media/5eeb4d27e90e076450c194d6/traffic-sign-drawing-schedule-04-part-03-item-09-p642x3.pdf,Original PDFs/Schedule 04/traffic-sign-drawing-schedule-04-part-03-item-09-p642x3.pdf
04,03,10,p642x2a,,https://assets.publishing.service.gov.uk/media/5eeb4d52e90e07644c942c57/traffic-sign-drawing-schedule-04-part-03-item-10-p642x2a.pdf,Original PDFs/Schedule 04/traffic-sign-drawing-schedule-04-part-03-item-10-p642x2a.pdf
04,04,02,p660x3,,https://assets.publishing.service.gov.uk/media/5eeb4d83e90e076449c67b5c/traffic-sign-drawing-schedule-04-part-04-item-02-p660x3.pdf,Original PDFs/Schedule 04/traffic-sign-drawing-schedule-04-part-04-item-02-p660x3.pdf
04,04,02,p660x6,,https://assets.publishing.service.gov.uk/media/5eeb4dad86650c2d29c87203/traffic-sign-drawing-schedule-04-part-04-item-02-p660x6.pdf,Original PDFs/Schedule 04/traffic-sign-drawing-schedule-04-part-04-item-02-p660x6.pdf
04,04,02,p660x7,,https://assets.publishing.service.gov.uk/media/5eeb4dd486650c2d26963b36/traffic-sign-drawing-schedule-04-part-04-item-02-p660x7.pdf,Original PDFs/Schedule 04/traffic-sign-drawing-schedule-04-part-04-item-02-p660x7.pdf
04,04,02,p661x1,,https://assets.publishing.service.gov.uk/media/5eeb4e89e90e076450c194d7/traffic-sign-drawing-schedule-04-part-04-item-02-p661x1.pdf,Original PDFs/Schedule 04/traffic-sign-drawing-schedule-04-part-04-item-02-p661x1.pdf
04,04,02,p661x2a,,https://assets.publishing.service.gov.uk/media/5eeb4eb4d3bf7f7fd1f5e449/traffic-sign-drawing-schedule-04-part-04-item-02-p661x2a.pdf,Original PDFs/Schedule 04/traffic-sign-drawing-schedule-04-part-04-item-02-p661x2a.pdf
04,04,02,p661x3a,,https://assets.publishing.service.gov.uk/media/5eeb4ed2e90e07645173984b/traffic-sign-drawing-schedule-04-part-04-item-02-p661x3a.pdf,Original PDFs/Schedule 04/traffic-sign-drawing-schedule-04-part-04-item-02-p661x3a.pdf
04,04,02,s43,,https://assets.publishing.service.gov.uk/media/5eeb4ef0d3bf7f7fd0e4b62a/traffic-sign-drawing-schedule-04-part-04-item-02-s43.pdf,Original PDFs/Schedule 04/traffic-sign-drawing-schedule-04-part-04-item-02-s43.pdf
04,04,03,p667,,https://assets.publishing.service.gov.uk/media/5eeb4f13e90e07644e3b8f3c/traffic-sign-drawing-schedule-04-part-04-item-03-p667.pdf,Original PDFs/Schedule 04/traffic-sign-drawing-schedule-04-part-04-item-03-p667.pdf
04,04,04,p668x1,,https://assets.publishing.service.gov.uk/media/5eeb4f3086650c2d26963b37/traffic-sign-drawing-schedule-04-part-04-item-04-p668x1.pdf,Original PDFs/Schedule 04/traffic-sign-drawing-schedule-04-part-04-item-04-p668x1.pdf
04,04,07,661x2a,,https://assets.publishing.service.gov.uk/media/5eeb4f6e86650c2d26963b38/traffic-sign-drawing-schedule-04-part-04-item-07-661x2a.pdf,Original PDFs/Schedule 04/traffic-sign-drawing-schedule-04-part-04-item-07-661x2a.pdf
04,04,07,661x3a,,https://assets.publishing.service.gov.uk/media/5eeb4f8ae90e07644629bab5/traffic-sign-drawing-schedule-04-part-04-item-07-661x3a.pdf,Original PDFs/Schedule 04/traffic-sign-drawing-schedule-04-part-04-item-07-661x3a.pdf
04,04,08,661x4,,https://assets.publishing.service.gov.uk/media/5eeb4fb0d3bf7f7fd1f5e44a/traffic-sign-drawing-schedule-04-part-04-item-08-661x4.pdf,Original PDFs/Schedule 04/traffic-sign-drawing-schedule-04-part-04-item-08-661x4.pdf
04,05,01,p661x1,,https://assets.publishing.service.gov.uk/media/5eeb5269d3bf7f7fd0e4b62c/traffic-sign-drawing-schedule-04-part-05-item-01-p661x1.pdf,Original PDFs/Schedule 04/traffic-sign-drawing-schedule-04-part-05-item-01-p661x1.pdf
04,05,01,s23,,https://assets.publishing.service.gov.uk/media/5eeb5290d3bf7f7fc42461cf/traffic-sign-drawing-schedule-04-part-05-item-01-s23.pdf,Original PDFs/Schedule 04/traffic-sign-drawing-schedule-04-part-05-item-01-s23.pdf
04,05,02,p661x1,,https://assets.publishing.service.gov.uk/media/5eeb52ae86650c2d2c94af1c/traffic-sign-drawing-schedule-04-part-05-item-02-p661x1.pdf,Original PDFs/Schedule 04/traffic-sign-drawing-schedule-04-part-05-item-02-p661x1.pdf
04,05,02,s16,,https://assets.publishing.service.gov.uk/media/5eeb52cde90e076455e03738/traffic-sign-drawing-schedule-04-part-05-item-02-s16.pdf,Original PDFs/Schedule 04/traffic-sign-drawing-schedule-04-part-05-item-02-s16.pdf
04,05,03,p661x1,,https://assets.publishing.service.gov.uk/media/5eeb52f6d3bf7f7fccafb06d/traffic-sign-drawing-schedule-04-part-05-item-03-p661x1.pdf,Original PDFs/Schedule 04/traffic-sign-drawing-schedule-04-part-05-item-03-p661x1.pdf
04,05,03,s25,,https://assets.publishing.service.gov.uk/media/5eeb531686650c2d2a3b5cb7/traffic-sign-drawing-schedule-04-part-05-item-03-s25.pdf,Original PDFs/Schedule 04/traffic-sign-drawing-schedule-04-part-05-item-03-s25.pdf
04,05,04,p661a,,https://assets.publishing.service.gov.uk/media/5eeb5336d3bf7f7fc8b16dd6/traffic-sign-drawing-schedule-04-part-05-item-04-p661a.pdf,Original PDFs/Schedule 04/traffic-sign-drawing-schedule-04-part-05-item-04-p661a.pdf
04,05,04,s45,,https://assets.publishing.service.gov.uk/media/5eeb5358d3bf7f7fd1f5e44f/traffic-sign-drawing-schedule-04-part-05-item-04-s45.pdf,Original PDFs/Schedule 04/traffic-sign-drawing-schedule-04-part-05-item-04-s45.pdf
04,05,05,p660x8,,https://assets.publishing.service.gov.uk/media/5eeb537be90e07644df4b626/traffic-sign-drawing-schedule-04-part-05-item-05-p660x8.pdf,Original PDFs/Schedule 04/traffic-sign-drawing-schedule-04-part-05-item-05-p660x8.pdf
04,05,05,s64,,https://assets.publishing.service.gov.uk/media/5eeb539ce90e07644b1ae8e2/traffic-sign-drawing-schedule-04-part-05-item-05-s64.pdf,Original PDFs/Schedule 04/traffic-sign-drawing-schedule-04-part-05-item-05-s64.pdf
04,05,06,s66,,https://assets.publishing.service.gov.uk/media/5eeb53bb86650c2d29c87208/traffic-sign-drawing-schedule-04-part-05-item-06-s66.pdf,Original PDFs/Schedule 04/traffic-sign-drawing-schedule-04-part-05-item-06-s66.pdf
04,05,07,p660x9,,https://assets.publishing.service.gov.uk/media/5eeb53dad3bf7f7fc6fcc94c/traffic-sign-drawing-schedule-04-part-05-item-07-p660x9.pdf,Original PDFs/Schedule 04/traffic-sign-drawing-schedule-04-part-05-item-07-p660x9.pdf
04,05,07,s65,,https://assets.publishing.service.gov.uk/media/5eeb53ffe90e07644fae4213/traffic-sign-drawing-schedule-04-part-05-item-07-s65.pdf,Original PDFs/Schedule 04/traffic-sign-drawing-schedule-04-part-05-item-07-s65.pdf
04,05,08,p660x5,,https://assets.publishing.service.gov.uk/media/5eeb5426e90e076455e0373b/traffic-sign-drawing-schedule-04-part-05-item-08-p660x5.pdf,Original PDFs/Schedule 04/traffic-sign-drawing-schedule-04-part-05-item-08-p660x5.pdf
05,01,02,p804x4,,https://assets.publishing.service.gov.uk/media/5eb3db4586650c279626e562/traffic-sign-drawing-schedule-05-part-01-item-02-p804x4.pdf,Original PDFs/Schedule 05/traffic-sign-drawing-schedule-05-part-01-item-02-p804x4.pdf
05,01,03,p804x2,,https://assets.publishing.service.gov.uk/media/5eb3db59e90e07083d4bd825/traffic-sign-drawing-schedule-05-part-01-item-03-p804x2.pdf,Original PDFs/Schedule 05/traffic-sign-drawing-schedule-05-part-01-item-03-p804x2.pdf
05,01,04,p804x3,,https://assets.publishing.service.gov.uk/media/5eb3db8186650c278fc64b43/traffic-sign-drawing-schedule-05-part-01-item-04-p804x3.pdf,Original PDFs/Schedule 05/traffic-sign-drawing-schedule-05-part-01-item-04-p804x3.pdf
05,01,05,p804x1,,https://assets.publishing.service.gov.uk/media/5eb3db8186650c27955a8919/traffic-sign-drawing-schedule-05-part-01-item-05-p804x1.pdf,Original PDFs/Schedule 05/traffic-sign-drawing-schedule-05-part-01-item-05-p804x1.pdf
05,01,06,p969,,https://assets.publishing.service.gov.uk/media/5eb3db8186650c2791ec70c3/traffic-sign-drawing-schedule-05-part-01-item-06-p969.pdf,Original PDFs/Schedule 05/traffic-sign-drawing-schedule-05-part-01-item-06-p969.pdf
05,03,01,p663,,https://assets.publishing.service.gov.uk/media/5eb3db88d3bf7f5d395502ce/traffic-sign-drawing-schedule-05-part-03-item-01-p663.pdf,Original PDFs/Schedule 05/traffic-sign-drawing-schedule-05-part-03-item-01-p663.pdf
05,03,02,p663x2,,https://assets.publishing.service.gov.uk/media/5eb3dba586650c27955a891a/traffic-sign-drawing-schedule-05-part-03-item-02-p663x2.pdf,Original PDFs/Schedule 05/traffic-sign-drawing-schedule-05-part-03-item-02-p663x2.pdf
05,03,03,p663x1,,https://assets.publishing.service.gov.uk/media/5eb3dbc6d3bf7f5d3c74a2a5/traffic-sign-drawing-schedule-05-part-03-item-03-p663x1.pdf,Original PDFs/Schedule 05/traffic-sign-drawing-schedule-05-part-03-item-03-p663x1.pdf
05,03,04,p665,,https://assets.publishing.service.gov.uk/media/5eb3dbd686650c279626e563/traffic-sign-drawing-schedule-05-part-03-item-04-p665.pdf,Original PDFs/Schedule 05/traffic-sign-drawing-schedule-05-part-03-item-04-p665.pdf
05,03,05,p663x3,,https://assets.publishing.service.gov.uk/media/5eb3dbe486650c27955a891b/traffic-sign-drawing-schedule-05-part-03-item-05-p663x3.pdf,Original PDFs/Schedule 05/traffic-sign-drawing-schedule-05-part-03-item-05-p663x3.pdf
05,03,06,p660x4,,https://assets.publishing.service.gov.uk/media/5eb3dbf586650c27932663ef/traffic-sign-drawing-schedule-05-part-03-item-06-p660x4.pdf,Original PDFs/Schedule 05/traffic-sign-drawing-schedule-05-part-03-item-06-p660x4.pdf
05,03,07,np428x1,,https://assets.publishing.service.gov.uk/media/5eb3dc0286650c279626e564/traffic-sign-drawing-schedule-05-part-03-item-07-np428x1.pdf,Original PDFs/Schedule 05/traffic-sign-drawing-schedule-05-part-03-item-07-np428x1.pdf
06,02,01,s43,,https://assets.publishing.service.gov.uk/media/5ed668e386650c76ab17fca3/traffic-sign-drawing-schedule-06-part-02-item-01-s43.pdf,Original PDFs/Schedule 06/traffic-sign-drawing-schedule-06-part-02-item-01-s43.pdf
06,02,02,p667,,https://assets.publishing.service.gov.uk/media/5ed668f886650c76ab17fca4/traffic-sign-drawing-schedule-06-part-02-item-02-p667.pdf,Original PDFs/Schedule 06/traffic-sign-drawing-schedule-06-part-02-item-02-p667.pdf
06,02,03,p668x1,,https://assets.publishing.service.gov.uk/media/5ed66903e90e0754d5088b10/traffic-sign-drawing-schedule-06-part-02-item-03-p668x1.pdf,Original PDFs/Schedule 06/traffic-sign-drawing-schedule-06-part-02-item-03-p668x1.pdf
06,02,04,s23,,https://assets.publishing.service.gov.uk/media/5ed66917e90e0754d96bb77e/traffic-sign-drawing-schedule-06-part-02-item-04-s23.pdf,Original PDFs/Schedule 06/traffic-sign-drawing-schedule-06-part-02-item-04-s23.pdf
06,02,05,s16,,https://assets.publishing.service.gov.uk/media/5ed66922d3bf7f45f9a51423/traffic-sign-drawing-schedule-06-part-02-item-05-s16.pdf,Original PDFs/Schedule 06/traffic-sign-drawing-schedule-06-part-02-item-05-s16.pdf
06,02,06,s25,,https://assets.publishing.service.gov.uk/media/5ed6692de90e0754d3f5eef7/traffic-sign-drawing-schedule-06-part-02-item-06-s25.pdf,Original PDFs/Schedule 06/traffic-sign-drawing-schedule-06-part-02-item-06-s25.pdf
06,02,07,s45,,https://assets.publishing.service.gov.uk/media/5ed669fae90e0754d6c48102/traffic-sign-drawing-schedule-06-part-02-item-07-s45.pdf,Original PDFs/Schedule 06/traffic-sign-drawing-schedule-06-part-02-item-07-s45.pdf
06,02,08,s64,,https://assets.publishing.service.gov.uk/media/5ed66a0bd3bf7f45f9a51424/traffic-sign-drawing-schedule-06-part-02-item-08-s64.pdf,Original PDFs/Schedule 06/traffic-sign-drawing-schedule-06-part-02-item-08-s64.pdf
06,02,09,s66,,https://assets.publishing.service.gov.uk/media/5ed66a16e90e0754d1dedffc/traffic-sign-drawing-schedule-06-part-02-item-09-s66.pdf,Original PDFs/Schedule 06/traffic-sign-drawing-schedule-06-part-02-item-09-s66.pdf
06,02,10,s65,,https://assets.publishing.service.gov.uk/media/5ed66a21d3bf7f45fa098ac0/traffic-sign-drawing-schedule-06-part-02-item-10-s65.pdf,Original PDFs/Schedule 06/traffic-sign-drawing-schedule-06-part-02-item-10-s65.pdf
06,02,11,p660x5,,https://assets.publishing.service.gov.uk/media/5ed66a58e90e0754d1dedffd/traffic-sign-drawing-schedule-06-part-02-item-11-p660x5.pdf,Original PDFs/Schedule 06/traffic-sign-drawing-schedule-06-part-02-item-11-p660x5.pdf
06,02,12,s06,,https://assets.publishing.service.gov.uk/media/5ed66a6ce90e0754d8fb3a32/traffic-sign-drawing-schedule-06-part-02-item-12-s06.pdf,Original PDFs/Schedule 06/traffic-sign-drawing-schedule-06-part-02-item-12-s06.pdf
06,02,13,s43,,https://assets.publishing.service.gov.uk/media/5ed66a77e90e0754d8fb3a34/traffic-sign-drawing-schedule-06-part-02-item-13-s43.pdf,Original PDFs/Schedule 06/traffic-sign-drawing-schedule-06-part-02-item-13-s43.pdf
07,02,01,p664,,https://assets.publishing.service.gov.uk/media/5ed6840cd3bf7f4601e576df/traffic-sign-drawing-schedule-07-part-02-item-01-p664.pdf,Original PDFs/Schedule 07/traffic-sign-drawing-schedule-07-part-02-item-01-p664.pdf
07,02,02,p666,,https://assets.publishing.service.gov.uk/media/5ed68431d3bf7f45ff9c2823/traffic-sign-drawing-schedule-07-part-02-item-02-p666.pdf,Original PDFs/Schedule 07/traffic-sign-drawing-schedule-07-part-02-item-02-p666.pdf
07,02,03,p664x1,,https://assets.publishing.service.gov.uk/media/5ed68425e90e0754cf07cb7f/traffic-sign-drawing-schedule-07-part-02-item-03-p664x1.pdf,Original PDFs/Schedule 07/traffic-sign-drawing-schedule-07-part-02-item-03-p664x1.pdf
07,02,05,p640x5,,https://assets.publishing.service.gov.uk/media/5ed6844fe90e0754d96bb781/traffic-sign-drawing-schedule-07-part-02-item-05-p640x5.pdf,Original PDFs/Schedule 07/traffic-sign-drawing-schedule-07-part-02-item-05-p640x5.pdf
07,02,06,p646,,https://assets.publishing.service.gov.uk/media/5ed68474e90e0754d96bb782/traffic-sign-drawing-schedule-07-part-02-item-06-p646.pdf,Original PDFs/Schedule 07/traffic-sign-drawing-schedule-07-part-02-item-06-p646.pdf
07,02,07,p647,,https://assets.publishing.service.gov.uk/media/5ed68493d3bf7f45fe60a97b/traffic-sign-drawing-schedule-07-part-02-item-07-p647.pdf,Original PDFs/Schedule 07/traffic-sign-drawing-schedule-07-part-02-item-07-p647.pdf
07,02,10,np428x2,,https://assets.publishing.service.gov.uk/media/5ed684add3bf7f460515d207/traffic-sign-drawing-schedule-07-part-02-item-10-np428x2.pdf,Original PDFs/Schedule 07/traffic-sign-drawing-schedule-07-part-02-item-10-np428x2.pdf
07,02,11,np428x1,,https://assets.publishing.service.gov.uk/media/5ed684e0d3bf7f460894eb58/traffic-sign-drawing-schedule-07-part-02-item-11-np428x1.pdf,Original PDFs/Schedule 07/traffic-sign-drawing-schedule-07-part-02-item-11-np428x1.pdf
07,02,12,p667,,https://assets.publishing.service.gov.uk/media/5ed684ed86650c76b02b2dae/traffic-sign-drawing-schedule-07-part-02-item-12-p667.pdf,Original PDFs/Schedule 07/traffic-sign-drawing-schedule-07-part-02-item-12-p667.pdf
07,02,13,p668,,https://assets.publishing.service.gov.uk/media/5ed6852986650c76a4ca43cf/traffic-sign-drawing-schedule-07-part-02-item-13-p668.pdf,Original PDFs/Schedule 07/traffic-sign-drawing-schedule-07-part-02-item-13-p668.pdf
07,02,14,p667x1,,https://assets.publishing.service.gov.uk/media/5ed68546e90e0754dbf67bf5/traffic-sign-drawing-schedule-07-part-02-item-14-p667x1.pdf,Original PDFs/Schedule 07/traffic-sign-drawing-schedule-07-part-02-item-14-p667x1.pdf
07,02,15,p668x1,,https://assets.publishing.service.gov.uk/media/5ed68554d3bf7f46049120c8/traffic-sign-drawing-schedule-07-part-02-item-15-p668x1.pdf,Original PDFs/Schedule 07/traffic-sign-drawing-schedule-07-part-02-item-15-p668x1.pdf
07,02,16,p667x2,,https://assets.publishing.service.gov.uk/media/5ed6858fe90e0754d3f5eefc/traffic-sign-drawing-schedule-07-part-02-item-16-p667x2.pdf,Original PDFs/Schedule 07/traffic-sign-drawing-schedule-07-part-02-item-16-p667x2.pdf
07,02,17,p668x2,,https://assets.publishing.service.gov.uk/media/5ed6859bd3bf7f45fdcf6921/traffic-sign-drawing-schedule-07-part-02-item-17-p668x2.pdf,Original PDFs/Schedule 07/traffic-sign-drawing-schedule-07-part-02-item-17-p668x2.pdf
07,04,05,p1028x2,,https://assets.publishing.service.gov.uk/media/5ed685a9e90e0754cf07cb80/traffic-sign-drawing-schedule-07-part-04-item-05-p1028x2.pdf,Original PDFs/Schedule 07/traffic-sign-drawing-schedule-07-part-04-item-05-p1028x2.pdf
07,04,06,p1028x4,,https://assets.publishing.service.gov.uk/media/5ed685b786650c76b02b2daf/traffic-sign-drawing-schedule-07-part-04-item-06-p1028x4.pdf,Original PDFs/Schedule 07/traffic-sign-drawing-schedule-07-part-04-item-06-p1028x4.pdf
07,04,10,p1027x1,,https://assets.publishing.service.gov.uk/media/5ed685c7e90e0754dbf67bf6/traffic-sign-drawing-schedule-07-part-04-item-10-p1027x1.pdf,Original PDFs/Schedule 07/traffic-sign-drawing-schedule-07-part-04-item-10-p1027x1.pdf
08,02,01,p618x2,,https://assets.publishing.service.gov.uk/media/5ef09b9d86650c11343b891b/traffic-sign-drawing-schedule-08-part-02-item-01-p618x2.pdf,Original PDFs/Schedule 08/traffic-sign-drawing-schedule-08-part-02-item-01-p618x2.pdf
08,02,02,p618x3,,https://assets.publishing.service.gov.uk/media/62613c24e90e07168973e182/traffic-sign-drawing-schedule-08-part-02-item-02-p618x3.pdf,Original PDFs/Schedule 08/traffic-sign-drawing-schedule-08-part-02-item-02-p618x3.pdf
08,02,03,p618x4,,https://assets.publishing.service.gov.uk/media/5ef09be0e90e0741efe1fa4e/traffic-sign-drawing-schedule-08-part-02-item-03-p618x4.pdf,Original PDFs/Schedule 08/traffic-sign-drawing-schedule-08-part-02-item-03-p618x4.pdf
08,04,01,ns67,,https://assets.publishing.service.gov.uk/media/5ef09c11d3bf7f6c06ec393d/traffic-sign-drawing-schedule-08-part-04-item-01-ns67.pdf,Original PDFs/Schedule 08/traffic-sign-drawing-schedule-08-part-04-item-01-ns67.pdf
08,04,07,ns67,,https://assets.publishing.service.gov.uk/media/5ef09c2a86650c113d4892b2/traffic-sign-drawing-schedule-08-part-04-item-07-ns67.pdf,Original PDFs/Schedule 08/traffic-sign-drawing-schedule-08-part-04-item-07-ns67.pdf
09,02,01,p601x1,,https://assets.publishing.service.gov.uk/media/5ed661a8e90e0754d4e62547/traffic-sign-drawing-schedule-09-part-02-item-01-p601x1.pdf,Original PDFs/Schedule 09/traffic-sign-drawing-schedule-09-part-02-item-01-p601x1.pdf
09,02,02,p602,,https://assets.publishing.service.gov.uk/media/5ed661cfe90e0754d5088b0d/traffic-sign-drawing-schedule-09-part-02-item-02-p602.pdf,Original PDFs/Schedule 09/traffic-sign-drawing-schedule-09-part-02-item-02-p602.pdf
09,02,03,p608,,https://assets.publishing.service.gov.uk/media/5ed661e6e90e0754d4e62548/traffic-sign-drawing-schedule-09-part-02-item-03-p608.pdf,Original PDFs/Schedule 09/traffic-sign-drawing-schedule-09-part-02-item-03-p608.pdf
09,02,04,p778,,https://assets.publishing.service.gov.uk/media/5ed66276d3bf7f45f9a51422/traffic-sign-drawing-schedule-09-part-02-item-04-p778.pdf,Original PDFs/Schedule 09/traffic-sign-drawing-schedule-09-part-02-item-04-p778.pdf
09,02,05,p778x1,,https://assets.publishing.service.gov.uk/media/5ed66294e90e0754cc92fb6d/traffic-sign-drawing-schedule-09-part-02-item-05-p778x1.pdf,Original PDFs/Schedule 09/traffic-sign-drawing-schedule-09-part-02-item-05-p778x1.pdf
09,02,06,p611x1,,https://assets.publishing.service.gov.uk/media/5ed662abe90e0754d5088b0e/traffic-sign-drawing-schedule-09-part-02-item-06-p611x1.pdf,Original PDFs/Schedule 09/traffic-sign-drawing-schedule-09-part-02-item-06-p611x1.pdf
09,04,01,p651,,https://assets.publishing.service.gov.uk/media/5ed662bf86650c76ae1d645b/traffic-sign-drawing-schedule-09-part-04-item-01-p651.pdf,Original PDFs/Schedule 09/traffic-sign-drawing-schedule-09-part-04-item-01-p651.pdf
09,04,02,p626x2a,,https://assets.publishing.service.gov.uk/media/5ed662d6e90e0754cc92fb6e/traffic-sign-drawing-schedule-09-part-04-item-02-p626x2a.pdf,Original PDFs/Schedule 09/traffic-sign-drawing-schedule-09-part-04-item-02-p626x2a.pdf
09,04,03,np818x4a,,https://assets.publishing.service.gov.uk/media/5ed662fb86650c76b2fe7540/traffic-sign-drawing-schedule-09-part-04-item-03-np818x4a.pdf,Original PDFs/Schedule 09/traffic-sign-drawing-schedule-09-part-04-item-03-np818x4a.pdf
09,04,04,p784x1,,https://assets.publishing.service.gov.uk/media/5ed6635a86650c76b148ad4c/traffic-sign-drawing-schedule-09-part-04-item-04-p784x1.pdf,Original PDFs/Schedule 09/traffic-sign-drawing-schedule-09-part-04-item-04-p784x1.pdf
09,04,05,p652,,https://assets.publishing.service.gov.uk/media/5ed66379e90e0754da4eaaea/traffic-sign-drawing-schedule-09-part-04-item-05-p652.pdf,Original PDFs/Schedule 09/traffic-sign-drawing-schedule-09-part-04-item-05-p652.pdf
09,04,06,p960x1,,https://assets.publishing.service.gov.uk/media/5ed6639486650c76a9e44725/traffic-sign-drawing-schedule-09-part-04-item-06-p960x1.pdf,Original PDFs/Schedule 09/traffic-sign-drawing-schedule-09-part-04-item-06-p960x1.pdf
09,04,07,p960x2-document,,https://assets.publishing.service.gov.uk/media/5ed76f55e90e0754cc92fb7d/traffic-sign-drawing-schedule-09-part-04-item-07-p960x2-document.pdf,Original PDFs/Schedule 09/traffic-sign-drawing-schedule-09-part-04-item-07-p960x2-document.pdf
09,04,08,p960,,https://assets.publishing.service.gov.uk/media/5ed6640a86650c76a551df90/traffic-sign-drawing-schedule-09-part-04-item-08-p960.pdf,Original PDFs/Schedule 09/traffic-sign-drawing-schedule-09-part-04-item-08-p960.pdf
09,04,09,p959x1,,https://assets.publishing.service.gov.uk/media/5ed66417e90e0754da4eaaec/traffic-sign-drawing-schedule-09-part-04-item-09-p959x1.pdf,Original PDFs/Schedule 09/traffic-sign-drawing-schedule-09-part-04-item-09-p959x1.pdf
09,04,10,np959x10,,https://assets.publishing.service.gov.uk/media/5ed664a686650c76aaa5d620/traffic-sign-drawing-schedule-09-part-04-item-10-np959x10.pdf,Original PDFs/Schedule 09/traffic-sign-drawing-schedule-09-part-04-item-10-np959x10.pdf
09,04,11,p964,,https://assets.publishing.service.gov.uk/media/5ed664b3e90e0754d96bb77c/traffic-sign-drawing-schedule-09-part-04-item-11-p964.pdf,Original PDFs/Schedule 09/traffic-sign-drawing-schedule-09-part-04-item-11-p964.pdf
09,04,12,p2602x3,,https://assets.publishing.service.gov.uk/media/5ed664dbd3bf7f45fcf2c5f2/traffic-sign-drawing-schedule-09-part-04-item-12-p2602x3.pdf,Original PDFs/Schedule 09/traffic-sign-drawing-schedule-09-part-04-item-12-p2602x3.pdf
09,04,13,p2901,,https://assets.publishing.service.gov.uk/media/5ed664f2d3bf7f45fdcf691f/traffic-sign-drawing-schedule-09-part-04-item-13-p2901.pdf,Original PDFs/Schedule 09/traffic-sign-drawing-schedule-09-part-04-item-13-p2901.pdf
09,04,14,p2930,,https://assets.publishing.service.gov.uk/media/5ed664fe86650c76b148ad4e/traffic-sign-drawing-schedule-09-part-04-item-14-p2930.pdf,Original PDFs/Schedule 09/traffic-sign-drawing-schedule-09-part-04-item-14-p2930.pdf
09,04,15,p2931,,https://assets.publishing.service.gov.uk/media/5ed66508d3bf7f4601e576db/traffic-sign-drawing-schedule-09-part-04-item-15-p2931.pdf,Original PDFs/Schedule 09/traffic-sign-drawing-schedule-09-part-04-item-15-p2931.pdf
09,04,16,p2932,,https://assets.publishing.service.gov.uk/media/5ed66521d3bf7f4606f1e169/traffic-sign-drawing-schedule-09-part-04-item-16-p2932.pdf,Original PDFs/Schedule 09/traffic-sign-drawing-schedule-09-part-04-item-16-p2932.pdf
09,06,05,p1003x4,,https://assets.publishing.service.gov.uk/media/5ed66595e90e0754da4eaaed/traffic-sign-drawing-schedule-09-part-06-item-05-p1003x4.pdf,Original PDFs/Schedule 09/traffic-sign-drawing-schedule-09-part-06-item-05-p1003x4.pdf
09,06,12,p1050,,https://assets.publishing.service.gov.uk/media/5ed665b9e90e0754d3f5eef6/traffic-sign-drawing-schedule-09-part-06-item-12-p1050.pdf,Original PDFs/Schedule 09/traffic-sign-drawing-schedule-09-part-06-item-12-p1050.pdf
10,02,01,p670,,https://assets.publishing.service.gov.uk/media/5eb2fa28e90e070833a51654/traffic-sign-drawing-schedule-10-part-02-item-01-p670.pdf,Original PDFs/Schedule 10/traffic-sign-drawing-schedule-10-part-02-item-01-p670.pdf
10,02,02,p671,,https://assets.publishing.service.gov.uk/media/5a80d4c440f0b62302695bea/traffic-sign-drawing-schedule-10-part-02-item-02-p671.pdf,Original PDFs/Schedule 10/traffic-sign-drawing-schedule-10-part-02-item-02-p671.pdf
10,02,03,p672,,https://assets.publishing.service.gov.uk/media/5eb2f27186650c279020b289/traffic-sign-drawing-schedule-10-part-02-item-03-p672.pdf,Original PDFs/Schedule 10/traffic-sign-drawing-schedule-10-part-02-item-03-p672.pdf
10,02,04,p673,,https://assets.publishing.service.gov.uk/media/5eb2f27dd3bf7f5d43765c8d/traffic-sign-drawing-schedule-10-part-02-item-04-p673.pdf,Original PDFs/Schedule 10/traffic-sign-drawing-schedule-10-part-02-item-04-p673.pdf
10,02,05,p674,,https://assets.publishing.service.gov.uk/media/5eb2f28786650c27955a8913/traffic-sign-drawing-schedule-10-part-02-item-05-p674.pdf,Original PDFs/Schedule 10/traffic-sign-drawing-schedule-10-part-02-item-05-p674.pdf
10,02,06,p675,,https://assets.publishing.service.gov.uk/media/5eb2f297e90e07082fa57cab/traffic-sign-drawing-schedule-10-part-02-item-06-p675.pdf,Original PDFs/Schedule 10/traffic-sign-drawing-schedule-10-part-02-item-06-p675.pdf
10,02,07,p675,,https://assets.publishing.service.gov.uk/media/5eb2f2a2e90e07083d4bd816/traffic-sign-drawing-schedule-10-part-02-item-07-p675.pdf,Original PDFs/Schedule 10/traffic-sign-drawing-schedule-10-part-02-item-07-p675.pdf
10,02,09,p1065,,https://assets.publishing.service.gov.uk/media/5eb2f2b086650c279a4c1caf/traffic-sign-drawing-schedule-10-part-02-item-09-p1065.pdf,Original PDFs/Schedule 10/traffic-sign-drawing-schedule-10-part-02-item-09-p1065.pdf
11,02,01,p811,,https://assets.publishing.service.gov.uk/media/5ed6185ed3bf7f45f9a51413/traffic-sign-drawing-schedule-11-part-02-item-01-p811.pdf,Original PDFs/Schedule 11/traffic-sign-drawing-schedule-11-part-02-item-01-p811.pdf
11,02,02,p810,,https://assets.publishing.service.gov.uk/media/5ed61814d3bf7f460894eb44/traffic-sign-drawing-schedule-11-part-02-item-02-p810.pdf,Original PDFs/Schedule 11/traffic-sign-drawing-schedule-11-part-02-item-02-p810.pdf
11,02,03,p814x2,,https://assets.publishing.service.gov.uk/media/5ed6187ee90e0754d1dedfed/traffic-sign-drawing-schedule-11-part-02-item-03-p814x2.pdf,Original PDFs/Schedule 11/traffic-sign-drawing-schedule-11-part-02-item-03-p814x2.pdf
11,02,04,p814x1,,https://assets.publishing.service.gov.uk/media/5ed618b386650c76a9e44715/traffic-sign-drawing-schedule-11-part-02-item-04-p814x1.pdf,Original PDFs/Schedule 11/traffic-sign-drawing-schedule-11-part-02-item-04-p814x1.pdf
11,02,05,p816,,https://assets.publishing.service.gov.uk/media/5ed618ce86650c76b2fe752d/traffic-sign-drawing-schedule-11-part-02-item-05-p816.pdf,Original PDFs/Schedule 11/traffic-sign-drawing-schedule-11-part-02-item-05-p816.pdf
11,02,06,p816x1,,https://assets.publishing.service.gov.uk/media/5ed61908d3bf7f46049120b0/traffic-sign-drawing-schedule-11-part-02-item-06-p816x1.pdf,Original PDFs/Schedule 11/traffic-sign-drawing-schedule-11-part-02-item-06-p816x1.pdf
11,02,07,p817,,https://assets.publishing.service.gov.uk/media/5ed6191c86650c76a4ca43b7/traffic-sign-drawing-schedule-11-part-02-item-07-p817.pdf,Original PDFs/Schedule 11/traffic-sign-drawing-schedule-11-part-02-item-07-p817.pdf
11,02,08,p821,,https://assets.publishing.service.gov.uk/media/5ed61933e90e0754d6c480f1/traffic-sign-drawing-schedule-11-part-02-item-08-p821.pdf,Original PDFs/Schedule 11/traffic-sign-drawing-schedule-11-part-02-item-08-p821.pdf
11,02,09,p822,,https://assets.publishing.service.gov.uk/media/5ed6195ed3bf7f46049120b1/traffic-sign-drawing-schedule-11-part-02-item-09-p822.pdf,Original PDFs/Schedule 11/traffic-sign-drawing-schedule-11-part-02-item-09-p822.pdf
11,02,11,p818x1,,https://assets.publishing.service.gov.uk/media/5ed6196cd3bf7f4601e576cf/traffic-sign-drawing-schedule-11-part-02-item-11-p818x1.pdf,Original PDFs/Schedule 11/traffic-sign-drawing-schedule-11-part-02-item-11-p818x1.pdf
11,02,12,p818x1a,,https://assets.publishing.service.gov.uk/media/5ed6197de90e0754d3f5eee1/traffic-sign-drawing-schedule-11-part-02-item-12-p818x1a.pdf,Original PDFs/Schedule 11/traffic-sign-drawing-schedule-11-part-02-item-12-p818x1a.pdf
11,02,13,p820x1,,https://assets.publishing.service.gov.uk/media/5ed6199e86650c76adc36f65/traffic-sign-drawing-schedule-11-part-02-item-13-p820x1.pdf,Original PDFs/Schedule 11/traffic-sign-drawing-schedule-11-part-02-item-13-p820x1.pdf
11,02,14,p873,,https://assets.publishing.service.gov.uk/media/642173735155a2000c6ad76e/traffic-sign-drawing-schedule-11-part-02-item-14-p873.pdf,Original PDFs/Schedule 11/traffic-sign-drawing-schedule-11-part-02-item-14-p873.pdf
11,02,15,p872x1,,https://assets.publishing.service.gov.uk/media/5ed619dd86650c76acac384d/traffic-sign-drawing-schedule-11-part-02-item-15-p872x1.pdf,Original PDFs/Schedule 11/traffic-sign-drawing-schedule-11-part-02-item-15-p872x1.pdf
11,02,21,p823,,https://assets.publishing.service.gov.uk/media/5ed77004e90e0754cd08d6ba/traffic-sign-drawing-schedule-11-part-02-item-21-p823.pdf,Original PDFs/Schedule 11/traffic-sign-drawing-schedule-11-part-02-item-21-p823.pdf
11,02,22,p877,,https://assets.publishing.service.gov.uk/media/5ed61bc4d3bf7f46049120b2/traffic-sign-drawing-schedule-11-part-02-item-22-p877.pdf,Original PDFs/Schedule 11/traffic-sign-drawing-schedule-11-part-02-item-22-p877.pdf
11,02,23,p820,,https://assets.publishing.service.gov.uk/media/5ed77060e90e0754d1dee009/traffic-sign-drawing-schedule-11-part-02-item-23-p820.pdf,Original PDFs/Schedule 11/traffic-sign-drawing-schedule-11-part-02-item-23-p820.pdf
11,02,24,p820a,,https://assets.publishing.service.gov.uk/media/5ed61e8be90e0754d3f5eee2/traffic-sign-drawing-schedule-11-part-02-item-24-p820a.pdf,Original PDFs/Schedule 11/traffic-sign-drawing-schedule-11-part-02-item-24-p820a.pdf
11,02,25,p829x5,,https://assets.publishing.service.gov.uk/media/5ed770b3e90e0754cef003f3/traffic-sign-drawing-schedule-11-part-02-item-25-p829x5.pdf,Original PDFs/Schedule 11/traffic-sign-drawing-schedule-11-part-02-item-25-p829x5.pdf
11,02,26,p829x6,,https://assets.publishing.service.gov.uk/media/5ed770f486650c76a7c9af08/traffic-sign-drawing-schedule-11-part-02-item-26-p829x6.pdf,Original PDFs/Schedule 11/traffic-sign-drawing-schedule-11-part-02-item-26-p829x6.pdf
11,02,27,p881,,https://assets.publishing.service.gov.uk/media/5ed61f3786650c76a86d85d8/traffic-sign-drawing-schedule-11-part-02-item-27-p881.pdf,Original PDFs/Schedule 11/traffic-sign-drawing-schedule-11-part-02-item-27-p881.pdf
11,02,28,p882,,https://assets.publishing.service.gov.uk/media/5ed7713486650c76b148ad5a/traffic-sign-drawing-schedule-11-part-02-item-28-p882.pdf,Original PDFs/Schedule 11/traffic-sign-drawing-schedule-11-part-02-item-28-p882.pdf
11,02,29,np884-share-space,,https://assets.publishing.service.gov.uk/media/5ed7720486650c76a551dfa2/traffic-sign-drawing-schedule-11-part-02-item-29-np884-share-space.pdf,Original PDFs/Schedule 11/traffic-sign-drawing-schedule-11-part-02-item-29-np884-share-space.pdf
11,02,30,p884,,https://assets.publishing.service.gov.uk/media/5ed61fcad3bf7f45fdcf6913/traffic-sign-drawing-schedule-11-part-02-item-30-p884.pdf,Original PDFs/Schedule 11/traffic-sign-drawing-schedule-11-part-02-item-30-p884.pdf
11,02,31,p885,,https://assets.publishing.service.gov.uk/media/5ed61ff5e90e0754d1dedfef/traffic-sign-drawing-schedule-11-part-02-item-31-p885.pdf,Original PDFs/Schedule 11/traffic-sign-drawing-schedule-11-part-02-item-31-p885.pdf
11,02,32,p883,,https://assets.publishing.service.gov.uk/media/5ed62004d3bf7f4606f1e155/traffic-sign-drawing-schedule-11-part-02-item-32-p883.pdf,Original PDFs/Schedule 11/traffic-sign-drawing-schedule-11-part-02-item-32-p883.pdf
11,02,33,p953x3,,https://assets.publishing.service.gov.uk/media/5ed6202b86650c76b148ad38/traffic-sign-drawing-schedule-11-part-02-item-33-p953x3.pdf,Original PDFs/Schedule 11/traffic-sign-drawing-schedule-11-part-02-item-33-p953x3.pdf
11,02,34,p962,,https://assets.publishing.service.gov.uk/media/5ed62099d3bf7f46049120b3/traffic-sign-drawing-schedule-11-part-02-item-34-p962.pdf,Original PDFs/Schedule 11/traffic-sign-drawing-schedule-11-part-02-item-34-p962.pdf
11,02,35,p962x1,,https://assets.publishing.service.gov.uk/media/5ed6207ed3bf7f45fdcf6914/traffic-sign-drawing-schedule-11-part-02-item-35-p962x1.pdf,Original PDFs/Schedule 11/traffic-sign-drawing-schedule-11-part-02-item-35-p962x1.pdf
11,02,36,p962x2,,https://assets.publishing.service.gov.uk/media/5ed620b7e90e0754cc92fb5f/traffic-sign-drawing-schedule-11-part-02-item-36-p962x2.pdf,Original PDFs/Schedule 11/traffic-sign-drawing-schedule-11-part-02-item-36-p962x2.pdf
11,02,37,np958x12,,https://assets.publishing.service.gov.uk/media/5ed620e7e90e0754d1dedff0/traffic-sign-drawing-schedule-11-part-02-item-37-np958x12.pdf,Original PDFs/Schedule 11/traffic-sign-drawing-schedule-11-part-02-item-37-np958x12.pdf
11,02,38,p958x1,,https://assets.publishing.service.gov.uk/media/5ed62104d3bf7f4607b90af2/traffic-sign-drawing-schedule-11-part-02-item-38-p958x1.pdf,Original PDFs/Schedule 11/traffic-sign-drawing-schedule-11-part-02-item-38-p958x1.pdf
11,02,39,p2602x2,,https://assets.publishing.service.gov.uk/media/5ed62134e90e0754d2437cba/traffic-sign-drawing-schedule-11-part-02-item-39-p2602x2.pdf,Original PDFs/Schedule 11/traffic-sign-drawing-schedule-11-part-02-item-39-p2602x2.pdf
11,02,40,p963,,https://assets.publishing.service.gov.uk/media/5ed6214b86650c76aaa5d60c/traffic-sign-drawing-schedule-11-part-02-item-40-p963.pdf,Original PDFs/Schedule 11/traffic-sign-drawing-schedule-11-part-02-item-40-p963.pdf
11,02,41,p963x1,,https://assets.publishing.service.gov.uk/media/5ed621bf86650c76a69ceb95/traffic-sign-drawing-schedule-11-part-02-item-41-p963x1.pdf,Original PDFs/Schedule 11/traffic-sign-drawing-schedule-11-part-02-item-41-p963x1.pdf
11,02,42,p963x2,,https://assets.publishing.service.gov.uk/media/5ed621ced3bf7f46049120b4/traffic-sign-drawing-schedule-11-part-02-item-42-p963x2.pdf,Original PDFs/Schedule 11/traffic-sign-drawing-schedule-11-part-02-item-42-p963x2.pdf
11,02,43,p963x3,,https://assets.publishing.service.gov.uk/media/5ed621dde90e0754dbf67be3/traffic-sign-drawing-schedule-11-part-02-item-43-p963x3.pdf,Original PDFs/Schedule 11/traffic-sign-drawing-schedule-11-part-02-item-43-p963x3.pdf
11,02,44,p967,,https://assets.publishing.service.gov.uk/media/5ed621efe90e0754d4e6253a/traffic-sign-drawing-schedule-11-part-02-item-44-p967.pdf,Original PDFs/Schedule 11/traffic-sign-drawing-schedule-11-part-02-item-44-p967.pdf
11,02,45,p965,,https://assets.publishing.service.gov.uk/media/5ed62807e90e0754dbf67be4/traffic-sign-drawing-schedule-11-part-02-item-45-p965.pdf,Original PDFs/Schedule 11/traffic-sign-drawing-schedule-11-part-02-item-45-p965.pdf
11,02,46,p966,,https://assets.publishing.service.gov.uk/media/5ed62815e90e0754cf07cb72/traffic-sign-drawing-schedule-11-part-02-item-46-p966.pdf,Original PDFs/Schedule 11/traffic-sign-drawing-schedule-11-part-02-item-46-p966.pdf
11,02,47,p968,,https://assets.publishing.service.gov.uk/media/5ed6282e86650c76acac384e/traffic-sign-drawing-schedule-11-part-02-item-47-p968.pdf,Original PDFs/Schedule 11/traffic-sign-drawing-schedule-11-part-02-item-47-p968.pdf
11,02,48,p857x1,,https://assets.publishing.service.gov.uk/media/5ed6284ee90e0754d4e6253d/traffic-sign-drawing-schedule-11-part-02-item-48-p857x1.pdf,Original PDFs/Schedule 11/traffic-sign-drawing-schedule-11-part-02-item-48-p857x1.pdf
11,02,49,p2934,,https://assets.publishing.service.gov.uk/media/5ed62862e90e0754cd08d6a3/traffic-sign-drawing-schedule-11-part-02-item-49-p2934.pdf,Original PDFs/Schedule 11/traffic-sign-drawing-schedule-11-part-02-item-49-p2934.pdf
11,02,50,p2933,,https://assets.publishing.service.gov.uk/media/5ed6289bd3bf7f45fa098ab1/traffic-sign-drawing-schedule-11-part-02-item-50-p2933.pdf,Original PDFs/Schedule 11/traffic-sign-drawing-schedule-11-part-02-item-50-p2933.pdf
11,02,51,p2032,,https://assets.publishing.service.gov.uk/media/5ed628abe90e0754cef003da/traffic-sign-drawing-schedule-11-part-02-item-51-p2032.pdf,Original PDFs/Schedule 11/traffic-sign-drawing-schedule-11-part-02-item-51-p2032.pdf
11,02,52,p972,,https://assets.publishing.service.gov.uk/media/5ed6291886650c76b148ad3b/traffic-sign-drawing-schedule-11-part-02-item-52-p972.pdf,Original PDFs/Schedule 11/traffic-sign-drawing-schedule-11-part-02-item-52-p972.pdf
11,02,53,p857,,https://assets.publishing.service.gov.uk/media/5ed6292d86650c76ae1d6450/traffic-sign-drawing-schedule-11-part-02-item-53-p857.pdf,Original PDFs/Schedule 11/traffic-sign-drawing-schedule-11-part-02-item-53-p857.pdf
11,02,55,p2501,,https://assets.publishing.service.gov.uk/media/6887261cc02b468fa1ae09c8/traffic-sign-drawing-schedule-11-part-02-item-55-p2501.pdf,Original PDFs/Schedule 11/traffic-sign-drawing-schedule-11-part-02-item-55-p2501.pdf
11,02,56,p801,,https://assets.publishing.service.gov.uk/media/5ed6293c86650c76adc36f68/traffic-sign-drawing-schedule-11-part-02-item-56-p801.pdf,Original PDFs/Schedule 11/traffic-sign-drawing-schedule-11-part-02-item-56-p801.pdf
11,02,57,p2713x1,,https://assets.publishing.service.gov.uk/media/5ed63bc086650c76a4ca43c2/traffic-sign-drawing-schedule-11-part-02-item-57-p2713x1.pdf,Original PDFs/Schedule 11/traffic-sign-drawing-schedule-11-part-02-item-57-p2713x1.pdf
11,02,58,p2713,,https://assets.publishing.service.gov.uk/media/5ed63bd8d3bf7f45ff9c2819/traffic-sign-drawing-schedule-11-part-02-item-58-p2713.pdf,Original PDFs/Schedule 11/traffic-sign-drawing-schedule-11-part-02-item-58-p2713.pdf
11,02,59,p2714,,https://assets.publishing.service.gov.uk/media/5ed63bf9d3bf7f4606f1e161/traffic-sign-drawing-schedule-11-part-02-item-59-p2714.pdf,Original PDFs/Schedule 11/traffic-sign-drawing-schedule-11-part-02-item-59-p2714.pdf
11,02,60,p2715,,https://assets.publishing.service.gov.uk/media/5ed63c14e90e0754d3f5eeee/traffic-sign-drawing-schedule-11-part-02-item-60-p2715.pdf,Original PDFs/Schedule 11/traffic-sign-drawing-schedule-11-part-02-item-60-p2715.pdf
11,02,61,p2718,,https://assets.publishing.service.gov.uk/media/65cf8894e1bdec001a32227a/traffic-sign-drawing-schedule-11-part-02-item-61-p2718.pdf,Original PDFs/Schedule 11/traffic-sign-drawing-schedule-11-part-02-item-61-p2718.pdf
11,02,62,p2712,,https://assets.publishing.service.gov.uk/media/5ed63c34d3bf7f46049120bd/traffic-sign-drawing-schedule-11-part-02-item-62-p2712.pdf,Original PDFs/Schedule 11/traffic-sign-drawing-schedule-11-part-02-item-62-p2712.pdf
11,02,63,p878,,https://assets.publishing.service.gov.uk/media/5ed63c5c86650c76ab17fc9a/traffic-sign-drawing-schedule-11-part-02-item-63-p878.pdf,Original PDFs/Schedule 11/traffic-sign-drawing-schedule-11-part-02-item-63-p878.pdf
11,02,64,p880,,https://assets.publishing.service.gov.uk/media/5ed629d7d3bf7f45fdcf6916/traffic-sign-drawing-schedule-11-part-02-item-64-p880.pdf,Original PDFs/Schedule 11/traffic-sign-drawing-schedule-11-part-02-item-64-p880.pdf
11,02,65,p880x1,,https://assets.publishing.service.gov.uk/media/5ed62a8d86650c76a86d85da/traffic-sign-drawing-schedule-11-part-02-item-65-p880x1.pdf,Original PDFs/Schedule 11/traffic-sign-drawing-schedule-11-part-02-item-65-p880x1.pdf
11,02,66,p827x1,,https://assets.publishing.service.gov.uk/media/5ed62aad86650c76b02b2d9b/traffic-sign-drawing-schedule-11-part-02-item-66-p827x1.pdf,Original PDFs/Schedule 11/traffic-sign-drawing-schedule-11-part-02-item-66-p827x1.pdf
11,02,67,p775,,https://assets.publishing.service.gov.uk/media/5ed62b40e90e0754cef003dc/traffic-sign-drawing-schedule-11-part-02-item-67-p775.pdf,Original PDFs/Schedule 11/traffic-sign-drawing-schedule-11-part-02-item-67-p775.pdf
11,02,68,p783,,https://assets.publishing.service.gov.uk/media/5ed632e3d3bf7f4607b90af6/traffic-sign-drawing-schedule-11-part-02-item-68-p783.pdf,Original PDFs/Schedule 11/traffic-sign-drawing-schedule-11-part-02-item-68-p783.pdf
11,02,69,p785x1,,https://assets.publishing.service.gov.uk/media/5ed63333e90e0754d4e62540/traffic-sign-drawing-schedule-11-part-02-item-69-p785x1.pdf,Original PDFs/Schedule 11/traffic-sign-drawing-schedule-11-part-02-item-69-p785x1.pdf
11,02,70,p786,,https://assets.publishing.service.gov.uk/media/5ed63353d3bf7f4603091390/traffic-sign-drawing-schedule-11-part-02-item-70-p786.pdf,Original PDFs/Schedule 11/traffic-sign-drawing-schedule-11-part-02-item-70-p786.pdf
11,02,71,p787,,https://assets.publishing.service.gov.uk/media/5ed6337086650c76b2fe7533/traffic-sign-drawing-schedule-11-part-02-item-71-p787.pdf,Original PDFs/Schedule 11/traffic-sign-drawing-schedule-11-part-02-item-71-p787.pdf
11,02,72,p788,,https://assets.publishing.service.gov.uk/media/5ed63389d3bf7f45fe60a96d/traffic-sign-drawing-schedule-11-part-02-item-72-p788.pdf,Original PDFs/Schedule 11/traffic-sign-drawing-schedule-11-part-02-item-72-p788.pdf
11,02,73,p611,,https://assets.publishing.service.gov.uk/media/5ed634eee90e0754d6c480f6/traffic-sign-drawing-schedule-11-part-02-item-73-p611.pdf,Original PDFs/Schedule 11/traffic-sign-drawing-schedule-11-part-02-item-73-p611.pdf
11,02,74,p833,,https://assets.publishing.service.gov.uk/media/5ed6350886650c76b2fe7534/traffic-sign-drawing-schedule-11-part-02-item-74-p833.pdf,Original PDFs/Schedule 11/traffic-sign-drawing-schedule-11-part-02-item-74-p833.pdf
11,02,76,p970,,https://assets.publishing.service.gov.uk/media/5ed6356ed3bf7f4607b90af8/traffic-sign-drawing-schedule-11-part-02-item-76-p970.pdf,Original PDFs/Schedule 11/traffic-sign-drawing-schedule-11-part-02-item-76-p970.pdf
11,02,78,p971,,https://assets.publishing.service.gov.uk/media/5ed63588d3bf7f46049120b9/traffic-sign-drawing-schedule-11-part-02-item-78-p971.pdf,Original PDFs/Schedule 11/traffic-sign-drawing-schedule-11-part-02-item-78-p971.pdf
11,02,79,p2928,,https://assets.publishing.service.gov.uk/media/5ed635a0e90e0754d7f18966/traffic-sign-drawing-schedule-11-part-02-item-79-p2928.pdf,Original PDFs/Schedule 11/traffic-sign-drawing-schedule-11-part-02-item-79-p2928.pdf
11,02,80,p2401,,https://assets.publishing.service.gov.uk/media/5ed635ca86650c76b3d74c4c/traffic-sign-drawing-schedule-11-part-02-item-80-p2401.pdf,Original PDFs/Schedule 11/traffic-sign-drawing-schedule-11-part-02-item-80-p2401.pdf
11,02,81,p2402x1,,https://assets.publishing.service.gov.uk/media/5ed6360386650c76a69ceb9b/traffic-sign-drawing-schedule-11-part-02-item-81-p2402x1.pdf,Original PDFs/Schedule 11/traffic-sign-drawing-schedule-11-part-02-item-81-p2402x1.pdf
11,02,82,p2403x1,,https://assets.publishing.service.gov.uk/media/5ed6361f86650c76ae1d6454/traffic-sign-drawing-schedule-11-part-02-item-82-p2403x1.pdf,Original PDFs/Schedule 11/traffic-sign-drawing-schedule-11-part-02-item-82-p2403x1.pdf
11,02,84,p976,,https://assets.publishing.service.gov.uk/media/5ed6364ed3bf7f45fe60a96e/traffic-sign-drawing-schedule-11-part-02-item-84-p976.pdf,Original PDFs/Schedule 11/traffic-sign-drawing-schedule-11-part-02-item-84-p976.pdf
11,04,12,p1012x2,,https://assets.publishing.service.gov.uk/media/5ed63665d3bf7f45ff9c2813/traffic-sign-drawing-schedule-11-part-04-item-12-p1012x2.pdf,Original PDFs/Schedule 11/traffic-sign-drawing-schedule-11-part-04-item-12-p1012x2.pdf
11,04,13,p1012x3,,https://assets.publishing.service.gov.uk/media/5ed63695d3bf7f45fdcf6918/traffic-sign-drawing-schedule-11-part-04-item-13-p1012x3.pdf,Original PDFs/Schedule 11/traffic-sign-drawing-schedule-11-part-04-item-13-p1012x3.pdf
11,04,14,p1014,,https://assets.publishing.service.gov.uk/media/5ed636afe90e0754d8fb3a2c/traffic-sign-drawing-schedule-11-part-04-item-14-p1014.pdf,Original PDFs/Schedule 11/traffic-sign-drawing-schedule-11-part-04-item-14-p1014.pdf
11,04,18,p1029,,https://assets.publishing.service.gov.uk/media/5ed636c486650c76a69ceb9c/traffic-sign-drawing-schedule-11-part-04-item-18-p1029.pdf,Original PDFs/Schedule 11/traffic-sign-drawing-schedule-11-part-04-item-18-p1029.pdf
11,04,19,p1035,,https://assets.publishing.service.gov.uk/media/64216c005155a200136ad781/schedule-11-part-04-item-19-p1035.pdf,Original PDFs/Schedule 11/schedule-11-part-04-item-19-p1035.pdf
11,04,20,p1038,,https://assets.publishing.service.gov.uk/media/5ed636d4e90e0754cef003df/traffic-sign-drawing-schedule-11-part-04-item-20-p1038.pdf,Original PDFs/Schedule 11/traffic-sign-drawing-schedule-11-part-04-item-20-p1038.pdf
11,04,21,p1038x1,,https://assets.publishing.service.gov.uk/media/5ed63ad886650c76adc36f6c/traffic-sign-drawing-schedule-11-part-04-item-21-p1038x1.pdf,Original PDFs/Schedule 11/traffic-sign-drawing-schedule-11-part-04-item-21-p1038x1.pdf
11,04,22,p1039,,https://assets.publishing.service.gov.uk/media/5ed63aebe90e0754d1dedff6/traffic-sign-drawing-schedule-11-part-04-item-22-p1039.pdf,Original PDFs/Schedule 11/traffic-sign-drawing-schedule-11-part-04-item-22-p1039.pdf
11,04,28,p1057,,https://assets.publishing.service.gov.uk/media/5ed63b01e90e0754d8fb3a2d/traffic-sign-drawing-schedule-11-part-04-item-28-p1057.pdf,Original PDFs/Schedule 11/traffic-sign-drawing-schedule-11-part-04-item-28-p1057.pdf
11,04,32,p1059,,https://assets.publishing.service.gov.uk/media/5ed63b0d86650c76a69ceb9e/traffic-sign-drawing-schedule-11-part-04-item-32-p1059.pdf,Original PDFs/Schedule 11/traffic-sign-drawing-schedule-11-part-04-item-32-p1059.pdf
12,,,schedule-12-part-1-p2010x1-p2934,,https://assets.publishing.service.gov.uk/media/68679193e4184a43f9785c6b/schedule-12-part-1-p2010x1-p2934.pdf,Original PDFs/Schedule 12/schedule-12-part-1-p2010x1-p2934.pdf
12,11,01,s55,,https://assets.publishing.service.gov.uk/media/5ecf7ddce90e0754d3f5ee8d/traffic-sign-drawing-schedule-12-part-11-item-01-s55.pdf,Original PDFs/Schedule 12/traffic-sign-drawing-schedule-12-part-11-item-01-s55.pdf
12,11,02,s32,,https://assets.publishing.service.gov.uk/media/5ecf7dfc86650c76b148aced/traffic-sign-drawing-schedule-12-part-11-item-02-s32.pdf,Original PDFs/Schedule 12/traffic-sign-drawing-schedule-12-part-11-item-02-s32.pdf
12,11,03,s24,,https://assets.publishing.service.gov.uk/media/5ecf7e4386650c76b148acee/traffic-sign-drawing-schedule-12-part-11-item-03-s24.pdf,Original PDFs/Schedule 12/traffic-sign-drawing-schedule-12-part-11-item-03-s24.pdf
12,11,04,s02,,https://assets.publishing.service.gov.uk/media/5ecf7e5786650c76b3d74bfe/traffic-sign-drawing-schedule-12-part-11-item-04-s02.pdf,Original PDFs/Schedule 12/traffic-sign-drawing-schedule-12-part-11-item-04-s02.pdf
12,11,05,s08,,https://assets.publishing.service.gov.uk/media/5ecf7e69d3bf7f45fe60a91b/traffic-sign-drawing-schedule-12-part-11-item-05-s08.pdf,Original PDFs/Schedule 12/traffic-sign-drawing-schedule-12-part-11-item-05-s08.pdf
12,11,06,s30,,https://assets.publishing.service.gov.uk/media/5ecf7f0ad3bf7f4607b90aa5/traffic-sign-drawing-schedule-12-part-11-item-06-s30.pdf,Original PDFs/Schedule 12/traffic-sign-drawing-schedule-12-part-11-item-06-s30.pdf
12,11,07,s38,,https://assets.publishing.service.gov.uk/media/5ecf7f17d3bf7f45fe60a91d/traffic-sign-drawing-schedule-12-part-11-item-07-s38.pdf,Original PDFs/Schedule 12/traffic-sign-drawing-schedule-12-part-11-item-07-s38.pdf
12,11,08,s39,,https://assets.publishing.service.gov.uk/media/5ecf7f2486650c76a551df2c/traffic-sign-drawing-schedule-12-part-11-item-08-s39.pdf,Original PDFs/Schedule 12/traffic-sign-drawing-schedule-12-part-11-item-08-s39.pdf
12,11,11,s34,,https://assets.publishing.service.gov.uk/media/5ecf8078e90e0754d6c4809f/traffic-sign-drawing-schedule-12-part-11-item-11-s34.pdf,Original PDFs/Schedule 12/traffic-sign-drawing-schedule-12-part-11-item-11-s34.pdf
12,11,13,s56,,https://assets.publishing.service.gov.uk/media/5ecf8088d3bf7f45ff9c27ad/traffic-sign-drawing-schedule-12-part-11-item-13-s56.pdf,Original PDFs/Schedule 12/traffic-sign-drawing-schedule-12-part-11-item-13-s56.pdf
12,11,14,s59,,https://assets.publishing.service.gov.uk/media/5ecf8096e90e0754cf07cb21/traffic-sign-drawing-schedule-12-part-11-item-14-s59.pdf,Original PDFs/Schedule 12/traffic-sign-drawing-schedule-12-part-11-item-14-s59.pdf
12,11,15,s44-document,,https://assets.publishing.service.gov.uk/media/5ed7639ad3bf7f45ff9c282e/traffic-sign-drawing-schedule-12-part-11-item-15-s44-document.pdf,Original PDFs/Schedule 12/traffic-sign-drawing-schedule-12-part-11-item-15-s44-document.pdf
12,11,16,s45,,https://assets.publishing.service.gov.uk/media/5ecf81f6e90e0754cef00384/traffic-sign-drawing-schedule-12-part-11-item-16-s45.pdf,Original PDFs/Schedule 12/traffic-sign-drawing-schedule-12-part-11-item-16-s45.pdf
12,11,17,s48,,https://assets.publishing.service.gov.uk/media/5ecf821886650c76a86d8595/traffic-sign-drawing-schedule-12-part-11-item-17-s48.pdf,Original PDFs/Schedule 12/traffic-sign-drawing-schedule-12-part-11-item-17-s48.pdf
12,11,18,s41,,https://assets.publishing.service.gov.uk/media/5ecf822786650c76a4ca4366/traffic-sign-drawing-schedule-12-part-11-item-18-s41.pdf,Original PDFs/Schedule 12/traffic-sign-drawing-schedule-12-part-11-item-18-s41.pdf
12,11,20,ns69,,https://assets.publishing.service.gov.uk/media/5ecf823486650c76af069a3d/traffic-sign-drawing-schedule-12-part-11-item-20-ns69.pdf,Original PDFs/Schedule 12/traffic-sign-drawing-schedule-12-part-11-item-20-ns69.pdf
12,11,21,s49,,https://assets.publishing.service.gov.uk/media/5ecf8241d3bf7f4604912061/traffic-sign-drawing-schedule-12-part-11-item-21-s49.pdf,Original PDFs/Schedule 12/traffic-sign-drawing-schedule-12-part-11-item-21-s49.pdf
12,11,24,p2503,,https://assets.publishing.service.gov.uk/media/6426e9a67de82b000c3133f2/schedule-12-part-11-item-24-p2503.pdf,Original PDFs/Schedule 12/schedule-12-part-11-item-24-p2503.pdf
12,11,25,s43,,https://assets.publishing.service.gov.uk/media/5ecf825286650c76b02b2d39/traffic-sign-drawing-schedule-12-part-11-item-25-s43.pdf,Original PDFs/Schedule 12/traffic-sign-drawing-schedule-12-part-11-item-25-s43.pdf
12,11,27,s23,,https://assets.publishing.service.gov.uk/media/5ecf834686650c76a69ceb30/traffic-sign-drawing-schedule-12-part-11-item-27-s23.pdf,Original PDFs/Schedule 12/traffic-sign-drawing-schedule-12-part-11-item-27-s23.pdf
12,11,28,s16,,https://assets.publishing.service.gov.uk/media/5ecf835686650c76a86d8598/traffic-sign-drawing-schedule-12-part-11-item-28-s16.pdf,Original PDFs/Schedule 12/traffic-sign-drawing-schedule-12-part-11-item-28-s16.pdf
12,11,29,s17,,https://assets.publishing.service.gov.uk/media/5ecf836486650c76af069a3e/traffic-sign-drawing-schedule-12-part-11-item-29-s17.pdf,Original PDFs/Schedule 12/traffic-sign-drawing-schedule-12-part-11-item-29-s17.pdf
12,11,30,s25,,https://assets.publishing.service.gov.uk/media/5ecf8374e90e0754d4e624f4/traffic-sign-drawing-schedule-12-part-11-item-30-s25.pdf,Original PDFs/Schedule 12/traffic-sign-drawing-schedule-12-part-11-item-30-s25.pdf
12,11,31,s32,,https://assets.publishing.service.gov.uk/media/5ecf8384d3bf7f460894eafa/traffic-sign-drawing-schedule-12-part-11-item-31-s32.pdf,Original PDFs/Schedule 12/traffic-sign-drawing-schedule-12-part-11-item-31-s32.pdf
12,11,32,s24,,https://assets.publishing.service.gov.uk/media/5ecf839386650c76b02b2d3b/traffic-sign-drawing-schedule-12-part-11-item-32-s24.pdf,Original PDFs/Schedule 12/traffic-sign-drawing-schedule-12-part-11-item-32-s24.pdf
12,11,33,t001,,https://assets.publishing.service.gov.uk/media/5ecf84ff86650c76af069a3f/traffic-sign-drawing-schedule-12-part-11-item-33-t001.pdf,Original PDFs/Schedule 12/traffic-sign-drawing-schedule-12-part-11-item-33-t001.pdf
12,11,34,s65,,https://assets.publishing.service.gov.uk/media/5ecf843ad3bf7f45fb321425/traffic-sign-drawing-schedule-12-part-11-item-34-s65.pdf,Original PDFs/Schedule 12/traffic-sign-drawing-schedule-12-part-11-item-34-s65.pdf
12,14,02,t002,,https://assets.publishing.service.gov.uk/media/5ecf85a986650c76b3d74bff/traffic-sign-drawing-schedule-12-part-14-item-02-t002.pdf,Original PDFs/Schedule 12/traffic-sign-drawing-schedule-12-part-14-item-02-t002.pdf
12,14,03,t003,,https://assets.publishing.service.gov.uk/media/5ecf85b786650c76a9e446b8/traffic-sign-drawing-schedule-12-part-14-item-03-t003.pdf,Original PDFs/Schedule 12/traffic-sign-drawing-schedule-12-part-14-item-03-t003.pdf
12,14,04,t004,,https://assets.publishing.service.gov.uk/media/5ecf85d1d3bf7f45fa098a50/traffic-sign-drawing-schedule-12-part-14-item-04-t004.pdf,Original PDFs/Schedule 12/traffic-sign-drawing-schedule-12-part-14-item-04-t004.pdf
12,14,05,t005,,https://assets.publishing.service.gov.uk/media/5ecf85e0e90e0754d1dedfa4/traffic-sign-drawing-schedule-12-part-14-item-05-t005.pdf,Original PDFs/Schedule 12/traffic-sign-drawing-schedule-12-part-14-item-05-t005.pdf
12,14,06,t006,,https://assets.publishing.service.gov.uk/media/5ecf85f1d3bf7f45fa098a51/traffic-sign-drawing-schedule-12-part-14-item-06-t006.pdf,Original PDFs/Schedule 12/traffic-sign-drawing-schedule-12-part-14-item-06-t006.pdf
12,14,07,t007,,https://assets.publishing.service.gov.uk/media/5ecf85ffd3bf7f45fdcf68c5/traffic-sign-drawing-schedule-12-part-14-item-07-t007.pdf,Original PDFs/Schedule 12/traffic-sign-drawing-schedule-12-part-14-item-07-t007.pdf
12,14,08,t008,,https://assets.publishing.service.gov.uk/media/5ecf860c86650c76a4ca4367/traffic-sign-drawing-schedule-12-part-14-item-08-t008.pdf,Original PDFs/Schedule 12/traffic-sign-drawing-schedule-12-part-14-item-08-t008.pdf
12,14,09,t009,,https://assets.publishing.service.gov.uk/media/5ecf86e3d3bf7f45fb321427/traffic-sign-drawing-schedule-12-part-14-item-09-t009.pdf,Original PDFs/Schedule 12/traffic-sign-drawing-schedule-12-part-14-item-09-t009.pdf
12,14,10,t010,,https://assets.publishing.service.gov.uk/media/5ecf86d1d3bf7f4604912063/traffic-sign-drawing-schedule-12-part-14-item-10-t010.pdf,Original PDFs/Schedule 12/traffic-sign-drawing-schedule-12-part-14-item-10-t010.pdf
12,14,11,t011,,https://assets.publishing.service.gov.uk/media/5ecf86f1e90e0754d1dedfa5/traffic-sign-drawing-schedule-12-part-14-item-11-t011.pdf,Original PDFs/Schedule 12/traffic-sign-drawing-schedule-12-part-14-item-11-t011.pdf
12,14,12,t012,,https://assets.publishing.service.gov.uk/media/5ecf86fc86650c76a551df2d/traffic-sign-drawing-schedule-12-part-14-item-12-t012.pdf,Original PDFs/Schedule 12/traffic-sign-drawing-schedule-12-part-14-item-12-t012.pdf
12,15,01,t101,,https://assets.publishing.service.gov.uk/media/5ecf8716d3bf7f45ff9c27af/traffic-sign-drawing-schedule-12-part-15-item-01-t101.pdf,Original PDFs/Schedule 12/traffic-sign-drawing-schedule-12-part-15-item-01-t101.pdf
12,15,02,t102,,https://assets.publishing.service.gov.uk/media/5ecf8726d3bf7f4607b90aa8/traffic-sign-drawing-schedule-12-part-15-item-02-t102.pdf,Original PDFs/Schedule 12/traffic-sign-drawing-schedule-12-part-15-item-02-t102.pdf
12,15,03,t103,,https://assets.publishing.service.gov.uk/media/5ecf8735d3bf7f4600d9f3ad/traffic-sign-drawing-schedule-12-part-15-item-03-t103.pdf,Original PDFs/Schedule 12/traffic-sign-drawing-schedule-12-part-15-item-03-t103.pdf
12,15,04,t104,,https://assets.publishing.service.gov.uk/media/5ecf874586650c76a86d859c/traffic-sign-drawing-schedule-12-part-15-item-04-t104.pdf,Original PDFs/Schedule 12/traffic-sign-drawing-schedule-12-part-15-item-04-t104.pdf
12,15,05,t105,,https://assets.publishing.service.gov.uk/media/5ecf8756e90e0754d1dedfa6/traffic-sign-drawing-schedule-12-part-15-item-05-t105.pdf,Original PDFs/Schedule 12/traffic-sign-drawing-schedule-12-part-15-item-05-t105.pdf
12,15,06,t106,,https://assets.publishing.service.gov.uk/media/5ecf87e1d3bf7f4607b90aab/traffic-sign-drawing-schedule-12-part-15-item-06-t106.pdf,Original PDFs/Schedule 12/traffic-sign-drawing-schedule-12-part-15-item-06-t106.pdf
12,15,07,t107,,https://assets.publishing.service.gov.uk/media/5ecf8830e90e0754d3f5ee91/traffic-sign-drawing-schedule-12-part-15-item-07-t107.pdf,Original PDFs/Schedule 12/traffic-sign-drawing-schedule-12-part-15-item-07-t107.pdf
12,15,08,t108,,https://assets.publishing.service.gov.uk/media/5ecf8842e90e0754cc92fb0f/traffic-sign-drawing-schedule-12-part-15-item-08-t108.pdf,Original PDFs/Schedule 12/traffic-sign-drawing-schedule-12-part-15-item-08-t108.pdf
12,15,09,t109,,https://assets.publishing.service.gov.uk/media/5ecf884fe90e0754d0822631/traffic-sign-drawing-schedule-12-part-15-item-09-t109.pdf,Original PDFs/Schedule 12/traffic-sign-drawing-schedule-12-part-15-item-09-t109.pdf
12,15,10,t110,,https://assets.publishing.service.gov.uk/media/5ecf885dd3bf7f45f9a513c4/traffic-sign-drawing-schedule-12-part-15-item-10-t110.pdf,Original PDFs/Schedule 12/traffic-sign-drawing-schedule-12-part-15-item-10-t110.pdf
12,15,11,t111,,https://assets.publishing.service.gov.uk/media/5ecf886be90e0754d6c480a3/traffic-sign-drawing-schedule-12-part-15-item-11-t111.pdf,Original PDFs/Schedule 12/traffic-sign-drawing-schedule-12-part-15-item-11-t111.pdf
12,15,12,t112,,https://assets.publishing.service.gov.uk/media/5ecf8885d3bf7f45fcf2c599/traffic-sign-drawing-schedule-12-part-15-item-12-t112.pdf,Original PDFs/Schedule 12/traffic-sign-drawing-schedule-12-part-15-item-12-t112.pdf
12,15,13,t113,,https://assets.publishing.service.gov.uk/media/5ecf88cce90e0754d8fb39e4/traffic-sign-drawing-schedule-12-part-15-item-13-t113.pdf,Original PDFs/Schedule 12/traffic-sign-drawing-schedule-12-part-15-item-13-t113.pdf
12,15,14,t114,,https://assets.publishing.service.gov.uk/media/5ecf88d9d3bf7f460894eb00/traffic-sign-drawing-schedule-12-part-15-item-14-t114.pdf,Original PDFs/Schedule 12/traffic-sign-drawing-schedule-12-part-15-item-14-t114.pdf
12,15,15,t115,,https://assets.publishing.service.gov.uk/media/5ecf88ecd3bf7f4604912064/traffic-sign-drawing-schedule-12-part-15-item-15-t115.pdf,Original PDFs/Schedule 12/traffic-sign-drawing-schedule-12-part-15-item-15-t115.pdf
12,15,16,t116,,https://assets.publishing.service.gov.uk/media/5ecf88fa86650c76ab17fc48/traffic-sign-drawing-schedule-12-part-15-item-16-t116.pdf,Original PDFs/Schedule 12/traffic-sign-drawing-schedule-12-part-15-item-16-t116.pdf
12,15,17,t117,,https://assets.publishing.service.gov.uk/media/5ecf890a86650c76ae1d6406/traffic-sign-drawing-schedule-12-part-15-item-17-t117.pdf,Original PDFs/Schedule 12/traffic-sign-drawing-schedule-12-part-15-item-17-t117.pdf
12,15,18,t118,,https://assets.publishing.service.gov.uk/media/5ecf8916d3bf7f45ff9c27b3/traffic-sign-drawing-schedule-12-part-15-item-18-t118.pdf,Original PDFs/Schedule 12/traffic-sign-drawing-schedule-12-part-15-item-18-t118.pdf
12,15,19,t119,,https://assets.publishing.service.gov.uk/media/5ecf8924d3bf7f4606f1e100/traffic-sign-drawing-schedule-12-part-15-item-19-t119.pdf,Original PDFs/Schedule 12/traffic-sign-drawing-schedule-12-part-15-item-19-t119.pdf
12,15,20,t120,,https://assets.publishing.service.gov.uk/media/5ecf892fe90e0754d1dedfa7/traffic-sign-drawing-schedule-12-part-15-item-20-t120.pdf,Original PDFs/Schedule 12/traffic-sign-drawing-schedule-12-part-15-item-20-t120.pdf
12,15,21,t121,,https://assets.publishing.service.gov.uk/media/5ecf893b86650c76b2fe74da/traffic-sign-drawing-schedule-12-part-15-item-21-t121.pdf,Original PDFs/Schedule 12/traffic-sign-drawing-schedule-12-part-15-item-21-t121.pdf
12,15,22,t122,,https://assets.publishing.service.gov.uk/media/5ecf894ce90e0754d7f1891b/traffic-sign-drawing-schedule-12-part-15-item-22-t122.pdf,Original PDFs/Schedule 12/traffic-sign-drawing-schedule-12-part-15-item-22-t122.pdf
12,15,23,t123,,https://assets.publishing.service.gov.uk/media/5ecf895d86650c76a7c9ae9c/traffic-sign-drawing-schedule-12-part-15-item-23-t123.pdf,Original PDFs/Schedule 12/traffic-sign-drawing-schedule-12-part-15-item-23-t123.pdf
12,15,24,t124,,https://assets.publishing.service.gov.uk/media/5ecf8970d3bf7f460515d1aa/traffic-sign-drawing-schedule-12-part-15-item-24-t124.pdf,Original PDFs/Schedule 12/traffic-sign-drawing-schedule-12-part-15-item-24-t124.pdf
12,15,25,t125,,https://assets.publishing.service.gov.uk/media/5ecf897f86650c76a9e446ba/traffic-sign-drawing-schedule-12-part-15-item-25-t125.pdf,Original PDFs/Schedule 12/traffic-sign-drawing-schedule-12-part-15-item-25-t125.pdf
12,15,26,t126,,https://assets.publishing.service.gov.uk/media/5ecf89ccd3bf7f4602e9830e/traffic-sign-drawing-schedule-12-part-15-item-26-t126.pdf,Original PDFs/Schedule 12/traffic-sign-drawing-schedule-12-part-15-item-26-t126.pdf
12,15,27,t127,,https://assets.publishing.service.gov.uk/media/5ecf89dbe90e0754d96bb724/traffic-sign-drawing-schedule-12-part-15-item-27-t127.pdf,Original PDFs/Schedule 12/traffic-sign-drawing-schedule-12-part-15-item-27-t127.pdf
12,15,28,t128,,https://assets.publishing.service.gov.uk/media/5ecf89e886650c76b148acf4/traffic-sign-drawing-schedule-12-part-15-item-28-t128.pdf,Original PDFs/Schedule 12/traffic-sign-drawing-schedule-12-part-15-item-28-t128.pdf
12,15,29,t129,,https://assets.publishing.service.gov.uk/media/5ecf8a17e90e0754d2437c62/traffic-sign-drawing-schedule-12-part-15-item-29-t129.pdf,Original PDFs/Schedule 12/traffic-sign-drawing-schedule-12-part-15-item-29-t129.pdf
12,15,30,t130,,https://assets.publishing.service.gov.uk/media/5ecf8a08d3bf7f4607b90aac/traffic-sign-drawing-schedule-12-part-15-item-30-t130.pdf,Original PDFs/Schedule 12/traffic-sign-drawing-schedule-12-part-15-item-30-t130.pdf
12,15,31,t131,,https://assets.publishing.service.gov.uk/media/5ecf8a2486650c76ab17fc49/traffic-sign-drawing-schedule-12-part-15-item-31-t131.pdf,Original PDFs/Schedule 12/traffic-sign-drawing-schedule-12-part-15-item-31-t131.pdf
12,15,32,t132,,https://assets.publishing.service.gov.uk/media/5ecf8a3086650c76adc36f1c/traffic-sign-drawing-schedule-12-part-15-item-32-t132.pdf,Original PDFs/Schedule 12/traffic-sign-drawing-schedule-12-part-15-item-32-t132.pdf
12,15,33,t133,,https://assets.publishing.service.gov.uk/media/5ecf8a3b86650c76aaa5d5b1/traffic-sign-drawing-schedule-12-part-15-item-33-t133.pdf,Original PDFs/Schedule 12/traffic-sign-drawing-schedule-12-part-15-item-33-t133.pdf
12,15,34,t134,,https://assets.publishing.service.gov.uk/media/5ecf8a4886650c76a9e446bc/traffic-sign-drawing-schedule-12-part-15-item-34-t134.pdf,Original PDFs/Schedule 12/traffic-sign-drawing-schedule-12-part-15-item-34-t134.pdf
12,15,35,t135,,https://assets.publishing.service.gov.uk/media/5ecf8a54e90e0754dbf67b91/traffic-sign-drawing-schedule-12-part-15-item-35-t135.pdf,Original PDFs/Schedule 12/traffic-sign-drawing-schedule-12-part-15-item-35-t135.pdf
12,15,36,t136,,https://assets.publishing.service.gov.uk/media/5ecf8a5fd3bf7f45fa098a54/traffic-sign-drawing-schedule-12-part-15-item-36-t136.pdf,Original PDFs/Schedule 12/traffic-sign-drawing-schedule-12-part-15-item-36-t136.pdf
12,15,37,t137,,https://assets.publishing.service.gov.uk/media/5ecf8a6e86650c76a69ceb33/traffic-sign-drawing-schedule-12-part-15-item-37-t137.pdf,Original PDFs/Schedule 12/traffic-sign-drawing-schedule-12-part-15-item-37-t137.pdf
12,15,38,t138,,https://assets.publishing.service.gov.uk/media/5ed765cc86650c76adc36f80/traffic-sign-drawing-schedule-12-part-15-item-38-t138.pdf,Original PDFs/Schedule 12/traffic-sign-drawing-schedule-12-part-15-item-38-t138.pdf
12,15,39,t139,,https://assets.publishing.service.gov.uk/media/5ecf8b1b86650c76adc36f1f/traffic-sign-drawing-schedule-12-part-15-item-39-t139.pdf,Original PDFs/Schedule 12/traffic-sign-drawing-schedule-12-part-15-item-39-t139.pdf
12,15,40,t140,,https://assets.publishing.service.gov.uk/media/5ecf8b28e90e0754d96bb725/traffic-sign-drawing-schedule-12-part-15-item-40-t140.pdf,Original PDFs/Schedule 12/traffic-sign-drawing-schedule-12-part-15-item-40-t140.pdf
12,15,41,t141,,https://assets.publishing.service.gov.uk/media/5ecf8b33e90e0754dbf67b92/traffic-sign-drawing-schedule-12-part-15-item-41-t141.pdf,Original PDFs/Schedule 12/traffic-sign-drawing-schedule-12-part-15-item-41-t141.pdf
12,15,42,t142,,https://assets.publishing.service.gov.uk/media/5ecf8b41d3bf7f4607b90aad/traffic-sign-drawing-schedule-12-part-15-item-42-t142.pdf,Original PDFs/Schedule 12/traffic-sign-drawing-schedule-12-part-15-item-42-t142.pdf
12,15,43,t143,,https://assets.publishing.service.gov.uk/media/5ecf8b4ce90e0754d4e624fa/traffic-sign-drawing-schedule-12-part-15-item-43-t143.pdf,Original PDFs/Schedule 12/traffic-sign-drawing-schedule-12-part-15-item-43-t143.pdf
12,15,44,t144,,https://assets.publishing.service.gov.uk/media/5ecf8b5886650c76a69ceb35/traffic-sign-drawing-schedule-12-part-15-item-44-t144.pdf,Original PDFs/Schedule 12/traffic-sign-drawing-schedule-12-part-15-item-44-t144.pdf
12,15,45,t145,,https://assets.publishing.service.gov.uk/media/5ecf8b63d3bf7f45fa098a55/traffic-sign-drawing-schedule-12-part-15-item-45-t145.pdf,Original PDFs/Schedule 12/traffic-sign-drawing-schedule-12-part-15-item-45-t145.pdf
12,15,46,t146,,https://assets.publishing.service.gov.uk/media/5ecf8b6fd3bf7f45fb32142b/traffic-sign-drawing-schedule-12-part-15-item-46-t146.pdf,Original PDFs/Schedule 12/traffic-sign-drawing-schedule-12-part-15-item-46-t146.pdf
12,15,47,t147,,https://assets.publishing.service.gov.uk/media/5ecf8b7be90e0754d5088ab1/traffic-sign-drawing-schedule-12-part-15-item-47-t147.pdf,Original PDFs/Schedule 12/traffic-sign-drawing-schedule-12-part-15-item-47-t147.pdf
12,15,48,t148,,https://assets.publishing.service.gov.uk/media/5ecf8b8786650c76adc36f20/traffic-sign-drawing-schedule-12-part-15-item-48-t148.pdf,Original PDFs/Schedule 12/traffic-sign-drawing-schedule-12-part-15-item-48-t148.pdf
12,15,49,t149,,https://assets.publishing.service.gov.uk/media/5ecf8b9286650c76b2fe74dc/traffic-sign-drawing-schedule-12-part-15-item-49-t149.pdf,Original PDFs/Schedule 12/traffic-sign-drawing-schedule-12-part-15-item-49-t149.pdf
12,15,50,t150,,https://assets.publishing.service.gov.uk/media/5ecf8ba3d3bf7f45f9a513c7/traffic-sign-drawing-schedule-12-part-15-item-50-t150.pdf,Original PDFs/Schedule 12/traffic-sign-drawing-schedule-12-part-15-item-50-t150.pdf
12,15,51,t151,,https://assets.publishing.service.gov.uk/media/5ecf8bb486650c76b148acf5/traffic-sign-drawing-schedule-12-part-15-item-51-t151.pdf,Original PDFs/Schedule 12/traffic-sign-drawing-schedule-12-part-15-item-51-t151.pdf
12,15,52,t152,,https://assets.publishing.service.gov.uk/media/5ecf8bd186650c76af069a44/traffic-sign-drawing-schedule-12-part-15-item-52-t152.pdf,Original PDFs/Schedule 12/traffic-sign-drawing-schedule-12-part-15-item-52-t152.pdf
12,15,53,t153,,https://assets.publishing.service.gov.uk/media/5ecf8c1fe90e0754d2437c66/traffic-sign-drawing-schedule-12-part-15-item-53-t153.pdf,Original PDFs/Schedule 12/traffic-sign-drawing-schedule-12-part-15-item-53-t153.pdf
12,15,54,t154,,https://assets.publishing.service.gov.uk/media/5ecf8c2de90e0754da4eaa92/traffic-sign-drawing-schedule-12-part-15-item-54-t154.pdf,Original PDFs/Schedule 12/traffic-sign-drawing-schedule-12-part-15-item-54-t154.pdf
12,15,55,t155,,https://assets.publishing.service.gov.uk/media/5ecf8c3c86650c76a551df2e/traffic-sign-drawing-schedule-12-part-15-item-55-t155.pdf,Original PDFs/Schedule 12/traffic-sign-drawing-schedule-12-part-15-item-55-t155.pdf
12,15,56,t156,,https://assets.publishing.service.gov.uk/media/5ecf8c4786650c76b148acf6/traffic-sign-drawing-schedule-12-part-15-item-56-t156.pdf,Original PDFs/Schedule 12/traffic-sign-drawing-schedule-12-part-15-item-56-t156.pdf
12,15,57,t157,,https://assets.publishing.service.gov.uk/media/5ecf8c52e90e0754d8fb39e7/traffic-sign-drawing-schedule-12-part-15-item-57-t157.pdf,Original PDFs/Schedule 12/traffic-sign-drawing-schedule-12-part-15-item-57-t157.pdf
12,15,58,t158,,https://assets.publishing.service.gov.uk/media/5ecf8c6086650c76a69ceb36/traffic-sign-drawing-schedule-12-part-15-item-58-t158.pdf,Original PDFs/Schedule 12/traffic-sign-drawing-schedule-12-part-15-item-58-t158.pdf
12,15,59,t159,,https://assets.publishing.service.gov.uk/media/5ecf8c6ed3bf7f460894eb01/traffic-sign-drawing-schedule-12-part-15-item-59-t159.pdf,Original PDFs/Schedule 12/traffic-sign-drawing-schedule-12-part-15-item-59-t159.pdf
12,15,60,t160,,https://assets.publishing.service.gov.uk/media/5ecf8c7986650c76a9e446bf/traffic-sign-drawing-schedule-12-part-15-item-60-t160.pdf,Original PDFs/Schedule 12/traffic-sign-drawing-schedule-12-part-15-item-60-t160.pdf
12,15,61,t161,,https://assets.publishing.service.gov.uk/media/5ecf8c85d3bf7f4607b90aae/traffic-sign-drawing-schedule-12-part-15-item-61-t161.pdf,Original PDFs/Schedule 12/traffic-sign-drawing-schedule-12-part-15-item-61-t161.pdf
12,15,62,t162,,https://assets.publishing.service.gov.uk/media/5ecf8c9286650c76ae1d6409/traffic-sign-drawing-schedule-12-part-15-item-62-t162.pdf,Original PDFs/Schedule 12/traffic-sign-drawing-schedule-12-part-15-item-62-t162.pdf
12,15,63,t163,,https://assets.publishing.service.gov.uk/media/5ecf8ca0d3bf7f45f9a513c8/traffic-sign-drawing-schedule-12-part-15-item-63-t163.pdf,Original PDFs/Schedule 12/traffic-sign-drawing-schedule-12-part-15-item-63-t163.pdf
12,15,64,t164,,https://assets.publishing.service.gov.uk/media/5ecf8cb5d3bf7f460515d1ac/traffic-sign-drawing-schedule-12-part-15-item-64-t164.pdf,Original PDFs/Schedule 12/traffic-sign-drawing-schedule-12-part-15-item-64-t164.pdf
12,15,65,t165,,https://assets.publishing.service.gov.uk/media/5ecf8cc386650c76a551df2f/traffic-sign-drawing-schedule-12-part-15-item-65-t165.pdf,Original PDFs/Schedule 12/traffic-sign-drawing-schedule-12-part-15-item-65-t165.pdf
12,15,66,t166,,https://assets.publishing.service.gov.uk/media/5ecf8cd086650c76a69ceb37/traffic-sign-drawing-schedule-12-part-15-item-66-t166.pdf,Original PDFs/Schedule 12/traffic-sign-drawing-schedule-12-part-15-item-66-t166.pdf
12,15,67,t167,,https://assets.publishing.service.gov.uk/media/5ecf8ce0e90e0754d3f5ee95/traffic-sign-drawing-schedule-12-part-15-item-67-t167.pdf,Original PDFs/Schedule 12/traffic-sign-drawing-schedule-12-part-15-item-67-t167.pdf
12,15,68,t168,,https://assets.publishing.service.gov.uk/media/5ecf8cef86650c76a7c9ae9e/traffic-sign-drawing-schedule-12-part-15-item-68-t168.pdf,Original PDFs/Schedule 12/traffic-sign-drawing-schedule-12-part-15-item-68-t168.pdf
12,16,01,t201,,https://assets.publishing.service.gov.uk/media/5ecf8cfd86650c76ab17fc4a/traffic-sign-drawing-schedule-12-part-16-item-01-t201.pdf,Original PDFs/Schedule 12/traffic-sign-drawing-schedule-12-part-16-item-01-t201.pdf
12,16,02,t202,,https://assets.publishing.service.gov.uk/media/5ecf8d5be90e0754cf07cb25/traffic-sign-drawing-schedule-12-part-16-item-02-t202.pdf,Original PDFs/Schedule 12/traffic-sign-drawing-schedule-12-part-16-item-02-t202.pdf
12,16,03,t203,,https://assets.publishing.service.gov.uk/media/5ecf8d6a86650c76b02b2d3f/traffic-sign-drawing-schedule-12-part-16-item-03-t203.pdf,Original PDFs/Schedule 12/traffic-sign-drawing-schedule-12-part-16-item-03-t203.pdf
12,16,04,t204,,https://assets.publishing.service.gov.uk/media/5ecf8d79d3bf7f45ff9c27b8/traffic-sign-drawing-schedule-12-part-16-item-04-t204.pdf,Original PDFs/Schedule 12/traffic-sign-drawing-schedule-12-part-16-item-04-t204.pdf
12,16,05,t205,,https://assets.publishing.service.gov.uk/media/5ecf8d85d3bf7f45fa098a58/traffic-sign-drawing-schedule-12-part-16-item-05-t205.pdf,Original PDFs/Schedule 12/traffic-sign-drawing-schedule-12-part-16-item-05-t205.pdf
12,16,06,t206,,https://assets.publishing.service.gov.uk/media/5ecf8d92e90e0754d3f5ee97/traffic-sign-drawing-schedule-12-part-16-item-06-t206.pdf,Original PDFs/Schedule 12/traffic-sign-drawing-schedule-12-part-16-item-06-t206.pdf
12,17,01,t301x1,,https://assets.publishing.service.gov.uk/media/5ecf8d9fe90e0754d5088ab4/traffic-sign-drawing-schedule-12-part-17-item-01-t301x1.pdf,Original PDFs/Schedule 12/traffic-sign-drawing-schedule-12-part-17-item-01-t301x1.pdf
12,17,02,t302,,https://assets.publishing.service.gov.uk/media/5ecf8e0fd3bf7f45fa098a59/traffic-sign-drawing-schedule-12-part-17-item-02-t302.pdf,Original PDFs/Schedule 12/traffic-sign-drawing-schedule-12-part-17-item-02-t302.pdf
12,17,03,t303x1,,https://assets.publishing.service.gov.uk/media/68872319c02b468fa1ae09c7/traffic-sign-drawing-schedule-12-part-17-item-03-t303x1.pdf,Original PDFs/Schedule 12/traffic-sign-drawing-schedule-12-part-17-item-03-t303x1.pdf
12,,,traffic-sign-drawing-schedule-12-pt-11-item-04-t304,,https://assets.publishing.service.gov.uk/media/5ed7650f86650c76a86d85f7/traffic-sign-drawing-schedule-12-pt-11-item-04-t304.pdf,Original PDFs/Schedule 12/traffic-sign-drawing-schedule-12-pt-11-item-04-t304.pdf
12,18,01,t401,,https://assets.publishing.service.gov.uk/media/5ecf8e88e90e0754d8fb39e8/traffic-sign-drawing-schedule-12-part-18-item-01-t401.pdf,Original PDFs/Schedule 12/traffic-sign-drawing-schedule-12-part-18-item-01-t401.pdf
12,18,02,t402,,https://assets.publishing.service.gov.uk/media/5ecf8e97d3bf7f45fa098a5a/traffic-sign-drawing-schedule-12-part-18-item-02-t402.pdf,Original PDFs/Schedule 12/traffic-sign-drawing-schedule-12-part-18-item-02-t402.pdf
12,20,01,p523x1,,https://assets.publishing.service.gov.uk/media/5ecf8ea886650c76ab17fc4c/traffic-sign-drawing-schedule-12-part-20-item-01-p523x1.pdf,Original PDFs/Schedule 12/traffic-sign-drawing-schedule-12-part-20-item-01-p523x1.pdf
12,20,02,p524x1,,https://assets.publishing.service.gov.uk/media/5ecf8eb686650c76a4ca4370/traffic-sign-drawing-schedule-12-part-20-item-02-p524x1.pdf,Original PDFs/Schedule 12/traffic-sign-drawing-schedule-12-part-20-item-02-p524x1.pdf
12,20,03,p528,,https://assets.publishing.service.gov.uk/media/5ecf8ec5e90e0754d8fb39ea/traffic-sign-drawing-schedule-12-part-20-item-03-p528.pdf,Original PDFs/Schedule 12/traffic-sign-drawing-schedule-12-part-20-item-03-p528.pdf
12,20,04,p529,,https://assets.publishing.service.gov.uk/media/5ecf8ed2e90e0754d3f5ee98/traffic-sign-drawing-schedule-12-part-20-item-04-p529.pdf,Original PDFs/Schedule 12/traffic-sign-drawing-schedule-12-part-20-item-04-p529.pdf
12,20,05,p529x1,,https://assets.publishing.service.gov.uk/media/5ecf8edfe90e0754d7f1891c/traffic-sign-drawing-schedule-12-part-20-item-05-p529x1.pdf,Original PDFs/Schedule 12/traffic-sign-drawing-schedule-12-part-20-item-05-p529x1.pdf
12,20,06,p530a,,https://assets.publishing.service.gov.uk/media/5ecf8ef0e90e0754d5088ab7/traffic-sign-drawing-schedule-12-part-20-item-06-p530a.pdf,Original PDFs/Schedule 12/traffic-sign-drawing-schedule-12-part-20-item-06-p530a.pdf
12,20,08,p552,,https://assets.publishing.service.gov.uk/media/5ecf8efed3bf7f45fa098a5b/traffic-sign-drawing-schedule-12-part-20-item-08-p552.pdf,Original PDFs/Schedule 12/traffic-sign-drawing-schedule-12-part-20-item-08-p552.pdf
12,20,09,p554,,https://assets.publishing.service.gov.uk/media/5ecf910dd3bf7f45fb32142d/traffic-sign-drawing-schedule-12-part-20-item-09-p554.pdf,Original PDFs/Schedule 12/traffic-sign-drawing-schedule-12-part-20-item-09-p554.pdf
12,20,12,p555x1,,https://assets.publishing.service.gov.uk/media/5ecf916386650c76a69ceb3a/traffic-sign-drawing-schedule-12-part-20-item-12-p555x1.pdf,Original PDFs/Schedule 12/traffic-sign-drawing-schedule-12-part-20-item-12-p555x1.pdf
12,20,13,p557x1,,https://assets.publishing.service.gov.uk/media/5ecf916fe90e0754cef0038a/traffic-sign-drawing-schedule-12-part-20-item-13-p557x1.pdf,Original PDFs/Schedule 12/traffic-sign-drawing-schedule-12-part-20-item-13-p557x1.pdf
12,20,14,p770,,https://assets.publishing.service.gov.uk/media/5ecf9180e90e0754cf07cb26/traffic-sign-drawing-schedule-12-part-20-item-14-p770.pdf,Original PDFs/Schedule 12/traffic-sign-drawing-schedule-12-part-20-item-14-p770.pdf
12,20,15,p771,,https://assets.publishing.service.gov.uk/media/5ecf918f86650c76a7c9aea1/traffic-sign-drawing-schedule-12-part-20-item-15-p771.pdf,Original PDFs/Schedule 12/traffic-sign-drawing-schedule-12-part-20-item-15-p771.pdf
12,20,16,p772,,https://assets.publishing.service.gov.uk/media/5ecf919be90e0754cef0038b/traffic-sign-drawing-schedule-12-part-20-item-16-p772.pdf,Original PDFs/Schedule 12/traffic-sign-drawing-schedule-12-part-20-item-16-p772.pdf
12,20,17,p779,,https://assets.publishing.service.gov.uk/media/5ecf91a8e90e0754cc92fb11/traffic-sign-drawing-schedule-12-part-20-item-17-p779.pdf,Original PDFs/Schedule 12/traffic-sign-drawing-schedule-12-part-20-item-17-p779.pdf
12,20,18,p950,,https://assets.publishing.service.gov.uk/media/5ecf91b5e90e0754cd08d64e/traffic-sign-drawing-schedule-12-part-20-item-18-p950.pdf,Original PDFs/Schedule 12/traffic-sign-drawing-schedule-12-part-20-item-18-p950.pdf
12,20,19,p612-and-613,,https://assets.publishing.service.gov.uk/media/5ecf91c5e90e0754dbf67b97/traffic-sign-drawing-schedule-12-part-20-item-19-p612-and-613.pdf,Original PDFs/Schedule 12/traffic-sign-drawing-schedule-12-part-20-item-19-p612-and-613.pdf
12,20,20,p614,,https://assets.publishing.service.gov.uk/media/5ecf91d486650c76a69ceb3b/traffic-sign-drawing-schedule-12-part-20-item-20-p614.pdf,Original PDFs/Schedule 12/traffic-sign-drawing-schedule-12-part-20-item-20-p614.pdf
12,20,21,p616,,https://assets.publishing.service.gov.uk/media/5ecf91e5d3bf7f45fa098a5c/traffic-sign-drawing-schedule-12-part-20-item-21-p616.pdf,Original PDFs/Schedule 12/traffic-sign-drawing-schedule-12-part-20-item-21-p616.pdf
12,20,22,p617,,https://assets.publishing.service.gov.uk/media/5ecf91f9d3bf7f4602e98312/traffic-sign-drawing-schedule-12-part-20-item-22-p617.pdf,Original PDFs/Schedule 12/traffic-sign-drawing-schedule-12-part-20-item-22-p617.pdf
12,20,23,p619,,https://assets.publishing.service.gov.uk/media/5ecf927186650c76ab17fc4f/traffic-sign-drawing-schedule-12-part-20-item-23-p619.pdf,Original PDFs/Schedule 12/traffic-sign-drawing-schedule-12-part-20-item-23-p619.pdf
12,20,24,p622x1a,,https://assets.publishing.service.gov.uk/media/5ecf928786650c76a9e446c4/traffic-sign-drawing-schedule-12-part-20-item-24-p622x1a.pdf,Original PDFs/Schedule 12/traffic-sign-drawing-schedule-12-part-20-item-24-p622x1a.pdf
12,20,26,p622x8,,https://assets.publishing.service.gov.uk/media/5ecf934ae90e0754cef0038c/traffic-sign-drawing-schedule-12-part-20-item-26-p622x8.pdf,Original PDFs/Schedule 12/traffic-sign-drawing-schedule-12-part-20-item-26-p622x8.pdf
12,20,27,ns67,,https://assets.publishing.service.gov.uk/media/5ecf935a86650c76ae1d640c/traffic-sign-drawing-schedule-12-part-20-item-27-ns67.pdf,Original PDFs/Schedule 12/traffic-sign-drawing-schedule-12-part-20-item-27-ns67.pdf
12,20,28,p952,,https://assets.publishing.service.gov.uk/media/5ecf936ad3bf7f45fe60a922/traffic-sign-drawing-schedule-12-part-20-item-28-p952.pdf,Original PDFs/Schedule 12/traffic-sign-drawing-schedule-12-part-20-item-28-p952.pdf
12,20,29,p619x1,,https://assets.publishing.service.gov.uk/media/5ecf9374d3bf7f45ff9c27b9/traffic-sign-drawing-schedule-12-part-20-item-29-p619x1.pdf,Original PDFs/Schedule 12/traffic-sign-drawing-schedule-12-part-20-item-29-p619x1.pdf
12,20,30,p622x7,,https://assets.publishing.service.gov.uk/media/5ecf9399d3bf7f45ff9c27ba/traffic-sign-drawing-schedule-12-part-20-item-30-p622x7.pdf,Original PDFs/Schedule 12/traffic-sign-drawing-schedule-12-part-20-item-30-p622x7.pdf
12,20,31,p619x2,,https://assets.publishing.service.gov.uk/media/5ecf93b1e90e0754d96bb729/traffic-sign-drawing-schedule-12-part-20-item-31-p619x2.pdf,Original PDFs/Schedule 12/traffic-sign-drawing-schedule-12-part-20-item-31-p619x2.pdf
12,20,32,p622x5,,https://assets.publishing.service.gov.uk/media/5ecf93c5d3bf7f45fe60a923/traffic-sign-drawing-schedule-12-part-20-item-32-p622x5.pdf,Original PDFs/Schedule 12/traffic-sign-drawing-schedule-12-part-20-item-32-p622x5.pdf
12,20,33,p629x1,,https://assets.publishing.service.gov.uk/media/5ecf93d386650c76ae1d640d/traffic-sign-drawing-schedule-12-part-20-item-33-p629x1.pdf,Original PDFs/Schedule 12/traffic-sign-drawing-schedule-12-part-20-item-33-p629x1.pdf
12,20,34,p629a,,https://assets.publishing.service.gov.uk/media/5ecf93e2d3bf7f4602e98315/traffic-sign-drawing-schedule-12-part-20-item-34-p629a.pdf,Original PDFs/Schedule 12/traffic-sign-drawing-schedule-12-part-20-item-34-p629a.pdf
12,20,35,p629x2a,,https://assets.publishing.service.gov.uk/media/5ecf93f6e90e0754d6c480ac/traffic-sign-drawing-schedule-12-part-20-item-35-p629x2a.pdf,Original PDFs/Schedule 12/traffic-sign-drawing-schedule-12-part-20-item-35-p629x2a.pdf
12,20,37,np953a,,https://assets.publishing.service.gov.uk/media/5ecf940ee90e0754dbf67b98/traffic-sign-drawing-schedule-12-part-20-item-37-np953a.pdf,Original PDFs/Schedule 12/traffic-sign-drawing-schedule-12-part-20-item-37-np953a.pdf
12,20,38,np953b,,https://assets.publishing.service.gov.uk/media/5ecf941dd3bf7f4607b90ab0/traffic-sign-drawing-schedule-12-part-20-item-38-np953b.pdf,Original PDFs/Schedule 12/traffic-sign-drawing-schedule-12-part-20-item-38-np953b.pdf
12,20,43,np953x1b,,https://assets.publishing.service.gov.uk/media/5ecf942d86650c76b02b2d43/traffic-sign-drawing-schedule-12-part-20-item-43-np953x1b.pdf,Original PDFs/Schedule 12/traffic-sign-drawing-schedule-12-part-20-item-43-np953x1b.pdf
12,24,01,to-17-s46,,https://assets.publishing.service.gov.uk/media/5ecf9444d3bf7f45fb321430/traffic-sign-drawing-schedule-12-part-24-item-01-to-17-s46.pdf,Original PDFs/Schedule 12/traffic-sign-drawing-schedule-12-part-24-item-01-to-17-s46.pdf
12,26,01,np2917x1,,https://assets.publishing.service.gov.uk/media/5ecf9456e90e0754dbf67b99/traffic-sign-drawing-schedule-12-part-26-item-01-np2917x1.pdf,Original PDFs/Schedule 12/traffic-sign-drawing-schedule-12-part-26-item-01-np2917x1.pdf
12,26,02,p2917,,https://assets.publishing.service.gov.uk/media/5ecf9467d3bf7f4606f1e108/traffic-sign-drawing-schedule-12-part-26-item-02-p2917.pdf,Original PDFs/Schedule 12/traffic-sign-drawing-schedule-12-part-26-item-02-p2917.pdf
12,26,02,p2918,,https://assets.publishing.service.gov.uk/media/5ecf96af86650c76a551df36/traffic-sign-drawing-schedule-12-part-26-item-02-p2918.pdf,Original PDFs/Schedule 12/traffic-sign-drawing-schedule-12-part-26-item-02-p2918.pdf
12,26,04,p2918x1,,https://assets.publishing.service.gov.uk/media/5ed76573e90e0754d5088b17/traffic-sign-drawing-schedule-12-part-26-item-04-p2918x1.pdf,Original PDFs/Schedule 12/traffic-sign-drawing-schedule-12-part-26-item-04-p2918x1.pdf
12,26,05,p2330,,https://assets.publishing.service.gov.uk/media/5ecf975de90e0754dbf67b9a/traffic-sign-drawing-schedule-12-part-26-item-05-p2330.pdf,Original PDFs/Schedule 12/traffic-sign-drawing-schedule-12-part-26-item-05-p2330.pdf
12,26,06,p2308x1,,https://assets.publishing.service.gov.uk/media/5ecf977386650c76adc36f25/traffic-sign-drawing-schedule-12-part-26-item-06-p2308x1.pdf,Original PDFs/Schedule 12/traffic-sign-drawing-schedule-12-part-26-item-06-p2308x1.pdf
12,28,01,p2904x2,,https://assets.publishing.service.gov.uk/media/5ecf9785e90e0754d4e624ff/traffic-sign-drawing-schedule-12-part-28-item-01-p2904x2.pdf,Original PDFs/Schedule 12/traffic-sign-drawing-schedule-12-part-28-item-01-p2904x2.pdf
12,28,02,p2017x1,,https://assets.publishing.service.gov.uk/media/5ecf979ae90e0754dbf67b9c/traffic-sign-drawing-schedule-12-part-28-item-02-p2017x1.pdf,Original PDFs/Schedule 12/traffic-sign-drawing-schedule-12-part-28-item-02-p2017x1.pdf
12,28,04,p2912,,https://assets.publishing.service.gov.uk/media/5ecf97ded3bf7f45fcf2c59f/traffic-sign-drawing-schedule-12-part-28-item-04-p2912.pdf,Original PDFs/Schedule 12/traffic-sign-drawing-schedule-12-part-28-item-04-p2912.pdf
12,28,05,p2010x1,,https://assets.publishing.service.gov.uk/media/5ecf97c8d3bf7f460491206a/traffic-sign-drawing-schedule-12-part-28-item-05-p2010x1.pdf,Original PDFs/Schedule 12/traffic-sign-drawing-schedule-12-part-28-item-05-p2010x1.pdf
12,28,05,p2010x2,,https://assets.publishing.service.gov.uk/media/5ecf97efd3bf7f4602e98316/traffic-sign-drawing-schedule-12-part-28-item-05-p2010x2.pdf,Original PDFs/Schedule 12/traffic-sign-drawing-schedule-12-part-28-item-05-p2010x2.pdf
12,28,06,p2123,,https://assets.publishing.service.gov.uk/media/5ecf980486650c76acac3809/traffic-sign-drawing-schedule-12-part-28-item-06-p2123.pdf,Original PDFs/Schedule 12/traffic-sign-drawing-schedule-12-part-28-item-06-p2123.pdf
12,28,06,p2124,,https://assets.publishing.service.gov.uk/media/5ecf9816d3bf7f45fa098a60/traffic-sign-drawing-schedule-12-part-28-item-06-p2124.pdf,Original PDFs/Schedule 12/traffic-sign-drawing-schedule-12-part-28-item-06-p2124.pdf
12,28,08,p2215,,https://assets.publishing.service.gov.uk/media/5ecf9830e90e0754da4eaa95/traffic-sign-drawing-schedule-12-part-28-item-08-p2215.pdf,Original PDFs/Schedule 12/traffic-sign-drawing-schedule-12-part-28-item-08-p2215.pdf
12,28,09,p2205,,https://assets.publishing.service.gov.uk/media/5ecf9855d3bf7f4601e57690/traffic-sign-drawing-schedule-12-part-28-item-09-p2205.pdf,Original PDFs/Schedule 12/traffic-sign-drawing-schedule-12-part-28-item-09-p2205.pdf
12,28,10,p2307,,https://assets.publishing.service.gov.uk/media/5ecf986cd3bf7f45fa098a61/traffic-sign-drawing-schedule-12-part-28-item-10-p2307.pdf,Original PDFs/Schedule 12/traffic-sign-drawing-schedule-12-part-28-item-10-p2307.pdf
12,28,13,p2303,,https://assets.publishing.service.gov.uk/media/5ecf988a86650c76a86d85a0/traffic-sign-drawing-schedule-12-part-28-item-13-p2303.pdf,Original PDFs/Schedule 12/traffic-sign-drawing-schedule-12-part-28-item-13-p2303.pdf
12,28,14,p2305,,https://assets.publishing.service.gov.uk/media/5ecf98a086650c76b3d74c04/traffic-sign-drawing-schedule-12-part-28-item-14-p2305.pdf,Original PDFs/Schedule 12/traffic-sign-drawing-schedule-12-part-28-item-14-p2305.pdf
12,28,16,p2709,,https://assets.publishing.service.gov.uk/media/5ecf98b286650c76b2fe74e0/traffic-sign-drawing-schedule-12-part-28-item-16-p2709.pdf,Original PDFs/Schedule 12/traffic-sign-drawing-schedule-12-part-28-item-16-p2709.pdf
12,28,16,p2710,,https://assets.publishing.service.gov.uk/media/5ecf98c286650c76adc36f27/traffic-sign-drawing-schedule-12-part-28-item-16-p2710.pdf,Original PDFs/Schedule 12/traffic-sign-drawing-schedule-12-part-28-item-16-p2710.pdf
12,28,17,p2711x1,,https://assets.publishing.service.gov.uk/media/5ecf98d186650c76a9e446c7/traffic-sign-drawing-schedule-12-part-28-item-17-p2711x1.pdf,Original PDFs/Schedule 12/traffic-sign-drawing-schedule-12-part-28-item-17-p2711x1.pdf
12,28,18,p2922,,https://assets.publishing.service.gov.uk/media/5ecf98e2d3bf7f4606f1e10b/traffic-sign-drawing-schedule-12-part-28-item-18-p2922.pdf,Original PDFs/Schedule 12/traffic-sign-drawing-schedule-12-part-28-item-18-p2922.pdf
12,28,20,p2601x2,,https://assets.publishing.service.gov.uk/media/5ecf98f586650c76a9e446c8/traffic-sign-drawing-schedule-12-part-28-item-20-p2601x2.pdf,Original PDFs/Schedule 12/traffic-sign-drawing-schedule-12-part-28-item-20-p2601x2.pdf
12,28,21,p2610x2,,https://assets.publishing.service.gov.uk/media/5ecf990fd3bf7f45ff9c27bc/traffic-sign-drawing-schedule-12-part-28-item-21-p2610x2.pdf,Original PDFs/Schedule 12/traffic-sign-drawing-schedule-12-part-28-item-21-p2610x2.pdf
12,28,22,p818x4,,https://assets.publishing.service.gov.uk/media/5ecf992ee90e0754cd08d651/traffic-sign-drawing-schedule-12-part-28-item-22-p818x4.pdf,Original PDFs/Schedule 12/traffic-sign-drawing-schedule-12-part-28-item-22-p818x4.pdf
12,28,23,p818x5,,https://assets.publishing.service.gov.uk/media/5ecf993fe90e0754d2437c6d/traffic-sign-drawing-schedule-12-part-28-item-23-p818x5.pdf,Original PDFs/Schedule 12/traffic-sign-drawing-schedule-12-part-28-item-23-p818x5.pdf
12,28,24,p2502,,https://assets.publishing.service.gov.uk/media/5ecf994ee90e0754cc92fb18/traffic-sign-drawing-schedule-12-part-28-item-24-p2502.pdf,Original PDFs/Schedule 12/traffic-sign-drawing-schedule-12-part-28-item-24-p2502.pdf
13,02,01,p551x1,,https://assets.publishing.service.gov.uk/media/5eb9522f86650c2791ec70f2/traffic-sign-drawing-schedule-13-part-02-item-01-p551x1.pdf,Original PDFs/Schedule 13/traffic-sign-drawing-schedule-13-part-02-item-01-p551x1.pdf
13,,,traffic-sign-drawing-schedule-13-part-2-items-02-and-03-p554,,https://assets.publishing.service.gov.uk/media/5eba6807e90e070834b6676d/traffic-sign-drawing-schedule-13-part-2-items-02-and-03-p554.pdf,Original PDFs/Schedule 13/traffic-sign-drawing-schedule-13-part-2-items-02-and-03-p554.pdf
13,02,04,p554x2,,https://assets.publishing.service.gov.uk/media/5eb952fd86650c278a0d1772/traffic-sign-drawing-schedule-13-part-02-item-04-p554x2.pdf,Original PDFs/Schedule 13/traffic-sign-drawing-schedule-13-part-02-item-04-p554x2.pdf
13,02,05,p556,,https://assets.publishing.service.gov.uk/media/5eb956a086650c279326642b/traffic-sign-drawing-schedule-13-part-02-item-05-p556.pdf,Original PDFs/Schedule 13/traffic-sign-drawing-schedule-13-part-02-item-05-p556.pdf
13,02,06,p557,,https://assets.publishing.service.gov.uk/media/5eb956c886650c278a0d1776/traffic-sign-drawing-schedule-13-part-02-item-06-p557.pdf,Original PDFs/Schedule 13/traffic-sign-drawing-schedule-13-part-02-item-06-p557.pdf
13,02,07,p562,,https://assets.publishing.service.gov.uk/media/5eb956d8e90e07083cd8a465/traffic-sign-drawing-schedule-13-part-02-item-07-p562.pdf,Original PDFs/Schedule 13/traffic-sign-drawing-schedule-13-part-02-item-07-p562.pdf
13,02,08,p950,,https://assets.publishing.service.gov.uk/media/5eb956e6e90e070836be82a0/traffic-sign-drawing-schedule-13-part-02-item-08-p950.pdf,Original PDFs/Schedule 13/traffic-sign-drawing-schedule-13-part-02-item-08-p950.pdf
13,02,09,p7001,,https://assets.publishing.service.gov.uk/media/5eb9570ae90e070831aeb0b1/traffic-sign-drawing-schedule-13-part-02-item-09-p7001.pdf,Original PDFs/Schedule 13/traffic-sign-drawing-schedule-13-part-02-item-09-p7001.pdf
13,02,10,p7009,,https://assets.publishing.service.gov.uk/media/5eb95718d3bf7f5d3bdd8aaa/traffic-sign-drawing-schedule-13-part-02-item-10-p7009.pdf,Original PDFs/Schedule 13/traffic-sign-drawing-schedule-13-part-02-item-10-p7009.pdf
13,04,01,p511,,https://assets.publishing.service.gov.uk/media/5eb957a1e90e070833a51686/traffic-sign-drawing-schedule-13-part-04-item-01-p511.pdf,Original PDFs/Schedule 13/traffic-sign-drawing-schedule-13-part-04-item-01-p511.pdf
13,04,02,p513x2,,https://assets.publishing.service.gov.uk/media/5eb957aee90e070835525d58/traffic-sign-drawing-schedule-13-part-04-item-02-p513x2.pdf,Original PDFs/Schedule 13/traffic-sign-drawing-schedule-13-part-04-item-02-p513x2.pdf
13,04,03,p7009x1,,https://assets.publishing.service.gov.uk/media/5eb957bc86650c279a4c1cda/traffic-sign-drawing-schedule-13-part-04-item-03-p7009x1.pdf,Original PDFs/Schedule 13/traffic-sign-drawing-schedule-13-part-04-item-03-p7009x1.pdf
13,06,01,p7006x1,,https://assets.publishing.service.gov.uk/media/5eb957ca86650c2794d75018/traffic-sign-drawing-schedule-13-part-06-item-01-p7006x1.pdf,Original PDFs/Schedule 13/traffic-sign-drawing-schedule-13-part-06-item-01-p7006x1.pdf
13,06,02,p7007x1,,https://assets.publishing.service.gov.uk/media/641c6f2a5155a2000c6ad568/traffic-sign-drawing-schedule-13-part-06-item-02-p7007x1.pdf,Original PDFs/Schedule 13/traffic-sign-drawing-schedule-13-part-06-item-02-p7007x1.pdf
13,06,03,p7008,,https://assets.publishing.service.gov.uk/media/5eb95897e90e07083b7d760b/traffic-sign-drawing-schedule-13-part-06-item-03-p7008.pdf,Original PDFs/Schedule 13/traffic-sign-drawing-schedule-13-part-06-item-03-p7008.pdf
13,06,07,p7104,,https://assets.publishing.service.gov.uk/media/5eb958a4d3bf7f5d3a907e52/traffic-sign-drawing-schedule-13-part-06-item-07-p7104.pdf,Original PDFs/Schedule 13/traffic-sign-drawing-schedule-13-part-06-item-07-p7104.pdf
13,06,08,p7105,,https://assets.publishing.service.gov.uk/media/5eb958b1e90e0708302da41e/traffic-sign-drawing-schedule-13-part-06-item-08-p7105.pdf,Original PDFs/Schedule 13/traffic-sign-drawing-schedule-13-part-06-item-08-p7105.pdf
13,06,09,p7402,,https://assets.publishing.service.gov.uk/media/5eb958c4e90e070836be82a2/traffic-sign-drawing-schedule-13-part-06-item-09-p7402.pdf,Original PDFs/Schedule 13/traffic-sign-drawing-schedule-13-part-06-item-09-p7402.pdf
13,06,10,p7403,,https://assets.publishing.service.gov.uk/media/5eb958d286650c279626e58e/traffic-sign-drawing-schedule-13-part-06-item-10-p7403.pdf,Original PDFs/Schedule 13/traffic-sign-drawing-schedule-13-part-06-item-10-p7403.pdf
13,06,11,p610,,https://assets.publishing.service.gov.uk/media/5eb958e686650c278a0d1779/traffic-sign-drawing-schedule-13-part-06-item-11-p610.pdf,Original PDFs/Schedule 13/traffic-sign-drawing-schedule-13-part-06-item-11-p610.pdf
13,06,12,p7404,,https://assets.publishing.service.gov.uk/media/5eb95976e90e07083cd8a468/traffic-sign-drawing-schedule-13-part-06-item-12-p7404.pdf,Original PDFs/Schedule 13/traffic-sign-drawing-schedule-13-part-06-item-12-p7404.pdf
13,6,13,p7202x1,,https://assets.publishing.service.gov.uk/media/5ec52b47d3bf7f5d380b127d/traffic-sign-drawing-schedule-13-part-6-item-13-p7202x1.pdf,Original PDFs/Schedule 13/traffic-sign-drawing-schedule-13-part-6-item-13-p7202x1.pdf
13,6,15,p7244,,https://assets.publishing.service.gov.uk/media/5ec52bcbd3bf7f5d3defffdb/traffic-sign-drawing-schedule-13-part-6-item-15-p7244.pdf,Original PDFs/Schedule 13/traffic-sign-drawing-schedule-13-part-6-item-15-p7244.pdf
13,6,16,p7245,,https://assets.publishing.service.gov.uk/media/5ec52cafe90e071e354dfd37/traffic-sign-drawing-schedule-13-part-6-item-16-p7245.pdf,Original PDFs/Schedule 13/traffic-sign-drawing-schedule-13-part-6-item-16-p7245.pdf
13,06,17,p633,,https://assets.publishing.service.gov.uk/media/5eb95a2be90e07083a7f74c9/traffic-sign-drawing-schedule-13-part-06-item-17-p633.pdf,Original PDFs/Schedule 13/traffic-sign-drawing-schedule-13-part-06-item-17-p633.pdf
13,06,18,np-scr,,https://assets.publishing.service.gov.uk/media/5eb95a7186650c2791ec70f8/traffic-sign-drawing-schedule-13-part-06-item-18-np-scr.pdf,Original PDFs/Schedule 13/traffic-sign-drawing-schedule-13-part-06-item-18-np-scr.pdf
13,06,19,p636,,https://assets.publishing.service.gov.uk/media/5eb95a7d86650c278e5eafce/traffic-sign-drawing-schedule-13-part-06-item-19-p636.pdf,Original PDFs/Schedule 13/traffic-sign-drawing-schedule-13-part-06-item-19-p636.pdf
13,06,20,p636x1,,https://assets.publishing.service.gov.uk/media/5eb95a8dd3bf7f5d39550300/traffic-sign-drawing-schedule-13-part-06-item-20-p636x1.pdf,Original PDFs/Schedule 13/traffic-sign-drawing-schedule-13-part-06-item-20-p636x1.pdf
13,06,21,p636x2,,https://assets.publishing.service.gov.uk/media/5eb95a99d3bf7f5d42b1c413/traffic-sign-drawing-schedule-13-part-06-item-21-p636x2.pdf,Original PDFs/Schedule 13/traffic-sign-drawing-schedule-13-part-06-item-21-p636x2.pdf
13,06,22,p640x1,,https://assets.publishing.service.gov.uk/media/5eb95b7e86650c2792c2bad6/traffic-sign-drawing-schedule-13-part-06-item-22-p640x1.pdf,Original PDFs/Schedule 13/traffic-sign-drawing-schedule-13-part-06-item-22-p640x1.pdf
13,06,23,p829x1,,https://assets.publishing.service.gov.uk/media/5eb95b8a86650c279626e58f/traffic-sign-drawing-schedule-13-part-06-item-23-p829x1.pdf,Original PDFs/Schedule 13/traffic-sign-drawing-schedule-13-part-06-item-23-p829x1.pdf
13,06,24,p829x2,,https://assets.publishing.service.gov.uk/media/5eb95b99d3bf7f5d37fa0d38/traffic-sign-drawing-schedule-13-part-06-item-24-p829x2.pdf,Original PDFs/Schedule 13/traffic-sign-drawing-schedule-13-part-06-item-24-p829x2.pdf
13,06,25,p829x3,,https://assets.publishing.service.gov.uk/media/5eb95ba686650c279020b2c1/traffic-sign-drawing-schedule-13-part-06-item-25-p829x3.pdf,Original PDFs/Schedule 13/traffic-sign-drawing-schedule-13-part-06-item-25-p829x3.pdf
13,06,26,829x4,,https://assets.publishing.service.gov.uk/media/5eb95bbbe90e0708370f97fa/traffic-sign-drawing-schedule-13-part-06-item-26-829x4.pdf,Original PDFs/Schedule 13/traffic-sign-drawing-schedule-13-part-06-item-26-829x4.pdf
13,06,27,p832x7,,https://assets.publishing.service.gov.uk/media/5ec532b586650c76acac3775/traffic-sign-drawing-schedule-13-part-06-item-27-p832x7.pdf,Original PDFs/Schedule 13/traffic-sign-drawing-schedule-13-part-06-item-27-p832x7.pdf
13,06,28,p2701,,https://assets.publishing.service.gov.uk/media/5eb9720ae90e07083975dfe6/traffic-sign-drawing-schedule-13-part-06-item-28-p2701.pdf,Original PDFs/Schedule 13/traffic-sign-drawing-schedule-13-part-06-item-28-p2701.pdf
13,06,28,p2701x1,,https://assets.publishing.service.gov.uk/media/5eb9725386650c2791ec7101/traffic-sign-drawing-schedule-13-part-06-item-28-p2701x1.pdf,Original PDFs/Schedule 13/traffic-sign-drawing-schedule-13-part-06-item-28-p2701x1.pdf
13,06,35,7026,,https://assets.publishing.service.gov.uk/media/5eb972b2d3bf7f5d411ad9f6/traffic-sign-drawing-schedule-13-part-06-item-35-7026.pdf,Original PDFs/Schedule 13/traffic-sign-drawing-schedule-13-part-06-item-35-7026.pdf
13,06,36,p7029,,https://assets.publishing.service.gov.uk/media/5eb972cd86650c279a4c1ce1/traffic-sign-drawing-schedule-13-part-06-item-36-p7029.pdf,Original PDFs/Schedule 13/traffic-sign-drawing-schedule-13-part-06-item-36-p7029.pdf
13,06,37,p7014,,https://assets.publishing.service.gov.uk/media/5eb9732786650c27955a8957/traffic-sign-drawing-schedule-13-part-06-item-37-p7014.pdf,Original PDFs/Schedule 13/traffic-sign-drawing-schedule-13-part-06-item-37-p7014.pdf
13,06,38,7032,,https://assets.publishing.service.gov.uk/media/5eb9736e86650c279626e593/traffic-sign-drawing-schedule-13-part-06-item-38-7032.pdf,Original PDFs/Schedule 13/traffic-sign-drawing-schedule-13-part-06-item-38-7032.pdf
13,06,39,7014x1,,https://assets.publishing.service.gov.uk/media/5eb973a5d3bf7f5d411ad9f7/traffic-sign-drawing-schedule-13-part-06-item-39-7014x1.pdf,Original PDFs/Schedule 13/traffic-sign-drawing-schedule-13-part-06-item-39-7014x1.pdf
13,06,40,7291,,https://assets.publishing.service.gov.uk/media/5eb97425d3bf7f5d40439320/traffic-sign-drawing-schedule-13-part-06-item-40-7291.pdf,Original PDFs/Schedule 13/traffic-sign-drawing-schedule-13-part-06-item-40-7291.pdf
13,06,41,7294,,https://assets.publishing.service.gov.uk/media/5eb9744286650c27984d2b3d/traffic-sign-drawing-schedule-13-part-06-item-41-7294.pdf,Original PDFs/Schedule 13/traffic-sign-drawing-schedule-13-part-06-item-41-7294.pdf
13,06,42,7003x1,,https://assets.publishing.service.gov.uk/media/5eb97470e90e070834b66765/traffic-sign-drawing-schedule-13-part-06-item-42-7003x1.pdf,Original PDFs/Schedule 13/traffic-sign-drawing-schedule-13-part-06-item-42-7003x1.pdf
13,06,43,7004-7005,,https://assets.publishing.service.gov.uk/media/641d78165155a200136ad5f5/traffic-sign-drawing-schedule-13-part-06-item-43-7004-7005.pdf,Original PDFs/Schedule 13/traffic-sign-drawing-schedule-13-part-06-item-43-7004-7005.pdf
13,06,44,7006,,https://assets.publishing.service.gov.uk/media/5eb974d0d3bf7f5d456fdece/traffic-sign-drawing-schedule-13-part-06-item-44-7006.pdf,Original PDFs/Schedule 13/traffic-sign-drawing-schedule-13-part-06-item-44-7006.pdf
13,06,45,2708,,https://assets.publishing.service.gov.uk/media/5eb974f0e90e07083b7d7610/traffic-sign-drawing-schedule-13-part-06-item-45-2708.pdf,Original PDFs/Schedule 13/traffic-sign-drawing-schedule-13-part-06-item-45-2708.pdf
13,06,46,830x1,,https://assets.publishing.service.gov.uk/media/5eb97562d3bf7f5d40439321/traffic-sign-drawing-schedule-13-part-06-item-46-830x1.pdf,Original PDFs/Schedule 13/traffic-sign-drawing-schedule-13-part-06-item-46-830x1.pdf
13,06,47,830x2,,https://assets.publishing.service.gov.uk/media/5eb97576e90e0708380637ed/traffic-sign-drawing-schedule-13-part-06-item-47-830x2.pdf,Original PDFs/Schedule 13/traffic-sign-drawing-schedule-13-part-06-item-47-830x2.pdf
13,06,48,830x3,,https://assets.publishing.service.gov.uk/media/5eb9759ed3bf7f5d380b11e3/traffic-sign-drawing-schedule-13-part-06-item-48-830x3.pdf,Original PDFs/Schedule 13/traffic-sign-drawing-schedule-13-part-06-item-48-830x3.pdf
13,06,49,831x2,,https://assets.publishing.service.gov.uk/media/5eb975dfd3bf7f5d37fa0d3d/traffic-sign-drawing-schedule-13-part-06-item-49-831x2.pdf,Original PDFs/Schedule 13/traffic-sign-drawing-schedule-13-part-06-item-49-831x2.pdf
13,06,50,831x1b,,https://assets.publishing.service.gov.uk/media/5eb97615e90e07083cd8a46d/traffic-sign-drawing-schedule-13-part-06-item-50-831x1b.pdf,Original PDFs/Schedule 13/traffic-sign-drawing-schedule-13-part-06-item-50-831x1b.pdf
13,06,51,832x4,,https://assets.publishing.service.gov.uk/media/5eb97622e90e070836be82a5/traffic-sign-drawing-schedule-13-part-06-item-51-832x4.pdf,Original PDFs/Schedule 13/traffic-sign-drawing-schedule-13-part-06-item-51-832x4.pdf
13,06,52,7020,,https://assets.publishing.service.gov.uk/media/5eb9762f86650c2794d7501d/traffic-sign-drawing-schedule-13-part-06-item-52-7020.pdf,Original PDFs/Schedule 13/traffic-sign-drawing-schedule-13-part-06-item-52-7020.pdf
13,,,schedule-13-part-09-examples,,https://assets.publishing.service.gov.uk/media/5eb978ae86650c2794d7501e/schedule-13-part-09-examples.pdf,Original PDFs/Schedule 13/schedule-13-part-09-examples.pdf
14,02,05,3014,,https://assets.publishing.service.gov.uk/media/5eb197aed3bf7f6532516f09/traffic-sign-drawing-schedule-14-part-02-item-05-3014.pdf,Original PDFs/Schedule 14/traffic-sign-drawing-schedule-14-part-02-item-05-3014.pdf
14,02,06,p773,,https://assets.publishing.service.gov.uk/media/5eb19832e90e0723bd470fec/traffic-sign-drawing-schedule-14-part-02-item-06-p773.pdf,Original PDFs/Schedule 14/traffic-sign-drawing-schedule-14-part-02-item-06-p773.pdf
14,02,07,p563x1,,https://assets.publishing.service.gov.uk/media/5eb1990f86650c435fa620ea/traffic-sign-drawing-schedule-14-part-02-item-07-p563x1.pdf,Original PDFs/Schedule 14/traffic-sign-drawing-schedule-14-part-02-item-07-p563x1.pdf
14,02,08,p776,,https://assets.publishing.service.gov.uk/media/5eb1997fe90e0723aef80575/traffic-sign-drawing-schedule-14-part-02-item-08-p776.pdf,Original PDFs/Schedule 14/traffic-sign-drawing-schedule-14-part-02-item-08-p776.pdf
14,02,08,p777,,https://assets.publishing.service.gov.uk/media/5eb199c2d3bf7f65354f0659/traffic-sign-drawing-schedule-14-part-02-item-08-p777.pdf,Original PDFs/Schedule 14/traffic-sign-drawing-schedule-14-part-02-item-08-p777.pdf
14,02,09,p4002x1,,https://assets.publishing.service.gov.uk/media/5eb19a08d3bf7f65298427f2/traffic-sign-drawing-schedule-14-part-02-item-09-p4002x1.pdf,Original PDFs/Schedule 14/traffic-sign-drawing-schedule-14-part-02-item-09-p4002x1.pdf
14,02,11,p4003,,https://assets.publishing.service.gov.uk/media/5eb19a5a86650c435efc5cfe/traffic-sign-drawing-schedule-14-part-02-item-11-p4003.pdf,Original PDFs/Schedule 14/traffic-sign-drawing-schedule-14-part-02-item-11-p4003.pdf
14,02,16,p4003x3,,https://assets.publishing.service.gov.uk/media/5eb19a8886650c436060bc23/traffic-sign-drawing-schedule-14-part-02-item-16-p4003x3.pdf,Original PDFs/Schedule 14/traffic-sign-drawing-schedule-14-part-02-item-16-p4003x3.pdf
14,02,24,scp,,https://assets.publishing.service.gov.uk/media/5eb19ac2d3bf7f65253adb60/traffic-sign-drawing-schedule-14-part-02-item-24-scp.pdf,Original PDFs/Schedule 14/traffic-sign-drawing-schedule-14-part-02-item-24-scp.pdf
14,02,26,p4006,,https://assets.publishing.service.gov.uk/media/5eb19ae4d3bf7f6526f8d79b/traffic-sign-drawing-schedule-14-part-02-item-26-p4006.pdf,Original PDFs/Schedule 14/traffic-sign-drawing-schedule-14-part-02-item-26-p4006.pdf
14,02,28,p543,,https://assets.publishing.service.gov.uk/media/5eb19b52e90e0723b0a6602a/traffic-sign-drawing-schedule-14-part-02-item-28-p543.pdf,Original PDFs/Schedule 14/traffic-sign-drawing-schedule-14-part-02-item-28-p543.pdf
14,02,29,p543x1,,https://assets.publishing.service.gov.uk/media/5eb19b69d3bf7f6534faf116/traffic-sign-drawing-schedule-14-part-02-item-29-p543x1.pdf,Original PDFs/Schedule 14/traffic-sign-drawing-schedule-14-part-02-item-29-p543x1.pdf
14,02,30,p544,,https://assets.publishing.service.gov.uk/media/5eb19be286650c4356562f9b/traffic-sign-drawing-schedule-14-part-02-item-30-p544.pdf,Original PDFs/Schedule 14/traffic-sign-drawing-schedule-14-part-02-item-30-p544.pdf
14,02,31,p547x8,,https://assets.publishing.service.gov.uk/media/5eb19c1486650c435ce506f2/traffic-sign-drawing-schedule-14-part-02-item-31-p547x8.pdf,Original PDFs/Schedule 14/traffic-sign-drawing-schedule-14-part-02-item-31-p547x8.pdf
14,02,32,p5001x1,,https://assets.publishing.service.gov.uk/media/5eb19c39d3bf7f652fbc18a5/traffic-sign-drawing-schedule-14-part-02-item-32-p5001x1.pdf,Original PDFs/Schedule 14/traffic-sign-drawing-schedule-14-part-02-item-32-p5001x1.pdf
14,02,32,p5001x2,,https://assets.publishing.service.gov.uk/media/5eb19ca9d3bf7f652df4566d/traffic-sign-drawing-schedule-14-part-02-item-32-p5001x2.pdf,Original PDFs/Schedule 14/traffic-sign-drawing-schedule-14-part-02-item-32-p5001x2.pdf
14,02,33,p5003,,https://assets.publishing.service.gov.uk/media/5eb19cdc86650c435dbb6b2d/traffic-sign-drawing-schedule-14-part-02-item-33-p5003.pdf,Original PDFs/Schedule 14/traffic-sign-drawing-schedule-14-part-02-item-33-p5003.pdf
14,02,33,p5003x1,,https://assets.publishing.service.gov.uk/media/5eb19d1586650c435dbb6b2e/traffic-sign-drawing-schedule-14-part-02-item-33-p5003x1.pdf,Original PDFs/Schedule 14/traffic-sign-drawing-schedule-14-part-02-item-33-p5003x1.pdf
14,02,34,p5005,,https://assets.publishing.service.gov.uk/media/5eb19d37e90e0723b0a6602b/traffic-sign-drawing-schedule-14-part-02-item-34-p5005.pdf,Original PDFs/Schedule 14/traffic-sign-drawing-schedule-14-part-02-item-34-p5005.pdf
14,02,34,p5005x1,,https://assets.publishing.service.gov.uk/media/5eb27ce8e90e075a47af955d/traffic-sign-drawing-schedule-14-part-02-item-34-p5005x1.pdf,Original PDFs/Schedule 14/traffic-sign-drawing-schedule-14-part-02-item-34-p5005x1.pdf
14,02,35,p5010,,https://assets.publishing.service.gov.uk/media/5eb27d2886650c740fe1462f/traffic-sign-drawing-schedule-14-part-02-item-35-p5010.pdf,Original PDFs/Schedule 14/traffic-sign-drawing-schedule-14-part-02-item-35-p5010.pdf
14,02,36,p5011,,https://assets.publishing.service.gov.uk/media/5eb27d90e90e075a51c8d254/traffic-sign-drawing-schedule-14-part-02-item-36-p5011.pdf,Original PDFs/Schedule 14/traffic-sign-drawing-schedule-14-part-02-item-36-p5011.pdf
14,02,37,p5012,,https://assets.publishing.service.gov.uk/media/5eb27e6586650c7415763f91/traffic-sign-drawing-schedule-14-part-02-item-37-p5012.pdf,Original PDFs/Schedule 14/traffic-sign-drawing-schedule-14-part-02-item-37-p5012.pdf
14,02,38,p5013,,https://assets.publishing.service.gov.uk/media/5eb27e7be90e075a4dc19754/traffic-sign-drawing-schedule-14-part-02-item-38-p5013.pdf,Original PDFs/Schedule 14/traffic-sign-drawing-schedule-14-part-02-item-38-p5013.pdf
14,02,39,p5014,,https://assets.publishing.service.gov.uk/media/5eb27e8ad3bf7f2b943ffa17/traffic-sign-drawing-schedule-14-part-02-item-39-p5014.pdf,Original PDFs/Schedule 14/traffic-sign-drawing-schedule-14-part-02-item-39-p5014.pdf
14,02,40,p5015,,https://assets.publishing.service.gov.uk/media/5eb27ec7e90e075a4ecbf6f0/traffic-sign-drawing-schedule-14-part-02-item-40-p5015.pdf,Original PDFs/Schedule 14/traffic-sign-drawing-schedule-14-part-02-item-40-p5015.pdf
14,02,41,p548,,https://assets.publishing.service.gov.uk/media/5eb27fee86650c740c5226a8/traffic-sign-drawing-schedule-14-part-02-item-41-p548.pdf,Original PDFs/Schedule 14/traffic-sign-drawing-schedule-14-part-02-item-41-p548.pdf
14,02,41,p548x1,,https://assets.publishing.service.gov.uk/media/5eb28095e90e075a49fc0726/traffic-sign-drawing-schedule-14-part-02-item-41-p548x1.pdf,Original PDFs/Schedule 14/traffic-sign-drawing-schedule-14-part-02-item-41-p548x1.pdf
14,02,42,p606,,https://assets.publishing.service.gov.uk/media/5eb280bb86650c741456563d/traffic-sign-drawing-schedule-14-part-02-item-42-p606.pdf,Original PDFs/Schedule 14/traffic-sign-drawing-schedule-14-part-02-item-42-p606.pdf
14,02,43,p612-and-613,,https://assets.publishing.service.gov.uk/media/5eb280cad3bf7f2b8f563ff7/traffic-sign-drawing-schedule-14-part-02-item-43-p612-and-613.pdf,Original PDFs/Schedule 14/traffic-sign-drawing-schedule-14-part-02-item-43-p612-and-613.pdf
14,02,43,p614,,https://assets.publishing.service.gov.uk/media/5eb2815186650c740889ccd3/traffic-sign-drawing-schedule-14-part-02-item-43-p614.pdf,Original PDFs/Schedule 14/traffic-sign-drawing-schedule-14-part-02-item-43-p614.pdf
14,02,44,p616,,https://assets.publishing.service.gov.uk/media/5eb28162e90e075a54b62c3b/traffic-sign-drawing-schedule-14-part-02-item-44-p616.pdf,Original PDFs/Schedule 14/traffic-sign-drawing-schedule-14-part-02-item-44-p616.pdf
14,02,45,p954x5,,https://assets.publishing.service.gov.uk/media/5eb2817ae90e075a51c8d259/traffic-sign-drawing-schedule-14-part-02-item-45-p954x5.pdf,Original PDFs/Schedule 14/traffic-sign-drawing-schedule-14-part-02-item-45-p954x5.pdf
14,02,45,p954x6,,https://assets.publishing.service.gov.uk/media/5eb2822586650c740a3990a3/traffic-sign-drawing-schedule-14-part-02-item-45-p954x6.pdf,Original PDFs/Schedule 14/traffic-sign-drawing-schedule-14-part-02-item-45-p954x6.pdf
14,02,45,p954x7,,https://assets.publishing.service.gov.uk/media/5eb28218e90e075a49fc0727/traffic-sign-drawing-schedule-14-part-02-item-45-p954x7.pdf,Original PDFs/Schedule 14/traffic-sign-drawing-schedule-14-part-02-item-45-p954x7.pdf
14,02,58,p7011,,https://assets.publishing.service.gov.uk/media/6426efac7de82b00123133e1/traffic-sign-drawing-schedule-14-part-02-item-58-p7011.pdf,Original PDFs/Schedule 14/traffic-sign-drawing-schedule-14-part-02-item-58-p7011.pdf
14,02,59,p7011x1,,https://assets.publishing.service.gov.uk/media/5eb28288d3bf7f2b9c938b6f/traffic-sign-drawing-schedule-14-part-02-item-59-p7011x1.pdf,Original PDFs/Schedule 14/traffic-sign-drawing-schedule-14-part-02-item-59-p7011x1.pdf
14,02,60,p7011x2,,https://assets.publishing.service.gov.uk/media/5eb28388e90e075a4fa0e673/traffic-sign-drawing-schedule-14-part-02-item-60-p7011x2.pdf,Original PDFs/Schedule 14/traffic-sign-drawing-schedule-14-part-02-item-60-p7011x2.pdf
14,02,61,p7019,,https://assets.publishing.service.gov.uk/media/5eb2839be90e075a52d0646b/traffic-sign-drawing-schedule-14-part-02-item-61-p7019.pdf,Original PDFs/Schedule 14/traffic-sign-drawing-schedule-14-part-02-item-61-p7019.pdf
14,02,62,p7021,,https://assets.publishing.service.gov.uk/media/5eb283a9e90e075a4ecbf6f1/traffic-sign-drawing-schedule-14-part-02-item-62-p7021.pdf,Original PDFs/Schedule 14/traffic-sign-drawing-schedule-14-part-02-item-62-p7021.pdf
14,02,63,p7022,,https://assets.publishing.service.gov.uk/media/5eb28519d3bf7f2b939f4d02/traffic-sign-drawing-schedule-14-part-02-item-63-p7022.pdf,Original PDFs/Schedule 14/traffic-sign-drawing-schedule-14-part-02-item-63-p7022.pdf
14,02,64,p7023,,https://assets.publishing.service.gov.uk/media/5eb2850bd3bf7f2b99f35c25/traffic-sign-drawing-schedule-14-part-02-item-64-p7023.pdf,Original PDFs/Schedule 14/traffic-sign-drawing-schedule-14-part-02-item-64-p7023.pdf
14,02,65,p7024,,https://assets.publishing.service.gov.uk/media/5eb2856ed3bf7f2b939f4d03/traffic-sign-drawing-schedule-14-part-02-item-65-p7024.pdf,Original PDFs/Schedule 14/traffic-sign-drawing-schedule-14-part-02-item-65-p7024.pdf
14,02,66,p7031,,https://assets.publishing.service.gov.uk/media/5eb2853f86650c741124b311/traffic-sign-drawing-schedule-14-part-02-item-66-p7031.pdf,Original PDFs/Schedule 14/traffic-sign-drawing-schedule-14-part-02-item-66-p7031.pdf
14,02,67,p790,,https://assets.publishing.service.gov.uk/media/5eb28532d3bf7f2b8e8a88ca/traffic-sign-drawing-schedule-14-part-02-item-67-p790.pdf,Original PDFs/Schedule 14/traffic-sign-drawing-schedule-14-part-02-item-67-p790.pdf
14,03,01,p3001x2,,https://assets.publishing.service.gov.uk/media/5eb2852586650c740c5226ab/traffic-sign-drawing-schedule-14-part-03-item-01-p3001x2.pdf,Original PDFs/Schedule 14/traffic-sign-drawing-schedule-14-part-03-item-01-p3001x2.pdf
15,,,traffic-sign-drawing-schedule-15-part-02-item-01,,https://assets.publishing.service.gov.uk/media/5eb291ba86650c740e3708a2/traffic-sign-drawing-schedule-15-part-02-item-01.pdf,Original PDFs/Schedule 15/traffic-sign-drawing-schedule-15-part-02-item-01.pdf
15,,,traffic-sign-drawing-schedule-15-part-02-item-02,,https://assets.publishing.service.gov.uk/media/5eb291c4d3bf7f2b939f4d0a/traffic-sign-drawing-schedule-15-part-02-item-02.pdf,Original PDFs/Schedule 15/traffic-sign-drawing-schedule-15-part-02-item-02.pdf
15,,,traffic-sign-drawing-schedule-15-part-02-item-03,,https://assets.publishing.service.gov.uk/media/5eb291cf86650c7413d54cb6/traffic-sign-drawing-schedule-15-part-02-item-03.pdf,Original PDFs/Schedule 15/traffic-sign-drawing-schedule-15-part-02-item-03.pdf
15,,,traffic-sign-drawing-schedule-15-part-02-item-04,,https://assets.publishing.service.gov.uk/media/5eb291d9e90e075a49fc072c/traffic-sign-drawing-schedule-15-part-02-item-04.pdf,Original PDFs/Schedule 15/traffic-sign-drawing-schedule-15-part-02-item-04.pdf
15,,,traffic-sign-drawing-schedule-15-part-02-item-05,,https://assets.publishing.service.gov.uk/media/5eb291e386650c741124b313/traffic-sign-drawing-schedule-15-part-02-item-05.pdf,Original PDFs/Schedule 15/traffic-sign-drawing-schedule-15-part-02-item-05.pdf
15,,,traffic-sign-drawing-schedule-15-part-02-item-06,,https://assets.publishing.service.gov.uk/media/5eb29224d3bf7f2b939f4d0b/traffic-sign-drawing-schedule-15-part-02-item-06.pdf,Original PDFs/Schedule 15/traffic-sign-drawing-schedule-15-part-02-item-06.pdf
15,,,traffic-sign-drawing-schedule-15-part-02-item-07,,https://assets.publishing.service.gov.uk/media/5eb2922fe90e075a4dc19759/traffic-sign-drawing-schedule-15-part-02-item-07.pdf,Original PDFs/Schedule 15/traffic-sign-drawing-schedule-15-part-02-item-07.pdf
15,,,traffic-sign-drawing-schedule-15-part-02-item-08,,https://assets.publishing.service.gov.uk/media/5eb2923986650c7407be9935/traffic-sign-drawing-schedule-15-part-02-item-08.pdf,Original PDFs/Schedule 15/traffic-sign-drawing-schedule-15-part-02-item-08.pdf
15,,,traffic-sign-drawing-schedule-15-part-02-item-09,,https://assets.publishing.service.gov.uk/media/5eb29244d3bf7f2b9a04499c/traffic-sign-drawing-schedule-15-part-02-item-09.pdf,Original PDFs/Schedule 15/traffic-sign-drawing-schedule-15-part-02-item-09.pdf
15,,,traffic-sign-drawing-schedule-15-part-02-item-10,,https://assets.publishing.service.gov.uk/media/5eb29256e90e075a4fa0e674/traffic-sign-drawing-schedule-15-part-02-item-10.pdf,Original PDFs/Schedule 15/traffic-sign-drawing-schedule-15-part-02-item-10.pdf
15,,,traffic-sign-drawing-schedule-15-part-02-item-11,,https://assets.publishing.service.gov.uk/media/5eb29262e90e075a533effd8/traffic-sign-drawing-schedule-15-part-02-item-11.pdf,Original PDFs/Schedule 15/traffic-sign-drawing-schedule-15-part-02-item-11.pdf
15,,,traffic-sign-drawing-schedule-15-part-02-item-12,,https://assets.publishing.service.gov.uk/media/5eb2926cd3bf7f2b8dff68c6/traffic-sign-drawing-schedule-15-part-02-item-12.pdf,Original PDFs/Schedule 15/traffic-sign-drawing-schedule-15-part-02-item-12.pdf
15,,,traffic-sign-drawing-schedule-15-part-02-item-13,,https://assets.publishing.service.gov.uk/media/5eb2927686650c741124b314/traffic-sign-drawing-schedule-15-part-02-item-13.pdf,Original PDFs/Schedule 15/traffic-sign-drawing-schedule-15-part-02-item-13.pdf
15,,,traffic-sign-drawing-schedule-15-part-02-item-14,,https://assets.publishing.service.gov.uk/media/5eb2927fd3bf7f2b8dff68c7/traffic-sign-drawing-schedule-15-part-02-item-14.pdf,Original PDFs/Schedule 15/traffic-sign-drawing-schedule-15-part-02-item-14.pdf
15,,,traffic-sign-drawing-schedule-15-part-02-item-15,,https://assets.publishing.service.gov.uk/media/5eb2928ad3bf7f2b9a04499d/traffic-sign-drawing-schedule-15-part-02-item-15.pdf,Original PDFs/Schedule 15/traffic-sign-drawing-schedule-15-part-02-item-15.pdf
15,,,traffic-sign-drawing-schedule-15-part-02-item-16,,https://assets.publishing.service.gov.uk/media/5eb29294e90e075a48fb87da/traffic-sign-drawing-schedule-15-part-02-item-16.pdf,Original PDFs/Schedule 15/traffic-sign-drawing-schedule-15-part-02-item-16.pdf
16,,,traffic-sign-drawing-schedule-16,,https://assets.publishing.service.gov.uk/media/5eac0c36d3bf7f6526f8d760/traffic-sign-drawing-schedule-16.pdf,Original PDFs/Schedule 16/traffic-sign-drawing-schedule-16.pdf
