code,name,family,file,size,notes,source
TC1831,PATH SUBJECT TO FLOODING INDICATORS SHOW DEPTH,Bicyclists,PATH_SUBJECT_TO_FLOODING_INDICATORS_SHOW_DEPTH_TC1831.svg,450x750 mm,size from the drawing's overall width dimension (450 mm); type: WARNING SIGN,Original PDFs/TC signs/TC Signs_June 2026/bicyclists/TC1831.pdf
TC1907,BICYCLE CROSSING AHEAD,Bicyclists,BICYCLE_CROSSING_AHEAD_TC1907.svg,310x453 mm,size from the drawing's overall width dimension (310 mm); type: BICYCLE ROUTE SIGN,Original PDFs/TC signs/TC Signs_June 2026/bicyclists/TC1907.pdf
TC2089,WHEN BICYCLES PRESENT,Bicyclists,WHEN_BICYCLES_PRESENT_TC2089.svg,149x297 mm,size from the drawing's overall height dimension (297 mm); type: REGULATORY SIGN,Original PDFs/TC signs/TC Signs_June 2026/bicyclists/TC2089.pdf
TC2225,CYCLISTS KEEP LEFT WATCH FOR VEHICLES,Bicyclists,CYCLISTS_KEEP_LEFT_WATCH_FOR_VEHICLES_TC2225.svg,356x400 mm,size from the drawing's overall height dimension (400 mm); type: WARNING SIGN,Original PDFs/TC signs/TC Signs_June 2026/bicyclists/TC2225.pdf
TC2306,KEEP LEFT,Bicyclists,KEEP_LEFT_TC2306.svg,250x330 mm,size from the drawing's overall width dimension (250 mm); type: BEHAVIOURAL SIGN FOR PATHS,Original PDFs/TC signs/TC Signs_June 2026/bicyclists/TC2306.pdf
TC2306,KEEP LEFT,Bicyclists,KEEP_LEFT_VAR2_TC2306.svg,601x600 mm,no size found on the sheet; drawn at 1:10 — check; type: BEHAVIOURAL SIGN FOR PATHS,Original PDFs/TC signs/TC Signs_June 2026/bicyclists/TC2306.pdf
TC2357,SCOOTER,Bicyclists,,,no drawing found on the sheet,Original PDFs/TC signs/TC Signs_June 2026/bicyclists/TC2357.pdf
TC1019,UNDERPASS SUBJECT TO FLOODING,Bicyclists,UNDERPASS_SUBJECT_TO_FLOODING_TC1019.svg,450x749 mm,size from the drawing's overall width dimension (450 mm); type: WARNING SIGN,Original PDFs/TC signs/TC Signs_June 2026/bicyclists/tc1019.pdf
TC1086,OLYMPIC TRAINING ROUTE,Bicyclists,OLYMPIC_TRAINING_ROUTE_TC1086.svg,750x750 mm,size from the drawing's overall width dimension (750 mm); type: TEMPORARY WARNING SIGN,Original PDFs/TC signs/TC Signs_June 2026/bicyclists/tc1086.pdf
TC1087,OLYMPIC TRAINING ROUTE,Bicyclists,OLYMPIC_TRAINING_ROUTE_TC1087.svg,900x600 mm,size from the drawing's overall width dimension (900 mm); type: SUPPLEMENTARY PLATE,Original PDFs/TC signs/TC Signs_June 2026/bicyclists/tc1087.pdf
TC1087,OLYMPIC TRAINING ROUTE,Bicyclists,OLYMPIC_TRAINING_ROUTE_OLYMPIC_TC1087.svg,408x408 mm,no size found on the sheet; drawn at 1:10 — check; type: SUPPLEMENTARY PLATE,Original PDFs/TC signs/TC Signs_June 2026/bicyclists/tc1087.pdf
TC1313,GAPS IN BRIDGE DECK,Bicyclists,GAPS_IN_BRIDGE_DECK_TC1313.svg,450x300 mm,"size from the sheet's dimension table, first row (a = 450, b = 300); other rows are size variants not produced; type: INSTRUCTION SIGN",Original PDFs/TC signs/TC Signs_June 2026/bicyclists/tc1313.pdf
TC1314,BROKEN SURFACE,Bicyclists,BROKEN_SURFACE_TC1314.svg,450x300 mm,"size from the sheet's dimension table, first row (a = 450, b = 300); other rows are size variants not produced; type: INSTRUCTION SIGN",Original PDFs/TC signs/TC Signs_June 2026/bicyclists/tc1314.pdf
TC1456,CYCLIST ACTIVATED TRAFFIC SIGNAL,Bicyclists,CYCLIST_ACTIVATED_TRAFFIC_SIGNAL_TC1456.svg,541x1201 mm,no size found on the sheet; drawn at 1:10 — check; type: PEDESTAL ADHESIVE LABEL,Original PDFs/TC signs/TC Signs_June 2026/bicyclists/tc1456.pdf
TC9606,BICYCLE PATH SIGN,Bicyclists,BICYCLE_PATH_SIGN_TC9606.svg,300x354 mm,"size from the sheet's dimension table, first row (a = 300, b = 450); other rows are size variants not produced; type: BICYCLE PATH SIGN",Original PDFs/TC signs/TC Signs_June 2026/bicyclists/tc9606.pdf
TC9744,CHECK BRAKES,Bicyclists,CHECK_BRAKES_TC9744.svg,300x200 mm,"size from the sheet's dimension table, first row (a = 300, b = 200); other rows are size variants not produced; type: BIKEWAY WARNING SIGN",Original PDFs/TC signs/TC Signs_June 2026/bicyclists/tc9744.pdf
TC9744,CHECK BRAKES,Bicyclists,CHECK_BRAKES_VAR2_TC9744.svg,200x983 mm,"size from the sheet's dimension table, first row (a = 200, b = 300); other rows are size variants not produced; type: BIKEWAY WARNING SIGN",Original PDFs/TC signs/TC Signs_June 2026/bicyclists/tc9744.pdf
TC1900,ADVANCED INFORMATION SIGN (ONE CROSSING),Bridge,ADVANCED_INFORMATION_SIGN_ONE_CROSSING_TC1900.svg,2000x999 mm,size from the drawing's overall width dimension (2000 mm); type: BRIDGE LOAD LIMIT,Original PDFs/TC signs/TC Signs_June 2026/bridge/TC1900.pdf
TC1981,NO STOPPING ON BRIDGE,Bridge,NO_STOPPING_ON_BRIDGE_TC1981.svg,750x900 mm,size from the drawing's overall width dimension (750 mm); type: INFORMATION SIGN,Original PDFs/TC signs/TC Signs_June 2026/bridge/TC1981.pdf
TC1981,NO STOPPING ON BRIDGE,Bridge,NO_STOPPING_ON_BRIDGE_VAR2_TC1981.svg,208x765 mm,no size found on the sheet; drawn at 1:10 — check; background assumed to be a white rectangle (outline drawn as loose strokes) — check; type: INFORMATION SIGN,Original PDFs/TC signs/TC Signs_June 2026/bridge/TC1981.pdf
TC1088,HIGH VEHICLE DETOUR,Bridge,HIGH_VEHICLE_DETOUR_TC1088.svg,2997x1500 mm,size from the drawing's overall height dimension (1500 mm); type: WARNING SIGN,Original PDFs/TC signs/TC Signs_June 2026/bridge/tc1088.pdf
TC1088,HIGH VEHICLE DETOUR,Bridge,HIGH_VEHICLE_DETOUR_VAR2_TC1088.svg,1000x270 mm,size from the drawing's overall width dimension (1000 mm); type: WARNING SIGN,Original PDFs/TC signs/TC Signs_June 2026/bridge/tc1088.pdf
TC1515,LOW BRIDGE ...m ON SIDE ROAD,Bridge,LOW_BRIDGE_M_ON_SIDE_ROAD_TC1515.svg,1800x800 mm,size from the drawing's overall width dimension (1800 mm); drawn at 2 sizes on the sheet; largest kept; type: INFORMATION SIGN,Original PDFs/TC signs/TC Signs_June 2026/bridge/tc1515.pdf
TC9700,INSTRUCTION SIGN,Bridge,INSTRUCTION_SIGN_TC9700.svg,1100x1585 mm,size from the drawing's overall width dimension (1100 mm); type: INSTRUCTION SIGN,Original PDFs/TC signs/TC Signs_June 2026/bridge/tc9700.pdf
TC9942,REGULATORY SIGN,Bridge,REGULATORY_SIGN_TC9942.svg,1596x1406 mm,no size found on the sheet; drawn at 1:10 — check; triangulated CAD export unioned; type: REGULATORY SIGN,Original PDFs/TC signs/TC Signs_June 2026/bridge/tc9942.pdf
TC9943,SUPPLEMENTARY PLATE,Bridge,SUPPLEMENTARY_PLATE_TC9943.svg,2500x801 mm,size from the drawing's overall width dimension (2500 mm); type: SUPPLEMENTARY PLATE,Original PDFs/TC signs/TC Signs_June 2026/bridge/tc9943.pdf
TC9966,ONE LANE INBOUND ON BRIDGE,Bridge,ONE_LANE_INBOUND_ON_BRIDGE_TC9966.svg,1800x1021 mm,"size from the sheet's dimension table, first row (a = 1800, b = 1100); other rows are size variants not produced; type: INSTRUCTION SIGN",Original PDFs/TC signs/TC Signs_June 2026/bridge/tc9966.pdf
TC9979,SCHEDULING BRIDGE REPAIRS,Bridge,SCHEDULING_BRIDGE_REPAIRS_TC9979.svg,3000x1302 mm,size from the drawing's overall width dimension (3000 mm); type: TEMPORARY ADVISORY SIGN FOR,Original PDFs/TC signs/TC Signs_June 2026/bridge/tc9979.pdf
TC9979,SCHEDULING BRIDGE REPAIRS,Bridge,SCHEDULING_BRIDGE_REPAIRS_VAR2_TC9979.svg,106x684 mm,no size found on the sheet; drawn at 1:10 — check; type: TEMPORARY ADVISORY SIGN FOR,Original PDFs/TC signs/TC Signs_June 2026/bridge/tc9979.pdf
TC1871,BUSWAY - NO ENTRY AUTHORISED BUSES EXCEPTED,Bus,BUSWAY_NO_ENTRY_AUTHORISED_BUSES_EXCEPTED_TC1871.svg,600x1557 mm,"size from the sheet's dimension table, first row (a = 600, b = 1750); other rows are size variants not produced; type: BUSWAY SIGN",Original PDFs/TC signs/TC Signs_June 2026/bus/TC1871.pdf
TC1917,BUSWAY AUTHORISED BUSES ONLY,Bus,BUSWAY_AUTHORISED_BUSES_ONLY_TC1917.svg,1800x1398 mm,size from the drawing's overall width dimension (1800 mm); type: INFORMATION SIGN,Original PDFs/TC signs/TC Signs_June 2026/bus/TC1917.pdf
TC1917,BUSWAY AUTHORISED BUSES ONLY,Bus,BUSWAY_AUTHORISED_BUSES_ONLY_VAR2_TC1917.svg,634x172 mm,no size found on the sheet; drawn at 1:10 — check; background assumed to be a white rectangle (outline drawn as loose strokes) — check; type: INFORMATION SIGN,Original PDFs/TC signs/TC Signs_June 2026/bus/TC1917.pdf
TC1958,UNAUTHORISED VEHICLES MUST EXIT,Bus,UNAUTHORISED_VEHICLES_MUST_EXIT_TC1958.svg,1300x371 mm,"size from the sheet's dimension table, first row (a = 1300, b = 350); other rows are size variants not produced; type: BUSWAY GUIDE SIGN",Original PDFs/TC signs/TC Signs_June 2026/bus/TC1958.pdf
TC1959,UNAUTHORISED VEHICLES MUST EXIT ...km AHEAD,Bus,UNAUTHORISED_VEHICLES_MUST_EXIT_KM_AHEAD_TC1959.svg,700x889 mm,"size from the sheet's dimension table, first row (a = 700, b = 900); other rows are size variants not produced; type: BUSWAY INFORMATION SIGN",Original PDFs/TC signs/TC Signs_June 2026/bus/TC1959.pdf
TC1072,BUS STOP SIGN,Bus,BUS_STOP_SIGN_TC1072.svg,751x1126 mm,no size found on the sheet; drawn at 1:10 — check; type: BUS STOP SIGN,Original PDFs/TC signs/TC Signs_June 2026/bus/Tc1072.pdf
TC1059,BUSWAY IDENTIFICATION SIGN,Bus,BUSWAY_IDENTIFICATION_SIGN_TC1059.svg,450x562 mm,"size from the sheet's dimension table, first row (a = 450, b = 550); other rows are size variants not produced; type: BUSWAY IDENTIFICATION SIGN",Original PDFs/TC signs/TC Signs_June 2026/bus/tc1059.pdf
TC1121,START PROHIBITION,Bus,START_PROHIBITION_TC1121.svg,900x1099 mm,"size from the sheet's dimension table, first row (a = 900, b = 1100); other rows are size variants not produced; type: BUS STANDING PASSENGER",Original PDFs/TC signs/TC Signs_June 2026/bus/tc1121.pdf
TC1122,END PROHIBITION,Bus,END_PROHIBITION_TC1122.svg,900x1099 mm,"size from the sheet's dimension table, first row (a = 900, b = 1100); other rows are size variants not produced; type: BUS STANDING PASSENGER",Original PDFs/TC signs/TC Signs_June 2026/bus/tc1122.pdf
TC1123,PROHIBITION SIGN REPEATER SIGN,Bus,PROHIBITION_SIGN_REPEATER_SIGN_TC1123.svg,900x900 mm,"size from the sheet's dimension table, first row (a = 900); other rows are size variants not produced; type: BUS STANDING PASSENGER",Original PDFs/TC signs/TC Signs_June 2026/bus/tc1123.pdf
TC1159,BUS STOP SIGN,Bus,BUS_STOP_SIGN_TC1159.svg,300x450 mm,size from the drawing's overall height dimension (450 mm); type: BUS STOP SIGN,Original PDFs/TC signs/TC Signs_June 2026/bus/tc1159.pdf
TC1232,PEDESTRIAN ACCESS TO BUS STOP,Bus,PEDESTRIAN_ACCESS_TO_BUS_STOP_TC1232.svg,450x700 mm,size from the drawing's overall width dimension (450 mm); type: BUS STOP SIGN,Original PDFs/TC signs/TC Signs_June 2026/bus/tc1232.pdf
TC1251,BUS STOP SIGN,Bus,BUS_STOP_SIGN_TC1251.svg,300x450 mm,size from the drawing's overall height dimension (450 mm); type: BUS STOP SIGN,Original PDFs/TC signs/TC Signs_June 2026/bus/tc1251.pdf
TC1252,‘DREAMWORLD SHUTTLE’,Bus,DREAMWORLD_SHUTTLE_TC1252.svg,300x450 mm,size from the drawing's overall height dimension (450 mm); type: BUS STOP SIGN,Original PDFs/TC signs/TC Signs_June 2026/bus/tc1252.pdf
TC1374,SCHOOL BUS ON RANGE MON TO FRI,Bus,SCHOOL_BUS_ON_RANGE_MON_TO_FRI_TC1374.svg,1300x1099 mm,size from the drawing's overall width dimension (1300 mm); type: WARNING SIGN,Original PDFs/TC signs/TC Signs_June 2026/bus/tc1374.pdf
TC1503,BUSES STOP HERE ON RED SIGNAL,Bus,BUSES_STOP_HERE_ON_RED_SIGNAL_TC1503.svg,450x900 mm,size from the drawing's overall width dimension (450 mm); type: TRAFFIC INSTRUCTION SIGN,Original PDFs/TC signs/TC Signs_June 2026/bus/tc1503.pdf
TC1544,HAIL DRIVER,Bus,HAIL_DRIVER_TC1544.svg,300x450 mm,size from the drawing's overall height dimension (450 mm); type: BUS STOP SIGN,Original PDFs/TC signs/TC Signs_June 2026/bus/tc1544.pdf
TC1544,HAIL DRIVER,Bus,HAIL_DRIVER_VAR2_TC1544.svg,492x357 mm,no size found on the sheet; drawn at 1:10 — check; type: BUS STOP SIGN,Original PDFs/TC signs/TC Signs_June 2026/bus/tc1544.pdf
TC9692,LOCAL BUS STOP,Bus,LOCAL_BUS_STOP_TC9692.svg,751x1000 mm,no size found on the sheet; drawn at 1:10 — check; type: “LOCAL BUS STOP”,Original PDFs/TC signs/TC Signs_June 2026/bus/tc9692.pdf
TC9693,LOCAL AND INTERCITY BUS STOP,Bus,LOCAL_AND_INTERCITY_BUS_STOP_TC9693.svg,751x1000 mm,no size found on the sheet; drawn at 1:10 — check; type: “LOCAL AND INTERCITY BUS STOP”,Original PDFs/TC signs/TC Signs_June 2026/bus/tc9693.pdf
TC9694,INTERCITY BUS STOP,Bus,INTERCITY_BUS_STOP_TC9694.svg,751x1000 mm,no size found on the sheet; drawn at 1:10 — check; type: “INTERCITY BUS STOP”,Original PDFs/TC signs/TC Signs_June 2026/bus/tc9694.pdf
TC1635,TRUCK MONITORING CAMERAS IN USE,Camera Monitoring,TRUCK_MONITORING_CAMERAS_IN_USE_TC1635.svg,90x90 mm,"size from the sheet's dimension table, first row (a = 90, b = 1000); other rows are size variants not produced; type: INFORMATION SIGN",Original PDFs/TC signs/TC Signs_June 2026/camera monitoring/TC1635.pdf
TC1847,DRIVER BEHAVIOUR MONITORING,Camera Monitoring,DRIVER_BEHAVIOUR_MONITORING_TC1847.svg,750x749 mm,"size from the sheet's dimension table, first row (a = 750, b = 750); other rows are size variants not produced; type: INFORMATION SIGN",Original PDFs/TC signs/TC Signs_June 2026/camera monitoring/TC1847.pdf
TC1848,YOUR DRIVER BEHAVIOUR MAY BE MONITORED,Camera Monitoring,YOUR_DRIVER_BEHAVIOUR_MAY_BE_MONITORED_TC1848.svg,700x999 mm,"size from the sheet's dimension table, first row (a = 700, b = 1000); other rows are size variants not produced; type: INFORMATION SIGN",Original PDFs/TC signs/TC Signs_June 2026/camera monitoring/TC1848.pdf
TC1855,VEHICLE MONITORING CAMERAS IN USE,Camera Monitoring,VEHICLE_MONITORING_CAMERAS_IN_USE_TC1855.svg,1200x1598 mm,size from the drawing's overall width dimension (1200 mm); type: INFORMATION SIGN,Original PDFs/TC signs/TC Signs_June 2026/camera monitoring/TC1855.pdf
TC1880,24 HOUR BEHAVIOUR MONITORING,Camera Monitoring,24_HOUR_BEHAVIOUR_MONITORING_TC1880.svg,450x450 mm,"size from the sheet's dimension table, first row (a = 450, b = 450); other rows are size variants not produced; type: INFORMATION SIGN",Original PDFs/TC signs/TC Signs_June 2026/camera monitoring/TC1880.pdf
TC2096,DRIVER BEHAVIOUR MONITORING PHONE 13HOON,Camera Monitoring,DRIVER_BEHAVIOUR_MONITORING_PHONE_13HOON_TC2096.svg,900x1300 mm,size from the drawing's overall height dimension (1300 mm); type: INFORMATION SIGN,Original PDFs/TC signs/TC Signs_June 2026/camera monitoring/TC2096.pdf
TC2096,DRIVER BEHAVIOUR MONITORING PHONE 13HOON,Camera Monitoring,DRIVER_BEHAVIOUR_MONITORING_PHONE_13HOON_VAR2_TC2096.svg,124x792 mm,no size found on the sheet; drawn at 1:10 — check; type: INFORMATION SIGN,Original PDFs/TC signs/TC Signs_June 2026/camera monitoring/TC2096.pdf
TC2256,RAIL BRIDGE IMPACT MONITORING,Camera Monitoring,RAIL_BRIDGE_IMPACT_MONITORING_TC2256.svg,1001x1100 mm,size from the drawing's overall height dimension (1100 mm); type: INFORMATION SIGN,Original PDFs/TC signs/TC Signs_June 2026/camera monitoring/TC2256.pdf
TC2259,FLOOD MONITORING,Camera Monitoring,FLOOD_MONITORING_TC2259.svg,600x900 mm,size from the drawing's overall height dimension (900 mm); type: INFORMATION SIGN,Original PDFs/TC signs/TC Signs_June 2026/camera monitoring/TC2259.pdf
TC1782,RAIL CROSSING CAMERA AHEAD,Camera Monitoring,RAIL_CROSSING_CAMERA_AHEAD_TC1782.svg,750x1398 mm,size from the drawing's overall width dimension (750 mm); type: INFORMATION SIGN,Original PDFs/TC signs/TC Signs_June 2026/camera monitoring/tc1782.pdf
TC1782,RAIL CROSSING CAMERA AHEAD,Camera Monitoring,RAIL_CROSSING_CAMERA_AHEAD_VAR2_TC1782.svg,412x549 mm,no size found on the sheet; drawn at 1:10 — check; type: INFORMATION SIGN,Original PDFs/TC signs/TC Signs_June 2026/camera monitoring/tc1782.pdf
TC1782,RAIL CROSSING CAMERA AHEAD,Camera Monitoring,RAIL_CROSSING_CAMERA_AHEAD_VAR3_TC1782.svg,549x240 mm,no size found on the sheet; drawn at 1:10 — check; type: INFORMATION SIGN,Original PDFs/TC signs/TC Signs_June 2026/camera monitoring/tc1782.pdf
TC1673,REPORT TRAFFIC INCIDENTS 13 19 40,Community,REPORT_TRAFFIC_INCIDENTS_13_19_40_TC1673.svg,1502x1080 mm,no size found on the sheet; drawn at 1:10 — check; type: INFORMATION SIGN,Original PDFs/TC signs/TC Signs_June 2026/community/TC1673.pdf
TC1703,CRIMESTOPPERS 1 800 333 000,Community,CRIMESTOPPERS_1_800_333_000_TC1703.svg,502x2125 mm,no size found on the sheet; drawn at 1:10 — check; type: IDENTILIGHT ADHESIVE LABEL,Original PDFs/TC signs/TC Signs_June 2026/community/TC1703.pdf
TC1703,CRIMESTOPPERS 1 800 333 000,Community,CRIMESTOPPERS_1_800_333_000_VAR2_TC1703.svg,751x916 mm,no size found on the sheet; drawn at 1:10 — check; type: IDENTILIGHT ADHESIVE LABEL,Original PDFs/TC signs/TC Signs_June 2026/community/TC1703.pdf
TC1732,HINGED TRAFFIC REPORT 13 19 40,Community,HINGED_TRAFFIC_REPORT_13_19_40_TC1732.svg,163x135 mm,size from the drawing's overall height dimension (135 mm); type: INFORMATION SIGN,Original PDFs/TC signs/TC Signs_June 2026/community/TC1732.pdf
TC1732,HINGED TRAFFIC REPORT 13 19 40,Community,HINGED_TRAFFIC_REPORT_13_19_40_VAR2_TC1732.svg,974x200 mm,no size found on the sheet; drawn at 1:10 — check; background assumed to be a white rectangle (outline drawn as loose strokes) — check; type: INFORMATION SIGN,Original PDFs/TC signs/TC Signs_June 2026/community/TC1732.pdf
TC1732,HINGED TRAFFIC REPORT 13 19 40,Community,HINGED_TRAFFIC_REPORT_13_19_40_VAR3_TC1732.svg,235x205 mm,size from the drawing's overall width dimension (235 mm); type: INFORMATION SIGN,Original PDFs/TC signs/TC Signs_June 2026/community/TC1732.pdf
TC1732,HINGED TRAFFIC REPORT 13 19 40,Community,HINGED_TRAFFIC_REPORT_13_19_40_VAR4_TC1732.svg,286x288 mm,no size found on the sheet; drawn at 1:10 — check; type: INFORMATION SIGN,Original PDFs/TC signs/TC Signs_June 2026/community/TC1732.pdf
TC1912,FOR EMERGENCY INFORMATION TUNE TO LOCAL RADIO OR TV,Community,FOR_EMERGENCY_INFORMATION_TUNE_TO_LOCAL_RADIO_OR_TV_TC1912.svg,2000x1699 mm,size from the drawing's overall width dimension (2000 mm); type: INFORMATION SIGN,Original PDFs/TC signs/TC Signs_June 2026/community/TC1912.pdf
TC2240,IN CRISIS? CALL 13 11 15 NOW,Community,IN_CRISIS_CALL_13_11_15_NOW_TC2240.svg,400x300 mm,size from the drawing's overall width dimension (400 mm); type: INFORMATION SIGN,Original PDFs/TC signs/TC Signs_June 2026/community/TC2240.pdf
TC2241,SEEK HELP FIND HOPE CALL LIFELINE,Community,SEEK_HELP_FIND_HOPE_CALL_LIFELINE_TC2241.svg,400x300 mm,size from the drawing's overall width dimension (400 mm); type: SERVICE SIGN,Original PDFs/TC signs/TC Signs_June 2026/community/TC2241.pdf
TC2378,LIGHTING OUT,Community,LIGHTING_OUT_TC2378.svg,600x450 mm,size from the drawing's overall width dimension (600 mm); type: TEMPORARY WARNING SIGN,Original PDFs/TC signs/TC Signs_June 2026/community/TC2378.pdf
TC9802,COMMUNITY SIGN,Community,COMMUNITY_SIGN_TC9802.svg,450x599 mm,"size from the sheet's dimension table, first row (a = 450, b = 600); other rows are size variants not produced; type: SAFETY HOUSE",Original PDFs/TC signs/TC Signs_June 2026/community/Tc9802.pdf
TC1430,REPORT ROAD HAZARDS,Community,REPORT_ROAD_HAZARDS_TC1430.svg,3100x1102 mm,size from the drawing's overall width dimension (3100 mm); type: INFORMATION SIGN,Original PDFs/TC signs/TC Signs_June 2026/community/tc1430.pdf
TC1507,FOR EMERGENCY UHF RADIO CHANNEL 1 DUPLEX,Community,FOR_EMERGENCY_UHF_RADIO_CHANNEL_1_DUPLEX_TC1507.svg,1200x600 mm,size from the drawing's overall width dimension (1200 mm); type: INFORMATION SIGN,Original PDFs/TC signs/TC Signs_June 2026/community/tc1507.pdf
TC1538,INFORMATION ON CAPE YORK ALCOHOL RESTRICTIONS NEXT STOP,Community,INFORMATION_ON_CAPE_YORK_ALCOHOL_RESTRICTIONS_NEXT_STOP_SIGN_1_TC1538.svg,2300x2199 mm,size from the drawing's overall width dimension (2300 mm); type: ALCOHOL RESTRICTION SIGNS,Original PDFs/TC signs/TC Signs_June 2026/community/tc1538.pdf
TC9717,STREET NAME SIGN - SIDE 1,Community,STREET_NAME_SIGN_SIDE_1_TC9717.svg,225x225 mm,size from the drawing's overall width dimension (225 mm); type: NEIGHBOURHOOD WATCH AREA,Original PDFs/TC signs/TC Signs_June 2026/community/tc9717.pdf
TC9717,STREET NAME SIGN - SIDE 1,Community,STREET_NAME_SIGN_SIDE_1_VAR2_TC9717.svg,579x579 mm,no size found on the sheet; drawn at 1:10 — check; type: NEIGHBOURHOOD WATCH AREA,Original PDFs/TC signs/TC Signs_June 2026/community/tc9717.pdf
TC9717,STREET NAME SIGN - SIDE 1,Community,STREET_NAME_SIGN_SIDE_1_VAR3_TC9717.svg,579x579 mm,no size found on the sheet; drawn at 1:10 — check; type: NEIGHBOURHOOD WATCH AREA,Original PDFs/TC signs/TC Signs_June 2026/community/tc9717.pdf
TC9717,STREET NAME SIGN - SIDE 1,Community,STREET_NAME_SIGN_SIDE_1_VAR4_TC9717.svg,421x552 mm,no size found on the sheet; drawn at 1:10 — check; type: NEIGHBOURHOOD WATCH AREA,Original PDFs/TC signs/TC Signs_June 2026/community/tc9717.pdf
TC9718,BOUNDARY SIGN,Community,BOUNDARY_SIGN_TC9718.svg,450x599 mm,size from the drawing's overall width dimension (450 mm); type: NEIGHBOURHOOD WATCH AREA,Original PDFs/TC signs/TC Signs_June 2026/community/tc9718.pdf
TC9718,BOUNDARY SIGN,Community,BOUNDARY_SIGN_VAR2_TC9718.svg,579x579 mm,no size found on the sheet; drawn at 1:10 — check; type: NEIGHBOURHOOD WATCH AREA,Original PDFs/TC signs/TC Signs_June 2026/community/tc9718.pdf
TC9718,BOUNDARY SIGN,Community,BOUNDARY_SIGN_VAR3_TC9718.svg,579x579 mm,no size found on the sheet; drawn at 1:10 — check; type: NEIGHBOURHOOD WATCH AREA,Original PDFs/TC signs/TC Signs_June 2026/community/tc9718.pdf
TC9718,BOUNDARY SIGN,Community,BOUNDARY_SIGN_VAR4_TC9718.svg,421x552 mm,no size found on the sheet; drawn at 1:10 — check; type: NEIGHBOURHOOD WATCH AREA,Original PDFs/TC signs/TC Signs_June 2026/community/tc9718.pdf
TC9809,FIRE SERVICES,Community,FIRE_SERVICES_TC9809.svg,1900x617 mm,size from the drawing's overall width dimension (1900 mm); background assumed to be a white rectangle (outline drawn as loose strokes) — check; type: COMMUNITY INFORMATION SIGN,Original PDFs/TC signs/TC Signs_June 2026/community/tc9809.pdf
TC9809,FIRE SERVICES,Community,FIRE_SERVICES_VAR2_TC9809.svg,1900x599 mm,size from the drawing's overall width dimension (1900 mm); type: COMMUNITY INFORMATION SIGN,Original PDFs/TC signs/TC Signs_June 2026/community/tc9809.pdf
TC9809,FIRE SERVICES,Community,FIRE_SERVICES_VAR3_TC9809.svg,1900x599 mm,size from the drawing's overall width dimension (1900 mm); type: COMMUNITY INFORMATION SIGN,Original PDFs/TC signs/TC Signs_June 2026/community/tc9809.pdf
TC9809,FIRE SERVICES,Community,FIRE_SERVICES_VAR4_TC9809.svg,1900x599 mm,size from the drawing's overall width dimension (1900 mm); type: COMMUNITY INFORMATION SIGN,Original PDFs/TC signs/TC Signs_June 2026/community/tc9809.pdf
TC9809,FIRE SERVICES,Community,FIRE_SERVICES_VAR5_TC9809.svg,1900x599 mm,size from the drawing's overall width dimension (1900 mm); type: COMMUNITY INFORMATION SIGN,Original PDFs/TC signs/TC Signs_June 2026/community/tc9809.pdf
TC1696,(REASSURANCE),Diversion Route,REASSURANCE_TC1696.svg,300x200 mm,size from the drawing's overall width dimension (300 mm); type: DIVERSION ROUTE MARKER,Original PDFs/TC signs/TC Signs_June 2026/diversion route/TC1696.pdf
TC1697,DIRECTION SIGN,Diversion Route,DIRECTION_SIGN_TC1697.svg,1800x599 mm,size from the drawing's overall width dimension (1800 mm); type: DIVERSION ROUTE,Original PDFs/TC signs/TC Signs_June 2026/diversion route/TC1697.pdf
TC1697,DIRECTION SIGN,Diversion Route,DIRECTION_SIGN_VAR2_TC1697.svg,1800x599 mm,size from the drawing's overall width dimension (1800 mm); type: DIVERSION ROUTE,Original PDFs/TC signs/TC Signs_June 2026/diversion route/TC1697.pdf
TC1697,DIRECTION SIGN,Diversion Route,DIRECTION_SIGN_VAR3_TC1697.svg,336x336 mm,no size found on the sheet; drawn at 1:10 — check; type: DIVERSION ROUTE,Original PDFs/TC signs/TC Signs_June 2026/diversion route/TC1697.pdf
TC1698,ADVANCED INFORMATION SIGN (ONE CROSSING),Diversion Route,ADVANCED_INFORMATION_SIGN_ONE_CROSSING_TC1698.svg,2000x1598 mm,size from the drawing's overall width dimension (2000 mm); type: LOAD LIMIT DIVERSION ROUTE,Original PDFs/TC signs/TC Signs_June 2026/diversion route/TC1698.pdf
TC1699,RESTRICTIONS APPLY AT,Diversion Route,RESTRICTIONS_APPLY_AT_TC1699.svg,2100x2198 mm,size from the drawing's overall width dimension (2100 mm); type: ADVANCE DIRECTION SIGN (TURN RIGHT),Original PDFs/TC signs/TC Signs_June 2026/diversion route/TC1699.pdf
TC1700,RESTRICTIONS APPLY AT,Diversion Route,RESTRICTIONS_APPLY_AT_TC1700.svg,2100x1998 mm,size from the drawing's overall width dimension (2100 mm); type: ADVANCE DIRECTION SIGN,Original PDFs/TC signs/TC Signs_June 2026/diversion route/TC1700.pdf
TC1701,RESTRICTIONS APPLY AT,Diversion Route,RESTRICTIONS_APPLY_AT_TC1701.svg,2100x1998 mm,size from the drawing's overall width dimension (2100 mm); type: EXCESS MASS VEHICLES,Original PDFs/TC signs/TC Signs_June 2026/diversion route/TC1701.pdf
TC1701,RESTRICTIONS APPLY AT,Diversion Route,RESTRICTIONS_APPLY_AT_VAR2_TC1701.svg,312x274 mm,no size found on the sheet; drawn at 1:10 — check; type: EXCESS MASS VEHICLES,Original PDFs/TC signs/TC Signs_June 2026/diversion route/TC1701.pdf
TC1702,(REASSURANCE - MULTI ROUTES),Diversion Route,REASSURANCE_MULTI_ROUTES_TC1702.svg,450x450 mm,size from the drawing's overall width dimension (450 mm); type: DIVERSION ROUTE MARKER,Original PDFs/TC signs/TC Signs_June 2026/diversion route/TC1702.pdf
TC1718,FOLLOW DIVERSION ROUTE(Right arrow),Diversion Route,FOLLOW_DIVERSION_ROUTE_RIGHT_ARROW_TC1718.svg,2100x1798 mm,size from the drawing's overall width dimension (2100 mm); type: FOR RANGE CLOSURE,Original PDFs/TC signs/TC Signs_June 2026/diversion route/TC1718.pdf
TC1718,FOLLOW DIVERSION ROUTE(Right arrow),Diversion Route,FOLLOW_DIVERSION_ROUTE_RIGHT_ARROW_VAR2_TC1718.svg,120x19 mm,size from the drawing's overall width dimension (120 mm); background assumed to be a white rectangle (outline drawn as loose strokes) — check; type: FOR RANGE CLOSURE,Original PDFs/TC signs/TC Signs_June 2026/diversion route/TC1718.pdf
TC1718,FOLLOW DIVERSION ROUTE(Right arrow),Diversion Route,FOLLOW_DIVERSION_ROUTE_RIGHT_ARROW_VAR3_TC1718.svg,312x274 mm,no size found on the sheet; drawn at 1:10 — check; type: FOR RANGE CLOSURE,Original PDFs/TC signs/TC Signs_June 2026/diversion route/TC1718.pdf
TC1720,VEHICLE LIMITS,Diversion Route,VEHICLE_LIMITS_TC1720.svg,1800x999 mm,size from the drawing's overall width dimension (1800 mm); type: REASSURANCE,Original PDFs/TC signs/TC Signs_June 2026/diversion route/TC1720.pdf
TC2327,,Diversion Route,TC2327_TC2327.svg,1171x990 mm,no size found on the sheet; drawn at 1:10 — check,Original PDFs/TC signs/TC Signs_June 2026/diversion route/TC2327.pdf
TC2328,,Diversion Route,TC2328_TC2328.svg,1060x371 mm,no size found on the sheet; drawn at 1:10 — check,Original PDFs/TC signs/TC Signs_June 2026/diversion route/TC2328.pdf
TC2328,,Diversion Route,TC2328_VAR2_TC2328.svg,499x175 mm,no size found on the sheet; drawn at 1:10 — check,Original PDFs/TC signs/TC Signs_June 2026/diversion route/TC2328.pdf
TC2328,,Diversion Route,TC2328_VAR3_TC2328.svg,499x175 mm,no size found on the sheet; drawn at 1:10 — check,Original PDFs/TC signs/TC Signs_June 2026/diversion route/TC2328.pdf
TC2328,,Diversion Route,TC2328_VAR4_TC2328.svg,499x175 mm,no size found on the sheet; drawn at 1:10 — check,Original PDFs/TC signs/TC Signs_June 2026/diversion route/TC2328.pdf
TC2328,,Diversion Route,TC2328_VAR5_TC2328.svg,499x175 mm,no size found on the sheet; drawn at 1:10 — check,Original PDFs/TC signs/TC Signs_June 2026/diversion route/TC2328.pdf
TC2328,,Diversion Route,TC2328_VAR6_TC2328.svg,499x175 mm,no size found on the sheet; drawn at 1:10 — check,Original PDFs/TC signs/TC Signs_June 2026/diversion route/TC2328.pdf
TC2329,,Diversion Route,TC2329_TC2329.svg,901x700 mm,no size found on the sheet; drawn at 1:10 — check,Original PDFs/TC signs/TC Signs_June 2026/diversion route/TC2329.pdf
TC2329,,Diversion Route,TC2329_VAR2_TC2329.svg,681x350 mm,no size found on the sheet; drawn at 1:10 — check,Original PDFs/TC signs/TC Signs_June 2026/diversion route/TC2329.pdf
TC2330,ROAD CLOSED AHEAD/ FOLLOW DIVERSION ROUTE,Diversion Route,ROAD_CLOSED_AHEAD_FOLLOW_DIVERSION_ROUTE_TC2330.svg,2100x1598 mm,size from the drawing's overall width dimension (2100 mm); type: TRAFFIC INSTRUCTION SIGN,Original PDFs/TC signs/TC Signs_June 2026/diversion route/TC2330.pdf
TC2331,DIVERSION ROUTE MARKER,Diversion Route,DIVERSION_ROUTE_MARKER_TC2331.svg,300x200 mm,size from the drawing's overall width dimension (300 mm); type: TRAFFIC INSTRUCTION SIGN,Original PDFs/TC signs/TC Signs_June 2026/diversion route/TC2331.pdf
TC2332,DIVERSION ROUTE MARKER -,Diversion Route,DIVERSION_ROUTE_MARKER_TC2332.svg,500x599 mm,size from the drawing's overall width dimension (500 mm); type: TRAFFIC INSTRUCTION SIGN,Original PDFs/TC signs/TC Signs_June 2026/diversion route/TC2332.pdf
TC2332,DIVERSION ROUTE MARKER -,Diversion Route,DIVERSION_ROUTE_MARKER_VAR2_TC2332.svg,336x336 mm,no size found on the sheet; drawn at 1:10 — check; type: TRAFFIC INSTRUCTION SIGN,Original PDFs/TC signs/TC Signs_June 2026/diversion route/TC2332.pdf
TC2333,END DIVERSION ROUTE,Diversion Route,END_DIVERSION_ROUTE_TC2333.svg,300x400 mm,size from the drawing's overall height dimension (400 mm); type: TRAFFIC INSTRUCTION SIGN,Original PDFs/TC signs/TC Signs_June 2026/diversion route/TC2333.pdf
TC1785,LED DISPLAY - SQUARE,Electronic,,,no drawing found on the sheet,Original PDFs/TC signs/TC Signs_June 2026/electronic/TC1785.pdf
TC1790,SLOW DOWN,Electronic,SLOW_DOWN_TC1790.svg,750x428 mm,"size from the sheet's dimension table, first row (a = 750, b = 420); other rows are size variants not produced; type: LED",Original PDFs/TC signs/TC Signs_June 2026/electronic/TC1790.pdf
TC1792,LANE CONTROL SIGN LED DISPLAY - SQUARE,Electronic,LANE_CONTROL_SIGN_LED_DISPLAY_SQUARE_TC1792.svg,281x1040 mm,no size found on the sheet; drawn at 1:10 — check; background assumed to be a white rectangle (outline drawn as loose strokes) — check; type: VARIABLE SPEED LIMIT AND,Original PDFs/TC signs/TC Signs_June 2026/electronic/TC1792.pdf
TC1792,LANE CONTROL SIGN LED DISPLAY - SQUARE,Electronic,LANE_CONTROL_SIGN_LED_DISPLAY_SQUARE_VAR2_TC1792.svg,451x450 mm,no size found on the sheet; drawn at 1:10 — check; type: VARIABLE SPEED LIMIT AND,Original PDFs/TC signs/TC Signs_June 2026/electronic/TC1792.pdf
TC1792,LANE CONTROL SIGN LED DISPLAY - SQUARE,Electronic,LANE_CONTROL_SIGN_LED_DISPLAY_SQUARE_VAR3_TC1792.svg,180x180 mm,size from the drawing's overall width dimension (180 mm); type: VARIABLE SPEED LIMIT AND,Original PDFs/TC signs/TC Signs_June 2026/electronic/TC1792.pdf
TC1792,LANE CONTROL SIGN LED DISPLAY - SQUARE,Electronic,LANE_CONTROL_SIGN_LED_DISPLAY_SQUARE_VAR4_TC1792.svg,451x450 mm,no size found on the sheet; drawn at 1:10 — check; type: VARIABLE SPEED LIMIT AND,Original PDFs/TC signs/TC Signs_June 2026/electronic/TC1792.pdf
TC1833,YOUR SPEED... SLOW DOWN,Electronic,YOUR_SPEED_SLOW_DOWN_TC1833.svg,660x703 mm,size from the drawing's overall width dimension (660 mm); type: VARIABLE MESSAGE SIGN,Original PDFs/TC signs/TC Signs_June 2026/electronic/TC1833.pdf
TC1949,TRAVEL TIME,Electronic,TRAVEL_TIME_TC1949.svg,8000x4495 mm,size from the drawing's overall width dimension (8000 mm); type: GUIDE SIGN,Original PDFs/TC signs/TC Signs_June 2026/electronic/TC1949.pdf
TC1949,TRAVEL TIME,Electronic,TRAVEL_TIME_VAR2_TC1949.svg,2760x999 mm,size from the drawing's overall width dimension (2760 mm); type: GUIDE SIGN,Original PDFs/TC signs/TC Signs_June 2026/electronic/TC1949.pdf
TC2204,ROAD CLOSED - NO ENTRY,Electronic,ROAD_CLOSED_NO_ENTRY_TC2204.svg,2150x599 mm,size from the drawing's overall width dimension (2150 mm); type: REGULATORY SIGN,Original PDFs/TC signs/TC Signs_June 2026/electronic/TC2204.pdf
TC2204,ROAD CLOSED - NO ENTRY,Electronic,ROAD_CLOSED_NO_ENTRY_VAR2_TC2204.svg,538x407 mm,no size found on the sheet; drawn at 1:10 — check; type: REGULATORY SIGN,Original PDFs/TC signs/TC Signs_June 2026/electronic/TC2204.pdf
TC2204,ROAD CLOSED - NO ENTRY,Electronic,ROAD_CLOSED_NO_ENTRY_VAR3_TC2204.svg,330x330 mm,no size found on the sheet; drawn at 1:10 — check; background assumed to be a white rectangle (outline drawn as loose strokes) — check; type: REGULATORY SIGN,Original PDFs/TC signs/TC Signs_June 2026/electronic/TC2204.pdf
TC2205,ROAD CLOSED AHEAD,Electronic,ROAD_CLOSED_AHEAD_TC2205.svg,2200x300 mm,size from the drawing's overall width dimension (2200 mm); type: WARNING SIGN,Original PDFs/TC signs/TC Signs_June 2026/electronic/TC2205.pdf
TC2205,ROAD CLOSED AHEAD,Electronic,ROAD_CLOSED_AHEAD_VAR2_TC2205.svg,661x424 mm,no size found on the sheet; drawn at 1:10 — check; type: WARNING SIGN,Original PDFs/TC signs/TC Signs_June 2026/electronic/TC2205.pdf
TC2205,ROAD CLOSED AHEAD,Electronic,ROAD_CLOSED_AHEAD_VAR3_TC2205.svg,661x332 mm,no size found on the sheet; drawn at 1:10 — check; type: WARNING SIGN,Original PDFs/TC signs/TC Signs_June 2026/electronic/TC2205.pdf
TC2210,NO ENTRY,Electronic,NO_ENTRY_TC2210.svg,676x675 mm,no size found on the sheet; drawn at 1:10 — check; drawn at 2 sizes on the sheet; largest kept; type: LED WARNING SIGN,Original PDFs/TC signs/TC Signs_June 2026/electronic/TC2210.pdf
TC2210,NO ENTRY,Electronic,NO_ENTRY_VAR2_TC2210.svg,360x360 mm,no size found on the sheet; drawn at 1:10 — check; type: LED WARNING SIGN,Original PDFs/TC signs/TC Signs_June 2026/electronic/TC2210.pdf
TC2210,NO ENTRY,Electronic,NO_ENTRY_VAR3_TC2210.svg,360x360 mm,no size found on the sheet; drawn at 1:10 — check; type: LED WARNING SIGN,Original PDFs/TC signs/TC Signs_June 2026/electronic/TC2210.pdf
TC2220,ENTERTAINMENT ZONE,Electronic,ENTERTAINMENT_ZONE_TC2220.svg,1500x899 mm,"size from the sheet's dimension table, first row (a = 1500, b = 900); other rows are size variants not produced; type: REGULATORY SIGN",Original PDFs/TC signs/TC Signs_June 2026/electronic/TC2220.pdf
TC2245,PARKING ZONES - DIAGRAMMATICAL EXAMPLE,Electronic,PARKING_ZONES_DIAGRAMMATICAL_EXAMPLE_TC2245.svg,2500x2397 mm,size from the drawing's overall width dimension (2500 mm); type: PARKING SIGN,Original PDFs/TC signs/TC Signs_June 2026/electronic/TC2245.pdf
TC2245,PARKING ZONES - DIAGRAMMATICAL EXAMPLE,Electronic,PARKING_ZONES_DIAGRAMMATICAL_EXAMPLE_VAR2_TC2245.svg,712x284 mm,no size found on the sheet; drawn at 1:10 — check; type: PARKING SIGN,Original PDFs/TC signs/TC Signs_June 2026/electronic/TC2245.pdf
TC2258,ROAD CONDITIONS,Electronic,ROAD_CONDITIONS_TC2258.svg,2300x962 mm,size from the drawing's overall width dimension (2300 mm); type: INFORMATION SIGN,Original PDFs/TC signs/TC Signs_June 2026/electronic/TC2258.pdf
TC2260,ROAD CLOSED - NO ENTRY,Electronic,ROAD_CLOSED_NO_ENTRY_TC2260.svg,1800x599 mm,size from the drawing's overall width dimension (1800 mm); type: REGULATORY SIGN,Original PDFs/TC signs/TC Signs_June 2026/electronic/TC2260.pdf
TC2260,ROAD CLOSED - NO ENTRY,Electronic,ROAD_CLOSED_NO_ENTRY_VAR2_TC2260.svg,330x330 mm,no size found on the sheet; drawn at 1:10 — check; background assumed to be a white rectangle (outline drawn as loose strokes) — check; type: REGULATORY SIGN,Original PDFs/TC signs/TC Signs_June 2026/electronic/TC2260.pdf
TC2272,WORKERS - Symbolic,Electronic,WORKERS_SYMBOLIC_TC2272.svg,450x450 mm,"size from the sheet's dimension table, first row (a = 450, b = 450); other rows are size variants not produced; type: LED WARNING SIGN",Original PDFs/TC signs/TC Signs_June 2026/electronic/TC2272.pdf
TC2273,NO LEFT/RIGHT TURN,Electronic,NO_LEFT_RIGHT_TURN_TC2273.svg,225x225 mm,"size from the sheet's dimension table, first row (a = 225, b = 450); other rows are size variants not produced; type: LED WARNING SIGN",Original PDFs/TC signs/TC Signs_June 2026/electronic/TC2273.pdf
TC2273,NO LEFT/RIGHT TURN,Electronic,NO_LEFT_RIGHT_TURN_VAR2_TC2273.svg,225x225 mm,"size from the sheet's dimension table, first row (a = 225, b = 450); other rows are size variants not produced; type: LED WARNING SIGN",Original PDFs/TC signs/TC Signs_June 2026/electronic/TC2273.pdf
TC2273,NO LEFT/RIGHT TURN,Electronic,NO_LEFT_RIGHT_TURN_VAR3_TC2273.svg,130x130 mm,size from the drawing's overall width dimension (130 mm); type: LED WARNING SIGN,Original PDFs/TC signs/TC Signs_June 2026/electronic/TC2273.pdf
TC2273,NO LEFT/RIGHT TURN,Electronic,NO_LEFT_RIGHT_TURN_VAR4_TC2273.svg,450x450 mm,size from the drawing's overall width dimension (450 mm); type: LED WARNING SIGN,Original PDFs/TC signs/TC Signs_June 2026/electronic/TC2273.pdf
TC2273,NO LEFT/RIGHT TURN,Electronic,NO_LEFT_RIGHT_TURN_VAR5_TC2273.svg,225x225 mm,"size from the sheet's dimension table, first row (a = 225, b = 450); other rows are size variants not produced; type: LED WARNING SIGN",Original PDFs/TC signs/TC Signs_June 2026/electronic/TC2273.pdf
TC2274,MERGE LEFT/MERGE RIGHT,Electronic,MERGE_LEFT_MERGE_RIGHT_TC2274.svg,450x450 mm,"size from the sheet's dimension table, first row (a = 450); other rows are size variants not produced; type: LED WARNING SIGN",Original PDFs/TC signs/TC Signs_June 2026/electronic/TC2274.pdf
TC2274,MERGE LEFT/MERGE RIGHT,Electronic,MERGE_LEFT_MERGE_RIGHT_VAR2_TC2274.svg,450x450 mm,"size from the sheet's dimension table, first row (a = 450); other rows are size variants not produced; type: LED WARNING SIGN",Original PDFs/TC signs/TC Signs_June 2026/electronic/TC2274.pdf
TC2275,NO U-TURN,Electronic,NO_U_TURN_TC2275.svg,510x509 mm,no size found on the sheet; drawn at 1:10 — check; type: LED WARNING SIGN,Original PDFs/TC signs/TC Signs_June 2026/electronic/TC2275.pdf
TC2275,NO U-TURN,Electronic,NO_U_TURN_VAR2_TC2275.svg,130x130 mm,size from the drawing's overall width dimension (130 mm); type: LED WARNING SIGN,Original PDFs/TC signs/TC Signs_June 2026/electronic/TC2275.pdf
TC2275,NO U-TURN,Electronic,NO_U_TURN_VAR3_TC2275.svg,360x360 mm,no size found on the sheet; drawn at 1:10 — check; type: LED WARNING SIGN,Original PDFs/TC signs/TC Signs_June 2026/electronic/TC2275.pdf
TC2275,NO U-TURN,Electronic,NO_U_TURN_VAR4_TC2275.svg,360x360 mm,no size found on the sheet; drawn at 1:10 — check; type: LED WARNING SIGN,Original PDFs/TC signs/TC Signs_June 2026/electronic/TC2275.pdf
TC2276,LANE STATUS,Electronic,LANE_STATUS_TC2276.svg,450x450 mm,"size from the sheet's dimension table, first row (a = 450); other rows are size variants not produced; type: LED WARNING SIGN",Original PDFs/TC signs/TC Signs_June 2026/electronic/TC2276.pdf
TC2276,LANE STATUS,Electronic,LANE_STATUS_VAR2_TC2276.svg,601x600 mm,size from the drawing's overall height dimension (600 mm); type: LED WARNING SIGN,Original PDFs/TC signs/TC Signs_June 2026/electronic/TC2276.pdf
TC2276,LANE STATUS,Electronic,LANE_STATUS_VAR3_TC2276.svg,601x600 mm,size from the drawing's overall height dimension (600 mm); type: LED WARNING SIGN,Original PDFs/TC signs/TC Signs_June 2026/electronic/TC2276.pdf
TC2277,REDUCE SPEED,Electronic,REDUCE_SPEED_TC2277.svg,541x540 mm,no size found on the sheet; drawn at 1:10 — check; type: LED WARNING SIGN,Original PDFs/TC signs/TC Signs_June 2026/electronic/TC2277.pdf
TC2278,PREPARE TO STOP,Electronic,PREPARE_TO_STOP_TC2278.svg,450x450 mm,"size from the sheet's dimension table, first row (a = 450); other rows are size variants not produced; type: LED WARNING SIGN",Original PDFs/TC signs/TC Signs_June 2026/electronic/TC2278.pdf
TC2288,LED DISPLAY,Electronic,LED_DISPLAY_TC2288.svg,608x810 mm,no size found on the sheet; drawn at 1:10 — check; type: END SPEED LIMIT SIGN,Original PDFs/TC signs/TC Signs_June 2026/electronic/TC2288.pdf
TC2290,RAMP SIGNALS ON,Electronic,RAMP_SIGNALS_ON_TC2290.svg,900x599 mm,size from the drawing's overall width dimension (900 mm); type: LED RAMP CONTROL SIGN,Original PDFs/TC signs/TC Signs_June 2026/electronic/TC2290.pdf
TC2297,LED DISPLAY,Electronic,LED_DISPLAY_TC2297.svg,450x749 mm,"size from the sheet's dimension table, first row (a = 450, b = 750); other rows are size variants not produced; type: SPEED LIMIT AHEAD SIGN",Original PDFs/TC signs/TC Signs_June 2026/electronic/TC2297.pdf
TC9060,LANE CONTROL ENDS,Electronic,LANE_CONTROL_ENDS_TC9060.svg,900x675 mm,"size from the sheet's dimension table, first row (a = 900, b = 675); other rows are size variants not produced; type: TRAFFIC INSTRUCTION SIGN",Original PDFs/TC signs/TC Signs_June 2026/electronic/Tc9060.pdf
TC1740,TRANSIT LANE (T2 or T3),Electronic,TRANSIT_LANE_T2_OR_T3_TC1740.svg,601x600 mm,no size found on the sheet; drawn at 1:10 — check; type: LED DISPLAY SIGN,Original PDFs/TC signs/TC Signs_June 2026/electronic/tc1740.pdf
TC1740,TRANSIT LANE (T2 or T3),Electronic,TRANSIT_LANE_T2_OR_T3_VAR2_TC1740.svg,429x308 mm,no size found on the sheet; drawn at 1:10 — check; type: LED DISPLAY SIGN,Original PDFs/TC signs/TC Signs_June 2026/electronic/tc1740.pdf
TC1740,TRANSIT LANE (T2 or T3),Electronic,TRANSIT_LANE_T2_OR_T3_VAR3_TC1740.svg,429x308 mm,no size found on the sheet; drawn at 1:10 — check; type: LED DISPLAY SIGN,Original PDFs/TC signs/TC Signs_June 2026/electronic/tc1740.pdf
TC1619,POLICE AHEAD PREPARE TO STOP,Enforcement,POLICE_AHEAD_PREPARE_TO_STOP_TC1619.svg,900x899 mm,size from the drawing's overall width dimension (900 mm); type: INFORMATION SIGN,Original PDFs/TC signs/TC Signs_June 2026/enforcement/TC1619.pdf
TC1620,SPEED CAMERAS USED IN THIS AREA FOR ROAD SAFETY,Enforcement,SPEED_CAMERAS_USED_IN_THIS_AREA_FOR_ROAD_SAFETY_TC1620.svg,1200x1798 mm,size from the drawing's overall width dimension (1200 mm); type: INFORMATION SIGN,Original PDFs/TC signs/TC Signs_June 2026/enforcement/TC1620.pdf
TC1675,SPEED CAMERA 24 HOURS FOR ROAD SAFETY,Enforcement,SPEED_CAMERA_24_HOURS_FOR_ROAD_SAFETY_TC1675.svg,160x147 mm,size from the drawing's overall width dimension (160 mm); type: INFORMATION SIGN,Original PDFs/TC signs/TC Signs_June 2026/enforcement/TC1675.pdf
TC1736,RED LIGHT CAMERA AHEAD,Enforcement,RED_LIGHT_CAMERA_AHEAD_TC1736.svg,750x1400 mm,size from the drawing's overall width dimension (750 mm); type: INFORMATION SIGN,Original PDFs/TC signs/TC Signs_June 2026/enforcement/TC1736.pdf
TC1736,RED LIGHT CAMERA AHEAD,Enforcement,RED_LIGHT_CAMERA_AHEAD_VAR2_TC1736.svg,343x481 mm,no size found on the sheet; drawn at 1:10 — check; type: INFORMATION SIGN,Original PDFs/TC signs/TC Signs_June 2026/enforcement/TC1736.pdf
TC1736,RED LIGHT CAMERA AHEAD,Enforcement,RED_LIGHT_CAMERA_AHEAD_VAR3_TC1736.svg,549x240 mm,no size found on the sheet; drawn at 1:10 — check; type: INFORMATION SIGN,Original PDFs/TC signs/TC Signs_June 2026/enforcement/TC1736.pdf
TC1897,SPEED CAMERA,Enforcement,SPEED_CAMERA_TC1897.svg,140x112 mm,size from the drawing's overall width dimension (140 mm); type: INFORMATION SIGN,Original PDFs/TC signs/TC Signs_June 2026/enforcement/TC1897.pdf
TC1898,,Enforcement,TC1898_TC1898.svg,1298x1104 mm,no size found on the sheet; drawn at 1:10 — check,Original PDFs/TC signs/TC Signs_June 2026/enforcement/TC1898.pdf
TC1898,,Enforcement,TC1898_VAR2_TC1898.svg,1343x716 mm,no size found on the sheet; drawn at 1:10 — check; background assumed to be a white rectangle (outline drawn as loose strokes) — check,Original PDFs/TC signs/TC Signs_June 2026/enforcement/TC1898.pdf
TC1898,,Enforcement,TC1898_VAR3_TC1898.svg,126x1104 mm,no size found on the sheet; drawn at 1:10 — check; background assumed to be a white rectangle (outline drawn as loose strokes) — check,Original PDFs/TC signs/TC Signs_June 2026/enforcement/TC1898.pdf
TC1898,,Enforcement,TC1898_VAR4_TC1898.svg,852x162 mm,no size found on the sheet; drawn at 1:10 — check; background assumed to be a white rectangle (outline drawn as loose strokes) — check,Original PDFs/TC signs/TC Signs_June 2026/enforcement/TC1898.pdf
TC1899,SPEED AND RED LIGHT CAMERA FOR ROAD SAFETY,Enforcement,SPEED_AND_RED_LIGHT_CAMERA_FOR_ROAD_SAFETY_TC1899.svg,100x90 mm,size from the drawing's overall width dimension (100 mm); type: INFORMATION SIGN,Original PDFs/TC signs/TC Signs_June 2026/enforcement/TC1899.pdf
TC2018,LOCAL POLICE ARE NOW TARGETING .......,Enforcement,LOCAL_POLICE_ARE_NOW_TARGETING_TC2018.svg,2200x1700 mm,size from the drawing's overall width dimension (2200 mm); type: INFORMATION  SIGN,Original PDFs/TC signs/TC Signs_June 2026/enforcement/TC2018.pdf
TC2264,AVERAGE SPEED CAMERA ZONE FOR ROAD SAFETY,Enforcement,AVERAGE_SPEED_CAMERA_ZONE_FOR_ROAD_SAFETY_TC2264.svg,2200x2796 mm,size from the drawing's overall width dimension (2200 mm); type: INFORMATION SIGN,Original PDFs/TC signs/TC Signs_June 2026/enforcement/TC2264.pdf
TC2289,ROAD SAFETY CAMERAS OPERATE IN THIS AREA,Enforcement,ROAD_SAFETY_CAMERAS_OPERATE_IN_THIS_AREA_TC2289.svg,170x153 mm,size from the drawing's overall width dimension (170 mm); type: INFORMATION SIGN,Original PDFs/TC signs/TC Signs_June 2026/enforcement/TC2289.pdf
TC2363,SCHOOL ZONE SPEED LIMITS ENFORCED,Enforcement,SCHOOL_ZONE_SPEED_LIMITS_ENFORCED_TC2363.svg,1x1 mm,"size from the sheet's dimension table, first row (a = 1, b = 1); other rows are size variants not produced; type: INFORMATION SIGN",Original PDFs/TC signs/TC Signs_June 2026/enforcement/TC2363.pdf
TC9715,POLICE PATROL ROADWORKS,Enforcement,POLICE_PATROL_ROADWORKS_SIZE_A_TC9715.svg,1490x889 mm,size from the drawing's overall width dimension (1490 mm); type: TEMPORARY SIGN,Original PDFs/TC signs/TC Signs_June 2026/enforcement/Tc9715.pdf
TC9715,POLICE PATROL ROADWORKS,Enforcement,POLICE_PATROL_ROADWORKS_VAR2_TC9715.svg,888x598 mm,size from the drawing's overall width dimension (888 mm); type: TEMPORARY SIGN,Original PDFs/TC signs/TC Signs_June 2026/enforcement/Tc9715.pdf
TC9857,POLICE ENFORCEMENT BAY (L&R),Enforcement,POLICE_ENFORCEMENT_BAY_L_R_LEFT_TC9857.svg,1490x889 mm,size from the drawing's overall width dimension (1490 mm); type: INFORMATION SIGN,Original PDFs/TC signs/TC Signs_June 2026/enforcement/Tc9857.pdf
TC9857,POLICE ENFORCEMENT BAY (L&R),Enforcement,POLICE_ENFORCEMENT_BAY_L_R_VAR2_TC9857.svg,1490x889 mm,size from the drawing's overall width dimension (1490 mm); type: INFORMATION SIGN,Original PDFs/TC signs/TC Signs_June 2026/enforcement/Tc9857.pdf
TC9883,POLICE ENFORCEMENT ZONE,Enforcement,POLICE_ENFORCEMENT_ZONE_TC9883.svg,1200x899 mm,"size from the sheet's dimension table, first row (a = 1200, b = 900); other rows are size variants not produced; type: SPECIAL SIGN",Original PDFs/TC signs/TC Signs_June 2026/enforcement/Tc9883.pdf
TC9923,ROAD SAFETY ENFORCEMENT,Enforcement,ROAD_SAFETY_ENFORCEMENT_TC9923.svg,1538x713 mm,no size found on the sheet; drawn at 1:10 — check; type: INFORMATION SIGN,Original PDFs/TC signs/TC Signs_June 2026/enforcement/Tc9923.pdf
TC1594,ROADWORK SPEED LIMITS ARE ENFORCED,Enforcement,ROADWORK_SPEED_LIMITS_ARE_ENFORCED_TC1594.svg,1490x889 mm,size from the drawing's overall width dimension (1490 mm); type: TEMPORARY SIGN,Original PDFs/TC signs/TC Signs_June 2026/enforcement/tc1594.pdf
TC1674,SPEED CAMERA AHEAD FOR ROAD SAFETY,Enforcement,SPEED_CAMERA_AHEAD_FOR_ROAD_SAFETY_TC1674.svg,160x147 mm,size from the drawing's overall width dimension (160 mm); type: INFORMATION SIGN,Original PDFs/TC signs/TC Signs_June 2026/enforcement/tc1674.pdf
TC1738,REDUCED SPEED LIMIT INCREASED ENFORCEMENT,Enforcement,REDUCED_SPEED_LIMIT_INCREASED_ENFORCEMENT_TC1738.svg,3300x660 mm,size from the drawing's overall width dimension (3300 mm); type: SUPPLEMENTARY PLATE,Original PDFs/TC signs/TC Signs_June 2026/enforcement/tc1738.pdf
TC1799,SPEED CAMERA IN TUNNEL,Enforcement,SPEED_CAMERA_IN_TUNNEL_TC1799.svg,160x147 mm,size from the drawing's overall width dimension (160 mm); type: INFORMATION SIGN,Original PDFs/TC signs/TC Signs_June 2026/enforcement/tc1799.pdf
ENV01,REPORT ILLEGAL DUMPING,Environmental,REPORT_ILLEGAL_DUMPING_ENV01.svg,1502x900 mm,no size found on the sheet; drawn at 1:10 — check; type: INFORMATION SIGN,Original PDFs/TC signs/TC Signs_June 2026/environmental/ENV01.pdf
ENV24,CONSERVATION LAND ASSET,Environmental,CONSERVATION_LAND_ASSET_ENV24.svg,158x158 mm,size from the drawing's overall width dimension (158 mm); type: AWARENESS SIGN,Original PDFs/TC signs/TC Signs_June 2026/environmental/ENV24.pdf
ENV25,INFORMATION SIGN CONSERVATION LAND ASSET,Environmental,INFORMATION_SIGN_CONSERVATION_LAND_ASSET_ENV25.svg,900x601 mm,size from the drawing's overall width dimension (900 mm); type: AWARENESS AND,Original PDFs/TC signs/TC Signs_June 2026/environmental/ENV25.pdf
ENV26,INFORMATION SIGN CONSERVATION LAND ASSET,Environmental,INFORMATION_SIGN_CONSERVATION_LAND_ASSET_ENV26.svg,900x601 mm,size from the drawing's overall width dimension (900 mm); type: AWARENESS AND,Original PDFs/TC signs/TC Signs_June 2026/environmental/ENV26.pdf
ENV27,INFORMATION SIGN CONSERVATION LAND ASSET,Environmental,INFORMATION_SIGN_CONSERVATION_LAND_ASSET_ENV27.svg,900x601 mm,size from the drawing's overall width dimension (900 mm); type: AWARENESS AND,Original PDFs/TC signs/TC Signs_June 2026/environmental/ENV27.pdf
ENV28,CONSERVATION LAND ASSET,Environmental,CONSERVATION_LAND_ASSET_ENV28.svg,699x750 mm,no size found on the sheet; drawn at 1:10 — check; type: GUIDE POST STICKER,Original PDFs/TC signs/TC Signs_June 2026/environmental/ENV28.pdf
ENV28,CONSERVATION LAND ASSET,Environmental,CONSERVATION_LAND_ASSET_VAR2_ENV28.svg,1028x463 mm,no size found on the sheet; drawn at 1:10 — check; type: GUIDE POST STICKER,Original PDFs/TC signs/TC Signs_June 2026/environmental/ENV28.pdf
ENV28,CONSERVATION LAND ASSET,Environmental,CONSERVATION_LAND_ASSET_VAR3_ENV28.svg,228x881 mm,no size found on the sheet; drawn at 1:10 — check; type: GUIDE POST STICKER,Original PDFs/TC signs/TC Signs_June 2026/environmental/ENV28.pdf
ENV28,CONSERVATION LAND ASSET,Environmental,CONSERVATION_LAND_ASSET_VAR4_ENV28.svg,184x881 mm,no size found on the sheet; drawn at 1:10 — check; type: GUIDE POST STICKER,Original PDFs/TC signs/TC Signs_June 2026/environmental/ENV28.pdf
TC1622,,Environmental,,,no drawing found on the sheet,Original PDFs/TC signs/TC Signs_June 2026/environmental/TC1622.pdf
TC1882,NO TRESPASSING,Environmental,NO_TRESPASSING_TC1882.svg,1800x896 mm,size from the drawing's overall width dimension (1800 mm); type: INFORMATION SIGN,Original PDFs/TC signs/TC Signs_June 2026/environmental/TC1882.pdf
TC1888,SIGNIFICANT ENVIRONMENTAL AREA,Environmental,,,sheet stamped SUPERSEDED; not produced,Original PDFs/TC signs/TC Signs_June 2026/environmental/TC1888.pdf
TC1995,"BANANAS, MANGOS, SUGAR CANE",Environmental,BANANAS_MANGOS_SUGAR_CANE_TC1995.svg,2600x1439 mm,size from the drawing's overall width dimension (2600 mm); type: INFORMATION SIGN,Original PDFs/TC signs/TC Signs_June 2026/environmental/TC1995.pdf
TC1995,"BANANAS, MANGOS, SUGAR CANE",Environmental,BANANAS_MANGOS_SUGAR_CANE_VAR2_TC1995.svg,300x300 mm,no size found on the sheet; drawn at 1:10 — check; type: INFORMATION SIGN,Original PDFs/TC signs/TC Signs_June 2026/environmental/TC1995.pdf
TC1995,"BANANAS, MANGOS, SUGAR CANE",Environmental,BANANAS_MANGOS_SUGAR_CANE_VAR3_TC1995.svg,300x300 mm,no size found on the sheet; drawn at 1:10 — check; type: INFORMATION SIGN,Original PDFs/TC signs/TC Signs_June 2026/environmental/TC1995.pdf
TC1995,"BANANAS, MANGOS, SUGAR CANE",Environmental,BANANAS_MANGOS_SUGAR_CANE_VAR4_TC1995.svg,300x300 mm,no size found on the sheet; drawn at 1:10 — check; type: INFORMATION SIGN,Original PDFs/TC signs/TC Signs_June 2026/environmental/TC1995.pdf
TC1995,"BANANAS, MANGOS, SUGAR CANE",Environmental,BANANAS_MANGOS_SUGAR_CANE_VAR5_TC1995.svg,300x300 mm,no size found on the sheet; drawn at 1:10 — check; type: INFORMATION SIGN,Original PDFs/TC signs/TC Signs_June 2026/environmental/TC1995.pdf
TC1995,"BANANAS, MANGOS, SUGAR CANE",Environmental,BANANAS_MANGOS_SUGAR_CANE_VAR6_TC1995.svg,300x300 mm,no size found on the sheet; drawn at 1:10 — check; type: INFORMATION SIGN,Original PDFs/TC signs/TC Signs_June 2026/environmental/TC1995.pdf
TC2050,QUARANTINE AREA DO NOT MOVE BANANA PLANTS,Environmental,QUARANTINE_AREA_DO_NOT_MOVE_BANANA_PLANTS_TC2050.svg,2000x1179 mm,size from the drawing's overall width dimension (2000 mm); type: INFORMATION SIGN,Original PDFs/TC signs/TC Signs_June 2026/environmental/TC2050.pdf
TC2050,QUARANTINE AREA DO NOT MOVE BANANA PLANTS,Environmental,QUARANTINE_AREA_DO_NOT_MOVE_BANANA_PLANTS_VAR2_TC2050.svg,421x421 mm,no size found on the sheet; drawn at 1:10 — check; type: INFORMATION SIGN,Original PDFs/TC signs/TC Signs_June 2026/environmental/TC2050.pdf
TC2088,KEEP BANANA PLANTS DISEASE-FREE,Environmental,KEEP_BANANA_PLANTS_DISEASE_FREE_TC2088.svg,2600x1488 mm,size from the drawing's overall width dimension (2600 mm); type: INFORMATION SIGN,Original PDFs/TC signs/TC Signs_June 2026/environmental/TC2088.pdf
TC2088,KEEP BANANA PLANTS DISEASE-FREE,Environmental,KEEP_BANANA_PLANTS_DISEASE_FREE_VAR2_TC2088.svg,300x300 mm,no size found on the sheet; drawn at 1:10 — check; type: INFORMATION SIGN,Original PDFs/TC signs/TC Signs_June 2026/environmental/TC2088.pdf
TC2088,KEEP BANANA PLANTS DISEASE-FREE,Environmental,KEEP_BANANA_PLANTS_DISEASE_FREE_VAR3_TC2088.svg,300x300 mm,no size found on the sheet; drawn at 1:10 — check; type: INFORMATION SIGN,Original PDFs/TC signs/TC Signs_June 2026/environmental/TC2088.pdf
TC2088,KEEP BANANA PLANTS DISEASE-FREE,Environmental,KEEP_BANANA_PLANTS_DISEASE_FREE_VAR4_TC2088.svg,300x300 mm,no size found on the sheet; drawn at 1:10 — check; type: INFORMATION SIGN,Original PDFs/TC signs/TC Signs_June 2026/environmental/TC2088.pdf
TC2305,"PRAWNS, YABBIES, MARINE WORMS MOVEMENT RESTRICTIONS",Environmental,PRAWNS_YABBIES_MARINE_WORMS_MOVEMENT_RESTRICTIONS_TC2305.svg,2600x1498 mm,size from the drawing's overall width dimension (2600 mm); type: INFORMATION SIGN,Original PDFs/TC signs/TC Signs_June 2026/environmental/TC2305.pdf
TC2305,"PRAWNS, YABBIES, MARINE WORMS MOVEMENT RESTRICTIONS",Environmental,PRAWNS_YABBIES_MARINE_WORMS_MOVEMENT_RESTRICTIONS_VAR2_TC2305.svg,350x350 mm,no size found on the sheet; drawn at 1:10 — check; type: INFORMATION SIGN,Original PDFs/TC signs/TC Signs_June 2026/environmental/TC2305.pdf
TC2305,"PRAWNS, YABBIES, MARINE WORMS MOVEMENT RESTRICTIONS",Environmental,PRAWNS_YABBIES_MARINE_WORMS_MOVEMENT_RESTRICTIONS_VAR3_TC2305.svg,350x350 mm,no size found on the sheet; drawn at 1:10 — check; type: INFORMATION SIGN,Original PDFs/TC signs/TC Signs_June 2026/environmental/TC2305.pdf
TC2305,"PRAWNS, YABBIES, MARINE WORMS MOVEMENT RESTRICTIONS",Environmental,PRAWNS_YABBIES_MARINE_WORMS_MOVEMENT_RESTRICTIONS_VAR4_TC2305.svg,350x350 mm,no size found on the sheet; drawn at 1:10 — check; type: INFORMATION SIGN,Original PDFs/TC signs/TC Signs_June 2026/environmental/TC2305.pdf
TC2369,1 4 INFORMATION SIGN YOUR FIRE RISK TODAY (STATIC),Environmental,1_4_INFORMATION_SIGN_YOUR_FIRE_RISK_TODAY_STATIC_TC2369.svg,1800x1596 mm,size from the drawing's overall width dimension (1800 mm); type: SEPTEMBER,Original PDFs/TC signs/TC Signs_June 2026/environmental/TC2369.pdf
TC2370,YOUR FIRE RISK TODAY (ELECTRONIC),Environmental,YOUR_FIRE_RISK_TODAY_ELECTRONIC_TC2370.svg,1800x1598 mm,size from the drawing's overall width dimension (1800 mm); type: INFORMATION SIGN,Original PDFs/TC signs/TC Signs_June 2026/environmental/TC2370.pdf
TC2373,BIOSECURITY QLD CATTLE TICK DECLARED AREA AHEAD STOCK MOVEMENT,Environmental,BIOSECURITY_QLD_CATTLE_TICK_DECLARED_AREA_AHEAD_STOCK_MOVEMENT_TC2373.svg,3000x2098 mm,size from the drawing's overall width dimension (3000 mm); type: INFORMATION SIGN,Original PDFs/TC signs/TC Signs_June 2026/environmental/TC2373.pdf
TC1115,INFORMATION SIGN,Environmental,,,sheet stamped SUPERSEDED; not produced,Original PDFs/TC signs/TC Signs_June 2026/environmental/Tc1115.pdf
TC1203,,Environmental,TC1203_LEFT_TC1203.svg,3100x699 mm,size from the drawing's overall width dimension (3100 mm),Original PDFs/TC signs/TC Signs_June 2026/environmental/Tc1203.pdf
TC1203,,Environmental,TC1203_RIGHT_TC1203.svg,3100x699 mm,size from the drawing's overall width dimension (3100 mm),Original PDFs/TC signs/TC Signs_June 2026/environmental/Tc1203.pdf
TC1677,RESTRICTED AREA - HORSE MOVEMENTS ARE RESTRICTED,Environmental,RESTRICTED_AREA_HORSE_MOVEMENTS_ARE_RESTRICTED_TC1677.svg,1500x1100 mm,size from the drawing's overall width dimension (1500 mm); type: SPECIAL WARNING SIGN,Original PDFs/TC signs/TC Signs_June 2026/environmental/Tc1677.pdf
TC1893,PHYLLOXERA EXCLUSION ZONE,Environmental,PHYLLOXERA_EXCLUSION_ZONE_TC1893.svg,3000x1587 mm,size from the drawing's overall width dimension (3000 mm); type: INFORMATION SIGN,Original PDFs/TC signs/TC Signs_June 2026/environmental/Tc1893.pdf
TC1893,PHYLLOXERA EXCLUSION ZONE,Environmental,PHYLLOXERA_EXCLUSION_ZONE_VAR2_TC1893.svg,372x350 mm,no size found on the sheet; drawn at 1:10 — check; type: INFORMATION SIGN,Original PDFs/TC signs/TC Signs_June 2026/environmental/Tc1893.pdf
TC1893,PHYLLOXERA EXCLUSION ZONE,Environmental,PHYLLOXERA_EXCLUSION_ZONE_VAR3_TC1893.svg,350x350 mm,no size found on the sheet; drawn at 1:10 — check; type: INFORMATION SIGN,Original PDFs/TC signs/TC Signs_June 2026/environmental/Tc1893.pdf
TC1893,PHYLLOXERA EXCLUSION ZONE,Environmental,PHYLLOXERA_EXCLUSION_ZONE_VAR4_TC1893.svg,350x350 mm,no size found on the sheet; drawn at 1:10 — check; type: INFORMATION SIGN,Original PDFs/TC signs/TC Signs_June 2026/environmental/Tc1893.pdf
TC9798,INFORMATION SIGN,Environmental,INFORMATION_SIGN_TC9798.svg,961x1000 mm,size from the drawing's overall height dimension (1000 mm); triangulated CAD export unioned; type: INFORMATION SIGN,Original PDFs/TC signs/TC Signs_June 2026/environmental/Tc9798.pdf
TC1093,SIGNIFICANT ENVIRONMENTAL AREA,Environmental,,,sheet stamped SUPERSEDED; not produced,Original PDFs/TC signs/TC Signs_June 2026/environmental/tc1093.pdf
TC1118,INFORMATION SIGN,Environmental,,,sheet stamped SUPERSEDED; not produced,Original PDFs/TC signs/TC Signs_June 2026/environmental/tc1118.pdf
TC1143,PERMENANT PARTHENIUM WEED WASHDOWN FACILITY - LEFT / RIGHT,Environmental,PERMENANT_PARTHENIUM_WEED_WASHDOWN_FACILITY_LEFT_RIGHT_RIGHT_TC1143.svg,2750x699 mm,size from the drawing's overall width dimension (2750 mm); type: ADVANCE DIRECTION SIGN,Original PDFs/TC signs/TC Signs_June 2026/environmental/tc1143.pdf
TC1143,PERMENANT PARTHENIUM WEED WASHDOWN FACILITY - LEFT / RIGHT,Environmental,PERMENANT_PARTHENIUM_WEED_WASHDOWN_FACILITY_LEFT_RIGHT_LEFT_TC1143.svg,2750x699 mm,size from the drawing's overall width dimension (2750 mm); type: ADVANCE DIRECTION SIGN,Original PDFs/TC signs/TC Signs_June 2026/environmental/tc1143.pdf
TC1144,PERMENANT PARTHENIUM WEED WASHDOWN FACILITY - LEFT / RIGHT,Environmental,PERMENANT_PARTHENIUM_WEED_WASHDOWN_FACILITY_LEFT_RIGHT_RIGHT_TC1144.svg,3100x699 mm,size from the drawing's overall width dimension (3100 mm); type: PERMENANT “PARTHENIUM WEED,Original PDFs/TC signs/TC Signs_June 2026/environmental/tc1144.pdf
TC1144,PERMENANT PARTHENIUM WEED WASHDOWN FACILITY - LEFT / RIGHT,Environmental,PERMENANT_PARTHENIUM_WEED_WASHDOWN_FACILITY_LEFT_RIGHT_LEFT_TC1144.svg,3100x699 mm,size from the drawing's overall width dimension (3100 mm); type: PERMENANT “PARTHENIUM WEED,Original PDFs/TC signs/TC Signs_June 2026/environmental/tc1144.pdf
TC1230,PARTHENIUM WEED PLEASE STOP THE SEED SPREAD,Environmental,PARTHENIUM_WEED_PLEASE_STOP_THE_SEED_SPREAD_TC1230.svg,2900x1107 mm,size from the drawing's overall width dimension (2900 mm); type: INFORMATION SIGN,Original PDFs/TC signs/TC Signs_June 2026/environmental/tc1230.pdf
TC1250,DUMPING OF DOMESTIC WASTE IS,Environmental,DUMPING_OF_DOMESTIC_WASTE_IS_TC1250.svg,650x650 mm,size from the drawing's overall width dimension (650 mm); type: WARNING SIGN,Original PDFs/TC signs/TC Signs_June 2026/environmental/tc1250.pdf
TC1343,DON’T SPREAD ELECTRIC ANTS,Environmental,DON_T_SPREAD_ELECTRIC_ANTS_TC1343.svg,1800x1800 mm,"size from the sheet's dimension table, first row (a = 1800, b = 1800); other rows are size variants not produced; type: INFORMATION SIGN",Original PDFs/TC signs/TC Signs_June 2026/environmental/tc1343.pdf
TC1363,FOR,Environmental,FOR_TC1363.svg,600x900 mm,"size from the sheet's dimension table, first row (a = 600, b = 900); other rows are size variants not produced; type: ADOPT-A-SPOT SIGN",Original PDFs/TC signs/TC Signs_June 2026/environmental/tc1363.pdf
TC1377,INFORMATION SIGN,Environmental,,,sheet stamped SUPERSEDED; not produced,Original PDFs/TC signs/TC Signs_June 2026/environmental/tc1377.pdf
TC1457,PARKING INFORMATION SIGN,Environmental,PARKING_INFORMATION_SIGN_TC1457.svg,900x621 mm,size from the drawing's overall width dimension (900 mm); type: PARKING INFORMATION SIGN,Original PDFs/TC signs/TC Signs_June 2026/environmental/tc1457.pdf
TC1457,PARKING INFORMATION SIGN,Environmental,PARKING_INFORMATION_SIGN_VAR2_TC1457.svg,1681x375 mm,no size found on the sheet; drawn at 1:10 — check; type: PARKING INFORMATION SIGN,Original PDFs/TC signs/TC Signs_June 2026/environmental/tc1457.pdf
TC1490,PARTHENIUM WEED IS YOUR VEHICLE WEED SEED FREE?,Environmental,PARTHENIUM_WEED_IS_YOUR_VEHICLE_WEED_SEED_FREE_TC1490.svg,1800x1199 mm,size from the drawing's overall width dimension (1800 mm); type: INFORMATION SIGN,Original PDFs/TC signs/TC Signs_June 2026/environmental/tc1490.pdf
TC1580,WASHDOWN FACILITY PREVENT WEED SEED SPREAD (L&R),Environmental,WASHDOWN_FACILITY_PREVENT_WEED_SEED_SPREAD_L_R_RIGHT_TC1580.svg,2800x699 mm,size from the drawing's overall width dimension (2800 mm); type: ADVANCE DIRECTION SIGN,Original PDFs/TC signs/TC Signs_June 2026/environmental/tc1580.pdf
TC1580,WASHDOWN FACILITY PREVENT WEED SEED SPREAD (L&R),Environmental,WASHDOWN_FACILITY_PREVENT_WEED_SEED_SPREAD_L_R_LEFT_TC1580.svg,2800x699 mm,size from the drawing's overall width dimension (2800 mm); type: ADVANCE DIRECTION SIGN,Original PDFs/TC signs/TC Signs_June 2026/environmental/tc1580.pdf
TC1602,CHILEAN NEEDLE GRASS,Environmental,CHILEAN_NEEDLE_GRASS_TC1602.svg,2100x1266 mm,size from the drawing's overall width dimension (2100 mm); type: INFORMATION SIGN,Original PDFs/TC signs/TC Signs_June 2026/environmental/tc1602.pdf
TC1609,INFORMATION SIGN,Environmental,INFORMATION_SIGN_TC1609.svg,110x71 mm,size from the drawing's overall width dimension (110 mm); type: AWARENESS AND,Original PDFs/TC signs/TC Signs_June 2026/environmental/tc1609.pdf
TC1609,INFORMATION SIGN,Environmental,INFORMATION_SIGN_VAR2_TC1609.svg,884x75 mm,no size found on the sheet; drawn at 1:10 — check; type: AWARENESS AND,Original PDFs/TC signs/TC Signs_June 2026/environmental/tc1609.pdf
TC1614,WEED RISK AREA,Environmental,,,no drawing found on the sheet,Original PDFs/TC signs/TC Signs_June 2026/environmental/tc1614.pdf
TC1661,PARTHENIUM WEED,Environmental,PARTHENIUM_WEED_TC1661.svg,2100x1266 mm,size from the drawing's overall width dimension (2100 mm); type: INFORMATION SIGN,Original PDFs/TC signs/TC Signs_June 2026/environmental/tc1661.pdf
TC1767,NOT SUITABLE FOR LONGER VEHICLES,Environmental,NOT_SUITABLE_FOR_LONGER_VEHICLES_TC1767.svg,900x562 mm,"size from the sheet's dimension table, first row (a = 900, b = 600); other rows are size variants not produced; type: ADVANCE WARNING SIGN",Original PDFs/TC signs/TC Signs_June 2026/environmental/tc1767.pdf
TC1767,NOT SUITABLE FOR LONGER VEHICLES,Environmental,NOT_SUITABLE_FOR_LONGER_VEHICLES_OPTION_3_TC1767.svg,900x562 mm,"size from the sheet's dimension table, first row (a = 900, b = 600); other rows are size variants not produced; type: ADVANCE WARNING SIGN",Original PDFs/TC signs/TC Signs_June 2026/environmental/tc1767.pdf
TC1767,NOT SUITABLE FOR LONGER VEHICLES,Environmental,NOT_SUITABLE_FOR_LONGER_VEHICLES_OPTION_1_TC1767.svg,900x562 mm,"size from the sheet's dimension table, first row (a = 900, b = 600); other rows are size variants not produced; type: ADVANCE WARNING SIGN",Original PDFs/TC signs/TC Signs_June 2026/environmental/tc1767.pdf
TC1767,NOT SUITABLE FOR LONGER VEHICLES,Environmental,NOT_SUITABLE_FOR_LONGER_VEHICLES_OPTION_2_TC1767.svg,900x562 mm,"size from the sheet's dimension table, first row (a = 900, b = 600); other rows are size variants not produced; type: ADVANCE WARNING SIGN",Original PDFs/TC signs/TC Signs_June 2026/environmental/tc1767.pdf
TC1767,NOT SUITABLE FOR LONGER VEHICLES,Environmental,NOT_SUITABLE_FOR_LONGER_VEHICLES_OPTION_4_TC1767.svg,104x65 mm,size from the drawing's overall width dimension (104 mm); type: ADVANCE WARNING SIGN,Original PDFs/TC signs/TC Signs_June 2026/environmental/tc1767.pdf
TC1780,GIANT RATS TAIL WEED,Environmental,GIANT_RATS_TAIL_WEED_TC1780.svg,2100x1266 mm,size from the drawing's overall width dimension (2100 mm); type: INFORMATION SIGN,Original PDFs/TC signs/TC Signs_June 2026/environmental/tc1780.pdf
ETM01,EVENT AHEAD,Event,EVENT_AHEAD_ETM01_2_ETM01.svg,1200x599 mm,size from the drawing's overall width dimension (1200 mm); type: MULTI-MESSAGE SIGN PLATE,Original PDFs/TC signs/TC Signs_June 2026/event/ETM01.pdf
ETM01,EVENT AHEAD,Event,EVENT_AHEAD_ETM01_1_ETM01.svg,600x599 mm,size from the drawing's overall width dimension (600 mm); type: MULTI-MESSAGE SIGN PLATE,Original PDFs/TC signs/TC Signs_June 2026/event/ETM01.pdf
ETM02,EVENT IN PROGRESS,Event,EVENT_IN_PROGRESS_ETM02_2_ETM02.svg,1200x599 mm,size from the drawing's overall width dimension (1200 mm); type: MULTI-MESSAGE SIGN PLATE,Original PDFs/TC signs/TC Signs_June 2026/event/ETM02.pdf
ETM02,EVENT IN PROGRESS,Event,EVENT_IN_PROGRESS_ETM02_1_ETM02.svg,1200x1199 mm,size from the drawing's overall width dimension (1200 mm); type: MULTI-MESSAGE SIGN PLATE,Original PDFs/TC signs/TC Signs_June 2026/event/ETM02.pdf
ETM02,EVENT IN PROGRESS,Event,EVENT_IN_PROGRESS_ETM02_3_ETM02.svg,1200x300 mm,size from the drawing's overall width dimension (1200 mm); type: MULTI-MESSAGE SIGN PLATE,Original PDFs/TC signs/TC Signs_June 2026/event/ETM02.pdf
ETM03,END EVENT,Event,END_EVENT_ETM03_2_ETM03.svg,1200x599 mm,size from the drawing's overall width dimension (1200 mm); type: MULTI-MESSAGE SIGN PLATE,Original PDFs/TC signs/TC Signs_June 2026/event/ETM03.pdf
ETM03,END EVENT,Event,END_EVENT_ETM03_1_ETM03.svg,600x599 mm,size from the drawing's overall width dimension (600 mm); type: MULTI-MESSAGE SIGN PLATE,Original PDFs/TC signs/TC Signs_June 2026/event/ETM03.pdf
ETM04,CYCLISTS RACING,Event,CYCLISTS_RACING_ETM04_2_ETM04.svg,1200x599 mm,size from the drawing's overall width dimension (1200 mm); type: MULTI-MESSAGE SIGN PLATE,Original PDFs/TC signs/TC Signs_June 2026/event/ETM04.pdf
ETM04,CYCLISTS RACING,Event,CYCLISTS_RACING_ETM04_1_ETM04.svg,600x599 mm,size from the drawing's overall width dimension (600 mm); type: MULTI-MESSAGE SIGN PLATE,Original PDFs/TC signs/TC Signs_June 2026/event/ETM04.pdf
ETM04,CYCLISTS RACING,Event,CYCLISTS_RACING_VAR3_ETM04.svg,456x303 mm,no size found on the sheet; drawn at 1:10 — check; background assumed to be a white rectangle (outline drawn as loose strokes) — check; type: MULTI-MESSAGE SIGN PLATE,Original PDFs/TC signs/TC Signs_June 2026/event/ETM04.pdf
ETM05,CYCLISTS RIDING,Event,CYCLISTS_RIDING_ETM05_2_ETM05.svg,1200x599 mm,size from the drawing's overall width dimension (1200 mm); type: MULTI-MESSAGE SIGN PLATE,Original PDFs/TC signs/TC Signs_June 2026/event/ETM05.pdf
ETM05,CYCLISTS RIDING,Event,CYCLISTS_RIDING_VAR2_ETM05.svg,600x599 mm,size from the drawing's overall width dimension (600 mm); type: MULTI-MESSAGE SIGN PLATE,Original PDFs/TC signs/TC Signs_June 2026/event/ETM05.pdf
ETM05,CYCLISTS RIDING,Event,CYCLISTS_RIDING_VAR3_ETM05.svg,320x307 mm,no size found on the sheet; drawn at 1:10 — check; type: MULTI-MESSAGE SIGN PLATE,Original PDFs/TC signs/TC Signs_June 2026/event/ETM05.pdf
ETM06,SHARE THE ROAD - 60 km/h OR LESS SPEED ZONES,Event,SHARE_THE_ROAD_60_KM_H_OR_LESS_SPEED_ZONES_ETM06.svg,1200x599 mm,size from the drawing's overall width dimension (1200 mm); type: MULTI-MESSAGE SIGN PLATE,Original PDFs/TC signs/TC Signs_June 2026/event/ETM06.pdf
ETM06,SHARE THE ROAD - 60 km/h OR LESS SPEED ZONES,Event,SHARE_THE_ROAD_60_KM_H_OR_LESS_SPEED_ZONES_ETM06_1_ETM06.svg,600x599 mm,size from the drawing's overall width dimension (600 mm); type: MULTI-MESSAGE SIGN PLATE,Original PDFs/TC signs/TC Signs_June 2026/event/ETM06.pdf
ETM06,SHARE THE ROAD - 60 km/h OR LESS SPEED ZONES,Event,SHARE_THE_ROAD_60_KM_H_OR_LESS_SPEED_ZONES_VAR3_ETM06.svg,877x400 mm,no size found on the sheet; drawn at 1:10 — check; type: MULTI-MESSAGE SIGN PLATE,Original PDFs/TC signs/TC Signs_June 2026/event/ETM06.pdf
ETM06,SHARE THE ROAD - 60 km/h OR LESS SPEED ZONES,Event,SHARE_THE_ROAD_60_KM_H_OR_LESS_SPEED_ZONES_VAR4_ETM06.svg,501x350 mm,no size found on the sheet; drawn at 1:10 — check; type: MULTI-MESSAGE SIGN PLATE,Original PDFs/TC signs/TC Signs_June 2026/event/ETM06.pdf
ETM07,RUNNERS,Event,RUNNERS_ETM07_2_ETM07.svg,1200x599 mm,size from the drawing's overall width dimension (1200 mm); type: MULTI-MESSAGE SIGN PLATE,Original PDFs/TC signs/TC Signs_June 2026/event/ETM07.pdf
ETM07,RUNNERS,Event,RUNNERS_ETM07_1_ETM07.svg,600x599 mm,size from the drawing's overall width dimension (600 mm); type: MULTI-MESSAGE SIGN PLATE,Original PDFs/TC signs/TC Signs_June 2026/event/ETM07.pdf
ETM07,RUNNERS,Event,RUNNERS_VAR3_ETM07.svg,300x246 mm,no size found on the sheet; drawn at 1:10 — check; type: MULTI-MESSAGE SIGN PLATE,Original PDFs/TC signs/TC Signs_June 2026/event/ETM07.pdf
ETM08,WALKERS,Event,WALKERS_ETM08_2_ETM08.svg,1200x599 mm,size from the drawing's overall width dimension (1200 mm); type: MULTI-MESSAGE SIGN PLATE,Original PDFs/TC signs/TC Signs_June 2026/event/ETM08.pdf
ETM08,WALKERS,Event,WALKERS_ETM08_1_ETM08.svg,600x599 mm,size from the drawing's overall width dimension (600 mm); type: MULTI-MESSAGE SIGN PLATE,Original PDFs/TC signs/TC Signs_June 2026/event/ETM08.pdf
ETM09,SHARE THE ROAD,Event,SHARE_THE_ROAD_ETM09.svg,1200x599 mm,size from the drawing's overall width dimension (1200 mm); type: MULTI-MESSAGE SIGN PLATE,Original PDFs/TC signs/TC Signs_June 2026/event/ETM09.pdf
ETM09,SHARE THE ROAD,Event,SHARE_THE_ROAD_ETM09_1_ETM09.svg,600x599 mm,size from the drawing's overall width dimension (600 mm); type: MULTI-MESSAGE SIGN PLATE,Original PDFs/TC signs/TC Signs_June 2026/event/ETM09.pdf
ETM09,SHARE THE ROAD,Event,SHARE_THE_ROAD_VAR3_ETM09.svg,877x400 mm,no size found on the sheet; drawn at 1:10 — check; type: MULTI-MESSAGE SIGN PLATE,Original PDFs/TC signs/TC Signs_June 2026/event/ETM09.pdf
ETM09,SHARE THE ROAD,Event,SHARE_THE_ROAD_VAR4_ETM09.svg,501x350 mm,no size found on the sheet; drawn at 1:10 — check; type: MULTI-MESSAGE SIGN PLATE,Original PDFs/TC signs/TC Signs_June 2026/event/ETM09.pdf
ETM10,NEXT ...km,Event,NEXT_KM_ETM10_1_ETM10.svg,600x599 mm,size from the drawing's overall width dimension (600 mm); type: MULTI-MESSAGE SIGN PLATE,Original PDFs/TC signs/TC Signs_June 2026/event/ETM10.pdf
ETM10,NEXT ...km,Event,NEXT_KM_ETM10_2_ETM10.svg,1200x300 mm,size from the drawing's overall width dimension (1200 mm); type: MULTI-MESSAGE SIGN PLATE,Original PDFs/TC signs/TC Signs_June 2026/event/ETM10.pdf
ETM11,,Event,,,no drawing found on the sheet,Original PDFs/TC signs/TC Signs_June 2026/event/ETM11.pdf
ETM12,CYCLISTS AHEAD/FOLLOWING,Event,CYCLISTS_AHEAD_FOLLOWING_ETM12_2_ETM12.svg,1200x300 mm,size from the drawing's overall width dimension (1200 mm); type: VEHICLE MOUNTED,Original PDFs/TC signs/TC Signs_June 2026/event/ETM12.pdf
ETM12,CYCLISTS AHEAD/FOLLOWING,Event,CYCLISTS_AHEAD_FOLLOWING_ETM12_1_ETM12.svg,1200x300 mm,size from the drawing's overall width dimension (1200 mm); type: VEHICLE MOUNTED,Original PDFs/TC signs/TC Signs_June 2026/event/ETM12.pdf
ETM13,SHARE THE ROAD,Event,SHARE_THE_ROAD_ETM13_1_ETM13.svg,600x599 mm,size from the drawing's overall width dimension (600 mm); type: MULTI-MESSAGE SIGN PLATE,Original PDFs/TC signs/TC Signs_June 2026/event/ETM13.pdf
ETM13,SHARE THE ROAD,Event,SHARE_THE_ROAD_ETM13_2_ETM13.svg,1200x300 mm,size from the drawing's overall width dimension (1200 mm); type: MULTI-MESSAGE SIGN PLATE,Original PDFs/TC signs/TC Signs_June 2026/event/ETM13.pdf
ETM14,CYCLIST TRAINING CIRCUIT,Event,CYCLIST_TRAINING_CIRCUIT_ETM14.svg,901x750 mm,size from the drawing's overall height dimension (750 mm); type: WARNING SIGN,Original PDFs/TC signs/TC Signs_June 2026/event/ETM14.pdf
TC1806,TEMPORARY ROAD CLOSED SIGN TYPICAL LAYOUT _1,Flooding,TEMPORARY_ROAD_CLOSED_SIGN_TYPICAL_LAYOUT_1_TC1806.svg,497x919 mm,no size found on the sheet; drawn at 1:10 — check; type: ROAD RESTRICTION SIGN,Original PDFs/TC signs/TC Signs_June 2026/flooding/TC1806.pdf
TC1806,TEMPORARY ROAD CLOSED SIGN TYPICAL LAYOUT _1,Flooding,TEMPORARY_ROAD_CLOSED_SIGN_TYPICAL_LAYOUT_1_VAR2_TC1806.svg,440x454 mm,no size found on the sheet; drawn at 1:10 — check; type: ROAD RESTRICTION SIGN,Original PDFs/TC signs/TC Signs_June 2026/flooding/TC1806.pdf
TC1806,TEMPORARY ROAD CLOSED SIGN TYPICAL LAYOUT _1,Flooding,TEMPORARY_ROAD_CLOSED_SIGN_TYPICAL_LAYOUT_1_VAR3_TC1806.svg,669x257 mm,no size found on the sheet; drawn at 1:10 — check; type: ROAD RESTRICTION SIGN,Original PDFs/TC signs/TC Signs_June 2026/flooding/TC1806.pdf
TC1832,ROAD CLOSED DUE TO FLOODING,Flooding,ROAD_CLOSED_DUE_TO_FLOODING_TC1832.svg,1500x1199 mm,size from the drawing's overall width dimension (1500 mm); type: SPECIAL ADVANCED WARNING,Original PDFs/TC signs/TC Signs_June 2026/flooding/TC1832.pdf
TC1832,ROAD CLOSED DUE TO FLOODING,Flooding,ROAD_CLOSED_DUE_TO_FLOODING_VAR2_TC1832.svg,562x607 mm,no size found on the sheet; drawn at 1:10 — check; background assumed to be a white rectangle (outline drawn as loose strokes) — check; type: SPECIAL ADVANCED WARNING,Original PDFs/TC signs/TC Signs_June 2026/flooding/TC1832.pdf
TC1832,ROAD CLOSED DUE TO FLOODING,Flooding,ROAD_CLOSED_DUE_TO_FLOODING_VAR3_TC1832.svg,375x560 mm,no size found on the sheet; drawn at 1:10 — check; background assumed to be a white rectangle (outline drawn as loose strokes) — check; type: SPECIAL ADVANCED WARNING,Original PDFs/TC signs/TC Signs_June 2026/flooding/TC1832.pdf
TC1895,WATER OVER ROAD,Flooding,WATER_OVER_ROAD_TC1895.svg,316x140 mm,size from the drawing's overall height dimension (140 mm); type: WARNING SIGN,Original PDFs/TC signs/TC Signs_June 2026/flooding/TC1895.pdf
TC2086,ROAD FLOODS FREQUENTLY NEXT ... km DO NOT ENTER FLOODWATER,Flooding,ROAD_FLOODS_FREQUENTLY_NEXT_KM_DO_NOT_ENTER_FLOODWATER_TC2086.svg,1810x1800 mm,size from the drawing's overall height dimension (1800 mm); type: WARNING SIGN,Original PDFs/TC signs/TC Signs_June 2026/flooding/TC2086.pdf
TC2086,ROAD FLOODS FREQUENTLY NEXT ... km DO NOT ENTER FLOODWATER,Flooding,ROAD_FLOODS_FREQUENTLY_NEXT_KM_DO_NOT_ENTER_FLOODWATER_VAR2_TC2086.svg,239x1017 mm,no size found on the sheet; drawn at 1:10 — check; background assumed to be a white rectangle (outline drawn as loose strokes) — check; type: WARNING SIGN,Original PDFs/TC signs/TC Signs_June 2026/flooding/TC2086.pdf
TC2087,DO NOT ENTER FLOODWATER,Flooding,DO_NOT_ENTER_FLOODWATER_TC2087.svg,1200x700 mm,size from the drawing's overall width dimension (1200 mm); type: WARNING SIGN,Original PDFs/TC signs/TC Signs_June 2026/flooding/TC2087.pdf
TC1518,ROAD SUBJECT TO FLOODING,Flooding,ROAD_SUBJECT_TO_FLOODING_TC1518.svg,1652x1101 mm,no size found on the sheet; drawn at 1:10 — check; type: WARNING/INFORMATION SIGN,Original PDFs/TC signs/TC Signs_June 2026/flooding/Tc1518.pdf
TC1518,ROAD SUBJECT TO FLOODING,Flooding,ROAD_SUBJECT_TO_FLOODING_VAR2_TC1518.svg,190x555 mm,no size found on the sheet; drawn at 1:10 — check; background assumed to be a white rectangle (outline drawn as loose strokes) — check; type: WARNING/INFORMATION SIGN,Original PDFs/TC signs/TC Signs_June 2026/flooding/Tc1518.pdf
TC1518,ROAD SUBJECT TO FLOODING,Flooding,ROAD_SUBJECT_TO_FLOODING_VAR3_TC1518.svg,139x479 mm,no size found on the sheet; drawn at 1:10 — check; background assumed to be a white rectangle (outline drawn as loose strokes) — check; type: WARNING/INFORMATION SIGN,Original PDFs/TC signs/TC Signs_June 2026/flooding/Tc1518.pdf
TC9951,ROAD CLOSED DUE TO FLOODING ... km AHEAD,Flooding,ROAD_CLOSED_DUE_TO_FLOODING_KM_AHEAD_TC9951.svg,2000x884 mm,size from the drawing's overall width dimension (2000 mm); type: TEMPORARY WARNING SIGN,Original PDFs/TC signs/TC Signs_June 2026/flooding/Tc9951.pdf
TC9951,ROAD CLOSED DUE TO FLOODING ... km AHEAD,Flooding,ROAD_CLOSED_DUE_TO_FLOODING_KM_AHEAD_VAR2_TC9951.svg,116x681 mm,no size found on the sheet; drawn at 1:10 — check; type: TEMPORARY WARNING SIGN,Original PDFs/TC signs/TC Signs_June 2026/flooding/Tc9951.pdf
TC1267,ROAD SUBJECT TO FLOODING DEPTH CAN INCREASE,Flooding,ROAD_SUBJECT_TO_FLOODING_DEPTH_CAN_INCREASE_TC1267.svg,2150x1499 mm,size from the drawing's overall width dimension (2150 mm); type: TRAFFIC INSTRUCTION SIGN,Original PDFs/TC signs/TC Signs_June 2026/flooding/tc1267.pdf
TC1287,WARNING/INFORMATION SIGN,Flooding,WARNING_INFORMATION_SIGN_TC1287.svg,2400x870 mm,size from the drawing's overall width dimension (2400 mm); type: WARNING/INFORMATION SIGN,Original PDFs/TC signs/TC Signs_June 2026/flooding/tc1287.pdf
TC1287,WARNING/INFORMATION SIGN,Flooding,WARNING_INFORMATION_SIGN_VAR2_TC1287.svg,2400x870 mm,size from the drawing's overall width dimension (2400 mm); type: WARNING/INFORMATION SIGN,Original PDFs/TC signs/TC Signs_June 2026/flooding/tc1287.pdf
TC1322,SURVIVE THIS DRIVE.../ROAD CLOSED.../ ROAD SUBJECT TO WEIGHT RESTRICTIONS...,Flooding,SURVIVE_THIS_DRIVE_ROAD_CLOSED_ROAD_SUBJECT_TO_WEIGHT_RESTRICTIONS_TC1322.svg,2400x1259 mm,size from the drawing's overall width dimension (2400 mm); type: WARNING/INFORMATION SIGN,Original PDFs/TC signs/TC Signs_June 2026/flooding/tc1322.pdf
TC1356,ROAD SUBJECT TO FLOODING INDICATORS SHOW DEPTH - LOOSE SAND,Flooding,ROAD_SUBJECT_TO_FLOODING_INDICATORS_SHOW_DEPTH_LOOSE_SAND_TC1356.svg,2150x1099 mm,size from the drawing's overall width dimension (2150 mm); type: TRAFFIC INSTRUCTION SIGN,Original PDFs/TC signs/TC Signs_June 2026/flooding/tc1356.pdf
TC1762,CLOSED DUE TO FLOODING,Flooding,CLOSED_DUE_TO_FLOODING_TC1762.svg,1502x1000 mm,size from the drawing's overall height dimension (1000 mm); type: SPECIAL ADVANCED WARNING,Original PDFs/TC signs/TC Signs_June 2026/flooding/tc1762.pdf
TC1762,CLOSED DUE TO FLOODING,Flooding,CLOSED_DUE_TO_FLOODING_VAR2_TC1762.svg,901x336 mm,no size found on the sheet; drawn at 1:10 — check; type: SPECIAL ADVANCED WARNING,Original PDFs/TC signs/TC Signs_June 2026/flooding/tc1762.pdf
TC1762,CLOSED DUE TO FLOODING,Flooding,CLOSED_DUE_TO_FLOODING_VAR3_TC1762.svg,901x336 mm,no size found on the sheet; drawn at 1:10 — check; type: SPECIAL ADVANCED WARNING,Original PDFs/TC signs/TC Signs_June 2026/flooding/tc1762.pdf
TC1768,FLOODING WARNING LIGHTS,Flooding,FLOODING_WARNING_LIGHTS_TC1768.svg,1151x619 mm,no size found on the sheet; drawn at 1:10 — check; type: ADVANCED WARNING,Original PDFs/TC signs/TC Signs_June 2026/flooding/tc1768.pdf
TC1768,FLOODING WARNING LIGHTS,Flooding,FLOODING_WARNING_LIGHTS_VAR2_TC1768.svg,2150x375 mm,size from the drawing's overall width dimension (2150 mm); type: ADVANCED WARNING,Original PDFs/TC signs/TC Signs_June 2026/flooding/tc1768.pdf
TC1835,DEEP WATER DO NOT ENTER,Flooding,DEEP_WATER_DO_NOT_ENTER_TC1835.svg,600x400 mm,size from the drawing's overall width dimension (600 mm); type: WARNING SIGN,Original PDFs/TC signs/TC Signs_June 2026/flooding/tc1835.pdf
TC1835,DEEP WATER DO NOT ENTER,Flooding,DEEP_WATER_DO_NOT_ENTER_VAR2_TC1835.svg,897x214 mm,no size found on the sheet; drawn at 1:10 — check; type: WARNING SIGN,Original PDFs/TC signs/TC Signs_June 2026/flooding/tc1835.pdf
TC1837,HELP PHONE WITH PHONE NUMBER POSITION SIGN,Help Phones,HELP_PHONE_WITH_PHONE_NUMBER_POSITION_SIGN_TC1837.svg,601x900 mm,no size found on the sheet; drawn at 1:10 — check; type: FREEWAY GUIDE SIGN,Original PDFs/TC signs/TC Signs_June 2026/help phones/TC1837.pdf
TC2239,FOR HELP CALL 13 19 40,Help Phones,FOR_HELP_CALL_13_19_40_TC2239.svg,400x400 mm,"size from the sheet's dimension table, first row (a = 400, b = 400); other rows are size variants not produced; type: SERVICE SIGN",Original PDFs/TC signs/TC Signs_June 2026/help phones/TC2239.pdf
TC1340,,Help Phones,TC1340_TC1340.svg,1836x211 mm,no size found on the sheet; drawn at 1:10 — check; background assumed to be a white rectangle (outline drawn as loose strokes) — check,Original PDFs/TC signs/TC Signs_June 2026/help phones/tc1340.pdf
TC1340,,Help Phones,TC1340_VAR2_TC1340.svg,524x524 mm,no size found on the sheet; drawn at 1:10 — check,Original PDFs/TC signs/TC Signs_June 2026/help phones/tc1340.pdf
TC1340,,Help Phones,TC1340_EMERGENCY_TC1340.svg,524x524 mm,no size found on the sheet; drawn at 1:10 — check,Original PDFs/TC signs/TC Signs_June 2026/help phones/tc1340.pdf
TC1340,,Help Phones,TC1340_VAR4_TC1340.svg,907x162 mm,no size found on the sheet; drawn at 1:10 — check; background assumed to be a white rectangle (outline drawn as loose strokes) — check,Original PDFs/TC signs/TC Signs_June 2026/help phones/tc1340.pdf
TC1836,FREEWAY GUIDE SIGN,Help Phones,FREEWAY_GUIDE_SIGN_TC1836.svg,200x450 mm,size from the drawing's overall width dimension (200 mm); type: FREEWAY GUIDE SIGN,Original PDFs/TC signs/TC Signs_June 2026/help phones/tc1836.pdf
TC9799,"HELP 5 4 PHONE 3 2 GENERAL ASSEMBLY HELP TELEPHONE HANDSET AND GUIDE SIGNING STANDARD INSTALLATION GENERAL LAYOUT, INSTALLATION AND FABRICATION DETAILS",Help Phones,HELP_5_4_PHONE_3_2_GENERAL_ASSEMBLY_HELP_TELEPHONE_HANDSET_AND_GUIDE_SIGNING_STA_TC9799.svg,410x277 mm,no size found on the sheet; drawn at 1:10 — check; background assumed to be a white rectangle (outline drawn as loose strokes) — check; type: PLAN LAYOUT - TYPICAL ARRANGEMENTS,Original PDFs/TC signs/TC Signs_June 2026/help phones/tc9799.pdf
TC9799,"HELP 5 4 PHONE 3 2 GENERAL ASSEMBLY HELP TELEPHONE HANDSET AND GUIDE SIGNING STANDARD INSTALLATION GENERAL LAYOUT, INSTALLATION AND FABRICATION DETAILS",Help Phones,HELP_5_4_PHONE_3_2_GENERAL_ASSEMBLY_HELP_TELEPHONE_HANDSET_AND_GUIDE_SIGNING_STA_VAR2_TC9799.svg,403x265 mm,no size found on the sheet; drawn at 1:10 — check; background assumed to be a white rectangle (outline drawn as loose strokes) — check; type: PLAN LAYOUT - TYPICAL ARRANGEMENTS,Original PDFs/TC signs/TC Signs_June 2026/help phones/tc9799.pdf
TC9799,"HELP 5 4 PHONE 3 2 GENERAL ASSEMBLY HELP TELEPHONE HANDSET AND GUIDE SIGNING STANDARD INSTALLATION GENERAL LAYOUT, INSTALLATION AND FABRICATION DETAILS",Help Phones,HELP_5_4_PHONE_3_2_GENERAL_ASSEMBLY_HELP_TELEPHONE_HANDSET_AND_GUIDE_SIGNING_STA_VAR3_TC9799.svg,1017x82 mm,no size found on the sheet; drawn at 1:10 — check; type: PLAN LAYOUT - TYPICAL ARRANGEMENTS,Original PDFs/TC signs/TC Signs_June 2026/help phones/tc9799.pdf
TC1648,LEFT & RIGHT TURNS ONLY,Intersections,LEFT_RIGHT_TURNS_ONLY_TC1648.svg,8x8 mm,"size from the sheet's dimension table, first row (a = 8, b = 800); other rows are size variants not produced; type: REGULATORY SIGN",Original PDFs/TC signs/TC Signs_June 2026/intersections/TC1648.pdf
TC1737,.... m MEDIAN,Intersections,M_MEDIAN_TC1737.svg,1200x1398 mm,size from the drawing's overall width dimension (1200 mm); type: WARNING SIGN,Original PDFs/TC signs/TC Signs_June 2026/intersections/TC1737.pdf
TC1737,.... m MEDIAN,Intersections,M_MEDIAN_VAR2_TC1737.svg,501x425 mm,no size found on the sheet; drawn at 1:10 — check; type: WARNING SIGN,Original PDFs/TC signs/TC Signs_June 2026/intersections/TC1737.pdf
TC1743,STAGGERED ROADS,Intersections,STAGGERED_ROADS_TC1743.svg,166x186 mm,size from the drawing's overall width dimension (166 mm); type: SPECIAL ADVANCED WARNING,Original PDFs/TC signs/TC Signs_June 2026/intersections/TC1743.pdf
TC1744,CROSS ROADS ...m/...km/h - NAMED,Intersections,CROSS_ROADS_M_KM_H_NAMED_TC1744.svg,130x198 mm,size from the drawing's overall width dimension (130 mm); type: SPECIAL ADVANCE WARNING,Original PDFs/TC signs/TC Signs_June 2026/intersections/TC1744.pdf
TC2022,WARNING SIGN,Intersections,WARNING_SIGN_TC2022_1_L_TC2022.svg,8x8 mm,"size from the sheet's dimension table, first row (a = 8, b = 600); other rows are size variants not produced; type: WARNING SIGN",Original PDFs/TC signs/TC Signs_June 2026/intersections/TC2022.pdf
TC2022,WARNING SIGN,Intersections,WARNING_SIGN_TC2022_1_R_TC2022.svg,8x8 mm,"size from the sheet's dimension table, first row (a = 8, b = 600); other rows are size variants not produced; type: WARNING SIGN",Original PDFs/TC signs/TC Signs_June 2026/intersections/TC2022.pdf
TC2023,CURVED ROAD WITH SIDE ROADS - LEFT / RIGHT,Intersections,CURVED_ROAD_WITH_SIDE_ROADS_LEFT_RIGHT_TC2023_R_TC2023.svg,8x8 mm,"size from the sheet's dimension table, first row (a = 8, b = 600); other rows are size variants not produced; type: WARNING SIGN",Original PDFs/TC signs/TC Signs_June 2026/intersections/TC2023.pdf
TC2023,CURVED ROAD WITH SIDE ROADS - LEFT / RIGHT,Intersections,CURVED_ROAD_WITH_SIDE_ROADS_LEFT_RIGHT_TC2023_L_TC2023.svg,8x8 mm,"size from the sheet's dimension table, first row (a = 8, b = 600); other rows are size variants not produced; type: WARNING SIGN",Original PDFs/TC signs/TC Signs_June 2026/intersections/TC2023.pdf
TC2223,SUCCESSIVE SIDE ROADS AND JUNCTION ON A CURVE,Intersections,SUCCESSIVE_SIDE_ROADS_AND_JUNCTION_ON_A_CURVE_TC2223_L_TC2223.svg,8x8 mm,"size from the sheet's dimension table, first row (a = 8, b = 600); other rows are size variants not produced; type: WARNING SIGN",Original PDFs/TC signs/TC Signs_June 2026/intersections/TC2223.pdf
TC2223,SUCCESSIVE SIDE ROADS AND JUNCTION ON A CURVE,Intersections,SUCCESSIVE_SIDE_ROADS_AND_JUNCTION_ON_A_CURVE_VAR2_TC2223.svg,8x8 mm,"size from the sheet's dimension table, first row (a = 8, b = 600); other rows are size variants not produced; type: WARNING SIGN",Original PDFs/TC signs/TC Signs_June 2026/intersections/TC2223.pdf
TC2380,ADHESIVE LABEL,Intersections,ADHESIVE_LABEL_TC2380.svg,541x1800 mm,no size found on the sheet; drawn at 1:10 — check; type: RESIDENT PUSH BUTTON,Original PDFs/TC signs/TC Signs_June 2026/intersections/TC2380.pdf
TC1412,ROAD WARNING SIGN,Intersections,ROAD_WARNING_SIGN_TC1412.svg,1000x1499 mm,"size from the sheet's dimension table, first row (a = 1000, b = 1500); other rows are size variants not produced; type: SPECIAL ADVANCE CROSS/SIDE",Original PDFs/TC signs/TC Signs_June 2026/intersections/Tc1412.pdf
TC1741,...m OVER / AT CREST,Intersections,M_OVER_AT_CREST_TC1741.svg,1250x1698 mm,"size from the sheet's dimension table, first row (a = 1250, b = 1700); other rows are size variants not produced; type: SPECIAL ADVANCED WARNING",Original PDFs/TC signs/TC Signs_June 2026/intersections/Tc1741.pdf
TC1051,WARNING SIGN,Intersections,WARNING_SIGN_TC1051.svg,2200x2699 mm,size from the drawing's overall width dimension (2200 mm); type: SPECIAL ADVANCE SIDE ROAD,Original PDFs/TC signs/TC Signs_June 2026/intersections/tc1051.pdf
TC1384,WARNING SIGN,Intersections,WARNING_SIGN_TC1384.svg,1600x2099 mm,size from the drawing's overall width dimension (1600 mm); type: SPECIAL ADVANCE SIDE ROAD,Original PDFs/TC signs/TC Signs_June 2026/intersections/tc1384.pdf
TC1386,WARNING SIGN,Intersections,WARNING_SIGN_TC1386.svg,1600x2199 mm,size from the drawing's overall width dimension (1600 mm); type: SPECIAL ADVANCE CROSS ROAD,Original PDFs/TC signs/TC Signs_June 2026/intersections/tc1386.pdf
TC1761,CROSS ROADS,Intersections,CROSS_ROADS_TC1761.svg,965x1066 mm,no size found on the sheet; drawn at 1:10 — check; type: SPECIAL ADVANCED WARNING,Original PDFs/TC signs/TC Signs_June 2026/intersections/tc1761.pdf
TC9556,GUIDE SIGN,Intersections,GUIDE_SIGN_TC9556.svg,880x881 mm,size from the drawing's overall width dimension (880 mm); type: GUIDE SIGN,Original PDFs/TC signs/TC Signs_June 2026/intersections/tc9556.pdf
TC9556,GUIDE SIGN,Intersections,GUIDE_SIGN_VAR2_TC9556.svg,149x810 mm,no size found on the sheet; drawn at 1:10 — check; type: GUIDE SIGN,Original PDFs/TC signs/TC Signs_June 2026/intersections/tc9556.pdf
TC2097,... DEATHS SINCE ....,Motorcyclists,,,no drawing found on the sheet,Original PDFs/TC signs/TC Signs_June 2026/motorcyclists/TC2097.pdf
TC2218,SHOULDER DRAINS,Motorcyclists,SHOULDER_DRAINS_TC2218.svg,8x8 mm,"size from the sheet's dimension table, first row (a = 8, b = 600); other rows are size variants not produced; type: WARNING SIGN",Original PDFs/TC signs/TC Signs_June 2026/motorcyclists/TC2218.pdf
TC2219,SHOULDER DRAINS,Motorcyclists,SHOULDER_DRAINS_TC2219.svg,600x400 mm,"size from the sheet's dimension table, first row (a = 600, b = 400); other rows are size variants not produced; type: SUPPLEMENTARY SIGN",Original PDFs/TC signs/TC Signs_June 2026/motorcyclists/TC2219.pdf
TC1372,TAKE CARE MOTORBIKE NEXT ... km,Motorcyclists,TAKE_CARE_MOTORBIKE_NEXT_KM_TC1372.svg,1800x1198 mm,size from the drawing's overall width dimension (1800 mm); type: WARNING SIGN,Original PDFs/TC signs/TC Signs_June 2026/motorcyclists/tc1372.pdf
TC1372,TAKE CARE MOTORBIKE NEXT ... km,Motorcyclists,TAKE_CARE_MOTORBIKE_NEXT_KM_VAR2_TC1372.svg,286x401 mm,no size found on the sheet; drawn at 1:10 — check; type: WARNING SIGN,Original PDFs/TC signs/TC Signs_June 2026/motorcyclists/tc1372.pdf
TC1775,WATCH FOR MOTORCYCLES,Motorcyclists,WATCH_FOR_MOTORCYCLES_TC1775.svg,8x8 mm,"size from the sheet's dimension table, first row (a = 8, b = 600); other rows are size variants not produced; type: MOTORCYCLE WARNING SIGN",Original PDFs/TC signs/TC Signs_June 2026/motorcyclists/tc1775.pdf
TC1775,WATCH FOR MOTORCYCLES,Motorcyclists,WATCH_FOR_MOTORCYCLES_VAR2_TC1775.svg,8x8 mm,"size from the sheet's dimension table, first row (a = 8, b = 600); other rows are size variants not produced; type: MOTORCYCLE WARNING SIGN",Original PDFs/TC signs/TC Signs_June 2026/motorcyclists/tc1775.pdf
TC9591,SPEEDING HAS CAUSED ACCIDENTS -NEXT 6 km,Motorcyclists,SPEEDING_HAS_CAUSED_ACCIDENTS_NEXT_6_KM_TC9591.svg,2800x1329 mm,size from the drawing's overall width dimension (2800 mm); type: INFORMATION SIGN,Original PDFs/TC signs/TC Signs_June 2026/motorcyclists/tc9591.pdf
TC9591,SPEEDING HAS CAUSED ACCIDENTS -NEXT 6 km,Motorcyclists,SPEEDING_HAS_CAUSED_ACCIDENTS_NEXT_6_KM_VAR2_TC9591.svg,686x499 mm,no size found on the sheet; drawn at 1:10 — check; type: INFORMATION SIGN,Original PDFs/TC signs/TC Signs_June 2026/motorcyclists/tc9591.pdf
TC9592,UNSAFE SPEED CAUSES ACCIDENTS,Motorcyclists,UNSAFE_SPEED_CAUSES_ACCIDENTS_TC9592.svg,2200x1101 mm,size from the drawing's overall width dimension (2200 mm); type: INFORMATION SIGN,Original PDFs/TC signs/TC Signs_June 2026/motorcyclists/tc9592.pdf
TC9592,UNSAFE SPEED CAUSES ACCIDENTS,Motorcyclists,UNSAFE_SPEED_CAUSES_ACCIDENTS_VAR2_TC9592.svg,686x499 mm,no size found on the sheet; drawn at 1:10 — check; type: INFORMATION SIGN,Original PDFs/TC signs/TC Signs_June 2026/motorcyclists/tc9592.pdf
TC1886,... TRAFFIC AREA  TWO LINES,Parking,TRAFFIC_AREA_TWO_LINES_TC1886.svg,3500x2997 mm,size from the drawing's overall width dimension (3500 mm); type: TRAFFIC INSTRUCTION SIGN,Original PDFs/TC signs/TC Signs_June 2026/parking/TC1886.pdf
TC1886,... TRAFFIC AREA  TWO LINES,Parking,TRAFFIC_AREA_TWO_LINES_VAR2_TC1886.svg,2875x300 mm,size from the drawing's overall height dimension (300 mm); type: TRAFFIC INSTRUCTION SIGN,Original PDFs/TC signs/TC Signs_June 2026/parking/TC1886.pdf
TC1889,NO PARKING IN THIS AREA AT ANY TIME,Parking,NO_PARKING_IN_THIS_AREA_AT_ANY_TIME_TC1889.svg,1000x749 mm,size from the drawing's overall width dimension (1000 mm); type: PARKING SIGN,Original PDFs/TC signs/TC Signs_June 2026/parking/TC1889.pdf
TC1904,PARKING .. AM - .. PM CARS WITH CARAVANS ONLY,Parking,PARKING_AM_PM_CARS_WITH_CARAVANS_ONLY_TC1904.svg,225x450 mm,size from the drawing's overall height dimension (450 mm); drawn at 2 sizes on the sheet; largest kept; type: SPECIAL PARKING SIGN,Original PDFs/TC signs/TC Signs_June 2026/parking/TC1904.pdf
TC1904,PARKING .. AM - .. PM CARS WITH CARAVANS ONLY,Parking,PARKING_AM_PM_CARS_WITH_CARAVANS_ONLY_VAR2_TC1904.svg,225x450 mm,size from the drawing's overall height dimension (450 mm); type: SPECIAL PARKING SIGN,Original PDFs/TC signs/TC Signs_June 2026/parking/TC1904.pdf
TC1987,EVENT TRAFFIC AREA,Parking,EVENT_TRAFFIC_AREA_TC1987.svg,1x1 mm,"size from the sheet's dimension table, first row (a = 1); other rows are size variants not produced; type: TRAFFIC INSTRUCTION SIGN",Original PDFs/TC signs/TC Signs_June 2026/parking/TC1987.pdf
TC2094,SIGN - DISABLED,Parking,SIGN_DISABLED_TC2094.svg,225x450 mm,size from the drawing's overall width dimension (225 mm); type: PERMISSIVE PARKING,Original PDFs/TC signs/TC Signs_June 2026/parking/TC2094.pdf
TC2094,SIGN - DISABLED,Parking,SIGN_DISABLED_VAR2_TC2094.svg,225x450 mm,size from the drawing's overall width dimension (225 mm); type: PERMISSIVE PARKING,Original PDFs/TC signs/TC Signs_June 2026/parking/TC2094.pdf
TC2094,SIGN - DISABLED,Parking,SIGN_DISABLED_VAR3_TC2094.svg,426x392 mm,no size found on the sheet; drawn at 1:10 — check; type: PERMISSIVE PARKING,Original PDFs/TC signs/TC Signs_June 2026/parking/TC2094.pdf
TC2109,EXIT,Parking,EXIT_TC2109.svg,450x600 mm,size from the drawing's overall width dimension (450 mm); type: GUIDE SIGN,Original PDFs/TC signs/TC Signs_June 2026/parking/TC2109.pdf
TC2109,EXIT,Parking,EXIT_VAR2_TC2109.svg,231x306 mm,size from the drawing's overall height dimension (306 mm); type: GUIDE SIGN,Original PDFs/TC signs/TC Signs_June 2026/parking/TC2109.pdf
TC2236,PARKING - ON VERGE,Parking,PARKING_ON_VERGE_TC2236.svg,225x450 mm,size from the drawing's overall width dimension (225 mm); type: PARKING SIGN,Original PDFs/TC signs/TC Signs_June 2026/parking/TC2236.pdf
TC2236,PARKING - ON VERGE,Parking,PARKING_ON_VERGE_TC2236_R_TC2236.svg,225x450 mm,no size found on the sheet; drawn at 1:10 — check; drawn at 2 sizes on the sheet; largest kept; type: PARKING SIGN,Original PDFs/TC signs/TC Signs_June 2026/parking/TC2236.pdf
TC2319,HEAVY VEHICLES AND ESCORTS EXCEPTED,Parking,HEAVY_VEHICLES_AND_ESCORTS_EXCEPTED_TC2319_1_L_TC2319.svg,225x499 mm,size from the drawing's overall width dimension (225 mm); drawn at 2 sizes on the sheet; largest kept; type: PARKING SIGN,Original PDFs/TC signs/TC Signs_June 2026/parking/TC2319.pdf
TC2319,HEAVY VEHICLES AND ESCORTS EXCEPTED,Parking,HEAVY_VEHICLES_AND_ESCORTS_EXCEPTED_VAR2_TC2319.svg,225x499 mm,size from the drawing's overall width dimension (225 mm); type: PARKING SIGN,Original PDFs/TC signs/TC Signs_June 2026/parking/TC2319.pdf
TC2231,NO STOPPING - VEHICLES UNDER ... m HIGH EXCEPTED,Parking,NO_STOPPING_VEHICLES_UNDER_M_HIGH_EXCEPTED_TC2231.svg,225x600 mm,size from the drawing's overall height dimension (600 mm); type: REGULATORY SIGN,Original PDFs/TC signs/TC Signs_June 2026/parking/Tc2231.pdf
TC2231,NO STOPPING - VEHICLES UNDER ... m HIGH EXCEPTED,Parking,NO_STOPPING_VEHICLES_UNDER_M_HIGH_EXCEPTED_TC2231_B_TC2231.svg,225x601 mm,no size found on the sheet; drawn at 1:10 — check; type: REGULATORY SIGN,Original PDFs/TC signs/TC Signs_June 2026/parking/Tc2231.pdf
TC2231,NO STOPPING - VEHICLES UNDER ... m HIGH EXCEPTED,Parking,NO_STOPPING_VEHICLES_UNDER_M_HIGH_EXCEPTED_TC2231_L_TC2231.svg,225x601 mm,no size found on the sheet; drawn at 1:10 — check; type: REGULATORY SIGN,Original PDFs/TC signs/TC Signs_June 2026/parking/Tc2231.pdf
TC1476,"NO PARKING, SCHOOL BUSES DROP OFF AND PICK UP EXCEPTED",Parking,NO_PARKING_SCHOOL_BUSES_DROP_OFF_AND_PICK_UP_EXCEPTED_TC1476.svg,225x499 mm,size from the drawing's overall width dimension (225 mm); type: REGULATORY SIGN,Original PDFs/TC signs/TC Signs_June 2026/parking/tc1476.pdf
TC1763,NO PARKING ...PM - ...AM VEHICLES UNDER ...t GVM EXCEPTED,Parking,NO_PARKING_PM_AM_VEHICLES_UNDER_T_GVM_EXCEPTED_TC1763.svg,225x500 mm,size from the drawing's overall height dimension (500 mm); type: SPECIAL PARKING SIGN,Original PDFs/TC signs/TC Signs_June 2026/parking/tc1763.pdf
TC1731,PEDESTRIAN UNDERPASS,Pedestrians,PEDESTRIAN_UNDERPASS_TC1731.svg,600x699 mm,size from the drawing's overall width dimension (600 mm); type: PEDESTRIAN INFORMATION SIGN,Original PDFs/TC signs/TC Signs_June 2026/pedestrians/TC1731.pdf
TC1916,TO EXIT,Pedestrians,TO_EXIT_TC1916.svg,400x400 mm,size from the drawing's overall width dimension (400 mm); type: PEDESTRIAN INSTRUCTION SIGN,Original PDFs/TC signs/TC Signs_June 2026/pedestrians/TC1916.pdf
TC1916,TO EXIT,Pedestrians,TO_EXIT_VAR2_TC1916.svg,751x129 mm,no size found on the sheet; drawn at 1:10 — check; type: PEDESTRIAN INSTRUCTION SIGN,Original PDFs/TC signs/TC Signs_June 2026/pedestrians/TC1916.pdf
TC2377,KEEP PATHWAY SAFE,Pedestrians,KEEP_PATHWAY_SAFE_TC2377.svg,600x499 mm,size from the drawing's overall width dimension (600 mm); type: PEDESTRIAN SIGN,Original PDFs/TC signs/TC Signs_June 2026/pedestrians/TC2377.pdf
TC9867,PEDESTRIANS MUST CROSS AT SIGNALS,Pedestrians,PEDESTRIANS_MUST_CROSS_AT_SIGNALS_SIZE_A_TC9867.svg,240x261 mm,size from the drawing's overall width dimension (240 mm); type: PEDESTRIAN INFORMATION SIGN,Original PDFs/TC signs/TC Signs_June 2026/pedestrians/TC9867.pdf
TC9867,PEDESTRIANS MUST CROSS AT SIGNALS,Pedestrians,PEDESTRIANS_MUST_CROSS_AT_SIGNALS_TC9867_1_L_TC9867.svg,225x300 mm,"size from the sheet's dimension table, first row (a = 225, b = 300); other rows are size variants not produced; type: PEDESTRIAN INFORMATION SIGN",Original PDFs/TC signs/TC Signs_June 2026/pedestrians/TC9867.pdf
TC9867,PEDESTRIANS MUST CROSS AT SIGNALS,Pedestrians,PEDESTRIANS_MUST_CROSS_AT_SIGNALS_VAR3_TC9867.svg,225x2249 mm,"size from the sheet's dimension table, first row (a = 225, b = 300); other rows are size variants not produced; type: PEDESTRIAN INFORMATION SIGN",Original PDFs/TC signs/TC Signs_June 2026/pedestrians/TC9867.pdf
TC9867,PEDESTRIANS MUST CROSS AT SIGNALS,Pedestrians,PEDESTRIANS_MUST_CROSS_AT_SIGNALS_VAR4_TC9867.svg,300x27 mm,"size from the sheet's dimension table, first row (a = 300, b = 225); other rows are size variants not produced; type: PEDESTRIAN INFORMATION SIGN",Original PDFs/TC signs/TC Signs_June 2026/pedestrians/TC9867.pdf
TC1050,INSTRUCTION SIGN,Pedestrians,INSTRUCTION_SIGN_TC1050.svg,450x599 mm,size from the drawing's overall width dimension (450 mm); type: INSTRUCTION SIGN,Original PDFs/TC signs/TC Signs_June 2026/pedestrians/Tc1050.pdf
TC1301,“ CYCLISTS/PEDESTRIANS WAIT HERE TO PASS ”,Pedestrians,CYCLISTS_PEDESTRIANS_WAIT_HERE_TO_PASS_TC1301.svg,600x600 mm,size from the drawing's overall width dimension (600 mm); type: INSTRUCTION SIGN,Original PDFs/TC signs/TC Signs_June 2026/pedestrians/Tc1301.pdf
TC1302,“ CYCLISTS/PEDESTRIANS USE PASSING BAYS ”,Pedestrians,CYCLISTS_PEDESTRIANS_USE_PASSING_BAYS_TC1302.svg,902x901 mm,no size found on the sheet; drawn at 1:10 — check; type: INSTRUCTION SIGN,Original PDFs/TC signs/TC Signs_June 2026/pedestrians/Tc1302.pdf
TC1010,LOCAL TRAFFIC AREA,Pedestrians,LOCAL_TRAFFIC_AREA_TC1010.svg,600x900 mm,size from the drawing's overall width dimension (600 mm); type: GUIDE SIGN,Original PDFs/TC signs/TC Signs_June 2026/pedestrians/tc1010.pdf
TC1010,LOCAL TRAFFIC AREA,Pedestrians,LOCAL_TRAFFIC_AREA_VAR2_TC1010.svg,97x788 mm,no size found on the sheet; drawn at 1:10 — check; type: GUIDE SIGN,Original PDFs/TC signs/TC Signs_June 2026/pedestrians/tc1010.pdf
TC1037,WHEELED RECREATIONAL DEVICES AND WHEELED TOYS PROHIBITED,Pedestrians,WHEELED_RECREATIONAL_DEVICES_AND_WHEELED_TOYS_PROHIBITED_TC1037.svg,5x5 mm,"size from the sheet's dimension table, first row (a = 5, b = 450); other rows are size variants not produced; type: INSTRUCTION SIGN",Original PDFs/TC signs/TC Signs_June 2026/pedestrians/tc1037.pdf
TC1037,WHEELED RECREATIONAL DEVICES AND WHEELED TOYS PROHIBITED,Pedestrians,WHEELED_RECREATIONAL_DEVICES_AND_WHEELED_TOYS_PROHIBITED_VAR2_TC1037.svg,5x5 mm,"size from the sheet's dimension table, first row (a = 5, b = 450); other rows are size variants not produced; type: INSTRUCTION SIGN",Original PDFs/TC signs/TC Signs_June 2026/pedestrians/tc1037.pdf
TC1037,WHEELED RECREATIONAL DEVICES AND WHEELED TOYS PROHIBITED,Pedestrians,WHEELED_RECREATIONAL_DEVICES_AND_WHEELED_TOYS_PROHIBITED_VAR3_TC1037.svg,5x5 mm,"size from the sheet's dimension table, first row (a = 5, b = 450); other rows are size variants not produced; background assumed to be a white rectangle (outline drawn as loose strokes) — check; type: INSTRUCTION SIGN",Original PDFs/TC signs/TC Signs_June 2026/pedestrians/tc1037.pdf
TC1288,,Pedestrians,,,no drawing found on the sheet,Original PDFs/TC signs/TC Signs_June 2026/pedestrians/tc1288.pdf
TC1471,FOR PUFFIN CROSSINGS,Pedestrians,FOR_PUFFIN_CROSSINGS_TC1471.svg,433x2163 mm,no size found on the sheet; drawn at 1:10 — check; type: ‘CROSS WITH CARE’ TRAFFIC,Original PDFs/TC signs/TC Signs_June 2026/pedestrians/tc1471.pdf
TC1471,FOR PUFFIN CROSSINGS,Pedestrians,FOR_PUFFIN_CROSSINGS_VAR2_TC1471.svg,293x1466 mm,no size found on the sheet; drawn at 1:10 — check; type: ‘CROSS WITH CARE’ TRAFFIC,Original PDFs/TC signs/TC Signs_June 2026/pedestrians/tc1471.pdf
TC1471,FOR PUFFIN CROSSINGS,Pedestrians,FOR_PUFFIN_CROSSINGS_VAR3_TC1471.svg,282x1430 mm,no size found on the sheet; drawn at 1:10 — check; type: ‘CROSS WITH CARE’ TRAFFIC,Original PDFs/TC signs/TC Signs_June 2026/pedestrians/tc1471.pdf
TC1578,PEDESTRIANS USE RAIL FOOT BRIDGE,Pedestrians,PEDESTRIANS_USE_RAIL_FOOT_BRIDGE_TC1578.svg,450x337 mm,"size from the sheet's dimension table, first row (a = 450, b = 350); other rows are size variants not produced; type: SUPPLEMENTARY PLATE",Original PDFs/TC signs/TC Signs_June 2026/pedestrians/tc1578.pdf
TC1838,PEDESTRIAN DIRECTION,Pedestrians,PEDESTRIAN_DIRECTION_TC1838.svg,450x599 mm,"size from the sheet's dimension table, first row (a = 450, b = 600); other rows are size variants not produced; type: REGULATORY SIGN",Original PDFs/TC signs/TC Signs_June 2026/pedestrians/tc1838.pdf
TC1838,PEDESTRIAN DIRECTION,Pedestrians,PEDESTRIAN_DIRECTION_VAR2_TC1838.svg,450x599 mm,"size from the sheet's dimension table, first row (a = 450, b = 600); other rows are size variants not produced; type: REGULATORY SIGN",Original PDFs/TC signs/TC Signs_June 2026/pedestrians/tc1838.pdf
TC1839,PEDESTRIANS MUST USE FOOTPATH,Pedestrians,PEDESTRIANS_MUST_USE_FOOTPATH_TC1839.svg,450x300 mm,"size from the sheet's dimension table, first row (a = 450, b = 300); other rows are size variants not produced; type: SUPPLEMENTARY PLATE",Original PDFs/TC signs/TC Signs_June 2026/pedestrians/tc1839.pdf
TC1839,PEDESTRIANS MUST USE FOOTPATH,Pedestrians,PEDESTRIANS_MUST_USE_FOOTPATH_FOOTPATH_TC1839.svg,300x400 mm,"size from the sheet's dimension table, first row (a = 300, b = 450); other rows are size variants not produced; type: SUPPLEMENTARY PLATE",Original PDFs/TC signs/TC Signs_June 2026/pedestrians/tc1839.pdf
TC1781,PROHIBITED ON .... ALL HIRE VEHICLES WITH ...,Prohibition,PROHIBITED_ON_ALL_HIRE_VEHICLES_WITH_TC1781.svg,3900x2098 mm,size from the drawing's overall width dimension (3900 mm); type: INFORMATION SIGN,Original PDFs/TC signs/TC Signs_June 2026/prohibition/TC1781.pdf
TC1781,PROHIBITED ON .... ALL HIRE VEHICLES WITH ...,Prohibition,PROHIBITED_ON_ALL_HIRE_VEHICLES_WITH_VAR2_TC1781.svg,744x400 mm,no size found on the sheet; drawn at 1:10 — check; type: INFORMATION SIGN,Original PDFs/TC signs/TC Signs_June 2026/prohibition/TC1781.pdf
TC1781,PROHIBITED ON .... ALL HIRE VEHICLES WITH ...,Prohibition,PROHIBITED_ON_ALL_HIRE_VEHICLES_WITH_VAR3_TC1781.svg,744x400 mm,no size found on the sheet; drawn at 1:10 — check; type: INFORMATION SIGN,Original PDFs/TC signs/TC Signs_June 2026/prohibition/TC1781.pdf
TC1854,NO TRUCKS - SERVICE VEHICLES EXCEPTED,Prohibition,NO_TRUCKS_SERVICE_VEHICLES_EXCEPTED_TC1854.svg,100x178 mm,size from the drawing's overall width dimension (100 mm); type: INFORMATION SIGN,Original PDFs/TC signs/TC Signs_June 2026/prohibition/TC1854.pdf
TC1854,NO TRUCKS - SERVICE VEHICLES EXCEPTED,Prohibition,NO_TRUCKS_SERVICE_VEHICLES_EXCEPTED_VAR2_TC1854.svg,600x1025 mm,"size from the sheet's dimension table, first row (a = 600, b = 1065); other rows are size variants not produced; type: INFORMATION SIGN",Original PDFs/TC signs/TC Signs_June 2026/prohibition/TC1854.pdf
TC1854,NO TRUCKS - SERVICE VEHICLES EXCEPTED,Prohibition,NO_TRUCKS_SERVICE_VEHICLES_EXCEPTED_VAR3_TC1854.svg,600x530 mm,"size from the sheet's dimension table, first row (a = 600, b = 1065); other rows are size variants not produced; type: INFORMATION SIGN",Original PDFs/TC signs/TC Signs_June 2026/prohibition/TC1854.pdf
TC1854,NO TRUCKS - SERVICE VEHICLES EXCEPTED,Prohibition,NO_TRUCKS_SERVICE_VEHICLES_EXCEPTED_VAR4_TC1854.svg,600x4521 mm,"size from the sheet's dimension table, first row (a = 600, b = 1065); other rows are size variants not produced; type: INFORMATION SIGN",Original PDFs/TC signs/TC Signs_June 2026/prohibition/TC1854.pdf
TC1887,NO SWIMMING,Prohibition,NO_SWIMMING_TC1887.svg,601x600 mm,no size found on the sheet; drawn at 1:10 — check; type: INSTRUCTION SIGN,Original PDFs/TC signs/TC Signs_June 2026/prohibition/TC1887.pdf
TC1887,NO SWIMMING,Prohibition,NO_SWIMMING_VAR2_TC1887.svg,635x329 mm,no size found on the sheet; drawn at 1:10 — check; type: INSTRUCTION SIGN,Original PDFs/TC signs/TC Signs_June 2026/prohibition/TC1887.pdf
TC1887,NO SWIMMING,Prohibition,NO_SWIMMING_VAR3_TC1887.svg,454x235 mm,no size found on the sheet; drawn at 1:10 — check; type: INSTRUCTION SIGN,Original PDFs/TC signs/TC Signs_June 2026/prohibition/TC1887.pdf
TC1923,PEDESTRIAN AND CYCLING PROHIBITED,Prohibition,PEDESTRIAN_AND_CYCLING_PROHIBITED_TC1923.svg,300x599 mm,size from the drawing's overall width dimension (300 mm); type: INSTRUCTION SIGN,Original PDFs/TC signs/TC Signs_June 2026/prohibition/TC1923.pdf
TC2247,NO CARAVANS,Prohibition,NO_CARAVANS_TC2247.svg,601x601 mm,no size found on the sheet; drawn at 1:10 — check; type: REGULATORY SIGN,Original PDFs/TC signs/TC Signs_June 2026/prohibition/TC2247.pdf
TC2247,NO CARAVANS,Prohibition,NO_CARAVANS_VAR2_TC2247.svg,589x589 mm,no size found on the sheet; drawn at 1:10 — check; type: REGULATORY SIGN,Original PDFs/TC signs/TC Signs_June 2026/prohibition/TC2247.pdf
TC9998,NO MOTORCYCLES,Prohibition,NO_MOTORCYCLES_TC9998.svg,601x600 mm,no size found on the sheet; drawn at 1:10 — check; type: REGULATORY SIGN,Original PDFs/TC signs/TC Signs_June 2026/prohibition/TC9998.pdf
TC9998,NO MOTORCYCLES,Prohibition,NO_MOTORCYCLES_VAR2_TC9998.svg,441x256 mm,no size found on the sheet; drawn at 1:10 — check; type: REGULATORY SIGN,Original PDFs/TC signs/TC Signs_June 2026/prohibition/TC9998.pdf
TC1050,INSTRUCTION SIGN,Prohibition,INSTRUCTION_SIGN_2_TC1050.svg,450x599 mm,size from the drawing's overall width dimension (450 mm); type: INSTRUCTION SIGN,Original PDFs/TC signs/TC Signs_June 2026/prohibition/Tc1050.pdf
TC2345,NO VEHICLES,Prohibition,NO_VEHICLES_TC2345.svg,6x6 mm,"size from the sheet's dimension table, first row (a = 6, b = 600); other rows are size variants not produced; type: REGULATORY SIGN",Original PDFs/TC signs/TC Signs_June 2026/prohibition/Tc2345.pdf
TC1038,HORSES PROHIBITED,Prohibition,HORSES_PROHIBITED_TC1038.svg,601x601 mm,no size found on the sheet; drawn at 1:10 — check; type: INSTRUCTION SIGN,Original PDFs/TC signs/TC Signs_June 2026/prohibition/tc1038.pdf
TC1387,ABANDONED TRAILERS MAY BE TOWED AWAY,Prohibition,ABANDONED_TRAILERS_MAY_BE_TOWED_AWAY_TC1387.svg,600x800 mm,size from the drawing's overall width dimension (600 mm); type: INSTRUCTION SIGN,Original PDFs/TC signs/TC Signs_June 2026/prohibition/tc1387.pdf
TC1481,,Prohibition,TC1481_TC1481.svg,902x1352 mm,no size found on the sheet; drawn at 1:10 — check,Original PDFs/TC signs/TC Signs_June 2026/prohibition/tc1481.pdf
TC1481,,Prohibition,TC1481_VAR2_TC1481.svg,653x193 mm,no size found on the sheet; drawn at 1:10 — check; background assumed to be a white rectangle (outline drawn as loose strokes) — check,Original PDFs/TC signs/TC Signs_June 2026/prohibition/tc1481.pdf
TC1540,SHOPPING TROLLEYS PROHIBITED,Prohibition,SHOPPING_TROLLEYS_PROHIBITED_TC1540.svg,4x4 mm,"size from the sheet's dimension table, first row (a = 4, b = 450); other rows are size variants not produced; type: MISCELLANEOUS SERIES SIGN",Original PDFs/TC signs/TC Signs_June 2026/prohibition/tc1540.pdf
TC9264,NO FISHING,Prohibition,NO_FISHING_TC9264.svg,35x35 mm,"size from the sheet's dimension table, first row (a = 35, b = 300); other rows are size variants not produced; type: INSTRUCTION SIGN",Original PDFs/TC signs/TC Signs_June 2026/prohibition/tc9264.pdf
TC9264,NO FISHING,Prohibition,NO_FISHING_VAR2_TC9264.svg,35x35 mm,"size from the sheet's dimension table, first row (a = 35, b = 300); other rows are size variants not produced; type: INSTRUCTION SIGN",Original PDFs/TC signs/TC Signs_June 2026/prohibition/tc9264.pdf
TC9264,NO FISHING,Prohibition,NO_FISHING_VAR3_TC9264.svg,175x175 mm,size from the drawing's overall width dimension (175 mm); type: INSTRUCTION SIGN,Original PDFs/TC signs/TC Signs_June 2026/prohibition/tc9264.pdf
TC9662,NO DIVING OR JUMPING FROM BRIDGE,Prohibition,NO_DIVING_OR_JUMPING_FROM_BRIDGE_TC9662.svg,450x600 mm,size from the drawing's overall width dimension (450 mm); type: INSTRUCTION SIGN,Original PDFs/TC signs/TC Signs_June 2026/prohibition/tc9662.pdf
TC9662,NO DIVING OR JUMPING FROM BRIDGE,Prohibition,NO_DIVING_OR_JUMPING_FROM_BRIDGE_VAR2_TC9662.svg,375x375 mm,no size found on the sheet; drawn at 1:10 — check; type: INSTRUCTION SIGN,Original PDFs/TC signs/TC Signs_June 2026/prohibition/tc9662.pdf
TC9868,"NO FISHING, DIVING OR JUMPING FROM BRIDGE",Prohibition,NO_FISHING_DIVING_OR_JUMPING_FROM_BRIDGE_TC9868.svg,600x600 mm,size from the drawing's overall width dimension (600 mm); type: INSTRUCTION SIGN,Original PDFs/TC signs/TC Signs_June 2026/prohibition/tc9868.pdf
PS001,PRIVATE PROPERTY TRESPASSING,Project,PRIVATE_PROPERTY_TRESPASSING_PS001.svg,1200x899 mm,size from the drawing's overall width dimension (1200 mm); type: SPECIAL WARNING SIGN,Original PDFs/TC signs/TC Signs_June 2026/project/PS001.pdf
TC2076,OR RAIL FEDERAL PROJECT SIGN (MAP),Project,OR_RAIL_FEDERAL_PROJECT_SIGN_MAP_TC2076.svg,1629x860 mm,no size found on the sheet; drawn at 1:10 — check; type: MAJOR NATIONAL ROAD,Original PDFs/TC signs/TC Signs_June 2026/project/TC2076.pdf
TC2077,MAJOR PROJECT SIGN JOINTLY FUNDED (MAP),Project,MAJOR_PROJECT_SIGN_JOINTLY_FUNDED_MAP_TC2077.svg,1629x860 mm,no size found on the sheet; drawn at 1:10 — check; type: PROJECT SIGN,Original PDFs/TC signs/TC Signs_June 2026/project/TC2077.pdf
TC2080,REGIONAL AND URBAN PROJECTS FULLY AUSTRALIAN GOVERNMENT FUNDED,Project,REGIONAL_AND_URBAN_PROJECTS_FULLY_AUSTRALIAN_GOVERNMENT_FUNDED_TC2080.svg,300x450 mm,size from the drawing's overall width dimension (300 mm); type: PROJECT SIGN,Original PDFs/TC signs/TC Signs_June 2026/project/TC2080.pdf
TC2209,CONSTRUCTION SIGN,Project,,,no drawing found on the sheet,Original PDFs/TC signs/TC Signs_June 2026/project/TC2209.pdf
TC2211,,Project,,,no drawing found on the sheet,Original PDFs/TC signs/TC Signs_June 2026/project/TC2211.pdf
TC2314,,Project,TC2314_TC2314.svg,268x56 mm,no size found on the sheet; drawn at 1:10 — check,Original PDFs/TC signs/TC Signs_June 2026/project/TC2314.pdf
TC2349,ROAD SAFETY PROGRAM,Project,ROAD_SAFETY_PROGRAM_TC2349.svg,600x900 mm,"size from the sheet's dimension table, first row (a = 600, b = 900); other rows are size variants not produced; type: PROJECT SIGN",Original PDFs/TC signs/TC Signs_June 2026/project/TC2349.pdf
TC2359,PROJECT SIGN,Project,PROJECT_SIGN_TC2359.svg,1800x1099 mm,"size from the sheet's dimension table, first row (a = 1800, b = 1100); other rows are size variants not produced; type: DISASTER RECOVERY (DRFA)",Original PDFs/TC signs/TC Signs_June 2026/project/TC2359.pdf
TC2376,SAFETY PROGRAM PROJECT SIGN,Project,SAFETY_PROGRAM_PROJECT_SIGN_TC2376.svg,2000x1096 mm,"size from the sheet's dimension table, first row (a = 2000, b = 1400); other rows are size variants not produced; type: BRUCE HIGHWAY TARGETED",Original PDFs/TC signs/TC Signs_June 2026/project/TC2376.pdf
TC9800,INFORMATION SIGN,Project,INFORMATION_SIGN_TC9800.svg,1832x881 mm,no size found on the sheet; drawn at 1:10 — check; type: INFORMATION SIGN,Original PDFs/TC signs/TC Signs_June 2026/project/Tc9800.pdf
TC1240,A SAFER ROADS SOONER PROJECT,Project,A_SAFER_ROADS_SOONER_PROJECT_TC1240.svg,1500x899 mm,"size from the sheet's dimension table, first row (a = 1500, b = 900); other rows are size variants not produced; type: SPECIAL PROJECT SIGN",Original PDFs/TC signs/TC Signs_June 2026/project/tc1240.pdf
TC1842,(TIDS PROJECT),Project,TIDS_PROJECT_TC1842.svg,1200x899 mm,size from the drawing's overall width dimension (1200 mm); type: SPECIAL PROJECT SIGN,Original PDFs/TC signs/TC Signs_June 2026/project/tc1842.pdf
TC9898,STATE FUNDED + FUNDING PARTNER/S,Project,STATE_FUNDED_FUNDING_PARTNER_S_TC9898.svg,1800x1099 mm,"size from the sheet's dimension table, first row (a = 1800, b = 1100); other rows are size variants not produced; type: PROJECT  SIGN",Original PDFs/TC signs/TC Signs_June 2026/project/tc9898.pdf
TC9900,STATE FUNDED,Project,STATE_FUNDED_TC9900.svg,1479x821 mm,no size found on the sheet; drawn at 1:10 — check; type: PROJECT  SIGN,Original PDFs/TC signs/TC Signs_June 2026/project/tc9900.pdf
TC2243,,Public Transport,TC2243_TC2243.svg,450x180 mm,size from the drawing's overall width dimension (450 mm),Original PDFs/TC signs/TC Signs_June 2026/public transport/TC2243.pdf
TC2243,,Public Transport,TC2243_VAR2_TC2243.svg,1963x161 mm,no size found on the sheet; drawn at 1:10 — check; background assumed to be a white rectangle (outline drawn as loose strokes) — check,Original PDFs/TC signs/TC Signs_June 2026/public transport/TC2243.pdf
TC1007,FOR CAR/RAIL INTERMODAL FACILITIES,Public Transport,,,no drawing found on the sheet,Original PDFs/TC signs/TC Signs_June 2026/public transport/tc1007.pdf
TC9270,PARK AND RIDE INTERMODAL FACILITY,Public Transport,PARK_AND_RIDE_INTERMODAL_FACILITY_TC9270.svg,600x753 mm,"size from the sheet's dimension table, first row (a = 600, b = 800); other rows are size variants not produced; type: INTERCHANGE DIRECTION SIGN",Original PDFs/TC signs/TC Signs_June 2026/public transport/tc9270.pdf
TC2092,FLASHING LIGHTS,Railway Level Crossings,FLASHING_LIGHTS_TC2092.svg,1740x240 mm,no size found on the sheet; drawn at 1:10 — check; type: ADVANCED WARNING,Original PDFs/TC signs/TC Signs_June 2026/railway level crossings/TC2092.pdf
TC2092,FLASHING LIGHTS,Railway Level Crossings,FLASHING_LIGHTS_VAR2_TC2092.svg,225x325 mm,no size found on the sheet; drawn at 1:10 — check; type: ADVANCED WARNING,Original PDFs/TC signs/TC Signs_June 2026/railway level crossings/TC2092.pdf
TC2092,FLASHING LIGHTS,Railway Level Crossings,FLASHING_LIGHTS_VAR3_TC2092.svg,225x325 mm,no size found on the sheet; drawn at 1:10 — check; type: ADVANCED WARNING,Original PDFs/TC signs/TC Signs_June 2026/railway level crossings/TC2092.pdf
TC1747,REDUCED SPEED LIMIT,Railway Level Crossings,REDUCED_SPEED_LIMIT_TC1747.svg,1x2 mm,"size from the sheet's dimension table, first row (a = 1, b = 1); other rows are size variants not produced; type: RAILWAY CROSSING",Original PDFs/TC signs/TC Signs_June 2026/railway level crossings/Tc1747.pdf
TC1574,INCIDENT REPORTING SIGN,Railway Level Crossings,INCIDENT_REPORTING_SIGN_TC1574.svg,300x449 mm,size from the drawing's overall width dimension (300 mm); type: INCIDENT REPORTING SIGN,Original PDFs/TC signs/TC Signs_June 2026/railway level crossings/tc1574.pdf
TC1756,WARNING SIGN ( AS1742.7 - RX-11),Railway Level Crossings,WARNING_SIGN_AS1742_7_RX_11_TC1756.svg,1100x1571 mm,"size from the sheet's dimension table, first row (a = 1100, b = 1600); other rows are size variants not produced; type: ADVANCE RAILWAY ACTIVE",Original PDFs/TC signs/TC Signs_June 2026/railway level crossings/tc1756.pdf
TC1603,FATIGUE SIGN/TRUCK PARKING AREA,Rest Area Driver Reviver And Fatigue,FATIGUE_SIGN_TRUCK_PARKING_AREA_TC1603.svg,2700x2199 mm,size from the drawing's overall width dimension (2700 mm); type: SERVICE SIGN,"Original PDFs/TC signs/TC Signs_June 2026/rest area, driver reviver & fatigue/TC1603.pdf"
TC1853,FATIGUE ZONE TAKE A REST AND REFRESH,Rest Area Driver Reviver And Fatigue,FATIGUE_ZONE_TAKE_A_REST_AND_REFRESH_TC1853.svg,2400x1299 mm,size from the drawing's overall width dimension (2400 mm); type: INFORMATION SIGN,"Original PDFs/TC signs/TC Signs_June 2026/rest area, driver reviver & fatigue/TC1853.pdf"
TC1891,DRIVER REVIVER - WHEN OPEN,Rest Area Driver Reviver And Fatigue,DRIVER_REVIVER_WHEN_OPEN_TC1891.svg,1900x2198 mm,size from the drawing's overall width dimension (1900 mm); type: ADVANCED SERVICE SIGN,"Original PDFs/TC signs/TC Signs_June 2026/rest area, driver reviver & fatigue/TC1891.pdf"
TC2252,SIX MILE CREEK REST AREA,Rest Area Driver Reviver And Fatigue,SIX_MILE_CREEK_REST_AREA_TC2252.svg,1402x375 mm,no size found on the sheet; drawn at 1:10 — check; type: REST AREA NAMING SIGN,"Original PDFs/TC signs/TC Signs_June 2026/rest area, driver reviver & fatigue/TC2252.pdf"
TC9512,NEXT TOWN ....km,Rest Area Driver Reviver And Fatigue,NEXT_TOWN_KM_TC9512.svg,2700x2098 mm,size from the drawing's overall width dimension (2700 mm); type: SAFETY SERVICE SIGN,"Original PDFs/TC signs/TC Signs_June 2026/rest area, driver reviver & fatigue/TC9512.pdf"
TC1279,CRASH ZONE NEXT ... km,Rest Area Driver Reviver And Fatigue,CRASH_ZONE_NEXT_KM_TC1279.svg,2400x1599 mm,"size from the sheet's dimension table, first row (a = 2400, b = 1600); other rows are size variants not produced; type: SPECIAL WARNING SIGN","Original PDFs/TC signs/TC Signs_June 2026/rest area, driver reviver & fatigue/tc1279.pdf"
TC1309,DRIVER FATIGUE CRASH ZONE NEXT ... km,Rest Area Driver Reviver And Fatigue,DRIVER_FATIGUE_CRASH_ZONE_NEXT_KM_TC1309.svg,2400x1799 mm,"size from the sheet's dimension table, first row (a = 2400, b = 1800); other rows are size variants not produced; type: SPECIAL WARNING SIGN","Original PDFs/TC signs/TC Signs_June 2026/rest area, driver reviver & fatigue/tc1309.pdf"
TC1423,DRIVER FATIGUE CRASH ZONE NEXT ... km,Rest Area Driver Reviver And Fatigue,DRIVER_FATIGUE_CRASH_ZONE_NEXT_KM_TC1423.svg,130x97 mm,size from the drawing's overall width dimension (130 mm); type: SPECIAL WARNING SIGN,"Original PDFs/TC signs/TC Signs_June 2026/rest area, driver reviver & fatigue/tc1423.pdf"
TC1423,DRIVER FATIGUE CRASH ZONE NEXT ... km,Rest Area Driver Reviver And Fatigue,DRIVER_FATIGUE_CRASH_ZONE_NEXT_KM_VAR2_TC1423.svg,165x42 mm,size from the drawing's overall width dimension (165 mm); type: SPECIAL WARNING SIGN,"Original PDFs/TC signs/TC Signs_June 2026/rest area, driver reviver & fatigue/tc1423.pdf"
TC1455,DRIVER FATIGUE KILLS REST IF SLEEPY,Rest Area Driver Reviver And Fatigue,DRIVER_FATIGUE_KILLS_REST_IF_SLEEPY_TC1455.svg,2400x1799 mm,"size from the sheet's dimension table, first row (a = 2400, b = 1800); other rows are size variants not produced; type: SPECIAL WARNING SIGN","Original PDFs/TC signs/TC Signs_June 2026/rest area, driver reviver & fatigue/tc1455.pdf"
TC1455,DRIVER FATIGUE KILLS REST IF SLEEPY,Rest Area Driver Reviver And Fatigue,DRIVER_FATIGUE_KILLS_REST_IF_SLEEPY_VAR2_TC1455.svg,164x42 mm,size from the drawing's overall width dimension (164 mm); type: SPECIAL WARNING SIGN,"Original PDFs/TC signs/TC Signs_June 2026/rest area, driver reviver & fatigue/tc1455.pdf"
TC1534,QUESTION,Rest Area Driver Reviver And Fatigue,QUESTION_SIGN_1_TC1534.svg,1000x1999 mm,size from the drawing's overall width dimension (1000 mm); type: SPECIAL FATIGUE MESSAGE SIGNS,"Original PDFs/TC signs/TC Signs_June 2026/rest area, driver reviver & fatigue/tc1534.pdf"
TC1535,ANSWER,Rest Area Driver Reviver And Fatigue,ANSWER_SIGN_1_TC1535.svg,2000x999 mm,size from the drawing's overall width dimension (2000 mm); type: SPECIAL FATIGUE MESSAGE SIGNS,"Original PDFs/TC signs/TC Signs_June 2026/rest area, driver reviver & fatigue/tc1535.pdf"
TC1536,INFORMATION,Rest Area Driver Reviver And Fatigue,INFORMATION_TC1536.svg,1000x2000 mm,size from the drawing's overall width dimension (1000 mm); type: SPECIAL FATIGUE MESSAGE SIGNS,"Original PDFs/TC signs/TC Signs_June 2026/rest area, driver reviver & fatigue/tc1536.pdf"
TC1537,FATIGUE MESSAGE,Rest Area Driver Reviver And Fatigue,FATIGUE_MESSAGE_SIGN_1_TC1537.svg,1000x2000 mm,size from the drawing's overall width dimension (1000 mm); type: SPECIAL FATIGUE MESSAGE SIGNS,"Original PDFs/TC signs/TC Signs_June 2026/rest area, driver reviver & fatigue/tc1537.pdf"
TC1560,REST AREA,Rest Area Driver Reviver And Fatigue,REST_AREA_TC1560.svg,2000x1198 mm,size from the drawing's overall width dimension (2000 mm); type: RIGHT,"Original PDFs/TC signs/TC Signs_June 2026/rest area, driver reviver & fatigue/tc1560.pdf"
TC1560,REST AREA,Rest Area Driver Reviver And Fatigue,REST_AREA_VAR2_TC1560.svg,2000x1198 mm,size from the drawing's overall width dimension (2000 mm); type: RIGHT,"Original PDFs/TC signs/TC Signs_June 2026/rest area, driver reviver & fatigue/tc1560.pdf"
TC1561,AVOID FATIGUE REST AREA 300 m ON LEFT/RIGHT,Rest Area Driver Reviver And Fatigue,AVOID_FATIGUE_REST_AREA_300_M_ON_LEFT_RIGHT_TC1561.svg,2000x1909 mm,size from the drawing's overall width dimension (2000 mm); background assumed to be a white rectangle (outline drawn as loose strokes) — check; type: INFORMATION SIGN,"Original PDFs/TC signs/TC Signs_June 2026/rest area, driver reviver & fatigue/tc1561.pdf"
TC1561,AVOID FATIGUE REST AREA 300 m ON LEFT/RIGHT,Rest Area Driver Reviver And Fatigue,AVOID_FATIGUE_REST_AREA_300_M_ON_LEFT_RIGHT_VAR2_TC1561.svg,2000x1909 mm,size from the drawing's overall width dimension (2000 mm); background assumed to be a white rectangle (outline drawn as loose strokes) — check; type: INFORMATION SIGN,"Original PDFs/TC signs/TC Signs_June 2026/rest area, driver reviver & fatigue/tc1561.pdf"
TC1577,REST AREA ...m ON LEFT/RIGHT NEXT REST AREA ...km AHEAD,Rest Area Driver Reviver And Fatigue,REST_AREA_M_ON_LEFT_RIGHT_NEXT_REST_AREA_KM_AHEAD_TC1577.svg,2100x1597 mm,size from the drawing's overall width dimension (2100 mm); type: RIGHT,"Original PDFs/TC signs/TC Signs_June 2026/rest area, driver reviver & fatigue/tc1577.pdf"
TC1577,REST AREA ...m ON LEFT/RIGHT NEXT REST AREA ...km AHEAD,Rest Area Driver Reviver And Fatigue,REST_AREA_M_ON_LEFT_RIGHT_NEXT_REST_AREA_KM_AHEAD_VAR2_TC1577.svg,2100x1597 mm,size from the drawing's overall width dimension (2100 mm); type: RIGHT,"Original PDFs/TC signs/TC Signs_June 2026/rest area, driver reviver & fatigue/tc1577.pdf"
TC9511,FATIGUE SIGN,Rest Area Driver Reviver And Fatigue,FATIGUE_SIGN_TC9511.svg,2700x1799 mm,size from the drawing's overall width dimension (2700 mm); type: SERVICE SIGN,"Original PDFs/TC signs/TC Signs_June 2026/rest area, driver reviver & fatigue/tc9511.pdf"
TC9612,NO OVERNIGHT STAYS,Rest Area Driver Reviver And Fatigue,NO_OVERNIGHT_STAYS_TC9612.svg,1000x600 mm,size from the drawing's overall width dimension (1000 mm); type: GUIDE SIGN,"Original PDFs/TC signs/TC Signs_June 2026/rest area, driver reviver & fatigue/tc9612 link to G9-Q05 to rest area.pdf"
TC1709,ITS MESSAGE BOARD,Road Conditions,ITS_MESSAGE_BOARD_TC1709.svg,3700x4499 mm,size from the drawing's overall width dimension (3700 mm); triangulated CAD export unioned; type: TRAVELLER INFORMATION SIGN,Original PDFs/TC signs/TC Signs_June 2026/road conditions/TC1709.pdf
TC1709,ITS MESSAGE BOARD,Road Conditions,ITS_MESSAGE_BOARD_VAR2_TC1709.svg,220x1167 mm,no size found on the sheet; drawn at 1:10 — check; type: TRAVELLER INFORMATION SIGN,Original PDFs/TC signs/TC Signs_June 2026/road conditions/TC1709.pdf
TC1709,ITS MESSAGE BOARD,Road Conditions,ITS_MESSAGE_BOARD_VAR3_TC1709.svg,3700x250 mm,size from the drawing's overall width dimension (3700 mm); type: TRAVELLER INFORMATION SIGN,Original PDFs/TC signs/TC Signs_June 2026/road conditions/TC1709.pdf
TC1802,MAIN SIGN BOARD,Road Conditions,MAIN_SIGN_BOARD_TC1802.svg,1900x1998 mm,size from the drawing's overall width dimension (1900 mm); type: ROAD RESTRICTION SIGN,Original PDFs/TC signs/TC Signs_June 2026/road conditions/TC1802.pdf
TC2250,VMS MESSAGE BOARD (Sign Face) (Two destinations - single phone contact),Road Conditions,VMS_MESSAGE_BOARD_SIGN_FACE_TWO_DESTINATIONS_SINGLE_PHONE_CONTACT_TC2250.svg,3510x2100 mm,size from the drawing's overall height dimension (2100 mm); type: TRAVELLER INFORMATION SIGN,Original PDFs/TC signs/TC Signs_June 2026/road conditions/TC2250.pdf
TC2250,VMS MESSAGE BOARD (Sign Face) (Two destinations - single phone contact),Road Conditions,VMS_MESSAGE_BOARD_SIGN_FACE_TWO_DESTINATIONS_SINGLE_PHONE_CONTACT_VAR2_TC2250.svg,3400x250 mm,size from the drawing's overall width dimension (3400 mm); type: TRAVELLER INFORMATION SIGN,Original PDFs/TC signs/TC Signs_June 2026/road conditions/TC2250.pdf
TC2258,ROAD CONDITIONS,Road Conditions,ROAD_CONDITIONS_2_TC2258.svg,2300x962 mm,size from the drawing's overall width dimension (2300 mm); type: INFORMATION SIGN,Original PDFs/TC signs/TC Signs_June 2026/road conditions/TC2258.pdf
TC1073,STATIC MESSAGE BOARD (Sign Face),Road Conditions,STATIC_MESSAGE_BOARD_SIGN_FACE_TC1073.svg,4738x4500 mm,size from the drawing's overall height dimension (4500 mm); triangulated CAD export unioned; type: TRAVELLER INFORMATION SIGN,Original PDFs/TC signs/TC Signs_June 2026/road conditions/Tc1073.pdf
TC1073,STATIC MESSAGE BOARD (Sign Face),Road Conditions,STATIC_MESSAGE_BOARD_SIGN_FACE_VAR2_TC1073.svg,3400x250 mm,size from the drawing's overall width dimension (3400 mm); type: TRAVELLER INFORMATION SIGN,Original PDFs/TC signs/TC Signs_June 2026/road conditions/Tc1073.pdf
TC1074,MODULE DETAIL,Road Conditions,MODULE_DETAIL_TC1074.svg,200x68 mm,size from the drawing's overall width dimension (200 mm); type: ROAD GROSS LOAD LIMIT SIGN,Original PDFs/TC signs/TC Signs_June 2026/road conditions/Tc1074.pdf
TC1074,MODULE DETAIL,Road Conditions,MODULE_DETAIL_VAR2_TC1074.svg,1250x240 mm,size from the drawing's overall width dimension (1250 mm); type: ROAD GROSS LOAD LIMIT SIGN,Original PDFs/TC signs/TC Signs_June 2026/road conditions/Tc1074.pdf
TC1074,MODULE DETAIL,Road Conditions,MODULE_DETAIL_VAR3_TC1074.svg,1250x240 mm,size from the drawing's overall width dimension (1250 mm); type: ROAD GROSS LOAD LIMIT SIGN,Original PDFs/TC signs/TC Signs_June 2026/road conditions/Tc1074.pdf
TC1575,GRAVEL ROAD IMPASSABLE IN WET WEATHER STARTS IN ... km,Road Conditions,GRAVEL_ROAD_IMPASSABLE_IN_WET_WEATHER_STARTS_IN_KM_TC1575.svg,1800x1000 mm,size from the drawing's overall width dimension (1800 mm); type: WARNING SIGN,Original PDFs/TC signs/TC Signs_June 2026/road conditions/tc1575.pdf
TC1774,STATIC MESSAGE BOARD (Sign Face) (Two destinations - single contact),Road Conditions,STATIC_MESSAGE_BOARD_SIGN_FACE_TWO_DESTINATIONS_SINGLE_CONTACT_TC1774.svg,3510x2100 mm,size from the drawing's overall height dimension (2100 mm); type: TRAVELLER INFORMATION SIGN,Original PDFs/TC signs/TC Signs_June 2026/road conditions/tc1774.pdf
TC1774,STATIC MESSAGE BOARD (Sign Face) (Two destinations - single contact),Road Conditions,STATIC_MESSAGE_BOARD_SIGN_FACE_TWO_DESTINATIONS_SINGLE_CONTACT_VAR2_TC1774.svg,3400x250 mm,size from the drawing's overall width dimension (3400 mm); type: TRAVELLER INFORMATION SIGN,Original PDFs/TC signs/TC Signs_June 2026/road conditions/tc1774.pdf
TC1624,"TIRED, DEAD, JUST LIKE THAT",Road Safety,TIRED_DEAD_JUST_LIKE_THAT_TC1624.svg,2400x1600 mm,size from the drawing's overall width dimension (2400 mm); type: ROAD SAFETY SIGN,Original PDFs/TC signs/TC Signs_June 2026/road safety/TC1624.pdf
TC1723,KEEP APART 2 CHEVRONS,Road Safety,KEEP_APART_2_CHEVRONS_TC1723.svg,3000x2397 mm,size from the drawing's overall width dimension (3000 mm); type: GUIDE SIGN,Original PDFs/TC signs/TC Signs_June 2026/road safety/TC1723.pdf
TC1723,KEEP APART 2 CHEVRONS,Road Safety,KEEP_APART_2_CHEVRONS_VAR2_TC1723.svg,469x281 mm,no size found on the sheet; drawn at 1:10 — check; type: GUIDE SIGN,Original PDFs/TC signs/TC Signs_June 2026/road safety/TC1723.pdf
TC1733,HEAVY FOG HEADLIGHTS ON FOR SAFETY,Road Safety,HEAVY_FOG_HEADLIGHTS_ON_FOR_SAFETY_TC1733.svg,2100x1199 mm,size from the drawing's overall width dimension (2100 mm); type: WARNING SIGN,Original PDFs/TC signs/TC Signs_June 2026/road safety/TC1733.pdf
TC1733,HEAVY FOG HEADLIGHTS ON FOR SAFETY,Road Safety,HEAVY_FOG_HEADLIGHTS_ON_FOR_SAFETY_VAR2_TC1733.svg,2100x1049 mm,size from the drawing's overall width dimension (2100 mm); type: WARNING SIGN,Original PDFs/TC signs/TC Signs_June 2026/road safety/TC1733.pdf
TC1936,BACKBOARD (LHS) SAFETY MESSAGE / RESTRICTION,Road Safety,BACKBOARD_LHS_SAFETY_MESSAGE_RESTRICTION_TC1936.svg,1200x799 mm,size from the drawing's overall width dimension (1200 mm); type: CHANGEABLE REGULATORY SIGN,Original PDFs/TC signs/TC Signs_June 2026/road safety/TC1936.pdf
TC1936,BACKBOARD (LHS) SAFETY MESSAGE / RESTRICTION,Road Safety,BACKBOARD_LHS_SAFETY_MESSAGE_RESTRICTION_VAR2_TC1936.svg,400x400 mm,size from the drawing's overall height dimension (400 mm); type: CHANGEABLE REGULATORY SIGN,Original PDFs/TC signs/TC Signs_June 2026/road safety/TC1936.pdf
TC1936,BACKBOARD (LHS) SAFETY MESSAGE / RESTRICTION,Road Safety,BACKBOARD_LHS_SAFETY_MESSAGE_RESTRICTION_VAR3_TC1936.svg,416x248 mm,no size found on the sheet; drawn at 1:10 — check; background assumed to be a white rectangle (outline drawn as loose strokes) — check; type: CHANGEABLE REGULATORY SIGN,Original PDFs/TC signs/TC Signs_June 2026/road safety/TC1936.pdf
TC2310,REMEMBER 50 km/h IN BUILT-UP AREAS UNLESS OTHERWISE SIGNED,Road Safety,REMEMBER_50_KM_H_IN_BUILT_UP_AREAS_UNLESS_OTHERWISE_SIGNED_TC2310.svg,800x1199 mm,size from the drawing's overall width dimension (800 mm); type: ROAD SAFETY SIGN,Original PDFs/TC signs/TC Signs_June 2026/road safety/TC2310.pdf
TC2311,"HIGH ACTIVITY ZONE - PEDESTRIANS, CYCLISTS, ELDERLY, CHILDREN",Road Safety,HIGH_ACTIVITY_ZONE_PEDESTRIANS_CYCLISTS_ELDERLY_CHILDREN_TC2311.svg,1200x799 mm,size from the drawing's overall width dimension (1200 mm); type: ROAD SAFETY SIGN,Original PDFs/TC signs/TC Signs_June 2026/road safety/TC2311.pdf
TC9472,CHILDREN CROSSING,Road Safety,CHILDREN_CROSSING_R3_3_TC9472.svg,1474x967 mm,no size found on the sheet; drawn at 1:10 — check; background assumed to be a white rectangle (outline drawn as loose strokes) — check; type: REGULATORY FLAG AND FITTINGS,Original PDFs/TC signs/TC Signs_June 2026/road safety/TC9472.pdf
TC9472,CHILDREN CROSSING,Road Safety,CHILDREN_CROSSING_VAR2_TC9472.svg,1312x773 mm,no size found on the sheet; drawn at 1:10 — check; type: REGULATORY FLAG AND FITTINGS,Original PDFs/TC signs/TC Signs_June 2026/road safety/TC9472.pdf
TC1152,DRIVE ON LEFT IN AUSTRALIA,Road Safety,DRIVE_ON_LEFT_IN_AUSTRALIA_TC1152.svg,600x872 mm,"size from the sheet's dimension table, first row (a = 600, b = 900); other rows are size variants not produced; type: WARNING SIGN",Original PDFs/TC signs/TC Signs_June 2026/road safety/Tc1152.pdf
TC1375,FATAL FOUR KILL,Road Safety,FATAL_FOUR_KILL_TC1375.svg,2000x1199 mm,size from the drawing's overall width dimension (2000 mm); type: WARNING SIGN,Original PDFs/TC signs/TC Signs_June 2026/road safety/tc1375.pdf
TC1375,FATAL FOUR KILL,Road Safety,FATAL_FOUR_KILL_UNBUCKLED_KILLS_TC1375.svg,876x120 mm,no size found on the sheet; drawn at 1:10 — check; type: WARNING SIGN,Original PDFs/TC signs/TC Signs_June 2026/road safety/tc1375.pdf
TC1375,FATAL FOUR KILL,Road Safety,FATAL_FOUR_KILL_VAR3_TC1375.svg,876x120 mm,no size found on the sheet; drawn at 1:10 — check; type: WARNING SIGN,Original PDFs/TC signs/TC Signs_June 2026/road safety/tc1375.pdf
TC1375,FATAL FOUR KILL,Road Safety,FATAL_FOUR_KILL_DRIVING_TIRED_KILLS_TC1375.svg,876x120 mm,no size found on the sheet; drawn at 1:10 — check; type: WARNING SIGN,Original PDFs/TC signs/TC Signs_June 2026/road safety/tc1375.pdf
TC1513,HEADLIGHTS ON FOR SAFETY,Road Safety,HEADLIGHTS_ON_FOR_SAFETY_TC1513.svg,900x601 mm,no size found on the sheet; drawn at 1:10 — check; type: SUPPLEMENTARY PLATE,Original PDFs/TC signs/TC Signs_June 2026/road safety/tc1513.pdf
TC1513,HEADLIGHTS ON FOR SAFETY,Road Safety,HEADLIGHTS_ON_FOR_SAFETY_VAR2_TC1513.svg,1263x94 mm,no size found on the sheet; drawn at 1:10 — check; type: SUPPLEMENTARY PLATE,Original PDFs/TC signs/TC Signs_June 2026/road safety/tc1513.pdf
TC1776,SCHOOL WALK STOP - NO LOGOS,Road Safety,SCHOOL_WALK_STOP_NO_LOGOS_TC1776.svg,225x450 mm,size from the drawing's overall width dimension (225 mm); type: INFORMATION SIGN,Original PDFs/TC signs/TC Signs_June 2026/road safety/tc1776.pdf
TC1776,SCHOOL WALK STOP - NO LOGOS,Road Safety,SCHOOL_WALK_STOP_NO_LOGOS_VAR2_TC1776.svg,551x250 mm,no size found on the sheet; drawn at 1:10 — check; type: INFORMATION SIGN,Original PDFs/TC signs/TC Signs_June 2026/road safety/tc1776.pdf
TC1654,USE UHF RADIO CHANNEL 40,Road Trains And Oversized Vehicles,USE_UHF_RADIO_CHANNEL_40_TC1654.svg,2100x999 mm,size from the drawing's overall width dimension (2100 mm); type: INFORMATION SIGN,Original PDFs/TC signs/TC Signs_June 2026/road trains & oversized vehicles/TC1654.pdf
TC1654,USE UHF RADIO CHANNEL 40,Road Trains And Oversized Vehicles,USE_UHF_RADIO_CHANNEL_40_VAR2_TC1654.svg,454x379 mm,no size found on the sheet; drawn at 1:10 — check; type: INFORMATION SIGN,Original PDFs/TC signs/TC Signs_June 2026/road trains & oversized vehicles/TC1654.pdf
TC1794,RESTRICTIONS,Road Trains And Oversized Vehicles,RESTRICTIONS_TC1794.svg,2100x1998 mm,size from the drawing's overall width dimension (2100 mm); type: OVERSIZE  VEHICLES,Original PDFs/TC signs/TC Signs_June 2026/road trains & oversized vehicles/TC1794.pdf
TC1905,OVERALL VEHICLE SIZE LIMITS AHEAD DETOUR LEFT,Road Trains And Oversized Vehicles,OVERALL_VEHICLE_SIZE_LIMITS_AHEAD_DETOUR_LEFT_TC1905.svg,3200x2697 mm,size from the drawing's overall width dimension (3200 mm); type: WARNING SIGN,Original PDFs/TC signs/TC Signs_June 2026/road trains & oversized vehicles/TC1905.pdf
TC1908,OVER DIMENSIONAL VEHICLES MUST STOP HERE (L) - CALL UHF CH. ...,Road Trains And Oversized Vehicles,OVER_DIMENSIONAL_VEHICLES_MUST_STOP_HERE_L_CALL_UHF_CH_TC1908.svg,2100x1199 mm,size from the drawing's overall width dimension (2100 mm); type: WARNING SIGN,Original PDFs/TC signs/TC Signs_June 2026/road trains & oversized vehicles/TC1908.pdf
TC1977,VERY WIDE LOADS ZONE,Road Trains And Oversized Vehicles,VERY_WIDE_LOADS_ZONE_TC1977.svg,1550x1287 mm,size from the drawing's overall width dimension (1550 mm); type: SPECIAL WARNING SIGN,Original PDFs/TC signs/TC Signs_June 2026/road trains & oversized vehicles/TC1977.pdf
TC2201,LIVESTOCK VEHICLES TO ROMA SALEYARDS EXCEPTED,Road Trains And Oversized Vehicles,LIVESTOCK_VEHICLES_TO_ROMA_SALEYARDS_EXCEPTED_TC2201.svg,2300x972 mm,size from the drawing's overall width dimension (2300 mm); type: INFORMATION SIGN,Original PDFs/TC signs/TC Signs_June 2026/road trains & oversized vehicles/TC2201.pdf
TC2202,LIVESTOCK VEHICLES TO ROMA SALEYARDS EXCEPTED,Road Trains And Oversized Vehicles,LIVESTOCK_VEHICLES_TO_ROMA_SALEYARDS_EXCEPTED_TC2202.svg,1370x1065 mm,no size found on the sheet; drawn at 1:10 — check; type: INFORMATION SIGN,Original PDFs/TC signs/TC Signs_June 2026/road trains & oversized vehicles/TC2202.pdf
TC2203,INFORMATION SIGN,Road Trains And Oversized Vehicles,INFORMATION_SIGN_TYPE_2_TC2203.svg,1590x1368 mm,no size found on the sheet; drawn at 1:10 — check; type: INFORMATION SIGN,Original PDFs/TC signs/TC Signs_June 2026/road trains & oversized vehicles/TC2203.pdf
TC1420,"DO NOT OVERTAKE, ROAD TRAINS TURNING ... m AHEAD",Road Trains And Oversized Vehicles,DO_NOT_OVERTAKE_ROAD_TRAINS_TURNING_M_AHEAD_TC1420.svg,2500x1799 mm,size from the drawing's overall width dimension (2500 mm); type: WARNING SIGN,Original PDFs/TC signs/TC Signs_June 2026/road trains & oversized vehicles/Tc1420.pdf
TC1210,(Smaller Vehicles),Road Trains And Oversized Vehicles,SMALLER_VEHICLES_TC1210.svg,1500x1926 mm,"size from the sheet's dimension table, first row (a = 1500, b = 1900); other rows are size variants not produced; type: SPECIAL WARNING SIGN",Original PDFs/TC signs/TC Signs_June 2026/road trains & oversized vehicles/tc1210.pdf
TC1229,LONG VEHICLES TURNING ...m AHEAD,Road Trains And Oversized Vehicles,LONG_VEHICLES_TURNING_M_AHEAD_TC1229.svg,2200x1099 mm,size from the drawing's overall width dimension (2200 mm); type: SPECIAL WARNING SIGN,Original PDFs/TC signs/TC Signs_June 2026/road trains & oversized vehicles/tc1229.pdf
TC1258,NO LEFT / RIGHT TURN FOR VEHICLES OVER 5m LONG,Road Trains And Oversized Vehicles,NO_LEFT_RIGHT_TURN_FOR_VEHICLES_OVER_5M_LONG_TC1258.svg,1393x1200 mm,size from the drawing's overall height dimension (1200 mm); type: TRAFFIC INSTRUCTION SIGN,Original PDFs/TC signs/TC Signs_June 2026/road trains & oversized vehicles/tc1258.pdf
TC1258,NO LEFT / RIGHT TURN FOR VEHICLES OVER 5m LONG,Road Trains And Oversized Vehicles,NO_LEFT_RIGHT_TURN_FOR_VEHICLES_OVER_5M_LONG_VAR2_TC1258.svg,601x601 mm,no size found on the sheet; drawn at 1:10 — check; type: TRAFFIC INSTRUCTION SIGN,Original PDFs/TC signs/TC Signs_June 2026/road trains & oversized vehicles/tc1258.pdf
TC1370,SUPER B DOUBLES OPERATING,Road Trains And Oversized Vehicles,SUPER_B_DOUBLES_OPERATING_TC1370.svg,1400x500 mm,size from the drawing's overall width dimension (1400 mm); type: WARNING SIGN,Original PDFs/TC signs/TC Signs_June 2026/road trains & oversized vehicles/tc1370.pdf
TC1543,"CAUTION, ROAD TRAINS TURNING ... m AHEAD",Road Trains And Oversized Vehicles,CAUTION_ROAD_TRAINS_TURNING_M_AHEAD_TC1543.svg,2400x1399 mm,size from the drawing's overall width dimension (2400 mm); type: WARNING SIGN,Original PDFs/TC signs/TC Signs_June 2026/road trains & oversized vehicles/tc1543.pdf
TC1543,"CAUTION, ROAD TRAINS TURNING ... m AHEAD",Road Trains And Oversized Vehicles,CAUTION_ROAD_TRAINS_TURNING_M_AHEAD_VAR2_TC1543.svg,1213x243 mm,no size found on the sheet; drawn at 1:10 — check; type: WARNING SIGN,Original PDFs/TC signs/TC Signs_June 2026/road trains & oversized vehicles/tc1543.pdf
TC1767,NOT SUITABLE FOR LONGER VEHICLES,Road Trains And Oversized Vehicles,NOT_SUITABLE_FOR_LONGER_VEHICLES_2_TC1767.svg,900x562 mm,"size from the sheet's dimension table, first row (a = 900, b = 600); other rows are size variants not produced; type: ADVANCE WARNING SIGN",Original PDFs/TC signs/TC Signs_June 2026/road trains & oversized vehicles/tc1767.pdf
TC1767,NOT SUITABLE FOR LONGER VEHICLES,Road Trains And Oversized Vehicles,NOT_SUITABLE_FOR_LONGER_VEHICLES_OPTION_5_TC1767.svg,900x562 mm,"size from the sheet's dimension table, first row (a = 900, b = 600); other rows are size variants not produced; type: ADVANCE WARNING SIGN",Original PDFs/TC signs/TC Signs_June 2026/road trains & oversized vehicles/tc1767.pdf
TC1767,NOT SUITABLE FOR LONGER VEHICLES,Road Trains And Oversized Vehicles,NOT_SUITABLE_FOR_LONGER_VEHICLES_OPTION_6_TC1767.svg,900x562 mm,"size from the sheet's dimension table, first row (a = 900, b = 600); other rows are size variants not produced; type: ADVANCE WARNING SIGN",Original PDFs/TC signs/TC Signs_June 2026/road trains & oversized vehicles/tc1767.pdf
TC1767,NOT SUITABLE FOR LONGER VEHICLES,Road Trains And Oversized Vehicles,NOT_SUITABLE_FOR_LONGER_VEHICLES_OPTION_7_TC1767.svg,900x562 mm,"size from the sheet's dimension table, first row (a = 900, b = 600); other rows are size variants not produced; type: ADVANCE WARNING SIGN",Original PDFs/TC signs/TC Signs_June 2026/road trains & oversized vehicles/tc1767.pdf
TC1767,NOT SUITABLE FOR LONGER VEHICLES,Road Trains And Oversized Vehicles,NOT_SUITABLE_FOR_LONGER_VEHICLES_OPTION_8_TC1767.svg,104x65 mm,size from the drawing's overall width dimension (104 mm); type: ADVANCE WARNING SIGN,Original PDFs/TC signs/TC Signs_June 2026/road trains & oversized vehicles/tc1767.pdf
TC2971,CAUTION ROAD TRAINS TYPE 1,Road Trains And Oversized Vehicles,CAUTION_ROAD_TRAINS_TYPE_1_TC2971.svg,1800x1199 mm,size from the drawing's overall width dimension (1800 mm); type: WARNING SIGN,Original PDFs/TC signs/TC Signs_June 2026/road trains & oversized vehicles/tc2971.pdf
TC9460,ROAD TRAINS CROSSING 500 m,Road Trains And Oversized Vehicles,ROAD_TRAINS_CROSSING_500_M_TC9460.svg,2160x1250 mm,size from the drawing's overall height dimension (1250 mm); type: WARNING SIGN,Original PDFs/TC signs/TC Signs_June 2026/road trains & oversized vehicles/tc9460.pdf
TC9466,KEEP LEFT ON CRESTS - NEXT ... km TYPE 2 ROAD TRAIN,Road Trains And Oversized Vehicles,KEEP_LEFT_ON_CRESTS_NEXT_KM_TYPE_2_ROAD_TRAIN_TC9466.svg,293x400 mm,size from the drawing's overall height dimension (400 mm); type: INFORMATION WARNING SIGN,Original PDFs/TC signs/TC Signs_June 2026/road trains & oversized vehicles/tc9466.pdf
TC9466,KEEP LEFT ON CRESTS - NEXT ... km TYPE 2 ROAD TRAIN,Road Trains And Oversized Vehicles,KEEP_LEFT_ON_CRESTS_NEXT_KM_TYPE_2_ROAD_TRAIN_VAR2_TC9466.svg,139x1311 mm,no size found on the sheet; drawn at 1:10 — check; type: INFORMATION WARNING SIGN,Original PDFs/TC signs/TC Signs_June 2026/road trains & oversized vehicles/tc9466.pdf
TC9491,KEEP LEFT ON CRESTS - NEXT ... km TYPE 1 ROAD TRAIN,Road Trains And Oversized Vehicles,KEEP_LEFT_ON_CRESTS_NEXT_KM_TYPE_1_ROAD_TRAIN_TC9491.svg,1600x1402 mm,size from the drawing's overall width dimension (1600 mm); type: INFORMATION WARNING SIGN,Original PDFs/TC signs/TC Signs_June 2026/road trains & oversized vehicles/tc9491.pdf
TC9491,KEEP LEFT ON CRESTS - NEXT ... km TYPE 1 ROAD TRAIN,Road Trains And Oversized Vehicles,KEEP_LEFT_ON_CRESTS_NEXT_KM_TYPE_1_ROAD_TRAIN_VAR2_TC9491.svg,1340x378 mm,size from the drawing's overall width dimension (1340 mm); type: INFORMATION WARNING SIGN,Original PDFs/TC signs/TC Signs_June 2026/road trains & oversized vehicles/tc9491.pdf
TC9491,KEEP LEFT ON CRESTS - NEXT ... km TYPE 1 ROAD TRAIN,Road Trains And Oversized Vehicles,KEEP_LEFT_ON_CRESTS_NEXT_KM_TYPE_1_ROAD_TRAIN_VAR3_TC9491.svg,96x825 mm,no size found on the sheet; drawn at 1:10 — check; type: INFORMATION WARNING SIGN,Original PDFs/TC signs/TC Signs_June 2026/road trains & oversized vehicles/tc9491.pdf
TC9780,TYPE II ROAD TRAINS VEHICLE MOUNTED SIGN,Road Trains And Oversized Vehicles,TYPE_II_ROAD_TRAINS_VEHICLE_MOUNTED_SIGN_TC9780.svg,1200x250 mm,size from the drawing's overall width dimension (1200 mm); type: WARNING SIGN,Original PDFs/TC signs/TC Signs_June 2026/road trains & oversized vehicles/tc9780.pdf
TC9781,TYPE II ROAD TRAINS PILOT VEHICLE MOUNTED SIGN,Road Trains And Oversized Vehicles,TYPE_II_ROAD_TRAINS_PILOT_VEHICLE_MOUNTED_SIGN_TC9781.svg,1200x600 mm,size from the drawing's overall width dimension (1200 mm); type: WARNING SIGN,Original PDFs/TC signs/TC Signs_June 2026/road trains & oversized vehicles/tc9781.pdf
TC9846,END (TYPE 2) TRAIN ROUTE 500m,Road Trains And Oversized Vehicles,END_TYPE_2_TRAIN_ROUTE_500M_TC9846.svg,2300x1099 mm,size from the drawing's overall width dimension (2300 mm); type: ADVANCE WARNING SIGN,Original PDFs/TC signs/TC Signs_June 2026/road trains & oversized vehicles/tc9846.pdf
TC9847,END TRAIN ROUTE B-DOUBLE ROUTE 500m,Road Trains And Oversized Vehicles,END_TRAIN_ROUTE_B_DOUBLE_ROUTE_500M_TC9847.svg,2300x1402 mm,size from the drawing's overall width dimension (2300 mm); type: ADVANCE WARNING SIGN,Original PDFs/TC signs/TC Signs_June 2026/road trains & oversized vehicles/tc9847.pdf
TC9884,REAR VEHICLE MOUNTED SIGN,Road Trains And Oversized Vehicles,REAR_VEHICLE_MOUNTED_SIGN_TC9884.svg,1200x450 mm,size from the drawing's overall width dimension (1200 mm); type: WARNING SIGN - TYPE II ROAD TRAINS,Original PDFs/TC signs/TC Signs_June 2026/road trains & oversized vehicles/tc9884.pdf
TC9927,CAUTION ROAD TRAINS 50m LONG,Road Trains And Oversized Vehicles,CAUTION_ROAD_TRAINS_50M_LONG_TC9927.svg,1887x1200 mm,size from the drawing's overall height dimension (1200 mm); type: WARNING SIGN,Original PDFs/TC signs/TC Signs_June 2026/road trains & oversized vehicles/tc9927.pdf
TC9971,LONG VEHICLES,Road Trains And Oversized Vehicles,LONG_VEHICLES_TC9971.svg,2500x1802 mm,size from the drawing's overall width dimension (2500 mm); type: WARNING SIGN,Original PDFs/TC signs/TC Signs_June 2026/road trains & oversized vehicles/tc9971.pdf
TC9971,LONG VEHICLES,Road Trains And Oversized Vehicles,LONG_VEHICLES_VAR2_TC9971.svg,143x937 mm,no size found on the sheet; drawn at 1:10 — check; type: WARNING SIGN,Original PDFs/TC signs/TC Signs_June 2026/road trains & oversized vehicles/tc9971.pdf
TC9971,LONG VEHICLES,Road Trains And Oversized Vehicles,LONG_VEHICLES_VAR3_TC9971.svg,104x1084 mm,no size found on the sheet; drawn at 1:10 — check; type: WARNING SIGN,Original PDFs/TC signs/TC Signs_June 2026/road trains & oversized vehicles/tc9971.pdf
TC9972,LONG VEHICLES (ICON TURNING 300 METRES AHEAD),Road Trains And Oversized Vehicles,LONG_VEHICLES_ICON_TURNING_300_METRES_AHEAD_TC9972.svg,2500x1802 mm,size from the drawing's overall width dimension (2500 mm); type: WARNING SIGN,Original PDFs/TC signs/TC Signs_June 2026/road trains & oversized vehicles/tc9972.pdf
TC9972,LONG VEHICLES (ICON TURNING 300 METRES AHEAD),Road Trains And Oversized Vehicles,LONG_VEHICLES_ICON_TURNING_300_METRES_AHEAD_VAR2_TC9972.svg,138x1025 mm,no size found on the sheet; drawn at 1:10 — check; type: WARNING SIGN,Original PDFs/TC signs/TC Signs_June 2026/road trains & oversized vehicles/tc9972.pdf
TC1713,SITE VEHICLES USE UHF CHANNEL ...,Roadworks,SITE_VEHICLES_USE_UHF_CHANNEL_TC1713.svg,900x899 mm,size from the drawing's overall width dimension (900 mm); type: INFORMATION SIGN,Original PDFs/TC signs/TC Signs_June 2026/roadworks/TC1713.pdf
TC1713,SITE VEHICLES USE UHF CHANNEL ...,Roadworks,SITE_VEHICLES_USE_UHF_CHANNEL_VAR2_TC1713.svg,531x411 mm,no size found on the sheet; drawn at 1:10 — check; background assumed to be a white rectangle (outline drawn as loose strokes) — check; type: INFORMATION SIGN,Original PDFs/TC signs/TC Signs_June 2026/roadworks/TC1713.pdf
TC1858,PH 13 19 40 INFORMATION SIGN,Roadworks,PH_13_19_40_INFORMATION_SIGN_TC1858.svg,1800x1598 mm,size from the drawing's overall width dimension (1800 mm); type: FOR TRAFFIC UPDATES,Original PDFs/TC signs/TC Signs_June 2026/roadworks/TC1858.pdf
TC1859,UNIVERSITY LOCAL AND CONSTRUCTION TRAFFIC ONLY,Roadworks,UNIVERSITY_LOCAL_AND_CONSTRUCTION_TRAFFIC_ONLY_TC1859.svg,900x1099 mm,size from the drawing's overall width dimension (900 mm); type: FOR TRAFFIC UPDATES,Original PDFs/TC signs/TC Signs_June 2026/roadworks/TC1859.pdf
TC1985,ROADWORK SITES NEXT ...km,Roadworks,ROADWORK_SITES_NEXT_KM_TC1985.svg,2100x2100 mm,size from the drawing's overall width dimension (2100 mm); type: INFORMATION SIGN,Original PDFs/TC signs/TC Signs_June 2026/roadworks/TC1985.pdf
TC2085,LED STOP/SLOW HAND BANNER,Roadworks,LED_STOP_SLOW_HAND_BANNER_TC2085.svg,600x599 mm,size from the drawing's overall width dimension (600 mm); type: REGULATORY SIGN,Original PDFs/TC signs/TC Signs_June 2026/roadworks/TC2085.pdf
TC2085,LED STOP/SLOW HAND BANNER,Roadworks,LED_STOP_SLOW_HAND_BANNER_VAR2_TC2085.svg,440x421 mm,no size found on the sheet; drawn at 1:10 — check; type: REGULATORY SIGN,Original PDFs/TC signs/TC Signs_June 2026/roadworks/TC2085.pdf
TC2356,INFORMATION SIGN,Roadworks,INFORMATION_SIGN_TC2356.svg,1900x1000 mm,"size from the sheet's dimension table, first row (a = 1900, b = 1000); other rows are size variants not produced; type: INFORMATION SIGN",Original PDFs/TC signs/TC Signs_June 2026/roadworks/TC2356.pdf
TC2365,MULTI-MESSAGE SIGN,Roadworks,MULTI_MESSAGE_SIGN_TC2365.svg,1400x1099 mm,size from the drawing's overall width dimension (1400 mm); type: TARGET BOARD FOR,Original PDFs/TC signs/TC Signs_June 2026/roadworks/TC2365.pdf
TC2365,MULTI-MESSAGE SIGN,Roadworks,MULTI_MESSAGE_SIGN_VAR2_TC2365.svg,486x381 mm,no size found on the sheet; drawn at 1:10 — check; type: TARGET BOARD FOR,Original PDFs/TC signs/TC Signs_June 2026/roadworks/TC2365.pdf
TC2366,SPEED LIMIT / ROAD WORK,Roadworks,SPEED_LIMIT_ROAD_WORK_TC2366.svg,1400x2447 mm,size from the drawing's overall width dimension (1400 mm); type: REGULATORY SIGN,Original PDFs/TC signs/TC Signs_June 2026/roadworks/TC2366.pdf
TC2367,SPEED LIMIT AHEAD / ROAD WORK,Roadworks,SPEED_LIMIT_AHEAD_ROAD_WORK_TC2367.svg,800x1598 mm,size from the drawing's overall width dimension (800 mm); type: REGULATORY SIGN,Original PDFs/TC signs/TC Signs_June 2026/roadworks/TC2367.pdf
TC1333,ADOPT-A-ROAD VOLUNTEERS/ WORKERS AHEAD,Roadworks,ADOPT_A_ROAD_VOLUNTEERS_WORKERS_AHEAD_TC1333.svg,600x900 mm,size from the drawing's overall width dimension (600 mm); type: MULTI-MESSAGE SIGN,Original PDFs/TC signs/TC Signs_June 2026/roadworks/tc1333.pdf
TC2010,VSL SITE IDENTIFICATION SIGN,Route And Identification Markers,VSL_SITE_IDENTIFICATION_SIGN_TC2010.svg,100x159 mm,size from the drawing's overall width dimension (100 mm); type: VSL SITE IDENTIFICATION SIGN,Original PDFs/TC signs/TC Signs_June 2026/route & identification markers/TC2010.pdf
TC2011,,Route And Identification Markers,TC2011_TC2011.svg,13x390 mm,size from the drawing's overall height dimension (390 mm),Original PDFs/TC signs/TC Signs_June 2026/route & identification markers/TC2011.pdf
A55,FREE STANDING ALPHA-NUMERIC ROUTE MARKER TC1404,Route And Identification Markers,FREE_STANDING_ALPHA_NUMERIC_ROUTE_MARKER_TC1404_A55.svg,360x276 mm,"size from the sheet's dimension table, first row (a = 360, b = 275); other rows are size variants not produced; type: A4",Original PDFs/TC signs/TC Signs_June 2026/route & identification markers/Tc1404.pdf
TC1329,SITE ID LABEL FOR PACIFIC MOTORWAY,Route And Identification Markers,SITE_ID_LABEL_FOR_PACIFIC_MOTORWAY_TC1329.svg,100x300 mm,size from the drawing's overall width dimension (100 mm); type: 1,Original PDFs/TC signs/TC Signs_June 2026/route & identification markers/tc1329.pdf
TC1329,SITE ID LABEL FOR PACIFIC MOTORWAY,Route And Identification Markers,SITE_ID_LABEL_FOR_PACIFIC_MOTORWAY_VAR2_TC1329.svg,1366x184 mm,no size found on the sheet; drawn at 1:10 — check; type: 1,Original PDFs/TC signs/TC Signs_June 2026/route & identification markers/tc1329.pdf
TC1773,START... END (With route name plate),Route And Identification Markers,START_END_WITH_ROUTE_NAME_PLATE_TC1773.svg,1400x999 mm,size from the drawing's overall width dimension (1400 mm); type: ROUTE NUMBER CHANGE SIGN,Original PDFs/TC signs/TC Signs_June 2026/route & identification markers/tc1773_link to G8-10-Q01.pdf
TC1773,START... END (With route name plate),Route And Identification Markers,START_END_WITH_ROUTE_NAME_PLATE_VAR2_TC1773.svg,421x300 mm,no size found on the sheet; drawn at 1:10 — check; type: ROUTE NUMBER CHANGE SIGN,Original PDFs/TC signs/TC Signs_June 2026/route & identification markers/tc1773_link to G8-10-Q01.pdf
TC9403,REFERENCE POINT (RP) MARKER,Route And Identification Markers,REFERENCE_POINT_RP_MARKER_TC9403.svg,1636x1130 mm,no size found on the sheet; drawn at 1:10 — check; background assumed to be a white rectangle (outline drawn as loose strokes) — check; type: EXAMPLE OF,Original PDFs/TC signs/TC Signs_June 2026/route & identification markers/tc9403.pdf
TC9403,REFERENCE POINT (RP) MARKER,Route And Identification Markers,REFERENCE_POINT_RP_MARKER_VAR2_TC9403.svg,300x451 mm,no size found on the sheet; drawn at 1:10 — check; type: EXAMPLE OF,Original PDFs/TC signs/TC Signs_June 2026/route & identification markers/tc9403.pdf
S13-Q01,S13-Q01,Service Signs And Symbols,S13_Q01_S13-Q01.svg,1502x1250 mm,no size found on the sheet; drawn at 1:10 — check; type: S13-Q01,Original PDFs/TC signs/TC Signs_June 2026/service signs & symbols/S13-Q01.pdf
S13-Q01,S13-Q01,Service Signs And Symbols,S13_Q01_SERVICE_SIGN_SYMBOL_S13-Q01.svg,546x455 mm,no size found on the sheet; drawn at 1:10 — check; type: S13-Q01,Original PDFs/TC signs/TC Signs_June 2026/service signs & symbols/S13-Q01.pdf
S13-Q02,S13-Q02,Service Signs And Symbols,S13_Q02_SERVICE_SIGN_SYMBOL_S13-Q02.svg,622x518 mm,no size found on the sheet; drawn at 1:10 — check; type: S13-Q02,Original PDFs/TC signs/TC Signs_June 2026/service signs & symbols/S13-Q02.pdf
S21-Q01,S21-Q01,Service Signs And Symbols,S21_Q01_S21-Q01.svg,1577x1313 mm,no size found on the sheet; drawn at 1:10 — check; type: S21-Q01,Original PDFs/TC signs/TC Signs_June 2026/service signs & symbols/S21-Q01.pdf
S21-Q01,S21-Q01,Service Signs And Symbols,S21_Q01_VAR2_S21-Q01.svg,526x438 mm,no size found on the sheet; drawn at 1:10 — check; type: S21-Q01,Original PDFs/TC signs/TC Signs_June 2026/service signs & symbols/S21-Q01.pdf
S6-Q02,S6-Q02,Service Signs And Symbols,S6_Q02_S6-Q02.svg,400x500 mm,no size found on the sheet; drawn at 1:10 — check; type: S6-Q02,Original PDFs/TC signs/TC Signs_June 2026/service signs & symbols/S6-Q02.pdf
SQ10,SWIMMING ENCLOSURE,Service Signs And Symbols,,,no drawing found on the sheet,Original PDFs/TC signs/TC Signs_June 2026/service signs & symbols/SQ10.pdf
TC1722,DUMP POINT,Service Signs And Symbols,DUMP_POINT_TC1722.svg,612x650 mm,size from the drawing's overall height dimension (650 mm); type: SERVICE SIGN,Original PDFs/TC signs/TC Signs_June 2026/service signs & symbols/TC1722.pdf
TC1941,PUBLIC BOAT RAMP,Service Signs And Symbols,,,no drawing found on the sheet,Original PDFs/TC signs/TC Signs_June 2026/service signs & symbols/TC1941.pdf
TC1974,CYCLONE SHELTER,Service Signs And Symbols,CYCLONE_SHELTER_TC1974.svg,1098x1200 mm,size from the drawing's overall height dimension (1200 mm); type: SERVICE SIGN,Original PDFs/TC signs/TC Signs_June 2026/service signs & symbols/TC1974.pdf
TC2015,NO FUEL AT ... ROUND TRIP ... km,Service Signs And Symbols,NO_FUEL_AT_ROUND_TRIP_KM_TC2015.svg,1300x900 mm,size from the drawing's overall width dimension (1300 mm); type: SERVICE SIGN,Original PDFs/TC signs/TC Signs_June 2026/service signs & symbols/TC2015.pdf
TC2048,NO SIGNAL BEYOND ....,Service Signs And Symbols,NO_SIGNAL_BEYOND_TC2048.svg,1914x2000 mm,size from the drawing's overall height dimension (2000 mm); type: INFORMATION SIGN,Original PDFs/TC signs/TC Signs_June 2026/service signs & symbols/TC2048.pdf
TC2048,NO SIGNAL BEYOND ....,Service Signs And Symbols,NO_SIGNAL_BEYOND_VAR2_TC2048.svg,240x420 mm,no size found on the sheet; drawn at 1:10 — check; type: INFORMATION SIGN,Original PDFs/TC signs/TC Signs_June 2026/service signs & symbols/TC2048.pdf
TC2049,NO SIGNAL NEXT ... km,Service Signs And Symbols,NO_SIGNAL_NEXT_KM_TC2049.svg,1942x2000 mm,size from the drawing's overall height dimension (2000 mm); type: INFORMATION SIGN,Original PDFs/TC signs/TC Signs_June 2026/service signs & symbols/TC2049.pdf
TC2049,NO SIGNAL NEXT ... km,Service Signs And Symbols,NO_SIGNAL_NEXT_KM_VAR2_TC2049.svg,240x420 mm,no size found on the sheet; drawn at 1:10 — check; type: INFORMATION SIGN,Original PDFs/TC signs/TC Signs_June 2026/service signs & symbols/TC2049.pdf
TC2229,PARKING - LONG VEHICLES,Service Signs And Symbols,PARKING_LONG_VEHICLES_TC2229.svg,2400x1678 mm,size from the drawing's overall width dimension (2400 mm); type: PARKING SIGN,Original PDFs/TC signs/TC Signs_June 2026/service signs & symbols/TC2229.pdf
TC2229,PARKING - LONG VEHICLES,Service Signs And Symbols,PARKING_LONG_VEHICLES_VAR2_TC2229.svg,255x678 mm,no size found on the sheet; drawn at 1:10 — check; type: PARKING SIGN,Original PDFs/TC signs/TC Signs_June 2026/service signs & symbols/TC2229.pdf
TC2230,PARKING  FOR LONG VEHICLES ...m / km ON RIGHT / TURN RIGHT,Service Signs And Symbols,PARKING_FOR_LONG_VEHICLES_M_KM_ON_RIGHT_TURN_RIGHT_TC2230.svg,1607x1041 mm,no size found on the sheet; drawn at 1:10 — check; type: PARKING SIGN,Original PDFs/TC signs/TC Signs_June 2026/service signs & symbols/TC2230.pdf
TC2230,PARKING  FOR LONG VEHICLES ...m / km ON RIGHT / TURN RIGHT,Service Signs And Symbols,PARKING_FOR_LONG_VEHICLES_M_KM_ON_RIGHT_TURN_RIGHT_TC2230_2R_TC2230.svg,541x676 mm,no size found on the sheet; drawn at 1:10 — check; type: PARKING SIGN,Original PDFs/TC signs/TC Signs_June 2026/service signs & symbols/TC2230.pdf
TC2230,PARKING  FOR LONG VEHICLES ...m / km ON RIGHT / TURN RIGHT,Service Signs And Symbols,PARKING_FOR_LONG_VEHICLES_M_KM_ON_RIGHT_TURN_RIGHT_TC2230_1R_TC2230.svg,541x676 mm,no size found on the sheet; drawn at 1:10 — check; type: PARKING SIGN,Original PDFs/TC signs/TC Signs_June 2026/service signs & symbols/TC2230.pdf
TC1112,MOTORIST AND HEAVY VEHICLE ROADSIDE STOPPING PLACES,Service Signs And Symbols,MOTORIST_AND_HEAVY_VEHICLE_ROADSIDE_STOPPING_PLACES_TC1112.svg,1235x593 mm,no size found on the sheet; drawn at 1:10 — check; type: SIGNING ARRANGEMENTS FOR,Original PDFs/TC signs/TC Signs_June 2026/service signs & symbols/tc1112.pdf
TC1112,MOTORIST AND HEAVY VEHICLE ROADSIDE STOPPING PLACES,Service Signs And Symbols,MOTORIST_AND_HEAVY_VEHICLE_ROADSIDE_STOPPING_PLACES_VAR2_TC1112.svg,706x928 mm,no size found on the sheet; drawn at 1:10 — check; type: SIGNING ARRANGEMENTS FOR,Original PDFs/TC signs/TC Signs_June 2026/service signs & symbols/tc1112.pdf
TC1112,MOTORIST AND HEAVY VEHICLE ROADSIDE STOPPING PLACES,Service Signs And Symbols,MOTORIST_AND_HEAVY_VEHICLE_ROADSIDE_STOPPING_PLACES_VAR3_TC1112.svg,495x1056 mm,no size found on the sheet; drawn at 1:10 — check; type: SIGNING ARRANGEMENTS FOR,Original PDFs/TC signs/TC Signs_June 2026/service signs & symbols/tc1112.pdf
TC2933,RACQ SERVICE SIGN,Service Signs And Symbols,RACQ_SERVICE_SIGN_TC2933.svg,450x599 mm,"size from the sheet's dimension table, first row (a = 450, b = 600); other rows are size variants not produced; type: RACQ SERVICE SIGN",Original PDFs/TC signs/TC Signs_June 2026/service signs & symbols/tc2933.pdf
TC2933,RACQ SERVICE SIGN,Service Signs And Symbols,RACQ_SERVICE_SIGN_VAR2_TC2933.svg,450x642 mm,"size from the sheet's dimension table, first row (a = 450, b = 600); other rows are size variants not produced; type: RACQ SERVICE SIGN",Original PDFs/TC signs/TC Signs_June 2026/service signs & symbols/tc2933.pdf
TC9470,VISITOR RADIO TUNE TO...,Service Signs And Symbols,VISITOR_RADIO_TUNE_TO_TC9470.svg,1353x901 mm,no size found on the sheet; drawn at 1:10 — check; type: INFORMATION SIGN,Original PDFs/TC signs/TC Signs_June 2026/service signs & symbols/tc9470.pdf
TC9617,,Service Signs And Symbols,,,no drawing found on the sheet,Original PDFs/TC signs/TC Signs_June 2026/service signs & symbols/tc9617.pdf
TC9953,TWO BOAT RAMPS,Service Signs And Symbols,TWO_BOAT_RAMPS_TC9953.svg,1201x1294 mm,no size found on the sheet; drawn at 1:10 — check; type: SERVICE SIGN,Original PDFs/TC signs/TC Signs_June 2026/service signs & symbols/tc9953.pdf
TC9953,TWO BOAT RAMPS,Service Signs And Symbols,TWO_BOAT_RAMPS_VAR2_TC9953.svg,202x1206 mm,no size found on the sheet; drawn at 1:10 — check; background assumed to be a white rectangle (outline drawn as loose strokes) — check; type: SERVICE SIGN,Original PDFs/TC signs/TC Signs_June 2026/service signs & symbols/tc9953.pdf
TC1638,SPEED REMINDER STICKER,Speed,SPEED_REMINDER_STICKER_TC1638.svg,300x425 mm,size from the drawing's overall width dimension (300 mm); type: WHEELIE BIN,Original PDFs/TC signs/TC Signs_June 2026/speed/TC1638.pdf
TC1670,ENTERTAINMENT ZONE,Speed,ENTERTAINMENT_ZONE_TC1670.svg,1500x1045 mm,size from the drawing's overall width dimension (1500 mm); type: REGULATORY SIGN,Original PDFs/TC signs/TC Signs_June 2026/speed/TC1670.pdf
TC1868,SPEED RESTRICTION FOR SETTLEMENT,Speed,SPEED_RESTRICTION_FOR_SETTLEMENT_TC1868.svg,600x1200 mm,"size from the sheet's dimension table, first row (a = 600, b = 1200); other rows are size variants not produced; type: REGULATORY SIGN",Original PDFs/TC signs/TC Signs_June 2026/speed/TC1868.pdf
TC1868,SPEED RESTRICTION FOR SETTLEMENT,Speed,SPEED_RESTRICTION_FOR_SETTLEMENT_VAR2_TC1868.svg,140x112 mm,size from the drawing's overall width dimension (140 mm); type: REGULATORY SIGN,Original PDFs/TC signs/TC Signs_June 2026/speed/TC1868.pdf
TC2071,SPEED LIMIT VEHICLES ...t GVM AND OVER,Speed,SPEED_LIMIT_VEHICLES_T_GVM_AND_OVER_TC2071.svg,440x879 mm,size from the drawing's overall width dimension (440 mm); type: REGULATORY SIGN,Original PDFs/TC signs/TC Signs_June 2026/speed/TC2071.pdf
TC2082,TOWNSHIP ENTRY TREATMENT SIGN,Speed,TOWNSHIP_ENTRY_TREATMENT_SIGN_TC2082.svg,260x346 mm,size from the drawing's overall width dimension (260 mm); type: TOWNSHIP ENTRY TREATMENT SIGN,Original PDFs/TC signs/TC Signs_June 2026/speed/TC2082.pdf
TC2220,ENTERTAINMENT ZONE,Speed,ENTERTAINMENT_ZONE_2_TC2220.svg,1500x900 mm,"size from the sheet's dimension table, first row (a = 1500, b = 900); other rows are size variants not produced; type: REGULATORY SIGN",Original PDFs/TC signs/TC Signs_June 2026/speed/TC2220.pdf
TC2228,TRUCKS AND BUSES,Speed,TRUCKS_AND_BUSES_TC2228.svg,450x900 mm,"size from the sheet's dimension table, first row (a = 450, b = 900); other rows are size variants not produced; type: REGULATORY SIGN",Original PDFs/TC signs/TC Signs_June 2026/speed/TC2228.pdf
TC2255,TRUCK SPEED LIMIT,Speed,TRUCK_SPEED_LIMIT_TC2255.svg,450x450 mm,"size from the sheet's dimension table, first row (a = 450, b = 450); other rows are size variants not produced; type: REGULATORY SIGN",Original PDFs/TC signs/TC Signs_June 2026/speed/TC2255.pdf
TC2255,TRUCK SPEED LIMIT,Speed,TRUCK_SPEED_LIMIT_VAR2_TC2255.svg,450x2599 mm,"size from the sheet's dimension table, first row (a = 450, b = 450); other rows are size variants not produced; type: REGULATORY SIGN",Original PDFs/TC signs/TC Signs_June 2026/speed/TC2255.pdf
TC2353,NEW SPEED LIMIT AHEAD,Speed,NEW_SPEED_LIMIT_AHEAD_TC2353.svg,900x1199 mm,size from the drawing's overall width dimension (900 mm); type: TEMPORARY WARNING SIGN,Original PDFs/TC signs/TC Signs_June 2026/speed/TC2353.pdf
TC2355,SPEED LIMIT SIGN,Speed,SPEED_LIMIT_SIGN_TC2355.svg,580x1412 mm,no size found on the sheet; drawn at 1:10 — check; type: ENHANCED SCHOOL ZONE,Original PDFs/TC signs/TC Signs_June 2026/speed/TC2355.pdf
TC1437,TRUCK AND BUS SPEED LIMIT,Speed,TRUCK_AND_BUS_SPEED_LIMIT_TC1437.svg,450x300 mm,"size from the sheet's dimension table, first row (a = 450, b = 300); other rows are size variants not produced; type: SUPPLEMENTARY PLATE",Original PDFs/TC signs/TC Signs_June 2026/speed/tc1437.pdf
TC1479,CHECK YOUR SPEED,Speed,CHECK_YOUR_SPEED_TC1479.svg,165x165 mm,size from the drawing's overall width dimension (165 mm); type: INFORMATION SIGN,Original PDFs/TC signs/TC Signs_June 2026/speed/tc1479.pdf
TC1528,,Speed,,,no drawing found on the sheet,Original PDFs/TC signs/TC Signs_June 2026/speed/tc1528.pdf
TC1568,SPEED LIMIT ... km/h WHEN SIGN IS BLANK,Speed,SPEED_LIMIT_KM_H_WHEN_SIGN_IS_BLANK_TC1568.svg,1000x449 mm,"size from the sheet's dimension table, first row (a = 1000, b = 450); other rows are size variants not produced; type: REGULATORY SIGN",Original PDFs/TC signs/TC Signs_June 2026/speed/tc1568.pdf
TC1764,ISLAND MAJOR ENTRY POINTS,Speed,ISLAND_MAJOR_ENTRY_POINTS_TC1764.svg,2000x1099 mm,"size from the sheet's dimension table, first row (a = 2000, b = 1100); other rows are size variants not produced; type: ADVISORY SIGN",Original PDFs/TC signs/TC Signs_June 2026/speed/tc1764.pdf
TC1765,ISLAND BEACH ENTRY POINTS,Speed,ISLAND_BEACH_ENTRY_POINTS_TC1765.svg,900x1598 mm,"size from the sheet's dimension table, first row (a = 900, b = 1600); other rows are size variants not produced; type: ADVISORY SIGN",Original PDFs/TC signs/TC Signs_June 2026/speed/tc1765.pdf
TC1778,SPEED RESTRICTION - DRIVE TO PREVAILING BEACH CONDITIONS,Speed,SPEED_RESTRICTION_DRIVE_TO_PREVAILING_BEACH_CONDITIONS_TC1778.svg,1100x1598 mm,"size from the sheet's dimension table, first row (a = 1100, b = 1600); other rows are size variants not produced; type: REGULATORY SIGN",Original PDFs/TC signs/TC Signs_June 2026/speed/tc1778.pdf
TC1783,SPEED LIMIT SIGN,Speed,SPEED_LIMIT_SIGN_TC1783.svg,580x1412 mm,no size found on the sheet; drawn at 1:10 — check; type: ENHANCED SCHOOL ZONE,Original PDFs/TC signs/TC Signs_June 2026/speed/tc1783.pdf
TC9419,SPEEDO CHECK AHEAD NEXT 5 km,Speed,SPEEDO_CHECK_AHEAD_NEXT_5_KM_TC9419.svg,2400x1199 mm,size from the drawing's overall width dimension (2400 mm); type: INFORMATION SIGN,Original PDFs/TC signs/TC Signs_June 2026/speed/tc9419.pdf
TC9583,START TRIAL SPEED ZONE,Speed,START_TRIAL_SPEED_ZONE_TC9583.svg,900x901 mm,size from the drawing's overall width dimension (900 mm); type: GUIDE SIGN,Original PDFs/TC signs/TC Signs_June 2026/speed/tc9583.pdf
TC9583,START TRIAL SPEED ZONE,Speed,START_TRIAL_SPEED_ZONE_VAR2_TC9583.svg,79x830 mm,no size found on the sheet; drawn at 1:10 — check; type: GUIDE SIGN,Original PDFs/TC signs/TC Signs_June 2026/speed/tc9583.pdf
TC9597,END TRIAL SPEED ZONE,Speed,END_TRIAL_SPEED_ZONE_TC9597.svg,900x901 mm,size from the drawing's overall width dimension (900 mm); type: GUIDE SIGN,Original PDFs/TC signs/TC Signs_June 2026/speed/tc9597.pdf
TC9597,END TRIAL SPEED ZONE,Speed,END_TRIAL_SPEED_ZONE_VAR2_TC9597.svg,79x830 mm,no size found on the sheet; drawn at 1:10 — check; type: GUIDE SIGN,Original PDFs/TC signs/TC Signs_June 2026/speed/tc9597.pdf
TC9695,110 km/h ZONE ENDS 1 km,Speed,110_KM_H_ZONE_ENDS_1_KM_TC9695.svg,1748x1150 mm,no size found on the sheet; drawn at 1:10 — check; type: ADVISORY SIGN,Original PDFs/TC signs/TC Signs_June 2026/speed/tc9695.pdf
TC9695,110 km/h ZONE ENDS 1 km,Speed,110_KM_H_ZONE_ENDS_1_KM_VAR2_TC9695.svg,1576x114 mm,no size found on the sheet; drawn at 1:10 — check; type: ADVISORY SIGN,Original PDFs/TC signs/TC Signs_June 2026/speed/tc9695.pdf
TC1608,SLOW DOWN,Supplementary Plates,SLOW_DOWN_TC1608.svg,300x200 mm,"size from the sheet's dimension table, first row (a = 300, b = 200); other rows are size variants not produced; type: SUPPLEMENTARY PLATE",Original PDFs/TC signs/TC Signs_June 2026/supplementary plates/TC1608.pdf
TC1656,SUPPLEMENTARY PLATE,Supplementary Plates,SUPPLEMENTARY_PLATE_TC1656.svg,600x208 mm,"size from the sheet's dimension table, first row (a = 600, b = 200); other rows are size variants not produced; type: TEMPORARY",Original PDFs/TC signs/TC Signs_June 2026/supplementary plates/TC1656.pdf
TC1695,ON RAMP,Supplementary Plates,ON_RAMP_TC1695.svg,1600x400 mm,size from the drawing's overall width dimension (1600 mm); type: SUPPLEMENTARY PLATE,Original PDFs/TC signs/TC Signs_June 2026/supplementary plates/TC1695.pdf
TC1742,...m OVER CREST,Supplementary Plates,M_OVER_CREST_TC1742.svg,751x420 mm,no size found on the sheet; drawn at 1:10 — check; type: SUPPLEMENTARY PLATE,Original PDFs/TC signs/TC Signs_June 2026/supplementary plates/TC1742.pdf
TC1972,U-TURN NOT SUITABLE FOR LONGER VEHICLES,Supplementary Plates,U_TURN_NOT_SUITABLE_FOR_LONGER_VEHICLES_TC1972.svg,996x696 mm,no size found on the sheet; drawn at 1:10 — check; type: SUPPLEMENTARY PLATE,Original PDFs/TC signs/TC Signs_June 2026/supplementary plates/TC1972.pdf
TC2006,KEEP LEFT,Supplementary Plates,KEEP_LEFT_TC2006.svg,800x749 mm,"size from the sheet's dimension table, first row (a = 800, b = 750); other rows are size variants not produced; type: SUPPLEMENTARY PLATE",Original PDFs/TC signs/TC Signs_June 2026/supplementary plates/TC2006.pdf
TC2219,SHOULDER DRAINS,Supplementary Plates,SHOULDER_DRAINS_2_TC2219.svg,600x400 mm,"size from the sheet's dimension table, first row (a = 600, b = 400); other rows are size variants not produced; type: SUPPLEMENTARY SIGN",Original PDFs/TC signs/TC Signs_June 2026/supplementary plates/TC2219.pdf
TC2235,TO PEDESTRIANS AND BICYCLES,Supplementary Plates,TO_PEDESTRIANS_AND_BICYCLES_TC2235.svg,1280x469 mm,no size found on the sheet; drawn at 1:10 — check; type: TEMPORARY SUPPLEMENTARY SIGN,Original PDFs/TC signs/TC Signs_June 2026/supplementary plates/TC2235.pdf
TC2235,TO PEDESTRIANS AND BICYCLES,Supplementary Plates,TO_PEDESTRIANS_AND_BICYCLES_VAR2_TC2235.svg,250x187 mm,size from the drawing's overall width dimension (250 mm); background assumed to be a white rectangle (outline drawn as loose strokes) — check; type: TEMPORARY SUPPLEMENTARY SIGN,Original PDFs/TC signs/TC Signs_June 2026/supplementary plates/TC2235.pdf
TC2261,ZIP MERGE,Supplementary Plates,ZIP_MERGE_TC2261.svg,600x599 mm,"size from the sheet's dimension table, first row (a = 600, b = 600); other rows are size variants not produced; type: SUPPLEMENTARY PLATE",Original PDFs/TC signs/TC Signs_June 2026/supplementary plates/TC2261.pdf
TC2263,EXPECT DELAYS UP TO .... MINUTES,Supplementary Plates,,,no drawing found on the sheet,Original PDFs/TC signs/TC Signs_June 2026/supplementary plates/TC2263.pdf
TC2344,GOLFERS,Supplementary Plates,GOLFERS_TC2344.svg,600x200 mm,"size from the sheet's dimension table, first row (a = 600, b = 200); other rows are size variants not produced; type: SUPPLEMENTARY PLATE",Original PDFs/TC signs/TC Signs_June 2026/supplementary plates/TC2344.pdf
TC2346,SURFACE CRACKS,Supplementary Plates,SURFACE_CRACKS_TC2346.svg,600x400 mm,size from the drawing's overall width dimension (600 mm); type: SUPPLEMENTARY PLATE,Original PDFs/TC signs/TC Signs_June 2026/supplementary plates/TC2346.pdf
TC2352,NEW LIMIT,Supplementary Plates,,,sheet stamped SUPERSEDED; not produced,Original PDFs/TC signs/TC Signs_June 2026/supplementary plates/TC2352.pdf
TC2360,PLACE NAME,Supplementary Plates,PLACE_NAME_TC2360.svg,450x225 mm,"size from the sheet's dimension table, first row (a = 450, b = 150); other rows are size variants not produced; type: SUPPLEMENTARY PLATE",Original PDFs/TC signs/TC Signs_June 2026/supplementary plates/TC2360.pdf
TC2360,PLACE NAME,Supplementary Plates,PLACE_NAME_VAR2_TC2360.svg,450x150 mm,"size from the sheet's dimension table, first row (a = 450, b = 150); other rows are size variants not produced; type: SUPPLEMENTARY PLATE",Original PDFs/TC signs/TC Signs_June 2026/supplementary plates/TC2360.pdf
TC2375,ALL OTHER VEHICLES,Supplementary Plates,ALL_OTHER_VEHICLES_TC2375.svg,450x300 mm,"size from the sheet's dimension table, first row (a = 450, b = 300); other rows are size variants not produced; type: SUPPLEMENTARY PLATE",Original PDFs/TC signs/TC Signs_June 2026/supplementary plates/TC2375.pdf
TC1138,SCHOOL BUS,Supplementary Plates,SCHOOL_BUS_TC1138.svg,600x400 mm,"size from the sheet's dimension table, first row (a = 600, b = 400); other rows are size variants not produced; type: SUPPLEMENTARY PLATE",Original PDFs/TC signs/TC Signs_June 2026/supplementary plates/Tc1138.pdf
TC1966,TRUCKS LOWER AERIALS,Supplementary Plates,TRUCKS_LOWER_AERIALS_TC1966.svg,600x400 mm,"size from the sheet's dimension table, first row (a = 600, b = 400); other rows are size variants not produced; type: SUPPLEMENTARY PLATE",Original PDFs/TC signs/TC Signs_June 2026/supplementary plates/Tc1966.pdf
TC9730,NOT SUITABLE FOR LONGER VEHICLES,Supplementary Plates,NOT_SUITABLE_FOR_LONGER_VEHICLES_TC9730.svg,1052x723 mm,no size found on the sheet; drawn at 1:10 — check; type: SUPPLEMENTARY PLATE,Original PDFs/TC signs/TC Signs_June 2026/supplementary plates/Tc9730.pdf
TC1026,WHEN LIGHTS FLASHING,Supplementary Plates,WHEN_LIGHTS_FLASHING_TC1026.svg,600x400 mm,"size from the sheet's dimension table, first row (a = 600, b = 400); other rows are size variants not produced; type: SUPPLEMENTARY PLATE",Original PDFs/TC signs/TC Signs_June 2026/supplementary plates/tc1026.pdf
TC1061,AUTHORISED BUSES ONLY,Supplementary Plates,AUTHORISED_BUSES_ONLY_TC1061.svg,450x225 mm,"size from the sheet's dimension table, first row (a = 450, b = 225); other rows are size variants not produced; type: SUPPLEMENTARY PLATE",Original PDFs/TC signs/TC Signs_June 2026/supplementary plates/tc1061.pdf
TC1080,WATCH FOR SLOW MOVING VEHICLES,Supplementary Plates,WATCH_FOR_SLOW_MOVING_VEHICLES_TC1080.svg,3000x600 mm,size from the drawing's overall width dimension (3000 mm); type: SUPPLEMENTARY PLATE,Original PDFs/TC signs/TC Signs_June 2026/supplementary plates/tc1080.pdf
TC1080,WATCH FOR SLOW MOVING VEHICLES,Supplementary Plates,WATCH_FOR_SLOW_MOVING_VEHICLES_WATCH_FOR_TC1080.svg,601x360 mm,no size found on the sheet; drawn at 1:10 — check; type: SUPPLEMENTARY PLATE,Original PDFs/TC signs/TC Signs_June 2026/supplementary plates/tc1080.pdf
TC1124,AUXILIARY BRAKES RECOMMENDED,Supplementary Plates,AUXILIARY_BRAKES_RECOMMENDED_TC1124.svg,900x600 mm,"size from the sheet's dimension table, first row (a = 900, b = 600); other rows are size variants not produced; type: SUPPLEMENTARY ADVISORY PLATE",Original PDFs/TC signs/TC Signs_June 2026/supplementary plates/tc1124.pdf
TC1181,OVER CREST,Supplementary Plates,OVER_CREST_TC1181.svg,600x400 mm,"size from the sheet's dimension table, first row (a = 600, b = 400); other rows are size variants not produced; type: SUPPLEMENTARY PLATE",Original PDFs/TC signs/TC Signs_June 2026/supplementary plates/tc1181.pdf
TC1225,VEHICLE ACCESS TO PRIVATE PROPERTY ONLY,Supplementary Plates,VEHICLE_ACCESS_TO_PRIVATE_PROPERTY_ONLY_TC1225.svg,609x600 mm,size from the drawing's overall height dimension (600 mm); type: SUPPLEMENTARY PLATE,Original PDFs/TC signs/TC Signs_June 2026/supplementary plates/tc1225.pdf
TC1274,CONVEX MIRROR AHEAD,Supplementary Plates,CONVEX_MIRROR_AHEAD_TC1274.svg,600x559 mm,"size from the sheet's dimension table, first row (a = 600, b = 550); other rows are size variants not produced; type: SUPPLEMENTARY WARNING SIGN",Original PDFs/TC signs/TC Signs_June 2026/supplementary plates/tc1274.pdf
TC1274,CONVEX MIRROR AHEAD,Supplementary Plates,CONVEX_MIRROR_AHEAD_VAR2_TC1274.svg,600x29 mm,"size from the sheet's dimension table, first row (a = 600, b = 550); other rows are size variants not produced; background assumed to be a white rectangle (outline drawn as loose strokes) — check; type: SUPPLEMENTARY WARNING SIGN",Original PDFs/TC signs/TC Signs_June 2026/supplementary plates/tc1274.pdf
TC1307,CREST,Supplementary Plates,CREST_TC1307.svg,600x200 mm,"size from the sheet's dimension table, first row (a = 600, b = 200); other rows are size variants not produced; type: SUPPLEMENTARY PLATE",Original PDFs/TC signs/TC Signs_June 2026/supplementary plates/tc1307.pdf
TC1334,DISTORTED IMAGE,Supplementary Plates,DISTORTED_IMAGE_TC1334.svg,600x300 mm,"size from the sheet's dimension table, first row (a = 600, b = 300); other rows are size variants not produced; type: SUPPLEMENTARY PLATE",Original PDFs/TC signs/TC Signs_June 2026/supplementary plates/tc1334.pdf
TC1361,TRAM TRACKS,Supplementary Plates,TRAM_TRACKS_TC1361.svg,600x400 mm,"size from the sheet's dimension table, first row (a = 600, b = 400); other rows are size variants not produced; type: SUPPLEMENTARY PLATE",Original PDFs/TC signs/TC Signs_June 2026/supplementary plates/tc1361.pdf
TC1421,TRUCKS ENTERING,Supplementary Plates,TRUCKS_ENTERING_TC1421.svg,600x400 mm,"size from the sheet's dimension table, first row (a = 600, b = 400); other rows are size variants not produced; type: SUPPLEMENTARY PLATE",Original PDFs/TC signs/TC Signs_June 2026/supplementary plates/tc1421.pdf
TC1439,ON BRIDGE,Supplementary Plates,ON_BRIDGE_TC1439.svg,600x400 mm,"size from the sheet's dimension table, first row (a = 600, b = 400); other rows are size variants not produced; type: SUPPLEMENTARY PLATE",Original PDFs/TC signs/TC Signs_June 2026/supplementary plates/tc1439.pdf
TC1441,LONG VEHICLES,Supplementary Plates,LONG_VEHICLES_TC1441.svg,600x400 mm,"size from the sheet's dimension table, first row (a = 600, b = 400); other rows are size variants not produced; type: SUPPLEMENTARY PLATE",Original PDFs/TC signs/TC Signs_June 2026/supplementary plates/tc1441.pdf
TC1488,ON SLIP LANE,Supplementary Plates,ON_SLIP_LANE_TC1488.svg,253x600 mm,size from the drawing's overall height dimension (600 mm); type: SUPPLEMENTARY PLATE,Original PDFs/TC signs/TC Signs_June 2026/supplementary plates/tc1488.pdf
TC1578,PEDESTRIANS USE RAIL FOOT BRIDGE,Supplementary Plates,PEDESTRIANS_USE_RAIL_FOOT_BRIDGE_2_TC1578.svg,450x337 mm,"size from the sheet's dimension table, first row (a = 450, b = 350); other rows are size variants not produced; type: SUPPLEMENTARY PLATE",Original PDFs/TC signs/TC Signs_June 2026/supplementary plates/tc1578.pdf
TC1582,GRAVEL ON ROAD AFTER RAIN,Supplementary Plates,GRAVEL_ON_ROAD_AFTER_RAIN_TC1582.svg,600x400 mm,"size from the sheet's dimension table, first row (a = 600, b = 400); other rows are size variants not produced; type: SUPPLEMENTARY PLATE",Original PDFs/TC signs/TC Signs_June 2026/supplementary plates/tc1582.pdf
TC1840,AFTER SIGNALS,Supplementary Plates,AFTER_SIGNALS_TC1840.svg,600x400 mm,"size from the sheet's dimension table, first row (a = 600, b = 400); other rows are size variants not produced; type: SUPPLEMENTARY PLATE",Original PDFs/TC signs/TC Signs_June 2026/supplementary plates/tc1840.pdf
TC2300,NOT SUITABLE FOR CARAVANS AND TRAILERS,Supplementary Plates,NOT_SUITABLE_FOR_CARAVANS_AND_TRAILERS_TC2300.svg,600x400 mm,"size from the sheet's dimension table, first row (a = 600, b = 400); other rows are size variants not produced; type: SUPPLEMENTARY PLATE",Original PDFs/TC signs/TC Signs_June 2026/supplementary plates/tc2300.pdf
TC9287,TWO WAY,Supplementary Plates,TWO_WAY_TC9287.svg,600x206 mm,"size from the sheet's dimension table, first row (a = 600, b = 400); other rows are size variants not produced; type: TWO",Original PDFs/TC signs/TC Signs_June 2026/supplementary plates/tc9287.pdf
TC9287,TWO WAY,Supplementary Plates,TWO_WAY_VAR2_TC9287.svg,600x400 mm,"size from the sheet's dimension table, first row (a = 600, b = 400); other rows are size variants not produced; type: TWO",Original PDFs/TC signs/TC Signs_June 2026/supplementary plates/tc9287.pdf
TC9287,TWO WAY,Supplementary Plates,TWO_WAY_TWO_TC9287.svg,400x400 mm,"size from the sheet's dimension table, first row (a = 400, b = 600); other rows are size variants not produced; type: TWO",Original PDFs/TC signs/TC Signs_June 2026/supplementary plates/tc9287.pdf
TC9526,CROSSING,Supplementary Plates,CROSSING_TC9526.svg,600x200 mm,"size from the sheet's dimension table, first row (a = 600, b = 250); other rows are size variants not produced; type: WARNING SIGN",Original PDFs/TC signs/TC Signs_June 2026/supplementary plates/tc9526.pdf
TC9744,CHECK BRAKES,Supplementary Plates,CHECK_BRAKES_2_TC9744.svg,300x200 mm,"size from the sheet's dimension table, first row (a = 300, b = 200); other rows are size variants not produced; type: BIKEWAY WARNING SIGN",Original PDFs/TC signs/TC Signs_June 2026/supplementary plates/tc9744.pdf
TC9744,CHECK BRAKES,Supplementary Plates,CHECK_BRAKES_VAR2_2_TC9744.svg,200x983 mm,"size from the sheet's dimension table, first row (a = 200, b = 300); other rows are size variants not produced; type: BIKEWAY WARNING SIGN",Original PDFs/TC signs/TC Signs_June 2026/supplementary plates/tc9744.pdf
TC9880,DEAF,Supplementary Plates,DEAF_TC9880.svg,600x246 mm,"size from the sheet's dimension table, first row (a = 600, b = 200); other rows are size variants not produced; type: WARNING SIGN",Original PDFs/TC signs/TC Signs_June 2026/supplementary plates/tc9880.pdf
TC9950,TURNING,Supplementary Plates,TURNING_TC9950.svg,600x249 mm,"size from the sheet's dimension table, first row (a = 600, b = 200); other rows are size variants not produced; type: WARNING SIGN",Original PDFs/TC signs/TC Signs_June 2026/supplementary plates/tc9950.pdf
TC1810,LAST EXIT BEFORE TOLL POINT,Toll Road,LAST_EXIT_BEFORE_TOLL_POINT_TC1810.svg,1500x899 mm,"size from the sheet's dimension table, first row (a = 1500, b = 900); other rows are size variants not produced; type: GUIDE SIGN",Original PDFs/TC signs/TC Signs_June 2026/toll road/TC1810.pdf
TC1968,,Toll Road,TC1968_TC1968.svg,1502x750 mm,no size found on the sheet; drawn at 1:10 — check,Original PDFs/TC signs/TC Signs_June 2026/toll road/TC1968.pdf
TC1968,,Toll Road,TC1968_VAR2_TC1968.svg,1016x671 mm,no size found on the sheet; drawn at 1:10 — check; background assumed to be a white rectangle (outline drawn as loose strokes) — check,Original PDFs/TC signs/TC Signs_June 2026/toll road/TC1968.pdf
TC1968,,Toll Road,TC1968_VAR3_TC1968.svg,601x300 mm,no size found on the sheet; drawn at 1:10 — check,Original PDFs/TC signs/TC Signs_June 2026/toll road/TC1968.pdf
TC1969,,Toll Road,TC1969_TC1969.svg,1502x600 mm,no size found on the sheet; drawn at 1:10 — check,Original PDFs/TC signs/TC Signs_June 2026/toll road/TC1969.pdf
TC1969,,Toll Road,TC1969_VAR2_TC1969.svg,1016x712 mm,no size found on the sheet; drawn at 1:10 — check; background assumed to be a white rectangle (outline drawn as loose strokes) — check,Original PDFs/TC signs/TC Signs_June 2026/toll road/TC1969.pdf
TC1969,,Toll Road,TC1969_VAR3_TC1969.svg,601x240 mm,no size found on the sheet; drawn at 1:10 — check,Original PDFs/TC signs/TC Signs_June 2026/toll road/TC1969.pdf
TC1971,,Toll Road,TC1971_TC1969_2_TC1971.svg,695x329 mm,no size found on the sheet; drawn at 1:10 — check,Original PDFs/TC signs/TC Signs_June 2026/toll road/TC1971.pdf
TC1971,,Toll Road,TC1971_VAR2_TC1971.svg,917x173 mm,no size found on the sheet; drawn at 1:10 — check; background assumed to be a white rectangle (outline drawn as loose strokes) — check,Original PDFs/TC signs/TC Signs_June 2026/toll road/TC1971.pdf
TC1971,,Toll Road,TC1971_VAR3_TC1971.svg,917x173 mm,no size found on the sheet; drawn at 1:10 — check; background assumed to be a white rectangle (outline drawn as loose strokes) — check,Original PDFs/TC signs/TC Signs_June 2026/toll road/TC1971.pdf
TC1971,,Toll Road,TC1971_VAR4_TC1971.svg,849x160 mm,no size found on the sheet; drawn at 1:10 — check; background assumed to be a white rectangle (outline drawn as loose strokes) — check,Original PDFs/TC signs/TC Signs_June 2026/toll road/TC1971.pdf
TC2234,CAR TOLL CHARGES - STATIC,Toll Road,CAR_TOLL_CHARGES_STATIC_TC2234.svg,1100x391 mm,"size from the sheet's dimension table, first row (a = 1100, b = 300); other rows are size variants not produced; type: TOLL ROAD INFORMATION SIGN",Original PDFs/TC signs/TC Signs_June 2026/toll road/TC2234.pdf
TC1965,,Toll Road,TC1965_TC1965.svg,1352x675 mm,no size found on the sheet; drawn at 1:10 — check,Original PDFs/TC signs/TC Signs_June 2026/toll road/Tc1965.pdf
TC1965,,Toll Road,TC1965_VAR2_TC1965.svg,1088x233 mm,no size found on the sheet; drawn at 1:10 — check; background assumed to be a white rectangle (outline drawn as loose strokes) — check,Original PDFs/TC signs/TC Signs_June 2026/toll road/Tc1965.pdf
TC1751,,Toll Road,TC1751_TC1751.svg,1502x600 mm,no size found on the sheet; drawn at 1:10 — check,Original PDFs/TC signs/TC Signs_June 2026/toll road/tc1751.pdf
TC1751,,Toll Road,TC1751_VAR2_TC1751.svg,905x183 mm,no size found on the sheet; drawn at 1:10 — check; background assumed to be a white rectangle (outline drawn as loose strokes) — check,Original PDFs/TC signs/TC Signs_June 2026/toll road/tc1751.pdf
TC1752,TOLL EVASION IS AN OFFENCE,Toll Road,TOLL_EVASION_IS_AN_OFFENCE_TC1752.svg,1500x450 mm,"size from the sheet's dimension table, first row (a = 1500, b = 450); other rows are size variants not produced; type: TOLL ROAD WARNING SIGN",Original PDFs/TC signs/TC Signs_June 2026/toll road/tc1752.pdf
TC1753,TOLL POINT X km AHEAD,Toll Road,TOLL_POINT_X_KM_AHEAD_TC1753.svg,1100x450 mm,"size from the sheet's dimension table, first row (a = 1100, b = 450); other rows are size variants not produced; type: TOLL ROAD INFORMATION SIGN",Original PDFs/TC signs/TC Signs_June 2026/toll road/tc1753.pdf
TC1754,... TOLL POINT - (ONE LINE),Toll Road,TOLL_POINT_ONE_LINE_TC1754.svg,1554x405 mm,no size found on the sheet; drawn at 1:10 — check; type: TOLL ROAD INFORMATION SIGN,Original PDFs/TC signs/TC Signs_June 2026/toll road/tc1754.pdf
TC9900,STATE FUNDED,Toll Road,STATE_FUNDED_2_TC9900.svg,1479x821 mm,no size found on the sheet; drawn at 1:10 — check; type: PROJECT  SIGN,Original PDFs/TC signs/TC Signs_June 2026/toll road/tc9900.pdf
TC1689,WELCOME / BOUNDARY SIGN (ONE LINE WITHOUT SLOGAN),Tourist,WELCOME_BOUNDARY_SIGN_ONE_LINE_WITHOUT_SLOGAN_TC1689.svg,3599x1000 mm,size from the drawing's overall height dimension (1000 mm); type: LOCAL GOVERNMENT,Original PDFs/TC signs/TC Signs_June 2026/tourist/TC1689.pdf
TC1692,NO SLOGAN,Tourist,NO_SLOGAN_TC1692.svg,2102x750 mm,size from the drawing's overall height dimension (750 mm); type: TOWN GATEWAY SIGN,Original PDFs/TC signs/TC Signs_June 2026/tourist/TC1692.pdf
TC1694,RIVERSLEIGH - WORLD HERITAGE AREA,Tourist,RIVERSLEIGH_WORLD_HERITAGE_AREA_TC1694.svg,2600x687 mm,size from the drawing's overall width dimension (2600 mm); type: TOURIST INFORMATION SIGN,Original PDFs/TC signs/TC Signs_June 2026/tourist/TC1694.pdf
TC1894,WELCOME TO ABORIGINAL & TORRES STRAIT ISLANDER COUNTRY AREAS,Tourist,WELCOME_TO_ABORIGINAL_TORRES_STRAIT_ISLANDER_COUNTRY_AREAS_TC1894.svg,2000x2061 mm,size from the drawing's overall width dimension (2000 mm); type: INFORMATION SIGN,Original PDFs/TC signs/TC Signs_June 2026/tourist/TC1894.pdf
TC1997,.... TOURIST DRIVE,Tourist,TOURIST_DRIVE_TC1997.svg,3900x1934 mm,size from the drawing's overall width dimension (3900 mm); type: GUIDE SIGN,Original PDFs/TC signs/TC Signs_June 2026/tourist/TC1997.pdf
TC2007,,Tourist,TC2007_TC2007.svg,3200x1278 mm,"size from the sheet's dimension table, first row (a = 3200, b = 1400); other rows are size variants not produced",Original PDFs/TC signs/TC Signs_June 2026/tourist/TC2007.pdf
TC2027,DIRECTION SIGN (INITIALS),Tourist,DIRECTION_SIGN_INITIALS_TC2027.svg,1571x350 mm,no size found on the sheet; drawn at 1:10 — check; type: STATE STRATEGIC TOURING ROUTE,Original PDFs/TC signs/TC Signs_June 2026/tourist/TC2027.pdf
TC2067,TOURIST INFORMATION SIGN,Tourist,,,no drawing found on the sheet,Original PDFs/TC signs/TC Signs_June 2026/tourist/TC2067.pdf
TC2068,TOURIST INFORMATION SIGN,Tourist,TOURIST_INFORMATION_SIGN_TC2068.svg,685x185 mm,no size found on the sheet; drawn at 1:10 — check; type: TOURIST INFORMATION SIGN,Original PDFs/TC signs/TC Signs_June 2026/tourist/TC2068.pdf
TC2069,Landsborough Maleny Montville EXIT 163 TOURIST INFORMATION SIGN,Tourist,,,no drawing found on the sheet,Original PDFs/TC signs/TC Signs_June 2026/tourist/TC2069.pdf
TC2070,NATURAL ATTRACTION - ISLAND ACCESS VIA ... TURN LEFT/RIGHT ...m,Tourist,NATURAL_ATTRACTION_ISLAND_ACCESS_VIA_TURN_LEFT_RIGHT_M_140DN_80LC_TC2070.svg,180x90 mm,size from the drawing's overall width dimension (180 mm); type: TOURIST INFORMATION SIGN,Original PDFs/TC signs/TC Signs_June 2026/tourist/TC2070.pdf
TC2072,DIRECTION SIGN (L),Tourist,DIRECTION_SIGN_L_TC2072.svg,1887x817 mm,no size found on the sheet; drawn at 1:10 — check; type: TOURIST ADVANCE,Original PDFs/TC signs/TC Signs_June 2026/tourist/TC2072.pdf
TC2251,ADVANCE DIRECTION SIGN (ALTERNATIVE ROUTE - SAVANNAH WAY),Tourist,ADVANCE_DIRECTION_SIGN_ALTERNATIVE_ROUTE_SAVANNAH_WAY_TC2251.svg,170x181 mm,size from the drawing's overall width dimension (170 mm); type: STATE STRATEGIC TOURING ROUTE,Original PDFs/TC signs/TC Signs_June 2026/tourist/TC2251.pdf
TC2251,ADVANCE DIRECTION SIGN (ALTERNATIVE ROUTE - SAVANNAH WAY),Tourist,ADVANCE_DIRECTION_SIGN_ALTERNATIVE_ROUTE_SAVANNAH_WAY_VAR2_TC2251.svg,601x160 mm,no size found on the sheet; drawn at 1:10 — check; type: STATE STRATEGIC TOURING ROUTE,Original PDFs/TC signs/TC Signs_June 2026/tourist/TC2251.pdf
TC2268,DIRECTION SIGN (INITIALS),Tourist,DIRECTION_SIGN_INITIALS_TC2268.svg,1522x801 mm,no size found on the sheet; drawn at 1:10 — check; type: STATE STRATEGIC TOURING ROUTE,Original PDFs/TC signs/TC Signs_June 2026/tourist/TC2268.pdf
TC2270,LOCAL TOURIST AREA,Tourist,LOCAL_TOURIST_AREA_TC2270.svg,100x55 mm,size from the drawing's overall width dimension (100 mm); type: TOURIST INFORMATION SIGN,Original PDFs/TC signs/TC Signs_June 2026/tourist/TC2270.pdf
TC2354,WELCOME SIGN,Tourist,WELCOME_SIGN_TC2354.svg,140x70 mm,size from the drawing's overall width dimension (140 mm); type: LOCAL GOVERNMENT AREA,Original PDFs/TC signs/TC Signs_June 2026/tourist/TC2354.pdf
TC2354,WELCOME SIGN,Tourist,WELCOME_SIGN_LIVINGSTONE_SHIRE_TC2354.svg,2400x1802 mm,"size from the sheet's dimension table, first row (a = 2400, b = 1800); other rows are size variants not produced; type: LOCAL GOVERNMENT AREA",Original PDFs/TC signs/TC Signs_June 2026/tourist/TC2354.pdf
TC1276,TOURIST INFORMATION SIGN,Tourist,TOURIST_INFORMATION_SIGN_TC1276.svg,1900x1100 mm,"size from the sheet's dimension table, first row (a = 1900, b = 1100); other rows are size variants not produced; type: TOURIST INFORMATION SIGN",Original PDFs/TC signs/TC Signs_June 2026/tourist/tc1276.pdf
TC1277,MAJOR MITCHELL HERITAGE TURN LEFT/RIGHT ... m,Tourist,MAJOR_MITCHELL_HERITAGE_TURN_LEFT_RIGHT_M_TC1277.svg,1427x826 mm,no size found on the sheet; drawn at 1:10 — check; type: TOURIST FEATURE SIGN,Original PDFs/TC signs/TC Signs_June 2026/tourist/tc1277.pdf
TC1278,MAJOR MITCHELL HERITAGE TRAIL SITE,Tourist,MAJOR_MITCHELL_HERITAGE_TRAIL_SITE_TC1278.svg,2200x550 mm,"size from the sheet's dimension table, first row (a = 2200, b = 500); other rows are size variants not produced; type: TOURIST FEATURE SIGN",Original PDFs/TC signs/TC Signs_June 2026/tourist/tc1278.pdf
TC1286,TOURIST PANEL (LANDSCAPE),Tourist,TOURIST_PANEL_LANDSCAPE_TC1286.svg,5600x1502 mm,size from the drawing's overall width dimension (5600 mm); type: TOURIST PANEL (LANDSCAPE),Original PDFs/TC signs/TC Signs_June 2026/tourist/tc1286.pdf
TC1296,FOR TOURIST SIGNS,Tourist,FOR_TOURIST_SIGNS_TC1296.svg,1002x1201 mm,no size found on the sheet; drawn at 1:10 — check; type: NETWORK LOGO,Original PDFs/TC signs/TC Signs_June 2026/tourist/tc1296.pdf
TC1296,FOR TOURIST SIGNS,Tourist,FOR_TOURIST_SIGNS_VAR2_TC1296.svg,501x601 mm,no size found on the sheet; drawn at 1:10 — check; type: NETWORK LOGO,Original PDFs/TC signs/TC Signs_June 2026/tourist/tc1296.pdf
TC1390,,Tourist,,,no drawing found on the sheet,Original PDFs/TC signs/TC Signs_June 2026/tourist/tc1390.pdf
TC2025,DIRECTION SIGN (INITIALS),Tourist,DIRECTION_SIGN_INITIALS_TC2025.svg,1427x600 mm,no size found on the sheet; drawn at 1:10 — check; type: STATE STRATEGIC TOURING ROUTE,Original PDFs/TC signs/TC Signs_June 2026/tourist/tc2025.pdf
TC2026,DIRECTION SIGN (INITIALS),Tourist,DIRECTION_SIGN_INITIALS_TC2026.svg,1497x520 mm,no size found on the sheet; drawn at 1:10 — check; type: STATE STRATEGIC TOURING ROUTE,Original PDFs/TC signs/TC Signs_June 2026/tourist/tc2026.pdf
TC2028,DIRECTION SIGN (INITIALS),Tourist,DIRECTION_SIGN_INITIALS_TC2028.svg,1562x700 mm,no size found on the sheet; drawn at 1:10 — check; type: STATE STRATEGIC TOURING ROUTE,Original PDFs/TC signs/TC Signs_June 2026/tourist/tc2028.pdf
TC2033,END ROUTE SIGN (INITIALS),Tourist,END_ROUTE_SIGN_INITIALS_TC2033.svg,1522x600 mm,no size found on the sheet; drawn at 1:10 — check; type: STATE STRATEGIC TOURING ROUTE,Original PDFs/TC signs/TC Signs_June 2026/tourist/tc2033.pdf
TC2034,NATIONAL PARK (1 LINE),Tourist,NATIONAL_PARK_1_LINE_TC2034.svg,2104x841 mm,no size found on the sheet; drawn at 1:10 — check; type: TOURIST INFORMATION SIGN,Original PDFs/TC signs/TC Signs_June 2026/tourist/tc2034.pdf
TC2034,NATIONAL PARK (1 LINE),Tourist,NATIONAL_PARK_1_LINE_VAR2_TC2034.svg,981x81 mm,no size found on the sheet; drawn at 1:10 — check; type: TOURIST INFORMATION SIGN,Original PDFs/TC signs/TC Signs_June 2026/tourist/tc2034.pdf
TC9888,TRAIL DIRECTION SIGN,Tourist,TRAIL_DIRECTION_SIGN_TC9888.svg,260x169 mm,size from the drawing's overall width dimension (260 mm); type: TRAIL DIRECTION SIGN,Original PDFs/TC signs/TC Signs_June 2026/tourist/tc9888.pdf
TC9888,TRAIL DIRECTION SIGN,Tourist,TRAIL_DIRECTION_SIGN_VAR2_TC9888.svg,285x561 mm,no size found on the sheet; drawn at 1:10 — check; type: TRAIL DIRECTION SIGN,Original PDFs/TC signs/TC Signs_June 2026/tourist/tc9888.pdf
TC9888,TRAIL DIRECTION SIGN,Tourist,TRAIL_DIRECTION_SIGN_VAR3_TC9888.svg,419x275 mm,no size found on the sheet; drawn at 1:10 — check; type: TRAIL DIRECTION SIGN,Original PDFs/TC signs/TC Signs_June 2026/tourist/tc9888.pdf
TC1933,WATCH FOR TRAMS,Tram,WATCH_FOR_TRAMS_TC1933.svg,450x599 mm,size from the drawing's overall width dimension (450 mm); type: REGULATORY SIGN,Original PDFs/TC signs/TC Signs_June 2026/tram/TC1933.pdf
TC2017,NO U-TURN ACROSS TRAM TRACKS,Tram,NO_U_TURN_ACROSS_TRAM_TRACKS_TC2017.svg,450x937 mm,"size from the sheet's dimension table, first row (a = 450, b = 950); other rows are size variants not produced; type: WARNING SIGN",Original PDFs/TC signs/TC Signs_June 2026/tram/TC2017.pdf
TC2017,NO U-TURN ACROSS TRAM TRACKS,Tram,NO_U_TURN_ACROSS_TRAM_TRACKS_VAR2_TC2017.svg,450x908 mm,"size from the sheet's dimension table, first row (a = 450, b = 950); other rows are size variants not produced; type: WARNING SIGN",Original PDFs/TC signs/TC Signs_June 2026/tram/TC2017.pdf
TC2017,NO U-TURN ACROSS TRAM TRACKS,Tram,NO_U_TURN_ACROSS_TRAM_TRACKS_VAR3_TC2017.svg,450x449 mm,"size from the sheet's dimension table, first row (a = 450, b = 950); other rows are size variants not produced; type: WARNING SIGN",Original PDFs/TC signs/TC Signs_June 2026/tram/TC2017.pdf
TC2222,PLINTH RAIL LINE,Tram,PLINTH_RAIL_LINE_TC2222.svg,8x8 mm,"size from the sheet's dimension table, first row (a = 8, b = 600); other rows are size variants not produced; type: WARNING SIGN",Original PDFs/TC signs/TC Signs_June 2026/tram/TC2222.pdf
TC2307,STOP HERE FOR TURNBACK,Tram,STOP_HERE_FOR_TURNBACK_TC2307.svg,450x599 mm,size from the drawing's overall width dimension (450 mm); type: ADVISORY SIGN,Original PDFs/TC signs/TC Signs_June 2026/tram/TC2307.pdf
TC1627,TRUCK RESTRICTION - GATEWAY MWY,Trucks And Heavy Vehicles,TRUCK_RESTRICTION_GATEWAY_MWY_TC1627.svg,3000x1798 mm,"size from the sheet's dimension table, first row (a = 3000, b = 1800); other rows are size variants not produced; type: TRAFFIC INSTRUCTION SIGN",Original PDFs/TC signs/TC Signs_June 2026/trucks & heavy vehicles/TC1627.pdf
TC1636,SLOW TRUCKS CARRYING EXPLOSIVES NEXT ...km,Trucks And Heavy Vehicles,SLOW_TRUCKS_CARRYING_EXPLOSIVES_NEXT_KM_TC1636.svg,2100x1898 mm,size from the drawing's overall width dimension (2100 mm); type: SPECIAL WARNING SIGN,Original PDFs/TC signs/TC Signs_June 2026/trucks & heavy vehicles/TC1636.pdf
TC1688,ROAD LOAD LIMIT,Trucks And Heavy Vehicles,ROAD_LOAD_LIMIT_TC1688.svg,1200x899 mm,size from the drawing's overall width dimension (1200 mm); type: REGULATORY SIGN,Original PDFs/TC signs/TC Signs_June 2026/trucks & heavy vehicles/TC1688.pdf
TC1688,ROAD LOAD LIMIT,Trucks And Heavy Vehicles,ROAD_LOAD_LIMIT_VAR2_TC1688.svg,236x485 mm,no size found on the sheet; drawn at 1:10 — check; background assumed to be a white rectangle (outline drawn as loose strokes) — check; type: REGULATORY SIGN,Original PDFs/TC signs/TC Signs_June 2026/trucks & heavy vehicles/TC1688.pdf
TC1705,CALL POINTS NEXT ...,Trucks And Heavy Vehicles,CALL_POINTS_NEXT_TC1705.svg,1500x1000 mm,size from the drawing's overall width dimension (1500 mm); type: INFORMATION SIGN,Original PDFs/TC signs/TC Signs_June 2026/trucks & heavy vehicles/TC1705.pdf
TC1705,CALL POINTS NEXT ...,Trucks And Heavy Vehicles,CALL_POINTS_NEXT_VAR2_TC1705.svg,120x521 mm,no size found on the sheet; drawn at 1:10 — check; type: INFORMATION SIGN,Original PDFs/TC signs/TC Signs_June 2026/trucks & heavy vehicles/TC1705.pdf
TC1706,END CALL POINTS,Trucks And Heavy Vehicles,END_CALL_POINTS_TC1706.svg,1500x800 mm,size from the drawing's overall width dimension (1500 mm); type: INFORMATION SIGN,Original PDFs/TC signs/TC Signs_June 2026/trucks & heavy vehicles/TC1706.pdf
TC1707,CALL POINT,Trucks And Heavy Vehicles,CALL_POINT_TC1707.svg,500x700 mm,size from the drawing's overall width dimension (500 mm); type: INFORMATION SIGN,Original PDFs/TC signs/TC Signs_June 2026/trucks & heavy vehicles/TC1707.pdf
TC1834,TURNS FOR LONGER VEHICLES AT ..... ROUNDABOUT 1km AHEAD,Trucks And Heavy Vehicles,TURNS_FOR_LONGER_VEHICLES_AT_ROUNDABOUT_1KM_AHEAD_TC1834.svg,2400x1598 mm,size from the drawing's overall width dimension (2400 mm); type: INFORMATION SIGN,Original PDFs/TC signs/TC Signs_June 2026/trucks & heavy vehicles/TC1834.pdf
TC1834,TURNS FOR LONGER VEHICLES AT ..... ROUNDABOUT 1km AHEAD,Trucks And Heavy Vehicles,TURNS_FOR_LONGER_VEHICLES_AT_ROUNDABOUT_1KM_AHEAD_VAR2_TC1834.svg,508x502 mm,no size found on the sheet; drawn at 1:10 — check; type: INFORMATION SIGN,Original PDFs/TC signs/TC Signs_June 2026/trucks & heavy vehicles/TC1834.pdf
TC1851,TRUCK AND BUS BRAKE REST AREA ...km / m AHEAD,Trucks And Heavy Vehicles,TRUCK_AND_BUS_BRAKE_REST_AREA_KM_M_AHEAD_TC1851.svg,1900x1049 mm,size from the drawing's overall width dimension (1900 mm); type: INFORMATION SIGN,Original PDFs/TC signs/TC Signs_June 2026/trucks & heavy vehicles/TC1851.pdf
TC1851,TRUCK AND BUS BRAKE REST AREA ...km / m AHEAD,Trucks And Heavy Vehicles,TRUCK_AND_BUS_BRAKE_REST_AREA_KM_M_AHEAD_VAR2_TC1851.svg,1427x441 mm,no size found on the sheet; drawn at 1:10 — check; type: INFORMATION SIGN,Original PDFs/TC signs/TC Signs_June 2026/trucks & heavy vehicles/TC1851.pdf
TC1852,TRUCK AND BUS BRAKE REST AREA,Trucks And Heavy Vehicles,TRUCK_AND_BUS_BRAKE_REST_AREA_TC1852.svg,1900x749 mm,size from the drawing's overall width dimension (1900 mm); type: INFORMATION SIGN,Original PDFs/TC signs/TC Signs_June 2026/trucks & heavy vehicles/TC1852.pdf
TC1856,HEAVY VEHICLES CHECK LOADS BEFORE .....,Trucks And Heavy Vehicles,HEAVY_VEHICLES_CHECK_LOADS_BEFORE_TC1856.svg,2600x1398 mm,size from the drawing's overall width dimension (2600 mm); type: INFORMATION SIGN,Original PDFs/TC signs/TC Signs_June 2026/trucks & heavy vehicles/TC1856.pdf
TC1896,VEHICLES OVER ...m WIDE,Trucks And Heavy Vehicles,VEHICLES_OVER_M_WIDE_TC1896.svg,2100x2298 mm,size from the drawing's overall width dimension (2100 mm); type: INFORMATION SIGN,Original PDFs/TC signs/TC Signs_June 2026/trucks & heavy vehicles/TC1896.pdf
TC1960,... km AHEAD,Trucks And Heavy Vehicles,KM_AHEAD_TC1960.svg,2100x900 mm,size from the drawing's overall width dimension (2100 mm); type: GUIDE SIGN,Original PDFs/TC signs/TC Signs_June 2026/trucks & heavy vehicles/TC1960.pdf
TC1976,HEAVY VEHICLE CALL POINT,Trucks And Heavy Vehicles,HEAVY_VEHICLE_CALL_POINT_TC1976.svg,1500x800 mm,size from the drawing's overall width dimension (1500 mm); type: INFORMATION SIGN,Original PDFs/TC signs/TC Signs_June 2026/trucks & heavy vehicles/TC1976.pdf
TC1988,DO NOT OVERTAKE TURNING TRUCKS,Trucks And Heavy Vehicles,DO_NOT_OVERTAKE_TURNING_TRUCKS_TC1988.svg,862x1400 mm,size from the drawing's overall height dimension (1400 mm); type: TRAFFIC WARNING SIGN,Original PDFs/TC signs/TC Signs_June 2026/trucks & heavy vehicles/TC1988.pdf
TC2039,TRUCKS USE BOTH LANES AHEAD,Trucks And Heavy Vehicles,TRUCKS_USE_BOTH_LANES_AHEAD_TC2039.svg,2000x2997 mm,size from the drawing's overall width dimension (2000 mm); type: ADVANCE INFORMATION SIGN,Original PDFs/TC signs/TC Signs_June 2026/trucks & heavy vehicles/TC2039.pdf
TC2237,MINE ACCESS - ... km AHEAD,Trucks And Heavy Vehicles,MINE_ACCESS_KM_AHEAD_TC2237.svg,1500x1000 mm,size from the drawing's overall width dimension (1500 mm); type: GUIDE SIGN,Original PDFs/TC signs/TC Signs_June 2026/trucks & heavy vehicles/TC2237.pdf
TC2304,TRUCKS USE LEFT LANE FOR RIGHT TURN,Trucks And Heavy Vehicles,TRUCKS_USE_LEFT_LANE_FOR_RIGHT_TURN_TC2304.svg,1200x899 mm,"size from the sheet's dimension table, first row (a = 1200, b = 900); other rows are size variants not produced; type: INSTRUCTION SIGN",Original PDFs/TC signs/TC Signs_June 2026/trucks & heavy vehicles/TC2304.pdf
TC2318,HEAVY VEHICLE PILOT CHANGE AREA ... km AHEAD,Trucks And Heavy Vehicles,HEAVY_VEHICLE_PILOT_CHANGE_AREA_KM_AHEAD_TC2318.svg,2000x1199 mm,size from the drawing's overall width dimension (2000 mm); type: GUIDE SIGN,Original PDFs/TC signs/TC Signs_June 2026/trucks & heavy vehicles/TC2318.pdf
TC2343,VEHICLES LONGER THAN ...m TO LOOP,Trucks And Heavy Vehicles,VEHICLES_LONGER_THAN_M_TO_LOOP_TC2343.svg,1200x1898 mm,size from the drawing's overall width dimension (1200 mm); type: TRAFFIC INSTRUCTION SIGN,Original PDFs/TC signs/TC Signs_June 2026/trucks & heavy vehicles/TC2343.pdf
TC2343,VEHICLES LONGER THAN ...m TO LOOP,Trucks And Heavy Vehicles,VEHICLES_LONGER_THAN_M_TO_LOOP_VAR2_TC2343.svg,497x427 mm,no size found on the sheet; drawn at 1:10 — check; type: TRAFFIC INSTRUCTION SIGN,Original PDFs/TC signs/TC Signs_June 2026/trucks & heavy vehicles/TC2343.pdf
TC2343,VEHICLES LONGER THAN ...m TO LOOP,Trucks And Heavy Vehicles,VEHICLES_LONGER_THAN_M_TO_LOOP_VAR3_TC2343.svg,1016x179 mm,no size found on the sheet; drawn at 1:10 — check; background assumed to be a white rectangle (outline drawn as loose strokes) — check; type: TRAFFIC INSTRUCTION SIGN,Original PDFs/TC signs/TC Signs_June 2026/trucks & heavy vehicles/TC2343.pdf
TC2350,BRAKE SAFELY/AVOID UNNECESSARY ENGINE BRAKING FOR RESIDENTS,Trucks And Heavy Vehicles,BRAKE_SAFELY_AVOID_UNNECESSARY_ENGINE_BRAKING_FOR_RESIDENTS_TC2350.svg,120x103 mm,size from the drawing's overall width dimension (120 mm); type: TRAFFIC INSTRUCTION SIGN,Original PDFs/TC signs/TC Signs_June 2026/trucks & heavy vehicles/TC2350.pdf
TC2351,LEFT TURN/RIGHT TURN NOT SUITABLE  FOR VEHICLES OVER ...m,Trucks And Heavy Vehicles,LEFT_TURN_RIGHT_TURN_NOT_SUITABLE_FOR_VEHICLES_OVER_M_TC2351.svg,1502x1200 mm,size from the drawing's overall height dimension (1200 mm); type: WARNING SIGN,Original PDFs/TC signs/TC Signs_June 2026/trucks & heavy vehicles/TC2351.pdf
TC2372,INFORMATION SIGN,Trucks And Heavy Vehicles,INFORMATION_SIGN_TC2372.svg,1800x1618 mm,size from the drawing's overall width dimension (1800 mm); type: INFORMATION SIGN,Original PDFs/TC signs/TC Signs_June 2026/trucks & heavy vehicles/TC2372.pdf
TC2374,HEAVY VEHICLE REST AREA ...m on LEFT,Trucks And Heavy Vehicles,HEAVY_VEHICLE_REST_AREA_M_ON_LEFT_TC2374.svg,3000x1199 mm,size from the drawing's overall width dimension (3000 mm); type: SERVICE / INFORMATION SIGN,Original PDFs/TC signs/TC Signs_June 2026/trucks & heavy vehicles/TC2374.pdf
TC1213,DANGEROUS GOODS ROUTE (LEFT & RIGHT),Trucks And Heavy Vehicles,DANGEROUS_GOODS_ROUTE_LEFT_RIGHT_LEFT_TC1213.svg,1350x1349 mm,"size from the sheet's dimension table, first row (a = 1350); other rows are size variants not produced; type: RIGHT",Original PDFs/TC signs/TC Signs_June 2026/trucks & heavy vehicles/Tc1213.pdf
TC1213,DANGEROUS GOODS ROUTE (LEFT & RIGHT),Trucks And Heavy Vehicles,DANGEROUS_GOODS_ROUTE_LEFT_RIGHT_VAR2_TC1213.svg,1350x1349 mm,"size from the sheet's dimension table, first row (a = 1350); other rows are size variants not produced; type: RIGHT",Original PDFs/TC signs/TC Signs_June 2026/trucks & heavy vehicles/Tc1213.pdf
TC1410,JONES STREET LOAD LIMIT & ALTERNATIVE ROUTE SIGN,Trucks And Heavy Vehicles,JONES_STREET_LOAD_LIMIT_ALTERNATIVE_ROUTE_SIGN_TC1410.svg,1400x1599 mm,size from the drawing's overall width dimension (1400 mm); type: JONES STREET,Original PDFs/TC signs/TC Signs_June 2026/trucks & heavy vehicles/Tc1410.pdf
TC1410,JONES STREET LOAD LIMIT & ALTERNATIVE ROUTE SIGN,Trucks And Heavy Vehicles,JONES_STREET_LOAD_LIMIT_ALTERNATIVE_ROUTE_SIGN_JONES_STREET_TC1410.svg,1758x85 mm,no size found on the sheet; drawn at 1:10 — check; type: JONES STREET,Original PDFs/TC signs/TC Signs_June 2026/trucks & heavy vehicles/Tc1410.pdf
TC1417,NO OVERNIGHT STAYS BY OTHER THAN HEAVY VEHICLES,Trucks And Heavy Vehicles,NO_OVERNIGHT_STAYS_BY_OTHER_THAN_HEAVY_VEHICLES_TC1417.svg,1000x600 mm,size from the drawing's overall width dimension (1000 mm); type: GUIDE SIGN,Original PDFs/TC signs/TC Signs_June 2026/trucks & heavy vehicles/Tc1417.pdf
TC1748,NO WIDE VEHICLES OVER  ... m,Trucks And Heavy Vehicles,NO_WIDE_VEHICLES_OVER_M_TC1748.svg,1600x999 mm,size from the drawing's overall width dimension (1600 mm); type: INFORMATION SIGN,Original PDFs/TC signs/TC Signs_June 2026/trucks & heavy vehicles/Tc1748.pdf
TC9657,VEHICLES OVER ...t GROSS HEAVY VEHICLES ROUTE,Trucks And Heavy Vehicles,VEHICLES_OVER_T_GROSS_HEAVY_VEHICLES_ROUTE_TC9657.svg,2100x899 mm,"size from the sheet's dimension table, first row (a = 2100, b = 900); other rows are size variants not produced; type: TRAFFIC INSTRUCTION SIGN",Original PDFs/TC signs/TC Signs_June 2026/trucks & heavy vehicles/Tc9657.pdf
TC1154,NO CAMPING OR OVERNIGHT CARAVANS,Trucks And Heavy Vehicles,NO_CAMPING_OR_OVERNIGHT_CARAVANS_TC1154.svg,1000x650 mm,size from the drawing's overall width dimension (1000 mm); type: GUIDE SIGN,Original PDFs/TC signs/TC Signs_June 2026/trucks & heavy vehicles/tc1154.pdf
TC1198,DANGEROUS GOODS ROUTE,Trucks And Heavy Vehicles,DANGEROUS_GOODS_ROUTE_TC1198.svg,1273x1266 mm,no size found on the sheet; drawn at 1:10 — check; type: INFORMATION SIGN,Original PDFs/TC signs/TC Signs_June 2026/trucks & heavy vehicles/tc1198.pdf
TC1199,DANGEROUS GOODS VEHICLES RESTRICTED AREA,Trucks And Heavy Vehicles,DANGEROUS_GOODS_VEHICLES_RESTRICTED_AREA_TC1199.svg,1350x1949 mm,"size from the sheet's dimension table, first row (a = 1350, b = 1950); other rows are size variants not produced; type: INFORMATION SIGN",Original PDFs/TC signs/TC Signs_June 2026/trucks & heavy vehicles/tc1199.pdf
TC1598,TRUCKS TURNING DO NOT OVERTAKE NEXT ...m,Trucks And Heavy Vehicles,TRUCKS_TURNING_DO_NOT_OVERTAKE_NEXT_M_TC1598.svg,1800x900 mm,size from the drawing's overall width dimension (1800 mm); type: INFORMATION SIGN,Original PDFs/TC signs/TC Signs_June 2026/trucks & heavy vehicles/tc1598.pdf
TC9709,RESIDENTIAL AREA AVOID USING ENGINE BRAKES,Trucks And Heavy Vehicles,RESIDENTIAL_AREA_AVOID_USING_ENGINE_BRAKES_TC9709.svg,1200x999 mm,"size from the sheet's dimension table, first row (a = 1200, b = 1000); other rows are size variants not produced; type: GUIDE SIGN",Original PDFs/TC signs/TC Signs_June 2026/trucks & heavy vehicles/tc9709.pdf
TC9782,INFORMATION SIGN,Trucks And Heavy Vehicles,INFORMATION_SIGN_TC9782.svg,166x59 mm,size from the drawing's overall width dimension (166 mm); background assumed to be a white rectangle (outline drawn as loose strokes) — check; type: TRUCK STOP SERVICE /,Original PDFs/TC signs/TC Signs_June 2026/trucks & heavy vehicles/tc9782.pdf
TC9782,INFORMATION SIGN,Trucks And Heavy Vehicles,INFORMATION_SIGN_VAR2_TC9782.svg,1481x95 mm,no size found on the sheet; drawn at 1:10 — check; type: TRUCK STOP SERVICE /,Original PDFs/TC signs/TC Signs_June 2026/trucks & heavy vehicles/tc9782.pdf
TC9879,TRUCKS AND ARTICULATED VEHICLES MUST TURN LEFT 7AM - 7 PM,Trucks And Heavy Vehicles,TRUCKS_AND_ARTICULATED_VEHICLES_MUST_TURN_LEFT_7AM_7_PM_TC9879.svg,115x115 mm,size from the drawing's overall width dimension (115 mm); type: INSTRUCTION SIGN,Original PDFs/TC signs/TC Signs_June 2026/trucks & heavy vehicles/tc9879.pdf
TC1812,PROHIBITED IN TUNNEL - USE ALTERNATE ROUTE,Tunnel,PROHIBITED_IN_TUNNEL_USE_ALTERNATE_ROUTE_TC1812.svg,2150x2198 mm,"size from the sheet's dimension table, first row (a = 2150, b = 2600); other rows are size variants not produced; type: WARNING SIGN",Original PDFs/TC signs/TC Signs_June 2026/tunnel/TC1812.pdf
TC1813,TUNNEL CLEARANCE .. m OVERHEIGHT VEHICLES MUST EXIT RIGHT,Tunnel,TUNNEL_CLEARANCE_M_OVERHEIGHT_VEHICLES_MUST_EXIT_RIGHT_TC1813.svg,6000x2380 mm,"size from the sheet's dimension table, first row (a = 6000, b = 2200); other rows are size variants not produced; type: WARNING SIGN",Original PDFs/TC signs/TC Signs_June 2026/tunnel/TC1813.pdf
TC1931,OVERHEIGHT VEHICLE DETECTION AHEAD HEIGHT LIMIT ...m IN TUNNEL,Tunnel,OVERHEIGHT_VEHICLE_DETECTION_AHEAD_HEIGHT_LIMIT_M_IN_TUNNEL_TC1931.svg,2000x2412 mm,size from the drawing's overall width dimension (2000 mm); type: ADVANCE ADVISORY SIGN,Original PDFs/TC signs/TC Signs_June 2026/tunnel/TC1931.pdf
TC1932,OVERHEIGHT VEHICLE DETECTION,Tunnel,OVERHEIGHT_VEHICLE_DETECTION_TC1932.svg,2000x1199 mm,"size from the sheet's dimension table, first row (a = 2000, b = 1200); other rows are size variants not produced; type: INFORMATION SIGN",Original PDFs/TC signs/TC Signs_June 2026/tunnel/TC1932.pdf
TC1943,LAST EXIT BEFORE TUNNEL,Tunnel,LAST_EXIT_BEFORE_TUNNEL_TC1943.svg,240x160 mm,size from the drawing's overall width dimension (240 mm); type: INFORMATION SIGN,Original PDFs/TC signs/TC Signs_June 2026/tunnel/TC1943.pdf
TC2066,WARNING SIGN,Tunnel,WARNING_SIGN_TC2066.svg,2196x1276 mm,no size found on the sheet; drawn at 1:10 — check; type: WARNING SIGN,Original PDFs/TC signs/TC Signs_June 2026/tunnel/TC2066.pdf
TC1750,PROHIBITED IN TUNNEL - USE ALTERNATE ROUTE,Tunnel,PROHIBITED_IN_TUNNEL_USE_ALTERNATE_ROUTE_TC1750.svg,1421x1188 mm,no size found on the sheet; drawn at 1:10 — check; type: WARNING SIGN,Original PDFs/TC signs/TC Signs_June 2026/tunnel/Tc1750.pdf
TC1079,VERY STEEP DESCENT NEXT ... km,Warning,VERY_STEEP_DESCENT_NEXT_KM_TC1079.svg,3200x2000 mm,size from the drawing's overall width dimension (3200 mm); type: GUIDE SIGN,Original PDFs/TC signs/TC Signs_June 2026/warning/Tc1079.pdf
TC9611,SCHOOL BUS ENTERING,Warning,SCHOOL_BUS_ENTERING_TC9611.svg,1026x1025 mm,no size found on the sheet; drawn at 1:10 — check; type: WARNING SIGN,Original PDFs/TC signs/TC Signs_June 2026/warning/Tc9611.pdf
TC9611,SCHOOL BUS ENTERING,Warning,SCHOOL_BUS_ENTERING_VAR2_TC9611.svg,1377x80 mm,no size found on the sheet; drawn at 1:10 — check; background assumed to be a white rectangle (outline drawn as loose strokes) — check; type: WARNING SIGN,Original PDFs/TC signs/TC Signs_June 2026/warning/Tc9611.pdf
TC9944,BUS AND STUDENT (SYMBOLIC),Warning,BUS_AND_STUDENT_SYMBOLIC_TC9944.svg,228x228 mm,"size from the sheet's dimension table, first row (a = 228, b = 600); other rows are size variants not produced; type: WARNING SIGN",Original PDFs/TC signs/TC Signs_June 2026/warning/Tc9944.pdf
TC9945,SCHOOL BUS ROUTE,Warning,SCHOOL_BUS_ROUTE_TC9945.svg,238x238 mm,"size from the sheet's dimension table, first row (a = 238, b = 600); other rows are size variants not produced; type: WARNING SIGN",Original PDFs/TC signs/TC Signs_June 2026/warning/Tc9945.pdf
TC1033,NARROW SHOULDERS,Warning,NARROW_SHOULDERS_TC1033.svg,989x989 mm,no size found on the sheet; drawn at 1:10 — check; type: SPECIAL HAZARD WARNING SIGN,Original PDFs/TC signs/TC Signs_June 2026/warning/tc1033.pdf
TC1249,WITH TARGET BOARD,Warning,WITH_TARGET_BOARD_TC1249.svg,992x991 mm,no size found on the sheet; drawn at 1:10 — check; type: WARNING SIGN,Original PDFs/TC signs/TC Signs_June 2026/warning/tc1249.pdf
TC1346,NARROW BRIDGE,Warning,NARROW_BRIDGE_TC1346.svg,400x400 mm,"size from the sheet's dimension table, first row (a = 400, b = 600); other rows are size variants not produced; type: SPECIAL WARNING SIGN",Original PDFs/TC signs/TC Signs_June 2026/warning/tc1346.pdf
TC1346,NARROW BRIDGE,Warning,NARROW_BRIDGE_SUPPLEMENTARY_PLATE_TC1346.svg,600x400 mm,"size from the sheet's dimension table, first row (a = 600, b = 400); other rows are size variants not produced; type: SPECIAL WARNING SIGN",Original PDFs/TC signs/TC Signs_June 2026/warning/tc1346.pdf
TC1346,NARROW BRIDGE,Warning,NARROW_BRIDGE_VAR3_TC1346.svg,260x154 mm,size from the drawing's overall width dimension (260 mm); type: SPECIAL WARNING SIGN,Original PDFs/TC signs/TC Signs_June 2026/warning/tc1346.pdf
TC1358,FORKLIFT (SYMBOLIC),Warning,FORKLIFT_SYMBOLIC_TC1358.svg,8x8 mm,"size from the sheet's dimension table, first row (a = 8, b = 600); other rows are size variants not produced; type: WARNING SIGN",Original PDFs/TC signs/TC Signs_June 2026/warning/tc1358.pdf
TC9306,SCHOOL BUS TURNING,Warning,SCHOOL_BUS_TURNING_TC9306.svg,10x10 mm,"size from the sheet's dimension table, first row (a = 10, b = 750); other rows are size variants not produced; type: WARNING SIGN",Original PDFs/TC signs/TC Signs_June 2026/warning/tc9306.pdf
TC9729,HAZARD FOR LONG VEHICLE,Warning,HAZARD_FOR_LONG_VEHICLE_TC9729.svg,8x8 mm,"size from the sheet's dimension table, first row (a = 8, b = 600); other rows are size variants not produced; type: WARNING SIGN",Original PDFs/TC signs/TC Signs_June 2026/warning/tc9729.pdf
TC9872,UNTRAFFICABLE ROAD,Warning,UNTRAFFICABLE_ROAD_TC9872.svg,1172x1174 mm,no size found on the sheet; drawn at 1:10 — check; type: WARNING SIGN,Original PDFs/TC signs/TC Signs_June 2026/warning/tc9872.pdf
TC9952,MODIFIED LANE ALLOCATION,Warning,MODIFIED_LANE_ALLOCATION_TC9952.svg,192x192 mm,size from the drawing's overall height dimension (192 mm); type: WARNING SIGN,Original PDFs/TC signs/TC Signs_June 2026/warning/tc9952.pdf
TC9952,MODIFIED LANE ALLOCATION,Warning,MODIFIED_LANE_ALLOCATION_VAR2_TC9952.svg,699x338 mm,no size found on the sheet; drawn at 1:10 — check; type: WARNING SIGN,Original PDFs/TC signs/TC Signs_June 2026/warning/tc9952.pdf
TC1621,WITH TARGET BOARD,Wildlife,WITH_TARGET_BOARD_TC1621.svg,841x1080 mm,no size found on the sheet; drawn at 1:10 — check; type: WILDLIFE WARNING SIGN,Original PDFs/TC signs/TC Signs_June 2026/wildlife/TC1621.pdf
TC1622,,Wildlife,,,no drawing found on the sheet,Original PDFs/TC signs/TC Signs_June 2026/wildlife/TC1622.pdf
TC1918,WITH TARGET BOARD,Wildlife,WITH_TARGET_BOARD_TC1918.svg,1120x2397 mm,"size from the sheet's dimension table, first row (a = 1120); other rows are size variants not produced; type: WILDLIFE WARNING SIGN",Original PDFs/TC signs/TC Signs_June 2026/wildlife/TC1918.pdf
TC1918,WITH TARGET BOARD,Wildlife,WITH_TARGET_BOARD_VAR2_TC1918.svg,3600x2018 mm,size from the drawing's overall width dimension (3600 mm); type: WILDLIFE WARNING SIGN,Original PDFs/TC signs/TC Signs_June 2026/wildlife/TC1918.pdf
