diagram,size,alternatives,xheight,colours,text
p500basictriangle,,,,BACKGROUND --- WHITE BORDER ------ RED TABLE OF DIMENSIONS IN MILLIMETRES H GIVEN------- H_|600]|750| 900 |1200|1500] 1800 HEIGHT GIVEN(H+10) = B | 60| 75 | 90 | 120 | 150 | 180 OO O V ; GIVEN----- R,"Drawing No. Before using this drawing, confirm p 500 that it has not been superseded. same as R /\ oOo © CROWN COPYRIGHT NOTES: 1. These are the dimensions for the 600, 750, 900, 1200, 1500 and 1800mm triangles. 2. Triangular signs are identified by their height ‘H’. 3. COLOURS : Background ——— WHITE Border -----— RED TABLE OF DIMENSIONS in millimetres H Given——-—-—— H_|600]|750| 900 |1200|1500] 1800 height Given(H+10) = B | 60| 75 | 90 | 120 | 150 | 180 Oo o V ; Given————— R | 45[ 56 [| 68 | 90 | 113 | 136 sign ~ H-(3B-R) = V_| 465] 581 | 698 | 930 |1163 | 1396 sl 2V tan30°_ = S | 537[671| 805 [1074/1342| 1610 a 2(B=R) =D | 30[33 | 45 | 60 | 75 [ 90 ’ i $+2D sin60” = C [589/736 [883 [1178] 1472| 1766 a C+2R = W | 679/849 |1018|1358|1697| 2036 L I S+2Btan60° = L [745/931 [1117 [1490] 1862/2234 (—— H+R = 0 | 645[806 | 968 [1290/1613 | 1936 B wa (L/2)tan30° = M | 215[269| 323 | 430 | 538 | 646 ZL x | Area (sq. metres) |0.24/0.37]0.53 | 0.94| 1.47 | 2.12 T f S Cc W width of sign ——————+} I L P500 Title : Warning Sign Issue: Date: Drawn by : Dimensions : | Drawing No. Department for A: 206.94 SP. Transport BASIC TRIANGLE 0: 87.05] Approved by:/ as sHowN | =P 500 E: 14.11.11 R.M. "
p504x1,600,750 900 1200 1500,,"BORDER ------ RED BACKGROUND --- WHITE | SYMBOL ------ BLACK 4, SEE SHEET 2 FOR VARIANT. | 600 (750) (900) (1200) (1500) 310 [= 100 | ! 250 |","Drawing No. ae s00 © CROWN COPYRIGHT P 504.1 € NOTES : 1. Other dimensions for the triangle are shown Sheet 1 of 2 on drawing P S00. 2. All 600mm sign dimensions shall be varied I proportionally for the other triangle heights. 3. COLOURS : Border ------ RED Background ——— WHITE | Symbol —----— BLACK 4, See sheet 2 for variant. | 600 (750) (900) (1200) (1500) 310 [= 100 | ! 250 | Before using this drawing, confirm P504x1-1 that it has not been superseded. Title: i 7 Issue: Date: | Drawn by: Dimensions: Drawing No. Warning Sign y 9 Department for at ooeea| Sp. P 5041 Transport CROSSROADS AHEAD 5: 3304| sgproves by | MILLIMETRES Cc: R.M. Sheet 1 of 2 "
p505x1,600,750 900 1200 1500,,BORDER -------- RED BACKGROUND --- WHITE SYMBOL ------ BLACK . THE SYMBOL MAY BE REVERSED. 600 (750) (900) | (1200) 50 (1500) 7 210 160 20 100 |= 100 | 55 |= I} 255 |,"Drawing No. Related Drawing © CROWN COPYRIGHT P 505.1 | P 500 € ens NOTES : 1. Other dimensions for the triangle are shown on drawing P 500. 2. All 600mm sign dimensions shall be varied proportionally for the other triangle heights. 3. COLOURS : Border —----—-— RED Background ——— WHITE Symbol —----— BLACK . The symbol may be reversed. 600 (750) (900) | (1200) 50 (1500) 7 210 160 20 100 |= 100 | 55 |= i} 255 | Before using this drawing, confirm P505x1 that it has not been superseded. Title: i i Issue: Date: | Drawn by: Dimensions: Drawing No. Warning Sign ye 9 Department for A: 20.6.94 S.P. Transport T—JUNCTION AHEAD B: 3.3.04 | Approved by:| MILLIMETRES P 50 5 . ‘ Cc: R.M. "
p506x1,600,750 900 1200 1500,,BORDER ------ RED I BACKGROUND --- WHITE SYMBOL ------ BLACK 4. THE SYMBOL MAY BE REVERSED. SEE SHEET 2 15 | FOR VARIANT. | | 600 (750) | (900) 150 (1200) (1500) ---* 310 50 110 20 I 100 =| 175 BEFORE,"Drawing No. TsO © CROWN COPYRIGHT P 506.1 € NOTES : 1. Other dimensions for the triangle are shown Sheet 1 of 2 on drawing P 500. 2. All 600mm sign dimensions shall be varied proportionally for the other triangle heights. 3. COLOURS : Border ------ RED I Background ——— WHITE Symbol —----— BLACK 4. The symbol may be reversed. See sheet 2 15 | for variant. | | 600 (750) | (900) 150 (1200) (1500) ———* 310 50 110 20 I 100 =| 175 Before using this drawing, confirm P506x1—-1 that it has not been superseded. Title: i 7 Issue: Date: | Drawn by: Dimensions: Drawing No. Warning Sign y 9 Department for at ooeea| Sp. P 5061 Transport SIDE ROAD AHEAD 5: 4304| approves by | MILLIMETRES Cc: R.M. Sheet 1 of 2 "
p507x1,600,750 900 1200 1500,,BORDER ------- RED BACKGROUND --- WHITE | SYMBOL ------ BLACK . THE SYMBOL MAY BE REVERSED. SEE SHEET 2 FOR VARIANT. | 600 (750) 100 (900) (1200) 50 (1500) R 310 50 160 RE - LE 355 60 ; 20 75 FE 100--,"Drawing No. Related Drawing © CROWN COPYRIGHT P 507.1 [| _P 500 € imensi NOTES : 1. Other dimensions for the triangle are shown Sheet 1 of 2 on drawing P 500. . All 600mm sign dimensions shall be varied I proportionally for the other triangle heights. . COLOURS : Border —----—— RED Background ——— WHITE | Symbol —----— BLACK . The symbol may be reversed. See sheet 2 for variant. | 600 (750) 100 (900) (1200) 50 (1500) r 310 50 160 re — le 355 60 ; 20 75 fe 100—-| 75 250 | Before using this drawing, confirm P507x1-1 that it has not been superseded. Title: i 7 Issue: Date: | Drawn by: Dimensions: Drawing No. Warning Sign y 9 Department for at ooeea| sp. P 5071 Transport STAGGERED JUNCTION AHEAD | 8: 43.04] Approved by:| MILLIMETRES Sheet 1 ot 2 Cc: R.M. hee ° "
p508x1,600,750 900 1200 1500,,BORDER -------- RED BACKGROUND --- WHITE SYMBOL ------ BLACK 600 (750) (900) (1200) (1500) 325 40 60,"Drawing No. Related Drawing P 508.1 |__P 500 © CROWN COPYRIGHT NOTES : 1. Other dimensions for the triangle are shown on P 500. 2. All 600mm sign dimensions shall be varied proportionally for the other triangle heights. 3. COLOURS : Border —----—-— RED Background ——— WHITE Symbol —----— BLACK 600 (750) (900) (1200) (1500) 325 40 60 Before using this drawing, confirm P508x1 that it has not been superseded. Department for itle Warning Sign ‘seve isco mewn by Dimensions Drawing No. Transport | trarric weRGING FROM LEFT | & roproved by:] miLuMETRES | P OOS. | Cc: R.M. "
p509x1,600,750 900 1200 1500,,BORDER ------ RED BACKGROUND --- WHITE SYMBOL ------ BLACK 275 20 ~~ 35;,"Drawing No. Related Drawing P 509.1 |_P 500 600 (750) (900) (1200) (1500) » 45° © CROWN COPYRIGHT NOTES : 1. Other dimensions for the triangle are shown on P 500. 2. All 600mm sign dimensions shall be varied proportionally for the other triangle heights. 3. COLOURS : Border —----— RED Background ——— WHITE Symbol -----— BLACK 275 20 ~~ 35; Before using this drawing, confirm P509x1 that it has not been superseded. Department for itle Warning Sign ‘ssue oes Prewn ay Dimensions Drawing No. Ti t TRAFFIC MERGES ONTO : ~ ranspor B: Approved by:| MILLIMETRES P 509.1 MAIN CARRIAGEWAY Cc: R.M. "
p510,600,750 900 1200 1500,,BORDER ------- RED BACKGROUND --- WHITE SYMBOL ------ BLACK 600 (750 (900 (1200 (1500 SSI VS DA 170 DIA-| 270 DIA,"Drawing No. Related Drawing P 510 | P 500 ¢ © CROWN COPYRIGHT NOTES : 1. Other dimensions for the triangle are shown on drawing P 500. . All 600mm sign dimensions shall be varied proportionally for the other triangle heights. . COLOURS : Border —-----— RED Background ——— WHITE Symbol —----— BLACK 600 (750 (900 (1200 (1500 SSI VS Da 170 dia—| 270 dia Before using this drawing, confirm P510 that it has not been superseded. Title: i i Issue: Date: | Drawn by: Dimensions: Drawing No. Warning Sign ye 9 Department for A: 21.6.94 S.P. Transport | = RounDABOUT AHEAD — | 8 19504] seprves by] muumerses} =P 510 Cc: R.M. "
p512,600,750 900 1200 1500,,BORDER RED BACKGROUND --- WHITE SYMBOL ------- BLACK 600 SE) 20 (750) (900) (1200) 139 99 (1500) 125 VARIANT --“___ 20 65 | 70 |,"Drawing No. Related Drawing (©) CROWN COPYRIGHT P 512 P 500 NOTES : Other dimensions for the triangle are shown on drawing P 500. All 600mm sign dimensions shall be varied proportionally for the other triangle heights. —---—-—— COLOURS : Border RED Background ——— WHITE Symbol —-————— BLACK 600 se) 20 (750) (900) (1200) 139 99 (1500) 125 VARIANT ——“___ 20 65 | 70 | Before using this drawing, confirm P512 that it has not been superseded. Title Warning Sign Issue: Date: Drawn by: Dimensions: Drawing No. Department for A 21.6.94 S.P. BEND AHEAD B 11.5.04 | Approved by: MILLIMETRES P O12 ransport Cc R.M. "
p512x1,600,750 900 1200 1500,,BORDER -------- RED BACKGROUND --- WHITE SYMBOL ------ BLACK 600 (750) (900) (1200) (1500) 242 VARIANT 654 | OG | 25 . A . .,"Drawing No. Related Drawing P 512.1 P S00 © CROWN COPYRIGHT ¢ NOTES : 1. Other dimensions for the triangle are shown on drawing P 500. 2. All 600mm sign dimensions shall be varied proportionally for the other triangle heights. 3. COLOURS : Border —----—-— RED Background ——— WHITE Symbol —----— BLACK 600 (750) (900) (1200) (1500) 242 VARIANT 654 | og | 25 . A . . Before using this drawing, confirm P512x1 that it has not been superseded. Title: i i Issue: Date: | Drawn by: Dimensions: Drawing No. Warning Sign ye 9g Department for At 1604 SP Transport | junction oN BEND AHEAD | 8 1506] aopoves y+] muumerres! P5124 Cc: R.M. "
p512x2,600,750 900 1200 1500,,BORDER -------- RED BACKGROUND --- WHITE SYMBOL ------ BLACK 600 (750) (900) (1200) (1500) - 242 A 115 VARIANT I 20 654 | OG | 25 . A . .,"Drawing No. Related Drawing © CROWN COPYRIGHT P 512.2|_P 500 “ene; ; ¢ NOTES : 1. Other dimensions for the triangle are shown on drawing P 500. 2. All 600mm sign dimensions shall be varied proportionally for the other triangle heights. 3. COLOURS : Border —----—-— RED Background ——— WHITE Symbol —----— BLACK 600 (750) (900) (1200) (1500) — 242 a 115 VARIANT I 20 654 | og | 25 . A . . Before using this drawing, confirm P512x2 that it has not been superseded. Title: i i Issue: Date: | Drawn by: Dimensions: Drawing No. Warning Sign ye 9g Department for A: 21.6.94 S.P. Transport | junction on BEND AHEAD | 8 17504] apres wy:] mumerres| P 519 9 Cc: R.M. "
p512x3,600,750 900 1200 1500,,"BORDER --~----- RED BACKGROUND ---- WHITE \ SYMBOL ------- BLACK 600 5 © (750) OH . ~~ 20 (900) OE (1200) > \ V (1500) SO 242 55 I 20 _| VARIANT R-65--4 --94 25 : : . ,","Drawing No. Related Drawing P 512.3 |P 500, P 512.1, P 512.2 ¢ © CROWN COPYRIGHT NOTES 1. Other dimensions for the triangle and enclosed symbol are shown in P 500, P 512.1 and P 512.2. I 2. All 600mm sign dimensions shall be varied proportionally for the other triangle \ heights. 3. COLOURS: Border -—~----— RED Background —-—— WHITE \ Symbol —-----— BLACK 600 5 © (750) oh . ~~ 20 (900) oe (1200) > \ v (1500) So 242 55 I 20 _| VARIANT r-65-—4 -—94 25 : : . , Before using this drawing, confirm P512x3 that it has not been superseded. Title: j i Issue: Date: Drawn by : Dimensions : | Drawing No. Warning Sign y 9g Department for At Ante AK B: Approved by:| MILLIMETRES Pp 51 2. 3 Transport CROSSROADS ON BEND AHEAD Cc: J.B. "
p513,600,750 900 1200 1500,,BACKGROUND --- WHITE SYMBOL ------ BLACK 4. THE SYMBOL MAY BE REVERSED. 600 (750) (900) (1200) ; P BE (1500) R- 270 140 | | )} 20 60 [35| 75 60 MT 250,"Drawing No. Related Drawing P 513 | P 900 © CROWN COPYRIGHT NOTES: — 1. Other dimensions for the triangle are shown on P 500. 2. All 600mm sign dimensions shall be varied proportionally for the other triangle heights. 3. COLOURS : Background ——— WHITE Symbol —----— BLACK 4. The symbol may be reversed. 600 (750) (900) (1200) ; P Be (1500) r- 270 140 | | )} 20 60 [35| 75 60 mT 250 Before using this drawing, confirm P513 that it has not been superseded. Department for Title: Warning Sign Issue: Date: | Drawn by: Dimensions: Drawing No. DOUBLE BEND OR SERIES need Danae ALL IN Transport OF BENDS AHEAD ge Bireel amos! wunerres| POTS "
p516,600,750 900 1200 1500,,BORDER ------ RED BACKGROUND --- WHITE SYMBOL ------ BLACK 310 200,"Drawing No. P 516 Related Drawing P 500 600 (750) (900) (1200) (1500) © CROWN COPYRIGHT NOTES : 1. Other dimensions for the triangle are shown on drawing P 500. 2. All 600mm sign dimensions shall be varied proportionally for the other triangle heights. 45| 55 | 55 | 45 3. COLOURS : Border —----— RED Background ——— WHITE Symbol -----— BLACK 310 200 Before using this drawing, confirm P516 that it has not been superseded. Department for itle Warning Sign ‘ssue seacs Prewn ad Dimensions Drawing No. Transport ROAD NARROWS ON a: 96.08 approved sy:| muLMeTRES| =P 516 BOTH SIDES AHEAD Cc: R.M. "
p517,600,750 900 1200 1500,,BORDER -------- RED BACKGROUND --- WHITE SYMBOL ------ BLACK 600 (750) (900) (1200) (1500) 310 VARIANT 45 55 | 45 15,"Drawing No. Related Drawing P 517 |_P 500 © CROWN COPYRIGHT ¢ NOTES : 1. Other dimensions for the triangle are shown on drawing P 500. 2. All 600mm sign dimensions shall be varied proportionally for the other triangle heights. 3. COLOURS : Border —----—-— RED Background ——— WHITE Symbol -----— BLACK 600 (750) (900) (1200) (1500) 310 VARIANT 45 55 | 45 15 Before using this drawing, confirm P517 160 that it hos not been “superseded. Department for itle Warning Sign issue nace row .” Dimensions Drawing No. Transport ROAD NARROWS ON 8: 106.04 | Approves by:| miuinerRes| §= P51 7 ONE SIDE AHEAD c: RM. "
p520,600,750 900 1200 1500,,BORDER -------- RED BACKGROUND --- WHITE SYMBOL ------ BLACK 600 (750) 170 (900) (1200) INSIDE 40 350 (1500) RADII 40 140 20,"Drawing No. Related Drawing © CROWN COPYRIGHT P 520 | P 500 ¢ NOTES : 1. Other dimensions for the triangle are shown on drawing P 500. 2. All 600mm sign dimensions shall be varied proportionally for the other triangle heights. 3. COLOURS : Border —----—-— RED Background ——— WHITE Symbol -----— BLACK 600 (750) 170 (900) (1200) inside 40 350 (1500) radii 40 140 20 Before using this drawing, confirm P520 that it has not been superseded. Title: . . Issue: Date: | Drawn by: Dimensions: Drawing No. Department for Warning Sign AD 226.94 SP. Transport B: 10.6.04 | Approved by:| MILLIMETRES P 5K ? O DUAL CARRIAGEWAY ENDS AHEAD Cc: R.M. "
p521,600,750 900 1200,,BORDER RED BACKGROUND --- WHITE ARROWS -----~- BLACK 600 (750) (900) (1200) ARROW (1 500) DETAILS 245 50 50 F100 | -| 42 + 80-+,"Drawing No. Related Drawing © CROWN COPYRIGHT P 521 | P 800 ¢ NOTES : 1. Other dimensions for the triangle are shown on drawing P 500. . All 600mm sign dimensions shall be varied proportionally for the other triangle heights. . COLOURS : Border RED Background ——— WHITE Arrows —-—-—~— BLACK 600 (750) (900) (1200) ARROW (1 500) DETAILS 245 50 50 F100 | —| 42 + 80-+ Before using this drawing, confirm P521 that it has not been superseded. Title: . . Issue: Date: | Drawn by: Dimensions: Drawing No. Transport Warning Sign A: 22.6.94 SP. p 524 _ B: 11.6.04 | Approved by:| MILLIMETRES P TWO-WAY TRAFFIC 8: oved "
p522,600,750 900 1200,,BORDER --------- RED BACKGROUND --- WHITE ARROWS -----~- BLACK 600 (750) (900) ARROW DETAILS (1200) LL 100 ------ 0 ILL 50 | 50 245 204 141 P522 DEPARTMENT FOR TITLE: WARNING SIGN ISSUE: DATE: | DRAWN,Drawing No. Related Drawing © CROWN COPYRIGHT P 522| P 500 ¢ NOTES : 1. Other dimensions for the triangle are shown on drawing P 500. 2. All 600mm sign dimensions shall be varied proportionally for the other triangle heights. 3. COLOURS : Border -—--—-—-— RED Background ——— WHITE Arrows —-—-—~— BLACK 600 (750) (900) ARROW DETAILS (1200) ll 100 -——-—- 0 Ill 50 | 50 245 204 141 P522 Department for Title: Warning Sign Issue: Date: | Drawn by: Dimensions: Drawing No. A: 22.6.94 S.P. Transport TWO-WAY TRAFFIC B: 146.04 | Approved by:| MILLIMETRES PS) 522 ON ROUTE CROSSING AHEAD c: RM. 
p523x1,,,x,BORDER BACKGROUND LEGEND & SYMBOL --- BLACK © CROWN COPYRIGHT OTHER DIMENSIONS FOR THE TRIANGLE ARE SHOWN ON DRAWING P 500. THE OTHER TRIANGLE HEIGHTS. BAE P523X1 . THE LEGEND IS FROM THE TRANSP,"Drawing No. Related Drawing P 523.1 |_P 500 NOTES: — 1. . COLOURS : Border Background Legend & Symbol ——— BLACK © CROWN COPYRIGHT Other dimensions for the triangle are shown on drawing P 500. the other triangle heights. Bae P523x1 . The legend is from the Transport Heavy alphabet at the x—height shown. . The tile outlines do not form part of the sign. . All 600mm sign dimensions shall be varied proportionally for Before using this drawing, confirm that it has not been superseded. Department for Transport Title: STEEP Warning Sign HILL DOWNWARDS: AHEAD Issue: A: B: Cc: Date: 22.6.94 15.06.04 Drawn by: S.P. Approved by: R.M. Dimensions: MILLIMETRES Drawing No. P 3523.1 "
p524x1,600,750 900 1200 1500,,BORDER ----------- RED BACKGROUND --------- WHITE. LEGEND & SYMBOL --- BLACK,"Drawing No. Related Drawing P 524.1 | P 00 600 (750) (900) (1200) (1500) Yh P524x1 NOTES: — 1. © CROWN COPYRIGHT Other dimensions for the triangle are shown on drawing P 500. The legend is from the Transport Heavy alphabet at the x—height shown. The tile outlines do not form part of the sign. All 600mm sign dimensions shall be varied proportionally for the other triangle heights. COLOURS : Border -----—----— RED Background ---—-—-—— WHITE. Legend & Symbol ——— BLACK Before using this drawing, confirm that it has not been superseded. Department for Transport Title: STEEP Warning Sign HILL UPWARDS AHEAD Issue: A: B: Cc: Date: 22.6.94 16.6.04 Drawn by: S.P. R.M. Dimensions: Drawing No. Approved by:| MILLIMETRES P 5K ? 4. ‘ "
p528,600,750 900 1200,,BORDER BACKGROUND --- WHITE SYMBOL ------ BLACK 600 (750) (900) (1200) _ | 145 80 40,"Drawing No. Related Drawing P 500 P 528 ¢ © CROWN COPYRIGHT NOTES : 1. Other dimensions for the triangle are shown on drawing P 500. 2. All 600mm sign dimensions shall be varied proportionally for the other triangle heights. 3. COLOURS : Border Background ——— WHITE Symbol -----— BLACK 600 (750) (900) (1200) _ | 145 80 40 Before using this drawing, confirm P528 that it has not been superseded. Title: . . Issue: Date: | Drawn by: Dimensions: Drawing No. Department for Warning Sign A: 296.94 SP. Transport HUMP BRIDGE AHEAD 8: 258.04] Approved by:/ MILLIMETRES | P28 Cc: R.M. "
p529,600,750 900 1200 1500,,BORDER -------- RED BACKGROUND --- WHITE SYMBOL ------ BLACK 600 (750) (900) (1200) (1500) __CTRS 30} CTRS 95 30 | CTRS 30 | CTRS 20) 51 VK A | 7 9 100 270 | 100 |,"Drawing No. Related Drawing © CROWN COPYRIGHT P 529 | P 500 ¢ NOTES : 1. Other dimensions for the triangle are shown on drawing P 500. 2. All 600mm sign dimensions shall be varied proportionally for the other triangle heights. 3. COLOURS : Border —----—-— RED Background ——— WHITE Symbol —----— BLACK 600 (750) (900) (1200) (1500) __ctrs 30} ctrs 95 30 | ctrs 30 | ctrs 20) 51 VK a | 7 9 100 270 | 100 | Before using this drawing, confirm P529 that it has not been superseded. Department for itle Warning Sign ‘seve nace row .” Dimensions Drawing No. Ti B: 23.6.04 :| MILLIMETRES ransport OPENING OR SWING BRIDGE AHEAD | ¢. “pprewee Oy: P 529 "
p529x1,600,750 900 1200 1500,,BORDER NS RED BACKGROUND --- WHITE -------- SYMBOL BLACK 600 (750) (900) (1200) (1500) 240 EE 20 280 P529X1,"Drawing No. Related Drawings P 500 & S 35 (C) CROWN COPYRIGHT P 9529.1 NOTES: — 1. Other dimensions for the triangle are shown on drawing P 500. Symbol details are given on drawing S 35. All 600mm sign dimensions shall be varied proportionally for the other triangle heights. COLOURS : Border ns RED Background ——— WHITE —--—-—-— Symbol BLACK 600 (750) (900) (1200) (1500) 240 ee 20 280 P529x1 Before using this drawing, confirm that it has not been superseded. Title: Issue: Date: Drawn by: Dimensions: Drawing No. Department for Warning Sign A 22.6.94 S.P. B 23.6.04 | Approved by: MILLIMETRES P O29.1 ransport TUNNEL AHEAD Cc R.M. "
p544x1,600,750 900 1200,,BORDER BACKGROUND --- WHITE SYMBOL ------ BLACK 600 (750) (900) (1200) 264 7) _ 20,"Drawing No. Related Drawings P 544.1|P 500 & S 3 © CROWN COPYRIGHT € NOTES:— 1. Other dimensions for the triangle are shown | on P 500. 2. Symbol details are given on drawing S 3. 3. The tile outline does not form part of the sign. 4. All 600mm sign dimensions shall be varied proportionally for the other triangle heights. 5. COLOURS : Border Background ——— WHITE Symbol —----— BLACK 600 (750) (900) (1200) 264 7) _ 20 Before using this drawing, confirm P544x1 that it has not been superseded. Title: Warning Sign Issue: Date: | Drawn by: Dimensions: Drawing No. Department for A: 226.94] SP. Transport PEDESTRIANS IN ROAD AHEAD | 8 1:11.02] Approved by:| MILLIMETRES} [P HAA 4 Cc: R.M. "
p544x2,600,750 900 1200,,"BORDER ------- RED BACKGROUND --- WHITE SYMBOL ------ BLACK 294 | | L-T14 Y _ 20 I 273 NG THI , .","Drawing No. Related Drawings P 544.2 P 500 & S 4 600 (750) (900) (1200) NOTES: — 1. 2. 3. 4. © CROWN COPYRIGHT Other dimensions for the triangle are shown on P 500. Symbol details are given on drawing S 4. The tile outline does not form part of the sign. All 600mm sign dimensions shall be varied proportionally for the other triangle heights. COLOURS : Border ------— RED Background ——— WHITE Symbol ------ BLACK 294 | | L-t14 y _ 20 I 273 ng thi , . Before using this drawing, confirm P544x2 that it has not been superseded. Department for itle Warning Sign issue oa es Prown ey Dimensions Drawing No. FRAIL DISABLED PEDESTRIANS : _ -* Transport or 8: 1311.02 Approved by:| wituimetres | P 544.9 LIKELY TO CROSS ROAD AHEAD Cc: R.M. "
p545,600,750 900 1200,,BORDER --------- RED BACKGROUND ---- WHITE SYMBOL ------ BLACK 600 T (750) (900) (1200) 280 _ 20 148 ; 336,"Drawing No. Related Drawings © CROWN COPYRIGHT P 545{[P 500 & S5 ¢ NOTES:— 1. Other dimensions for the triangle are shown on P 500. . Symbol details are given on drawing S 5. . The tile outline does not form part of the sign. . All 600mm sign dimensions shall be varied proportionally for the other triangle heights. . COLOURS : Border —--—--—-— RED Background —-—— WHITE Symbol -----— BLACK 600 T (750) (900) (1200) 280 _ 20 148 ; 336 Before using this drawing, confirm P545 that it has not been superseded. Title: Warning Sign Issue: Date: | Drawn by: Dimensions: Drawing No. Department for CHILDREN At opeeal SP. Transport 5: 131102| approves oy:| MILLINETRES| PP 5 AS (going to or from school or playground ahead)| c¢: 18.216 RM. "
p950,600,750 900 1200 1500,,BORDER -_-------- RED BACKGROUND --- WHITE ------- BLACK SYMBOL 600 (750) (900) (1200) (1500) 220 SEY 20 | 574 |,"Drawing No. Related Drawings (©) CROWN COPYRIGHT P 950 P 500 & S 24 NOTES: — 1. Other dimensions for the triangle are shown on drawing P 500. Symbol details are given on drawing S 24. The tile outline does not form part of the sign. All 600mm _ sign dimensions shall be varied proportionally for the other triangle heights. COLOURS : Border —_--—-———— RED Background ——— WHITE —-————— BLACK Symbol 600 (750) (900) (1200) (1500) 220 Sey 20 | 574 | Before using this drawing, confirm P950 that it has not been superseded. Title: Issue: Date: Dimensions: Warning Sign Drawn by: Drawing No. Department for 6.7.94 S.P. MILLIMETRES CYCLE ROUTE AHEAD 4.8.04 | Approved by: P 90 Transport R.M. "
p548,600,750 900 1200 1500,,BORDER ------ 1 BACKGROUND SYMBOL ------- 1 600 (750) (900) (1200) -- (1500) 195 ~___ 20 1 | | |. 450 I 312,"Drawing No. Related Drawings © CROWN COPYRIGHT P 548 |P 500 & S 10 ¢ NOTES: — 1. Other dimensions for the triangle are shown on drawing P 500. i 2. Symbol details are given on drawing S 10. 3. The tile outline does not form part of the sign. 1 4. All 600mm sign dimensions shall be varied proportionally ' for the other triangle heights. 5. COLOURS : Border -----— 1 Background Symbol —-—-—-— 1 600 (750) (900) (1200) —— (1500) 195 ~___ 20 1 | | |. 450 i 312 Before using this drawing, confirm P548 that it has not been superseded. Department for Title: Warning Sign Issue: Date: | Drawn by: Dimensions: Drawing No. CATTLE A: 22.6.94 S.P. ransport | | 5: 2560+ appro oy:| MIUMETRES| =P 548 likely to be in road ahead c: RM. "
p549,600,750 900 1200 1500,,BORDER ------ 1 BACKGROUND SYMBOL ------- 1 600 (750) (900) _ (1200) (1500) 222 20) 1 | 296,"Drawing No. Related Drawings © CROWN COPYRIGHT P 549 |P 500 & S11 ¢ NOTES: — 1. Other dimensions for the triangle are shown on drawing P 500. ' 2. Symbol details are given on drawing S 11. 3. The tile outline does not form part of the sign. 4. All 600mm sign dimensions shall be varied proportionally for the other triangle heights. 5. COLOURS : Border -----— 1 Background Symbol —-----— 1 600 (750) (900) _ (1200) (1500) 222 20) 1 | 296 Before using this drawing, confirm P549 that it has not been superseded. Title: Warning Sign Issue: Date: | Drawn by: Dimensions: Drawing No. Department for Transport SHEEP : 2560+ approws vy:| MuuMeTRES| =P 5AQ likely to be in road ahead c: RM. "
p550,600,750 900 1200 1500,,BORDER ------ 1 BACKGROUND SYMBOL -------- 1 600 (750) (900) (1200) (1500) 228 ~___ 20 1 | I=- 130 304,"Drawing No. Related Drawings © CROWN COPYRIGHT P 559 |P 500 & S 9 ¢ NOTES: — 1. Other dimensions for the triangle are shown on drawing P 500. i 2. Symbol details are given on drawing S 9. 3. The tile outline does not form part of the sign. 1 4. All 600mm sign dimensions shall be varied proportionally ' for the other triangle heights. 5. COLOURS : Border -----— 1 Background Symbol —----—-— 1 600 (750) (900) (1200) (1500) 228 ~___ 20 1 | I=— 130 304 Before using this drawing, confirm P550 that it has not been superseded. Department for Title: Warning Sign issues nace row ay Dimensions: Drawing No. Transport WILD HORSES or PONIES 8: 256.04 | Approved by: | MILLIMETRES Pp 550 likely to be in road ahead c: RM. "
p550x1,600,750 900 1200 1500,,BORDER ------- RED BACKGROUND --- WHITE SYMBOL NS BLACK 600 OY RY A IRA REE WT (750) (900) (1200) (1500) 266 SEE EEE EE EEE MEEE EEE DEE EEE - 20 K- 118-4 504,"Drawing No. Related Drawings (©) CROWN COPYRIGHT P 550.1 P 500 & S 3 NOTES: — 1. Other dimensions for the triangle are shown on P 500 2 Symbol details are given on drawing S 8. 3 The tile outline does not form part of the sign. 4 All 600mm _ sign dimensions shall be varied proportionally for the other triangle heights. COLOURS : Border —-————— RED Background ——— WHITE Symbol ns BLACK 600 Oy ry A ira ree Wt (750) (900) (1200) (1500) 266 see eee ee eee Meee eee Dee eee — 20 K- 118-4 504 Before using this drawing, confirm P550x1 that it has not been superseded. Title: Warning Sign Issue: Date: Drawn by: Dimensions: Drawing No. Department for A 27.6.94 S.P. ACCOMPANIED HORSES or PONIES MILLIMETRES B 13.11.02 | Approved by: P 990.1 ransport likel to be in or crossing road ahead Cc R.M. "
p550x2,600,750 900 1200,,BORDER ------ RED BACKGROUND --- WHITE SYMBOL ------ BLACK 208 20 20 384,"Drawing No. Related Drawings P 550.2 P 500 & S 15 sheet 2 600 (750) (900) (1200) NOTES: — 1. © CROWN COPYRIGHT Other dimensions for the triangle are shown on P 500. 2. Symbol details are given on drawing S 15 sheet 2. Yh | 3. The tile outline does not form part of the sign. 4. All 600mm sign dimensions shall be varied proportionally for the other triangle heights. 5. COLOURS : Border —----— RED Background ——— WHITE Symbol ------ BLACK 208 20 20 384 Before using this drawing, confirm P550x2 that it has not been superseded. Department for Title: Warning Sign Issue: Date: | Drawn by: Dimensions: Drawing No. HORSE DRAWN VEHICLES Ar Teton) RM B: rr :| MILLIMETRES Transport LIKELY TO BE IN ROAD AHEAD | ¢;: aed P 9550.2 "
p551,600,750 900 1200 1500,,BORDER ------ BACKGROUND SYMBOL -------- 600 (750) (900) (1200) (1500) 325 ~___ 20 1 | LE IT4 250,"Drawing No. Related Drawings © CROWN COPYRIGHT P 551 |{P 500 & S 12 ¢ NOTES: — 1. Other dimensions for the triangle are shown on drawing P 500. 1 2. Symbol details are given on drawing S 12. | 3. The tile outline does not form part of the sign. ; 4. All 600mm sign dimensions shall be varied proportionally for the other triangle heights. 1 5. COLOURS : Border -----— Background Symbol —----—-— 600 (750) (900) (1200) (1500) 325 ~___ 20 1 | Le it4 250 Before using this drawing, confirm P551 that it has not been superseded. Department for Title: Warning Sign Issue: Date: | Drawn by: Dimensions: Drawing No. WILD ANIMALS ees penen ranspor | ) 8: 25604) approve by:| MILLIMETRES| = PD 551 likely to be in road ahead c: RM. "
p551x2,600,750 900 1200,,BORDER - - RED 1 BACKGROUND --- WHITE SYMBOL ------- BLACK 1 600 (750) (900) (1200) 198 /20) F | | 306 / |,"Drawing No. Related Drawings © CROWN COPYRIGHT P 551.2 |[P_ 900 & S 14 ¢ NOTES: — 1. Other dimensions for the triangle are shown on drawing P 500. ' 2. Symbol details are given on drawing S 14. 3. The tile outline does not form part of the sign. 4. All 600mm sign dimensions shall be varied proportionally for the other triangle heights. 5. COLOURS : Border — — RED 1 Background ——— WHITE Symbol —-----— BLACK 1 600 (750) (900) (1200) 198 /20) f | | 306 / | Before using this drawing, confirm P551x2 that it has not been superseded. Title: Warning Sign Issue: Date: | Drawn by: Dimensions: Drawing No. Department for Transport WILD FOWL 5: 6.04 approved by:| MILLIMETRES P 551 2 likely to be in road ahead c: RM. "
p553x1,600,750 900 1200 1500,,BORDER 1 BACKGROUND --- WHITE SYMBOL ------- BLACK 600 (750) (900) (1200) 1 (1500) 217 OO B 20 | 145+ | 310 1,"Drawing No. Related Drawings P 553.1 P 500 & S 28 NOTES: — 1. P 500. © CROWN COPYRIGHT Other dimensions for the triangle are shown on drawing 2. Symbol details are given on drawing S 28. 3. The tile outline does not form part of the sign. 4. All 600mm sign dimensions shall be varied proportionally for the other triangle heights. 5. COLOURS : Border 1 Background ——— WHITE Symbol —-----— BLACK 600 (750) (900) (1200) 1 (1500) 217 oo B 20 | 145+ | 310 1 Before using this drawing, confirm P553x1 that it has not been superseded. Department for Title: Warning Sign Issue: Date: | Drawn by: Dimensions: Drawing No. AGRICULTURAL VEHICLES AP 276.84) SP: B: 29.6.04 r :| MILLIMETRES Transport likely to be in road ahead Cc: “ee Ra ” P 995.1 "
p552,600,750 900 1200 100,,BORDER © CROWN COPYRIGHT OTHER DIMENSIONS FOR THE TRIANGLE ARE SHOWN ON DRAWING P 500. . THE LEGEND IS FROM THE TRANSPORT HEAVY ALPHABET AT THE X-HEIGHTS SHOWN. . THE TILE OUTLINES DO NOT FORM PA,Drawing No. Related Drawing P 552|_P 500 NOTES: — 1. . COLOURS : Border © CROWN COPYRIGHT Other dimensions for the triangle are shown on drawing P 500. . The legend is from the Transport Heavy alphabet at the x-heights shown. . The tile outlines do not form part of the sign. . All 600mm sign dimensions shall be varied proportionally for the other triangle heights. Background ——— WHITE Legend -----— BLACK 600 (750) (900) (1200) SO x—ht (62.5) (75) (100) P552 thot it hos not been ‘superseded. Department for Title: Warning Sign issues nace row : Dimensions: Drawing No. Transport | cattle cRID AHEAD — | 2 250+] sowoves o>] wmunermes| © PP 55D Cc: R.M. 
p554b,,,x,BORDER ------ RED BACKGROUND --- WHITE LEGEND ------ BLACK 72 X-HT (90) N (108) 20-7 (144) (30) (40) VARIANT (100) THE TRIANGLE HEIGHTS ARE THE SAME FOR THE VARIANTS 64 X-HT 72 X-HT 64 X-HT 29 (80) (9,"Drawing No. Before using this drawing, confirm © CROWN COPYRIGHT P 554 that it has not been superseded. NOTES:— 1. Other dimensions for the triangle are shown on P 500. Related Drawing P 500 2. The legend is from the Transport Heavy alphabet. 3. The tile outlines do not form part of the signs. 4. COLOURS : Border —----— RED Background ——— WHITE Legend -—---- BLACK 72 x-ht (90) n (108) 20-7 (144) (30) (40) VARIANT (100) The triangle heights are the same for the variants 64 x-ht 72 x-ht 64 x-ht 29 (80) (90) ao k (80) (25) (96) (108) (25) (96) (30) VARIANT (128) (30) VARIANT (144) 30) VARIANT (128) P554 (40) ——— (40) ——— (40) ——— Department for Title: Warning Signs Issue: Date: | Drawn by: Dimensions: Drawing No. A: 27.6.94 S.P. WORDED WARNING SIGN (FORD Transport ( ) B: 25.7.95 | Approved by:} MILLIMETRES P 5K 5 4 and VARIANTS C: 13.11.02 RM. "
p554c,,,x,BORDER ------ RED BACKGROUND --- WHITE LEGEND ------ BLACK 72 X-HT (90) N (108) 20-7 (144) (30) (40) VARIANT (100) THE TRIANGLE HEIGHTS ARE THE SAME FOR THE VARIANTS 64 X-HT 72 X-HT 64 X-HT 29 (80) (9,"Drawing No. Before using this drawing, confirm © CROWN COPYRIGHT P 554 that it has not been superseded. NOTES:— 1. Other dimensions for the triangle are shown on P 500. Related Drawing P 500 2. The legend is from the Transport Heavy alphabet. 3. The tile outlines do not form part of the signs. 4. COLOURS : Border —----— RED Background ——— WHITE Legend -—---- BLACK 72 x-ht (90) n (108) 20-7 (144) (30) (40) VARIANT (100) The triangle heights are the same for the variants 64 x-ht 72 x-ht 64 x-ht 29 (80) (90) ao k (80) (25) (96) (108) (25) (96) (30) VARIANT (128) (30) VARIANT (144) 30) VARIANT (128) P554 (40) ——— (40) ——— (40) ——— Department for Title: Warning Signs Issue: Date: | Drawn by: Dimensions: Drawing No. A: 27.6.94 S.P. WORDED WARNING SIGN (FORD Transport ( ) B: 25.7.95 | Approved by:} MILLIMETRES P 5K 5 4 and VARIANTS C: 13.11.02 RM. "
p554,,,x,BORDER ------ RED BACKGROUND --- WHITE LEGEND ------ BLACK 72 X-HT (90) N (108) 20-7 (144) (30) (40) VARIANT (100) THE TRIANGLE HEIGHTS ARE THE SAME FOR THE VARIANTS 64 X-HT 72 X-HT 64 X-HT 29 (80) (9,"Drawing No. Before using this drawing, confirm © CROWN COPYRIGHT P 554 that it has not been superseded. NOTES:— 1. Other dimensions for the triangle are shown on P 500. Related Drawing P 500 2. The legend is from the Transport Heavy alphabet. 3. The tile outlines do not form part of the signs. 4. COLOURS : Border —----— RED Background ——— WHITE Legend -—---- BLACK 72 x-ht (90) n (108) 20-7 (144) (30) (40) VARIANT (100) The triangle heights are the same for the variants 64 x-ht 72 x-ht 64 x-ht 29 (80) (90) ao k (80) (25) (96) (108) (25) (96) (30) VARIANT (128) (30) VARIANT (144) 30) VARIANT (128) P554 (40) ——— (40) ——— (40) ——— Department for Title: Warning Signs Issue: Date: | Drawn by: Dimensions: Drawing No. A: 27.6.94 S.P. WORDED WARNING SIGN (FORD Transport ( ) B: 25.7.95 | Approved by:} MILLIMETRES P 5K 5 4 and VARIANTS C: 13.11.02 RM. "
p554x1,600,750 900 1200 1500 100 125,,BORDER -----~-- RED 600 X > (750) É \ (900) IW (1200) A (1500) WO U] IF SO X-HT RAKES 20 (100) (125) | | DEPARTMENT FOR TITLE: WARNING SIGN ISSUES SENCE PROWN OY : DIMENSIONS: DRAWING NO. TRANSPORT TR,Drawing No. Related Drawing P 554.1|_P 500 NOTES: — 1. © CROWN COPYRIGHT Other dimensions for the triangle are shown on drawing P 500. The legend is from the Transport Heavy alphabet at the x-heights shown. The tile outlines do not form part of the sign. C | | | 4. the tan cimenens shall be varied proportionally for | 5. COLOURS : Border —----~-— RED 600 x > (750) é \ (900) iW (1200) a (1500) WO U] If SO x-ht rakes 20 (100) (125) | | Department for Title: Warning Sign issues sence Prown oy : Dimensions: Drawing No. Transport TRY YOUR BRAKES B: 30804 | Arprowed by:] MILLIMETRES | =P 4. | 
p555,600,750 900 1200,,BORDER ------ BACKGROUND SYMBOLS ------ 600 [ (750) (900) (1200) ©) 1 .___ 20 1 | YH I 462 _|,"Drawing No. Related Drawings © CROWN COPYRIGHT P 555 |P 500 & S 16 & S 18 ¢ NOTES: — 1. Other dimensions for the triangle are shown on drawing | P 500. 2. Symbol details are given on drawings S 16 & S 18. 3. The tile outlines do not form part of the sign. 2. 4. All 600mm sign dimensions shall be varied proportionally S5 for the other triangle heights. 5. COLOURS : Border -----— Background Symbols —--—-— 600 [ (750) (900) (1200) ©) 1 .___ 20 1 | Yh I 462 _| Before using this drawing, confirm P555 that it has not been superseded. Title: j ‘ Issue: Date: | Drawn by: Dimensions: Drawing No. Warning Sign y? 9 Transpo, for g Sig a pawos oP FANSPOIT | Quayside or RIVER BANK AHEAD | ® 6704] toprves oy:| wlumerres) =P 555 Cc: R.M. "
p555x1,600,750 900 1200,,BORDER ------ RED BACKGROUND --- WHITE SYMBOL --------- BLACK 6. THE SYMBOL IS REVERSED WHEN THE WATER COURSE IS ON THE RIGHT HAND SIDE OF THE ROAD. 600 (750) (900) (1200) OH 12 I4-- 82 14 14_ 20 <O B,"Drawing No. Related Drawings © CROWN COPYRIGHT P 555.1|P 500 & S 19 ¢ NOTES: — 1. Other dimensions for the triangle are shown on P SOO. 2. Details of car symbol are given on drawing S 19. 3. The tile outline does not form part of the sign. 4. All 600mm sign dimensions shall be varied proportionally for the other triangle heights. 5. COLOURS : Border —----— RED Background ——— WHITE Symbol —----—-—— BLACK 6. The symbol is reversed when the water course is on the right hand side of the road. 600 (750) (900) (1200) oH 12 i4—— 82 14 14_ 20 <o Before using this drawing, confirm P555x1 that it has not been superseded. Department for Title: Warning Sign issues isco mee Dimensions: Drawing No. Tr, n r WATER COURSE os - a Spo B: Approved by:| MILLIMETRES . ALONGSIDE ROAD AHEAD c: RM. "
p556x1,600,750 900 1200 1500,,BORDER -_-------- RED BACKGROUND --- WHITE ------- SYMBOL BLACK 600 (750) (900) (1200) (1500) 222 -_ 20 | ! | -_____ 91 -___+| 444,"Drawing No. Related Drawings (C) CROWN COPYRIGHT P 556.1[|.P. 900, S19 & S 21 NOTES: — 1. Other dimensions for the triangle are shown on drawing P 500. Symbol details are given on drawings S 19 & S 21. The tile outline does not form part of the sign. All 600mm _ sign dimensions shall be varied proportionally for the other triangle heights. COLOURS : Border —_--—-———— RED Background ——— WHITE —-————— Symbol BLACK 600 (750) (900) (1200) (1500) 222 —_ 20 | ! | —_____ 91 —___+| 444 Before using this drawing, confirm P556x1 that it has not been superseded. Title: Warning Sign Issue: Date: Drawn by: Dimensions: Drawing No. Department for A 28.6.94 S.P. SOFT VERGES AHEAD B 6.7.04 | Approved by MILLIMETRES P 956.1 ransport Cc R.M. "
p557x1,600,750 900 1200,,BORDER © CROWN COPYRIGHT . OTHER DIMENSIONS FOR THE TRIANGLE ARE SHOWN ON DRAWING P 500. . ALL 600MM SIGN DIMENSIONS SHALL BE VARIED PROPORTIONALLY FOR THE OTHER TRIANGLE HEIGHTS. BACKGROUND ---,"Drawing No. Related Drawing P 557.1 |_P 500 600 (750) (900) (1200) NOTES : . COLOURS : Border © CROWN COPYRIGHT . Other dimensions for the triangle are shown on drawing P 500. . All 600mm sign dimensions shall be varied proportionally for the other triangle heights. Background ——— WHITE Symbol —----— BLACK a 400 Before using this drawing, confirm P557x1 that it has not been superseded. Department for itle Warning Sign ‘ssue seacs Prewn ad Dimensions Drawing No. Transport ROAD HUMP AHEAD 8: 7704| Aporoved by:| MiLuIMETRES! P 557.4 or series of humps ahead c: RM. . "
p559,600,750 900 1200 1500,,BORDER ------- RED BACKGROUND --- WHITE SYMBOL ------ BLACK 600 . (750) (900) (1200) (1500) 318 R 20 OO I 424,"Drawing No. Related Drawings CROWN COPYRIGHT P 559 P 500 & S 36 © NOTES:— 1. Other dimensions for the triangle are shown on drawing P 500. 2. Symbol details are given on drawing S 36. 3. The tile outline does not form part of the sign. 4. All 600mm sign dimensions shall be varied proportionally for the other triangle heights. 5. COLOURS : Border —---—-— RED Background ——— WHITE Symbol —----— BLACK 600 . (750) (900) (1200) (1500) 318 r 20 oO I 424 Before using this drawing, confirm P559 that it has not been superseded. Department for Title: Warning Sign issues sence row ay Dimensions: Drawing No. Ti RISK of FALLING : _ ” ranspor B: 7.7.04 | Approved by: or FALLEN ROCKS AHEAD Cc: R.M. ALL IN MILLIMETRES P 5 ) fe) "
p581,600,750 900 1200 1500,,BORDER ------- BACKGROUND SYMBOL ------- 600 (750) (900) (1200) - (1500) 208 N -___ 20 | I--132-+| 286,"Drawing No. Related Drawings P 581 P 500 & S 37 NOTES: — 1. © CROWN COPYRIGHT Other dimensions for the triangle are shown on drawing P 500. Symbol details are given on drawing S 37. The tile outline does not form part of the sign. All 600mm sign dimensions shall be varied proportionally for the other triangle heights. 5. COLOURS : Border —-—---— Background Symbol —-----— 600 (750) (900) (1200) - (1500) 208 n -___ 20 | I——132—+| 286 Before using this drawing, confirm P581 that it has not been superseded. Department for Title: Warning Sign issues voncs Prown oy Dimensions: Drawing No. Transport | sive winds LIKELY AHEAD | 8 7708] sooroves ny:] MuLMETRES! = P58] Cc: R.M. "
p558,600,750 900 1200 1500,,BORDER BACKGROUND --- WHITE SYMBOL ------- BLACK 600 (750) (900) (1200) (1500),"Drawing No. Related Drawings © CROWN COPYRIGHT P 558 P 500 & S 30 NOTES: — 1. Other dimensions for the triangle are shown on drawing ¢ P 500. 2. Symbol details are given on drawing S 30. 3. The tile outline does not form part of the sign. 4. All 600mm sign dimensions shall be varied proportionally for the other triangle heights. 5. COLOURS : Border Background ——— WHITE Symbol —-----— BLACK 600 (750) (900) (1200) (1500) Before using this drawing, confirm P558 that it has not been superseded. Department for Title: Warning Sign Issue: Date: | Drawn by: Dimensions: Drawing No. A: 6. .P. LOW-FLYING AIRCRAFT or 78.6.94 s ranspor 5: 77.08 approved oy:| MLLIMETRES| =P 558 SUDDEN AIRCRAFT NOISE c. Fw "
p558x1,600,750 900 1200 1500,,BORDER -_------ RED BACKGROUND --- WHITE ------- SYMBOL BLACK 600 (750) (900) (1200) ANETTE EEEEEEEN (1500) 160 20 |-- 150+] 520,"Related Drawings Drawing No. (C) CROWN COPYRIGHT P 558.1[.P 900 & S 31 NOTES: — 1. Other dimensions for the triangle are shown on drawing P 500. Symbol details are given on drawing S 31. The tile outline does not form part of the sign. All 600mm _ sign dimensions shall be varied proportionally for the other triangle heights. COLOURS : Border —_-————— RED Background ——— WHITE —-————— Symbol BLACK 600 (750) (900) (1200) anette eeeeeeen (1500) 160 20 |-— 150+] 520 Before using this drawing, confirm P558x1 that it has not been superseded. Title: Warning Sign Issue: Date: Drawn by: Dimensions: Drawing No. Department for A 28.6.94 S.P. LOW—FLYING HELICOPTER or B 7.7.04 | Approved by: MILLIMETRES P 998.1 ransport SUDDEN HELICOPTER NOISE Cc R.M. "
p582,600,750 900 1200 1500,,BORDER BACKGROUND --- WHITE SYMBOL ------- BLACK 600 (750) (900) (1200) (1500) 150 ; 20 I | 212 -__-| 400,"Drawing No. Related Drawings © CROWN COPYRIGHT P 582 P 500 & S 29 ¢ NOTES: — 1. Other dimensions for the triangle are shown on drawing | P 500. 2. Symbol details are given on drawing S 29. 3. The tile outline does not form part of the sign. 4. All 600mm sign dimensions shall be varied proportionally for the other triangle heights. 5. COLOURS : Border Background ——— WHITE Symbol —-----— BLACK 600 (750) (900) (1200) (1500) 150 ; 20 I | 212 —__-| 400 Before using this drawing, confirm P582 that it has not been superseded. Department for Title: Warning Sign Issue: Date: | Drawn by: Dimensions: Drawing No. SLOW MOVING MILITARY VEHICLES | *) 78884) SP. ranspor 5: 7708 approwd oy:| MUMETRES| =P 589 LIKELY TO BE CROSSING or IN ROAD AHEAD Cc: RM. "
p583,600,750 900 1200 1500,,BORDER ------- RED BACKGROUND --- WHITE SYMBOLS ----- BLACK _ 20 P583 A AS,"Drawing No. Related Drawings P 583 [P_500 & S 32 sheet 1 600 (750) (900) (1200) (1500) © CROWN COPYRIGHT NOTES: — 1. Other dimensions for the triangle are shown on drawing P 500. . Lorry symbol details are given on drawing S 32 sheet 1. . The tile outline does not form part of the sign. . All 600mm sign dimensions shall be varied proportionally for the other triangle heights. . COLOURS : Border —---—-— RED Background —-— WHITE Symbols —---— BLACK _ 20 P583 A AS Before using this drawing, confirm that it has not been superseded. Department for Transport Title: Warning Sign SLOW MOVING VEHICLES LIKELY ON INCLINE AHEAD Issue: A: B: Cc: Date: | Drawn by: Dimensions: Drawing No. 29.6.94 S.P. 7.7.04 | Approved by:| MILLIMETRES P 583 R.M. "
p584__1_,600,750 900 1200 1500,,BORDER ------ RED BACKGROUND --- WHITE SYMBOL ------ BLACK 600 (750) 7 (900) (1200) (1500) 275 20 | 173 [OR,"Drawing No. Related Drawings © CROWN COPYRIGHT P 584 [P S00 & S 63 ¢ NOTES:— 1. Other dimensions for the triangle are shown on P 500. . Symbol details are given on drawing S 63. . The tile outline does not form part of the sign. . All 600mm sign dimensions shall be varied proportionally for the other triangle heights. 5. COLOURS :Border —----— RED Background ——— WHITE Symbol -----— BLACK 600 (750) 7 (900) (1200) (1500) 275 20 | 173 [or Before using this drawing, confirm P584 that it has not been superseded. Title: Warning Sign Issue: Date: | Drawn by: Dimensions: Drawing No. Department for A: 14.11.02 R.M. Transport TRAFFIC QUEUES LIKELY a: hopes by:] MILLIMETRES P 584 ON ROAD AHEAD c: RM. "
p770,600,750 900 1200 1500,,BORDER BACKGROUND --- WHITE SYMBOL ------ BLACK 600 (750) (900) (1200) (1500) ER EE 14 4 24 | | | | . ~ \ $24 PFLILSILS1 24 20 10 10 38 24,"Drawing No. Related Drawing © CROWN COPYRIGHT P 770 | _P 500 ¢ NOTES: 1. Other dimensions for the triangle are shown on P SOO. 2. All 600mm sign dimensions shall be varied proportionally ] for the other triangle heights. 3. COLOURS : Border Background ——— WHITE Symbol —----— BLACK 600 (750) (900) (1200) (1500) er ee 14 4 24 | | | | . ~ \ $24 PFLILSILS1 24 20 10 10 38 24 Before using this drawing, confirm P770 ' 506 ' that it has not been superseded. Title: Warning Sign Issue: Date: | Drawn by: Dimensions: Drawing No. Department for LEVEL CROSSING with Ar 199.94) SP. Trans ort B: 7.7.04] Approved by:| MILLIMETRES P GATE or BARRIER c: avers P 770 "
p771,600,750 900 1200 1500,,BORDER ------ RED BACKGROUND --- WHITE ' SYMBOL ------- BLACK 600 - (750) (900) (1200) (1500) 286 : -___ 20 1 | = | = 312,"ann S500 & 57 © CROWN COPYRIGHT ¢ NOTES: — 1. Other dimensions for the triangle are shown on P SOO. 2. Symbol details are given on drawing S 27. ; 3. The tile outline does not form part of the sign. 1 4. All 600mm sign dimensions shall be varied proportionally for the other triangle heights. 1 5. COLOURS : Border —----— RED Background ——— WHITE ' Symbol -—----— BLACK 600 — (750) (900) (1200) (1500) 286 : -___ 20 1 | = | = 312 Before using this drawing, confirm P771 that it has not been superseded. Department for Title: Warning Sign Issue: Date: | Drawn by: Dimensions: Drawing No. A: 9. P. RAILWAY LEVEL CROSSING 19.9.94 s ranspor 5: ‘a70+| approved by:| MILUMETRES| = P77 WITHOUT GATE or BARRIER c. av "
p772,600,750 900 1200 1500,,BORDER ------ RED BACKGROUND --- WHITE SYMBOL ------ BLACK 600 (750) (900) (1200) - (1500) <> 0 EN L 180 : : 1 | 20 ' | 360 |,"Drawing No. Related Drawings © CROWN COPYRIGHT P 772 |P S00 & S 26 ¢ NOTES: — 1. Other dimensions for the triangle are shown on P 500. I 2. Symbol details are given on drawing S26. 3. The tile outlines do not form part of the sign. 4. All 600mm sign dimensions shall be varied proportionally for the other triangle heights. COLOURS : Border —----— RED Background ——— WHITE Symbol —----— BLACK 600 (750) (900) (1200) - (1500) <> 0 en L 180 : : 1 | 20 ' | 360 | Before using this drawing, confirm P772 that it has not been superseded. Title: j i Issue: Date: | Drawn by: Dimensions: Drawing No. Warning Sign ye 9g Department for g Sig ae igeeal oe. Transport TRAMCARS CROSSING AHEAD | 8: 8703] Approves by:| MILLIMETRES] = PD 77) Cc: R.M. "
p779,600,750 900 1200,,BORDER ------ RED BACKGROUND --- WHITE SYMBOL ------ BLACK 200 265 110 _ 20 [33-120 TL 779 280 SYMBOL DETAILS DE ARTMENT FOR TITLE: WARNING SIGN ISSUE: DATE: | DRAWN BY: DIMENSIONS: DRAWING NO. T,"Drawing No. P 779 Related Drawing P 500 Before using this drawing, confirm that it has not been superseded. 600 (750) (900) (1200) © CROWN COPYRIGHT NOTES: 1. Other dimensions for the triangle are shown on P 500. 2. The tile outline does not form part of the sign. 3. All 600mm sign dimensions shall be varied proportionally for the other triangle heights. 4. COLOURS : Border —----— RED Background ——— WHITE Symbol —----— BLACK 200 265 110 _ 20 [33-120 tL 779 280 Symbol details De artment for Title: Warning Sign Issue: Date: | Drawn by: Dimensions: Drawing No. Transport ELECTRIFIED bp: 26.706| Approws by:| MLLINETRES| = PD 77Q OVERHEAD CABLE AHEAD c: RM. "
p782,600,750 900 1200 1500,,HL BACKGROUND --- WHITE SYMBOL ------- BLACK 600 (750) I (900) (1200) (1500) ©) 9 ©) | _ 20 | -- 188 --| P782 384 THAT IT HAS NOT BEEN SUPERSEDED.” TITLE: J I ISSUE: DATE: | DRAWN BY: DIMENSIONS: DRAW,Drawing No. P 782 P 500 & S 33 Related Drawings © CROWN COPYRIGHT NOTES: — 1. Other dimensions for the triangle are shown on drawing P 500. . Symbol details are given on drawing S 33. . The tile outline does not form part of the sign. . All 600mm sign dimensions shall be varied proportionally for the other triangle heights. . COLOURS : Hl Background ——— WHITE Symbol —-----— BLACK 600 (750) i (900) (1200) (1500) ©) 9 ©) | _ 20 | —— 188 —-| P782 384 that it has not been superseded.” Title: j i Issue: Date: | Drawn by: Dimensions: Drawing No. Department for | “° Warning Sign ee opaoa| ap. 8 Transport RISK OF GROUNDING B* 27.708] appro by:| MILLIMETRES] = P 78D Cc: R.M. 
p562,600,750 900 1200 1500,,BORDER --------- RED BACKGROUND --- WHITE SYMBOL ------ BLACK 600 _._-_ __-¢ (750) (900) 240 (1200) (1500) 248 20 80 DIA -LE¢ TL 60 20 + -_ 12,"Drawing No. Related Drawing P 562|_P 500 © CROWN COPYRIGHT ¢ NOTES: 1. Other dimensions for the triangle are shown on drawing P 500. 2. All 600mm sign dimensions shall be varied proportionally for the other triangle heights. 3. COLOURS : Border —----—--— RED Background ——— WHITE Symbol —----— BLACK 600 _._-_ __-¢ (750) (900) 240 (1200) (1500) 248 20 80 dia —Le¢ tL 60 20 + —_ 12 Before using this drawing, confirm P562 that it has not been superseded. Title: Issue: Date: | Drawn by: Dimensions: Drawing No. Department for A: 28.6.94 SP. Transport | other DANGER AHEAD — | 8 7708| sorrows oy-) muumeres| =P 562 Cc: R.M. Warning Sign "
p511,150,200,,"BACKGROUND ------- RED LEGEND & BORDER --- WHITE 4. DIMENSIONS : X-HEIGHTS ARE IN MILLIMETRES, OTHER DIMENSIONS ARE IN STROKE WIDTHS. (4SW = X-HEIGHT) 2.5 WIK \ 2.8 (- / >) ""| REDUCE |\MS EM | |","Drawing No. P 511 © CROWN COPYRIGHT NOTES:— 1. The legend is from the Transport Medium alphabet at the x—heights shown. 2. Tile outlines do not form partof the signs. 3. COLOURS : Background -—----— RED Legend & Border ——— WHITE 4. DIMENSIONS : x—heights are in millimetres, other dimensions are in stroke widths. (4sw = x—height) 2.5 Wik \ 2.8 (- / >) ""| REDUCE |\ms em | | ocew te ) aS 150) | (CROSSING r } 12 A ‘v) (200) VARIANT 1.5 Before using this drawing, confirm P511 that it has not been superseded. Title: Warning Signs Issue: Date: | Drawn by: Dimensions: Drawing No. Department for SUPPLEMENTARY PLATES FOR USE | *) 29894) SP. SEE Transport WITH TRIANGULAR SIGNS BL POR) Approved by:) NOTE 4 P 311 "
p513x2,,,x,"BACKGROUND --------- WHITE. LEGEND & BORDER --- BLACK 4. DIMENSIONS : X-HEIGHTS IN MILLIMETRES, OTHER DIMENSIONS IN STROKE WIDTHS 1.5 RELATED TO THE SMALL X-HEIGHT. (4SW = X-HEIGHT) E MIB : X-HT 24 4+","Drawing No. Before using this drawing, confirm p 51 3 2 that it has not been superseded. © CROWN COPYRIGHT NOTES: — 1. The legend is from the Transport Heavy alphabet at the x—heights shown. 2. The outlines of the tiles do not form part of the sign. 3. COLOURS : Background -—---—--— WHITE. Legend & Border ——— BLACK 4. DIMENSIONS : x—heights in millimetres, other dimensions in stroke widths 1.5 related to the small x—height. (4sw = x—height) e MIB : x-ht 24 4+_ speed : 16 (1.8 approx) QI tes - 25 i \ </ a = 2.5 se —| - 25 numeral approx height x-ht (75) SPESe (300) (214) (100) (400) (286) (125) (500) (357) P513x2 Title: Warning Sign Issue: Date: | Drawn by: Dimensions: Drawing No. Transport MAXIMUM SPEED ADVISED (MPH) | 3. soi} pooece py.| __ SEE P 513.2 (FOR USE WITH TRIANGULAR SIGNS) o.tC*d em | NOTE 4 ; "
p817x2,,,x,"BACKGROUND © CROWN COPYRIGHT THE LEGEND IS FROM THE TRANSPORT MEDIUM ALPHABET AT THE X-HEIGHTS SHOWN. STIPPLING - LEGEND, ARROW, ROUTE SYMBOL & BORDER --- WHITE 4. DIMENSIONS : X-HEIGHTS ARE IN MIL","Drawin: P 817.2 g No. that it has not been Before using this drawing, confirm superseded. NOTES: 1. 2. The tile outlines do not form part of the signs. 3. COLOURS : Background © CROWN COPYRIGHT The legend is from the Transport Medium alphabet at the x—heights shown. Stippling - Legend, Arrow, Route Symbol & Border —-— WHITE 4. DIMENSIONS : x—heights are in millimetres, other dimensions are in stroke widths. 30° (4sw = x-height) _ AP 15,3 28 a 42> os rm 1.2 dia —, : 60 1 black stipple 45 i 3 of sf 200050 CS5S89\ 0.0.0. 15 4 q CSS 890 BLOCK |G°9°6 PS] ~F 18 S589 DETAILS | 595942 50 0-0-0 0000 67.5 75.5 0 18 \\- 1 5 | Escape lane | _—_ 8 os! || EScape lame || =x so Escape lane 77.8] |78 16 : ; ahead L (62.5) Pee ahead L 2.5-+| Paro i 15r AIGA (75) aNnea 2 1.5 - lv SI (100) 4_ || Escape lane Escape lane || ; t = 3 L (125) T || 200yds SS fs 53 5 Arrow must only 2.5 paix? VARIANT stk VARIANTS Point to the left x. Department for Title: Informatory Signs Issue: Date: | Drawn by: Dimensions: Drawing No. ESCAPE LANE AHEAD Ap T734) SP. SEE r n i B: 27.7.95 | Approved by : a Spo t (Plate for use with P 523.1or P554.1) | ¢: o7204| aw | (NOTE 4 P 817.2 "
p513x1a,,,x,"BACKGROUND -------------- WHITE LEGEND, SYMBOL AND BORDER ------ BLACK 5. DIMENSIONS: X-HEIGHTS ARE IN MILLIMETRES, ALL OTHERS DIMENSIONS ARE IN STROKE WIDTHS. (4SW = X-HEIGHT) 30 1.5 | LR OO >)! .. 5","43 3h NOTES:— 1. The legend is from the Transport Heavy alphabet at the x—heights shown. 2. Details of the symbol showing the overturning lorry (r ~ are given on dwg NS 68. : : T 3. The tile outlines do not form part of the signs. 4. Colours: Background -------------- WHITE Legend, symbol and border ---—-— BLACK 5. Dimensions: x—heights are in millimetres, all others dimensions are in stroke widths. (4sw = x—height) 30 1.5 | LR Oo >)! .. 59.5 7 ; | “25 uniting. || x-ht ok JI} __ 7 ; 2.5 CAMO || mir Adverse || T V4 ve vee 150 max : x d) 4 || camber 39 | ed ROAD BENDS TO LEFT ROAD BENDS TO RIGHT P513x1A © CROWN COPYRIGHT Pot Title: Informatory Signs Issue: Drawn by : Related drawings : Drawing No. A: 13.6.02 LW. Department RISK OF LORRIES OVERTURNING B: Approved by: NS 68 P 57 5 1 A for Transport ON ADVERSE CAMBER c: RM. . "
p530a,750,900 1200 1500 1800 100 125 150,,"BORDER ------ RED BACKGROUND ---- WHITE SYMBOLS ------ BLACK 750 LEGEND ------ BLACK (900) 1 SW (1200) |] (1500) XCHT AB IMAL , (1800) 62.5 1 SW 1.5 SW TAYE) T LZ] LIL --- OO X-HT (4SW = X-HEIGHT) : :","Drawing No. Related Drawings | gay ing this drawing, confi saa |_P 500 | Sa""h Henhst ceoinge seu © crown corvasc c NOTES:— 1. Other dimensions for the triangle are shown on P 500. 2. All 750mm sign dimensions shall be varied proportionally for the other triangle heights. There is NO 600mm size for this sign. _ 3. The legend is from the Transport Heavy alphabet. 4. The tile outlines do not form part of the sign. 160 5. COLOURS: Border ——---— RED Background —-—— WHITE Symbols —---—— BLACK 750 Legend —-—--— BLACK (900) 1 sw (1200) |] (1500) xcht Ab imal , (1800) 62.5 1 sw 1.5 sw TAYE) t LZ] LIL ——— oO x—ht (4sw = x—height) : : 62.5 : : ae (based on small characters) | (100) (125) | (150) P530A Title: Warning Sign Issue: Date: Drawn by : Dimensions : | Drawing No. ranepore | MAX HEADROOM AT HAZARD |S ™""| As Transpor t B: Approved by:| MILLIMETRES P 530A (Imperial and metric dimensions) c: JB. "
p531x1a,750,900 1200 1500 100 125,,BORDER ------ RED BACKGROUND --- WHITE SYMBOLS ------ BLACK LEGEND ------ BLACK . SEE SHEET 2 FOR METRIC SIGN. 750 (900) (1200) (1500) 62.5 X-HT 25 (75) F (100) (125) YA | 380 |,"Drawing No. Related Drawing P 531.1 P 500 © CROWN COPYRIGHT 2. All 750mm sign dimensions shall be varied proportionally for the other triangle heights. There is NO 600mm size for this sign. 3. The legend is from the Transport Heavy alphabet. NOTES:— 1. Other dimensions for the triangle are shown on P SOO. Sheet 1 of 2 ¢ g | | 4. The tile outlines do not form part of the sign. 1 5. COLOURS : Border -----— RED Background ——— WHITE Symbols —---—— BLACK Legend -—---- BLACK . See sheet 2 for metric sign. 750 (900) (1200) (1500) 62.5 x-ht 25 (75) f (100) (125) yA | 380 | Before using this drawing, confirm P531x1-1 that it has not been superseded. Department for Title: Warning Sign Issue: Date: | Drawn by: Dimensions: Drawing No. A: 22.6.94 S.P. Transport ARCH BRIDGE AHEAD B: 13.11.02 | Approves by:| MILLIMETRES | > OOT.1 (Imperial height limit) c: RM. Sheet 1 of 2 "
p629x2a,750,900 1200 1500,,BACKGROUND --~------- WHITE. BORDER ------------ RED LEGEND & SYMBOLS --- BLACK 100 X-HT 1.5 SW (4SW = X-HEIGHT) (BASED ON SMALL CHARACTERS) I 750 (900)(1200) (1500) ----+},"Drawing No. © CROWN COPYRIGHT P 629.2A 1. All 750mm dia sign dimensions, including the x—heights, shall be varied proportionally for the other roundel sizes. 2. The legend is from the Transport Heavy alphabet. 3. The tile outlines do not form part of the sign. 25 4. COLOURS : Background -—~---—--— WHITE. Border ------—----— RED Legend & Symbols —-— BLACK 100 x-ht 1.5 sw (4sw = x—height) (based on small characters) I 750 (900)(1200) (1500) ————+} Before using this drawing, confirm P629x2A that it has not been superseded. Department for Title : Regulatory Sign Issue: Date: | Drawn by: Dimensions: | Drawing No. A: 20.7.94 S.P. Transport VEHICLE HEIGHT LIMIT 8: 287.06 approved vy:| (atrore wane | P BQO DA (Metric and Imperial) Cc: R.M. where indicated) "
p530x1,,,x,"BACKGROUND ----------- WHITE 25 ~~ LEGEND, ARROW & BORDER --- BLACK . 4. DIMENSIONS : X-HEIGHTS ARE IN MILLIMETRES, OTHER R OVERHANGING 50 X-HT DIMENSIONS ARE IN STROKE WIDTHS. (4SW = X-HEIGHT) 3 3 3","Drawing No. P 530.1 Before using th that it has not is drawing, confirm been superseded. NOTES: — 1. © CROWN COPYRIGHT The legend is from the Transport Heavy alphabet at the x—heights shown. . The tile outlines do not form part of the signs. -{- 3. COLOURS : Background ----------— WHITE 25 ~~ Legend, Arrow & Border -—— BLACK . 4. DIMENSIONS : x—heights are in millimetres, other r Overhanging 50 x-ht dimensions are in stroke widths. (4sw = x—height) 3 3 3 “|1 (62.5) ill Dutlding (75) 15 : : 100 Overhanging - at ssl butléing ||, VARIANT ; a] <a XO yds in . 2 AK 16 fe Oe f 2.5 2.5 1.5 5 455 Overhanging Overhanging || * ale building |, , 8 structure 4 Overhanging 300 yards ||, 300 yards ||' 33.5 puildings —, 5 at 5 4, 5 = iF = T Ze i 2.5 +8 VARIANT VARIANT VARIANT P530x1 Department for SUPPLEMENTARY SLATES FOR issue: vo nes rewn Py : — : | Drawing No. Transport USE WITH P 530 & P 530A panel mwoedey| wore | P 990.1 "
p531x2,,,x,"BACKGROUND ----------- WHITE. - 2.5 LEGEND, ARROW & BORDER --- BLACK 4. DIMENSIONS : X-HEIGHTS ARE IN MILLIMETRES, OTHER DIMENSIONS ARE IN STROKE WIDTHS. (4SW = X-HEIGHT) - 9 VARIANT L ARCH (125) VEHI","Drawing No. © CROWN COPYRIGHT P 531 2 NOTES: — 1. The legend is from the Transport Heavy alphabet at the x—heights shown. -—— = words centralised -— =— 2. The tile outlines do not form part of the signs. 3. COLOURS : Background —---------— WHITE. — 2.5 Legend, Arrow & Border -—— BLACK 4. DIMENSIONS : x—heights are in millimetres, other dimensions are in stroke widths. (4sw = x—height) — 9 VARIANT L ARCH (125) vehicles 67.5 pereetinieesteeeeceeecengennppeenp mt: (150) use middle {|| of road 1.5 4 tis AL << XQ w, TO 2.5 7S | ie le re 1.5 2.5 2.5 : . , . Before using this drawing, confirm P531x2 that it has not been superseded. Title: Warning Signs Issue: Date: | Drawn by: Dimensions: Drawing No. Department for A: 22.6.94 S.P./R.M. SEE Transport SUPPLEMENTARY PLATES FOR USE WITH P 531.1 B: Cc: 13.11.02 Approved by: NOTE 4 P 5 51 ‘ 2 R.M. "
p530x2,,,x,(OTHER THAN TRIANGLE AND ROUNDEL) AREAS FILLED --- BLACK OTHER AREAS ---- YELLOW OT SS TRIANGLE SIZE VARIES S (MAX HEIGHT 1200) > > LY 500 MIN AAN LLM 100 100 45 1560 MAX ROUNDEL S,"Drawing No. (C) CROWN COPYRIGHT P 530.2 NOTES: — 1. COLOURS : (other than triangle and roundel) Areas filled ——— BLACK Other areas —-—— YELLOW ot SS triangle size varies S (max height 1200) > > Ly 500 min AAN LLM 100 100 45 1560 max roundel size varies AAN Tas & VARIANTS NNNGRN F460 4 P530x2 Before using this drawing, confirm that it has not been superseded. Title: Warning Sign Issue: Date: Drawn by: Dimensions: Drawing No. Department for A 22.6.94 S.P. INDICATION OF REDUCED B MILLIMETRES ransport HEADROOM AT HAZARD 24.6.04 | Approved by: P 950.2 Cc R.M. "
p572,,,x,"BACKGROUND WHITE LEGEND & BORDER --- BLACK DIMENSIONS : X-HEIGHTS ARE IN MILLIMETRES, OTHER DIMENSIONS ARE IN STROKE WIDTHS. (4SW = X-HEIGHT)","Drawing No. P 572 | 25 2.5 1.5 || 400 ves 1.5r (50) (75) 1s fe : =) PS72 ak 2.5 VARIANT af 2.5 VARIANT 62.5 x—-ht NOTES: — 1. © CROWN COPYRIGHT The legend is from the Transport Heavy alphabet at the x—heights shown. The tile outlines do not form part of the signs. COLOURS : Background WHITE Legend & Border ——— BLACK DIMENSIONS : x—heights are in millimetres, other dimensions are in stroke widths. (4sw = x—height) Before using this drawing, confirm that it has not been superseded. Department for Transport Title: Warning Signs SUPPLEMENTARY PLATES FOR USE WITH TRIANGULAR SIGNS Issue: A: B: Cc: Date: 28.6.94 7.7.04 S.P. Approved R.M. Drawn by: Dimensions: Drawing No. SEE by:| NOTE 4 P 5/2 "
p501,600,750 900 1200,,BORDER ------- RED BACKGROUND --- WHITE = - 2 B= 10 R= 4 B B R | 600 (750) 4 (900) (1200) !,"Drawing No. Related Drawing © CROWN COPYRIGHT P 500 P 901 NOTES: — 1. Other dimensions for the triangle are shown on drawing P 500. 2. COLOURS : Border —-----— RED Background ——— WHITE = - 2 B= 10 R= 4 B B R | 600 (750) 4 (900) (1200) ! Before using this drawing, confirm P501 that it has not been superseded. Department for Title: Warning Sign Issue: Date: | Drawn by: Dimensions: Drawing No. A: 20.6.94 S.P. Transport JUNCTION AHEAD CONTROLLED BY | oo ee ee terres P 501 STOP or GIVE WAY SIGNS Cc: R.M. "
p515,200,300 900 400 600 800,,"BACKGROUND --- BLACK CHEVRONS ----- WHITE. 200 (300) (900) (1 200), INCREMENTAL | (400) LENGTH | J ° 45 400 (600) (800) P515 TITLE: DEPARTMENT FOR WARNING SIGN TRANSPORT SHARP DEVIATION OF ROUTE I","Drawing No. © CROWN COPYRIGHT NOTES: 1. The length of the sign may be varied by adjusting the number of chevrons in increments as shown. 2. COLOURS : Background ——— BLACK Chevrons ——--— WHITE. 200 (300) (900) (1 200), Incremental | (400) length | J ° 45 400 (600) (800) P515 Title: Department for Warning Sign Transport SHARP DEVIATION OF ROUTE Issue: A: B: Cc: Date: | Drawn by: Dimensions: Drawing No. 21.6.94 S.P. 28.5.04 | Approved by: | MILLIMETRES P 515 R.M. "
p774,300,400 1200,,© CROWN COPYRIGHT RED & WHITE AS INDICATED.,"Drawing No. P 774 300 (400) P774 900 (1200) NOTES: — 1. COLOURS : © CROWN COPYRIGHT RED & WHITE as indicated. Before using this drawing, confirm that it has not been superseded. Department for Transport Title: Informatory Sign LOCATION OF LEVEL CROSSING WITHOUT GATE OR BARRIER Issue: A: B: Cc: Date: 19.9.94 8.7.04 Drawn by: S.P. Approved by: R.M. Dimensions: MILLIMETRES Drawing No. P 774 "
p789,,,,BACKGROUNDS ---- WHITE DIAGONAL BARS --- RED P 789.2,"Drawing No. P 789 P 789.1 & P 789.2 P 789 P 789.1 P789 © CROWN COPYRIGHT COLOURS : Backgrounds ———— WHITE Diagonal Bars ——— RED P 789.2 Before using this drawing, confirm that it has not been superseded. Department for Transport Title: Railway and Tramway signs COUNTDOWN MARKERS TO RAILWAY OR TRAMWAY LEVEL CROSSING Issue: A: B: Cc: Date: 27.9.94 8.7.03 Drawn by: S.P. Approved by: R.M. Dimensions: Drawing No. P 7/89 P 789.1 & P 789.2 MILLIMETRES "
p606,600,270 300 450 750 900 1200 1500,,"BACKGROUND -------- BLUE ARROW & BORDER --- WHITE 12 EE VARIANTS (270) (300) (450) T 600 (750) 240 80 (900) T (1200) [ (1500) TURN RIGHT AHEAD ONLY 45 155 120 | 120 ,| 500","Drawing No. © CROWN COPYRIGHT P 606 NOTES: — 1. All 600mm dia sign dimensions shall be varied proportionally for the other roundel sizes. 2. COLOURS : Background —-—--—-— BLUE Arrow & Border ——— WHITE 12 ee VARIANTS (270) (300) (450) t 600 (750) 240 80 (900) t (1200) [ (1500) TURN RIGHT AHEAD ONLY 45 155 120 | 120 ,| 500 Before using this drawing, confirm P606 that it has not been superseded. Department for Title: Regulatory Signs Issue: Date: | Drawn by: Dimensions: Drawing No. . B: 8.7.04] Approved by: | MILLIMETRES Transport and variants c: m RM. ” P 6 06 "
p609,600,450 750 900 1200,,BACKGROUND ------- BLUE ARROW & BORDER --- WHITE VARIANT TURN RIGHT AHEAD,"Drawing No. P 609 (450) 600 (750) (900) (1200) P609 240 70° 70 380 © CROWN COPYRIGHT NOTES: 1. All 600mm dia sign dimensions shall be varied proportionally for the other roundel sizes. 2. COLOURS : Background -—---—— BLUE Arrow & Border —-— WHITE VARIANT TURN RIGHT AHEAD Before using this drawing, confirm that it has not been superseded. Department for Transport Title: Regulatory Sign TURN LEFT AHEAD and variant Issue: A: B: Cc: Date: 4.7.94 16.7.04 Drawn by: Dimensions: Drawing No. SP. Approved by: | MILLIMETRES P 5 O 9 R.M. "
p610,600,270 300 450 750 900 1200 1500,,BACKGROUND ------- BLUE ARROW & BORDER --- WHITE 3. THIS SIGN IS THE SAME DESIGN AS P606 (270) VARIANT (300) (450) 600 EE) (750) (900) (1200) (1500) KEEP RIGHT,"Drawing No. © CROWN COPYRIGHT P 610 NOTES: 1. All 600mm dia sign dimensions shall be varied proportionally for the other roundel sizes. 2. COLOURS : Background -—---—— BLUE Arrow & Border —-— WHITE 3. This sign is the same design as P606 (270) VARIANT (300) (450) 600 ee) (750) (900) (1200) (1500) KEEP RIGHT Before using this drawing, confirm P610 that it has not been superseded. Title: R lat Si Issue: Date: | Drawn by: Dimensions: Drawing No. Department for egumumery =a A: 4.7.94] SP. Transport KEEP LEFT and variant B: 14.11.02 | Approved by:| MILLIMETRES P 610 Cc: R.M. "
p642,600,300 450 750 900 1200,,ROUNDEL & BARS ------ RED ROUNDEL BACKGROUND --- BLUE 60 OS LS (300) (450) 600 _ _ _ _ _ _ _ _ (750) (900) (1200) C2,"Drawing No. © CROWN COPYRIGHT P 642 NOTES: 1. All 600mm dia sign dimensions shall be varied ¢ proportionally for the other roundel sizes. 2. COLOURS : Roundel & Bars —-—--— RED Roundel background ——— BLUE 60 OS Ls (300) (450) 600 _ _ _ _ _ _ _ _ (750) (900) (1200) C2 Before using this drawing, confirm P642 that it has not been superseded. Title: Regulatory Sign Issue: Date: | Drawn by: Dimensions: Drawing No. Department for A: 21.7.94 S.P. NO STOPPING 278 voved by:| MILLIMETRES Transport ON MAIN CARRIAGEWAY oo eM P 642 "
p632,600,750 900 1200,,BACKGROUND -- - WHITE LEFT HAND SYMBOL - BLACK RIGHT HAND SYMBOL ----- RED BORDER ------------ RED 600 = (750) ¢ 168 (900) (1200) = 1 182 144 | 182 1,"Drawing No. Related Drawing P 632| S18 NOTES: 1. © CROWN COPYRIGHT All 600mm dia sign dimensions shall be varied proportionally for the other roundel sizes. 2. Symbol details are given on drawing S 19. 3. The tile outlines do not form part of the sign. 4. COLOURS : Background —— — WHITE Left Hand Symbol — BLACK Right Hand Symbol —---— RED Border -----------— RED 600 = (750) ¢ 168 (900) (1200) = 1 182 144 | 182 1 Before using this drawing, confirm P632 that it has not been superseded. Title: i Issue: Date: | Drawn by: Dimensions: Drawing No. Regulatory Sign yt 9 Department for gulatory Sig bo 94 Sp. Transport NO OVERTAKING B: 28.7.04 | Approved by:| MILLIMETRES Pp 65 3 ? Cc: R.M. "
p614,600,270 300 450 750 900 1200,,BACKGROUND ---- WHITE ¢,"Drawing No. © CROWN COPYRIGHT P 614 proportionally for the other roundel sizes. 2. COLOURS : Background ———— WHITE ¢ NOTES: 1. All 600mm dia sign dimensions shall be varied T ' (270) (300) (450) 600 (750) (900) (1200) 80 100 80 Before using this drawing, confirm P614 that it has not been superseded. Title: Regulatory Sign Issue: Date: | Drawn by: Dimensions: Drawing No. Department for A: 5.7.94] SP. Transport NO U—TURNS B: 14.11.02 | Approved by:| MILLIMETRES P 614 Cc: 2.6.03 R.M. "
and-item-08-p612-and-613,600,270 300 450 750 900 1200,,BACKGROUND ---- WHITE BORDER & BAR--- RED P 613,"Drawing No. P 612 & P 613 (270) (300) (450) 600 (750) (900) (1200) P612&613 e P 612 | | | 210 © CROWN COPYRIGHT NOTES: 1. All 600mm dia sign dimensions shall be varied proportionally for the other roundel sizes. The range of sizes for P 613 is the same as those shown for P 612. 2. COLOURS : Background ———— WHITE Border & Bar-—— RED P 613 Before using this drawing, confirm that it has not been superseded. Department for Transport Title: Regulatory Signs NO RIGHT TURN (P 612) NO LEFT TURN (P 613) Issue: A: B: Cc: Date: 5.7.94 14.11.02 2.6.03 Drawn by: S.P. Approved by: R.M. Dimensions: Drawing No. Pp 61 2 MILLIMETRES & Pp 61 3 "
p615,750,600 900 1200,,"BACKGROUND --- WHITE BORDER ------ RED SMALL ARROW --- RED LARGE ARROW ---- BLACK (600) 750 TT STANDARD ARROW (900) 450 DESIGN USED (1200) 250 1 1 1 }---225->| --| 97.5 R -<-_- BEF ING THIS DRAWING, F","Drawing No. © CROWN COPYRIGHT P 615 ee NOTES: 1. All 750mm dia sign dimensions shall be varied proportionally for the other roundel sizes. 2. COLOURS : Background ——— WHITE Border -----— RED Small arrow —-— RED Large arrow —-—— BLACK (600) 750 TT Standard arrow (900) 450 design used (1200) 250 1 1 1 }-——225—>| —-| 97.5 r —<—_— Bef ing this drawing, fir P615 230 that it has not been superseded. Department for itle Regulatory Sign ‘seve bos, Prown Dimensions Drawing No. Transport PRIORITY TO VEHICLES FROM | $2784] 8% amunerees}] =P 645 : 27. pproved by: THE OPPOSITE DIRECTION | ¢. ove "
p616,750,270 300 450 600 900 1200,,BACKGROUND ---- RED BORDER & BAR --- WHITE P616 640,"Drawing No. P 616 (270) (300) (450) (600) 750 (900) (1200) © CROWN COPYRIGHT NOTES: 1. All 750mm dia sign dimensions shall be varied proportionally for the other roundel sizes. 2. COLOURS : Background ———— RED Border & Bar —-— WHITE P616 640 Before using this drawing, confirm that it has not been superseded. Department for Transport Title: Regulatory Sign NO ENTRY Issue: A: B: Cc: Date: 5.7.94 16.7.04 11.11.11 Drawn by : Dimensions : | Drawing No. S.P. Approved by:| MILLIMETRES Pp 61 6 R.M. "
p617,600,120 450 750 900 1200,,BACKGROUND ---- WHITE BORDER ------ RED (45) 60 (78) (90) (120) (450) 600 (750) -4---------4 ----------- (900) (1200),"Drawing No. © CROWN COPYRIGHT P 617 NOTES: 1. COLOURS : Background —-—— WHITE Border ----—— RED (45) 60 (78) (90) (120) (450) 600 (750) -4-—-—-—-—-4 -—-—-—-—--- (900) (1200) Before using this drawing, confirm P617 that it has not been superseded. Title: Issue: Date: | Drawn by: Dimensions: Drawing No. Regulatory Sign Department for gulatory Sig A: 5.7.94 SP. Transport | ALL VEHICLES PROHIBITED | &* 1704} soproies ny:| muuMeTRES | PG] 7 Cc: R.M. "
p619,600,450 750 900 1200,,BACKGROUND --- WHITE BORDER --- SYMBOLS ------ 180 1 (450) © 600 : ~~ -16 1 (750) A - J 1 (900) { ) 1200 (1200) OKO 228 | -- 1 1 1 247,"Drawing No. Related Drawings © CROWN COPYRIGHT P 619 $19 & S 23 270 NOTES: 1. All 600mm dia sign dimensions shall be varied le— 124 proportionally for the other roundel sizes. 2. Car and motor cycle symbol details are given 60] on drawings S 19 & S 23 respectively. 3. The tile outlines do not form part of the sign. L 4. COLOURS : Background —-— WHITE Border —-— Symbols -—---— 180 1 (450) © 600 : ~~ —16 1 (750) a - j 1 (900) { ) 1200 (1200) OKO 228 | —— 1 1 1 247 Before using this drawing, confirm P619 that it has not been superseded. Title: i Issue: Date: | Drawn by: Dimensions: Drawing No. Regulatory Sign yt 9 Transpo, for gulatory Sig Ne eyes Sp. ransport | Motor VEHICLES PROHIBITED | & 167.4) roorored oy: wuumerRes | P 619 Cc: R.M. "
p622x1a,600,450 750 900 1200 1500,,BORDER ----~-- RED SYMBOL ------ BLACK WITH WHITE LEGEND BACKGROUND --- WHITE . WHEN THE SIGN IS USED AS A SYMBOL ON A DIRECTIONAL SIGN THE LORRY SYMBOL MAY BE REVERSED AS SHOWN ON DRAWING S 32 SHEET,"Drawing No. P 622.1A Related Drawings S 32 sheets 2 & 3 (450) 600 (750) (900) (1200) (1500) P622.1A 190 3596 © CROWN COPYRIGHT NOTES: 1. All dimensions for the 600mm dia sign shall be varied proportionally for the other roundel sizes. . Symbol details are given on drawing S 32 sheets 2 & 3. . The tile outline does not form part of the sign. . COLOURS : Border -—--~-— RED Symbol —----— BLACK with white legend Background ——— WHITE . When the sign is used as a symbol on a directional sign the lorry symbol may be reversed as shown on drawing S 32 sheets 2 & 3. VARIANT [1 © Y Before using this drawing, confirm that it has not been superseded. Department for Transport Title: Regulatory Sign GOODS VEHICLES OVER 7.5 TONNES OR 18 TONNES (mgw) PROHIBITED Issue: A: B: Cc: Date: 5.7.94 4.12.02 11.11.11 Drawn by: Approved by: Dimensions : | Drawing No. P 622.1A S.P. MILLIMETRES R.M. "
p622x2,600,450 750 900,,BACKGROUND --------- WHITE BORDER & SYMBOL --- GREY DIAGONAL BARS ----- BLACK ¢- 198,"Drawing No. Related Drawing P 622.2 S 32 sheet 1 (450) 600 (750) (900) P622x2 © CROWN COPYRIGHT NOTES: 1. All 600mm dia sign dimensions shall be varied proportionally for the other roundel sizes. 2. Symbol details are given on drawing S 32 sheet 1. 3. The tile outline does not form part of the sign. 4. COLOURS : Background —--—-—-—— WHITE Border & Symbol -—— GREY Diagonal bars ——--— BLACK ¢— 198 Before using this drawing, confirm that it has not been superseded. Department for Transport Title: INDICATED BY THE SIGN ON P 622.1A Regulatory Sign END OF PROHIBITION Issue: A: B: Cc: Date: 5.7.94 16.7.04 Drawn by: Dimensions: Drawing No. SP. Approved by: | MILLIMETRES P 5 ? ? . ? R.M. "
p622x4,600,750 900,,BACKGROUND --- WHITE BORDER VARIANT “LAYING ~)*) FEO WELNICLES EE DEPARTMENT FOR TRANSPORT TITLE: REGULATORY SIGNS NO ARTICULATED VEHICLES (NO TRACK LAYING VEHICLES) ISSUE: A: B: CC: DATE: 5.7.,"Drawing No. P 622.4 wil 40 | P622x4 Before using this drawing, confirm that it has not been superseded. | No articulated welicles 40 x-ht (50) (60) K+ 600 (750) (900) LEGEND CENTRALISED HORIZONTALLY ON VERTICAL CENTRE LINE OF ROUNDEL FOR BOTH SIGNS © CROWN COPYRIGHT NOTES: 1. All 600mm dia sign dimensions shall be varied proportionally for the other roundel sizes. 2. The legend is from the Transport Heavy alphabet at the x—heights shown. 3. The tile outlines do not form part of the signs. 4. COLOURS : Background ——— WHITE Border VARIANT “laying ~)*) Feo welnicles ee Department for Transport Title: Regulatory Signs NO ARTICULATED VEHICLES (NO TRACK LAYING VEHICLES) Issue: A: B: Cc: Date: 5.7.94 16.7.04 Drawn by: Dimensions: Drawing No. SP. Approved by: | MILLIMETRES P 6 ? ? 4 R.M. "
p622x8,600,450 750 900 1200,,BORDER ------ RED BACKGROUND --- WHITE SYMBOL ------ SEE DRAWING S 62,"Drawing No. P 622.8 Related Drawing S 62 (450) 600 (750) (900) (1200) P622x8 524 NOTES: — 1. © CROWN COPYRIGHT Symbol details are given on drawing S 62. The tile outline does not form part of the sign. All 600mm dia sign dimensions shall be varied proportionally for the other roundel sizes. COLOURS : Border -—---— RED Background ——— WHITE Symbol -----— see drawing S 62 Before using this drawing, confirm that it has not been superseded. Department for Transport Title: Regulatory Sign VEHICLES CARRYING EXPLOSIVES PROHIBITED Issue: A: B: Cc: Date: 5.12.02 Drawn by: R.M. Approved by: R.M. Dimensions: Drawing No. MILLIMETRES P 5 2? ; 8 "
p952,600,1200 450 750 900,,BACKGROUND --- WHITE BORDER ------ RED SYMBOL ------- BLACK €- 130,"Drawing No. P 952 Related Drawings S 25 Sheet 1 P952 (1200) (450) 600 (750) (900) Equal Equal 400 © CROWN COPYRIGHT NOTES: 1. All 600mm dia sign dimensions shall be varied proportionally for the other roundel sizes. 2. Symbol details are given on drawing S 25 sheet 1. 3. The tile outline does not form part of the sign. 4. COLOURS : Background ——— WHITE Border —----— RED Symbol —-----— BLACK €— 130 Before using this drawing, confirm that it has not been superseded. Department for Transport Title: Regulatory Sign BUSES PROHIBITED Issue: Date: 6.7.94 4.8.04 Drawn by: S.P. Approved by: R.M. Dimensions: MILLIMETRES Drawing No. P 952 "
p619x1,600,450 750 900 1200,,BORDER ------ RED SYMBOL ------- BLACK BACKGROUND --- WHITE (450) 600 312 (750) (900) (1200) 558,"Drawing No. Related Drawing P 619.1 S19 NOTES: — 1. © CROWN COPYRIGHT All dimensions for the 600mm dia sign shall be varied proportionally for the other roundel sizes. 2. Symbol details are given on drawing S 19. 3. The tile outline does not form part of the sign. 4. COLOURS : Border -----— RED Symbol —-----— BLACK Background ——— WHITE (450) 600 312 (750) (900) (1200) 558 Before using this drawing, confirm P619x1 that it has not been superseded. Department for Title : Regulatory Sign Issue: Date: | Drawn by: Dimensions: Drawing No. ALL MOTOR VEHICLES EXCEPT aes panes B: 14.11.02 r :| MILLIMETRES Transport SOLO MOTOR CYCLES PROHIBITED | ¢: ven P 619.1 "
p622x7,600,450 750 900 1200,,BORDER BACKGROUND --- WHITE SYMBOL ------ BLACK (450) 600 84 (750) ¢ = (900) BA (1200) 420,"Drawing No. Related Drawing P 622.7| S17 © CROWN COPYRIGHT NOTES: — 1. Symbol details are given on drawing S 17. 2. The tile outline does not form part of the sign. 3. All 600mm dia sign dimensions shall be varied proportionally for the other roundel sizes. 4. COLOURS : Border Background ——— WHITE Symbol —----— BLACK (450) 600 84 (750) ¢ = (900) BA (1200) 420 Before using this drawing, confirm P622x7 that it has not been superseded. Department for Title: Regulatory Sign Issue: Date: | Drawn by: Dimensions: Drawing No. A: 5.12.02 R.M. Transport | towed caRAVANS PROHIBITED | ®: Aeproved by:| MILLIMETRES | > 6 DD) / Cc: R.M. "
p619x2,600,450 750 900 1200,,BORDER RED SYMBOL --- BLACK BACKGROUND --- WHITE EE © (450) 600 270 (750) (900) (1200) MA 200 405,"Drawing No. Related Drawing P 619.2 S23 © CROWN COPYRIGHT NOTES:— 1. All dimensions for the 600mm dia sign shall be varied proportionally for the other roundel sizes. 2. Symbol details are given on drawing S 23. 3. The tile outline does not form part of the sign. 4. COLOURS : Border RED Symbol —-— BLACK Background ——— WHITE ee © (450) 600 270 (750) (900) (1200) ma 200 405 Before using this drawing, confirm P619x2 that it has not been superseded. Title: ; Issue: Date: | Drawn by: Dimensions: Drawing No. Regulatory Sign y? 9 Transpo, for gulatory Sig Ae syeal ae. FANSPOHT | soLo MoTOR CYCLES PROHIBITED | ® 141.02] roorores oy:] wLLMETRES | P 619.2 Cc: R.M. "
p951,450,270 300 600,,BACKGROUND --- WHITE (270) (300) 450 90 (600),"Drawing No. Related Drawing © CROWN COPYRIGHT P 951 |_S 24 Cc fa sign dimensi i NOTES: 1. All 450mm dia sign dimensions shall be varied proportionally for the other roundel sizes. 2. Symbol details are given on drawing S 24. 3. The tile outline does not form part of the sign. 4. COLOURS : Background —-— WHITE (270) (300) 450 90 (600) Before using this drawing, confirm P951 that it has not been superseded. Title: ; Issue: Date: | Drawn by: Dimensions: Drawing No. Regulatory Sign y? 9 Department for A: er e4 SP Transport | CYCLING PROHIBITED — | 88708 spree y=) MLUINETRES | POH Cc: R.M. "
p625x1,350,300 450,,BORDER ------ RED SYMBOL ------- BLACK BACKGROUND --- WHITE (300) (450) 350 600 -_ YY Y <--_- = -__ ES = 250,"Drawing No. Related Drawing P 625.1 S 2 © CROWN COPYRIGHT NOTES:— 1. All dimensions for the 600mm dia sign shall be varied proportionally for the other roundel sizes. T 2. Symbol details are given on drawing S 2. 3. The tile outline does not form part of the sign. 4. COLOURS : Border -----— RED Symbol —-----— BLACK Background ——— WHITE (300) (450) 350 600 —_ yy y <——_— = —__ es = 250 Before using this drawing, confirm P625.1 that it has not been superseded. Title: ; Issue: Date: | Drawn by: Dimensions: Drawing No. Regulatory Sign y? 9 Department for a: t9704| SP. Transport | PEDESTRIANS PROHIBITED | ®* 121202] somes y:] MuuMETRES | PG D5 | Cc: R.M. "
p622x5,600,450 165 330,,BACKGROUND --- WHITE BORDER ------ RED SYMBOL ------- BLACK (450) C- (165) 600 220 (90) 120 I I T | = T = (330) 440,"Drawing No. Related Drawing © CROWN COPYRIGHT P 622.5| S15 ¢ NOTES: 1. Symbol details are given on drawing S 15. T 2. The tile outline does not form part of the sign. 3. COLOURS : Background —-— WHITE Border —----— RED Symbol —----—— BLACK (450) C— (165) 600 220 (90) 120 I I t | = t = (330) 440 Before using this drawing, confirm P622x5 that it has not been superseded. Title: Regulatory Sign Issue: Date: | Drawn by: Dimensions: Drawing No. Department for HORSE DRAWN VEHICLES |“ 57%] se fo Transport PROHIBITED c. 16.7.04 ave by: P 622.5 "
p622x6,600,252 450 108 153 288,,BACKGROUND ---- WHITE BORDER -----_-- RED A BLACK SYMBOL (252) (450) 600 C 536 (108) 144 M-- (153) 204 >| + (288) 384 ----»,"Drawing No. Related Drawing (©) CROWN COPYRIGHT P 622.6 S 8 NOTES: 1. Symbol details are given on drawing S 8. 2. The tile outline does not form part of the sign. (45) 60 y 3. COLOURS : Background —-—— WHITE Border —-—-—_—— RED a BLACK Symbol (252) (450) 600 C 536 (108) 144 M—— (153) 204 >| + (288) 384 ————» Before using this drawing, confirm P622x6 that it has not been superseded. Title: Regulatory Sign Issue: Date: Drawn by: Dimensions: Drawing No. Department for A 5.7.94 S.P. RIDDEN OR ACCOMPANIED B MILLIMETRES Transport HORSES PROHIBITED 16.7.04 Approved by P 622.6 Cc R.M. "
p629x1,600,750 900,,"BACKGROUND ------------ WHITE. BORDER --------------- RED LEGEND, SYMBOL & ARROWS --- BLACK 6. THE LEGEND, EXCLUDING THE ‘INCHES’ SYMBOL, IS CENTRED HORIZONTALLY ABOVE THE ARROWS. 7. SEE SHEET 2 FOR","Drawing No. Related Drawing P 629.1 |S 92 Sheet | 310 Sheet 1 of 2 © CROWN COPYRIGHT NOTES: 1. All 600mm dia sign dimensions shall be varied proportionally for the other roundel sizes. 2. The legend is from the Transport Heavy alphabet at the x—heights shown. 3. Lorry symbol details are given on drawing S 32 sheet 1. 4. The tile outlines do not form part of the sign. 5. COLOURS : Background -----------— WHITE. Border --------------— RED Legend, Symbol & Arrows ——— BLACK 6. The legend, excluding the ‘inches’ symbol, is centred horizontally above the arrows. 7. See sheet 2 for metric sign. 50 x—ht (62.5) (75) Issue C : Note 6 added 600 (750) (900) Before using this drawing, confirm P629x1-1 that it has not been superseded. Department for Title: Regulatory Sign Issue: Date: | Drawn by: Dimensions: Drawing No. A: 19.7.94 S.P. Transport VEHICLE LENGTH LIMIT B: 257.95 | Approved by:| MILLIMETRES P 629.1 (Imperial) C: 287.04 R.M. Sheet 1 of 2 "
p629a,750,900 1200,,LEGEND & SYMBOLS --- BLACK BACKGROUND ----------- WHITE BORDER ----------- RED,"Drawing No. P 629A P629A 750 (900) (1200) —————-+| NOTES: — 1. © CROWN COPYRIGHT The legend is from the Transport Heavy alphabet. . The tile outlines do not form part of the sign. . The width limit may be varied to suit the requirements. . All 750mm dia sign dimensions, including the x—height, shall be varied proportionally for the other roundel sizes. . COLOURS : Legend & Symbols ——— BLACK Background -—--—--—-—— WHITE Border -—--------— RED Before using this drawing, confirm that it has not been superseded. Department for Transport Title: Regulatory Sign VEHICLE WIDTH LIMIT (Metric and Imperial) Issue: A: Date: 3.7.03 Drawn by: R.M. Approved by: R.M. Dimensions: Drawing No. MILLIMETRES P 5 29 A "
p629x2a,750,900 1200 1500,,BACKGROUND --~------- WHITE. BORDER ------------ RED LEGEND & SYMBOLS --- BLACK 100 X-HT 1.5 SW (4SW = X-HEIGHT) (BASED ON SMALL CHARACTERS) I 750 (900)(1200) (1500) ----+},"Drawing No. © CROWN COPYRIGHT P 629.2A 1. All 750mm dia sign dimensions, including the x—heights, shall be varied proportionally for the other roundel sizes. 2. The legend is from the Transport Heavy alphabet. 3. The tile outlines do not form part of the sign. 25 4. COLOURS : Background -—~---—--— WHITE. Border ------—----— RED Legend & Symbols —-— BLACK 100 x-ht 1.5 sw (4sw = x—height) (based on small characters) I 750 (900)(1200) (1500) ————+} Before using this drawing, confirm P629x2A that it has not been superseded. Department for Title : Regulatory Sign Issue: Date: | Drawn by: Dimensions: | Drawing No. A: 20.7.94 S.P. Transport VEHICLE HEIGHT LIMIT 8: 287.06 approved vy:| (atrore wane | P BQO DA (Metric and Imperial) Cc: R.M. where indicated) "
p955,450,150 270 300 600,,BACKGROUND -----~-- BLUE BORDER & SYMBOL --- WHITE 210,"Drawing No. Related Drawing P 955 S24 357 Equal (150) (270) (300) — 450 (600) C | | | | P955 Equal NOTES: 1. © CROWN COPYRIGHT All 450mm dia sign dimensions shall be varied proportionally for the other roundel sizes. Symbol details are given on drawing S 24. . The tile outline does not form part of the sign. . COLOURS : Background —----~-— BLUE Border & Symbol ——— WHITE 210 Before using this drawing, confirm that it has not been superseded. Department for Transport Title: Regulatory Sign ROUTE FOR USE BY PEDAL CYCLES ONLY Issue: A: B: Cc: Date: 6.7.94 4.8.04 14.11.11 Drawn by : S.P. Approved by: R.M. Dimensions : MILLIMETRES Drawing No. P 955 "
p956,150,100 150 270 300 600,,BACKGROUND ------- BLUE BORDER & SYMBOLS --- WHITE 150 (100) (150) 1 (270) {FF AAN (300) 450 (600) 210 | 36 T = 135 135,"Drawing No. Related Drawings P 956 |S 24 & S 3 255 © CROWN COPYRIGHT NOTES: 1. All 450mm dia sign dimensions shall be varied ¢ proportionally for the other roundel sizes. Equal t Equal 2. Cycle and pedestrian symbol details are given on drawings S 24 and S 3 respectively. 39 3. The tile outlines do not form part of the sign. 4. COLOURS : Background ------- BLUE Border & Symbols ——— WHITE 150 (100) (150) 1 (270) {ff aan (300) 450 (600) 210 | 36 T = 135 135 Before using this drawing, confirm P956 that it has not been superseded. Department for Title: Regulatory Sign sesue bcs “enn by: Dimensions : | Drawing No. ROUTE FOR USE BY PEDAL CYCLES : - “ ranspor B: 5.8.04] Approved by:| MILLIMETRES P 9 5 5 & PEDESTRIANS ONLY (unsegregated)] 6. aan! aM "
p956x1,450,600,,BACKGROUND --------- BLUE BORDER & SYMBOLS --- WHITE 450 (600),"Drawing No. Related Drawings NP 956.1 S$ 24,S8&S 3 175 NOTES: 1. © CROWN COPYRIGHT All 450mm dia sign dimensions shall be varied proportionally for the 600mm roundel size. . Cycle, horse & rider and pedestrian symbol details are given on drawings S 24, S 8 and S 3 respectively. 3. The tile outlines do not form part of the sign. 4. COLOURS : Background —---—--—— BLUE Border & Symbols ——— WHITE 450 (600) Before using this drawing, confirm NP956x1 that it has not been superseded. Department for Title: Regulatory Sign Issue: Date: | Drawn by: Dimensions: Drawing No. ROUTE FOR USE BY PEDAL CYCLES | 8) 71907) Lt Transport 8 roproved by:| muuimerRes | \|P O56. | P HORSES & PEDESTRIANS ONLY °. fae . "
p956x2,450,270 300 600 750,,@ 50) BACKGROUND ------- BLUE (270) BORDER & SYMBOLS ---- WHITE (300) 450 (600) (750) | 153 | 306 P956X2 © CROWN COPYRIGHT TITLE: REGULATORY SIGN ISSUE: DATE: DRAWN BY : RELATED DRAWINGS : DRAWING NO.,"Before using this drawing, confirm P 956. 2 that it has not been superseded. ¢ NOTES: 1. All 450mm dia sign dimensions shall be varied proportionally for the other roundel sizes. 2. Cycle, horse—drawn vehicle and pedestrian symbol details are given on drawings S 24, S$ 15 and S 3 respectively. 3. The tile outlines do not form part of the sign. 4. All dimensions are in millimetres. (1 00) 5. COLOURS: @ 50) Background —-----— BLUE (270) Border & Symbols ——-— WHITE (300) 450 (600) (750) | 153 | 306 P956x2 © CROWN COPYRIGHT Title: Regulatory Sign Issue: Date: Drawn by : Related drawings : Drawing No. A: 25.4.23 A.K. ROUTE FOR USE BY PEDAL CYCLES S 24, S 15 Department , B: Approved by: , for Transport HORSE-DRAWN VEHICLES & PEDESTRIANS | ¢, JB. &S 3 P 956.2 "
p957,450,100 150 270 300 600,,"BACKGROUND ------~-- BLUE BORDER & SYMBOLS --- WHITE (100) (150) (270) 189 (300) 450 (600) Y_ 150 THE SIGN MAY BE VARIED TO A MIRROR IMAGE 204 ,. 21 | 121.5 15","Drawing No. Related Drawings P 957 (|S 24 «&5S 3 ¢ © CROWN COPYRIGHT NOTES: 1. All 450mm dia sign dimensions shall be varied proportionally for the other roundel sizes. 2. Cycle and pedestrian symbol details are given on drawings S 24 and S 3 respectively. 3. The tile outlines do not form part of the sign. 4. COLOURS : Background —-----~-- BLUE Border & Symbols ——— WHITE (100) (150) (270) 189 (300) 450 (600) Y_ 150 THE SIGN MAY BE VARIED TO A MIRROR IMAGE 204 ,. 21 | 121.5 15 Before using this drawing, confirm P957 that it has not been superseded. Department for Title: Regulatory Sign sesue bcs “enn by: Dimensions : | Drawing No. ROUTE FOR USE BY PEDAL CYCLES : . “ ranspor B: 12.8.04} Approved by:| MILLIMETRES P ie) 5 7 & PEDESTRIANS ONLY (segregated) | co. aul orm "
p953,750,450 600 900,,"BACKGROUND © CROWN COPYRIGHT ALL 750MM DIA SIGN DIMENSIONS, INCLUDING THE X-HEIGHT OF THE WORD ‘TAXI’, SHALL BE VARIED PROPORTIONALLY FOR THE OTHER ROUNDEL SIZES. . THE LEGEND IS FROM THE TRANSPORT","Drawing No. Related Drawings Pp 953 S 24 & S 25 Sheets 1 & 2 (450) (600) 750 (900) P953 NOTES: — 1. 2. 3. 4. 156 5 45 6 — 203 70 62.5 x—ht . COLOURS : Background © CROWN COPYRIGHT All 750mm dia sign dimensions, including the x—height of the word ‘taxi’, shall be varied proportionally for the other roundel sizes. . The legend is from the Transport Medium alphabet. . Details of the symbols are given on drawings S 24 and S 25 sheet 1. . The tile outlines do not form part of the sign. . VARIANTS : The word ‘taxi’, the cycle symbol or both may be omitted, with no change in the position of the remaining sign elements. The bus symbol may be varied to the ‘local bus’ symbol shown on drawing S 25 sheet 2. —- BLUE Border, Symbols & ‘taxi’ --— WHITE Before using this drawing, confirm that it has not been superseded. Department for Transport Title: Regulatory Sign BUS, CYCLE AND TAXI ROUTE ONLY Issue: Date: | Drawn by 6.7.94 S.P. 8.7.04 R.M. Dimensions: Drawing No. Approved by:| MILLIMETRES Pp 9 5 3 "
p953a,750,450 600 900,,BACKGROUND -------- BLUE 156 BORDER & SYMBOLS --- WHITE 5. THE BUS SYMBOL MAY BE VARIED TO THE YO ‘LOCAL BUS’ SYMBOL SHOWN ON DRAWING S 25 45 SHEET 2. (450) (600) 203 750 (900) 30 187.5 66 BEFORE USIN,"Drawing No. Related Drawings © CROWN COPYRIGHT NP O53A S 23, S 24 & S 25 NOTES: 1. All 750mm dia sign dimensions shall be varied proportionally for the other roundel sizes. { 2. Details of the symbols are given on drawings S 23, S 24 and S 25 sheet 1. 62.5 3. The tile outlines do not form part of the sign. 4. COLOURS : Background -—-----— BLUE 156 Border & Symbols —-— WHITE 5. The bus symbol may be varied to the yo ‘local bus’ symbol shown on drawing S 25 45 sheet 2. (450) (600) 203 750 (900) 30 187.5 66 Before using this drawing, confirm NP953A that it has not been superseded. Department for Title: Regulatory Sign Issue: Date: | Drawn by: Dimensions: Drawing No. A: 15.8.05 R.M. Tr n r BUS, CYCLE AND B: roved by:| MILLIMETRES ansport | oo \otor cycle ROUTE =. Aoproved by NP 953A "
p953b,,,x,BACKGROUND ---------- BLUE BORDER & SYMBOLS ---- WHITE ‘TAXI’ ----------- WHITE . THE BUS SYMBOL MAY BE VARIED TO THE ‘LOCAL BUS’ SYMBOL SHOWN ON DRAWING S 25 SHEET 2. EQUAL EQUAL | OXD {60} ¢ |,"Drawing No. Related Drawings S 24, S 25 NP 953B | % $26 560 NP953B NOTES: 1. © CROWN COPYRIGHT The legend is from the Transport Medium alphabet at the x—height shown. . Details of the symbols are given on drawings S 24, S 25 sheet 1 and S 26. . The tile outlines do not form part of the sign. . COLOURS : Background —--—-—-—-— BLUE Border & Symbols —-—— WHITE ‘taxi’ ----------- WHITE . The bus symbol may be varied to the ‘local bus’ symbol shown on drawing S 25 sheet 2. Equal Equal | Oxd {60} ¢ | | | | Before using this drawing, confirm that it has not been superseded. Department for Transport Title: Regulatory Sign BUS, SOLO MOTOR CYCLE, CYCLE and TAX! ROUTE Issue: A: B: Cc: Date: 31.5.06 Drawn by: R.M. Approved by: R.M. Dimensions: Drawing No. MILLIMETRES NP 95 4B "
p953x1,750,450 900,,BACKGROUND -------- BLUE BORDER & SYMBOL --- WHITE 5. SEE SHEET 2 FOR VARIANT SHOWING BOTH TRAM AND BUS SYMBOL. (450) 750 (900),"Drawing No. — Pali © CROWN COPYRIGHT . NOTES: — 1. All 750mm dia sign dimensions shall be varied Sheet 1 of 2 625 proportionally for the other roundel sizes. 2. Tram symbol details are given on drawing S 26. 3. The tile outline does not form part of the sign. 4. COLOURS : Background -----—-— BLUE Border & Symbol ——— WHITE 5. See sheet 2 for variant showing both tram and bus symbol. (450) 750 (900) Before using this drawing, confirm P953x1-1 that it has not been superseded. Title: ‘ Issue: Date: | Drawn by: Dimensions: Drawing No. Regulatory Sign ys 9 Department for a: 704| Sp. P 9531 Transpor f | ROUTE FOR TRAMS ONLY | & 8704] Approved by:} MILLIMETRES Cc: R.M. Sheet 1 of 2 "
np953x1c,,,x,BACKGROUND ----------- BLUE BORDER & SYMBOLS ---- WHITE ‘TAXI’ ----------- WHITE . THE BUS SYMBOL MAY BE VARIED TO THE ‘LOCAL BUS’ SYMBOL SHOWN ON DRAWING S 25 SHEET 2.,"Drawing No. NP 953.1B Related Drawings S 23, S 24, S25 & S 26 200 | #4 | 130 |u| NP953x1B NOTES: 1. © CROWN COPYRIGHT The legend is from the Transport Medium alphabet at the x—height shown. . Details of the symbols are given on drawings S 23, S 24, S 25 sheet 1 and S 26. . The tile outlines do not form part of the sign. . COLOURS : Background —--—-—-—-—— BLUE Border & Symbols —-—— WHITE ‘taxi’ ----------- WHITE . The bus symbol may be varied to the ‘local bus’ symbol shown on drawing S 25 sheet 2. Before using this drawing, confirm that it has not been superseded. Department for Transport Title: Regulatory Sign CYCLE and TAXI TRAM, BUS, SOLO MOTOR CYCLE, ROUTE Issue: A: B: Cc: Date: 31.5.06 Drawn by: R.M. Approved by: R.M. Dimensions: Drawing No. MILLIMETRES} KID Q53 1B "
traffic-sign-drawing-schedule-03-part-03-legends-for-plates,,,x,"BACKGROUND ---------- WHITE. LEGEND & BORDER ---- BLACK DIMENSIONS : X-HEIGHTS ARE IN MILLIMETRES, OTHER DIMENSIONS ARE IN STROKE WIDTHS. (4SW = X-HEIGHT) SEE SECTION 12 IN CHAPTER 7 OF THE TRAFFIC","Drawing No. Before using this drawing, confirm Pp 61 8 that it has not been superseded. N a si RE LS) a (375) (62.5) 50 x-ht alae NOTES: — 1. aaa a © CROWN COPYRIGHT The legend is from the Transport Heavy alphabet at the x-heights shown. The tile outlines do not form part of the signs. COLOURS : Background -—--—-—-—— WHITE. Legend & Border —-—— BLACK DIMENSIONS : x—heights are in millimetres, other dimensions are in stroke widths. (4sw = x—height) See section 12 in Chapter 7 of the Traffic Signs Manual for further details of time plate design. N |"" 4 7 Play j Street &. Sam it sunset except for acGess VARIANT P618 Department for Title: Regulatory Sign Issue: Date: | Drawn by: Dimensions: Drawing No. SUPPLEMENTARY PLATE Ai 26.794] RM. SEE Transport @: 1212.02| approved by: P FOR USE WITH P 617 c: | NOTE 4 P 618 "
p636_document,200,275 160,,200 (275) 30 (40) [SO (80) => |---| 120 (160) VARIANT 275 DIA USED ON TEMPORARY STAND ROUNDEL & BAR ------- ROUNDEL BACKGROUND ARROW ---------- BACKGROUND TO SIGN --- YELLOW 200 DIA USED ON PO,"Drawing No. P 636 Before using this drawing, confirm that it has not been superseded. ¢ P636 © CROWN COPYRIGHT NOTES:— 1. The 200mm dia sign dimensions shall be varied proportionally for the 275mm dia sign. 2. COLOURS : 200 (275) 30 (40) [so (80) => |-—-| 120 (160) VARIANT 275 dia used on temporary stand Roundel & Bar —---——— Roundel background Arrow —---—----— Background to sign ——— YELLOW 200 dia used on police cone and si (legen hown with P 636.1 d from Transport heavy alphabet) Issue C : Bracketed dimensions on roundel removed (see note 1) Department for Transport Title: Regulatory Sign TEMPORARY PROHIBITION OF WAITING Issue: Date: Drawn by : A: 20.7.94 S.P. C: 27.8.04 | Approved by: D: 15.7.15 R.M. Dimensions : MILLIMETRES Drawing No. P 6356 "
p650x2_document,,,x,"BACKGROUND --------- YELLOW LEGEND & BORDER ------- BLACK ROUNDEL SYMBOL -------- RED ROUNDEL BACKGROUND --- BLUE 5. DIMENSIONS : X-HEIGHTS ARE IN MILLIMETRES, OTHER DIMENSIONS ARE IN STROKE WIDTHS.","Drawing No. Related Drawing © CROWN COPYRIGHT P 650.2 |_P 656 NOTES: 1. The legend is from the Transport Heavy alphabet at the x—heights shown. 2. The tile outlines do not form part of the signs. 3. The roundel is proportional to the one shown on drawing P 636. 4. COLOURS : Background —-----—-— YELLOW Legend & Border -—-—-—— BLACK Roundel symbol ----—-—— RED Roundel background ——— BLUE 5. DIMENSIONS : x—heights are in millimetres, other dimensions are in stroke widths. (4sw = x—height) | . 6. See section 12 in Chapter 7 of the Traffic Signs t Manual for further details of time plate design. 1.5 6.5 6.5 No waiting Tipm- 5 am 2 * except 1.5 PAR Tr | *This dimension is reduced to zero when time period is varied to ‘at any time’ Before using this drawing, confirm P650x2 that it has not been superseded. Title: Regulatory Signs Issue: Date: | Drawn by: Dimensions: Drawing No. Department for PROHIBITION ON WAITING Ai 22.794) SP. SEE Transport OTHER THAN VEHICLES INDICATED | ¢. | ?proee®y:| NOTE 5 P 650.2 "
p642_document,600,300 450 750 900 1200,,ROUNDEL & BARS ------ RED ROUNDEL BACKGROUND --- BLUE 60 OS LS (300) (450) 600 _ _ _ _ _ _ _ _ (750) (900) (1200) C2,"Drawing No. © CROWN COPYRIGHT P 642 NOTES: 1. All 600mm dia sign dimensions shall be varied ¢ proportionally for the other roundel sizes. 2. COLOURS : Roundel & Bars —-—--— RED Roundel background ——— BLUE 60 OS Ls (300) (450) 600 _ _ _ _ _ _ _ _ (750) (900) (1200) C2 Before using this drawing, confirm P642 that it has not been superseded. Title: Regulatory Sign Issue: Date: | Drawn by: Dimensions: Drawing No. Department for A: 21.7.94 S.P. NO STOPPING 278 voved by:| MILLIMETRES Transport ON MAIN CARRIAGEWAY oo eM P 642 "
p650x1_document,,,x,"BACKGROUND ---------- YELLOW LEGEND & BORDER ------- BLACK ROUNDEL SYMBOL --------- RED ROUNDEL BACKGROUND --- BLUE 5. DIMENSIONS : X-HEIGHTS ARE IN MILLIMETRES, OTHER DIMENSIONS ARE IN STROKE WIDTH","Drawing No. P 650.1 Related Drawing P 642 1.5 6.5 6.5 2* 1.5 20 min _ 40 max. sett P650x1 *This dimension is reduced to zero when time period is varied to ‘at any time’ © CROWN COPYRIGHT NOTES: 1. The legend is from the Transport Heavy alphabet at the x—heights shown. 2. The tile outlines do not form part of the signs. 3. The roundel is proportional to the one shown on drawing P 642. 4. COLOURS : Background —----—-—-— YELLOW Legend & Border -—-—-—— BLACK Roundel symbol -—---—-—— RED Roundel background ——— BLUE 5. DIMENSIONS : x—heights are in millimetres, other dimensions are in stroke widths. (4sw = x—height) 6. See section 12 in Chapter 7 of the Traffic Signs Manual for further details of time plate design. No stopping Ti pm Q Before using this drawing, confirm that it has not been superseded. Department for Transport Title: Regulatory Signs PROHIBITION ON STOPPING OTHER THAN VEHICLES INDICATED Issue: A: B: Cc: Date: 22.7.94 2.12.03 Drawn by: Dimensions: Drawing No. SP. SEE Approved by:| NOTE 5 P 650.1 R.M. "
p640x2a_document,,,x,"BACKGROUND LEGEND, ARROW & BORDER --- BLACK ROUNDEL & BAR ROUNDEL BACKGROUND - - BLUE LORRY SYMBOL ---- - BLACK 5T IN LORRY ----------- WHITE 6. DIMENSIONS : X-HEIGHTS ARE IN MILLIMETRES, OTHER DIME","Drawing No. Related drawings Before using this drawing, confirm centralised ¢ on lorry 20 min ) 640.2A pheet P 636 & S 32 that it has not been superseded. sf Ty] el St | (Oe 4 || © ° Ss i Mon - Pri 1 Orc PEGE a ss 6s ST || Miidnight- 7 am Fe ' rey 8 pm - Midnight Sat & Sun At any tine eS 1.5r VA i oe _ I Rot 40 max a *When legend © CROWN COPYRIGHT NOTES: 1. The legend is from the Transport Heavy alphabet at the x—heights shown. 2. The tile outlines do not form part of the sign. 3. The roundel is proportional to the one shown on drawing P 636. 4. Lorry symbol details are given on drawing S 32. 5. COLOURS : Background Legend, Arrow & Border -—— BLACK Roundel & Bar Roundel background — — BLUE Lorry symbol —-—— — BLACK 5t in lorry ----------- WHITE 6. DIMENSIONS : x—heights are in millimetres, other dimensions are in stroke widths. (4sw = x—height) 7. See sheet 2 for variants. See section 12 in Chapter 7 of the Traffic Signs Manual for further details of time plate design. pm - Midnight 2.5 asin At any tine 2.5% 2.5"" with oF sign P640x2A-1 Department fo Title: Regulatory Sign Issue: Date: Drawn by : Dimensions : | Drawing No. WAITING RESTRICTIONS At 217.94) SP. SEE P 640.2A Transport | for-cooos venicurs | Sree mest] votes | Seat "
p637x2_document,,,x,BACKGROUND (NO WAITING PANEL) --- YELLOW BACKGROUND (NO LOADING PANEL) --- WHITE 38 LEGENDS & BORDERS ---------- BLACK ROUNDEL & BAR --~----------- RED } ¢ ROUNDEL BACKGROUND ---------- BLUE 14 4 5. D,"Drawing No. Related Drawing | Before using this drawing, confirm © CROWN COPYRIGHT >) 637 2 P 636 that it has not been superseded. . NOTES: 1. The legend is from the Transport Heavy alphabet at the Sheet 1 of 2 kK 15 2.5 aa I aa ke 2.5 x-height shown. -j+— 2. The dimensions of the roundel are proportional to those 25 shown on drawing P 636. : a ern - aa Pedestrian Zone 25 x-ht 3. The tile outlines do not form part of the signs. : = : : 4. COLOURS : Background (No waiting panel) --- YELLOW Background (No loading panel) --— WHITE 38 Legends & Borders —--------- BLACK Roundel & Bar --~----------— RED } ¢ Roundel background ---------— BLUE 14 4 5. DIMENSIONS : x—height is in millimetres, other dimensions t 4 are in stroke widths. (4sw = x—height) = = = Ff 6. See sheet 2 for other variants. > 25 20 dia =] 2.5 be +|o5 min min min Pedestrian | i 4, 2.5 : . pone ge i] as No loacing 15 gk ey Loonie B 63.5 —_ ce pg: Mon Fri nm _ = _ it wok m= 8 Pm \t any Je dk i §=6 CINE 1.5 1.5 ‘us dimensi X —— /. P637x2-1 Issue C : Corner radius dimension added Title: Regulatory Signs Issue: Date: | Drawn by: Dimensions: Drawing No. Department for A: 20704) SP. Ti t PEDESTRIAN ZONE SEE P 637.2 ranspor B: 4.7.03 | Approved by : NOTE 5 . WAITING and LOADING PROHIBITION C: 8.7.05 RM. Sheet 1 of 2 "
p637x1_document,,,x,"BACKGROUND ---------------- YELLOW LEGENDS, ARROW & BORDER --- BLACK ROUNDEL & BAR ---------- RED ROUNDEL BACKGROUND ------- BLUE DIMENSIONS : X-HEIGHTS ARE IN MILLIMETRES, ALL OTHER DIMENSIONS ARE I","Drawing No. Related Drawing P 637.1 |_P 636 Before using this drawing, confirm that it has not been superseded. VARIANTS P637x1 4 f NOTES: 1. © CROWN COPYRIGHT The legend is from the Transport Heavy alphabet at the x—heights shown. The roundel is proportional to the one shown on drawing P 636. The tile outlines do not form part of the signs. COLOURS : Background —----—-—--—----— YELLOW Legends, Arrow & Border —-— BLACK Roundel & Bar ---------— RED Roundel background -—----— BLUE DIMENSIONS : x—heights are in millimetres, all other dimensions are in stroke widths. (4sw = x—ht) 2 1.5 2.5 bho -— 16 —=| Department for Transport Title: Regulatory Signs NO WAITING AT ANY TIME ON VERGE OR FOOTWAY Issue: A: B: Cc: Date: 20.7.94 2.8.95 18.12.03 Drawn by: Dimensions: S.P. SEE Approved by: NOTE 5 R.M. Drawing No. P 637.1 "
p637x1,,,x,"BACKGROUND ----------------- YELLOW LEGENDS, ARROW & BORDER --- BLACK ROUNDEL & BAR ---------- RED ROUNDEL BACKGROUND ------- BLUE DIMENSIONS : X-HEIGHTS ARE IN MILLIMETRES, ALL OTHER DIMENSIONS ARE","Drawing No. Related Drawing P 637.1 |_P 636 Before using this drawing, confirm that it has not been superseded. VARIANTS P637x1 4 f NOTES: 1. © CROWN COPYRIGHT The legend is from the Transport Heavy alphabet at the x—heights shown. The roundel is proportional to the one shown on drawing P 636. The tile outlines do not form part of the signs. COLOURS : Background —--—--—-—--—----— YELLOW Legends, Arrow & Border —-— BLACK Roundel & Bar ---------— RED Roundel background -—----— BLUE DIMENSIONS : x—heights are in millimetres, all other dimensions are in stroke widths. (4sw = x—ht) 2 1.5 2.5 bho -— 16 —=| Department for Transport Title: Regulatory Signs NO WAITING AT ANY TIME ON VERGE OR FOOTWAY Issue: A: B: Cc: Date: 20.7.94 2.8.95 18.12.03 Drawn by: Dimensions: S.P. SEE Approved by: NOTE 5 R.M. Drawing No. P 637.1 "
p640x3,,,x,BACKGROUND © CROWN COPYRIGHT THE LEGEND IS FROM THE TRANSPORT HEAVY ALPHABET AT THE X-HEIGHTS SHOWN. . THE DIMENSIONS OF THE ROUNDEL ARE PROPORTIONAL TO THOSE SHOWN ON DRAWING P 636. . THE TILE O,"Drawing No. Related Drawing P 640.3] P 656 2.5 sw at 50mm x-height tee oe Loading area sie er 62.5 34.5 P640x3 50 x-ht AO x-ht NO 1.5 hb Hh + NOTES: 1. . COLOURS : Background © CROWN COPYRIGHT The legend is from the Transport Heavy alphabet at the x—heights shown. . The dimensions of the roundel are proportional to those shown on drawing P 636. . The tile outlines do not form part of the sign. Legend & Border — Roundel & Bar —--- Roundel Background -—-—— BLUE . DIMENSIONS : x—heights are in millimetres, all other dimensions are in stroke widths based on 40mm x-height (50mm x—height where indicated). (4sw = x—height) . See section 12 in Chapter 7 of the Traffic Signs Manual for further details of time plate design. Except by lb Before using this drawing, confirm that it has not been superseded. Title: i Department for itle Regulatory Sign Transport ENTRANCE TO OFF—HIGHWAY LOADING AREA WITH WAITING RESTRICTIONS A: B: Cc: Issue: Date: 21.7.94 28.7.04 S.P. R.M. Drawn by: Dimensions: Drawing No. Approved by: NOTE 5 P 640.3 "
p640x4,,,x,"BACKGROUND --------- YELLOW R + LEGEND & BORDER - - BLACK ~ 2.5 ROUNDEL & BAR -------- RED [E T 7 ROUNDEL BACKGROUND --- BLUE =| |= XCEIP Y- 5. DIMENSIONS : X-HEIGHTS ARE IN MILLIMETRES, ALL OTHER IE","Drawing No. Related Drawing © CROWN COPYRIGHT P 640.4| FP 636 NOTES: 1. The legend is from the Transport Heavy alphabet at the x—height shown. 2. The dimensions of the roundel are proportional to those shown on drawing P 636. 25 3. The tile outlines do not form part of the sign. ge co a 4. COLOURS : Background --------- YELLOW r + Legend & Border — — BLACK ~ 2.5 Roundel & Bar -—-----— RED [E t 7 Roundel Background --— BLUE =| |= XCEIP y- 5. DIMENSIONS : x—heights are in millimetres, all other ie dimensions are in stroke widths. (4sw = x—height) TT 40 x-ht 6. See section 12 in Chapter 7 of the Traffic Signs : Manual for further details of time plate design. 50 _vehle es ||, + 2 4, Before using this drawing, confirm P640x4 that it has not been superseded. Department for Title: Regulatory Sign ‘seve: nee err by: Dimensions: Drawing No. Trans ort OFF—HIGHWAY LOADING AREA : “ _ SEE P B: 28.7.04 | Approved by: NOTE 5 A . A WITH WAITING RESTRICTIONS Cc: R.M. "
p640x4,,,x,"BACKGROUND --------- YELLOW R + LEGEND & BORDER - - BLACK ~ 2.5 ROUNDEL & BAR -------- RED [E T 7 ROUNDEL BACKGROUND --- BLUE =| |= XCEIP Y- 5. DIMENSIONS : X-HEIGHTS ARE IN MILLIMETRES, ALL OTHER IE","Drawing No. Related Drawing © CROWN COPYRIGHT P 640.4| FP 636 NOTES: 1. The legend is from the Transport Heavy alphabet at the x—height shown. 2. The dimensions of the roundel are proportional to those shown on drawing P 636. 25 3. The tile outlines do not form part of the sign. ge co a 4. COLOURS : Background --------- YELLOW r + Legend & Border — — BLACK ~ 2.5 Roundel & Bar -—-----— RED [E t 7 Roundel Background --— BLUE =| |= XCEIP y- 5. DIMENSIONS : x—heights are in millimetres, all other ie dimensions are in stroke widths. (4sw = x—height) TT 40 x-ht 6. See section 12 in Chapter 7 of the Traffic Signs : Manual for further details of time plate design. 50 _vehle es ||, + 2 4, Before using this drawing, confirm P640x4 that it has not been superseded. Department for Title: Regulatory Sign ‘seve: nee err by: Dimensions: Drawing No. Trans ort OFF—HIGHWAY LOADING AREA : “ _ SEE P B: 28.7.04 | Approved by: NOTE 5 A . A WITH WAITING RESTRICTIONS Cc: R.M. "
p642x3,,,x,"BACKGROUND -------- YELLOW LEGEND & BORDER ---- BLACK ROUNDEL AND BARS ---- RED 4 (K ~ ROUNDEL BACKGROUND --- BLUE 6.5 1.5R € (SS) 5. DIMENSIONS : X-HEIGHTS ARE IN ""DOW OTHER ) TL A -_ DIMENSIONS ARE","Drawing No. Related P 642.3 |_P 642 Drawing © CROWN COPYRIGHT NOTES:— 1. The legend is from the Transport Heavy alphabet at the x—heights shown. 2. The tile outlines do not form part of the sign. 3. The roundel is proportional to the one shown on drawing P 642. 2.5 8 dia 1.5 > — -— 4. COLOURS : Background -------- YELLOW Legend & Border —--— BLACK Roundel and Bars ———— RED 4 (K ~ Roundel background -—— BLUE 6.5 1.5r € (SS) 5. DIMENSIONS : x—heights are in ""dow other ) TL a —_ dimensions are in stroke widths. (4sw = x—height 6.5 ES 37.5 x-ht 42.5 4 cas 'T (50) 1.5 ! — w, Before using this drawing, confirm P642x3 that it has not been superseded. Department for Title: Regulatory Sign Issue: Date: | Drawn by: Dimensions: Drawing No. Transport NO STOPPING 101208] owes] oes | P 642.3 : 12. pproved by: EXCEPT IN EMERGENCY c: RM. Nore © . "
p642x2a,,,x,"BACKGROUND -------- YELLOW *(3 MIN) *, 10 DIA ,* LEGENDS & BORDER --- BLACK | = ROUNDEL AND BARS ---- RED 1 ROUNDEL BACKGROUND --- BLUE 3 . DIMENSIONS : X-HEIGHTS ARE IN MILLIMETRES, OTHER DIMENSIONS","Drawing No. Related Drawing Before using this drawing, confirm P 642.9A P 642 that it has not been superseded. © CROWN COPYRIGHT NOTES:— 1. The legend is from the Transport Heavy alphabet at the x—heights shown. . The tile outlines do not form part of the signs. . The roundel is proportional to the one shown on drawing P 642. A . COLOURS : Background -—-----— YELLOW *(3 min) *, 10 dia ,* Legends & Border —-— BLACK | = Roundel and Bars -——— RED 1 Roundel background -—— BLUE 3 . DIMENSIONS : x—heights are in millimetres, other dimensions are 7 in stroke widths based on the 40mm x-—height. (4sw = x—height) . See section 12 in Chapter 7 of the Traffic signs Manual for further details of time plate design. L sm ie 4h as # poplies when 3 4+ +) time period determines the Tr (SO t width of the sign _ zxS 1 3 1 40 x—ht No 1 - : £ fo} : 7 Deeeledes lect ecu es 18 MAPCINgGs 7 ) | 1.5 VARIANT P642x2A Department for Title: Regulatory Signs issues nae ow by: Dimensions: Drawing No. . “ i SEE Transport NO STOPPING ON 3: ENTRANCE MARKINGS c: Approved by: NOTE 5 P 6 4? . 2 A R.M. "
p660x3,,,x,"BACKGROUND ------- WHITE - X-HT LEGEND & BORDER --- BLACK 40 MAX ‘P” SYMBOL ----~-- WHITE 5. DIMENSIONS : X-HEIGHTS ARE IN MILLIMETRES, OTHER DIMENSIONS ARE IN STROKE WIDTHS. (4SW = X-HT) 6. SEE DRA","Drawing No. Related Drawings Before using this drawing, confirm © CROWN COPYRIGHT Pp 660 3 S 43 & P 660 that it has not been superseded. NOTES: 1. The legend is from the Transport Heavy alphabet at 25 the x—heights shown. Pc 2. Details of the ‘P’ symbol are given on drawing S 43. 3. The tile outlines do not form part of the sign. legend 20 min 4. COLOURS : Background -—----— WHITE — x-ht Legend & Border ——— BLACK 40 max ‘P” symbol ----~-— WHITE 5. DIMENSIONS : x—heights are in millimetres, other dimensions are in stroke widths. (4sw = x—ht) 6. See drawing P 660 for details of variants including the addition of an arrow and time period. Equal Equal 1.8 oe i Ls tt} bo, ae VARIANT SHOWING NAME | | I | Tr OF TRAFFIC AUTHORITY Tile width is increased y 1 to 20sw when third cn NOTE : The x—height may character added i be smaller than that for 1s the main legend. TYPICAL CODE IDENTIFIERS NOTE : The characters shown are from the Transport Medium alphabet. The characters and the tiles may be varied in size and may be in any contrasting colours. P660x3 Title: Regulatory Sign Issue: Date: | Drawn by: Dimensions: Drawing No. Department for RESIDENT PERMIT HOLDERS PARKING| 4! 22794| SP SE Transport 8: 249.04| asproved by: P WITH CODE TILES .. mrowity:! noes | P 660.5 "
p660x6,,,x,BACKGROUND ------- WHITE LEGEND & BORDER --- BLACK | ‘P’ SYMBOL -------- WHITE 'P’ TILE ---------- BLUE 4 : I A AS THE PERMIT CODE CHARACTER AND TILE L MON A SAT MAY BE IN ANY CONTRASTING COLOURS. - ;,"Drawing No. Related Drawings Before using this drawing, confirm © CROWN COPYRIGHT Pp 660 6 S 43 & P 660.3 that it has not been superseded. . NOTES: 1. The legend is from the Transport Heavy alphabet at Sheet 1 of 5 25 25 the x—heights shown. The permit code character, as . . shown, is from the Transport Medium alphabet. -— 20 —| 1 at a a at 2. The tile outlines do not form part of the signs. TK )\ = 2.5 3. Details of the ‘P’ symbol are given on drawing S 43 1.5r and permit codes on drawing P 660.3. 20 4. COLOURS : Background ------— WHITE Legend & Border —-— BLACK | ‘P’ symbol -------— WHITE 'P’ tile —--------- BLUE 4 : i A as The permit code character and tile L Mon a Sat may be in any contrasting colours. — ; E 5. DIMENSIONS : x—heights are in millimetres, other 4 180 ain a 6,30 [ona 4 dimensions are in stroke widths. (4sw = x—height) 4.5 . 3 6. For other designs see sheets 2 to 5. See section 12 : pees 6 ypyreqerey in Chapter 7 of the Traffic Signs Manual for further i Pernmnriit nolcers /A\ 10 details of time plate design. Or 4 sie ik L ©) mins + os 7.30 am=- 6.30 pm || , . oeprr 5 2 N oe “cht t Resident T | cereale ggg tego teppei nes © return 18 min permit holders fet AO! 6 : 40 max See eee Nodatenndaneinatone i|| Wien HY nuns or tk 25-4 be +e 15 P660x6—1 Department for Title: Regulatory Signs ‘seve’ tenes ow by: Dimensions: Drawing No. Transport SHARED USE PARKING WITH B: _ A ; ‘ed > SEE P 66 O fe) : rove : . UNCHARGED LIMITED WAITING co: | NOTE 5 Sheet 1 of 5 "
p660x7,,,x,"BACKGROUND ------------ WHITE AR AR : TTT TTT MON - SAT 7 7 LEGEND, ARROWS & BORDER --- BLACK JAM: 7 PM A TAM - PHN 4 THE PERMIT CODE CHARACTER AND TILE I 1.5 MAY BE IN ANY CONTRASTING COLOURS. > 8 4","Drawing No. Related Drawings Before using this drawing, confirm © CROWN COPYRIGHT Pp 660 7 S 43 & P 660.3 that it has not been superseded. . NOTES: 1. The legend is from the Transport Heavy alphabet at Sheet 1 of 5 the x—heights shown. The permit code character, as shown, is from the Transport Medium alphabet. 2. The tile outlines do not form part of the signs. Equal Equal to 2.5 min arrow 2.5 min 3. Details of the ‘P’ symbol are given on drawing S 43 d permit codes on drawing P 660.3. + +} — 204 i fh 16-4 al an 1.5 1.5 4 25 4. COLOURS : Background ------------ WHITE ar ar : TTT TTT Mon - Sat 7 7 Legend, Arrows & Border —-— BLACK Jam: 7 pm a Tam - phn 4 The permit code character and tile I 1.5 may be in any contrasting colours. > 8 4 ---=--------- 25 5. DIMENSIONS : x—heights are in millimetres, other specs seca appeeee a : ” dimensions are in stroke widths. (4sw = x—height) T i 4 Pernltc holders A 6. For other designs see sheets 2 to 5. See section 12 28 pert TT 2 in Chapter 7 of the Traffic Signs Manual for further dE Or details of time plate design. ‘©: tT] Pay at machine | , ane —>) Te 2.5 4.5 ‘©: ‘©: , || Display ticket |‘ 20 $! 1 || Max stay 2 hours ||a5min 1 oa 1.5 NS - — - 40 max BY, el: FREY i f ae Ae ' | Permit holders 2.5 2.5 alk 2.5 P660x7—1 Department for Title: Regulatory Signs Issue: Date: | Drawn by: Dimensions: Drawing No. Transport SHARED USE PARKING WITH Bo | posed b SEE P 660.7 : pprove: ys . PAID LIMITED WAITING o: me NOTES | Sheet 1 of 5 "
p661x1,,,x,"BACKGROUND -- - WHITE LEGEND & BORDE - BLACK ‘P’ SYMBOL -- - WHITE ‘P’ TILE -------~-- BLUE . DIMENSIONS : X-HEIGHTS ARE IN MILLIMETRES, OTHER DIMENSIONS ARE IN STROKE WIDTHS. (4SW = X-HEIGHT) . SE","oe B61. |S 48 | mak teatnet cer Be aes —_ Sheet 1 of 3 i 2.5 2.5 1.5 2.5 : “TF 78 sa ar ar n , j 7] (( . . see ) 2.5 Mon-Sat | )|\8am-Tpm||, 525 20 mins ||! 2.5% eps oo x—ht ""| No return | 2 within 4O mins ||, il Le — - - - 7) 1.5 * This dimension is reduced to 2sw when the legend ‘No return’ is centred below the time period. P661x1-1 cake oO ak +e 2.5 1.5 ee Dh. within J hour © CROWN COPYRIGHT The legend is from the Transport Heavy alphabet at the x—heights shown. . Details of the ‘P’ symbol are given on drawing S 43. . The tile outlines do not form part of the sign. . COLOURS : Background —— — WHITE Legend & Borde — BLACK ‘P’ symbol —— — WHITE ‘P’ Tile -------~-- BLUE . DIMENSIONS : x—heights are in millimetres, other dimensions are in stroke widths. (4sw = x—height) . See sheets 2 and 3 for variants. See section 12 in Chapter 7 of the Traffic Signs Manual for further details of time plate design. 1.5 1.5 si ie 8 an - 7 pin ae No return Issue C : Revised dimensions at top of sign. Sheet 2 amended Department for Transport Title: TIME Regulatory Sign LIMITED PARKING Issue: A: B: Cc: Date: 22.7.94 24.9.04 11.7.05 Drawn by: Dimensions: Drawing No. S.P. SEE Approved by: NOTE 5 P 6 61 . 1 R.M. Sheet 1 of 3 "
p661x2a,,,x,BACKGROUND ------- WHITE 2.5 2.5 2.5 2.5 LEGEND & BORDER BLACK > > AR AR ‘P’ SYMBOL ------- WHITE + 'P’ TILE --- - BLUE 1 (® 15 \) 2.5 ARROWS ----------- BLACK = (OR TTT TT TT RA ALTE A 5. DIMENSIONS,"Drawing No. Related Drawing Before using this drawing, confirm © CROWN COPYRIGHT S 43 that it has not been superseded. P 661 2A NOTES: 1. The legend is from the Transport Heavy alphabet at Sheet 1 of 4 the x—heights shown. 2. Details of the ‘P’ symbol are given on drawing S 43. 3. The tile outlines do not form part of the signs. 4. COLOURS : Background —-——--— WHITE 2.5 2.5 2.5 2.5 Legend & Border BLACK > > ar Ar ‘P’ symbol —-----— WHITE + 'P’ Tile —-- — BLUE 1 (® 15 \) 2.5 Arrows —————-—-—-— BLACK = (Or TTT TT TT Ra alte a 5. DIMENSIONS : x—heights are in millimetres, other dimensions are in stroke widths. (4sw = x—height) wedi ane 20 In 6. See sheets 2 to 4 for other variants. 2 ) | machine || , ene 4 Pay at ||? a} fe} ,|| Display ticker 1. machine |) , 8 ae ale Tt) <= = 2.5 1.5 + ey ae : x-ht Display ticket || Zmin NS : 40 max | = b-16—+1 10 k-16—4 = | arrow arrow VARIANT P661x2A-1 Title: 7 Issue: Date: | Drawn by: Dimensions: Drawing No. Regulat iS) ys 9 Transpo, for egulatory Signs ae opooel ew _ > 661.24 ransport | pay AND DISPLAY PARKING | & pooroved by:| NOTE 5 Cc: R.M. Sheet 1 of 4 "
p661x3a,,,x,"BACKGROUND ------- WHITE A} LEGEND & BORDER ---- BLACK 20 AVI ERE ‘P’ SYMBOL ------- WHITE A ‘P’ TILE --------~~ BLUE AL MAC LINE 5. DIMENSIONS : X-HEIGHTS ARE IN MILLIMETRES, OTHER DIMENSIONS ARE I","Drawing No. Related Drawing | Before using this drawing, confirm © CROWN COPYRIGHT Pp 661 SA S 43 that it has not been superseded. . NOTES: 1. The legend is from the Transport Heavy alphabet at Sheet 1 of 3 the x—heights shown. 2.5 2.5 2.5 2.5 > - > f > ke > - 2. Details of the ‘P’ symbol are given on drawing S 43. 25 i ‘Za \\ 4 3. The tile outlines do not form part of the signs. is wat 5 + + 4. COLOURS : Background —-——--— WHITE a} Legend & Border ---— BLACK 20 avi ere ‘P’ symbol —------ WHITE a ‘P’ Tile —-------~~ BLUE al Mac line 5. DIMENSIONS : x—heights are in millimetres, other dimensions are in stroke widths. (4sw = x—height) L on a fo) . See sheets 2 & 3 for other variants. See section 12 in Chapter 7 of the Traffic Signs Manual for further details of time plate design. 1 |,« Display tieket al 1 oF ASS aot 7 ) ae 2.5 2.5 1.5 2.5 Mon . Sat yr + / i 4° 4 : . . 5 — 2 i fe) : AO ps x-ht 3s ©.30 pm +5 Tl Display ticket || 2m at machine VARIANT P661x3A-1 : : Issue B : In top left hand drawing, vertical gap below ‘P’ increased to 4sw Department for Title: Regulatory Signs ‘seve’ sean own by: Dimensions: Drawing No. Transport | pay and DISPLAY PARKING | ® 1768] seresy:| owes | P 6OT.SA Cc: R.M. Sheet 1 of 3 "
s43,,,,"‘P’ SYMBOL & BORDER --- WHITE; TILE BACKGROUND ---- BLUE SYMBOL USED ON BLUE BACKGROUND SIGNS TILE USED ON INFORMATORY & DIRECTIONAL SIGNS 12 14 J --3,7-»| 2.6 | . - 7 (7 7 : : -) 9.75 0.5 : / : 16","Drawing No. sheet Before using this drawing, confirm © CROWN COPYRIGHT S 43 1 of 3 that it has not been superseded. NOTES: 1. The grids do not form part of any sign to which the symbols are applied. 2. Dimensions are given in grid divisions. The ‘P’ symbol on the tile has the same proportions as the symbol used on blue background signs and is reduced in size by the ratio of 10.75 to 16. 3. COLOURS : ‘P’ Symbol & Border —-— WHITE; Tile Background —-—— BLUE Symbol used on Blue background signs Tile used on Informatory & Directional signs 12 14 J ——3,7—»| 2.6 | . — 7 (7 7 : : —) 9.75 0.5 : / : 16 2.6 10.75 14 \e A J) 1.5 | | Ir 3.35 | 3.35 | When placed on a white background the border is omitted but the tile and symbol remain the same size. S43-1 Title : Issue: Date: Drawn by : Dimensions : | Drawing No. I Department for Symbo A: 17294] sp. Transport PARKING PLACE 8: 13.1102 approved by:\ a0 pimsions| 4 1 ot 5 Cc: 14.11.11 R.M. "
p667,,,x,"BACKGROUND -------------- BLUE BORDER, ARROW & SYMBOLS --- WHITE 27 7 8 P12-+| 7 FR 4. ALL DIMENSIONS, UNLESS SHOWN OTHERWISE, ARE IN 4 STROKE WIDTHS BASED ON A NOMINAL X-HEIGHT OF 25 YY (7 20MM MIN A","Drawing No. Related Drawings Before using this drawing, confirm © CROWN COPYRIGHT P 667 S19 &S 43 that it has not been superseded. NOTES: 1. Car symbol details are given on drawing S 19 and ‘P’ symbol details on drawing S 43. 2. The tile outline does not form part of the signs. 3. COLOURS : Background --------—----— BLUE Border, Arrow & Symbols ——— WHITE 27 7 8 p12—+| 7 fr 4. All dimensions, unless shown otherwise, are in 4 stroke widths based on a nominal x—height of 25 YY (7 20mm min and 50mm max. (4sw = x—height) f 1.5r _) [) 16 1 80mm min |) 42 200mm max 1.5 = 54 2.5 J) 4 Isl =| <= || fs i> NS J} } 2.5 Pr 15.57 VARIANT 3.5 6 yeaa =— 13. am P667 Title: Regulatory Signs Issue: Date: | Drawn by: Dimensions: Drawing No. Department for Trans ort PARKING PLACE PARTIALLY .. lene SP. SEE P 6 6 7 : 8. Approved by: P ON VERGE OR FOOTWAY oc: ew NOTE 4 "
p668x1,,,x,"BACKGROUND ------- BLUE LEGEND & BORDER --- WHITE 37.5 4 IN MARKED SYMBOLS & ARROW --- WHITE 1.5 PORE X--HT (0: 5. DIMENSIONS : X-HEIGHTS ARE IN MILLIMETRES, OTHER 13.5 | 6 NIN O AM ~~ 20 MIN AYS 4. D","Related Drawings S19, S 43 & P 668 Drawing No. P 668.1 Before using this drawing, confirm that it has not been superseded. 4 - NOTES: 1. © CROWN COPYRIGHT The legend is from the Transport Medium alphabet at the x—heights shown. —— 2——4q 2. Car symbol details are given on drawing S 19 and 25 i ‘P’ symbol details on drawing S 43. See drawing fe — Th = 24 P 668 for ‘car on footway’ details. Tr ost 3. The tile outlines do not form part of the signs. rT 4. COLOURS : Background ------- BLUE Legend & Border ——— WHITE 37.5 4 In marked Symbols & Arrow —-— WHITE 1.5 pore x—-ht (0: 5. DIMENSIONS : x—heights are in millimetres, other 13.5 | 6 nin o am ~~ 20 min ays 4. dimensions are in stroke widths. (4sw = x—ht) i : 50 max 1.51 <a al 8 6. See section 12 in Chapter 7 of the Traffic Signs 42 V4 )) 7° Manual for further details of time plate design. max when length of legend L-16—-| exceeds 42sw use two lines as shown below VARIANT 42 ] | 50 | ( ) | +o. i Inmarked |}' '® bays i"" L a“ 6pm-Sam| 4 pm-Sam|/f 4k a pt | Los oe Le 15th -elLeds The ‘car on footway’ symbol is moved 4sw to the left when reversed in a VARIANT mirror image (see variant above left) P668x1 Department for itle Regulatory Signs Issue Date Drawn by Dimensions Drawing No. : 8. Approved by: P ON VERGE OR FOOTWAY °. we NOTE 5 "
661x2a,,,x,BACKGROUND ------- WHITE 2.5 2.5 2.5 2.5 LEGEND & BORDER BLACK > > AR AR ‘P’ SYMBOL ------- WHITE + 'P’ TILE --- - BLUE 1 (® 15 \) 2.5 ARROWS ----------- BLACK = (OR TTT TT TT RA ALTE A 5. DIMENSIONS,"Drawing No. Related Drawing Before using this drawing, confirm © CROWN COPYRIGHT S 43 that it has not been superseded. P 661 2A NOTES: 1. The legend is from the Transport Heavy alphabet at Sheet 1 of 4 the x—heights shown. 2. Details of the ‘P’ symbol are given on drawing S 43. 3. The tile outlines do not form part of the signs. 4. COLOURS : Background —-——--— WHITE 2.5 2.5 2.5 2.5 Legend & Border BLACK > > ar Ar ‘P’ symbol —-----— WHITE + 'P’ Tile —-- — BLUE 1 (® 15 \) 2.5 Arrows —————-—-—-— BLACK = (Or TTT TT TT Ra alte a 5. DIMENSIONS : x—heights are in millimetres, other dimensions are in stroke widths. (4sw = x—height) wedi ane 20 In 6. See sheets 2 to 4 for other variants. 2 ) | machine || , ene 4 Pay at ||? a} fe} ,|| Display ticker 1. machine |) , 8 ae ale Tt) <= = 2.5 1.5 + ey ae : x-ht Display ticket || Zmin NS : 40 max | = b-16—+1 10 k-16—4 = | arrow arrow VARIANT P661x2A-1 Title: 7 Issue: Date: | Drawn by: Dimensions: Drawing No. Regulat iS) ys 9 Transpo, for egulatory Signs ae opooel ew _ > 661.24 ransport | pay AND DISPLAY PARKING | & pooroved by:| NOTE 5 Cc: R.M. Sheet 1 of 4 "
661x3a,,,x,"BACKGROUND ------- WHITE A} LEGEND & BORDER ---- BLACK 20 AVI ERE ‘P’ SYMBOL ------- WHITE A ‘P’ TILE --------~~ BLUE AL MAC LINE 5. DIMENSIONS : X-HEIGHTS ARE IN MILLIMETRES, OTHER DIMENSIONS ARE I","Drawing No. Related Drawing | Before using this drawing, confirm © CROWN COPYRIGHT Pp 661 SA S 43 that it has not been superseded. . NOTES: 1. The legend is from the Transport Heavy alphabet at Sheet 1 of 3 the x—heights shown. 2.5 2.5 2.5 2.5 > - > f > ke > - 2. Details of the ‘P’ symbol are given on drawing S 43. 25 i ‘Za \\ 4 3. The tile outlines do not form part of the signs. is wat 5 + + 4. COLOURS : Background —-——--— WHITE a} Legend & Border ---— BLACK 20 avi ere ‘P’ symbol —------ WHITE a ‘P’ Tile —-------~~ BLUE al Mac line 5. DIMENSIONS : x—heights are in millimetres, other dimensions are in stroke widths. (4sw = x—height) L on a fo) . See sheets 2 & 3 for other variants. See section 12 in Chapter 7 of the Traffic Signs Manual for further details of time plate design. 1 |,« Display tieket al 1 oF ASS aot 7 ) ae 2.5 2.5 1.5 2.5 Mon . Sat yr + / i 4° 4 : . . 5 — 2 i fe) : AO ps x-ht 3s ©.30 pm +5 Tl Display ticket || 2m at machine VARIANT P661x3A-1 : : Issue B : In top left hand drawing, vertical gap below ‘P’ increased to 4sw Department for Title: Regulatory Signs ‘seve’ sean own by: Dimensions: Drawing No. Transport | pay and DISPLAY PARKING | ® 1768] seresy:| owes | P 6OT.SA Cc: R.M. Sheet 1 of 3 "
661x4,,,x,"BACKGROUND LEGEND & BORDER ‘P’ SYMBOL ---- 5. DIMENSIONS : X-HEIGHTS ARE IN MILLIMETRES, OTHER DIMENSIONS ARE IN STROKE WIDTHS. (4SW = X-HEIGHT) 6. SEE SHEET 2 FOR VARIANTS. 2.5 INE 2.5 HLAVE YOU","Drawing No. Related Drawing Before using this drawing, confirm P 661 4 S 43 that it has not been superseded. Sheet 1 of 2 © CROWN COPYRIGHT NOTES: 1. The legend is from the Transport Heavy alphabet at the x—heights shown. 2. Details of the ‘P’ symbol are given on drawing S 43. 3. The tile outlines do not form part of the signs. 4. COLOURS : Background Legend & Border ‘P’ symbol —--— 5. DIMENSIONS : x—heights are in millimetres, other dimensions are in stroke widths. (4sw = x—height) 6. See sheet 2 for variants. 2.5 ine 2.5 hlave you |"" _paile ane cisplayed ? || , 1.5 28 ( D) +15 20 [_) , ""| Have you |. patcl ane) . 20 min ce displayed?“ Ss : J 7 ale 2.5 P661x4-1 ale alk 2.5 ale 2.5 --| it 2.5 Issue D : Vertical gap between ‘P’ and ‘Have you’ increased to 4sw Department for Transport Title: Regulatory Signs PAY AND DISPLAY PARKING REMINDER TO PAY A: Cc: D: Issue: Date: 25.7.94 30.9.04 11.7.05 Drawn by: S.P. R.M. Approved by: Dimensions: SEE NOTE 5 Drawing No. P 661.4 Sheet 1 of 2 "
p661x1,,,x,"BACKGROUND -- - WHITE LEGEND & BORDE - BLACK ‘P’ SYMBOL -- - WHITE ‘P’ TILE -------~-- BLUE . DIMENSIONS : X-HEIGHTS ARE IN MILLIMETRES, OTHER DIMENSIONS ARE IN STROKE WIDTHS. (4SW = X-HEIGHT) . SE","oe B61. |S 48 | mak teatnet cer Be aes —_ Sheet 1 of 3 i 2.5 2.5 1.5 2.5 : “TF 78 sa ar ar n , j 7] (( . . see ) 2.5 Mon-Sat | )|\8am-Tpm||, 525 20 mins ||! 2.5% eps oo x—ht ""| No return | 2 within 4O mins ||, il Le — - - - 7) 1.5 * This dimension is reduced to 2sw when the legend ‘No return’ is centred below the time period. P661x1-1 cake oO ak +e 2.5 1.5 ee Dh. within J hour © CROWN COPYRIGHT The legend is from the Transport Heavy alphabet at the x—heights shown. . Details of the ‘P’ symbol are given on drawing S 43. . The tile outlines do not form part of the sign. . COLOURS : Background —— — WHITE Legend & Borde — BLACK ‘P’ symbol —— — WHITE ‘P’ Tile -------~-- BLUE . DIMENSIONS : x—heights are in millimetres, other dimensions are in stroke widths. (4sw = x—height) . See sheets 2 and 3 for variants. See section 12 in Chapter 7 of the Traffic Signs Manual for further details of time plate design. 1.5 1.5 si ie 8 an - 7 pin ae No return Issue C : Revised dimensions at top of sign. Sheet 2 amended Department for Transport Title: TIME Regulatory Sign LIMITED PARKING Issue: A: B: Cc: Date: 22.7.94 24.9.04 11.7.05 Drawn by: Dimensions: Drawing No. S.P. SEE Approved by: NOTE 5 P 6 61 . 1 R.M. Sheet 1 of 3 "
s23,,,,,"Drawing No. © CROWN COPYRIGHT S 23 NOTES: 1. The grid does not form part of any sign to which the symbol is applied. 2. Dimensions are given in grid divisions. 3. The symbol may be reversed when used on directional signs. I 18 | Before using this drawing, confirm $23 that it has not been superseded. Title: Issue: Date: | Drawn by: Dimensions: Drawing No. Department for Ar 16.294] SP. Transport | solo MOTOR CYCLE | & 2""| Mom Joad Mons] S23 Cc: R.M. Symbol "
p661x1,,,x,"BACKGROUND -- - WHITE LEGEND & BORDE - BLACK ‘P’ SYMBOL -- - WHITE ‘P’ TILE -------~-- BLUE . DIMENSIONS : X-HEIGHTS ARE IN MILLIMETRES, OTHER DIMENSIONS ARE IN STROKE WIDTHS. (4SW = X-HEIGHT) . SE","oe B61. |S 48 | mak teatnet cer Be aes —_ Sheet 1 of 3 i 2.5 2.5 1.5 2.5 : “TF 78 sa ar ar n , j 7] (( . . see ) 2.5 Mon-Sat | )|\8am-Tpm||, 525 20 mins ||! 2.5% eps oo x—ht ""| No return | 2 within 4O mins ||, il Le — - - - 7) 1.5 * This dimension is reduced to 2sw when the legend ‘No return’ is centred below the time period. P661x1-1 cake oO ak +e 2.5 1.5 ee Dh. within J hour © CROWN COPYRIGHT The legend is from the Transport Heavy alphabet at the x—heights shown. . Details of the ‘P’ symbol are given on drawing S 43. . The tile outlines do not form part of the sign. . COLOURS : Background —— — WHITE Legend & Borde — BLACK ‘P’ symbol —— — WHITE ‘P’ Tile -------~-- BLUE . DIMENSIONS : x—heights are in millimetres, other dimensions are in stroke widths. (4sw = x—height) . See sheets 2 and 3 for variants. See section 12 in Chapter 7 of the Traffic Signs Manual for further details of time plate design. 1.5 1.5 si ie 8 an - 7 pin ae No return Issue C : Revised dimensions at top of sign. Sheet 2 amended Department for Transport Title: TIME Regulatory Sign LIMITED PARKING Issue: A: B: Cc: Date: 22.7.94 24.9.04 11.7.05 Drawn by: Dimensions: Drawing No. S.P. SEE Approved by: NOTE 5 P 6 61 . 1 R.M. Sheet 1 of 3 "
s16,,,,,"Drawing No. Before using this drawing, confirm S 1 6 that it has not been superseded. S16 NOTES: 1. © CROWN COPYRIGHT The grid does not form part of any sign to which the symbol is applied. 2. Dimensions are given in grid divisions. 3. The symbol may be reversed when used on directional signs. Department for Transport Title: Symbol CAR (side view) Issue: A: B: Cc: Date: 17.2.94 12.11.02 Drawn by: S.P. Approved by: R.M. Dimensions: Drawing No. ALL IN GRID DIVISIONS S 1 6 "
p661x1,,,x,"BACKGROUND -- - WHITE LEGEND & BORDE - BLACK ‘P’ SYMBOL -- - WHITE ‘P’ TILE -------~-- BLUE . DIMENSIONS : X-HEIGHTS ARE IN MILLIMETRES, OTHER DIMENSIONS ARE IN STROKE WIDTHS. (4SW = X-HEIGHT) . SE","oe B61. |S 48 | mak teatnet cer Be aes —_ Sheet 1 of 3 i 2.5 2.5 1.5 2.5 : “TF 78 sa ar ar n , j 7] (( . . see ) 2.5 Mon-Sat | )|\8am-Tpm||, 525 20 mins ||! 2.5% eps oo x—ht ""| No return | 2 within 4O mins ||, il Le — - - - 7) 1.5 * This dimension is reduced to 2sw when the legend ‘No return’ is centred below the time period. P661x1-1 cake oO ak +e 2.5 1.5 ee Dh. within J hour © CROWN COPYRIGHT The legend is from the Transport Heavy alphabet at the x—heights shown. . Details of the ‘P’ symbol are given on drawing S 43. . The tile outlines do not form part of the sign. . COLOURS : Background —— — WHITE Legend & Borde — BLACK ‘P’ symbol —— — WHITE ‘P’ Tile -------~-- BLUE . DIMENSIONS : x—heights are in millimetres, other dimensions are in stroke widths. (4sw = x—height) . See sheets 2 and 3 for variants. See section 12 in Chapter 7 of the Traffic Signs Manual for further details of time plate design. 1.5 1.5 si ie 8 an - 7 pin ae No return Issue C : Revised dimensions at top of sign. Sheet 2 amended Department for Transport Title: TIME Regulatory Sign LIMITED PARKING Issue: A: B: Cc: Date: 22.7.94 24.9.04 11.7.05 Drawn by: Dimensions: Drawing No. S.P. SEE Approved by: NOTE 5 P 6 61 . 1 R.M. Sheet 1 of 3 "
s25,,,,,"Drawing No. sheet Before using this drawing, confirm that it has not been superseded. S 25 1 of 3 P NOTES: 1. © CROWN COPYRIGHT The grids do not form part of any sign to which the symbols are applied. 2. Dimensions are given in grid divisions. $25-1 (see sheet 2 for word ‘local’ on side) (see sheet 3 for prohibition with red bar) Department for Transport Title: Issue: A: B: Date: 1.7.94 12.11.02 Drawn by: S.P. Approved by: R.M. Dimensions: ALL IN GRID DIVISIONS Drawing No. heet S 25 Fors "
p661a,,,x,"LEGEND & BORDER ----------- BLACK T BACKGROUND & SYMBOLS ---- WHITE 2.5 (7 >) ‘ 'P’ TILE & DISABLED TILE --- BLUE 8 5. DIMENSIONS : X-HEIGHTS ARE IN MILLIMETRES, OTHER T DIMENSIONS ARE IN STROKE WIDTH","Drawing No. Related Drawings P 661A S 43 & S 45 Sheet 1 Sheet 1 of 2 NOTES: 1. © CROWN COPYRIGHT The legend is from the Transport Heavy alphabet at the x—heights shown. 2. ‘P’ symbol details are given on drawing S 43 and disabled symbol details on drawing S 45 sheet 1. 2.5 2.5 2.5 . : ; | 3. The tile outlines do not form part of the sign. 20 + — __ 4. COLOURS : Legend & Border -—--—-—-—-— BLACK T Background & Symbols —--— WHITE 2.5 (7 >) ‘ 'P’ tile & Disabled tile --- BLUE 8 5. DIMENSIONS : x—heights are in millimetres, other t dimensions are in stroke widths. (4sw = x—height) 8 6. See sheet 2 for variants. 20 2 ISALOUS ) badge 50.5 25 en Cn cht AOLEGEPS |e - 2 only q 1.5r 2.5 (\ ‘J | 15 Before using this drawing, confirm P661A-1 that it has not been superseded. Title: ‘ Issue: Date: | Drawn by: Dimensions: Drawing No. Regulatory Sign ys 9 Transpo, for 9 y Sig A toB04 ve _ P 6BIA ransport | pisas.ep BADGE HOLDERS ONLY | ® Approved by:| NOTE 5 Cc: R.M. Sheet 1 of 2 "
s45,,,,SYMBOL --- WHITE TILE ------ BLUE . THE SYMBOL SHALL NOT BE REVERSED. SEE SHEET 2 FOR DISABLED PERSONS SYMBOL USED ON INFORMATORY SIGNS.,"Drawing No. sheet S 45 4 of 2 14 Ir S$45-1 NOTES: 1. won aN © CROWN COPYRIGHT The grid does not form part of any sign to which the symbol is applied. . Dimensions are given in grid divisions. COLOURS : Symbol —-— WHITE Tile -—---— BLUE . The symbol shall not be reversed. See sheet 2 for disabled persons symbol used on informatory signs. Before using this drawing, confirm that it has not been superseded. Department for Transport Title: Symbol DISABLED BADGE HOLDER (for use on regulatory signs) Issue: A: B: Cc: Date: 17.2.94 13.11.02 Drawn by: S.P. Approved by: R.M. Dimensions: Drawing No. ALL IN sheet GRID DIVISIONS S 4S 1 of 2 "
p660x8,,,x,"- LEGEND & BORDER -------- BLACK BACKGROUND & ‘P’ SYMBOL ---- WHITE 'P’ TILE - BLUE CAR CLUB SYMBOL -------~-- SEE DRAWING S 64 . DIMENSIONS : X-HEIGHTS ARE IN MILLIMETRES, OTHER DIMENSIONS ARE IN","2.5 al NOTES: y) st x-ht 20 min am 2.5 1.5r ‘ Drawing No. Related Drawings Before using this drawing, confirm P 660.8 S43 & S 64 that it has not been superseded. Sheet 1 of 2 2.5 2.5 2.5 o—fh + Car clulo 20 » Q Oernnvlie ds a5 noleders only 20 ; dia S-O1 2.5, 2.5 ! j— S) f 1. 40 max a © CROWN COPYRIGHT The legend is from the Transport Heavy alphabet at the x—heights shown. . ‘P’ symbol details are given on drawing S 43 and car club symbol details on drawing S 64. . The tile outlines do not form part of the sign. . COLOURS :— Legend & Border -------— BLACK Background & ‘P’ symbol —--— WHITE 'P’ tile — BLUE Car club symbol -------~-— see drawing S 64 . DIMENSIONS : x—heights are in millimetres, other dimensions are in stroke widths. (4sw = x—height) . See sheet 2 for variant. 1 4h, T ; 1.8 i SeOVs TYPICAL CODE IDENTIFIER NOTE : The characters shown are from the Transport Medium alphabet. The characters and the tile may be varied in size and may be in any contrasting colours. P660x8-1 Department for Title: Regulatory Sign Issue: Date: Drawn by : Dimensions : | Drawing No. CAR CLUB BD ocd by: SEE P 660.8 Transport PERMIT HOLDERS ONLY o: mPeme | NOTES | Sheet 1 of 2 "
s64,,,x,- MAIN RING AND CAR SYMBOL --- BLUE OTHER ELEMENTS OO WHITE 20 !,"Drawing No. S 64 © CROWN COPYRIGHT NOTES: 1. The grid does not form part of any sign to which the symbol is applied. 2. Dimensions are given in grid divisions (normally equal to 1/4 x—height). 3. COLOURS :— Main ring and car symbol ——— BLUE Other elements oo WHITE 20 ! Before using this drawing, confirm S64 that it has not been superseded. Title: Issue: Date: Drawn by : Dimensions : | Drawing No. Symbol Transpo, t ym A: att | LW./RM. ALIN B: : ranspor CAR CLUB c: “PPro ®Y:| GRID. DIVISIONS S 64 "
s66,,,x,"- BACKGROUND =---~~-~~~-~--~-~---- BLACK MOTOR CYCLE, SOCKET AND PLUG ---- WHITE THE MOTOR CYCLE SYMBOL IN THIS DRAWING IS SIZED AT 17 SW BY 9.76 SW. 0.4 20 S66 © CROWN COPYRIGHT TITLE: SYMBOL ISSUE","1.43r 1.5 NOTES: 1. See S 65 sheet 2 for details of the plug and socket. . DIMENSIONS : x—heights are in millimetres, other dimensions are in stroke widths. (4sw = x—height) . COLOURS :— Background =—--~~-~~~-~--~-~---— BLACK Motor cycle, socket and plug —-—— WHITE The motor cycle symbol in this drawing is sized at 17 sw by 9.76 sw. 0.4 20 S66 © CROWN COPYRIGHT Title: Symbol Issue: Date: Drawn by : Related drawings : Drawing No. iid A: 11.1.1 A.K. Department ELECTRIC MOTOR CYCLE B: Approved by: for Transport CHARGING POINT SYMBOL c: J.B. S43, S 65 S 6 6 "
p660x9,,,x,"LEGEND & BORDER ------- BLACK I RY BACKGROUND & SYMBOLS 25 - 1.5 ‘P’ TILE ---------- , ELECTRIC CAR TILE -------- 5. DIMENSIONS : X-HEIGHTS ARE IN MILLIMETRES, OTHER 20 (7 DIMENSIONS ARE IN STROKE WID","Drawing No. Related Drawings Before using this drawing, confirm CROWN COPYRIGHT P 660.9 S 43 & S 65] that it has not been superseded. © . NOTES: 1. The legend is from the Transport Heavy alphabet Sheet 1 of 3 at the x—heights shown. 2. ‘P’ symbol details are given on drawing S 43 and electric vehicle symbol details on drawing S 65. 3. The tile outlines do not form part of the sign. = k— 20 — = -—- 20 — = 4. COLOURS : Legend & Border -----—— BLACK i ry Background & Symbols 25 - 1.5 ‘p’ tile -—-------- , Electric car tile -------- 5. DIMENSIONS : x—heights are in millimetres, other 20 (7 dimensions are in stroke widths. (4sw = x—height) O==0) | —— 6. See sheet 2 and 3 for permitted variants. + fe} fo} xcht 6s [electric vehicle |~ Le Qo 6 . 40 max recharging point T) Permit holders L only 1.8r 1.5 < RY) Tae he 2.5 2.5 P660x9-1 Title: Regulatory Sign : : : - 7 : - ; Department for itle g y sg Issue Date Drawn by Dimensions Drawing No. A: 11.11.11 AK. SEE Pp 660 9 Transport ELECTRIC VEHICLE RECHARGING POINT | 8: aeproved by:| ote 5 Cc: J.B. Sheet 1 of 3 "
s65,,,x,"- BACKGROUND CAR, SOCKET AND PLUG --~------- WHITE 0.5 --- . CAR SYMBOL DETAILS ARE GIVEN IN DRAWING S19. 1.5 THE CAR SYMBOL WHEN USED IN THIS DRAWING IS SIZED AT 11.4 SW BY 12.35 SW. 20 . WHEN USED O","eB e Related drawing | tort hos hot been superseded.” © cRown copyricit Sheet 1 of 2 S19 NOTES: 1. See sheet 2 for details of the plug and socket. 1.5 I . DIMENSIONS : x—heights are in millimetres, (~ > other dimensions are in stroke widths. 1.43r (4sw = x—height) . COLOURS :- Background Car, socket and plug --~---—-—— WHITE 0.5 ——— . Car symbol details are given in drawing S19. 1.5 The car symbol when used in this drawing is sized at 11.4 sw by 12.35 sw. 20 . When used on signing for services, the black background is omitted. C) | C) a | Co 1.5 \ ) x—ht } 100 min 2.55 200 max 20 S65-1 Department fo Title: Symbol issue: pate Prown by : Dimensions : | Drawing No. Transport ELECTRIC VEHICLE CHARGING an Pei SEE S 65 : prove yt POINT SYMBOL ¢: JB. NOTE 2 Sheet 1 of 2 "
p660x5,,,x,,"Drawing No. Related Drawing | Before using this drawing, confirm © CROWN COPYRIGHT Pp 660 5 S 43 that it has not been superseded. . NOTES: 1. The legend is from the Transport Heavy alphabet at Sheet 1 of 3 the x—heights shown. 2. The tile outlines do not form part of the signs. ine es ie ine 3. Details of the 'P’ symbol i drawing S 43 . Details of the symbol are given on drawing . 1 4 P20 r aan 4 a The voucher parking symbol shall shall be in 25 _— \) 25 15 accordance with the design on the approved voucher po aa - and shall be accommodated with the size shown. if Mon-Sat || f ala z Sam-Gom\lt' Samm “MS keerCica om | ee meee Pp : 4, L a Arrow —-—------— BLACK SNL oy ‘P’ symbol —-— WHITE 25 Voucher F 'P’ tile ---------- BLUE Voucher 5. DIMENSIONS : x—heights are in millimetres, other 20 | parking x-ht dimensions are in stroke widths. (4sw = x—height) | °9° only 20 min id! Tn. 6. See sheets 2 and 3 for other variants. See section 12 r . . 6: % 40 max in Chapter 7 of the Traffic Signs Manual for further 15 details of time plate design. ule® 2 nour Ural ya. (2) Mon - Sat ro SOam- 6.30 pm Information Panel SOS AM = O22 PMY tL, 5 variable —>, —>) te (may be omitted) Voucher cn | Voucher parking | 1 and permits only || , VARIANT 2 hour limit f ake 2.5 P660x5—1 Title: ‘ Issue: Date: | Drawn by: Dimensions: Drawing No. Regulat S) yt 9 Department for egulatory Signs Ne oe y 04 Sp. i > 660.5 Transport VOUCHER PARKING 8: 267.85] oroved by:| NOTE 5 C: 264.05 R.M. Sheet 1 of 3 "
p804x4,500,250 375 170 120 255 180 180 270,,BACKGROUND ---------- WHITE (8) (12) 16 SYMBOL & BORDER --- BLACK (7 \\ (170) (120) (255) (180) 340 240 \S 4) - |__| (180) (270) 360 A,"Drawing No. Related Drawing © CROWN COPYRIGHT S 23 P 804.4 NOTES: — 1. Symbol details are given on drawing S 23. 2. The tile outline does not form part of the (250) (375) 500 son. 3. COLOURS : Background —---—-—-—— WHITE (8) (12) 16 Symbol & Border —-- BLACK (7 \\ (170) (120) (255) (180) 340 240 \S 4) — |__| (180) (270) 360 a Before using this drawing, confirm P804x4 that it has not been superseded. Department for Title : Informatory Sign Issue: Date: | Drawn by: Dimensions: Drawing No. PARKING PLACE for SOLO MOTOR CYCLES] 4° 15705) LW. : -| MILLIMETRES Transport PLATE FOR USE BELOW ‘P’ SIGN ON P 801 c. “Pe Py: P 804.4 "
p804x2,500,250 375 130 195 126 182 273,,BACKGROUND ---------- WHITE SYMBOL & BORDER --- BLACK (250) (375) 500 (8) (12) 16 (7 \\ (130) (84) (195) (126) 260 168 S J) EE (182) (273) 364 -_______ |.,"Drawing No. Related Drawing © CROWN COPYRIGHT S 16 P 804.2 NOTES:— 1. Symbol details are given on drawing S 16. 2. The tile outline does not form part of the sign. 3. COLOURS : Background ----—-—-—— WHITE Symbol & Border —-— BLACK (250) (375) 500 (8) (12) 16 (7 \\ (130) (84) (195) (126) 260 168 S J) ee (182) (273) 364 —_______ |. Before using this drawing, confirm P804x2 that it has not been superseded. Department for Title: Informatory Sign Issue: Date: | Drawn by: Dimensions: Drawing No. PARKING PLACE for MOTOR CARS Av T1794) SP. : 7. -| MILLIMETRES Transport PLATE FOR USE BELOW ‘P’ SIGN ON P 801 c. 1.7.08 “en by: P 604. 2 "
p804x3,500,250 375 130 195 200 300,,BACKGROUND ---------- WHITE SYMBOL & BORDER ---- BLACK,"Drawing No. Related Drawing © CROWN COPYRIGHT NOTES: — 1. Symbol details are given on drawing S 17. P 804.3 S17 (250) (375) 500 (8) (12) 16 (130) (195) 260 = a (200) (300) 400 | P804x3 2. The tile outline does not form part of the sign. 3. COLOURS : Background —---—-—-—— WHITE Symbol & Border —-—— BLACK Before using this drawing, confirm that it has not been superseded. Department for Transport Title: Informatory Sign PARKING PLACE for CAR & CARAVAN PLATE FOR USE BELOW ‘P’ SIGN ON P 801 Issue: A: B: Cc: Date: 11.7.94 15.7.03 Drawn by: S.P. Approved by: R.M. Dimensions: Drawing No. MILLIMETRES} PP &()4. 4 "
p804x1,500,250 375 130 195 168 252,,BACKGROUND ------- WHITE SYMBOL & BORDER --- BLACK,"Drawing No. Related Drawing S 32 (250) (375) 500 © CROWN COPYRIGHT NOTES: — 1. Symbol details are given on drawing S 32 [= (8) (12) 16 ( P 804.1 (130) (195) 260 P804x1 (168) (252) 336 sheet 1. 2. The tile outline does not form part of the sign. 3. COLOURS : Background ------— WHITE Symbol & Border —-— BLACK Before using this drawing, confirm that it has not been superseded. Department for Transport Title: Informatory Sign PARKING PLACE for GOODS VEHICLES PLATE FOR USE BELOW ‘P’ SIGN ON P 801 Issue: A: B: Cc: Date: 11.7.94 15.7.03 Drawn by: S.P. Approved by: R.M. Dimensions: Drawing No. MILLIMETRES P 804.1 "
p969,500,250 375 110 165 250 375 300 250 375 110 165,,"- ' SI BACKGROUND -------- BLUE ""3"" SYMBOL & BORDER --- WHITE BUS PLOTE SYMBOL & BORDER ~-~ BLACK THIS PLATE IS USED WITH P 801 TO CREATE THE SIGN (8) (12) - -_-| | _ LX APIE ~ R6 (250) (375) 500 } (7","Drawing No. P 969 Related Drawings S 25 sheet 1 & P 801 Before using this drawing, confirm that it has not been superseded. NOTES: 1. © CROWN COPYRIGHT The sign uses the 250mm, 375mm and 500mm sizes of parking sign shown on drawing P 801. 2. Bus symbol details are given on drawing S 25 sheet 1. 3. The tile outlines do not form part of the sign. 4. COLOURS: — ' Si Background -—---—-— BLUE ""3"" Symbol & Border —-— WHITE Bus Plote Symbol & Border ~—~ BLACK This plate is used with P 801 to create the sign (8) (12) — —_-| | _ Lx apie ~ r6 (250) (375) 500 } (7 (110) (65) L JL JL JL) (165) (97.5) 220 (O\ (250) (O) (C) (375) = eS 4) 500 -+| 2 | —- (20) (300) 400 ————+| 2 (250) (375) 500 > 5 (110) | aoe (165) ©) ©) 220 1 P969 Title: : Issue: Date: | Drawn by: Dimensions: Drawing No. Department for Informatory Sign AM 37.04 SP Transport | parkinc PLACE FOR BUSES Bi 318.04 | Arproved by:] witumeTRes | — P YOY "
p663,,,x,BACKGROUND -------- WHITE. LEGEND & BORDERS ---- BLACK CO MTROLLEC 60 X-HT ROUNDEL & BOR ------ RED 9 EE HL (80) ROUNDEL BACKGROUND --- BLUE 4. DIMENSIONS : ALL DIMENSIONS ARE BASED ON THE SMALLER X-H,"Drawing No. Before using this drawing, confirm © CROWN COPYRIGHT Pp 663 that it has not been superseded. Sheet 1 of 2 variable NOTES: 1. eehte shown the Transport Heavy alphabet at the —»| 39 mi T t [15 min =| i 2. The tile outlines do not form part of the signs. ey Pept 5 3. COLOURS : Background —------— WHITE. Legend & Borders —-—— BLACK Co mtrollec 60 x-ht Roundel & Bor -————— RED 9 ee Hl (80) Roundel Background —-— BLUE 4. DIMENSIONS : All dimensions are based on the smaller x—heights 75 x-ht and shall be varied proportionally for the larger sign size. oe (100) 5. See sheet 2 for ‘No loading’ and other variants. See section 12 in Chapter 7 of the Traffic Signs Manual for further details of 846 time plate design. VARIANTS FOR ‘Controlled’ ; Example showing ee A Meter two line variant F 8 Disc Pay and nen Display Z Cc Ticket 2ONE 39 - —_ p 966 f > Dise and 7 o “Meter variable in 8.80 alm = 6.380 fon 37.5 x-ht Teket and or 18 ° cp een ° (50) NS omitted t Saturd aly — Meter Mon=Frt ; o | QI ’ sons gon §.30am- 6.30 pm | ode 8.30 am- 1.30 pm J Pay aind ee o663-1 T= Tbe 24 min + Display 8.30am- 1.30pm Department for Title : Regulatory Signs Issue: Date: | Drawn by: Dimensions: Drawing No. A: 25.7.94 S.P. Transport ENTRANCE TO CONTROLLED B: 278.04 | Approved by:| MILLIMETRES P 663 PARKING ZONE Cc: RM. Sheet 1 of 2 "
p663x2,,,x,BACKGROUND ----- - WHITE DEEP GETS (80) LEGEND & BORDERS BLACK ‘ : ROUNDEL & BAR -- RED PARLKI INE) ROUNDEL BACKGROUND --- BLUE 9 J : 4. DIMENSIONS : ALL DIMENSIONS ARE BASED ON THE SMALLER X-HEIGHTS,"Drawing No. variable + © CROWN COPYRIGHT P 663.2 39 min-} ; { ~~ 15 | NOTES: 1. The legend is from the Transport Heavy alphabet Sheet 1 of 5 T 39 ~ at the x—heights shown. ft : : th 8 JL: : 2. The tile outlines do not form part of the signs. SSuriCue BOxcht : : ae : : 3. COLOURS : Background -—--— — WHITE Deep gets (80) Legend & Borders BLACK ‘ : Roundel & Bar —— RED parlki INE) Roundel Background —-— BLUE 9 j : 4. DIMENSIONS : All dimensions are based on the smaller x—heights and shall be varied 1. IN| [Ss 75 x-ht proportionally for the larger sign size. ot : @ 00) 5. See sheets 2, 3, 4 and 5 for other variants. 966 See section 12 in Chapter 7 of the Traffic Signs Manual for further details of time plate design. 450 dia 397 +t y 15 I j 2 oe a 4 Mon ¢ Fri variable in 8.30 Qin 6.30 foi _— 37.5 x-ht or 18 - 2 : 50 omitted 7 Saturday (50) 8.30 am => 1.30 pm 1 ip 8. id feet 2 * : pI J) Before using this drawing, confirm P663x2-1 - ST be 24 min that it has not been superseded. Department fo Title: Regulatory Signs Issue: Date: Drawn by : Dimensions : | Drawing No. ENTRANCE TO RESTRICTED AP Manny AG P 663.2? Transport 2: roproved by:| MILLIMETRES PARKING ZONE c: JB. Sheet 1 of 5 "
p663x1,,,x,BACKGROUND ---------- WHITE. LEGEND & BORDERS ------ BLACK ROUNDEL & BAR ------ RED ROUNDEL BACKGROUND --- BLUE THE ZONE LOGO MAY BE IN ANY CONTRASTING COLOURS. SEE SECTION 12 IN CHAPTER 7 OF THE TR,"Drawing No. P 663.1 Before using this drawing, confirm 61.5 (82) 4 210 (280) L that it has not been superseded. + 825 (1100) 39(52) zone | WoUCHEL 9°} parking | xc »n NOTES: 1. © CROWN COPYRIGHT The legend is from the Transport Heavy alphabet at the x-heights shown. The tile outlines do not form part of the signs. COLOURS : Background —---—-—--— WHITE. Legend & Borders ——-—-— BLACK Roundel & Bar —----— RED Roundel background ——— BLUE The zone logo may be in any contrasting colours. See section 12 in Chapter 7 of the Traffic Signs Manual for further details of time plate design. 7Z(0) IN] [E ~75 (100) x-nt Pg ee — r Voucher | tc.) Voucher ‘s “*)} parking *) parking ©) |} 450 ,, | and Meter |, and Ticket (600) *° r F o x») ZONE | ho ZONE re 15r (20) ~ 4 /€ — cat || 2, Mom- Sat arg 15029 ee — ; x-ht i Sam- Spm = Foo iE] No loading |= + \— on-set vat D hour Uimatt FE 9,30 am- 6.30pm Enda Socovsaeeeded Mon - Satt 9 hour limit 24 (32) Sam-Spm on tL 2 hour Umit + P663x1 15 (20) VARIANTS Department for Title: Regulatory Signs Issue: Date: | Drawn by: Dimensions: Drawing No. ENTRANCE TO VOUCHER As 25.794) S.P./LM. Transport B: 23.6.95 | approved by :| MILLIMETRES P PARKING ZONE C: — 27.8.04 eM. ” P 663.1 "
p665,,,x,"BACKGROUND -------- WHITE. LEGEND & BORDERS - BLACK ROUNDEL & BAR -- - RED ROUNDEL BACKGROUND --- BLUE BLACK WHITE, LORRY SYMBOL ST ON LORRY 5. DIMENSIONS : ALL DIMENSIONS ARE BASED ON THE SMALLER","NOTES: © CROWN COPYRIGHT 1. The legend is from the Transport Heavy alphabet at the x—heights shown. The legend on the lorry symbol is from the Transport Medium alphabet. 2. Lorry symbol details are given on drawing S 32. 3. The tile outlines do not form part of the sign. 4. COLOURS : Background —------— WHITE. Legend & Borders — BLACK Roundel & Bar —— — RED Roundel background —-— BLUE BLACK WHITE, Lorry symbol St on lorry 5. DIMENSIONS : All dimensions are based on the smaller x-heights and shall be varied proportionally for the larger sign size. 6. See sheet 2 for variants. See section 12 in Chapter 7 of the Traffic Signs Manual for further details of time plate design. Before using this drawing, confirm that it has not been superseded. Drawing No. Related Drawing P 665 S 32 . Sheet 1 of 2 variable f- 15 a 39 450 dia 969 tb 39 } 4 39 + _ 18 75 x-ht += (100) 1)! Micinight - 7 aim || — 37.5 -n variable a 8 pm - Mich int (50) ji| Sat & Sun Ty] At any time oe “24 P665-1 Department for |"": Regulatory Sign issue: Date: ENTRANCE TO CONTROLLED PARKING °. anos Transport ZONE APPLYING TO GOODS VEHICLES | 5: 14.11.11 Drawn by : Approved by: Dimensions : | Drawing No. ae :| MILLIMETRES P 665 R.M. Sheet 1 of 2 "
p663x3,,,x,"BACKGROUND ------ WHITE RESIDENT WENS OX BORDER --- WRE. : “SYMBOL -----~- PERMIT HOLDERS 5. DIMENSIONS , ‘ IGHT IS I ILLI I TH FT PARKING ONLY , DIMENSIONS ORE IN ‘STROKE WIDTHS. SW XOHT) AS PAST THI","Drawing No. Related Drawing Before using this drawing, confirm © CROWN COPYRIGHT S 43 that it has not been superseded. F Oe ° NOTES: 1. The legend is from the Transport Heavy alphabet at the x—height shown. 25 25 2. Details of the ‘P’ symbol are given on drawing S 43. a — 3. The tile outlines do not form part of the sign. 2.5 4 iS )) 4. COLOURS : Background —----- WHITE Resident wens ox Border --- wre. : “symbol —----~— permit holders 5. DIMENSIONS , ‘ ight is i illi i th ft parking only , dimensions ore in ‘stroke widths. sw xoht) as past this point 1, 4° am-Spm || 3.5 = = ) Equal ae | ae ir || past this point 40 - 2 «ht 7 tT ean YT] Mon-Fri fy I NE A i Sam-Gpm || t - [ a 1. re J) Resident = i se permit holders L-e—| ' | — 28 parking only Mig sath carga > - in Marsham- character added it 4. Street TYPICAL CODE IDENTIFIERS 2 en RR, : : The characters shown are from the Transpor % am ° 6 fom Medium Gohabet The cherocters ons the ties may be P663x3-1 varied in size and may be in any contrasting colours. Department for Transport Title: Regulatory Signs ENTRANCE TO PERMIT PARKING AREA Issue: A: B: Cc: Date: 11.11.11 Drawn by : Dimensions : | Drawing No. LW. | SE P 663.3 Approved by: NOTE 5 R.M. Sheet 1 of 2 "
p660x4,,,x,"BACKGROUND ------ WHITE LOADING 20 MIN , HT LEGEND & BORDER--- BLACK 28 20 ENDINGS BENEDENI ~ LOADING SYMBOL ---- WHITE YY ONLY 40 MAX TILE FOR SYMBOL ---- BLUE YY BENET 4 5. DIMENSIONS : X-HEIGHTS AR","Drawing No. Related Drawing Before using this drawing, confirm © CROWN COPYRIGHT Pp 660 4 sheet S6 that it has not been superseded. . 1 of 3 NOTES: 1. The legend is from the Transport Heavy alphabet at the x—heights shown. 2.5 2.5 2.5 2. Details of the loading symbol are given on drawing h=2—4 nl = 3. The tile outlines do not form part of the signs. NO —_ 4. COLOURS : Background ------ WHITE Loading 20 min , ht Legend & Border——— BLACK 28 20 endings benedeni ~ Loading symbol ———— WHITE YY only 40 max Tile for symbol ---— BLUE yy Benet 4 5. DIMENSIONS : x—heights are in millimetres, other = 4 dimensions are in stroke widths based on the as x—height of ‘Loading only’. (4sw = x—height) - be 6. See sheets 2 and 3 for other variants. 1.5 2.5 2.5 (( aie aie 4 ||..Beachtown Council - . 2.5 - [= Goods |t TT ©O IS 2.5 min vehicles + 39 20 } et eae et 4s 4_¥_||""Beachtown Couneil .5 min loading — = : W 4, 5 VARIANT SHOWING NAME Y i , OF TRAFFIC AUTHORITY VARIANT NOTE: The x—height may be smaller Issue C : Sheet 2 amended. than that for the main legend. P660x4—-1 Sheet 3 added. Department for Title: Regulatory Signs iseue oo res a by: Dimensions: Drawing No. . _ — SEE Transport LOADING ONLY ep 1a20t| xpos oy] years | P 660.4 c: 8.7.05 R.M. Sheet 1 of 3 "
np428x1,,,x,"BACKGROUNDS ------- WHITE START SIGN LEGEND, BORDER & SYMBOL ---- BLACK ROUNDEL ---------- RED END SIGN LEGEND, BORDER & CANCELLATION BARS ---- BLACK ROUNDEL & SYMBOL --- GREY 4. THE SYMBOL SHALL BE","* This dimension also applies to the width of each gap between the diagonal bars 30 * salea NOTES: 1. © CROWN COPYRIGHT The legend is from the Transport Heavy alphabet at the x—height shown. 2. The tile outlines do not form part of the signs. 3. COLOURS : Backgrounds -—----— WHITE Start Sign Legend, Border & Symbol ---— BLACK Roundel ---------— RED End Sign Legend, Border & Cancellation Bars ---— BLACK Roundel & Symbol —-— GREY 4. The symbol shall be reversed when the signs are placed on the right hand side of the carriageway. 12 % 600 tJ), 150 END boo po f= ! a 100} | Symbol dimensions | 20 Drawing No. Related Drawing Before using this drawing, confirm NP 428.1 P 667 that it has not been superseded. Sheet 1 of 2 700 | f (\ oor 7 30 700 600 1270 | eo 30 No motor vehicle ht sso parking || —somm on verge Or footway 4 a7 NP428x1-1 shown on dwg P 667 1sw = 22mm Title: Department for Transport Regulatory Signs START AND END O FOOTWAY PARKING PROHIBITION | ¢: Issue: Date: F A: 16.6.05 B: 18.2.11 Drawn by : A.K. Approved by: J.B. Dimensions : MILLIMETRES Drawing No. NP 428.1 Sheet 1 of 2 "
s43,,,,"‘P’ SYMBOL & BORDER --- WHITE; TILE BACKGROUND ---- BLUE SYMBOL USED ON BLUE BACKGROUND SIGNS TILE USED ON INFORMATORY & DIRECTIONAL SIGNS 12 14 J --3,7-»| 2.6 | . - 7 (7 7 : : -) 9.75 0.5 : / : 16","Drawing No. sheet Before using this drawing, confirm © CROWN COPYRIGHT S 43 1 of 3 that it has not been superseded. NOTES: 1. The grids do not form part of any sign to which the symbols are applied. 2. Dimensions are given in grid divisions. The ‘P’ symbol on the tile has the same proportions as the symbol used on blue background signs and is reduced in size by the ratio of 10.75 to 16. 3. COLOURS : ‘P’ Symbol & Border —-— WHITE; Tile Background —-—— BLUE Symbol used on Blue background signs Tile used on Informatory & Directional signs 12 14 J ——3,7—»| 2.6 | . — 7 (7 7 : : —) 9.75 0.5 : / : 16 2.6 10.75 14 \e A J) 1.5 | | Ir 3.35 | 3.35 | When placed on a white background the border is omitted but the tile and symbol remain the same size. S43-1 Title : Issue: Date: Drawn by : Dimensions : | Drawing No. I Department for Symbo A: 17294] sp. Transport PARKING PLACE 8: 13.1102 approved by:\ a0 pimsions| 4 1 ot 5 Cc: 14.11.11 R.M. "
p667,,,x,"BACKGROUND -------------- BLUE BORDER, ARROW & SYMBOLS --- WHITE 27 7 8 P12-+| 7 FR 4. ALL DIMENSIONS, UNLESS SHOWN OTHERWISE, ARE IN 4 STROKE WIDTHS BASED ON A NOMINAL X-HEIGHT OF 25 YY (7 20MM MIN A","Drawing No. Related Drawings Before using this drawing, confirm © CROWN COPYRIGHT P 667 S19 &S 43 that it has not been superseded. NOTES: 1. Car symbol details are given on drawing S 19 and ‘P’ symbol details on drawing S 43. 2. The tile outline does not form part of the signs. 3. COLOURS : Background --------—----— BLUE Border, Arrow & Symbols ——— WHITE 27 7 8 p12—+| 7 fr 4. All dimensions, unless shown otherwise, are in 4 stroke widths based on a nominal x—height of 25 YY (7 20mm min and 50mm max. (4sw = x—height) f 1.5r _) [) 16 1 80mm min |) 42 200mm max 1.5 = 54 2.5 J) 4 Isl =| <= || fs i> NS J} } 2.5 Pr 15.57 VARIANT 3.5 6 yeaa =— 13. am P667 Title: Regulatory Signs Issue: Date: | Drawn by: Dimensions: Drawing No. Department for Trans ort PARKING PLACE PARTIALLY .. lene SP. SEE P 6 6 7 : 8. Approved by: P ON VERGE OR FOOTWAY oc: ew NOTE 4 "
p668x1,,,x,"BACKGROUND ------- BLUE LEGEND & BORDER --- WHITE 37.5 4 IN MARKED SYMBOLS & ARROW --- WHITE 1.5 PORE X--HT (0: 5. DIMENSIONS : X-HEIGHTS ARE IN MILLIMETRES, OTHER 13.5 | 6 NIN O AM ~~ 20 MIN AYS 4. D","Related Drawings S19, S 43 & P 668 Drawing No. P 668.1 Before using this drawing, confirm that it has not been superseded. 4 - NOTES: 1. © CROWN COPYRIGHT The legend is from the Transport Medium alphabet at the x—heights shown. —— 2——4q 2. Car symbol details are given on drawing S 19 and 25 i ‘P’ symbol details on drawing S 43. See drawing fe — Th = 24 P 668 for ‘car on footway’ details. Tr ost 3. The tile outlines do not form part of the signs. rT 4. COLOURS : Background ------- BLUE Legend & Border ——— WHITE 37.5 4 In marked Symbols & Arrow —-— WHITE 1.5 pore x—-ht (0: 5. DIMENSIONS : x—heights are in millimetres, other 13.5 | 6 nin o am ~~ 20 min ays 4. dimensions are in stroke widths. (4sw = x—ht) i : 50 max 1.51 <a al 8 6. See section 12 in Chapter 7 of the Traffic Signs 42 V4 )) 7° Manual for further details of time plate design. max when length of legend L-16—-| exceeds 42sw use two lines as shown below VARIANT 42 ] | 50 | ( ) | +o. i Inmarked |}' '® bays i"" L a“ 6pm-Sam| 4 pm-Sam|/f 4k a pt | Los oe Le 15th -elLeds The ‘car on footway’ symbol is moved 4sw to the left when reversed in a VARIANT mirror image (see variant above left) P668x1 Department for itle Regulatory Signs Issue Date Drawn by Dimensions Drawing No. : 8. Approved by: P ON VERGE OR FOOTWAY °. we NOTE 5 "
s23,,,,,"Drawing No. © CROWN COPYRIGHT S 23 NOTES: 1. The grid does not form part of any sign to which the symbol is applied. 2. Dimensions are given in grid divisions. 3. The symbol may be reversed when used on directional signs. I 18 | Before using this drawing, confirm $23 that it has not been superseded. Title: Issue: Date: | Drawn by: Dimensions: Drawing No. Department for Ar 16.294] SP. Transport | solo MOTOR CYCLE | & 2""| Mom Joad Mons] S23 Cc: R.M. Symbol "
s16,,,,,"Drawing No. Before using this drawing, confirm S 1 6 that it has not been superseded. S16 NOTES: 1. © CROWN COPYRIGHT The grid does not form part of any sign to which the symbol is applied. 2. Dimensions are given in grid divisions. 3. The symbol may be reversed when used on directional signs. Department for Transport Title: Symbol CAR (side view) Issue: A: B: Cc: Date: 17.2.94 12.11.02 Drawn by: S.P. Approved by: R.M. Dimensions: Drawing No. ALL IN GRID DIVISIONS S 1 6 "
s25,,,,,"Drawing No. sheet Before using this drawing, confirm that it has not been superseded. S 25 1 of 3 P NOTES: 1. © CROWN COPYRIGHT The grids do not form part of any sign to which the symbols are applied. 2. Dimensions are given in grid divisions. $25-1 (see sheet 2 for word ‘local’ on side) (see sheet 3 for prohibition with red bar) Department for Transport Title: Issue: A: B: Date: 1.7.94 12.11.02 Drawn by: S.P. Approved by: R.M. Dimensions: ALL IN GRID DIVISIONS Drawing No. heet S 25 Fors "
s45,,,,SYMBOL --- WHITE TILE ------ BLUE . THE SYMBOL SHALL NOT BE REVERSED. SEE SHEET 2 FOR DISABLED PERSONS SYMBOL USED ON INFORMATORY SIGNS.,"Drawing No. sheet S 45 4 of 2 14 Ir S$45-1 NOTES: 1. won aN © CROWN COPYRIGHT The grid does not form part of any sign to which the symbol is applied. . Dimensions are given in grid divisions. COLOURS : Symbol —-— WHITE Tile -—---— BLUE . The symbol shall not be reversed. See sheet 2 for disabled persons symbol used on informatory signs. Before using this drawing, confirm that it has not been superseded. Department for Transport Title: Symbol DISABLED BADGE HOLDER (for use on regulatory signs) Issue: A: B: Cc: Date: 17.2.94 13.11.02 Drawn by: S.P. Approved by: R.M. Dimensions: Drawing No. ALL IN sheet GRID DIVISIONS S 4S 1 of 2 "
s64,,,x,- MAIN RING AND CAR SYMBOL --- BLUE OTHER ELEMENTS OO WHITE 20 !,"Drawing No. S 64 © CROWN COPYRIGHT NOTES: 1. The grid does not form part of any sign to which the symbol is applied. 2. Dimensions are given in grid divisions (normally equal to 1/4 x—height). 3. COLOURS :— Main ring and car symbol ——— BLUE Other elements oo WHITE 20 ! Before using this drawing, confirm S64 that it has not been superseded. Title: Issue: Date: Drawn by : Dimensions : | Drawing No. Symbol Transpo, t ym A: att | LW./RM. ALIN B: : ranspor CAR CLUB c: “PPro ®Y:| GRID. DIVISIONS S 64 "
s66,,,x,"- BACKGROUND =---~~-~~~-~--~-~---- BLACK MOTOR CYCLE, SOCKET AND PLUG ---- WHITE THE MOTOR CYCLE SYMBOL IN THIS DRAWING IS SIZED AT 17 SW BY 9.76 SW. 0.4 20 S66 © CROWN COPYRIGHT TITLE: SYMBOL ISSUE","1.43r 1.5 NOTES: 1. See S 65 sheet 2 for details of the plug and socket. . DIMENSIONS : x—heights are in millimetres, other dimensions are in stroke widths. (4sw = x—height) . COLOURS :— Background =—--~~-~~~-~--~-~---— BLACK Motor cycle, socket and plug —-—— WHITE The motor cycle symbol in this drawing is sized at 17 sw by 9.76 sw. 0.4 20 S66 © CROWN COPYRIGHT Title: Symbol Issue: Date: Drawn by : Related drawings : Drawing No. iid A: 11.1.1 A.K. Department ELECTRIC MOTOR CYCLE B: Approved by: for Transport CHARGING POINT SYMBOL c: J.B. S43, S 65 S 6 6 "
s65,,,x,"- BACKGROUND CAR, SOCKET AND PLUG --~------- WHITE 0.5 --- . CAR SYMBOL DETAILS ARE GIVEN IN DRAWING S19. 1.5 THE CAR SYMBOL WHEN USED IN THIS DRAWING IS SIZED AT 11.4 SW BY 12.35 SW. 20 . WHEN USED O","eB e Related drawing | tort hos hot been superseded.” © cRown copyricit Sheet 1 of 2 S19 NOTES: 1. See sheet 2 for details of the plug and socket. 1.5 I . DIMENSIONS : x—heights are in millimetres, (~ > other dimensions are in stroke widths. 1.43r (4sw = x—height) . COLOURS :- Background Car, socket and plug --~---—-—— WHITE 0.5 ——— . Car symbol details are given in drawing S19. 1.5 The car symbol when used in this drawing is sized at 11.4 sw by 12.35 sw. 20 . When used on signing for services, the black background is omitted. C) | C) a | Co 1.5 \ ) x—ht } 100 min 2.55 200 max 20 S65-1 Department fo Title: Symbol issue: pate Prown by : Dimensions : | Drawing No. Transport ELECTRIC VEHICLE CHARGING an Pei SEE S 65 : prove yt POINT SYMBOL ¢: JB. NOTE 2 Sheet 1 of 2 "
p660x5,,,x,,"Drawing No. Related Drawing | Before using this drawing, confirm © CROWN COPYRIGHT Pp 660 5 S 43 that it has not been superseded. . NOTES: 1. The legend is from the Transport Heavy alphabet at Sheet 1 of 3 the x—heights shown. 2. The tile outlines do not form part of the signs. ine es ie ine 3. Details of the 'P’ symbol i drawing S 43 . Details of the symbol are given on drawing . 1 4 P20 r aan 4 a The voucher parking symbol shall shall be in 25 _— \) 25 15 accordance with the design on the approved voucher po aa - and shall be accommodated with the size shown. if Mon-Sat || f ala z Sam-Gom\lt' Samm “MS keerCica om | ee meee Pp : 4, L a Arrow —-—------— BLACK SNL oy ‘P’ symbol —-— WHITE 25 Voucher F 'P’ tile ---------- BLUE Voucher 5. DIMENSIONS : x—heights are in millimetres, other 20 | parking x-ht dimensions are in stroke widths. (4sw = x—height) | °9° only 20 min id! Tn. 6. See sheets 2 and 3 for other variants. See section 12 r . . 6: % 40 max in Chapter 7 of the Traffic Signs Manual for further 15 details of time plate design. ule® 2 nour Ural ya. (2) Mon - Sat ro SOam- 6.30 pm Information Panel SOS AM = O22 PMY tL, 5 variable —>, —>) te (may be omitted) Voucher cn | Voucher parking | 1 and permits only || , VARIANT 2 hour limit f ake 2.5 P660x5—1 Title: ‘ Issue: Date: | Drawn by: Dimensions: Drawing No. Regulat S) yt 9 Department for egulatory Signs Ne oe y 04 Sp. i > 660.5 Transport VOUCHER PARKING 8: 267.85] oroved by:| NOTE 5 C: 264.05 R.M. Sheet 1 of 3 "
s06,,,,SYMBOL --- WHITE TILE ----- BLUE 4. THE SYMBOL MAY BE REVERSED. 14,"Drawing No. © CROWN COPYRIGHT S 6 NOTES: 1. The grid does not form part of any sign to which the symbol is applied. 14 2. Dimensions are given in grid divisions. 3. COLOURS : Symbol —-— WHITE Tile ----— BLUE 4. The symbol may be reversed. 14 Before using this drawing, confirm S06 that it has not been superseded. Title: Issue: Date: | Drawn by: Dimensions: Drawing No. Department for Symbo A: 16.294] SP. Transport LOADING B: 12.11.02| Approved by:| ALL IN S 6 c: R.M. GRID DIVISIONS "
s43,,,,"‘P’ SYMBOL & BORDER --- WHITE; TILE BACKGROUND ---- BLUE SYMBOL USED ON BLUE BACKGROUND SIGNS TILE USED ON INFORMATORY & DIRECTIONAL SIGNS 12 14 J --3,7-»| 2.6 | . - 7 (7 7 : : -) 9.75 0.5 : / : 16","Drawing No. sheet Before using this drawing, confirm © CROWN COPYRIGHT S 43 1 of 3 that it has not been superseded. NOTES: 1. The grids do not form part of any sign to which the symbols are applied. 2. Dimensions are given in grid divisions. The ‘P’ symbol on the tile has the same proportions as the symbol used on blue background signs and is reduced in size by the ratio of 10.75 to 16. 3. COLOURS : ‘P’ Symbol & Border —-— WHITE; Tile Background —-—— BLUE Symbol used on Blue background signs Tile used on Informatory & Directional signs 12 14 J ——3,7—»| 2.6 | . — 7 (7 7 : : —) 9.75 0.5 : / : 16 2.6 10.75 14 \e A J) 1.5 | | Ir 3.35 | 3.35 | When placed on a white background the border is omitted but the tile and symbol remain the same size. S43-1 Title : Issue: Date: Drawn by : Dimensions : | Drawing No. I Department for Symbo A: 17294] sp. Transport PARKING PLACE 8: 13.1102 approved by:\ a0 pimsions| 4 1 ot 5 Cc: 14.11.11 R.M. "
p664,,,x,"BACKGROUNDS ----- WHITE LEGEND, BORDERS & DIAGONAL BARS ----- BLACK ROUNDEL SYMBOL -------- GREY 573 DIA (764) (600) 921 15R (1228) (20) 45 (- 15 (20) 39 (52) \T ZOMG 60 X-HT","Drawing No. Related Drawing P 636 (©) CROWN COPYRIGHT P 664 4 NOTES: 1 The legend is from the Transport Heavy alphabet Ss by] OF at the x—heights shown. yy e573 (764) ———»= The roundel is proportional to the one shown on drawing P 636. 15 (20) *K Ga The tile outlines do not form part of the sign. (7 COLOURS : Backgrounds —--—— WHITE Legend, Borders & Diagonal bars —-——— BLACK Roundel symbol —--————— GREY 573 dia (764) (600) 921 15r (1228) (20) 45 (- 15 (20) 39 (52) \t ZOMG 60 x—ht 9 (12) (80) 75 x—-ht ENDS 15 (20), (100) wy, — P664 Before using this drawing, confirm that it has not been superseded. Title: Issue: Date: Drawn by: Dimensions: Drawing No. Department for Regulatory Sign A 27.7.94 S.P. END OF PARKING ZONE B 27.8.04 Approved by MILLIMETRES P 604 Transport Cc R.M. "
p666,,,x,"BACKGROUND ----- WHITE, LEGEND, BORDER & DIAGONAL STRIPS --- BLACK ROUNDEL & BAR GREY LORRY SYMBOL - BLACK (364) (600) 2 5T ON LORRY ----- WHITE . THE WIDTH OF THE SIGN REMAINS THE SAME WHEN THE BUS S","Drawing No. P 666 Related Drawings P 636, S 25, S 32 Before using this drawing, confirm that it has not been superseded. NOTES: © CROWN COPYRIGHT . The legend is from the Transport Heavy alphabet at the x—-heights shown. The legend on the lorry symbol is from the Transprt Medium alphabet. 9 68 Coy . Bus symbol details are given on drawing S 25 and lorry s symbol details on drawing S 32. 4 573 (764) ——+| 15 (20) Ae ° . The tile outlines do not form part of the sign. > 7. fr J % 7] . The roundel is proportional to the one shown on drawing P 636. ‘9 (29) , . COLOURS : Background —---— WHITE, Legend, Border & Diagonal strips --— BLACK Roundel & Bar GREY Lorry symbol — BLACK (364) (600) 2 5t on lorry ----- WHITE . The width of the sign remains the same when the bus symbol is added. The height of the sign is 1119mm (1492mm) when the bus symbol only is shown, and 1371mm (1828mm) when both the lorry and bus symbols are shown. 167 4S 15(20)) |} ——+ (1556) 3952) t 408 f (544) cs ©) © O As t 204 (272) i] ZONE = | zae0— 8069 9012) ENDS ee ==) 15 008) 75 x-ht a J) (100) = — 480 __. (640) P666 Title: Regulatory Sign Issue: Date: Drawn by : Dimensions : | Drawing No. peparement fa END OF CONTROLLED PARKING ZONE AP 27784) SP. Transport C: 31.8.04] Approved by:| MILLIMETRES P 666 APPLYING TO BUSES & GOODS VEHICLES | p: aitta1| RM. "
p664x1,,,x,"BACKGROUND -------- WHITE LEGEND & BORDER --- BLACK 2.5 2.5 4. DIMENSIONS : X-HEIGHT IS IN MILLIMETRES, OTHER DIMENSIONS IN STROKE WIDTHS. (4SW = X-HEIGHT) I (7 Y) 2.5 FE) : EE PARKING || ZEN 39 : END","Drawing No. © CROWN COPYRIGHT P 664.1 ; NOTES: 1. The legend is from the Transport Heavy alphabet at the x-height shown. 2. The tile outlines do not form part of the signs. 3. COLOURS : Background -—----—— WHITE Legend & Border -—— BLACK 2.5 2.5 4. DIMENSIONS : x-height is in millimetres, other dimensions in stroke widths. (4sw = x—height) i (7 y) 2.5 fe) : ee parking || zen 39 : ENDS | > ~~ 1.5 Before using this drawing, confirm P664x1 that it has not been superseded. Title: i Issue : : : F ‘ons : ‘ ; Department for itle Regulatory Sign ve nen °rewn by Dimensions Drawing No Transport END OF PERMIT PARKING e: Approves by:| SEE NOTE 4] P 664.1 Cc: J.B. "
p640x5,,,x,"LEGEND BACKGROUND ---- YELLOW LEGEND, BORDERS & DIAGONAL BARS - BLACK 15 320 | 25 ROUNDEL SYMBOL GREY EM > ROUNDEL BACKGROUND --- WHITE 240 I SZ0 2 LOADING |= 7 F -} 20 WHITE 15 YELLOW","Drawing No. Related Drawing © CROWN COPYRIGHT P 640.5} _P 6°56 NOTES: 1. The legend is from the Transport Heavy alphabet at the x—height shown. 2. The roundel is proportional to the one shown on drawing P 636. 3. The tile outlines do not form part of the sign. 660 4. COLOURS : Legend background ---— YELLOW Legend, Borders & Diagonal bars — BLACK 15 320 | 25 Roundel symbol GREY em > Roundel background ——— WHITE 240 i sz0 2 loading |= 7 f -} 20 WHITE 15 YELLOW Before using this drawing, confirm P640x5 that it has not been superseded. Title: ‘ Issue: Date: | Drawn by: Dimensions: Drawing No. Regulatory Sign yt 9 Department for gulatory Sig A: 217.94 SP. Transport | END OF LOADING AREA | 8 27806] spmovesny:] muumeTRES! P 640.5 Cc: R.M. "
p646,,,x,ROUNDEL & BAR ----------------- RED 150 | ROUNDEL BACKGROUND ----------- BLUE 140 I ~ = = BACKGROUND TO UPPER SECTION AA DIA | | BACKGROUND TO ‘AM’ SECTION - - 4+. BACKGROUND TO ‘PM’ SECTION ------- 1,"Drawing No. Related Drawing Before using this drawing, confirm © CROWN COPYRIGHT P 646 P 636 that it has not been superseded. NOTES: 1. The legend is from the Transport Heavy alphabet for the upper and ‘am’ sections and from the Transport Medium alphabet for the ‘pm’ section. 2. The roundel is proportional to the one shown on drawing P 636. 960 3. The tile outlines do not form part of the sign. ¢ 4. COLOURS : Roundel & Bar —-------—-—-----— RED 150 | Roundel background —---------- BLUE 140 i ~ = = Background to upper section aa dia | | Background to ‘am’ section — — 4+. Background to ‘pm’ section ------— 130 14 URBAN 154 oF Legend upper and ‘am’ sections -—-— BLACK ¢ L : Legend ‘pm’ section ----------— WHITE 365 FCLEARWAY |lxés5 Borers ond OM mmm Back ost . : : ht 5. DIMENSIONS : These are given for the sign using the B Li OTE —_—x smaller x—heights and shall be varied proportionally for 635 ott Monday ko Friday 40. (50) the one using the larger bracketed x—heights. 1s i : poss x-ht L an ™ om 50 (62.5) ot | SOO = 9.3014.30 - 6, 30 260) Monday to Friday rt ar 15 | 25 485 | P646 Department for Title: Regulatory Sign ‘seve: nee err by: Dimensions: Drawing No. URBAN CLEARWAY : “ - ranspor . B: 10.8.04] Approved by:| MILLIMETRES P 646 Entry and Repeater sign ¢: RM. "
p647,,,x,UPPER SECTION BACKGROUND --- YELLOW LOWER SECTION BACKGROUND --- WHITE --- LEGEND & BORDER BLACK 120 ROUNDEL & BAR ---- RED 35 ----- BLUE 15 ROUNDEL BACKGROUND -+.--_ |- FG ALI ~ 130,"Drawing No. Related Drawing P 636 (©) CROWN COPYRIGHT P 647 NOTES: 1 The legend is from the Transport Heavy alphabet at the x—heights shown. The roundel is proportional to the one shown on drawing P 636. The tile outlines do not form part of the sign. 850 COLOURS : Upper section background ——— YELLOW Lower section background ——— WHITE ——— Legend & Border BLACK 120 Roundel & Bar —-—— RED 35 —---— BLUE 15 Roundel background —+.——_ |— FG ali ~ 130 UIRIB/AIN 265 \4 50 x-ht 'CLEARW 20 4 15 600 = |- ) _fs0 290 100 x-ht Ema 15r V4 a, 30 15 -—-— L_-_. Before using this drawing, confirm P647 that it has not been superseded. Title: Issue: Date: Drawn by: Dimensions: Drawing No. Department for Regulatory Sign A 28.7.94 S.P. B 10.8.04 Approved by MILLIMETRES Transport END OF URBAN CLEARWAY P 64/ Cc R.M. "
np428x2,,,,BACKGROUND --- WHITE . SYMBOL -- - BLACK BORDER ------ RED | Q | . THE SYMBOL SHALL BE REVERSED WHEN THE | | SIGNS ARE PLACED ON THE RIGHT HAND SIDE | = = | OF THE CARRIAGEWAY. | | 500 SYMBOL DIMENSIO,"Drawing No. Related Drawing © CROWN COPYRIGHT NP 428.2|_P 667 | 148.5 | NOTES: 1. COLOURS : Background —-— WHITE . Symbol —— — BLACK Border —----— RED | q | . The symbol shall be reversed when the | | signs are placed on the right hand side | = = | of the carriageway. | | 500 Symbol dimensions shown on dwg P 667 1sw = 11mm Before using this drawing, confirm NP428x2 that it has not been superseded. Department for Title: Regulatory Sign Issue: Date: | Drawn by: Dimensions: Drawing No. FOOTWAY PARKING PROHIBITION | 4) %708) RM Transport : pooroved by:| MILLIMETRES | KI A DBD REPEATER SIGN Cc: R.M. "
np428x1,,,x,"BACKGROUNDS ------- WHITE START SIGN LEGEND, BORDER & SYMBOL ---- BLACK ROUNDEL ---------- RED END SIGN LEGEND, BORDER & CANCELLATION BARS ---- BLACK ROUNDEL & SYMBOL --- GREY 4. THE SYMBOL SHALL BE","* This dimension also applies to the width of each gap between the diagonal bars 30 * salea NOTES: 1. © CROWN COPYRIGHT The legend is from the Transport Heavy alphabet at the x—height shown. 2. The tile outlines do not form part of the signs. 3. COLOURS : Backgrounds -—----— WHITE Start Sign Legend, Border & Symbol ---— BLACK Roundel ---------— RED End Sign Legend, Border & Cancellation Bars ---— BLACK Roundel & Symbol —-— GREY 4. The symbol shall be reversed when the signs are placed on the right hand side of the carriageway. 12 % 600 tJ), 150 END boo po f= ! a 100} | Symbol dimensions | 20 Drawing No. Related Drawing Before using this drawing, confirm NP 428.1 P 667 that it has not been superseded. Sheet 1 of 2 700 | f (\ oor 7 30 700 600 1270 | eo 30 No motor vehicle ht sso parking || —somm on verge Or footway 4 a7 NP428x1-1 shown on dwg P 667 1sw = 22mm Title: Department for Transport Regulatory Signs START AND END O FOOTWAY PARKING PROHIBITION | ¢: Issue: Date: F A: 16.6.05 B: 18.2.11 Drawn by : A.K. Approved by: J.B. Dimensions : MILLIMETRES Drawing No. NP 428.1 Sheet 1 of 2 "
p667,,,x,"BACKGROUND -------------- BLUE BORDER, ARROW & SYMBOLS --- WHITE 27 7 8 P12-+| 7 FR 4. ALL DIMENSIONS, UNLESS SHOWN OTHERWISE, ARE IN 4 STROKE WIDTHS BASED ON A NOMINAL X-HEIGHT OF 25 YY (7 20MM MIN A","Drawing No. Related Drawings Before using this drawing, confirm © CROWN COPYRIGHT P 667 S19 &S 43 that it has not been superseded. NOTES: 1. Car symbol details are given on drawing S 19 and ‘P’ symbol details on drawing S 43. 2. The tile outline does not form part of the signs. 3. COLOURS : Background --------—----— BLUE Border, Arrow & Symbols ——— WHITE 27 7 8 p12—+| 7 fr 4. All dimensions, unless shown otherwise, are in 4 stroke widths based on a nominal x—height of 25 YY (7 20mm min and 50mm max. (4sw = x—height) f 1.5r _) [) 16 1 80mm min |) 42 200mm max 1.5 = 54 2.5 J) 4 Isl =| <= || fs i> NS J} } 2.5 Pr 15.57 VARIANT 3.5 6 yeaa =— 13. am P667 Title: Regulatory Signs Issue: Date: | Drawn by: Dimensions: Drawing No. Department for Trans ort PARKING PLACE PARTIALLY .. lene SP. SEE P 6 6 7 : 8. Approved by: P ON VERGE OR FOOTWAY oc: ew NOTE 4 "
p668,,,x,"BACKGROUND -------------- BLUE BORDER, ARROW & SYMBOLS --- WHITE 27 7 8 P12-+| 7 FR 4. ALL DIMENSIONS, UNLESS SHOWN OTHERWISE, ARE IN STROKE WIDTHS BASED ON A NOMINAL X-HEIGHT OF 25 YY (7 1.5 20MM MIN","Drawing No. Related Drawings Before using this drawing, confirm © CROWN COPYRIGHT P 668 $19 &S 43 that it has not been superseded. NOTES: 1. Car symbol details are given on drawing S 19 and ‘P’ symbol details on drawing S 43. 2. The tile outline does not form part of the signs. 3. COLOURS : Background -------—-—---— BLUE Border, Arrow & Symbols ——— WHITE 27 7 8 p12—+| 7 fr 4. All dimensions, unless shown otherwise, are in stroke widths based on a nominal x—height of 25 YY (7 1.5 20mm min and 50mm max. (4sw = x—height) 1.5r _) [) 16 Jt 80mm min |) 2.5 _ 42 200mm max 54 15.5 28 J) 4 Je 4k ZS || fs 2.5 2.5 55 ICD : 12 . A f 15.5 -— 16 | L VARIANT =° sis VARIANT T 13 6 +19 P668 Department for Title: Regulatory Signs Issue: Date: | Drawn by: Dimensions: Drawing No. © 18:8.04) Approved by:) NOTE 4 ON VERGE OR FOOTWAY c: ewe "
p667x1,,,x,"BACKGROUND ------- BLUE LEGEND & BORDER --- WHITE 37.5 4 IN MARKED SYMBOLS & ARROW --- WHITE 1.5 PORE X--HT (0: 5. DIMENSIONS : X-HEIGHTS ARE IN MILLIMETRES, OTHER 13.5 | 6 NIN O AM ~~ 20 MIN AYS 4. D","Drawing No. Related Drawings Before using this drawing, confirm © CROWN COPYRIGHT P 667 1 S 19, S 43 & P 667 that it has not been superseded. : NOTES: 1. The legend is from the Transport Medium alphabet at the x—heights shown. —— 2——4q 2. Car symbol details are given on drawing S 19 and 25 i ‘P’ symbol details on drawing S 43. See drawing fe — th ey 24 P 667 for ‘car on footway’ details. 2.5 3. The tile outlines do not form part of the signs. opt rT 4. COLOURS : Background ------- BLUE Legend & Border ——— WHITE 37.5 4 In marked Symbols & Arrow —-— WHITE 1.5 pore x—-ht (0: 5. DIMENSIONS : x—heights are in millimetres, other 13.5 | 6 nin o am ~~ 20 min ays 4. dimensions are in stroke widths. (4sw = x—ht) i : 50 max 1.51 <a al 8 6. See section 12 in Chapter 7 of the Traffic Signs 42 max V4 )) 7° Manual for further details of time plate design. when length of legend L-16—-| exceeds 42sw use two lines as shown below VARIANT 42 | I 50 | i In marked 6 bays i"" L a“ 6pm-Sam| 4 p> Sa Lie ala ke 13.5 ak Pt thas pede ish = -L-1s VARIANT P667x1 Department for Title: Regulatory Signs Issue: Date: | Drawn by: Dimensions: Drawing No. Transport PARKING PLACE PARTIALLY . lene A a 5 SEE Pp 6 6 7 1 : 8. pproved by: ON VERGE OR FOOTWAY c: ewe NOTE 5 . "
p668x1,,,x,"BACKGROUND ------- BLUE LEGEND & BORDER --- WHITE 37.5 4 IN MARKED SYMBOLS & ARROW --- WHITE 1.5 PORE X--HT (0: 5. DIMENSIONS : X-HEIGHTS ARE IN MILLIMETRES, OTHER 13.5 | 6 NIN O AM ~~ 20 MIN AYS 4. D","Related Drawings S19, S 43 & P 668 Drawing No. P 668.1 Before using this drawing, confirm that it has not been superseded. 4 - NOTES: 1. © CROWN COPYRIGHT The legend is from the Transport Medium alphabet at the x—heights shown. —— 2——4q 2. Car symbol details are given on drawing S 19 and 25 i ‘P’ symbol details on drawing S 43. See drawing fe — Th = 24 P 668 for ‘car on footway’ details. Tr ost 3. The tile outlines do not form part of the signs. rT 4. COLOURS : Background ------- BLUE Legend & Border ——— WHITE 37.5 4 In marked Symbols & Arrow —-— WHITE 1.5 pore x—-ht (0: 5. DIMENSIONS : x—heights are in millimetres, other 13.5 | 6 nin o am ~~ 20 min ays 4. dimensions are in stroke widths. (4sw = x—ht) i : 50 max 1.51 <a al 8 6. See section 12 in Chapter 7 of the Traffic Signs 42 V4 )) 7° Manual for further details of time plate design. max when length of legend L-16—-| exceeds 42sw use two lines as shown below VARIANT 42 ] | 50 | ( ) | +o. i Inmarked |}' '® bays i"" L a“ 6pm-Sam| 4 pm-Sam|/f 4k a pt | Los oe Le 15th -elLeds The ‘car on footway’ symbol is moved 4sw to the left when reversed in a VARIANT mirror image (see variant above left) P668x1 Department for itle Regulatory Signs Issue Date Drawn by Dimensions Drawing No. : 8. Approved by: P ON VERGE OR FOOTWAY °. we NOTE 5 "
p667x2,,,x,"BACKGROUND ------------ BLUE BORDER, ARROW & SYMBOLS --- WHITE DIAGONAL BAR ----------- RED 4. ALL DIMENSIONS, UNLESS SHOWN OTHERWISE, ARE IN STROKE WIDTHS BASED ON A NOMINAL X-HEIGHT OF RAN 20MM MIN","Drawing No. Related Drawings P 667.2 $19 & S 43 Before using this drawing, confirm that it has not been superseded. © CROWN COPYRIGHT : 1. Car symbol details are given on drawing S 19 and ‘P’ symbol details on drawing S 43. 2. The tile outline does not form part of the signs. 3. COLOURS : Background ------------ BLUE Border, Arrow & Symbols ——— WHITE Diagonal Bar ----------- RED 4. All dimensions, unless shown otherwise, are in stroke widths based on a nominal x—height of ran 20mm min and 50mm max. (4sw = x—height) (r ~~ centre ) ) point 80mm min of sign 200mm max 42 60° 54 4 q <— 8 f } ll = 25 15.57 if a — 16 —_.| 3.5 6 od VARIANT 13. naam P667x2 Department for | Title: Regulatory Signs Issue: Date: | Drawn by: Dimensions: | Drawing No. Transport END OF PARKING PLACE .. lene hope b SEE P 667.2 : 8. rove : PARTIALLY ON VERGE OR FOOTWAY | ¢; pp M. y NOTE 4 . "
p668x2,,,x,"BACKGROUND ----------~-- BLUE BORDER, ARROW & SYMBOLS --- WHITE DIAGONAL BAR ----------- RED 4. ALL DIMENSIONS, UNLESS SHOWN OTHERWISE, ARE IN STROKE WIDTHS BASED ON A NOMINAL X-HEIGHT OF { RAN 20MM","Drawing No. Related Drawings Before using this drawing, confirm © CROWN COPYRIGHT P 668 Wi) $19 & S 43 that it has not been superseded. NOTES: 1. Car symbol details are given on drawing S 19 and ‘P’ symbol details on drawing S 43. 2. The tile outline does not form part of the signs. 3. COLOURS : Background ----------~-- BLUE Border, Arrow & Symbols ——— WHITE Diagonal Bar ----------- RED 4. All dimensions, unless shown otherwise, are in stroke widths based on a nominal x—height of { ran 20mm min and 50mm max. (4sw = x—height) ; 1.5 ie >\ centre |) point 80mm min of sign 200mm max 42 60° 54 : =) 12 <— 8 ids aN 2.5 ca 1 3.5 L_ . 16 - + 1.25 —13 6 VARIANT Lig P668x2 Title: Regulatory Signs Issue: Date: | Drawn by: Dimensions: Drawing No. Department for END OF PARKING PLACE aA: 47.94) Se. See Transport WHOLLY ON VERGE OR FOOTWAY | ¢. | “7Pewes ’y') NOTE 4 P 668.2 "
p1028x2,250,350 100,,LETTERS & MARKINGS --- YELLOW 4. THE LENGTH OF THIS GAP SHOULD GENERALLY BE EQUAL THROUGHOUT THE LENGTH OF THE MARKING. 5. SEE SHEET 2 FOR DETAILS OF A KERBSIDE PARKING BAY. ~=---. EQUAL -| -/- EQU,"Drawing No. Before using this drawing, confirm P 1 028 2 that it has not been superseded. NOTES: 1. © CROWN COPYRIGHT The letters are from Schedule 13 Part VI (c) to the Regulations Sheet 1 of 2 between 250 and 500mm x-—height (350 — 700mm upper case letter height). 2. The word TAXIS may be varied to POLICE or AMBULANCES. The words shall be repeated at approximately 12 metre intervals. In no case should the words extend beyond the limits of the parking bay. 3. COLOUR : Letters & Markings --— YELLOW 4. The length of this gap should generally be equal throughout the length of the marking. 5. See sheet 2 for details of a kerbside parking bay. ~=———. Equal —| -/— Equal ———+ 50 SIXVL SIXWIL f (78) SF SF Re (100) 600 1800 min see Note 4. «600 min 2700 max . 600 min 1500 max 50 min 2400 max —T ae — 600 == I= 0) a Re min TAXIS 700 mx 1 DAXIS “+4 600 F- Letter height P1028x2-1 Department for Title: Road Marking Issue: Date: | Drawn by: Dimensions: Drawing No. A: 29.6.94 S.P. Transport TAXI RANK OR PARKING BAY FOR B: 11.1.05 | Approved by:| MILLIMETRES P | O28. W POLICE VEHICLES or AMBULANCES | ¢; RM. Sheet 1 of 2 "
p1028x4,250,350 100,,LETTERS & MARKINGS --- WHITE 4. THE LENGTH OF THIS GAP SHOULD GENERALLY BE EQUAL THROUGHOUT THE LENGTH OF THE MARKING. 5. SEE SHEET 2 FOR DETAILS OF A KERBSIDE PARKING BAY. KE-- EQUAL EQUAL --+ SO,"Drawing No. P 1028.4 Sheet 1 of 2 NOTES: Before using this drawing, confirm that it has not been superseded. © CROWN COPYRIGHT 1. The letters are from Schedule 13 Part VI (c) to the Regulations between 250 and 500mm x-—height (350 — 700mm upper case letter height). 2. The word DOCTOR may be varied to SOLO MOTORCYCLES ONLY, SOLO M/CYCLES ONLY, SOLO M/CS ONLY, PERMIT HOLDERS ONLY, CAR CLUB ONLY, CAR CLUB, ELECTRIC VEHICLES ONLY, ELECTRIC VEHICLES, ELECTRIC VEHS ONLY or ELECTRIC VEHS or omitted. The words shall be repeated at approximately 12 metre intervals. In no case should the words extend beyond the limits of the parking bay. When the marking is placed partly on the footway any legend should be placed only on the carriageway side of the bay. 3. COLOUR : Letters & Markings —-— WHITE 4. The length of this gap should generally be equal throughout the length of the marking. 5. See sheet 2 for details of a kerbside parking bay. ke—— Equal Equal ——+ so YOLOOT YOLOOT p75) = == Re (100) 600 1800 min see Note 4. «600 min 2700 max . 600 min 1500 max 50 min 2400 max — 150 max 600 _—— — — maaarl min = = D T DOCTOR 700 mx t DOCTOR ~s00r Letter height P1028x4—1 Title: j Issue: Date: Drawn by : Dimensions : | Drawing No. Department for Road Marking A babes ee. P 1028.4 Transport PARKING BAY B: 13.1.05| Approved by:| MILLIMETRES . Ci 11.14.11 R.M. Sheet 1 of 2 "
p1027x1,,,x,LETTERS & MARKINGS --- YELLOW 150 EDGE OF CARRIAGEWA 3. THE OVERALL LENGTH OF THE MARKING MAY BE INCREASED I 9 9 Y BY INCREMENTS OF 6 METRES BY THE INCLUSION OF A COMPLETE ZIG-ZAG PATTERN PLACED ON,"Drawing No. Before using this drawing, confirm © CROWN COPYRIGHT Pp 1027 1 that it has not been superseded. . NOTES: 1. The letters are from Schedule 13 Part VI (c) to the Sheet 1 of 2 Regulations at 500mm x—height (700mm upper case letter height). 2. COLOUR : Letters & Markings -—— YELLOW 150 Edge of carriagewa 3. The overall length of the marking may be increased i 9 9 y by increments of 6 metres by the inclusion of a complete zig—zag pattern placed on each side of the wording, to the maximum overall length. 930 approx + —_ 4. Dimensions are given to the letters and not to the = letter tiles. W710 || yee ZA NX ogg) OAR REE _ S 700 —— approx 5. See sheet 2 for variants. 150-4 | 3000 | 750 } 1500 —+| r 1 14060 | Edge of carriageway S\N SCHOOL —KEEP —CLEAR —+|/ 4240 -| [20° | |— 2500 | 1500 — 3180 —| L 85 350 2 285 285 285 350 I 25560 min — 43560 max P1027x1-1 Title: Issue: Date: | Drawn by: Dimensions: Drawing No. Department for Road Marking Transport SCHOOL KEEP CLEAR 5: ae oproned by:| MILLIMETRES P 1027.1 Cc: R.M. Sheet 1 of 2 "
p618x2,,,x,"BACKGROUNDS --- WHITE LEGENDS, BORDERS & SYMBOLS --- BLACK ROUNDELS ----- RED REY 6. DIMENSIONS : X-HEIGHTS ARE IN MILLIMETRES, ALL € 9° OTHER DIMENSIONS ARE IN STROKE WIDTHS BASED ON K THE 37.5MM X-H","Drawing No. Related Drawings . . . , Before using this drawing, confirm CROWN COPYRIGHT Pp 61 8 2 aneet P 619 & that it has not been superseded. © : ° S_32 sheet 1 NOTES: 1. The legends are from the Transport Heavy { alphabet at the x—heights shown. 62 2.5 —_ 2. The roundel dimensions are proportional to — 37.5 those shown on drawing P 619. xsht 3. Lorry symbol details are given on drawing S 32 sheet 1. 4. The tile outlines do not form part of the signs. 48 5. COLOURS : Backgrounds --— WHITE Legends, Borders & Symbols —-— BLACK Roundels —---— RED Rey 6. DIMENSIONS : x—heights are in millimetres, all € 9° other dimensions are in stroke widths based on k the 37.5mm x—ht. (4sw = x—height) 7. See sheets 2 to 5 for permitted variants. 32 { 2.5 1.5 T { x-ht | + 2.5 1.5 + 1 1.5 15 i 2.5 P618x2-1 Title: Regulatory Signs Issue: Date: | Drawn by: Dimensions: Drawing No. Department for guiarory =I9 ne syeal aw. mens! wing Transport RESTRICTED ENTRY TO A 3: 13.12.02 A : od > SEE P 61 8 2 . : 12. Pprove: yt . PEDESTRIAN ZONE (Alternative Types) | ¢: RM. NOTE 6 Sheet 1 of 5 "
p618x3,,,x,"- GE LEGENDS, BORDERS & SYMBOLS ------ BLACK E PEO 62 2.5 BACKGROUNDS (TOP & MIDDLE PANELS) - WHITE { BACKGROUNDS (BOTTOM PANEL) ------ REP OW ROUNDELS & DI | BAR -------- 32 4 PEDESTRIAN QI BOCKGROUN","Drawing No. © CROWN COPYRIGHT |___ Determined by legend re 18.5 __ in centre panel a NOTES: 1. The legends are from the Transport Heavy alphabet at the x—heights shown. Related Drawings PEDESTRI [AN — 37,5 2.5 2. Th del di . tional t x- . The roundel dimensions are proportional to 5 oe & ZO) IN Ee 625 + be those shown on drawings P 619 & P 636. 48 x-ht No vehicles 3. The tile outlines do not form part of the signs. 4. COLOURS :- ge Legends, Borders & Symbols ———-—— BLACK e peo 62 2.5 Backgrounds (top & middle panels) — WHITE { Backgrounds (bottom panel) -----— rep ow Roundels & Di | Bar —------- 32 4 PEDESTRIAN qi Bockground to ""No Waiting” roundel — BLUE 5. DIMENSIONS : x—height U1 ‘tres, Ne vehicles |/7, ZONE |! * estes see sabe et 18 25 48 on the 37.5mm x—height. (4sw = x—height) Except for a 6. See section 12 in Chapter 7 of the Traffic Si M | for further details of ti loading tt, mite sens or further details of time it omg ce =| i 7. See sheets 2 to 6 for other variants. night- 11am 22.5 4pm - Midnight ||, ts SEER 2 . — ~ 4| Sunday = |/F I | Except for jh Ty || At any time loading | vs ot bis oo + | Midnight 11 am T At any 16 At any TT aR 1 time || 4 _ time 37,8 1.5 2 . x- _ _ ~) - 7 | - 16 dia - | | - | Before using this drawing, confirm P618x3-1 Issue C : Sheet 6 amended that it has not been superseded. Department for Title Regulatory Signs Issue eae, prenn by: Dimensions: Drawing No. Transport RESTRICTED ENTRY TO A B: 19.12.02 | Approved by: SEE P 61 8. 3 PEDESTRIAN Z"
p618x4,,,x,"BACKGROUNDS ----------------------- WHITE 10 (BAR) LEGENDS, BORDERS & DIAGONAL BARS --- BLACK ROUNDELS & SYMBOLS ------------ GREY 600 500 1030 600 DIA 15 + TT 30 AS SPE PAGERS GE YO _- PEDESTRIAN ||-","Drawing No. Related Drawing Before using this drawing, confirm © CROWN COPYRIGHT Pp 619 that it has not been superseded. P 61 8.4 NOTES:— 1. The legends are from the Transport Heavy alphabet at the x-heights shown. 2. The roundel dimensions are proportional to those shown on 15 10 (gap) 90 drawing P 619. -~= Wa 3. The tile outlines do not form part of the signs. »% 4. COLOURS : Backgrounds —---—-—--—-—--—--—----— WHITE 10 (bar) Legends, Borders & Diagonal Bars -—— BLACK Roundels & Symbols -----------— GREY 600 500 1030 600 dia 15 + TT 30 as Spe pagers ge yo _— Pedestrian ||— so, Docc cee eguag reer sceetwsernee ees x- 7 Zone tio ENDS |= as Deve eects eeteeeeteeesel x—ht 600 VARIANT P618X4 Title: Regulatory Signs Issue: Date: | Drawn by: Dimensions: Drawing No. Department for gulatery sig A: 8.7.94] RM. Transport | pevestRIAN ZONE ENDS — | 8 7493] sveroves oy:] mcuneraes | P 618.4 Cc: R.M. "
ns67,600,750 900 1200,,- BACKGROUND ------- ROUNDEL --- LORRY BODY-- LORRY CHASSIS 3. ALL DIMENSIONS FOR THE 600MM SIGN SHALL BE VARIED PROPORTIONALLY FOR THE OTHER SIGN SIZES.,"Drawing No. NP 622.10 Related Drawing NS 74 600 (750) (900) (1200) NP 622x110 PA 60 80 315 © CROWN COPYRIGHT NOTES: 1. Symbol details are given on drawing NS 74. The tile outline does not form part of the sign. 2. COLOURS: — Background —----—— Roundel —-— Lorry body—— Lorry chassis 3. All dimensions for the 600mm sign shall be varied proportionally for the other sign sizes. Before using this drawing, confirm that it has not been superseded. Department for Transport Title: Regulatory Sign VEHICLES CARRYING DANGEROUS GOODS PROHIBITED Issue: Date: A:11/09/09 Cc: D: Drawn by: L.W. Approved by: J.B. Dimensions: Drawing No. MILLIMETRES N P 6 22. | O "
ns67,600,750 900 1200,,- BACKGROUND ------- ROUNDEL --- LORRY BODY-- LORRY CHASSIS 3. ALL DIMENSIONS FOR THE 600MM SIGN SHALL BE VARIED PROPORTIONALLY FOR THE OTHER SIGN SIZES.,"Drawing No. NP 622.10 Related Drawing NS 74 600 (750) (900) (1200) NP 622x110 PA 60 80 315 © CROWN COPYRIGHT NOTES: 1. Symbol details are given on drawing NS 74. The tile outline does not form part of the sign. 2. COLOURS: — Background —----—— Roundel —-— Lorry body—— Lorry chassis 3. All dimensions for the 600mm sign shall be varied proportionally for the other sign sizes. Before using this drawing, confirm that it has not been superseded. Department for Transport Title: Regulatory Sign VEHICLES CARRYING DANGEROUS GOODS PROHIBITED Issue: Date: A:11/09/09 Cc: D: Drawn by: L.W. Approved by: J.B. Dimensions: Drawing No. MILLIMETRES N P 6 22. | O "
p601x1,750,900 210 150 280 200 264 352,,BACKGROUND ---- RED BOE LEGEND & BORDER ---- WHITE (30) 45° (40) - 175 I I 125 X-HT (210) LETTER I I HEIGHT : : (150) (280) (200) T 220 TO BOTT O BOTTOM (264) OF TILE (352),"Drawing No. P 601.1 © CROWN COPYRIGHT NOTES:— 1. The legend is from the Transport Medium alphabet at the x—heights shown. —————————- 750. (900) @ 200) ———— 2. The letters (not tiles) are centred horizontally on octagon the sign. 3. The tile outlines do not form part of the sign. 4. COLOURS : Background —-—— RED Boe Legend & Border —-—— WHITE (30) 45° (40) — 175 i i 125 x-ht (210) letter i i height : : (150) (280) (200) t 220 to bott o bottom (264) oF tile (352) Before using this drawing, confirm P601x1 that it has not been superseded. Title : Issue: Date: | Drawn by: Dimensions: Drawing No. Department for Transport Regulatory Sign STOP SIGN A: 5.7.94 B: 8.7.04 Cc: 4.5.12 S.P. R.M. Approved by: MILLIMETRES P 601 | "
p602,600,750 114 900 152 1200 190 1500,,BORDER 20_ BACKGROUND ---- WHITE 7 LEGEND ------ BLACK LETTER 76 X-HT HEIGHT 600 (95) (750) (114) HEIGHT (900) (152) L (1200) -*(190) (1500),"Drawing No. Related Drawing © CROWN COPYRIGHT P 602 | _P 500 NOTES:— 1. Other dimensions for the triangle are shown on drawing P 500. 2. All 600mm sign dimensions shall be varied proportionally for the other triangle heights. 3. The legend is from the Transport Heavy alphabet at the x—heights shown. 4, The tile outlines do not form part of the sign. COLOURS : Border 20_ Background —-—— WHITE 7 Legend ------ BLACK letter 76 x—ht height 600 (95) (750) (114) height (900) (152) L (1200) —*(190) (1500) Before using this drawing, confirm P602 that it has not been superseded. Department for Title: Regulatory Sign ‘seve toes row ay Dimensions: Drawing No. Transport 8: 970+] rome by:] wimeres| FP 6O2 GIVE WAY . ae Approved by: MILLIMETRES R.M. "
p608,,,x,"BACKGROUND -------- WHITE. LEGEND & BORDER --- BLACK 4. DIMENSIONS : X-HEIGHTS ARE IN MILLIMETRES, OTHER DIMENSIONS ARE IN STROKE WIDTHS. (4SW = X-HEIGHT) 2.5 2.5 2.5 (« +) LAL 62.5 X--HT ~~ =~ 1.5 BE","Drawing No. © CROWN COPYRIGHT P 608 ; NOTES: 1. The legend is from the Transport Heavy alphabet at the x—heights shown. 2. The tile outlines do not form part of the sign. 3. COLOURS : Background -—-----— WHITE. Legend & Border —-— BLACK 4. DIMENSIONS : x—heights are in millimetres, other dimensions are in stroke widths. (4sw = x—height) 2.5 2.5 2.5 (« +) lal 62.5 x—-ht ~~ =~ 1.5 Before using this drawing, confirm P608 that it has not been superseded. Department for Title: Regulatory Sign issues ve es Prown ey Dimensions: Drawing No. Transport | SUPPLEMENTARY PLATE | or 7a35| mos on] SEE P 608 : 7. rove : DUAL CARRIAGEWAY c. pproved bY! NOTE 4 "
p778,,,,BACKGROUND ------- WHITE SYMBOL & BORDER --- BLACK,"Drawing No. Related Drawing 40r (50) (60) 308 (385) (462) (75) (90) P 778|_S 27 |j-———— 440 (550) (660) ————+ ( >) 420 (525) (630) a tL OO = |. 336 (420) (504) | = P778 © CROWN COPYRIGHT NOTES: 1. Symbol details are given on drawing S 27. 2. The tile outline does not form part of the sign. 3. COLOURS : Background ------— WHITE Symbol & Border —-— BLACK Before using this drawing, confirm that it has not been superseded. Department for OPEN RAILWAY LEVEL CROSSING WITHOUT Transport Title: Warning Sign LIGHT SIGNALS (supplementary plate) Issue: A: B: Cc: Date: 21.9.94 26.7.04 Drawn by: Dimensions: Drawing No. S.P. Approved by:| MILLIMETRES P / / 8 R.M. "
p778x1,480,600 720 375 450 235 282 470 564,,BACKGROUND WHITE SYMBOL & BORDER --- BLACK,"Drawing No. P 778.1 Related Drawing S 26 k+-——— 480 (600) (720) ————+| a <> oyocoy 300 (375) (450) 20 (25) —=| (30) >) NS © CROWN COPYRIGHT NOTES: 1. Symbol details are given on drawing S 26. 40r (50) (60) 188 (235) (282) (75) (90) P778x1 = | __ 376 (470) (564) ——+ a 2. The tile outline does not form part of the sign. 3. COLOURS : Background WHITE Symbol & Border —-— BLACK Before using this drawing, confirm that it has not been superseded. Title: Department for Warning Sign Issue: Date: | Drawn by: Dimensions: Drawing No. A: 21,9.94 SP. Transport OPEN TRAMWAY LEVEL CROSSING WITHOUT B: 26.7.04| Approved by:| MILLIMETRES p 772 1 LIGHT SIGNALS (supplementary plate) c: RM. . "
p611x1,600,750 900,,BACKGROUND BLUE ARROWS & BORDER --- WHITE A 12] - - IQ AE \ L 115° 600 \Y _-_- - 60 (750) THE CENTRE LINE OF THE ARROW HEAD IS : O° ANGLED FROM THE OUTSIDE ARC OF THE SHAFT (900) T,"Drawing No. (©) CROWN COPYRIGHT P 611.1 NOTES: 1 All 600mm dia sign dimensions shall be varied proportionally for the other roundel sizes. —--—-—-—— 2. COLOURS : Background BLUE Arrows & Border ——— WHITE A 12] — - iQ Ae \ l 115° 600 \y _—_— — 60 (750) The centre line of the arrow head is : O° angled from the outside arc of the shaft (900) to the centre line arc of the shaft. 45 45 NY 45° SON. 120 -- —_. 4 ———— 45° --| 60 ! I=— 120 P611x1 Before using this drawing, confirm that it has not been superseded. Title: Issue: Date: Drawn by: Dimensions: Drawing No. Department for Regulatory Sign A 4.7.94 S.P. MINI-ROUNDABOUT B 16.7.04 | Approved by: MILLIMETRES P 611.1 Transport Cc R.M. "
p651,,,x,"- BACKGROUNDS ---------~-~-~~-~-~---- WHITE LEGENDS, ARROW, BORDERS & SYMBOLS --- BLACK ROUNDELS -------------------- RED 5. DIMENSIONS : THESE ARE IN MILLIMETRES FOR THE 20MM X-HEIGHT, OTHER SIZES S","Before using this drawing, confirm that it has not been superseded. Drawing No. Related Drawings P 619, P 625.1 P 651 |« p 951 120 160 0 80, 12 1 © CROWN COPYRIGHT NOTES: 1. The legend is from the Transport Heavy alphabet at No motor vehicles, eyeles, animals on mown verge |}-——— 499 ———+| |}+-——— 400 ———-| S 20 160 120 270 |INo motor vehicles, || 329 | No motor vehicles, eyeles, pedestrians eycles on mown verge on mown verge |. 409 —_—+| | I 80 —=}—— 120 —+1-— 120 —=l— 80 —+| 400 ~\ the x—heights shown. 2. The roundels are proportional to those shown on drawings P 619, P 625.1 & P 951. 3. The tile outlines do not form part of the signs. 4. COLOURS :- Backgrounds -------—-~-~-~~-~-~---— WHITE Legends, Arrow, Borders & Symbols —-— BLACK Roundels —------------------- RED 5. DIMENSIONS : These are in millimetres for the 20mm x-height, other sizes shall be proportional. Figures in brakets are in stroke widths. (4sw = x—height) 7.5 (1.5sw) aie 13 f . sprog omen cesctegaeee . » cycles, animals, 100 dia g— 12.5 (2.5sw) 135 Cg x-ht ar so | | No motor vehicles, 20> om mown verge , cyeles, animals, ae TE . pedestrians posses Sign border 12.5 | Om mown verge |, eo P651 f— 7 7 Department for | ™* Regulatory Signs issue: pate: Drown by: Dimensions: ] Drawing No. Transport PROHIBITIONS ON MOWN VERGE | 8: 5264] toproves by: NOTE 5 P 651 "
p626x2a,,,x,BACKGROUND OF UPPER PLATE ---- WHITE BACKGROUND OF LOWER PANEL --- GREY 780 ROUNDEL BACKGROUND ------- WHITE 1 LEGENDS AND BORDER - BLACK 56 ROUNDEL BORDER -- ---- RED R 4. DIMENSIONS SHOWN ARE FOR TH,"Drawing No. Before using this drawing, confirm © CROWN COPYRIGHT sheet that it has not been superseded. P 626.2A 1 of 3 NOTES:— 1. The legend is from the Transport Heavy alphabet at the x—heights shown. 2. The tile outlines do not form part of the signs. 3. COLOURS : Background of upper plate ——-— WHITE Background of lower panel ——— GREY 780 Roundel background —-----— WHITE 1 Legends and border — BLACK 56 Roundel border -— ---- RED r 4. Dimensions shown are for the sign using 80mm x-—ht. These dimensions are varied proportionally for the 420 § ceeepasticarenrens (60) other sign sizes. [R | DE [e 80 x-ht 5. See sheets 2 and 3 for the table of x—heights used : : : (100) for tonnage variations and examples. (120) 732 | oot (450) 600 dia = (750) VARIANT (900) P626x2A-1 Title: i Issue: : : mensions : - ; Department for we Regulatory Signs sue a brown by Dimensions rome 506 DA Transport WEAK BRIDGE OR ROAD B: 1111.11 | approved by:| MILLIMETRES weight restriction Cc: 17442 RM. Sheet 1 of 3 "
np818x4a,,,x,LEGEND & BORDER ------- WHITE A LA EAD BACKGROUND ---------- BLUE THIN BORDER TO ROUNDEL ---- WHITE . . . ROUNDEL ------------- SEE NP 622.10 =F 0.5 THIN BORDER 6. DIMENSIONS : X-HEIGHTS ARE IN MILLIM,"Drawing No. NP O22 10"" © CROWN COPYRIGHT NP 818.4A : NOTES: 1. The legend is from the Transport Medium alphabet at the x—heights shown. 2. The roundel illustrated is proportional to the one shown 2.5 > - 2.5 ke 2.5 >| fe on drawing NP 622.10, where D is diameter. (v ~ 4, 5 3. The patch is formed by removing the black border from Axe t anel 7 . the plate shown on drawing NP 622.11. : Lt Y cel 4. The tile outlines do not form part of the sign. 2 miles 60 min pt wee leek Leet 200 max 5. COLOURS : Legend & Border -—----- WHITE a la ead Background —-------—— BLUE Thin border to roundel —-—— WHITE . . . Roundel —------—----— see NP 622.10 =F 0.5 thin border 6. DIMENSIONS : x—heights are in millimetres, other 18 dimensions are in stroke widths. (4sw = x—height) D 7. See Chapter 7 of the Traffic Signs Manual for further ¢ _— 30 design details in relation to place names and route [LD numbers. 19.5 ak _ 0.05D Alternative i A293 1.5 oe : J) rT aoe 1] Before using this drawing, confirm NP 818X4A that it has not been superseded. Department for Title: Informatory sign Issue: Date: | Drawn by: Dimensions: Drawing No. P f 4:11/09/09| LW. Transport DANGEROUS GOODS PROHIBITED | ©: rooroved by} witumeTres | NP 818.4A "
p784x1,,,x,- © [R UU { BECKSROUNE SS BLUE PPER PART ALL BORDERS H I - { EDIE LOA! LE - H LEGEND & BORDER --- WHITE YW = =°WIERICLES LOVER OAT [AMARE -OOOTO> AN MUST PHO NE 5. SEE SHEET 2 FOR PERMITTED VARIANT.,"Drawing No. sheet © CROWN COPYRIGHT P 784.1 1 of 2 NOTES: 1. The legend on the upper part of the sign is from the Transport Medium alphabet, and on the lower part of the sign from the Transport Heavy alphabet. 870 min, 1450 max (x 4 2. The tile outlines do not form part of the sign. (\ Radius 6 : 12 min 23 3. The sign dimensions for intermediate sizes stay in the 20 max rive rS © 27 min same proportions shown for the maximum size. : {co oDN aN 45 max 4. COLOURS: — © [r uU { Becksroune ss BLUE pper part all borders H i - { edie Loa! Le - H Legend & Border --— WHITE yw = =°WIERICLES Lover oat [amare -oooTo> AN must pho ne 5. See sheet 2 for permitted variant. cee es eve Pore ~er xm jand get permission |==~ 1605 max 75 max tO CrOSsS 4 (18.75 mn) = = 4 min, 30 max ee LARGE means over f ; 1.5 stroke widths 61°6” (18.75 m) longor Fr"" ?™ (#on = xheight) 530 mox 976"" (2.9 m) wide or = Jam 44 tonnes total weight | °™ SLOW means 5 mpl or less +, min, 20 max 7 Before using this drawing, confirm P784x1-1 that it has not been superseded. Department for itle Railway and Tramway Sign Issue: Date Drawn by Dimensions Drawing No. AUTOMATIC LEVEL CROSSING Ar 87.03) LW wiumetres| Po /O4.1 Transport PERMISSION TO CROSS eee mica Sheet 1 of 2 "
p652,300,450 285 285 675 870,,BACKGROUND ------- BLUE 300 (450) ARROW & BORDER --- WHITE = T~ 190 (285) | = 4 EQUAL (7 ~\ 45° I) 1 190 (285) I) 450 380 L (675) (870) =|=| =| I) ! 12R J (18) IL EQUAL NS ) 12 (18),"Drawing No. © CROWN COPYRIGHT P 652 NOTES: 1. A standard arrow proportion is used. 2. COLOURS : Background —---—-— BLUE 300 (450) Arrow & Border ——— WHITE = t~ 190 (285) | = 4 Equal (7 ~\ 45° i) 1 190 (285) i) 450 380 L (675) (870) =|=| =| i) ! 12r J (18) il Equal NS ) 12 (18) Before using this drawing, confirm P652 that it has not been superseded. Title: Issue: Date: | Drawn by: Dimensions: Drawing No. Regulatory Sign Department for gulatory Sig a: 21704] Sp. Transport ONE-WAY TRAFFIC B+ 10.804 Approved by:| MILLIMETRES | = 6 Cc: R.M. "
p960x1,,,x,"BACKGROUND ------------ BLUE G G SYMBOL, ARROWS & BORDER --- WHITE 4. DIMENSIONS : ALL IN STROKE WIDTHS (1SW = % OF NOTIONAL |G 66 =| X-HEIGHT). THE TABLE OF SIGN SIZES SHOWS THE ACTUAL SIGN SIZES IN","Drawing No. Related Drawing © CROWN COPYRIGHT P 960.1|__S 24 : TABLE OF SIGN SIZES (mm) NOTES: 1. Symbol details are givenn on drawing S 24. The symbol (See note 4) must always face left. One stroke width 12.5 15 2. The tile outline does not form part of the sign. Width of sign 990 Height of a n eee 570 3. COLOURS : Background -----------— BLUE g g Symbol, Arrows & Border --— WHITE 4. DIMENSIONS : All in stroke widths (1sw = % of notional |g 66 =| x—height). The table of sign sizes shows the actual sign sizes in millimetres for the sign with two ahead arrows. 7 7 1.5 13 3 =| 25.5 | = t—— 8 ——J W —_-|; ORES CO! SF 4 } 8.5 () 15 r MAS) || 38 «18 be -| + 2 ” | | 12 OES 8.5 1.5r dl _ 2.5 ! t Q ay, Lg | =—+| 6 | VARIANTS 33 Before using this drawing, confirm P960x1 that it has not been superseded. Department for Title: Regulatory Sign ‘seve’ boss oe eM. es Drawing No. Transport | contra-FLow CYCLE LANE | 8 180{ sewer! ote a | P 960.1 : -M. "
p960x2-document,,,,"- SYMBOL, BORDER AND ARROWS ---- WHITE BACKGROUND ---------------- BLUE 4. DIMENSIONS ARE SHOWN IN STROKE WIDTHS (ONE QUARTER OF NOTIONAL X-HEIGHTS). THE TABLE OF SIGN SIZES SHOWS THE 52 ACTUAL SIGN S","Drawing No. Related Drawing S 24 © CROWN COPYRIGHT . NOTES: — 1. Details of the cycle symbol are on dwg. S 24. 2. The outline of the tile does not form part of the sign. 3. COLOURS:— Symbol, Border and Arrows —-—— WHITE Background —--------------— BLUE 4. Dimensions are shown in stroke widths (one quarter of notional x—heights). The Table of Sign Sizes shows the 52 actual sign sizes in millimetres. 75 3.5 1.5] 12.5 =] 25.5 | FF 8.5 TABLE OF SIGN SIZES (mm) 38 18 Stroke Widths 12.5 15 Width of Sign 650 780 Height of Sign 475 570 7 12 8.5 t \L J) 2.5 fis] | ls | | sr Equal Equal Before using this drawing, confirm P960x2 that it has not been superseded. Department for Title: Regulatory Sign sesue nnn ere by: Dimensions : | Drawing No. Ti | poproses v:! Ste 960.2 B: : ransport CONTRA—FLOW CYCLES rpproved by:] oe a | P Cc: R.M. "
p960,,,x,"BACKGROUND ------------- BLUE (SEE NOTE 4) SYMBOLS, ARROWS & BORDER --- WHITE LEGEND ON BUS SYMBOL ------- BLACK ROS WIDTH 1000 1200 4. DIMENSIONS : ALL IN STROKE WIDTHS (SW = % OF NOTIONAL X-HEIGHT).","Drawing No. Related Drawings Before using this drawing, confirm © CROWN COPYRIGHT P 960 S 25 Sheets 1 & 2 that it has not been superseded. NOTES: 1. Symbol details are given on drawing S 25 sheets 1 & 2. The symbols Sheet 1 of 2 must always face left. 2. The tile outline does not form part of the sign. TABLE OF SIGN SIZES (mm) 3. COLOURS : Background ------------— BLUE (See note 4) Symbols, Arrows & Border ——— WHITE Legend on bus symbol ——---—— BLACK ros width 1000 1200 4. DIMENSIONS : All in stroke widths (sw = % of notional x—height). 'd ° sign The table of sign sizes shows the actual sign sizes in millimetres for Height of sign 450 540 the sign with two ahead arrows. 5. See sheet 2 for variants that include the cycle symbol. } 67 1.5 7 7 3.5 3.5 aoa 13 3 40 | -- | 7 _——- )) 3.5 © © 7.5 dl 13 93 1se|| 1 [Slecal 7.5 |_| Equal | 6 Equal 8 80 VARIANTS P960-1 Title: ‘ Issue: Date: | Drawn by: Dimensions: Drawing No. Department for Regulatory Signs A: 87.94] S.P./RM. SEE P 960 Transport | contRA—FLOW BUS LANE | 8 2785] speroes or] ug 4 Cc: 9.8.04 R.M. Sheet 1 of 2 "
p959x1,,,x,BACKGROUND --------- BLUE SYMBOL & BORDER --- WHITE . DIMENSIONS : ALL IN STROKE WIDTHS (1SW = % OF NOTIONAL X-HEIGHT). THE TABLE OF SIGN SIZES SHOWS THE ACTUAL SIGN SIZES IN MILLIMETRES. 1.5 75 75,"Drawing No. Related Drawing P 959.1 S24 NOTES: 1. © CROWN COPYRIGHT Symbol details are given on drawing S 24. The symbol must always face left. . The tile outline does not form part of the sign. . COLOURS : Background -----—-—— BLUE Symbol & Border ——— WHITE . DIMENSIONS : All in stroke widths (1sw = % of notional x-height). The table of sign sizes shows the actual sign sizes in millimetres. 1.5 75 75 1.5 5. A time plate may be added in the same colours (see ‘24 34. She 11 drawing P 961). (7 ~ Sy Oxe TABLE OF SIGN SIZES (mm) + 1.5r One stroke width| 12.5] 15 st ‘J Width of sign 825 | 990 Height of sign 375 450 Before using this drawing, confirm P959x1 that it has not been superseded. Department for Title: Regulatory Sign Issue: Date: | Drawn by: Dimensions: Drawing No. A: 16.8.94 S.P. SEE Transport | witH—-FLOW CYCLE LANE | 8 280|sproesey:| yore a | P 959.1 Cc: 24.9.12 R.M. "
np959x10,,,x,"- BACKGROUND LEGEND, SYMBOLS & BORDER --- WHITE LEGEND ON BUS SYMBOL BLACK 5. DIMENSIONS : X-HEIGHTS ARE IN MILLIMETRES, OTHER DIMENSIONS ARE IN STROKE WIDTHS. (4SW = X-HEIGHT) 6. THE LEGEND ‘LOCAL’","Drawing No. NP 959.10 Related Drawings S 23, S 24, & S 25 NP959x10 4.5 4.5 40 NOTES: 2.5 NO Ns ClocalO © © authorised vehicles OO , OS taxi 1.5r 4 3 f 66 x-ht 50 (60) © CROWN COPYRIGHT 1. The legend is from the Transport Medium alphabet at the x—heights shown. The word ‘local’ on the bus is from the Transport Heavy alphabet. 2. Symbol details are given on drawings S 23, S 24 and S 25 sheets 1 & 2. The symbols must always face left. 3. The tile outlines do not form part of the sign. 4. COLOURS: — Background Legend, Symbols & Border —-— WHITE Legend on bus symbol BLACK 5. DIMENSIONS : x—heights are in millimetres, other dimensions are in stroke widths. (4sw = x—height) 6. The legend ‘local’ may be omitted and the bus symbol varied to the one shown on drawing S 25 sheet 1. A time plate may be added in the same colours (see drawing P 961). Before using this drawing, confirm that it has not been superseded. Department for Transport Title: Regulatory Sign BUS, AUTHORISED VEHICLES AND MOTOR CYCLE LANE Issue: Date: A: 12.8.05 B: Cc: Drawn by: L.W./R.M. Approved by: R.M. Dimensions: SEE NOTE 5 Drawing No. NP 959.10 "
p964,,,x,"BACKGROUND ------- BLUE LEGEND & BORDER --- WHITE 4. DIMENSIONS : X-HEIGHTS IN MILLIMETRES, OTHER DIMENSIONS IN STROKE WIDTHS. (4SW = X-HEIGHT) 50 X--HT }} (60)","Drawing No. P 964 2.5 2. = se Ak NOTES: — 1. 5 End of *] ous lane P964 es as = 1.5 © CROWN COPYRIGHT The legend is from the Transport Medium alphabet at the x—heights shown. 2. The tile outlines do not form part of the sign. 3. COLOURS : Background —----—— BLUE Legend & Border -—— WHITE 4. DIMENSIONS : x—heights in millimetres, other dimensions in stroke widths. (4sw = x—height) 50 x—-ht }} (60) Before using this drawing, confirm that it has not been superseded. Department for Transport Title: Issue: Date: A: 16.9.94 END OF BUS LANE Bi 21.1.04 Cc: Regulatory Sign Drawn by: S.P. Approved by: R.M. Dimensions: SEE NOTE 4 Drawing No. P 964 "
p2602x3,,,x,"BACKGROUND NATIONAL ROUTE ---- RED REGIONAL ROUTE BLUE NUMERALS & BORDER --- WHITE . DIMENSIONS : X-HEIGHTS ARE IN MILLIMETRES, OTHER DIMENSIONS ARE IN STROKE WIDTHS. (4SW = X-HEIGHT) 2.8 IR 30 MI","Drawing No. Before using this drawing, confirm p 2602 3 that it has not been superseded. ! 2.5 2.5 fe . NOTES: 1. © CROWN COPYRIGHT Numerals are from the Transport Medium alphabet at the x—heights shown. . The tile outlines do not form part of the sign. . COLOURS : Background National Route ---— RED Regional route BLUE Numerals & Border —-— WHITE . DIMENSIONS : x—heights are in millimetres, other dimensions are in stroke widths. (4sw = x—height) 2.8 Ir 30 min . x—height 1.2 \S ) 1 P2602x3 Issue B : Note 4 amended Title : Cycle Route Sign Issue: Date: | Drawn by: Dimensions: Drawing No. Transport CYCLE ROUTE NUMBER | #° S8@) ow | see Ra 2 P (Supplementary Plate) c: - eM | CNOTE 4 . "
p2901,,,x,"- BACKGROUND ----------~-- BLUE 36 LEGEND, SYMBOL & BORDER ---- WHITE 5. DIMENSIONS : X-HEIGHTS ARE IN MILLIMETRES, OTHER DIMENSIONS ARE IN STROKE WIDTHS. (4SW = X-HT) OOT | OF 4 + = EQUAL A AI","Drawing No. P 2901 Related Drawing S 55 Before using this drawing, confirm that it has not been superseded. 2.5 1 2.5 Shai tree, 2.5 im fb \!7 MO2 HI. the x—ht 100 min 300 max a Pee aN P2901 © CROWN COPYRIGHT NOTES: 1. The legend is from the Motorway alphabet at the x—heights shown. 2. Details of the motorway symbol are sth given on drawing S 55. . The tile outlines do not form part of the signs. 4. COLOURS: — Background ----------~-- BLUE 36 Legend, Symbol & Border -—-— WHITE 5. DIMENSIONS : x—heights are in millimetres, other dimensions are in stroke widths. (4sw = x—ht) oot | of 4 + = Equal a AIW2 oo Mm) Ob +=- +=b 28.5 -m Equal —t Title: Motorway Regulatory Signs Department for Transport Issue: POINT AT WHICH MOTORWAY x B: REGULATIONS START TO APPLY | ¢: Date: | Drawn by: Dimensions: Drawing No. 6.7.94 S.P./R.M. SEE 3-11-04 | Approved by:! NOTE 5 P 2901 R.M. "
p2930,,,x,"BACKGROUND ------- BLUE 4 (- “ LEGEND, SYMBOL & BORDER -------- WHITE 25R 1 CANCELLATION BAR ---- RED 5. DIMENSIONS FOR THE 300MM X--HEIGHT SIGN ARE PROPORTIONAL TO THOSE SHOWN FOR THE 200MM X-HEIGHT","Drawing No. Related Drawing © CROWN COPYRIGHT P 2930 S55 ; ; NOTES: 1. The legend is from the Transport Medium 1300 (1950) alphabet at the x—heights shown. > 2. Symbol details are given on drawing S 55. ile — Vv 25 1250 (1875) symbol tile \ 3. The tile outlines do not form part of the sign. ~\ 4. COLOURS : Background ------— BLUE 4 (— “ Legend, Symbol & Border —------— WHITE 25r 1 Cancellation bar ---— RED 5. Dimensions for the 300mm x-—height sign are proportional to those shown for the 200mm x-height sign. 13 7 / va 1000 k-—— 1300 (1950) ——+] 25 —r on’ 4 Was il 125 } 2) | VV d= : : =I} (300) VARIANT 75 \L J) 125 Before using this drawing, confirm P2930 aa ke that it has not been superseded, Department for Title: Motorway Regulatory Sign Drawn by: Dimensions: Drawing No. S.P. Transport DISTANCE TO END OF MOTORWAY Approved by: R.M. MILLIMETRES Pp 29 30 "
p2931,,,,BACKGROUND -------- 1300 (1950) (2600) -----+| SYMBOL & BORDER CANCELLATION BAR ----- RED . ‘OY 3. DIMENSIONS FOR THE LARGER SIGN SIZES ARE 25 1250 SYMBOL TILE XE PROPORTIONAL TO THOSE SHOWN FOR THE S,"Drawing No. Related Drawing © CROWN COPYRIGHT P 2931| $95 is ore of i NOTES: 1. Symbol details are given on drawing S 55. 2. COLOURS : Background —---—--— 1300 (1950) (2600) —————+| Symbol & Border Cancellation bar ---—— RED . ‘oy 3. Dimensions for the larger sign sizes are 25 1250 symbol tile Xe proportional to those shown for the smallest size. 7 | Ww | 1300 (1950) 1000 (2600) 25r 7 Ss ‘y) Before using this drawing, confirm P2931 that it has not been superseded. Department for Title: Motorway Regulatory Sign ‘seve: hoes Prown ey Dimensions: Drawing No. Transport END OF MOTORWAY 8: 139.04 | approves by:| MILLIMETRES | P 9Q 3] Cc: R.M. "
p2932,,,x,"BACKGROUND ------- BLUE LEGEND & BORDER --- WHITE 4. DIMENSIONS : X-HEIGHTS ARE IN MILLIMETRES, OTHER 25 1.5 DIMENSIONS ARE IN STROKE WIDTHS. (4SW = X-HEIGHT) + -- A = 25-_(( ) 7 1.5R (AL 150 X-HT REG","Drawing No. © CROWN COPYRIGHT NOTES: 1. The legend is from the Transport Medium alphabet P 2932 at the x—height shown. 2. The tile outlines do not form part of the sign. 3. COLOURS : Background -—----— BLUE Legend & Border ——— WHITE 4. DIMENSIONS : x—heights are in millimetres, other 25 1.5 dimensions are in stroke widths. (4sw = x—height) + -- a = 25-_(( ) 7 1.5r (Al 150 x—ht regulations 2.5 2.5 Before using this drawing, confirm P2932 that it has not been superseded. Department for Title: Motorway Regulatory Sign Issues hoes Prown ey Dimensions: Drawing No. Transport END OF MOTORWAY REGULATIONS AT B: 13.904 A voved by: SEE Pp 929492 THE ENTRANCE TO A SERVICE AREA | o: ee | NOTE 4 "
p1003x4,,,,"MARKING --- WHITE 3. EXAMPLES OF SUGGESTED RADII FOR A, B AND C ARE SHOWN IN THE TABLE. THESE VARY PROPORTIONALLY WITH THE OVERALL CIRCLE DIAMETER THAT THE ARROWS LIE ON. THE DIAMETER OF THE CENTRE I","Drawing No. P 1003.4 Sheet 1 of 2 Radius B © CROWN COPYRIGHT NOTES: 1. The marking shown in figure A shall be used for mini roundabouts with circular centre islands that have a diameter of 1000mm minimum and 2400mm maximum. 2. COLOUR : Marking ——— WHITE 3. Examples of suggested radii for A, B and C are shown in the table. These vary proportionally with the overall circle diameter that the arrows lie on. The diameter of the centre island does not vary proportionally with the overall circle diameter. 4. See sheet 2 for figure B that shows the marking with larger arrows. / \ — N / —/ \ FIGURE A ) 120 7 se Diameter ! [ 3500 min K-- Tt 7000 max jiameter Figure A Suggested Radii 1000 min \ Circle Dia A B c . 2400 max \ 3500 1500 | 1800 |} 2100 ae 4000 1720 | 2050 | 2400 ~ ~ 4500 1930 | 2310 | 2700 5000 2150 | 2570 | 3000 6000 2570 | 3090 | 3600 7000 3000 | 3600 | 4200 Before using this drawing, confirm P1003x4-1 that it has not been superseded. Title: ; Issue: Date: | Drawn by: Dimensions: Drawing No. Road Marking yt 9 Department for At 29604 RM. P 1003.4 Transport MINI-ROUNDABOUT B: 25.2.05| Approved by:| MILLIMETRES Cc: R.M. Sheet 1 of 2 "
p1050,,,,ARROWS --- WHITE 700 2. THE OVERALL LENGTH DEPENDS ON THE CHOSEN WIDTH BETWEEN THE 2500 MIN ARROW HEADS. 315 4250 MEX] (SEE NOTE 2) _ 1500 2500 2800 Y 3300 3300 100 _ 5550 MIN 4 NOTE 2 500 800 UE 6550,"Drawing No. Before using this drawing, confirm Pp 1 050 that it has not been superseded. © CROWN COPYRIGHT NOTES: 1. COLOUR : Arrows —-— WHITE 700 2. The overall length depends on the chosen width between the 2500 min arrow heads. 315 4250 mex] (see Note 2) _ 1500 2500 2800 y 3300 3300 100 _ 5550 min 4 Note 2 500 800 ue 6550 max (See Note 2) <n oot ) 0 Variant used for My side turning S y a P1050 Department for Title: Road Markings issues Sones rewn by: Dimensions : | Drawing No. DOUBLE ARROW AT END OF : ° ~ ranspor cats | apprnee oy-| MULMETRES| P 1050 or AT A BREAK IN BUS LANE | o. teanen | pp "
p670,600,300 450 750 900 1200 1500,,BACKGROUND --- WHITE BORDER ------ RED NUMERALS ----- BLACK . FOR VARIANTS SEE SHEET 2. X-HT,"Drawing No. P 670 ,neet (300) (450) 600 (750) (900) (1200) (1500) P670-1 © CROWN COPYRIGHT NOTES: 1. All 600mm sign dimensions, including x—height, shall be varied proportionally for the other roundel sizes. 2. The numerals are from the Transport Heavy alphabet. . The tile outlines do not form part of the sign. . COLOURS : Background ——— WHITE Border ----—— RED Numerals —--—— BLACK . For variants see sheet 2. x-ht Before using this drawing, confirm that it has not been superseded. Department for Transport Title: Regulatory Sign MAXIMUM SPEED LIMIT IN MILES PER HOUR Issue: A: B: Cc: Date: 27.7.94 27.1.04 Drawn by: Dimensions: Drawing No. S.P. Approved by: MILLIMETRES P 6 / O R.M. sheet 1 of 2 "
p671,600,450 750 900 1200 1500,,BACKGROUND --- WHITE BAND ------- BLACK (450) 600 (750) (900) (1200) (1500),"Drawing No. © CROWN COPYRIGHT P 671 NOTE: 1. COLOURS : Background ——— WHITE Band —-----— BLACK (450) 600 (750) (900) (1200) (1500) Before using this drawing, confirm P671 that it has not been superseded. Title: Regulatory Sign Issue: Date: | Drawn by: Dimensions: Drawing No. Department for A: 27.7.94| SP. Transport | wationat sPeep Limits APPLY | 8 27104] arproves oy] muunerReS | PG 7 Cc: R.M. "
p672,450,300 900,,BACKGROUND --------- BLUE NUMERALS & BORDER ---- WHITE (300) 7 450 ( ) 280 600 200 (900) X-HT NUMERAL 7 HEIGHT P672 TITLE : REGULATORY SIGN ISSUE: DATE: DRAWN BY : DIMENSIONS : | DRAWING NO. DEPARTMEN,"Drawing No. Before using this drawing, confirm © CROWN COPYRIGHT P 672 that it has not been superseded. NOTES: 1. All 600mm dia sign dimensions, including the x—height shall be varied proportionally for the other roundel sizes. 2. The numerals are from the Transport Medium alphabet. 3. The tile outlines do not form part of the sign. 4. COLOURS : Background ——------— BLUE Numerals & Border ——-— WHITE (300) 7 450 ( ) 280 600 200 (900) x-ht numeral 7 height P672 Title : Regulatory Sign Issue: Date: Drawn by : Dimensions : | Drawing No. Department for A: 27.7.94 S.P. Transport MINIMUM SPEED LIMIT IN MPH B: 27.1.04] Approved by: | MILLIMETRES P 6/72 Cc: 11.11.11 R.M. "
p673,600,900,,BACKGROUND --------- NUMERALS & BORDER CANCELLATION BAND ----- 600 : 280 : ¢ (900) 200 = X-HT NUMERAL HEIGHT P673 DEPARTMENT FOR TITLE: REGULATORY SIGN ISSUE: DATE: DRAWN BY : DIMENSIONS : | DRA,"Drawing No. Before using this drawing, confirm © CROWN COPYRIGHT P 673 that it has not been superseded. NOTES: 1. All 600mm dia sign dimensions, including the x—height shall be varied proportionally for the other roundel size. 2. The numerals are from the Transport Medium alphabet. 3. The tile outlines do not form part of the sign. 4. COLOURS : Background ——------— Numerals & Border Cancellation band -—--— 600 : 280 : ¢ (900) 200 = x-ht numeral height P673 Department for Title: Regulatory Sign Issue: Date: Drawn by : Dimensions : | Drawing No. A: 27.7.94 S.P. Transport END OF MINIMUM SPEED LIMIT IN MPH | 8: — 27:1.04] Approved by:| MILLIMETRES P 673 Cc: 11.11.11 R.M. "
p674,,,x,"----- WHITE 285 BACKGROUND NUMERAL, LEGEND & BORDER --- BLACK --- ROUNDEL RED THE LOWER PANEL MAY BE IN ANY BIG 500 DIA CONTRASTING COLOURS EXCEPT RED. 780 AE THE LOWER PANEL MAY BE OMIT","Drawing No. Related Drawing Before using this drawing, confirm (C) CROWN COPYRIGHT P 670 that it has not been superseded. P 6/4 NOTES: The legend in the upper panel is from the Transport Heavy alphabet at the x—heights shown. The legend in the lower panel may be in any style of lettering ———— 600 ——> at the capital letter heights shown. Not The tile outlines do not form part of the sign. \)\ The speed limit roundel is proportional to the one shown on drawing P 670. COLOURS : —-—-— WHITE 285 Background Numeral, Legend & Border -—— BLACK —-— Roundel RED The lower panel may be in any big 500 dia contrasting colours except red. 780 Ae The lower panel may be omitted. Po ee ee 80 x—ht Z@ INE Pee ee ee ee 4 35 min ist 190» 3s t 20 min variable Ca pital Letter Height 70 min Place Name || {_ 90 max 50 min* / a ee *Where the place name is omitted the distance between the symbol 55 min 355 min and the bottom border is 35 min. P674 Title: Issue: Date: Drawn by: Dimensions: Drawing No. Department for Regulatory Sign A 28.7.94 S.P. SPEED LIMIT ZONE B 29.1.04 | Approved by MILLIMETRES Transport | 20mph PrP 6/4 C R.M. "
p675,,,x,- UPPER PANEL BACKGROUND (SIGN WITH DIAGRAM 670) --- WHITE BACKGROUND (SIGN WITH DIAGRAM 671) ----- GREY BORDER --~--------------------- BLACK SPEED LIMIT SIGNS - SEE DRAWINGS P 670 & P671 600 500 LOW,"Drawing No. Before using this drawing, confirm that it has not been superseded. © CROWN COPYRIGHT lag 600 =! NOTES: 1. The legend in the lower panel is from the Transport Related Drawings Heavy alphabet at the x—heights shown. P 670 & 1S he | T (x >\ 2. The tile outlines do not form part of the signs. P 671 — 35 15r a a 3. The speed limit roundels are proportional to those shown on drawings P 670 and P 671. 4. COLOURS :- Upper Panel Background (sign with diagram 670) ——— WHITE Background (sign with diagram 671) —-—-— GREY Border --~--------------------— BLACK Speed Limit Signs — see drawings P 670 & P671 600 500 Lower Panel dia Background -------—-----—~-------— WHITE Legend, Cancellation Bars & Border —-— BLACK Numerals & Roundel -------------— GREY 855 —————————————\ on i 500 15 i 20 _ dia ZOMG 10,||40 nt 200 i 240 7 45° 50 x-ht 1"" ! wa xX. Bars 5mm Rs] al 25 P675 Gaps 5mm VARIANT SHOWING DIAGRAM 671 Department for Title: Regulatory Sign Issue: Date: | Drawn by: Dimensions: Drawing No. END OF A: 28.7.94 S.P. ransport B: — 30.1.04| Approved by:| MILLIMETRES | = PD 6/5 2O0mph SPEED LIMIT ZONE c: R.M. "
p675,,,x,- UPPER PANEL BACKGROUND (SIGN WITH DIAGRAM 670) --- WHITE BACKGROUND (SIGN WITH DIAGRAM 671) ----- GREY BORDER --~--------------------- BLACK SPEED LIMIT SIGNS - SEE DRAWINGS P 670 & P671 600 500 LOW,"Drawing No. Before using this drawing, confirm that it has not been superseded. © CROWN COPYRIGHT lag 600 =! NOTES: 1. The legend in the lower panel is from the Transport Related Drawings Heavy alphabet at the x—heights shown. P 670 & 1S he | T (x >\ 2. The tile outlines do not form part of the signs. P 671 — 35 15r a a 3. The speed limit roundels are proportional to those shown on drawings P 670 and P 671. 4. COLOURS :- Upper Panel Background (sign with diagram 670) ——— WHITE Background (sign with diagram 671) —-—-— GREY Border --~--------------------— BLACK Speed Limit Signs — see drawings P 670 & P671 600 500 Lower Panel dia Background -------—-----—~-------— WHITE Legend, Cancellation Bars & Border —-— BLACK Numerals & Roundel -------------— GREY 855 —————————————\ on i 500 15 i 20 _ dia ZOMG 10,||40 nt 200 i 240 7 45° 50 x-ht 1"" ! wa xX. Bars 5mm Rs] al 25 P675 Gaps 5mm VARIANT SHOWING DIAGRAM 671 Department for Title: Regulatory Sign Issue: Date: | Drawn by: Dimensions: Drawing No. END OF A: 28.7.94 S.P. ransport B: — 30.1.04| Approved by:| MILLIMETRES | = PD 6/5 2O0mph SPEED LIMIT ZONE c: R.M. "
p1065,,,x,"- X-HEIGHT = 400 ROUNDELS & NUMERALS --- WHITE . SEE SHEETS 2 & 3 FOR FURTHER DETAILS UNSTRETCHED ROUNDELS OF THE ROUNDELS. { 150 _ 430 | 2800 7500 1600 4300 1500 1500 , . . .","Drawing No. © CROWN COPYRIGHT sheet P 1065 1 of 3 NOTES : 1. The numerals are from Schedule 13 Part VI (a) and (b) of the Traffic Signs Regulations and General { Directions 2002 at character heights 150 of 1600mm and 2800mm respectively. _ 150 _ . The roundels are based on 1500mm 560 Equal diameter and are stretched vertically Numeral Equal to 4300mm and 7500mm as shown. Height _y Equal . COLOUR: — x-height = 400 Roundels & Numerals —-— WHITE . See sheets 2 & 3 for further details UNSTRETCHED ROUNDELS of the roundels. { 150 _ 430 | 2800 7500 1600 4300 1500 1500 , . . . Before using this drawing, confirm P1065-1 that it has not been superseded. Department for Title: Road Markings Issue: Date: | Drawn by: Dimensions: Drawing No. A: 10.7.03 R.M. p | O6 5 Transport SPEED LIMIT B: Approved by:| MILLIMETRES Cc: R.M. Sheet 1 of 3 "
p811,700,525 875 1050 1400 600 1000 1200 1600,,- BACKGROUND -------------- LARGE ARROW & BORDER - SMALL ARROW ------------ SURROUND TO SMALL ARROW ---- WHITE,"Drawing No. Pp St (525) 700 (875) (1050) (1400) NOTES: 1. 2. [> — 280 —+] ; 64 (7 D) f tT 24r 24 White ; surroun (600) 560 — —1, 800 (1000) (1200) (1600) 380 | | Hf] }— Lb 220 LL 190 | t LL 1e4 P811 © CROWN COPYRIGHT All 800mm high sign dimensions shall be varied proportionally for the other sign sizes. COLOURS :— Background -----—-—-----— Large Arrow & Border — Small Arrow -—---------— Surround to Small Arrow —-—— WHITE Before using this drawing, confirm that it has not been superseded. Department for Transport Title: Informatory Sign PRIORITY OVER VEHICLES FROM THE OPPOSITE DIRECTION Issue: A: B: Cc: Date: | Drawn by: 11.7.94 SP. 19.2.04 | Approved by: R.M. Dimensions: Drawing No. MILLIMETRES P on ‘ "
p810,480,600 720 400 480,,"BACKGROUND ---------~-- BLUE LEGEND, BORDER & ARROW --- WHITE A (K \)) SA 15R 160 320 (400) (480) 20_ ; A. > || ONIE WAY ||AE« 15 25","Drawing No. © CROWN COPYRIGHT NOTES: 1. The legend is from the Transport Medium alphabet at the x—heights shown. 2. The tile outlines do not form part of the sign. <—__—_—_—_—_—_——— 480 (600) (720) a | 3. Dimensions shown are for the 40mm x—height and are varied proportionally for the other x—heights. = 320 = 4. COLOURS : Background ---------~-- BLUE Legend, Border & Arrow ——— WHITE a (K \)) Sa 15r 160 320 (400) (480) 20_ ; a. > || ONIE WAY ||ae« 15 25 Before using this drawing, confirm P810 that it has not been superseded. Department for Title: Informatory Sign Issue: Date: | Drawn by: Dimensions: Drawing No. A: 11.7.94 S.P. Transport SIGN TO INFORM PEDESTRIANS B: 19.2.04] Approved by:| MILLIMETRES P 81 O OF ONE-WAY TRAFFIC Cc: RM. "
p814x2,,,,"BACKGROUND ------- BLUE 30 | L 245 | I 150 145 BEE SYMBOLS & BORDER --- WHITE = (RV A 1 Q CI - 300 =| IS , RKELI [AY] QS W, | L530 _-| L-10 4 4S Y - A & VARIANT VARIANT VARIANT.","Drawing No. Related Drawings © CROWN COPYRIGHT P 814.2 S45 &S 51 NOTES: 1. Symbol details are given on drawings S 45 and S 51. 500 2. The tile outlines do not form part of the signs. 3. COLOURS : Background ——----— BLUE 30 | L 245 | I 150 145 bee Symbols & Border ——— WHITE = (rv a 1 Q ci - 300 =| is , rkeli [Ay] QS w, | L530 _-| L-10 4 4s y - a & VARIANT VARIANT VARIANT. Before using this drawing, confirm P814x2 that it has not been superseded. Title: Informatory Signs Issue: Date: | Drawn by: Dimensions: Drawing No. Department for A: 11.7.94] SP. Transport RAMPED ENTRANCE TO B: 27.2.04| Approved by:| MILLIMETRES P 81 4? PEDESTRIAN SUBWAY c: RM. "
p814x1,,,,BACKGROUND ------- BLUE SYMBOL & BORDER --- WHITE AS 500 =| 30 30-*| 210 AA - = > T + ({ - A) ) O O | TR | = NX Y -TH-T0 VARIANT,"Drawing No. — a © CROWN COPYRIGHT P 81 4.1 NOTES: 1. Symbol details are given on drawing S 51. 2. The tile outlines do not form part of the signs. 3. COLOURS : Background ------— BLUE Symbol & Border ——— WHITE as 500 =| 30 30-*| 210 aa - = > T + ({ - A) ) O O | TR | = NX y —th-t0 VARIANT Before using this drawing, confirm P814x1 that it has not been superseded. Department for Title : Informatory Signs Issue: Date: | Drawn by: Dimensions: Drawing No. A: 11.7.94 S.P. Transport STEPPED ENTRANCE TO B: 27.2.04 | Approved by:} MILLIMETRES P 81 4. ‘ PEDESTRIAN SUBWAY : RM. "
p816,480,400 560 200 280 112 400 300 560 420,,"BACKGROUND --------- BLUE BORDER, SYMBOL & SURROUND OF BAR ---- WHITE BAR ----------- RED LX (400) 480 (560) ---+| (5) K-(200) 240 (280) 6 I (7) (55) 66 (77) A )) ~ (80) 96 (112) (400) (300) 480 0 (56","Drawing No. © CROWN COPYRIGHT P 81 6 NOTES: 1. COLOURS : Background —----—-—— BLUE Border, Symbol & Surround of Bar ——-— WHITE Bar —---------- RED lx (400) 480 (560) ———+| (5) K-(200) 240 (280) 6 i (7) (55) 66 (77) a )) ~ (80) 96 (112) (400) (300) 480 0 (560) (420) Q o, (50) a = 160 (15) 18 (21) (70) Before using this drawing, confirm P816 that it has not been superseded. Department for Title: Informatory Sign Issue: Date: | Drawn by: Dimensions: Drawing No. NO THROUGH ROAD Arey SE: Trans ort B: 2.8.04] Approved by:| MILLIMETRES P 816 P FOR VEHICULAR TRAFFIC : a "
p816x1,,,,BACKGROUND ------------ BLUE BORDERS -------------- BLACK SYMBOL & BAR SURROUND --- WHITE BAR ---------------- RED 5 MAX | F N S\ IN LE 180 MIN 300 MAX --E 40 MAX 1) 48 MIN ( Y 80 MAX 165 MIN | 275 “,"Drawing No. Before using this drawing, confirm p 81 6 1 that it has not been superseded. be 180 min 300 max ——> 120 min 200 max ae 3 min © CROWN COPYRIGHT NOTES: 1. All sign sizes are proportional to dimensions shown. Intermediate sizes shall maintain the same relative proportions. 2. COLOURS : Background -—---------— BLUE Borders —-------—----— BLACK Symbol & Bar Surround ——— WHITE Bar —--------------— RED 5 max | f N S\ in le 180 min 300 max ——e 40 max 1) 48 min ( Y 80 max 165 min | 275 “ 207 min /—) 345 max /—} en a radius 18 min 15 min Z L \ 4) 7 30 max 25 max ae ee \e an | WHITE BLUE 30 min 50 max VARIANT : SYMBOL ON A PATCH (NOT EXTENDING TO EDGE OF NAME PLATE) P816x1 Department for Title: Informatory Sign for Street Nameplate Issue: Date: | Drawn by: Dimensions: Drawing No. A: 11.7.94 S.P. Transport NO THROUGH ROAD 2: 27.795 approves ny:| MuumeTRES| P 816.1 FOR VEHICULAR TRAFFIC Cc: 2.8.04 R.M. "
p817,,,,"BACKGROUND -------- BLUE BORDER, SYMBOL & SURROUND OF BAR --- WHITE BAR ----------- RED VARIANT KE (525) 630 (735) ---+| (525) 630 (735) ---+ (15) 18 -O| (21) (200) 240(280) (( >») RR >) (45)54(63) (5","Drawing No. P 817 © CROWN COPYRIGHT NOTES: 1. COLOURS : Background ----—-—— BLUE Border, Symbol & Surround of Bar ——— WHITE Bar ----------— RED VARIANT ke (525) 630 (735) ———+| (525) 630 (735) ———+ (15) 18 —o| (21) (200) 240(280) (( >») rr >) (45)54(63) (5) 6 = = Gy t + =| ® oD 2) rodive (450) a, (360) 1 540 432 (630) . (504) ! radius e 4 (25)30(35) @ ) F 0) (112) = —-160 k \ ) 4 (45) 54 (63) “) (80) . : AL > {3 Le (240)288(336) > | t ARM_dimensions VED (112) (77) Nel P8t7 that it hos not been superseded.” Department for Title: Informatory Signs Issue: Date: | Drawn by: Dimensions: Drawing No. NO THROUGH ROAD LEADING Ar M794) SP. B: 2.8.04 ri :| MILLIMETRES Transport OFF A JUNCTION AHEAD ¢: mera P 3l/ "
p821,,,x,"BACKGROUND -------- BLUE 2.5 LEGEND & BORDER --- WHITE ~ - 4. DIMENSIONS : X-HEIGHTS ARE IN MILLIMETRES, OTHER DIMENSIONS ARE IN STROKE WIDTHS BASED ON THE 75MM 25 [7 ~\ X-HEIGHT EXCEPT WHERE INDICATE","Drawing No. © CROWN COPYRIGHT mile S00yards 500yds sore T the xcheights shown nn ho Mesum abpnanet of DISTANCE EXPRESSED IN MILES OR YARDS 2. The tile outlines do not form part of the signs. (dimensions based on 62.5mm_ x—height) 3. COLOURS : Background -—-----— BLUE 2.5 Legend & Border ——— WHITE ~ - 4. DIMENSIONS : x—heights are in millimetres, other dimensions are in stroke widths based on the 75mm 25 [7 ~\ x—height except where indicated. (4sw = x—height) S 6 x—ht 6 x-ht INE S Single ||= Single |= craelk 55 ht track track ame ent et || road road 2 x-ht x-ht road Fil Use |=! No |—a% coe? passing passing with 62.5 x-ht places places for shag to permit 5 mile passing overtaking EE 2.5 «places oa 152— Nz : i )) aj 2s VARIANTS tO permit |r Dimension based on P821 1.5 62.5 mm x—height Before using this drawing, confirm that it has not been superseded. Title: Informatory Signs Issue: Date: | Drawn by: Dimensions: Drawing No. Department for A: 11,7.94 SP. SEE Transport SINGLE TRACK ROAD B: 9.8.04 | Approved by:| NOTE 4 P 821 Cc: R.M. "
p822,450,600,,"BACKGROUND --------- WHITE LEGEND & BORDER --- BLACK 450 (600) 4. DIMENSIONS : X-HEIGHTS AND OVERALL DIMENSIONS ARE IN MILLIMETRES, OTHER DIMENSIONS ARE IN STROKE WIDTHS. (4SW = X-HEIGHT) 1.5 15 + A A","Drawing No. © CROWN COPYRIGHT NOTES: 1. The legend is from the Transport Heavy alphabet at the x—heights shown. 2. The tile outlines do not form part of the sign. 3. COLOURS : Background -—----—-— WHITE Legend & Border —-— BLACK 450 (600) 4. DIMENSIONS : x—heights and overall dimensions are in millimetres, other dimensions are in stroke widths. (4sw = x—height) 1.5 15 + a awae x—ht 48 sw (50) 450 14 1.5r Before using this drawing, confirm P822 that it has not been superseded. Title: 7 Issue: Date: | Drawn by: Dimensions: Drawing No. Informatory Sign y: 9 Department for at a7ea| Se. Transport PASSING PLACE B: Cc: 10.8.04 | Approved by: Nowe 4 P 8 2 2 R.M. "
p818x1,,,x,"BACKGROUND ------- BLUE 2.5 LEGEND & BORDER --- WHITE 4. DIMENSIONS : X-HEIGHTS ARE IN MILLIMETRES, OTHER DIMENSIONS ARE IN STROKE WIDTHS. (4SW = X-HEIGHT) (75) 100 X-HT (125) (150) (200) LE BEFO","Drawing No. P 818.1 2.5 -- > ost( - Sr Dual carriageway 2 miles ahead Ne 1.5 ne P818x1 te 2.5 © CROWN COPYRIGHT NOTES:— 1. The legend is from the Transport Medium alphabet at the x—heights shown 2. The tile outlines do not form part of the sign. 3. COLOURS : Background ------— BLUE 2.5 Legend & Border —-— WHITE 4. DIMENSIONS : x—heights are in millimetres, other dimensions are in stroke widths. (4sw = x—height) (75) 100 x—ht (125) (150) (200) Le Before using this drawing, confirm that it has not been superseded. Department for Transport Informatory Sign DISTANCE TO DUAL CARRIAGEWAY AHEAD Issue: Date: | Drawn by: A: 11.7.94 S.P. Cc: R.M. Dimensions: Drawing No. B: 3.8.04 | Approved by: SEE NOTE 4 P 818.1 "
p818x1a,,,x,"BACKGROUND ------- BLUE LEGEND & BORDER --- WHITE 2.5 25 4. DIMENSIONS : X-HEIGHTS ARE IN MILLIMETRES, OTHER DIMENSIONS ARE IN STROKE WIDTHS. (4SW = X-HEIGHT) ALIEN AE RST (7 ) | DUAL |. CARRLAGEWA","Drawing No. P 818.1A © CROWN COPYRIGHT NOTES:— 1. The legend is from the Transport Medium alphabet at the x—heights shown 2. The tile outlines do not form part of the sign. 3. COLOURS : Background ------— BLUE Legend & Border ——— WHITE 2.5 25 4. DIMENSIONS : x—heights are in millimetres, other dimensions are in stroke widths. (4sw = x—height) alien ae rst (7 ) | Dual |. CArrlageway | [720 -n am ae oie Before using this drawing, confirm P818x1A that it has not been superseded. Title: : Issue: Date: | Drawn by: Dimensions: Drawing No. Informatory Sign y: 9 Department for AL tea SP. Transport LENGTH OF DUAL CARRIAGEWAY | 8: 380¢| approves ty:| yor a | P 818.7A Cc: R.M. "
p820x1,,,x,"BACKGROUND ------- BLUE IN] © AL AL REL LEGEND & BORDER ---- WHITE : 4. DIMENSIONS : X-HEIGHTS ARE IN MILLIMETRES, OTHER SAPS WHEE A BEN SG X--HT DIMENSIONS ARE IN STROKE WIDTHS. (4SW = X-HEIGHT) SAO","Drawing No. © CROWN COPYRIGHT : 2.5 2.5 2.5 NOTES: 1. The legend is from the Transport Medium alphabet ~ >| a > ~~ at the x—heights shown. 2 ot [7 ~\ 2. The tile outlines do not form part of the signs. , rT rn. : 3. COLOURS : Background ------- BLUE IN] © Al al rel Legend & Border —--— WHITE : 4. DIMENSIONS : x—heights are in millimetres, other saps whee a ben Sg x—-ht dimensions are in stroke widths. (4sw = x—height) SAOULEEr TOF ||20 mn 400 yards... 4 No hard shoulder for No hard 400 yds shoulder a Q +f aallen 1.5 2.5 VARIANT 400 7 d i : rH Y d : VARIANT Before using this drawing, confirm P820x1 that it has not been superseded. Title: ‘ Issue: Date: | Drawn by: Dimensions: Drawing No. Informatory Signs yt 9 Department for y Sig te AOS vw SEE Transport | assence oF HARD SHOULDER | © roroved 6y:] nore g | P O20.1 Cc: R.M. "
p873,,,,"- BORDERS, ARROWS AND BLOCKS -------- WHITE (PRIMARY ROUTES) WHITE (MOTORWAYS) BLACK (NON-PRIMARY ROUTES) BACKGROUNDS 9------- DARK GREEN (PRIMARY ROUTES) BLUE (MOTORWAYS) WHITE (NON-PRIMARY ROUTES)","Drawing No. Before using this drawing, confirm Pp 873 that it has not been superseded. . 54 al postop K D) 7 3r (F 1.5r 6 i TAN as 3 | | TY] i 3 (| Fr | | | 59 | | | iff BS | | P873 ask NOTES: 1. © CROWN COPYRIGHT COLOURS: — Borders, Arrows and Blocks -—-----— WHITE (Primary Routes) WHITE (Motorways) BLACK (Non—primary Routes) Backgrounds 9-—----— DARK GREEN (Primary Routes) BLUE (Motorways) WHITE (Non—primary Routes) . DIMENSIONS : Those shown are in stroke widths (1isw = % of notional x—heights). The table of sign sizes shows the actual sign heights and widths in millimetres for the layout shown. . The number of straight vertical arrows may be varied to suit the circumstances. Each additional arrow increases the width of the sign by 13 sw. . A distance plate may be added at the base of the sign in the same colours (see drawing P 876). TABLE OF SIGN SIZES (mm) (See note 2) One Stroke Width 30 40 50 60 Width of Arrow Head | 240 | 320]| 400] 480 Height of Sign 1770 | 2360 | 2950 | 3540 Width of Sign 1620 | 2160 | 2700 | 3240 This drawing MUST NOT be modified for lane merge only situations by the removal of the curved arrow. ARROW DETAILS Title: Department for Informatory Sign Transport | LANE GAIN & MERGE Issue: A: B: Cc: Date: 11.8.94 20.8.04 11.11.11 Drawn by : Dimensions : | Drawing No. SP. SEE wordy] yoe2 | P 873 R.M. "
p872x1,,,,"- BORDERS, ARROWS 45 AND BLOCKS ------- WHITE (PRIMARY ROUTES) WHITE (MOTORWAYS) 7 13 7, BLACK (NON-PRIMARY ROUTES) | [ | |! BACKGROUNDS ------- DARK GREEN (PRIMARY ROUTES) 1.5 (X A BLUE (MOTORWAYS) 4","Drawing No. Before using this drawing, confirm © CROWN COPYRIGHT Pp 872 1 that it has not been superseded. : NOTES: 1. COLOURS: — Borders, Arrows 45 and Blocks ------— WHITE (Primary Routes) WHITE (Motorways) 7 13 7, BLACK (Non—primary Routes) | [ | |! Backgrounds -—----— DARK GREEN (Primary Routes) 1.5 (x A BLUE (Motorways) 4 ns 8 WHITE (Non—primary Routes) 1.5r rl 2. DIMENSIONS : Those shown are in stroke widths (1sw = % of notional x—heights). The table of sign sizes shows the actual sign heights in millimetres. 3. The number of arrows may be varied to suit the . circumstances. Each additional straight arrow >| k 42 increases the width of the sign by 13 sw. 4. A distance plate may be added at the base of the sign in the same colours (see drawing P 876). \ 1 — 16 ‘7 6 2.5 _ 15 ] | TN I w, ;--||__ +L _- 7 7 TABLE OF SIGN SIZES (mm) One Stroke Width 30 40 50 60 Width of Arrow Head | 240 | 320} 400] 480 VARIANTS Height of Sign 1260 | 1680 | 2100 | 2520 Issue B : Notes amended P872x1 in respect of dimensions Title: Informatory Signs Issue: Date: Drawn by : Dimensions : | Drawing No. pooner i NUMBER OF TRAFFIC LANES REDUCE AHEAD A nee LW SEE Transport 8: 248.08| repose by P 872.1 ON DUAL CARRIAGEWAY OR ONE-WAY ROAD] ¢: yaa} RM. NOTE 2 "
p823,,,,MOTORWAYS PRIMARY ROUTES NON--PRIMARY ROUTES BACKGROUND BORDERS AND BARS --- BACKGROUND -- BORDERS AND BARS ---- BACKGROUND ------- BORDERS AND BARS --- . THE SIGNS SHALL BE REVERSED IN A MIRROR,"Drawing No. P 823, P 824, P 825 Before using this drawing, confirm that it has not been superseded. NOTES: 1. © CROWN COPYRIGHT The signs shall be placed so as to indicate the distance in hundreds of yards to a roundabout or the next point at which a driver may leave a motorway or other route. COLOURS : MOTORWAYS PRIMARY ROUTES NON-—PRIMARY ROUTES Background Borders and Bars —-— Background —— Borders and Bars ——-— Background —-----— Borders and Bars —-— . The signs shall be reversed in a mirror image when they are to be placed on the right hand side of the carriageway. BLUE WHITE. DARK GREEN WHITE. WHITE, BLACK -— 75r a u 1 706 + FT ™ 250 1200 + — yr > 250 i —1r ~ 27° 350 P 823 P 824 P 825 P823 Department for Title: Informatory Signs issue boss ren by : Dimensions : | Drawing No. p 323 B: 16.8.04 rove :| MILLIMETRES , Transport DISTANCE MARKERS B> 8804 approve by P 824. P 825 "
p877,,,x,"- LEGEND, BORDER, ARROWS AND LANE LINES ----- WHITE (PRIMARY ROUTES) WHITE (MOTORWAYS) BLACK (NON-PRIMARY ROUTES) (2150) (2700) (3250) BACKGROUND --------- DARK GREEN (PRIMARY ROUTES) + 150 A \ BLU","Drawing No. Before using this drawing, confirm © CROWN COPYRIGHT p 877 that it has not been superseded. Sheet 1 of 4 NOTES: 1. ALPHABETS (at x—heights shown): — ee ° Transport Medium (Primary Routes and Motorways) Bus Transport Heavy (Non—primary Routes) lane VARIANT 2. The tile outlines do not form part of the sign. 3. COLOURS: — Legend, Border, Arrows and Lane Lines —---— WHITE (Primary Routes) WHITE (Motorways) BLACK (Non-primary Routes) (2150) (2700) (3250) Background -—------— DARK GREEN (Primary Routes) + 150 a \ BLUE (Motorways) WHITE (Non—primary Routes) x-ht 37.5 (50) (62.5) (75) 1 =f 120 ; Horizontal bar -----— RED 4. DIMENSIONS : All dimensions shall be increased proportionally for the bracketed sizes. 5. See sheets 2—4 for other layouts. — t 21 900 50 (1200) —, 660 (1500) A white border is added when the red bar is 138 (1800) placed on a blue or dark green background. 75r 435 30 = 69 -— 240 —t 6 7 FH i i w Q 3 Red bar 30r \e | 4) —+|75}+— 300 —+}- 225 ++ 225 Le 225-+| 175} — 300 —+]75 + t= = N iy f White symbol raised to join border When ‘Except buses’ or ‘Bus lane’ is added the red bar and border is lowered by 6mm to maintain the 15mm spacing between the white border and the tiles of the legend P877-1 $ Title: Informatory Sign Issue: Date: Drawn by : Dimensions : | Drawing No. Department for DEDICATED LANES Ai 27-795) SPAM. P 8/77 rary roved by:| MILLIMETRES Transport AT JUNCTION AHEAD ont eM Sheet 1 of 4 "
p820,,,x,"LEGEND, ARROW & BORDER --- WHITE BACKGROUND BLUE 4. DIMENSIONS : X-HEIGHTS ARE IN MILLIMETRES, OTHER DIMENSIONS ARE IN STROKE WIDTHS. (4SW = X-HEIGHT) 5. VARIANTS : AS SHOWN BELOW. LAYOUT MAY BE ALT","Drawing No. P 820 Before using this drawing, confirm that it has not been superseded. 2.5 aan 2.5 L aan rr iz rr ey 2.5 for motor x Vehicles 1.5 2.5 mallee for motor NOTES: 1. © CROWN COPYRIGHT The legend is from the Transport Medium alphabet at the x—heights shown. 2. The tile outlines do not form part of the signs. 3. COLOURS : Legend, Arrow & Border ——— WHITE Background BLUE 4. DIMENSIONS : x—heights are in millimetres, other dimensions are in stroke widths. (4sw = x—height) 5. VARIANTS : As shown below. Layout may be altered to suit requirements. Suggested layouts of variants Le m >» || Unsuitable Unsuitable Unsuitable for caravans l for buses for trailers OEE ———, (- "" Unsuitable Unsuitable Unsuitatole Unsuitable || for long for wide for HGVs for buses vehicles vehicles 7 Unsuitable Unsuitable b-16—+| | | for heavy for VARIANT goods articulated vehicles vehicles P820 — Department for Title: JU Neu EABLE. OR ‘seve: noes Prov Py : Dimensions: Drawing No. . _ - . SEE Transport MOTOR VEHICLES & variants on | tem || NOTE 4 P 820 "
p820a,,,x,"- BACKGROUND ------------------- BLUE LEGEND, ARROW, SYMBOLS & BORDER ---- WHITE DIAGONAL BAR --------~---------- RED 4. DIMENSIONS : X-HEIGHTS ARE IN MILLIMETRES, OTHER DIMENSIONS ARE IN STROKE WIDT","we BOON ett, | S32 | malt has'not been superseces” _ = 15 L 24 | -- 2.5 ) ‘| GZ 16 1 ©) ""| Unsuitable |» for heavy aes 75 goods (100) il vehicles || °° il’ J) 4F 2.5 for heavy aie NOTES: 1. © CROWN COPYRIGHT The legend is from the Transport Medium alphabet at the x—heights shown. 2. Symbol details are given on drawing S 32. The tile outlines do not form part of the signs. 3. COLOURS: — Background ------------------- BLUE Legend, Arrow, Symbols & Border —--— WHITE Diagonal bar —-------~---------- RED 4. DIMENSIONS : x—heights are in millimetres, other dimensions are in stroke widths. (4sw = x—height) 5. See sheet 2 for other variants. = = 15 + 24 } -- ! ! Le 4 x-ht T! Unsuitable ||s 62.5 || for HGVs I). 1.5 TS 4) (125) 2.5 sk Tr VARIANT “Tr P820A-1 2.5 2.5 2.5 Department fo Title: Informatory Signs Issue: Date: Drawn by : Dimensions : | Drawing No. ROUTE UNSUITABLE FOR Ap tt AK SEE P 890A Transport HEAVY GOODS VEHICLES «. Approwd bys) NOTE 4 Sheet 1 of 2 "
p829x5,,,x,"LEGEND & BORDER BACKGROUND --- 4. DIMENSIONS : X-HEIGHTS ARE IN MILLIMETRES, OTHER DIMENSIONS ARE IN STROKE WIDTHS. (4SW = X-HEIGHT) 2.5 AR AR X-HT 50 MIN 200 MAX 1.5 4 } FT 1.5","Drawing No. © CROWN COPYRIGHT P 829.5 NOTES:— 1. The legend is from the Transport Medium alphabet at the x—heights shown. 2. The tile outlines do not form part of the sign. 3. COLOURS : Legend & Border Background —-— 4. DIMENSIONS : x—heights are in millimetres, other dimensions are in stroke widths. (4sw = x—height) 2.5 aR ar x-ht 50 min 200 max 1.5 4 } FT 1.5 Before using this drawing, confirm P829x5 that it has not been superseded. Title: Issue: Date: | Drawn by: Dimensions: Drawing No. Informatory Sign Department for y sig Ar 24.04] LW. SEE Transport | powcr speep CHECK AREA | ®: rooroed oy:! yore a |P 829.5 Cc: R.M. "
p829x6,,,x,"LEGEND & BORDER ---- WHITE BACKGROUND -------- BLUE 4. DIMENSIONS : X-HEIGHT IS IN MILLIMETRES, OTHER 2.5 2.5 2.5 DIMENSIONS ARE IN STROKE WIDTHS. (4SW = X-HEIGHT) AT TE A N 4 (R \\ +5 5 ° 7 POLICE PA","Drawing No. Before using this drawing, confirm P 829 6 that it has not been superseded. © CROWN COPYRIGHT NOTES: — 1. The legend is from the Transport Medium alphabet at the x—height shown. 2. The tile outlines do not form part of the signs. 3. COLOURS : Legend & Border ——-— WHITE Background -—-----— BLUE 4. DIMENSIONS : x—height is in millimetres, other 2.5 2.5 2.5 dimensions are in stroke widths. (4sw = x—height) aT Te a n 4 (r \\ +5 5 ° 7 Police patrol Police 6 vehicles 31 velnicles 75 x—ht only a © (Al ly 4 VARIANT fe Authorised VARIANT P829x6 Department for Transport Title : Informatory Signs POLICE or AUTHORISED VEHICLES ONLY Issue: Date: A: 2.1.04 B: 11.11.11 Cc: Drawn by: L.W. Approved by: R.M. Dimensions : SEE NOTE 4 Drawing No. P 829.6 "
p881,,,x,"BACKGROUND (® A) LEGEND, SYMBOLS & BORDERS --- WHITE 12.2 . DIMENSIONS : X-HEIGHTS ARE IN MILLIMETRES, OTHER DIMENSIONS ARE IN STROKE WIDTHS. (4SW = X-HEIGHT) TT 20 . SEE SHEET 2 FOR DETAILS OF LEGEND","Drawing No. © CROWN COPYRIGHT NOTES: — 1. The legend is from the Transport Medium alphabet at Sheet 1 of 2 the x—heights shown. . Symbol details are given on drawings S 2 (pedestrian), 11.5 1.7 2.5 S 5 (children) S 19 (car) and S 53 (house). : : J L j }5-3] 20 | . The tile outlines do not form part of the sign. i . COLOURS : Background (® a) Legend, Symbols & Borders -—— WHITE 12.2 . DIMENSIONS : x—heights are in millimetres, other dimensions are in stroke widths. (4sw = x—height) tT 20 . See sheet 2 for details of legend panel and addition of zone name. 10.8 4 = 54 5 _— 8.5 V7 ~ OO 21 (a=) 17.5 (C===0 (] CC] _ _ 2.5 1.5 i 40 x-ht NG (50) | sl | rlome Zone > I 15 15 | 21 1 a 2.5 1.5 Before using this drawing, confirm P881-1 that it has not been superseded. Department for Title: Informatory Sign ‘seve heros Prom ye Dimensions: Drawing No. B: | SE P 881 HOME ZONE Approved by: NOTE 5 Cc: R.M. Sheet 1 of 2 "
p882,,,x,"BACKGROUND ------------- LEGEND, SYMBOLS & BORDERS CANCELLATION BAR ----------- 5. DIMENSIONS : X-HEIGHTS ARE IN MILLIMETRES, OTHER DIMENSIONS ARE IN STROKE WIDTHS. (4SW = X-HEIGHT) SEE DRAWING P","Drawing No. Related Drawings P 882 S$ 2,8 5, S$ 19, S 53 & P 881 2.5 P882 © CROWN COPYRIGHT NOTES:— 1. The legend is from the Transport Medium alphabet at the x—heights shown. Symbol details are given on drawings S 2 (pedestrian), S 5 (children) S 19 (car) and S 53 (house). 3. The tile outlines do not form part of the sign. 4. COLOURS : Background ------------- Legend, Symbols & Borders Cancellation Bar --------—-— 5. DIMENSIONS : x—heights are in millimetres, other dimensions are in stroke widths. (4sw = x—height) See drawing P 881 for other dimensions. 54 Home Zone ENDS Before using this drawing, confirm that it has not been superseded. Department for Transport Title: Informatory Sign HOME ZONE ENDS Issue: A: B: Cc: Date: 14.7.03 Drawn by: Dimensions: Drawing No. R.M. Approved by: Noe 5 P 8 8 ? R.M. "
np884-share-space,,,x,"BACKGROUND ------------- BLUE 2.5 + T+, LEGEND, SYMBOLS & BORDER ---- WHITE 5. DIMENSIONS : X-HEIGHT: I ILLIMETRES, OTH ORS DIMENSIONS ORE IN ‘STROKE ‘VIDTHS. (4EW = A-HEIGHT) OY 4 2 6. SEE CHAPTER 7","Drawing No. NP 884 Related Drawings $2,519 & S 24 Before using this drawing, confirm that it has not been superseded. NOTES: 1. © CROWN COPYRIGHT The legend is from the Transport Medium alphabet at the x—heights shown. . Symbol details are given on drawings S 2 (pedestrian), 2.5 2.5 2.5 S 19 (car) and S 24 (cycle). | ~~ 3. The tile outlines do not form part of the signs. ! (7 ~ 4. COLOURS : Background ------------- BLUE 2.5 + t+, Legend, Symbols & Border ---- WHITE 5. DIMENSIONS : x—height: i illimetres, oth Ors dimensions ore in ‘stroke ‘vidths. (4ew = a-height) oy 4 2 6. See Chapter 7 of the Traffic Signs Manual for further 2.5 : ; design guidance. (5 ft O===0 55.5 ——] 17 oT a + onare |) erp | (5 1A 37.5 Oo==0 12 NP884 Department for Title: Informatory Sign issues ae Pron? by: Dimensions : | Drawing No. Ti t SHARE SPACE : ve xe NP 884 r anspor B: Approved by:! NOTE 5 Cc: J.B. "
p884,,,x,"BACKGROUND ----~-~---~---- GREEN AN 1.5R 10 (FORMERLY LIGHT GREEN) 7.8 ~~ LEGEND, SYMBOLS & BORDERS ---- WHITE . (O) (O) == 9 + 5. DIMENSIONS : X-HEIGHTS ARE IN MILLIMETRES, OTHER RT A DIMENSIONS ARE","Drawing No. Related Drawings Before using this drawing, confirm © CROWN COPYRIGHT Pp 884 S3,S 8 S16 & T 142 that it has not been superseded. NOTES: 1. The legend is from the Transport Medium alphabet at the Sheet 1 of 2 x—-heights shown. 36 2. Symbol details are given on drawings S 3 (pedestrians), 7.5, : S 8 (horse), S 16 (car) and T 142 (cycle). 16.9 } 14 te 9 - i | | | 3. The tile outlines do not form part of the sign. 5.2 ~ >) i] 4. COLOURS : Background ----~-~---~---- GREEN an 1.5r 10 (formerly LIGHT GREEN) 7.8 ~~ Legend, Symbols & Borders —-—— WHITE . (O) (O) == 9 + 5. DIMENSIONS : x—heights are in millimetres, other rT A dimensions are in stroke widths. (4sw = x—height) 13 8.6 NW) 6. See sheet 2 for details of legend panel and addition of oo ©) es) a quiet lane name. 0.5 5.5 18.9 { S4 ~ } 21 6 © OS. 1 KY) i J 2 Ovo 1.5 > T i . pong pureepnningini 68 i l~* Quiet Lane ||... Lo : bccn nea ee! J 40 max wa 13 21.6 | Liss -| K-1.5 Quiet Lane 9.5 es 3.4 P884-1 Department for Title: Informatory Sign Issue: Date: Drawn by : Dimensions : | Drawing No. Ti A: 08.8.06 R.M. SEE Pp 884 ransport QUIET LANE 8: matt] approved by: Nore 5 c: R.M. Sheet 1 of 2 "
p885,,,x,"BACKGROUND ------------- GREEN (FORMERLY LIGHT GREEN) LEGEND, SYMBOLS & BORDERS ---- WHITE CANCELLATION BAR 5. DIMENSIONS : X-HEIGHTS ARE IN MILLIMETRES, OTHER DIMENSIONS ARE IN STROKE WIDTHS. (4SW =","Drawing No. Related Drawings © CROWN COPYRIGHT P 885 S 3, S 8, S 16, T 142 & P 884 . . . . + NOTES: 1. The legend is from the Transport Medium alphabet at Before using this drawing, confirm that it has not been superseded. the x—heights shown. 2. Symbol details are given on drawings S 3 (pedestrians), . S 8 (horse) S 16 (car) and T 142 (cycle). — 3. The tile outlines do not form part of the sign. 4. COLOURS : Background ------------— GREEN (formerly LIGHT GREEN) Legend, Symbols & Borders —-—— WHITE Cancellation Bar 5. DIMENSIONS : x—heights are in millimetres, other dimensions are in stroke widths. (4sw = x—height) 6. See drawing P 884 for other dimensions. 51.5 2.5 — : pogee nay pyres x—ht ulet Lane || 2m ENDS | Quiet Lane ors . ENDS |] P885 L Department for Title: Informatory Sign Issue: Date: Drawn by : Dimensions : | Drawing No. A: 08.8.06 R.M./L.W. SEE Transport QUIET LANE ENDS Ban] apeved oy! notes | P 885 Cc: R.M. "
p883,,,x,"BACKGROUND ----------- BLUE LEGEND, ARROW & BORDER --- WHITE DIMENSIONS : X-HEIGHTS IN MILLIMETRES, OTHER DIMENSIONS IN STROKE WIDTHS. (4SW = X-HT) VARIANT VARIANT P883 VARIANT 7 BBE RS EQUAL 2.","Drawing No. Before using this drawing, confirm p 883 that it has not been superseded. NOTES: 1. © CROWN COPYRIGHT The legend is from the Transport Medium alphabet at the x—heights shown. The tile outlines do not form part of the signs. COLOURS : Background ----------— BLUE Legend, Arrow & Border ——— WHITE DIMENSIONS : x—heights in millimetres, other dimensions in stroke widths. (4sw = x—ht) VARIANT VARIANT P883 VARIANT 7 bbe RS Equal 2.5 1.5* Equal * This dimension is increased to 2.5sw when “yds” is varied to “yards”, “mile” or “miles”. Title: Department for Informatory Sign A: 14.7.03 R.M. Issue: Date: | Drawn by: Dimensions: Drawing No. Transport | trarric CALMED AREA | ®: rworows ty! wore | P 883 Cc: R.M. "
p953x3,,,x,"BACKGROUND ------- BLUE LEGEND & BORDER --- WHITE 4. DIMENSIONS : X-HEIGHTS ARE IN MILLIMETRES, OTHER DIMENSIONS ARE IN STROKE WIDTHS. (4SW = X-HEIGHT. 1.4 X--HT = CAPITAL LETTER HEIGHT) 2.5 2.5 23 X-","Drawing No. © CROWN COPYRIGHT P 953.3 . , NOTES:— 1. The legend is from the Transport Medium alphabet at the x—heights shown. 2. The tile outlines do not form part of the sign. 3. COLOURS : Background ------— BLUE Legend & Border ——— WHITE 4. DIMENSIONS : x—heights are in millimetres, other dimensions are in stroke widths. (4sw = x—height. 1.4 x—-ht = capital letter height) 2.5 2.5 23 x—ht 1.5r ny Y Before using this drawing, confirm P953x3 that it has not been superseded. Department for Title: Informatory Sign Issue: Date: | Drawn by: Dimensions: Drawing No. Ti t ENTRANCE TO BUS STATION, At 8.7.04 LW. SEE ranspor 5: woowsty:| yore | P 953.3 DEPOT OR GARAGE R.M. "
p962,,,x,"BACKGROUND ------- WHITE L D, SYMBOLS, | VARIANT ARROW & BORDERS ~~~ BLACK = (OO) I 5. DIMENSIONS : X-HEIGHTS ARE IN MILLIMETRES, OTHER + . VASE . DIMENSIONS ARE IN STROKE WIDTHS. (4SW = X-HEIGHT) 49","Drawing No. Related Drawing P 962 S 25 sheet 1 Before using this drawing, confirm that it has not been superseded. © CROWN COPYRIGHT NOTES: 1. The legend is from the Transport Heavy alphabet at the x-heights shown. Equal Equal fk 2. Symbol details are given on drawing S 25 sheet 1. (7 .\ 3. The tile outlines do not form part of the signs. I ( } f ) 4. COLOURS : Background -—----— WHITE L d, Symbols, | VARIANT Arrow & Borders ~~~ BLACK = (Oo) i 5. DIMENSIONS : x—heights are in millimetres, other + . vase . dimensions are in stroke widths. (4sw = x—height) 49 Bus lanes 6. See section 12 in Chapter 7 of the Traffic Signs Manual L : : : i : for further details regarding time periods. 7 5 I i on = Pri 4"" ‘ a. arrow il 7-80 ° 9.30 am ;—t - — a 4h Ae ae ae 13 2.5 . 1.5 2.5 {4 At 2.5 8 VARIANT B (l ! 3 — —¥) (60) P962 t |b 25 Department for Title: Informatory Signs ‘seve: ve res Prown ey Dimensions: Drawing No. Transport BUS LANE ON ROAD B: 31.804 Approved by NOTE 5 P 962 AT JUNCTION AHEAD oc: ew "
p962x1,,,x,"BACKGROUND ------ WHITE LEGEND, SYMBOL, [ENON | ARROW & BORDER --- BLACK T ARROW 5. DIMENSIONS : X-HEIGHTS ARE IN MILLIMETRES, OTHER 4 IA A) DIMENSIONS ARE IN STROKE WIDTHS. (4SW = X-HEIGHT) 7 1.5R 6.","Drawing No. Related Drawing P 962.1 S24 NOTES: 1. © CROWN COPYRIGHT The legend is from the Transport Heavy alphabet at Sheet 1 of 2 the x—heights shown. 2. Symbol details are given on drawing S 24. 3. The tile outlines do not form part of the sign. 4. COLOURS : Background -—---— WHITE Legend, Symbol, [enon | Arrow & Border --— BLACK t arrow 5. DIMENSIONS : x—heights are in millimetres, other 4 ia A) dimensions are in stroke widths. (4sw = x—height) 7 1.5r 6. See sheet 2 for variants. i <ell? t QOe@ 44 2.5 1.5 ‘ : =a ef || Cycle lane ||. 3 - 4) (60) 2.5 2.5 2.5 Before using this drawing, confirm P962x1-1 that it has not been superseded. Department for Title: Informatory Sign Issue: Date: | Drawn by: Dimensions: Drawing No. CYCLE LANE ON ROAD Ar 28.794) SP. SEE P 962.1 ranspor B: 3.9.04 | Approved by: NOTE 5 . AT JUNCTION AHEAD c: RM. Sheet 1 of 2 "
p962x2,,,x,"BACKGROUND ------- WHITE, L D, SYMBOLS, ! ~ CVIE LE LANE ARROW & BORDER --- BLACK Y . . . . 5. DIMENSIONS : X-HEIGHTS ARE IN MILLIMETRES, OTHER F ( IT }F \{ } O -| BE DIMENSIONS ARE IN STROKE WIDTHS.","Drawing No. Related Drawings Before using this drawing, confirm © CROWN COPYRIGHT P 962.2 S 24 & S 25 Sheet 1 that it has not been superseded. . NOTES: 1. The legend is from the Transport Heavy alphabet at the x—heights shown. 2. Cycle and bus symbol details are given on drawings S 24 and S 25 sheet 1 respectively. > 14 be 4 4 3. The tile outlines do not form part of the signs. cycle 4, COLOURS : Background -—----— WHITE, L d, Symbols, ! ~ CVie le lane Arrow & Border ——— BLACK y . . . . 5. DIMENSIONS : x—heights are in millimetres, other f ( it }f \{ } O —| be dimensions are in stroke widths. (4sw = x—height) 13 25 4 © © . + 1s a= a= 10 \o 7 1 (a's (S) SS) === 62 25 ©) © ©) ©) 8 >» 51 i 2.5 2 8 ; Tl! Bus ane ~ Bus and eyele lane ||» | Bus ene , UES Ee 4|LON ~ cycle lane Ts de t 1.56 16 inner arrow radius VARIANTS P962x2 Department for Title: Informatory Signs Issue: Date: Drawn by : Dimensions : | Drawing No. Transport CONTRA-FLOW BUS and CYCLE e301 | poresed b SEE P 962.2 : 9. rove : . P LANE ON ROAD AT JUNCTION AHEAD | 6: tai] ew | NOTE § "
np958x12,,,x,"- BACKGROUND BLUE LEGEND, SYMBOLS & BORDER --- WHITE LEGEND ON BUS SYMBOL BLACK . DIMENSIONS : X-HEIGHTS ARE IN MILLIMETRES, OTHER DIMENSIONS ARE IN STROKE WIDTHS. (4SW = X-HEIGHT) . THE LEGEND ‘L","Drawing No. NP 958.12 Related Drawings S 23, S 24, & S 25 (60) NP958x12 , | 40 1 f NOTES: — ~ 3.5 | local © © authorised vehicles _ 5D OW taxt 4 Zax wo 2.5 ee ND - 5O x=ht 5 2 R _ (Ae 1.5r 42.5 1.5 Ne ‘y) 95.5 66 1. © CROWN COPYRIGHT The legend is from the Transport Medium alphabet at the x—heights shown. The word ‘local’ on the bus is from the Transport Heavy alphabet. . Symbol details are given on drawings S 23, S 24 and S 25 sheets 1 & 2. The symbols must always face left. . The tile outlines do not form part of the sign. . COLOURS: — Background BLUE Legend, Symbols & Border ——— WHITE Legend on bus symbol BLACK . DIMENSIONS : x—heights are in millimetres, other dimensions are in stroke widths. (4sw = x—height) . The legend ‘local’ may be omitted and the bus symbol varied to the one shown on drawing S 25 sheet 1. A time plate may be added in the same colours (see drawing P 961). F184 5} OS Before using this drawing, confirm that it has not been superseded. | 17 | Department for Transport Title: Informatory Sign Issue: BUS, AUTHORISED VEHICLES .. AND MOTOR CYCLE LANE AHEAD | ¢: Date: 12.8.05 Drawn by: L.W./R.M. Approved by: R.M. Dimensions: NOTE 5 Drawing No. NP 958.12 SEE "
p958x1,,,x,BACKGROUND ------- BLUE | SYMBOL & BORDER --- WHITE 5 ~~ 4. DIMENSIONS : ALL IN STROKE WIDTHS (1SW = % OF NOTIONAL J X-HEIGHT). THE TABLE OF SIGN SIZES SHOWS THE ACTUAL SIGN SIZES IN MILLIMETRES. 19 5,"Drawing No. Related Drawing © CROWN COPYRIGHT P 958.1|__$ 24 is ore gi NOTES: 1. Symbol details are given on drawing S 24. The symbol must always face left. 2. The tile outline does not form part of the sign. 1.54.5 10.5 1.5 —| | 34 | 3 11—| 3. COLOURS : Background ------- BLUE | Symbol & Border —-— WHITE 5 ~~ 4. DIMENSIONS : All in stroke widths (1sw = % of notional j x—height). The table of sign sizes shows the actual sign sizes in millimetres. 19 5. A time plate may be added in the same colours (see 20 | drawing P 961). (2) ' 7 f 64 TABLE OF SIGN SIZES (mm) One stroke width 12.5 15 Width of sign 825 990 Height of sign 800 960 Q ) Before using this drawing, confirm P958x1 that it has not been superseded. Title: 7 Issue: Date: | Drawn by: Dimensions: Drawing No. Informatory Sign yt 9 Department for y Sig a. tenes oP Transport 8: 980s mes | P 958.1 WITH-FLOW CYCLE LANE AHEAD | 8: ‘8.04 | Approved by:) NOTE 4 . Cc: R.M. "
p2602x2,,,x,"BACKGROUND TO MAIN SIGNS ---------- BLUE NUMERALS, SYMBOLS & BORDERS --------- WHITE. BACKGROUND TO ROUTE NUMBER PATCHES NATIONAL ROUTE -------- RED REGIONAL ROUTE ---------- BLUE 17 5. DIMENSIONS : X","Drawing No. Related Drawing | Before using this drawing, confirm © CROWN COPYRIGHT P 2602.2 S 24 that it has not been superseded. NOTES: 1. Numerals are from the Transport Medium alphabet at the x—heights shown. 2. Cycle symbol details are given on drawing S 24. 3. The tile outlines do not form part of the signs. 4. COLOURS : Background to main signs ---------— BLUE Numerals, Symbols & Borders -------—— WHITE. Background to route number patches National route —------— RED Regional route ------—-—— BLUE 17 5. DIMENSIONS : x—heights are in millimetres, other - > dimensions are in stroke widths. (4sw = x—height) i — — 2.5 10 1 1 x—height —- 2.5 1.5 24 min —— 10.5 48 max —— 10.5 — ' Tile _ 2.5 | || \ 0.5 Radius 1 inside 1.5 outside DETAILS OF ROUTE NUMBER PATCH P2602x2 Title: Issue: Date: | Drawn by: Dimensions: Drawing No. Department for A: 27.1.04 LW. Transport | \ationac cycle Route NuMBER | & rooroved by:} noes | P 2602.2 Cc: R.M. Cycle Route Signs "
p963,,,x,"BACKGROUND --------------- BLUE LEGEND, SYMBOL & BORDER --- WHITE 40 LOOK LEFT = 40 BUS >| VARIANT - T (A | ~\ , $$ I ||"" BUS LANE BUS LANES ‘TT IL 99) LISS AE 1|| [O-© “SO LOOK BOTH OT LOOK RIGHT 50","Drawing No. Related Drawing Before using this drawing, confirm P 963 S 25 sheet 1 that it has not been superseded. BUS LANE COCOCICI0 © (©) © CROWN COPYRIGHT NOTES: 1. The legend is from the Transport Medium alphabet at the x—heights shown. . Symbol details are given on drawing S 25 sheet 1. . The tile outlines do not form part of the signs. . COLOURS : Background —----—-—--—---— BLUE Legend, Symbol & Border ——— WHITE 40 LOOK LEFT = 40 bus >| VARIANT - t (a | ~\ , $$ i ||"" BUS LANE BUS LANES ‘tT il 99) Liss ae 1|| [O—© “so LOOK BOTH ot LOOK RIGHT 50 x-ht ‘WAYS of i AY i le “— \ J) 2.5 2.5 2.5 VARIANT P963 Department for Title: PEDESTRIAN SIGNS ‘seve: eoes Prown ey ae Drawing No. Transport 8 s90t| tmmowsty:| noes | P G63 INDICATING BUS LANES Cc: R.M. "
p963x1,,,x,"BACKGROUND ------------ BLUE 5 ON) WAYS = ‘J 5. DIMENSIONS : X-HEIGHTS ARE IN MILLIMETRES, OTHER DIMENSIONS ARE IN STROKE WIDTHS. (4SW = X-HEIGHT) VARIANT I || CYCLE LANE CYCLE LANE A | A&& IAOX","Drawing No. Related Drawing Before using this drawing, confirm © CROWN COPYRIGHT P 963 1 S 24 that it has not been superseded. NOTES: 1. The legend is from the Transport Medium alphabet at the x—heights shown. 2. Symbol details are given on drawing S 24. CYCLE TRACK CYCLE LAN ES 3. The tile outlines do not form part of the signs. 4. COLOURS : Background ------------ BLUE 5 On) WAYS = ‘J 5. DIMENSIONS : x—heights are in millimetres, other dimensions are in stroke widths. (4sw = x—height) VARIANT i || CYCLE LANE CYCLE LANE A | a&& iaOx — — — 3 . pp (40) LOOK LEFT , | LOOK RIGHT j= VARIANT i \ Ik a a P963x1 Title: Informatory Signs Issue: Date: | Drawn by: Dimensions: Drawing No. Department for A: 16.9.94 S.P. SEE PEDESTRIAN SIGNS . Transport INDICATING CYCLE LANES cen | Approved by) NOTE 5 P 963.1 "
p963x2,,,x,"BACKGROUND ------------- BLUE LEGEND, SYMBOLS & BORDER --- WHITE ~ 5. DIMENSIONS : X-HEIGHTS ARE IN MILLIMETRES, OTHER 5R BU S AND | DIMENSIONS ARE IN STROKE WIDTHS. (4SW = X-HEIGHT) CYCLE LANE = BU","Drawing No. Related Drawings © CROWN COPYRIGHT P 963.2 S 24 & S 25 Sheet 1 NOTES: 1. The legend is from the Transport Medium alphabet at the x—heights shown. 2. Cycle and bus symbol details are given on drawings S 24 and S 25 sheet 1 respectively. 3. 40 bus The tile outlines do not form part of the signs. 2.5 2.5 4. —_ 17 cycle — aa f- COLOURS : Background ------------- BLUE Legend, Symbols & Border ——— WHITE ~ 5. DIMENSIONS : x—heights are in millimetres, other 5r BU S AND | dimensions are in stroke widths. (4sw = x—height) CYCLE LANE = BUS AND | os a CYCLE LANES BUS AND 2.8 tk => + Ww ©) © CYCLE LANE ‘dS 14 lo} al ee 61 “o) Look BOTH . er LOOK RIGIIT ||=0 : XQ a4 aS 1.2 VARIANT VARIANT eee Before using this drawing, confirm P963x2 that it has not been superseded. Title: Informatory Signs Issue: Date: | Drawn by: Dimensions: Drawing No. Department for PEDESTRIAN SIGNS Ar 169.84) SP. SEE Transport INDICATING BUS & CYCLE LANES | ¢. | “Pres? PY'] NOTE 5 P 963.2 "
p963x3,,,x,"BACKGROUND -------------- BLUE LEGEND, SYMBOL & BORDER --- WHITE 5. DIMENSIONS : X-HEIGHTS ARE IN MILLIMETRES, OTHER DIMENSIONS ARE IN STROKE WIDTHS. (4SW = X-HEIGHT) TRAMWAY TRAMWAY 3 ; . CUES |","Drawing No. P 963.3 Related Drawing S 26 Before using this drawing, confirm that it has not been superseded. 40 tram — 2.8 (( ale N lo} TRAMWAY & mike Poa) a (40) © CROWN COPYRIGHT NOTES: 1. The legend is from the Transport Medium alphabet at the x—heights shown. 2. Symbol details are given on drawing S 26. 3. The tile outlines do not form part of the signs. 4. COLOURS : Background —-----—-—----— BLUE Legend, Symbol & Border —-— WHITE 5. DIMENSIONS : x—heights are in millimetres, other dimensions are in stroke widths. (4sw = x—height) TRAMWAY TRAMWAY 3 ; . cues || LOOK BOTH |\=0 7 wale WAYS } LOOK RIGHT | || LOOK LEFT _) -| b | b | b VARIANT VARIANT P963x3 Transport Title: PEDESTRIAN SIGNS ‘seve: eoes Prown ey ae Drawing No. P INDICATING TRAMWAYS cet | APprened by) NOTE 5 P 965.5 "
p967,,,,BACKGROUND --------- BLUE SYMBOL & BORDER --- WHITE . DIMENSIONS : THOSE SHOWN ARE IN STROKE WIDTHS (1SW = % OF NOTIONAL X-HEIGHTS). THE TABLE OF SIGN SIZES SHOWS THE ACTUAL SIGN HEIGHTS AND WIDTHS,Drawing No. Related Drawing P 967 |_S 24 re > 1.5r 2 =|] aes a SUNS 5 NOTES: 1. © CROWN COPYRIGHT Symbol details are given on drawing S 24. . The tile outline does not form part of the sign. . COLOURS : Background —---—--—— BLUE Symbol & Border —-— WHITE . DIMENSIONS : Those shown are in stroke widths (1sw = % of notional x—heights). The table of sign sizes shows the actual sign heights and widths in millimetres. TABLE OF SIGN SIZES (mm) One Stroke Width 10 12.5 Height of Sign 300 | 375 Width of Sign 440 | 550 T 34 | P967 that it has not been superseded.” Department for Title: Informatory Sign Issue: Date: | Drawn by: Dimensions: Drawing No. ROUTE FOR PEDAL CYCLES ON | * 8794] sP. _ Transport MAIN CARRIAGEWAY OF A ROAD | ¢. | Peer”) NoTE 4 P 96/7 
p965,,,x,"BACKGROUND ---------------- BLUE 2.5 2.5 LEGEND, SYMBOL & BORDER --- WHITE AL R -~ -- 5. DIMENSIONS : X-HEIGHTS ARE IN MILLIMETRES, OTHER RY 4 [Y ~\ DIMENSIONS ARE IN STROKE WIDTHS. (4SW = X-HEIGHT) 2","Drawing No. Related Drawing © CROWN COPYRIGHT P 965 |-3 24 ! NOTES:— 1. The legend is from the Transport Medium alphabet at the x—heights shown. 2. Symbol details are given on drawing S 24. 3. The tile outlines do not form part of the sign. 4. COLOURS : Background —---—--—-—--—--— BLUE 2.5 2.5 Legend, Symbol & Border -—— WHITE al r —~ -- 5. DIMENSIONS : x—heights are in millimetres, other ry 4 [y ~\ dimensions are in stroke widths. (4sw = x—height) 2.8 ; 1 aw tL (30) 3 fee 50 x—ht V4 : : y 12 TS. w, |-— 27.2 cycle —>| | 1.5 Before using this drawing, confirm P965 that it has not been superseded. Department for Title: Cycle Sign issues eoes Prown bys Dimensions: Drawing No. Ti ee _ SEE B: 21.1.04 : ransport | &ND OF CYCLE ROUTE | ® poorored by:/ Note 5 P 965 "
p966,,,x,BACKGROUND ----- - BLUE A EE >) 1.5 LEGEND & B DER --- WHITE “| | CYCLI ISTS REJOIN EE PE EE EE EE 4. DIMENSIONS -HEIGHT DIM TROKE WIDTHS. (4SW = MILLIMET -HEIGHT) TH 40 X -HT CARRIAGEW,"Drawin g No. Bef P 966 that it h this drawin g, confirm tb p ded (©) CROWN COPYRIGHT NOTES: — 1. The legend from the Ti port Medium alphabet t the x—heights sh 2. The til tl d t form part of th g 3. COLOURS : Background —---- — BLUE a ee >) 1.5 Legend & B der ——— WHITE “| | CYCLI ISTS REJOIN ee pe ee ee ee 4. DIMENSIONS —height dim troke widths. (4sw = millimet —height) th 40 x —ht CARRIAGEWAY | maw ~ le wy) (50) 2.5 2.5 17 2.8 ee ee \\ 1.5 2.8 17 Fe aT 1.5 4 CYCLISTS oe ee 31 _ 40 x —ht oe mene ISTS~ : ee REJO [IN DISMOUNT 40 x —ht CARRIAG EWA) (50) bbb ebb bebe bbb bene nes J) (50) 1.2 at L ke = 2.5 £\ |e 2.5 ""a 2.5 P966 Title Cycle Signs | Dat Drawn by Dimensions rawin g No. Department for A 16.9.94 21.1.04 App d by S.P SEE Transport CYCLISTS REJOIN CARRIAGEWAY | 8 Cc 11.11.11 R.M NOTE 4 Pr 966 "
p968,,,,- THIS PLATE IS USED WITH P 801 TO CREATE THE SIGN 'P’ SIGN BACKGROUND ~------ BLUE SYMBOL & BORDER --- WHITE /X \\ BACKGROUND ---------- WHITE = (SS CYCLE PLATE SWMBOL & BORDER --- BLACK I ORD = ) -,"Drawing No. Related Drawings © CROWN COPYRIGHT P 968 |S 24 & P 801 NOTES: 1. The sign uses the parking sign shown on drawing P 801 but at 170mm square, retaining the same proportions. 2. Cycle symbol details are given on drawing S 24. 3. The tile outlines do not form part of the sign. 4. COLOURS: — This plate is used with P 801 to create the sign 'P’ sign Background ~----—— BLUE Symbol & Border ——— WHITE /x \\ Background —---—-—-—— WHITE = (Ss Cycle Plate swmbol & Border --— BLACK i Ord = ) - “Fe I | L- 40 170 |. 40-m re 170 sq—— 250 ! 250 Before using this drawing, confirm P968 that it has not been superseded. Department for Title: Informatory Sign Issue: Date: | Drawn by: Dimensions: Drawing No. PARKING PLACE AP B78) SP. ranspor B: 31.8.04 | Approved by: MILLIMETRES Pp 9 5 8 FOR PEDAL CYCLES : ee "
p857x1,,,x,LEGEND WHITE *19 MIN BACKGROUND TO LEGEND/BORDER --- BLUE 24 MAX * 49 MIN DISPLAY AREA -- WHITE 24 MAX 12 MIN BLUE THE WHITE SPACE IS FOR DISPLAYING INFORMATION REGARDING THE TAXI SERVICE,"Drawing No. Before using this drawing, confirm (©) CROWN COPYRIGHT that it has not been superseded. P 857.1 NOTES: 1 The legend is from the Transport Medium alphabet at the x—-heights shown. * these dimensions apply when the width of sign is The tile outlines do not form part of the signs. determined by the heading —-— ee COLOURS : Legend WHITE *19 min Background to legend/Border -—— BLUE 24 max * 49 min Display area —— WHITE 24 max 12 min BLUE The white space is for displaying information regarding the taxi service. 24 max AP a VA x—ht 60 min 7 ( 4 12 min 120 max 20 min Stand for 3 taxis Stand for) '*""™ 40 max 100 min 200 max 3 taxis 4 8 min ! 250 min 7 16 max WHITE VARIANT : WHITE SPACE OMITTED 500 max 170 min 3540 max _>-—( = 20 min 40 max Equal Equal vepbe ene eee eeeesmeeeeeemee eters ctgpeeeeeeeeeeeree ceggaeees cegeeeeeeeseeeserameretseees A Stand for 9 taxis t 20 min \ 10r min 40 max 20r max Dimensions for intermediate plate sizes are in the same proportion as those shown for minimum sizes. VARIANT : SIGN WIDER THAN THE HEADING P857x1 Title: Issue: Date: Drawn by: Dimensions: Drawing No. Department for Informatory Signs A 3.8.94 S.P./R.M. TAXI RANK INFORMATION B 27.7.95 Approved by: MILLIMETRES P BO/.1 Transport Cc 3.12.04 R.M. "
p2934,,,x,"BACKGROUND -------- BLUE LEGEND & BORDER --- WHITE 4. DIMENSIONS : X-HEIGHTS ARE IN MILLIMETRES, OTHER DIMENSIONS ARE IN STROKE WIDTHS. (4SW = X-HEIGHT) CHECK YOUR ||2E~M,,, GISTANCE + 1.57 A V 1.5","Drawing No. P 2934 2.5 sk Before using this drawing, confirm that it has not been superseded. 2.5 aka © CROWN COPYRIGHT NOTES: 1. The legend is from the Transport Medium alphabet at the x—heights shown. 2. The tile outlines do not form part of the signs. 3. COLOURS : Background -—-----— BLUE Legend & Border ——— WHITE 4. DIMENSIONS : x—heights are in millimetres, other dimensions are in stroke widths. (4sw = x—height) Check your ||2e~m,,, GIStANCE + 1.57 a V 1.5 ||| Aeep your SP) distance VARIANT P2934 Department for Title: Motorway Informatory Signs Issue: Date: | Drawn by: Dimensions: Drawing No. A: 3.9.04 L.W. Transport SIGNS USED IN CONJUCTION WITH a: Approved by: Now 4 P 9934 CHEVRON ROAD MARKINGS Cc: R.M. "
p2933,,,x,"BACKGROUND ------------ BLUE - LEGEND, SYMBOL & BORDER --- WHITE . : . . . X--HT 5. DIMENSIONS : X-HEIGHTS ARE IN MILLIMETRES, OTHER } - . DIMENSIONS ARE IN STROKE WIDTHS. (4SW = X-HEIGHT) GE ADPAL","Drawing No. Related Drawing © CROWN COPYRIGHT P 2933] S 60 i NOTES: 1. The legend is from the Transport Medium alphabet at the x—heights shown. 2. Symbol details are given on drawing S 60. 2.5 2.5 1.5 3. The tile outlines do not form part of the sign. | | - | - > —— 4. COLOURS : Background ------------ BLUE — Legend, Symbol & Border ——— WHITE . : . . . x—-ht 5. DIMENSIONS : x—heights are in millimetres, other } — . dimensions are in stroke widths. (4sw = x—height) Ge adpal 300 ma — 300 max a aN XN J aN 22 1.51 2.5 i] w, T - ‘ cr Before using this drawing, confirm P2933 that it has not been superseded. Title: ‘ Issue: Date: | Drawn by: Dimensions: Drawing No. Motorway Informatory Sign yt 9 Transpo, for y y Sig A. 3008 eM - ransport | Keep APART TWO CHEVRONS | ®: wooed ’y:! oes | P 2933 Cc: R.M. "
p2032,,,x,BACKGROUND --- DARK GREEN LETTER ‘R’ ---- WHITE BORDER ------ YELLOW // \\ 4. THE PROPORTIONS ARE THE SAME FOR ALL SIZES OF SIGN. 5. SEE DRAWING P 2130 FOR THE NON-PRIMARY ROUTE RING ROAD REPEATER SIG,"Drawing No. © CROWN COPYRIGHT NOTES: 1. The letter ‘R’ is from the Transport Medium alphabet at the x—heights shown. 2. The tile outline does not form part of the sign. P*— 250 min — 600 max —= 3. COLOURS : Background --- DARK GREEN Letter ‘R’ ---- WHITE Border —----— YELLOW // \\ 4. The proportions are the same for all sizes of sign. 5. See drawing P 2130 for the non—primary route ring road repeater sign. i letter ht : 300 min x—height 720 175 min max 420 max . 125 min 500 max 62.5 min 150 max \S i 40r min a 96r max 20 min 48 max Before using this drawing, confirm P2032 that it has not been superseded. Title: Informatory Sign Issue: Date: Drawn by : Dimensions : | Drawing No. Department for yng epa tme t fo A: 15.7.94 S.P. Transport PRIMARY ROUTE RING ROAD REPEATER SIGN B: 3.9.04] Approved by:| MILLIMETRES Pp 20 3? Cc: 11.11.11 R.M. "
p972,,,x,"BACKGROUND BROWN | LEGEND, SYMBOL & BORDER --- WHITE 4 A } 1 5. DIMENSIONS : X-HEIGHTS ARE IN MILLIMETRES, OTHER EQUAL TR DIMENSIONS ARE IN STROKE WIDTHS. (4SW = X-HEIGHT) 6. THE SIGN FACE MAY BE CURV","Drawing No. Related Drawing © CROWN COPYRIGHT P 972|_S$ 25 NOTES: 1. The legend is from the Transport Medium alphabet at the x—heights shown. 2. Bus symbol details are given on drawing S 25. {ae 64 3. The tile outlines do not form part of the sign. —| 6 | 50 1 6 be 4. COLOURS : Background BROWN | Legend, Symbol & Border —-- WHITE 4 A } 1 5. DIMENSIONS : x—heights are in millimetres, other Equal tr dimensions are in stroke widths. (4sw = x—height) 6. The sign face may be curved. ] ( } ( } ( ) 7. See section 12 in Chapter 7 of the Traffic Signs 16.25 Manual for further details of time plate design. , When the time period is varied or omitted, the ©) ©) overall size of the sign is adjusted as appropriate. 60 Equal iJ Photostop only |» 4, 10 (30) ;_| Photostop only | t - A om en Mw 2 T! Oam-4pm |, y +8 1.5 1.5 Before using this drawing, confirm P972 that it has not been superseded. Department for Title: Tourist Informatory Sign Issue: Date: | Drawn by: Dimensions: Drawing No. A: 11.7.94 S.P. SEE Transport BUS PHOTOSTOP 5: 1895| apprond oy:| noes | P O72 Cc: 15.11.04 R.M. "
p857,,,x,BACKGROUND --- WHITE LEGEND -------- WHITE SYMBOL -- - WHITE BORDER -- - BROWN (TOURIST INFORMATION) BORDER ------ BLUE (GENERAL INFORMATION) . DIMENSIONS : X-HEIGHTS AND DIMENSIONS WHERE INDICATED,"Before using this drawing, confirm that it has not been superseded. 2.5 + - BROWN Tourist information , 5 Drawing No. Related Drawing P 857|_11 i 2.5 2.5 14 2.5 4 7 f 25mm radius Va x-ht 50 min NOTES: 100 max © CROWN COPYRIGHT . The legend is from the Transport Medium alphabet at the x—heights shown. . Details of the tourist Information symbol are given on drawing T 1. . The tile outlines do not form part of the signs. . COLOURS : Background ——— WHITE Legend —---—-—— WHITE Symbol —— — WHITE Border —— — BROWN (Tourist information) Border -----— BLUE (General information) . DIMENSIONS : x—heights and dimensions where indicated are in millimetres. Other dimensions are in stroke widths. (4sw = x—height) Transport FOR PEDESTRIANS 1800 mm max WHITE > 50mm BLUE max VARIANT P857 Department for Title : Informatory Signs Issue: Date: | Drawn by: Dimensions: Drawing No. INFORMATION BOARD Av 3.8.94 SP. SEE B: 15.11.04 | Approved by: NOTE 5 Pp 8 5 7 R.M. "
p2501,,,x,"BACKGROUND LEGEND & BORDER - ‘P’ SYMBOL & ARROW --- WHITE 5. DIMENSIONS : X-HEIGHTS ARE IN MILLIMETRES, OTHER DIMENSIONS ARE IN STROKE WIDTHS. (4SW = X-HEIGHT) L+2 12 L A 23 4- 4, 2.5 1) FT : -- 6.","Drawing No. P 2501 Related Drawing S 43 © CROWN COPYRIGHT NOTES: 1. The legend is from the Transport Medium alphabet at the x—heights shown. 2. ‘P’ symbol details are given on drawing S 43. 3. The tile outlines do not form part of the signs. 4. COLOURS : Background Legend & Border — ‘P’ symbol & Arrow —-— WHITE 5. DIMENSIONS : x—heights are in millimetres, other dimensions are in stroke widths. (4sw = x—height) L+2 12 L a 23 4— 4, 2.5 1) FT : —- 6.5 rf ~ p- 4.5 400 Ty] {oO yards |, | » x | . 4 8 O >» im 33-5 4. 13fh il mile 100 x—ht ft << |e f— (150) ate (200) + 2.5 2.5 Se 2.5 2.5 Before using this drawing, confirm P2501 that it has not been superseded. Department for Title: Directional Signs Issue: Date: | Drawn by: Dimensions: Drawing No. PARKING PLACE AHEAD Ai 305.95} SP. SEE Transport AND VARIANTS c. 11.11.04 Approved by! NOTE 5 P 2501 "
p801,500,250 375 625 750 1000 250 625 750 1000,,BACKGROUND ---------- BLUE SYMBOL & BORDER --- WHITE,"Drawing No. © CROWN COPYRIGHT NOTES:— 1. All dimensions for the 500mm sign shall be 230 P 801 (250) (375) 500 (625) (750) (1000) | 131 |e 285 =| 66 (( )) | 88r 62 (250) tr 500 4 (625) 380 62 (750) (1000) Y 16r } —=| 80 eH o- 80 + P801 varied proportionally for the bracketed sign sizes. . Symbol details for use on regulatory and directional signs are given on dwg S 43. . COLOURS : Background —---—-—-—— BLUE Symbol & Border ——— WHITE Before using this drawing, confirm that it has not been superseded. Department for Transport Title: Informatory Sign PARKING PLACE Issue: A: B: Cc: Date: | Drawn by: 11.7.94 S.P. 15.7.03 | Approved by: R.M. Dimensions: Drawing No. MILLIMETRES P 8 O 1 "
p2713x1,,,x,"SIGN BACKGROUND ------ BLUE TILE BACKGROUND ------ ORANGE BORDER, DISTANCE & 'P’ SYMBOL ----- WHITE ‘SOS’ & TELEPHONE ---- BLACK . DIMENSIONS : X-HEIGHTS ARE IN MILLIMETRES, OTHER DIMENSIONS ARE IN ST","Drawing No. Sa ee 83 Before using this drawing, confirm Pp 271 3.1 & 4 that it has not been superseded. Sheet 1 of 3 EMERGENCY TELEPHONE DETAIL OF TILE DESIGN AT_A PARKING PLACE Equal Equal 8 4— 2.5 tr I [) 17 1 2.5 _ 53.5 y 17 4 rlh4 eq |] C9) | | “2 matle ||s00— ot : (125) iat al (150) 2.5 (200) P2713x1-1 VARIANT: EMERGENCY TELEPHONE ONLY a NOTES: 1. © CROWN COPYRIGHT The distance is from the Transport Medium alphabet at the x—heights shown. ‘SOS’ is from the Transport Heavy alphabet and is dimensioned in stroke widths relating to the distance x—height. . Symbol details are given on drawings S 41 (tile B) and S 43. . The tile outlines do not form part of the signs. . COLOURS : Sign background —-——-— BLUE Tile background -—--—— ORANGE Border, distance & 'P’ symbol —---— WHITE ‘SOS’ & telephone ---— BLACK . DIMENSIONS : x—heights are in millimetres, other dimensions are in stroke widths. (4sw = distance x—height) . See sheets 2 and 3 for other variants. 2.5 1 mile 4b 4b 2.5 2.5 Department for Transport Title : Informatory Signs EMERGENCY TELEPHONE AHEAD Issue: A: B: Cc: Date: 7.6.95 29.3.05 Drawn by: S.P. Approved by: R.M. Dimensions: Drawing No. see P 2/13.1 NOTES Sheet 1 of 3 "
p2713,,,,- EQUAL -- 35 - -- 35 - BACKGROUND ------ WHITE Q MOTORWAYS SYMBOL & ARROW --- BLUE 7 7 BACKGROUND ------- WHITE PRIMARY ROUTES SYMBOL & ARROW --- GREEN _ BACKGROUND ------- WHITE NON-PRIMARY ROUTES S,"Drawing No. Related Drawing © CROWN COPYRIGHT P 2713|_S$ 41 NOTES: 1. Symbol details are given on drawing S 41 (Tile A). 2. The tile outline does not form part of the signs. 3. The proportions of the arrow remain the same when the length is varied within the range shown. Arrow 4. COLOURS: — Equal -— 35 — -— 35 — Background ----—- WHITE q MOTORWAYS Symbol & Arrow ——— BLUE 7 7 Background —-----— WHITE PRIMARY ROUTES Symbol & Arrow ——— GREEN _ Background —-----— WHITE NON-PRIMARY ROUTES See row 2o~ BLACK 50 50 —— —— 16 min 20 max 32 min VARIANT 40 max Smallest arrow shown Largest arrow shown (See note 3) (See note 3) Before using this drawing, confirm P2713 that it has not been superseded. Department for Title: Emergency Signs ‘seve: loves oe LW Dimensions: Drawing No. DIRECTION TO EMERGENCY TELEPHONE : i” ia ranspor B: 2.11.04] Approved by:| MILLIMETRES P 2713 ON SAME SIDE OF THE ROAD c: RM. "
p2714,,,x,BACKGROUND --- ORANGE LEGEND & SYMBOL ----- WHITE OR BLACK THE POSITION OF THE ALPHANUMERIC CHARACTERS (OTHER THAN SOS) MAY BE ADJUSTED HORIZONTALLY TO SUIT THE NUMERALS USED. AOSS ROHE \ QE,"Drawing No. Related Drawing S 41 (©) CROWN COPYRIGHT P 2/714 NOTES: 1 The legend is from the Transport Medium (White letters) or Transport Heavy (Black letters) alphabet at the letter height shown. Details of the telephone symbol are given on drawing S 41 (Tile A). The tile outlines do not form part of the sign. COLOURS : Background ——— ORANGE Legend & Symbol —-——— WHITE or BLACK The position of the alphanumeric characters (other than SOS) may be adjusted horizontally to suit the numerals used. AOSS Rohe \ qe \}D 225 20 Lee 15 \ 4h fens See > a 70 letter ht SO x—ht ~~ Before using this drawing, confirm P2714 that it has not been superseded. Title: Emergency Sign Issue: Date: Drawn by: Dimensions: Drawing No. Department for A 19.7.94 S.P. SIDE OF B 2.11.04 Approved by MILLIMETRES Transport EMERGENGY TELEPHONE BOX P 2/14 Cc R.M. "
p2715,,,x,BACKGROUND ----------- ORANGE LEGEND & SYMBOL ------- WHITE OR BLACK 5. THE POSITION OF THE ALPHANUMERIC CHARACTERS (OTHER THAN SOS) MAY BE ADJUSTED HORIZONTALLY TO SUIT THE NUMERALS USED. 88 LETTE,"Drawing No. Related Drawing P 2715|_S 41 © CROWN COPYRIGHT NOTES: 1. The legend is from the Transport Medium (White letters) or Transport Heavy (Black letters) alphabet at the letter height shown. 2. Details of the telephone symbol are given on drawing S 41 (Tile A). 3. The tile outlines do not form part of the sign. 4. COLOURS : Background ----------— ORANGE Legend & Symbol ------— WHITE or BLACK 5. The position of the alphanumeric characters (other than SOS) may be adjusted horizontally to suit the numerals used. 88 letter ht 88 62.5 letter ht approx x—ht Before using this drawing, confirm P2715 that it has not been superseded. Title: Emergency Sign Issue: Date: | Drawn by: Dimensions: Drawing No. Department for Transport BACK OF 5: 21104] appro P 2715 B: 2.11.04 rove: :| MILLIMETRES EMERGENGY TELEPHONE BOX | ¢. “PPro OY "
p2718,,,x,"BACKGROUND --- BLUE . . LEGEND --- UI L1 BORDER - BE AA BE 4. DIMENSIONS : X-HEIGHTS ARE IN MILLIMETRES, OTHER 1 DIMENSIONS ARE IN STROKE WIDTHS. (4SW = X-HEIGHT) R IF | R 11! \! D) DIYE JO.B.4 7 1 AL","Drawing No. Before using this drawing, confirm © CROWN COPYRIGHT NP 426 that it has not been superseded. NOTES: 1. The legend is from the Transport Medium alphabet at the x—heights shown. 2. The tile outlines do not form part of the sign. min 2.5 min 2.5 3. COLOURS : Background ——— BLUE . . Legend --— ui L1 Border - be aa be 4. DIMENSIONS : x—heights are in millimetres, other 1 dimensions are in stroke widths. (4sw = x—height) r if | r 11! \! D) diye Jo.b.4 7 1 AL AY 1.5 Tr rR x-ht 3 JA 100 min L Joe.t.4s 15 + 140 max L re ee iam a t 1. °F yy, 1.5 te ab f L2 L2 min 2.5 min 2.5 NP426 Title: a ; ; ; ""i ions: ; . Department for itle Informatory Sign issue hres Prowey Dimensions Drawing No. : . SEE Transport | road numpBer & REFERENCE | 8 21503] sorrows ry] SE, | NP 426 C: 02.2.10 JB "
p2712,,,x,LEGEND ------~~ WHITE CENTRE PANEL --- GREEN (FORMERLY 65 LIGHT GREEN) 4 BORDER ------- YELLOW 40 L) .-D VARIANT 62.5 X-HT SEE NOTE 2 E) E) 310 475 1 50 . 62.5 X-HT R [= IR [P 62.5 X-HT ° ° {O) - A ©),"Drawing No. © CROWN COPYRIGHT P 2712 ; NOTES: 1. The legend is from the Transport Medium alphabet at the x—heights shown. 2. Where the second line of legend is too long to fit 550 inside the panel the x—height is reduced to 50mm. The vertical spacing is adjusted as shown. —- 65 420 65 —_ 3. The tile outlines do not form part of the sign. ! 4. COLOURS : Legend —-----~~ WHITE Centre panel —-— GREEN (formerly 65 LIGHT GREEN) 4 Border ------— YELLOW 40 L) .-D VARIANT 62.5 x-ht see Note 2 e) e) 310 475 1 50 . 62.5 x-ht r [= IR [P 62.5 x—ht ° ° {o) - a ©) O s+ “cps onn je age | | No.456 | | san Before using this drawing, confirm P2712 that it has not been superseded. Title: Issue: Date: Drawn by : Dimensions : | Drawing No. Emergency Signs y 9g Department for gency Sig A: 7.6.95 SP. Transport | Fire RENDEZVOUS POINT | &% 2tto#] seers oye] MLuETRES | P D742 Cc: 11.11.11 R.M. "
p878,,,x,"LEGEND, SYMBOL & BORDER --- BLACK BACKGROUND ------------- WHITE, 5. DIMENSIONS : X-HEIGHT I ILLIMETRES, OTH ; UD 20 + UD 1.5 DIMENSIONS ORE, IN ‘STROKE “WIDTHS. (4SW = >-HEIGHT) TL 6. SEE SHEETS 2 TO","Drawing No. Related drawing © CROWN COPYRIGHT heet 878 ° S58 P 1 of 5 NOTES:— 1. The legend is from the Transport Heavy alphabet at the x-heights shown. 2. Details of the camera symbol are given on drawing S 58. 3. The tile outlines do not form part of the signs. 4. COLOURS : Legend, Symbol & Border -—— BLACK Background -—----------— WHITE, 5. DIMENSIONS : x—height i illimetres, oth ; ud 20 + ud 1.5 dimensions ore, in ‘stroke “widths. (4sw = >-height) tL 6. See sheets 2 to 5 for variants. ost (7 A) ¥ tT © 1.51 16 iin 1s I O L sale 4 5 5 1.5r ual Trattic || 7 ‘| Uratific —j} x-ht sg x- sett we : somn || Signal comm || SIgmMalll 3 _|| CAaMeras ,|| Cameras qual = al ale wel 4} 20 4] 2.5 2.5 2.5 2.5 P878-1 Before using this drawing, confirm that it has not been superseded. Department for Transport Title: Informatory Signs TRAFFIC SIGNAL CAMERAS and VARIANTS Issue: Date: Drawn by : Dimensions : | Drawing No. A: 2.1.04 R.M. B: 11.11.11 | Approved by: NOI s P 8/8 c: R.M. sheet 1 of 5 "
p880,,,,MAIN BACKGROUND BLUE 20 BORDER -------- WHITE CAMERA SYMBOL BLACK ©) 10R 1) CAMERA PANEL --~--- WHITE SPEED LIMIT ROUNDEL BACKGROUND --- WHITE NUMERALS ---- BLACK BORDER ------ RED 720 6 WHITE EDG,"Drawing No. © CROWN COPYRIGHT P 880 420 NOTES: — 1. Details of the camera symbol are given on drawing S 58. Related Drawings 2. Details of the speed limit roundel are given on drawing S58 & 290 P 670. The diameter is 300mm. The 6mm white edge is added to the outside of the roundel. 30 mph is the only P 670 20 250 | speed limit that may be shown. | 3. The tile outlines do not form part of the sign. ZA ~~ 4. COLOURS : Main Background BLUE 20 Border -—--—--— WHITE Camera Symbol BLACK ©) 10r 1) Camera Panel —-~--— WHITE SPEED LIMIT ROUNDEL Background ——— WHITE Numerals —--— BLACK Border -----— RED 720 6 White edge Before using this drawing, confirm P880 that it has not been superseded. Title: Informatory Sign Issue: Date: | Drawn by: Dimensions: Drawing No. Department for y sig y 9 SPEED CAMERA AHEAD Av 147.03) RM. ranspor . roorowa by:] MuLMETRES | PP BRO AND REMINDER OF 30 MPH SPEED LIMIT c: RM. "
p880x1,450,1440,,"MAIN BACKGROUND - BLUE BORDER --------- - WHITE (7 \\ 90 CAMERA SYMBOL - BLACK 30 ¥, CAMERA PANEL ------- WHITE (- 15R NATIONAL SPEED LIMIT ROUNDEL © BACKGROUND ---- WHITE DIAGONAL BAR ---- BLACK 300","Drawing No. © CROWN COPYRIGHT P 880.1 630 NOTES: 1. Details of the camera symbol are given on drawing S 58. 5 840 Related Drawings ( ) 2. Details of the national speed limit roundel are given on S58 & 435 drawing P 671. P67) 30 3. All dimensions for the 1080mm high sign shall be varied | proportionally for the 1440mm high sign. 375 4. COLOURS : Main Background — BLUE Border —-—---——— — WHITE (7 \\ 90 Camera Symbol — BLACK 30 ¥, Camera Panel -—----— WHITE (— 15r NATIONAL SPEED LIMIT ROUNDEL © Background —--— WHITE Diagonal Bar ——-— BLACK 300 360 5. The 1080mm high sign is for use on single carriageway roads. The 1440mm sign is for use on dual carriageway roads. X 90-1080 (1440) 450 30r fb ie 7) 90 50 Before using this drawing, confirm P880x1 that it has not been superseded. Department for itle Informatory Sign Issue pete Prewn by Dimensions Drawing No. SPEED CAMERA AHEAD and REMINDER OF . “— Transport e: rooroved by:| MLLIMETRES | P QRBO. NATIONAL SPEED LIMIT ON AN UNLIT ROAD] ¢: RM. . "
p827x1,,,x,LEGEND & BORDER --- WHITE BACKGROUND ------- BLUE 520 (780) H SYMBOL ----- WHITE ET 7 > 16R (45) F (75) (24) SB 7 16 ~~ 500 120 (180) (450) 550 (24) ! 500 44 (66) (795) (450),"Drawing No (©) CROWN COPYRIGHT P 827.1 NOTES: 1 The legend is from the Transport Medium alphabet at the x—heights shown The tile outlines do not form part of the sign COLOURS Legend & Border ——— WHITE Background —-————— BLUE 520 (780) H symbol —-—-— WHITE et 7 > 16r (45) F (75) (24) sb 7 16 ~~ 500 120 (180) (450) 550 (24) ! 500 44 (66) (795) (450) 136 (204) | tI (No A&E 50 x—ht setae Mm 240 (360) (24) beveeeees J) (75) “IE “Pat be Pe H details (39) (48) (48) (48) (39) Before using this drawing, confirm P827x1 that it has not been superseded Title Informatory Sign Issue Date Drawn by Dimensions Drawing No Department for A 2.8.94 S.P HOSPITAL B MILLIMETRES Transport 16.8.04 | Approved by P O2/.1 No Accident & Emergency Cc R.M "
p775,,,x,"BACKGROUND 17.5 MIN ------- WHITE LEGEND & BORDER --- BLACK X-HT ! NE WY, --~ ~-- 10 MIN 20 MAX","Drawing No. P 775 338 min 676 max © CROWN COPYRIGHT NOTES: — 1. The legend is from the Transport Heavy alphabet at 10r min ""= KEEP 390 mx || CROSSING I (< > 25 min the x—heights shown. 2. The tile outlines do not form part of the sign. 3. COLOURS : Background 17.5 min ------- WHITE Legend & Border ——— BLACK x—ht ! Ne wy, —-~ ~-- 10 min 20 max Before using this drawing, confirm P775 that it has not been superseded. Title: Inf t Si Issue: Date: | Drawn by: Dimensions: Drawing No. Department for nformatory Sign a: tao0a| SP. Transpor t KEEP CROSSING CLEAR B: 8.7.04 | Approved by:| MILLIMETRES | = D777 Cc: R.M. "
p783,,,x,"BACKGROUND ------- BLUE LEGEND & BORDERS --- WHITE 2.6 2.5 2.5 4. DIMENSIONS : X-HEIGHTS IN MILLIMETRES, OTHER _ RF > F > - DIMENSIONS IN STROKE WIDTHS. (4SW = X-HEIGHT) 1 - )) = 2.5 DRIVERS OF LONG","Drawing No. Before using this drawing, confirm p 783 that it has not been superseded. © CROWN COPYRIGHT NOTES: 1. The legend is from the Transport Medium alphabet at the x—heights shown. 2. The tile outlines do not form part of the signs. 3. COLOURS : Background —-----— BLUE Legend & Borders ——— WHITE 2.6 2.5 2.5 4. DIMENSIONS : x—heights in millimetres, other _ rf > f > — dimensions in stroke widths. (4sw = x—height) 1 - )) = 2.5 DRIVERS OF LONG | | LOW VEHICLES ||—om _,, e 100 max phone .» before crossing if Ne —— 1.5 aol aaa 1.5 2.5 OR SLOW WEHICLES VARIANT P783 Department for ne UTON e NG issues Date: Drown by: Dimensions: | Drawing No. Transport PERMISSION TO CROSS e703] repos y:] SEE NOTE 4) P78 S "
p785x1,,,x,"BACKGROUND ------- BLUE ~~ = F- | = LEGEND & BORDERS ---- WHITE (® ~ =A CROSSING |, 4 TO CONTACT TO CONTACT RAILWAY TRAM CO, EE 020 8123 4567 3 TO IE SY AE15 VARIANT 35) 2.5 2.5 4. DIMENSIONS :","Drawing No. P 785.1 © CROWN COPYRIGHT NOTES: 1. The legend is from the Transport Medium alphabet at the x—heights shown. 2. The tile outlines do not form part of the signs. 3. COLOURS : Background —-----— BLUE ~~ = f- | = Legend & Borders —-—— WHITE (® ~ =a CROSSING |, 4 TO CONTACT TO CONTACT RAILWAY TRAM Co, ee 020 8123 4567 3 To IE SY ae15 VARIANT 35) 2.5 2.5 4. DIMENSIONS : x—heights in millimetres, other dimensions in stroke widths. (4sw = x—height) 2.8 aie (25) “50 x-ht 1.2 ake Before using this drawing, confirm P785.1 that it has not been superseded. Title : Railway and Tramway signs Issue: Date: | Drawn by: Dimensions: Drawing No. Department for a: g703/ LW. Transport TELEPHONE NUMBER FOR CONTACTING] 5: Approved by:| SEE NOTE 4 P 785.1 RAILWAY OR TRAMWAY OPERATOR c: R.M. "
p786,,,x,"POCKSROUNE ---- AA SEREEIEPAGS : I : EGEN ORDER --- NIN [D) U S [E 37.5 X-HT 4. DIMENSIONS : X-HEIGHTS IN MILLIMETRES, OTHER DIMENSIONS 39 VE FD EEE . (50) IN STROKE WIDTHS. (4SW = X-HEIGHT) [> [AL ©)","Drawing No. 25 25 © CROWN COPYRIGHT Te >| >| a as ry NOTES: 1. Ceehte sho from the Transport Heavy alphabet at the ae x i} wn. of 2 : : : : 7 2. The tile outlines do not form part of the signs. [> /A\ IR Ke [Al [E IR [E 3. COLOURS : Pocksroune ---- aa Sereeiepags : i : egen order ——— NIN [D) U S [e 37.5 x—ht 4. DIMENSIONS : x—heights in millimetres, other dimensions 39 ve fd eee . (50) in stroke widths. (4sw = x—height) [> [Al ©) IN| [e Nat 5. See sheet 2 for other variants. CROSSING 4 Existing sign may be plated as IN —— pe? shown below. ele ” P7NIRIK TATER IE 7 ) USE SOS PARK MERE PEONE OJ & USE SOS |= -» ine wnsa (50) - [X RR IX fal [2 i =] PHONE AT & USE SOS] CROSSING HOME AT LN p786-1 VARIANT Ghoti how’ boon soperseced D t t fi Title: Informatory Signs Issue: Date: Drawn by : Dimensions : | Drawing No. Transport PARKING PLACE FOR LARGE OR SLOW ores hovrnes vy:{ SEE NOTE 4 P 786 VEHICLES AT LEVEL CROSSING 11.11.11 RM. Sheet 1 of 2 "
p787,,,x,BACKGROUND ----- YELLOW SO POE. _ EN -_ SYMBOL == ----- BLACK I I R | -) SOS LEGEND ----- BLACK I I ! ! 4. THE LEGEND IS FROM THE TRANSPORT HEAVY ALPHABET I ! | AT THE X-HEIGHTS SHOWN. I ! I) I I ' I),"Drawing No. Related Drawing © CROWN COPYRIGHT P 787|_S8 41 , NOTES: 1. Details of the telephone symbol are given on drawing S 41 (Tile B). 150 2. The tile outline does not form part of the sign. ft 128—> | 29 |+— 8s —+| 33 | 3. COLOURS : Background ----- YELLOW so poe. _ en —_ Symbol == ----— BLACK I i r | —) SOS legend ----- BLACK i i ! ! 4. The legend is from the Transport Heavy alphabet i ! | at the x—heights shown. i ! i) i i ' i) i i \ \ 1 i i ! 260 | | 242 | 242 ' i} I ! i 325 | ' ! | ! i 1 i i i i i i ! ! i i ! | i | | “a ! YN tee 4 _= H 18 | be e—| i 30 x—ht 18 22 ! | So Ssnsetennetatatineean =—4 Limit of | _ _ L retroreflecting a _ material ~ 7 VARIANT Before using this drawing, confirm P787 that it has not been superseded. Department for Title: Informatory Signs Issue: Date: Drawn by : Dimensions : | Drawing No. A: 27.9.94 S.P. Transport SITE OF EMERGENCY TELEPHONE | 3) 27754 seers y:] MULMETRES| =D 727 AT OR NEAR LEVEL CROSSING | 6. anita | Pew "
p788,200,650 780 400 480 800 960 400 480,,"BACKGROUND ----------- YELLOW SYMBOL, BORDER & ARROW --- BLACK SOS LEGEND ----------- BLACK . THE LEGEND IS FROM THE TRANSPORT HEAVY ALPHABET AT THE X-HEIGHTS SHOWN. A VARIANT. K€? DEPARTMENT FOR","Drawing No. Related Drawing P 788 |S 41 eae toe (c )) 34 280 520 (650) (780) “33. =f 100 =m WU) 53 =-—200—+4 =| } 320 (400) (480) P788 Before using this drawing, confirm that it has not been superseded. 20-4 ef ((— >) 640 (800) (960) => NOTES: 1. 2. \ 3. 34 4. 280 5 3 x-ht lcs} —— 20 J 100 XS y, = -— 200 —+| = 320 (400) (480) VARIANT + {oo 50 (62.5) (75) \ 20r © CROWN COPYRIGHT Details of the telephone symbol are given on drawing S 41 (Tile A). The tile outlines do not form part of the signs. The sizes given for the 520mm x 320mm and 640mm x 320mm signs shall be varied proportionally for the other sign sizes. COLOURS : Background —---------— YELLOW Symbol, Border & Arrow ——— BLACK SOS legend —---------- BLACK . The legend is from the Transport Heavy alphabet at the x—heights shown. a VARIANT. K€? Department for Transport Title: DIRECTION TO EMERGENCY TELEPHONE NEAR LEVEL CROSSING Informatory Signs Issue: A: B: Cc: Date: Drawn by : Dimensions : | Drawing No. 27.9.94 S.P. 28.7.04 | Approved by:| MILLIMETRES P 7/88 11.11.11 R.M. "
p611,,,,BACKGROUND --------- BLUE ARROWS & BORDER --- WHITE 270 (300) (450) (600) DIA (750) (900) (1200),"Drawing No. © CROWN COPYRIGHT P 611 “a sion dimensi ; NOTES: — 1. All 270mm dia sign dimensions shall be varied proportionally for the other roundel sizes. 2. COLOURS : Background —--—-—-—— BLUE Arrows & Border ——— WHITE 270 (300) (450) (600) dia (750) (900) (1200) Before using this drawing, confirm P611 that it has not been superseded. Department for itle Regulatory Sign ‘ssue owes Prown Dimensions Drawing No. PASS EITHER SIDE ; “ i ran i B: 14.11.02 .| MILLIMETRES . . Approved by: (to reach same destination) c: RL "
p833,600,300 225,,BACKGROUND ------- BLUE LEGEND & BORDER ---- WHITE,"Drawing No. au le (300) 600 ———» fs jo T( \ (12) 24r nn a P 833 I (225) 450 ! P833 NOTES: 1. (75) 150 x-ht © CROWN COPYRIGHT The legend is from the Transport Medium alphabet at the x—heights shown. The tile outlines do not form part of the sign. COLOURS : Background ------— BLUE Legend & Border —-—— WHITE Before using this drawing, confirm that it has not been superseded. Department for Transport Title: Informatory Sign ENTRANCE FOR VEHICLES Issue: Date: A: 3.8.94 B: 23.8.04 Drawn by: S.P. Approved by: R.M. Dimensions: Drawing No. P 833 MILLIMETRES "
p970,,,x,"FOR THE SIGN ILLUSTRATED: - BACKGROUND ----------~-- WHITE LEGEND, SYMBOL & BORDER ---- BLACK THE SIGN MAY BE IN ANY CONTRASTING COLOURS. . DIMENSIONS : X-HEIGHTS ARE IN MILLIMETRES, OTHER DIMENSIO","Drawing No. Related Drawing P 970| S$ 25 Before using this drawing, confirm that it has not been superseded. 50 Equal 4 min 16.25 Equal 4 min Bus Stop x—ht 20 min 40 max a Bus Stand | P970 VARIANT NOTES: © CROWN COPYRIGHT . The sign illustrated uses legend from the Transport Heavy alphabet at the x—heights shown. The legend may be in capital letters and may be in any style of lettering. . Bus symbol details are given on drawing S 25. The symbol may be omitted except when the legend is varied to ‘Request Stop’. . The tile outlines do not form part of the signs. . COLOURS for the sign illustrated: — Background ----------~-- WHITE Legend, Symbol & Border -—-— BLACK The sign may be in any contrasting colours. . DIMENSIONS : x—heights are in millimetres, other dimensions are in stroke widths. (4sw = x—height) . The sign face may be curved. Bus Stop 15 ate aE VARIANT This variant must use the bus symbol (see note 2) | Request Stop VARIANT Department for Transport Title: Informatory Signs BUS STOP Issue: Date: | Drawn by: Dimensions: Drawing No. A: 11.7.94 S.P. SEE B: 15.11.04] Approved by: NOTE 5 P 970 Cc: R.M. "
p971,,,x,"BACKGROUND WHITE LEGEND, SYMBOL & BORDER ---- BLACK DIMENSIONS : X-HEIGHTS ARE IN MILLIMETRES, OTHER DIMENSIONS ARE IN STROKE WIDTHS. (4SW = X-HEIGHT) THE SIGN FACE MAY BE CURVED. 4 |REQUEST STOP","Drawing No. Related Drawing Before using this drawing, confirm Pp 971 S 26 that it has not been superseded. 60 — 4 50 |* k— | yt i + 5 WFR SAT YP 50 ot _ 7) 2 i Traian StOp "" |e ! —_ (30) | 2.5 P971 NOTES: 1. © CROWN COPYRIGHT The sign illustrated uses legend from the Transport Heavy alphabet at the x—heights shown. The legend may be in any style of lettering. Tram symbol details are given on drawing S 26. The tile outlines do not form part of the signs. COLOURS : Background WHITE Legend, Symbol & Border -—-— BLACK DIMENSIONS : x—heights are in millimetres, other dimensions are in stroke widths. (4sw = x—height) The sign face may be curved. 4 |Request Stop | 2.5 + VARIANT Department for Transport Title: Informatory Signs TRAM STOP Issue: A: B: Cc: Date: 11.7.94 15.11.04 Drawn by: S.P. Approved by: R.M. Dimensions: Drawing No. SEE NOTE 5 P 9 / | "
p2928,,,x,"- BACKGROUND --------- BLUE LEGEND & BORDER --- WHITE OR BACKGROUND ---------- WHITE 2.5 2.5 + FE + AA LEGEND & BORDER --- BLACK . DIMENSIONS : X-HEIGHTS ARE IN X-HT MILLIMETRES, OTHER DIMENSIONS A","Drawing No. © CROWN COPYRIGHT P 2928 2.5 NOTES: 1. The legend is from the Transport Medium . alphabet when white letters and a blue I >| fc background are used. The legend is from the Transport Heavy alphabet when black letters and a white background are used. A : ; : Hi xtht 8 “e Fl [E RA EO IR DS [Al | IR |e 200 min 2. Sone outlines do not form part of the 300 max a 3. COLOURS: — Background —----—-—— BLUE Legend & Border ——— WHITE or Background —---—-—-—— WHITE 2.5 2.5 + fe + aa Legend & Border —-— BLACK . DIMENSIONS : x—heights are in x-ht millimetres, other dimensions are in 6.4 (tile W lk e 160 mi stroke widths based on the x—height of ( of S CO iS © an the larger letters (4sw = x—height).The 240 max smaller legends in the examples shown 2 ae ——_ have been drawn at 80% of the x—height 8 (tile) : 200 min x-ht of the place name. f 300 max a . The sign may be varied in accordance with the Traffic Signs Regulations and General Directions 2002. anon NGHAMSHIRE ||z'm 4. 300 max Robin Hood County “TED in 54 240 max sind Before using this drawing, confirm P2928 that it has not been superseded. Title: Issue: Date: | Drawn by: Dimensions: Drawing No. Department for Motorway Informatory Signs A: 6.7.94 RM. SEE Transport | county BouNDARY SIGN | 8 2308] snore] noes | P 2928 Cc: R.M. "
p2401,,,,"ANY CONTRASTING COLOURS, EXCEPT RED, MAY BE USED. WHERE TRANSPORT ALPHABET IS USED, 25 TRANSPORT MEDIUM SHOULD BE USED FOR LIGHT * CHARACTERS ON A DARK BACKGROUND AND TRANSPORT WELCOME TO ~50 M MIN CA","Drawing No. P 2401 © CROWN COPYRIGHT NOTES: 1. The legend shown is from the Transport Heavy 1.5 alphabet. Other lettering style, with capital letter > heights as shown, may be used. 25 i 2. The tile outlines do not form part of the signs. 3. COLOURS : Any contrasting colours, except red, may be used. Where Transport Alphabet is used, 25 Transport Medium should be used for light * characters on a dark background and Transport Welcome to ~50 m min CAPITAL Heavy for dark characters on a light background. 1 4 LETTER | a HEIGHTS 4. DIMENSIONS : Letter heights are in millimetres, 8 (tile) _70 mi min other dimensions are in stroke widths based on the height of the larger letters (5.6sw = capital 0.5 == letter height). The smaller legends in the examples shown have been drawn at Sth of the “dl a afb letter size of the place name. 5. The sign may be varied in accordance with the Traffic Signs Regulations and General Directions 2002. 2.5 (( al 6 ) HERTFORDSHIRE aan L J De RIE LD 4 a 1.5 4 ~ T AERTFORDSEIRE a au : 2.5 Before using this drawing, confirm P2401 that it has not been superseded. Title: . Issue: Date: | D by: Di i : Drawing No. Department for Informatory Signs “ ane S| erawn 8Y imensions rowing N° A: 22.5.95 R.M. SEE Transport BOUNDARY SIGN 8 30305] approves oy:| notes | P 2401 Cc: R.M. "
p2402x1,,,,"BACKGROUND ------- WHITE 2.5 - 1 & LEGEND & BORDER --- BLACK 8 TILE) WW) CO AN) 1.57 35 MIN ( ) © : C O CAPITAL 4. DIMENSIONS: LETTER HEIGHTS ARE IN MILLIMETRES, OTHER 4 LETTER DIMENSIONS IN STROKE WI","Drawing No. Before using this drawing, confirm © CROWN COPYRIGHT Pp 2402 1 that it has not been superseded. NOTES: 1. The legend is from the Transport Heavy alphabet. 1.5 |e 2. The tile outlines do not form part of the signs. 4 3. COLOURS: Background —------ WHITE 2.5 - 1 & Legend & Border —-— BLACK 8 tile) WW) CO an) 1.57 35 min ( ) © : C O CAPITAL 4. DIMENSIONS: Letter heights are in millimetres, other 4 LETTER dimensions in stroke widths (5.6sw = capital letter : HEIGHTS height). Dimensions of the ‘Axtley’ (only) sign are 16 (til ) 70 min based on the letter height. Those on the other signs Ne are based on the height of the smaller letters. The smaller legends in the examples shown have been 8 (tie) Please drive carefully + + deo aie +r AYTILEV Please drive carefully ml ‘ “she a (arey|=e ae ' = | QTLEY 2.8 1.2 P2402x1 2.5 Title: Informatory Signs Issue: Date: | Drawn by: Dimensions: Drawing No. Department for At 20.308 LW./RM. See TOWN or VILLAGE Transport BOUNDARY SIGN c. Approve Py:) NOTE 4 P 2402.1 "
p2403x1,,,,"ANY CONTRASTING COLOURS, EXCEPT RED, MAY BE USED. WHERE TRANSPORT ALPHABET IS USED, TRANSPORT MEDIUM SHOULD BE USED FOR LIGHT CHARACTERS ON A DARK BACKGROUND AND TRANSPORT HEAVY FOR DARK CHARACTERS ON","Drawing No. P 2403.1 Before using this drawing, confirm that it has not been superseded. 16 (tile) 2 min 20 (panel) 2.5 min 8 (tile) 2 8 (tile) - 2.5 ar Haven District Council Welcome to AXTLEY A as (i Ml Please drive carefully Twinned with Cedant:-| ae ale 2.5 1.5 NOTES: 1. 35 min CAPITAL LETTER HEIGHT 70 min CAPITAL LETTER HEIGHT ag 2.5 4 Ty © CROWN COPYRIGHT The legend shown is from the Transport Medium alphabet. Other lettering style, with capital letter heights as shown, may be used. 2. Details of the tourist attraction symbols are given on the ‘T’ and ‘AT’ series of drawings. 3. The tile outlines do not form part of the sign. 4. COLOURS : Any contrasting colours, except red, may be used. Where Transport Alphabet is used, Transport Medium should be used for light characters on a dark background and Transport Heavy for dark characters on a light background. The tourist attraction panel is always brown with white symbols and border. The border of the panel shall be omitted when placed on a light background. 5. DIMENSIONS : Letter heights are in millimetres, other dimensions are in stroke widths based on the height of the smaller letters (5.6sw = capital letter height). The smaller legends in the sign illustrated have all be drawn at half the letter size of the place name. 6. The sign may be varied in accordance with the Traffic Signs Regulations and General Directions 2002. 0.5 “+ LES IM 1r a oy | 16 | 4 | 32 | 4 | 18 | Le P2403x1 2.5 2.5 nae ore TOWN VILLAGE BOUNDARY SIGN"
p976,400,500 600 750 900 125 150,,BACKGROUND ---------- WHITE NUMERALS & BORDER --- BLACK 600 X-HT 80 (750) 100 (900) (125) 150 (150) 120 RADIUS 40 INSIDE 60 OUTSIDE ~ RADIUS 10 INSIDE 30 OUTSIDE,"Drawing No. © CROWN COPYRIGHT P 976 NOTES: 1. The numerals are from the Transport Heavy alphabet at —=——— 400 (500) (600) ———» the x—heights shown. 2. The tile outlines do not form part of the sign. 3. All dimensions for the 600mm high sign shall be varied proportionally for the other sign heights. 4. COLOURS : Background -—---—---— WHITE Numerals & Border --— BLACK 600 x—ht 80 (750) 100 (900) (125) 150 (150) 120 Radius 40 inside 60 outside ~ Radius 10 inside 30 outside Before using this drawing, confirm P976 that it has not been superseded. Title: Tramway Sign Issue: Date: | Drawn by: Dimensions: Drawing No. Department for A: 15.11.04 RM. Transport MAXIMUM SPEED LIMIT FOR TRAMCARS B: Approved by: | MILLIMETRES P O76 IN KILOMETRES PER HOUR c: R.M. "
p1012x2,,,,,"Drawing No. P 1012.2 | Nor Top of rib 11 Max (nominal 9) + x 1. Spacing of the Raised Rib: © CROWN COPYRIGHT The spacing of the raised rib shall be 500mm, except that a spacing of 250mm may be used on motorway slip road edge lines. The spacing on the main carriageway edge lines (including the back edge of an actively managed hard shoulder) will always be 500mm. 2. Drainage Gaps: Drainage gaps 100mm to 150mm wide spaced at 36 metre intervals should be provided in raised rib edge lines to promote free surface water drainage, and must be provided where the longitudinal fall is less than 1 in 150, in order to prevent ice formation. 3. The width of the line is reduced from 200mm to 150mm when used to delineate the back edge of an actively managed hard shoulder. Level of top of base edge line Level of carriageway surface + wi 2 s] Z Paazzn a 250 or 500 (see Note 1) 40 min 50 max F NS AN 200 / x Z t t | | — Width of raised rib (x) _ need not be continuous 100 150 but shall total at least (see Note 2) 80% of line width Before using this drawing, confirm P1012x2 that it has not been superseded. Department for Transport Title: Motorway Road Marking WHITE RAISED RIB EDGE LINE Issue: Date: Drawn by : A: 29.6.94 S.P. B: 111.05} Approved by: Cc: 14.11.11 R.M. Dimensions : MILLIMETRES Drawing No. P 1012.2 "
p1012x3,150,200,,,"Drawing No. (C) CROWN COPYRIGHT P 1012.3 NOTES: 1 Spacing of the Raised Rib: The spacing of the raised rib shall be 500mm. Width of base edge line: The 200mm line width shall be used on all—purpose roads with hard shoulders. Drainage Gaps: Drainage gaps 100mm to 150mm wide spaced at 36 metre intervals should be provided in raised rib edge lines to promote free surface water drainage, and must be provided where the longitudinal fall is less than 1 in 150, in order to prevent ice formation. Top of rib Level of 8 Max Level of top of carriageway surface (nominal 6) base edge line a el, any é) a t AN NS NN NN 40 min | 500 50 max (see Note 1) ar t 150 X (200 i Z i (See | Note 2) a —_— Width of raised rib (x) 100 — 150 need not be continuous but shall total at least (see Note 3) 80% of line width Before using this drawing, confirm P1012x3 that it has not been superseded. Title : Issue: Date: Drawn by: Dimensions: Drawing No. Department for All-purpose Road Marking A 29.6.94 S.P. B 11.1.05 | Approved by MILLIMETRES Transport | write raised RIB EDGE LINE P 1012.35 Cc R.M. "
p1014,700,4500 525 1050 150 300 1500 3000,,ARROW --- WHITE THE ARROW MAY BE REVERSED IN A MIRROR IMAGE TO INDICATE A MOVEMENT TO THE RIGHT. | (4500) 6000 (9000) IY | (525) 700 | (1050) EEE EE EEE EE EEE EEE EEE IE EI EE EE EEE EE EEE,"Drawing No. (©) CROWN COPYRIGHT P 1014 NOTES: 1. The grid does not form part of the marking. COLOUR : Arrow ——— WHITE The arrow may be reversed in a mirror image to indicate a movement to the right. | (4500) 6000 (9000) iy | (525) 700 | (1050) eee ee eee ee eee eee eee ie ei ee ee eee ee eee (150 200 (300 —_ (1500) 2000 (3000) __ Before using this drawing, confirm P1014 that it has not been superseded. Title Issue: Date: Drawn by: Dimensions: Drawing No. Department for Road Marking A 29.6.94 S.P. B MILLIMETRES Transport DEFLECTION ARROW 17.2.05 | Approved by: P 1014 Cc R.M. "
p1029,,,x,LETTERS & ARROWS --- WHITE DIRECTION OF ONE-WAY TRAFFIC 150 _ S LHDIE WOOT EE 7 560 R AO <= LOOK LEFT _+ F 150 MIN ) EDGE OF CARRIAGEWAY T (,"Drawing No. © CROWN COPYRIGHT P 1029 NOTES: 1. The letters are from Schedule 13 Part VI (c) to the Regulations at 200 x—height (280mm upper ( Edge of carriageway ( case letter height). 2. COLOURS : Letters & Arrows —-— WHITE DIRECTION OF ONE-WAY TRAFFIC 150 _ S LHDIE WOOT ee 7 560 r ao <= LOOK LEFT _+ f 150 min ) Edge of carriageway t ( Before using this drawing, confirm P1029 that it has not been superseded. Department for Title: Road Marking ‘seve: Sones Prown ey Dimensions: Drawing No. Transport DIRECTION IN WHICH PEDESTRIANS B: 10.305 | Approved by:| MILLIMETRES Pp 1 Q29 SHOULD LOOK FOR APPROACHING TRAFFIC | ¢: RM. "
p1035,1000,1750 2800 1750 2800 3150 2800 1750 2800,,WHITE,"aR TITLE Department for Transport | Lane Destinations | 24.03.2023 DATE DRAWING NUMBER 1035 | CITY) AB YORK Edge of carriagewy NOTES: 4000 (6000) I RING ROAD 1000 (1750) 1600 (2800) 1000 (1750) 1600 (2800) 1800 (3150) 1600 (2800) 1000 (1750) 1600 (2800) 1. Route numbers and place names may be varied as appropriate but the words “turn left”, “ahead” or “turn right” must not be included in the marking; arrows may be omitted. 2. Colours: WHITE "
p1038,,,,ARROWS --- WHITE SHEET 1 OF 3 2. THE SINGLE ARROW INDICATING A LEFT TURN AND THE DOUBLE ARROW INDICATING AHEAD AND A RIGHT TURN MAY BE REVERSED IN A MIRROR IMAGE. 3. THE SINGLE ARROWS FORM PART OF THE,"Drawing No. Before using this drawing, confirm © CROWN COPYRIGHT that it has not been superseded. P 1038 NOTES: 1. COLOUR : Arrows ——— WHITE Sheet 1 of 3 2. The single arrow indicating a left turn and the double arrow indicating ahead and a right turn may be reversed in a mirror image. 3. The single arrows form part of the road markings 750 shown in diagrams 1035, 1036.1, 1036.2 and [7 850 | 1037.1 in TSRGD 2002. 600 600 4. See sheet 2 for arrows that are 6 metres long -b— and sheet 3 for arrows that are 9 metres long. 1200 —> 300 —| 500 500 1000 | 1 1600 1750 4 Ss = 400 | 750 \[S 400 120\ ' 300° \[_ tL. a H —— 120 } 575 4000 350 4 Ji 1000 | PPR 425 ' 110 %, 1 y ' ' | — 1860 ' 190 ' ' 1 LL U LU 300 300 300 300 P1038-1 Title: Road Markings Issue: Date: | Drawn by: Dimensions: Drawing No. pepe te TRAFFIC LANE ARROWS Ar 506.94) SP. P 1038 ranspor 8: 1.898) Approved by:| MILLIMETRES 4 metres long CC: 17.2.05 RM. Sheet 1 of 3 "
p1038x1,,,,"MARKING --- WHITE SHEET 1 OF 2 2. EXAMPLES OF SUGGESTED RADII FOR A, B AND C ARE SHOWN IN THE TABLE. THESE VARY PROPORTIONALLY WITH THE OVERALL ARC RADIUS THAT THE ARROW LIES ON. THE ARROW IS IDENTICA","Drawing No. © CROWN COPYRIGHT P 1038.1 NOTES: 1. COLOUR : Marking --- WHITE Sheet 1 of 2 2. Examples of suggested radii for A, B and C are shown in the table. These vary proportionally with the overall arc radius that the arrow lies on. The arrow is identical to the one used for a mini—roundabout marking as shown on drawing 1003.4 sheet 1. 3. The arrow may be reversed in a mirror image 6 35° Radius C \ to indicate a movement to the left. ov _ 4. See sheet 2 for figure B that shows the larger ie) arrow. 360 350 Radius B FIGURE A Figure A Suggested Radii Arc Radius A 8 c 1750 1500 | 1800 | 2100 2000 1720 | 2050 | 2400 2250 1930 | 2310 | 2700 2500 2150 | 2570 | 3000 3000 2570 | 3090 | 3600 3500 3000 | 3600 | 4200 -| 200 Before using this drawing, confirm P1038x1—-1 that it has not been superseded. Title: Road Marki Issue: Date: | Drawn by: Dimensions: Drawing No. Department for coe were ne ones! RM. mens “ng Transport INDICATION OF ROUTE B: approves vy:| wiuimerres| P 1038.1 THROUGH A JUNCTION c: RM. Sheet 1 of 2 "
p1039,,,,ARROW --- WHITE SHEET 1 OF 2 2. THE MARKING MAY BE REVERSED IN A MIRROR IMAGE TO INDICATE A BIFURCATION TO THE RIGHT. 3. SEE SHEET 2 FOR BIFURCATION ARROWS THAT ARE 8 METRES AND 16 METRES LONG. 200 61,"Drawing No. Before using this drawing, confirm © CROWN COPYRIGHT p 1039 that it has not been superseded. NOTES: 1. COLOUR : Arrow ——— WHITE Sheet 1 of 2 2. The marking may be reversed in a mirror image to indicate a bifurcation to the right. 3. See sheet 2 for bifurcation arrows that are 8 metres and 16 metres long. 200 6100 2100 4 === -— 1100 =e T —— 4600 _. | 7700 | F 32000 =| 6100 | 1050 P1039-1 Title: Road Marking Issue: Date: | Drawn by: Dimensions: Drawing No. Department for A: 30.6.94 S.P. Transport BIFURCATION ARROW B: 18.2.05 | Approved by:| MILLIMETRES P 1039 32 metres long c: RM. Sheet 1 of 2 "
p1057,,,,CYCLE SYMBOL --- WHITE 4. THE SYMBOL SHALL BE REVERSED WHEN USED WITH A RIGHT TURNING ARROW.,"Drawing No. P 1057 (1215) 1780 (2750) P1057 = (750) 1100 (1700) | NOTES: — 1. nn (121.5) 178 (275) © CROWN COPYRIGHT The marking is based on the cycle symbol shown on drawing S 24 and stretched vertically by a factor of 2.75. 2. The grid does not form part of the marking. 3. COLOUR : Cycle Symbol —-— WHITE 4. The symbol shall be reversed when used with a right turning arrow. Before using this drawing, confirm that it has not been superseded. Department for Transport Title: Road Marking CYCLE SYMBOL Issue: Date: A: 30.6.94 B: 11.7.03 Cc: Drawn by: S.P. Approved by: R.M. Dimensions: MILLIMETRES Drawing No. P 1057 "
p1059,500,250 200 100 100 175 250 400 1000,,"ARROWS --- WHITE (250) 2. THE ARROW INDICATING A LEFT TURN M=- 400 MAY BE REVERSED IN A MIRROR IMAGE. (200) 200 | 200 I OSE 7 (100) | (100) (175) 500 (250) 875 800 (45A) A (400) ""R= 2000 (1000) BEFORE","Drawing No. © CROWN COPYRIGHT P 1059 500 NOTES: 1. COLOUR : Arrows ——— WHITE (250) 2. The arrow indicating a left turn m=— 400 may be reversed in a mirror image. (200) 200 | 200 i ose 7 (100) | (100) (175) 500 (250) 875 800 (45a) A (400) ""R= 2000 (1000) Before using this drawing, confirm P1059 that it has not been superseded. Title: Road Markings Issue: Date: | Drawn by: Dimensions: Drawing No. Department for A: 30.6.94 S.P. Transport RRO ce on wow e 18.2.05 poproved by:| MILLIMETRES P 1059 "
schedule-12-part-1-p2010x1-p2934,,,x,"TOP SIGN PANEL BACKGROUND ------ BLUE 16 DOR; ES A -= .. "" "" ""LEGEND --- WHITE DIA 22 (F) 300 V. I S 75 MIN X-HT BOTTOM SIGN PANEL BACKGROUND DARK GREEN T AA PEE TONICS 300 MAX ‘NORTHTOWN’ PANEL LE","Drawing No. Related drawing Before using this drawing, confirm © CROWN COPYRIGHT Pp 201 O 1 P 612 that it has not been superseded. : NOTES: 1. The legend is from the Transport Medium alphabet on the top panel and the Transport Heavy alphabet on the ‘Northtown’ panel at the x—heights shown. Equal Equal 2. The tile outlines do not form part of the sign. white +4 3. The roundel is proportional to the one shown on drawing P 612 border 0.5 and may be varied to one shown on drawing P 613 or P 614. + = 1.5r 7| , . 4, COLOURS : Top Sign Panel Background —---—— BLUE 16 DOr; es a —= .. "" "" ""Legend -—— WHITE dia 22 (F) 300 V. i S 75 min x-ht Bottom Sign Panel Background DARK GREEN t aa Pee tonics 300 max ‘Northtown’ Panel Legend —-— BLACK i = 6.5 "" 4 Background — Route Symbol & Borders —---—-—-—— i} Prohibitory roundel as shown on P 612 with added WHITE border 1.5 5. DIMENSIONS : x—heights are in millimetres, other dimensions are in stroke widths. (4sw = x—height) MH © Other Dimensions oY 4 Other Dimensions a be Note: — The route symbol is always ist + 4sw wide irrespective of the am 1r status of the route indicated 300 max y, an L A 1r 4 4 42° 2.5 T T | r This drawing should be used in conjunction with the Traffic Signs Manual Chapter 7 1 t dale P2010x1 Department for Title: Primary Route Directional Sign issue: ob nes nr by: Dimensions : | Drawing No. DISTANCE TO PROHIBITED MOVEMENT : “ - SEE ranspor B: 11.11.11 | Approved by: NOTE 5 . AND DIRECTION TO DESTINATION c: RAM. "
s55,,,x,,"Drawing No. Before using this drawing, confirm S 55 that it has not been superseded. END OF MOTORWAY Red cancellation bar NOTES: 1. © CROWN COPYRIGHT The grids do not form part of any sign to which the symbols are applied. 2. Dimensions are given in grid divisions, (normally equal to 1/4 x—height for the symbol without the red bar) rrr MOTORWAY 20 16 20 I 18 S55 Department for |“: Symbol ennnreoe Eabeds Dimensions | Prowing No Transport MOTORWAY c. 1.17.02 “Peres by: GRID DIVISIONS S ere) "
s32,,,x,,"Drawing No. S 32 $32-1 sheet 1 of 5 Before using this drawing, confirm that it has not been superseded. NOTES: © CROWN COPYRIGHT 1. The grid does not form part of any sign to which the symbol is applied. 2. Dimensions are given in grid divisions, (normally equal to 1/4 x—height) 3. The symbol may be reversed as appropriate. (see sheets 2, 3 & 4 for weight limits on side) (see sheet 5 for prohibition with red bar) Department for Transport Title : Symbol LORRY Issue: A: B: Cc: Date: 18.2.94 12.11.02 14.91.11 Drawn by : S.P. Approved by: R.M. Dimensions : ALL IN GRID DIVISIONS Drawing No. heet S 32 Vers "
s24,,,x,,"Drawing No. Before using this drawing, confirm S D4 that it has not been superseded. $24 © CROWN COPYRIGHT NOTES: 1. The grid does not form part of any sign to which the symbol is applied. 2. Dimensions are given in grid divisions, (normally equal to 1/4 x—height) 3. The symbol may be reversed as appropriate. Department for Transport Title: Symbol Issue: A: BICYCLE ®. Cc: Date: 17.2.94 12.11.02 Drawn by: S.P. Approved by: R.M. Dimensions: ALL IN GRID DIVISIONS Drawing No. S 24 "
s02,,,x,,"Drawing No. © CROWN COPYRIGHT S 2 NOTES: 1. The grid does not form part of any sign to which the symbol is applied. 2. Dimensions are given in grid divisions, (normally equal to 1/4 x—height) 3. The symbol may be reversed when used on directional signs. Before using this drawing, confirm S02 that it has not been superseded. Title: Issue: Date: | Drawn by: Dimensions: Drawing No. Department for Symbo A: 16.294] SP. Transport PEDESTRIAN B: 12.11.02] Approved by:| Att IN S 2 c: RM. GRID DIVISIONS "
s08,,,,,"Drawing No. © CROWN COPYRIGHT S 8 NOTES: 1. The grid does not form part of any sign to which the symbol is applied. 2. Dimensions are given in grid divisions. 3. The symbol may be reversed when used on directional signs indicating bridleways. 14 | 16 Before using this drawing, confirm S08 that it has not been superseded. Title: : : : i i : i . Department for itle Symbol issue re rewn, by Dimensions Drawing No. Transport ACCOMPANIED b: 121102 | approves by] ALL IN S 8 HORSES OR PONIES c: rm, [GRID DIVISIONS "
s30,,,x,,"Drawing No. © CROWN COPYRIGHT S 30 NOTES: 1. The grid does not form part of any sign to which the symbol is applied. 2. Dimensions are given in grid divisions, (normally equal to 1/4 x—height) 3. The symbol may be reversed or angled when used on directional signs. Before using this drawing, confirm $30 that it has not been superseded. Title: Issue: Date: | Drawn by: Dimensions: Drawing No. Department for Symbo A: 17.294] SP. Transport AIRCRAFT B: 12.11.02 Approved by:| Att IN S 30 c: RM. GRID DIVISIONS "
s38,,,x,BACKGROUND ------- RED WIDTH 16 WITHOUT BORDER ARROWS & BORDER --- WHITE 0.5 (THE WHITE BORDER IS USED ON DARK BACKGROUND SIGNS) 11. 10 \ 4 75 1.25 LIB | | GID 12.5 | DIVISION,"Drawing No. © CROWN COPYRIGHT S 38 NOTES: 1. The grid does not form part of any sign to which the symbol is applied. -=—_—————- 17 with border ————————+} 2. Dimensions are given in grid divisions (normally equal to 1/4 x—height). hit border 3. COLOURS : Background ------— RED width 16 without border Arrows & Border ——— WHITE 0.5 (The white border is used on dark background signs) 11. 10 \ 4 75 1.25 lib | | gid 12.5 | division Before using this drawing, confirm $38 that it has not been superseded. Title: Issue: Date: | Drawn by: Dimensions: Drawing No. Department for Symbol A: 17.294] sp. Transport | RAiLWAY STATION — | & 3] te 57 acti S 38 c: RM. GRID DIVISIONS "
s39,,,x,IN ACCORDANCE WITH THE 12.5 REQUIREMENTS OF TRANSPORT FOR LONDON. BACKGROUND (TILE) --- WHITE ROUNDEL ---~-------- RED HORIZONTAL BAR ------- DARK BLUE (THE WHITE TILE IS USED ON DARK BACKGROUND SIGNS,"Drawing No. © CROWN COPYRIGHT S 39 NOTES: 1. The grid does not form part of any sign to which the symbol is applied. 2. Dimensions are given in grid divisions 14 (normally equal to 1/4 x—height). | | 3. COLOURS : In accordance with the 12.5 requirements of Transport for London. Background (tile) --— WHITE Roundel -—-~-----—-— RED Horizontal Bar —--—-—— DARK BLUE (The white tile is used on dark background signs) 12.1 6.5 10 . dia dia a grid division Before using this drawing, confirm $39 that it has not been superseded. Title: Issue: Date: | Drawn by: Dimensions: Drawing No. | Transbo, for Symbo A: 17.2.94 : ALL IN ransport |,onpon uNDERGROUND STATION B: 41.02) approved By] 0S IGIONS S 39 "
s34,,,x,,"Drawing No. Related Drawing sheet S 34 4 of aL S16 NOTES: © CROWN COPYRIGHT The grid does not form part of any sign to which the symbol is applied. Dimensions are given in grid divisions (normally equal to 1/4 x—height). The symbol may be reversed as appropriate. See also drawing S 16 for car symbol. Car and lorry ferry is shown on sheet 2. Lorry only ferry is shown on sheet 3. Pedestrian ferry is shown on sheet 4. 46 S34-1 Before using this drawing, confirm that it has not been superseded. Department for | ™'*' Transport Symbol CAR FERRY Issue: A: B: Cc: Date: 18.2.94 12.11.02 Drawn by: S.P. Approved by: R.M. Dimensions: Drawing No. ALL IN sheet GRID DIVISIONS S 54 1 of 4 "
s56,,,x,SYMBOLS (SOLID & OUTLINE) --- BLACK 3. THE SYMBOLS SHOWN ARE FOR USE ON SIGNS WITH YELLOW BACKGROUNDS. SEE SHEET 2 FOR SYMBOLS USED SIGNS WITH OTHER BACKGROUND COLOURS. } FO} 5.5 60 5.5 (7.7) (7.7),"Drawing No. sheet Before using this drawing, confirm S 56 1 of 3 that it has not been superseded. ° © CROWN COPYRIGHT NOTES: 1. Dimensions are given in stroke widths which relate to the x—heights of the signs on which the symbols are placed (4sw = x—ht). The larger dimensions in brackets are used on the signs shown in diagrams 2703 and 2704. 2. COLOURS : Symbols (solid & outline) --- BLACK 3. The symbols shown are for use on signs with yellow backgrounds. See sheet 2 for symbols used signs with other background colours. } fo} 5.5 60 5.5 (7.7) (7.7) a ee 5.5—-+| 9.5 (13.3) —+] (7.7) 5.5 5.5 (1.05) F F (1.05) F 023 outline outline tl outline S56-1 Title: Issue: Date: | Drawn by: Dimensions: Drawing No. | Department for Symbols A: 28.7.94 S.P. SEE Transpor ft | DIVERSION ROUTE SYMBOLS | & 111102| Avoroved by: NOTE 1 C: 28.11.16 R.M. heet S 56 rors "
s59,,,,SYMBOL --- DARK GREEN 4. SEE SHEET 2 FOR THE SYMBOL ON A WHITE TILE USED ON DARK BACKGROUND SIGNS. | 12.5 |,"Drawing No. sheet S 59 1 of 2 © CROWN COPYRIGHT NOTES: 1. The grid does not form part of any sign to which the symbol is applied. 2. Dimensions are given in grid divisions. 3. COLOURS : Symbol ——— DARK GREEN 4. See sheet 2 for the symbol on a white tile used on dark background signs. | 12.5 | Before using this drawing, confirm S59-1 that it has not been superseded. Department for Title : Symbol Issue: Date: Drawn by : Dimensions : | Drawing No. Tran rt RECYCLING CENTRE ee ee ALL IN sheet a Spo. B: 11.11.11} Approved by:| Ge15 Divisions S 59 1 of 2 (for use on white background signs) Cc: RM. "
s44-document,,,x,- | ( > ‘WC’ & BORDER --- BLACK ON LIGHT BACKGROUND SIGNS ( _ WHITE ON DARK BACKGROUND SIGNS BACKGROUND ----- SAME COLOUR AS MAIN SIGN 14 7 14,"Drawing No. S 44 © CROWN COPYRIGHT NOTES: 1. The grid does not form part of any sign to which the symbol is applied. 2. Dimensions are given in grid divisions, (normally equal to 1/4 x—height) - 3. COLOURS :— | ( > ‘WC’ & Border —-— BLACK on light background signs ( _ WHITE on dark background signs Background ——-—— Same colour as main sign 14 7 14 Before using this drawing, confirm S44 that it has not been superseded. Title: Issue: Date: | Drawn by: Dimensions: Drawing No. | Department for Symbo A: 17.294] SP. Transport PUBLIC TOILETS B: 13.11.02] Approved by: ALL IN S 44 c: RM. GRID DIVISIONS "
s45,,,,SYMBOL --- WHITE TILE ------ BLUE . THE SYMBOL SHALL NOT BE REVERSED. SEE SHEET 2 FOR DISABLED PERSONS SYMBOL USED ON INFORMATORY SIGNS.,"Drawing No. sheet S 45 4 of 2 14 Ir S$45-1 NOTES: 1. won aN © CROWN COPYRIGHT The grid does not form part of any sign to which the symbol is applied. . Dimensions are given in grid divisions. COLOURS : Symbol —-— WHITE Tile -—---— BLUE . The symbol shall not be reversed. See sheet 2 for disabled persons symbol used on informatory signs. Before using this drawing, confirm that it has not been superseded. Department for Transport Title: Symbol DISABLED BADGE HOLDER (for use on regulatory signs) Issue: A: B: Cc: Date: 17.2.94 13.11.02 Drawn by: S.P. Approved by: R.M. Dimensions: Drawing No. ALL IN sheet GRID DIVISIONS S 4S 1 of 2 "
s48,,,x,"SYMBOL --- WHITE TILE ----- BLACK 4. THE TILE IS OMITTED WHEN THE WHITE SYMBOL IS PLACED ON A DARK BACKGROUND, IN WHICH CASE THE 14 X 15 GRID IS USED. 5. THE SYMBOL MAY BE REVERSED. VARIANT SEE NOT","Drawing No. Before using this drawing, confirm S 48 that it has not been superseded. 14 | 1} S48 © CROWN COPYRIGHT NOTES: 1. The grids do not form part of any sign to which the symbols are applied. 2. Dimensions are given in grid divisions, (normally equal to 1/4 x—height) 3. COLOURS : Symbol ——— WHITE Tile ----- BLACK 4. The tile is omitted when the white symbol is placed on a dark background, in which case the 14 x 15 grid is used. 5. The symbol may be reversed. Variant see Note 4 Department for |“: Transport SHOPMOBILITY Symbol Drawn by: Dimensions: Drawing No. R.M. ALL IN Approved by: a M y GRID DIVISIONS S 4 3 "
s41,,,,,"Drawing No. Before using this drawing, confirm S 41 that it has not been superseded. S41 NOTES: 1. © CROWN COPYRIGHT The grid does not form part of any sign to which the symbol is applied. Dimensions are given in grid divisions. The symbol on tile A may be reversed as appropriate. Tile B Department for Transport Title: Symbol TELEPHONE Issue: A: B: Cc: Date: 17.2.94 13.11.02 Drawn by: S.P. Approved by: R.M. Dimensions: ALL IN Drawing No. GRID DIVISIONS S 4 "
ns69,,,x,BACKGROUND ------ BLUE CHEQUERBOARD --- WHITE 1 (- >) A A WHITE BORDER OF 1/2 GRID DIVISION SHALL BE ADDED WHEN THE SYMBOL IS USED ON A DARK BACKGROUND. 12 0.5R A 18,"Drawing No. © CROWN COPYRIGHT NS 69 NOTES: 1. The grid does not form part of any sign to which the symbol is applied. 2. Dimensions are given in grid divisions (normally equal to 1/4 x—height). 3. COLOURS : Background —-—-—— BLUE Chequerboard ——— WHITE 1 (— >) a A white border of 1/2 grid division shall be added when the symbol is used on a dark background. 12 0.5r a 18 Before using this drawing, confirm NS69 that it has not been superseded. Title: Issue: Date: | Drawn by: Dimensions: Drawing No. | Transpo t Symbo| A: 239.03} RM. ALIN : LL | B: 2.8.07 : ranspor POLICE STATION | ® rerrred £9:| cao osons| NS 69 "
s49,,,x,- SYMBOL BORDER IF USED BACKGROUND BACKGROUND --- RED - WHITE - WHITE --- BLUE WHEN USED WITH ‘NO A & E’ SUPPLEMENTARY PLATES WHEN USED WITH ‘A & E’ OR ‘MINOR INJURY UNIT’ SUPPLEMENTARY PLAT,"Drawing No. sheet S49 i of 5 14 NOTES: 1. © CROWN COPYRIGHT The grid does not form part of any sign to which the symbol is applied. Dimensions are given in grid divisions, (normally equal to 1/4 x—height) COLOURS :- Symbol Border if used Background Background —-— RED — WHITE — WHITE —-— BLUE when used with ‘No A & E’ supplementary plates when used with ‘A & E’ or ‘Minor injury unit’ supplementary plates (see sheets 2, 3, 4 and 5) 4. When the tile is placed on a white background the border is not used but the tile and symbol remain the same size. 1.75 1.75 8.4 S49-1 that wt has not been superseded. Department for Title: Symbol ‘seve tenes mre Dimensions: Drawing No. sncet Transport HOSPITAL : ree “perowee by: GRID DIMSIONS S 4 9 lof 5 "
p2503,,,x,"MAIN SIGN BACKGROUND ------ WHITE LEGEND, BORDER & ARROW - BLACK SYMBOL PANEL -- BLUE ‘P’ & BUS SYMBOLS -- - WHITE RAILWAY STATION SYMBOL - SEE DWG S 38 5. DIMENSIONS : X-HEIGHTS ARE IN MILLIMETRES, O","Drawing No. Before using this drawing, confirm Pp 2503 that it has not been superseded. Sheet 1 of 3 66 r 58 4 4— ao 14 = = oh © “ 1 || Park and Ride 2 ai 300yds r alk th 1.5 1.5 4 NOTES: 1. The legend is from the Transport Heavy alphabet at the x-heights shown. 2. Symbol details are given on drawings S 25 sheet 1, S 38 and S 43. 3. The tile outlines do not form part of the signs. 4. COLOURS : Main sign background ----—— WHITE Legend, Border & Arrow — BLACK Symbol panel —— BLUE ‘P’ & Bus symbols —— — WHITE Railway station symbol — see dwg S 38 5. DIMENSIONS : x—heights are in millimetres, other dimensions are in stroke widths. (4sw = x—height) 6. See sheet 2 for other variants and sheet 3 for details of symbol panels. Pea Din f="" + 3 D | Pree Park & Ride|| , Park@Ridel|, | li 4 2 . 1.5 S 7i| 300yds > te <a [es Park & Ride || , 2 2.5 2.5 + r — 25-4 k-16—+h—a 7 ab dk 15 qual qual P2503 © CROWN COPYRIGHT ae Title: Directional Signs Issue: Date: Drawn by : Related drawings : Drawing No. A: 31.5.95 A.K Department PARK AND RIDE SCHEME PROVIDING c: 64.08 | Approved by: S 25 Sheet 1, P 2503 for Transport] ONWARD TRAVEL BY PUBLIC TRANSPORT | 5: 303.23 4B S38 & S 43 Sheet 1 of 3 "
s43,,,,"‘P’ SYMBOL & BORDER --- WHITE; TILE BACKGROUND ---- BLUE SYMBOL USED ON BLUE BACKGROUND SIGNS TILE USED ON INFORMATORY & DIRECTIONAL SIGNS 12 14 J --3,7-»| 2.6 | . - 7 (7 7 : : -) 9.75 0.5 : / : 16","Drawing No. sheet Before using this drawing, confirm © CROWN COPYRIGHT S 43 1 of 3 that it has not been superseded. NOTES: 1. The grids do not form part of any sign to which the symbols are applied. 2. Dimensions are given in grid divisions. The ‘P’ symbol on the tile has the same proportions as the symbol used on blue background signs and is reduced in size by the ratio of 10.75 to 16. 3. COLOURS : ‘P’ Symbol & Border —-— WHITE; Tile Background —-—— BLUE Symbol used on Blue background signs Tile used on Informatory & Directional signs 12 14 J ——3,7—»| 2.6 | . — 7 (7 7 : : —) 9.75 0.5 : / : 16 2.6 10.75 14 \e A J) 1.5 | | Ir 3.35 | 3.35 | When placed on a white background the border is omitted but the tile and symbol remain the same size. S43-1 Title : Issue: Date: Drawn by : Dimensions : | Drawing No. I Department for Symbo A: 17294] sp. Transport PARKING PLACE 8: 13.1102 approved by:\ a0 pimsions| 4 1 ot 5 Cc: 14.11.11 R.M. "
s23,,,,,"Drawing No. © CROWN COPYRIGHT S 23 NOTES: 1. The grid does not form part of any sign to which the symbol is applied. 2. Dimensions are given in grid divisions. 3. The symbol may be reversed when used on directional signs. I 18 | Before using this drawing, confirm $23 that it has not been superseded. Title: Issue: Date: | Drawn by: Dimensions: Drawing No. Department for Ar 16.294] SP. Transport | solo MOTOR CYCLE | & 2""| Mom Joad Mons] S23 Cc: R.M. Symbol "
s16,,,,,"Drawing No. Before using this drawing, confirm S 1 6 that it has not been superseded. S16 NOTES: 1. © CROWN COPYRIGHT The grid does not form part of any sign to which the symbol is applied. 2. Dimensions are given in grid divisions. 3. The symbol may be reversed when used on directional signs. Department for Transport Title: Symbol CAR (side view) Issue: A: B: Cc: Date: 17.2.94 12.11.02 Drawn by: S.P. Approved by: R.M. Dimensions: Drawing No. ALL IN GRID DIVISIONS S 1 6 "
s17,,,,,"Drawing No. Before using this drawing, confirm © CROWN COPYRIGHT S 1 7 that it has not been superseded. NOTES: 1. The grid does not form part of any sign to which the symbol is applied. 2. Dimensions are given in grid divisions. 3. The symbol may be reversed when used on directional signs. W oO S17 Title: Issue: Date: | Drawn by: Dimensions: Drawing No. Department for Ar 17.294] 9 SP. Transport CAR & CARAVAN B: 12.11.02 | Approved by: cri DIVISIONS S 1 / Cc: R.M. Symbol "
s25,,,,,"Drawing No. sheet Before using this drawing, confirm that it has not been superseded. S 25 1 of 3 P NOTES: 1. © CROWN COPYRIGHT The grids do not form part of any sign to which the symbols are applied. 2. Dimensions are given in grid divisions. $25-1 (see sheet 2 for word ‘local’ on side) (see sheet 3 for prohibition with red bar) Department for Transport Title: Issue: A: B: Date: 1.7.94 12.11.02 Drawn by: S.P. Approved by: R.M. Dimensions: ALL IN GRID DIVISIONS Drawing No. heet S 25 Fors "
s32,,,x,,"Drawing No. S 32 $32-1 sheet 1 of 5 Before using this drawing, confirm that it has not been superseded. NOTES: © CROWN COPYRIGHT 1. The grid does not form part of any sign to which the symbol is applied. 2. Dimensions are given in grid divisions, (normally equal to 1/4 x—height) 3. The symbol may be reversed as appropriate. (see sheets 2, 3 & 4 for weight limits on side) (see sheet 5 for prohibition with red bar) Department for Transport Title : Symbol LORRY Issue: A: B: Cc: Date: 18.2.94 12.11.02 14.91.11 Drawn by : S.P. Approved by: R.M. Dimensions : ALL IN GRID DIVISIONS Drawing No. heet S 32 Vers "
s24,,,x,,"Drawing No. Before using this drawing, confirm S D4 that it has not been superseded. $24 © CROWN COPYRIGHT NOTES: 1. The grid does not form part of any sign to which the symbol is applied. 2. Dimensions are given in grid divisions, (normally equal to 1/4 x—height) 3. The symbol may be reversed as appropriate. Department for Transport Title: Symbol Issue: A: BICYCLE ®. Cc: Date: 17.2.94 12.11.02 Drawn by: S.P. Approved by: R.M. Dimensions: ALL IN GRID DIVISIONS Drawing No. S 24 "
t001,,,x,SYMBOL & BORDER A BLACK ON WHITE BACKGROUND SIGNS SEEDY WHITE ON DARK BACKGROUND SIGNS (THE INSIDE OF THE TILE IS THE SAME COLOUR AS THE BACKGROUND ON WHICH IT IS PLACED) 14 @,"Drawing No. © CROWN COPYRIGHT T 1 NOTES: 1. The grid does not form part of any sign to which the symbol is applied. 14 2. Dimensions are given in grid divisions (normally equal to 1/4 x—height). | 3. COLOURS : Symbol & Border a BLACK on WHITE background signs seedy WHITE on DARK background signs (the inside of the tile is the same colour as the background on which it is placed) 14 @ Before using this drawing, confirm TOO1 that it has not been superseded. Department for Title: Tourist Attraction Issue: Date: | Drawn by: Dimensions: Drawing No. Trans ort Symbol A: 1.7.94 S.P. SEE T 1 B: 4.7.03 | A d by: P TOURIST INFORMATION c. pproved PY:) NOTE 2 "
s65,,,x,"- BACKGROUND CAR, SOCKET AND PLUG --~------- WHITE 0.5 --- . CAR SYMBOL DETAILS ARE GIVEN IN DRAWING S19. 1.5 THE CAR SYMBOL WHEN USED IN THIS DRAWING IS SIZED AT 11.4 SW BY 12.35 SW. 20 . WHEN USED O","eB e Related drawing | tort hos hot been superseded.” © cRown copyricit Sheet 1 of 2 S19 NOTES: 1. See sheet 2 for details of the plug and socket. 1.5 I . DIMENSIONS : x—heights are in millimetres, (~ > other dimensions are in stroke widths. 1.43r (4sw = x—height) . COLOURS :- Background Car, socket and plug --~---—-—— WHITE 0.5 ——— . Car symbol details are given in drawing S19. 1.5 The car symbol when used in this drawing is sized at 11.4 sw by 12.35 sw. 20 . When used on signing for services, the black background is omitted. C) | C) a | Co 1.5 \ ) x—ht } 100 min 2.55 200 max 20 S65-1 Department fo Title: Symbol issue: pate Prown by : Dimensions : | Drawing No. Transport ELECTRIC VEHICLE CHARGING an Pei SEE S 65 : prove yt POINT SYMBOL ¢: JB. NOTE 2 Sheet 1 of 2 "
t002,,,x,,"Drawing No. T 2 TOO2 NOTES: 1. © CROWN COPYRIGHT The grid does not form part of any sign to which the symbol is applied. Dimensions are given in grid divisions (normally equal to 1/4 x—height). Before using this drawing, confirm that it has not been superseded. Department for Transport Title: of historic or architectural interest Tourist Attraction Symbol CASTLE Issue: Date: 1.7.94 4.7.03 Drawn by: S.P. Approved by: R.M. Dimensions: Drawing No. SEE NOTE 2 Tq 2 "
t003,,,x,,"Drawing No. © CROWN COPYRIGHT T 3 NOTES: 1. The grid does not form part of any sign to which the symbol is applied. 2. Dimensions are given in grid divisions (normally equal to 1/4 x—height). Before using this drawing, confirm TOO3 that it has not been superseded. Department for Title : Tourist Attraction Symbol Issue: Date: | Drawn by: Dimensions: Drawing No. A: 1.7.94 SP. Transport HOUSE B: 4.7.03 | Approved by : Nowe 2 T S) of historic or architectural interest | ¢: RM. "
t004,,,x,,"Drawing No. T 4 TOO4 NOTES: 1. © CROWN COPYRIGHT The grid does not form part of any sign to which the symbol is applied. Dimensions are given in grid divisions (normally equal to 1/4 x—height). Before using this drawing, confirm that it has not been superseded. Department for Transport Title: Tourist Attraction Symbol PICNIC AREA Date: 1.7.94 4.7.03 Drawn by: S.P. Approved by: R.M. Dimensions: Drawing No. SEE NOTE 2 Tq 4 "
t005,,,x,,"Drawing No. Before using this drawing, confirm T 5 that it has not been superseded. NOTES: 1. 2. © CROWN COPYRIGHT The grid does not form part of any sign to which the symbol is applied. Dimensions are given in grid divisions (normally equal to 1/4 x—height). Issue C : Width dimension corrected TOOS Department for Title: Tourist Attraction Issue: Date: | Drawn by: Dimensions: Drawing No. Trans ort Symbol A: 1.7.94 SP. SEE T 5 B: 4.7.03 | Aj d by: P YOUTH HOSTEL Bi 47.03 Approved 87: NOTE 2 "
t006,,,x,,"© CROWN COPYRIGHT Drawing No. T 6 NOTES: 1. The grid does not form part of any sign to which the symbol is applied. 2. Dimensions are given in grid divisions (normally equal to 1/4 x—height). Before using this drawing, confirm TOO6 that it has not been superseded. Department for Title: Tourist Attraction Issue: Date: | Drawn by: Dimensions: Drawing No. Trans ort Symbol A: 1.7.94 S.P. SEE T 6 B: 2.5.95 | Approved by: P CARAVAN SITE or PARK | 6. 7oe.| ‘res ®Y:! note 2 "
t007,,,x,,"Drawing No. T 7 TOO7 © CROWN COPYRIGHT NOTES: 1. The grid does not form part of any sign to which the symbol is applied. 2. Dimensions are given in grid divisions (normally equal to 1/4 x—height). Before using this drawing, confirm that it has not been superseded. Department for Transport Title: Tourist Attraction Symbol CAMPING SITE or PARK Date: 1.7.94 4.7.03 Drawn by: Dimensions: Drawing No. S.P. repro by:| yoEE T 7 Pproved by: NOT RM. OTE 2 "
t008,,,x,,"Drawing No. T 8 T008 NOTES: 1. © CROWN COPYRIGHT The grid does not form part of any sign to which the symbol is applied. Dimensions are given in grid divisions (normally equal to 1/4 x—height). Before using this drawing, confirm that it has not been superseded. Department for Transport Title: Tourist Attraction Symbol WOODLAND RECREATION AREA Issue: A: B: Cc: Date: 1.7.94 10.2.03 Drawn by: R.M. Approved by: R.M. Dimensions: Drawing No. SEE NOTE 2 Tq fs) "
t009,,,x,,"Drawing No. TQ TOO9 NOTES: 1. © CROWN COPYRIGHT The grid does not form part of any sign to which the symbol is applied. Dimensions are given in grid divisions (normally equal to 1/4 x—height). The symbol may be reversed. Before using this drawing, confirm that it has not been superseded. Department for Transport Title: Tourist Attraction Symbol VIEWPOINT Issue: A: B: Cc: Date: 1.7.94 10.2.03 Drawn by: R.M. Approved by: R.M. Dimensions: Drawing No. SEE NOTE 2 Tq 9g "
t010,,,x,,"Drawing No. T 10 TO10 NOTES: 1. 2. © CROWN COPYRIGHT The grid does not form part of any sign to which the symbol is applied. Dimensions are given in grid divisions (normally equal to 1/4 x—height). Before using this drawing, confirm that it has not been superseded. Department for Transport Title: LIGHT Tourist Attraction Symbol REFRESHMENT FACILITIES Issue: A: B: Cc: Date: 10.2.03 Drawn by: R.M. Approved by: R.M. Dimensions: Drawing No. "
t011,,,x,,"Drawing No. © CROWN COPYRIGHT T 14 NOTES: 1. The grid does not form part of any 8 sign to which the symbol is applied. 2. Dimensions are given in grid divisions (normally equal to 1/4 x—height). yO YL 2 Before using this drawing, confirm TO11 that it has not been superseded. Title: Tourist Attraction Issue: Date: | Drawn by: Dimensions: Drawing No. Transpo t Symbol A: 10.2.03 R.M. SEE ranspor RESTAURANT c. Approved by: NOTE 2 T ‘ ‘ "
t012,,,x,,"Drawing No. T 12 NOTES: 1. TO12 © CROWN COPYRIGHT The grid does not form part of any sign to which the symbol is applied. Dimensions are given in grid divisions (normally equal to 1/4 x—height). The symbol may be reversed. Before using this drawing, confirm that it has not been superseded. Department for Transport Title: Tourist Attraction Symbol HOTEL or OTHER OVERNIGHT ACCOMMODATION Date: 10.2.03 Drawn by: R.M. Approved by: R.M. Dimensions: Drawing No. "
t101,,,x,,"Drawing No. T 101 7101 © CROWN COPYRIGHT NOTES: 1. The grid does not form part of any sign to which the symbol is applied. 2. Dimensions are given in grid divisions (normally equal to 1/4 x—height). Before using this drawing, confirm that it has not been superseded. Department for Transport Title: Tourist Attraction Symbol NATIONAL TRUST PROPERTY 11.7.03 Drawn by: Dimensions: Drawing No. S.P. SEE Approved by: NOTE 2 R.M. "
t102,,,x,,"Drawing No. © CROWN COPYRIGHT T 102 NOTES: 1. The grid does not form part of any sign to which the symbol is applied. 2. Dimensions are given in grid divisions which are normally equal to 1/4 x—ht. 3. The symbol may be reversed. Before using this drawing, confirm that it has not been superseded. T102 Title: Tourist Attraction Issue: Date: | Drawn by: Dimensions: Drawing No. Department for Symbol A: 1.7.94 SP. Transport FLOWER GARDEN 8: 1.703] Approved by:| yoee T 102 Cc: R.M. "
t103,,,x,,"Drawing No. T 103 NOTES: 1. © CROWN COPYRIGHT The grid does not form part of any sign to which the symbol is applied. Dimensions are given in grid divisions which are normally equal to 1/4 x—ht. The symbol may be reversed. Before using this drawing, confirm that it has not been superseded. T103 Department for Title: Tourist Attraction Symbol Issue: Date: | Drawn by: Dimensions: Drawing No. PRESERVED or TOURIST RAILWAY |“) 1794) SP. SEE B: 11.7.03 rove: : Tr anspor t or RAILWAY MUSEUM i. “ree | NOTE 2 T 103 "
t104,,,x,,"Drawing No. T 104 NOTES: 1. © CROWN COPYRIGHT The grid does not form part of any sign to which the symbol is applied. 2. Dimensions are given in grid divisions which are normally equal to 1/4 x—ht. 3. The symbol may be reversed. Before using this drawing, confirm T104 that it has not been superseded. Department for Title: Tourist Attraction Issue: Date: | Drawn by: Dimensions: Drawing No. Trans ort Symbol A: 1.7.94 S.P. SEE T 1 0 4 B: 11.7.03 | Approved by: P WATER SPORTS ACTIVITIES | @: peroved by:1 NOTE 2 "
t105,,,x,,"© CROWN COPYRIGHT Drawing No. T 105 NOTES: 1. The grid does not form part of any sign to which the symbol is applied. 2. Dimensions are given in grid divisions which are normally equal to 1/4 x—ht. 4 14 1 Before using this drawing, confirm T105 that it has not been superseded. Department for itle Tourist Attraction Symbol Issue Date Drawn by Dimensions Drawing No. A: 1.7.94 S.P. Transport CHURCH B:11703 SEE . . . . : 7 Approved by: NOTE 2 of historic or architectural interest | ¢: RM. "
t106,,,x,,"© CROWN COPYRIGHT Drawing No. T 106 NOTES: 1. The grid does not form part of any sign to which the symbol is applied. 2. Dimensions are given in grid divisions which are normally equal to 1/4 x—ht. 4 14 1 Before using this drawing, confirm T106 that it has not been superseded. Department for itle Tourist Attraction Symbol issue re Prewn sd Dimensions Drawing No. Transport CATHEDRAL a. tees P SEE . . ; . : 7 Approved by: NOTE 2 of historic or architectural interest | ¢: RM. "
t107,,,x,,"© CROWN COPYRIGHT Drawing No. T 107 NOTES: 1. The grid does not form part of any sign to which the symbol is applied. 2. Dimensions are given in grid divisions which are normally equal to 1/4 x—ht. Before using this drawing, confirm T107 that it has not been superseded. Department for Title: Tourist Attraction Issue: Date: | Drawn by: Dimensions: Drawing No. Trans ort Symbol A: 1.7.94 S.P. SEE T 1 0 7 B: 11.7.03 | Approved by: P WILDLIFE PARK .. peroved by:1 NOTE 2 "
t108,,,x,,"© CROWN COPYRIGHT Drawing No. T 108 NOTES: 1. The grid does not form part of any sign to which the symbol is applied. 2. Dimensions are given in grid divisions which are normally equal to 1/4 x—ht. Before using this drawing, confirm T108 that it has not been superseded. Department for itle Tourist Attraction Symbol issue re Prewn sd Dimensions Drawing No. Transport WINDMILL a. tees P SEE . . . : 7 Approved by: NOTE 2 of historic or architectural interest | ¢: RM. "
t109,,,x,,"Drawing No. T 109 NOTES: 1. © CROWN COPYRIGHT The grid does not form part of any sign to which the symbol is applied. Dimensions are given in grid divisions which are normally equal to 1/4 x—ht. The symbol may be reversed. Before using this drawing, confirm that it has not been superseded. 7109 Department for Title: Tourist Attraction Issue: Date: | Drawn by: Dimensions: Drawing No. Ti Symbol A: 1.7.94 SP. SEE ransport 700 c. 11.7.03 ‘ere by: NOTE 2 T 1 O 9 "
t110,,,x,,"Drawing No. © CROWN COPYRIGHT T 110 NOTES: 1. The grid does not form part of any sign to which the symbol is applied. 2. Dimensions are given in grid divisions which are normally equal to 1/4 x—ht. 3. The symbol may be reversed. Before using this drawing, confirm T110 that it has not been superseded. Title: Tourist Attraction Issue: Date: | Drawn by: Dimensions: Drawing No. Department for Symbol A: 1.7.94 S.P. SEE Tr anspor t AGRICULTURAL MUSEUM c,h 7O8 | Approved y=) NOTE 2 T 110 Cc: R.M. "
t111,,,x,,"© CROWN COPYRIGHT Drawing No. T 111 NOTES: 1. The grid does not form part of any sign to which the symbol is applied. 2. Dimensions are given in grid divisions | | 14 =| which are normally equal to 1/4 x—ht. 1 14 Before using this drawing, confirm 111 that it has not been superseded. Department for Title: Tourist Attraction Issue: Date: | Drawn by: Dimensions: Drawing No. Trans ort Symbol A: 1.7.94 S.P. SEE T 1 1 1 B: 11.7.03 | A d by: P EQUESTRIAN CENTRE .. pereved Py:! NOTE 2 "
t112,,,x,,"Drawing No. © CROWN COPYRIGHT T 112 NOTES: 1. The grid does not form part of any sign to which the 16 symbol is applied. F 2. Dimensions are given in grid divisions (normally equal to 1/4 x—height). | : ! Loe a re ee ce J Before using this drawing, confirm 112 that it has not been superseded. Title: Tourist Attraction Issue: Date: | Drawn by: Dimensions: Drawing No. Department for Symbol A: 17.94] SP. Transport COUNTRY PARK 8: 17.703] Approved by:| yoee T 112 Cc: R.M. "
t113,,,x,,"Drawing No. © CROWN COPYRIGHT T 113 NOTES: 1. The grid does not form part of any sign to which the symbol is applied. 2. Dimensions are given in grid divisions TO - ; : : : which are normally equal to 1/4 x—ht. | : : : : 3. The symbol may be reversed. 14 Before using this drawing, confirm T113 that it has not been superseded. Department for Title: Tourist Attraction Issue: Date: | Drawn by: Dimensions: Drawing No. Trans ort Symbol A: 1.7.94 S.P. SEE T 1 1 3 B: 17.7.03 | Approved by: P BIRD GARDEN c. pproved bY: NOTE 2 "
t114,,,x,,"Drawing No. T 114 © CROWN COPYRIGHT NOTES: 1. The grid does not form part of any sign to which the symbol is applied. 2. Dimensions are given in grid divisions which are normally equal to 1/4 x—height. 3. The trees may be of the same type or one or both may be omitted from the symbol. 7114 12 Before using this drawing, confirm that it has not been superseded. Department for Transport Title: Tourist Attraction Issue: Date: | Drawn by: Dimensions: Drawing No. Symbol A: 1.7.94 S.P. : SEE PLEASURE or THEME PARK | 6. yes) “Pes? ¥'| Note 2 T 114 17.7.03 R.M. "
t115,,,x,,"Drawing No. © CROWN COPYRIGHT T 115 NOTES: 1. The grid does not form part of any sign to which the symbol is applied. 2. Dimensions are given in grid divisions (normally equal to 1/4 x—height). 3. The symbol may be reversed. Before using this drawing, confirm 115 that it has not been superseded. Department for Title: Tourist Attraction Issue: Date: | Drawn by: Dimensions: Drawing No. Trans ort Symbol A: 1.7.94 SP. SEE T { { 5 B: 29.12.03 | Approved by: P NATURE RESERVE c. peroved PY:! NOTE 2 "
t116,,,x,,"Drawing No. © CROWN COPYRIGHT T 116 NOTES: 1. The grid does not form part of any sign to which the symbol is applied. 2. Dimensions are given in grid divisions (normally equal to 1/4 x—height). 3. The symbol may be reversed. Before using this drawing, confirm T1116 that it has not been superseded. Title: Tourist Attraction Issue: Date: | Drawn by: Dimensions: Drawing No. Department for Symbol A: 1.7.94 S.P. SEE Tr ansport HISTORIC DOCKYARD ce | Apmreved °Y:) NOTE 2 T 116 Cc: R.M. "
t117,,,x,,"Drawing No. © CROWN COPYRIGHT T 117 NOTES: 1. The grid does not form part of any sign to which the symbol is applied. 2. Dimensions are given in grid divisions (normally equal to 1/4 x—height). Before using this drawing, confirm T117 that it has not been superseded. Title: Tourist Attraction Issue: Date: | Drawn by: Dimensions: Drawing No. Department for Symbol A: 1.7.94 S.P. Transport MIR MUSEUM 8: 291203 | Approved by:| yoee y T 117 Cc: R.M. "
t118,,,x,,"Drawing No. © CROWN COPYRIGHT T 118 NOTES: 1. The grid does not form part of any sign to which the symbol is applied. 2. Dimensions are given in grid divisions (normally equal to 1/4 x—height). Before using this drawing, confirm 118 that it has not been superseded. Title: Tourist Attraction Issue: Date: | Drawn by: Dimensions: Drawing No. Department for Symbol A: 1.7.94 S.P. Transport BEACH 8: 29.1203 | Approved by:| yoae » T 118 Cc: R.M. "
t119,,,x,,"Drawing No. © CROWN COPYRIGHT T 119 NOTES: 1. The grid does not form part of any sign to which the symbol is applied. 2. Dimensions are given in grid divisions which are normally equal to 1/4 x—ht. 3. The symbol may be reversed. Before using this drawing, confirm that it has not been superseded. 7119 Title: Tourist Attraction Issue: Date: | Drawn by: Dimensions: Drawing No. Department for Symbol A: 1.7.94] SP. Transport FARM PARK 8: 291203 | Approved by:| yoee » T 119 Cc: R.M. "
t120,,,x,,"Drawing No. © CROWN COPYRIGHT T 120 NOTES: 1. The grid does not form part of any sign to which the symbol is applied. F 10 2. Dimensions are given in grid divisions ro (normally equal to 1/4 x—height). Before using this drawing, confirm 7120 that it has not been superseded. Title: Tourist Attraction Issue: Date: | Drawn by: Dimensions: Drawing No. Department for Symbol A: 1.7.94 S.P. : ; SEE Transport | povrpry or crart CENTRE | & 2295/5} ote 2 1120 Cc: R.M. "
t121,,,x,,"Drawing No. T 121 7121 NOTES: 1. © CROWN COPYRIGHT The grid does not form part of any sign to which the symbol is applied. Dimensions are given in grid divisions (normally equal to 1/4 x—height). Before using this drawing, confirm that it has not been superseded. Department for Transport Title: PREHISTORIC SITE or MONUMENT Tourist Attraction Symbol Date: 1.7.94 5.1.04 Drawn by: S.P. Approved by: R.M. Dimensions: Drawing No. NOTE 2 T 121 "
t122,,,x,,"Drawing No. © CROWN COPYRIGHT T 122 NOTES: 1. The grid does not form part of any sign to which the symbol is applied. 2. Dimensions are given in grid divisions (normally equal to 1/4 x—height). Before using this drawing, confirm T122 that it has not been superseded. Title: Tourist Attraction Issue: Date: | Drawn by: Dimensions: Drawing No. Department for Symbol A: 1.7.94 S.P. Tr anspor t BUTTERFLY FARM B: s108| appro by:] Note 2 T 122 Cc: R.M. "
t123,,,x,,"Drawing No. Before using this drawing, confirm © CROWN COPYRIGHT T 1 23 that it has not been superseded. NOTES: 1. The grid does not form part of any sign to which the symbol is applied. 2. Dimensions are given in grid divisions (normally equal to 1/4 x—height). 3. The symbol may be reversed. 7123 Title: Tourist Attraction Issue: Date: | Drawn by: Dimensions: Drawing No. Department for Symbol A: 1.7.94 S.P. : ; SEE Tr ansport | cayat-sipe arrraction | & 2%) /ovsor:] gots 2 T 123 Cc: R.M. "
t124,,,x,,"Drawing No. © CROWN COPYRIGHT T 124 NOTES: 1. The grid does not form part of any sign to which the symbol is applied. 2. Dimensions are given in grid divisions (normally equal to 1/4 x—height). Before using this drawing, confirm 124 that it has not been superseded. Department for Title : Tourist Attraction Symbol Issue: Date: | Drawn by: Dimensions: Drawing No. INDUSTRIAL HERITAGE MUSEUM | *) 1794) SP. SEE Tr anspor t or ATTRACTION oe | APmrowed Py: NOTE 2 qT 124 "
t125,,,x,,"Drawing No. © CROWN COPYRIGHT T 125 NOTES: 1. The grid does not form part of any sign to which the symbol is applied. 2. Dimensions are given in grid divisions (normally equal to 1/4 x—height). Before using this drawing, confirm 7125 that it has not been superseded. Department for Title : Tourist Attraction Symbol Issue: Date: | Drawn by: Dimensions: Drawing No. A: 1.7.94 S.P. Transport WATERMILL B+ a10+| approves by:] SEE T 125 of historic or architectural interest | ¢: RM. "
t126,,,x,,"Drawing No. © CROWN COPYRIGHT T 126 NOTES: 1. The grid does not form part of any sign to which the symbol is applied. 2. Dimensions are given in grid divisions (normally equal to 1/4 x—height). 3. The symbol may be reversed. Before using this drawing, confirm 7126 that it has not been superseded. Title: Tourist Attraction Issue: Date: | Drawn by: Dimensions: Drawing No. Transport Symbol A: 17.2.03 S.P. SEE B: 8.1.04 | A d by: P AQUARIUM or OCEANARIUM | ¢. peroved PY:! NOTE 2 T 126 "
t127,,,x,,"Drawing No. © CROWN COPYRIGHT T 127 NOTES: 1. The grid does not form part of any sign to which the symbol is applied. 2. Dimensions are given in grid divisions (normally equal to 1/4 x—height). 3. The symbol may be reversed. Before using this drawing, confirm 127 that it has not been superseded. Title: Tourist Attraction Issue: Date: | Drawn by: Dimensions: Drawing No. Department for Symbol A: 1.7.94 S.P. SEE Tr anspor t SITE WITH ROMAN REMAINS | ©. '*'°*| *Perved®y:) Note 2 1127 Cc: R.M. "
t128,,,x,,"Drawing No. © CROWN COPYRIGHT T 128 NOTES: 1. The grid does not form part of any sign to which the symbol is applied. 2. Dimensions are given in grid divisions (normally equal to 1/4 x—height). 3. The symbol may be reversed. Before using this drawing, confirm 7128 that it has not been superseded. Title: Tourist Attraction Issue: Date: | Drawn by: Dimensions: Drawing No. Department for Symbol A: 1.7.94 S.P. SEE Transport HEAVY HORSE CENTRE 8: 144.04] Approved by:! NOTE 2 T 128 Cc: R.M. "
t129,,,x,,"Drawing No. © CROWN COPYRIGHT T 129 NOTES: 1. The grid does not form part of any sign to which the symbol is applied. 2. Dimensions are given in grid divisions (normally equal to 1/4 x—height). 3. The symbol may be reversed. N oO ONO Before using this drawing, confirm 7129 that it has not been superseded. Title: Tourist Attraction Issue: Date: | Drawn by: Dimensions: Drawing No. Department for Symbol A: 1.7.94 S.P. Transport MOTOR MUSEUM 8: 151.04 | Approved by:| yoee y T 129 Cc: R.M. "
t130,,,x,,"Drawing No. © CROWN COPYRIGHT T 130 NOTES: 1. The grid does not form part of any sign to which the symbol is applied. 2. Dimensions are given in grid divisions (normally equal to 1/4 x—height). 3. The symbol may be reversed. Before using this drawing, confirm T130 that it has not been superseded. Title: Tourist Attraction Issue: Date: | Drawn by: Dimensions: Drawing No. Department for Symbol A: 1.7.94 S.P. SEE Transport | crspr cenrre or FORGE | & [eo] nore 2 1 150 Cc: R.M. "
t131,,,x,,"Drawing No. © CROWN COPYRIGHT T 131 NOTES: 1. The grid does not form part of any sign to which the symbol is applied. 2. Dimensions are given in grid divisions which are normally equal to 1/4 x—ht. Before using this drawing, confirm 7131 that it has not been superseded. Department for Title: Tourist Attraction Issue: Date: | Drawn by: Dimensions: Drawing No. Trans ort Symbol A: 1.7.94 S.P. SEE T 1 31 B: 16.1.04 | Approved by: P SPA, SPRING or FOUNTAIN | ¢. pproved bY: NOTE 2 "
t132,,,x,,"Drawing No. © CROWN COPYRIGHT T 132 NOTES: 1. The grid does not form part of any sign to which the symbol is applied. 2. Dimensions are given in grid divisions c 12 =| which are normally equal to 1/4 x—ht. I ee OD 1 | : : : | i | | | | | | | | | | | | | | | | 14 | | | | | | | | | | | | | | | | i Ee ae a Before using this drawing, confirm T132 that it has not been superseded. Title: Tourist Attraction Issue: Date: | Drawn by: Dimensions: Drawing No. Transport Symbol A: 1.7.94 S.P. SEE B: 16.1.04 | Aj d by: P FARM TRAIL c. pproved bY: NOTE 2 T 132 "
t133,,,x,,"Drawing No. T 133 7133 NOTES: 1. © CROWN COPYRIGHT The grid does not form part of any sign to which the symbol is applied. Dimensions are given in grid divisions (normally equal to 1/4 x—height). Before using this drawing, confirm that it has not been superseded. Department for Transport Title: Tourist Attraction Symbol VINEYARD Issue: A: B: Cc: Date: 1.7.94 16.1.04 Drawn by: S.P. Approved by: R.M. Dimensions: SEE NOTE 2 Drawing No. T 133 "
t134,,,x,,"Drawing No. T 134 A 14 jt 134 © CROWN COPYRIGHT NOTES: 1. The grid does not form part of any sign to which the symbol is applied. 2. Dimensions are given in grid divisions (normally equal to 1/4 x—height). 3. The symbol may be reversed. Before using this drawing, confirm that it has not been superseded. Department for Transport Title: Tourist Attraction Symbol GOLF COURSE Issue: A: B: Cc: Date: 17.2.03 Drawn by: Dimensions: Drawing No. R.M. Approved by: Noe 2 T 1 3 4 R.M. "
t135,,,x,,"Drawing No. © CROWN COPYRIGHT T 136 NOTES: 1. The grid does not form part of any sign to which the symbol is applied. 2. Dimensions are given in grid divisions (normally equal to 1/4 x—height). Before using this drawing, confirm 7136 that it has not been superseded. Title: Tourist Attraction Issue: Date: | Drawn by: Dimensions: Drawing No. Department for Symbol A: 17.2.03 R.M. Transport MOTOR SPORT B rooroved by: NOTE 2 T 1356 Cc: R.M. "
t136,,,x,,"Drawing No. © CROWN COPYRIGHT T 136 NOTES: 1. The grid does not form part of any sign to which the symbol is applied. 2. Dimensions are given in grid divisions (normally equal to 1/4 x—height). Before using this drawing, confirm 7136 that it has not been superseded. Title: Tourist Attraction Issue: Date: | Drawn by: Dimensions: Drawing No. Department for Symbol A: 17.2.03 R.M. Transport MOTOR SPORT B rooroved by: NOTE 2 T 1356 Cc: R.M. "
t137,,,x,,"Drawing No. © CROWN COPYRIGHT T 137 NOTES: 1. The grid does not form part of any sign to which the symbol is applied. 2. Dimensions are given in grid divisions (normally equal to 1/4 x—height). Before using this drawing, confirm 137 that it has not been superseded. Title: Tourist Attraction Issue: Date: | Drawn by: Dimensions: Drawing No. Department for Symbol A: 17.2.03 R.M. Transport CRICKET GROUND 8 pooroved by: NOTE 2 1 137 Cc: R.M. "
t138,,,x,,"Drawing No. T 138 7138 © CROWN COPYRIGHT NOTES: 1. The grid does not form part of any sign to which the symbol is applied. 2. Dimensions are given in grid divisions (normally equal to 1/4 x—height). Before using this drawing, confirm that it has not been superseded. Department for Transport Title: Tourist Attraction Symbol FOOTBALL GROUND Issue: A: B: Cc: Date: 17.2.03 Drawn by: Dimensions: Drawing No. R.M. Approved by: Noe 2 T 1 3 8 R.M. "
t139,,,x,,"Drawing No. T 139 © CROWN COPYRIGHT NOTES: 1. The grid does not form part jj T139 of any sign to which the symbol is applied. 2. Dimensions are given in grid divisions (normally equal to 1/4 x—height). 3. The symbol may be reversed. Before using this drawing, confirm that it has not been superseded. Department for Transport Title: Tourist Attraction Symbol CANOEING Date: 17.2.03 Drawn by: R.M. Approved by: R.M. Dimensions: Drawing No. NOTE 2 T 149 "
t140,,,x,,"Drawing No. T 140 T7140 © CROWN COPYRIGHT NOTES: 1. The grid does not form part of any sign to which the symbol is applied. 2. Dimensions are given in grid divisions (normally equal to 1/4 x—height). 3. The symbol may be reversed. Before using this drawing, confirm that it has not been superseded. Department for Transport Title: Tourist Attraction Symbol FISHING Issue: A: B: Cc: Date: 17.2.03 Drawn by: Dimensions: Drawing No. R.M. Approved by: Noe 2 T 1 A @) R.M. "
t141,,,x,,"Drawing No. © CROWN COPYRIGHT T 141 NOTES: 1. The grid does not form part of any sign to which the symbol is applied. 2. Dimensions are given in grid divisions (normally equal to 1/4 x—height). 3. The symbol may be reversed. | 26 th I prises Before using this drawing, confirm 141 that it has not been superseded. Title: Tourist Attraction Issue: Date: | Drawn by: Dimensions: Drawing No. Department for Symbol A: 17.2.03 R.M. Transport BOAT HIRE 8 pooroved by: NOTE 2 T 141 Cc: R.M. "
t142,,,x,,"Drawing No. T 142 | 13 i] 1142 © CROWN COPYRIGHT NOTES: 1. The grid does not form part of any sign to which the symbol is applied. 2. Dimensions are given in grid divisions (normally equal to 1/4 x—height). 3. The symbol may be reversed. Before using this drawing, confirm that it has not been superseded. Department for Transport Title: Tourist Attraction Symbol CYCLE HIRE Date: 17.2.03 Drawn by: Dimensions: Drawing No. R.M. Approved by: Noe 2 T 1 A ? R.M. "
t143,,,x,,"Drawing No. © CROWN COPYRIGHT T 143 NOTES: 1. The grid does not form part of any sign to which the symbol is applied. 14 1 | 2. Dimensions are given in grid divisions (normally equal to 1/4 x—height). 3. The symbol may be reversed. Ao Eee eb Ji. LoS Before using this drawing, confirm 143 that it has not been superseded. Department for Title : Tourist Attraction Symbol Issue: Date: | Drawn by: Dimensions: Drawing No. A: 17.2.03 R.M. Transport WOODLAND WALK Tl smomt er} cE, | T 143 in a coniferous forest C: RM. "
t144,,,x,,"Drawing No. © CROWN COPYRIGHT T 144 NOTES: 1. The grid does not form part of any sign to which the 16 symbol is applied. F 2. Dimensions are given in grid divisions (normally equal to 1/4 x—height). 3. The symbol may be reversed. Before using this drawing, confirm 144 that it has not been superseded. Department for Title : Tourist Attraction Symbol Issue: Date: | Drawn by: Dimensions: Drawing No. A: 17.2.03 R.M. Transport WOODLAND WALK 2: roproved by:| eee T 144 in a deciduous or mixed forest | ¢: RM. "
t145,,,x,,"Drawing No. © CROWN COPYRIGHT T 145 NOTES: 1. The grid does not form part of any sign to which the symbol is applied. 2. Dimensions are given in grid divisions (normally equal to 1/4 x—height). 3. The symbol may be reversed. Before using this drawing, confirm T1145 that it has not been superseded. Title: Tourist Attraction Issue: Date: | Drawn by: Dimensions: Drawing No. Department for Symbol A: 17.2.03 R.M. : : SEE Transpor t OUTDOOR PURSUITS CENTRE | 2. Approved PY:) NOTE 2 1 145 Cc: R.M. "
t146,,,x,,"Drawing No. © CROWN COPYRIGHT T 146 NOTES: 1. The grid does not form part of any sign to which the symbol is applied. 2. Dimensions are given in grid divisions (normally equal to 1/4 x—height). 3. The symbol may be reversed. Before using this drawing, confirm 146 that it has not been superseded. Title: Tourist Attraction Issue: Date: | Drawn by: Dimensions: Drawing No. Department for Symbol A: 17.2.03 R.M. Transport ROLLER SKATING 8 pooroved by: NOTE 2 T 146 Cc: R.M. "
t147,,,x,,"Drawing No. © CROWN COPYRIGHT T 147 NOTES: 1. The grid does not form part of any sign to which the symbol is applied. 2. Dimensions are given in grid divisions (normally equal to 1/4 x—height). 3. The symbol may be reversed. re jo Lee Before using this drawing, confirm 147 that it has not been superseded. Title: Tourist Attraction Issue: Date: | Drawn by: Dimensions: Drawing No. Department for Symbol A: 17.2.03 R.M. Transport ICE SKATING 8 pooroved by: NOTE 2 T 147 Cc: R.M. "
t148,,,x,,"Drawing No. © CROWN COPYRIGHT T 148 NOTES: 1. The grid does not form part of any sign to which the symbol is applied. 2. Dimensions are given in grid divisions (normally equal to 1/4 x—height). 3. The symbol may be reversed. Before using this drawing, confirm 148 that it has not been superseded. Title: Tourist Attraction Issue: Date: | Drawn by: Dimensions: Drawing No. Department for Symbol A: 17.2.03 R.M. Transport SKI SLOPE 8 pooroved by: NOTE 2 | 148 Cc: R.M. "
t149,,,x,,"Drawing No. T 149 7149 © CROWN COPYRIGHT NOTES: 1. The grid does not form part of any sign to which the symbol is applied. 2. Dimensions are given in grid divisions (normally equal to 1/4 x—height). Before using this drawing, confirm that it has not been superseded. Department for Transport Title: Tourist Attraction Symbol TEN PIN BOWLING Date: 17.2.03 Drawn by: Dimensions: Drawing No. R.M. Approved by: Noe 2 T 1 A 9 R.M. "
t150,,,x,,"Drawing No. T 150 T150 © CROWN COPYRIGHT NOTES: 1. The grid does not form part of any sign to which the symbol is applied. 2. Dimensions are given in grid divisions (normally equal to 1/4 x—height). 3. The symbol may be reversed. >» Before using this drawing, confirm that it has not been superseded. Department for |“: Transport Tourist Attraction Symbol BIRDS OF PREY CENTRE Issue: A: B: Cc: Date: 17.2.03 Drawn by: R.M. Approved by: R.M. Dimensions: Drawing No. NOTE 2 T 150 "
t151,,,x,,NOTES: 1. The grid does not form part of any sign [~ 14 =| to which the symbol is applied. | 1 -- 2. Dimensions are given in grid divisions i (normally equal to 1/4 x—height). 3. The head of the avocet MUST NOT be reversed when the symbol is used on a sign indicating a left turn. - tL 4. The symbol is the copyright of the Sa \ Royal Society for the Protection of Birds. Cc ¥“e Se _——— SS 14 = PrRAI-C C J} \\ L N= LN ] L T151 © CROWN COPYRIGHT Title: Tourist Attraction Symbol Issue: Date: Drawn by : Related drawings : Drawing No. A: 17.2.03 A.K. Department RSPB BIRD RESERVE B: 06.2.15 | Approved by: 7 | 51 for Transport c: JB. 
t152,,,x,,"Drawing No. T 152 T152 © CROWN COPYRIGHT NOTES: 1. The grid does not form part of any sign to which the symbol is applied. 2. Dimensions are given in grid divisions (normally equal to 1/4 x—height). 3. The symbol is the copyright of the Rare Breeds Survival Trust. Before using this drawing, confirm that it has not been superseded. Title: Tourist Attraction Symbol Issue: Date: | Drawn by: Dimensions: Drawing No. Transport CENTRE APPROVED BY THE nen ea | SEE - 1592 RARE BREEDS SURVIVAL TRUST | ¢: eM |. NOTE 2 "
t153,,,x,,"Drawing No. © CROWN COPYRIGHT T 153 NOTES: 1. The grid does not form part of any sign to which the symbol is applied. 2. Dimensions are given in grid divisions (normally equal to 1/4 x—height). 3. The symbol may be reversed. Before using this drawing, confirm T7153 that it has not been superseded. Title: Tourist Attraction Issue: Date: | Drawn by: Dimensions: Drawing No. Department for Symbol A: 18.2.03 R.M. Transport SAFARI PARK 8 pooroved by: NOTE 2 T 153 Cc: R.M. "
t154,,,x,,"Drawing No. © CROWN COPYRIGHT T 154 NOTES: 1. The grid does not form part of any sign to which the symbol is applied. 2. Dimensions are given in grid divisions (normally equal to 1/4 x—height). Before using this drawing, confirm T1154 that it has not been superseded. Title: Tourist Attraction Issue: Date: | Drawn by: Dimensions: Drawing No. Department for Symbol A: 18.2.03 R.M. Transport BATTLEFIELD SITE 8 rooroved by: NOTE 2 T 154 Cc: R.M. "
t155,,,x,,"Drawing No. T 155 T155 NOTES: 1. © CROWN COPYRIGHT The grid does not form part of any sign to which the symbol is applied. Dimensions are given in grid divisions (normally equal to 1/4 x—height). Before using this drawing, confirm that it has not been superseded. Department for Transport Title: Tourist Attraction Symbol BRASS RUBBING CENTRE Issue: A: B: Cc: Date: 18.2.03 Drawn by: R.M. Approved by: R.M. Dimensions: SEE NOTE 2 Drawing No. T 155 "
t156,,,x,,"Drawing No. © CROWN COPYRIGHT T 156 NOTES: 1. The grid does not form part of any sign to which the symbol is applied. 2. Dimensions are given in grid divisions (normally equal to 1/4 x—height). Before using this drawing, confirm T156 that it has not been superseded. Title: Tourist Attraction Symbol Issue: Date: | Drawn by: Dimensions: Drawing No. Department for at 1g203/ RM. Transport TOWER or FOLLY 8: roproves by: SEE T 156 of historic or architectural interest | ¢: RM. "
t157,,,x,,"Drawing No. © CROWN COPYRIGHT T 157 NOTES: 1. The grid does not form part of any sign to which the symbol is applied. 2. Dimensions are given in grid divisions (normally equal to 1/4 x—height). Before using this drawing, confirm T157 that it has not been superseded. Title: Tourist Attraction Issue: Date: | Drawn by: Dimensions: Drawing No. Department for Symbol A: 18.2.03 R.M. Transport HISTORIC BUILDING B rooroved by: NOTE 2 T1597 Cc: R.M. "
t158,,,x,,"Drawing No. T 158 7158 NOTES: 1. © CROWN COPYRIGHT The grid does not form part of any sign to which the symbol is applied. Dimensions are given in grid divisions (normally equal to 1/4 x—height). Before using this drawing, confirm that it has not been superseded. Department for Transport Title: Tourist Attraction Symbol LIGHTHOUSE open to the public Date: 18.2.03 Drawn by: R.M. Approved by: R.M. Dimensions: Drawing No. NOTE 2 T 158 "
t159,,,x,,"Drawing No. © CROWN COPYRIGHT T 159 NOTES: 1. The grid does not form part of any sign to which the symbol is applied. 2. Dimensions are given in grid divisions (normally equal to 1/4 x—height). 3. The symbol may be reversed. Before using this drawing, confirm T159 that it has not been superseded. Title: Tourist Attraction Issue: Date: | Drawn by: Dimensions: Drawing No. Department for Symbol A: 18.2.03 R.M. Transport PIER 8: roproves by: SEE T 159 Cc: R.M. "
t160,,,x,,"Drawing No. © CROWN COPYRIGHT T 160 NOTES: 1. The grid does not form part of any sign to which the symbol is applied. 2. Dimensions are given in grid divisions (normally equal to 1/4 x—height). 3. The symbol may be reversed. YoU Ne Before using this drawing, confirm T160 that it has not been superseded. Title: Tourist Attraction Symbol Issue: Date: | Drawn by: Dimensions: Drawing No. Department for a: 1¢203| RM. Transport SWIMMING POOL or 8. Approved by: Non T 1 60 INDOOR WATER SPORTS CENTRE | ¢: RM. "
t161,,,x,,"Drawing No. T 161 NOTES: 1. 7161 OO——— © CROWN COPYRIGHT The grid does not form part of any sign to which the symbol is applied. Dimensions are given in grid divisions (normally equal to 1/4 x—height). The symbol may be reversed. Before using this drawing, confirm that it has not been superseded. Department for Transport Title: Tourist Attraction Symbol TRAM MUSEUM Issue: A: B: Cc: Date: 18.2.03 Drawn by: R.M. Approved by: R.M. Dimensions: Drawing No. NOTE 2 qT 161 "
t162,,,x,,"Drawing No. T 162 © CROWN COPYRIGHT NOTES: 1. The grid does not form part of any sign to which the symbol is applied. 2. Dimensions are given in grid divisions (normally equal to 1/4 x—height). 3. The symbol may be reversed. Te T162 22 ""| Before using this drawing, confirm that it has not been superseded. Department for Transport Title: Tourist Attraction Issue: Date: | Drawn by: Dimensions: Drawing No. Symbol . 18.2.03 honeved by: SEE T 1 6 2 BUS MUSEUM .. ow NOTE 2 "
t163,,,x,,"Drawing No. © CROWN COPYRIGHT T 163 NOTES: 1. The grid does not form part of any sign to which the symbol is applied. 2. Dimensions are given in grid divisions (normally equal to 1/4 x—height). 3. The symbol may be reversed. Before using this drawing, confirm 7163 that it has not been superseded. Title: Tourist Attraction Issue: Date: | Drawn by: Dimensions: Drawing No. Department for Symbol A: 18.2.03 R.M. Transport CINEMA 5 rrowety| ys, | T 163 Cc: R.M. "
t164,,,x,,"Drawing No. T 164 T1164 yoo © CROWN COPYRIGHT NOTES: 1. The grid does not form part of any sign to which the symbol is applied. 2. Dimensions are given in grid divisions (normally equal to 1/4 x—height). Before using this drawing, confirm that it has not been superseded Department for Transport Title: Tourist Attraction Symbol THEATRE or CONCERT HALL Issue: A: B: Cc: Date: 18.2.03 Drawn by: Dimensions: Drawing No. R.M. A db SEE Pproved by: NOTE 2 R.M. "
t165,,,x,,"Drawing No. © CROWN COPYRIGHT AT 165 NOTES: 1. The grid does not form part of any sign to which the symbol is applied. 12 2. Dimensions are given in grid divisions, which are normally equal to 1/4 x—height. —-| 1 |_—_— | 3. The symbol is an ‘approved symbol’ as 1 [ee ee 6 eee | referred to in the Traffic Signs Regulations | : : : | and General Directions 2002, Schedule 16, items 24 and 33, and as such does not require special authorisation. | | 4. The symbol is for use on signs indicating | | | tourist destinations in England and Wales. | ny yee I | I | | 14 | | | | | | | : | | | | | ) Lo Tah eat. Before using this drawing, confirm AT165 that it has not been superseded. Department for Title: Approved Tourist Attraction Symbol Issue: Date: | Drawn by: Dimensions: Drawing No. (England and Wales) A: 31.3.03 R.M. Transport 8 soprowd by:| Nore AT 165 BREWING MUSEUM or EXHIBITION | ¢. oe NOTE 2 "
t166,,,x,,"Drawing No. AT 166 AT165 NOTES: 1. © CROWN COPYRIGHT The grid does not form part of any sign to which the symbol is applied. . Dimensions are given in grid divisions, which are normally equal to 1/4 x—height. The symbol is an ‘approved symbol’ as referred to in the Traffic Signs Regulations and General Directions 2002, Schedule 16, items 24 and 33, and as such does not require special authorisation. The symbol is for use on signs indicating tourist destinations in England and Wales. Before using this drawing, confirm that it has not been superseded. Department for Transport Title: CIDER FARM or MUSEUM Approved Tourist Attraction Symbol (England and Wales) Issue: A: B: Cc: Date: 2.9.04 Drawn by: Dimensions: Drawing No. R.M. Approved by: NOTE 2 A T ‘ 5 fe) R.M. "
t167,,,x,,"Drawing No. AT 167 © CROWN COPYRIGHT NOTES: 1. The grid does not form part of any sign to which the symbol is applied. 2. Dimensions are given in grid divisions, which are normally equal to 1/4 x—height. 3. The symbol shall not be reversed. 4. The symbol is an ‘approved symbol’ as referred to in the Traffic Signs Regulations and General Directions 2002, Schedule 16, items 24 and 33, and as such does not require special authorisation. 5. The symbol is for use on signs indicating tourist destinations in England and Wales. Before using this drawing, confirm AT167 that it has not been superseded. Title: Approved Tourist Attraction Symbol Issue: Date: | Drawn by: Dimensions: Drawing No. Department for (England and Wales) A: 2.2.05 A.T.I./R.M. Transport e voorowed by:] Gn AT 167 RUGBY GROUND .. vroved PY:) NOTE 2 "
t168,,,x,,"Drawing No. AT 168 NOTES: 25 AT168 © CROWN COPYRIGHT 1. Tne grid does not form part of any sign to which the symbol is applied. 2. Dimensions are given in grid divisions, which are normally equal to 1/4 x—height. 3. The symbol may be reversed. 4. The symbol is an ‘approved symbol’ as referred to in the Traffic Signs Regulations and General Directions 2002, Schedule 16, items 24 and 33, and as such does not require special authorisation. 5. The symbol is for use on signs indicating tourist destinations in England and Wales. Before using this drawing, confirm that it has not been superseded. Department for Transport Title: Approved Tourist Attraction Symbol (England and Wales) MILITARY MUSEUM Issue: A: B: Cc: Date: 14.12.05 Drawn by: R.M. Approved by: R.M. Dimensions: Drawing No. noe 2 | AT 168 "
t201,,,x,SHADED AREA --- RED “YT A OTHER AREAS --- WHITE ! | 77 0.4 | | WHITE | | BORDER | | WIDTH | | | | | | | | | | | 14 | | | | | | | | | | | | | | | | | | | | 2. FE A,"Drawing No. © CROWN COPYRIGHT T 201 NOTES: 1. The grid does not form part of any sign to which the symbol is applied. | 14 | 2. Dimensions are g iven in grid divisions | 1 | (normall y equal to 1/4 x—-he ight). 3. COLOURS : Shaded area ——— RED “YT a Other areas ——— WHITE ! | 77 0.4 | | White | | border | | width | | | | | | | | | | | 14 | | | | | | | | | | | | | | | | | | | | 2. fe a Before using this drawing, confirm T201 that it has not been superseded. Department for Title: Tourist Attraction Dimensions: Drawing No. partment Tor) Symbol AD, P. Transport B: 13.04 Approves by:| Se T 201 TOURIST ATTRACTION IN ENGLAND] ¢. RM. NOTE 2 "
t202,,,x,,"Drawing No. © CROWN COPYRIGHT T 202 NOTES: 1. The grid does not form part of any sign to which the symbol is applied. 14 2. Dimensions are given in grid —| 1 |-— divisions (normally equal to _ _ _ a _ 1/4 x-height). [ “| | | | | | | | | | | 14 | | | | | | | | | : : | en a a — Ll Before using this drawing, confirm T202 that it has not been superseded. Department for Title: Tourist Attraction Symbol Issue: ae Prewn by: Dimensions: Drawing No. Ti t PROPERTY IN THE CARE OF : i “ SEE ranspor B: 1.3.04 | Approved by: NOTE 2 T ? O ? ENGLISH HERITAGE ¢: RM. "
t203,,,x,,"Drawing No. © CROWN COPYRIGHT T 203 NOTES: 1. The grid does not form part of any sign to which the symbol is applied. 2. Dimensions are given in grid divisions (normally equal to 1/4 x—height). Before using this drawing, confirm T203 that it has not been superseded. Title: Tourist Attraction Issue: Date: | Drawn by: Dimensions: Drawing No. Department for Symbol A: 4.7.94 R.M. Transport 8: 18.203| approved by:| yoee » T 203 MUSEUM or ART GALLERY (England) | ¢. in "
t204,,,x,,"Drawing No. © CROWN COPYRIGHT T 204 NOTES: 1. The grid does not form part of any sign to which the symbol is applied. 2. Dimensions are given in grid divisions (normally equal to 1/4 x—height). 3. The symbol is the copyright of the Sports Council (now known as Sport England). Before using this drawing, confirm T204 that it has not been superseded. Title: Tourist Attraction Issue: Date: | Drawn by: Dimensions: Drawing No. Department for Symbol A: 18.2.03 R.M. Transport | poets centre (England) | ® penrored 6y:] NOTE 2 T 204 Cc: R.M. "
t205,,,x,,"Drawing No. © CROWN COPYRIGHT T 205 NOTES: 1. The grid does not form part of any sign to which the symbol is applied. 14 =| 2. Dimensions are given in grid divisions (normally equal to 1/4 x—height). 3. The symbol is the copyright of | : Do: : : : English Nature. Before using this drawing, confirm T205 that it has not been superseded. Department for Title : Tourist Attraction Symbol Issue: Date: | Drawn by: Dimensions: Drawing No. NATIONAL NATURE RESERVE | 4) 7°) 8 | see Transport designated by English Nature i. e PY] NOTE 2 q 205 "
t206,,,x,"SYMBOL .. .. GREEN (FORMERLY LIGHT GREEN) SYMBOL .. DARK GREEN TILE . WHITE 16 GREEN DARK GREEN 1304 CP WX PYPI+HI PO TI-LE: TOURIS"" - -RAC-ION SYMBOL ISSUE: DAV : DRAWN BY : RELA- D DRAWINGS : DRAWIN","17 Notes 1. The grid does not form part of any sign to which the symbol is applied. 2. Dimensions are given in grid divisions (normally equal to % x-height). 3. COLOURS: Symbol .. .. GREEN (formerly LIGHT GREEN) Symbol .. DARK GREEN Tile . WHITE 16 GREEN DARK GREEN 1304 CP WX PYPI+HI po Ti-le: Touris"" - -rac-ion Symbol Issue: Dav : Drawn by : Rela- d drawings : Drawing No. - .2.03 AK. Department | FORESTRY COMMISSION PROPERTY | 8: 11.11.11| Approved by: T 304 for Transport C: 18.5.15 JB. "
t301x1,,,x,BACKGROUND -------- BLUE BORDER & SYMBOL --- WHITE,"Drawing No. T 301.1 | 16 1 T301x1 © CROWN COPYRIGHT NOTES: 1. The grid does not form part of any sign to which the symbol is applied. 2. Dimensions are given in grid divisions (normally equal to 1/4 x—height). 3. COLOURS : Background —----—-— BLUE Border & Symbol ——— WHITE Before using this drawing, confirm that it has not been superseded. Department for Transport Title: Tourist Attraction Symbol TOURIST ATTRACTION recognised by VisitScotland Date: 20.2.03 Drawn by: R.M. Approved by: R.M. Dimensions: SEE NOTE 2 Drawing No. T 301.1 "
t302,,,x,BACKGROUND ------- BLUE BORDER & SYMBOL --- WHITE AI 14 ( Y,"Drawing No. © CROWN COPYRIGHT T 302 NOTES: 1. The grid does not form part of any sign to which the symbol is applied. | 14 —_ 2. Dimensions are given in grid divisions (normally equal to 1/4 x—height). —->H1 kk 3. COLOURS : Background ------- BLUE Border & Symbol ——— WHITE AI 14 ( y Before using this drawing, confirm T302 that it has not been superseded. Department for Title: Tourist Attraction Symbol Issue: ae Prewn by: Dimensions: Drawing No. Ti t PROPERTY IN THE CARE OF : . “ SEE ranspor B: 1.3.04 | Approved by: NOTE 2 T 3 O ? HISTORIC SCOTLAND ¢: RM. "
t303x1,,,x,- LEGEND ----------- WHITE. SYMBOLS & BORDERS --- WHITE THISTLE BACKGROUND ----- BLUE OTHER BACKGROUNDS --- BROWN THE SYMBOL IS AN ‘APPROVED SYMBOL’ AS REFERRED TO IN THE TRAFFIC SIGNS REGULATIONS,"Drawing No. sheet AT 303.1 1 of 3 Before using this drawing, confirm that it has not been superseded. ‘The National Trust for Scotland’ symbol 14 28 ‘VisitScotland’ symbol NOTES: 1. © CROWN COPYRIGHT The grid and tile marks do not form part of any sign to which the symbol is applied. Dimensions are given in grid divisions, which are normally equal to 1/4 x—height. COLOURS: — Legend ----------— WHITE. Symbols & Borders ——— WHITE Thistle Background -—-—— BLUE Other Backgrounds ——— BROWN The symbol is an ‘approved symbol’ as referred to in the Traffic Signs Regulations and General Directions 2002, Schedule 16, items 24 and 33, and as such does not require special authorisation. The ‘VisitScotland’ symbol is shown on drawing T 301.1. ‘The National Trust for Scotland’ symbol is shown on sheet 3. The legend is from the Times New Roman font. The symbol is for use on signs indicating tourist destinations in Scotland. This symbol arrangement is used on signs where the tourist destination is reached by following a route ahead or to the left. See sheet 2 for the symbol arrangement used on signs where the tourist destination is reached by following a route to the right. AT303x1—1 Title: Approved Tourist Attracti Symbol Issue: Date: | Drawn by: Dimensions: Drawing No. Transpo, t me *(Scotland) | en syne A: 19.1.04 R.M. SEE A T 3 0 3 1 FANSPOMTe |v monaL TRUST FOR SCOTLAND | & '*""2°| wo"") note 2 | eee SS "
traffic-sign-drawing-schedule-12-pt-11-item-04-t304,,,x,SYMBOL .. .. GREEN (FORMERLY LIGHT GREEN) SYMBOL .. DARK GREEN TILE .. WHITE 16 GREEN DARK GREEN 1304 © CROWN COPYRIGHT FOOD TITLE: TOURIST ATTRACTION SYMBOL ISSUE: DATE: DRAWN BY : RELATED DRAWINGS :,Notes 1. The grid does not form part of any sign to which the symbol is applied. 2. Dimensions are given in grid divisions (normally equal to % x-height). 3. COLOURS: Symbol .. .. GREEN (formerly LIGHT GREEN) Symbol .. DARK GREEN Tile .. WHITE 16 GREEN DARK GREEN 1304 © CROWN COPYRIGHT Food Title: Tourist Attraction Symbol Issue: Date: Drawn by : Related drawings : Drawing No. A: 20.2.03 AK. Department | FORESTRY COMMISSION PROPERTY | 8: 11.11.11| Approved by: T 304 for Transport C: 185.15 J.B. 
t401,,,x,- SYMBOL --- RED TILE ------ WHITE,"Drawing No. T 401 © CROWN COPYRIGHT NOTES: 1. The grid does not form part — 2) T401 of any sign to which the symbol is applied. 2. Dimensions are given in grid divisions (normally equal to 1/4 x—height). 3. COLOURS :— Symbol —-— RED Tile -—---— WHITE Before using this drawing, confirm that it has not been superseded. Department for Transport Title: Tourist Attraction Symbol TOURIST ATTRACTION RECOGNISED BY WALES TOURIST BOARD Issue: Date: 4.7.94 3.3.04 Drawn by: S.P. Approved by: R.M. Dimensions: Drawing No. NOTE 2 T 401 "
t402,,,x,,"Drawing No. © CROWN COPYRIGHT T 402 NOTES: 1. The grid does not form part of any sign to which the symbol is applied. 2. Dimensions are given in grid divisions (normally equal to 1/4 x—height). Before using this drawing, confirm T402 that it has not been superseded. Title: Tourist Attraction Issue: Date: | Drawn by: Dimensions: Drawing No. Department for Symbol A: 4.7.94 R.M. Transport B: 20203 approves by:| SEE, T 402 MUSEUM or ART GALLERY (Wales) | ¢. mn "
p523x1,,,x,BORDER BACKGROUND LEGEND & SYMBOL --- BLACK © CROWN COPYRIGHT OTHER DIMENSIONS FOR THE TRIANGLE ARE SHOWN ON DRAWING P 500. THE OTHER TRIANGLE HEIGHTS. BAE P523X1 . THE LEGEND IS FROM THE TRANSP,"Drawing No. Related Drawing P 523.1 |_P 500 NOTES: — 1. . COLOURS : Border Background Legend & Symbol ——— BLACK © CROWN COPYRIGHT Other dimensions for the triangle are shown on drawing P 500. the other triangle heights. Bae P523x1 . The legend is from the Transport Heavy alphabet at the x—height shown. . The tile outlines do not form part of the sign. . All 600mm sign dimensions shall be varied proportionally for Before using this drawing, confirm that it has not been superseded. Department for Transport Title: STEEP Warning Sign HILL DOWNWARDS: AHEAD Issue: A: B: Cc: Date: 22.6.94 15.06.04 Drawn by: S.P. Approved by: R.M. Dimensions: MILLIMETRES Drawing No. P 3523.1 "
p524x1,600,750 900 1200 1500,,BORDER ----------- RED BACKGROUND --------- WHITE. LEGEND & SYMBOL --- BLACK,"Drawing No. Related Drawing P 524.1 | P 00 600 (750) (900) (1200) (1500) Yh P524x1 NOTES: — 1. © CROWN COPYRIGHT Other dimensions for the triangle are shown on drawing P 500. The legend is from the Transport Heavy alphabet at the x—height shown. The tile outlines do not form part of the sign. All 600mm sign dimensions shall be varied proportionally for the other triangle heights. COLOURS : Border -----—----— RED Background ---—-—-—— WHITE. Legend & Symbol ——— BLACK Before using this drawing, confirm that it has not been superseded. Department for Transport Title: STEEP Warning Sign HILL UPWARDS AHEAD Issue: A: B: Cc: Date: 22.6.94 16.6.04 Drawn by: S.P. R.M. Dimensions: Drawing No. Approved by:| MILLIMETRES P 5K ? 4. ‘ "
p528,600,750 900 1200,,BORDER BACKGROUND --- WHITE SYMBOL ------ BLACK 600 (750) (900) (1200) _ | 145 80 40,"Drawing No. Related Drawing P 500 P 528 ¢ © CROWN COPYRIGHT NOTES : 1. Other dimensions for the triangle are shown on drawing P 500. 2. All 600mm sign dimensions shall be varied proportionally for the other triangle heights. 3. COLOURS : Border Background ——— WHITE Symbol -----— BLACK 600 (750) (900) (1200) _ | 145 80 40 Before using this drawing, confirm P528 that it has not been superseded. Title: . . Issue: Date: | Drawn by: Dimensions: Drawing No. Department for Warning Sign A: 296.94 SP. Transport HUMP BRIDGE AHEAD 8: 258.04] Approved by:/ MILLIMETRES | P28 Cc: R.M. "
p529,600,750 900 1200 1500,,BORDER -------- RED BACKGROUND --- WHITE SYMBOL ------ BLACK 600 (750) (900) (1200) (1500) __CTRS 30} CTRS 95 30 | CTRS 30 | CTRS 20) 51 VK A | 7 9 100 270 | 100 |,"Drawing No. Related Drawing © CROWN COPYRIGHT P 529 | P 500 ¢ NOTES : 1. Other dimensions for the triangle are shown on drawing P 500. 2. All 600mm sign dimensions shall be varied proportionally for the other triangle heights. 3. COLOURS : Border —----—-— RED Background ——— WHITE Symbol —----— BLACK 600 (750) (900) (1200) (1500) __ctrs 30} ctrs 95 30 | ctrs 30 | ctrs 20) 51 VK a | 7 9 100 270 | 100 | Before using this drawing, confirm P529 that it has not been superseded. Department for itle Warning Sign ‘seve nace row .” Dimensions Drawing No. Ti B: 23.6.04 :| MILLIMETRES ransport OPENING OR SWING BRIDGE AHEAD | ¢. “pprewee Oy: P 529 "
p529x1,600,750 900 1200 1500,,BORDER NS RED BACKGROUND --- WHITE -------- SYMBOL BLACK 600 (750) (900) (1200) (1500) 240 EE 20 280 P529X1,"Drawing No. Related Drawings P 500 & S 35 (C) CROWN COPYRIGHT P 9529.1 NOTES: — 1. Other dimensions for the triangle are shown on drawing P 500. Symbol details are given on drawing S 35. All 600mm sign dimensions shall be varied proportionally for the other triangle heights. COLOURS : Border ns RED Background ——— WHITE —--—-—-— Symbol BLACK 600 (750) (900) (1200) (1500) 240 ee 20 280 P529x1 Before using this drawing, confirm that it has not been superseded. Title: Issue: Date: Drawn by: Dimensions: Drawing No. Department for Warning Sign A 22.6.94 S.P. B 23.6.04 | Approved by: MILLIMETRES P O29.1 ransport TUNNEL AHEAD Cc R.M. "
p530a,750,900 1200 1500 1800 100 125 150,,"BORDER ------ RED BACKGROUND ---- WHITE SYMBOLS ------ BLACK 750 LEGEND ------ BLACK (900) 1 SW (1200) |] (1500) XCHT AB IMAL , (1800) 62.5 1 SW 1.5 SW TAYE) T LZ] LIL --- OO X-HT (4SW = X-HEIGHT) : :","Drawing No. Related Drawings | gay ing this drawing, confi saa |_P 500 | Sa""h Henhst ceoinge seu © crown corvasc c NOTES:— 1. Other dimensions for the triangle are shown on P 500. 2. All 750mm sign dimensions shall be varied proportionally for the other triangle heights. There is NO 600mm size for this sign. _ 3. The legend is from the Transport Heavy alphabet. 4. The tile outlines do not form part of the sign. 160 5. COLOURS: Border ——---— RED Background —-—— WHITE Symbols —---—— BLACK 750 Legend —-—--— BLACK (900) 1 sw (1200) |] (1500) xcht Ab imal , (1800) 62.5 1 sw 1.5 sw TAYE) t LZ] LIL ——— oO x—ht (4sw = x—height) : : 62.5 : : ae (based on small characters) | (100) (125) | (150) P530A Title: Warning Sign Issue: Date: Drawn by : Dimensions : | Drawing No. ranepore | MAX HEADROOM AT HAZARD |S ™""| As Transpor t B: Approved by:| MILLIMETRES P 530A (Imperial and metric dimensions) c: JB. "
p552,600,750 900 1200 100,,BORDER © CROWN COPYRIGHT OTHER DIMENSIONS FOR THE TRIANGLE ARE SHOWN ON DRAWING P 500. . THE LEGEND IS FROM THE TRANSPORT HEAVY ALPHABET AT THE X-HEIGHTS SHOWN. . THE TILE OUTLINES DO NOT FORM PA,Drawing No. Related Drawing P 552|_P 500 NOTES: — 1. . COLOURS : Border © CROWN COPYRIGHT Other dimensions for the triangle are shown on drawing P 500. . The legend is from the Transport Heavy alphabet at the x-heights shown. . The tile outlines do not form part of the sign. . All 600mm sign dimensions shall be varied proportionally for the other triangle heights. Background ——— WHITE Legend -----— BLACK 600 (750) (900) (1200) SO x—ht (62.5) (75) (100) P552 thot it hos not been ‘superseded. Department for Title: Warning Sign issues nace row : Dimensions: Drawing No. Transport | cattle cRID AHEAD — | 2 250+] sowoves o>] wmunermes| © PP 55D Cc: R.M. 
p554,,,x,BORDER ------ RED BACKGROUND --- WHITE LEGEND ------ BLACK 72 X-HT (90) N (108) 20-7 (144) (30) (40) VARIANT (100) THE TRIANGLE HEIGHTS ARE THE SAME FOR THE VARIANTS 64 X-HT 72 X-HT 64 X-HT 29 (80) (9,"Drawing No. Before using this drawing, confirm © CROWN COPYRIGHT P 554 that it has not been superseded. NOTES:— 1. Other dimensions for the triangle are shown on P 500. Related Drawing P 500 2. The legend is from the Transport Heavy alphabet. 3. The tile outlines do not form part of the signs. 4. COLOURS : Border —----— RED Background ——— WHITE Legend -—---- BLACK 72 x-ht (90) n (108) 20-7 (144) (30) (40) VARIANT (100) The triangle heights are the same for the variants 64 x-ht 72 x-ht 64 x-ht 29 (80) (90) ao k (80) (25) (96) (108) (25) (96) (30) VARIANT (128) (30) VARIANT (144) 30) VARIANT (128) P554 (40) ——— (40) ——— (40) ——— Department for Title: Warning Signs Issue: Date: | Drawn by: Dimensions: Drawing No. A: 27.6.94 S.P. WORDED WARNING SIGN (FORD Transport ( ) B: 25.7.95 | Approved by:} MILLIMETRES P 5K 5 4 and VARIANTS C: 13.11.02 RM. "
p555x1,600,750 900 1200,,BORDER ------ RED BACKGROUND --- WHITE SYMBOL --------- BLACK 6. THE SYMBOL IS REVERSED WHEN THE WATER COURSE IS ON THE RIGHT HAND SIDE OF THE ROAD. 600 (750) (900) (1200) OH 12 I4-- 82 14 14_ 20 <O B,"Drawing No. Related Drawings © CROWN COPYRIGHT P 555.1|P 500 & S 19 ¢ NOTES: — 1. Other dimensions for the triangle are shown on P SOO. 2. Details of car symbol are given on drawing S 19. 3. The tile outline does not form part of the sign. 4. All 600mm sign dimensions shall be varied proportionally for the other triangle heights. 5. COLOURS : Border —----— RED Background ——— WHITE Symbol —----—-—— BLACK 6. The symbol is reversed when the water course is on the right hand side of the road. 600 (750) (900) (1200) oH 12 i4—— 82 14 14_ 20 <o Before using this drawing, confirm P555x1 that it has not been superseded. Department for Title: Warning Sign issues isco mee Dimensions: Drawing No. Tr, n r WATER COURSE os - a Spo B: Approved by:| MILLIMETRES . ALONGSIDE ROAD AHEAD c: RM. "
p557x1,600,750 900 1200,,BORDER © CROWN COPYRIGHT . OTHER DIMENSIONS FOR THE TRIANGLE ARE SHOWN ON DRAWING P 500. . ALL 600MM SIGN DIMENSIONS SHALL BE VARIED PROPORTIONALLY FOR THE OTHER TRIANGLE HEIGHTS. BACKGROUND ---,"Drawing No. Related Drawing P 557.1 |_P 500 600 (750) (900) (1200) NOTES : . COLOURS : Border © CROWN COPYRIGHT . Other dimensions for the triangle are shown on drawing P 500. . All 600mm sign dimensions shall be varied proportionally for the other triangle heights. Background ——— WHITE Symbol —----— BLACK a 400 Before using this drawing, confirm P557x1 that it has not been superseded. Department for itle Warning Sign ‘ssue seacs Prewn ad Dimensions Drawing No. Transport ROAD HUMP AHEAD 8: 7704| Aporoved by:| MiLuIMETRES! P 557.4 or series of humps ahead c: RM. . "
p770,600,750 900 1200 1500,,BORDER BACKGROUND --- WHITE SYMBOL ------ BLACK 600 (750) (900) (1200) (1500) ER EE 14 4 24 | | | | . ~ \ $24 PFLILSILS1 24 20 10 10 38 24,"Drawing No. Related Drawing © CROWN COPYRIGHT P 770 | _P 500 ¢ NOTES: 1. Other dimensions for the triangle are shown on P SOO. 2. All 600mm sign dimensions shall be varied proportionally ] for the other triangle heights. 3. COLOURS : Border Background ——— WHITE Symbol —----— BLACK 600 (750) (900) (1200) (1500) er ee 14 4 24 | | | | . ~ \ $24 PFLILSILS1 24 20 10 10 38 24 Before using this drawing, confirm P770 ' 506 ' that it has not been superseded. Title: Warning Sign Issue: Date: | Drawn by: Dimensions: Drawing No. Department for LEVEL CROSSING with Ar 199.94) SP. Trans ort B: 7.7.04] Approved by:| MILLIMETRES P GATE or BARRIER c: avers P 770 "
p771,600,750 900 1200 1500,,BORDER ------ RED BACKGROUND --- WHITE ' SYMBOL ------- BLACK 600 - (750) (900) (1200) (1500) 286 : -___ 20 1 | = | = 312,"ann S500 & 57 © CROWN COPYRIGHT ¢ NOTES: — 1. Other dimensions for the triangle are shown on P SOO. 2. Symbol details are given on drawing S 27. ; 3. The tile outline does not form part of the sign. 1 4. All 600mm sign dimensions shall be varied proportionally for the other triangle heights. 1 5. COLOURS : Border —----— RED Background ——— WHITE ' Symbol -—----— BLACK 600 — (750) (900) (1200) (1500) 286 : -___ 20 1 | = | = 312 Before using this drawing, confirm P771 that it has not been superseded. Department for Title: Warning Sign Issue: Date: | Drawn by: Dimensions: Drawing No. A: 9. P. RAILWAY LEVEL CROSSING 19.9.94 s ranspor 5: ‘a70+| approved by:| MILUMETRES| = P77 WITHOUT GATE or BARRIER c. av "
p772,600,750 900 1200 1500,,BORDER ------ RED BACKGROUND --- WHITE SYMBOL ------ BLACK 600 (750) (900) (1200) - (1500) <> 0 EN L 180 : : 1 | 20 ' | 360 |,"Drawing No. Related Drawings © CROWN COPYRIGHT P 772 |P S00 & S 26 ¢ NOTES: — 1. Other dimensions for the triangle are shown on P 500. I 2. Symbol details are given on drawing S26. 3. The tile outlines do not form part of the sign. 4. All 600mm sign dimensions shall be varied proportionally for the other triangle heights. COLOURS : Border —----— RED Background ——— WHITE Symbol —----— BLACK 600 (750) (900) (1200) - (1500) <> 0 en L 180 : : 1 | 20 ' | 360 | Before using this drawing, confirm P772 that it has not been superseded. Title: j i Issue: Date: | Drawn by: Dimensions: Drawing No. Warning Sign ye 9g Department for g Sig ae igeeal oe. Transport TRAMCARS CROSSING AHEAD | 8: 8703] Approves by:| MILLIMETRES] = PD 77) Cc: R.M. "
p779,600,750 900 1200,,BORDER ------ RED BACKGROUND --- WHITE SYMBOL ------ BLACK 200 265 110 _ 20 [33-120 TL 779 280 SYMBOL DETAILS DE ARTMENT FOR TITLE: WARNING SIGN ISSUE: DATE: | DRAWN BY: DIMENSIONS: DRAWING NO. T,"Drawing No. P 779 Related Drawing P 500 Before using this drawing, confirm that it has not been superseded. 600 (750) (900) (1200) © CROWN COPYRIGHT NOTES: 1. Other dimensions for the triangle are shown on P 500. 2. The tile outline does not form part of the sign. 3. All 600mm sign dimensions shall be varied proportionally for the other triangle heights. 4. COLOURS : Border —----— RED Background ——— WHITE Symbol —----— BLACK 200 265 110 _ 20 [33-120 tL 779 280 Symbol details De artment for Title: Warning Sign Issue: Date: | Drawn by: Dimensions: Drawing No. Transport ELECTRIFIED bp: 26.706| Approws by:| MLLINETRES| = PD 77Q OVERHEAD CABLE AHEAD c: RM. "
p950,600,750 900 1200 1500,,BORDER -_-------- RED BACKGROUND --- WHITE ------- BLACK SYMBOL 600 (750) (900) (1200) (1500) 220 SEY 20 | 574 |,"Drawing No. Related Drawings (©) CROWN COPYRIGHT P 950 P 500 & S 24 NOTES: — 1. Other dimensions for the triangle are shown on drawing P 500. Symbol details are given on drawing S 24. The tile outline does not form part of the sign. All 600mm _ sign dimensions shall be varied proportionally for the other triangle heights. COLOURS : Border —_--—-———— RED Background ——— WHITE —-————— BLACK Symbol 600 (750) (900) (1200) (1500) 220 Sey 20 | 574 | Before using this drawing, confirm P950 that it has not been superseded. Title: Issue: Date: Dimensions: Warning Sign Drawn by: Drawing No. Department for 6.7.94 S.P. MILLIMETRES CYCLE ROUTE AHEAD 4.8.04 | Approved by: P 90 Transport R.M. "
p612-and-613,600,270 300 450 750 900 1200,,BACKGROUND ---- WHITE BORDER & BAR--- RED P 613,"Drawing No. P 612 & P 613 (270) (300) (450) 600 (750) (900) (1200) P612&613 e P 612 | | | 210 © CROWN COPYRIGHT NOTES: 1. All 600mm dia sign dimensions shall be varied proportionally for the other roundel sizes. The range of sizes for P 613 is the same as those shown for P 612. 2. COLOURS : Background ———— WHITE Border & Bar-—— RED P 613 Before using this drawing, confirm that it has not been superseded. Department for Transport Title: Regulatory Signs NO RIGHT TURN (P 612) NO LEFT TURN (P 613) Issue: A: B: Cc: Date: 5.7.94 14.11.02 2.6.03 Drawn by: S.P. Approved by: R.M. Dimensions: Drawing No. Pp 61 2 MILLIMETRES & Pp 61 3 "
p614,600,270 300 450 750 900 1200,,BACKGROUND ---- WHITE ¢,"Drawing No. © CROWN COPYRIGHT P 614 proportionally for the other roundel sizes. 2. COLOURS : Background ———— WHITE ¢ NOTES: 1. All 600mm dia sign dimensions shall be varied T ' (270) (300) (450) 600 (750) (900) (1200) 80 100 80 Before using this drawing, confirm P614 that it has not been superseded. Title: Regulatory Sign Issue: Date: | Drawn by: Dimensions: Drawing No. Department for A: 5.7.94] SP. Transport NO U—TURNS B: 14.11.02 | Approved by:| MILLIMETRES P 614 Cc: 2.6.03 R.M. "
p616,750,270 300 450 600 900 1200,,BACKGROUND ---- RED BORDER & BAR --- WHITE P616 640,"Drawing No. P 616 (270) (300) (450) (600) 750 (900) (1200) © CROWN COPYRIGHT NOTES: 1. All 750mm dia sign dimensions shall be varied proportionally for the other roundel sizes. 2. COLOURS : Background ———— RED Border & Bar —-— WHITE P616 640 Before using this drawing, confirm that it has not been superseded. Department for Transport Title: Regulatory Sign NO ENTRY Issue: A: B: Cc: Date: 5.7.94 16.7.04 11.11.11 Drawn by : Dimensions : | Drawing No. S.P. Approved by:| MILLIMETRES Pp 61 6 R.M. "
p617,600,120 450 750 900 1200,,BACKGROUND ---- WHITE BORDER ------ RED (45) 60 (78) (90) (120) (450) 600 (750) -4---------4 ----------- (900) (1200),"Drawing No. © CROWN COPYRIGHT P 617 NOTES: 1. COLOURS : Background —-—— WHITE Border ----—— RED (45) 60 (78) (90) (120) (450) 600 (750) -4-—-—-—-—-4 -—-—-—-—--- (900) (1200) Before using this drawing, confirm P617 that it has not been superseded. Title: Issue: Date: | Drawn by: Dimensions: Drawing No. Regulatory Sign Department for gulatory Sig A: 5.7.94 SP. Transport | ALL VEHICLES PROHIBITED | &* 1704} soproies ny:| muuMeTRES | PG] 7 Cc: R.M. "
p619,600,450 750 900 1200,,BACKGROUND --- WHITE BORDER --- SYMBOLS ------ 180 1 (450) © 600 : ~~ -16 1 (750) A - J 1 (900) { ) 1200 (1200) OKO 228 | -- 1 1 1 247,"Drawing No. Related Drawings © CROWN COPYRIGHT P 619 $19 & S 23 270 NOTES: 1. All 600mm dia sign dimensions shall be varied le— 124 proportionally for the other roundel sizes. 2. Car and motor cycle symbol details are given 60] on drawings S 19 & S 23 respectively. 3. The tile outlines do not form part of the sign. L 4. COLOURS : Background —-— WHITE Border —-— Symbols -—---— 180 1 (450) © 600 : ~~ —16 1 (750) a - j 1 (900) { ) 1200 (1200) OKO 228 | —— 1 1 1 247 Before using this drawing, confirm P619 that it has not been superseded. Title: i Issue: Date: | Drawn by: Dimensions: Drawing No. Regulatory Sign yt 9 Transpo, for gulatory Sig Ne eyes Sp. ransport | Motor VEHICLES PROHIBITED | & 167.4) roorored oy: wuumerRes | P 619 Cc: R.M. "
p622x1a,600,450 750 900 1200 1500,,BORDER ----~-- RED SYMBOL ------ BLACK WITH WHITE LEGEND BACKGROUND --- WHITE . WHEN THE SIGN IS USED AS A SYMBOL ON A DIRECTIONAL SIGN THE LORRY SYMBOL MAY BE REVERSED AS SHOWN ON DRAWING S 32 SHEET,"Drawing No. P 622.1A Related Drawings S 32 sheets 2 & 3 (450) 600 (750) (900) (1200) (1500) P622.1A 190 3596 © CROWN COPYRIGHT NOTES: 1. All dimensions for the 600mm dia sign shall be varied proportionally for the other roundel sizes. . Symbol details are given on drawing S 32 sheets 2 & 3. . The tile outline does not form part of the sign. . COLOURS : Border -—--~-— RED Symbol —----— BLACK with white legend Background ——— WHITE . When the sign is used as a symbol on a directional sign the lorry symbol may be reversed as shown on drawing S 32 sheets 2 & 3. VARIANT [1 © Y Before using this drawing, confirm that it has not been superseded. Department for Transport Title: Regulatory Sign GOODS VEHICLES OVER 7.5 TONNES OR 18 TONNES (mgw) PROHIBITED Issue: A: B: Cc: Date: 5.7.94 4.12.02 11.11.11 Drawn by: Approved by: Dimensions : | Drawing No. P 622.1A S.P. MILLIMETRES R.M. "
p622x8,600,450 750 900 1200,,BORDER ------ RED BACKGROUND --- WHITE SYMBOL ------ SEE DRAWING S 62,"Drawing No. P 622.8 Related Drawing S 62 (450) 600 (750) (900) (1200) P622x8 524 NOTES: — 1. © CROWN COPYRIGHT Symbol details are given on drawing S 62. The tile outline does not form part of the sign. All 600mm dia sign dimensions shall be varied proportionally for the other roundel sizes. COLOURS : Border -—---— RED Background ——— WHITE Symbol -----— see drawing S 62 Before using this drawing, confirm that it has not been superseded. Department for Transport Title: Regulatory Sign VEHICLES CARRYING EXPLOSIVES PROHIBITED Issue: A: B: Cc: Date: 5.12.02 Drawn by: R.M. Approved by: R.M. Dimensions: Drawing No. MILLIMETRES P 5 2? ; 8 "
ns67,600,750 900 1200,,- BACKGROUND ------- ROUNDEL --- LORRY BODY-- LORRY CHASSIS 3. ALL DIMENSIONS FOR THE 600MM SIGN SHALL BE VARIED PROPORTIONALLY FOR THE OTHER SIGN SIZES.,"Drawing No. NP 622.10 Related Drawing NS 74 600 (750) (900) (1200) NP 622x110 PA 60 80 315 © CROWN COPYRIGHT NOTES: 1. Symbol details are given on drawing NS 74. The tile outline does not form part of the sign. 2. COLOURS: — Background —----—— Roundel —-— Lorry body—— Lorry chassis 3. All dimensions for the 600mm sign shall be varied proportionally for the other sign sizes. Before using this drawing, confirm that it has not been superseded. Department for Transport Title: Regulatory Sign VEHICLES CARRYING DANGEROUS GOODS PROHIBITED Issue: Date: A:11/09/09 Cc: D: Drawn by: L.W. Approved by: J.B. Dimensions: Drawing No. MILLIMETRES N P 6 22. | O "
p952,600,1200 450 750 900,,BACKGROUND --- WHITE BORDER ------ RED SYMBOL ------- BLACK €- 130,"Drawing No. P 952 Related Drawings S 25 Sheet 1 P952 (1200) (450) 600 (750) (900) Equal Equal 400 © CROWN COPYRIGHT NOTES: 1. All 600mm dia sign dimensions shall be varied proportionally for the other roundel sizes. 2. Symbol details are given on drawing S 25 sheet 1. 3. The tile outline does not form part of the sign. 4. COLOURS : Background ——— WHITE Border —----— RED Symbol —-----— BLACK €— 130 Before using this drawing, confirm that it has not been superseded. Department for Transport Title: Regulatory Sign BUSES PROHIBITED Issue: Date: 6.7.94 4.8.04 Drawn by: S.P. Approved by: R.M. Dimensions: MILLIMETRES Drawing No. P 952 "
p619x1,600,450 750 900 1200,,BORDER ------ RED SYMBOL ------- BLACK BACKGROUND --- WHITE (450) 600 312 (750) (900) (1200) 558,"Drawing No. Related Drawing P 619.1 S19 NOTES: — 1. © CROWN COPYRIGHT All dimensions for the 600mm dia sign shall be varied proportionally for the other roundel sizes. 2. Symbol details are given on drawing S 19. 3. The tile outline does not form part of the sign. 4. COLOURS : Border -----— RED Symbol —-----— BLACK Background ——— WHITE (450) 600 312 (750) (900) (1200) 558 Before using this drawing, confirm P619x1 that it has not been superseded. Department for Title : Regulatory Sign Issue: Date: | Drawn by: Dimensions: Drawing No. ALL MOTOR VEHICLES EXCEPT aes panes B: 14.11.02 r :| MILLIMETRES Transport SOLO MOTOR CYCLES PROHIBITED | ¢: ven P 619.1 "
p622x7,600,450 750 900 1200,,BORDER BACKGROUND --- WHITE SYMBOL ------ BLACK (450) 600 84 (750) ¢ = (900) BA (1200) 420,"Drawing No. Related Drawing P 622.7| S17 © CROWN COPYRIGHT NOTES: — 1. Symbol details are given on drawing S 17. 2. The tile outline does not form part of the sign. 3. All 600mm dia sign dimensions shall be varied proportionally for the other roundel sizes. 4. COLOURS : Border Background ——— WHITE Symbol —----— BLACK (450) 600 84 (750) ¢ = (900) BA (1200) 420 Before using this drawing, confirm P622x7 that it has not been superseded. Department for Title: Regulatory Sign Issue: Date: | Drawn by: Dimensions: Drawing No. A: 5.12.02 R.M. Transport | towed caRAVANS PROHIBITED | ®: Aeproved by:| MILLIMETRES | > 6 DD) / Cc: R.M. "
p619x2,600,450 750 900 1200,,BORDER RED SYMBOL --- BLACK BACKGROUND --- WHITE EE © (450) 600 270 (750) (900) (1200) MA 200 405,"Drawing No. Related Drawing P 619.2 S23 © CROWN COPYRIGHT NOTES:— 1. All dimensions for the 600mm dia sign shall be varied proportionally for the other roundel sizes. 2. Symbol details are given on drawing S 23. 3. The tile outline does not form part of the sign. 4. COLOURS : Border RED Symbol —-— BLACK Background ——— WHITE ee © (450) 600 270 (750) (900) (1200) ma 200 405 Before using this drawing, confirm P619x2 that it has not been superseded. Title: ; Issue: Date: | Drawn by: Dimensions: Drawing No. Regulatory Sign y? 9 Transpo, for gulatory Sig Ae syeal ae. FANSPOHT | soLo MoTOR CYCLES PROHIBITED | ® 141.02] roorores oy:] wLLMETRES | P 619.2 Cc: R.M. "
p622x5,600,450 165 330,,BACKGROUND --- WHITE BORDER ------ RED SYMBOL ------- BLACK (450) C- (165) 600 220 (90) 120 I I T | = T = (330) 440,"Drawing No. Related Drawing © CROWN COPYRIGHT P 622.5| S15 ¢ NOTES: 1. Symbol details are given on drawing S 15. T 2. The tile outline does not form part of the sign. 3. COLOURS : Background —-— WHITE Border —----— RED Symbol —----—— BLACK (450) C— (165) 600 220 (90) 120 I I t | = t = (330) 440 Before using this drawing, confirm P622x5 that it has not been superseded. Title: Regulatory Sign Issue: Date: | Drawn by: Dimensions: Drawing No. Department for HORSE DRAWN VEHICLES |“ 57%] se fo Transport PROHIBITED c. 16.7.04 ave by: P 622.5 "
p629x1,600,750 900,,"BACKGROUND ------------ WHITE. BORDER --------------- RED LEGEND, SYMBOL & ARROWS --- BLACK 6. THE LEGEND, EXCLUDING THE ‘INCHES’ SYMBOL, IS CENTRED HORIZONTALLY ABOVE THE ARROWS. 7. SEE SHEET 2 FOR","Drawing No. Related Drawing P 629.1 |S 92 Sheet | 310 Sheet 1 of 2 © CROWN COPYRIGHT NOTES: 1. All 600mm dia sign dimensions shall be varied proportionally for the other roundel sizes. 2. The legend is from the Transport Heavy alphabet at the x—heights shown. 3. Lorry symbol details are given on drawing S 32 sheet 1. 4. The tile outlines do not form part of the sign. 5. COLOURS : Background -----------— WHITE. Border --------------— RED Legend, Symbol & Arrows ——— BLACK 6. The legend, excluding the ‘inches’ symbol, is centred horizontally above the arrows. 7. See sheet 2 for metric sign. 50 x—ht (62.5) (75) Issue C : Note 6 added 600 (750) (900) Before using this drawing, confirm P629x1-1 that it has not been superseded. Department for Title: Regulatory Sign Issue: Date: | Drawn by: Dimensions: Drawing No. A: 19.7.94 S.P. Transport VEHICLE LENGTH LIMIT B: 257.95 | Approved by:| MILLIMETRES P 629.1 (Imperial) C: 287.04 R.M. Sheet 1 of 2 "
p629a,750,900 1200,,LEGEND & SYMBOLS --- BLACK BACKGROUND ----------- WHITE BORDER ----------- RED,"Drawing No. P 629A P629A 750 (900) (1200) —————-+| NOTES: — 1. © CROWN COPYRIGHT The legend is from the Transport Heavy alphabet. . The tile outlines do not form part of the sign. . The width limit may be varied to suit the requirements. . All 750mm dia sign dimensions, including the x—height, shall be varied proportionally for the other roundel sizes. . COLOURS : Legend & Symbols ——— BLACK Background -—--—--—-—— WHITE Border -—--------— RED Before using this drawing, confirm that it has not been superseded. Department for Transport Title: Regulatory Sign VEHICLE WIDTH LIMIT (Metric and Imperial) Issue: A: Date: 3.7.03 Drawn by: R.M. Approved by: R.M. Dimensions: Drawing No. MILLIMETRES P 5 29 A "
p629x2a,750,900 1200 1500,,BACKGROUND --~------- WHITE. BORDER ------------ RED LEGEND & SYMBOLS --- BLACK 100 X-HT 1.5 SW (4SW = X-HEIGHT) (BASED ON SMALL CHARACTERS) I 750 (900)(1200) (1500) ----+},"Drawing No. © CROWN COPYRIGHT P 629.2A 1. All 750mm dia sign dimensions, including the x—heights, shall be varied proportionally for the other roundel sizes. 2. The legend is from the Transport Heavy alphabet. 3. The tile outlines do not form part of the sign. 25 4. COLOURS : Background -—~---—--— WHITE. Border ------—----— RED Legend & Symbols —-— BLACK 100 x-ht 1.5 sw (4sw = x—height) (based on small characters) I 750 (900)(1200) (1500) ————+} Before using this drawing, confirm P629x2A that it has not been superseded. Department for Title : Regulatory Sign Issue: Date: | Drawn by: Dimensions: | Drawing No. A: 20.7.94 S.P. Transport VEHICLE HEIGHT LIMIT 8: 287.06 approved vy:| (atrore wane | P BQO DA (Metric and Imperial) Cc: R.M. where indicated) "
np953a,750,450 600 900,,BACKGROUND -------- BLUE 156 BORDER & SYMBOLS --- WHITE 5. THE BUS SYMBOL MAY BE VARIED TO THE YO ‘LOCAL BUS’ SYMBOL SHOWN ON DRAWING S 25 45 SHEET 2. (450) (600) 203 750 (900) 30 187.5 66 BEFORE USIN,"Drawing No. Related Drawings © CROWN COPYRIGHT NP O53A S 23, S 24 & S 25 NOTES: 1. All 750mm dia sign dimensions shall be varied proportionally for the other roundel sizes. { 2. Details of the symbols are given on drawings S 23, S 24 and S 25 sheet 1. 62.5 3. The tile outlines do not form part of the sign. 4. COLOURS : Background -—-----— BLUE 156 Border & Symbols —-— WHITE 5. The bus symbol may be varied to the yo ‘local bus’ symbol shown on drawing S 25 45 sheet 2. (450) (600) 203 750 (900) 30 187.5 66 Before using this drawing, confirm NP953A that it has not been superseded. Department for Title: Regulatory Sign Issue: Date: | Drawn by: Dimensions: Drawing No. A: 15.8.05 R.M. Tr n r BUS, CYCLE AND B: roved by:| MILLIMETRES ansport | oo \otor cycle ROUTE =. Aoproved by NP 953A "
np953b,,,x,BACKGROUND ---------- BLUE BORDER & SYMBOLS ---- WHITE ‘TAXI’ ----------- WHITE . THE BUS SYMBOL MAY BE VARIED TO THE ‘LOCAL BUS’ SYMBOL SHOWN ON DRAWING S 25 SHEET 2. EQUAL EQUAL | OXD {60} ¢ |,"Drawing No. Related Drawings S 24, S 25 NP 953B | % $26 560 NP953B NOTES: 1. © CROWN COPYRIGHT The legend is from the Transport Medium alphabet at the x—height shown. . Details of the symbols are given on drawings S 24, S 25 sheet 1 and S 26. . The tile outlines do not form part of the sign. . COLOURS : Background —--—-—-—-— BLUE Border & Symbols —-—— WHITE ‘taxi’ ----------- WHITE . The bus symbol may be varied to the ‘local bus’ symbol shown on drawing S 25 sheet 2. Equal Equal | Oxd {60} ¢ | | | | Before using this drawing, confirm that it has not been superseded. Department for Transport Title: Regulatory Sign BUS, SOLO MOTOR CYCLE, CYCLE and TAX! ROUTE Issue: A: B: Cc: Date: 31.5.06 Drawn by: R.M. Approved by: R.M. Dimensions: Drawing No. MILLIMETRES NP 95 4B "
np953x1b,,,x,BACKGROUND ----------- BLUE BORDER & SYMBOLS ---- WHITE ‘TAXI’ ----------- WHITE . THE BUS SYMBOL MAY BE VARIED TO THE ‘LOCAL BUS’ SYMBOL SHOWN ON DRAWING S 25 SHEET 2.,"Drawing No. NP 953.1B Related Drawings S 23, S 24, S25 & S 26 200 | #4 | 130 |u| NP953x1B NOTES: 1. © CROWN COPYRIGHT The legend is from the Transport Medium alphabet at the x—height shown. . Details of the symbols are given on drawings S 23, S 24, S 25 sheet 1 and S 26. . The tile outlines do not form part of the sign. . COLOURS : Background —--—-—-—-—— BLUE Border & Symbols —-—— WHITE ‘taxi’ ----------- WHITE . The bus symbol may be varied to the ‘local bus’ symbol shown on drawing S 25 sheet 2. Before using this drawing, confirm that it has not been superseded. Department for Transport Title: Regulatory Sign CYCLE and TAXI TRAM, BUS, SOLO MOTOR CYCLE, ROUTE Issue: A: B: Cc: Date: 31.5.06 Drawn by: R.M. Approved by: R.M. Dimensions: Drawing No. MILLIMETRES} KID Q53 1B "
to-17-s46,,,x,,"Drawing No. Before using this drawing, confirm S 46 that it has not been superseded. S46 NOTES: 1. The grids do not form part of any sign to which the symbols are applied. 2. Dimensions are given in grid divisions, (normally equal to 1/4 x—height) © CROWN COPYRIGHT 3. The bed symbol may be reversed. 4. See drawings T 10, T 11 and T 12 for cup, spoon/fork and bed symbols when used on signs with brown backgrounds. Department for Transport Title: Symbols SERVICES Issue: A: B: Cc: Date: 18.2.94 27.4.95 4.11.02 Drawn by: R.M. Approved by: R.M. Dimensions: ALL IN GRID DIVISIONS Drawing No. S 46 "
np2917x1,,,x,"BACKGROUND ------- BLUE L FE LEGEND & BORDER ---- WHITE 3 X LORRY SYMBOL --~---- WHITE FL SR S 6 4. DIMENSIONS : X-HEIGHTS ARE IN MILLIMETRES, TL ERVICES OTHER DIMENSIONS ARE IN STROKE WIDTHS BASED 4","Before using this drawing, confirm © CROWN COPYRIGHT that it has not been superseded. A Department . NOTES: 1. The route numbers are from the Motorway 7 min between alphabet and other legend from the Transport or Transpo p 9 geographic name or Medium alphabet at the x—height shown. symbol & associated mileage 2. The tile outlines do not form part of the sign. 1.5 3. COLOURS : Background -—----— BLUE L fe Legend & Border —-—— WHITE 3 x Lorry symbol --~---— WHITE Fl sr S 6 4. DIMENSIONS : x—heights are in millimetres, tL ervices other dimensions are in stroke widths based 4 | . on the 250min/400max x—height. (4sw = x—height) u Odford 1m Equal : oe 5. Lorry symbol details are given in drawing a oo. x-ht S 32. The lorry symbol is 8sw high and cima Puddleworth Dm | Seo voce in mate ~_ . only . . 400 6. The geographical names of the service areas . . and the words ‘NO SERVICES’ may be varied i} Va : or omitted as appropriate but shall not Westville 20m exceed sx J ai "" 7 ~ 7. The x—height of ‘Services’ must always be 8 IM Hy (N) Wood house | Om 20% greater than the x—height of the r . remainder of the text. 8 IM S N O S — RVICES 8. Identification numbers of routes may be : : added, varied or omitted as appropriate. 28 5— ate 4k ak 2.5 from longest 2.5 route number shown NP2917x1-1 Title: Motorway Informatory Signs Issue: Date: Drawn by : Related drawings : Dimensions : Drawing No. A: 20.6.11 A.K. DISTANCES TO MOTORWAY $ 39 SEE NP 2917.1 B: 12.11.13} Approved by: NOTE 4 . SERVICES A"
p2917,,,x,"BACKGROUND ------- BLUE LEGEND & BORDER --- WHITE 4 3.5 (® )) 4. DIMENSIONS : X-HEIGHTS ARE IN MILLIMETRES, TT 1.56 : XVHT OTHER DIMENSIONS ARE IN STROKE WIDTHS BASED S @ RVI CES 250 MIN ON THE 175MIN","Drawing No. © CROWN COPYRIGHT P 2917 rd NOTES: 1. The route numbers are from the Motorway Sheet 1 of 3 alphabet and other legend from the Transport Medium alphabet at the x—heights shown. W 5 (S )z 46 mn x-ht 2. The tile outlines do not form part of the sign. ar 3. COLOURS : Background —-----— BLUE Legend & Border ——— WHITE 4 3.5 (® )) 4. DIMENSIONS : x—heights are in millimetres, TT 1.56 : xvht other dimensions are in stroke widths based S @ rvi Ces 250 min on the 175min/280max x—height. (4sw = x—height) 4 : 4 400 max | | ht 5. See sheets 2 and 3 for variants. T- | | “ ast |] _ STEAKADE 475 ri = | [AA || 475 min ° i (ay 2 | | 280 mox 1sw min 7 ROADCOOK 20m : = oe a lll 4 20m ll ae WOODHOUSE |) | 1 MSN) cery fom + U a iy | 4.5 Fl : | yf * tiles in each column (tens, units 35) I it and ‘m’) are centred above each — NVA ( \ other but no tiles to overlap || (M5(S): NO SERVICES | | | 2.577 (CO ! ! J) = 2 FE TASS TAIRA BRT + bo, 5S sw 4b lak ht bk Mi 5(S) NO 2.5 from longest 7 min 2.5 route number between place name shown and associated mileage Before using this drawing, confirm P2917-1 that it has not been superseded, Title: i : : : “mensions: , Department for itle Motorway Informatory Sign ‘seve ees Prown oy Dimensions Drawing No. DISTANCES TO MOTORWAY 5146. *. SEE P 2917 ranspor a: 143.05 | Approved by:| one g SERVICE AREAS AHEAD c: RM. Sheet 1 of 3 "
p2918,,,x,"BACKGROUND ------- BLUE LEGEND & BORDER --- WHITE 4. DIMENSIONS : X-HEIGHTS ARE IN MILLIMETRES, OTHER DIMENSIONS ARE IN STROKE WIDTHS. (4SW = X-HEIGHT) 2.5 A - EE | - 2.5 FR _XVHT ""|| SERVICES |= 2 ;","Drawing No. © CROWN COPYRIGHT P 2918 . . NOTES: 1. The legend is from the Transport Medium alphabet at the x—heights shown. 2. The tile outlines do not form part of the sign. 3. COLOURS : Background -—----— BLUE Legend & Border ——— WHITE 4. DIMENSIONS : x—heights are in millimetres, other dimensions are in stroke widths. (4sw = x—height) 2.5 a - ee | — 2.5 Fr _xvht ""|| Services |= 2 ; 400 max oe Ne 1 1.5 Before using this drawing, confirm P2918 that it has not been superseded. Department for Title: Motorway Informatory Sign ‘seve: ewes Prown ey Dimensions: Drawing No. Transport DISTANCE TO NEXT 2 nner ronan] yee, | P 2918 : 11, pproved by: MOTORWAY SERVICE AREA NOTE 4 Cc: R.M. "
p2918x1,,,x,"BACKGROUND ---------- BLUE LEGEND & BORDER --- WHITE . DIMENSIONS : X-HEIGHTS ARE IN MILLIMETRES, OTHER DIMENSIONS ARE IN STROKE WIDTHS. (4SW = X-HEIGHT) 1 SP ~ FE 2.5 2.5 P2918X1 THAT IT HAE NET B","Drawing No. P 2918.1 1 2.5 7 2.5 sk 1 > No services” on motorway a) _xvht 250 min 400 max y, NOTES: 1. 5 — © CROWN COPYRIGHT The legend is from the Transport Medium alphabet at the x—heights shown. . The tile outlines do not form part of the sign. . COLOURS : Background -—----—-—— BLUE Legend & Border ——— WHITE . DIMENSIONS : x—heights are in millimetres, other dimensions are in stroke widths. (4sw = x—height) 1 sp ~ fe 2.5 2.5 P2918x1 that it hae net been sugerseded” Department for Title: Motorway Informatory Sign Issue: Date: | Drawn by: Dimensions: Drawing No. SERVICES NOT AVAILABLE Av 22.11.04) LW SEE Transport oN MOTORWAY s moody! noe | P 2918.1 "
p2330,,,x,"BACKGROUND -- ="" -- BE FER NO SERVICES 23 JO OM MAT J- 4. DIMENSIONS : X-HEIGHTS ARE IN MILLIMETRES, OTHER 75 MIN DIMENSIONS ARE IN STROKE WIDTHS. (4SW = X-HEIGHT) X--H 300 MAX | NO SERVICES. =","Drawing No. P 2330 © CROWN COPYRIGHT NOTES: 1. The legend is from the Transport Medium alphabet at the x—heights shown. 2.5 2. The tile outlines do not form part of the signs. ait ae a 3 COLOURS : Background —- ="" —- Be fer No services 23 jo om Mat j— 4. DIMENSIONS : x—heights are in millimetres, other 75 min dimensions are in stroke widths. (4sw = x—height) x—-h 300 max | No services. = | {Lon mororway | No services | On ae VARIANT vertical spacing for route number with brackets VARIANT Before using this drawing, confirm P2330 that it has not been superseded. Title: Informatory Signs Issue: Date: | Drawn by: Dimensions: Drawing No. Department for SERVICES NOT AVAILABLE Av 22.11.04) LW SEE Transport ON MOTORWAY AHEAD c. Approved by:| NOTE 4 P 2530 "
p2308x1,,,x,"- 2.5 (7 ~\ BACKGROUND . TH 6 6 LEGEND & BORDER ---- BLACK _-L SYMBOLS & ARROW --- BLACK ORPE ST MICHAEL X-HT : OM [2 EE EEE -» 8 5. DIMENSIONS : X-HEIGHTS ARE IN MILLIMETRES, } OTHER DIMENSIONS ARE I","Drawing No. Related Drawings © CROWN COPYRIGHT P 2308.1 S 44, S 46, 5 |S 47 &T1 NOTES: 1. The legend is from the Transport Heavy Sheet 1 of 2 alphabet at the x—heights shown. 2. Symbol details are given on drawings S 44, S 46,S 47 &T1. 25 25 25 25 25 3. von tile outlines do not form part of the 4 i a i a fr 4 i 4. COLOURS: — 2.5 (7 ~\ Background . Th 6 6 Legend & Border ——-— BLACK _-L Symbols & Arrow ——— BLACK orpe St Michael x-ht : om [2 ee eee —» 8 5. DIMENSIONS : x—heights are in millimetres, } other dimensions are in stroke widths. 150 min local facilities Haus Ger ot 300 max : ee 2.5 6. SYMBOL SIZES: - : All symbols are 14sw high (tiles where shown). Symbol widths are as follows. We \ D ; pe aT Pump i —rL Cup : 2.5 Spoon & Fork —--— 8sw Oo ‘v information —-- 14sw Bed --------- 26sw i : 7. See sheet 2 for variants. 1.5r Ue J) + 2.5 —| -—- Equal —__- | 4 LL — Equal —— 1.5 Applies to all symbols Before using this drawing, confirm P2308x1-1 that it has not been superseded. Title: Services and Tourist Facility Sign Issue: Date: | Drawn by: Dimensions: Drawing No. Department for At 28208 RM. FACILITIES AVAILABLE AT A SMALL TOWN OR SEE P 2308.1 ranspor 8: beorove by:] NOTES VILLAGE REACHED FROM JUNCTION AHEAD c: RM. Sheet 1 of 2 "
p2904x2,,,x,"BACKGROUND DISTANCE PATCH - LEGEND & BORDER ----- WHITE ARROWS & SYMBOLS --- WHITE 4. DIMENSIONS : X-HEIGHTS ARE IN MILLIMETRES, OTHER DIMENSIONS ARE IN STROKE WIDTHS BASED ON THE X-HEIGHT OF THE LE","86.2 min 154 2.5 = P2904x2 98.1 min yy x—ht 225 min 400 max NOTES: 1. The route numbers are from the Motorway alphabet and the distance from the Transport Medium Alphabet at the x—heights shown. 2. The tile outlines do not form part of the sign. 3. COLOURS : Background Distance patch — Legend & Border ——-—— WHITE Arrows & Symbols —-— WHITE 4. DIMENSIONS : x—heights are in millimetres, other dimensions are in stroke widths based on the x—height of the legend ‘A 46’. (4sw = x—height) © CROWN COPYRIGHT Pod Department for Transport Title: Motorway Direction Sign TIGER TAIL SIGN Issue : A: (3B D: Date: 3.12.11 1.12.15 26.1.17 Drawn by: A.K. Approved by J.B. Related drawings : Drawing No. P 2904.2 Sheet 1 of 5 "
p2017x1,,,,", ALL THE DIMENSIONS REQUIRED TO DESIGN THIS SIGN ARE THE SAME AS SHOWN ON WORKING DRAWING SCHEDULE 12 PART 28 ITEM 02 (P2904.2). P2017X1 © CROWN COPYRIGHT COUD TITLE: PRIMARY ROUTE DIRECTION SIGN I","Lampton The SOUTH London Aside from the colours, all the dimensions required to design this sign are the same as shown on working drawing Schedule 12 Part 28 Item 02 (P2904.2). P2017x1 © CROWN COPYRIGHT coud Title: Primary Route Direction Sign Issue: Date: Drawn by: Related drawings : Drawing No. A: 261.17 AK. Department TIGER TAIL SIGN c: Approved by: | P 2904.2 P 2017.1 for Transport} D: JB. "
p2912,,,x,"BACKGROUND ------- BLUE LEGEND & BORDER --- WHITE 4. DIMENSIONS : X-HEIGHTS ARE IN MILLIMETRES, OTHER DIMENSIONS ARE IN STROKE WIDTHS. (4SW = X-HEIGHT) - 2.5 2.5 __((. ; AE 8 NN 5 7 0 250 MIN JUNCT","Drawing No. Before using this drawing, confirm Pp 291 2 that it has not been superseded. gap is omitted when ‘7’ or ‘9’ is used gap is omitted \ / when ‘A’ is used 2.5 2.5 aa /o S\ NOTES: 1. © CROWN COPYRIGHT The legend in the upper line is from the Motorway alphabet and from the Transport Medium alphabet in the two lower lines at the x—heights shown. 2. The tile outlines do not form part of the signs. 3. COLOURS : Background -—----— BLUE Legend & Border ——— WHITE 4. DIMENSIONS : x—heights are in millimetres, other dimensions are in stroke widths. (4sw = x—height) — 2.5 2.5 __((. ; ae 8 NN 5 7 0 250 min Junction 5 57 : 400 max oo Junction j= —_—_ yh oe #00 mox M25/M1 26 r ) miles Junction 5 or S) 1.5 = — b- VARIANT 2.5 P2912 Department for Title: Motorway Informatory Signs Issue: Date: | Drawn by: Dimensions: Drawing No. Transport WITH ANOTHER MOTORWAY cf eee OF] NOTE 4 P 2912 "
p2010x1,,,x,TOP SIGN PANEL BACKGROUND ------ BLUE 16 BAM OFA; D AE WON LEGEND -- WHITE DIA 22 (F) 300 YAR S 75 MIN X-HT BOTTOM SIGN PANEL BACKGROUND DARK GREEN T FOES POETICS 300 MAX ‘NORTHTOWN’ PANEL LEGEND -,"Drawing No. Related drawing Before using this drawing, confirm © CROWN COPYRIGHT Pp 201 0 1 P 612 that it has not been superseded. : NOTES: 1. The legend is from the Transport Medium alphabet on the top panel and the Transport Heavy alphabet on the ‘Northtown’ panel at the x—heights shown. Equal Equal 2. The tile outlines do not form part of the sign. white +4 3. The roundel is proportional to the one shown on drawing P 612 border 0.5 and may be varied to one shown on drawing P 613 or P 614. + = 1.5 7| ; . 4, COLOURS : Top Sign Panel Background —---—— BLUE 16 BAM ofa; d ae won Legend —— WHITE dia 22 (F) 300 yar S 75 min x-ht Bottom Sign Panel Background DARK GREEN t Foes Poetics 300 max ‘Northtown’ Panel Legend —-— BLACK i = 6.5 "" 4 Background — Route Symbol & Borders ----—-—-—— i} Prohibitory roundel as shown on P 612 with added WHITE border 1.5 5. DIMENSIONS : x—heights are in millimetres, other dimensions are in stroke widths. (4sw = x—height) KH © Other Dimensions oY 44 Other Dimensions be Note: — The route symbol is always ist + 4sw wide irrespective of the am 1r status of the route indicated 300 max y, a L A 1r 4 4 42° 2.5 T T | r This drawing should be used in conjunction with the Traffic Signs Manual Chapter 7 1 t dale P2010x1 Department for Title: Primary Route Directional Sign issue: ob aes oer by: Dimensions : | Drawing No. DISTANCE TO PROHIBITED MOVEMENT : “ - SEE ranspor B: 11.11.11 | Approved by: NOTE 5 . AND DIRECTION TO DESTINATION c: RM. "
p2010x2,,,x,"MAIN BACKGROUND DARK GREEN 2.5 -) ROUTE SYMBOL & BORDER --- WHITE 1.5R LEGEND --------------- BLACK ON WHITE PANEL PROHIBITORY ROUNDEL AS SHOWN ON P 612 5. DIMENSIONS : X-HEIGHTS ARE IN MILLIMETRES, O","Drawing No. Related drawing Before using this drawing, confirm © CROWN COPYRIGHT p 201 O 2 P 612 that it has not been superseded. : NOTES:— 1. The legend is from the Transport Medium alphabet at the x—heights shown. Note: — 2. The tile outlines do not form part of the sign. The route symbol is always 4sw wide irrespective of the 3. The roundel is proportional to the one shown on drawing P 612 status of the route indicated and may be varied to the one shown on drawing P 613. 4 (7 >\ 4, COLOURS : Main Background DARK GREEN 2.5 -) Route symbol & Border —-— WHITE 1.5r Legend -—------------— BLACK on WHITE panel Prohibitory roundel as shown on P 612 5. DIMENSIONS : x—heights are in millimetres, other dimensions in stroke widths. (4sw = x—ht) 1.5— —_ 0.5 im 16 dia x-ht ; | ~ aon ||| Bell Green | | | a 0.5 300 max ener! a Losccechenenee! ¢ white QVO Ff 4+ 2.5 —_ _| abl, af 2.5 2.5 This drawing should be used in conjunction with the Traffic Signs Manual Chapter 7 P2010x2 Department for Title: Primary Route Directional Sign sesve re aes nr by: Dimensions : | Drawing No. DIRECTION TO DESTINATION SHOWN] 7° ~ ~ SEE ranspor B: 11.11.11) Approved by: NOTE 5 P W, QO1 OQ . 2 AVOIDING PROHIBITED MOVEMENT | ¢. iv "
p2123,,,x,TOP PANEL BACKGROUND ---- BLUE ” » LEGEND -- WHITE MAIN SIGN BACKGROUND WHITE ” » LEGEND - BLACK ROUTE SYMBOL & BORDER --- BLACK PROHIBITORY ROUNDEL AS SHOWN ON P 612 WITH WHITE BORDER ADDED . DIMENSI,"Drawing No. Related Drawing Before using this drawing, confirm P ?| 23 P 612 that it has not been superseded. NOTES: Equal 4 25 Equal cs Pr CO, ° =) — (( = + 2.5 22 iene (F) 200 yards 4 || Br on 4 foe ; : 65 300 max™ t High . Street Bon 1.5r me Ne ae ae 4 2.5 This drawing should be used in conjunction with the P2123 Traffic Signs Manual Chapter 7 1. © CROWN COPYRIGHT The legend in the top panel is from the Transport Medium alphabet and from the Transport Heavy alphabet beneath the route symbol, at the x—heights shown. . The tile outlines do not form part of the sign. . The roundel is proportional to the one shown on drawing P 612 and may be varied to one shown on drawing P 613 or P 614. . COLOURS : Top Panel Background -—-— BLUE ” » Legend —— WHITE Main Sign Background WHITE ” » Legend — BLACK Route symbol & Border -—— BLACK Prohibitory roundel as shown on P 612 with WHITE border added . DIMENSIONS : x—heights are in millimetres, other dimensions are in stroke widths. (4sw = x—height) 2.5 2.5 alle ale ae Note: — The route symbol is always 4sw wide irrespective of the status of the route indicated Department for Transport Title: Non—Primary Route Directional Sign Issue: Date: | Drawn by: Dimensions: Drawing No. A: 15.7.94 S.P. DISTANCE TO PROHIBITED MOVEMENT SEE B: 3.9.04 | Aj d by: AND DIRECTION TO DESTINATION c: ey | NOTE 5 P 2124 "
p2124,,,x,"BACKGROUND ---------------- WHITE ROUTE SYMBOL, BORDER & LEGEND --- BLACK PROHIBITORY ROUNDEL AS SHOWN ON P 612 5. DIMENSIONS : X-HEIGHTS ARE IN MILLIMETRES, OTHER DIMENSIONS ARE IN STROKE WIDTHS. (4S","Drawing No. P 2124 Related Drawing Before using this drawing, confirm that it has not been superseded. P 612 rf Vz > 25 _J L er wih + -@li+ x—ht poy ne 300 max fon AT | . TS S, + RL ss] IE 2.5 , 2.5 P2124 This drawing should be used in conjunction with the Traffic Signs Manual Chapter 7 NOTES: — 1. © CROWN COPYRIGHT The legend is from the Transport Heavy alphabet at the x—heights shown. . The tile outlines do not form part of the sign. 3. The roundel is proportional to the one shown on drawing P 612 and may be varied to the one shown on drawing P 613. 4. COLOURS : Background ---------------- WHITE Route symbol, Border & Legend -—— BLACK Prohibitory roundel as shown on P 612 5. DIMENSIONS : x—heights are in millimetres, other dimensions are in stroke widths. (4sw = x—height) 0.5 os eens Gane Ir ir tJ L4 4 4r as 7 ir | 4 2.5 wef Note: — The route symbol is always 4sw wide irrespective of the status of the route indicated alae Department for Transport Title: Non—Primary Route Directional Sign DIRECTION TO DESTINATION SHOWN AVOIDING PROHIBITED MOVEMENT Issue: A: B: Cc: Date: | Drawn by: Dimensions: Drawing No. 15.7.94 S.P. SEE 3.9.04 | Approved by: NOTE 5 R.M. "
p2215,,,x,"BACKGROUND -- BROWN LEGEND, SYMBOLS & ARROW --- WHITE BORDER & DIVIDER LINE - WHITE ARROW | GREENWOOD 14 DIMENSIONS X--HEIGHTS ARE IN MILLIMETRES, OTHER FO REST DIMENSIONS ARE IN STROKE","Drawing No (C) CROWN COPYRIGHT P 2215 NOTES: 1 The legend is from the Transport Medium alphabet Sheet 1 of 2 at the x—heights shown 2.5 Details of the tourist attraction symbols are given on the T and AT series of drawings min hk he The tile outlines do not form part of the sign 1.5 2.5 _ (7 : fence ena ener eee e teen etme eet ee nett neat teen COLOURS Background —— BROWN Legend, Symbols & Arrow ——— WHITE Border & Divider Line — WHITE arrow | Greenwood 14 DIMENSIONS x—-heights are in millimetres, other Fo rest dimensions are in stroke widths. (4sw = x—height) 2.5 —L_ 2.5 See sheet 2 for variants. See Chapter 7 of the 0.5 Traffic Signs Manual for further design guidance —-— - — Museum —-+""""* (LMI legend 2.5 H+1 : vee tee e teen teen nett eect eee e ete eee eteeneeteeeeteneeene x-ht Greenwood 60 min Archer Casthe 300 max Fo rest Woodland | wai 1.5 _ || Steam Ra : i i rerreers : J4., —_— oa Saline + Salle ahr Ne) 2.5 2.5 2.5 min symbols 67.5'\ Before using this drawing, confirm P2215-1 that it has not been superseded Title Issue Date Dimensions Department for Tourist Destination Sign Drawn by Drawing No JUNCTION AHEAD LEADING TO A 29.7.94 L.W./R.M SEE B 21.6.95 | Approved by P 2219 Transport PLACE WITH TOURIST ATTRACTIONS R.M NOTE 5 Sheet 1 of 2 Cc 14.4.05 "
p2205,,,x,"BACKGROUND ----~~------ BROWN { | | T LEGEND, SYMBOL & BORDER --- WHITE T - \\ 1.5 4 T 5. DIMENSIONS : X-HEIGHTS ARE IN MILLIMETRES, OTHER A ~ DIMENSIONS ARE IN STROKE WIDTHS. (4SW = X-HEIGHT) @ 6. SE","Drawing No. Related Drawing | Before using this drawing, confirm © CROWN COPYRIGHT P 2205 T 1 that it has not been superseded. NOTES: 1. The legend is from the Transport Medium alphabet Sheet 1 of 2 at the x—heights shown. | a 51 =| 2. Symbol details are given on drawing T 1. 3. The tile outlines do not form part of the signs. —| 4 40 4 4. COLOURS : Background —---~~------ BROWN { | | t Legend, Symbol & Border ——— WHITE T — \\ 1.5 4 t 5. DIMENSIONS : x—heights are in millimetres, other a ~ dimensions are in stroke widths. (4sw = x—height) @ 6. See sheet 2 for other variants. 40 O 68.5 LS 76.5 4 T , tg x-ht ppg TOUrist ZO min Tourist information |)"" ee on eee centre Equal Equal VARIANT P2205-1 Department for Title: Tourist Destination Signs Issue: Date: | Drawn by: Dimensions: Drawing No. Th TOURIST INFORMATION POINT | 4? 28794) SP SEE P 9905 ranspor B: 19.6.95 | Approved by: NOTE 5 or CENTRE C: 1.10.04 R.M. Sheet 1 of 2 "
p2307,,,x,"BACKGROUND -------------- BROWN 2.5 LEGEND, BORDER & SYMBOLS ---- WHITE ‘P’ SYMBOL TILE ----------- BLUE I) RECYCLING SYMBOL --------- DARK GREEN 14 WC BO ON WHITE TILE 5. DIMENSIONS : X-HEIGHTS ARE I","Drawing No. Related Drawings Before usin . . . g this drawing, confirm CROWN COPYRIGHT P 2307 S 41, S 43, S 44, S 45, that it has not been superseded. © S 59, T 1, T4&T79 NOTES: 1. The legend is from the Transport Medium alphabet at Sheet 1 of 2 the x—heights shown. 9.8 2. Symbol details are given on drawings S 41, S 43, S 44,8 45,S 59,T1,T4&T9. 2.5 2.5 >| rf 14 | 4 rf 14 | 4 r— 14 aa a 3. The tile outlines do not form part of the signs. t Va > 4, COLOURS : Background ------—------— BROWN 2.5 Legend, Border & Symbols ——-— WHITE ‘P’ symbol tile ----------- BLUE i) Recycling symbol —-------- DARK GREEN 14 WC bo on white tile 5. DIMENSIONS : x—heights are in millimetres, other 25 a\ dimensions are in stroke widths. (4sw = x—ht) _— a\ Ce 6. See sheet 2 for other variants. 14 Cc J/| 1_ /| 14+ 4 TT 6% x-ht i» | mile 80 min 185 \e : ae J) 250 max p24 ko Ak i 1.5 2.5 VARIANT a Symbols may be centred above HORIZONTAL SPACING: The disabled each other where there is an Minimum space between symbol, when equal number of symbols on any two symbols is 4 sw. shown, is always each line. ate placed alongside 15 the ‘WC’ symbol P2307-1 Department for Title: Services and Tourist Facility Signs ‘esve wees ow by: Dimensions : | Drawing No. DISTANCE TO PARKING PLACE 48. P. SEE P 9307 ranspor B: 8.12.04] Approved by:| NOTE 5 WITH VARIOUS FACILITIES ch nanan RM. Sheet 1 of 2 "
p2303,,,x,"BACKGROUND --------- BROWN SYMBOL LEGEND & BORDER --- WHITE T YO ~ T 15 SYMBOL & ARROW ---- WHITE 2.5 RAY 4 } 5. DIMENSIONS : X-HEIGHTS ARE IN MILLIMETRES, OTHER VO UEL 1.5R DIMENSIONS ARE IN STROKE W","Drawing No. Related Drawing Before using this drawing, confirm © CROWN COPYRIGHT P 2303 T 5 that it has not been superseded. NOTES: 1. The legend is from the Transport Medium alphabet at the x—heights shown. —STT>/ ; Bie 2. Symbol details are given on drawing T 5. Equal Equal Youtih 3. The til tli d tf t of the si 2.5 min 2.5 min 2 ae ee . The tile outlines do not form part of the signs. —| 28 — riostel 4, COLOURS : Background —----—--— BROWN symbol Legend & Border ——— WHITE t yo ~ t 15 Symbol & Arrow ———— WHITE 2.5 ray 4 } 5. DIMENSIONS : x—heights are in millimetres, other VO uel 1.5r dimensions are in stroke widths. (4sw = x—height) 2.5 : Liccccebesnetielygestonsig —> I 3 4 7 Tourist Tourist 8 va apprised etc tisictae : : cope 1.5 | NS : a 250 max C= Tt | be ————— as _— VARIANT sale calae Equal Equal VARIANT 2.5 min 2.5 min VARIANT P2303 Department for Title: Tourist Facility Signs Issue: Date: | Drawn by: Dimensions: Drawing No. Transport DISTANCE AHEAD TO A s asieet | amen | SEE P 2303 : : 10. rove : YOUTH HOSTEL (and variants) | ¢: | CNOTE 8 "
p2305,,,x,BACKGROUND -----~- BROWN EQUAL EQUAL IL IAN) | LE LEGEND & BORDER --- WHITE 2.5 MIN 2.5 MIN A A SYMBOL & ARROW ---- WHITE | 28 <- . SYMBOL DISTANCE EXPRESSED 5. DIMENSIONS : X-HEIGHTS ARE IN MILLIMETR,"Drawing No. Related Drawing Before using this drawing, confirm © CROWN COPYRIGHT T 4 that it has not been superseded. P 2305 NOTES: 1. The legend is from the Transport Medium alphabet at the x—heights shown. 25 2. Symbol details are given on drawing T 4. > fe 3. The tile outlines do not form part of the signs. : Boe 4. COLOURS : Background -----~- BROWN Equal Equal il IAN) | le Legend & Border ——— WHITE 2.5 min 2.5 min a a Symbol & Arrow ———— WHITE | 28 <— . symbol Distance expressed 5. DIMENSIONS : x—heights are in millimetres, other { t in miles dimensions are in stroke widths. (4sw = x—height) 25_— (( yale Carlton Glen ||, — 2.5 7 | ol 4 - : 4) emerens cence: |e 200 yas || , ‘|| TSO yes |] min ss |"" 1.5 i \ ae) 250 max 25 1.5r 8 ———— he Site a ae : Equal Equal L—16—-| 2.5 min 2.5 min VARIANT VARIANT P2305 Title: Tourist Facility Signs Issue: Date: | Drawn by: Dimensions: Drawing No. TAI DISTANCE AHEAD TO A Av 2595) SP/RM SEE Transport B+ 15.10.04 | Approved by:} NOTE 5 P 2505 PICNIC AREA (and variants) c: RM. "
p2709,,,x,BACKGROUND © CROWN COPYRIGHT THE LEGEND IS FROM THE TRANSPORT MEDIUM ALPHABET AT THE X-HEIGHTS SHOWN. . THE TILE OUTLINES DO NOT FORM PART OF THE SIGNS. GREEN (FORMERLY LIGHT GREEN) LEGEND & ARROW,"Drawing No. P 2709 Before using this drawing, confirm that it has not been superseded. 2.5 1.5 th it, 7 # EMerGeNncy || =r _., Vehicles 2.5 1.5 Equal Equal SVT. en NOTES: 1. . COLOURS : Background © CROWN COPYRIGHT The legend is from the Transport Medium alphabet at the x—heights shown. . The tile outlines do not form part of the signs. GREEN (formerly LIGHT GREEN) Legend & Arrow ——— WHITE Border YELLOW . DIMENSIONS : x—heights are in millimetres, other dimensions are in stroke widths. (4sw = x—height) ak Ash Tunnel Emergency Vehicles ~ = frikik 2.5 \ 4) VARIANT. P2709 Department fo Title: Emergency Directional Signs Issue: Date: Drawn by : Dimensions : | Drawing No. ROUTE FOR EMERGENCY VEHICLES | 4° 7-695] SP-/Lw SEE Transport TO PERMANENT INCIDENT POINT | 6. a iot| “Proved ey:) NOTE 4 P 2/09 "
p2710,,,x,"BACKGROUND -------- GREEN (FORMERLY LIGHT GREEN) LEGEND & CHEVRON ---- WHITE BORDER ----------- YELLOW 4. DIMENSIONS : X-HEIGHTS ARE IN MILLIMETRES, OTHER DIMENSIONS ARE IN STROKE WIDTHS. (4SW = X-HE","Drawing No. P 2710 ive cial a 1.5 Y, Ash Tunnel Emergency ; Vehicles v © CROWN COPYRIGHT NOTES: 1. The legend is from the Transport Medium alphabet at the x—heights shown. 2. The tile outlines do not form part of the signs. 3. COLOURS : Background —-----—— GREEN (formerly LIGHT GREEN) Legend & Chevron —-—— WHITE Border —---------— YELLOW 4. DIMENSIONS : x—heights are in millimetres, other dimensions are in stroke widths. (4sw = x—height) 5. See Chapter 7 of the Traffic signs Manual for further design guidance. 2 2.5 TA ak VARIANT if : x—ht EMergency ||zonin 23 V in 6 { 75 max \\ ne Before using this drawing, confirm P2710 that it has not been superseded. Title: Emergency Directional Signs Issue: Date: Drawn by : Dimensions : | Drawing No. Department for A: 7.6.95 S.P./L.W. Transport DIRECTION OF ROUTE FOR EMERGENCY VEHICLES TO PERMANENT INCIDENT POINT noes | P 2710 B: 2.11.04] Approved by: CoRR AL R.M. "
p2711x1,,,x,"BACKGROUND -------------- SYMBOLS, ARROWS & LEGEND BORDER ----------------- SEE SHEET 2 FOR OTHER VARIANTS. ~\ JOR 100 YARDS Q W VARIANT P2711X1-1 DEPARTMENT FO TITLE: EMERGENCY DIRECTIONAL SI","Drawing No. Related Drawing Before using this drawing, confirm Pp 27) a 1 S 50 that it has not been superseded. Sheet 1 of 2 500 mm 32 {= (7 el] 100 yards , 2) ys a ae 38 rN 1.5 pt bk Rf b} — J) at ke “aah NOTES: 1. © CROWN COPYRIGHT The sign is based on 50 mm nominal x—height. Dimensions of the symbol and positioning on the sign given in stroke widths (4sw = x—height). X—height of 40mm is 80% of nominal. Overall dimensions are in millimetres. . Symbol details are given on drawing S 50. . The tile outlines do not form part of the signs. . COLOURS : Background -------------— Symbols, Arrows & Legend Border -—--—--—--------- See sheet 2 for other variants. ~\ Jor 100 yards Q w VARIANT P2711x1-1 Department fo Title: Emergency Directional Signs Issue: Date: Drawn by : Dimensions : | Drawing No. Transport DIRECTION & DISTANCE TO EMERGENCY | 2) 11h"" , an SEE P 2711.4 . rove t . EXIT FOR PEDESTRIANS FROM A TUNNEL | og: ee | NOTE 1 Sheet 1 of 2 "
p2922,,,x,"BACKGROUND ----------- BLUE LEGEND, ARROW & BORDER --- WHITE 4. DIMENSIONS : X-HEIGHTS ARE IN MILLIMETRES, OTHER DIMENSIONS ARE IN STROKE WIDTHS. (4SW = X-HEIGHT) 2.5 2.5 2.5 2.5 AA PIK AIR ARR ° 2.5","Drawing No. Before using this drawing, confirm © CROWN COPYRIGHT that it has not been superseded. P 2922 NOTES: 1. The legend is from the Transport Medium alphabet at the x—heights shown. 2. The tile outlines do not form part of the sign. 3. COLOURS : Background ----------— BLUE Legend, Arrow & Border ——— WHITE 4. DIMENSIONS : x—heights are in millimetres, other dimensions are in stroke widths. (4sw = x—height) 2.5 2.5 2.5 2.5 AA pik air arr ° 2.5 7 || ee I coer geas | | xcht \ | —__ Works WANT |[2ome \y | L : : : ; 400 max only . | ° 1.5 P2922 Department for Title: Motorway Direction Sign ‘seve: hoes Prown ey Dimensions: Drawing No. : 7. .P. SEE Transport | entrance To WORKS UNIT | ®% 300¢| mowser:! uote | P 2922 Cc: R.M. "
p2601x2,,,x,"BACKGROUND ------------- BLUE 100 MAX LEGEND, BORDER & SYMBOLS --- WHITE 4, 5 5. DIMENSIONS : X-HEIGHTS ARE IN MILLIMETRES, OTHER 7 . DIMENSIONS ARE IN STROKE WIDTHS. (4SW = X-HEIGHT) RADIUS (90° BEND","Drawing No. Related drawing Before using this drawing, confirm © CROWN COPYRIGHT p 2601 2 S 24 that it has not been superseded. : NOTES: 1. The legend is from the Transport Medium alphabet 2.5 mi 25 25 . at the x—heights shown. -5 min . .5 min >| k >| fe + fe 2. Details of the cycle symbol is on dwg S 24. Radius x-ht T : : £ : 14 inside 3. The tile outlines do not form part of the signs. a | ')> F 15 outside 50 min _ own cen re 4. COLOURS : Background ------------- BLUE 100 max Legend, Border & Symbols ——— WHITE 4, 5 5. DIMENSIONS : x—heights are in millimetres, other 7 . dimensions are in stroke widths. (4sw = x—height) Radius (90° bend) 38 6. The route symbol shall not be varied. 1 inside 4 outside Radius (route arm) i 17.5 inside 2 VARIANT Town csn S 21.5 outside 10 A Vr 10 See Traffic Signs Manual 35 2.5 Chapter 7 for further details o F relating to place names and R 15 the addition of distances. Note 0 that very short destination 0 xv x 4, 5 blocks (less than 23 sw in ‘ . length) shall be centred over 8.5 the ahead route arm. IN 1.5 W/ 11.5 rr? LAYOUT B 1.5r 4 LAYOUT A \e at Other dimensions i i cdheies 4 75 4 12 min ONS) as Layout A 1.5 8 16.5 Radius (45° bend) ° ; Par 1 inside ° i U_—____ fF fP P2601x2 *Shall not be varied | 2.5 outside Title: Directional Signs Issue: Date: | Drawn by: Dimensions: Drawing No. Department for A: 21.1.04 R.M. ROUTE FOR PEDAL CYCLES : SEE ranspor B: rpproved by:] ores | P 2OO1.2? ACROSS ENTRY SLIP ROAD c: RM. "
p2610x2,,,,WHERE ADDED SPECIF © CROWN COPYRIGHT ARROW FOOTPATH ---------- YELLOW BRIDLEWAY ---------- BLUE BYWAY --~--~---~-~~~ RED RESTRICTED BYWAY - CYCLE ROUTE BACKGROUND ANY CONTRASTING COLOUR LEGEND W,"Drawing No. P 2610.2 The arrow shall be rotated to point in the appropriate direction ra dius for construction COLOURS : Where added specif © CROWN COPYRIGHT Arrow Footpath ---------— YELLOW Bridleway —--------— BLUE Byway --~--~---~-~~~ RED Restricted byway — Cycle route Background any contrasting colour Legend where added ——— any contrasting colour any legend is , there is no ic size and any style of lettering may be used. The legend may be placed on or adjacent to the arrow. Before using this drawing, confirm P2610x2 that it has not been superseded. Department for itle Directional Sign for Pedestrians issue ones Prown ey Dimensions Drawing No. WAYMARK SIGN FOR : ° - Transport B: 24.3.05 | Approved by:| MILLIMETRES} P D26B1QO.2 FOOTPATHS, BRIDLEWAYS etc R.M. "
p818x4,,,x,LEGEND & BORDER - - WHITE SPON: SEGS 300 X-HT BACKGROUND ------- - BLUE MAX THIN BORDER TO ROUNDEL - WHITE ROUNDEL -------------- SEE APPROPRIATE DRAWING : TOS THIN BORDER . DIMENSIONS : X-HEIGHTS ARE,"Drawing No. Related Drawings © CROWN COPYRIGHT P 818.4 sheet |P 622.1A, P 626.2A, P 629, P 629A . 1 of 3|P 629.1, P 629.2, P 629.2A NOTES: 1. The legend is from the Transport Medium alphabet at the x-heights shown. 2.5 4 a . The roundel illustrated is proportional to the one shown on 25 ~~ drawing P 622.1A. Other roundels which may be used are shown . Ww ‘O At lif it in the table below. . Clg] f : Jn . The tile outlines do not form part of the sign. art Beckwood 60 min . COLOURS : Legend & Border — — WHITE spon: segs 300 x-ht Background ------- — BLUE max Thin border to roundel — WHITE Roundel —--—--—------- see appropriate drawing : tos thin border . DIMENSIONS : x—heights are in millimetres, other dimensions are in stroke widths. (4sw = x—height) A . See Chapter 7 of the Traffic Signs Manual for further design details in relation to place names and route numbers. ¢ —fR---— Diameter | . See sheet 2 and 3 for variants. B TABLE OF SIZES FOR ROUNDEL VARIANTS (Stroke Widths) ——_— Roundel Diagram No. | Diameter | Dimension A | Dimension B [Pe : O [or cee 622.1A 30 18 19.5 O [ x OU rne 626.2A (roundel only) 24 15 16.5 use B3048 Z co ceclemeeegeetta teenie egal ‘ 629A 30 18 19.5 L and A307 1.51 629.1 30 18 19.5 oe NS - i Sy 4, 5 629.2 24 15 16.5 | a7 629.2A 30 18 19.5 = ; = ¢ Before using this drawing, confirm P818x4-1 that it has not been superseded. itle: Informator ign Issue: ate: rawn by : imensions : rawing No. Department fo Titl Inf tory Sig \ D Di D i Drawing N A: 6.8.04 LW."
p818x5,,,x,LEGEND & BORDER ------- WHITE M| A 2) LE LOEEK BACKGROUND ----------~ BLUE THIN BORDER TO SYMBOL --- WHITE 2.5 SYMBOL ----------~--- SEE APPROPRIATE DRAWING -=-F 0.5 THIN BORDER 6. DIMENSIONS : X-HEI,"Prawing No. sheet Ree so Before using this drawing, confirm © CROWN COPYRIGHT P 818.5 > that it has not been superseded. 1 of 2 P 530A NOTES: 1. The legend is from the Transport Medium alphabet at the x-heights shown. :7 2. The symbol illustrated is proportional to the one shown on 7) 2.5 drawing P 530A. (Ss, A 7 : Low bridge 3. When diagram P 530 is used, the height of the triangle is 24 sw. S 7 ———_ . 4. The tile outlines do not form part of the sign. SOU © 60 min x-ht 300 max 5. COLOURS : Legend & Border —-—---— WHITE M| a 2) le loeek Background —---------~ BLUE Thin border to symbol ——— WHITE 2.5 Symbol -—--------~--- see appropriate drawing —=—F 0.5 thin border 6. DIMENSIONS : x—heights are in millimetres, other dimensions are in stroke widths. (4sw = x—height) VV 7. See Chapter 7 of the Traffic Signs Manual for further design 30 sw details in relation to place names and route numbers. ALA 14*6” 8. See sheet 2 for variants. Alternative 4 2.5 2.5 Ne YP ==1.5 ee | ee =e ane 2.5 | 25 Low bridge route via A123 a woo t | Rok > P818x5-1 Title: Informatory Sign Issue: Date: Drawn by : Dimensions : | Drawing No. Department for Transport LOCATION OF LOW BRIDGE WITH ue AK SEE P 818.5 Appr d by: INDICATION OF ALTERNATE ROUTE | ¢. ee | CNOTE S Sheet 1 of 2 "
p2502,,,x,"BACKGROUND ------------- 2.5 LEGEND, BORDER & SYMBOLS ‘P’ SYMBOL --------- ‘P’ SYMBOL TILE -- 14 WC RECYCLING SYMBOL ----- -- DARK GREEN 5. DIMENSIONS : X-HEIGHTS ARE IN MILLIMETRES, OTHER 25 5 DIMENS","Drawing No. Related Drawings Before using this drawing, confirm © CROWN COPYRIGHT =) 2502 Ss 32, AS) 41, S 43, that it has not been superseded. S 44,S 59 &T 1 NOTES: 1. The legend is from the Transport Heavy alphabet at Sheet 1 of 2 the x—heights shown. 2. Symbol details are given on drawings S 32, S 41, S 43, S 44,S 59 & T 1. 2.5 9.g 29 . , . >| rf 14 | 4 rf 14 | 4 a rf 3. The tile outlines do not form part of the signs. t (7 >) 4. COLOURS : Background ——--—-------- 2.5 Legend, Border & Symbols ‘P’ symbol -—------- ‘P’ symbol tile —- 14 WC Recycling symbol ——-—— —— DARK GREEN 5. DIMENSIONS : x—heights are in millimetres, other 25 5 dimensions are in stroke widths. (4sw = x—ht) } : 6. See sheet 2 for other variants. 12 i 6 x-ht 1.5r il mnnlle 60 min 1.5 V4 a ees 250 max 1.5 2.5 14 Symbols of differnt widths may HORIZONTAL SPACING: VARIANT be centred above each other Minimum space between where there is an equal number any two symbols is 4 sw. of symbols on each line. P2502-1 Department for Title : Directional Signs Issue: Date: Drawn by : Dimensions : | Drawing No. A: .5. S.P./R.M. DISTANCE TO PARKING PLACE 5 30.698 / SEE P 29502 ranspor B: 153.05] Approved by:| NOTE 5 WITH VARIOUS FACILITIES c: wan RM. Sheet 1 of 2 "
p551x1,600,750 900 1200,,BORDER ------ 1 BACKGROUND SYMBOL ------- 1 600 (750) (900) EE Y (1200) ° 2 SEG G 2350 20 1 | 125-4 T 299 1,"Drawing No. Related Drawings © CROWN COPYRIGHT P 551.1{P.500 & S 13 ¢ NOTES: — 1. Other dimensions for the triangle are shown on drawing P 500. i 2. Symbol details are given on drawing S 13. 3. The tile outline does not form part of the sign. 1 4. All 600mm sign dimensions shall be varied proportionally ' for the other triangle heights. 5. COLOURS : Border -----— 1 Background Symbol —-—-—-— 1 600 (750) (900) ee Y (1200) ° 2 Seg g 2350 20 1 | 125-4 t 299 1 Before using this drawing, confirm P551x1 that it has not been superseded. Title: Issue: Date: | D by: Di i : Drawing No. Department for Warning Sign tu ate rawn y imensions rawing 10. A: 27.6.94 S.P. Transport MIGRATORY TOAD CROSSING AHEAD | 8% 2969+] Approved by: MILLIMETRES | =P SS] | Cc: R.M. "
traffic-sign-drawing-schedule-13-part-2-items-02-and-03-p554,,,x,BORDER ------ RED BACKGROUND --- WHITE LEGEND ------ BLACK 72 X-HT (90) N (108) 20-7 (144) (30) (40) VARIANT (100) THE TRIANGLE HEIGHTS ARE THE SAME FOR THE VARIANTS 64 X-HT 72 X-HT 64 X-HT 29 (80) (9,"Drawing No. Before using this drawing, confirm © CROWN COPYRIGHT P 554 that it has not been superseded. NOTES:— 1. Other dimensions for the triangle are shown on P 500. Related Drawing P 500 2. The legend is from the Transport Heavy alphabet. 3. The tile outlines do not form part of the signs. 4. COLOURS : Border —----— RED Background ——— WHITE Legend -—---- BLACK 72 x-ht (90) n (108) 20-7 (144) (30) (40) VARIANT (100) The triangle heights are the same for the variants 64 x-ht 72 x-ht 64 x-ht 29 (80) (90) ao k (80) (25) (96) (108) (25) (96) (30) VARIANT (128) (30) VARIANT (144) 30) VARIANT (128) P554 (40) ——— (40) ——— (40) ——— Department for Title: Warning Signs Issue: Date: | Drawn by: Dimensions: Drawing No. A: 27.6.94 S.P. WORDED WARNING SIGN (FORD Transport ( ) B: 25.7.95 | Approved by:} MILLIMETRES P 5K 5 4 and VARIANTS C: 13.11.02 RM. "
p554x2,600,750 900 1200 1500,,"BORDER -------- RED BACKGROUND --- WHITE SYMBOL ------ BLACK 600 | IN, (750) OY (900) 50 OE! “> (1200) 4 HE (1500) 564 | -- 30 215 _ 23","Drawing No. Related Drawing P 554.2 | P 500 NOTES : 1. © CROWN COPYRIGHT Other dimensions for the triangle are shown on drawing P 500. 2. All 600mm sign dimensions shall be varied proportionally for the other triangle heights. 3. COLOURS : Border —----—-— RED Background ——— WHITE Symbol -----— BLACK 600 | iN, (750) oy (900) 50 Oe! “> (1200) 4 hE (1500) 564 | —— 30 215 _ 23 Before using this drawing, confirm P554x2 that it has not been superseded. Department for Title: Warning Sign issues sence row ay Dimensions: Drawing No. Transport RISK of ICE or 8: 5.704 Approved by:| witumeTres} P S554 9 PACKED SNOW AHEAD c: RM. . "
p556,600,750 900 1200 1500,,BORDER BACKGROUND --- WHITE SYMBOL ------ BLACK O + SS SY Y S © + | 50 T 179 = | = = T = SYMBOL DETAILS FOR 600MM SIGN,"Drawing No. P 556 Related Drawing P 500 600 (750 (900 (1200 (1500 NNN | 384 NOTES : 1, © CROWN COPYRIGHT Other dimensions for the triangle are shown on drawing P 500. All 600mm sign dimensions shall be varied proportionally for the other triangle heights. 3. COLOURS : Border Background ——— WHITE Symbol —----— BLACK o + Ss sy Y S © + | 50 t 179 = | = = t = Symbol details for 600mm sign Before using this drawing, confirm P556 that it has not been superseded. Title: j ‘ Issue: Date: | Drawn by: Dimensions: Drawing No. Warning Sign ye 9 Department for ng s'9 A: 28.6.94 S.P. Transport UNEVEN ROAD AHEAD B: 67.04 | Approves y:| MILLIMETRES! =P 5 5G Cc: R.M. "
p557,600,750 900 1200 1500,,BORDER ------ ' BACKGROUND | SYMBOL -------- 600 ' (750) (900) (1200) (1500) 500 FL -___ 20 T ' | 340,"Drawing No. Related Drawings P 557 [P_.800, S19 & S 22 © CROWN COPYRIGHT ¢ NOTES: — 1. Other dimensions for the triangle are shown on drawing | P 500. ' 2. Symbol details are given on drawing S 19 & S 22. | 3. The tile outline does not form part of the sign. 4. All 600mm sign dimensions shall be varied proportionally 1 for the other triangle heights. | 5. COLOURS : Border -----— ' Background | Symbol —----—-— 600 ' (750) (900) (1200) (1500) 500 fl -___ 20 T ' | 340 Before using this drawing, confirm P557 that it has not been superseded. Title: j ‘ Issue: Date: | Drawn by: Dimensions: Drawing No. Warning Sign y? 9 Department for A: 28.6.94 SP. Transport | suepery ROAD AHEAD — | 8 770¢| spre oy:| muumenres] P5577 Cc: R.M. "
p562,600,750 900 1200 1500,,BORDER --------- RED BACKGROUND --- WHITE SYMBOL ------ BLACK 600 _._-_ __-¢ (750) (900) 240 (1200) (1500) 248 20 80 DIA -LE¢ TL 60 20 + -_ 12,"Drawing No. Related Drawing P 562|_P 500 © CROWN COPYRIGHT ¢ NOTES: 1. Other dimensions for the triangle are shown on drawing P 500. 2. All 600mm sign dimensions shall be varied proportionally for the other triangle heights. 3. COLOURS : Border —----—--— RED Background ——— WHITE Symbol —----— BLACK 600 _._-_ __-¢ (750) (900) 240 (1200) (1500) 248 20 80 dia —Le¢ tL 60 20 + —_ 12 Before using this drawing, confirm P562 that it has not been superseded. Title: Issue: Date: | Drawn by: Dimensions: Drawing No. Department for A: 28.6.94 SP. Transport | other DANGER AHEAD — | 8 7708| sorrows oy-) muumeres| =P 562 Cc: R.M. Warning Sign "
p950,600,750 900 1200 1500,,BORDER -_-------- RED BACKGROUND --- WHITE ------- BLACK SYMBOL 600 (750) (900) (1200) (1500) 220 SEY 20 | 574 |,"Drawing No. Related Drawings (©) CROWN COPYRIGHT P 950 P 500 & S 24 NOTES: — 1. Other dimensions for the triangle are shown on drawing P 500. Symbol details are given on drawing S 24. The tile outline does not form part of the sign. All 600mm _ sign dimensions shall be varied proportionally for the other triangle heights. COLOURS : Border —_--—-———— RED Background ——— WHITE —-————— BLACK Symbol 600 (750) (900) (1200) (1500) 220 Sey 20 | 574 | Before using this drawing, confirm P950 that it has not been superseded. Title: Issue: Date: Dimensions: Warning Sign Drawn by: Drawing No. Department for 6.7.94 S.P. MILLIMETRES CYCLE ROUTE AHEAD 4.8.04 | Approved by: P 90 Transport R.M. "
p7001,600,750 900 1200 1500,,BORDER -_----_-- RED BACKGROUND --- WHITE ------ - BLACK SYMBOL FY NN APES EEE EEE CECE EEE EEE E EEE EEE EE EEE EENS 600 (750) (900) (1200) (1500) 500 -_ 20 -__ + 239 --_+] 400 P7,"Drawing No. Related Drawings (C) CROWN COPYRIGHT P 7001 P 500 & S 7 NOTES: 1 Other dimensions for the triangle are shown on drawing P 500. Symbol details are given on drawing S 7. The tile outline does not form part of the sign. All 600mm sign dimensions shall be varied proportionally for the other triangle heights. COLOURS : Border —_-—-—_—— RED Background ——— WHITE —-———— — BLACK Symbol FY nn APES eee eee cece eee eee e eee eee ee eee eens 600 (750) (900) (1200) (1500) 500 —_ 20 —__ + 239 ——_+] 400 P7001 Before using this drawing, confirm that it has not been superseded. Title : Issue: Date: Dimensions: Warning Sign Drawn by: Drawing No. Department for A 30.10.95 S.P. ROAD WORKS B MILLIMETRES 21.12.04 Approved by P /OO1 Transport or temporary obstruction Cc R.M. "
p7009,600,750 900 1200 1500,,BORDER ------ RED BACKGROUND --- WHITE SYMBOL ------ BLACK 600 (750) (900) (1200) (1500) 225 | YY JE) 432 1,"Drawing No. Related Drawings P 7009 P 500 & S 20 1. © CROWN COPYRIGHT Other dimensions for the triangle are shown on drawing P 500. . Symbol details are given on drawing S 20. . The tile outline does not form part of the sign. . All 600mm sign dimensions shall be varied proportionally for the other triangle heights. . COLOURS : Border —----— RED Background —-— WHITE Symbol -----— BLACK 600 (750) (900) (1200) (1500) 225 | YY je) 432 1 Before using this drawing, confirm P7009 that it has not been superseded. Title: i : Issue: Date: | Drawn by: Dimensions: Drawing No. Warning Sign y: 9 Department for ng 9'9 A: 6.11.95 S.P. B: 21.12.04 | Approved by:| MILLIMETRES P 7 OO 9 Transport LOOSE CHIPPINGS Cc: R.M. "
p511,150,200,,"BACKGROUND ------- RED LEGEND & BORDER --- WHITE 4. DIMENSIONS : X-HEIGHTS ARE IN MILLIMETRES, OTHER DIMENSIONS ARE IN STROKE WIDTHS. (4SW = X-HEIGHT) 2.5 WIK \ 2.8 (- / >) ""| REDUCE |\MS EM | |","Drawing No. P 511 © CROWN COPYRIGHT NOTES:— 1. The legend is from the Transport Medium alphabet at the x—heights shown. 2. Tile outlines do not form partof the signs. 3. COLOURS : Background -—----— RED Legend & Border ——— WHITE 4. DIMENSIONS : x—heights are in millimetres, other dimensions are in stroke widths. (4sw = x—height) 2.5 Wik \ 2.8 (- / >) ""| REDUCE |\ms em | | ocew te ) aS 150) | (CROSSING r } 12 A ‘v) (200) VARIANT 1.5 Before using this drawing, confirm P511 that it has not been superseded. Title: Warning Signs Issue: Date: | Drawn by: Dimensions: Drawing No. Department for SUPPLEMENTARY PLATES FOR USE | *) 29894) SP. SEE Transport WITH TRIANGULAR SIGNS BL POR) Approved by:) NOTE 4 P 311 "
p513x2,,,x,"BACKGROUND --------- WHITE. LEGEND & BORDER --- BLACK 4. DIMENSIONS : X-HEIGHTS IN MILLIMETRES, OTHER DIMENSIONS IN STROKE WIDTHS 1.5 RELATED TO THE SMALL X-HEIGHT. (4SW = X-HEIGHT) E MIB : X-HT 24 4+","Drawing No. Before using this drawing, confirm p 51 3 2 that it has not been superseded. © CROWN COPYRIGHT NOTES: — 1. The legend is from the Transport Heavy alphabet at the x—heights shown. 2. The outlines of the tiles do not form part of the sign. 3. COLOURS : Background -—---—--— WHITE. Legend & Border ——— BLACK 4. DIMENSIONS : x—heights in millimetres, other dimensions in stroke widths 1.5 related to the small x—height. (4sw = x—height) e MIB : x-ht 24 4+_ speed : 16 (1.8 approx) QI tes - 25 i \ </ a = 2.5 se —| - 25 numeral approx height x-ht (75) SPESe (300) (214) (100) (400) (286) (125) (500) (357) P513x2 Title: Warning Sign Issue: Date: | Drawn by: Dimensions: Drawing No. Transport MAXIMUM SPEED ADVISED (MPH) | 3. soi} pooece py.| __ SEE P 513.2 (FOR USE WITH TRIANGULAR SIGNS) o.tC*d em | NOTE 4 ; "
p7009x1,,,x,"BACKGROUND ------- WHITE | [R IS LEGEND & BORDER --- BLACK 4. DIMENSIONS : X-HEIGHTS IN MILLIMETRES, OTHER DIMENSIONS IN STROKE WIDTHS RELATED TO THE SMALL X-HEIGHT. (4SW = X-HEIGHT) 4 5. THE SPEED","Drawing No. Before using this drawing, confirm © CROWN COPYRIGHT i) 7009 1 that it has not been superseded. . NOTES: — 1. The legend is from the Transport Heavy alphabet at the Sheet 1 of 2 x-heights shown. 2. The outlines of the tiles do not form part of the sign. {e) [e) 3. COLOURS : Background ------- WHITE | [r IS Legend & Border —-- BLACK 4. DIMENSIONS : x—heights in millimetres, other dimensions in stroke widths related to the small x—height. (4sw = x—height) 4 5. The speed limit is always 20 and cannot be varied/changed. 6. The skid risk plate cannot be used on its own. The skid risk plate must be used with the max speed plate and both x-ht - poe . : must have the same x—height and preferably be mounted —__| : on a backing board. z AN ee —_—_ : 7. See sheet 2 for details of the ‘Max speed’ plate. “| speed (100) : (125) 1.5 2.5 2.5 +—.4 x-ht 2.5 6 6 o's Skicl risk (62.5) D. (75) 1.5 (100) — f (125) P7009x1-—1 Department fo Title: Warning Sign Issue: Date: Drawn by : Dimensions : | Drawing No. speed advised (MPH) c: “proves *Y'| NOTE 4 Sheet 1 of 2 Transport Risk of skidding and maximum i 4.14.01 AK, sce P 7009.1 "
p7006x1,,,x,"BACKGROUND -----~-- YELLOW LEGEND & BORDER ---- BLACK _ I 19 ! HE LOGO --------- SEE S 57A | 5. DIMENSIONS : X-HEIGHTS ARE IN MILLIMETRES, OTHER T /Y S\ RY DIMENSIONS ARE IN STROKE WIDTHS. (4SW = X-HE","NOTES: 1. The legend is from the Transport Heavy alphabet at the x—heights shown. 2. Details of the HE logo are given on drawing S 57A. 3. The tile outlines do not form part of the sign. ~ 46.9 = 4. COLOURS : Background -----~-- YELLOW Legend & Border ——-— BLACK _ I 19 ! HE logo --------- see S 57A | 5. DIMENSIONS : x—heights are in millimetres, other t /y S\ ry dimensions are in stroke widths. (4sw = x—height) 2.5 1.57 AY 5 highways: england t_ 1.5 ——| ~— 150 min 300 max a a, 2S Ty t be = — 2.5 2.5 P7006x1 © CROWN COPYRIGHT psn) Title: Road Works Informatory Sign Issue: Date: Drawn by : Related drawings : Drawing No. A: 19.1.05 AK. Department TELEPHONE NUMBER B: 21.5.10 | Approved by: SS7A P / O O6 | for Transport FOR ROAD WORKS ENQUIRIES Cc: 1.04.15 JB. "
p7007x1,,,x,MAIN BACKGROUND ... LEGEND AND BORDER I 25 NATIONAL HIGHWAYS LOGO ............ SEE S 57B ES AT CEE : G © © G| |E LE S © IR NE IR DEPARTMENT FOR TRANSPORT........... SEE S1 . 1 VOSEDOE OO : JESSEL OS B,"Notes 1. The legend on the lower sign panel is from the Transport Medium alphabet at the x-heights shown. 2. The tile outlines do not form part of the sign. 3. | COLOURS: Main Background ... Legend and Border i 25 National Highways logo ............ see S 57B eS aT CEE : G © © G| |e le S © ir Ne ir Department for Transport........... see S1 . 1 vosedoe oo : Jessel os b pore bee t Foseeeeed x—ht National Highways and : Va (OC): i . Department for Transport tt mM Prove in en 100_ min Panel Background ........:seeseeees WHITE 2 syguagengnnginnninoninngaginisinngiiy 300 max T i fe} : DIMENSIONS: x-heights are in millimeters, other [2 ef | (NG) dimensions are in stroke widths (4sw = x-height) Spring 2029) ran 1.5 XS 7 tT | | al 2.5 2.5 2.5 P7007x1-1 © CROWN COPYRIGHT Fou Title: Road Works Informatory Sign Issue: Date: Drawn by : Related drawings : Drawing No. A: 11.2.05 AK. Department | DETAILS OF ROAD SCHEME | ce: 10015 | apres oy: | gga, gy | 007.1 for Transport D: 23.03.23 J.B. Sheet 1 of 3 "
p7008,,,x,THE LEGEND AND BACKGOUND MAY BE IN ANY CONTRASTING COLOURS. (C) THE MAXIMUM HEIGHT OF EACH PANEL SHALL BE 200MM BETWEEN BORDERS (AS SHOWN). (D) ONE OR BOTH PANELS MAY BE OMITTED. WHEN THE UPPER PONE,"Drawing No. P 7008 N a oO w oO w oO Oo fo} 1050 Riverside a Water Company PLC 7, | WATER MAIN RENEWAL |[= « Ti! Completion expected — | — «0 1 September 2003 ft, || Contractor - N E Samson Ltd || — 3s xt i] Emergency Telephone ||— + Til 020 7128 4567) |J—oo Sorry for any oho pe inconvenience 15 all borders i P7008 ab 25 Details of sign illustrated in - min TSRGD 2002 © CROWN COPYRIGHT NOTES: 1. TOP AND BOTTOM PANELS (a) The legend may be in any style of lettering. (b) COLOURS : The legend and backgound may be in any contrasting colours. (c) The maximum height of each panel shall be 200mm between borders (as shown). (d) One or both panels may be omitted. When the upper ponel is omitted, the Undertaker’s name may be added to the main panel in Transport Medium alphabet. 2. MIDDLE (MAIN) PANEL (a) The legend is from the Transport Medium alphabet. The x—height of the telephone number shall be 50mm maximum. Other legend shall have x-heights smaller than that of the telephone number (suggested x—heights are shown opposite). (b) The tile outlines do not form part of the sign. (c) COLOURS : Background RED Legend & Border ——— WHITE Before using this drawing, confirm that it has not been superseded. Department for Transport Title: Road Works Informatory Sign DETAILS OF STREET WORKS (Sign for pedestrians) Issue: Date: A: 6.11.95 B: 11.2.05 Cc: Drawn by: Dimensions: Drawing No. S.P./R.M. Approved by:| MILLIMETRES P / O O 8 R.M. "
p7104,1800,900 2700 900 1200 300 600 300 400 800 400,,SHADED AREAS --- RED OTHER AREAS ---- WHITE /-&---- (900) 1800 (2700) A MINIMUM LENGTH NCES <A < Z RA 00) OO 00) 600 200 400 200 (900) (1200) (300) (600) (300) INCREMENTS FOR (400) (800) (400) INC,"Drawing No. © CROWN COPYRIGHT P 7104 COLOURS : Shaded areas ——— RED Other areas ———— WHITE /-&———— (900) 1800 (2700) a minimum length NCES <a < Z ra 00) oo 00) 600 200 400 200 (900) (1200) (300) (600) (300) increments for (400) (800) (400) increases in length Before using this drawing, confirm P7104 that it has not been superseded. Title: Issue: Date: | Drawn by: Dimensions : Drawing No. Department for A: 17.11.95 SP. Transport SHARP DEVIATION OF ROUTE | 8: 104.08] Approved by:| MILLIMETRES | [> 7] ()4 Cc: R.M. Temporary Sign "
p7105,150,300,,SHADED AREAS --- RED OTHER AREAS ---- WHITE = 1250 MINIMUM LENGTH ---------- TT 150 (300) 250 250 250 INCREMENT FOR INCREASES IN LENGTH,"Drawing No. © CROWN COPYRIGHT P 7105 COLOURS : Shaded areas ——— RED Other areas ———— WHITE = 1250 minimum length —————————— TT 150 (300) 250 250 250 increment for increases in length Before using this drawing, confirm P7105 that it has not been superseded. Title : Issue: Date: | Drawn by: Dimensions: Drawing No. Temporary Sign Department for P' y sig A: 17.11.95 S.P. Transport TEMPORARY BARRIER B+ 104.05 | Approved by:| MILLIMETRES | =P 7] ()5 Cc: R.M. "
p7402,,,x,"BACKING BOARD , 71280 LANE CLOSURE SIGN --- SEE DRAWING P 7202 ------- DISTANCE PLATE SEE DRAWING P 572 250 FLASHING LANTERNS --- AMBER (SIGNAL YELLOW) 580 “7 Y SEE SHEET 2 FOR VARIANTS.","Drawing No. Related Drawings Before using this drawing, confirm P 7202 & P 572 that it has not been superseded. (©) CROWN COPYRIGHT P 7402 Sheet 1 of 2 NOTES: 1 Details of the lane closure sign are given on drawing P 7202. Details of the distance plate are given on drawing P 572. 2500 The tile outlines do not form part of the sign. en YELLOW >| 250 = COLOURS : Backing board , 71280 Lane closure sign ——— see drawing P 7202 —--—-—— Distance plate see drawing P 572 250 Flashing lanterns ——— AMBER (Signal Yellow) 580 “7 Y See sheet 2 for variants. A ia > Vi ALTERNATIVE DESIGN GN GN 1350 A — Flashing , wee SEE e 500 lanterns dd P 7202 [ 2 or 3 lanes 2500 1350 L__J ial P 7202 2, 3 or Q oy, 4 lanes | 110 5000 Tiel | ! cpp epaee bee e etter teers 150 x—ht __ SOO vels | 500 yds | 250 @) t 500 P 572 distance plate dia =. 2300 ————> (may be omitted) P7402-1 Title: Vehicle Mounted Sign Issue: Date: Drawn by: Dimensions: Drawing No. Department for MOBILE ROAD WORKS A 27.11.95 S.P. B 19.1.05 | Approved by: MILLIMETRES P /402 Transport AND LANE CLOSURES AHEAD Cc R.M. Sheet 1 of 2 "
p7403,,,,BACKING BOARD --------- YELLOW 2500 =| “KEEP RIGHT” SIGN --- SEE DRAWING P 610 FLASHING LANTERNS ---- AMBER (SIGNAL YELLOW) | -*{250 |-- -- 1500 DIA (P 610) --=| -+|250--- 1) 250 J ALTERNATIVE DESIGN,"Drawing No. Related Drawing Before using this drawing, confirm © CROWN COPYRIGHT Pp 7403 P 610 that it has not been superseded. NOTES: 1. Details of the “Keep Right” sign are given on drawing P 610. 2. COLOURS : Backing board --—--—-—— YELLOW 2500 =| “Keep Right” sign --- see drawing P 610 Flashing lanterns —-—— AMBER (Signal Yellow) | —*{250 |-- -— 1500 dia (P 610) ——=| -+|250-—- 1) 250 j ALTERNATIVE DESIGN 950 / [>— 1500 dia —+| ry __j_t, @ @ jashin lanterns 1200 2500 —t¢ 5000 | 0 G) G) | |@ © f 300 2300 dia P7403 Department for Title: Vehicle Mounted Sign Issue: Date: | Drawn by: Dimensions: Drawing No. A: 27.11.95 S.P. Transport KEEP RIGHT OF B: 19.1.05} Approved by:| MILLIMETRES P 7403 MOBILE ROAD WORKS VEHICLE | ¢. vee "
p610,600,270 300 450 750 900 1200 1500,,BACKGROUND ------- BLUE ARROW & BORDER --- WHITE 3. THIS SIGN IS THE SAME DESIGN AS P606 (270) VARIANT (300) (450) 600 EE) (750) (900) (1200) (1500) KEEP RIGHT,"Drawing No. © CROWN COPYRIGHT P 610 NOTES: 1. All 600mm dia sign dimensions shall be varied proportionally for the other roundel sizes. 2. COLOURS : Background -—---—— BLUE Arrow & Border —-— WHITE 3. This sign is the same design as P606 (270) VARIANT (300) (450) 600 ee) (750) (900) (1200) (1500) KEEP RIGHT Before using this drawing, confirm P610 that it has not been superseded. Title: R lat Si Issue: Date: | Drawn by: Dimensions: Drawing No. Department for egumumery =a A: 4.7.94] SP. Transport KEEP LEFT and variant B: 14.11.02 | Approved by:| MILLIMETRES P 610 Cc: R.M. "
p7404,,,x,"BACKGROUND --- YELLOW LEGEND ------ BLACK LETTER "") VARIANTS MOTORWAY MAINTENANCE ROAD MAINTENANCE SINGLE LINE VARIANTS ROAD MAINTENANCE FIGHWAY MAINTENANCE MOTORWAY MAINTENANCE DEPARTMENT FO","P7404 Equal to x—height 1 Tr Before using this drawing, confirm that it has not been superseded. ___FIGHWAY MAINTENANGE | ( 37.5 min 150 max 52.5 min 210 max © CROWN COPYRIGHT NOTES: 1. The legend is from the Transport Heavy alphabet at the x—heights shown. 2. COLOURS : Background ——— YELLOW Legend —----— BLACK letter "") VARIANTS MOTORWAY MAINTENANCE ROAD MAINTENANCE SINGLE LINE VARIANTS ROAD MAINTENANCE FIGHWAY MAINTENANCE MOTORWAY MAINTENANCE Department for Transport Title : Vehicle Mounted Signs HIGHWAY MAINTENANCE Issue: Date: | Drawn by: Dimensions: Drawing No. A: 24.11.95 S.P./L.W. B: 191.05] Approved by:| MILLIMETRES Cc: R.M. "
p7202x1,300,200 100 250 125 350 175,,"= UPWARDS ARROWS, TEXT AND BORDER BLACK 2 BAR (SHOWN SHADED) RED AD DOWNWARD ARROW WHITE 27 DOWNWARD ARROW OUTLINE BLACK OO A BACKGROUND YELLOW FO} ROR} DIMENSIONS: OO ALL DIMENSIONS ARE BASED ON A X-","* Dimension may be increased or decreased in increments of 450mm © CROWN COPYRIGHT Department 1620* NOTES for Transport 210 150, 450, ~~—450_~—_—, 150, 210 | | | | | The legend is from the Transport Heavy alphabet at the x-heights shown. /o . ~\ 8 300 % & N The tile outlines do not form part of the signs. 7 8 COLOURS: = Upwards Arrows, Text and Border BLACK 2 Bar (shown shaded) RED ad Downward Arrow WHITE 27 Downward Arrow Outline BLACK Oo a Background YELLOW fo} ror} DIMENSIONS: oO All dimensions are based on a x-height of 150mm and s shall be varied proportionally for other x-heights (shown _ in brackets). at — 300 al ) B Arrow |-—=| —_— widths x-ht 4 g >\ - ; . — — (200) (100) 30 : (250) (125) i a \V/ S Bs 2 300 150 Q [8 : m (350) (175) be} Lo : : ss _L Ne wy > o 100 ed ° o Before using this drawing, confirm P7202x1 that it has not been superseded. Title: Road Works Signs Issue: Date: Drawn by : Related drawings : Dimensions : Drawing No. A: 22.04.16 AK. TEMPORARY LANE AVAILABILITY | ee eee ae by: we, P 7202.1 AT ROAD WORKS AHEAD o. 48. Sheet 1 of 3 "
p7244,,,x,ARROWS & LINKING LINES BLACK 0 BAR (SHOWN SHADED) RED FOR TRANSPORT WO 2. DIMENSIONS : ALL DIMENSIONS ARE BASED ON THE OO PY 300MM ARROW AND SHALL BE VARIED PROPORTIONALLY FOR TE) 0 THE OTHER ARROW DI,"© CROWN COPYRIGHT 300 Mirror image versions of | the symbols shown below Department S NOTES: 1. COLOURS : Arrows & linking lines BLACK 0 Bar (shown shaded) RED for Transport wo 2. DIMENSIONS : All dimensions are based on the oO PY 300mm arrow and shall be varied proportionally for te) 0 the other arrow dimensions. 300 m B 100 | 900 j 2° SS, a) ° ° fs} fo} ro) a Arrow widths 200 min * a 300 mox See sheet 2 100 ~ 4099, o © 29 » re} i) ca) 0 ” 0 500 L100 +> = TT 1 1 97 oc 1__27 — I Jt +++“ | _t a ° fo} mM S\ a 27 X ° wo Te) 8 ES PS ° fo} © fo) wo ° oO a es 7 100 7 300 Arrow spacing varies, see later sheets. Before using this drawing, confirm P7244 that it has not been superseded. Title: Temporary Signs Issue: Date: Drawn by : Related drawings : Dimensions : Drawing No. A: 22.04.16 A.K. TEMPORARY LANE USAGE 8: Aproved by: mumerres| =P / 244 c: J.B. Sheet 1 of 12 "
p7245,,,,,CONTENTS Basic design elements Sheets 1 to 10 Length of road works Sheets 11 to 14 Contraflow entry crossovers Sheets 15 to 19 Contraflow exit crossovers Sheets 20 to 23 Junction signs Sheets 24 to 2/7 Hard shoulder usage Sheets 28 to 32 Narrow lanes Sheets 335 to 34 Lane alignment Sheets 35 to 38 Lane loss Sheets 39 to 41 Lane gain Sheets 42 to 44 as TEMPORARY LANE. ALIGNMENT eo ananse| One | for Transport AND. DESTINATIONS e. eo P2459 
p633,,,x,BACKGROUND ------ WHITE. LEGEND & BAR ---- BLACK BORDER -------- RED 50 (60) X-HT 60 20 (24) (72 55 (66) 30(36) X-HT (54) 315 (378) BH 45 (540) -----_+,"Drawing No. © CROWN COPYRIGHT P 633 ; NOTES: 1. The legend is from the Transport Heavy c alphabet at the x—heights shown. 2. The tile outlines do not form part of the sign. 3. COLOURS : Background -—---— WHITE. Legend & Bar —-—— BLACK Border -------— RED 50 (60) x—ht 60 20 (24) (72 55 (66) 30(36) x-ht (54) 315 (378) bh 45 (540) —————_+ Before using this drawing, confirm P633 that it has not been superseded. Title: i Issue: Date: | Drawn by: Dimensions: Drawing No. Regulatory Sign yt 9 Department for gulatory Sig boy 94 Sp. Transport STOP — POLICE B: 28.7.04 | Approved by:| MILLIMETRES Pp 65 3 3 Cc: R.M. "
np-scr,450,540 600 900 100,,"- BACKGROUND - BORDER LEGEND, BAR AND SYMBOL --- BLACK 5. A SIGN SHALL COMPRISE A ROUNDEL AND A POLE ON WHICH THE ROUNDEL IS MOUNTED. 6. THE DESIGN SHALL BE SHOWN ON ONE SIDE OF THE SIGN ONLY. THE REV","Drawing No. NP-—ScR 224 Related Drawing Before using this drawing, confirm that it has not been superseded. 450 (540) (600) (900) 20 Ww ror} co} NP—SCR C 200.6 315 1. © CROWN COPYRIGHT The legend is from the Transport Heavy alphabet at the x—height shown. 2. Symbol details are on drawing No. S 24. 3. The tile outlines do not form part of the sign. 4. COLOURS: — Background — Border Legend, Bar and Symbol ——— BLACK 5. A sign shall comprise a roundel and a pole on which the roundel is mounted. 6. The design shall be shown on one side of the sign only. The reverse side must be entirely coloured in black or grey. 7. Where alternative dimensions are shown in brackets, the dimensions for other elements must correspond with one another so that the shape and proportions of the sign are as shown. x—ht 50 (60) (65) (100) Department for Transport Title: Regulatory Sign STOP CYCLE RACE Drawn by : Dimensions : | Drawing No. AK. Approves by:| MiLuIMETRES | \(P—SGCR J.B. "
p636,200,275 160,,200 (275) 30 (40) [SO (80) => |---| 120 (160) VARIANT 275 DIA USED ON TEMPORARY STAND ROUNDEL & BAR ------- ROUNDEL BACKGROUND ARROW ---------- BACKGROUND TO SIGN --- YELLOW 200 DIA USED ON PO,"Drawing No. P 636 Before using this drawing, confirm that it has not been superseded. ¢ P636 © CROWN COPYRIGHT NOTES:— 1. The 200mm dia sign dimensions shall be varied proportionally for the 275mm dia sign. 2. COLOURS : 200 (275) 30 (40) [so (80) => |-—-| 120 (160) VARIANT 275 dia used on temporary stand Roundel & Bar —---——— Roundel background Arrow —---—----— Background to sign ——— YELLOW 200 dia used on police cone and si (legen hown with P 636.1 d from Transport heavy alphabet) Issue C : Bracketed dimensions on roundel removed (see note 1) Department for Transport Title: Regulatory Sign TEMPORARY PROHIBITION OF WAITING Issue: Date: Drawn by : A: 20.7.94 S.P. C: 27.8.04 | Approved by: D: 15.7.15 R.M. Dimensions : MILLIMETRES Drawing No. P 6356 "
p636x1,,,x,"LEGEND & ARROW ------ BLACK ROUNDEL & BAR ------- RED ROUNDEL BACKGROUND --- BLUE BACKGROUND TO SIGN --- YELLOW 5. DIMENSIONS : X-HEIGHTS ARE IN MILLIMETRES, OTHER DIMENSIONS ARE IN STROKE WIDTHS. (4","Drawing No. Before using this drawing, confirm Pp 636 1 that it has not been superseded. +-—16—+| VARIANT P636x1 275mm _ dia roundel and 40mm _ x-height OR 200mm dia roundel and 30mm _ x-height © CROWN COPYRIGHT NOTES:— 1. The legend is from the Transport Heavy alphabet at the x—heights shown. 2. The tile outlines do not form part of the sign. 3. The symbol is proportional to the one on P 636. 4. COLOURS : Legend & Arrow —---—— BLACK Roundel & Bar -----—— RED Roundel background -—— BLUE Background to sign ——— YELLOW 5. DIMENSIONS : x—heights are in millimetres, other dimensions are in stroke widths. (4sw = x—height) No loading * SS 200mm dia roundel and 20mm x-—height POSSIBLE layouts when used with P 636 Department for Transport Title: Regulatory Sign Issue: Date: TEMPORARY PROHIBITION mos OF LOADING Cc: Drawn by: R.M. Approved by: R.M. Dimensions: Drawing No. noes | P 636.1 "
p636x2,,,x,BACKGROUND YELLOW LEGENDS & BORDER ----- BLACK ROUNDEL AND BARS ----- RED ROUNDEL BACKGROUND --- BLUE 5. SEE SECTION 12 IN CHAPTER 7 OF THE TRAFFIC SIGNS MANUAL FOR FURTHER DETAILS OF TIME PLATE DESI,"Drawing No. P 636.2 Related Drawing P 642 P636x2 il] @: 7 pia —_ 4 hal bh ae 25 25 min min ——— 20 x-ht 40 x—ht 40 x-ht NOTES: 1. © CROWN COPYRIGHT The legend is from the Transport Heavy alphabet at the x—heights shown. 2. The tile outlines do not form part of the signs. 3. The roundel is proportional to the one shown on drawing P 642. 4, COLOURS : Background YELLOW Legends & Border --—-— BLACK Roundel and Bars -—-—— RED Roundel background -—— BLUE 5. See section 12 in Chapter 7 of the Traffic Signs Manual for further details of time plate design. 15r 25 (SQ Pr No stopping ||, 7's — 25 VARIANT Before using this drawing, confirm that it has not been superseded. Department for Transport Title: Regulatory Signs TEMPORARY PROHIBITION ON STOPPING A: B: Cc: Issue: Date: 4.7.03 Drawn by: R.M. Approved by: R.M. Dimensions: MILLIMETRES Drawing No. P 636.2 "
p640x1,,,x,"BACKGROUND ---------- YELLOW LEGEND ----------- BLACK ROUNDEL & BAR ------ RED ROUNDEL BACKGROUND --- BLUE 5. DIMENSIONS : X-HEIGHTS ARE IN MILLIMETRES, ALL OTHER DIMENSIONS ARE IN STROKE WIDTHS. (4S","Drawing No. Related Drawing Before using this drawing, confirm P 640 1 P 636 that it has not been superseded. No f loacing |: © CROWN COPYRIGHT NOTES: 1. The legend is from the Transport Heavy alphabet at the x—heights shown. 2. The roundel is proportional to the one shown on drawing P 636. 3. The tile outlines do not form part of the signs. 4. COLOURS : Background -—-------— YELLOW Legend ----------— BLACK Roundel & Bar -----— RED Roundel background ——— BLUE 5. DIMENSIONS : x—heights are in millimetres, all other dimensions are in stroke widths. (4sw = x—height) No. loading during (25) ! : meter control VARIANTS P640x1 Title: Regulatory Signs Issue: Date: | Drawn by: Dimensions: Drawing No. Transport TEMPORARY PROHIBITION OF WAITING |B) Sree) | OR | see P 640.1 P and LOADING (PARKING METER COVER) | ¢: | rw | NOTE 5 . "
p829x1,,,x,"BACKGROUND ------- BLUE LEGEND & BORDER ----- WHITE DIMENSIONS ARE SHOWN TO LETTERS, - 900 | NOT TO TILES 25 I TT (< ~\ LETTER 80 25R HEIGHTS 550 O : 140 (100 X-NT) 8) - --_ LETTER 53 154 EEE . HEIGHT","Drawing No. © CROWN COPYRIGHT P 829.1 ; NOTES: 1. The legend is from the Transport Medium alphabet at the x—heights shown. 2. The tile outlines do not form part of the signs. 3. COLOURS : Background ------— BLUE Legend & Border —-—-— WHITE Dimensions are shown to letters, - 900 | NOT to tiles 25 i TT (< ~\ letter 80 25r heights 550 O : 140 (100 x-nt) 8) — ——_ letter 53 154 eee . heights eco <\ann || ,| POLICE |s«- H x 4 || _ 175 (125 x-nt) 375 50]] : soothes _ 80 —_ 53 zs a \ J) Ll y ast 15 f ALTERNATIVE SIZE Before using this drawing, confirm P829x1 that it has not been superseded. Title: 7 Issue: Date: | Drawn by: Dimensions: Drawing No. Informatory Signs y: 9 Department for y Sig Ne apy 94 Sp. Transport POLICE — SLOW eB: 17808] approved by:| MLLMETRES | P 82Q) | Cc: R.M. "
p829x2,,,x,"BACKGROUND ------- BLUE LEGEND & BORDER ----- WHITE DIMENSIONS ARE SHOWN TO LETTERS, - 900 -| NOT TO TILES 25 (« )) TOOL (S O5¢ LETTER ; . HEIGHTS -_ 550 : 140 (100 X-HT) 15) LETTER 600 TT --_ OA 15R","Drawing No. P 829.2 © CROWN COPYRIGHT NOTES: 1. The legend is from the Transport Medium alphabet at the x—heights shown. 2. The tile outlines do not form part of the signs. 3. COLOURS : Background ------— BLUE Legend & Border —-—-— WHITE Dimensions are shown to letters, - 900 -| NOT to tiles 25 (« )) tool (S o5¢ letter ; . heights —_ 550 : 140 (100 x-ht) 15) letter 600 TT ——_ oa 15r ; ; heights m POLICE |» x- + Seo per 4 a ACCIDENT mo» o a] tT - CC DIS IN: 63 (45 x-ht) ol ||. LoL af ACCIDENT |= XS a, \ J) 2st 15 f ALTERNATIVE SIZE Before using this drawing, confirm P829x2 that it has not been superseded. Title: 7 Issue: Date: | Drawn by: Dimensions: Drawing No. Informatory Signs y: 9 Department for y Sig Ne apy 94 Sp. Transport | Police — ACCIDENT — | 17808| sepowes ay:| muumerres | P 829.2 Cc: R.M. "
p829x3,,,x,"BACKGROUND ------- BLUE LEGEND & BORDER ----- WHITE DIMENSIONS ARE SHOWN TO LETTERS, - 900 -| NOT TO TILES 28 1 (X \\ LETTER 65 (“ 25R . . CEE . HEIGHTS POLICE 70 (60 M0 550 TT : LEIDEN I 15 110 T T-","Drawing No. P 829.3 © CROWN COPYRIGHT NOTES: 1. The legend is from the Transport Medium alphabet at the x—heights shown. 2. The tile outlines do not form part of the signs. 3. COLOURS : Background ------— BLUE Legend & Border —-—-— WHITE Dimensions are shown to letters, - 900 -| NOT to tiles 28 1 (x \\ letter 65 (“ 25r . . cee . heights POLICE 70 (60 m0 550 TT : Leiden i 15 110 t t- letter 1 : presen — ¥ 43 ((\ 156 “ny heights » || USE HARD ||z=-~» | [t/"" rouce ]Fe-» meq ot ""| SHOULDER || se» “7 =] gee Gees jee x-ht 33 : wees _ — — 40 x-ht s MSS eee {Z| SHOULDER |= @ -» XS a, aa J) 2st 1st ALTERNATIVE SIZE Before using this drawing, confirm P829x3 that it has not been superseded. Title: Informatory Signs Issue: Date: | Drawn by: Dimensions: Drawing No. Department for y Sig Ne apy 94 Sp. Transport | pouce — use HARD SHOULDER | 8° 1280+] spnovesny:] muumerres | P 829.3 Cc: R.M. "
829x4,,,x,BACKGROUND LEGEND & BORDER --- WHITE DIMENSIONS ARE SHOWN TO LETTERS 900 NOT TO TILES 25 ~ LETTER O TATENESESEEESPUAEEESESCEEESENETASSONEEGGUAEREEESGESEAEES + HEIGHTS 530 ---> POLICE 56 (,"Drawing No. (©) CROWN COPYRIGHT P 829.4 NOTES: 1. The legend is from the Transport Medium alphabet at the x—heights shown. The tile outlines do not form part of the signs. —--—— BLUE COLOURS : Background Legend & Border ——— WHITE Dimensions are shown to letters 900 NOT to tiles 25 ~ letter o tateneseseeespuaeeesesceeesenetassoneegguaereeesgeseaees + heights 530 ———> POLICE 56 (40 x-ht) S1 \\ letter 600 vl se epeaaee tee cteeetaaseeeeenges seaneeeeeeganeeteeeniseeseesnreeenieereeenees —— e4 | (\ 155 heights REJOIN M —— 70 (50 x—ht) POLICE “35 (25 x-ht) slates stptetae esses egpuaeeepeeeragesetaee cuageesegteecszaeesetpeerageeetiee 375 73 [ ‘|| CARRIAGIEWAY 70 (50 x-ht) 25 + || REJOIN M IN “42 (30 x-ht) o i : feeeeet 2 : * - ~ f__ || CARR GEWAY 42 (30 x-ht) roof \ a, «T (| a, 25 15! ALTERNATIVE SIZE P829x4 Before using this drawing, confirm that it has not been superseded. Title : Informatory Signs Issue: Date: Drawn by: Dimensions: Drawing No. Department for A 12.7.94 S.P. POLICE B MILLIMETRES Transport REJOIN MAIN CARRIAGEWAY 18.8.04 | Approved by: P B29.4 Cc R.M. "
p832x7,,,x,"BACKGROUND - EE YELLOW LEGEND, SYMBOLS, ARROWS & BORDERS --- BLACK BAR THROUGH LORRY - EE RED 2600 DIMENSIONS ALL DIMENSIONS RELATE TO THE MINIMUM X-HEIGHTS. DIMENSIONS | | | LA ARE INCREA","Drawing No Before using this drawing, confirm (©) CROWN COPYRIGHT P 832.7 that it has not been superseded NOTES: 1 The legend is from the Transport Heavy alphabet at the x—heights shown Sheet 1 of 3 [> 600 —+| Related Drawing 2 Lorry symbol details are given on drawing S 32 sheet 5 S 32 sheet 5 400 3 The tile outlines do not form part of the signs ( ve eeeeeesseeeeeeeeeeeees 4 COLOURS Background — ee YELLOW Legend, Symbols, Arrows & Borders ——— BLACK Bar through lorry — ee RED 2600 DIMENSIONS All dimensions relate to the minimum x—heights. Dimensions | | | la are increased proportionally for other x—heights 840 i 815 i 815 6 See sheets 2 and 3 for other variants 40 (7 105 ee ee eee eee eee ee eer eer rere reer ress | 94 ~ 150 min 2600 450 'EET IN LANE x—ht lane oo lao Dee e eee ee bee e cece tee e eee Lee e bee e tenet eee eee e needa eee ee eee ueeeeeeeeeeeemeneeeaee 240 max Equal I| Equal 40 : o seeeee seeeeteeeteeeeeeeeeeeeey + y (7 > ee 25 aoe ebbeeeeteesteeteteeeeseeeemmeneeeetee ttraeerteneesenenes 60! IN INE enicle wteeceeeeeel oa! seeteeeeteeeeeeeeeseeees eee te eeeeeeteeeeeeeeey 1035 200 65 2270 oF x—ht 100 100 min V/A 160 max 200f 60 4 1 fh 40 40r Ooc's velA : ct pekee ete t eects eeeeeeeereeetaeeeseees cseeessmeseeeemaesesseggumeseseenaeareeees 625 eee teen ee eeeee Goods vehicle 125 min Deceeeeepsbeceemebeeeeeetene Cneck Po un , ain ht 40 Ne a, 200 max Cheek Poin ly ri Ne o, Te al 48) aft 80 78 31 80 af VARIANT af P832x7-1 80 Title Issue Date Dimensions Department"
p2701,,,x,"BACKGROUND -~-------------~---- YELLOW 1 ESTATE (50 MIN LEGEND, SYMBOLS, CHEVRON & BORDER ---- BLACK I} = 150 MAX 5. DIMENSIONS : X-HEIGHTS ARE IN MILLIMETRES, OTHER DIMENSIONS ARE IN 9) STROKE WIDTHS","Drawing No. Related Drawings Before using this drawing, confirm © CROWN COPYRIGHT Pp 2701 S 32 & S 53 that it has not been superseded. Sheet 1 of 2 NOTES: 1. The legend is from the Transport Heavy alphabet at the x—height shown. ee fe) 2. Details of the house symbol are given on drawing S 53 and the lorry feta p be | be BN symbol on drawing S 32 (sheet 1). 3. The tile outlines do not form part of the signs. 23 T ii = Oak Farin x—ht 4. COLOURS : Background -~-------------~---— YELLOW 1 Estate (50 min Legend, Symbols, Chevron & Border —--— BLACK i} = 150 max 5. DIMENSIONS : x—heights are in millimetres, other dimensions are in 9) stroke widths. (4sw = x—height) b-14 | YE / he 6. See sheet 2 for variants showing distances. See Chapter 7 of the Traffic na Signs Manual for further design guidance. i Oak arm ev] te wan 2 || BE) Oat =) CC getate Sol fi 1.5 — - 2. al Le 2.5 wala “5 S 25 YA VARIANT TAL a, he Os = Farm Estate || 7 fos Oak oa Estate ii = * This dimension is VARIANT 5 = ol + increased to 1sw 2.5 when the legend Fo directly above the 15 1 house symbol has . = |. 24 el 4 14 | b | | a descender. The lorry symbol points in the direction of the VARIANT chevron but the house symbol stays the same. P2701-1 —arroveor The lorry always points away from the house. Title: Temporary Directional Signs Issue: Date: | Drawn by: Dimensions: Drawing No. Department for Porery 9 A: 6. S.P. DIRECTION TO A $6.98 SEE P 2701 ranspor B: 27.10.04 | Approved by: NOTE 5 NEW HOUSING DEVELOPMENT co: "
p2701x1,,,x,"BACK D ----------------- YELLOW 1 ESTATE EQUAL LEGEND, SYMBOLS, ARROW & BORDER ---- BLACK 5. DIMENSIONS : X-HEIGHTS ARE IN MILLIMETRES, OTHER DIMENSIONS ARE IN STROKE WIDTHS. (4SW = X-HEIGHT) 2.5 2.5","Drawing No. Related Drawings P 2701.1 |S 52 & S 55 © CROWN COPYRIGHT NOTES: 1. The legend is from the Transport Heavy alphabet at the x—height shown. i 25 25 Details of the house symbol are given on drawing S 53 and the lorry > fr 16 fe 2. symbol on drawing S 32 (sheet 1). The lorry symbol is directional and — 4 always points away from the house symbol. 93 T a7 Oalk Farha fe 3. The tile outlines do not form part of the signs. : » 4. COLOURS : Back d ----------------- YELLOW 1 Estate Equal Legend, Symbols, Arrow & Border -—-— BLACK 5. DIMENSIONS : x—heights are in millimetres, other dimensions are in stroke widths. (4sw = x—height) 2.5 2.5 2.5 2.5 6. See Chapter 7 of the Traffic Signs Manual for further design guidance. Sree Rate 2.5 + 25 pes . wees KN YP eepatccrpttnrgiener pape oo a a ©) ey 07| ‘o—e lstate | AOO yds i 1 2.5 - + 1.5 -l6- al VARIANT 1.5 .Z 4 we we r ee] Oak Farm sony cose qos (Z= Oak Farm € val. 2 ays] + A400 yds Z estate Ta} VARIANTS aie ae VARIANT 2.5 1.5 Before using this drawing, confirm P2701x1 that it has not been superseded. Title: Temporary Directional Signs Issue: Date: | Drawn by: Dimensions: Drawing No. Transport JUNCTION AHEAD LEADING TO | 2) %uee) iw SEE P 2701.1 : 02. rove : A NEW HOUSING DEVELOPMENT | ¢: ew | NOTE 8 . "
7026,,,x,"BACKGROUND ------- RED LEGEND & BORDER --- WHITE 4. DIMENSIONS : X-HEIGHT IS IN MILLIMETRES, OTHER 1.5 DIMENSIONS ARE IN STROKE WIDTHS. (4SW = X-HEIGHT) (( (~ )) 2.8 “ CONVOY ‘ -) + 1.2 2.5 BEFORE USI","Drawing No. © CROWN COPYRIGHT P 7026 NOTES: 1. The legend is from the Transport Medium alphabet at the x—height shown. 2. The tile outlines do not form part of the sign. 3. COLOURS : Background ------— RED Legend & Border ——— WHITE 4. DIMENSIONS : x—height is in millimetres, other 1.5 dimensions are in stroke widths. (4sw = x—height) (( (~ )) 2.8 “ CONVOY ‘ —) + 1.2 2.5 Before using this drawing, confirm P7026 that it has not been superseded. Department for Title: Road Works Sign Issue: Date: | Drawn by: Dimensions: Drawing No. Trans ort CONVOY SYSTEM Ai 41.05) RM SEE Pp 8: Approved by:! NOTE 4 P /026 TO PROTECT WORKFORCE Cc: R.M. "
p7029,,,x,"BACKGROUND ------- RED LEGEND & BORDER --- WHITE 4. DIMENSIONS : X-HEIGHTS ARE IN MILLIMETRES, OTHER DIMENSIONS ARE IN STROKE WIDTHS. (4SW = X-HEIGHT) 2.5 ALA [CONVOY VERICUE]} VARIANT 2.5 25 VAR","Drawing No. Before using this drawing, confirm P 7029 that it has not been superseded. oO 1. se CONVOY WEHICLE vo OVERTAKING | 50 S te ae (62. x-ht 5) Jans © CROWN COPYRIGHT NOTES: 1. The legend is from the Transport Medium alphabet at the x—heights shown. 2. The tile outlines do not form part of the signs. 3. COLOURS : Background ------— RED Legend & Border ——— WHITE 4. DIMENSIONS : x—heights are in millimetres, other dimensions are in stroke widths. (4sw = x—height) 2.5 ala [convoy vericue]} VARIANT 2.5 25 VARIANT P7029 Transpo, for Title: CONVOY VERICLE Issue: aes Prown py Dimensions: Drawing No. rans ort B: Approved by : SEE P NO OVERTAKING °. row ty:! note a | P /O29 "
p7014,,,x,"BACKGROUND ------- RED LEGEND & BORDER --- WHITE DIMENSIONS : X-HEIGHTS ARE IN MILLIMETRES, OTHER DIMENSIONS ARE IN STROKE WIDTHS. (4SW = X-HEIGHT) SEE SHEET 2 FOR OTHER VARIANTS. NEW ROUNDABOUT 45","Drawing No. Before using this drawing, confirm P 7014 that it has not been superseded. Sheet 1 of 2 i ai |) NEW yin ROUNDABOUT ||= mm 31 PN fl: ' Vee . max ci. ABEAD 1.2 . “ r | 1.5 2.5 ar © CROWN COPYRIGHT NOTES: 1. The legend is from the Transport Medium alphabet at the x—heights shown. 2. The tile outlines do not form part of the signs. 3. COLOURS : Background ------— RED Legend & Border —-— WHITE DIMENSIONS : x—heights are in millimetres, other dimensions are in stroke widths. (4sw = x—height) See sheet 2 for other variants. NEW ROUNDABOUT 450 yds AHEAD ae ae NEW NEW ROUNDABOUT GAP CLOSED ONE WAY NEW ONE WAY “400 yards | (AWEAO) | svsvem | 7 | SYSTEM | 7 Z AHEAD AHEAD P7014-1 Department for Title: NEW ROUNDABOUT AHEAD Me goan9s ane ee ee 707 4 Transport and variants | em | NOTE 4 Sheet 1 of 2 "
7032,,,x,"BACKGROUND ------- RED LEGEND & BORDER --- WHITE 4. DIMENSIONS : X-HEIGHTS ARE IN MILLIMETRES, OTHER 2.5 2.5 1.5 2.5 DIMENSIONS ARE IN STROKE WIDTHS. (4SW = X-HEIGHT) + 2.8 SPEED LIMIT |. : = : < : 75","Drawing No. © CROWN COPYRIGHT P 7032 : NOTES: 1. The legend is from the Transport Medium alphabet at the x—heights shown. 2. The tile outlines do not form part of the sign. 3. COLOURS : Background ------— RED Legend & Border ——— WHITE 4. DIMENSIONS : x—heights are in millimetres, other 2.5 2.5 1.5 2.5 dimensions are in stroke widths. (4sw = x—height) + 2.8 SPEED LIMIT |. : = : < : 75 max Le — D+ 1.2 1.5 2.5 Before using this drawing, confirm P7032 that it has not been superseded. Title: . Issue: Date: | Drawn by: Dimensions: Drawing No. T s ye 8 Transpo, for emporary Sign eane vy _ ransport | New 3omph SPEED LimiT. | ®& roorowed by:} notes | P /O32 Cc: R.M. "
7014x1,,,x,"BACKGROUND ---------- RED LEGEND & BORDER --- WHITE 2.5 2.5 2.5 4. DIMENSIONS : X-HEIGHTS ARE IN MILLIMETRES, OTHER | LE | LA | LE DIMENSIONS ARE IN STROKE WIDTHS. (4SW = X-HEIGHT) 4 “ BRIDGE || HEA","Drawing No. © CROWN COPYRIGHT P 7014.1 NOTES: 1. The legend is from the Transport Medium alphabet at the x-heights shown. 2. The tile outlines do not form part of the sign. 3. COLOURS : Background —----—-—-— RED Legend & Border ——— WHITE 2.5 2.5 2.5 4. DIMENSIONS : x-heights are in millimetres, other | Le | La | Le dimensions are in stroke widths. (4sw = x—height) 4 “ BRIDGE || HEADROOM | =~ REDUCED TO ||""” 12°89” (3.8 m) | to. 39.5 0.5 =_ ! Q | ah 1. 2.5 1.5 5 Before using this drawing, confirm P7014.1 that it has not been superseded. Title: Issue: Date: Drawn by : Dimensions : | Drawing No. Temporary Sign Department for y sig A: Wat AK, Transport REDUCTION IN BRIDGE 8: rood oy:| yore | P 7014.1 HEADROOM AHEAD c: J.B. "
7291,,,x,"BACKGROUND ------------- YELLOW _ 2.5 LEGEND, SYMBOL & BORDER --- BLACK | FREE | A 5. DIMENSIONS : X-HEIGHTS ARE IN MILLIMETRES, OTHER DIMENSIONS ARE IN STROKE WIDTHS. (4SW = X-HEIGHT) L RECOVERY 150","Drawing No. fore’ a © CROWN COPYRIGHT P 7291 NOTES: 1. The legend is from the Transport Heavy alphabet at the x—heights shown. 2. Symbol details are given on drawing S 61. ae ae 3. The tile outlines do not form part of the signs. /o ~ 4 4. COLOURS : Background ------------— YELLOW _ 2.5 Legend, Symbol & Border -—— BLACK | Free | a 5. DIMENSIONS : x—heights are in millimetres, other dimensions are in stroke widths. (4sw = x—height) L recovery 150 min it 25 faces 250 max if VARIANT 60.5 45 — | Free 4 . 25, || FECOVEPY || TOmin r Ot: fe : ; 250 max Await 2s 7 is, j-Fescue |], 1] O— \e oy a 7 Enel 4 Py | | ed 15 Lad 31 =| 7 recovery vehicle — 4 —_—__| 41 Before using this drawing, confirm P7291 that it has not been superseded. Title: ‘ Issue: Date: | Drawn by: Dimensions: Drawing No. Road Works Si y: 3 Transpo, for oad Works Signs eearere ow. = ransport FREE RECOVERY SERVICE | ® Approved by:| NOTE 5 P 7/291 Cc: R.M. "
7294,,,x,"BACKGROUND -------- YELLOW LEGEND & BORDER ---- BLACK 4. DIMENSIONS : X-HEIGHTS ARE IN MILLIMETRES, OTHER DIMENSIONS (EXCEPT WHERE INDICATED IN MM) ARE IN STROKE WIDTHS RELATED TO THE X-HEIGHT OF ‘","Drawing No. Before using this drawing, confirm p 7294 that it has not been superseded. 5 — NOTES: © CROWN COPYRIGHT 1. The legend is from the Transport Heavy alphabet at the x—heights shown. 2. The tile outlines do not form part of the sign. 3. COLOURS : Background —----—-— YELLOW Legend & Border —-—— BLACK 4. DIMENSIONS : x—heights are in millimetres, other dimensions (except where indicated in mm) are in stroke widths related to the x—height of ‘Max speed’. (4sw = x—height) (« _ Max Speed Q 24 )) 2.5 x-ht 6 (8 approx) /) 2.5 Th RASH y | Los lsh | 25 numeral approx height x-ht x—-ht mm mm (50) Max (200) 143 (62.5) || enae@ (250) (179) (75) 9) (300) (214) 100 400 286 (125) (500) (357) P7294 Title: , Department for itle Temporary Sign Transport MAXIMUM SPEED ADVISED (MPH) (FREE-STANDING SIGN) Issue: Date: | Drawn by: Dimensions: Drawing No. A: 19.1.05 S.P./L.W. B: Approved by: Nowe 4 Pp 7 2? 9 A Cc: R.M. "
7003x1,,,x,"BACKGROUND -------------- YELLOW | EQUAL | 38 | EQUAL L~- LEGEND, BORDER & DIVIDERS ---- BLACK 4 MIN | | 4 MIN HE LOGO -------------- SEE S 57A =N P 7001 TRIANGLE ---------- SEE P 7001 RY (7 1.5 ; ; 7","NO TES: 1. The legend is from the Transport Heavy alphabet at the x—heights shown. 2. Details of the HE logo are given on drawing S 57A and details of the road works triangle on P 7001, P 500 and S7. 3. The tile outlines do not form part of the signs. 4. COLOURS : Background —----—-—-----— YELLOW | Equal | 38 | Equal L~— Legend, Border & Dividers ---— BLACK 4 min | | 4 min HE logo -------------- see S 57A =n P 7001 triangle ---------— see P 7001 ry (7 1.5 ; ; 7 , ; a as 5. DIMENSIONS : xcheights are in millimetres, other dimensions 19 a highways are in stroke widths. (4sw = x—height) england L 4 : 2.5 ose — —||,. r Work starts || t Work starts || ' a here il eeT SS | on i _28 May 71 ere “100 min 1 until 1 Aug ||, 36 24 Al Mi . 250 max + : eee +t | ag May _ dpe ab : | tor 3 weeks || , oe ee |e Work starts | me : ee ony: ork Scares t 4 va Delays possible J) ti. VARIANTS here 30 4th 7 ah Soe P7003x1 © CROWN COPYRIGHT psc Title: Road Works Signs Issue: Date: Drawn by: Related drawings : Drawing No. STARTING DATE AND nee yore P 7001, P 500 Department : 04, Approved by: ' ’ for Transport DURATION OF ROAD WORKS | & “*] PPT Saas | P /OQ0S.T "
7004-7005,,,x,,"Drawing No. Related Drawings Before using this drawing, confirm © CROWN COPYRIGHT p 7004 Pp 7001, Pp 500, S 7, that it has not been superseded. NOTES: 1. The | d is f the Tr t H Iphabet at th Sheet 1 of 2]P 570 & P 572 x heights shown eany apna ee 1.5 2. Details of the road works triangle are given on drawings t t . P 500, P 7001 and S 7. Details of the distance plates 4 /x ~\ are given on drawings P 570 and P 572. | t H+1 he out , 1.5r 3. Tile outlines do not form part of the signs. Replacin * Bet g Background (main sign) ------ YELLOW 24 - Srssesemene : Background (distance plate) Legends & Borders BLACK AMNAG|S P 7001 Triangle -----------— see dwg P 7001 46.5 Pn ee Ee x-ht se} 5. DIMENSIONS : x—heights are in millimetres, other loriclge 100 min dimensions are in stroke widths based on the x—height oJ, of the main sign. (4sw = x—height) 7 jesssnntntntntentntgtensentaee i 250 max 6. See sheet 2 for other variants. ) giles ||| SUDPOFres H y VARIANT 2.5 2.5 H44 Lane closed (80% main x—ht) (80% main x—ht) a na : tO protect 80 min 80 min i - : —_ ht —_ —ht 200 max * 200 max * _ Por worktoree See drawing P 572 See drawing P 570 2 miles H for design details for design details P7004—1 Department for Title: Road Works Signs Issue: Date: | Drawn by: Dimensions: Drawing No. DESCRIPTION AND Ai 3110.95 SP-/LW. SEE P 7004 ranspor B: 20.1.05 | Approved by : NOTE 5 DISTANCE TO ROAD WORKS °. ew. Sheet 1 of 2 "
7006,,,x,"- . BACKGROUND (MAIN SIGN) ----- YELLOW 24 TOR ANYS 100 MIN BACKGROUND (END PLATE) --- ANES RCOSECAENG LE OVE LEGENDS, BORDER & DIVIDER 250 MAX HE LOGO ----------- 46.5 DELAY P 7001 TRIANGLE ---------","NOTES: 1. The legend is from the Transport Heavy alphabet at the x—heights shown. 66.2 2. Details of the HE logo are given on drawing { 15) S 57A and details of the road works triangle on t drawings P 500, P 7001 and S 7. Details of the 4 (K j ~\ 2.5 end plate are given on drawing P 645. 1.5r SOrry oF 3. The tile outlines do not form part of the sign. ne iE Ae x-ht 4. COLOURS: — . Background (main sign) ----- YELLOW 24 TOR anys 100 min Background (end plate) ——- anes rcosecaeng Le ove Legends, Border & Divider 250 max HE logo ---------—— 46.5 delay P 7001 Triangle ---------- 25 — — t 5. DIMENSIONS : x—heights are in millimetres, other —_ 2.5 dimensions are in stroke widths based on the x—height of the main sign. (4sw = x—height) 12 [Encl highways 10 england 4X w, _ ale | fe 2.5 4 min 2.5 a one (80% main x—ht) delay 4 80min 0.5 i a 1.5 200 max See drawing P 645 for design details P7006 © CROWN COPYRIGHT pct Title: Road Works Sign Issue: Date: Drawn by : Related drawings : Drawing No. A: 31.10.95 AK. P 7001, P 500, Department END OF ROAD WORKS B: 11.2.05 |} Approved by: | S 7, S 57A P /O006 "
2708,,,x,"BACKGROUND ----------- RED LEGEND, ARROW & BORDER --- WHITE 4. DIMENSIONS : X-HEIGHTS ARE IN MILLIMETRES, OTHER DIMENSIONS ARE IN STROKE WIDTHS. (4SW = X-HEIGHT) 4 2.5 2.5 OO IE AR +L EQUAT FE +F EQ","Drawing No. Before using this drawing, confirm p 2708 that it has not been superseded. INCIDENT , | CONTROL £ © CROWN COPYRIGHT NOTES: 1. The legend is from the Transport Medium alphabet at the x—height shown. 2. The tile outlines do not form part of the signs. 3. COLOURS : Background —---------— RED Legend, Arrow & Border ——— WHITE 4. DIMENSIONS : x—heights are in millimetres, other dimensions are in stroke widths. (4sw = x—height) 4 2.5 2.5 oo ie Ar +l Equat fe +f equal 2.5 + (( ) VARIANT E M E RE E IN CY 40 x-ht VEHICLES ||, t- Fr 15 —— |] 1.5r tL i 5 1.5 oy | t = 30 1 = VARIANT P2708 Department for Title: Temporary Directional Signs Issue: Date: | Drawn by: Dimensions: Drawing No. ROUTE FOR EMERGENCY VEHICLES | 4% 8695) SP/AW SEE Transport TO TEMPORARY INCIDENT POINT | ¢. 7 | eM PY"") NOTE 4 P 2708 "
830x1,,,x,"BACKGROUND ------- BLUE LEGEND & BORDER ---- WHITE 4. SEE SHEET 2 FOR OTHER VARIANTS. ~ 1050 =| + 1050 -- { 25 { 25 TO T= F(T | ) F(T _ T _ NAS -_ 100 X-HT L 90 X-HT RO"" STOP |W~ ""| STOP |Z-~ | LF DIR","Drawing No. Before using this drawing, confirm © CROWN COPYRIGHT Pp 830 1 that it has not been superseded. . NOTES: 1. The legend is from the Transport Medium Sheet 1 of 2 ciohabat st the x-heights shown, ‘ 2. The tile outlines do not form part of the signs. 3. COLOURS : Background ------— BLUE Legend & Border —-—— WHITE 4. See sheet 2 for other variants. ~ 1050 =| + 1050 —— { 25 { 25 to t= f(t | ) f(t _ T _ nas —_ 100 x-ht L 90 x-ht ro"" STOP |w~ ""| STOP |z-~ | lf directed |= | ,| if directed |=— y 3 ——— ) y 3 \ — y) -f- 25r -f- 25r VARIANT P830x1—-1 Department for Title: Informatory Signs Issue: Date: | Drawn by: Dimensions: Drawing No. A: 12.7.94 S.P./L.W. Transport VEHICLES MAY BE DIRECTED B: 23.8.04] Approved by:| MILLIMETRES P 830. 1 TO STOP Cc: R.M. Sheet 1 of 2 "
830x2,,,x,"BACKGROUND ------- BLUE LEGEND & BORDER --- WHITE 4. DIMENSIONS : X-HEIGHTS ARE IN MILLIMETRES, OTHER 25 2.5 DIMENSIONS ARE IN STROKE WIDTHS. (4SW = X-HEIGHT) 4 255 [[S ) 40 _ 75 MIN _| IF DIRECTE “N","Drawing No. © CROWN COPYRIGHT P 830.2 ; , NOTES: 1. The legend is from the Transport Medium alphabet at the x—heights shown. 2. The tile outlines do not form part of the sign. 3. COLOURS : Background ------— BLUE Legend & Border ——— WHITE 4. DIMENSIONS : x—heights are in millimetres, other 25 2.5 dimensions are in stroke widths. (4sw = x—height) 4 255 [[S ) 40 _ 75 min _| if directe “n y 15 = Nes a Before using this drawing, confirm P830X2 that it has not been superseded. Department for Title: Informatory Signs Issue: Date: | Drawn by: Dimensions: Drawing No. Transport GOODS VEHICLES MAY BE .. nae , RM/SP. SEE P 830 2 : .8. pproved by: DIRECTED TO STOP c. reve NOTE 4 . "
830x3,,,x,BACKGROUND ------- BLUE LEGEND & BORDER --- WHITE = 720 25 I (K 25R 62 750 | IN 100 X=HT Y Q = 8 VARIANT P830X3 TITLE: 7 ISSUE: DATE: | DRAWN BY: DIMENSIONS: DRAWING NO. INF T IS) YT 9 DEPARTMENT FOR,"Drawing No. Before using this drawing, confirm p 830 3 that it has not been superseded. © CROWN COPYRIGHT NOTES: 1. The legend is from the Transport Medium alphabet at the x—height shown. 2. The tile outlines do not form part of the signs. 3. COLOURS : Background ------— BLUE Legend & Border ——— WHITE = 720 25 i (K 25r 62 750 | IN 100 x=ht Y Q = 8 VARIANT P830x3 Title: 7 Issue: Date: | Drawn by: Dimensions: Drawing No. Inf t iS) yt 9 Department for nformatory Signs Ae iayeal ae. Transport | stay iN LANE and VARIANT | 8 2380¢| sepows oy:| muunerres| P 830.3 Cc: R.M. "
831x2,,,x,"BACKGROUND -------- BLUE LEGEND & BORDER --- WHITE 1 4. DIMENSIONS : X-HEIGHTS ARE IN MILLIMETRES, OTHER | >| RT DIMENSIONS ARE IN STROKE WIDTHS. (4SW = X-HEIGHT) 2.8 A. ; EXC | S = 75 MIN HT --_ X- C","Drawing No. © CROWN COPYRIGHT P 831.2 . NOTES: 1. The legend is from the Transport Medium alphabet at the x—heights shown. 2. The tile outlines do not form part of the sign. 3. COLOURS : Background -—-----— BLUE Legend & Border ——— WHITE 1 4. DIMENSIONS : x—heights are in millimetres, other | >| rt dimensions are in stroke widths. (4sw = x—height) 2.8 a. ; EXC | S = 75 min ht ——_ x— CHECK x | EMISSIONS ir Ll CHECK 1.2 j X 4) 25 25 VARIANT Before using this drawing, confirm P831x2 that it has not been superseded. Department for Title: Informatory Signs ‘seve: ob nos mewn by: Dimensions: Drawing No. Transport VEHICLE LICENCE CHECK POINT B: aa A ° od b SEE Pp 23] 2 : rove : and VARIANT °: ey |. NOTE 4 . "
831x1b,,,x,"BACKGROUND ------- BLUE LEGEND & BORDER --- WHITE 4. DIMENSIONS : X-HEIGHTS ARE IN MILLIMETRES, OTHER DIMENSIONS ARE IN STROKE WIDTHS BASED ON THE X-HEIGHT OF THE LEGEND ‘CHECK POINT AHEAD’. (4SW = X","i No. Drawing No: Before using this drawing, confirm © CROWN COPYRIGHT P 832 1 B that it has not been superseded. NOTES: 1. The legend is from the Transport Medium alphabet at the x—heights shown. 2. The tile outlines do not form part of the signs. 3. COLOURS : Background ------— BLUE Legend & Border ——— WHITE 4. DIMENSIONS : x—heights are in millimetres, other dimensions are in stroke widths based on the x—height of the legend ‘CHECK POINT AHEAD’. (4sw = x—height) 2.5 2.5 ae Re « )) x-ht CAPITAL letter height hilt DVWSA — 37.5 min 52.5 min 1.5 “ ee 100 max 140 max oF CIECIK _ GOODS VEHICLE } | POINTE «» CHECK | AHEAD ™ 7 ™ POINT. = AHEAD Ne a, 1 VARIANT P832x1B Title: Issue: Date: | Drawn by: Dimensions: Drawing No. Department for AD oat} LW Transport VEHICLE CHECK POINT AHEAD | ® povroved &Y:] NOTE 4 P 832.1B Cc: R.M. Informatory Signs "
832x4,,,x,"BACKGROUND -------------- YELLOW LEGEND, SYMBOLS & BORDER --- BLACK . DIMENSIONS : X-HEIGHTS ARE IN MILLIMETRES, OTHER DIMENSIONS ARE IN STROKE WIDTHS. (4SW = X-HT) (7 >) OE! | 7 ENTER CHECK POINT","Drawing No. Related Drawings P 832.4 S 32 sheet 1 & S 25 sheet 1 /}—— 30 ——+ (Q) O— > 2.5 Before using this drawing, confirm that it has not been superseded. bh 24 — NOTES: 1. oo 2.5 1 5 (7 JN _ ener Check Polit: 5, || Uti Clrecrec 2. cht if directed 100 min © © 1 Y — P832x4 | 2.5 6 Check Point © CROWN COPYRIGHT The legend is from the Transport Heavy alphabet at the x—heights shown. Lorry symbol details are given on drawing S 32 sheet 1 and bus symbol details on drawing S 25 sheet 1. . The tile outlines do not form part of the signs. . COLOURS : Background —------------— YELLOW Legend, Symbols & Border ——— BLACK . DIMENSIONS : x—heights are in millimetres, other dimensions are in stroke widths. (4sw = x—ht) (7 >) oe! | 7 Enter Check Point 3 59.75 36.75 Enter Department for |“: COMMERCIAL VEHICLES TO ENTER Transport CHECK POINT IF DIRECTED Informatory Signs Issue: Date: | Drawn by: Dimensions: Drawing No. A: 15.7.94 S.P. SEE B+ 15.11.04 | Approved by:} NOTE 5 P 832.4 Cc: R.M. "
7020,,,x,"BACKGROUND -------- RED LEGEND & BORDER --- WHITE . DIMENSIONS : X-HEIGHTS ARE IN MILLIMETRES, OTHER DIMENSIONS ARE IN STROKE WIDTHS. (4SW = X-HEIGHT) SIGNAL RERAC ON NOT IN USE IN USE SIGNAL","Drawing No. Before using this drawing, confirm p 7020 that it has not been superseded. 20 1.2 - 2.5 pik_tik ik TY) SIGN NOT ||=0 min . IN USE 200 max SIGN NOT | IN USE NOTES: 1. © CROWN COPYRIGHT The legend is from the Transport Medium alphabet at the x—heights shown. . The tile outlines do not form part of the signs. . COLOURS : Background —-----—— RED Legend & Border ——— WHITE . DIMENSIONS : x—heights are in millimetres, other dimensions are in stroke widths. (4sw = x—height) SIGNAL ReraC On NOT IN USE IN USE SIGNAL UNDER TEST ———e Alternative layout VARIANTS P7020 Department for Title: Temporary Signs Issue: Date: | Drawn by: Dimensions: Drawing No. Tran rt SIGN NOT IN USE Ai 131198] SP. SEE a Spo B: 7.1.05 | Approved by: NOTE 4 P 7O0 ? O and variants Cc: R.M. "
schedule-13-part-09-examples,,,x,"BACKGROUND ----------- YELLOW LEGEND, ARROW & BORDER --- BLACK 151 = AY POE : XHT NILL 6| . 4. DIMENSIONS : X-HEIGHTS ARE IN MILLIMETRES, OTHER N GOO S 100 MIN DIMENSIONS ARE IN STROKE WIDTHS. (4SW =","Drawing No. © CROWN COPYRIGHT P 832.8 ; NOTES: 1. The legend is from the Transport Heavy alphabet at the x—heights shown. 2.5 2.5 2.5 . . - 2. The tile outlines do not form part of the signs. t a i 4 i a fr 3. COLOURS : Background ----------— YELLOW Legend, Arrow & Border -—— BLACK 151 = Ay poe : xht Nill 6| . 4. DIMENSIONS : x—heights are in millimetres, other N GOO S 100 min dimensions are in stroke widths. (4sw = x—height) noe 250 max welhicles ° » WA 45° + a t H+1 : All PSV. 4. MIN S i All goods a ; ae t vehicles VARIANT and PSVs CMM TOUS Ila. t VARIANT Before using this drawing, confirm P832x8 that it has not been superseded. Department for Title: Informatory Signs Issue: Date: | Drawn by: Dimensions: Drawing No. ADVANCE DIRECTION SIGN Ae 157.94 SP. AW. SEE B: 23.8.04 Ir : Transport INDICATING A CHECK POINT |] ¢,. fp | NOTE 4 P 832.8 "
3014,,,,BACKGROUND --- BLACK BORDER ------ RED & WHITE 1365 2. SIGNALS OPTICAL PERFORMANCE TO BE IN AS PRESCRIBED BY REGULATION 39 AND THE TABLE IN REGULATION 33. --- 585-665 - CTRS -= 125 ~~ = | = G | } ! 18,"Drawing No. © CROWN COPYRIGHT P 3014 NOTES: 1. COLOURS : Background ——— BLACK Border —----— RED & WHITE 1365 2. Signals optical performance to be in as prescribed by Regulation 39 and the table in Regulation 33. -—— 585-665 — ctrs —= 125 ~~ = | = G | } ! 183 t { i i | 183 —_———_—_ | { | 235-345 | ctrs 915 RED j___ - 200 dia SIGNAL AMBER 4 —L 2400-4000 SIGNAL yy 6100-9000 f when signals are 125 placed above Y 1 the carriageway H i \ \ 1 1 195 195 195 H H rc mal WHITE RED 1 1 “ “ Before using this drawing, confirm P3014 that it has not been superseded. Title: ; ‘ Issue: Date: | Drawn by: Dimensions: Drawing No. Light Signals yt 9 Department for ght Sig a. oBo04 Sp. Transport WIG—WAG SIGNAL B: 17.1.05 | Approved by:| MILLIMETRES} PP 4()14 Cc: R.M. "
p773,,,x,SIGN BACKGROUND ---- WHITE LEGENDS & BORDER --- BLACK PANEL ----------- BLACK 75 (KZ5 ~ DISC BORDERS ---------- WHITE R UPPER DISCS -------- RED IDS LOWER DISC -------- YELLOW Z 5. SEE SHEET 2 FOR VAR,"Drawing No. © CROWN COPYRIGHT heet Pp 7/3 ; or 2 NOTES:— 1. All dimensions for the larger signs are proportional to the sizes shown for the smallest sign. 2. The legends are from the Transport Heavy alphabet at be 895 (990) (1320) (1650)—— the x—heights shown. = 675 = 3. The tile outlines do not form part of the sign. b— 390 ctrs —| 4. COLOURS : Sign Background ---- WHITE Legends & Border ——— BLACK Panel ----------- BLACK 75 (Kz5 ~ Disc Borders -—-—-—-——— WHITE r Upper Discs ----———— RED ids Lower Disc --—----— YELLOW z 5. See sheet 2 for variants. 400 155 ctrs 975 20r 120 (1170) i RED 150 (1560) discs dia (1950) — 75 x-ht a Ton \ WHITE (90) borders (120) (150) —_. YELLOW 140 62.5 x—-ht disc dia (75) (100) (125) Before using this drawing, confirm P773-1 that it has not been superseded. Department for Title: Warning Sign ‘seve toes Prown ys Dimensions: Drawing No. Transport LEVEL CROSSING B: 7.703) approves y:| muumerres | =P 7 7S STOP when lights show c: RM. sheet 1 of 2 "
p563x1,,,x,SIGN BACKGROUND ---- WHITE WO (12 FIRE 50H SIN BOCKARCUND OO WH % JOEY PAS (60) PANEL ---- BLACK STATION SEE L (80) UPPER DISCS - - LOWER DISC --- A ITS 5. FOR VARIANTS SEE SHEETS 2 AND 3. 400 155 CTR,"Drawing No. © CROWN COPYRIGHT P 965.1 825 (990) (1320) NOTES: — 1. All dimensions for the larger signs are proportional to Sheet 1 of 3 — | 675 _ the sizes shown for the smallest sign. | b- 390 ctrs | | 2. The legends are from the Transport Heavy alphabet at the x—heights shown. q \\ 3. The tile outlines do not form part of the sign. 25 fe : = 4. COLOURS : Sign Background ---— WHITE wo (12 FIRE 50h Sin Bockarcund oo WH % joey pas (60) Panel -—-— BLACK STATION See L (80) Upper Discs — - Lower Disc -—- A its 5. For variants see sheets 2 and 3. 400 155 ctrs , 1200 (1440) (+) a RED 150 (1920) 20r “ discs dia 50 Tl STOP |= — i H i WHITE : 7S x-ht borders __ when (120) YELLOW 140 OP aes disc dia _|| MOWES SIMOW || E25 on i - (100) 25 Before using this drawing, confirm P563x1-1 that it has not been superseded. Title: Warning Sign Issue: Date: Drawn by : Dimensions : | Drawing No. Department for FIRE STATION At oaeoal op. P5634 Transport 5: 141.02) agproved by: | MILLIMETRES . STOP when lights show CHE TRERE RM. Sheet 1 of 3 "
p776,,,,+ BACKGROUND --~ RED 1) EORCRRTEEE 210 Y VARIANT 150,"Drawing No. © CROWN COPYRIGHT P 776 NOTES:— 1. The legend is from the Transport Heavy alphabet letters closer than normal but the spacing between letters is closer than normal and the dimensions shown are measured 180 to the actual letters. Equal 120 Equal 2 COLOURS + Background ——~ RED 1) eorcrrteee 210 Y VARIANT 150 Before using this drawing, confirm P776 that it has not been superseded. Department for itle Informatory Signs issue cones Prov Py Dimensions Drawing No. Ti ANOTHER TRAIN COMING 5 20.9. °. MILLIMETRES ranspor B: 26.7.04 | Approved by: P 7 7 5 ANOTHER TRAM COMING : a "
p777,,,x,"BACKGROUND ------- WHITE LEGEND & BORDER --- BLACK 4. DIMENSIONS : X-HEIGHTS ARE IN MILLIMETRES, OTHER DIMENSIONS ARE IN STROKE WIDTHS. (4SW = X-HEIGHT) ANOTHER TRAM AS 4, COMING TE TE F I LIGHT","Drawing No. P 777 5 2 2.5 calls 2 agile (7 5 f > i 3 ANOTHER TRAIN .continue to show COMING if Ughts 2.5 7 (50) 62.5 x—-ht (75) © CROWN COPYRIGHT NOTES:— 1. The legend is from the Transport Heavy alphabet at the x—heights shown. 2. The tile outlines do not form part of the signs. 3. COLOURS : Background ------- WHITE Legend & Border ——— BLACK 4. DIMENSIONS : x—heights are in millimetres, other dimensions are in stroke widths. (4sw = x—height) ANOTHER TRAM as 4, COMING TE TE f i lights 18 2.8 continue to show VARIANT P777 that it has not been superseded Department for Title: Informatory Signs Issue: Date: | Drawn by: Dimensions: Drawing No. A: 27.9.94 R.M. Transport ANOTHER TRAIN COMING Ar 27.904 senoes| P 777 (Level crossing with more than one track) Cc: Approved by: R.M. "
p4002x1,,,,UPPER SYMBOL --- RED LOWER SYMBOL --- GREEN BACKGROUNDS ---- BLACK 3. SEE SHEETS 2 AND 3 FOR SYMBOL DETAILS. | LOWER EDGE 2100 MIN LN 2600 MAX A OF CONTAINER CARRIAGEWAY SURFACE,"Drawing No. P 4002.1 Sheet 1 of 3 305 440 P4002x1-1 i) dia i] 200 200 min max © CROWN COPYRIGHT NOTES: 1. The tile outlines do not form part of the signals. 2. COLOURS : Upper symbol ——— RED Lower symbol ——— GREEN Backgrounds -——— BLACK 3. See sheets 2 and 3 for symbol details. | Lower edge 2100 min LN 2600 max a of container Carriageway surface Before using this drawing, confirm that it has not been superseded. Department for Transport Title : Light Signals LIGHT SIGNALS FOR PEDESTRIANS Issue: Date: 10.3.05 Drawn by: R.M. Approved by: R.M. Dimensions: MILLIMETRES Drawing No. P 4002.1 Sheet 1 of 3 "
p4003,,,x,"- 8 UPPER PANEL --- BLACK LEGEND ON WHITE BACKGROUND PE DESTRIANS FO =O MIDDLE PANEL ---- WHITE, OFF-WHITE OR YELLOW LEGEND ; - 9 XCHT ON BLUE BACKGROUND 59 - 7 X-HT LOWER PANEL --- WHITE LEGEND ON BL","Drawing No. © CROWN COPYRIGHT P 4003 185 min __—— ——————_+| : 230 max NOTES: 1. The legend in the upper panel is from the Transport Related Drawing Heavy alphabet. The legend in the middle and lower P 4002.1 150 glass panel panels is from the Transport Medium alphabet. 2. Details of the symbols are given on drawing P 4002.1. 3. The tile outlines do not form part of the sign. 4 4. COLOURS: — 8 Upper panel ——— BLACK legend on WHITE background PE DESTRIANS Fo =o Middle panel ——-— WHITE, OFF—WHITE or YELLOW legend ; — 9 xcht on BLUE background 59 — 7 x-ht Lower panel ——— WHITE legend on BLACK background, =~ RED standing pedestrian and GREEN Yor signal opposite 4. walking pedestrian 8 Foye Outlines ------ WHITE i Equal Container ----- BLACK (back may be YELLOW) letter 47 39.2 heignt (28 xht) 5. DIMENSIONS : Overall dimensions shall be within the 4 range of sizes shown. Other dimensions (including 225 4 | = Equal x-heights) are suggested sizes and may be varied so 300 min walt cross ms long as the relative proportions remain the same. 375 max with care $2 Q wait | cross 111 with care — 5 x-nt LJ LJ 65 — — = 25 a_i \ 32 8 32 Before using this drawing, confirm P4003 push button or pressure pad that it has not been superseded. Department for Title: Sign for Light Signals Issue: Date: | Drawn by: Dimensions: Drawing No. A: 3.4.95 S.P./R.M. DEMAND UNIT FOR FAR SIDE a ranspor B: 10.3.05} Approved by:| MILLIMETRES A PEDESTRIAN LIGHT SIGNALS Cc: R.M. "
p4003x3,,,x,"- 8 UPPER PANEL --- BLACK LEGEND ON WHITE BACKGROUND EQUESTRIANS AS =O MIDDLE PANEL ---- WHITE, OFF-WHITE OR YELLOW LEGEND JET D'S EE EL SEED IETHER EE EE EET - 9 XHT ON BLUE BACKGROUND 59 PUSH BUTTON","Drawing No. © CROWN COPYRIGHT P 4003.3 185 min 230 max NOTES: 1. The legend in the upper panel is from the Transport Related Drawing Heavy alphabet. The legend in the middle and lower S 8 150 glass panel panels is from the Transport Medium alphabet. 2. Details of the symbols are given on drawing S 8. 3. The tile outlines do not form part of the sign. 4 4. COLOURS: — 8 Upper panel ——— BLACK legend on WHITE background EQUESTRIANS as =o Middle panel ——-— WHITE, OFF-WHITE or YELLOW legend jet D'S ee el Seed iether ee ee eet — 9 xht on BLUE background 59 push button and watt — 7 x-ht Lower panel ——-— WHITE legend on BLACK background, arc eas SS ae RED bol d GREEN | for signal opposite |_| symbol aa 8 TF S|) Outlines ------ WHITE i Equal Container ----- BLACK (back may be YELLOW) letter 47 39.2 height (28 x-ht) 5. DIMENSIONS : Overall dimensions shall be within the 4 range of sizes shown. Other dimensions (including 225 4 | — Equal x—heights) are suggested sizes and may be varied so 300 min walt cross ms long as the relative proportions remain the same. 375 max with care $2 eat walt CPOss 111 with care — 5 x-nt LJ LJ 65 — = 25 \ 18 32 42 Before using this drawing, confirm P4003x3 Push button or pressure pad that it has not been superseded. Department for Title: Sign for Light Signals ‘seus loses Prown bys Dimensions: Drawing No. DEMAND UNIT FOR FAR SIDE “ _ ranspor 5: sooroved by:| MULIMETRES | P AQQ3. EQUESTRIAN LIGHT SIGNALS c. ew "
scp,,,x,"- BACKGROUND ----------- FLUORESCENT YELLOW BORDER -------------- RED LEGEND, BAR AND SYMBOL --- BLACK 5. A PATROL SIGN SHALL COMPRISE A ROUNDEL AND A POLE ON WHICH THE ROUNDEL IS MOUNTED. FURTHER DE","Drawing No. Related Drawing SCP SS Before using this drawing, confirm that it has not been superseded. 450 min 470 max 360 min 370 max | T 84 —| 50 —| scP 315 NOTES: © CROWN COPYRIGHT 1. The legend is from the Transport Heavy alphabet at the x-height shown. 2. Symbol details are on drawing No. S 5. 3. The tile outlines do not form part of the sign. 4. COLOURS: — Background —---------— FLUORESCENT YELLOW Border -------------— RED Legend, Bar and Symbol ——— BLACK 5. A patrol sign shall comprise a roundel and a pole on which the roundel is mounted. Further details on size, colour, poles and illumination are contained in ‘The School Crossing Patrol Sign (England and Wales) Regulations 2006’. 6. The design shall be shown on both sides of the sign. 7. This working drawing supersedes working drawing P 605.2 dated 05/07/1994. Department for |“ Transport Regulatory Sign STOP CHILDREN Issue: A: B: Cc: Date: 22.07.10 Drawn by : Dimensions : | Drawing No. AK. Approved by: MILLIMETRES S C P M.K, "
p4006,,,,SYMBOL ------ RED 1 BACKGROUND --- BLACK 3. DIMENSIONS : THE SYMBOL DETAILS ON THE LEFT ARE IN GRID DIVISIONS. THE SIGNAL DIMENSIONS ON THE RIGHT ARE IN MILLIMETRES. Y 14 . 160 MIN 200 DIA 175 MAX Y -,"Drawing No. © CROWN COPYRIGHT P 4006 / | id ond tile outl NOTES: 1. The grid and tile outline do not form part of the signal. ] 7 2. COLOURS : Symbol ------ RED 1 Background —-— BLACK 3. DIMENSIONS : The symbol details on the left are in grid divisions. The signal dimensions on the right are in millimetres. y 14 . 160 min 200 dia 175 max y — Before using this drawing, confirm P4006 that it has not been superseded. Department for Title: Light Signal ‘seve: oe nes Prown ey Dimensions: Drawing No. Transport LIGHT SIGNAL AT LEVEL Bb: 10308 Acoreved SEE ) AQO6 . so Pproved by: NOTE 3 CROSSING FOR PEDESTRIANS oc: ew "
p543,600,750 900 1200 1500,,BORDER -------- RED BACKGROUND --- WHITE SYMBOL SURROUND UPPER CIRCLE - CENTRE CIRCLE --- YELLOW LOWER CIRCLE ---- GREEN (FORMERLY LIGHT GREEN) 120 120 60 “15 P543 | 120-4,"Drawing No. Related Drawing P 543 |_P 500 600 (750) (900) (1200) (1500) © CROWN COPYRIGHT NOTES: — 1. Other dimensions for the triangle are shown on drawing P 500. 2. All 600mm sign dimensions shall be varied proportionally for the other triangle heights. 3. COLOURS : Border —---—-—— RED Background ——— WHITE Symbol Surround Upper Circle — Centre Circle —-— YELLOW Lower Circle --—— GREEN (formerly LIGHT GREEN) 120 120 60 “15 P543 | 120-4 Before using this drawing, confirm that it has not been superseded. Department for Transport Title: Warning Sign TRAFFIC SIGNALS AHEAD Issue: A: B: Cc: Date: Drawn by : Dimensions : | Drawing No. 22.6.94 S.P. 25.6.04 | Approved by:| MILLIMETRES P 544 14.11.11 R.M. "
p543x1,,,x,"BACKGROUND ----------- WHITE. LEGEND, ARROW & BORDER --- BLACK 4. DIMENSIONS : X-' DIMENSIONS ARE IN STROKE WIDTHS. (4SW = X-HEIGHT) HEIGHTS ARE IN MILLIMETRES, OTHER PEAK HOUR SIGNALS 1.5R VAR","Drawing No. Before using this drawing, confirm p 543 1 that it has not been superseded. 2.5 2.5 Shoe |"" 23 Part t time VARIANT Part time signals | = 1.5 * * This dimension is incresed to (50) 62.5 x-ht (75) (100) (125) (150) Peak hour signals: NOTES: — 1. © CROWN COPYRIGHT The legend is from the Transport Heavy alphabet at the x—heights shown. 2. The tile outlines do not form part of the signs. 3. COLOURS : Background —---------— WHITE. Legend, Arrow & Border -—— BLACK 4. DIMENSIONS : x—' dimensions are in stroke widths. (4sw = x—height) heights are in millimetres, other Peak hour signals 1.5r VARIANT Part time ‘signals = 2.5sw when “yds” is varied to VARIANT VARIANT “yards”. OO — P543x1 Department for Title: Warning Signs Issue: Date: | Drawn by: Dimensions: Drawing No. A: 6.94 .W. Transport SUPPLEMENTARY PLATES eon "" SEE P 543 14 P B: 13.11.02] Approved by:| NOTE 4 . FOR USE WITH P 543 Cc: R.M. "
p544,600,750 900,,BORDER ------ RED BACKGROUND --- WHITE SYMBOL ------ BLACK CROSSING SYMBOL DETAILS + CO O47=10 T 90 12.5 AK 4 SS EE 1) AE A 45 OES EE LOS A I LL 12.5 437.5,"Drawing No. Related Drawings P 544 P 500 & S 2 600 (750) (900) 350 NOTES: — 1. . Pedestrian symbol details are given on drawing S 2. . The tile outline does not form part of the sign. © CROWN COPYRIGHT Other dimensions for the triangle are shown on P 500. . All 600mm sign dimensions shall be varied proportionally for the other triangle heights. . COLOURS : Border -----— RED Background ——— WHITE Symbol ------ BLACK Crossing symbol details + co o47=10 T 90 12.5 ak 4 ss ee 1) ae a 45 oes ee Los a i lL 12.5 437.5 Before using this drawing, confirm P544 that it has not been superseded. Title: Warning Sign Issue: Date: | Drawn by: Dimensions: Drawing No. Department for A: oo694| SP. Transport | zesra CROSSING AHEAD | 8 131702| approves oy:] wuumeres | PP 544 Cc: R.M. "
p547x8,,,x,"- BACKGROUND ------------ WHITE LEGEND, ARROW & BORDER --- BLACK . DIMENSIONS : X-HEIGHTS ARE IN MILLIMETRES, OTHER DIMENSIONS ARE IN STROKE WIDTHS. (4SW = X-HEIGHT) FUMPED : 3 : 33.5 || CPOSSIMG |","Drawing No. P 547.8 © CROWN COPYRIGHT NOTES: — 1. The legend is from the Transport Heavy alphabet at the x—heights shown. . The tile outlines do not form part of the signs. . COLOURS :— Background —----------— WHITE Legend, Arrow & Border ——— BLACK . DIMENSIONS : x—heights are in millimetres, other dimensions are in stroke widths. (4sw = x—height) Fumped : 3 : 33.5 || CPOSSIMG || , VARIANT = Te 2.5 r -- 16 —+ * This dimension is increased to VARIANT 2.5sw when “yds” is varied to VARIANT “yards”, “mile” or “miles”. —— Before using this drawing, confirm P547x8 that it has not been superseded. Department for Title: Warning Signs Issue: Date: | Drawn by: Dimensions: Drawing No. Transport SUPPLEMENTARY PLATES o. | pore SEE P 547.8 : pproved by: . FOR USE WITH P 543 & P 544 c: RM. NOTE 4 "
p5001x1,,,,PANEL BACKGROUND --- BLACK ARROW ~--~-~~-~~~-- DARK GREEN 50 MIN 100 MAX 250 MIN 350 MAX _- J : 100 MIN 75 MIN - 200 MAX 150 MAX | 200 MIN 400 MAX,"Drawing No. © CROWN COPYRIGHT P 5001.1 COLOURS : Panel background -—— BLACK Arrow ~--~-~~-~~~-— DARK GREEN 50 min 100 max 250 min 350 max _— j : 100 min 75 min — 200 max 150 max | 200 min 400 max Before using this drawing, confirm P5001x1 that it has not been superseded. Title: Issue: Date: Drawn by : Dimensions : | Drawing No. Lane Control Signal Department for g A: 26.4.95| SP. Transport LANE OPEN TO VEHICULAR TRAFFIC | 8: 612.04] Approved by:] MILLIMETRES! P 5OQ1.1 c: 11.11.11 R.M. "
p5001x2,,,,PANEL BACKGROUND --- BLACK ARROW ---------=- DARK GREEN 35 MIN 70 MAX 85 170 MIN 370 MAX,"Drawing No. © CROWN COPYRIGHT P 5001.2 COLOURS : Panel Background ——— BLACK Arrow —--------=— DARK GREEN 35 min 70 max 85 170 min 370 max Before using this drawing, confirm P5001x2 that it has not been superseded. Title : Issue: Date: Drawn by : Dimensions : | Drawing No. Department for A: 26.4.95| SP. Transport LANE OPEN TO VEHICULAR TRAFFIC | 8: 612.04] Approved by:| MILLIMETRES] P 5OQ1,.? c: 11.11.11 R.M. Lane Control Signal "
p5003,,,,PANEL BACKGROUND --- BLACK CROSS ----------- RED,"Drawing No. © CROWN COPYRIGHT P 5003 COLOURS : Panel background -—— BLACK Cross -—--------— RED Before using this drawing, confirm P5003 that it has not been superseded. Title: Issue: Date: | Drawn by: Dimensions: Drawing No. Department for A: 26.4.95 SP. Transport LANE CLOSED TO VEHICULAR TRAFFIC | 8: 612.04] Approved by:| MILLIMETRES | =P HOO 4 Cc: R.M. Lane Control Signal "
p5003x1,,,,PANEL BACKGROUND --- BLACK CROSS ---------- RED,"Drawing No. P 5003.1 P5003x1 — 225 min | 550 max © CROWN COPYRIGHT COLOURS : Panel background -—— BLACK Cross —--------— RED Before using this drawing, confirm that it has not been superseded. Department for Transport Title: Lane Control Signal LANE CLOSED TO VEHICULAR TRAFFIC Issue: A: B: Cc: Date: 26.4.95 6.12.04 Drawn by: S.P. Approved by: R.M. Dimensions: Drawing No. miumeTReES| P SOQOS. 1 "
p5005,,,,PANEL BACKGROUND --- BLACK 7% ARROW ---------- WHITE O %. 2 OY 250 MIN 350 MAX ~~ %O OR. OA A,"Drawing No. © CROWN COPYRIGHT P 9005 COLOURS : Panel background -—— BLACK 7% Arrow —--------— WHITE O %. 2 oy 250 min 350 max ~~ %O Or. oA a Before using this drawing, confirm P5005 that it has not been superseded. Department for Title: Lane Control Signal Issue: Date: | Drawn by: Dimensions: Drawing No. A: 26.4.95 S.P. Transport VEHICULAR TRAFFIC B: 7.12.04 | Approved by:| MILLIMETRES Pp 5005 TO MOVE TO THE LEFT oc: ew. "
p5005x1,,,,PANEL BACKGROUND --- BLACK ARROW ---------- WHITE >. » VE 30 MIN 60 MAX 240 MIN 700 MAX,"Drawing No. © CROWN COPYRIGHT P 9005.1 COLOURS : Panel background -—— BLACK Arrow —--------— WHITE >. » ve 30 min 60 max 240 min 700 max Before using this drawing, confirm P5005x1 that it has not been superseded. Department for Title: Lane Control Signal Issue: Date: | Drawn by: Dimensions: Drawing No. A: 26.4.95 S.P. Transport VEHICULAR TRAFFIC B: 7.12.04 | Approved by:| MILLIMETRES Pp 5005. ‘ TO MOVE TO THE LEFT Cc: R.M. "
p5010,,,x,"BACKGROUND ------- BLUE SYMBOL TILES ------ BLACK VERTICAL ARROW ----- GREEN (FORMERLY LIGHT GREEN) CROSS --------- RED DIAGONAL ARROW --- WHITE . DIMENSIONS : X-HEIGHTS ARE IN MILLIMETRES, OTHER DI","Drawing No. P 5010 ‘K & x hs Lane control signals ahead lane open lane closed move to left - * or] {Laleribt © CROWN COPYRIGHT The legend is from the Transport Medium alphabet at the x—heights shown. . The tile outlines and grid lines do not form part of the signs. . The signal indication symbols are proportional to those shown below. . COLOURS : Background —--—-—- BLUE Symbol tiles ---——— BLACK Vertical arrow ---—— GREEN (formerly LIGHT GREEN) Cross --------— RED Diagonal arrow ——— WHITE . DIMENSIONS : x—heights are in millimetres, other dimensions are in stroke widths. (4sw = x—height) Equal Equal ai ar +ahkar + io Lane control 48 | lane open sw o<| lane closed square Before using this drawing, confirm P5010 that it has not been superseded. Drawn by : Dimensions : | Drawing No. Department for Transport Informatory Signs LANE CONTROL SIGNALS AHEAD Approved by: Noe 5 P 501 6) "
p5011,,,x,BACKGROUND ------ BLUE . . 7 SYMBOL TILES ----- BLACK 60 8 V4 LANE OPEN A VERTICAL ARROW ---- GREEN (ERE 4 : FEES - . 4 CROSS SOS CSSC RED . . . + DIAGONAL ARROW --- WHITE 8 X LA NE CLOSED TF. 5. DIME,"Drawing No. P 5011 © CROWN COPYRIGHT | ~ _or NOTES: 1. We thee heights. shown eet Medium alphabet = )) , . 4 i 2.5 cpyerees poset : x-ht 2. The tile outlines and grid lines do not form part 1) Lane control OM ||—min nfs sare pe popes or 150 max 3. The signal indication symbols are proportional to L main roacl ahead 7 those shown below. 4 . ° . . - 4.5 4. COLOURS : Background —----— BLUE . . 7 Symbol tiles ----— BLACK 60 8 v4 lane open A Vertical arrow ---— GREEN (ere 4 : Fees - . 4 Cross sos cssc RED . . . + Diagonal arrow ——— WHITE 8 x la ne closed tf. 5. DIMENSIONS : x—heights are in millimetres, other 4 =| i bowed : b mee 4 dimensions are in stroke widths. (4sw = x—height) 8 7 2.5 2.5 JL |lstZ] move to Lert Ja. af it j— t , : ste Re Lane control on 1.5 2.5 2.5 * 6 j main road ahead 48 bt | lane open 8 sw <| lane closed square = - al b- VARIANT al be Equal a Equal P5011 that it hasnt been superseded” Department for Title: Informatory Signs Issue: Date: Drawn by : Dimensions : | Drawing No. LANE CONTROL AP 28495) SP SEE Transport ON MAIN ROAD AHEAD cnn em | NOTES Pp 901! "
p5012,,,x,"BACKGROUND -------- BLUE LEGEND & BORDER --- WHITE 4. DIMENSIONS : X-HEIGHTS ARE IN MILLIMETRES, OTHER DIMENSIONS ARE IN STROKE WIDTHS. (4SW = X-HEIGHT) 2.5 2.5 2.5 CE EE -_- POR 4 2.5 _ OSU EE LANE C","Drawing No. © CROWN COPYRIGHT P 5012 . . NOTES: 1. The legend is from the Transport Medium alphabet at the x—heights shown. 2. The tile outlines do not form part of the sign. 3. COLOURS : Background -—-----— BLUE Legend & Border ——— WHITE 4. DIMENSIONS : x—heights are in millimetres, other dimensions are in stroke widths. (4sw = x—height) 2.5 2.5 2.5 ce ee —_— Por 4 2.5 _ osu ee Lane control || zon —__— x- 23 “bunnttannnnaieigene! ngewe 150 max ahAead i. 1.52— a —_ 1.5 Before using this drawing, confirm P5012 that it has not been superseded. Department for Title: Informatory Sign Issue: Date: | Drawn by: Dimensions: Drawing No. A: 28.4.95 S.P. SEE Transport eB: 71204 : P 5012 LANE CONTROL SIGNALS AHEAD * 7:12.04) Approved by:| NOTE 4 Cc: R.M. "
p5013,,,x,UPPER PANEL BACKGROUND ------- BLUE - -- AL -- LEGEND & BORDER --- WHITE RY RY I- LOWER PANEL 2.5 (7 A) BACKGROUND TT ; I I 15 ARROW & BORDER ---- BLACK SOR ~~ . LA (AL @ 75 MIN 4. DIMENSIONS : X-HEIG,"Drawing No. © CROWN COPYRIGHT P 5013 . . NOTES: 1. The legend is from the Transport Medium alphabet at the x—heights shown. 2. The tile outlines do not form part of the sign. 2.5 2.5 3. COLOURS : Upper Panel Background ------— BLUE - -- al —— Legend & Border ——— WHITE ry ry i- Lower Panel 2.5 (7 a) Background TT ; i i 15 Arrow & Border ---— BLACK sor ~~ . La (Al @ 75 min 4. DIMENSIONS : x-heights are in millimetres, other 23 —_ x— dimensions are in stroke widths. (4sw = x—height) 39 a babel Ll 1. ) y ° _ ry A) | ___2.5 1.5r 16 8 __ 2.5 ! i] Q w, 1.5 = — 16 —_ = Before using this drawing, confirm P5013 that it has not been superseded. Department for Title: Informatory Sign Issue: Date: | Drawn by: Dimensions: Drawing No. Transport LANE CONTROL SIGNALS .. oe ‘ a , SEE P 5013 : 12. pproved by: IN DIRECTION INDICATED c: RM. NOTE 4 "
p5014,,,x,,"Drawing No. Before using this drawing, confirm © CROWN COPYRIGHT Pp 501 4 that it has not been superseded. The legend is from the Transport Medium alphabet 2.5 25 2.5 in re upper panel and from the Transport Heavy alphabet in the lower panel at the x—heights shown. 7 IF a a a - . The tile outlines do not form part of the signs. fa >) ( _ . ) 2.5 . 15 La ne CO nmtrol of eee Bockgroung —————=————— BLUE 4 Legend & Border —-----— WHITE. - 1.5 yet S| Bockground, —==———==——— wire 40.5 . _ pose : : ; Legend, Arrow & Border ——— BLACK 4 50) varels 75 min —ht . DIMENSIONS : x—heights are in millimetres, other 25.5 15 deeeed 150 max dimensions are in stroke widths. (4sw = x—height) 28 —_ S) 1.5 25 Lane 50 wards Lane |/Bnin CONntro! oo ee eg: || 150 max ————— 48.5 50 ves 50 yds || , > 7 P5014 Title: Informatory Signs Issue: Date: | Drawn by: Dimensions: Drawing No. Transport DISTANCE TO LANE CONTROL ne an SEE P 5014 . lee rove 2 P SIGNALS IN DIRECTION INDICATED | ¢: eM | NOTE 4 "
p5015,,,x,"BACKGROUND ------- BLUE LEGEND & BORDER --- WHITE 4. DIMENSIONS : X-HEIGHTS ARE IN MILLIMETRES, OTHER DIMENSIONS ARE IN STROKE WIDTHS. (4SW = X-HEIGHT) -_ 1.5 2.5 . DM END OR ™ LANE CONTROL || ON -__-","Drawing No. © CROWN COPYRIGHT P 5015 ; , NOTES: 1. The legend is from the Transport Medium alphabet at the x—heights shown. 2. The tile outlines do not form part of the sign. 3. COLOURS : Background -—----— BLUE Legend & Border ——— WHITE 4. DIMENSIONS : x—heights are in millimetres, other dimensions are in stroke widths. (4sw = x—height) —_ 1.5 2.5 . DM End or ™ lane Control || on —__— x— soo (Le ee 150 max | | | I 1 f 2.5 2.5 2.5 Before using this drawing, confirm P5015 that it has not been superseded. Department for Title: Informatory Sign Issue: Date: | Drawn by: Dimensions: Drawing No. Ti A: 28.4.95 S.P. SEE ransport | Lane CONTROL SIGNALS END | & 71204] sree ey:| wore | P 5015 Cc: R.M. "
p548,600,750 900 1200 1500,,BORDER ------ 1 BACKGROUND SYMBOL ------- 1 600 (750) (900) (1200) -- (1500) 195 ~___ 20 1 | | |. 450 I 312,"Drawing No. Related Drawings © CROWN COPYRIGHT P 548 |P 500 & S 10 ¢ NOTES: — 1. Other dimensions for the triangle are shown on drawing P 500. i 2. Symbol details are given on drawing S 10. 3. The tile outline does not form part of the sign. 1 4. All 600mm sign dimensions shall be varied proportionally ' for the other triangle heights. 5. COLOURS : Border -----— 1 Background Symbol —-—-—-— 1 600 (750) (900) (1200) —— (1500) 195 ~___ 20 1 | | |. 450 i 312 Before using this drawing, confirm P548 that it has not been superseded. Department for Title: Warning Sign Issue: Date: | Drawn by: Dimensions: Drawing No. CATTLE A: 22.6.94 S.P. ransport | | 5: 2560+ appro oy:| MIUMETRES| =P 548 likely to be in road ahead c: RM. "
p548x1,200,150,,"BACKGROUND --~------------ WHITE LEGEND, ARROW & BORDER ---- BLACK 2.5 2.5 2.5 4. DIMENSIONS : X-HEIGHTS ARE IN MILLIMETRES, ALL OTHER DIMENSIONS ARE IN STROKE WIDTHS. (4SW = X-HT) 15) 1 PO “TE A WIEN","Drawing No. Before using this drawing, confirm © CROWN COPYRIGHT that it has not been superseded. P 948.1 ° NOTES: 1. The legend is from the Transport Heavy alphabet at the x—heights shown. 2. The tile outlines do not form part of the signs. 3. COLOURS : Background —-~--—-—------— WHITE Legend, Arrow & Border -—-— BLACK 2.5 2.5 2.5 4. DIMENSIONS : x—heights are in millimetres, all other dimensions are in stroke widths. (4sw = x—ht) 15) 1 PO “Te A Wien lights 3 SOW 52.5 wnt |. 200 yels |e 155 /) (150) = 8} | <= 200 yds || 7 Yr b—16—+| + r 2.5 P548x1 Department for Title: Warning Signs Issue: Date: | Drawn by: Dimensions: Drawing No. SUPPLEMENTARY PLATE AND | &i 28694) bw. : 2. rove: :| SEE NOTE 4 Transport VARIANTS FOR USE WITH P 548 | c. 770°] Approved by P 946.1 "
p606,600,270 300 450 750 900 1200 1500,,"BACKGROUND -------- BLUE ARROW & BORDER --- WHITE 12 EE VARIANTS (270) (300) (450) T 600 (750) 240 80 (900) T (1200) [ (1500) TURN RIGHT AHEAD ONLY 45 155 120 | 120 ,| 500","Drawing No. © CROWN COPYRIGHT P 606 NOTES: — 1. All 600mm dia sign dimensions shall be varied proportionally for the other roundel sizes. 2. COLOURS : Background —-—--—-— BLUE Arrow & Border ——— WHITE 12 ee VARIANTS (270) (300) (450) t 600 (750) 240 80 (900) t (1200) [ (1500) TURN RIGHT AHEAD ONLY 45 155 120 | 120 ,| 500 Before using this drawing, confirm P606 that it has not been superseded. Department for Title: Regulatory Signs Issue: Date: | Drawn by: Dimensions: Drawing No. . B: 8.7.04] Approved by: | MILLIMETRES Transport and variants c: m RM. ” P 6 06 "
p612-and-613,600,270 300 450 750 900 1200,,BACKGROUND ---- WHITE BORDER & BAR--- RED P 613,"Drawing No. P 612 & P 613 (270) (300) (450) 600 (750) (900) (1200) P612&613 e P 612 | | | 210 © CROWN COPYRIGHT NOTES: 1. All 600mm dia sign dimensions shall be varied proportionally for the other roundel sizes. The range of sizes for P 613 is the same as those shown for P 612. 2. COLOURS : Background ———— WHITE Border & Bar-—— RED P 613 Before using this drawing, confirm that it has not been superseded. Department for Transport Title: Regulatory Signs NO RIGHT TURN (P 612) NO LEFT TURN (P 613) Issue: A: B: Cc: Date: 5.7.94 14.11.02 2.6.03 Drawn by: S.P. Approved by: R.M. Dimensions: Drawing No. Pp 61 2 MILLIMETRES & Pp 61 3 "
p614,600,270 300 450 750 900 1200,,BACKGROUND ---- WHITE ¢,"Drawing No. © CROWN COPYRIGHT P 614 proportionally for the other roundel sizes. 2. COLOURS : Background ———— WHITE ¢ NOTES: 1. All 600mm dia sign dimensions shall be varied T ' (270) (300) (450) 600 (750) (900) (1200) 80 100 80 Before using this drawing, confirm P614 that it has not been superseded. Title: Regulatory Sign Issue: Date: | Drawn by: Dimensions: Drawing No. Department for A: 5.7.94] SP. Transport NO U—TURNS B: 14.11.02 | Approved by:| MILLIMETRES P 614 Cc: 2.6.03 R.M. "
p616,750,270 300 450 600 900 1200,,BACKGROUND ---- RED BORDER & BAR --- WHITE P616 640,"Drawing No. P 616 (270) (300) (450) (600) 750 (900) (1200) © CROWN COPYRIGHT NOTES: 1. All 750mm dia sign dimensions shall be varied proportionally for the other roundel sizes. 2. COLOURS : Background ———— RED Border & Bar —-— WHITE P616 640 Before using this drawing, confirm that it has not been superseded. Department for Transport Title: Regulatory Sign NO ENTRY Issue: A: B: Cc: Date: 5.7.94 16.7.04 11.11.11 Drawn by : Dimensions : | Drawing No. S.P. Approved by:| MILLIMETRES Pp 61 6 R.M. "
p954x5,,,x,BACKGROUND --- WHITE LEGEND ------ BLACK _ 37.5 X-HT VARIANT,"Drawing No. P 954.5 NOTES: — 1. © CROWN COPYRIGHT The legend is from the Transport Heavy alphabet at the x—height shown. 2. The tile outlines do not form part of the signs. 3. COLOURS : Background ——— WHITE Legend -----— BLACK _ 37.5 x-ht VARIANT Before using this drawing, confirm P954x5 that it has not been superseded. Department for Title: Regulatory Signs Issue: Date: | Drawn by: Dimensions: Drawing No. A: 30.7.04 R.M. Transport SUPPLEMENTARY PLATES e: Approved vy:| witumeTrES| P Q54 5 (for use with traffic signal mounted signs) Cc: R.M. "
p954x6,,,x,"BACKGROUND --- WHITE LEGEND ------- BLACK 2.5 SW (4SW = X-HEIGHT) [EXCEPT\ LEXCEPT\ = ~ | LOUSES & IDUSES & EYELES/, TAXIS IL RE DEPARTMENT FOR | TE REGULATORY SIGNS ISSUE: DATE: | DRAWN BY DIMENSI","Drawing No. © CROWN COPYRIGHT P 954.6 NOTES:— 1. The legend is from the Transport Heavy alphabet at [5 | ue & the x—height shown. USES 2. The tile outlines do not form part of the signs. 3. COLOURS : Background ——— WHITE Legend -----—— BLACK 2.5 sw (4sw = x—height) [Except\ lexcept\ = ~ | loUSeS & IDUSES & eyeles/, taxis il re Department for | Te Regulatory Signs Issue: Date: | Drawn by Dimensions Drawing No A: 30.7.04 R.M. Transport SUPPLEMENTARY PLATES B: Approved by: lutcoke athe P 954.6 (for use with traffic signal mounted signs) Cc: RM. where indicated) "
p954x7,,,x,"BACKGROUND --- WHITE LEGEND ------ BLACK 2.5 SW (4SW = X-HEIGHT) 4 40 EXCEPT EXCEPT EXCEPT \ SAN 300 USS, LOCAL LOCAL TALS & DUSES & DUSES & CYCLES AE EYELES TAXIS T DEPARTMENT FOR | TE REGULATORY","Drawing No. © CROWN COPYRIGHT P 954.7 NOTES:— 1. The legend is from the Transport Heavy alphabet at 5 : poe the x—height shown. lnUS@s 2. The tile outlines do not form part of the signs. 3. COLOURS : Background ——— WHITE Legend -----— BLACK 2.5 sw (4sw = x—height) 4 40 Except Except Except \ San 300 USS, local local tals & DUSES & DUSeS & cycles ae eyeles taxis t Department for | Te Regulatory Signs Issue: Date: | Drawn by Dimensions Drawing No A: 30.7.04 R.M. Transport SUPPLEMENTARY PLATES B: Approved by: lutcoke athe P 954.7 (for use with traffic signal mounted signs) Cc: RM. where indicated) "
p7011,,,x,BACKGROUND ------- RED LEGEND & BORDER --- WHITE 39 \ SE R(« ~ %° 30R 95 : LL 1050 WIANEN RLED ||=5- . OS 65} WHEN STOP » || LIGHT SHOWS ||ZS-» » | SIEN SNOWS OE OST WAIT HERE X-HT ORT D 62.5 WANT A,"Drawing No. P 7011 NOTES: 1. 2. The tile outlines do not form part of the signs. The legend is from the Transport Medium alphabet at the x—heights shown. © CROWN COPYRIGHT 1050 3. COLOURS : Background ------— RED Legend & Border ——— WHITE 39 \ se r(« ~ %° 30r 95 : LL 1050 WIANEN RleD ||=5— . os 65} WHEN STOP » || LIGHT SHOWS ||zs-» » | sien snows Oe ost WAIT HERE x-ht ORT D 62.5 WANT AP 75 x-ht VARIANT ++ aloe ++ Equal 47 Equal Before using this drawing, confirm P7011 that it has not been superseded. Department for Title: Temporary Signs Issue: Date: | Drawn by: Dimensions: Drawing No. WHEN RED LIGHT SHOWS At 8.11.95 SP. : 1. rove: =| MILLIMETRES Transport WAIT HERE 8: 94.081) Approved by P 7011 "
p7011x1,,,x,BACKGROUND ------------ RED LEGEND & B D --- WHITE 1050 31 SIE ~ 45 ~ . EEE ERRR ERRR EEE R ERE ERE TREE EEE REEE ERRR EER ES 30! WEET EEE EEE EECT TEE E TEES NEEESEESEEEEE ES 8 WE KE EE,"Drawin g No. (©) CROWN COPYRIGHT P 7011.1 47 NOTES: 1. The legend from the Ti port Medium alphabet fee eee e eee eee e eee e eee eeeeesteeeeetees otk t the x—heights show 2. The til tl d t form part of th g WA MlelRe 3. COLOURS : Background —--—-—-—-—-— RED Legend & B d —-— WHITE 1050 31 sie ~ 45 ~ . eee errr errr eee r ere ere Tree eee reee errr eer es 30! weet eee eee eect tee e tees neeeseeseeeee es 8 we ke ee eee ee nee ee eee ements eee eee eee epee ee eeeeeee fee eee e eee eee eee ee eee e neat ete eeeteteeeeeet eee ONTROL ||"" * oe WAY CON ROL 50 x ht Ss <2: 40 20 20 tee e et neste eens teeter e ee eeeeeteeeeeetees Elle 750 62.5 ALY ERIE 75 x—-ht denne ee eee eee eee ene e teense eeeeee ates 20 x—ht fee eee eee nee ee eee eee me eeeee ee eeteeeeeeeeeeeee ot er ee ree eer errr eee eer Teese tere ee eee eee reso ———____—_. RleleN IL GREEN ——__ 62.5 x—ht 20 U OWS [Ll GHT SHOWS fee eee eens tence seen ease tenet ete 20 S w, AT Ak 39 P7011x1 Bef that it h g this drawin g t b p confirm ded Titl Dat Drawn by Imensions: Drawin g No. Department for Temporary Sign 3.2.05 R.M Transport S5-WAY TRAFFIC CONTROL Approved by:| MILLIMETRES R.M P /O11.1 "
p7011x2,,,x,BACKGROUND ------- RED LEGEND & BORDER --- WHITE 1050 254 (K OE EE EPEE PE ATT EEE ETA +) 25R I I PEDESTRIAN 50_ACHI CROSSING 50 ANT 750 WIALEN RED || Z5-N LIGHT SHOWS || ZS» X-HT : : : =S|| WAITHERE,"Drawing No. re usil is drawing, confirm P 7011.2 | Mark teens cen ge cee © cRown copyricHt Sheet 1 of 2 NOTES: 1. Wt etheighte chewa Pert Medium alphabet 2. The tile outlines do not form part of the sign. 3. COLOURS : Background —-----— RED Legend & Border —-- WHITE 1050 254 (K oe ee epee pe att eee eta +) 25r i i PEDESTRIAN 50_achi CROSSING 50 ant 750 WiAleN RED || z5-n LIGHT SHOWS || zs» x—ht : : : =s|| WAITHERE ||=- Ss 7 —) +—+| ak +—+| Equal 47 Equal P7011x2-1 Department for Title: Temporary Sign Issue: Date: Drawn by : Dimensions : | Drawing No. A: 11.11.11 AK. PEDESTRIAN CROSSING P /011.2 B: ve :| MILLIMETRES . Transport WHEN RED LIGHT SHOWS WAIT HERE | ¢: mo Sheet_1 of 2 "
p7019,700,875 1050 525 630,,"BACKGROUND -------- BLACK BORDER & SURROUND --- WHITE TOP SYMBOL & BAR --- RED 35 MIDDLE SYMBOL ------ YELLOW EL} LEE 25 BOTTOM SYMBOL ------ GREEN (FORMERLY YP LIGHT GREEN) 2. J SER, 2. DIMENSIONS :","Drawing No. P 7019 © CROWN COPYRIGHT NOTES: 1. COLOURS : Background -—-----— BLACK Border & Surround —-— WHITE Top symbol & Bar ——— RED 35 Middle symbol —----— YELLOW el} lee 25 Bottom symbol -—---- GREEN (formerly yp LIGHT GREEN) 2. J Ser, 2. DIMENSIONS : Dimensions for the 420mm wide “ng sign shall be varied proportionally for the other 150 sign widths. 200 700 (875) +—_ (1050) 200 a 175 dia 150 | Al 7 surround kKk— 420 (525) (630) —— Before using this drawing, confirm P7019 that it has not been superseded. Title: + Issue: Date: Drawn by : Dimensions : | Drawing No. Temporary Sign Department for p yeig A: 27.11.95 S.P. Transport | Uicht SIGNALS NOT IN USE | & 7128] seers oy] muumerres | P 7.)1 9 Cc: 14.91.11 R.M. "
p7021,,,x,"BACKGROUND ------------- RED 050 LEGEND, ARROWS & BORDER --- WHITE 1 100 P [ROTE 280-} 50. (7 +) 27 X-HT TRAPEFIC 525 UNDER 750 CONTROL X 28 J J - ‘J","Drawing No. © CROWN COPYRIGHT P 7021 ; ; NOTES: 1. The legend is from the Transport Medium alphabet at the x—height shown. 2. The tile outlines do not form part of the sign. 3. COLOURS : Background ------------— RED 050 Legend, Arrows & Border ——— WHITE 1 100 p [Rote 280—} 50. (7 +) 27 x-ht TRAPEFIC 525 UNDER 750 CONTROL x 28 j j — ‘J Before using this drawing, confirm P7021 that it has not been superseded. Department for Title: Temporary Sign Issue: Date: | Drawn by: Dimensions: Drawing No. TRAFFIC UNDER SIGNAL CONTROL | 4) T3188} SP: Trans ort B: 7.1.05} Approved by:| MILLIMETRES P /0?1 P ON ROAD AT JUNCTION AHEAD | ¢, ae "
p7022,,,x,"BACKGROUND ------- RED LEGEND & BORDER --- WHITE 1050 7 60 7) T)| JOINING * | YW TRAFFIC X-HT 7 : : : 5 X-HT ||"" NOT SIGNAL, | , |ECONTROLLED! 40 ; \ }) B- INN 20 45","Drawing No. © CROWN COPYRIGHT P 7022 NOTES: 1. The legend is from the Transport Medium alphabet at the x—heights shown. 2. The tile outlines do not form part of the sign. 3. COLOURS : Background ------— RED Legend & Border ——— WHITE 1050 7 60 7) T)| JOINING * | yw TRAFFIC x-ht 7 : : : 5 x-ht ||"" NOT SIGNAL, | , |ECONTROLLED! 40 ; \ }) b- inn 20 45 Before using this drawing, confirm P7022 that it has not been superseded. Department for Title: Temporary Sign Issue: Date: | Drawn by: Dimensions: Drawing No. JOINING TRAFFIC At 14.11.95 SP. Trans, ort B: 7.1.05 | Approved by:| MILLIMETRES P NOT SIGNAL CONTROLLED c: proved by P 7022 "
p7023,900,600 126,,BACKGROUND -------- RED LEGEND & OCTAGONAL BORDER --- WHITE OCTAGONAL BORDER TO EDGE OF PLATE --- GREY (126) LETTER EQUAL 189 HEIGHT,"Drawing No. P 7023 shaded area GREY NN (90) 135 xsht P7023 ~¥—— (600) 900 dia —————_>| (18) {27 fo \ STOP Equal © CROWN COPYRIGHT NOTES: 1. The legend is from the Transport Medium alphabet at the x—heights shown. 2. The legend tiles are centred horizontally on the octagon. 3. The tile outlines do not form part of the sign. 4. COLOURS : Background -—-----— RED Legend & Octagonal Border ——— WHITE Octagonal border to edge of Plate —-— GREY (126) letter Equal 189 height Before using this drawing, confirm that it has not been superseded. Department for Transport Title: Regulatory Sign Issue: Date: A: MANUALLY OPERATED STOP SIGN c. 14.11.95 7.1.05 Drawn by: S.P. Approved by: R.M. Dimensions: Drawing No. MILLIMETRES P /0?3 "
p7024,900,600 210 150,,BACKGROUND -------- DARK GREEN LEGEND & BORDER --- WHITE EQUAL (210) LETTER (150) 315 HEIGHT 225 X-HT EQUAL,"Drawing No. © CROWN COPYRIGHT P 7024 NOTES: 1. The legend is from the Transport Medium alphabet at the x—heights shown. 2. The letters (not tiles) are centred horizontally on the sign. iq ————— (600) 900 dia (12) 3. The tile outlines do not form part of the sign. t 18 COLOURS : Background —------— DARK GREEN Legend & Border ——— WHITE Equal (210) letter (150) 315 height 225 x-ht Equal Before using this drawing, confirm P7024 that it has not been superseded. Title: 7 Issue: Date: Drawn by : Dimensions : | Drawing No. Regulatory Sign y 9 Transpo for gulatory Sig A: 444105 ae. FANSPOFtE | Manuary OPERATED GO SIGN | #7195] Aeros oy:] muiMeTRES | P 7OD4 Cc: 11.11.11 R.M. "
p7031,450,378 540,,- BACKGROUND ----- FLUORESCENT YELLOW BORDER ------ - RED LEGEND & BAR --- BLACK 4. REFLECTORISATION : NO RETROREFLECTING MATERIAL SHALL BE APPLIED TO THAT PART OF THE SIGN COLOURED FLUORESCENT YELLO,"Drawing No. P 7031 60 (72) P7031 45 (54) 315 (378) + 450 (540) a 20 (24) 45 (54) NOTES: 50 (60) x-ht 37.5 (45) x-ht © CROWN COPYRIGHT 1. The legend is from the Transport Heavy alphabet at the x—heights shown. 2. The tile outlines do not form part of the sign. 3. COLOURS: — Background —--—— FLUORESCENT YELLOW Border —---—— — RED Legend & Bar —-— BLACK 4. REFLECTORISATION : No retroreflecting material shall be applied to that part of the sign coloured fluorescent yellow, unless applied in horizontal strips with a gap between each adjacent strip, or unless the retroreflecting material is itself also fluorescent. 5. The design shall be shown on both sides of the sign. Before using this drawing, confirm that it has not been superseded. Department for Transport Title: Regulatory Sign Issue: VEHICULAR TRAFFIC TO STOP FOR | *: B: SHORT PERIOD DURING WORKS ¢: Date: 17.1.05 Drawn by: R.M. Approved by: R.M. Dimensions: Drawing No. P /031 MILLIMETRES "
p790,,,x,BACKGROUND A RED LEGEND & BORDER --- WHITE 1050 EQUAL EQUAL > (K 50 20R OF ~\ NEW 65 NEW LLEWEL OSE II 750 75 X-HT CROSSING 62.5 X-HT CE EE EEE ETE EEE EEE AHEAD NE 35 CONTRO,"Drawing No (C) CROWN COPYRIGHT P 7/90 NOTES: 1. The legend is from the Transport Medium alphabet at the x—heights shown 2. The tile outlines do not form part of the signs 3. COLOURS Background a RED Legend & Border ——— WHITE 1050 Equal Equal > (K 50 20r oF ~\ NEW 65 NEW LleWeL Ose ii 750 75 x-ht CROSSING 62.5 x—ht ce ee eee ete eee eee AHEAD Ne 35 CONTROL a) VARIANT ATF leAD 25 Ne ai th 25 Before using this drawing, confirm P790 that it has not been superseded Title Warning Signs Issue Date Drawn by Dimensions Drawing No Department for A 27.9.94 R.M NEW LEVEL CROSSING B MILLIMETRES ransport CONTROL AHEAD 8.7.03 | Approved by P /90 Cc R.M "
p3001x2,,,,BACKGROUND --- BLACK ARROW GREEN | 100 | ALTERNATIVE INDICATIONS 42 P3001X2 HAT IT HEA NOT BEEN SUTERSEDED. DEPARTMENT FOR TITLE: CREEN ARROW FOR ‘SEUS WITS ROW : DIMENSIONS: DRAWING NO. TRANSPORT,Drawing No. P 3001.2 E 24 K— 60 {wl 100 —<— 7 | 8 ~~ %S Oo (oe © CROWN COPYRIGHT COLOURS : Background ——— BLACK Arrow GREEN | 100 | ALTERNATIVE INDICATIONS 42 P3001x2 hat it hea not been suterseded. Department for Title: CREEN ARROW FOR ‘seus wits row : Dimensions: Drawing No. Transport INCLUSION IN LIGHT SIGNALS | e: removes by:| MiNETRES | PP SOQT.2 
traffic-sign-drawing-schedule-15-part-02-item-01,,,,,20 min 7 70 max F 240 min 840 max 140 min 140 min 490 max 490 max 
traffic-sign-drawing-schedule-15-part-02-item-02,,,,,x St 20 min 220 min . 770 max 160 min 560 max 160 min 560 max 
traffic-sign-drawing-schedule-15-part-02-item-03,,,,,120 300 300 Y t 120 - js i<>} 140 220 140 120 300 520 440 + > 300 260 y oles 140 220 140 
traffic-sign-drawing-schedule-15-part-02-item-04,,,,,200 min 1250 max >| 240 min 60 min & 1500 max 375 max : le») >|} 100 min 20 min 625 max 125 max 
traffic-sign-drawing-schedule-15-part-02-item-05,,,,,100 min 350 max 40 min 140 max 260 min + | 910 max + 100 min 350 max [>| 80 min L_ 20 min 280 max 70 max 
traffic-sign-drawing-schedule-15-part-02-item-06,,,,,140 140 140 ae Sle ree} 140 140 140 420 4 [x20 —— 40 | 7 420 I L Jere rlerlSlerterler| 140 140 140 140 140 140 
traffic-sign-drawing-schedule-15-part-02-item-07,,,,,200 min 700 max 40 min 140 max - + | ‘7 100 min 350 max [ae | fe 80 min L_ 20 min 280 max 70 max 
traffic-sign-drawing-schedule-15-part-02-item-08,,,,,le>| 120 min Ie->| 450 max 220 min 770 max 120 min 420 max Holle Jeo} oee 20 min 100 min 60 min 70max 350 max 210 max 
traffic-sign-drawing-schedule-15-part-02-item-09,,,,,60 min 210 max 220 min 770 max C e = |e l<>| 60 min 20min 100min 210 max 70 max 350 max 
traffic-sign-drawing-schedule-15-part-02-item-10,,,,,el 10 min > 450 max 220 min 770 max tf 120 min 420 max elle ey 20 min 100 min 70 max 350 max 
traffic-sign-drawing-schedule-15-part-02-item-11,,,,,| fF 100 min 1000 max 100 min =” @ @ 1000 max a 100 min 1000 max 125 - e Tt _ oF 5800 min Ie 100 min 6800 max 1000 max carriageway | surface 
traffic-sign-drawing-schedule-15-part-02-item-12,,,,ED BLACK,100 min +e ous 1000 max =~ 7 100 min + 1000 max 7 e@ e T 1800 min backing board 3200 max is coloured black 
traffic-sign-drawing-schedule-15-part-02-item-13,,,,,115 min + 175 max =— t 825 min 1000 max ) 
traffic-sign-drawing-schedule-15-part-02-item-14,,,,,100 min 260 min 1000 max | 910 max le 100 min 1000 er nox hd JE. 40 min 140 max 220 om) 770 max + 100 min we 7 ee ant “xk 1000 max 5800 min 6800 max carriageway | surface 
traffic-sign-drawing-schedule-15-part-02-item-15,,,,,Min 160 Min 160 Max 200 Max 200 |<— —l 440 
traffic-sign-drawing-schedule-15-part-02-item-16,,,,ED BLACK AE,100 min 1000 max 100 min +e e 125 1000 max F_ 100 min + | 1000 max Fe °F 1800 min backing board 3200 max is coloured black ae 
traffic-sign-drawing-schedule-16,,,,"OF ANY SYMBOL OR LEGEND MUST ACCORD WITH THE REQUIREMENTS OF SUB-PARAGRAPH (3). (3) THE SYMBOL OR LEGEND MUST BE DISPLAYED IN- (A) WHITE; OR (B) YELLOW, ON A DARK BACKGROUND. (4) SUB-PARAGRAPH (2) DOE","524 SCHEDULE 16 Regulation 3, Schedule 1 Variable message signs PART 1 Preliminary 1.—(1) A variable message sign must be of a size appropriate to display a sign or legend having regard to the normal speed of traffic on the road on or near which the sign is placed. (2) Subject to sub-paragraph (4), when a variable message sign displays— (a) a sign provided for in Part 2 of Schedule 15; or (b) a legend of the type provided for in this Schedule, the colour of any symbol or legend must accord with the requirements of sub-paragraph (3). (3) The symbol or legend must be displayed in— (a) white; or (b) yellow, on a dark background. (4) Sub-paragraph (2) does not apply to any red aspects of a sign. (5) A discontinuous variable message sign must— (a) in relation to each aspect of performance specified in column 2 of tables 1 and 2 in Part 7 of this Schedule, comply with the requirement or test specification of British Standard BS EN 12966:2014(a) (“the Standard”) specified in columns 3 to 7 of table 1 or column 3 of table 2 for that item, as the case may be; (a) Publication date: 31st December 2014 (ISBN 9780580813955) "
