code,name,family,file,size,notes,source
R1-1,,Regulatory Signs,,,same code as the base pack: use Federal (MUTCD 2023)/SVGs/STOP_R1-1.svg (was: no size table or width dimension read; drawn at page scale (1 pt = 0.1 in)),Original PDFs/shsd-2012-section1.pdf#page=3
R1-2,YIELD,Regulatory Signs,,,same code as the base pack: use Federal (MUTCD 2023)/SVGs/YIELD_R1-2.svg (was: no size table or width dimension read; drawn at page scale (1 pt = 0.1 in)),Original PDFs/shsd-2012-section1.pdf#page=4
R1-2,YIELD,Regulatory Signs,,,same code as the base pack: use Federal (MUTCD 2023)/SVGs/YIELD_R1-2.svg (was: no size table or width dimension read; drawn at page scale (1 pt = 0.1 in)),Original PDFs/shsd-2012-section1.pdf#page=4
R1-2aP,TO ONCOMING TRAFFIC,Regulatory Signs,,,"same code as the base pack: use Federal (MUTCD 2023)/SVGs/TO_ONCOMING_TRAFFIC_PLAQUE_R1-2aP.svg (was: size 24 in: smallest table row (no conventional-road marker, no earlier edition of this code) — check)",Original PDFs/shsd-2012-section1.pdf#page=5
R1-2bTP,TO RAMP,Regulatory Signs,TO_RAMP_R1-2bTP.svg,21.0x15.0 in,"size 21 in: smallest table row (no conventional-road marker, no earlier edition of this code) — check",Original PDFs/shsd-2012-section1.pdf#page=6
R1-3P,ALL WAY,Regulatory Signs,,,same code as the base pack: use Federal (MUTCD 2023)/SVGs/ALL_WAY_PLAQUE_R1-3P.svg (was: no size table or width dimension read; drawn at page scale (1 pt = 0.1 in)),Original PDFs/shsd-2012-section1.pdf#page=7
R1-5L,YIELD SYMBOL,Regulatory Signs,,,same code as the base pack: use Federal (MUTCD 2023)/SVGs/YIELD_HERE_TO_PEDESTRIANS_R1-5L.svg (was: scale from the drawing's overall width dimension (36.0 in)),Original PDFs/shsd-2012-section1.pdf#page=8
R1-5R,YIELD SYMBOL,Regulatory Signs,,,same code as the base pack: use Federal (MUTCD 2023)/SVGs/YIELD_HERE_TO_PEDESTRIANS_R1-5R.svg (was: scaled from the dimensioned R1-5L drawing (thumbnail)),Original PDFs/shsd-2012-section1.pdf#page=8
R1-5aL,YIELD SYMBOL,Regulatory Signs,,,same code as the base pack: use Federal (MUTCD 2023)/SVGs/YIELD_HERE_TO_SCHOOL_CROSSING_R1-5aL.svg (was: scale from the drawing's overall width dimension (36.0 in)),Original PDFs/shsd-2012-section1.pdf#page=9
R1-5aR,YIELD SYMBOL,Regulatory Signs,,,same code as the base pack: use Federal (MUTCD 2023)/SVGs/YIELD_HERE_TO_SCHOOL_CROSSING_R1-5aR.svg (was: scaled from the dimensioned R1-5aL drawing (thumbnail)),Original PDFs/shsd-2012-section1.pdf#page=9
R1-6,YIELD,Regulatory Signs,,,same code as the base pack: use Federal (MUTCD 2023)/SVGs/IN_STREET_PEDESTRIAN_CROSSING_YIELD_R1-6.svg (was: scale from the drawing's overall width dimension (12.0 in)),Original PDFs/shsd-2012-section1.pdf#page=10
R1-10P,OPTIONAL-FLUORESCENT YELLOW GREEN,Regulatory Signs,,,same code as the base pack: use Federal (MUTCD 2023)/SVGs/EXCEPT_RIGHT_TURN_PLAQUE_R1-10P.svg (was: scale from the drawing's overall width dimension (24.0 in)),Original PDFs/shsd-2012-section1.pdf#page=11
R1-9,OVERHEAD PEDESTRIAN CROSSING (YIELD),Regulatory Signs,,,same code as the base pack: use Federal (MUTCD 2023)/SVGs/OVERHEAD_PEDESTRIAN_CROSSING_YIELD_R1-9.svg (was: scale from the drawing's overall width dimension (90.0 in)),Original PDFs/shsd-2012-section1.pdf#page=11
R1-9,OVERHEAD PEDESTRIAN CROSSING (YIELD),Regulatory Signs,,,same code as the base pack: use Federal (MUTCD 2023)/SVGs/OVERHEAD_PEDESTRIAN_CROSSING_YIELD_R1-9.svg (was: scaled from the dimensioned R1-9 drawing (thumbnail)),Original PDFs/shsd-2012-section1.pdf#page=11
R1-9,OVERHEAD PEDESTRIAN CROSSING (YIELD),Regulatory Signs,,,same code as the base pack: use Federal (MUTCD 2023)/SVGs/OVERHEAD_PEDESTRIAN_CROSSING_YIELD_R1-9.svg (was: scaled from the dimensioned R1-9 drawing (thumbnail)),Original PDFs/shsd-2012-section1.pdf#page=11
R2-1,SPEED LIMIT,Regulatory Signs,,,same code as the base pack: use Federal (MUTCD 2023)/SVGs/SPEED_LIMIT_R2-1.svg (was: size 24 in: conventional-road row for R2-1 in the 2004/2012 sheets (2024 table has no marker)),Original PDFs/shsd-2012-section1.pdf#page=12
R2-1T,TEXAS,Regulatory Signs,TEXAS_R2-1T.svg,30.0x36.0 in,"size 30 in: smallest table row (no conventional-road marker, no earlier edition of this code) — check",Original PDFs/shsd-2012-section1.pdf#page=13
R2-4P,,Regulatory Signs,,,same code as the base pack: use Federal (MUTCD 2023)/SVGs/MINIMUM_SPEED_LIMIT_PLAQUE_R2-4P.svg (was: no size table or width dimension read; drawn at page scale (1 pt = 0.1 in)),Original PDFs/shsd-2012-section1.pdf#page=14
R2-4a,COMBINED SPEED LIMIT,Regulatory Signs,,,same code as the base pack: use Federal (MUTCD 2023)/SVGs/COMBINED_MAXIMUM_AND_MINIMUM_SPEED_LIMITS_R2-4a.svg (was: no size table or width dimension read; drawn at page scale (1 pt = 0.1 in)),Original PDFs/shsd-2012-section1.pdf#page=15
R2-4cT,MAX LEGAL SPEED,Regulatory Signs,MAX_LEGAL_SPEED_R2-4cT.svg,24.0x11.2 in,"size 24 in: smallest table row (no conventional-road marker, no earlier edition of this code) — check",Original PDFs/shsd-2012-section1.pdf#page=16
R2-5P,UNLESS OTHERWISE POSTED,Regulatory Signs,,,"same code as the base pack: use Federal (MUTCD 2023)/SVGs/UNLESS_OTHERWISE_POSTED_PLAQUE_R2-5P.svg (was: size 24 in: smallest table row (no conventional-road marker, no earlier edition of this code) — check)",Original PDFs/shsd-2012-section1.pdf#page=16
R2-5aP,CITYWIDE,Regulatory Signs,,,"same code as the base pack: use Federal (MUTCD 2023)/SVGs/CITYWIDE_PLAQUE_R2-5aP.svg (was: size 24 in: smallest table row (no conventional-road marker, no earlier edition of this code) — check)",Original PDFs/shsd-2012-section1.pdf#page=17
R2-5bP,NEIGHBORHOOD,Regulatory Signs,,,"same code as the base pack: use Federal (MUTCD 2023)/SVGs/NEIGHBORHOOD_PLAQUE_R2-5bP.svg (was: size 24 in: smallest table row (no conventional-road marker, no earlier edition of this code) — check)",Original PDFs/shsd-2012-section1.pdf#page=17
R2-5cP,,Regulatory Signs,,,"same code as the base pack: use Federal (MUTCD 2023)/SVGs/RESIDENTIAL_PLAQUE_R2-5cP.svg (was: size 24 in: smallest table row (no conventional-road marker, no earlier edition of this code) — check)",Original PDFs/shsd-2012-section1.pdf#page=18
R3-1,No Right Turn (Symbol),Regulatory Signs,,,same code as the base pack: use Federal (MUTCD 2023)/SVGs/MOVEMENT_PROHIBITION_NO_RIGHT_TURN_R3-1.svg (was: no size table or width dimension read; drawn at page scale (1 pt = 0.1 in)),Original PDFs/shsd-2012-section1.pdf#page=19
R3-1a,NO RIGHT TURN ACROSS TRACKS,Regulatory Signs,,,"same code as the base pack: use Federal (MUTCD 2023)/SVGs/NO_RIGHT_TURN_ACROSS_TRACKS_ACTIVATED_BLANK_OUT_R3-1a.svg (was: size 24 in: smallest table row (no conventional-road marker, no earlier edition of this code) — check)",Original PDFs/shsd-2012-section1.pdf#page=20
R3-2,for arrow design,Regulatory Signs,,,same code as the base pack: use Federal (MUTCD 2023)/SVGs/MOVEMENT_PROHIBITION_NO_LEFT_TURN_R3-2.svg (was: no size table or width dimension read; drawn at page scale (1 pt = 0.1 in)),Original PDFs/shsd-2012-section1.pdf#page=21
R3-2a,NO LEFT TURN ACROSS TRACKS,Regulatory Signs,,,"same code as the base pack: use Federal (MUTCD 2023)/SVGs/NO_LEFT_TURN_ACROSS_TRACKS_ACTIVATED_BLANK_OUT_R3-2a.svg (was: size 24 in: smallest table row (no conventional-road marker, no earlier edition of this code) — check)",Original PDFs/shsd-2012-section1.pdf#page=22
R3-3,NO TURNS,Regulatory Signs,,,same code as the base pack: use Federal (MUTCD 2023)/SVGs/MOVEMENT_PROHIBITION_NO_TURNS_R3-3.svg (was: no size table or width dimension read; drawn at page scale (1 pt = 0.1 in)),Original PDFs/shsd-2012-section1.pdf#page=23
R3-4,,Regulatory Signs,,,same code as the base pack: use Federal (MUTCD 2023)/SVGs/MOVEMENT_PROHIBITION_NO_U_TURN_R3-4.svg (was: no size table or width dimension read; drawn at page scale (1 pt = 0.1 in)),Original PDFs/shsd-2012-section1.pdf#page=24
R3-5R,TEXAS,Regulatory Signs,,,"same code as the base pack: use Federal (MUTCD 2023)/SVGs/MANDATORY_MOVEMENT_LANE_CONTROL_TURN_ONLY_R3-5R.svg (was: size 30 in: smallest table row (no conventional-road marker, no earlier edition of this code) — check)",Original PDFs/shsd-2012-section1.pdf#page=25
R3-5L,TEXAS,Regulatory Signs,,,"same code as the base pack: use Federal (MUTCD 2023)/SVGs/MANDATORY_MOVEMENT_LANE_CONTROL_TURN_ONLY_R3-5L.svg (was: size 30 in: smallest table row (no conventional-road marker, no earlier edition of this code) — check)",Original PDFs/shsd-2012-section1.pdf#page=25
R3-5a,,Regulatory Signs,,,same code as the base pack: use Federal (MUTCD 2023)/SVGs/MANDATORY_MOVEMENT_LANE_CONTROL_THROUGH_ONLY_R3-5a.svg (was: no size table or width dimension read; drawn at page scale (1 pt = 0.1 in)),Original PDFs/shsd-2012-section1.pdf#page=26
R3-5bP,,Regulatory Signs,,,same code as the base pack: use Federal (MUTCD 2023)/SVGs/LEFT_LANE_PLAQUE_R3-5bP.svg (was: no size table or width dimension read; drawn at page scale (1 pt = 0.1 in)),Original PDFs/shsd-2012-section1.pdf#page=27
R3-5cP,,Regulatory Signs,,,same code as the base pack: use Federal (MUTCD 2023)/SVGs/HOV_2_PLAQUE_R3-5cP.svg (was: no size table or width dimension read; drawn at page scale (1 pt = 0.1 in)),Original PDFs/shsd-2012-section1.pdf#page=27
R3-5hTP,TEXAS,Regulatory Signs,TEXAS_R3-5hTP.svg,24.0x6.3 in,"size 24 in: smallest table row (no conventional-road marker, no earlier edition of this code) — check",Original PDFs/shsd-2012-section1.pdf#page=28
R3-6L,,Regulatory Signs,,,same code as the base pack: use Federal (MUTCD 2023)/SVGs/OPTIONAL_MOVEMENT_LANE_CONTROL_THRU_AND_TURN_R3-6L.svg (was: scale from the drawing's overall width dimension (30.0 in)),Original PDFs/shsd-2012-section1.pdf#page=29
R3-6R,,Regulatory Signs,,,same code as the base pack: use Federal (MUTCD 2023)/SVGs/OPTIONAL_MOVEMENT_LANE_CONTROL_THRU_AND_TURN_R3-6R.svg (was: scaled from the dimensioned R3-6L drawing (thumbnail)),Original PDFs/shsd-2012-section1.pdf#page=29
R3-7R,TEXAS,Regulatory Signs,,,same code as the base pack: use Federal (MUTCD 2023)/SVGs/RIGHT_LANE_MUST_TURN_RIGHT_R3-7R.svg (was: size 30 in: no conventional-road marker in the table and no earlier edition of this code; 30 in diamond chosen — check),Original PDFs/shsd-2012-section1.pdf#page=30
R3-7L,TEXAS,intervene/Regulatory Signs,,,same code as the base pack: use Federal (MUTCD 2023)/SVGs/LEFT_LANE_MUST_TURN_LEFT_R3-7L.svg (was: R3-7L is not drawn on the sheet and R3-7R carries an outlined legend that cannot be mirrored automatically),Original PDFs/shsd-2012-section1.pdf#page=30
R3-8L,,Regulatory Signs,,,same code as the base pack: use Federal (MUTCD 2023)/SVGs/ADVANCE_INTERSECTION_LANE_CONTROL_2_LANES_R3-8L.svg (was: size 30 in: conventional-road row for R3-8 in the 2004/2012 sheets (2024 table has no marker)),Original PDFs/shsd-2012-section1.pdf#page=31
R3-8R,,Regulatory Signs,,,same code as the base pack: use Federal (MUTCD 2023)/SVGs/ADVANCE_INTERSECTION_LANE_CONTROL_2_LANES_R3-8R.svg (was: size 30 in: conventional-road row for R3-8 in the 2004/2012 sheets (2024 table has no marker)),Original PDFs/shsd-2012-section1.pdf#page=31
R3-8a,,Regulatory Signs,,,same code as the base pack: use Federal (MUTCD 2023)/SVGs/ADVANCE_INTERSECTION_LANE_CONTROL_R3-8a.svg (was: size 48 in: conventional-road row for R3-8a in the 2004/2012 sheets (2024 table has no marker)),Original PDFs/shsd-2012-section1.pdf#page=32
R3-8b,,Regulatory Signs,,,same code as the base pack: use Federal (MUTCD 2023)/SVGs/ADVANCE_INTERSECTION_LANE_CONTROL_3_LANES_R3-8b.svg (was: size 48 in: conventional-road row for R3-8b in the 2004/2012 sheets (2024 table has no marker)),Original PDFs/shsd-2012-section1.pdf#page=33
R3-8cT,TEXAS,Regulatory Signs,TEXAS_R3-8cT.svg,30.0x30.0 in,scale from the drawing's overall width dimension (30.0 in),Original PDFs/shsd-2012-section1.pdf#page=34
R3-8uT,,Regulatory Signs,SIGN_R3-8uT.svg,24.0x28.8 in,"size 24 in: smallest table row (no conventional-road marker, no earlier edition of this code) — check",Original PDFs/shsd-2012-section1.pdf#page=40
R3-9a,,Regulatory Signs,,,same code as the base pack: use Federal (MUTCD 2023)/SVGs/TWO_WAY_LEFT_TURN_ONLY_OVERHEAD_R3-9a.svg (was: scale from the drawing's overall width dimension (30.0 in)),Original PDFs/shsd-2012-section1.pdf#page=41
R3-9b,,Regulatory Signs,,,same code as the base pack: use Federal (MUTCD 2023)/SVGs/TWO_WAY_LEFT_TURN_ONLY_POST_MOUNTED_R3-9b.svg (was: no size table or width dimension read; drawn at page scale (1 pt = 0.1 in)),Original PDFs/shsd-2012-section1.pdf#page=42
R3-9dP,TEXAS,Regulatory Signs,,,"same code as the base pack: use Federal (MUTCD 2023)/SVGs/END_PLAQUE_R3-9dP.svg (was: size 24 in: smallest table row (no conventional-road marker, no earlier edition of this code) — check)",Original PDFs/shsd-2012-section1.pdf#page=43
R3-9cP,BEGIN,Regulatory Signs,,,"same code as the base pack: use Federal (MUTCD 2023)/SVGs/BEGIN_PLAQUE_R3-9cP.svg (was: size 24 in: smallest table row (no conventional-road marker, no earlier edition of this code) — check)",Original PDFs/shsd-2012-section1.pdf#page=43
R3-9e,EXCLUSION,Regulatory Signs,,,same code as the base pack: use Federal (MUTCD 2023)/SVGs/REVERSIBLE_LANE_CONTROL_OVERHEAD_R3-9e.svg (was: scale from the drawing's overall width dimension (17.333 in)),Original PDFs/shsd-2012-section1.pdf#page=44
R3-9f,Reversible Lane Control (post-mounted),Regulatory Signs,,,"same code as the base pack: use Federal (MUTCD 2023)/SVGs/REVERSIBLE_LANE_CONTROL_POST_MOUNTED_R3-9f.svg (was: size 30 in: smallest table row (no conventional-road marker, no earlier edition of this code) — check)",Original PDFs/shsd-2012-section1.pdf#page=45
R3-9g,END REVERSE LANE XXX FEET,Regulatory Signs,,,same code as the base pack: use Federal (MUTCD 2023)/SVGs/ADVANCE_REVERSIBLE_LANE_CONTROL_TRANSITION_2_R3-9g.svg (was: scale from the drawing's overall width dimension (108.0 in)),Original PDFs/shsd-2012-section1.pdf#page=46
R3-9g,END REVERSE LANE XXX FEET,Regulatory Signs,,,same code as the base pack: use Federal (MUTCD 2023)/SVGs/ADVANCE_REVERSIBLE_LANE_CONTROL_TRANSITION_2_R3-9g.svg (was: scaled from the dimensioned R3-9g drawing (thumbnail)),Original PDFs/shsd-2012-section1.pdf#page=46
R3-9i,,Regulatory Signs,,,same code as the base pack: use Federal (MUTCD 2023)/SVGs/END_REVERSE_LANE_R3-9i.svg (was: scale from the drawing's overall width dimension (18.5 in)),Original PDFs/shsd-2012-section1.pdf#page=47
R3-9h,BEGIN REVERSE LANE XXX FEET,Regulatory Signs,,,same code as the base pack: use Federal (MUTCD 2023)/SVGs/ADVANCE_REVERSIBLE_LANE_CONTROL_TRANSITION_R3-9h.svg (was: scale from the drawing's overall width dimension (108.0 in)),Original PDFs/shsd-2012-section1.pdf#page=47
R3-9h,BEGIN REVERSE LANE XXX FEET,Regulatory Signs,,,same code as the base pack: use Federal (MUTCD 2023)/SVGs/ADVANCE_REVERSIBLE_LANE_CONTROL_TRANSITION_R3-9h.svg (was: scaled from the dimensioned R3-9h drawing (thumbnail)),Original PDFs/shsd-2012-section1.pdf#page=47
R3-17,BIKE LANE (with Symbol),Regulatory Signs,,,"same code as the base pack: use Federal (MUTCD 2023)/SVGs/BIKE_LANE_R3-17.svg (was: size 24 in: smallest table row (no conventional-road marker, no earlier edition of this code) — check)",Original PDFs/shsd-2012-section1.pdf#page=48
R3-17bP,,Regulatory Signs,,,"same code as the base pack: use Federal (MUTCD 2023)/SVGs/ENDS_PLAQUE_R3-17bP.svg (was: size 24 in: smallest table row (no conventional-road marker, no earlier edition of this code) — check)",Original PDFs/shsd-2012-section1.pdf#page=49
R3-17aP,AHEAD (Plaque),Regulatory Signs,,,"same code as the base pack: use Federal (MUTCD 2023)/SVGs/AHEAD_PLAQUE_R3-17aP.svg (was: size 24 in: smallest table row (no conventional-road marker, no earlier edition of this code) — check)",Original PDFs/shsd-2012-section1.pdf#page=49
R3-18,,Regulatory Signs,,,same code as the base pack: use Federal (MUTCD 2023)/SVGs/MOVEMENT_PROHIBITION_NO_U_OR_LEFT_TURN_R3-18.svg (was: size 24 in: conventional-road row for R3-18 in the 2004/2012 sheets (2024 table has no marker)),Original PDFs/shsd-2012-section1.pdf#page=50
R3-20L,,Regulatory Signs,,,same code as the base pack: use Federal (MUTCD 2023)/SVGs/BEGIN_LEFT_TURN_LANE_R3-20L.svg (was: no size table or width dimension read; drawn at page scale (1 pt = 0.1 in)),Original PDFs/shsd-2012-section1.pdf#page=51
R3-20R,,Regulatory Signs,,,same code as the base pack: use Federal (MUTCD 2023)/SVGs/BEGIN_RIGHT_TURN_LANE_R3-20R.svg (was: mirrored from R3-20L (not drawn separately on the sheet)),Original PDFs/shsd-2012-section1.pdf#page=51
R3-23,ALL TURNS FROM RIGHT LANE,Regulatory Signs,,,same code as the base pack: use Federal (MUTCD 2023)/SVGs/ALL_TURNS_FROM_RIGHT_LANE_R3-23.svg (was: scale from the drawing's overall width dimension (7.0 in)),Original PDFs/shsd-2012-section1.pdf#page=52
R3-23a,U TURN FROM RIGHT LANE,Regulatory Signs,,,same code as the base pack: use Federal (MUTCD 2023)/SVGs/U_TURN_FROM_RIGHT_LANE_R3-23a.svg (was: no dimension of its own; drawn to the same size as R3-23 on the sheet — check),Original PDFs/shsd-2012-section1.pdf#page=52
R3-24a,,Regulatory Signs,,,same code as the base pack: use Federal (MUTCD 2023)/SVGs/U_AND_LEFT_TURNS_DIRECTIONAL_OBLIQUE_R3-24a.svg (was: scale from the drawing's overall width dimension (20.708 in)),Original PDFs/shsd-2012-section1.pdf#page=53
R3-24b,,Regulatory Signs,,,same code as the base pack: use Federal (MUTCD 2023)/SVGs/U_TURN_DIRECTIONAL_OBLIQUE_R3-24b.svg (was: scale from the drawing's overall height dimension (10.254 in)),Original PDFs/shsd-2012-section1.pdf#page=53
R3-24,,Regulatory Signs,,,same code as the base pack: use Federal (MUTCD 2023)/SVGs/ALL_TURNS_DIRECTIONAL_OBLIQUE_R3-24.svg (was: no dimension of its own; drawn to the same size as R3-24b on the sheet — check),Original PDFs/shsd-2012-section1.pdf#page=53
R3-25a,,Regulatory Signs,,,same code as the base pack: use Federal (MUTCD 2023)/SVGs/U_AND_LEFT_TURNS_DIRECTIONAL_R3-25a.svg (was: scale from the drawing's overall width dimension (20.708 in)),Original PDFs/shsd-2012-section1.pdf#page=54
R3-25,,Regulatory Signs,,,same code as the base pack: use Federal (MUTCD 2023)/SVGs/ALL_TURNS_DIRECTIONAL_R3-25.svg (was: scale from the drawing's overall width dimension (27.573 in)),Original PDFs/shsd-2012-section1.pdf#page=54
R3-25b,,Regulatory Signs,,,same code as the base pack: use Federal (MUTCD 2023)/SVGs/U_TURN_DIRECTIONAL_R3-25b.svg (was: no dimension of its own; drawn to the same size as R3-25 on the sheet — check),Original PDFs/shsd-2012-section1.pdf#page=54
R3-26,,Regulatory Signs,,,same code as the base pack: use Federal (MUTCD 2023)/SVGs/U_AND_LEFT_TURNS_DIRECTIONAL_THROUGH_R3-26.svg (was: scale from the drawing's overall width dimension (12.578 in)),Original PDFs/shsd-2012-section1.pdf#page=55
R3-27,TEXAS,Regulatory Signs,,,"same code as the base pack: use Federal (MUTCD 2023)/SVGs/MOVEMENT_PROHIBITION_NO_STRAIGHT_THROUGH_R3-27.svg (was: size 24 in: smallest table row (no conventional-road marker, no earlier edition of this code) — check)",Original PDFs/shsd-2012-section1.pdf#page=56
R3-33R,RIGHT LANE MUST EXIT,Regulatory Signs,,,same code as the base pack: use Federal (MUTCD 2023)/SVGs/RIGHT_LANE_MUST_EXIT_R3-33R.svg (was: scale from the drawing's overall height dimension (6.0 in)),Original PDFs/shsd-2012-section1.pdf#page=57
R3-33L,LEFT LANE MUST EXIT,Regulatory Signs,,,same code as the base pack: use Federal (MUTCD 2023)/SVGs/LEFT_LANE_MUST_EXIT_R3-33L.svg (was: scaled from the dimensioned R3-33R drawing (thumbnail)),Original PDFs/shsd-2012-section1.pdf#page=57
R3-33TR,RIGHT LANE MUST EXIT,Regulatory Signs,RIGHT_LANE_MUST_EXIT_R3-33TR.svg,48.0x48.0 in,scale from the drawing's overall width dimension (48.0 in),Original PDFs/shsd-2012-section1.pdf#page=58
R3-33TL,LEFT LANE MUST EXIT,Regulatory Signs,LEFT_LANE_MUST_EXIT_R3-33TL.svg,48.0x48.0 in,scaled from the dimensioned R3-33TR drawing (thumbnail),Original PDFs/shsd-2012-section1.pdf#page=58
R3-33aTL,LEFT LANE MUST ENTER RAMP,Regulatory Signs,LEFT_LANE_MUST_ENTER_RAMP_R3-33aTL.svg,48.0x48.0 in,scale from the drawing's overall width dimension (48.0 in),Original PDFs/shsd-2012-section1.pdf#page=59
R3-33bTR,RIGHT LANE MUST ENTER FRWY,Regulatory Signs,RIGHT_LANE_MUST_ENTER_FRWY_R3-33bTR.svg,48.0x48.0 in,no dimension of its own; drawn to the same size as R3-33aTL on the sheet — check,Original PDFs/shsd-2012-section1.pdf#page=59
R3-33bTL,LEFT LANE MUST ENTER FRWY,intervene/Regulatory Signs,LEFT_LANE_MUST_ENTER_FRWY_R3-33bTL.svg,48.0x48.0 in,R3-33bTL is not drawn on the sheet and R3-33bTR carries an outlined legend that cannot be mirrored automatically,Original PDFs/shsd-2012-section1.pdf#page=59
R3-33aTR,RIGHT LANE MUST ENTER RAMP,intervene/Regulatory Signs,RIGHT_LANE_MUST_ENTER_RAMP_R3-33aTR.svg,48.0x48.0 in,R3-33aTR is not drawn on the sheet and R3-33aTL carries an outlined legend that cannot be mirrored automatically,Original PDFs/shsd-2012-section1.pdf#page=59
R3-33cT,,Regulatory Signs,SIGN_R3-33cT.svg,48.0x60.4 in,scale from the drawing's overall width dimension (48.0 in),Original PDFs/shsd-2012-section1.pdf#page=60
R4-1,DO NOT PASS,Regulatory Signs,,,same code as the base pack: use Federal (MUTCD 2023)/SVGs/DO_NOT_PASS_R4-1.svg (was: size 24 in: conventional-road row for R4-1 in the 2004/2012 sheets (2024 table has no marker)),Original PDFs/shsd-2012-section1.pdf#page=61
R4-2,PASS WITH CARE,Regulatory Signs,,,same code as the base pack: use Federal (MUTCD 2023)/SVGs/PASS_WITH_CARE_R4-2.svg (was: size 24 in: conventional-road row for R4-2 in the 2004/2012 sheets (2024 table has no marker)),Original PDFs/shsd-2012-section1.pdf#page=62
R4-2aT,LEFT LANE FOR PASSING ONLY,Regulatory Signs,LEFT_LANE_FOR_PASSING_ONLY_R4-2aT.svg,29.6x44.9 in,no size table or width dimension read; drawn at page scale (1 pt = 0.1 in),Original PDFs/shsd-2012-section1.pdf#page=63
R4-3,SLOWER TRAFFIC KEEP RIGHT,Regulatory Signs,,,same code as the base pack: use Federal (MUTCD 2023)/SVGs/SLOWER_TRAFFIC_KEEP_RIGHT_R4-3.svg (was: size 24 in: conventional-road row for R4-3 in the 2004/2012 sheets (2024 table has no marker)),Original PDFs/shsd-2012-section1.pdf#page=64
R4-3bT,DO NOT CROSS DOUBLE WHITE LINE,Regulatory Signs,DO_NOT_CROSS_DOUBLE_WHITE_LINE_R4-3bT.svg,36.0x36.0 in,"size 36 in: smallest table row (no conventional-road marker, no earlier edition of this code) — check",Original PDFs/shsd-2012-section1.pdf#page=65
R4-4,ARROW,Regulatory Signs,,,same code as the base pack: use Federal (MUTCD 2023)/SVGs/BEGIN_RIGHT_TURN_LANE_YIELD_TO_BIKES_R4-4.svg (was: scale from the drawing's overall width dimension (36.0 in)),Original PDFs/shsd-2012-section1.pdf#page=66
R4-5aT,NO TRUCKS LEFT LANE,Regulatory Signs,NO_TRUCKS_LEFT_LANE_R4-5aT.svg,48.0x59.0 in,scale from the drawing's overall width dimension (48.0 in),Original PDFs/shsd-2012-section1.pdf#page=67
R4-5bT,BEGIN NO TRUCKS LEFT LANE,Regulatory Signs,BEGIN_NO_TRUCKS_LEFT_LANE_R4-5bT.svg,48.0x72.8 in,scale from the drawing's overall width dimension (48.0 in),Original PDFs/shsd-2012-section1.pdf#page=68
R4-5cT,END NO TRUCKS LEFT LANE,Regulatory Signs,END_NO_TRUCKS_LEFT_LANE_R4-5cT.svg,48.0x72.8 in,scale from the drawing's overall width dimension (48.0 in),Original PDFs/shsd-2012-section1.pdf#page=69
R4-7,Keep Right (Symbol),Regulatory Signs,,,same code as the base pack: use Federal (MUTCD 2023)/SVGs/KEEP_RIGHT_R4-7.svg (was: size 24 in: conventional-road row for R4-7 in the 2004/2012 sheets (2024 table has no marker)),Original PDFs/shsd-2012-section1.pdf#page=70
R4-7a,,Regulatory Signs,,,same code as the base pack: use Federal (MUTCD 2023)/SVGs/KEEP_RIGHT_R4-7a.svg (was: no size table or width dimension read; drawn at page scale (1 pt = 0.1 in)),Original PDFs/shsd-2012-section1.pdf#page=71
R4-7b,,Regulatory Signs,,,same code as the base pack: use Federal (MUTCD 2023)/SVGs/KEEP_RIGHT_R4-7b.svg (was: no size table or width dimension read; drawn at page scale (1 pt = 0.1 in)),Original PDFs/shsd-2012-section1.pdf#page=72
R4-7c,,Regulatory Signs,,,same code as the base pack: use Federal (MUTCD 2023)/SVGs/NARROW_KEEP_RIGHT_R4-7c.svg (was: no size table or width dimension read; drawn at page scale (1 pt = 0.1 in)),Original PDFs/shsd-2012-section1.pdf#page=73
R4-8,for arrow design,Regulatory Signs,,,same code as the base pack: use Federal (MUTCD 2023)/SVGs/KEEP_LEFT_R4-8.svg (was: no size table or width dimension read; drawn at page scale (1 pt = 0.1 in)),Original PDFs/shsd-2012-section1.pdf#page=74
R4-8a,TEXAS,Regulatory Signs,,,"same code as the base pack: use Federal (MUTCD 2023)/SVGs/KEEP_LEFT_R4-8a.svg (was: size 18 in: smallest table row (no conventional-road marker, no earlier edition of this code) — check)",Original PDFs/shsd-2012-section1.pdf#page=75
R4-8b,TEXAS,Regulatory Signs,,,"same code as the base pack: use Federal (MUTCD 2023)/SVGs/KEEP_LEFT_R4-8b.svg (was: size 18 in: smallest table row (no conventional-road marker, no earlier edition of this code) — check)",Original PDFs/shsd-2012-section1.pdf#page=76
R4-8c,,Regulatory Signs,,,same code as the base pack: use Federal (MUTCD 2023)/SVGs/NARROW_KEEP_LEFT_R4-8c.svg (was: no size table or width dimension read; drawn at page scale (1 pt = 0.1 in)),Original PDFs/shsd-2012-section1.pdf#page=77
R4-9,STAY IN LANE,Regulatory Signs,,,same code as the base pack: use Federal (MUTCD 2023)/SVGs/STAY_IN_LANE_R4-9.svg (was: no size table or width dimension read; drawn at page scale (1 pt = 0.1 in)),Original PDFs/shsd-2012-section1.pdf#page=78
R4-10,RUNAWAY VEHICLES ONLY,Regulatory Signs,,,same code as the base pack: use Federal (MUTCD 2023)/SVGs/RUNAWAY_VEHICLES_ONLY_R4-10.svg (was: no size table or width dimension read; drawn at page scale (1 pt = 0.1 in)),Original PDFs/shsd-2012-section1.pdf#page=79
R4-11,,Regulatory Signs,,,same code as the base pack: use Federal (MUTCD 2023)/SVGs/BICYCLE_MAY_USE_FULL_LANE_R4-11.svg (was: scale from the drawing's overall width dimension (30.0 in)),Original PDFs/shsd-2012-section1.pdf#page=80
R4-12,,Regulatory Signs,,,"same code as the base pack: use Federal (MUTCD 2023)/SVGs/SLOW_VEHICLES_WITH_XX_OR_MORE_FOLLOWING_VEHICLES_MUST_USE_TURN_OUT_R4-12.svg (was: size 1.75 in: smallest table row (no conventional-road marker, no earlier edition of this code) — check)",Original PDFs/shsd-2012-section1.pdf#page=81
R4-13,SLOW VEHICLES MUST USE TURN-OUT AHEAD,Regulatory Signs,,,same code as the base pack: use Federal (MUTCD 2023)/SVGs/SLOW_VEHICLES_MUST_USE_TURN_OUT_AHEAD_R4-13.svg (was: scale from the drawing's overall width dimension (42.0 in)),Original PDFs/shsd-2012-section1.pdf#page=82
R4-14,TEXAS,Regulatory Signs,,,same code as the base pack: use Federal (MUTCD 2023)/SVGs/SLOW_VEHICLES_MUST_TURN_OUT_R4-14.svg (was: scale from the drawing's overall width dimension (7.866 in)),Original PDFs/shsd-2012-section1.pdf#page=83
R4-17,,Regulatory Signs,,,same code as the base pack: use Federal (MUTCD 2023)/SVGs/DO_NOT_DRIVE_ON_SHOULDER_R4-17.svg (was: size 18 in: conventional-road row for R4-17 in the 2004/2012 sheets (2024 table has no marker)),Original PDFs/shsd-2012-section1.pdf#page=84
R4-18,DO NOT PASS ON SHOULDER,Regulatory Signs,,,"same code as the base pack: use Federal (MUTCD 2023)/SVGs/DO_NOT_PASS_ON_SHOULDER_R4-18.svg (was: size 18 in: smallest table row (no conventional-road marker, no earlier edition of this code) — check)",Original PDFs/shsd-2012-section1.pdf#page=85
R5-1,DO NOT ENTER,Regulatory Signs,,,same code as the base pack: use Federal (MUTCD 2023)/SVGs/DO_NOT_ENTER_R5-1.svg (was: no size table or width dimension read; drawn at page scale (1 pt = 0.1 in)),Original PDFs/shsd-2012-section1.pdf#page=86
R5-1a,WRONG WAY,Regulatory Signs,,,same code as the base pack: use Federal (MUTCD 2023)/SVGs/WRONG_WAY_R5-1a.svg (was: size 36 in: conventional-road row for R5-1a in the 2004/2012 sheets (2024 table has no marker)),Original PDFs/shsd-2012-section1.pdf#page=87
R5-1TP,WRONG WAY,Regulatory Signs,WRONG_WAY_R5-1TP.svg,30.0x11.0 in,"size 30 in: smallest table row (no conventional-road marker, no earlier edition of this code) — check",Original PDFs/shsd-2012-section1.pdf#page=87
R5-1b,WRONG WAY (with Bicycle Symbol),Regulatory Signs,,,same code as the base pack: use Federal (MUTCD 2023)/SVGs/BICYCLE_WRONG_WAY_R5-1b.svg (was: scale from the drawing's overall width dimension (12.0 in)),Original PDFs/shsd-2012-section1.pdf#page=88
R5-2,,Regulatory Signs,,,same code as the base pack: use Federal (MUTCD 2023)/SVGs/NO_TRUCKS_R5-2.svg (was: no size table or width dimension read; drawn at page scale (1 pt = 0.1 in)),Original PDFs/shsd-2012-section1.pdf#page=89
R5-2a,,Regulatory Signs,,,same code as the base pack: use Federal (MUTCD 2023)/SVGs/NO_TRUCKS_R5-2a.svg (was: no size table or width dimension read; drawn at page scale (1 pt = 0.1 in)),Original PDFs/shsd-2012-section1.pdf#page=90
R5-3,NO MOTOR VEHICLES,Regulatory Signs,,,same code as the base pack: use Federal (MUTCD 2023)/SVGs/NO_MOTOR_VEHICLES_R5-3.svg (was: no size table or width dimension read; drawn at page scale (1 pt = 0.1 in)),Original PDFs/shsd-2012-section1.pdf#page=91
R5-4,NO COMMERCIAL VEHICLES,Regulatory Signs,,,same code as the base pack: use Federal (MUTCD 2023)/SVGs/NO_COMMERCIAL_VEHICLES_R5-4.svg (was: size 24 in: conventional-road row for R5-4 in the 2004/2012 sheets (2024 table has no marker)),Original PDFs/shsd-2012-section1.pdf#page=92
R5-4aT,NO ENGINE BRAKE BY CITY ORDINANCE,Regulatory Signs,NO_ENGINE_BRAKE_BY_CITY_ORDINANCE_R5-4aT.svg,36.0x48.4 in,scale from the drawing's overall width dimension (36.0 in),Original PDFs/shsd-2012-section1.pdf#page=93
R5-5,NO VEHICLES WITH LUGS,Regulatory Signs,,,same code as the base pack: use Federal (MUTCD 2023)/SVGs/NO_VEHICLES_WITH_LUGS_R5-5.svg (was: size 24 in: conventional-road row for R5-5 in the 2004/2012 sheets (2024 table has no marker)),Original PDFs/shsd-2012-section1.pdf#page=94
R5-6,,Regulatory Signs,,,same code as the base pack: use Federal (MUTCD 2023)/SVGs/NO_BICYCLES_R5-6.svg (was: size 24 in: conventional-road row for R5-6 in the 2004/2012 sheets (2024 table has no marker)),Original PDFs/shsd-2012-section1.pdf#page=95
R5-7,NO NON-MOTORIZED TRAFFIC,Regulatory Signs,,,same code as the base pack: use Federal (MUTCD 2023)/SVGs/NO_NON_MOTORIZED_TRAFFIC_R5-7.svg (was: size 30 in: conventional-road row for R5-7 in the 2004/2012 sheets (2024 table has no marker)),Original PDFs/shsd-2012-section1.pdf#page=96
R5-8,NO MOTOR-DRIVEN CYCLES,Regulatory Signs,,,same code as the base pack: use Federal (MUTCD 2023)/SVGs/NO_MOTOR_DRIVEN_CYCLES_R5-8.svg (was: size 30 in: conventional-road row for R5-8 in the 2004/2012 sheets (2024 table has no marker)),Original PDFs/shsd-2012-section1.pdf#page=97
R5-10a,NO PEDESTRIANS BICYCLES MOTOR - DRIVEN CYCLES,Regulatory Signs,,,same code as the base pack: use Federal (MUTCD 2023)/SVGs/NO_PEDESTRIANS_BICYCLES_R5-10a.svg (was: scale from the drawing's overall width dimension (30.0 in)),Original PDFs/shsd-2012-section1.pdf#page=98
R5-10b,NO PEDESTRIANS OR BICYCLES,Regulatory Signs,,,same code as the base pack: use Federal (MUTCD 2023)/SVGs/NO_PEDESTRIANS_OR_BICYCLES_R5-10b.svg (was: scale from the drawing's overall width dimension (30.0 in)),Original PDFs/shsd-2012-section1.pdf#page=99
R5-10c,NO PEDESTRIANS,Regulatory Signs,,,same code as the base pack: use Federal (MUTCD 2023)/SVGs/NO_PEDESTRIANS_R5-10c.svg (was: scale from the drawing's overall width dimension (24.0 in)),Original PDFs/shsd-2012-section1.pdf#page=99
R5-11T,FOR OFFICIAL OR EMERGENCY VEHICLE USE ONLY,Regulatory Signs,FOR_OFFICIAL_OR_EMERGENCY_VEHICLE_USE_ONLY_R5-11T.svg,30.0x30.0 in,size 30 in: no conventional-road marker in the table and no earlier edition of this code; 30 in diamond chosen — check,Original PDFs/shsd-2012-section1.pdf#page=100
R6-1L,,Regulatory Signs,,,same code as the base pack: use Federal (MUTCD 2023)/SVGs/ONE_WAY_R6-1L.svg (was: no size table or width dimension read; drawn at page scale (1 pt = 0.1 in)),Original PDFs/shsd-2012-section1.pdf#page=101
R6-1R,,Regulatory Signs,,,same code as the base pack: use Federal (MUTCD 2023)/SVGs/ONE_WAY_R6-1R.svg (was: size 36 in: conventional-road row for R6-1 in the 2004/2012 sheets (2024 table has no marker)),Original PDFs/shsd-2012-section1.pdf#page=101
R6-2R,,Regulatory Signs,,,same code as the base pack: use Federal (MUTCD 2023)/SVGs/ONE_WAY_R6-2R.svg (was: size 24 in: conventional-road row for R6-2 in the 2004/2012 sheets (2024 table has no marker)),Original PDFs/shsd-2012-section1.pdf#page=102
R6-2L,,Regulatory Signs,,,same code as the base pack: use Federal (MUTCD 2023)/SVGs/ONE_WAY_R6-2L.svg (was: scaled from the dimensioned R6-2R drawing (thumbnail)),Original PDFs/shsd-2012-section1.pdf#page=102
R6-3,DIVIDED HIGHWAY (with Symbol),Regulatory Signs,,,same code as the base pack: use Federal (MUTCD 2023)/SVGs/DIVIDED_HIGHWAY_CROSSING_R6-3.svg (was: size 30 in: conventional-road row for R6-3 in the 2004/2012 sheets (2024 table has no marker)),Original PDFs/shsd-2012-section1.pdf#page=103
R6-3a,,Regulatory Signs,,,same code as the base pack: use Federal (MUTCD 2023)/SVGs/DIVIDED_HIGHWAY_CROSSING_R6-3a.svg (was: size 30 in: conventional-road row for R6-3a in the 2004/2012 sheets (2024 table has no marker)),Original PDFs/shsd-2012-section1.pdf#page=104
R6-5P,CL SIGN,Regulatory Signs,,,same code as the base pack: use Federal (MUTCD 2023)/SVGs/ROUNDABOUT_CIRCULATION_PLAQUE_R6-5P.svg (was: scale from the drawing's overall width dimension (30.0 in)),Original PDFs/shsd-2012-section1.pdf#page=106
R6-6,BEGIN ONE WAY,Regulatory Signs,,,"same code as the base pack: use Federal (MUTCD 2023)/SVGs/BEGIN_ONE_WAY_R6-6.svg (was: size 24 in: smallest table row (no conventional-road marker, no earlier edition of this code) — check)",Original PDFs/shsd-2012-section1.pdf#page=107
R6-7,END ONE WAY,Regulatory Signs,,,"same code as the base pack: use Federal (MUTCD 2023)/SVGs/END_ONE_WAY_R6-7.svg (was: size 24 in: smallest table row (no conventional-road marker, no earlier edition of this code) — check)",Original PDFs/shsd-2012-section1.pdf#page=108
"R7-1L(R,DBL)",,Parking Signs,SIGN_R7-1LR-DBL.svg,16.8x25.8 in,no size table or width dimension read; drawn at page scale (1 pt = 0.1 in),Original PDFs/shsd-2012-section1.pdf#page=109
"R7-2aR(L,DBL)",,Parking Signs,SIGN_R7-2aRL-DBL.svg,16.8x25.8 in,no size table or width dimension read; drawn at page scale (1 pt = 0.1 in),Original PDFs/shsd-2012-section1.pdf#page=109
R7-2,,Parking Signs,,,same code as the base pack: use Federal (MUTCD 2023)/SVGs/NO_PARKING_PART_TIME_R7-2.svg (was: no size table or width dimension read; drawn at page scale (1 pt = 0.1 in)),Original PDFs/shsd-2012-section1.pdf#page=109
"R7-4DBL(L,R)",,Parking Signs,SIGN_R7-4DBLL-R.svg,16.8x25.8 in,no size table or width dimension read; drawn at page scale (1 pt = 0.1 in),Original PDFs/shsd-2012-section1.pdf#page=110
"R7-3DBL(L,R)",,Parking Signs,SIGN_R7-3DBLL-R.svg,16.8x25.8 in,no size table or width dimension read; drawn at page scale (1 pt = 0.1 in),Original PDFs/shsd-2012-section1.pdf#page=110
"R7-7DBL(L,R)",,Parking Signs,SIGN_R7-7DBLL-R.svg,12.0x18.2 in,scale from the drawing's overall width dimension (12.0 in),Original PDFs/shsd-2012-section1.pdf#page=111
"R7-6DBL(L,R)",,Parking Signs,SIGN_R7-6DBLL-R.svg,12.0x18.4 in,"no dimension of its own; drawn to the same size as R7-7DBL (L,R) on the sheet — check",Original PDFs/shsd-2012-section1.pdf#page=111
"R7-5DBL(L,R)",,Parking Signs,SIGN_R7-5DBLL-R.svg,12.0x18.4 in,"no dimension of its own; drawn to the same size as R7-7DBL (L,R) on the sheet — check",Original PDFs/shsd-2012-section1.pdf#page=111
R7-8T,RESERVED PARKING (HC Symbol),Parking Signs,RESERVED_PARKING_HC_SYMBOL_R7-8T.svg,12.0x18.4 in,scale from the drawing's overall width dimension (12.0 in),Original PDFs/shsd-2012-section1.pdf#page=112
R7-8P,,Parking Signs,SIGN_R7-8P.svg,12.0x15.5 in,"size 12 in: smallest table row (no conventional-road marker, no earlier edition of this code) — check; 31 legend glyph(s) outlined from the sheet's embedded font(s)",Original PDFs/shsd-2012-section1.pdf#page=113
R7-8aPT,VIOLATORS SUBJECT TO FINE AND TOWING (Plaque),Parking Signs,VIOLATORS_SUBJECT_TO_FINE_AND_TOWING_PLAQUE_R7-8aPT.svg,18.0x8.6 in,scale from the drawing's overall width dimension (18.0 in),Original PDFs/shsd-2012-section1.pdf#page=113
R7-9,NO PARKING BIKE LANE,Parking Signs,,,same code as the base pack: use Federal (MUTCD 2023)/SVGs/NO_PARKING_BIKE_LANE_R7-9.svg (was: no size table or width dimension read; drawn at page scale (1 pt = 0.1 in)),Original PDFs/shsd-2012-section1.pdf#page=114
R7-9a,,Parking Signs,,,same code as the base pack: use Federal (MUTCD 2023)/SVGs/NO_PARKING_BIKE_LANE_R7-9a.svg (was: no size table or width dimension read; drawn at page scale (1 pt = 0.1 in)),Original PDFs/shsd-2012-section1.pdf#page=115
R7-20,UPPER RIGHT SECTION,Parking Signs,,,same code as the base pack: use Federal (MUTCD 2023)/SVGs/PARKING_FEE_STATION_MULTISPACE_METER_R7-20.svg (was: scale from the drawing's overall height dimension (15.375 in)),Original PDFs/shsd-2012-section1.pdf#page=117
"R7-21aR(L,DBL)",CL SIGN,Parking Signs,CL_SIGN_R7-21aRL-DBL.svg,71.6x92.7 in,no size table or width dimension read; drawn at page scale (1 pt = 0.1 in),Original PDFs/shsd-2012-section1.pdf#page=118
"R7-21R(L,DBL)",Pay Parking,Parking Signs,PAY_PARKING_R7-21RL-DBL.svg,71.6x92.7 in,no size table or width dimension read; drawn at page scale (1 pt = 0.1 in),Original PDFs/shsd-2012-section1.pdf#page=118
R7-22R,,Parking Signs,SIGN_R7-22R.svg,12.0x18.0 in,scale from the drawing's overall width dimension (12.0 in),Original PDFs/shsd-2012-section1.pdf#page=119
R7-22DBL,,Parking Signs,SIGN_R7-22DBL.svg,12.0x18.0 in,no dimension of its own; drawn to the same size as R7-22R on the sheet — check,Original PDFs/shsd-2012-section1.pdf#page=119
R7-22L,,Parking Signs,SIGN_R7-22L.svg,12.0x18.0 in,scaled from the dimensioned R7-22R drawing (thumbnail),Original PDFs/shsd-2012-section1.pdf#page=119
"R7-23aDBL(L,R)",,Parking Signs,SIGN_R7-23aDBLL-R.svg,7.8x11.6 in,scale from the drawing's overall width dimension (7.75 in),Original PDFs/shsd-2012-section1.pdf#page=120
"R7-23DBL(L,R)",,Parking Signs,SIGN_R7-23DBLL-R.svg,7.8x7.8 in,scale from the drawing's overall width dimension (7.75 in),Original PDFs/shsd-2012-section1.pdf#page=120
"R7-107aR(L,DBL)",,Parking Signs,SIGN_R7-107aRL-DBL.svg,16.0x41.8 in,no size table or width dimension read; drawn at page scale (1 pt = 0.1 in),Original PDFs/shsd-2012-section1.pdf#page=121
"R7-107R(L,DBL)",,Parking Signs,SIGN_R7-107RL-DBL.svg,16.2x24.9 in,no size table or width dimension read; drawn at page scale (1 pt = 0.1 in),Original PDFs/shsd-2012-section1.pdf#page=121
"R7-108DBL(L,R)",XX HR PARKING XXX-AM TO XXX PM),Parking Signs,XX_HR_PARKING_XXX_AM_TO_XXX_PM_R7-108DBLL-R.svg,20.9x32.0 in,no size table or width dimension read; drawn at page scale (1 pt = 0.1 in),Original PDFs/shsd-2012-section1.pdf#page=122
R7-111R(L),NO PARKING EXCEPT ELECTRIC VEHICLES (with Arrow),Parking Signs,NO_PARKING_EXCEPT_ELECTRIC_VEHICLES_WITH_ARROW_R7-111RL.svg,12.0x18.0 in,scale from the drawing's overall width dimension (12.0 in),Original PDFs/shsd-2012-section1.pdf#page=123
R7-111a,UPPER LEFT SECTION,Parking Signs,UPPER_LEFT_SECTION_R7-111a.svg,12.0x18.0 in,scale from the drawing's overall width dimension (12.0 in),Original PDFs/shsd-2012-section1.pdf#page=124
R7-112L(R),UPPER LEFT SECTION,Parking Signs,UPPER_LEFT_SECTION_R7-112LR.svg,12.0x18.0 in,scale from the drawing's overall width dimension (12.0 in),Original PDFs/shsd-2012-section1.pdf#page=125
R7-112a,UPPER LEFT SECTION,Parking Signs,UPPER_LEFT_SECTION_R7-112a.svg,12.0x18.0 in,scale from the drawing's overall width dimension (12.0 in),Original PDFs/shsd-2012-section1.pdf#page=126
R7-112bR(L),UPPER LEFT SECTION,Parking Signs,UPPER_LEFT_SECTION_R7-112bRL.svg,12.0x21.0 in,scale from the drawing's overall width dimension (12.0 in),Original PDFs/shsd-2012-section1.pdf#page=127
R7-113,UPPER LEFT SECTION,Parking Signs,UPPER_LEFT_SECTION_R7-113.svg,12.0x18.0 in,scale from the drawing's overall width dimension (12.0 in),Original PDFs/shsd-2012-section1.pdf#page=128
R7-113bP,CL SIGN,Parking Signs,CL_SIGN_R7-113bP.svg,12.0x6.0 in,scale from the drawing's overall width dimension (12.0 in),Original PDFs/shsd-2012-section1.pdf#page=129
R7-113aP,CL SIGN,Parking Signs,CL_SIGN_R7-113aP.svg,12.0x6.0 in,no dimension of its own; drawn to the same size as R7-113bP on the sheet — check,Original PDFs/shsd-2012-section1.pdf#page=129
R7-114L(R),UPPER LEFT SECTION,Parking Signs,UPPER_LEFT_SECTION_R7-114LR.svg,12.0x18.0 in,scale from the drawing's overall width dimension (12.0 in),Original PDFs/shsd-2012-section1.pdf#page=130
R7-114a,UPPER LEFT SECTION,Parking Signs,UPPER_LEFT_SECTION_R7-114a.svg,12.0x18.0 in,scale from the drawing's overall width dimension (12.0 in),Original PDFs/shsd-2012-section1.pdf#page=131
R7-114bR(L),UPPER LEFT SECTION,Parking Signs,UPPER_LEFT_SECTION_R7-114bRL.svg,12.0x21.0 in,scale from the drawing's overall width dimension (12.0 in),Original PDFs/shsd-2012-section1.pdf#page=132
R7-200a,NO PARKING ANY TIME  (with Arrow),Parking Signs,NO_PARKING_ANY_TIME_WITH_ARROW_R7-200a.svg,12.0x30.0 in,scale from the drawing's overall width dimension (12.0 in),Original PDFs/shsd-2012-section1.pdf#page=134
R7-202P,,Parking Signs,SIGN_R7-202P.svg,12.0x5.6 in,scale from the drawing's overall width dimension (12.0 in),Original PDFs/shsd-2012-section1.pdf#page=135
R7-201aP,,Parking Signs,SIGN_R7-201aP.svg,12.0x5.6 in,no dimension of its own; drawn to the same size as R7-202P on the sheet — check,Original PDFs/shsd-2012-section1.pdf#page=135
R7-201P(RED),Tow Away Zone (Plaque/Symbol),Parking Signs,TOW_AWAY_ZONE_PLAQUE_SYMBOL_R7-201PRED.svg,12.0x5.6 in,no dimension of its own; drawn to the same size as R7-202P on the sheet — check,Original PDFs/shsd-2012-section1.pdf#page=135
R7-201P(BLK),,Parking Signs,SIGN_R7-201PBLK.svg,12.0x5.6 in,no dimension of its own; drawn to the same size as R7-202P on the sheet — check,Original PDFs/shsd-2012-section1.pdf#page=135
R7-202bTP(GRN),BETWEEN SIGNS,Parking Signs,BETWEEN_SIGNS_R7-202bTPGRN.svg,12.0x5.6 in,scale from the drawing's overall width dimension (12.0 in),Original PDFs/shsd-2012-section1.pdf#page=136
R7-202aTP(RED),BETWEEN SIGNS,Parking Signs,BETWEEN_SIGNS_R7-202aTPRED.svg,12.0x5.6 in,no dimension of its own; drawn to the same size as R7-202bTP (GRN) on the sheet — check,Original PDFs/shsd-2012-section1.pdf#page=136
R7-202aTP(GRN),BETWEEN SIGNS,Parking Signs,BETWEEN_SIGNS_R7-202aTPGRN.svg,12.0x5.6 in,no dimension of its own; drawn to the same size as R7-202bTP (GRN) on the sheet — check,Original PDFs/shsd-2012-section1.pdf#page=136
R7-202bTP(RED),BETWEEN SIGNS,Parking Signs,BETWEEN_SIGNS_R7-202bTPRED.svg,12.0x5.6 in,no dimension of its own; drawn to the same size as R7-202bTP (GRN) on the sheet — check,Original PDFs/shsd-2012-section1.pdf#page=136
R7-203,EMERGENCY SNOW ROUTE,Parking Signs,EMERGENCY_SNOW_ROUTE_R7-203.svg,18.0x24.3 in,"size 18 in: smallest table row (no conventional-road marker, no earlier edition of this code) — check",Original PDFs/shsd-2012-section1.pdf#page=137
R8-1,NO PARKING ON PAVEMENT,Parking Signs,,,same code as the base pack: use Federal (MUTCD 2023)/SVGs/NO_PARKING_ON_PAVEMENT_R8-1.svg (was: size 24 in: conventional-road row for R8-1 in the 2004/2012 sheets (2024 table has no marker)),Original PDFs/shsd-2012-section1.pdf#page=138
R8-1bT,TEXAS,Parking Signs,TEXAS_R8-1bT.svg,31.9x39.9 in,no size table or width dimension read; drawn at page scale (1 pt = 0.1 in),Original PDFs/shsd-2012-section1.pdf#page=139
R8-2,NO PARKING EXCEPT ON SHOULDER,Parking Signs,,,same code as the base pack: use Federal (MUTCD 2023)/SVGs/NO_PARKING_EXCEPT_ON_SHOULDER_R8-2.svg (was: no size table or width dimension read; drawn at page scale (1 pt = 0.1 in)),Original PDFs/shsd-2012-section1.pdf#page=140
R8-2T,NO PARKING EXCEPT ON SHOULDER,Parking Signs,NO_PARKING_EXCEPT_ON_SHOULDER_R8-2T.svg,24.0x30.2 in,scale from the drawing's overall width dimension (24.0 in),Original PDFs/shsd-2012-section1.pdf#page=141
R8-3,NO PARKING,Parking Signs,,,same code as the base pack: use Federal (MUTCD 2023)/SVGs/NO_PARKING_SYMBOL_R8-3.svg (was: size 24 in: conventional-road row for R8-3 in the 2004/2012 sheets (2024 table has no marker)),Original PDFs/shsd-2012-section1.pdf#page=142
R8-3a,NO PARKING,Parking Signs,,,same code as the base pack: use Federal (MUTCD 2023)/SVGs/NO_PARKING_R8-3a.svg (was: no size table or width dimension read; drawn at page scale (1 pt = 0.1 in)),Original PDFs/shsd-2012-section1.pdf#page=143
R8-3aTR,TEXAS,Parking Signs,TEXAS_R8-3aTR.svg,24.0x30.4 in,scale from the drawing's overall width dimension (24.0 in),Original PDFs/shsd-2012-section1.pdf#page=144
R8-3aTL,TEXAS,intervene/Parking Signs,TEXAS_R8-3aTL.svg,24.0x30.4 in,R8-3aTL is not drawn on the sheet and R8-3aTR carries an outlined legend that cannot be mirrored automatically,Original PDFs/shsd-2012-section1.pdf#page=144
R8-3bP,,Parking Signs,,,"same code as the base pack: use Federal (MUTCD 2023)/SVGs/EXCEPT_SUNDAYS_AND_HOLIDAYS_R8-3bP.svg (was: size 12 in: smallest table row (no conventional-road marker, no earlier edition of this code) — check)",Original PDFs/shsd-2012-section1.pdf#page=145
R8-3cP,,Parking Signs,SIGN_R8-3cP.svg,12.0x8.9 in,"size 12 in: smallest table row (no conventional-road marker, no earlier edition of this code) — check",Original PDFs/shsd-2012-section1.pdf#page=146
R8-3dP,,Parking Signs,SIGN_R8-3dP.svg,12.0x8.9 in,"size 12 in: smallest table row (no conventional-road marker, no earlier edition of this code) — check",Original PDFs/shsd-2012-section1.pdf#page=147
R8-3eP,,Parking Signs,,,"same code as the base pack: use Federal (MUTCD 2023)/SVGs/ON_TRACKS_PLAQUE_R8-3eP.svg (was: size 12 in: smallest table row (no conventional-road marker, no earlier edition of this code) — check)",Original PDFs/shsd-2012-section1.pdf#page=148
R8-3fP,,Parking Signs,,,"same code as the base pack: use Federal (MUTCD 2023)/SVGs/EXCEPT_ON_SHOULDER_PLAQUE_R8-3fP.svg (was: size 12 in: smallest table row (no conventional-road marker, no earlier edition of this code) — check)",Original PDFs/shsd-2012-section1.pdf#page=149
R8-3gP,,Parking Signs,,,"same code as the base pack: use Federal (MUTCD 2023)/SVGs/LOADING_ZONE_PLAQUE_R8-3gP.svg (was: size 12 in: smallest table row (no conventional-road marker, no earlier edition of this code) — check)",Original PDFs/shsd-2012-section1.pdf#page=150
R8-3hP,,Parking Signs,,,"same code as the base pack: use Federal (MUTCD 2023)/SVGs/TIME_OF_DAY_PLAQUE_R8-3hP.svg (was: size 12 in: smallest table row (no conventional-road marker, no earlier edition of this code) — check)",Original PDFs/shsd-2012-section1.pdf#page=151
R8-3iTP,,Parking Signs,SIGN_R8-3iTP.svg,12.0x8.9 in,"size 12 in: smallest table row (no conventional-road marker, no earlier edition of this code) — check",Original PDFs/shsd-2012-section1.pdf#page=152
R8-3kT,,Parking Signs,SIGN_R8-3kT.svg,24.0x30.2 in,"size 24 in: smallest table row (no conventional-road marker, no earlier edition of this code) — check",Original PDFs/shsd-2012-section1.pdf#page=153
R8-4,EMERGENCY PARKING ONLY,Parking Signs,,,same code as the base pack: use Federal (MUTCD 2023)/SVGs/EMERGENCY_PARKING_ONLY_R8-4.svg (was: size 30 in: conventional-road row for R8-4 in the 2004/2012 sheets (2024 table has no marker)),Original PDFs/shsd-2012-section1.pdf#page=154
R8-5,NO STOPPING ON PAVEMENT,Parking Signs,,,same code as the base pack: use Federal (MUTCD 2023)/SVGs/NO_STOPPING_ON_PAVEMENT_R8-5.svg (was: no size table or width dimension read; drawn at page scale (1 pt = 0.1 in)),Original PDFs/shsd-2012-section1.pdf#page=155
R8-6,NO STOPPING EXCEPT ON SHOULDER,Parking Signs,,,same code as the base pack: use Federal (MUTCD 2023)/SVGs/NO_STOPPING_EXCEPT_ON_SHOULDER_R8-6.svg (was: no size table or width dimension read; drawn at page scale (1 pt = 0.1 in)),Original PDFs/shsd-2012-section1.pdf#page=156
R8-7,EMERGENCY STOPPING ONLY,Parking Signs,,,same code as the base pack: use Federal (MUTCD 2023)/SVGs/EMERGENCY_STOPPING_ONLY_R8-7.svg (was: size 30 in: conventional-road row for R8-7 in the 2004/2012 sheets (2024 table has no marker)),Original PDFs/shsd-2012-section1.pdf#page=157
R8-8,DO NOT STOP ON TRACKS,Parking Signs,,,same code as the base pack: use Federal (MUTCD 2023)/SVGs/DO_NOT_STOP_ON_TRACKS_R8-8.svg (was: size 24 in: conventional-road row for R8-8 in the 2004/2012 sheets (2024 table has no marker)),Original PDFs/shsd-2012-section1.pdf#page=158
R8-9,TRACKS OUT OF SERVICE,Parking Signs,,,same code as the base pack: use Federal (MUTCD 2023)/SVGs/TRACKS_OUT_OF_SERVICE_R8-9.svg (was: size 24 in: conventional-road row for R8-9 in the 2004/2012 sheets (2024 table has no marker)),Original PDFs/shsd-2012-section1.pdf#page=159
R8-10L,,Parking Signs,SIGN_R8-10L.svg,24.0x36.4 in,"size 24 in: smallest table row (no conventional-road marker, no earlier edition of this code) — check",Original PDFs/shsd-2012-section1.pdf#page=160
R8-10R,,Parking Signs,SIGN_R8-10R.svg,24.0x36.4 in,"size 24 in: smallest table row (no conventional-road marker, no earlier edition of this code) — check",Original PDFs/shsd-2012-section1.pdf#page=160
R8-10aL,STOP HERE WHEN FLASHING (Arrow),Parking Signs,,,"same code as the base pack: use Federal (MUTCD 2023)/SVGs/STOP_HERE_WHEN_FLASHING_R8-10aL.svg (was: size 24 in: smallest table row (no conventional-road marker, no earlier edition of this code) — check)",Original PDFs/shsd-2012-section1.pdf#page=161
R8-10aR,STOP HERE WHEN FLASHING (Arrow),Parking Signs,,,"same code as the base pack: use Federal (MUTCD 2023)/SVGs/STOP_HERE_WHEN_FLASHING_R8-10aR.svg (was: size 24 in: smallest table row (no conventional-road marker, no earlier edition of this code) — check)",Original PDFs/shsd-2012-section1.pdf#page=161
R9-1,WALK ON LEFT FACING TRAFFIC,Regulatory Signs,,,same code as the base pack: use Federal (MUTCD 2023)/SVGs/WALK_ON_LEFT_FACING_TRAFFIC_R9-1.svg (was: no size table or width dimension read; drawn at page scale (1 pt = 0.1 in)),Original PDFs/shsd-2012-section1.pdf#page=162
R9-2,WALK ON LEFT FACING TRAFFIC,Regulatory Signs,,,same code as the base pack: use Federal (MUTCD 2023)/SVGs/CROSS_ONLY_AT_CROSSWALKS_R9-2.svg (was: no size table or width dimension read; drawn at page scale (1 pt = 0.1 in)),Original PDFs/shsd-2012-section1.pdf#page=162
R9-3a,,Regulatory Signs,,,same code as the base pack: use Federal (MUTCD 2023)/SVGs/NO_PEDESTRIAN_CROSSING_R9-3a.svg (was: scale from the drawing's overall width dimension (12.0 in)),Original PDFs/shsd-2012-section1.pdf#page=163
R9-3,,Regulatory Signs,,,same code as the base pack: use Federal (MUTCD 2023)/SVGs/NO_PEDESTRIAN_CROSSING_SYMBOL_R9-3.svg (was: size 30 in: no conventional-road marker in the table and no earlier edition of this code; 30 in diamond chosen — check),Original PDFs/shsd-2012-section1.pdf#page=163
R9-3cP,RIDE WITH TRAFFIC,Regulatory Signs,,,same code as the base pack: use Federal (MUTCD 2023)/SVGs/RIDE_WITH_TRAFFIC_PLAQUE_R9-3cP.svg (was: scale from the drawing's overall width dimension (12.0 in)),Original PDFs/shsd-2012-section1.pdf#page=164
R9-3bPR,RIDE WITH TRAFFIC,Regulatory Signs,RIDE_WITH_TRAFFIC_R9-3bPR.svg,20.3x12.0 in,scale from the drawing's overall height dimension (12.0 in),Original PDFs/shsd-2012-section1.pdf#page=164
R9-3bPL,RIDE WITH TRAFFIC,intervene/Regulatory Signs,RIDE_WITH_TRAFFIC_R9-3bPL.svg,20.3x10.6 in,1 overlapping duplicate shape(s) in the sheet's drawing (FHWA artwork fault); needs a manual check,Original PDFs/shsd-2012-section1.pdf#page=164
R9-4,No Hitchhiking (symbol),Regulatory Signs,,,same code as the base pack: use Federal (MUTCD 2023)/SVGs/NO_HITCHHIKING_SYMBOL_R9-4.svg (was: size 18 in: conventional-road row for R9-4 in the 2004/2012 sheets (2024 table has no marker)),Original PDFs/shsd-2012-section1.pdf#page=165
R9-4a,,Regulatory Signs,,,same code as the base pack: use Federal (MUTCD 2023)/SVGs/NO_HITCHHIKING_R9-4a.svg (was: size 18 in: conventional-road row for R9-4a in the 2004/2012 sheets (2024 table has no marker)),Original PDFs/shsd-2012-section1.pdf#page=166
R9-5,,Regulatory Signs,,,same code as the base pack: use Federal (MUTCD 2023)/SVGs/BICYCLES_USE_PEDESTRIAN_SIGNAL_R9-5.svg (was: no size table or width dimension read; drawn at page scale (1 pt = 0.1 in)),Original PDFs/shsd-2012-section1.pdf#page=167
R9-6,,Regulatory Signs,,,same code as the base pack: use Federal (MUTCD 2023)/SVGs/BICYCLES_YIELD_TO_PEDESTRIANS_R9-6.svg (was: no size table or width dimension read; drawn at page scale (1 pt = 0.1 in)),Original PDFs/shsd-2012-section1.pdf#page=168
R9-7,,Regulatory Signs,,,same code as the base pack: use Federal (MUTCD 2023)/SVGs/SHARED_USE_PATH_RESTRICTION_R9-7.svg (was: scale from the drawing's overall width dimension (12.0 in)),Original PDFs/shsd-2012-section1.pdf#page=169
R9-8,PEDESTRIAN CROSSWALK,Regulatory Signs,,,same code as the base pack: use Federal (MUTCD 2023)/SVGs/PEDESTRIAN_CROSSWALK_R9-8.svg (was: size 30 in: conventional-road row for R9-8 in the 2004/2012 sheets (2024 table has no marker)),Original PDFs/shsd-2012-section1.pdf#page=170
R9-9,SIDEWALK CLOSED,Regulatory Signs,,,same code as the base pack: use Federal (MUTCD 2023)/SVGs/SIDEWALK_CLOSED_R9-9.svg (was: size 30 in: conventional-road row for R9-9 in the 2004/2012 sheets (2024 table has no marker)),Original PDFs/shsd-2012-section1.pdf#page=170
R9-11R,USE OTHER SIDE AHEAD CROSS HERE,Regulatory Signs,,,same code as the base pack: use Federal (MUTCD 2023)/SVGs/SIDEWALK_CLOSED_AHEAD_CROSS_HERE_R9-11R.svg (was: size 24 in: conventional-road row for R9-11 in the 2004/2012 sheets (2024 table has no marker)),Original PDFs/shsd-2012-section1.pdf#page=171
R9-10L,USE OTHER SIDE AHEAD CROSS HERE,Regulatory Signs,USE_OTHER_SIDE_AHEAD_CROSS_HERE_R9-10L.svg,24.0x11.6 in,size 24 in: conventional-road row for R9-10 in the 2004/2012 sheets (2024 table has no marker),Original PDFs/shsd-2012-section1.pdf#page=171
R9-11L,USE OTHER SIDE AHEAD CROSS HERE,intervene/Regulatory Signs,,,same code as the base pack: use Federal (MUTCD 2023)/SVGs/SIDEWALK_CLOSED_AHEAD_CROSS_HERE_R9-11L.svg (was: R9-11L is not drawn on the sheet and R9-11R carries an outlined legend that cannot be mirrored automatically),Original PDFs/shsd-2012-section1.pdf#page=171
R9-10R,USE OTHER SIDE AHEAD CROSS HERE,intervene/Regulatory Signs,USE_OTHER_SIDE_AHEAD_CROSS_HERE_R9-10R.svg,24.0x11.6 in,R9-10R is not drawn on the sheet and R9-10L carries an outlined legend that cannot be mirrored automatically,Original PDFs/shsd-2012-section1.pdf#page=171
R9-11aL,SIDEWALK CLOSED CROSS HERE (Arrow),Regulatory Signs,,,same code as the base pack: use Federal (MUTCD 2023)/SVGs/SIDEWALK_CLOSED_CROSS_HERE_R9-11aL.svg (was: size 24 in: conventional-road row for R9-11a in the 2004/2012 sheets (2024 table has no marker)),Original PDFs/shsd-2012-section1.pdf#page=172
R9-11aR,SIDEWALK CLOSED CROSS HERE (Arrow),Regulatory Signs,,,same code as the base pack: use Federal (MUTCD 2023)/SVGs/SIDEWALK_CLOSED_CROSS_HERE_R9-11aR.svg (was: size 24 in: conventional-road row for R9-11a in the 2004/2012 sheets (2024 table has no marker)),Original PDFs/shsd-2012-section1.pdf#page=172
R9-13,"CIRCLE, DIAGONAL  — RED",Regulatory Signs,,,same code as the base pack: use Federal (MUTCD 2023)/SVGs/NO_SKATERS_R9-13.svg (was: size 30 in: no conventional-road marker in the table and no earlier edition of this code; 30 in diamond chosen — check),Original PDFs/shsd-2012-section1.pdf#page=173
R9-14,"CIRCLE, DIAGONAL  — RED",Regulatory Signs,,,same code as the base pack: use Federal (MUTCD 2023)/SVGs/NO_EQUESTRIANS_R9-14.svg (was: size 30 in: no conventional-road marker in the table and no earlier edition of this code; 30 in diamond chosen — check),Original PDFs/shsd-2012-section1.pdf#page=174
R10-1,CROSS ONLY ON PEDESTRIAN SIGNAL,Regulatory Signs,,,same code as the base pack: use Federal (MUTCD 2023)/SVGs/CROSS_ONLY_ON_GREEN_R10-1.svg (was: scale from the drawing's overall width dimension (12.0 in)),Original PDFs/shsd-2012-section1.pdf#page=175
R10-2,CROSS ONLY ON PEDESTRIAN SIGNAL,Regulatory Signs,,,same code as the base pack: use Federal (MUTCD 2023)/SVGs/CROSS_ONLY_ON_WALK_SIGNAL_R10-2.svg (was: no dimension of its own; drawn to the same size as R10-1 on the sheet — check),Original PDFs/shsd-2012-section1.pdf#page=175
R10-3R,,Regulatory Signs,SIGN_R10-3R.svg,9.0x4.0 in,scale from the drawing's overall width dimension (9.0 in),Original PDFs/shsd-2012-section1.pdf#page=176
R10-3L,,Regulatory Signs,SIGN_R10-3L.svg,9.0x8.1 in,scaled from the dimensioned R10-3R drawing (thumbnail),Original PDFs/shsd-2012-section1.pdf#page=176
R10-3aL,,Regulatory Signs,SIGN_R10-3aL.svg,9.0x15.0 in,scale from the drawing's overall width dimension (9.0 in),Original PDFs/shsd-2012-section1.pdf#page=177
R10-3aR,,Regulatory Signs,SIGN_R10-3aR.svg,9.0x15.0 in,scaled from the dimensioned R10-3aL drawing (thumbnail),Original PDFs/shsd-2012-section1.pdf#page=177
R10-3aR,,Regulatory Signs,SIGN_BLACK_R10-3aR.svg,9.0x8.1 in,scaled from the dimensioned R10-3aL drawing (thumbnail),Original PDFs/shsd-2012-section1.pdf#page=177
R10-3bR,CLSIGN,Regulatory Signs,CLSIGN_R10-3bR.svg,9.0x12.3 in,scale from the drawing's overall width dimension (9.0 in),Original PDFs/shsd-2012-section1.pdf#page=178
R10-3bL,CLSIGN,Regulatory Signs,CLSIGN_R10-3bL.svg,9.0x12.3 in,scaled from the dimensioned R10-3bR drawing (thumbnail),Original PDFs/shsd-2012-section1.pdf#page=178
R10-3bL,CLSIGN,Regulatory Signs,CLSIGN_YELLOW_R10-3bL.svg,9.0x11.3 in,scaled from the dimensioned R10-3bR drawing (thumbnail),Original PDFs/shsd-2012-section1.pdf#page=178
R10-3cR,START CROSSING/WATCH FOR VEHICLES etc.,Regulatory Signs,START_CROSSING_WATCH_FOR_VEHICLES_ETC_R10-3cR.svg,27.6x37.7 in,no size table or width dimension read; drawn at page scale (1 pt = 0.1 in),Original PDFs/shsd-2012-section1.pdf#page=179
R10-3cL,START CROSSING/WATCH FOR VEHICLES etc.,Regulatory Signs,START_CROSSING_WATCH_FOR_VEHICLES_ETC_R10-3cL.svg,6.9x9.4 in,no size table or width dimension read; drawn at page scale (1 pt = 0.1 in),Original PDFs/shsd-2012-section1.pdf#page=179
R10-3dR,CLSIGN,Regulatory Signs,CLSIGN_R10-3dR.svg,9.0x12.0 in,scale from the drawing's overall width dimension (9.0 in),Original PDFs/shsd-2012-section1.pdf#page=180
R10-3dL,CLSIGN,Regulatory Signs,CLSIGN_R10-3dL.svg,9.0x12.0 in,scaled from the dimensioned R10-3dR drawing (thumbnail),Original PDFs/shsd-2012-section1.pdf#page=180
R10-3dL,CLSIGN,Regulatory Signs,CLSIGN_YELLOW_R10-3dL.svg,9.0x11.3 in,scaled from the dimensioned R10-3dR drawing (thumbnail),Original PDFs/shsd-2012-section1.pdf#page=180
R10-3eR,PEDESTRIAN SYMBOL - WHITE ON BLACK,Regulatory Signs,PEDESTRIAN_SYMBOL_WHITE_ON_BLACK_R10-3eR.svg,9.0x14.0 in,scale from the drawing's overall width dimension (9.0 in),Original PDFs/shsd-2012-section1.pdf#page=181
R10-3eL,PEDESTRIAN SYMBOL - WHITE ON BLACK,Regulatory Signs,PEDESTRIAN_SYMBOL_WHITE_ON_BLACK_R10-3eL.svg,9.0x15.6 in,scaled from the dimensioned R10-3eR drawing (thumbnail),Original PDFs/shsd-2012-section1.pdf#page=181
R10-3fR,CLSIGN,Regulatory Signs,CLSIGN_R10-3fR.svg,9.0x15.0 in,scale from the drawing's overall width dimension (9.0 in),Original PDFs/shsd-2012-section1.pdf#page=182
R10-3fL,CLSIGN,Regulatory Signs,CLSIGN_R10-3fL.svg,9.0x15.0 in,scaled from the dimensioned R10-3fR drawing (thumbnail),Original PDFs/shsd-2012-section1.pdf#page=182
R10-3gR,CLSIGN,Regulatory Signs,CLSIGN_R10-3gR.svg,9.0x15.0 in,scale from the drawing's overall width dimension (9.0 in),Original PDFs/shsd-2012-section1.pdf#page=183
R10-3gL,CLSIGN,Regulatory Signs,CLSIGN_R10-3gL.svg,9.0x15.0 in,scaled from the dimensioned R10-3gR drawing (thumbnail),Original PDFs/shsd-2012-section1.pdf#page=183
R10-3hR,CLSIGN,Regulatory Signs,CLSIGN_R10-3hR.svg,9.0x15.0 in,scale from the drawing's overall width dimension (9.0 in),Original PDFs/shsd-2012-section1.pdf#page=184
R10-3hL,CLSIGN,Regulatory Signs,CLSIGN_R10-3hL.svg,9.0x15.0 in,scaled from the dimensioned R10-3hR drawing (thumbnail),Original PDFs/shsd-2012-section1.pdf#page=184
R10-3iR(L),PEDESTRIAN SYMBOL - WHITE ON BLACK,Regulatory Signs,PEDESTRIAN_SYMBOL_WHITE_ON_BLACK_R10-3iRL.svg,29.5x49.1 in,no size table or width dimension read; drawn at page scale (1 pt = 0.1 in),Original PDFs/shsd-2012-section1.pdf#page=185
R10-3iL,PEDESTRIAN SYMBOL - WHITE ON BLACK,Regulatory Signs,PEDESTRIAN_SYMBOL_WHITE_ON_BLACK_R10-3iL.svg,7.4x12.3 in,no size table or width dimension read; drawn at page scale (1 pt = 0.1 in),Original PDFs/shsd-2012-section1.pdf#page=185
R10-3iR,PEDESTRIAN SYMBOL - WHITE ON BLACK,intervene/Regulatory Signs,PEDESTRIAN_SYMBOL_WHITE_ON_BLACK_R10-3iR.svg,7.4x12.3 in,R10-3iR is not drawn on the sheet and R10-3iL carries an outlined legend that cannot be mirrored automatically,Original PDFs/shsd-2012-section1.pdf#page=185
R10-4L,CIRCLE,Regulatory Signs,CIRCLE_R10-4L.svg,9.0x11.8 in,scale from the drawing's overall width dimension (9.0 in),Original PDFs/shsd-2012-section1.pdf#page=186
R10-4R,CIRCLE,Regulatory Signs,CIRCLE_R10-4R.svg,9.0x11.8 in,scaled from the dimensioned R10-4L drawing (thumbnail),Original PDFs/shsd-2012-section1.pdf#page=186
R10-4aR,WAIT FOR GREEN (Green ball),Regulatory Signs,WAIT_FOR_GREEN_GREEN_BALL_R10-4aR.svg,9.0x15.0 in,scale from the drawing's overall width dimension (9.0 in),Original PDFs/shsd-2012-section1.pdf#page=187
R10-4aL,WAIT FOR GREEN (Green ball),Regulatory Signs,WAIT_FOR_GREEN_GREEN_BALL_R10-4aL.svg,9.0x15.0 in,scaled from the dimensioned R10-4aR drawing (thumbnail),Original PDFs/shsd-2012-section1.pdf#page=187
R10-4bR,,Regulatory Signs,SIGN_R10-4bR.svg,31.8x43.4 in,no size table or width dimension read; drawn at page scale (1 pt = 0.1 in),Original PDFs/shsd-2012-section1.pdf#page=188
R10-4bL,,Regulatory Signs,SIGN_R10-4bL.svg,7.9x10.9 in,no size table or width dimension read; drawn at page scale (1 pt = 0.1 in),Original PDFs/shsd-2012-section1.pdf#page=188
R10-5L,LEFT ON GREEN ARROW ONLY,Regulatory Signs,LEFT_ON_GREEN_ARROW_ONLY_R10-5L.svg,24.0x30.2 in,size 24 in: conventional-road row for R10-5 in the 2004/2012 sheets (2024 table has no marker),Original PDFs/shsd-2012-section1.pdf#page=189
R10-5R,LEFT ON GREEN ARROW ONLY,Regulatory Signs,LEFT_ON_GREEN_ARROW_ONLY_R10-5R.svg,24.0x30.0 in,scaled from the dimensioned R10-5L drawing (thumbnail),Original PDFs/shsd-2012-section1.pdf#page=189
R10-6L,,Regulatory Signs,SIGN_R10-6L.svg,24.0x36.4 in,"size 24 in: smallest table row (no conventional-road marker, no earlier edition of this code) — check",Original PDFs/shsd-2012-section1.pdf#page=190
R10-6R,,Regulatory Signs,SIGN_R10-6R.svg,24.0x36.4 in,"size 24 in: smallest table row (no conventional-road marker, no earlier edition of this code) — check",Original PDFs/shsd-2012-section1.pdf#page=190
R10-6aL,,Regulatory Signs,,,"same code as the base pack: use Federal (MUTCD 2023)/SVGs/STOP_HERE_ON_RED_R10-6aL.svg (was: size 24 in: smallest table row (no conventional-road marker, no earlier edition of this code) — check)",Original PDFs/shsd-2012-section1.pdf#page=191
R10-6aR,,Regulatory Signs,,,"same code as the base pack: use Federal (MUTCD 2023)/SVGs/STOP_HERE_ON_RED_R10-6aR.svg (was: size 24 in: smallest table row (no conventional-road marker, no earlier edition of this code) — check)",Original PDFs/shsd-2012-section1.pdf#page=191
R10-6aR,,Regulatory Signs,,,"same code as the base pack: use Federal (MUTCD 2023)/SVGs/STOP_HERE_ON_RED_R10-6aR.svg (was: size 24 in: smallest table row (no conventional-road marker, no earlier edition of this code) — check)",Original PDFs/shsd-2012-section1.pdf#page=191
R10-7,DO NOT BLOCK INTERSECTION,Regulatory Signs,,,same code as the base pack: use Federal (MUTCD 2023)/SVGs/DO_NOT_BLOCK_INTERSECTION_R10-7.svg (was: no size table or width dimension read; drawn at page scale (1 pt = 0.1 in)),Original PDFs/shsd-2012-section1.pdf#page=192
R10-8,USE LANE WITH GREEN ARROW,Regulatory Signs,,,"same code as the base pack: use Federal (MUTCD 2023)/SVGs/USE_LANE_WITH_GREEN_ARROW_R10-8.svg (was: size 36 in: smallest table row (no conventional-road marker, no earlier edition of this code) — check)",Original PDFs/shsd-2012-section1.pdf#page=193
R10-9T,PROTECTED LEFT ON GREEN ARROW,Regulatory Signs,PROTECTED_LEFT_ON_GREEN_ARROW_R10-9T.svg,18.0x11.9 in,"size 18 in: smallest table row (no conventional-road marker, no earlier edition of this code) — check",Original PDFs/shsd-2012-section1.pdf#page=194
R10-10L,LEFT/RIGHT TURN SIGNAL,Regulatory Signs,,,same code as the base pack: use Federal (MUTCD 2023)/SVGs/LEFT_TURN_SIGNAL_R10-10L.svg (was: scale from the drawing's overall width dimension (30.0 in)),Original PDFs/shsd-2012-section1.pdf#page=195
R10-10R,LEFT/RIGHT TURN SIGNAL,intervene/Regulatory Signs,,,same code as the base pack: use Federal (MUTCD 2023)/SVGs/RIGHT_TURN_SIGNAL_R10-10R.svg (was: R10-10R is not drawn on the sheet and R10-10L carries an outlined legend that cannot be mirrored automatically),Original PDFs/shsd-2012-section1.pdf#page=195
R10-11,,Regulatory Signs,,,same code as the base pack: use Federal (MUTCD 2023)/SVGs/NO_TURN_ON_RED_R10-11.svg (was: size 24 in: conventional-road row for R10-11 in the 2004/2012 sheets (2024 table has no marker)),Original PDFs/shsd-2012-section1.pdf#page=196
R10-11a,NO TURN ON RED,Regulatory Signs,,,"same code as the base pack: use Federal (MUTCD 2023)/SVGs/NO_TURN_ON_CIRCULAR_RED_R10-11a.svg (was: size 30 in: smallest table row (no conventional-road marker, no earlier edition of this code) — check)",Original PDFs/shsd-2012-section1.pdf#page=197
R10-11b,NO TURN ON RED,intervene/Regulatory Signs,,,same code as the base pack: use Federal (MUTCD 2023)/SVGs/NO_TURN_ON_RED_R10-11b.svg (was: 3 overlapping duplicate shape(s) in the sheet's drawing (FHWA artwork fault); needs a manual check),Original PDFs/shsd-2012-section1.pdf#page=198
R10-11d,,Regulatory Signs,,,same code as the base pack: use Federal (MUTCD 2023)/SVGs/NO_TURN_ON_RED_FROM_THIS_LANE_R10-11d.svg (was: scale from the drawing's overall height dimension (6.0 in)),Original PDFs/shsd-2012-section1.pdf#page=200
R10-11T,NO RIGHT TURN ON RED,Regulatory Signs,NO_RIGHT_TURN_ON_RED_R10-11T.svg,24.0x30.2 in,"size 24 in: smallest table row (no conventional-road marker, no earlier edition of this code) — check",Original PDFs/shsd-2012-section1.pdf#page=201
R10-12,,Regulatory Signs,,,same code as the base pack: use Federal (MUTCD 2023)/SVGs/LEFT_TURN_YIELD_ON_GREEN_R10-12.svg (was: scale from the drawing's overall width dimension (30.0 in)),Original PDFs/shsd-2012-section1.pdf#page=202
R10-14T,EMERGENCY SIGNAL / STOP WHEN FLASHING RED,Regulatory Signs,EMERGENCY_SIGNAL_STOP_WHEN_FLASHING_RED_R10-14T.svg,36.0x42.0 in,scale from the drawing's overall width dimension (36.0 in),Original PDFs/shsd-2012-section1.pdf#page=203
R10-14T,EMERGENCY SIGNAL / STOP WHEN FLASHING RED,Regulatory Signs,EMERGENCY_SIGNAL_STOP_WHEN_FLASHING_RED_BLACK_R10-14T.svg,36.0x23.7 in,scaled from the dimensioned R10-14T drawing (thumbnail),Original PDFs/shsd-2012-section1.pdf#page=203
R10-14b,TEXAS,Regulatory Signs,,,"same code as the base pack: use Federal (MUTCD 2023)/SVGs/STOP_HERE_ON_FLASHING_RED_R10-14b.svg (was: size 24 in: smallest table row (no conventional-road marker, no earlier edition of this code) — check)",Original PDFs/shsd-2012-section1.pdf#page=204
R10-14aT,TEXAS,Regulatory Signs,TEXAS_R10-14aT.svg,24.0x9.6 in,"size 24 in: smallest table row (no conventional-road marker, no earlier edition of this code) — check",Original PDFs/shsd-2012-section1.pdf#page=204
R10-15R,,Regulatory Signs,,,same code as the base pack: use Federal (MUTCD 2023)/SVGs/TURNING_VEHICLES_YIELD_TO_PEDESTRIANS_R10-15R.svg (was: scale from the drawing's overall height dimension (16.6875 in)),Original PDFs/shsd-2012-section1.pdf#page=205
R10-15L,,Regulatory Signs,,,same code as the base pack: use Federal (MUTCD 2023)/SVGs/TURNING_VEHICLES_YIELD_TO_PEDESTRIANS_R10-15L.svg (was: scaled from the dimensioned R10-15R drawing (thumbnail)),Original PDFs/shsd-2012-section1.pdf#page=205
R10-16,U-TURN YIELD TO RIGHT TURN,Regulatory Signs,,,same code as the base pack: use Federal (MUTCD 2023)/SVGs/U_TURN_YIELD_TO_RIGHT_TURN_R10-16.svg (was: scale from the drawing's overall width dimension (30.0 in)),Original PDFs/shsd-2012-section1.pdf#page=206
R10-17T,LEFT TURN YIELD ON FLASHING YELLOW ARROW,Regulatory Signs,LEFT_TURN_YIELD_ON_FLASHING_YELLOW_ARROW_R10-17T.svg,30.0x35.0 in,"size 30 in: smallest table row (no conventional-road marker, no earlier edition of this code) — check",Original PDFs/shsd-2012-section1.pdf#page=207
R10-17a,RIGHT ON RED ARROW AFTER STOP,Regulatory Signs,,,same code as the base pack: use Federal (MUTCD 2023)/SVGs/RIGHT_ON_RED_ARROW_AFTER_STOP_R10-17a.svg (was: scale from the drawing's overall width dimension (30.0 in)),Original PDFs/shsd-2012-section1.pdf#page=208
R10-18a,CIRCLE,Regulatory Signs,,,"same code as the base pack: use Federal (MUTCD 2023)/SVGs/TRAFFIC_SIGNAL_PHOTO_ENFORCED_R10-18a.svg (was: size 30 in: smallest table row (no conventional-road marker, no earlier edition of this code) — check)",Original PDFs/shsd-2012-section1.pdf#page=209
R10-20aP,CLSIGN,Regulatory Signs,,,same code as the base pack: use Federal (MUTCD 2023)/SVGs/SIGN_R10-20aP.svg (was: scale from the drawing's overall width dimension (24.0 in)),Original PDFs/shsd-2012-section1.pdf#page=210
R10-20aP,CLSIGN,Regulatory Signs,,,same code as the base pack: use Federal (MUTCD 2023)/SVGs/SIGN_R10-20aP.svg (was: scaled from the dimensioned R10-20aP drawing (thumbnail)),Original PDFs/shsd-2012-section1.pdf#page=210
R10-22,,Regulatory Signs,,,same code as the base pack: use Federal (MUTCD 2023)/SVGs/BICYCLE_DETECTOR_R10-22.svg (was: scale from the drawing's overall width dimension (12.0 in)),Original PDFs/shsd-2012-section1.pdf#page=211
R10-23,CIRCLE,Regulatory Signs,,,same code as the base pack: use Federal (MUTCD 2023)/SVGs/CROSSWALK_STOP_ON_RED_R10-23.svg (was: scale from the drawing's overall width dimension (24.0 in)),Original PDFs/shsd-2012-section1.pdf#page=212
R10-24,TEXAS,Regulatory Signs,,,same code as the base pack: use Federal (MUTCD 2023)/SVGs/BIKE_PUSH_BUTTON_FOR_GREEN_LIGHT_R10-24.svg (was: scale from the drawing's overall width dimension (9.0 in)),Original PDFs/shsd-2012-section1.pdf#page=213
R10-25,PUSH BUTTON TO TURN ON WARNING LIGHTS (Symbol),Regulatory Signs,,,same code as the base pack: use Federal (MUTCD 2023)/SVGs/PUSH_FOR_WARNING_LIGHTS_WAIT_FOR_GAP_R10-25.svg (was: scale from the drawing's overall width dimension (9.0 in)),Original PDFs/shsd-2012-section1.pdf#page=214
R10-26L,TEXAS,Regulatory Signs,TEXAS_R10-26L.svg,6.0x10.0 in,scale from the drawing's overall width dimension (6.0 in),Original PDFs/shsd-2012-section1.pdf#page=215
R10-26R,TEXAS,Regulatory Signs,TEXAS_R10-26R.svg,6.0x10.0 in,scaled from the dimensioned R10-26L drawing (thumbnail),Original PDFs/shsd-2012-section1.pdf#page=215
R10-27,LEFT TURN YIELD ON FLASHING RED ARROW AFTER STOP,Regulatory Signs,,,same code as the base pack: use Federal (MUTCD 2023)/SVGs/LEFT_TURN_YIELD_ON_FLASHING_RED_ARROW_AFTER_STOP_R10-27.svg (was: scale from the drawing's overall width dimension (30.0 in)),Original PDFs/shsd-2012-section1.pdf#page=216
R10-28,ONE VEHICLE PER GREEN,Regulatory Signs,,,same code as the base pack: use Federal (MUTCD 2023)/SVGs/XX_VEHICLES_PER_GREEN_R10-28.svg (was: scale from the drawing's overall width dimension (24.0 in)),Original PDFs/shsd-2012-section1.pdf#page=217
R10-29,,Regulatory Signs,,,same code as the base pack: use Federal (MUTCD 2023)/SVGs/XX_VEHICLES_PER_GREEN_EACH_LANE_R10-29.svg (was: scale from the drawing's overall width dimension (36.0 in)),Original PDFs/shsd-2012-section1.pdf#page=218
R10-30,RIGHT TURN ON RED MUST YIELD TO U TURN,Regulatory Signs,,,same code as the base pack: use Federal (MUTCD 2023)/SVGs/RIGHT_TURN_ON_RED_MUST_YIELD_TO_U_TURN_R10-30.svg (was: scale from the drawing's overall width dimension (30.0 in)),Original PDFs/shsd-2012-section1.pdf#page=219
R10-31P,TEXAS,Regulatory Signs,,,same code as the base pack: use Federal (MUTCD 2023)/SVGs/AT_SIGNAL_PLAQUE_R10-31P.svg (was: scale from the drawing's overall width dimension (24.0 in)),Original PDFs/shsd-2012-section1.pdf#page=220
R10-32P,,Regulatory Signs,,,same code as the base pack: use Federal (MUTCD 2023)/SVGs/PUSH_BUTTON_FOR_2_SECONDS_FOR_EXTRA_CROSSING_TIME_PLAQUE_R10-32P.svg (was: scale from the drawing's overall width dimension (9.0 in)),Original PDFs/shsd-2012-section1.pdf#page=221
R11-1,KEEP OFF MEDIAN,Regulatory Signs,,,same code as the base pack: use Federal (MUTCD 2023)/SVGs/KEEP_OFF_MEDIAN_R11-1.svg (was: no size table or width dimension read; drawn at page scale (1 pt = 0.1 in)),Original PDFs/shsd-2012-section1.pdf#page=222
R11-2,ROAD CLOSED,Regulatory Signs,,,same code as the base pack: use Federal (MUTCD 2023)/SVGs/ROAD_CLOSED_R11-2.svg (was: scale from the drawing's overall width dimension (48.0 in)),Original PDFs/shsd-2012-section1.pdf#page=223
R11-3a,,Regulatory Signs,,,same code as the base pack: use Federal (MUTCD 2023)/SVGs/STREET_CLOSED_LOCAL_TRAFFIC_ONLY_R11-3a.svg (was: scale from the drawing's overall width dimension (60.0 in)),Original PDFs/shsd-2012-section1.pdf#page=224
R11-3b,,Regulatory Signs,,,same code as the base pack: use Federal (MUTCD 2023)/SVGs/BRIDGE_OUT_LOCAL_TRAFFIC_ONLY_R11-3b.svg (was: no dimension of its own; drawn to the same size as R11-3a on the sheet — check),Original PDFs/shsd-2012-section1.pdf#page=224
R11-4,ROAD CLOSED TO THRU TRAFFIC,Regulatory Signs,,,same code as the base pack: use Federal (MUTCD 2023)/SVGs/ROAD_CLOSED_TO_THROUGH_TRAFFIC_R11-4.svg (was: no size table or width dimension read; drawn at page scale (1 pt = 0.1 in)),Original PDFs/shsd-2012-section1.pdf#page=225
R11-5aT,HIGH WATER ROAD CLOSED (Folding Sign),Regulatory Signs,HIGH_WATER_ROAD_CLOSED_FOLDING_SIGN_R11-5aT.svg,36.0x24.0 in,scale from the drawing's overall width dimension (36.0 in); 10 legend glyph(s) outlined from the sheet's embedded font(s),Original PDFs/shsd-2012-section1.pdf#page=226
R11-5aT,HIGH WATER ROAD CLOSED (Folding Sign),Regulatory Signs,HIGH_WATER_ROAD_CLOSED_FOLDING_SIGN_YELLOW_R11-5aT.svg,36.0x24.0 in,scaled from the dimensioned R11-5aT drawing (thumbnail); 9 legend glyph(s) outlined from the sheet's embedded font(s),Original PDFs/shsd-2012-section1.pdf#page=226
R11-5bT,HIGH WATER ROAD CLOSED WHEN FLASHING,Regulatory Signs,HIGH_WATER_ROAD_CLOSED_WHEN_FLASHING_R11-5bT.svg,30.0x30.3 in,scale from the drawing's overall width dimension (30.0 in); 22 legend glyph(s) outlined from the sheet's embedded font(s),Original PDFs/shsd-2012-section1.pdf#page=227
R11-5bT,HIGH WATER ROAD CLOSED WHEN FLASHING,Regulatory Signs,HIGH_WATER_ROAD_CLOSED_WHEN_FLASHING_YELLOW_R11-5bT.svg,30.0x18.2 in,scaled from the dimensioned R11-5bT drawing (thumbnail); 9 legend glyph(s) outlined from the sheet's embedded font(s),Original PDFs/shsd-2012-section1.pdf#page=227
R12-1,WEIGHT LIMIT,Regulatory Signs,,,same code as the base pack: use Federal (MUTCD 2023)/SVGs/WEIGHT_LIMIT_R12-1.svg (was: no size table or width dimension read; drawn at page scale (1 pt = 0.1 in)),Original PDFs/shsd-2012-section1.pdf#page=228
R12-1T,WEIGHT LIMIT,Regulatory Signs,WEIGHT_LIMIT_R12-1T.svg,24.0x36.4 in,scale from the drawing's overall width dimension (24.0 in),Original PDFs/shsd-2012-section1.pdf#page=229
R12-2,WEIGHT LIMIT,Regulatory Signs,,,same code as the base pack: use Federal (MUTCD 2023)/SVGs/WEIGHT_LIMIT_R12-2.svg (was: no size table or width dimension read; drawn at page scale (1 pt = 0.1 in)),Original PDFs/shsd-2012-section1.pdf#page=230
R12-2bT,WEIGHT LIMIT,Regulatory Signs,WEIGHT_LIMIT_R12-2bT.svg,24.0x36.4 in,scale from the drawing's overall width dimension (24.0 in); 3 legend glyph(s) outlined from the sheet's embedded font(s),Original PDFs/shsd-2012-section1.pdf#page=231
R12-2cT,WEIGHT LIMIT,Regulatory Signs,WEIGHT_LIMIT_R12-2cT.svg,24.0x36.4 in,no dimension of its own; drawn to the same size as R12-2bT on the sheet — check; 3 legend glyph(s) outlined from the sheet's embedded font(s),Original PDFs/shsd-2012-section1.pdf#page=231
R12-3,WEIGHT LIMIT,Regulatory Signs,,,same code as the base pack: use Federal (MUTCD 2023)/SVGs/WEIGHT_LIMIT_R12-3.svg (was: no size table or width dimension read; drawn at page scale (1 pt = 0.1 in)),Original PDFs/shsd-2012-section1.pdf#page=232
R12-4,WEIGHT LIMIT,Regulatory Signs,,,same code as the base pack: use Federal (MUTCD 2023)/SVGs/WEIGHT_LIMIT_R12-4.svg (was: scale from the drawing's overall width dimension (36.0 in)),Original PDFs/shsd-2012-section1.pdf#page=232
R12-4aT,,Regulatory Signs,SIGN_R12-4aT.svg,24.0x36.4 in,scale from the drawing's overall width dimension (24.0 in); 6 legend glyph(s) outlined from the sheet's embedded font(s),Original PDFs/shsd-2012-section1.pdf#page=233
R12-4bT,WEIGHT LIMIT,Regulatory Signs,WEIGHT_LIMIT_R12-4bT.svg,24.0x42.6 in,scale from the drawing's overall width dimension (24.0 in); 6 legend glyph(s) outlined from the sheet's embedded font(s),Original PDFs/shsd-2012-section1.pdf#page=234
R12-4cT,WEIGHT LIMIT,Regulatory Signs,WEIGHT_LIMIT_R12-4cT.svg,24.0x42.6 in,scale from the drawing's overall width dimension (24.0 in); 6 legend glyph(s) outlined from the sheet's embedded font(s),Original PDFs/shsd-2012-section1.pdf#page=235
R12-6aT,,Regulatory Signs,SIGN_R12-6aT.svg,103.4x36.0 in,scale from the drawing's overall height dimension (36.0 in); 76 legend glyph(s) outlined from the sheet's embedded font(s),Original PDFs/shsd-2012-section1.pdf#page=236
R12-6bT,,Regulatory Signs,SIGN_R12-6bT.svg,97.7x30.0 in,scale from the drawing's overall height dimension (30.0 in); 49 legend glyph(s) outlined from the sheet's embedded font(s),Original PDFs/shsd-2012-section1.pdf#page=236
R12-7aT,WEIGHT LIMIT,Regulatory Signs,WEIGHT_LIMIT_R12-7aT.svg,103.4x36.0 in,scale from the drawing's overall height dimension (36.0 in); 57 legend glyph(s) outlined from the sheet's embedded font(s),Original PDFs/shsd-2012-section1.pdf#page=237
R12-7bT,WEIGHT LIMIT,Regulatory Signs,WEIGHT_LIMIT_R12-7bT.svg,39.3x12.1 in,no size table or width dimension read; drawn at page scale (1 pt = 0.1 in); 49 legend glyph(s) outlined from the sheet's embedded font(s),Original PDFs/shsd-2012-section1.pdf#page=237
R12-8bT,WEIGHT LIMIT,Regulatory Signs,WEIGHT_LIMIT_R12-8bT.svg,42.0x48.0 in,scale from the drawing's overall width dimension (42.0 in); 49 legend glyph(s) outlined from the sheet's embedded font(s),Original PDFs/shsd-2012-section1.pdf#page=238
R12-8aT,WEIGHT LIMIT,Regulatory Signs,WEIGHT_LIMIT_R12-8aT.svg,78.0x10.5 in,scale from the drawing's overall width dimension (78.0 in); 23 legend glyph(s) outlined from the sheet's embedded font(s),Original PDFs/shsd-2012-section1.pdf#page=238
R12-8aT,WEIGHT LIMIT,Regulatory Signs,WEIGHT_LIMIT_VAR2_R12-8aT.svg,78.0x8.0 in,scaled from the dimensioned R12-8aT drawing (thumbnail); 18 legend glyph(s) outlined from the sheet's embedded font(s),Original PDFs/shsd-2012-section1.pdf#page=238
R12-8aT,WEIGHT LIMIT,Regulatory Signs,WEIGHT_LIMIT_VAR3_R12-8aT.svg,78.0x8.0 in,scaled from the dimensioned R12-8aT drawing (thumbnail); 19 legend glyph(s) outlined from the sheet's embedded font(s),Original PDFs/shsd-2012-section1.pdf#page=238
R12-8aT,WEIGHT LIMIT,Regulatory Signs,WEIGHT_LIMIT_VAR4_R12-8aT.svg,78.0x8.7 in,scaled from the dimensioned R12-8aT drawing (thumbnail); 19 legend glyph(s) outlined from the sheet's embedded font(s),Original PDFs/shsd-2012-section1.pdf#page=238
R12-8aT,WEIGHT LIMIT,Regulatory Signs,WEIGHT_LIMIT_VAR5_R12-8aT.svg,78.0x12.7 in,scaled from the dimensioned R12-8aT drawing (thumbnail); 11 legend glyph(s) outlined from the sheet's embedded font(s),Original PDFs/shsd-2012-section1.pdf#page=238
R12-8dT,WEIGHT LIMIT,Regulatory Signs,WEIGHT_LIMIT_R12-8dT.svg,42.0x54.0 in,scale from the drawing's overall width dimension (42.0 in); 56 legend glyph(s) outlined from the sheet's embedded font(s),Original PDFs/shsd-2012-section1.pdf#page=239
R12-8cT,WEIGHT LIMIT,Regulatory Signs,WEIGHT_LIMIT_R12-8cT.svg,42.0x48.0 in,scale from the drawing's overall width dimension (42.0 in); 52 legend glyph(s) outlined from the sheet's embedded font(s),Original PDFs/shsd-2012-section1.pdf#page=239
R12-8eT,WEIGHT LIMIT,Regulatory Signs,WEIGHT_LIMIT_R12-8eT.svg,42.0x54.0 in,scale from the drawing's overall width dimension (42.0 in); 56 legend glyph(s) outlined from the sheet's embedded font(s),Original PDFs/shsd-2012-section1.pdf#page=240
R12-8fT,WEIGHT LIMIT,Regulatory Signs,WEIGHT_LIMIT_R12-8fT.svg,42.0x54.0 in,no dimension of its own; drawn to the same size as R12-8eT on the sheet — check; 58 legend glyph(s) outlined from the sheet's embedded font(s),Original PDFs/shsd-2012-section1.pdf#page=240
R12-8hT,,Regulatory Signs,SIGN_R12-8hT.svg,78.0x12.7 in,scale from the drawing's overall width dimension (78.0 in); 3 smaller detail drawing(s) beside it on the sheet not extracted; 14 legend glyph(s) outlined from the sheet's embedded font(s),Original PDFs/shsd-2012-section1.pdf#page=241
R12-8hT,,Regulatory Signs,SIGN_VAR2_R12-8hT.svg,78.0x3.4 in,scaled from the dimensioned R12-8hT drawing (thumbnail); 3 smaller detail drawing(s) beside it on the sheet not extracted,Original PDFs/shsd-2012-section1.pdf#page=241
R12-8hT,,Regulatory Signs,SIGN_VAR3_R12-8hT.svg,78.0x3.4 in,scaled from the dimensioned R12-8hT drawing (thumbnail); 3 smaller detail drawing(s) beside it on the sheet not extracted,Original PDFs/shsd-2012-section1.pdf#page=241
R12-8hT,,Regulatory Signs,SIGN_VAR4_R12-8hT.svg,78.0x10.4 in,scaled from the dimensioned R12-8hT drawing (thumbnail); 3 smaller detail drawing(s) beside it on the sheet not extracted; 21 legend glyph(s) outlined from the sheet's embedded font(s),Original PDFs/shsd-2012-section1.pdf#page=241
R12-8hT,,Regulatory Signs,SIGN_VAR5_R12-8hT.svg,78.0x13.3 in,scaled from the dimensioned R12-8hT drawing (thumbnail); 3 smaller detail drawing(s) beside it on the sheet not extracted; 11 legend glyph(s) outlined from the sheet's embedded font(s),Original PDFs/shsd-2012-section1.pdf#page=241
R12-8gT,,Regulatory Signs,SIGN_R12-8gT.svg,72.0x12.1 in,scale from the drawing's overall width dimension (72.0 in); 1 smaller detail drawing(s) beside it on the sheet not extracted; 14 legend glyph(s) outlined from the sheet's embedded font(s),Original PDFs/shsd-2012-section1.pdf#page=241
R12-8gT,,Regulatory Signs,SIGN_VAR2_R12-8gT.svg,72.0x12.6 in,scaled from the dimensioned R12-8gT drawing (thumbnail); 1 smaller detail drawing(s) beside it on the sheet not extracted; 11 legend glyph(s) outlined from the sheet's embedded font(s),Original PDFs/shsd-2012-section1.pdf#page=241
R12-8iT,TEXAS,Regulatory Signs,TEXAS_R12-8iT.svg,72.0x12.2 in,scale from the drawing's overall width dimension (72.0 in); 3 smaller detail drawing(s) beside it on the sheet not extracted; 14 legend glyph(s) outlined from the sheet's embedded font(s),Original PDFs/shsd-2012-section1.pdf#page=242
R12-8iT,TEXAS,Regulatory Signs,TEXAS_VAR2_R12-8iT.svg,72.0x3.2 in,scaled from the dimensioned R12-8iT drawing (thumbnail); 3 smaller detail drawing(s) beside it on the sheet not extracted,Original PDFs/shsd-2012-section1.pdf#page=242
R12-8iT,TEXAS,Regulatory Signs,TEXAS_VAR3_R12-8iT.svg,72.0x3.2 in,scaled from the dimensioned R12-8iT drawing (thumbnail); 3 smaller detail drawing(s) beside it on the sheet not extracted,Original PDFs/shsd-2012-section1.pdf#page=242
R12-8iT,TEXAS,Regulatory Signs,TEXAS_VAR4_R12-8iT.svg,72.0x10.0 in,scaled from the dimensioned R12-8iT drawing (thumbnail); 3 smaller detail drawing(s) beside it on the sheet not extracted; 19 legend glyph(s) outlined from the sheet's embedded font(s),Original PDFs/shsd-2012-section1.pdf#page=242
R12-8iT,TEXAS,Regulatory Signs,TEXAS_VAR5_R12-8iT.svg,72.0x12.8 in,scaled from the dimensioned R12-8iT drawing (thumbnail); 3 smaller detail drawing(s) beside it on the sheet not extracted; 11 legend glyph(s) outlined from the sheet's embedded font(s),Original PDFs/shsd-2012-section1.pdf#page=242
R12-8jT,TEXAS,Regulatory Signs,TEXAS_R12-8jT.svg,15.7x4.0 in,no size table or width dimension read; drawn at page scale (1 pt = 0.1 in); 2 smaller detail drawing(s) beside it on the sheet not extracted; 8 legend glyph(s) outlined from the sheet's embedded font(s),Original PDFs/shsd-2012-section1.pdf#page=242
R12-8jT,TEXAS,Regulatory Signs,TEXAS_VAR2_R12-8jT.svg,72.0x3.3 in,no dimension of its own; drawn to the same size as R12-8iT on the sheet — check; 2 smaller detail drawing(s) beside it on the sheet not extracted,Original PDFs/shsd-2012-section1.pdf#page=242
R12-8jT,TEXAS,Regulatory Signs,TEXAS_VAR3_R12-8jT.svg,72.0x9.0 in,scaled from the dimensioned R12-8jT drawing (thumbnail); 2 smaller detail drawing(s) beside it on the sheet not extracted; 19 legend glyph(s) outlined from the sheet's embedded font(s),Original PDFs/shsd-2012-section1.pdf#page=242
R12-8jT,TEXAS,Regulatory Signs,TEXAS_VAR4_R12-8jT.svg,72.0x3.2 in,scaled from the dimensioned R12-8jT drawing (thumbnail); 2 smaller detail drawing(s) beside it on the sheet not extracted,Original PDFs/shsd-2012-section1.pdf#page=242
R12-8jT,TEXAS,Regulatory Signs,TEXAS_VAR5_R12-8jT.svg,72.0x10.0 in,scaled from the dimensioned R12-8jT drawing (thumbnail); 2 smaller detail drawing(s) beside it on the sheet not extracted; 19 legend glyph(s) outlined from the sheet's embedded font(s),Original PDFs/shsd-2012-section1.pdf#page=242
R12-8jT,TEXAS,Regulatory Signs,TEXAS_VAR6_R12-8jT.svg,72.0x12.8 in,scaled from the dimensioned R12-8jT drawing (thumbnail); 2 smaller detail drawing(s) beside it on the sheet not extracted; 11 legend glyph(s) outlined from the sheet's embedded font(s),Original PDFs/shsd-2012-section1.pdf#page=242
R12-8mT,WEIGHT LIMIT,Regulatory Signs,WEIGHT_LIMIT_R12-8mT.svg,42.0x36.9 in,scale from the drawing's overall width dimension (42.0 in); 37 legend glyph(s) outlined from the sheet's embedded font(s),Original PDFs/shsd-2012-section1.pdf#page=243
R12-8kT,WEIGHT LIMIT,Regulatory Signs,WEIGHT_LIMIT_R12-8kT.svg,90.0x11.6 in,scale from the drawing's overall width dimension (90.0 in); 27 legend glyph(s) outlined from the sheet's embedded font(s),Original PDFs/shsd-2012-section1.pdf#page=243
R12-8kT,WEIGHT LIMIT,Regulatory Signs,WEIGHT_LIMIT_VAR2_R12-8kT.svg,90.0x9.0 in,scaled from the dimensioned R12-8kT drawing (thumbnail); 28 legend glyph(s) outlined from the sheet's embedded font(s),Original PDFs/shsd-2012-section1.pdf#page=243
R12-8kT,WEIGHT LIMIT,Regulatory Signs,WEIGHT_LIMIT_VAR3_R12-8kT.svg,90.0x9.5 in,scaled from the dimensioned R12-8kT drawing (thumbnail); 28 legend glyph(s) outlined from the sheet's embedded font(s),Original PDFs/shsd-2012-section1.pdf#page=243
R12-8kT,WEIGHT LIMIT,Regulatory Signs,WEIGHT_LIMIT_VAR4_R12-8kT.svg,90.0x11.9 in,scaled from the dimensioned R12-8kT drawing (thumbnail); 11 legend glyph(s) outlined from the sheet's embedded font(s),Original PDFs/shsd-2012-section1.pdf#page=243
R12-8nT,,Regulatory Signs,SIGN_R12-8nT.svg,54.0x10.3 in,scale from the drawing's overall width dimension (54.0 in); 14 legend glyph(s) outlined from the sheet's embedded font(s),Original PDFs/shsd-2012-section1.pdf#page=244
R12-8nT,,Regulatory Signs,SIGN_VAR2_R12-8nT.svg,54.0x8.0 in,scaled from the dimensioned R12-8nT drawing (thumbnail); 15 legend glyph(s) outlined from the sheet's embedded font(s),Original PDFs/shsd-2012-section1.pdf#page=244
R12-8nT,,Regulatory Signs,SIGN_VAR3_R12-8nT.svg,54.0x8.5 in,scaled from the dimensioned R12-8nT drawing (thumbnail); 13 legend glyph(s) outlined from the sheet's embedded font(s),Original PDFs/shsd-2012-section1.pdf#page=244
R12-8nT,,Regulatory Signs,SIGN_VAR4_R12-8nT.svg,54.0x27.2 in,scaled from the dimensioned R12-8nT drawing (thumbnail); 27 legend glyph(s) outlined from the sheet's embedded font(s),Original PDFs/shsd-2012-section1.pdf#page=244
R12-9T,,Regulatory Signs,SIGN_R12-9T.svg,24.0x36.4 in,scale from the drawing's overall width dimension (24.0 in),Original PDFs/shsd-2012-section1.pdf#page=245
R12-9aT,TEXAS,Regulatory Signs,TEXAS_R12-9aT.svg,48.0x60.4 in,scale from the drawing's overall width dimension (48.0 in),Original PDFs/shsd-2012-section1.pdf#page=246
R13-1T,ALL COMMERCIAL VEH &  BUSES NEXT RIGHT WHEN FLASHING,Regulatory Signs,ALL_COMMERCIAL_VEH_BUSES_NEXT_RIGHT_WHEN_FLASHING_R13-1T.svg,96.0x48.0 in,"size 96 in: smallest table row (no conventional-road marker, no earlier edition of this code) — check; 48 legend glyph(s) outlined from the sheet's embedded font(s)",Original PDFs/shsd-2012-section1.pdf#page=247
R13-1TPR,ALL TRUCKS NEXT RIGHT,Regulatory Signs,ALL_TRUCKS_NEXT_RIGHT_R13-1TPR.svg,72.0x29.1 in,"size 72 in: smallest table row (no conventional-road marker, no earlier edition of this code) — check",Original PDFs/shsd-2012-section1.pdf#page=248
R13-1TPL,ALL TRUCKS NEXT LEFT,Regulatory Signs,ALL_TRUCKS_NEXT_LEFT_R13-1TPL.svg,72.0x30.0 in,"size 72 in: smallest table row (no conventional-road marker, no earlier edition of this code) — check",Original PDFs/shsd-2012-section1.pdf#page=248
R13-1aT,ALL TRUCKS MUST STOP AHEAD,Regulatory Signs,ALL_TRUCKS_MUST_STOP_AHEAD_R13-1aT.svg,48.5x18.0 in,scale from the drawing's overall height dimension (18.0 in),Original PDFs/shsd-2012-section1.pdf#page=249
R13-1aT,ALL TRUCKS MUST STOP AHEAD,Regulatory Signs,ALL_TRUCKS_MUST_STOP_AHEAD_VAR2_R13-1aT.svg,48.5x18.0 in,scaled from the dimensioned R13-1aT drawing (thumbnail),Original PDFs/shsd-2012-section1.pdf#page=249
R13-1bT,TRUCKS-BUSES MUST STOP AHEAD,Regulatory Signs,TRUCKS_BUSES_MUST_STOP_AHEAD_R13-1bT.svg,60.9x18.0 in,scale from the drawing's overall height dimension (18.0 in),Original PDFs/shsd-2012-section1.pdf#page=250
R13-1bT,TRUCKS-BUSES MUST STOP AHEAD,Regulatory Signs,TRUCKS_BUSES_MUST_STOP_AHEAD_VAR2_R13-1bT.svg,60.9x18.0 in,scaled from the dimensioned R13-1bT drawing (thumbnail),Original PDFs/shsd-2012-section1.pdf#page=250
R13-1cT,ALL TRUCKS NEXT RIGHT WHEN FLASHING,Regulatory Signs,ALL_TRUCKS_NEXT_RIGHT_WHEN_FLASHING_R13-1cT.svg,48.0x36.9 in,"size 48 in: smallest table row (no conventional-road marker, no earlier edition of this code) — check",Original PDFs/shsd-2012-section1.pdf#page=251
R13-2T,ALL VEHICLES MUST STOP AHEAD WHEN FLASHING,Regulatory Signs,ALL_VEHICLES_MUST_STOP_AHEAD_WHEN_FLASHING_R13-2T.svg,90.0x71.3 in,scale from the drawing's overall width dimension (90.0 in),Original PDFs/shsd-2012-section1.pdf#page=252
R13-3T,USE LOW BEAMS,Regulatory Signs,USE_LOW_BEAMS_R13-3T.svg,60.0x30.0 in,scale from the drawing's overall width dimension (60.0 in),Original PDFs/shsd-2012-section1.pdf#page=252
R13-7T,LIVESTOCK POULTRY - EXOTICS INSPECTION STATION NEXT RIGHT,Regulatory Signs,LIVESTOCK_POULTRY_EXOTICS_INSPECTION_STATION_NEXT_RIGHT_R13-7T.svg,216.0x93.8 in,scale from the drawing's overall width dimension (216.0 in),Original PDFs/shsd-2012-section1.pdf#page=253
R13-7aTP,OPEN STATION,Regulatory Signs,OPEN_STATION_R13-7aTP.svg,49.2x18.0 in,scale from the drawing's overall height dimension (18.0 in),Original PDFs/shsd-2012-section1.pdf#page=253
R13-7aTP,OPEN STATION,Regulatory Signs,OPEN_STATION_VAR2_R13-7aTP.svg,49.2x36.9 in,scaled from the dimensioned R13-7aTP drawing (thumbnail),Original PDFs/shsd-2012-section1.pdf#page=253
R14-1,TRUCK ROUTE,Regulatory Signs,,,same code as the base pack: use Federal (MUTCD 2023)/SVGs/TRUCK_ROUTE_R14-1.svg (was: scale from the drawing's overall width dimension (24.0 in)),Original PDFs/shsd-2012-section1.pdf#page=254
R14-2,TEXAS,Regulatory Signs,,,same code as the base pack: use Federal (MUTCD 2023)/SVGs/HAZARDOUS_MATERIAL_ROUTE_R14-2.svg (was: size 24 in: conventional-road row for R14-2 in the 2004/2012 sheets (2024 table has no marker)),Original PDFs/shsd-2012-section1.pdf#page=255
R14-3,TEXAS,Regulatory Signs,,,same code as the base pack: use Federal (MUTCD 2023)/SVGs/HAZARDOUS_MATERIAL_PROHIBITION_R14-3.svg (was: size 24 in: conventional-road row for R14-3 in the 2004/2012 sheets (2024 table has no marker)),Original PDFs/shsd-2012-section1.pdf#page=256
R14-6T,TEXAS,Regulatory Signs,TEXAS_R14-6T.svg,216.0x93.7 in,scale from the drawing's overall width dimension (216.0 in),Original PDFs/shsd-2012-section1.pdf#page=257
R15-4,,Regulatory Signs,SIGN_R15-4.svg,24.0x11.5 in,scale from the drawing's overall width dimension (24.0 in),Original PDFs/shsd-2012-section1.pdf#page=259
R15-3P,,Regulatory Signs,,,same code as the base pack: use Federal (MUTCD 2023)/SVGs/EXEMPT_PLAQUE_R15-3P.svg (was: no size table or width dimension read; drawn at page scale (1 pt = 0.1 in)),Original PDFs/shsd-2012-section1.pdf#page=259
R15-3P,,Regulatory Signs,,,same code as the base pack: use Federal (MUTCD 2023)/SVGs/EXEMPT_PLAQUE_R15-3P.svg (was: scale from the drawing's overall width dimension (24.0 in)),Original PDFs/shsd-2012-section1.pdf#page=259
R15-3P,,Regulatory Signs,,,same code as the base pack: use Federal (MUTCD 2023)/SVGs/EXEMPT_PLAQUE_R15-3P.svg (was: scaled from the dimensioned R15-3P drawing (thumbnail)),Original PDFs/shsd-2012-section1.pdf#page=259
R15-3P,,Regulatory Signs,,,same code as the base pack: use Federal (MUTCD 2023)/SVGs/EXEMPT_PLAQUE_R15-3P.svg (was: scaled from the dimensioned R15-3P drawing (thumbnail)),Original PDFs/shsd-2012-section1.pdf#page=259
R15-4b,LIGHT RAIL ONLY LEFT LANE,Regulatory Signs,,,same code as the base pack: use Federal (MUTCD 2023)/SVGs/LIGHT_RAIL_ONLY_R15-4b.svg (was: no size table or width dimension read; drawn at page scale (1 pt = 0.1 in)),Original PDFs/shsd-2012-section1.pdf#page=260
R15-5,LIGHT RAIL DO NOT PASS,Regulatory Signs,,,same code as the base pack: use Federal (MUTCD 2023)/SVGs/LIGHT_RAIL_DO_NOT_PASS_R15-5.svg (was: no size table or width dimension read; drawn at page scale (1 pt = 0.1 in)),Original PDFs/shsd-2012-section1.pdf#page=261
R15-5a,,Regulatory Signs,,,same code as the base pack: use Federal (MUTCD 2023)/SVGs/DO_NOT_PASS_STOPPED_TRAIN_R15-5a.svg (was: no size table or width dimension read; drawn at page scale (1 pt = 0.1 in)),Original PDFs/shsd-2012-section1.pdf#page=262
R15-6a,DO NOT DRIVE ON TRACKS,Regulatory Signs,,,same code as the base pack: use Federal (MUTCD 2023)/SVGs/DO_NOT_DRIVE_ON_TRACKS_R15-6a.svg (was: no size table or width dimension read; drawn at page scale (1 pt = 0.1 in)),Original PDFs/shsd-2012-section1.pdf#page=263
R15-7,,Regulatory Signs,,,same code as the base pack: use Federal (MUTCD 2023)/SVGs/LIGHT_RAIL_DIVIDED_HIGHWAY_SYMBOL_R15-7.svg (was: no size table or width dimension read; drawn at page scale (1 pt = 0.1 in)),Original PDFs/shsd-2012-section1.pdf#page=264
R15-7a,,Regulatory Signs,,,same code as the base pack: use Federal (MUTCD 2023)/SVGs/LIGHT_RAIL_DIVIDED_HIGHWAY_SYMBOL_T_INTERSECTION_R15-7a.svg (was: no size table or width dimension read; drawn at page scale (1 pt = 0.1 in)),Original PDFs/shsd-2012-section1.pdf#page=265
R15-8,LOOK (Arrow),Regulatory Signs,,,same code as the base pack: use Federal (MUTCD 2023)/SVGs/LOOK_R15-8.svg (was: size 36 in: conventional-road row for R15-8 in the 2004/2012 sheets (2024 table has no marker)),Original PDFs/shsd-2012-section1.pdf#page=266
R16-4,FENDER BENDER MOVE VEH FROM TRAVEL LANE,Regulatory Signs,,,"same code as the base pack: use Federal (MUTCD 2023)/SVGs/MINOR_CRASHES_MOVE_VEHICLES_FROM_TRAVEL_LANES_R16-4.svg (was: size 36 in: smallest table row (no conventional-road marker, no earlier edition of this code) — check)",Original PDFs/shsd-2012-section1.pdf#page=267
R16-4,FENDER BENDER MOVE VEH FROM TRAVEL LANE,Regulatory Signs,,,"same code as the base pack: use Federal (MUTCD 2023)/SVGs/MINOR_CRASHES_MOVE_VEHICLES_FROM_TRAVEL_LANES_R16-4.svg (was: size 36 in: smallest table row (no conventional-road marker, no earlier edition of this code) — check)",Original PDFs/shsd-2012-section1.pdf#page=267
R19-1T,STOP FOR SCHOOL BUS LOADING OR UNLOADING,Regulatory Signs,STOP_FOR_SCHOOL_BUS_LOADING_OR_UNLOADING_R19-1T.svg,48.0x60.4 in,scale from the drawing's overall width dimension (48.0 in),Original PDFs/shsd-2012-section1.pdf#page=268
R19-3T,DAMAGING TREES OR PLANTS ON HIGHWAYS PROHIBITED BY LAW,Regulatory Signs,DAMAGING_TREES_OR_PLANTS_ON_HIGHWAYS_PROHIBITED_BY_LAW_R19-3T.svg,36.0x17.6 in,scale from the drawing's overall width dimension (36.0 in),Original PDFs/shsd-2012-section1.pdf#page=269
R19-3aT,RESTRICTED ACTIVITY AREA (with Symbol),Regulatory Signs,RESTRICTED_ACTIVITY_AREA_WITH_SYMBOL_R19-3aT.svg,18.0x24.0 in,scale from the drawing's overall width dimension (18.0 in),Original PDFs/shsd-2012-section1.pdf#page=270
R19-3bT,CIRCLE/DIA       - RED,Regulatory Signs,CIRCLE_DIA_RED_R19-3bT.svg,9.0x12.0 in,scale from the drawing's overall width dimension (9.0 in),Original PDFs/shsd-2012-section1.pdf#page=271
R19-4T,TEXAS,Regulatory Signs,TEXAS_R19-4T.svg,30.0x14.6 in,scale from the drawing's overall width dimension (30.0 in),Original PDFs/shsd-2012-section1.pdf#page=272
R19-5T,NO DUMPING ALLOWED,Regulatory Signs,NO_DUMPING_ALLOWED_R19-5T.svg,24.0x30.2 in,scale from the drawing's overall width dimension (24.0 in),Original PDFs/shsd-2012-section1.pdf#page=273
R19-6aT,TEXAS,Regulatory Signs,TEXAS_R19-6aT.svg,48.0x29.6 in,scale from the drawing's overall width dimension (48.0 in),Original PDFs/shsd-2012-section1.pdf#page=274
R19-6T,LITTERING PROHIBITED $ FINE STATE LAW,Regulatory Signs,LITTERING_PROHIBITED_FINE_STATE_LAW_R19-6T.svg,48.0x29.6 in,no dimension of its own; drawn to the same size as R19-6aT on the sheet — check,Original PDFs/shsd-2012-section1.pdf#page=274
R19-6bT,TEXAS,Regulatory Signs,TEXAS_R19-6bT.svg,3.5x3.2 in,"size 3.5 in: smallest table row (no conventional-road marker, no earlier edition of this code) — check",Original PDFs/shsd-2012-section1.pdf#page=275
R19-7T,NO FISHING FROM BRIDGE,Regulatory Signs,NO_FISHING_FROM_BRIDGE_R19-7T.svg,24.0x30.2 in,"size 24 in: smallest table row (no conventional-road marker, no earlier edition of this code) — check",Original PDFs/shsd-2012-section1.pdf#page=277
R19-8T,FASTEN SAFETY BELTS STATE LAW,Regulatory Signs,FASTEN_SAFETY_BELTS_STATE_LAW_R19-8T.svg,30.0x30.0 in,size 30 in: no conventional-road marker in the table and no earlier edition of this code; 30 in diamond chosen — check,Original PDFs/shsd-2012-section1.pdf#page=278
R19-10aT,BURN BAN IN EFFECT,Regulatory Signs,BURN_BAN_IN_EFFECT_R19-10aT.svg,30.3x17.0 in,no size table or width dimension read; drawn at page scale (1 pt = 0.1 in),Original PDFs/shsd-2012-section1.pdf#page=280
R19-10aT,BURN BAN IN EFFECT,Regulatory Signs,BURN_BAN_IN_EFFECT_VAR2_R19-10aT.svg,24.0x13.6 in,scale from the drawing's overall width dimension (24.0 in),Original PDFs/shsd-2012-section1.pdf#page=280
R19-10bT,COUNTY BURN BAN IN EFFECT,Regulatory Signs,COUNTY_BURN_BAN_IN_EFFECT_R19-10bT.svg,30.0x36.0 in,scale from the drawing's overall height dimension (36.0 in),Original PDFs/shsd-2012-section1.pdf#page=281
R20-1TP,TEXAS,Regulatory Signs,TEXAS_R20-1TP.svg,24.0x17.8 in,scale from the drawing's overall width dimension (24.0 in),Original PDFs/shsd-2012-section1.pdf#page=282
R19-11T,NON-MOW AREA,Regulatory Signs,NON_MOW_AREA_R19-11T.svg,18.0x12.0 in,scale from the drawing's overall width dimension (18.0 in),Original PDFs/shsd-2012-section1.pdf#page=282
R20-4TP,X MILES AHEAD (Plaque),Regulatory Signs,X_MILES_AHEAD_PLAQUE_R20-4TP.svg,48.0x23.2 in,scale from the drawing's overall width dimension (48.0 in),Original PDFs/shsd-2012-section1.pdf#page=283
R20-4TP,X MILES AHEAD (Plaque),Regulatory Signs,X_MILES_AHEAD_PLAQUE_VAR2_R20-4TP.svg,48.0x31.7 in,scaled from the dimensioned R20-4TP drawing (thumbnail),Original PDFs/shsd-2012-section1.pdf#page=283
R23-1T,NO TRESPASSING CONSTRUCTION PERSONNEL ONLY,Regulatory Signs,NO_TRESPASSING_CONSTRUCTION_PERSONNEL_ONLY_R23-1T.svg,24.0x36.4 in,scale from the drawing's overall width dimension (24.0 in),Original PDFs/shsd-2012-section1.pdf#page=284
R23-1aT,NO TRESPASSING CONSTRUCTION PERSONNEL ONLY,Regulatory Signs,NO_TRESPASSING_CONSTRUCTION_PERSONNEL_ONLY_R23-1aT.svg,48.0x24.0 in,scale from the drawing's overall width dimension (48.0 in),Original PDFs/shsd-2012-section1.pdf#page=284
R24-1T,INFORMATION CONTACT LOCAL WATER XXXX,Regulatory Signs,INFORMATION_CONTACT_LOCAL_WATER_XXXX_R24-1T.svg,24.0x36.4 in,scale from the drawing's overall width dimension (24.0 in),Original PDFs/shsd-2012-section1.pdf#page=285
R25-1T,Firearms,Regulatory Signs,FIREARMS_R25-1T.svg,36.0x36.0 in,scale from the drawing's overall width dimension (36.0 in),Original PDFs/shsd-2012-section1.pdf#page=286
R25-1aT,PROHIBITED,Regulatory Signs,PROHIBITED_R25-1aT.svg,37.1x12.0 in,scale from the drawing's overall height dimension (12.0 in),Original PDFs/shsd-2012-section1.pdf#page=286
R25-2T,WARNING ILLEGAL TO CARRY FIREARMS -,Regulatory Signs,WARNING_ILLEGAL_TO_CARRY_FIREARMS_R25-2T.svg,121.5x48.0 in,no size table or width dimension read; drawn at page scale (1 pt = 0.1 in); 3 smaller detail drawing(s) beside it on the sheet not extracted,Original PDFs/shsd-2012-section1.pdf#page=287
R25-2T,WARNING ILLEGAL TO CARRY FIREARMS -,Regulatory Signs,WARNING_ILLEGAL_TO_CARRY_FIREARMS_RED_R25-2T.svg,121.5x16.0 in,no size table or width dimension read; drawn at page scale (1 pt = 0.1 in); 3 smaller detail drawing(s) beside it on the sheet not extracted,Original PDFs/shsd-2012-section1.pdf#page=287
R25-2aT,TEXAS,Regulatory Signs,TEXAS_R25-2aT.svg,1.3x61.2 in,no size table or width dimension read; drawn at page scale (1 pt = 0.1 in); 4 smaller detail drawing(s) beside it on the sheet not extracted,Original PDFs/shsd-2012-section1.pdf#page=288
R25-2aT,TEXAS,Regulatory Signs,TEXAS_RED_R25-2aT.svg,142.1x24.7 in,no size table or width dimension read; drawn at page scale (1 pt = 0.1 in); 4 smaller detail drawing(s) beside it on the sheet not extracted,Original PDFs/shsd-2012-section1.pdf#page=288
W1-1R,,Warning Signs,,,same code as the base pack: use Federal (MUTCD 2023)/SVGs/HORIZONTAL_ALIGNMENT_TURN_W1-1R.svg (was: size 30 in: conventional-road row for W1-1 in the 2004/2012 sheets (2024 table has no marker)),Original PDFs/shsd-2012-section2.pdf#page=3
W1-1L,,Warning Signs,,,same code as the base pack: use Federal (MUTCD 2023)/SVGs/HORIZONTAL_ALIGNMENT_TURN_W1-1L.svg (was: size 30 in: conventional-road row for W1-1 in the 2004/2012 sheets (2024 table has no marker)),Original PDFs/shsd-2012-section2.pdf#page=3
W1-1L,,Warning Signs,,,same code as the base pack: use Federal (MUTCD 2023)/SVGs/HORIZONTAL_ALIGNMENT_TURN_W1-1L.svg (was: size 30 in: conventional-road row for W1-1 in the 2004/2012 sheets (2024 table has no marker)),Original PDFs/shsd-2012-section2.pdf#page=3
W1-1aR,,Warning Signs,SIGN_W1-1aR.svg,50.9x50.9 in,"size 36 in: smallest table row (no conventional-road marker, no earlier edition of this code) — check",Original PDFs/shsd-2012-section2.pdf#page=4
W1-1aL,,Warning Signs,SIGN_W1-1aL.svg,50.9x50.9 in,"size 36 in: smallest table row (no conventional-road marker, no earlier edition of this code) — check",Original PDFs/shsd-2012-section2.pdf#page=4
W1-2aR,,Warning Signs,,,"same code as the base pack: use Federal (MUTCD 2023)/SVGs/CURVE_ENGLISH_W1-2aR.svg (was: size 36 in: smallest table row (no conventional-road marker, no earlier edition of this code) — check)",Original PDFs/shsd-2012-section2.pdf#page=5
W1-2R,,Warning Signs,,,"same code as the base pack: use Federal (MUTCD 2023)/SVGs/HORIZONTAL_ALIGNMENT_CURVE_W1-2R.svg (was: size 36 in: smallest table row (no conventional-road marker, no earlier edition of this code) — check)",Original PDFs/shsd-2012-section2.pdf#page=5
W1-2aL,,Warning Signs,SIGN_W1-2aL.svg,50.9x50.9 in,"size 36 in: smallest table row (no conventional-road marker, no earlier edition of this code) — check",Original PDFs/shsd-2012-section2.pdf#page=5
W1-2L,,Warning Signs,,,"same code as the base pack: use Federal (MUTCD 2023)/SVGs/HORIZONTAL_ALIGNMENT_CURVE_W1-2L.svg (was: size 36 in: smallest table row (no conventional-road marker, no earlier edition of this code) — check)",Original PDFs/shsd-2012-section2.pdf#page=5
W1-3R,,Warning Signs,,,same code as the base pack: use Federal (MUTCD 2023)/SVGs/HORIZONTAL_ALIGNMENT_REVERSE_TURN_W1-3R.svg (was: size 30 in: conventional-road row for W1-3 in the 2004/2012 sheets (2024 table has no marker)),Original PDFs/shsd-2012-section2.pdf#page=6
W1-3L,,Warning Signs,,,same code as the base pack: use Federal (MUTCD 2023)/SVGs/HORIZONTAL_ALIGNMENT_REVERSE_TURN_W1-3L.svg (was: size 30 in: conventional-road row for W1-3 in the 2004/2012 sheets (2024 table has no marker)),Original PDFs/shsd-2012-section2.pdf#page=6
W1-4R,,Warning Signs,,,same code as the base pack: use Federal (MUTCD 2023)/SVGs/HORIZONTAL_ALIGNMENT_REVERSE_CURVE_W1-4R.svg (was: size 30 in: conventional-road row for W1-4 in the 2004/2012 sheets (2024 table has no marker)),Original PDFs/shsd-2012-section2.pdf#page=7
W1-4L,,Warning Signs,,,same code as the base pack: use Federal (MUTCD 2023)/SVGs/HORIZONTAL_ALIGNMENT_REVERSE_CURVE_W1-4L.svg (was: size 30 in: conventional-road row for W1-4 in the 2004/2012 sheets (2024 table has no marker)),Original PDFs/shsd-2012-section2.pdf#page=7
W1-5R,,Warning Signs,,,same code as the base pack: use Federal (MUTCD 2023)/SVGs/HORIZONTAL_ALIGNMENT_WINDING_ROAD_W1-5R.svg (was: size 30 in: conventional-road row for W1-5 in the 2004/2012 sheets (2024 table has no marker)),Original PDFs/shsd-2012-section2.pdf#page=8
W1-5L,,Warning Signs,,,same code as the base pack: use Federal (MUTCD 2023)/SVGs/HORIZONTAL_ALIGNMENT_WINDING_ROAD_W1-5L.svg (was: size 30 in: conventional-road row for W1-5 in the 2004/2012 sheets (2024 table has no marker)),Original PDFs/shsd-2012-section2.pdf#page=8
W1-6R,,Warning Signs,,,same code as the base pack: use Federal (MUTCD 2023)/SVGs/LARGE_ARROW_1_DIRECTION_W1-6R.svg (was: no size table or width dimension read; drawn at page scale (1 pt = 0.1 in)),Original PDFs/shsd-2012-section2.pdf#page=9
W1-6L,,Warning Signs,,,same code as the base pack: use Federal (MUTCD 2023)/SVGs/LARGE_ARROW_1_DIRECTION_W1-6L.svg (was: no size table or width dimension read; drawn at page scale (1 pt = 0.1 in)),Original PDFs/shsd-2012-section2.pdf#page=9
W1-7,,Warning Signs,,,same code as the base pack: use Federal (MUTCD 2023)/SVGs/LARGE_ARROW_2_DIRECTION_W1-7.svg (was: no size table or width dimension read; drawn at page scale (1 pt = 0.1 in)),Original PDFs/shsd-2012-section2.pdf#page=10
W1-7T,TEXAS,Warning Signs,TEXAS_W1-7T.svg,143.9x36.0 in,scale from the drawing's overall height dimension (36.0 in),Original PDFs/shsd-2012-section2.pdf#page=11
W1-7T,TEXAS,Warning Signs,TEXAS_VAR2_W1-7T.svg,143.9x54.2 in,scaled from the dimensioned W1-7T drawing (thumbnail),Original PDFs/shsd-2012-section2.pdf#page=11
W1-8R,,Warning Signs,,,same code as the base pack: use Federal (MUTCD 2023)/SVGs/CHEVRON_ALIGNMENT_W1-8R.svg (was: size 18 in: conventional-road row for W1-8 in the 2004/2012 sheets (2024 table has no marker)),Original PDFs/shsd-2012-section2.pdf#page=12
W1-8L,,Warning Signs,,,same code as the base pack: use Federal (MUTCD 2023)/SVGs/CHEVRON_ALIGNMENT_W1-8L.svg (was: size 18 in: conventional-road row for W1-8 in the 2004/2012 sheets (2024 table has no marker)),Original PDFs/shsd-2012-section2.pdf#page=12
W1-9TL,Chevron/One Direction Large Arrow,Warning Signs,CHEVRON_ONE_DIRECTION_LARGE_ARROW_W1-9TL.svg,143.8x36.0 in,scale from the drawing's overall height dimension (36.0 in),Original PDFs/shsd-2012-section2.pdf#page=13
W1-9TL,Chevron/One Direction Large Arrow,Warning Signs,CHEVRON_ONE_DIRECTION_LARGE_ARROW_VAR2_W1-9TL.svg,143.8x54.2 in,scaled from the dimensioned W1-9TL drawing (thumbnail),Original PDFs/shsd-2012-section2.pdf#page=13
W1-9TR,Chevron/One Direction Large Arrow,Warning Signs,CHEVRON_ONE_DIRECTION_LARGE_ARROW_W1-9TR.svg,143.8x53.9 in,scaled from the dimensioned W1-9TL drawing (thumbnail),Original PDFs/shsd-2012-section2.pdf#page=13
W1-10R,Horizontal Alignment,Warning Signs,,,same code as the base pack: use Federal (MUTCD 2023)/SVGs/COMBINATION_HORIZONTAL_ALIGNMENT_INTERSECTION_W1-10R.svg (was: size 36 in: conventional-road row for W1-10 in the 2004/2012 sheets (2024 table has no marker)),Original PDFs/shsd-2012-section2.pdf#page=14
W1-10L,Horizontal Alignment,Warning Signs,,,same code as the base pack: use Federal (MUTCD 2023)/SVGs/COMBINATION_HORIZONTAL_ALIGNMENT_INTERSECTION_W1-10L.svg (was: size 36 in: conventional-road row for W1-10 in the 2004/2012 sheets (2024 table has no marker)),Original PDFs/shsd-2012-section2.pdf#page=14
W1-10L,Horizontal Alignment,Warning Signs,,,same code as the base pack: use Federal (MUTCD 2023)/SVGs/COMBINATION_HORIZONTAL_ALIGNMENT_INTERSECTION_W1-10L.svg (was: size 36 in: conventional-road row for W1-10 in the 2004/2012 sheets (2024 table has no marker)),Original PDFs/shsd-2012-section2.pdf#page=14
W1-10aL,Combination Horizontal Arrow (Curve)/Cross Road,Warning Signs,,,"same code as the base pack: use Federal (MUTCD 2023)/SVGs/COMBINATION_HORIZONTAL_ALIGNMENT_INTERSECTION_W1-10aL.svg (was: size 36 in: smallest table row (no conventional-road marker, no earlier edition of this code) — check)",Original PDFs/shsd-2012-section2.pdf#page=15
W1-10aL,Combination Horizontal Arrow (Curve)/Cross Road,Warning Signs,,,"same code as the base pack: use Federal (MUTCD 2023)/SVGs/COMBINATION_HORIZONTAL_ALIGNMENT_INTERSECTION_W1-10aL.svg (was: size 36 in: smallest table row (no conventional-road marker, no earlier edition of this code) — check)",Original PDFs/shsd-2012-section2.pdf#page=15
W1-10aL,Combination Horizontal Arrow (Curve)/Cross Road,Warning Signs,,,"same code as the base pack: use Federal (MUTCD 2023)/SVGs/COMBINATION_HORIZONTAL_ALIGNMENT_INTERSECTION_W1-10aL.svg (was: size 36 in: smallest table row (no conventional-road marker, no earlier edition of this code) — check)",Original PDFs/shsd-2012-section2.pdf#page=15
W1-10aR,Combination Horizontal Arrow (Curve)/Cross Road,Warning Signs,,,"same code as the base pack: use Federal (MUTCD 2023)/SVGs/COMBINATION_HORIZONTAL_ALIGNMENT_INTERSECTION_W1-10aR.svg (was: size 36 in: smallest table row (no conventional-road marker, no earlier edition of this code) — check)",Original PDFs/shsd-2012-section2.pdf#page=15
W1-10bR,CLSIGN,Warning Signs,,,"same code as the base pack: use Federal (MUTCD 2023)/SVGs/COMBINATION_HORIZONTAL_ALIGNMENT_INTERSECTION_W1-10bR.svg (was: size 36 in: smallest table row (no conventional-road marker, no earlier edition of this code) — check)",Original PDFs/shsd-2012-section2.pdf#page=16
W1-10bL,CLSIGN,Warning Signs,,,"same code as the base pack: use Federal (MUTCD 2023)/SVGs/COMBINATION_HORIZONTAL_ALIGNMENT_INTERSECTION_W1-10bL.svg (was: size 36 in: smallest table row (no conventional-road marker, no earlier edition of this code) — check)",Original PDFs/shsd-2012-section2.pdf#page=16
W1-10bL,CLSIGN,Warning Signs,,,"same code as the base pack: use Federal (MUTCD 2023)/SVGs/COMBINATION_HORIZONTAL_ALIGNMENT_INTERSECTION_W1-10bL.svg (was: size 36 in: smallest table row (no conventional-road marker, no earlier edition of this code) — check)",Original PDFs/shsd-2012-section2.pdf#page=16
W1-10bL,CLSIGN,Warning Signs,,,"same code as the base pack: use Federal (MUTCD 2023)/SVGs/COMBINATION_HORIZONTAL_ALIGNMENT_INTERSECTION_W1-10bL.svg (was: size 36 in: smallest table row (no conventional-road marker, no earlier edition of this code) — check)",Original PDFs/shsd-2012-section2.pdf#page=16
W1-10cR,CLSIGN,Warning Signs,,,"same code as the base pack: use Federal (MUTCD 2023)/SVGs/COMBINATION_HORIZONTAL_ALIGNMENT_INTERSECTION_W1-10cR.svg (was: size 36 in: smallest table row (no conventional-road marker, no earlier edition of this code) — check)",Original PDFs/shsd-2012-section2.pdf#page=17
W1-10cL,CLSIGN,Warning Signs,,,"same code as the base pack: use Federal (MUTCD 2023)/SVGs/COMBINATION_HORIZONTAL_ALIGNMENT_INTERSECTION_W1-10cL.svg (was: size 36 in: smallest table row (no conventional-road marker, no earlier edition of this code) — check)",Original PDFs/shsd-2012-section2.pdf#page=17
W1-10cL,CLSIGN,Warning Signs,,,"same code as the base pack: use Federal (MUTCD 2023)/SVGs/COMBINATION_HORIZONTAL_ALIGNMENT_INTERSECTION_W1-10cL.svg (was: size 36 in: smallest table row (no conventional-road marker, no earlier edition of this code) — check)",Original PDFs/shsd-2012-section2.pdf#page=17
W1-10cL,CLSIGN,Warning Signs,,,"same code as the base pack: use Federal (MUTCD 2023)/SVGs/COMBINATION_HORIZONTAL_ALIGNMENT_INTERSECTION_W1-10cL.svg (was: size 36 in: smallest table row (no conventional-road marker, no earlier edition of this code) — check)",Original PDFs/shsd-2012-section2.pdf#page=17
W1-10dR,CLSIGN,Warning Signs,,,"same code as the base pack: use Federal (MUTCD 2023)/SVGs/COMBINATION_HORIZONTAL_ALIGNMENT_INTERSECTION_W1-10dR.svg (was: size 36 in: smallest table row (no conventional-road marker, no earlier edition of this code) — check)",Original PDFs/shsd-2012-section2.pdf#page=18
W1-10dL,CLSIGN,Warning Signs,,,"same code as the base pack: use Federal (MUTCD 2023)/SVGs/COMBINATION_HORIZONTAL_ALIGNMENT_INTERSECTION_W1-10dL.svg (was: size 36 in: smallest table row (no conventional-road marker, no earlier edition of this code) — check)",Original PDFs/shsd-2012-section2.pdf#page=18
W1-10dL,CLSIGN,Warning Signs,,,"same code as the base pack: use Federal (MUTCD 2023)/SVGs/COMBINATION_HORIZONTAL_ALIGNMENT_INTERSECTION_W1-10dL.svg (was: size 36 in: smallest table row (no conventional-road marker, no earlier edition of this code) — check)",Original PDFs/shsd-2012-section2.pdf#page=18
W1-10dL,CLSIGN,Warning Signs,,,"same code as the base pack: use Federal (MUTCD 2023)/SVGs/COMBINATION_HORIZONTAL_ALIGNMENT_INTERSECTION_W1-10dL.svg (was: size 36 in: smallest table row (no conventional-road marker, no earlier edition of this code) — check)",Original PDFs/shsd-2012-section2.pdf#page=18
W1-10eR,CLSIGN,Warning Signs,,,"same code as the base pack: use Federal (MUTCD 2023)/SVGs/COMBINATION_HORIZONTAL_ALIGNMENT_INTERSECTION_W1-10eR.svg (was: size 36 in: smallest table row (no conventional-road marker, no earlier edition of this code) — check)",Original PDFs/shsd-2012-section2.pdf#page=19
W1-10eL,CLSIGN,Warning Signs,,,"same code as the base pack: use Federal (MUTCD 2023)/SVGs/COMBINATION_HORIZONTAL_ALIGNMENT_INTERSECTION_W1-10eL.svg (was: size 36 in: smallest table row (no conventional-road marker, no earlier edition of this code) — check)",Original PDFs/shsd-2012-section2.pdf#page=19
W1-10eL,CLSIGN,Warning Signs,,,"same code as the base pack: use Federal (MUTCD 2023)/SVGs/COMBINATION_HORIZONTAL_ALIGNMENT_INTERSECTION_W1-10eL.svg (was: size 36 in: smallest table row (no conventional-road marker, no earlier edition of this code) — check)",Original PDFs/shsd-2012-section2.pdf#page=19
W1-11L,,Warning Signs,,,same code as the base pack: use Federal (MUTCD 2023)/SVGs/HAIRPIN_CURVE_W1-11L.svg (was: no size table or width dimension read; drawn at page scale (1 pt = 0.1 in)),Original PDFs/shsd-2012-section2.pdf#page=20
W1-11L,,Warning Signs,,,same code as the base pack: use Federal (MUTCD 2023)/SVGs/HAIRPIN_CURVE_W1-11L.svg (was: no size table or width dimension read; drawn at page scale (1 pt = 0.1 in)),Original PDFs/shsd-2012-section2.pdf#page=20
W1-11L,,Warning Signs,,,same code as the base pack: use Federal (MUTCD 2023)/SVGs/HAIRPIN_CURVE_W1-11L.svg (was: no size table or width dimension read; drawn at page scale (1 pt = 0.1 in)),Original PDFs/shsd-2012-section2.pdf#page=20
W1-11R,,Warning Signs,,,same code as the base pack: use Federal (MUTCD 2023)/SVGs/HAIRPIN_CURVE_W1-11R.svg (was: no size table or width dimension read; drawn at page scale (1 pt = 0.1 in)),Original PDFs/shsd-2012-section2.pdf#page=20
W1-11T,CURVE BLOCKS VIEW,Warning Signs,CURVE_BLOCKS_VIEW_W1-11T.svg,30.0x30.0 in,size 30 in: no conventional-road marker in the table and no earlier edition of this code; 30 in diamond chosen — check; 1 smaller detail drawing(s) beside it on the sheet not extracted,Original PDFs/shsd-2012-section2.pdf#page=21
W1-11T,CURVE BLOCKS VIEW,Warning Signs,CURVE_BLOCKS_VIEW_YELLOW_W1-11T.svg,42.4x42.4 in,size 30 in: no conventional-road marker in the table and no earlier edition of this code; 30 in diamond chosen — check; 1 smaller detail drawing(s) beside it on the sheet not extracted,Original PDFs/shsd-2012-section2.pdf#page=21
W1-11TP,,Warning Signs,SIGN_W1-11TP.svg,24.0x18.0 in,scale from the drawing's overall width dimension (24.0 in),Original PDFs/shsd-2012-section2.pdf#page=22
W1-13R,TEXAS,Warning Signs,,,"same code as the base pack: use Federal (MUTCD 2023)/SVGs/TRUCK_ROLLOVER_W1-13R.svg (was: size 36 in: smallest table row (no conventional-road marker, no earlier edition of this code) — check)",Original PDFs/shsd-2012-section2.pdf#page=23
W1-13L,TEXAS,Warning Signs,,,"same code as the base pack: use Federal (MUTCD 2023)/SVGs/TRUCK_ROLLOVER_W1-13L.svg (was: size 36 in: smallest table row (no conventional-road marker, no earlier edition of this code) — check)",Original PDFs/shsd-2012-section2.pdf#page=23
W1-15,,Warning Signs,,,same code as the base pack: use Federal (MUTCD 2023)/SVGs/270_DEGREE_LOOP_W1-15.svg (was: size 30 in: conventional-road row for W1-15 in the 2004/2012 sheets (2024 table has no marker)),Original PDFs/shsd-2012-section2.pdf#page=24
W1-15,,Warning Signs,,,same code as the base pack: use Federal (MUTCD 2023)/SVGs/270_DEGREE_LOOP_W1-15.svg (was: size 30 in: conventional-road row for W1-15 in the 2004/2012 sheets (2024 table has no marker)),Original PDFs/shsd-2012-section2.pdf#page=24
W2-1,,Warning Signs,,,same code as the base pack: use Federal (MUTCD 2023)/SVGs/INTERSECTION_WARNING_CROSSROAD_W2-1.svg (was: size 30 in: conventional-road row for W2-1 in the 2004/2012 sheets (2024 table has no marker)),Original PDFs/shsd-2012-section2.pdf#page=25
W2-1aT,HIGHWAY INTERSECTION AHEAD,Warning Signs,HIGHWAY_INTERSECTION_AHEAD_W2-1aT.svg,18.4x18.4 in,no size table or width dimension read; drawn at page scale (1 pt = 0.1 in); 1 smaller detail drawing(s) beside it on the sheet not extracted,Original PDFs/shsd-2012-section2.pdf#page=26
W2-1aT,HIGHWAY INTERSECTION AHEAD,Warning Signs,HIGHWAY_INTERSECTION_AHEAD_YELLOW_W2-1aT.svg,67.9x67.9 in,scale from the drawing's side dimension (48.0 in); 1 smaller detail drawing(s) beside it on the sheet not extracted,Original PDFs/shsd-2012-section2.pdf#page=26
W2-2R,Side Road - 90 Degree,Warning Signs,,,same code as the base pack: use Federal (MUTCD 2023)/SVGs/INTERSECTION_WARNING_SIDE_ROAD_W2-2R.svg (was: size 30 in: conventional-road row for W2-2 in the 2004/2012 sheets (2024 table has no marker)),Original PDFs/shsd-2012-section2.pdf#page=27
W2-2L,Side Road - 90 Degree,Warning Signs,,,same code as the base pack: use Federal (MUTCD 2023)/SVGs/INTERSECTION_WARNING_SIDE_ROAD_W2-2L.svg (was: size 30 in: conventional-road row for W2-2 in the 2004/2012 sheets (2024 table has no marker)),Original PDFs/shsd-2012-section2.pdf#page=27
W2-3R,,Warning Signs,,,same code as the base pack: use Federal (MUTCD 2023)/SVGs/INTERSECTION_WARNING_OBLIQUE_SIDE_ROAD_OBTUSE_W2-3R.svg (was: size 30 in: conventional-road row for W2-3 in the 2004/2012 sheets (2024 table has no marker)),Original PDFs/shsd-2012-section2.pdf#page=28
W2-3L,,Warning Signs,,,same code as the base pack: use Federal (MUTCD 2023)/SVGs/INTERSECTION_WARNING_OBLIQUE_SIDE_ROAD_OBTUSE_W2-3L.svg (was: size 30 in: conventional-road row for W2-3 in the 2004/2012 sheets (2024 table has no marker)),Original PDFs/shsd-2012-section2.pdf#page=28
W2-4,,Warning Signs,,,same code as the base pack: use Federal (MUTCD 2023)/SVGs/INTERSECTION_WARNING_T_INTERSECTION_W2-4.svg (was: size 30 in: conventional-road row for W2-4 in the 2004/2012 sheets (2024 table has no marker)),Original PDFs/shsd-2012-section2.pdf#page=29
W2-5,,Warning Signs,,,same code as the base pack: use Federal (MUTCD 2023)/SVGs/INTERSECTION_WARNING_Y_INTERSECTION_W2-5.svg (was: size 30 in: conventional-road row for W2-5 in the 2004/2012 sheets (2024 table has no marker)),Original PDFs/shsd-2012-section2.pdf#page=30
W2-6,,Warning Signs,,,same code as the base pack: use Federal (MUTCD 2023)/SVGs/INTERSECTION_WARNING_CIRCULAR_W2-6.svg (was: size 24 in: conventional-road row for W2-6 in the 2004/2012 sheets (2024 table has no marker)),Original PDFs/shsd-2012-section2.pdf#page=31
W2-6,,Warning Signs,,,same code as the base pack: use Federal (MUTCD 2023)/SVGs/INTERSECTION_WARNING_CIRCULAR_W2-6.svg (was: size 24 in: conventional-road row for W2-6 in the 2004/2012 sheets (2024 table has no marker)),Original PDFs/shsd-2012-section2.pdf#page=31
W2-6aT,TRAFFIC ISLANDS AHEAD,Warning Signs,TRAFFIC_ISLANDS_AHEAD_W2-6aT.svg,18.5x18.5 in,no size table or width dimension read; drawn at page scale (1 pt = 0.1 in); 1 smaller detail drawing(s) beside it on the sheet not extracted,Original PDFs/shsd-2012-section2.pdf#page=32
W2-6aT,TRAFFIC ISLANDS AHEAD,Warning Signs,TRAFFIC_ISLANDS_AHEAD_YELLOW_W2-6aT.svg,50.9x50.9 in,scale from the drawing's side dimension (36.0 in); 1 smaller detail drawing(s) beside it on the sheet not extracted,Original PDFs/shsd-2012-section2.pdf#page=32
W2-7L,,Warning Signs,,,"same code as the base pack: use Federal (MUTCD 2023)/SVGs/INTERSECTION_WARNING_OFFSET_SIDE_ROADS_W2-7L.svg (was: size 24 in: smallest table row (no conventional-road marker, no earlier edition of this code) — check; 1 smaller detail drawing(s) beside it on the sheet not extracted)",Original PDFs/shsd-2012-section2.pdf#page=33
W2-7L,,Warning Signs,,,same code as the base pack: use Federal (MUTCD 2023)/SVGs/INTERSECTION_WARNING_OFFSET_SIDE_ROADS_W2-7L.svg (was: size 30 in: no conventional-road marker in the table and no earlier edition of this code; 30 in diamond chosen — check; 1 smaller detail drawing(s) beside it on the sheet not extracted),Original PDFs/shsd-2012-section2.pdf#page=33
W2-7R,TEXAS,Warning Signs,,,"same code as the base pack: use Federal (MUTCD 2023)/SVGs/INTERSECTION_WARNING_OFFSET_SIDE_ROADS_W2-7R.svg (was: size 24 in: smallest table row (no conventional-road marker, no earlier edition of this code) — check; 1 smaller detail drawing(s) beside it on the sheet not extracted)",Original PDFs/shsd-2012-section2.pdf#page=34
W2-7R,TEXAS,Warning Signs,,,same code as the base pack: use Federal (MUTCD 2023)/SVGs/INTERSECTION_WARNING_OFFSET_SIDE_ROADS_W2-7R.svg (was: size 30 in: no conventional-road marker in the table and no earlier edition of this code; 30 in diamond chosen — check; 1 smaller detail drawing(s) beside it on the sheet not extracted),Original PDFs/shsd-2012-section2.pdf#page=34
W2-8R,TEXAS,Warning Signs,,,"same code as the base pack: use Federal (MUTCD 2023)/SVGs/INTERSECTION_WARNING_SIDE_ROADS_W2-8R.svg (was: size 24 in: smallest table row (no conventional-road marker, no earlier edition of this code) — check)",Original PDFs/shsd-2012-section2.pdf#page=35
W2-8R,TEXAS,Warning Signs,,,same code as the base pack: use Federal (MUTCD 2023)/SVGs/INTERSECTION_WARNING_SIDE_ROADS_W2-8R.svg (was: size 30 in: no conventional-road marker in the table and no earlier edition of this code; 30 in diamond chosen — check),Original PDFs/shsd-2012-section2.pdf#page=35
W2-8R,TEXAS,Warning Signs,,,same code as the base pack: use Federal (MUTCD 2023)/SVGs/INTERSECTION_WARNING_SIDE_ROADS_W2-8R.svg (was: size 30 in: no conventional-road marker in the table and no earlier edition of this code; 30 in diamond chosen — check),Original PDFs/shsd-2012-section2.pdf#page=35
W2-8L,TEXAS,Warning Signs,,,same code as the base pack: use Federal (MUTCD 2023)/SVGs/INTERSECTION_WARNING_SIDE_ROADS_W2-8L.svg (was: size 30 in: no conventional-road marker in the table and no earlier edition of this code; 30 in diamond chosen — check),Original PDFs/shsd-2012-section2.pdf#page=35
W3-1,,Warning Signs,,,same code as the base pack: use Federal (MUTCD 2023)/SVGs/STOP_AHEAD_W3-1.svg (was: size 18 in: conventional-road row for W3-1 in the 2004/2012 sheets (2024 table has no marker)),Original PDFs/shsd-2012-section2.pdf#page=36
W3-2,,Warning Signs,,,same code as the base pack: use Federal (MUTCD 2023)/SVGs/YIELD_AHEAD_W3-2.svg (was: size 18 in: conventional-road row for W3-2 in the 2004/2012 sheets (2024 table has no marker)),Original PDFs/shsd-2012-section2.pdf#page=37
W3-3,TOP CIRCLE          - RED,Warning Signs,,,same code as the base pack: use Federal (MUTCD 2023)/SVGs/SIGNAL_AHEAD_W3-3.svg (was: size 18 in: conventional-road row for W3-3 in the 2004/2012 sheets (2024 table has no marker)),Original PDFs/shsd-2012-section2.pdf#page=38
W3-4,BE PREPARED TO STOP,Warning Signs,,,same code as the base pack: use Federal (MUTCD 2023)/SVGs/BE_PREPARED_TO_STOP_W3-4.svg (was: size 36 in: conventional-road row for W3-4 in the 2004/2012 sheets (2024 table has no marker); 1 smaller detail drawing(s) beside it on the sheet not extracted),Original PDFs/shsd-2012-section2.pdf#page=39
W3-4,BE PREPARED TO STOP,Warning Signs,,,same code as the base pack: use Federal (MUTCD 2023)/SVGs/BE_PREPARED_TO_STOP_W3-4.svg (was: size 36 in: conventional-road row for W3-4 in the 2004/2012 sheets (2024 table has no marker); 1 smaller detail drawing(s) beside it on the sheet not extracted),Original PDFs/shsd-2012-section2.pdf#page=39
W3-5,,Warning Signs,,,same code as the base pack: use Federal (MUTCD 2023)/SVGs/REDUCED_SPEED_LIMIT_AHEAD_W3-5.svg (was: size 36 in: conventional-road row for W3-5 in the 2004/2012 sheets (2024 table has no marker); 1 smaller detail drawing(s) beside it on the sheet not extracted),Original PDFs/shsd-2012-section2.pdf#page=40
W3-6,DRAW BRIDGE,Warning Signs,,,same code as the base pack: use Federal (MUTCD 2023)/SVGs/DRAW_BRIDGE_W3-6.svg (was: size 36 in: conventional-road row for W3-6 in the 2004/2012 sheets (2024 table has no marker)),Original PDFs/shsd-2012-section2.pdf#page=41
W3-6,DRAW BRIDGE,Warning Signs,,,same code as the base pack: use Federal (MUTCD 2023)/SVGs/DRAW_BRIDGE_W3-6.svg (was: size 36 in: conventional-road row for W3-6 in the 2004/2012 sheets (2024 table has no marker)),Original PDFs/shsd-2012-section2.pdf#page=41
W3-7,RAMP METER AHEAD,Warning Signs,,,same code as the base pack: use Federal (MUTCD 2023)/SVGs/RAMP_METER_AHEAD_W3-7.svg (was: scale from the drawing's side dimension (36.0 in)),Original PDFs/shsd-2012-section2.pdf#page=42
W3-7,RAMP METER AHEAD,Warning Signs,,,same code as the base pack: use Federal (MUTCD 2023)/SVGs/RAMP_METER_AHEAD_W3-7.svg (was: scaled from the dimensioned W3-7 drawing (thumbnail)),Original PDFs/shsd-2012-section2.pdf#page=42
W3-7aT,RAMP SIGNAL AHEAD,Warning Signs,RAMP_SIGNAL_AHEAD_W3-7aT.svg,18.6x18.6 in,no size table or width dimension read; drawn at page scale (1 pt = 0.1 in); 1 smaller detail drawing(s) beside it on the sheet not extracted,Original PDFs/shsd-2012-section2.pdf#page=43
W3-7aT,RAMP SIGNAL AHEAD,Warning Signs,RAMP_SIGNAL_AHEAD_YELLOW_W3-7aT.svg,50.9x50.9 in,scale from the drawing's side dimension (36.0 in); 1 smaller detail drawing(s) beside it on the sheet not extracted,Original PDFs/shsd-2012-section2.pdf#page=43
W3-8,RAMP METERED WHEN FLASHING,Warning Signs,,,"same code as the base pack: use Federal (MUTCD 2023)/SVGs/RAMP_METERED_WHEN_FLASHING_W3-8.svg (was: size 36 in: smallest table row (no conventional-road marker, no earlier edition of this code) — check; 1 smaller detail drawing(s) beside it on the sheet not extracted)",Original PDFs/shsd-2012-section2.pdf#page=44
W3-8,RAMP METERED WHEN FLASHING,Warning Signs,,,"same code as the base pack: use Federal (MUTCD 2023)/SVGs/RAMP_METERED_WHEN_FLASHING_W3-8.svg (was: size 36 in: smallest table row (no conventional-road marker, no earlier edition of this code) — check; 1 smaller detail drawing(s) beside it on the sheet not extracted)",Original PDFs/shsd-2012-section2.pdf#page=44
W4-1R,,Warning Signs,,,same code as the base pack: use Federal (MUTCD 2023)/SVGs/MERGE_W4-1R.svg (was: size 36 in: conventional-road row for W4-1 in the 2004/2012 sheets (2024 table has no marker)),Original PDFs/shsd-2012-section2.pdf#page=45
W4-1L,,Warning Signs,,,same code as the base pack: use Federal (MUTCD 2023)/SVGs/MERGE_W4-1L.svg (was: size 36 in: conventional-road row for W4-1 in the 2004/2012 sheets (2024 table has no marker)),Original PDFs/shsd-2012-section2.pdf#page=45
W4-1aTL,THRU TRAFFIC MERGE LEFT,Warning Signs,THRU_TRAFFIC_MERGE_LEFT_W4-1aTL.svg,50.9x50.9 in,"size 36 in: smallest table row (no conventional-road marker, no earlier edition of this code) — check",Original PDFs/shsd-2012-section2.pdf#page=46
W4-1aTR,THRU TRAFFIC MERGE LEFT,Warning Signs,THRU_TRAFFIC_MERGE_LEFT_W4-1aTR.svg,50.9x50.9 in,"size 36 in: smallest table row (no conventional-road marker, no earlier edition of this code) — check",Original PDFs/shsd-2012-section2.pdf#page=46
W4-2R,,Warning Signs,,,same code as the base pack: use Federal (MUTCD 2023)/SVGs/LANE_ENDS_W4-2R.svg (was: size 30 in: conventional-road row for W4-2 in the 2004/2012 sheets (2024 table has no marker)),Original PDFs/shsd-2012-section2.pdf#page=47
W4-2R,,Warning Signs,,,same code as the base pack: use Federal (MUTCD 2023)/SVGs/LANE_ENDS_W4-2R.svg (was: size 30 in: conventional-road row for W4-2 in the 2004/2012 sheets (2024 table has no marker)),Original PDFs/shsd-2012-section2.pdf#page=47
W4-2L,,Warning Signs,,,same code as the base pack: use Federal (MUTCD 2023)/SVGs/LANE_ENDS_W4-2L.svg (was: size 30 in: conventional-road row for W4-2 in the 2004/2012 sheets (2024 table has no marker)),Original PDFs/shsd-2012-section2.pdf#page=47
W4-2L,,Warning Signs,,,same code as the base pack: use Federal (MUTCD 2023)/SVGs/LANE_ENDS_W4-2L.svg (was: size 30 in: conventional-road row for W4-2 in the 2004/2012 sheets (2024 table has no marker)),Original PDFs/shsd-2012-section2.pdf#page=47
W4-3R,,Warning Signs,,,same code as the base pack: use Federal (MUTCD 2023)/SVGs/ADDED_LANE_W4-3R.svg (was: size 30 in: conventional-road row for W4-3 in the 2004/2012 sheets (2024 table has no marker)),Original PDFs/shsd-2012-section2.pdf#page=48
W4-3L,,Warning Signs,,,same code as the base pack: use Federal (MUTCD 2023)/SVGs/ADDED_LANE_W4-3L.svg (was: size 30 in: conventional-road row for W4-3 in the 2004/2012 sheets (2024 table has no marker)),Original PDFs/shsd-2012-section2.pdf#page=48
W4-4P,CROSS TRAFFIC DOES NOT STOP,Warning Signs,,,"same code as the base pack: use Federal (MUTCD 2023)/SVGs/CROSS_TRAFFIC_DOES_NOT_STOP_PLAQUE_W4-4P.svg (was: size 24 in: smallest table row (no conventional-road marker, no earlier edition of this code) — check)",Original PDFs/shsd-2012-section2.pdf#page=49
W4-5,,Warning Signs,,,same code as the base pack: use Federal (MUTCD 2023)/SVGs/ENTERING_ROADWAY_MERGE_W4-5.svg (was: size 36 in: conventional-road row for W4-5 in the 2004/2012 sheets (2024 table has no marker)),Original PDFs/shsd-2012-section2.pdf#page=50
W4-5,,Warning Signs,,,same code as the base pack: use Federal (MUTCD 2023)/SVGs/ENTERING_ROADWAY_MERGE_W4-5.svg (was: size 36 in: conventional-road row for W4-5 in the 2004/2012 sheets (2024 table has no marker)),Original PDFs/shsd-2012-section2.pdf#page=50
W4-5P,TEXAS,Warning Signs,,,"same code as the base pack: use Federal (MUTCD 2023)/SVGs/NO_MERGE_AREA_PLAQUE_W4-5P.svg (was: size 18 in: smallest table row (no conventional-road marker, no earlier edition of this code) — check)",Original PDFs/shsd-2012-section2.pdf#page=51
W4-6,,Warning Signs,,,same code as the base pack: use Federal (MUTCD 2023)/SVGs/ENTERING_ROADWAY_ADDED_LANE_W4-6.svg (was: size 30 in: no conventional-road marker in the table and no earlier edition of this code; 30 in diamond chosen — check),Original PDFs/shsd-2012-section2.pdf#page=52
W4-6,,Warning Signs,,,same code as the base pack: use Federal (MUTCD 2023)/SVGs/ENTERING_ROADWAY_ADDED_LANE_W4-6.svg (was: size 30 in: no conventional-road marker in the table and no earlier edition of this code; 30 in diamond chosen — check),Original PDFs/shsd-2012-section2.pdf#page=52
W5-1,ROAD NARROWS,Warning Signs,,,same code as the base pack: use Federal (MUTCD 2023)/SVGs/ROAD_NARROWS_W5-1.svg (was: size 36 in: conventional-road row for W5-1 in the 2004/2012 sheets (2024 table has no marker)),Original PDFs/shsd-2012-section2.pdf#page=53
W5-2,ROAD BRIDGE,Warning Signs,,,same code as the base pack: use Federal (MUTCD 2023)/SVGs/NARROW_BRIDGE_W5-2.svg (was: size 18 in: conventional-road row for W5-2 in the 2004/2012 sheets (2024 table has no marker)),Original PDFs/shsd-2012-section2.pdf#page=54
W5-3,ONE LANE BRIDGE,Warning Signs,,,same code as the base pack: use Federal (MUTCD 2023)/SVGs/ONE_LANE_BRIDGE_W5-3.svg (was: size 36 in: conventional-road row for W5-3 in the 2004/2012 sheets (2024 table has no marker)),Original PDFs/shsd-2012-section2.pdf#page=55
W5-4a,PATH NARROWS,Warning Signs,,,same code as the base pack: use Federal (MUTCD 2023)/SVGs/PATH_NARROWS_W5-4a.svg (was: scale from the drawing's side dimension (18.0 in)),Original PDFs/shsd-2012-section2.pdf#page=56
W6-1,,Warning Signs,,,same code as the base pack: use Federal (MUTCD 2023)/SVGs/DIVIDED_HIGHWAY_W6-1.svg (was: size 36 in: conventional-road row for W6-1 in the 2004/2012 sheets (2024 table has no marker)),Original PDFs/shsd-2012-section2.pdf#page=57
W6-1aT,DIVIDED HIGHWAY,Warning Signs,DIVIDED_HIGHWAY_W6-1aT.svg,50.9x50.9 in,"size 36 in: smallest table row (no conventional-road marker, no earlier edition of this code) — check",Original PDFs/shsd-2012-section2.pdf#page=58
W6-1bT,DIVIDED HIGHWAY,Warning Signs,DIVIDED_HIGHWAY_W6-1bT.svg,50.9x50.9 in,"size 36 in: smallest table row (no conventional-road marker, no earlier edition of this code) — check",Original PDFs/shsd-2012-section2.pdf#page=58
W6-2,,Warning Signs,,,same code as the base pack: use Federal (MUTCD 2023)/SVGs/DIVIDED_HIGHWAY_ENDS_W6-2.svg (was: size 36 in: conventional-road row for W6-2 in the 2004/2012 sheets (2024 table has no marker)),Original PDFs/shsd-2012-section2.pdf#page=59
W6-2aT,DIVIDED HIGHWAY ENDS,Warning Signs,DIVIDED_HIGHWAY_ENDS_W6-2aT.svg,50.9x50.9 in,"size 36 in: smallest table row (no conventional-road marker, no earlier edition of this code) — check",Original PDFs/shsd-2012-section2.pdf#page=60
W6-2bT,DIVIDED HIGHWAY ENDS,Warning Signs,DIVIDED_HIGHWAY_ENDS_W6-2bT.svg,50.9x50.9 in,"size 36 in: smallest table row (no conventional-road marker, no earlier edition of this code) — check",Original PDFs/shsd-2012-section2.pdf#page=60
W6-3,,Warning Signs,,,same code as the base pack: use Federal (MUTCD 2023)/SVGs/TWO_WAY_TRAFFIC_W6-3.svg (was: no size table or width dimension read; drawn at page scale (1 pt = 0.1 in)),Original PDFs/shsd-2012-section2.pdf#page=61
W6-3aT,TEXAS,Warning Signs,TEXAS_W6-3aT.svg,36.0x36.0 in,"size 36 in: smallest table row (no conventional-road marker, no earlier edition of this code) — check",Original PDFs/shsd-2012-section2.pdf#page=62
W7-1,Hill (Symbol),Warning Signs,,,same code as the base pack: use Federal (MUTCD 2023)/SVGs/HILL_W7-1.svg (was: size 30 in: conventional-road row for W7-1 in the 2004/2012 sheets (2024 table has no marker)),Original PDFs/shsd-2012-section2.pdf#page=63
W7-1a,,Warning Signs,,,same code as the base pack: use Federal (MUTCD 2023)/SVGs/HILL_WITH_GRADE_W7-1a.svg (was: size 30 in: conventional-road row for W7-1a in the 2004/2012 sheets (2024 table has no marker)),Original PDFs/shsd-2012-section2.pdf#page=64
W7-2bP,TRUCKS USE LOWER GEAR,Warning Signs,,,same code as the base pack: use Federal (MUTCD 2023)/SVGs/TRUCKS_USE_LOWER_GEAR_PLAQUE_W7-2bP.svg (was: scale from the drawing's overall width dimension (24.0 in)),Original PDFs/shsd-2012-section2.pdf#page=65
W7-2P,USE LOW GEAR,Warning Signs,,,same code as the base pack: use Federal (MUTCD 2023)/SVGs/USE_LOW_GEAR_PLAQUE_W7-2P.svg (was: no dimension of its own; drawn to the same size as W7-2bP on the sheet — check),Original PDFs/shsd-2012-section2.pdf#page=65
W7-3bP,TEXAS,Warning Signs,,,same code as the base pack: use Federal (MUTCD 2023)/SVGs/XX_GRADE_XX_MILES_PLAQUE_W7-3bP.svg (was: scale from the drawing's overall width dimension (24.0 in)),Original PDFs/shsd-2012-section2.pdf#page=66
W7-3bP,TEXAS,Warning Signs,,,same code as the base pack: use Federal (MUTCD 2023)/SVGs/XX_GRADE_XX_MILES_PLAQUE_W7-3bP.svg (was: scaled from the dimensioned W7-3bP drawing (thumbnail)),Original PDFs/shsd-2012-section2.pdf#page=66
W7-3P,TEXAS,Warning Signs,,,"same code as the base pack: use Federal (MUTCD 2023)/SVGs/XX_GRADE_PLAQUE_W7-3P.svg (was: size 24 in: smallest table row (no conventional-road marker, no earlier edition of this code) — check)",Original PDFs/shsd-2012-section2.pdf#page=66
W7-3P,TEXAS,Warning Signs,,,"same code as the base pack: use Federal (MUTCD 2023)/SVGs/XX_GRADE_PLAQUE_W7-3P.svg (was: size 24 in: smallest table row (no conventional-road marker, no earlier edition of this code) — check)",Original PDFs/shsd-2012-section2.pdf#page=66
W7-3aP,TEXAS,Warning Signs,,,same code as the base pack: use Federal (MUTCD 2023)/SVGs/NEXT_XX_MILES_PLAQUE_W7-3aP.svg (was: no dimension of its own; drawn to the same size as W7-3bP on the sheet — check),Original PDFs/shsd-2012-section2.pdf#page=66
W7-3aP,TEXAS,Warning Signs,,,same code as the base pack: use Federal (MUTCD 2023)/SVGs/NEXT_XX_MILES_PLAQUE_W7-3aP.svg (was: scaled from the dimensioned W7-3aP drawing (thumbnail)),Original PDFs/shsd-2012-section2.pdf#page=66
W7-4c,TRUCK ESCAPE RAMP,Warning Signs,,,same code as the base pack: use Federal (MUTCD 2023)/SVGs/TRUCK_ESCAPE_RAMP_W7-4c.svg (was: scale from the drawing's overall width dimension (78.0 in)),Original PDFs/shsd-2012-section2.pdf#page=68
W7-4eP,GRAVEL,Warning Signs,,,same code as the base pack: use Federal (MUTCD 2023)/SVGs/GRAVEL_PLAQUE_W7-4eP.svg (was: scale from the drawing's overall width dimension (24.0 in)),Original PDFs/shsd-2012-section2.pdf#page=68
W7-5,TEXAS,Warning Signs,,,same code as the base pack: use Federal (MUTCD 2023)/SVGs/HILL_BICYCLE_W7-5.svg (was: size 18 in: conventional-road row for W7-5 in the 2004/2012 sheets (2024 table has no marker)),Original PDFs/shsd-2012-section2.pdf#page=69
W7-6,HILL BLOCKS VIEW,Warning Signs,,,same code as the base pack: use Federal (MUTCD 2023)/SVGs/HILL_BLOCKS_VIEW_W7-6.svg (was: size 30 in: conventional-road row for W7-6 in the 2004/2012 sheets (2024 table has no marker)),Original PDFs/shsd-2012-section2.pdf#page=70
W7-6TP,HILL BLOCKS VIEW,Warning Signs,HILL_BLOCKS_VIEW_W7-6TP.svg,24.0x18.0 in,scale from the drawing's overall width dimension (24.0 in),Original PDFs/shsd-2012-section2.pdf#page=71
W8-1,,Warning Signs,,,same code as the base pack: use Federal (MUTCD 2023)/SVGs/BUMP_W8-1.svg (was: size 30 in: conventional-road row for W8-1 in the 2004/2012 sheets (2024 table has no marker)),Original PDFs/shsd-2012-section2.pdf#page=72
W8-2,,Warning Signs,,,same code as the base pack: use Federal (MUTCD 2023)/SVGs/DIP_W8-2.svg (was: size 30 in: conventional-road row for W8-2 in the 2004/2012 sheets (2024 table has no marker)),Original PDFs/shsd-2012-section2.pdf#page=73
W8-3,PAVEMENT ENDS,Warning Signs,,,same code as the base pack: use Federal (MUTCD 2023)/SVGs/PAVEMENT_ENDS_W8-3.svg (was: size 30 in: conventional-road row for W8-3 in the 2004/2012 sheets (2024 table has no marker)),Original PDFs/shsd-2012-section2.pdf#page=74
W8-4,SOFT SHOULDER,Warning Signs,,,same code as the base pack: use Federal (MUTCD 2023)/SVGs/SOFT_SHOULDER_W8-4.svg (was: size 24 in: conventional-road row for W8-4 in the 2004/2012 sheets (2024 table has no marker)),Original PDFs/shsd-2012-section2.pdf#page=75
W8-5aT,SLOW DOWN ON WET ROAD,Warning Signs,SLOW_DOWN_ON_WET_ROAD_W8-5aT.svg,30.0x30.0 in,size 30 in: no conventional-road marker in the table and no earlier edition of this code; 30 in diamond chosen — check; 1 smaller detail drawing(s) beside it on the sheet not extracted,Original PDFs/shsd-2012-section2.pdf#page=76
W8-5aT,SLOW DOWN ON WET ROAD,Warning Signs,SLOW_DOWN_ON_WET_ROAD_YELLOW_W8-5aT.svg,42.4x42.4 in,size 30 in: no conventional-road marker in the table and no earlier edition of this code; 30 in diamond chosen — check; 1 smaller detail drawing(s) beside it on the sheet not extracted,Original PDFs/shsd-2012-section2.pdf#page=76
W8-5cP,TEXAS,Warning Signs,,,"same code as the base pack: use Federal (MUTCD 2023)/SVGs/EXCESS_OIL_PLAQUE_W8-5cP.svg (was: size 24 in: smallest table row (no conventional-road marker, no earlier edition of this code) — check)",Original PDFs/shsd-2012-section2.pdf#page=77
W8-5bP,TEXAS,Warning Signs,,,"same code as the base pack: use Federal (MUTCD 2023)/SVGs/STEEL_DECK_PLAQUE_W8-5bP.svg (was: size 24 in: smallest table row (no conventional-road marker, no earlier edition of this code) — check)",Original PDFs/shsd-2012-section2.pdf#page=77
W8-5P,TEXAS,Warning Signs,,,"same code as the base pack: use Federal (MUTCD 2023)/SVGs/WHEN_WET_PLAQUE_W8-5P.svg (was: size 24 in: smallest table row (no conventional-road marker, no earlier edition of this code) — check)",Original PDFs/shsd-2012-section2.pdf#page=77
W8-5aP,TEXAS,Warning Signs,,,"same code as the base pack: use Federal (MUTCD 2023)/SVGs/ICE_PLAQUE_W8-5aP.svg (was: size 24 in: smallest table row (no conventional-road marker, no earlier edition of this code) — check)",Original PDFs/shsd-2012-section2.pdf#page=77
W8-6,TRUCK CROSSING,Warning Signs,,,same code as the base pack: use Federal (MUTCD 2023)/SVGs/TRUCK_CROSSING_W8-6.svg (was: size 30 in: conventional-road row for W8-6 in the 2004/2012 sheets (2024 table has no marker)),Original PDFs/shsd-2012-section2.pdf#page=78
W8-7,LOOSE GRAVEL,Warning Signs,,,same code as the base pack: use Federal (MUTCD 2023)/SVGs/LOOSE_GRAVEL_W8-7.svg (was: size 30 in: conventional-road row for W8-7 in the 2004/2012 sheets (2024 table has no marker)),Original PDFs/shsd-2012-section2.pdf#page=79
W8-7aT,LOOSE SAND,Warning Signs,LOOSE_SAND_W8-7aT.svg,24.0x24.0 in,"size 24 in: smallest table row (no conventional-road marker, no earlier edition of this code) — check; 1 smaller detail drawing(s) beside it on the sheet not extracted",Original PDFs/shsd-2012-section2.pdf#page=80
W8-7aT,LOOSE SAND,Warning Signs,LOOSE_SAND_YELLOW_W8-7aT.svg,33.9x33.9 in,"size 24 in: smallest table row (no conventional-road marker, no earlier edition of this code) — check; 1 smaller detail drawing(s) beside it on the sheet not extracted",Original PDFs/shsd-2012-section2.pdf#page=80
W8-8,ROUGH ROAD,Warning Signs,,,same code as the base pack: use Federal (MUTCD 2023)/SVGs/ROUGH_ROAD_W8-8.svg (was: size 30 in: conventional-road row for W8-8 in the 2004/2012 sheets (2024 table has no marker)),Original PDFs/shsd-2012-section2.pdf#page=81
W8-9,LOW SHOULDER,Warning Signs,,,same code as the base pack: use Federal (MUTCD 2023)/SVGs/LOW_SHOULDER_W8-9.svg (was: size 30 in: conventional-road row for W8-9 in the 2004/2012 sheets (2024 table has no marker)),Original PDFs/shsd-2012-section2.pdf#page=82
W8-9aT,SHOULDER DROP OFF,Warning Signs,SHOULDER_DROP_OFF_W8-9aT.svg,42.4x42.4 in,size 30 in: no conventional-road marker in the table and no earlier edition of this code; 30 in diamond chosen — check,Original PDFs/shsd-2012-section2.pdf#page=83
W8-10,,Warning Signs,,,same code as the base pack: use Federal (MUTCD 2023)/SVGs/BICYCLE_SURFACE_CONDITION_W8-10.svg (was: size 18 in: conventional-road row for W8-10 in the 2004/2012 sheets (2024 table has no marker)),Original PDFs/shsd-2012-section2.pdf#page=84
W8-10,,Warning Signs,,,same code as the base pack: use Federal (MUTCD 2023)/SVGs/BICYCLE_SURFACE_CONDITION_W8-10.svg (was: size 18 in: conventional-road row for W8-10 in the 2004/2012 sheets (2024 table has no marker)),Original PDFs/shsd-2012-section2.pdf#page=84
W8-10P,,Warning Signs,,,same code as the base pack: use Federal (MUTCD 2023)/SVGs/SLIPPERY_WHEN_WET_PLAQUE_W8-10P.svg (was: scale from the drawing's overall width dimension (12.0 in)),Original PDFs/shsd-2012-section2.pdf#page=84
W8-10P,,Warning Signs,,,same code as the base pack: use Federal (MUTCD 2023)/SVGs/SLIPPERY_WHEN_WET_PLAQUE_W8-10P.svg (was: scaled from the dimensioned W8-10P drawing (thumbnail)),Original PDFs/shsd-2012-section2.pdf#page=84
W8-11,UNEVEN LANES,Warning Signs,,,"same code as the base pack: use Federal (MUTCD 2023)/SVGs/UNEVEN_LANES_W8-11.svg (was: size 36 in: smallest table row (no conventional-road marker, no earlier edition of this code) — check)",Original PDFs/shsd-2012-section2.pdf#page=85
W8-11,UNEVEN LANES,Warning Signs,,,"same code as the base pack: use Federal (MUTCD 2023)/SVGs/UNEVEN_LANES_W8-11.svg (was: size 36 in: smallest table row (no conventional-road marker, no earlier edition of this code) — check)",Original PDFs/shsd-2012-section2.pdf#page=85
W8-12,NO CENTER LINE,Warning Signs,,,"same code as the base pack: use Federal (MUTCD 2023)/SVGs/NO_CENTER_LINE_W8-12.svg (was: size 36 in: smallest table row (no conventional-road marker, no earlier edition of this code) — check)",Original PDFs/shsd-2012-section2.pdf#page=86
W8-13aT,BRIDGE MAY ICE IN COLD WEATHER,Warning Signs,BRIDGE_MAY_ICE_IN_COLD_WEATHER_W8-13aT.svg,36.0x36.0 in,"size 36 in: smallest table row (no conventional-road marker, no earlier edition of this code) — check; 1 smaller detail drawing(s) beside it on the sheet not extracted",Original PDFs/shsd-2012-section2.pdf#page=87
W8-13aT,BRIDGE MAY ICE IN COLD WEATHER,Warning Signs,BRIDGE_MAY_ICE_IN_COLD_WEATHER_YELLOW_W8-13aT.svg,36.0x36.0 in,"size 36 in: smallest table row (no conventional-road marker, no earlier edition of this code) — check; 1 smaller detail drawing(s) beside it on the sheet not extracted",Original PDFs/shsd-2012-section2.pdf#page=87
W8-14,FALLEN ROCKS,Warning Signs,,,same code as the base pack: use Federal (MUTCD 2023)/SVGs/FALLEN_ROCKS_W8-14.svg (was: size 30 in: no conventional-road marker in the table and no earlier edition of this code; 30 in diamond chosen — check),Original PDFs/shsd-2012-section2.pdf#page=88
W8-15,GROOVED PAVEMENT,Warning Signs,,,same code as the base pack: use Federal (MUTCD 2023)/SVGs/GROOVED_PAVEMENT_W8-15.svg (was: size 30 in: no conventional-road marker in the table and no earlier edition of this code; 30 in diamond chosen — check),Original PDFs/shsd-2012-section2.pdf#page=89
W8-15,GROOVED PAVEMENT,Warning Signs,,,same code as the base pack: use Federal (MUTCD 2023)/SVGs/GROOVED_PAVEMENT_W8-15.svg (was: size 30 in: no conventional-road marker in the table and no earlier edition of this code; 30 in diamond chosen — check),Original PDFs/shsd-2012-section2.pdf#page=89
W8-15P,,Warning Signs,,,"same code as the base pack: use Federal (MUTCD 2023)/SVGs/MOTORCYCLE_PLAQUE_W8-15P.svg (was: size 24 in: smallest table row (no conventional-road marker, no earlier edition of this code) — check)",Original PDFs/shsd-2012-section2.pdf#page=90
W8-16,METAL BRIDGE DECK,Warning Signs,,,same code as the base pack: use Federal (MUTCD 2023)/SVGs/METAL_BRIDGE_DECK_W8-16.svg (was: size 30 in: no conventional-road marker in the table and no earlier edition of this code; 30 in diamond chosen — check),Original PDFs/shsd-2012-section2.pdf#page=91
W8-17R,,Warning Signs,,,same code as the base pack: use Federal (MUTCD 2023)/SVGs/SHOULDER_DROP_OFF_W8-17R.svg (was: size 30 in: no conventional-road marker in the table and no earlier edition of this code; 30 in diamond chosen — check),Original PDFs/shsd-2012-section2.pdf#page=92
W8-17R,,Warning Signs,,,same code as the base pack: use Federal (MUTCD 2023)/SVGs/SHOULDER_DROP_OFF_W8-17R.svg (was: size 30 in: no conventional-road marker in the table and no earlier edition of this code; 30 in diamond chosen — check),Original PDFs/shsd-2012-section2.pdf#page=92
W8-17L,,Warning Signs,,,same code as the base pack: use Federal (MUTCD 2023)/SVGs/SHOULDER_DROP_OFF_W8-17L.svg (was: size 30 in: no conventional-road marker in the table and no earlier edition of this code; 30 in diamond chosen — check),Original PDFs/shsd-2012-section2.pdf#page=92
W8-17L,,Warning Signs,,,same code as the base pack: use Federal (MUTCD 2023)/SVGs/SHOULDER_DROP_OFF_W8-17L.svg (was: size 30 in: no conventional-road marker in the table and no earlier edition of this code; 30 in diamond chosen — check),Original PDFs/shsd-2012-section2.pdf#page=92
W8-17P,,Warning Signs,,,"same code as the base pack: use Federal (MUTCD 2023)/SVGs/SHOULDER_DROP_OFF_PLAQUE_W8-17P.svg (was: size 24 in: smallest table row (no conventional-road marker, no earlier edition of this code) — check)",Original PDFs/shsd-2012-section2.pdf#page=93
W8-18,ROAD MAY FLOOD,Warning Signs,,,same code as the base pack: use Federal (MUTCD 2023)/SVGs/ROAD_MAY_FLOOD_W8-18.svg (was: size 30 in: no conventional-road marker in the table and no earlier edition of this code; 30 in diamond chosen — check; 1 smaller detail drawing(s) beside it on the sheet not extracted),Original PDFs/shsd-2012-section2.pdf#page=94
W8-18aT,WATER CROSSING,Warning Signs,WATER_CROSSING_W8-18aT.svg,36.0x36.0 in,"size 36 in: smallest table row (no conventional-road marker, no earlier edition of this code) — check; 1 smaller detail drawing(s) beside it on the sheet not extracted",Original PDFs/shsd-2012-section2.pdf#page=95
W8-18aT,WATER CROSSING,Warning Signs,WATER_CROSSING_YELLOW_W8-18aT.svg,50.9x50.9 in,"size 36 in: smallest table row (no conventional-road marker, no earlier edition of this code) — check; 1 smaller detail drawing(s) beside it on the sheet not extracted",Original PDFs/shsd-2012-section2.pdf#page=95
W8-18bT,The sign may be used in addition,Warning Signs,THE_SIGN_MAY_BE_USED_IN_ADDITION_W8-18bT.svg,18.7x18.7 in,no size table or width dimension read; drawn at page scale (1 pt = 0.1 in); 1 smaller detail drawing(s) beside it on the sheet not extracted,Original PDFs/shsd-2012-section2.pdf#page=96
W8-18bT,The sign may be used in addition,Warning Signs,THE_SIGN_MAY_BE_USED_IN_ADDITION_YELLOW_W8-18bT.svg,67.9x67.9 in,scale from the drawing's side dimension (48.0 in); 1 smaller detail drawing(s) beside it on the sheet not extracted,Original PDFs/shsd-2012-section2.pdf#page=96
W8-19,CLSIGN,Warning Signs,,,same code as the base pack: use Federal (MUTCD 2023)/SVGs/DEPTH_GAUGE_W8-19.svg (was: scale from the drawing's overall width dimension (12.0 in)),Original PDFs/shsd-2012-section2.pdf#page=97
W8-19,CLSIGN,Warning Signs,,,same code as the base pack: use Federal (MUTCD 2023)/SVGs/DEPTH_GAUGE_W8-19.svg (was: scaled from the dimensioned W8-19 drawing (thumbnail)),Original PDFs/shsd-2012-section2.pdf#page=97
W8-19aTP,TEXAS,Warning Signs,TEXAS_W8-19aTP.svg,18.0x12.0 in,scale from the drawing's overall width dimension (18.0 in),Original PDFs/shsd-2012-section2.pdf#page=98
W8-21,GUSTY WINDS AREA,Warning Signs,,,"same code as the base pack: use Federal (MUTCD 2023)/SVGs/GUSTY_WINDS_AREA_W8-21.svg (was: size 24 in: smallest table row (no conventional-road marker, no earlier edition of this code) — check)",Original PDFs/shsd-2012-section2.pdf#page=99
W8-22,FOG AREA,Warning Signs,,,"same code as the base pack: use Federal (MUTCD 2023)/SVGs/FOG_AREA_W8-22.svg (was: size 24 in: smallest table row (no conventional-road marker, no earlier edition of this code) — check)",Original PDFs/shsd-2012-section2.pdf#page=100
W8-22,FOG AREA,Warning Signs,,,"same code as the base pack: use Federal (MUTCD 2023)/SVGs/FOG_AREA_W8-22.svg (was: size 24 in: smallest table row (no conventional-road marker, no earlier edition of this code) — check)",Original PDFs/shsd-2012-section2.pdf#page=100
W8-23,NO SHOULDER,Warning Signs,,,same code as the base pack: use Federal (MUTCD 2023)/SVGs/NO_SHOULDER_W8-23.svg (was: size 30 in: no conventional-road marker in the table and no earlier edition of this code; 30 in diamond chosen — check),Original PDFs/shsd-2012-section2.pdf#page=101
W8-25,SHOULDER ENDS,Warning Signs,,,same code as the base pack: use Federal (MUTCD 2023)/SVGs/SHOULDER_ENDS_W8-25.svg (was: size 30 in: no conventional-road marker in the table and no earlier edition of this code; 30 in diamond chosen — check),Original PDFs/shsd-2012-section2.pdf#page=102
W9-1R,RIGHT LANE ENDS,Warning Signs,,,same code as the base pack: use Federal (MUTCD 2023)/SVGs/RIGHT_LANE_ENDS_W9-1R.svg (was: size 30 in: conventional-road row for W9-1 in the 2004/2012 sheets (2024 table has no marker)),Original PDFs/shsd-2012-section2.pdf#page=103
W9-1L,RIGHT LANE ENDS,Warning Signs,,,same code as the base pack: use Federal (MUTCD 2023)/SVGs/LEFT_LANE_ENDS_W9-1L.svg (was: size 30 in: conventional-road row for W9-1 in the 2004/2012 sheets (2024 table has no marker)),Original PDFs/shsd-2012-section2.pdf#page=103
W9-2TL,LANE ENDS MERGE LEFT,Warning Signs,LANE_ENDS_MERGE_LEFT_W9-2TL.svg,42.4x42.4 in,size 30 in: no conventional-road marker in the table and no earlier edition of this code; 30 in diamond chosen — check,Original PDFs/shsd-2012-section2.pdf#page=104
W9-2TR,LANE ENDS MERGE LEFT,Warning Signs,LANE_ENDS_MERGE_LEFT_W9-2TR.svg,42.4x42.4 in,size 30 in: no conventional-road marker in the table and no earlier edition of this code; 30 in diamond chosen — check,Original PDFs/shsd-2012-section2.pdf#page=104
W9-4TR,,Warning Signs,SIGN_W9-4TR.svg,7.4x3.9 in,scale from the drawing's overall width dimension (7.39 in); 18 legend glyph(s) outlined from the sheet's embedded font(s),Original PDFs/shsd-2012-section2.pdf#page=105
W9-4TL,,Warning Signs,SIGN_W9-4TL.svg,7.4x3.9 in,scaled from the dimensioned W9-4TR drawing (thumbnail); 17 legend glyph(s) outlined from the sheet's embedded font(s),Original PDFs/shsd-2012-section2.pdf#page=105
W10-1,,Warning Signs,,,same code as the base pack: use Federal (MUTCD 2023)/SVGs/GRADE_CROSSING_ADVANCE_WARNING_W10-1.svg (was: size 30 in: no conventional-road marker in the table and no earlier edition of this code; 30 in diamond chosen — check),Original PDFs/shsd-2012-section2.pdf#page=107
W10-1aP,TEXAS,Warning Signs,,,same code as the base pack: use Federal (MUTCD 2023)/SVGs/EXEMPT_PLAQUE_W10-1aP.svg (was: scale from the drawing's overall width dimension (24.0 in)),Original PDFs/shsd-2012-section2.pdf#page=108
W10-2R,Railroad Advance (Parallel Tracks),Warning Signs,,,same code as the base pack: use Federal (MUTCD 2023)/SVGs/GRADE_CROSSING_ADVANCE_WARNING_CROSSROAD_WITH_GRADE_CROSSING_W10-2R.svg (was: size 36 in: conventional-road row for W10-2 in the 2004/2012 sheets (2024 table has no marker)),Original PDFs/shsd-2012-section2.pdf#page=109
W10-2L,Railroad Advance (Parallel Tracks),Warning Signs,,,same code as the base pack: use Federal (MUTCD 2023)/SVGs/GRADE_CROSSING_ADVANCE_WARNING_CROSSROAD_WITH_GRADE_CROSSING_W10-2L.svg (was: size 36 in: conventional-road row for W10-2 in the 2004/2012 sheets (2024 table has no marker)),Original PDFs/shsd-2012-section2.pdf#page=109
W10-3R,,Warning Signs,,,same code as the base pack: use Federal (MUTCD 2023)/SVGs/GRADE_CROSSING_ADVANCE_WARNING_SIDE_ROAD_WITH_GRADE_CROSSING_W10-3R.svg (was: no size table or width dimension read; drawn at page scale (1 pt = 0.1 in)),Original PDFs/shsd-2012-section2.pdf#page=110
W10-3L,,Warning Signs,,,same code as the base pack: use Federal (MUTCD 2023)/SVGs/GRADE_CROSSING_ADVANCE_WARNING_SIDE_ROAD_WITH_GRADE_CROSSING_W10-3L.svg (was: no size table or width dimension read; drawn at page scale (1 pt = 0.1 in)),Original PDFs/shsd-2012-section2.pdf#page=110
W10-3L,,Warning Signs,,,same code as the base pack: use Federal (MUTCD 2023)/SVGs/GRADE_CROSSING_ADVANCE_WARNING_SIDE_ROAD_WITH_GRADE_CROSSING_W10-3L.svg (was: no size table or width dimension read; drawn at page scale (1 pt = 0.1 in)),Original PDFs/shsd-2012-section2.pdf#page=110
W10-4R,,Warning Signs,,,same code as the base pack: use Federal (MUTCD 2023)/SVGs/GRADE_CROSSING_ADVANCE_WARNING_T_INTERSECTION_WITH_GRADE_CROSSING_W10-4R.svg (was: size 36 in: conventional-road row for W10-4 in the 2004/2012 sheets (2024 table has no marker)),Original PDFs/shsd-2012-section2.pdf#page=111
W10-4L,,Warning Signs,,,same code as the base pack: use Federal (MUTCD 2023)/SVGs/GRADE_CROSSING_ADVANCE_WARNING_T_INTERSECTION_WITH_GRADE_CROSSING_W10-4L.svg (was: size 36 in: conventional-road row for W10-4 in the 2004/2012 sheets (2024 table has no marker)),Original PDFs/shsd-2012-section2.pdf#page=111
W10-4L,,Warning Signs,,,same code as the base pack: use Federal (MUTCD 2023)/SVGs/GRADE_CROSSING_ADVANCE_WARNING_T_INTERSECTION_WITH_GRADE_CROSSING_W10-4L.svg (was: size 36 in: conventional-road row for W10-4 in the 2004/2012 sheets (2024 table has no marker)),Original PDFs/shsd-2012-section2.pdf#page=111
W10-4A,TEXAS,Warning Signs,TEXAS_W10-4A.svg,36.0x18.0 in,"size 36 in: smallest table row (no conventional-road marker, no earlier edition of this code) — check",Original PDFs/shsd-2012-section2.pdf#page=112
W10-4B,TRAIN WHEN FLASHING,Warning Signs,TRAIN_WHEN_FLASHING_W10-4B.svg,30.0x30.0 in,size 30 in: no conventional-road marker in the table and no earlier edition of this code; 30 in diamond chosen — check; 1 smaller detail drawing(s) beside it on the sheet not extracted,Original PDFs/shsd-2012-section2.pdf#page=113
W10-4B,TRAIN WHEN FLASHING,Warning Signs,TRAIN_WHEN_FLASHING_YELLOW_W10-4B.svg,42.4x42.4 in,size 30 in: no conventional-road marker in the table and no earlier edition of this code; 30 in diamond chosen — check; 1 smaller detail drawing(s) beside it on the sheet not extracted,Original PDFs/shsd-2012-section2.pdf#page=113
W10-5,TRAIN WHEN FLASHING,Warning Signs,,,"same code as the base pack: use Federal (MUTCD 2023)/SVGs/LOW_GROUND_CLEARANCE_W10-5.svg (was: size 36 in: smallest table row (no conventional-road marker, no earlier edition of this code) — check)",Original PDFs/shsd-2012-section2.pdf#page=114
W10-5P,LOW GROUND CLEARANCE (Plaque),Warning Signs,,,same code as the base pack: use Federal (MUTCD 2023)/SVGs/LOW_GROUND_CLEARANCE_PLAQUE_W10-5P.svg (was: scale from the drawing's overall width dimension (30.0 in)),Original PDFs/shsd-2012-section2.pdf#page=115
W10-6,UNEVEN TRACKS,Warning Signs,UNEVEN_TRACKS_W10-6.svg,30.0x30.0 in,size 30 in: no conventional-road marker in the table and no earlier edition of this code; 30 in diamond chosen — check,Original PDFs/shsd-2012-section2.pdf#page=116
W10-7,,Warning Signs,,,same code as the base pack: use Federal (MUTCD 2023)/SVGs/LIGHT_RAIL_ACTIVATED_BLANK_OUT_W10-7.svg (was: scale from the drawing's overall width dimension (24.0 in)),Original PDFs/shsd-2012-section2.pdf#page=117
W10-8,,Warning Signs,,,same code as the base pack: use Federal (MUTCD 2023)/SVGs/TRAINS_MAY_EXCEED_80_MPH_W10-8.svg (was: size 36 in: conventional-road row for W10-8 in the 2004/2012 sheets (2024 table has no marker)),Original PDFs/shsd-2012-section2.pdf#page=118
W10-9,NO TRAIN HORN,Warning Signs,,,"same code as the base pack: use Federal (MUTCD 2023)/SVGs/NO_TRAIN_HORN_W10-9.svg (was: size 36 in: smallest table row (no conventional-road marker, no earlier edition of this code) — check)",Original PDFs/shsd-2012-section2.pdf#page=119
W10-9,NO TRAIN HORN,Warning Signs,,,"same code as the base pack: use Federal (MUTCD 2023)/SVGs/NO_TRAIN_HORN_W10-9.svg (was: size 36 in: smallest table row (no conventional-road marker, no earlier edition of this code) — check)",Original PDFs/shsd-2012-section2.pdf#page=119
W10-9P,NO TRAIN HORN,Warning Signs,,,"same code as the base pack: use Federal (MUTCD 2023)/SVGs/NO_TRAIN_HORN_PLAQUE_W10-9P.svg (was: size 18 in: smallest table row (no conventional-road marker, no earlier edition of this code) — check)",Original PDFs/shsd-2012-section2.pdf#page=120
W10-10T,NO SIGNAL,Warning Signs,NO_SIGNAL_W10-10T.svg,24.0x18.0 in,scale from the drawing's overall width dimension (24.0 in),Original PDFs/shsd-2012-section2.pdf#page=120
W10-11,,Warning Signs,,,same code as the base pack: use Federal (MUTCD 2023)/SVGs/STORAGE_SPACE_W10-11.svg (was: size 36 in: conventional-road row for W10-11 in the 2004/2012 sheets (2024 table has no marker)),Original PDFs/shsd-2012-section2.pdf#page=121
W10-11b,__ FEET BETWEEN HIGHWAY AND TRACKS BEHIND YOU,Warning Signs,,,same code as the base pack: use Federal (MUTCD 2023)/SVGs/STORAGE_SPACE_BEHIND_W10-11b.svg (was: scale from the drawing's overall width dimension (30.0 in)),Original PDFs/shsd-2012-section2.pdf#page=122
W10-11a,__ FEET BETWEEN TRACKS AND HIGHWAY,Warning Signs,,,same code as the base pack: use Federal (MUTCD 2023)/SVGs/STORAGE_SPACE_AHEAD_W10-11a.svg (was: no dimension of its own; drawn to the same size as W10-11b on the sheet — check),Original PDFs/shsd-2012-section2.pdf#page=122
W10-12,,Warning Signs,,,same code as the base pack: use Federal (MUTCD 2023)/SVGs/SKEWED_CROSSING_W10-12.svg (was: size 36 in: conventional-road row for W10-12 in the 2004/2012 sheets (2024 table has no marker)),Original PDFs/shsd-2012-section2.pdf#page=123
W10-14P,NEXT CROSSING,Warning Signs,,,same code as the base pack: use Federal (MUTCD 2023)/SVGs/NEXT_CROSSING_PLAQUE_W10-14P.svg (was: scale from the drawing's overall width dimension (30.0 in)),Original PDFs/shsd-2012-section2.pdf#page=124
W10-13P,CLSIGN,Warning Signs,,,same code as the base pack: use Federal (MUTCD 2023)/SVGs/NO_GATES_OR_LIGHTS_PLAQUE_W10-13P.svg (was: no dimension of its own; drawn to the same size as W10-14P on the sheet — check),Original PDFs/shsd-2012-section2.pdf#page=124
W10-13P,CLSIGN,Warning Signs,,,same code as the base pack: use Federal (MUTCD 2023)/SVGs/NO_GATES_OR_LIGHTS_PLAQUE_W10-13P.svg (was: scaled from the dimensioned W10-13P drawing (thumbnail)),Original PDFs/shsd-2012-section2.pdf#page=124
W10-15P,ROUGH CROSSING,Warning Signs,,,"same code as the base pack: use Federal (MUTCD 2023)/SVGs/ROUGH_CROSSING_PLAQUE_W10-15P.svg (was: size 30 in: smallest table row (no conventional-road marker, no earlier edition of this code) — check)",Original PDFs/shsd-2012-section2.pdf#page=125
W10-15P,ROUGH CROSSING,Warning Signs,,,"same code as the base pack: use Federal (MUTCD 2023)/SVGs/ROUGH_CROSSING_PLAQUE_W10-15P.svg (was: size 30 in: smallest table row (no conventional-road marker, no earlier edition of this code) — check)",Original PDFs/shsd-2012-section2.pdf#page=125
W10-14aP,CLSIGN,Warning Signs,,,"same code as the base pack: use Federal (MUTCD 2023)/SVGs/USE_NEXT_CROSSING_PLAQUE_W10-14aP.svg (was: size 30 in: smallest table row (no conventional-road marker, no earlier edition of this code) — check)",Original PDFs/shsd-2012-section2.pdf#page=125
W10-14aP,CLSIGN,Warning Signs,,,"same code as the base pack: use Federal (MUTCD 2023)/SVGs/USE_NEXT_CROSSING_PLAQUE_W10-14aP.svg (was: size 30 in: smallest table row (no conventional-road marker, no earlier edition of this code) — check)",Original PDFs/shsd-2012-section2.pdf#page=125
W11-1,,Warning Signs,,,same code as the base pack: use Federal (MUTCD 2023)/SVGs/BICYCLE_W11-1.svg (was: size 24 in: conventional-road row for W11-1 in the 2004/2012 sheets (2024 table has no marker)),Original PDFs/shsd-2012-section2.pdf#page=126
W11-2,,Warning Signs,,,same code as the base pack: use Federal (MUTCD 2023)/SVGs/PEDESTRIAN_W11-2.svg (was: size 30 in: conventional-road row for W11-2 in the 2004/2012 sheets (2024 table has no marker)),Original PDFs/shsd-2012-section2.pdf#page=127
W11-3,,Warning Signs,,,same code as the base pack: use Federal (MUTCD 2023)/SVGs/LARGE_ANIMAL_DEER_W11-3.svg (was: size 24 in: conventional-road row for W11-3 in the 2004/2012 sheets (2024 table has no marker)),Original PDFs/shsd-2012-section2.pdf#page=128
W11-4,,Warning Signs,,,same code as the base pack: use Federal (MUTCD 2023)/SVGs/LARGE_ANIMAL_CATTLE_W11-4.svg (was: no size table or width dimension read; drawn at page scale (1 pt = 0.1 in)),Original PDFs/shsd-2012-section2.pdf#page=129
W11-5,,Warning Signs,,,same code as the base pack: use Federal (MUTCD 2023)/SVGs/FARM_VEHICLE_W11-5.svg (was: size 30 in: conventional-road row for W11-5 in the 2004/2012 sheets (2024 table has no marker)),Original PDFs/shsd-2012-section2.pdf#page=130
W11-5,,Warning Signs,,,same code as the base pack: use Federal (MUTCD 2023)/SVGs/FARM_VEHICLE_W11-5.svg (was: size 30 in: conventional-road row for W11-5 in the 2004/2012 sheets (2024 table has no marker)),Original PDFs/shsd-2012-section2.pdf#page=130
W11-5a,,Warning Signs,,,same code as the base pack: use Federal (MUTCD 2023)/SVGs/FARM_MACHINERY_TRAFFIC_W11-5a.svg (was: size 30 in: conventional-road row for W11-5a in the 2004/2012 sheets (2024 table has no marker)),Original PDFs/shsd-2012-section2.pdf#page=131
W11-6,CL SIGN,Warning Signs,,,same code as the base pack: use Federal (MUTCD 2023)/SVGs/SNOWMOBILE_W11-6.svg (was: size 30 in: conventional-road row for W11-6 in the 2004/2012 sheets (2024 table has no marker)),Original PDFs/shsd-2012-section2.pdf#page=132
W11-7,TEXAS,Warning Signs,,,same code as the base pack: use Federal (MUTCD 2023)/SVGs/EQUESTRIAN_W11-7.svg (was: size 30 in: conventional-road row for W11-7 in the 2004/2012 sheets (2024 table has no marker)),Original PDFs/shsd-2012-section2.pdf#page=133
W11-8R,,Warning Signs,SIGN_W11-8R.svg,42.4x42.4 in,size 30 in: conventional-road row for W11-8 in the 2004/2012 sheets (2024 table has no marker),Original PDFs/shsd-2012-section2.pdf#page=134
W11-8L,,Warning Signs,SIGN_W11-8L.svg,42.4x42.4 in,size 30 in: conventional-road row for W11-8 in the 2004/2012 sheets (2024 table has no marker),Original PDFs/shsd-2012-section2.pdf#page=134
W11-9,,Warning Signs,,,same code as the base pack: use Federal (MUTCD 2023)/SVGs/HANDICAPPED_W11-9.svg (was: size 30 in: conventional-road row for W11-9 in the 2004/2012 sheets (2024 table has no marker)),Original PDFs/shsd-2012-section2.pdf#page=135
W11-10L,,Warning Signs,SIGN_W11-10L.svg,42.4x42.4 in,size 30 in: conventional-road row for W11-10 in the 2004/2012 sheets (2024 table has no marker),Original PDFs/shsd-2012-section2.pdf#page=136
W11-10R,,Warning Signs,SIGN_W11-10R.svg,42.4x42.4 in,size 30 in: conventional-road row for W11-10 in the 2004/2012 sheets (2024 table has no marker),Original PDFs/shsd-2012-section2.pdf#page=136
W11-11,Golf Cart (Symbol),Warning Signs,,,same code as the base pack: use Federal (MUTCD 2023)/SVGs/GOLF_CART_W11-11.svg (was: size 30 in: conventional-road row for W11-11 in the 2004/2012 sheets (2024 table has no marker)),Original PDFs/shsd-2012-section2.pdf#page=137
W11-12T,WATCH FOR EMERGENCY VEHICLES,Warning Signs,WATCH_FOR_EMERGENCY_VEHICLES_W11-12T.svg,20.1x20.1 in,no size table or width dimension read; drawn at page scale (1 pt = 0.1 in); 1 smaller detail drawing(s) beside it on the sheet not extracted,Original PDFs/shsd-2012-section2.pdf#page=138
W11-12T,WATCH FOR EMERGENCY VEHICLES,Warning Signs,WATCH_FOR_EMERGENCY_VEHICLES_YELLOW_W11-12T.svg,50.9x50.9 in,scale from the drawing's side dimension (36.0 in); 1 smaller detail drawing(s) beside it on the sheet not extracted,Original PDFs/shsd-2012-section2.pdf#page=138
W11-12P,EMERGENCY VEHICLE ENTERING INTERSECTION WHEN FLASHING,Warning Signs,,,same code as the base pack: use Federal (MUTCD 2023)/SVGs/EMERGENCY_SIGNAL_AHEAD_PLAQUE_W11-12P.svg (was: scale from the drawing's overall width dimension (36.0 in)),Original PDFs/shsd-2012-section2.pdf#page=139
W11-12aT,EMERGENCY VEHICLE ENTERING INTERSECTION WHEN FLASHING,Warning Signs,EMERGENCY_VEHICLE_ENTERING_INTERSECTION_WHEN_FLASHING_W11-12aT.svg,54.0x29.1 in,scale from the drawing's overall width dimension (54.0 in),Original PDFs/shsd-2012-section2.pdf#page=139
W11-12bT,SIGNAL UNDER STUDY FOR REMOVAL,Warning Signs,SIGNAL_UNDER_STUDY_FOR_REMOVAL_W11-12bT.svg,36.0x24.0 in,"size 36 in: smallest table row (no conventional-road marker, no earlier edition of this code) — check; 26 legend glyph(s) outlined from the sheet's embedded font(s)",Original PDFs/shsd-2012-section2.pdf#page=140
W11-14,,Warning Signs,,,same code as the base pack: use Federal (MUTCD 2023)/SVGs/HORSE_DRAWN_VEHICLE_W11-14.svg (was: size 30 in: conventional-road row for W11-14 in the 2004/2012 sheets (2024 table has no marker)),Original PDFs/shsd-2012-section2.pdf#page=141
W11-15,TEXAS,Warning Signs,,,same code as the base pack: use Federal (MUTCD 2023)/SVGs/TRAIL_CROSSING_W11-15.svg (was: size 30 in: no conventional-road marker in the table and no earlier edition of this code; 30 in diamond chosen — check),Original PDFs/shsd-2012-section2.pdf#page=142
W11-15a,TRAIL CROSSING,Warning Signs,,,same code as the base pack: use Federal (MUTCD 2023)/SVGs/TRAIL_CROSSING_W11-15a.svg (was: size 30 in: no conventional-road marker in the table and no earlier edition of this code; 30 in diamond chosen — check; 1 smaller detail drawing(s) beside it on the sheet not extracted),Original PDFs/shsd-2012-section2.pdf#page=143
W11-15a,TRAIL CROSSING,Warning Signs,,,same code as the base pack: use Federal (MUTCD 2023)/SVGs/TRAIL_CROSSING_W11-15a.svg (was: size 30 in: no conventional-road marker in the table and no earlier edition of this code; 30 in diamond chosen — check; 1 smaller detail drawing(s) beside it on the sheet not extracted),Original PDFs/shsd-2012-section2.pdf#page=143
W11-15bT,TEXAS,Warning Signs,TEXAS_W11-15bT.svg,72.0x30.0 in,scale from the drawing's overall width dimension (72.0 in),Original PDFs/shsd-2012-section2.pdf#page=143
W11-15cT,WATCH FOR SLOW MOVING VEHICLES,Warning Signs,WATCH_FOR_SLOW_MOVING_VEHICLES_W11-15cT.svg,19.0x19.0 in,no size table or width dimension read; drawn at page scale (1 pt = 0.1 in); 1 smaller detail drawing(s) beside it on the sheet not extracted,Original PDFs/shsd-2012-section2.pdf#page=144
W11-15cT,WATCH FOR SLOW MOVING VEHICLES,Warning Signs,WATCH_FOR_SLOW_MOVING_VEHICLES_YELLOW_W11-15cT.svg,50.9x50.9 in,scale from the drawing's side dimension (36.0 in); 1 smaller detail drawing(s) beside it on the sheet not extracted,Original PDFs/shsd-2012-section2.pdf#page=144
W11-15P,,Warning Signs,,,"same code as the base pack: use Federal (MUTCD 2023)/SVGs/TRAIL_CROSSING_PLAQUE_W11-15P.svg (was: size 18 in: smallest table row (no conventional-road marker, no earlier edition of this code) — check)",Original PDFs/shsd-2012-section2.pdf#page=145
W11-16,,Warning Signs,,,same code as the base pack: use Federal (MUTCD 2023)/SVGs/LARGE_ANIMAL_BEAR_W11-16.svg (was: size 30 in: no conventional-road marker in the table and no earlier edition of this code; 30 in diamond chosen — check),Original PDFs/shsd-2012-section2.pdf#page=146
W11-17,,Warning Signs,,,same code as the base pack: use Federal (MUTCD 2023)/SVGs/LARGE_ANIMAL_SHEEP_W11-17.svg (was: size 30 in: no conventional-road marker in the table and no earlier edition of this code; 30 in diamond chosen — check),Original PDFs/shsd-2012-section2.pdf#page=147
W11-18,,Warning Signs,,,same code as the base pack: use Federal (MUTCD 2023)/SVGs/LARGE_ANIMAL_BIGHORN_SHEEP_W11-18.svg (was: size 30 in: no conventional-road marker in the table and no earlier edition of this code; 30 in diamond chosen — check),Original PDFs/shsd-2012-section2.pdf#page=148
W11-19,,Warning Signs,,,same code as the base pack: use Federal (MUTCD 2023)/SVGs/LARGE_ANIMAL_DONKEY_W11-19.svg (was: size 30 in: no conventional-road marker in the table and no earlier edition of this code; 30 in diamond chosen — check),Original PDFs/shsd-2012-section2.pdf#page=149
W11-22,,Warning Signs,,,same code as the base pack: use Federal (MUTCD 2023)/SVGs/LARGE_ANIMAL_WILD_HORSE_W11-22.svg (was: size 30 in: no conventional-road marker in the table and no earlier edition of this code; 30 in diamond chosen — check),Original PDFs/shsd-2012-section2.pdf#page=150
W11-25T,,Warning Signs,SIGN_W11-25T.svg,30.0x30.0 in,size 30 in: no conventional-road marker in the table and no earlier edition of this code; 30 in diamond chosen — check; 1 smaller detail drawing(s) beside it on the sheet not extracted,Original PDFs/shsd-2012-section2.pdf#page=151
W11-25T,,Warning Signs,SIGN_YELLOW_W11-25T.svg,42.4x42.4 in,size 30 in: no conventional-road marker in the table and no earlier edition of this code; 30 in diamond chosen — check; 1 smaller detail drawing(s) beside it on the sheet not extracted,Original PDFs/shsd-2012-section2.pdf#page=151
W11-26aT,WATCH FOR PELICANS,Warning Signs,WATCH_FOR_PELICANS_W11-26aT.svg,36.0x36.0 in,"size 36 in: smallest table row (no conventional-road marker, no earlier edition of this code) — check",Original PDFs/shsd-2012-section2.pdf#page=152
W11-26bTP,ENDANGERED SPECIES,Warning Signs,ENDANGERED_SPECIES_W11-26bTP.svg,36.0x18.0 in,"size 36 in: smallest table row (no conventional-road marker, no earlier edition of this code) — check",Original PDFs/shsd-2012-section2.pdf#page=152
W11-26T,,Warning Signs,SIGN_W11-26T.svg,19.2x19.2 in,no size table or width dimension read; drawn at page scale (1 pt = 0.1 in); 1 smaller detail drawing(s) beside it on the sheet not extracted,Original PDFs/shsd-2012-section2.pdf#page=153
W11-26T,,Warning Signs,SIGN_YELLOW_W11-26T.svg,50.9x50.9 in,scale from the drawing's side dimension (36.0 in); 1 smaller detail drawing(s) beside it on the sheet not extracted,Original PDFs/shsd-2012-section2.pdf#page=153
W12-1,,Warning Signs,,,same code as the base pack: use Federal (MUTCD 2023)/SVGs/DOUBLE_ARROW_W12-1.svg (was: size 30 in: conventional-road row for W12-1 in the 2004/2012 sheets (2024 table has no marker)),Original PDFs/shsd-2012-section2.pdf#page=154
W12-2,Low Clearance,Warning Signs,,,same code as the base pack: use Federal (MUTCD 2023)/SVGs/LOW_CLEARANCE_ADVANCE_W12-2.svg (was: size 36 in: conventional-road row for W12-2 in the 2004/2012 sheets (2024 table has no marker)),Original PDFs/shsd-2012-section2.pdf#page=155
W12-2,Low Clearance,Warning Signs,,,same code as the base pack: use Federal (MUTCD 2023)/SVGs/LOW_CLEARANCE_ADVANCE_W12-2.svg (was: size 36 in: conventional-road row for W12-2 in the 2004/2012 sheets (2024 table has no marker)),Original PDFs/shsd-2012-section2.pdf#page=155
W12-2a,TEXAS,Warning Signs,,,same code as the base pack: use Federal (MUTCD 2023)/SVGs/LOW_CLEARANCE_OVERHEAD_W12-2a.svg,Original PDFs/shsd-2012-section2.pdf#page=156
W12-2TP,TEXAS,Warning Signs,TEXAS_W12-2TP.svg,84.0x63.0 in,,Original PDFs/shsd-2012-section2.pdf#page=156
W12-3TP,,Warning Signs,SIGN_W12-3TP.svg,18.0x24.0 in,scale from the drawing's overall width dimension (18.0 in),Original PDFs/shsd-2012-section2.pdf#page=157
W12-4T,VARIABLE,Warning Signs,VARIABLE_W12-4T.svg,66.0x36.0 in,scale from the drawing's overall height dimension (36.0 in),Original PDFs/shsd-2012-section2.pdf#page=158
W12-5T,LOAD ZONED BRIDGE,Warning Signs,LOAD_ZONED_BRIDGE_W12-5T.svg,20.0x20.0 in,no size table or width dimension read; drawn at page scale (1 pt = 0.1 in); 1 smaller detail drawing(s) beside it on the sheet not extracted,Original PDFs/shsd-2012-section2.pdf#page=159
W12-5T,LOAD ZONED BRIDGE,Warning Signs,LOAD_ZONED_BRIDGE_YELLOW_W12-5T.svg,50.9x50.9 in,scale from the drawing's side dimension (36.0 in); 1 smaller detail drawing(s) beside it on the sheet not extracted,Original PDFs/shsd-2012-section2.pdf#page=159
W13-1P,,Warning Signs,,,same code as the base pack: use Federal (MUTCD 2023)/SVGs/ADVISORY_SPEED_PLAQUE_W13-1P.svg (was: size 30 in: no conventional-road marker in the table and no earlier edition of this code; 30 in diamond chosen — check),Original PDFs/shsd-2012-section2.pdf#page=160
W13-2,about centerline,Warning Signs,,,same code as the base pack: use Federal (MUTCD 2023)/SVGs/ADVISORY_EXIT_SPEED_W13-2.svg (was: size 24 in: conventional-road row for W13-2 in the 2004/2012 sheets (2024 table has no marker)),Original PDFs/shsd-2012-section2.pdf#page=161
W13-3,,Warning Signs,,,same code as the base pack: use Federal (MUTCD 2023)/SVGs/ADVISORY_RAMP_SPEED_W13-3.svg (was: size 24 in: conventional-road row for W13-3 in the 2004/2012 sheets (2024 table has no marker)),Original PDFs/shsd-2012-section2.pdf#page=162
W13-4P,ON RAMP,Warning Signs,,,same code as the base pack: use Federal (MUTCD 2023)/SVGs/ON_RAMP_PLAQUE_W13-4P.svg (was: scale from the drawing's overall width dimension (36.0 in)),Original PDFs/shsd-2012-section2.pdf#page=163
W13-4aTP,TEXAS,Warning Signs,TEXAS_W13-4aTP.svg,36.0x18.0 in,scale from the drawing's overall width dimension (36.0 in),Original PDFs/shsd-2012-section2.pdf#page=163
W13-5T,,Warning Signs,SIGN_W13-5T.svg,29.7x37.1 in,no size table or width dimension read; drawn at page scale (1 pt = 0.1 in),Original PDFs/shsd-2012-section2.pdf#page=165
W13-6,,Warning Signs,,,"same code as the base pack: use Federal (MUTCD 2023)/SVGs/COMBINATION_HORIZONTAL_ALIGNMENT_ADVISORY_EXIT_SPEED_W13-6.svg (was: size 24 in: smallest table row (no conventional-road marker, no earlier edition of this code) — check)",Original PDFs/shsd-2012-section2.pdf#page=166
W13-6,,Warning Signs,,,"same code as the base pack: use Federal (MUTCD 2023)/SVGs/COMBINATION_HORIZONTAL_ALIGNMENT_ADVISORY_EXIT_SPEED_W13-6.svg (was: size 24 in: smallest table row (no conventional-road marker, no earlier edition of this code) — check)",Original PDFs/shsd-2012-section2.pdf#page=166
W13-7,,Warning Signs,,,"same code as the base pack: use Federal (MUTCD 2023)/SVGs/COMBINATION_HORIZONTAL_ALIGNMENT_ADVISORY_RAMP_SPEED_W13-7.svg (was: size 24 in: smallest table row (no conventional-road marker, no earlier edition of this code) — check)",Original PDFs/shsd-2012-section2.pdf#page=167
W13-7,,Warning Signs,,,"same code as the base pack: use Federal (MUTCD 2023)/SVGs/COMBINATION_HORIZONTAL_ALIGNMENT_ADVISORY_RAMP_SPEED_W13-7.svg (was: size 24 in: smallest table row (no conventional-road marker, no earlier edition of this code) — check)",Original PDFs/shsd-2012-section2.pdf#page=167
W13-8T,XX MPH WHEN FLASHING,intervene/Warning Signs,XX_MPH_WHEN_FLASHING_W13-8T.svg,90.0x24.1 in,1 overlapping duplicate shape(s) in the sheet's drawing (FHWA artwork fault); needs a manual check,Original PDFs/shsd-2012-section2.pdf#page=168
W14-1,DEAD END,Warning Signs,,,same code as the base pack: use Federal (MUTCD 2023)/SVGs/DEAD_END_W14-1.svg (was: size 24 in: conventional-road row for W14-1 in the 2004/2012 sheets (2024 table has no marker)),Original PDFs/shsd-2012-section2.pdf#page=169
W14-1T,ROAD ENDS,Warning Signs,ROAD_ENDS_W14-1T.svg,30.0x30.0 in,size 30 in: no conventional-road marker in the table and no earlier edition of this code; 30 in diamond chosen — check; 1 smaller detail drawing(s) beside it on the sheet not extracted,Original PDFs/shsd-2012-section2.pdf#page=170
W14-1T,ROAD ENDS,Warning Signs,ROAD_ENDS_YELLOW_W14-1T.svg,42.4x42.4 in,size 30 in: no conventional-road marker in the table and no earlier edition of this code; 30 in diamond chosen — check; 1 smaller detail drawing(s) beside it on the sheet not extracted,Original PDFs/shsd-2012-section2.pdf#page=170
W14-1aR,DEAD END,Warning Signs,,,"same code as the base pack: use Federal (MUTCD 2023)/SVGs/DEAD_END_WITH_ARROW_W14-1aR.svg (was: size 24 in: smallest table row (no conventional-road marker, no earlier edition of this code) — check)",Original PDFs/shsd-2012-section2.pdf#page=171
W14-1aR,DEAD END,Warning Signs,,,"same code as the base pack: use Federal (MUTCD 2023)/SVGs/DEAD_END_WITH_ARROW_W14-1aR.svg (was: size 24 in: smallest table row (no conventional-road marker, no earlier edition of this code) — check)",Original PDFs/shsd-2012-section2.pdf#page=171
W14-1aL,DEAD END,Warning Signs,,,"same code as the base pack: use Federal (MUTCD 2023)/SVGs/DEAD_END_WITH_ARROW_W14-1aL.svg (was: size 24 in: smallest table row (no conventional-road marker, no earlier edition of this code) — check)",Original PDFs/shsd-2012-section2.pdf#page=171
W14-1aL,DEAD END,Warning Signs,,,"same code as the base pack: use Federal (MUTCD 2023)/SVGs/DEAD_END_WITH_ARROW_W14-1aL.svg (was: size 24 in: smallest table row (no conventional-road marker, no earlier edition of this code) — check)",Original PDFs/shsd-2012-section2.pdf#page=171
W14-2,NO OUTLET,Warning Signs,,,same code as the base pack: use Federal (MUTCD 2023)/SVGs/NO_OUTLET_W14-2.svg (was: size 30 in: conventional-road row for W14-2 in the 2004/2012 sheets (2024 table has no marker)),Original PDFs/shsd-2012-section2.pdf#page=172
W14-2,NO OUTLET,Warning Signs,,,same code as the base pack: use Federal (MUTCD 2023)/SVGs/NO_OUTLET_W14-2.svg (was: size 30 in: conventional-road row for W14-2 in the 2004/2012 sheets (2024 table has no marker)),Original PDFs/shsd-2012-section2.pdf#page=172
W14-2aR,,Warning Signs,,,"same code as the base pack: use Federal (MUTCD 2023)/SVGs/NO_OUTLET_WITH_ARROW_W14-2aR.svg (was: size 24 in: smallest table row (no conventional-road marker, no earlier edition of this code) — check)",Original PDFs/shsd-2012-section2.pdf#page=173
W14-2aR,,Warning Signs,,,"same code as the base pack: use Federal (MUTCD 2023)/SVGs/NO_OUTLET_WITH_ARROW_W14-2aR.svg (was: size 24 in: smallest table row (no conventional-road marker, no earlier edition of this code) — check)",Original PDFs/shsd-2012-section2.pdf#page=173
W14-2aL,,Warning Signs,,,"same code as the base pack: use Federal (MUTCD 2023)/SVGs/NO_OUTLET_WITH_ARROW_W14-2aL.svg (was: size 24 in: smallest table row (no conventional-road marker, no earlier edition of this code) — check)",Original PDFs/shsd-2012-section2.pdf#page=173
W14-2aL,,Warning Signs,,,"same code as the base pack: use Federal (MUTCD 2023)/SVGs/NO_OUTLET_WITH_ARROW_W14-2aL.svg (was: size 24 in: smallest table row (no conventional-road marker, no earlier edition of this code) — check)",Original PDFs/shsd-2012-section2.pdf#page=173
W14-3,NO PASSING ZONE,Warning Signs,,,"same code as the base pack: use Federal (MUTCD 2023)/SVGs/NO_PASSING_ZONE_W14-3.svg (was: size 40 in: smallest table row (no conventional-road marker, no earlier edition of this code) — check)",Original PDFs/shsd-2012-section2.pdf#page=174
W15-1,TEXAS,Warning Signs,,,same code as the base pack: use Federal (MUTCD 2023)/SVGs/PLAYGROUND_W15-1.svg (was: size 30 in: conventional-road row for W15-1 in the 2004/2012 sheets (2024 table has no marker)),Original PDFs/shsd-2012-section2.pdf#page=175
W16-1P,,Warning Signs,,,"same code as the base pack: use Federal (MUTCD 2023)/SVGs/IN_ROAD_PLAQUE_W16-1P.svg (was: size 18 in: smallest table row (no conventional-road marker, no earlier edition of this code) — check)",Original PDFs/shsd-2012-section2.pdf#page=176
W16-2P,TEXAS,Warning Signs,,,"same code as the base pack: use Federal (MUTCD 2023)/SVGs/XX_FEET_2_LINE_PLAQUE_W16-2P.svg (was: size 18 in: smallest table row (no conventional-road marker, no earlier edition of this code) — check)",Original PDFs/shsd-2012-section2.pdf#page=177
W16-2aP,TEXAS,Warning Signs,,,"same code as the base pack: use Federal (MUTCD 2023)/SVGs/XX_FT_1_LINE_PLAQUE_W16-2aP.svg (was: size 18 in: smallest table row (no conventional-road marker, no earlier edition of this code) — check)",Original PDFs/shsd-2012-section2.pdf#page=178
W16-3P(4),TEXAS,Warning Signs,TEXAS_W16-3P4.svg,30.0x24.0 in,"size 30 in: smallest table row (no conventional-road marker, no earlier edition of this code) — check",Original PDFs/shsd-2012-section2.pdf#page=179
W16-3P(3),TEXAS,Warning Signs,TEXAS_W16-3P3.svg,30.0x24.0 in,"size 30 in: smallest table row (no conventional-road marker, no earlier edition of this code) — check; 7 legend glyph(s) outlined from the sheet's embedded font(s)",Original PDFs/shsd-2012-section2.pdf#page=179
W16-3P(2),TEXAS,Warning Signs,TEXAS_W16-3P2.svg,30.0x24.0 in,"size 30 in: smallest table row (no conventional-road marker, no earlier edition of this code) — check; 4 legend glyph(s) outlined from the sheet's embedded font(s)",Original PDFs/shsd-2012-section2.pdf#page=179
W16-3P(1),TEXAS,Warning Signs,TEXAS_W16-3P1.svg,30.0x24.0 in,"size 30 in: smallest table row (no conventional-road marker, no earlier edition of this code) — check; 5 legend glyph(s) outlined from the sheet's embedded font(s)",Original PDFs/shsd-2012-section2.pdf#page=179
W16-3aTP(1),TEXAS,Warning Signs,TEXAS_W16-3aTP1.svg,167.3x216.5 in,no size table or width dimension read; drawn at page scale (1 pt = 0.1 in); 22 legend glyph(s) outlined from the sheet's embedded font(s),Original PDFs/shsd-2012-section2.pdf#page=180
W16-3aTP(2),TEXAS,Warning Signs,TEXAS_W16-3aTP2.svg,166.9x215.9 in,no size table or width dimension read; drawn at page scale (1 pt = 0.1 in); 22 legend glyph(s) outlined from the sheet's embedded font(s),Original PDFs/shsd-2012-section2.pdf#page=180
W16-3aTP(1),TEXAS,Warning Signs,TEXAS_W16-3aTP1_2.svg,167.3x216.5 in,no size table or width dimension read; drawn at page scale (1 pt = 0.1 in); 22 legend glyph(s) outlined from the sheet's embedded font(s),Original PDFs/shsd-2012-section2.pdf#page=181
W16-3aTP(2),TEXAS,Warning Signs,TEXAS_W16-3aTP2_2.svg,166.9x215.9 in,no size table or width dimension read; drawn at page scale (1 pt = 0.1 in); 22 legend glyph(s) outlined from the sheet's embedded font(s),Original PDFs/shsd-2012-section2.pdf#page=181
W16-4P,TEXAS,Warning Signs,,,same code as the base pack: use Federal (MUTCD 2023)/SVGs/NEXT_XX_FEET_PLAQUE_W16-4P.svg (was: scale from the drawing's overall width dimension (30.0 in)),Original PDFs/shsd-2012-section2.pdf#page=182
W16-6PL,,Warning Signs,,,"same code as the base pack: use Federal (MUTCD 2023)/SVGs/ADVANCE_TURN_ARROW_PLAQUE_W16-6PL.svg (was: size 24 in: smallest table row (no conventional-road marker, no earlier edition of this code) — check)",Original PDFs/shsd-2012-section2.pdf#page=183
W16-5PL,,Warning Signs,,,"same code as the base pack: use Federal (MUTCD 2023)/SVGs/DIRECTIONAL_ARROW_PLAQUE_W16-5PL.svg (was: size 24 in: smallest table row (no conventional-road marker, no earlier edition of this code) — check)",Original PDFs/shsd-2012-section2.pdf#page=183
W16-5PR,,Warning Signs,,,"same code as the base pack: use Federal (MUTCD 2023)/SVGs/DIRECTIONAL_ARROW_PLAQUE_W16-5PR.svg (was: size 24 in: smallest table row (no conventional-road marker, no earlier edition of this code) — check)",Original PDFs/shsd-2012-section2.pdf#page=183
W16-6PR,,Warning Signs,,,"same code as the base pack: use Federal (MUTCD 2023)/SVGs/ADVANCE_TURN_ARROW_PLAQUE_W16-6PR.svg (was: size 24 in: smallest table row (no conventional-road marker, no earlier edition of this code) — check)",Original PDFs/shsd-2012-section2.pdf#page=183
W16-7PL,45 Degree Downward Supplemental Arrow (Plaque),Warning Signs,,,"same code as the base pack: use Federal (MUTCD 2023)/SVGs/DOWNWARD_DIAGONAL_ARROW_PLAQUE_W16-7PL.svg (was: size 21 in: smallest table row (no conventional-road marker, no earlier edition of this code) — check)",Original PDFs/shsd-2012-section2.pdf#page=184
W16-7PR,45 Degree Downward Supplemental Arrow (Plaque),Warning Signs,,,"same code as the base pack: use Federal (MUTCD 2023)/SVGs/DOWNWARD_DIAGONAL_ARROW_PLAQUE_W16-7PR.svg (was: size 21 in: smallest table row (no conventional-road marker, no earlier edition of this code) — check)",Original PDFs/shsd-2012-section2.pdf#page=184
W16-8aP,TEXAS,Warning Signs,,,same code as the base pack: use Federal (MUTCD 2023)/SVGs/ADVANCE_STREET_NAME_2_LINE_PLAQUE_W16-8aP.svg (was: scale from the drawing's overall height dimension (15.0 in); 1 smaller detail drawing(s) beside it on the sheet not extracted),Original PDFs/shsd-2012-section2.pdf#page=185
W16-8P,TEXAS,Warning Signs,,,same code as the base pack: use Federal (MUTCD 2023)/SVGs/ADVANCE_STREET_NAME_1_LINE_PLAQUE_W16-8P.svg (was: scale from the drawing's overall height dimension (8.0 in)),Original PDFs/shsd-2012-section2.pdf#page=185
W16-9P,TEXAS,Warning Signs,,,same code as the base pack: use Federal (MUTCD 2023)/SVGs/AHEAD_PLAQUE_W16-9P.svg (was: size 24 in: conventional-road row for W16-9P in the 2004/2012 sheets (2024 table has no marker)),Original PDFs/shsd-2012-section2.pdf#page=186
W16-10aP,TEXAS,Warning Signs,,,"same code as the base pack: use Federal (MUTCD 2023)/SVGs/PHOTO_ENFORCED_PLAQUE_W16-10aP.svg (was: size 24 in: smallest table row (no conventional-road marker, no earlier edition of this code) — check)",Original PDFs/shsd-2012-section2.pdf#page=187
W16-12P,,Warning Signs,,,same code as the base pack: use Federal (MUTCD 2023)/SVGs/TRAFFIC_CIRCLE_PLAQUE_W16-12P.svg (was: scale from the drawing's overall width dimension (24.0 in)),Original PDFs/shsd-2012-section2.pdf#page=188
W16-13P,TEXAS,Warning Signs,,,"same code as the base pack: use Federal (MUTCD 2023)/SVGs/WHEN_FLASHING_PLAQUE_W16-13P.svg (was: size 24 in: smallest table row (no conventional-road marker, no earlier edition of this code) — check)",Original PDFs/shsd-2012-section2.pdf#page=189
W16-18P,,Warning Signs,,,same code as the base pack: use Federal (MUTCD 2023)/SVGs/NOTICE_PLAQUE_W16-18P.svg (was: scale from the drawing's overall width dimension (24.0 in)),Original PDFs/shsd-2012-section2.pdf#page=190
W16-15P,,Warning Signs,,,same code as the base pack: use Federal (MUTCD 2023)/SVGs/NEW_PLAQUE_W16-15P.svg (was: no dimension of its own; drawn to the same size as W16-18P on the sheet — check),Original PDFs/shsd-2012-section2.pdf#page=190
W16-17P,,Warning Signs,,,same code as the base pack: use Federal (MUTCD 2023)/SVGs/TOLL_PLAQUE_W16-17P.svg (was: no dimension of its own; drawn to the same size as W16-18P on the sheet — check),Original PDFs/shsd-2012-section2.pdf#page=190
W17-1,SPEED HUMP,Warning Signs,,,same code as the base pack: use Federal (MUTCD 2023)/SVGs/SPEED_HUMP_W17-1.svg (was: size 30 in: conventional-road row for W17-1 in the 2004/2012 sheets (2024 table has no marker)),Original PDFs/shsd-2012-section2.pdf#page=191
W17-1,SPEED HUMP,Warning Signs,,,same code as the base pack: use Federal (MUTCD 2023)/SVGs/SPEED_HUMP_W17-1.svg (was: size 30 in: conventional-road row for W17-1 in the 2004/2012 sheets (2024 table has no marker)),Original PDFs/shsd-2012-section2.pdf#page=191
W17-2T,RUMBLE STRIPS AHEAD,Warning Signs,RUMBLE_STRIPS_AHEAD_W17-2T.svg,36.0x36.0 in,"size 36 in: smallest table row (no conventional-road marker, no earlier edition of this code) — check; 1 smaller detail drawing(s) beside it on the sheet not extracted",Original PDFs/shsd-2012-section2.pdf#page=192
W17-2T,RUMBLE STRIPS AHEAD,Warning Signs,RUMBLE_STRIPS_AHEAD_YELLOW_W17-2T.svg,50.9x50.9 in,"size 36 in: smallest table row (no conventional-road marker, no earlier edition of this code) — check; 1 smaller detail drawing(s) beside it on the sheet not extracted",Original PDFs/shsd-2012-section2.pdf#page=192
W17-3T,LOOSE LIVESTOCK,Warning Signs,LOOSE_LIVESTOCK_W17-3T.svg,30.0x30.0 in,size 30 in: no conventional-road marker in the table and no earlier edition of this code; 30 in diamond chosen — check; 1 smaller detail drawing(s) beside it on the sheet not extracted,Original PDFs/shsd-2012-section2.pdf#page=193
W17-3T,LOOSE LIVESTOCK,Warning Signs,LOOSE_LIVESTOCK_YELLOW_W17-3T.svg,42.4x42.4 in,size 30 in: no conventional-road marker in the table and no earlier edition of this code; 30 in diamond chosen — check; 1 smaller detail drawing(s) beside it on the sheet not extracted,Original PDFs/shsd-2012-section2.pdf#page=193
W17-4T,CATTLE GUARD,Warning Signs,CATTLE_GUARD_W17-4T.svg,30.0x30.0 in,size 30 in: no conventional-road marker in the table and no earlier edition of this code; 30 in diamond chosen — check; 1 smaller detail drawing(s) beside it on the sheet not extracted,Original PDFs/shsd-2012-section2.pdf#page=194
W17-4T,CATTLE GUARD,Warning Signs,CATTLE_GUARD_YELLOW_W17-4T.svg,42.4x42.4 in,size 30 in: no conventional-road marker in the table and no earlier edition of this code; 30 in diamond chosen — check; 1 smaller detail drawing(s) beside it on the sheet not extracted,Original PDFs/shsd-2012-section2.pdf#page=194
W17-5T,HOSPITAL,Warning Signs,HOSPITAL_W17-5T.svg,37.1x37.1 in,no size table or width dimension read; drawn at page scale (1 pt = 0.1 in),Original PDFs/shsd-2012-section2.pdf#page=195
W17-5T,HOSPITAL,Warning Signs,HOSPITAL_W17-5T_2.svg,18.8x18.8 in,no size table or width dimension read; drawn at page scale (1 pt = 0.1 in),Original PDFs/shsd-2012-section2.pdf#page=195
W17-5T,HOSPITAL,Warning Signs,HOSPITAL_VAR2_W17-5T.svg,19.0x19.0 in,no size table or width dimension read; drawn at page scale (1 pt = 0.1 in),Original PDFs/shsd-2012-section2.pdf#page=195
W17-6T,MILITARY ENTRANCE,Warning Signs,MILITARY_ENTRANCE_W17-6T.svg,30.0x30.0 in,size 30 in: no conventional-road marker in the table and no earlier edition of this code; 30 in diamond chosen — check; 1 smaller detail drawing(s) beside it on the sheet not extracted,Original PDFs/shsd-2012-section2.pdf#page=196
W17-6T,MILITARY ENTRANCE,Warning Signs,MILITARY_ENTRANCE_YELLOW_W17-6T.svg,42.4x42.4 in,size 30 in: no conventional-road marker in the table and no earlier edition of this code; 30 in diamond chosen — check; 1 smaller detail drawing(s) beside it on the sheet not extracted,Original PDFs/shsd-2012-section2.pdf#page=196
W17-7T,MILITARY AREA,Warning Signs,MILITARY_AREA_W17-7T.svg,30.0x30.0 in,size 30 in: no conventional-road marker in the table and no earlier edition of this code; 30 in diamond chosen — check; 1 smaller detail drawing(s) beside it on the sheet not extracted,Original PDFs/shsd-2012-section2.pdf#page=197
W17-7T,MILITARY AREA,Warning Signs,MILITARY_AREA_YELLOW_W17-7T.svg,42.4x42.4 in,size 30 in: no conventional-road marker in the table and no earlier edition of this code; 30 in diamond chosen — check; 1 smaller detail drawing(s) beside it on the sheet not extracted,Original PDFs/shsd-2012-section2.pdf#page=197
W17-9T,HITCHHIKERS MAY BE ESCAPING INMATES,Warning Signs,HITCHHIKERS_MAY_BE_ESCAPING_INMATES_W17-9T.svg,78.0x21.7 in,"size 78 in: smallest table row (no conventional-road marker, no earlier edition of this code) — check",Original PDFs/shsd-2012-section2.pdf#page=198
W17-10T,WATCH FOR LOW FLYING AIRCRAFT,Warning Signs,WATCH_FOR_LOW_FLYING_AIRCRAFT_W17-10T.svg,18.8x18.8 in,no size table or width dimension read; drawn at page scale (1 pt = 0.1 in); 1 smaller detail drawing(s) beside it on the sheet not extracted,Original PDFs/shsd-2012-section2.pdf#page=199
W17-10T,WATCH FOR LOW FLYING AIRCRAFT,Warning Signs,WATCH_FOR_LOW_FLYING_AIRCRAFT_YELLOW_W17-10T.svg,50.9x50.9 in,scale from the drawing's side dimension (36.0 in); 1 smaller detail drawing(s) beside it on the sheet not extracted,Original PDFs/shsd-2012-section2.pdf#page=199
W17-11T,ROCK SLIDES,Warning Signs,ROCK_SLIDES_W17-11T.svg,36.0x36.0 in,"size 36 in: smallest table row (no conventional-road marker, no earlier edition of this code) — check; 1 smaller detail drawing(s) beside it on the sheet not extracted",Original PDFs/shsd-2012-section2.pdf#page=200
W17-11T,ROCK SLIDES,Warning Signs,ROCK_SLIDES_YELLOW_W17-11T.svg,50.9x50.9 in,"size 36 in: smallest table row (no conventional-road marker, no earlier edition of this code) — check; 1 smaller detail drawing(s) beside it on the sheet not extracted",Original PDFs/shsd-2012-section2.pdf#page=200
W17-12T,EARTH SLIDES,Warning Signs,EARTH_SLIDES_W17-12T.svg,36.0x36.0 in,"size 36 in: smallest table row (no conventional-road marker, no earlier edition of this code) — check; 1 smaller detail drawing(s) beside it on the sheet not extracted",Original PDFs/shsd-2012-section2.pdf#page=201
W17-12T,EARTH SLIDES,Warning Signs,EARTH_SLIDES_YELLOW_W17-12T.svg,50.9x50.9 in,"size 36 in: smallest table row (no conventional-road marker, no earlier edition of this code) — check; 1 smaller detail drawing(s) beside it on the sheet not extracted",Original PDFs/shsd-2012-section2.pdf#page=201
W17-14T,WATCH FOR SMOKE ON ROAD,Warning Signs,WATCH_FOR_SMOKE_ON_ROAD_W17-14T.svg,36.0x36.0 in,"size 36 in: smallest table row (no conventional-road marker, no earlier edition of this code) — check; 1 smaller detail drawing(s) beside it on the sheet not extracted",Original PDFs/shsd-2012-section2.pdf#page=202
W17-14T,WATCH FOR SMOKE ON ROAD,Warning Signs,WATCH_FOR_SMOKE_ON_ROAD_YELLOW_W17-14T.svg,50.9x50.9 in,"size 36 in: smallest table row (no conventional-road marker, no earlier edition of this code) — check; 1 smaller detail drawing(s) beside it on the sheet not extracted",Original PDFs/shsd-2012-section2.pdf#page=202
W17-15T,WATCH FOR MUD ON ROAD,Warning Signs,WATCH_FOR_MUD_ON_ROAD_W17-15T.svg,36.0x36.0 in,"size 36 in: smallest table row (no conventional-road marker, no earlier edition of this code) — check; 1 smaller detail drawing(s) beside it on the sheet not extracted",Original PDFs/shsd-2012-section2.pdf#page=203
W17-15T,WATCH FOR MUD ON ROAD,Warning Signs,WATCH_FOR_MUD_ON_ROAD_YELLOW_W17-15T.svg,50.9x50.9 in,"size 36 in: smallest table row (no conventional-road marker, no earlier edition of this code) — check; 1 smaller detail drawing(s) beside it on the sheet not extracted",Original PDFs/shsd-2012-section2.pdf#page=203
W18-1,NO TRAFFIC SIGNS,Warning Signs,,,same code as the base pack: use Federal (MUTCD 2023)/SVGs/NO_TRAFFIC_SIGNS_W18-1.svg (was: size 30 in: conventional-road row for W18-1 in the 2004/2012 sheets (2024 table has no marker)),Original PDFs/shsd-2012-section2.pdf#page=204
W18-1,NO TRAFFIC SIGNS,Warning Signs,,,same code as the base pack: use Federal (MUTCD 2023)/SVGs/NO_TRAFFIC_SIGNS_W18-1.svg (was: size 30 in: conventional-road row for W18-1 in the 2004/2012 sheets (2024 table has no marker)),Original PDFs/shsd-2012-section2.pdf#page=204
W19-1,TEXAS,Warning Signs,,,same code as the base pack: use Federal (MUTCD 2023)/SVGs/FREEWAY_ENDS_XX_MILES_W19-1.svg (was: scale from the drawing's overall width dimension (144.0 in)),Original PDFs/shsd-2012-section2.pdf#page=205
W19-1,TEXAS,Warning Signs,,,same code as the base pack: use Federal (MUTCD 2023)/SVGs/FREEWAY_ENDS_XX_MILES_W19-1.svg (was: scaled from the dimensioned W19-1 drawing (thumbnail)),Original PDFs/shsd-2012-section2.pdf#page=205
W19-3,FREEWAY ENDS,Warning Signs,,,same code as the base pack: use Federal (MUTCD 2023)/SVGs/FREEWAY_ENDS_W19-3.svg (was: scale from the drawing's side dimension (48.0 in)),Original PDFs/shsd-2012-section2.pdf#page=206
W19-3,FREEWAY ENDS,Warning Signs,,,same code as the base pack: use Federal (MUTCD 2023)/SVGs/FREEWAY_ENDS_W19-3.svg (was: scaled from the dimensioned W19-3 drawing (thumbnail)),Original PDFs/shsd-2012-section2.pdf#page=206
W19-5,ALL TRAFFIC MUST EXIT,Warning Signs,,,same code as the base pack: use Federal (MUTCD 2023)/SVGs/ALL_TRAFFIC_MUST_EXIT_W19-5.svg (was: scale from the drawing's overall height dimension (9.0 in); 1 smaller detail drawing(s) beside it on the sheet not extracted),Original PDFs/shsd-2012-section2.pdf#page=207
W23-2,NEW TRAFFIC PATTERN AHEAD,Temporary Traffic Control Signs,,,same code as the base pack: use Federal (MUTCD 2023)/SVGs/NEW_TRAFFIC_PATTERN_AHEAD_W23-2.svg (was: no size table or width dimension read; drawn at page scale (1 pt = 0.1 in); 1 smaller detail drawing(s) beside it on the sheet not extracted),Original PDFs/shsd-2012-section2.pdf#page=208
W23-2,NEW TRAFFIC PATTERN AHEAD,Temporary Traffic Control Signs,,,same code as the base pack: use Federal (MUTCD 2023)/SVGs/NEW_TRAFFIC_PATTERN_AHEAD_W23-2.svg (was: no size table or width dimension read; drawn at page scale (1 pt = 0.1 in); 1 smaller detail drawing(s) beside it on the sheet not extracted),Original PDFs/shsd-2012-section2.pdf#page=208
W25-2,ONCOMING TRAFFIC HAVE EXTENDED GREEN,Temporary Traffic Control Signs,,,same code as the base pack: use Federal (MUTCD 2023)/SVGs/ONCOMING_TRAFFIC_MAY_HAVE_EXTENDED_GREEN_W25-2.svg (was: scale from the drawing's overall width dimension (24.0 in)),Original PDFs/shsd-2012-section2.pdf#page=209
W25-1,ONCOMING TRAFFIC HAS EXTENDED GREEN,Temporary Traffic Control Signs,,,same code as the base pack: use Federal (MUTCD 2023)/SVGs/ONCOMING_TRAFFIC_HAS_EXTENDED_GREEN_W25-1.svg (was: no dimension of its own; drawn to the same size as W25-2 on the sheet — check),Original PDFs/shsd-2012-section2.pdf#page=209
M1-1T,M1-1T Interstate Route,Route Markers,M1_1T_INTERSTATE_ROUTE_M1-1T.svg,30.0x30.0 in,size 30 in: no conventional-road marker in the table and no earlier edition of this code; 30 in diamond chosen — check,Original PDFs/shsd-2012-section3.pdf#page=4
M1-2,Off Interstate Business Loop Marker (Attachment and Independent),Route Markers,,,"same code as the base pack: use Federal (MUTCD 2023)/SVGs/OFF_INTERSTATE_ROUTE_LOOP_1_2_DIGITS_M1-2.svg (was: size 36 in: smallest table row (no conventional-road marker, no earlier edition of this code) — check)",Original PDFs/shsd-2012-section3.pdf#page=5
M1-3,ROUTE SIGN,Route Markers,,,"same code as the base pack: use Federal (MUTCD 2023)/SVGs/OFF_INTERSTATE_ROUTE_SPUR_1_2_DIGITS_M1-3.svg (was: size 36 in: smallest table row (no conventional-road marker, no earlier edition of this code) — check)",Original PDFs/shsd-2012-section3.pdf#page=6
M1-4,SHIELD,Route Markers,,,"same code as the base pack: use Federal (MUTCD 2023)/SVGs/U_S_ROUTE_GUIDE_SIGN_USE_1_2_DIGITS_M1-4.svg (was: size 24 in: smallest table row (no conventional-road marker, no earlier edition of this code) — check)",Original PDFs/shsd-2012-section3.pdf#page=7
M1-4,SHIELD,Route Markers,,,"same code as the base pack: use Federal (MUTCD 2023)/SVGs/U_S_ROUTE_GUIDE_SIGN_USE_1_2_DIGITS_M1-4.svg (was: size 24 in: smallest table row (no conventional-road marker, no earlier edition of this code) — check)",Original PDFs/shsd-2012-section3.pdf#page=7
M1-4,SHIELD,Route Markers,,,same code as the base pack: use Federal (MUTCD 2023)/SVGs/U_S_ROUTE_GUIDE_SIGN_USE_1_2_DIGITS_M1-4.svg (was: no size table or width dimension read; drawn at page scale (1 pt = 0.1 in)),Original PDFs/shsd-2012-section3.pdf#page=8
M1-5,ROUTE SIGN,Route Markers,,,same code as the base pack: use Federal (MUTCD 2023)/SVGs/STATE_ROUTE_GUIDE_SIGN_USE_1_2_DIGITS_M1-5.svg (was: size 24 in: conventional-road row for M1-5 in the 2004/2012 sheets (2024 table has no marker)),Original PDFs/shsd-2012-section3.pdf#page=10
M1-6T(3),TEXAS,Route Markers,TEXAS_M1-6T3.svg,31.6x21.1 in,no size table or width dimension read; drawn at page scale (1 pt = 0.1 in),Original PDFs/shsd-2012-section3.pdf#page=11
M1-6T,Texas Route Marker (Independent),Route Markers,TEXAS_ROUTE_MARKER_INDEPENDENT_M1-6T.svg,24.0x24.0 in,"size 24 in: smallest table row (no conventional-road marker, no earlier edition of this code) — check",Original PDFs/shsd-2012-section3.pdf#page=12
M1-6TB,ROUTE SIGN,Route Markers,ROUTE_SIGN_M1-6TB.svg,24.0x24.0 in,"size 24 in: smallest table row (no conventional-road marker, no earlier edition of this code) — check",Original PDFs/shsd-2012-section3.pdf#page=13
M1-6TB,ROUTE SIGN,Route Markers,ROUTE_SIGN_VAR2_M1-6TB.svg,24.0x12.0 in,"size 24 in: smallest table row (no conventional-road marker, no earlier edition of this code) — check",Original PDFs/shsd-2012-section3.pdf#page=13
M1-6L,TEXAS,Route Markers,TEXAS_M1-6L.svg,24.0x24.0 in,"size 24 in: smallest table row (no conventional-road marker, no earlier edition of this code) — check",Original PDFs/shsd-2012-section3.pdf#page=14
M1-6P,TEXAS,Route Markers,TEXAS_M1-6P.svg,24.0x24.0 in,"size 24 in: smallest table row (no conventional-road marker, no earlier edition of this code) — check",Original PDFs/shsd-2012-section3.pdf#page=15
M1-6F,TEXAS,Route Markers,TEXAS_M1-6F.svg,24.0x24.0 in,"size 24 in: smallest table row (no conventional-road marker, no earlier edition of this code) — check",Original PDFs/shsd-2012-section3.pdf#page=16
M1-6FS,Marker (Independent),Route Markers,MARKER_INDEPENDENT_M1-6FS.svg,24.0x24.0 in,"size 24 in: smallest table row (no conventional-road marker, no earlier edition of this code) — check",Original PDFs/shsd-2012-section3.pdf#page=16
M1-6FB,TEXAS,Route Markers,TEXAS_M1-6FB.svg,24.0x24.0 in,"size 24 in: smallest table row (no conventional-road marker, no earlier edition of this code) — check",Original PDFs/shsd-2012-section3.pdf#page=17
M1-6FB,TEXAS,Route Markers,TEXAS_WHITE_M1-6FB.svg,24.0x12.0 in,"size 24 in: smallest table row (no conventional-road marker, no earlier edition of this code) — check",Original PDFs/shsd-2012-section3.pdf#page=17
M1-6R,ROUTE SIGN,Route Markers,ROUTE_SIGN_M1-6R.svg,24.0x24.0 in,"size 24 in: smallest table row (no conventional-road marker, no earlier edition of this code) — check",Original PDFs/shsd-2012-section3.pdf#page=18
M1-6RR,ROUTE SIGN,Route Markers,ROUTE_SIGN_M1-6RR.svg,24.0x22.6 in,"size 24 in: smallest table row (no conventional-road marker, no earlier edition of this code) — check",Original PDFs/shsd-2012-section3.pdf#page=19
M1-7,Forest Route Marker (Independent),Route Markers,,,same code as the base pack: use Federal (MUTCD 2023)/SVGs/FOREST_ROUTE_M1-7.svg (was: size 18 in: conventional-road row for M1-7 in the 2004/2012 sheets (2024 table has no marker)),Original PDFs/shsd-2012-section3.pdf#page=20
M1-7,Forest Route Marker (Independent),Route Markers,,,same code as the base pack: use Federal (MUTCD 2023)/SVGs/FOREST_ROUTE_M1-7.svg (was: size 18 in: conventional-road row for M1-7 in the 2004/2012 sheets (2024 table has no marker)),Original PDFs/shsd-2012-section3.pdf#page=20
M1-8,TEXAS,Route Markers,,,"same code as the base pack: use Federal (MUTCD 2023)/SVGs/STATE_OR_LOCAL_BICYCLE_ROUTE_M1-8.svg (was: size 12 in: smallest table row (no conventional-road marker, no earlier edition of this code) — check)",Original PDFs/shsd-2012-section3.pdf#page=21
M1-8a,INNER BACKGROUND - GREEN,Route Markers,,,"same code as the base pack: use Federal (MUTCD 2023)/SVGs/STATE_OR_LOCAL_BICYCLE_ROUTE_M1-8a.svg (was: size 12 in: smallest table row (no conventional-road marker, no earlier edition of this code) — check)",Original PDFs/shsd-2012-section3.pdf#page=22
M1-9,Bicycle Route  (with bike symbol),Route Markers,,,"same code as the base pack: use Federal (MUTCD 2023)/SVGs/U_S_BICYCLE_ROUTE_M1-9.svg (was: size 12 in: smallest table row (no conventional-road marker, no earlier edition of this code) — check)",Original PDFs/shsd-2012-section3.pdf#page=23
M2-2,TEXAS,Route Markers,,,same code as the base pack: use Federal (MUTCD 2023)/SVGs/COMBINATION_JUNCTION_2_ROUTE_SIGNS_M2-2.svg (was: scale from the drawing's overall height dimension (24.0 in)),Original PDFs/shsd-2012-section3.pdf#page=24
M2-1,TEXAS,Route Markers,,,"same code as the base pack: use Federal (MUTCD 2023)/SVGs/JUNCTION_AUXILIARY_BLUE_M2-1.svg (was: size 21 in: smallest table row (no conventional-road marker, no earlier edition of this code) — check)",Original PDFs/shsd-2012-section3.pdf#page=24
M3-2B,TEXAS,Route Markers,TEXAS_M3-2B.svg,24.0x12.0 in,"size 24 in: smallest table row (no conventional-road marker, no earlier edition of this code) — check",Original PDFs/shsd-2012-section3.pdf#page=25
M3-1,NORTH,Route Markers,,,same code as the base pack: use Federal (MUTCD 2023)/SVGs/CARDINAL_DIRECTION_NORTH_BLUE_M3-1.svg (was: size 24 in: conventional-road row for M3-1 in the 2004/2012 sheets (2024 table has no marker)),Original PDFs/shsd-2012-section3.pdf#page=25
M3-2,TEXAS,Route Markers,,,same code as the base pack: use Federal (MUTCD 2023)/SVGs/CARDINAL_DIRECTION_EAST_BLUE_M3-2.svg (was: size 24 in: conventional-road row for M3-2 in the 2004/2012 sheets (2024 table has no marker)),Original PDFs/shsd-2012-section3.pdf#page=25
M3-1B,NORTH,Route Markers,NORTH_M3-1B.svg,24.0x12.0 in,"size 24 in: smallest table row (no conventional-road marker, no earlier edition of this code) — check",Original PDFs/shsd-2012-section3.pdf#page=25
M3-3B,SOUTH,Route Markers,SOUTH_M3-3B.svg,24.0x12.0 in,"size 24 in: smallest table row (no conventional-road marker, no earlier edition of this code) — check",Original PDFs/shsd-2012-section3.pdf#page=26
M3-4,TEXAS,Route Markers,,,same code as the base pack: use Federal (MUTCD 2023)/SVGs/CARDINAL_DIRECTION_WEST_BLUE_M3-4.svg (was: size 24 in: conventional-road row for M3-4 in the 2004/2012 sheets (2024 table has no marker)),Original PDFs/shsd-2012-section3.pdf#page=26
M3-4B,TEXAS,Route Markers,TEXAS_M3-4B.svg,24.0x12.0 in,"size 24 in: smallest table row (no conventional-road marker, no earlier edition of this code) — check",Original PDFs/shsd-2012-section3.pdf#page=26
M3-3,SOUTH,Route Markers,,,same code as the base pack: use Federal (MUTCD 2023)/SVGs/CARDINAL_DIRECTION_SOUTH_BLUE_M3-3.svg (was: size 24 in: conventional-road row for M3-3 in the 2004/2012 sheets (2024 table has no marker)),Original PDFs/shsd-2012-section3.pdf#page=26
M4-1,ALTERNATE,Route Markers,,,same code as the base pack: use Federal (MUTCD 2023)/SVGs/ALTERNATE_AUXILIARY_M4-1.svg (was: no size table or width dimension read; drawn at page scale (1 pt = 0.1 in)),Original PDFs/shsd-2012-section3.pdf#page=27
M4-1a,ALTERNATE,Route Markers,,,same code as the base pack: use Federal (MUTCD 2023)/SVGs/ALTERNATE_AUXILIARY_M4-1a.svg (was: no size table or width dimension read; drawn at page scale (1 pt = 0.1 in)),Original PDFs/shsd-2012-section3.pdf#page=27
M4-2,BUSINESS,Route Markers,,,same code as the base pack: use Federal (MUTCD 2023)/SVGs/BY_PASS_AUXILIARY_M4-2.svg (was: no size table or width dimension read; drawn at page scale (1 pt = 0.1 in)),Original PDFs/shsd-2012-section3.pdf#page=27
M4-3,BUSINESS,Route Markers,,,same code as the base pack: use Federal (MUTCD 2023)/SVGs/BY_PASS_AUXILIARY_M4-3.svg (was: no size table or width dimension read; drawn at page scale (1 pt = 0.1 in)),Original PDFs/shsd-2012-section3.pdf#page=27
M4-4,TRUCK,Route Markers,,,same code as the base pack: use Federal (MUTCD 2023)/SVGs/TRUCK_AUXILIARY_M4-4.svg (was: size 24 in: conventional-road row for M4-4 in the 2004/2012 sheets (2024 table has no marker)),Original PDFs/shsd-2012-section3.pdf#page=28
M4-5,TEXAS,Route Markers,,,same code as the base pack: use Federal (MUTCD 2023)/SVGs/TO_AUXILIARY_BLUE_M4-5.svg (was: size 24 in: conventional-road row for M4-5 in the 2004/2012 sheets (2024 table has no marker)),Original PDFs/shsd-2012-section3.pdf#page=29
M4-6,TEXAS,Route Markers,,,same code as the base pack: use Federal (MUTCD 2023)/SVGs/END_AUXILIARY_M4-6.svg (was: size 24 in: conventional-road row for M4-6 in the 2004/2012 sheets (2024 table has no marker)),Original PDFs/shsd-2012-section3.pdf#page=29
M4-6,TEXAS,Route Markers,,,same code as the base pack: use Federal (MUTCD 2023)/SVGs/END_AUXILIARY_M4-6.svg (was: size 24 in: conventional-road row for M4-6 in the 2004/2012 sheets (2024 table has no marker)),Original PDFs/shsd-2012-section3.pdf#page=29
M4-5B,TEXAS,Route Markers,TEXAS_M4-5B.svg,24.0x11.4 in,"size 24 in: smallest table row (no conventional-road marker, no earlier edition of this code) — check",Original PDFs/shsd-2012-section3.pdf#page=29
M4-7,TEMPORARY,Route Markers,,,same code as the base pack: use Federal (MUTCD 2023)/SVGs/TEMPORARY_BLUE_M4-7.svg (was: size 24 in: conventional-road row for M4-7 in the 2004/2012 sheets (2024 table has no marker)),Original PDFs/shsd-2012-section3.pdf#page=30
M4-7B,TEXAS,Route Markers,TEXAS_M4-7B.svg,24.0x11.4 in,"size 24 in: smallest table row (no conventional-road marker, no earlier edition of this code) — check",Original PDFs/shsd-2012-section3.pdf#page=30
M4-7a,TEXAS,Route Markers,,,same code as the base pack: use Federal (MUTCD 2023)/SVGs/TEMPORARY_AUXILIARY_BLUE_M4-7a.svg (was: size 24 in: conventional-road row for M4-7a in the 2004/2012 sheets (2024 table has no marker)),Original PDFs/shsd-2012-section3.pdf#page=31
M4-7aB,TEXAS,Route Markers,TEXAS_M4-7aB.svg,24.0x11.4 in,"size 24 in: smallest table row (no conventional-road marker, no earlier edition of this code) — check",Original PDFs/shsd-2012-section3.pdf#page=31
M4-14G,TEXAS,Route Markers,TEXAS_M4-14G.svg,12.0x6.0 in,scale from the drawing's overall height dimension (6.0 in),Original PDFs/shsd-2012-section3.pdf#page=32
M4-14G,TEXAS,Route Markers,TEXAS_WHITE_M4-14G.svg,12.0x6.0 in,scaled from the dimensioned M4-14G drawing (thumbnail),Original PDFs/shsd-2012-section3.pdf#page=32
M4-14G,TEXAS,Route Markers,TEXAS_BLUE_M4-14G.svg,12.0x5.7 in,scaled from the dimensioned M4-14G drawing (thumbnail),Original PDFs/shsd-2012-section3.pdf#page=32
M5-1L(R),Advance Turn Arrow - 90 Degree,Route Markers,ADVANCE_TURN_ARROW_90_DEGREE_M5-1LR.svg,21.0x14.8 in,"size 21 in: smallest table row (no conventional-road marker, no earlier edition of this code) — check",Original PDFs/shsd-2012-section3.pdf#page=33
M5-2L(R),Advance Turn Arrow - 45°,Route Markers,ADVANCE_TURN_ARROW_45_M5-2LR.svg,21.0x14.8 in,"size 21 in: smallest table row (no conventional-road marker, no earlier edition of this code) — check",Original PDFs/shsd-2012-section3.pdf#page=33
M5-3,CL SIGN,Route Markers,,,"same code as the base pack: use Federal (MUTCD 2023)/SVGs/ADVANCE_TURN_ARROW_AUXILIARY_CIRCULAR_INTERSECTION_M5-3.svg (was: size 21 in: smallest table row (no conventional-road marker, no earlier edition of this code) — check)",Original PDFs/shsd-2012-section3.pdf#page=34
M5-3T,Advance Turnaround Arrow,Route Markers,ADVANCE_TURNAROUND_ARROW_M5-3T.svg,21.0x14.8 in,"size 21 in: smallest table row (no conventional-road marker, no earlier edition of this code) — check",Original PDFs/shsd-2012-section3.pdf#page=34
M5-5,CENTER LANE,Route Markers,,,same code as the base pack: use Federal (MUTCD 2023)/SVGs/CENTER_LANE_M5-5.svg (was: no size table or width dimension read; drawn at page scale (1 pt = 0.1 in)),Original PDFs/shsd-2012-section3.pdf#page=35
M5-5,CENTER LANE,Route Markers,,,same code as the base pack: use Federal (MUTCD 2023)/SVGs/CENTER_LANE_M5-5.svg (was: scale from the drawing's overall width dimension (24.0 in)),Original PDFs/shsd-2012-section3.pdf#page=35
M5-5,CENTER LANE,Route Markers,,,same code as the base pack: use Federal (MUTCD 2023)/SVGs/CENTER_LANE_M5-5.svg (was: scaled from the dimensioned M5-5 drawing (thumbnail)),Original PDFs/shsd-2012-section3.pdf#page=35
M6-1T,TEXAS,Route Markers,TEXAS_M6-1T.svg,60.0x15.0 in,"size 60 in: smallest table row (no conventional-road marker, no earlier edition of this code) — check",Original PDFs/shsd-2012-section3.pdf#page=36
M6-1,TEXAS,Route Markers,,,"same code as the base pack: use Federal (MUTCD 2023)/SVGs/DIRECTIONAL_ARROW_AUXILIARY_BLUE_M6-1.svg (was: size 21 in: smallest table row (no conventional-road marker, no earlier edition of this code) — check)",Original PDFs/shsd-2012-section3.pdf#page=36
M6-4,TEXAS,Route Markers,,,same code as the base pack: use Federal (MUTCD 2023)/SVGs/DIRECTIONAL_ARROW_AUXILIARY_BLUE_M6-4.svg (was: no size table or width dimension read; drawn at page scale (1 pt = 0.1 in)),Original PDFs/shsd-2012-section3.pdf#page=37
M6-2R(L),TEXAS,Route Markers,TEXAS_M6-2RL.svg,21.0x14.8 in,"size 21 in: smallest table row (no conventional-road marker, no earlier edition of this code) — check",Original PDFs/shsd-2012-section3.pdf#page=37
M6-3,TEXAS,Route Markers,,,same code as the base pack: use Federal (MUTCD 2023)/SVGs/DIRECTIONAL_ARROW_AUXILIARY_BLUE_M6-3.svg (was: no dimension of its own; drawn to the same size as M6-2R (L) on the sheet — check),Original PDFs/shsd-2012-section3.pdf#page=37
M6-2aL(R),TEXAS,Route Markers,TEXAS_M6-2aLR.svg,21.0x14.8 in,"size 21 in: smallest table row (no conventional-road marker, no earlier edition of this code) — check",Original PDFs/shsd-2012-section3.pdf#page=37
M6-6R(L),Directional Arrow - Double Head 90 Degree,Route Markers,DIRECTIONAL_ARROW_DOUBLE_HEAD_90_DEGREE_M6-6RL.svg,21.0x14.8 in,"size 21 in: smallest table row (no conventional-road marker, no earlier edition of this code) — check",Original PDFs/shsd-2012-section3.pdf#page=38
M6-5R(L),ROUTE SIGN,Route Markers,ROUTE_SIGN_M6-5RL.svg,21.0x14.8 in,"size 21 in: smallest table row (no conventional-road marker, no earlier edition of this code) — check",Original PDFs/shsd-2012-section3.pdf#page=38
M6-7R(L),ROUTE SIGN,Route Markers,ROUTE_SIGN_M6-7RL.svg,21.0x14.8 in,"size 21 in: smallest table row (no conventional-road marker, no earlier edition of this code) — check",Original PDFs/shsd-2012-section3.pdf#page=38
D1-1R,TEXAS,Guide Signs,TEXAS_D1-1R.svg,37.1x5.3 in,no size table or width dimension read; drawn at page scale (1 pt = 0.1 in),Original PDFs/shsd-2012-section3.pdf#page=39
D1-1L,TEXAS,Guide Signs,TEXAS_D1-1L.svg,37.1x5.3 in,no size table or width dimension read; drawn at page scale (1 pt = 0.1 in),Original PDFs/shsd-2012-section3.pdf#page=39
D1-1b,GUIDE SIGN,Guide Signs,,,same code as the base pack: use Federal (MUTCD 2023)/SVGs/BICYCLE_DESTINATION_1_LINE_D1-1b.svg (was: no size table or width dimension read; drawn at page scale (1 pt = 0.1 in)),Original PDFs/shsd-2012-section3.pdf#page=40
D1-2,TEXAS,Guide Signs,,,same code as the base pack: use Federal (MUTCD 2023)/SVGs/DESTINATION_2_LINES_D1-2.svg (was: no size table or width dimension read; drawn at page scale (1 pt = 0.1 in)),Original PDFs/shsd-2012-section3.pdf#page=41
D1-2b,Bicycle Destination (2 line),Guide Signs,,,same code as the base pack: use Federal (MUTCD 2023)/SVGs/BICYCLE_DESTINATION_2_LINES_D1-2b.svg (was: scale from the drawing's overall height dimension (12.0 in)),Original PDFs/shsd-2012-section3.pdf#page=42
D1-3,TEXAS,Guide Signs,,,same code as the base pack: use Federal (MUTCD 2023)/SVGs/DESTINATION_3_LINES_D1-3.svg (was: no size table or width dimension read; drawn at page scale (1 pt = 0.1 in)),Original PDFs/shsd-2012-section3.pdf#page=43
D1-3b,TEXAS,Guide Signs,,,same code as the base pack: use Federal (MUTCD 2023)/SVGs/GUIDE_SIGN_D1-3b.svg (was: scale from the drawing's overall height dimension (18.0 in)),Original PDFs/shsd-2012-section3.pdf#page=44
D2-1,GUIDE SIGN,Guide Signs,,,same code as the base pack: use Federal (MUTCD 2023)/SVGs/DISTANCE_1_LINE_D2-1.svg (was: scale from the drawing's overall height dimension (12.0 in)),Original PDFs/shsd-2012-section3.pdf#page=45
D2-1,GUIDE SIGN,Guide Signs,,,same code as the base pack: use Federal (MUTCD 2023)/SVGs/DISTANCE_1_LINE_D2-1.svg (was: scaled from the dimensioned D2-1 drawing (thumbnail)),Original PDFs/shsd-2012-section3.pdf#page=45
D2-2,GUIDE SIGN,Guide Signs,,,same code as the base pack: use Federal (MUTCD 2023)/SVGs/DISTANCE_2_LINES_D2-2.svg (was: scale from the drawing's overall height dimension (30.0 in)),Original PDFs/shsd-2012-section3.pdf#page=46
D2-2,GUIDE SIGN,Guide Signs,,,same code as the base pack: use Federal (MUTCD 2023)/SVGs/DISTANCE_2_LINES_D2-2.svg (was: scaled from the dimensioned D2-2 drawing (thumbnail)),Original PDFs/shsd-2012-section3.pdf#page=46
D2-3,36” Panel with 6” font is used when right of way is limited.,Guide Signs,,,same code as the base pack: use Federal (MUTCD 2023)/SVGs/DISTANCE_3_LINES_D2-3.svg (was: scale from the drawing's overall height dimension (36.0 in)),Original PDFs/shsd-2012-section3.pdf#page=47
D2-3,42” Panel with 8” font is STANDARD design.,Guide Signs,,,same code as the base pack: use Federal (MUTCD 2023)/SVGs/DISTANCE_3_LINES_D2-3.svg (was: scaled from the dimensioned D2-3 drawing (thumbnail)),Original PDFs/shsd-2012-section3.pdf#page=47
D3-1,VARIES,Guide Signs,,,same code as the base pack: use Federal (MUTCD 2023)/SVGs/STREET_NAME_1_LINE_PRINCIPAL_LEGEND_WITH_DESCENDING_STROKES_D3-1.svg (was: no size table or width dimension read; drawn at page scale (1 pt = 0.1 in)),Original PDFs/shsd-2012-section3.pdf#page=48
D3-1G(Green),VARIES,Guide Signs,VARIES_D3-1GGreen.svg,37.4x11.2 in,no size table or width dimension read; drawn at page scale (1 pt = 0.1 in),Original PDFs/shsd-2012-section3.pdf#page=49
D3-1G,1.   Street name signs for signalized intersections mounted on mast arms or span wires.,Guide Signs,1_STREET_NAME_SIGNS_FOR_SIGNALIZED_INTERSECTIONS_MOUNTED_ON_MAST_ARMS_OR_SPAN_WIRES_D3-1G.svg,44.9x58.0 in,no size table or width dimension read; drawn at page scale (1 pt = 0.1 in),Original PDFs/shsd-2012-section3.pdf#page=50
D3-1a,TEXAS,Guide Signs,,,same code as the base pack: use Federal (MUTCD 2023)/SVGs/STREET_NAME_WITH_ROUTE_SIGN_D3-1a.svg (was: no size table or width dimension read; drawn at page scale (1 pt = 0.1 in)),Original PDFs/shsd-2012-section3.pdf#page=51
D3-2,TEXAS,Guide Signs,,,same code as the base pack: use Federal (MUTCD 2023)/SVGs/ADVANCE_STREET_NAME_2_LINES_D3-2.svg (was: scale from the drawing's overall width dimension (8.0 in)),Original PDFs/shsd-2012-section3.pdf#page=52
D3-2,TEXAS,Guide Signs,,,same code as the base pack: use Federal (MUTCD 2023)/SVGs/ADVANCE_STREET_NAME_2_LINES_D3-2.svg (was: scaled from the dimensioned D3-2 drawing (thumbnail)),Original PDFs/shsd-2012-section3.pdf#page=52
D3-2,TEXAS,Guide Signs,,,same code as the base pack: use Federal (MUTCD 2023)/SVGs/ADVANCE_STREET_NAME_2_LINES_D3-2.svg (was: scaled from the dimensioned D3-2 drawing (thumbnail)),Original PDFs/shsd-2012-section3.pdf#page=52
D3-2,TEXAS,Guide Signs,,,same code as the base pack: use Federal (MUTCD 2023)/SVGs/ADVANCE_STREET_NAME_2_LINES_D3-2.svg (was: scaled from the dimensioned D3-2 drawing (thumbnail)),Original PDFs/shsd-2012-section3.pdf#page=52
D3-3T,GUIDE SIGN,Guide Signs,GUIDE_SIGN_D3-3T.svg,42.0x8.0 in,scale from the drawing's overall height dimension (8.0 in),Original PDFs/shsd-2012-section3.pdf#page=53
D3-3T,GUIDE SIGN,Guide Signs,GUIDE_SIGN_VAR2_D3-3T.svg,42.0x11.2 in,scaled from the dimensioned D3-3T drawing (thumbnail),Original PDFs/shsd-2012-section3.pdf#page=53
D3-3bTL,for arrow design,Guide Signs,FOR_ARROW_DESIGN_D3-3bTL.svg,20.0x11.7 in,scale from the drawing's overall width dimension (20.0 in),Original PDFs/shsd-2012-section3.pdf#page=54
D3-3aTL,TEXAS,Guide Signs,TEXAS_D3-3aTL.svg,66.0x11.2 in,scale from the drawing's overall width dimension (66.0 in),Original PDFs/shsd-2012-section3.pdf#page=54
D3-3bTR,Cemetery (1-2 line) (Arrow),Guide Signs,CEMETERY_1_2_LINE_ARROW_D3-3bTR.svg,20.0x11.7 in,scaled from the dimensioned D3-3bTL drawing (thumbnail),Original PDFs/shsd-2012-section3.pdf#page=54
D3-3aTR,TEXAS,Guide Signs,TEXAS_D3-3aTR.svg,66.0x11.2 in,scaled from the dimensioned D3-3aTL drawing (thumbnail),Original PDFs/shsd-2012-section3.pdf#page=54
D3-4T,COUNTY ROAD NAME,Guide Signs,COUNTY_ROAD_NAME_D3-4T.svg,42.0x8.0 in,scale from the drawing's overall height dimension (8.0 in),Original PDFs/shsd-2012-section3.pdf#page=55
D3-4aT,COUNTY ROAD NAME,Guide Signs,COUNTY_ROAD_NAME_D3-4aT.svg,42.0x8.0 in,no dimension of its own; drawn to the same size as D3-4T on the sheet — check,Original PDFs/shsd-2012-section3.pdf#page=55
D4-1,GUIDE SIGN,Guide Signs,,,"same code as the base pack: use Federal (MUTCD 2023)/SVGs/PARKING_AREA_DIRECTIONAL_D4-1.svg (was: size 18 in: smallest table row (no conventional-road marker, no earlier edition of this code) — check)",Original PDFs/shsd-2012-section3.pdf#page=56
D4-2R,GUIDE SIGN,Guide Signs,GUIDE_SIGN_D4-2R.svg,24.0x31.1 in,size 24 in: conventional-road row for D4-2 in the 2004/2012 sheets (2024 table has no marker),Original PDFs/shsd-2012-section3.pdf#page=57
D4-2L,GUIDE SIGN,Guide Signs,GUIDE_SIGN_D4-2L.svg,24.0x31.1 in,size 24 in: conventional-road row for D4-2 in the 2004/2012 sheets (2024 table has no marker),Original PDFs/shsd-2012-section3.pdf#page=57
D4-3L,Bicycle PARKING,Guide Signs,,,same code as the base pack: use Federal (MUTCD 2023)/SVGs/BICYCLE_PARKING_AREA_DIRECTIONAL_D4-3L.svg (was: scale from the drawing's overall width dimension (12.0 in)),Original PDFs/shsd-2012-section3.pdf#page=58
D4-3R,Bicycle PARKING,intervene/Guide Signs,,,same code as the base pack: use Federal (MUTCD 2023)/SVGs/BICYCLE_PARKING_AREA_DIRECTIONAL_D4-3R.svg (was: D4-3R is not drawn on the sheet and D4-3L carries an outlined legend that cannot be mirrored automatically),Original PDFs/shsd-2012-section3.pdf#page=58
D5-1aT,ON LEFT,Guide Signs,ON_LEFT_D5-1aT.svg,36.0x36.0 in,scale from the drawing's overall width dimension (36.0 in),Original PDFs/shsd-2012-section3.pdf#page=59
D5-1aTPL,ON LEFT,Guide Signs,ON_LEFT_D5-1aTPL.svg,36.0x8.2 in,scale from the drawing's overall width dimension (36.0 in),Original PDFs/shsd-2012-section3.pdf#page=59
D5-1aTPR,ON LEFT,intervene/Guide Signs,ON_LEFT_D5-1aTPR.svg,36.0x8.2 in,D5-1aTPR is not drawn on the sheet and D5-1aTPL carries an outlined legend that cannot be mirrored automatically,Original PDFs/shsd-2012-section3.pdf#page=59
D5-2aTL,REST AREA ACCESSIBLE (with Arrow and Symbol),Guide Signs,REST_AREA_ACCESSIBLE_WITH_ARROW_AND_SYMBOL_D5-2aTL.svg,36.0x46.6 in,"size 36 in: smallest table row (no conventional-road marker, no earlier edition of this code) — check",Original PDFs/shsd-2012-section3.pdf#page=60
D5-2aTR,REST AREA ACCESSIBLE (with Arrow and Symbol),intervene/Guide Signs,REST_AREA_ACCESSIBLE_WITH_ARROW_AND_SYMBOL_D5-2aTR.svg,36.0x46.6 in,D5-2aTR is not drawn on the sheet and D5-2aTL carries an outlined legend that cannot be mirrored automatically,Original PDFs/shsd-2012-section3.pdf#page=60
D5-5aT,GUIDE SIGN,Guide Signs,GUIDE_SIGN_D5-5aT.svg,18.0x15.8 in,"size 18 in: smallest table row (no conventional-road marker, no earlier edition of this code) — check",Original PDFs/shsd-2012-section3.pdf#page=62
D5-5aTPR,GUIDE SIGN,Guide Signs,GUIDE_SIGN_D5-5aTPR.svg,18.0x5.4 in,"size 18 in: smallest table row (no conventional-road marker, no earlier edition of this code) — check",Original PDFs/shsd-2012-section3.pdf#page=62
D5-5aTPL,GUIDE SIGN,Guide Signs,GUIDE_SIGN_D5-5aTPL.svg,18.0x5.4 in,mirrored from D5-5aTPR (not drawn separately on the sheet),Original PDFs/shsd-2012-section3.pdf#page=62
D5-1bT,TEXAS,Guide Signs,TEXAS_D5-1bT.svg,36.0x36.0 in,scale from the drawing's overall width dimension (36.0 in),Original PDFs/shsd-2012-section3.pdf#page=63
D5-2bTL,TEXAS,Guide Signs,TEXAS_D5-2bTL.svg,36.0x36.0 in,no dimension of its own; drawn to the same size as D5-1bT on the sheet — check,Original PDFs/shsd-2012-section3.pdf#page=63
D5-2bTR,TEXAS,intervene/Guide Signs,TEXAS_D5-2bTR.svg,36.0x36.0 in,D5-2bTR is not drawn on the sheet and D5-2bTL carries an outlined legend that cannot be mirrored automatically,Original PDFs/shsd-2012-section3.pdf#page=63
D5-2cTL,TEXAS,Guide Signs,TEXAS_D5-2cTL.svg,36.0x36.0 in,scale from the drawing's overall width dimension (36.0 in),Original PDFs/shsd-2012-section3.pdf#page=64
D5-1cT,PARKING AREA X MILE,Guide Signs,PARKING_AREA_X_MILE_D5-1cT.svg,36.0x36.0 in,no dimension of its own; drawn to the same size as D5-2cTL on the sheet — check,Original PDFs/shsd-2012-section3.pdf#page=64
D5-2cTR,TEXAS,intervene/Guide Signs,TEXAS_D5-2cTR.svg,36.0x36.0 in,D5-2cTR is not drawn on the sheet and D5-2cTL carries an outlined legend that cannot be mirrored automatically,Original PDFs/shsd-2012-section3.pdf#page=64
D5-2dTL,SCENIC AREA X MILE,Guide Signs,SCENIC_AREA_X_MILE_D5-2dTL.svg,36.0x36.0 in,scale from the drawing's overall width dimension (36.0 in),Original PDFs/shsd-2012-section3.pdf#page=65
D5-1dT,SCENIC AREA X MILE,Guide Signs,SCENIC_AREA_X_MILE_D5-1dT.svg,36.0x36.0 in,no dimension of its own; drawn to the same size as D5-2dTL on the sheet — check,Original PDFs/shsd-2012-section3.pdf#page=65
D5-2dTR,TEXAS,intervene/Guide Signs,TEXAS_D5-2dTR.svg,36.0x36.0 in,D5-2dTR is not drawn on the sheet and D5-2dTL carries an outlined legend that cannot be mirrored automatically,Original PDFs/shsd-2012-section3.pdf#page=65
D5-2eTR,TEXAS,Guide Signs,TEXAS_D5-2eTR.svg,48.0x35.5 in,scale from the drawing's overall width dimension (48.0 in),Original PDFs/shsd-2012-section3.pdf#page=66
D5-1eT,SCENIC OVERLOOK X MILE,Guide Signs,SCENIC_OVERLOOK_X_MILE_D5-1eT.svg,48.0x35.5 in,no dimension of its own; drawn to the same size as D5-2eTR on the sheet — check,Original PDFs/shsd-2012-section3.pdf#page=66
D5-2eTL,TEXAS,Guide Signs,TEXAS_D5-2eTL.svg,48.0x35.5 in,scaled from the dimensioned D5-2eTR drawing (thumbnail),Original PDFs/shsd-2012-section3.pdf#page=66
D7-1T(L),TEXAS,Guide Signs,TEXAS_D7-1TL.svg,38.7x50.1 in,no size table or width dimension read; drawn at page scale (1 pt = 0.1 in),Original PDFs/shsd-2012-section3.pdf#page=67
D7-5TL,PUBLIC BOAT RAMP (Arrow),Guide Signs,PUBLIC_BOAT_RAMP_ARROW_D7-5TL.svg,42.5x55.0 in,no size table or width dimension read; drawn at page scale (1 pt = 0.1 in); 59 legend glyph(s) outlined from the sheet's embedded font(s),Original PDFs/shsd-2012-section3.pdf#page=69
D7-5TR,PUBLIC BOAT RAMP (Arrow),Guide Signs,PUBLIC_BOAT_RAMP_ARROW_D7-5TR.svg,42.5x55.0 in,mirrored from D7-5TL (not drawn separately on the sheet),Original PDFs/shsd-2012-section3.pdf#page=69
D7-7aTR,TEXAS,Guide Signs,TEXAS_D7-7aTR.svg,48.0x48.0 in,scale from the drawing's overall width dimension (48.0 in),Original PDFs/shsd-2012-section3.pdf#page=70
D7-7aTL,TEXAS,Guide Signs,TEXAS_D7-7aTL.svg,48.0x48.0 in,scaled from the dimensioned D7-7aTR drawing (thumbnail),Original PDFs/shsd-2012-section3.pdf#page=70
D7-8aTR,REST AREA HISTORICAL MARKER X MILE ON RIGHT/LEFT,Guide Signs,REST_AREA_HISTORICAL_MARKER_X_MILE_ON_RIGHT_LEFT_D7-8aTR.svg,48.0x48.0 in,scale from the drawing's overall width dimension (48.0 in),Original PDFs/shsd-2012-section3.pdf#page=71
D7-8TR,REST AREA HISTORICAL MARKER X MILE ON RIGHT/LEFT,Guide Signs,REST_AREA_HISTORICAL_MARKER_X_MILE_ON_RIGHT_LEFT_D7-8TR.svg,48.0x48.0 in,no dimension of its own; drawn to the same size as D7-8aTR on the sheet — check,Original PDFs/shsd-2012-section3.pdf#page=71
D7-8aTL,REST AREA HISTORICAL MARKER X MILE ON RIGHT/LEFT,Guide Signs,REST_AREA_HISTORICAL_MARKER_X_MILE_ON_RIGHT_LEFT_D7-8aTL.svg,48.0x48.0 in,scaled from the dimensioned D7-8aTR drawing (thumbnail),Original PDFs/shsd-2012-section3.pdf#page=71
D7-8TL,REST AREA HISTORICAL MARKER X MILE ON RIGHT/LEFT,Guide Signs,REST_AREA_HISTORICAL_MARKER_X_MILE_ON_RIGHT_LEFT_D7-8TL.svg,48.0x48.0 in,scaled from the dimensioned D7-8TR drawing (thumbnail),Original PDFs/shsd-2012-section3.pdf#page=71
D7-9aTR,TEXAS,Guide Signs,TEXAS_D7-9aTR.svg,48.0x48.0 in,scale from the drawing's overall width dimension (48.0 in),Original PDFs/shsd-2012-section3.pdf#page=72
D7-9TR,PICNIC AREA HISTORICAL MARKER X MILE ON RIGHT/LEFT,Guide Signs,PICNIC_AREA_HISTORICAL_MARKER_X_MILE_ON_RIGHT_LEFT_D7-9TR.svg,48.0x48.0 in,no dimension of its own; drawn to the same size as D7-9aTR on the sheet — check,Original PDFs/shsd-2012-section3.pdf#page=72
D7-9aTL,TEXAS,Guide Signs,TEXAS_D7-9aTL.svg,48.0x48.0 in,scaled from the dimensioned D7-9aTR drawing (thumbnail),Original PDFs/shsd-2012-section3.pdf#page=72
D7-9TL,PICNIC AREA HISTORICAL MARKER X MILE ON RIGHT/LEFT,Guide Signs,PICNIC_AREA_HISTORICAL_MARKER_X_MILE_ON_RIGHT_LEFT_D7-9TL.svg,48.0x48.0 in,scaled from the dimensioned D7-9TR drawing (thumbnail),Original PDFs/shsd-2012-section3.pdf#page=72
D7-10bT,HISTORIC ROADSIDE PARK,Guide Signs,HISTORIC_ROADSIDE_PARK_D7-10bT.svg,24.0x36.3 in,scale from the drawing's overall width dimension (24.0 in),Original PDFs/shsd-2012-section3.pdf#page=73
D7-12T,Not to be used as a stand alone sign,Guide Signs,NOT_TO_BE_USED_AS_A_STAND_ALONE_SIGN_D7-12T.svg,6.0x13.7 in,"size 6 in: smallest table row (no conventional-road marker, no earlier edition of this code) — check",Original PDFs/shsd-2012-section3.pdf#page=74
D7-12T,Not to be used as a stand alone sign,Guide Signs,NOT_TO_BE_USED_AS_A_STAND_ALONE_SIGN_VAR2_D7-12T.svg,6.0x13.7 in,"size 6 in: smallest table row (no conventional-road marker, no earlier edition of this code) — check",Original PDFs/shsd-2012-section3.pdf#page=74
D7-12aT,May 2021,Guide Signs,MAY_2021_D7-12aT.svg,18.0x31.5 in,scale from the drawing's overall width dimension (18.0 in),Original PDFs/shsd-2012-section3.pdf#page=74
D7-13TR,and Binocullars Shield attached (Arrow),Guide Signs,AND_BINOCULLARS_SHIELD_ATTACHED_ARROW_D7-13TR.svg,13.8x13.8 in,no size table or width dimension read; drawn at page scale (1 pt = 0.1 in),Original PDFs/shsd-2012-section3.pdf#page=75
D7-13TL,and Binocullars Shield attached (Arrow),Guide Signs,AND_BINOCULLARS_SHIELD_ATTACHED_ARROW_D7-13TL.svg,13.8x13.8 in,mirrored from D7-13TR (not drawn separately on the sheet),Original PDFs/shsd-2012-section3.pdf#page=75
D8-1T,TEXAS,Guide Signs,TEXAS_D8-1T.svg,78.0x60.0 in,"size 78 in: smallest table row (no conventional-road marker, no earlier edition of this code) — check",Original PDFs/shsd-2012-section3.pdf#page=76
D8-1aT,TEXAS,Guide Signs,TEXAS_D8-1aT.svg,78.0x61.3 in,"size 78 in: smallest table row (no conventional-road marker, no earlier edition of this code) — check; 25 legend glyph(s) outlined from the sheet's embedded font(s)",Original PDFs/shsd-2012-section3.pdf#page=77
D8-1bT,TEXAS,Guide Signs,TEXAS_D8-1bT.svg,60.0x77.6 in,"size 60 in: smallest table row (no conventional-road marker, no earlier edition of this code) — check; 10 legend glyph(s) outlined from the sheet's embedded font(s)",Original PDFs/shsd-2012-section3.pdf#page=78
D8-2aT,TEXAS,Guide Signs,TEXAS_D8-2aT.svg,90.0x53.9 in,"size 90 in: smallest table row (no conventional-road marker, no earlier edition of this code) — check",Original PDFs/shsd-2012-section3.pdf#page=79
D8-2T,TEXAS,Guide Signs,TEXAS_D8-2T.svg,90.0x53.6 in,"size 90 in: smallest table row (no conventional-road marker, no earlier edition of this code) — check",Original PDFs/shsd-2012-section3.pdf#page=79
D8-3aT,TEXAS,Guide Signs,TEXAS_D8-3aT.svg,48.0x43.4 in,"size 48 in: smallest table row (no conventional-road marker, no earlier edition of this code) — check; 10 legend glyph(s) outlined from the sheet's embedded font(s)",Original PDFs/shsd-2012-section3.pdf#page=80
D8-4T,TEXAS,Guide Signs,TEXAS_D8-4T.svg,60.0x28.7 in,scale from the drawing's overall width dimension (60.0 in),Original PDFs/shsd-2012-section3.pdf#page=80
D9-1,GUIDE SIGN,Guide Signs,,,same code as the base pack: use Federal (MUTCD 2023)/SVGs/TELEPHONE_D9-1.svg (was: size 30 in: no conventional-road marker in the table and no earlier edition of this code; 30 in diamond chosen — check),Original PDFs/shsd-2012-section3.pdf#page=81
D9-1aP,TEXAS,Guide Signs,TEXAS_D9-1aP.svg,24.0x6.0 in,scale from the drawing's overall width dimension (24.0 in),Original PDFs/shsd-2012-section3.pdf#page=82
D9-1dP,TEXAS,Guide Signs,TEXAS_D9-1dP.svg,24.0x6.0 in,no dimension of its own; drawn to the same size as D9-1aP on the sheet — check,Original PDFs/shsd-2012-section3.pdf#page=82
D9-1cP,TEXAS,Guide Signs,TEXAS_D9-1cP.svg,24.0x6.0 in,no dimension of its own; drawn to the same size as D9-1aP on the sheet — check,Original PDFs/shsd-2012-section3.pdf#page=82
D9-1bP,TEXAS,Guide Signs,TEXAS_D9-1bP.svg,24.0x6.0 in,no dimension of its own; drawn to the same size as D9-1aP on the sheet — check,Original PDFs/shsd-2012-section3.pdf#page=82
D9-2,GUIDE SIGN,Guide Signs,,,same code as the base pack: use Federal (MUTCD 2023)/SVGs/HOSPITAL_D9-2.svg (was: size 30 in: no conventional-road marker in the table and no earlier edition of this code; 30 in diamond chosen — check),Original PDFs/shsd-2012-section3.pdf#page=83
D9-3,Camping (Plaque),Guide Signs,,,same code as the base pack: use Federal (MUTCD 2023)/SVGs/CAMPING_D9-3.svg (was: size 30 in: no conventional-road marker in the table and no earlier edition of this code; 30 in diamond chosen — check),Original PDFs/shsd-2012-section3.pdf#page=84
D9-3a,GUIDE SIGN,Guide Signs,,,same code as the base pack: use Federal (MUTCD 2023)/SVGs/TRAILER_CAMPING_D9-3a.svg (was: size 30 in: no conventional-road marker in the table and no earlier edition of this code; 30 in diamond chosen — check),Original PDFs/shsd-2012-section3.pdf#page=85
D9-4,GUIDE SIGN,Guide Signs,,,same code as the base pack: use Federal (MUTCD 2023)/SVGs/LITTER_CONTAINER_D9-4.svg (was: size 24 in: conventional-road row for D9-4 in the 2004/2012 sheets (2024 table has no marker)),Original PDFs/shsd-2012-section3.pdf#page=86
D9-6,TEXAS,Guide Signs,,,same code as the base pack: use Federal (MUTCD 2023)/SVGs/INTERNATIONAL_SYMBOL_OF_ACCESSIBILITY_D9-6.svg (was: size 30 in: no conventional-road marker in the table and no earlier edition of this code; 30 in diamond chosen — check),Original PDFs/shsd-2012-section3.pdf#page=87
D9-6P,TEXAS,Guide Signs,,,same code as the base pack: use Federal (MUTCD 2023)/SVGs/VAN_ACCESSIBLE_PLAQUE_D9-6P.svg (was: scale from the drawing's overall width dimension (18.0 in)),Original PDFs/shsd-2012-section3.pdf#page=87
D9-6aT,TEXAS,Guide Signs,TEXAS_D9-6aT.svg,24.0x6.0 in,"size 24 in: smallest table row (no conventional-road marker, no earlier edition of this code) — check",Original PDFs/shsd-2012-section3.pdf#page=87
D9-7,GUIDE SIGN,Guide Signs,,,same code as the base pack: use Federal (MUTCD 2023)/SVGs/GAS_D9-7.svg,Original PDFs/shsd-2012-section3.pdf#page=88
D9-8,GUIDE SIGN,Guide Signs,,,same code as the base pack: use Federal (MUTCD 2023)/SVGs/FOOD_D9-8.svg (was: size 30 in: no conventional-road marker in the table and no earlier edition of this code; 30 in diamond chosen — check),Original PDFs/shsd-2012-section3.pdf#page=89
D9-9,Lodging (Symbol),Guide Signs,,,same code as the base pack: use Federal (MUTCD 2023)/SVGs/LODGING_D9-9.svg (was: size 30 in: no conventional-road marker in the table and no earlier edition of this code; 30 in diamond chosen — check),Original PDFs/shsd-2012-section3.pdf#page=90
D9-10,GUIDE SIGN,Guide Signs,,,same code as the base pack: use Federal (MUTCD 2023)/SVGs/TOURIST_INFORMATION_D9-10.svg (was: size 30 in: no conventional-road marker in the table and no earlier edition of this code; 30 in diamond chosen — check),Original PDFs/shsd-2012-section3.pdf#page=91
D9-10T,TOURIST INFO,Guide Signs,TOURIST_INFO_D9-10T.svg,24.0x18.9 in,"size 24 in: smallest table row (no conventional-road marker, no earlier edition of this code) — check",Original PDFs/shsd-2012-section3.pdf#page=92
D9-11,GUIDE SIGN,Guide Signs,,,same code as the base pack: use Federal (MUTCD 2023)/SVGs/DIESEL_FUEL_D9-11.svg,Original PDFs/shsd-2012-section3.pdf#page=93
D9-11a,GUIDE SIGN,Guide Signs,,,same code as the base pack: use Federal (MUTCD 2023)/SVGs/ALTERNATIVE_FUEL_COMPRESSED_NATURAL_GAS_D9-11a.svg,Original PDFs/shsd-2012-section3.pdf#page=94
D9-11b(Alternate),CLSIGN,Guide Signs,CLSIGN_D9-11bAlternate.svg,24.0x24.0 in,,Original PDFs/shsd-2012-section3.pdf#page=95
D9-11c,TEXAS,Guide Signs,,,same code as the base pack: use Federal (MUTCD 2023)/SVGs/ALTERNATIVE_FUEL_ETHANOL_D9-11c.svg,Original PDFs/shsd-2012-section3.pdf#page=96
D9-11f,TEXAS,Guide Signs,,,same code as the base pack: use Federal (MUTCD 2023)/SVGs/ALTERNATIVE_FUEL_HYDROGEN_D9-11f.svg,Original PDFs/shsd-2012-section3.pdf#page=96
D9-11d,TEXAS,Guide Signs,,,same code as the base pack: use Federal (MUTCD 2023)/SVGs/ALTERNATIVE_FUEL_LIQUEFIED_NATURAL_GAS_D9-11d.svg,Original PDFs/shsd-2012-section3.pdf#page=96
D9-11gT,TEXAS,Guide Signs,TEXAS_D9-11gT.svg,24.0x24.0 in,,Original PDFs/shsd-2012-section3.pdf#page=96
D9-11e,TEXAS,Guide Signs,,,same code as the base pack: use Federal (MUTCD 2023)/SVGs/ALTERNATIVE_FUEL_LIQUEFIED_PETROLEUM_GAS_D9-11e.svg,Original PDFs/shsd-2012-section3.pdf#page=96
D9-11bP,GUIDE SIGN,Guide Signs,,,same code as the base pack: use Federal (MUTCD 2023)/SVGs/ELECTRIC_VEHICLE_CHARGING_PLAQUE_D9-11bP.svg,Original PDFs/shsd-2012-section3.pdf#page=97
D9-11gPT,TEXAS,Guide Signs,TEXAS_D9-11gPT.svg,24.0x12.0 in,9 legend glyph(s) outlined from the sheet's embedded font(s),Original PDFs/shsd-2012-section3.pdf#page=98
D9-11gP,TEXAS,Guide Signs,TEXAS_D9-11gP.svg,24.0x12.0 in,"size 24 in: smallest table row (no conventional-road marker, no earlier edition of this code) — check; 12 legend glyph(s) outlined from the sheet's embedded font(s)",Original PDFs/shsd-2012-section3.pdf#page=98
D9-12,GUIDE SIGN,Guide Signs,,,same code as the base pack: use Federal (MUTCD 2023)/SVGs/RV_SANITARY_STATION_D9-12.svg (was: size 30 in: no conventional-road marker in the table and no earlier edition of this code; 30 in diamond chosen — check),Original PDFs/shsd-2012-section3.pdf#page=99
D9-13,GUIDE SIGN,Guide Signs,,,same code as the base pack: use Federal (MUTCD 2023)/SVGs/EMERGENCY_MEDICAL_SERVICES_D9-13.svg (was: size 30 in: no conventional-road marker in the table and no earlier edition of this code; 30 in diamond chosen — check),Original PDFs/shsd-2012-section3.pdf#page=100
D9-13aP,GUIDE SIGN,Guide Signs,,,"same code as the base pack: use Federal (MUTCD 2023)/SVGs/HOSPITAL_PLAQUE_D9-13aP.svg (was: size 24 in: smallest table row (no conventional-road marker, no earlier edition of this code) — check)",Original PDFs/shsd-2012-section3.pdf#page=101
D9-13cP,GUIDE SIGN,Guide Signs,,,"same code as the base pack: use Federal (MUTCD 2023)/SVGs/EMERGENCY_MEDICAL_CARE_PLAQUE_D9-13cP.svg (was: size 24 in: smallest table row (no conventional-road marker, no earlier edition of this code) — check)",Original PDFs/shsd-2012-section3.pdf#page=102
D9-13dP,GUIDE SIGN,Guide Signs,,,"same code as the base pack: use Federal (MUTCD 2023)/SVGs/TRAUMA_CENTER_PLAQUE_D9-13dP.svg (was: size 24 in: smallest table row (no conventional-road marker, no earlier edition of this code) — check)",Original PDFs/shsd-2012-section3.pdf#page=103
D9-14,GUIDE SIGN,Guide Signs,,,same code as the base pack: use Federal (MUTCD 2023)/SVGs/POLICE_D9-14.svg (was: size 24 in: conventional-road row for D9-14 in the 2004/2012 sheets (2024 table has no marker)),Original PDFs/shsd-2012-section3.pdf#page=104
D9-15,GUIDE SIGN,Guide Signs,,,same code as the base pack: use Federal (MUTCD 2023)/SVGs/PROPANE_GAS_D9-15.svg (was: size 30 in: no conventional-road marker in the table and no earlier edition of this code; 30 in diamond chosen — check),Original PDFs/shsd-2012-section3.pdf#page=105
D9-16,GUIDE SIGN,Guide Signs,,,same code as the base pack: use Federal (MUTCD 2023)/SVGs/TRUCK_PARKING_D9-16.svg (was: size 24 in: conventional-road row for D9-16 in the 2004/2012 sheets (2024 table has no marker)),Original PDFs/shsd-2012-section3.pdf#page=106
D9-20,TEXAS,Guide Signs,,,same code as the base pack: use Federal (MUTCD 2023)/SVGs/PHARMACY_D9-20.svg (was: size 30 in: no conventional-road marker in the table and no earlier edition of this code; 30 in diamond chosen — check),Original PDFs/shsd-2012-section3.pdf#page=108
D9-20aP,TEXAS,Guide Signs,,,"same code as the base pack: use Federal (MUTCD 2023)/SVGs/24_HOUR_PLAQUE_D9-20aP.svg (was: size 24 in: smallest table row (no conventional-road marker, no earlier edition of this code) — check)",Original PDFs/shsd-2012-section3.pdf#page=108
D9-21,GUIDE SIGN,Guide Signs,,,same code as the base pack: use Federal (MUTCD 2023)/SVGs/TELECOMMUNICATION_DEVICE_FOR_THE_DEAF_D9-21.svg (was: size 30 in: no conventional-road marker in the table and no earlier edition of this code; 30 in diamond chosen — check),Original PDFs/shsd-2012-section3.pdf#page=109
D9-22,GUIDE SIGN,Guide Signs,,,same code as the base pack: use Federal (MUTCD 2023)/SVGs/WIRELESS_INTERNET_D9-22.svg (was: size 30 in: no conventional-road marker in the table and no earlier edition of this code; 30 in diamond chosen — check),Original PDFs/shsd-2012-section3.pdf#page=110
D10-3,TEXAS,Guide Signs,,,same code as the base pack: use Federal (MUTCD 2023)/SVGs/REFERENCE_LOCATION_3_DIGITS_D10-3.svg (was: no size table or width dimension read; drawn at page scale (1 pt = 0.1 in)),Original PDFs/shsd-2012-section3.pdf#page=111
D10-2,TEXAS,Guide Signs,,,same code as the base pack: use Federal (MUTCD 2023)/SVGs/REFERENCE_LOCATION_2_DIGITS_D10-2.svg (was: no size table or width dimension read; drawn at page scale (1 pt = 0.1 in)),Original PDFs/shsd-2012-section3.pdf#page=111
D10-1,Reference Location,Guide Signs,,,same code as the base pack: use Federal (MUTCD 2023)/SVGs/REFERENCE_LOCATION_1_DIGIT_D10-1.svg (was: no size table or width dimension read; drawn at page scale (1 pt = 0.1 in)),Original PDFs/shsd-2012-section3.pdf#page=111
D10-3a,Reference Location,Guide Signs,,,same code as the base pack: use Federal (MUTCD 2023)/SVGs/INTERMEDIATE_REFERENCE_LOCATION_4_DIGITS_D10-3a.svg (was: no size table or width dimension read; drawn at page scale (1 pt = 0.1 in)),Original PDFs/shsd-2012-section3.pdf#page=112
D10-3a,Reference Location,Guide Signs,,,same code as the base pack: use Federal (MUTCD 2023)/SVGs/INTERMEDIATE_REFERENCE_LOCATION_4_DIGITS_D10-3a.svg (was: no size table or width dimension read; drawn at page scale (1 pt = 0.1 in)),Original PDFs/shsd-2012-section3.pdf#page=112
D10-2a,Texas Number,Guide Signs,,,same code as the base pack: use Federal (MUTCD 2023)/SVGs/INTERMEDIATE_REFERENCE_LOCATION_3_DIGITS_D10-2a.svg (was: no size table or width dimension read; drawn at page scale (1 pt = 0.1 in)),Original PDFs/shsd-2012-section3.pdf#page=112
D10-2a,Texas Number,Guide Signs,,,same code as the base pack: use Federal (MUTCD 2023)/SVGs/INTERMEDIATE_REFERENCE_LOCATION_3_DIGITS_D10-2a.svg (was: no size table or width dimension read; drawn at page scale (1 pt = 0.1 in); 4 legend glyph(s) outlined from the sheet's embedded font(s)),Original PDFs/shsd-2012-section3.pdf#page=112
D10-1a,Reference Location,Guide Signs,,,same code as the base pack: use Federal (MUTCD 2023)/SVGs/INTERMEDIATE_REFERENCE_LOCATION_2_DIGITS_D10-1a.svg (was: no size table or width dimension read; drawn at page scale (1 pt = 0.1 in)),Original PDFs/shsd-2012-section3.pdf#page=112
D10-1a,Reference Location,Guide Signs,,,same code as the base pack: use Federal (MUTCD 2023)/SVGs/INTERMEDIATE_REFERENCE_LOCATION_2_DIGITS_D10-1a.svg (was: no size table or width dimension read; drawn at page scale (1 pt = 0.1 in); 4 legend glyph(s) outlined from the sheet's embedded font(s)),Original PDFs/shsd-2012-section3.pdf#page=112
D10-4,TEXAS,Guide Signs,,,same code as the base pack: use Federal (MUTCD 2023)/SVGs/ENHANCED_REFERENCE_LOCATION_D10-4.svg (was: scale from the drawing's overall width dimension (18.0 in)),Original PDFs/shsd-2012-section3.pdf#page=113
D10-4,TEXAS,Guide Signs,,,same code as the base pack: use Federal (MUTCD 2023)/SVGs/ENHANCED_REFERENCE_LOCATION_D10-4.svg (was: scaled from the dimensioned D10-4 drawing (thumbnail)),Original PDFs/shsd-2012-section3.pdf#page=113
D10-5,TEXAS,Guide Signs,,,same code as the base pack: use Federal (MUTCD 2023)/SVGs/INTERMEDIATE_ENHANCED_REFERENCE_LOCATION_D10-5.svg (was: scale from the drawing's overall width dimension (18.0 in)),Original PDFs/shsd-2012-section3.pdf#page=113
D10-5,TEXAS,Guide Signs,,,same code as the base pack: use Federal (MUTCD 2023)/SVGs/INTERMEDIATE_ENHANCED_REFERENCE_LOCATION_D10-5.svg (was: scaled from the dimensioned D10-5 drawing (thumbnail)),Original PDFs/shsd-2012-section3.pdf#page=113
D10-7bT,TEXAS,Guide Signs,TEXAS_D10-7bT.svg,3.0x12.0 in,scale from the drawing's overall height dimension (12.0 in),Original PDFs/shsd-2012-section3.pdf#page=114
D10-7aT,TEXAS,Guide Signs,TEXAS_D10-7aT.svg,3.0x10.0 in,scale from the drawing's overall height dimension (10.0 in),Original PDFs/shsd-2012-section3.pdf#page=114
D11-1,for symbol design,Guide Signs,,,same code as the base pack: use Federal (MUTCD 2023)/SVGs/BIKE_ROUTE_D11-1.svg (was: size 24 in: conventional-road row for D11-1 in the 2004/2012 sheets (2024 table has no marker)),Original PDFs/shsd-2012-section3.pdf#page=115
D11-1a,BIKE ROUTE,Guide Signs,,,same code as the base pack: use Federal (MUTCD 2023)/SVGs/BICYCLE_GUIDE_D11-1a.svg (was: scale from the drawing's overall width dimension (18.0 in)),Original PDFs/shsd-2012-section3.pdf#page=116
D11-1bP,BIKE ROUTE,Guide Signs,,,same code as the base pack: use Federal (MUTCD 2023)/SVGs/BIKE_ROUTE_PLAQUE_D11-1bP.svg (was: scale from the drawing's overall width dimension (18.0 in)),Original PDFs/shsd-2012-section3.pdf#page=116
D11-1c,GUIDE SIGN,Guide Signs,,,same code as the base pack: use Federal (MUTCD 2023)/SVGs/BIKE_ROUTE_WITH_DESTINATION_D11-1c.svg (was: scale from the drawing's overall width dimension (24.0 in)),Original PDFs/shsd-2012-section3.pdf#page=117
D11-2,GUIDE SIGN,Guide Signs,,,same code as the base pack: use Federal (MUTCD 2023)/SVGs/PEDESTRIAN_GUIDE_D11-2.svg (was: scale from the drawing's overall width dimension (18.0 in)),Original PDFs/shsd-2012-section3.pdf#page=118
D11-3,GUIDE SIGN,Guide Signs,,,same code as the base pack: use Federal (MUTCD 2023)/SVGs/SKATERS_GUIDE_D11-3.svg (was: scale from the drawing's overall width dimension (18.0 in)),Original PDFs/shsd-2012-section3.pdf#page=119
D11-4,GUIDE SIGN,Guide Signs,,,same code as the base pack: use Federal (MUTCD 2023)/SVGs/EQUESTRIANS_GUIDE_D11-4.svg (was: scale from the drawing's overall width dimension (18.0 in)),Original PDFs/shsd-2012-section3.pdf#page=120
D12-2,CAR POOL INFO CALL * CAR,Guide Signs,,,same code as the base pack: use Federal (MUTCD 2023)/SVGs/CARPOOL_INFORMATION_D12-2.svg (was: size 60 in: conventional-road row for D12-2 in the 2004/2012 sheets (2024 table has no marker)),Original PDFs/shsd-2012-section3.pdf#page=121
D12-3,GUIDE SIGN,Guide Signs,,,same code as the base pack: use Federal (MUTCD 2023)/SVGs/CHANNEL_9_MONITORED_D12-3.svg (was: size 84 in: conventional-road row for D12-3 in the 2004/2012 sheets (2024 table has no marker)),Original PDFs/shsd-2012-section3.pdf#page=122
D12-5,TEXAS,Guide Signs,,,"same code as the base pack: use Federal (MUTCD 2023)/SVGs/TRAVEL_INFO_CALL_511_PICTOGRAPH_D12-5.svg (was: size 48 in: smallest table row (no conventional-road marker, no earlier edition of this code) — check)",Original PDFs/shsd-2012-section3.pdf#page=123
D12-5a,GUIDE SIGN,Guide Signs,,,"same code as the base pack: use Federal (MUTCD 2023)/SVGs/TRAVEL_INFO_CALL_511_D12-5a.svg (was: size 48 in: smallest table row (no conventional-road marker, no earlier edition of this code) — check)",Original PDFs/shsd-2012-section3.pdf#page=124
D12-5bTR,TEXAS,Guide Signs,TEXAS_D12-5bTR.svg,112.4x145.4 in,no size table or width dimension read; drawn at page scale (1 pt = 0.1 in); 42 legend glyph(s) outlined from the sheet's embedded font(s),Original PDFs/shsd-2012-section3.pdf#page=125
D12-5bTL,TEXAS,Guide Signs,TEXAS_D12-5bTL.svg,112.4x145.4 in,no size table or width dimension read; drawn at page scale (1 pt = 0.1 in); 42 legend glyph(s) outlined from the sheet's embedded font(s),Original PDFs/shsd-2012-section3.pdf#page=125
D12-5T,TEXAS,Guide Signs,TEXAS_D12-5T.svg,12.4x8.2 in,no size table or width dimension read; drawn at page scale (1 pt = 0.1 in); 3 smaller detail drawing(s) beside it on the sheet not extracted,Original PDFs/shsd-2012-section3.pdf#page=126
D12-5T,TEXAS,Guide Signs,TEXAS_BLUE_D12-5T.svg,29.1x9.2 in,no size table or width dimension read; drawn at page scale (1 pt = 0.1 in); 3 smaller detail drawing(s) beside it on the sheet not extracted,Original PDFs/shsd-2012-section3.pdf#page=126
D12-6T,TOP PANEL,Guide Signs,TOP_PANEL_D12-6T.svg,36.0x24.0 in,scale from the drawing's overall width dimension (36.0 in); 89 legend glyph(s) outlined from the sheet's embedded font(s),Original PDFs/shsd-2012-section3.pdf#page=127
D12-6T,TOP PANEL,Guide Signs,TOP_PANEL_BLUE_D12-6T.svg,36.0x6.0 in,scaled from the dimensioned D12-6T drawing (thumbnail); 36 legend glyph(s) outlined from the sheet's embedded font(s),Original PDFs/shsd-2012-section3.pdf#page=127
D13-1TL,GUIDE SIGN,intervene/Guide Signs,GUIDE_SIGN_D13-1TL.svg,66.0x85.4 in,2 overlapping duplicate shape(s) in the sheet's drawing (FHWA artwork fault); needs a manual check,Original PDFs/shsd-2012-section3.pdf#page=128
D13-1TR,GUIDE SIGN,intervene/Guide Signs,GUIDE_SIGN_D13-1TR.svg,66.0x85.4 in,1 overlapping duplicate shape(s) in the sheet's drawing (FHWA artwork fault); needs a manual check,Original PDFs/shsd-2012-section3.pdf#page=128
D13-3a,TEXAS,Guide Signs,,,same code as the base pack: use Federal (MUTCD 2023)/SVGs/FREEWAY_ENTRANCE_DIRECTIONAL_3_D13-3a.svg (was: scale from the drawing's overall width dimension (48.0 in)),Original PDFs/shsd-2012-section3.pdf#page=129
D13-3,FREEWAY ENTRANCE,Guide Signs,,,same code as the base pack: use Federal (MUTCD 2023)/SVGs/EXPRESSWAY_ENTRANCE_D13-3.svg (was: scale from the drawing's overall width dimension (48.0 in)),Original PDFs/shsd-2012-section3.pdf#page=129
D13-4T,FREEWAY ENTRANCE,Guide Signs,FREEWAY_ENTRANCE_D13-4T.svg,36.0x61.2 in,scale from the drawing's overall width dimension (36.0 in),Original PDFs/shsd-2012-section3.pdf#page=130
D15-1,VARIES,Guide Signs,,,same code as the base pack: use Federal (MUTCD 2023)/SVGs/COMBINATION_LANE_USE_DESTINATION_2_D15-1.svg (was: scale from the drawing's overall height dimension (12.67 in); 11 legend glyph(s) outlined from the sheet's embedded font(s)),Original PDFs/shsd-2012-section3.pdf#page=132
D15-1,VARIES,Guide Signs,,,same code as the base pack: use Federal (MUTCD 2023)/SVGs/COMBINATION_LANE_USE_DESTINATION_2_D15-1.svg (was: scaled from the dimensioned D15-1 drawing (thumbnail)),Original PDFs/shsd-2012-section3.pdf#page=132
D15-10T,PASSING LANE X MILES,Guide Signs,PASSING_LANE_X_MILES_D15-10T.svg,44.3x57.4 in,no size table or width dimension read; drawn at page scale (1 pt = 0.1 in),Original PDFs/shsd-2012-section3.pdf#page=133
D15-11T,NEXT PASSING LANE X MILES,Guide Signs,NEXT_PASSING_LANE_X_MILES_D15-11T.svg,44.3x57.4 in,no size table or width dimension read; drawn at page scale (1 pt = 0.1 in),Original PDFs/shsd-2012-section3.pdf#page=133
D17-7,SLOW VEHICLE TURN-OUT X MILE,Guide Signs,,,"same code as the base pack: use Federal (MUTCD 2023)/SVGs/SLOW_VEHICLE_TURN_OUT_X_MILES_D17-7.svg (was: size 72 in: smallest table row (no conventional-road marker, no earlier edition of this code) — check)",Original PDFs/shsd-2012-section3.pdf#page=134
D20-2T,COUNTY ROAD,Guide Signs,COUNTY_ROAD_D20-2T.svg,36.1x46.7 in,no size table or width dimension read; drawn at page scale (1 pt = 0.1 in); 2 smaller detail drawing(s) beside it on the sheet not extracted; 19 legend glyph(s) outlined from the sheet's embedded font(s),Original PDFs/shsd-2012-section3.pdf#page=135
D20-2T,COUNTY ROAD,Guide Signs,COUNTY_ROAD_VAR2_D20-2T.svg,24.0x31.1 in,scale from the drawing's overall width dimension (24.0 in); 2 smaller detail drawing(s) beside it on the sheet not extracted; 23 legend glyph(s) outlined from the sheet's embedded font(s),Original PDFs/shsd-2012-section3.pdf#page=135
D20-2T,COUNTY ROAD,Guide Signs,COUNTY_ROAD_VAR3_D20-2T.svg,24.0x31.1 in,scaled from the dimensioned D20-2T drawing (thumbnail); 2 smaller detail drawing(s) beside it on the sheet not extracted; 25 legend glyph(s) outlined from the sheet's embedded font(s),Original PDFs/shsd-2012-section3.pdf#page=135
D20-2T,COUNTY ROAD,Guide Signs,COUNTY_ROAD_VAR4_D20-2T.svg,24.0x31.1 in,scaled from the dimensioned D20-2T drawing (thumbnail); 2 smaller detail drawing(s) beside it on the sheet not extracted; 19 legend glyph(s) outlined from the sheet's embedded font(s),Original PDFs/shsd-2012-section3.pdf#page=135
D20-4T,COUNTY ROAD,Guide Signs,COUNTY_ROAD_D20-4T.svg,24.0x24.0 in,scale from the drawing's overall width dimension (24.0 in); 4 legend glyph(s) outlined from the sheet's embedded font(s),Original PDFs/shsd-2012-section3.pdf#page=136
D20-3TR(L),COUNTY ROAD,Guide Signs,COUNTY_ROAD_D20-3TRL.svg,24.0x24.0 in,no dimension of its own; drawn to the same size as D20-4T on the sheet — check; 4 legend glyph(s) outlined from the sheet's embedded font(s),Original PDFs/shsd-2012-section3.pdf#page=136
"D20-5T(L,R)",COUNTY ROAD,Guide Signs,COUNTY_ROAD_D20-5TL-R.svg,14.0x25.4 in,scale from the drawing's overall width dimension (14.0 in); 4 legend glyph(s) outlined from the sheet's embedded font(s),Original PDFs/shsd-2012-section3.pdf#page=137
"D20-5T(R,L)",TEXAS,Guide Signs,TEXAS_D20-5TR-L.svg,14.0x25.4 in,"no dimension of its own; drawn to the same size as D20-5T (L, R) on the sheet — check; 4 legend glyph(s) outlined from the sheet's embedded font(s)",Original PDFs/shsd-2012-section3.pdf#page=137
"D20-5T(R,R)",TEXAS,Guide Signs,TEXAS_D20-5TR-R.svg,14.0x25.4 in,"no dimension of its own; drawn to the same size as D20-5T (L, R) on the sheet — check; 4 legend glyph(s) outlined from the sheet's embedded font(s)",Original PDFs/shsd-2012-section3.pdf#page=137
"D20-5T(L,L)",TEXAS,Guide Signs,TEXAS_D20-5TL-L.svg,14.0x25.4 in,"no dimension of its own; drawn to the same size as D20-5T (L, R) on the sheet — check; 4 legend glyph(s) outlined from the sheet's embedded font(s)",Original PDFs/shsd-2012-section3.pdf#page=137
D20-6T,COUNTY ROAD,Guide Signs,COUNTY_ROAD_D20-6T.svg,107.2x138.7 in,no size table or width dimension read; drawn at page scale (1 pt = 0.1 in); 4 legend glyph(s) outlined from the sheet's embedded font(s),Original PDFs/shsd-2012-section3.pdf#page=138
D20-6T,COUNTY ROAD,Guide Signs,COUNTY_ROAD_VAR2_D20-6T.svg,107.2x138.7 in,no size table or width dimension read; drawn at page scale (1 pt = 0.1 in); 4 legend glyph(s) outlined from the sheet's embedded font(s),Original PDFs/shsd-2012-section3.pdf#page=138
"D20-7T(UP,L)",COUNTY ROAD,Guide Signs,COUNTY_ROAD_D20-7TUP-L.svg,72.0x92.8 in,no size table or width dimension read; drawn at page scale (1 pt = 0.1 in); 8 legend glyph(s) outlined from the sheet's embedded font(s),Original PDFs/shsd-2012-section3.pdf#page=139
"D20-7T(UP,R)",design,Guide Signs,DESIGN_D20-7TUP-R.svg,72.0x92.8 in,no size table or width dimension read; drawn at page scale (1 pt = 0.1 in); 8 legend glyph(s) outlined from the sheet's embedded font(s),Original PDFs/shsd-2012-section3.pdf#page=139
"D20-8T(R45,DBL)",design,Guide Signs,DESIGN_D20-8TR45-DBL.svg,28.7x37.1 in,no size table or width dimension read; drawn at page scale (1 pt = 0.1 in); 4 legend glyph(s) outlined from the sheet's embedded font(s),Original PDFs/shsd-2012-section3.pdf#page=140
"D20-8T(R45,DBL)",design,Guide Signs,DESIGN_VAR2_D20-8TR45-DBL.svg,47.1x61.0 in,no size table or width dimension read; drawn at page scale (1 pt = 0.1 in); 4 legend glyph(s) outlined from the sheet's embedded font(s),Original PDFs/shsd-2012-section3.pdf#page=140
"D20-8T(L45,DBL)",COUNTY ROAD,Guide Signs,COUNTY_ROAD_D20-8TL45-DBL.svg,18.5x23.9 in,no size table or width dimension read; drawn at page scale (1 pt = 0.1 in); 4 legend glyph(s) outlined from the sheet's embedded font(s),Original PDFs/shsd-2012-section3.pdf#page=140
"D20-9T(L45,L)",COUNTY ROAD,Guide Signs,COUNTY_ROAD_D20-9TL45-L.svg,72.0x92.8 in,no size table or width dimension read; drawn at page scale (1 pt = 0.1 in); 16 legend glyph(s) outlined from the sheet's embedded font(s),Original PDFs/shsd-2012-section3.pdf#page=141
D21-1T(DBL),Variable in increments of 6 inches,Guide Signs,VARIABLE_IN_INCREMENTS_OF_6_INCHES_D21-1TDBL.svg,91.3x118.2 in,no size table or width dimension read; drawn at page scale (1 pt = 0.1 in); 28 legend glyph(s) outlined from the sheet's embedded font(s),Original PDFs/shsd-2012-section3.pdf#page=142
D21-1aT(DBL),COUNTY ROAD,Guide Signs,COUNTY_ROAD_D21-1aTDBL.svg,4.7x6.1 in,scale from the drawing's overall height dimension (6.125 in); 29 legend glyph(s) outlined from the sheet's embedded font(s),Original PDFs/shsd-2012-section3.pdf#page=143
D21-1aT(UP),COUNTY ROAD,Guide Signs,COUNTY_ROAD_D21-1aTUP.svg,4.7x6.1 in,no dimension of its own; drawn to the same size as D21-1aT (DBL) on the sheet — check,Original PDFs/shsd-2012-section3.pdf#page=143
D21-1aT(R45),COUNTY ROAD,Guide Signs,COUNTY_ROAD_D21-1aTR45.svg,4.7x6.1 in,no dimension of its own; drawn to the same size as D21-1aT (DBL) on the sheet — check; 35 legend glyph(s) outlined from the sheet's embedded font(s),Original PDFs/shsd-2012-section3.pdf#page=143
D21-1aT(L45),COUNTY ROAD,Guide Signs,COUNTY_ROAD_D21-1aTL45.svg,4.7x6.1 in,no dimension of its own; drawn to the same size as D21-1aT (DBL) on the sheet — check; 35 legend glyph(s) outlined from the sheet's embedded font(s),Original PDFs/shsd-2012-section3.pdf#page=143
D21-1aT(R),COUNTY ROAD,Guide Signs,COUNTY_ROAD_D21-1aTR.svg,53.6x24.0 in,scale from the drawing's overall height dimension (24.0 in); 2 smaller detail drawing(s) beside it on the sheet not extracted,Original PDFs/shsd-2012-section3.pdf#page=143
D21-1aT(L),Variable in increments of 6 inches,Guide Signs,VARIABLE_IN_INCREMENTS_OF_6_INCHES_D21-1aTL.svg,43.4x24.0 in,scale from the drawing's overall height dimension (24.0 in),Original PDFs/shsd-2012-section3.pdf#page=143
"D21-2T(R45,R45)",COUNTY ROAD,Guide Signs,COUNTY_ROAD_D21-2TR45-R45.svg,137.3x177.6 in,no size table or width dimension read; drawn at page scale (1 pt = 0.1 in); 112 legend glyph(s) outlined from the sheet's embedded font(s),Original PDFs/shsd-2012-section3.pdf#page=144
"D21-2T(L,R)",COUNTY ROAD,Guide Signs,COUNTY_ROAD_D21-2TL-R.svg,104.8x135.6 in,no size table or width dimension read; drawn at page scale (1 pt = 0.1 in); 112 legend glyph(s) outlined from the sheet's embedded font(s),Original PDFs/shsd-2012-section3.pdf#page=144
"D21-2T(R,R)",COUNTY ROAD,Guide Signs,COUNTY_ROAD_D21-2TR-R.svg,104.8x135.6 in,no size table or width dimension read; drawn at page scale (1 pt = 0.1 in); 112 legend glyph(s) outlined from the sheet's embedded font(s),Original PDFs/shsd-2012-section3.pdf#page=144
"D21-2T(L,L)",COUNTY ROAD,Guide Signs,COUNTY_ROAD_D21-2TL-L.svg,104.8x135.6 in,no size table or width dimension read; drawn at page scale (1 pt = 0.1 in); 112 legend glyph(s) outlined from the sheet's embedded font(s),Original PDFs/shsd-2012-section3.pdf#page=144
"D21-2T(UP,UP)",COUNTY ROAD,Guide Signs,COUNTY_ROAD_D21-2TUP-UP.svg,135.7x175.7 in,no size table or width dimension read; drawn at page scale (1 pt = 0.1 in); 56 legend glyph(s) outlined from the sheet's embedded font(s),Original PDFs/shsd-2012-section3.pdf#page=145
D21-2T,TEXAS,Guide Signs,TEXAS_D21-2T.svg,103.7x134.1 in,no size table or width dimension read; drawn at page scale (1 pt = 0.1 in); 28 legend glyph(s) outlined from the sheet's embedded font(s),Original PDFs/shsd-2012-section3.pdf#page=145
"D21-2T(UP,R)",Variable in increments of 6 inches,Guide Signs,VARIABLE_IN_INCREMENTS_OF_6_INCHES_D21-2TUP-R.svg,103.7x134.1 in,no size table or width dimension read; drawn at page scale (1 pt = 0.1 in); 63 legend glyph(s) outlined from the sheet's embedded font(s),Original PDFs/shsd-2012-section3.pdf#page=145
"D21-2T(UP,R)",Variable in increments of 6 inches,Guide Signs,VARIABLE_IN_INCREMENTS_OF_6_INCHES_VAR2_D21-2TUP-R.svg,103.7x134.1 in,no size table or width dimension read; drawn at page scale (1 pt = 0.1 in); 49 legend glyph(s) outlined from the sheet's embedded font(s),Original PDFs/shsd-2012-section3.pdf#page=145
"D21-2T(UP,DBL)",TEXAS,Guide Signs,TEXAS_D21-2TUP-DBL.svg,103.7x134.1 in,no size table or width dimension read; drawn at page scale (1 pt = 0.1 in); 70 legend glyph(s) outlined from the sheet's embedded font(s),Original PDFs/shsd-2012-section3.pdf#page=145
"D21-2T(L45,R45)",TEXAS,Guide Signs,TEXAS_D21-2TL45-R45.svg,103.7x134.1 in,no size table or width dimension read; drawn at page scale (1 pt = 0.1 in); 70 legend glyph(s) outlined from the sheet's embedded font(s),Original PDFs/shsd-2012-section3.pdf#page=145
"D21-2T(UP,L)",TEXAS,Guide Signs,TEXAS_D21-2TUP-L.svg,10.8x14.0 in,scale from the drawing's overall height dimension (14.0 in); 56 legend glyph(s) outlined from the sheet's embedded font(s),Original PDFs/shsd-2012-section3.pdf#page=145
"D21-2T(UP,L45)",TEXAS,Guide Signs,TEXAS_D21-2TUP-L45.svg,10.8x14.0 in,"no dimension of its own; drawn to the same size as D21-2T (UP, L) on the sheet — check; 70 legend glyph(s) outlined from the sheet's embedded font(s)",Original PDFs/shsd-2012-section3.pdf#page=145
"D21-2T(UP,R45)",TEXAS,Guide Signs,TEXAS_D21-2TUP-R45.svg,10.8x14.0 in,"no dimension of its own; drawn to the same size as D21-2T (UP, L) on the sheet — check; 28 legend glyph(s) outlined from the sheet's embedded font(s)",Original PDFs/shsd-2012-section3.pdf#page=145
D21-3T,COUNTY ROAD,Guide Signs,COUNTY_ROAD_D21-3T.svg,183.6x237.6 in,no size table or width dimension read; drawn at page scale (1 pt = 0.1 in); 7 smaller detail drawing(s) beside it on the sheet not extracted; 300 legend glyph(s) outlined from the sheet's embedded font(s),Original PDFs/shsd-2012-section3.pdf#page=146
D21-3T,COUNTY ROAD,Guide Signs,COUNTY_ROAD_VAR2_D21-3T.svg,186.8x241.7 in,no size table or width dimension read; drawn at page scale (1 pt = 0.1 in); 7 smaller detail drawing(s) beside it on the sheet not extracted; 300 legend glyph(s) outlined from the sheet's embedded font(s),Original PDFs/shsd-2012-section3.pdf#page=146
D21-3T,COUNTY ROAD,Guide Signs,COUNTY_ROAD_D21-3T_2.svg,183.6x237.6 in,no size table or width dimension read; drawn at page scale (1 pt = 0.1 in); 5 smaller detail drawing(s) beside it on the sheet not extracted; 180 legend glyph(s) outlined from the sheet's embedded font(s),Original PDFs/shsd-2012-section3.pdf#page=147
D21-3aT,COUNTY ROAD,Guide Signs,COUNTY_ROAD_D21-3aT.svg,87.2x112.9 in,no size table or width dimension read; drawn at page scale (1 pt = 0.1 in); 6 smaller detail drawing(s) beside it on the sheet not extracted; 193 legend glyph(s) outlined from the sheet's embedded font(s),Original PDFs/shsd-2012-section3.pdf#page=148
D21-3aT,COUNTY ROAD,Guide Signs,COUNTY_ROAD_VAR2_D21-3aT.svg,180.4x233.4 in,no size table or width dimension read; drawn at page scale (1 pt = 0.1 in); 6 smaller detail drawing(s) beside it on the sheet not extracted; 193 legend glyph(s) outlined from the sheet's embedded font(s),Original PDFs/shsd-2012-section3.pdf#page=148
D21-3aT,COUNTY ROAD,Guide Signs,COUNTY_ROAD_D21-3aT_2.svg,90.4x117.0 in,no size table or width dimension read; drawn at page scale (1 pt = 0.1 in); 150 legend glyph(s) outlined from the sheet's embedded font(s),Original PDFs/shsd-2012-section3.pdf#page=149
D21-3aT,COUNTY ROAD,Guide Signs,COUNTY_ROAD_VAR2_D21-3aT_2.svg,90.0x116.6 in,no size table or width dimension read; drawn at page scale (1 pt = 0.1 in); 270 legend glyph(s) outlined from the sheet's embedded font(s),Original PDFs/shsd-2012-section3.pdf#page=149
D21-3aT,COUNTY ROAD,Guide Signs,COUNTY_ROAD_VAR3_D21-3aT.svg,90.0x116.6 in,no size table or width dimension read; drawn at page scale (1 pt = 0.1 in); 270 legend glyph(s) outlined from the sheet's embedded font(s),Original PDFs/shsd-2012-section3.pdf#page=149
D21-3aT,COUNTY ROAD,Guide Signs,COUNTY_ROAD_VAR4_D21-3aT.svg,90.0x116.6 in,no size table or width dimension read; drawn at page scale (1 pt = 0.1 in); 150 legend glyph(s) outlined from the sheet's embedded font(s),Original PDFs/shsd-2012-section3.pdf#page=149
D21-3aT,COUNTY ROAD,Guide Signs,COUNTY_ROAD_VAR5_D21-3aT.svg,90.0x116.6 in,no size table or width dimension read; drawn at page scale (1 pt = 0.1 in); 270 legend glyph(s) outlined from the sheet's embedded font(s),Original PDFs/shsd-2012-section3.pdf#page=149
D21-3aT,COUNTY ROAD,Guide Signs,COUNTY_ROAD_VAR6_D21-3aT.svg,90.0x116.6 in,no size table or width dimension read; drawn at page scale (1 pt = 0.1 in); 270 legend glyph(s) outlined from the sheet's embedded font(s),Original PDFs/shsd-2012-section3.pdf#page=149
D21-3aT,COUNTY ROAD,Guide Signs,COUNTY_ROAD_VAR7_D21-3aT.svg,90.0x116.6 in,no size table or width dimension read; drawn at page scale (1 pt = 0.1 in); 270 legend glyph(s) outlined from the sheet's embedded font(s),Original PDFs/shsd-2012-section3.pdf#page=149
D21-3aT,COUNTY ROAD,Guide Signs,COUNTY_ROAD_VAR8_D21-3aT.svg,90.0x116.6 in,no size table or width dimension read; drawn at page scale (1 pt = 0.1 in); 270 legend glyph(s) outlined from the sheet's embedded font(s),Original PDFs/shsd-2012-section3.pdf#page=149
D21-3aT,COUNTY ROAD,Guide Signs,COUNTY_ROAD_VAR9_D21-3aT.svg,90.0x116.6 in,no size table or width dimension read; drawn at page scale (1 pt = 0.1 in); 270 legend glyph(s) outlined from the sheet's embedded font(s),Original PDFs/shsd-2012-section3.pdf#page=149
D21-3aT,COUNTY ROAD,Guide Signs,COUNTY_ROAD_VAR10_D21-3aT.svg,90.4x117.0 in,no size table or width dimension read; drawn at page scale (1 pt = 0.1 in); 150 legend glyph(s) outlined from the sheet's embedded font(s),Original PDFs/shsd-2012-section3.pdf#page=149
D21-3aT,COUNTY ROAD,Guide Signs,COUNTY_ROAD_VAR11_D21-3aT.svg,9.0x11.7 in,scale from the drawing's overall width dimension (9.0 in); 270 legend glyph(s) outlined from the sheet's embedded font(s),Original PDFs/shsd-2012-section3.pdf#page=149
D21-3aT,COUNTY ROAD,Guide Signs,COUNTY_ROAD_VAR12_D21-3aT.svg,9.0x11.7 in,scaled from the dimensioned D21-3aT drawing (thumbnail),Original PDFs/shsd-2012-section3.pdf#page=149
D23-1TL,STATE SENATOR (with Arrow),Guide Signs,STATE_SENATOR_WITH_ARROW_D23-1TL.svg,60.0x24.0 in,scale from the drawing's overall height dimension (24.0 in),Original PDFs/shsd-2012-section3.pdf#page=150
D23-1TR,STATE SENATOR (with Arrow),Guide Signs,STATE_SENATOR_WITH_ARROW_D23-1TR.svg,60.0x26.7 in,scaled from the dimensioned D23-1TL drawing (thumbnail),Original PDFs/shsd-2012-section3.pdf#page=150
D24-1T,TEXAS,Guide Signs,TEXAS_D24-1T.svg,66.0x35.1 in,scale from the drawing's overall width dimension (66.0 in),Original PDFs/shsd-2012-section3.pdf#page=151
D24-2TR,TEXAS,Guide Signs,TEXAS_D24-2TR.svg,66.0x35.1 in,no dimension of its own; drawn to the same size as D24-1T on the sheet — check,Original PDFs/shsd-2012-section3.pdf#page=151
D24-2TL,TEXAS,Guide Signs,TEXAS_D24-2TL.svg,66.0x35.1 in,scaled from the dimensioned D24-2TR drawing (thumbnail),Original PDFs/shsd-2012-section3.pdf#page=151
D25-1TR,VETERANS AFFAIRS CEMETERY (Arrow),Guide Signs,VETERANS_AFFAIRS_CEMETERY_ARROW_D25-1TR.svg,74.6x96.5 in,no size table or width dimension read; drawn at page scale (1 pt = 0.1 in),Original PDFs/shsd-2012-section3.pdf#page=152
D25-1TL,VETERANS AFFAIRS CEMETERY (Arrow),Guide Signs,VETERANS_AFFAIRS_CEMETERY_ARROW_D25-1TL.svg,74.6x96.5 in,no size table or width dimension read; drawn at page scale (1 pt = 0.1 in),Original PDFs/shsd-2012-section3.pdf#page=152
D25-2TR,VETERANS AFFAIRS HOSPITAL(Arrow),Guide Signs,VETERANS_AFFAIRS_HOSPITAL_ARROW_D25-2TR.svg,74.6x96.5 in,no size table or width dimension read; drawn at page scale (1 pt = 0.1 in),Original PDFs/shsd-2012-section3.pdf#page=152
D25-3TL,GUIDE SIGN,Guide Signs,GUIDE_SIGN_D25-3TL.svg,18.6x24.1 in,no size table or width dimension read; drawn at page scale (1 pt = 0.1 in),Original PDFs/shsd-2012-section3.pdf#page=152
D25-3TR,GUIDE SIGN,intervene/Guide Signs,GUIDE_SIGN_D25-3TR.svg,18.6x24.1 in,D25-3TR is not drawn on the sheet and D25-3TL carries an outlined legend that cannot be mirrored automatically,Original PDFs/shsd-2012-section3.pdf#page=152
D25-2TL,for arrow design,intervene/Guide Signs,FOR_ARROW_DESIGN_D25-2TL.svg,74.6x96.5 in,D25-2TL is not drawn on the sheet and D25-2TR carries an outlined legend that cannot be mirrored automatically,Original PDFs/shsd-2012-section3.pdf#page=152
D26-1TL,TEXAS,Guide Signs,TEXAS_D26-1TL.svg,60.0x17.1 in,"size 60 in: smallest table row (no conventional-road marker, no earlier edition of this code) — check",Original PDFs/shsd-2012-section3.pdf#page=153
D26-1TR,TEXAS,Guide Signs,TEXAS_D26-1TR.svg,54.0x15.4 in,"size 54 in: smallest table row (no conventional-road marker, no earlier edition of this code) — check",Original PDFs/shsd-2012-section3.pdf#page=153
D26-2TL,TEXAS,Guide Signs,TEXAS_D26-2TL.svg,60.0x25.7 in,"size 60 in: smallest table row (no conventional-road marker, no earlier edition of this code) — check",Original PDFs/shsd-2012-section3.pdf#page=154
D26-2TR,TEXAS,Guide Signs,TEXAS_D26-2TR.svg,60.0x25.7 in,"size 60 in: smallest table row (no conventional-road marker, no earlier edition of this code) — check",Original PDFs/shsd-2012-section3.pdf#page=154
D26-3TL,TEXAS,Guide Signs,TEXAS_D26-3TL.svg,48.0x24.0 in,scale from the drawing's overall width dimension (48.0 in),Original PDFs/shsd-2012-section3.pdf#page=155
D26-3TR,TEXAS,Guide Signs,TEXAS_D26-3TR.svg,48.0x24.0 in,scaled from the dimensioned D26-3TL drawing (thumbnail),Original PDFs/shsd-2012-section3.pdf#page=155
D26-4TL,TEXAS,Guide Signs,TEXAS_D26-4TL.svg,42.0x30.0 in,scale from the drawing's overall width dimension (42.0 in),Original PDFs/shsd-2012-section3.pdf#page=156
D26-4TR,TEXAS,Guide Signs,TEXAS_D26-4TR.svg,42.0x30.0 in,scaled from the dimensioned D26-4TL drawing (thumbnail),Original PDFs/shsd-2012-section3.pdf#page=156
D26-5TR,GUIDE SIGN,Guide Signs,GUIDE_SIGN_D26-5TR.svg,42.0x30.0 in,scale from the drawing's overall width dimension (42.0 in),Original PDFs/shsd-2012-section3.pdf#page=157
D26-5TL,GUIDE SIGN,Guide Signs,GUIDE_SIGN_D26-5TL.svg,42.0x30.0 in,scaled from the dimensioned D26-5TR drawing (thumbnail),Original PDFs/shsd-2012-section3.pdf#page=157
D26-6TR,GUIDE SIGN,Guide Signs,GUIDE_SIGN_D26-6TR.svg,48.0x30.0 in,scale from the drawing's overall width dimension (48.0 in),Original PDFs/shsd-2012-section3.pdf#page=158
D26-6TL,GUIDE SIGN,Guide Signs,GUIDE_SIGN_D26-6TL.svg,48.0x30.0 in,scaled from the dimensioned D26-6TR drawing (thumbnail),Original PDFs/shsd-2012-section3.pdf#page=158
D26-7TL,GUIDE SIGN,Guide Signs,GUIDE_SIGN_D26-7TL.svg,98.8x76.3 in,no size table or width dimension read; drawn at page scale (1 pt = 0.1 in); 58 legend glyph(s) outlined from the sheet's embedded font(s),Original PDFs/shsd-2012-section3.pdf#page=159
D26-7TR,GUIDE SIGN,Guide Signs,GUIDE_SIGN_D26-7TR.svg,98.8x76.3 in,mirrored from D26-7TL (not drawn separately on the sheet),Original PDFs/shsd-2012-section3.pdf#page=159
D26-8TR,TEXAS,Guide Signs,TEXAS_D26-8TR.svg,54.0x12.1 in,scale from the drawing's overall width dimension (54.0 in),Original PDFs/shsd-2012-section3.pdf#page=160
D26-8TL,TEXAS,Guide Signs,TEXAS_D26-8TL.svg,54.0x12.1 in,scaled from the dimensioned D26-8TR drawing (thumbnail),Original PDFs/shsd-2012-section3.pdf#page=160
D26-9TR,GUIDE SIGN,Guide Signs,GUIDE_SIGN_D26-9TR.svg,54.0x30.0 in,scale from the drawing's overall height dimension (30.0 in),Original PDFs/shsd-2012-section3.pdf#page=161
D26-9TL,GUIDE SIGN,Guide Signs,GUIDE_SIGN_D26-9TL.svg,54.0x30.0 in,scaled from the dimensioned D26-9TR drawing (thumbnail),Original PDFs/shsd-2012-section3.pdf#page=161
D26-10TR,TEXAS,Guide Signs,TEXAS_D26-10TR.svg,60.0x17.9 in,"size 60 in: smallest table row (no conventional-road marker, no earlier edition of this code) — check; 25 legend glyph(s) outlined from the sheet's embedded font(s)",Original PDFs/shsd-2012-section3.pdf#page=162
D26-10TL,TEXAS,Guide Signs,TEXAS_D26-10TL.svg,60.0x17.1 in,"size 60 in: smallest table row (no conventional-road marker, no earlier edition of this code) — check; 14 legend glyph(s) outlined from the sheet's embedded font(s)",Original PDFs/shsd-2012-section3.pdf#page=162
I1-1,SIGNALS SET FOR 25 MPH,Guide Signs,,,same code as the base pack: use Federal (MUTCD 2023)/SVGs/TRAFFIC_SIGNAL_SPEED_2_I1-1.svg (was: scale from the drawing's overall width dimension (24.0 in)),Original PDFs/shsd-2012-section3.pdf#page=168
I-2,TEXAS STATE LINE,Guide Signs,,,"same code as the base pack: use Federal (MUTCD 2023)/SVGs/STATE_LINE_I-2.svg (was: size 30 in: smallest table row (no conventional-road marker, no earlier edition of this code) — check)",Original PDFs/shsd-2012-section3.pdf#page=169
I-2aT,CITY LIMIT,Guide Signs,CITY_LIMIT_I-2aT.svg,48.0x24.0 in,scale from the drawing's overall height dimension (24.0 in),Original PDFs/shsd-2012-section3.pdf#page=170
I-2aT,CITY LIMIT,Guide Signs,CITY_LIMIT_VAR2_I-2aT.svg,48.0x32.0 in,scaled from the dimensioned I-2aT drawing (thumbnail),Original PDFs/shsd-2012-section3.pdf#page=170
I-2bT,ENTERING CITY LIMIT/LEAVING,Guide Signs,ENTERING_CITY_LIMIT_LEAVING_I-2bT.svg,34.5x40.2 in,no size table or width dimension read; drawn at page scale (1 pt = 0.1 in),Original PDFs/shsd-2012-section3.pdf#page=171
I-2dT,COUNTY LINE,Guide Signs,COUNTY_LINE_I-2dT.svg,32.4x14.1 in,no size table or width dimension read; drawn at page scale (1 pt = 0.1 in),Original PDFs/shsd-2012-section3.pdf#page=172
I-2cT,COUNTY NAME,Guide Signs,COUNTY_NAME_I-2cT.svg,24.0x5.5 in,"size 24 in: smallest table row (no conventional-road marker, no earlier edition of this code) — check",Original PDFs/shsd-2012-section3.pdf#page=172
I-2T,WELCOME TO TEXAS,Guide Signs,WELCOME_TO_TEXAS_I-2T.svg,32.5x19.8 in,no size table or width dimension read; drawn at page scale (1 pt = 0.1 in),Original PDFs/shsd-2012-section3.pdf#page=173
I-3,TRINITY RIVER,Guide Signs,,,same code as the base pack: use Federal (MUTCD 2023)/SVGs/BRAZOS_RIVER_I-3.svg (was: no size table or width dimension read; drawn at page scale (1 pt = 0.1 in)),Original PDFs/shsd-2012-section3.pdf#page=174
I-5,TEXAS,Guide Signs,,,same code as the base pack: use Federal (MUTCD 2023)/SVGs/AIRPORT_I-5.svg (was: size 30 in: no conventional-road marker in the table and no earlier edition of this code; 30 in diamond chosen — check),Original PDFs/shsd-2012-section3.pdf#page=175
I-6,GENERAL INFORMATION SIGN,Guide Signs,,,same code as the base pack: use Federal (MUTCD 2023)/SVGs/BUS_STATION_I-6.svg (was: size 30 in: no conventional-road marker in the table and no earlier edition of this code; 30 in diamond chosen — check),Original PDFs/shsd-2012-section3.pdf#page=176
I-7,GENERAL INFORMATION SIGN,Guide Signs,,,same code as the base pack: use Federal (MUTCD 2023)/SVGs/TRAIN_STATION_I-7.svg (was: size 30 in: no conventional-road marker in the table and no earlier edition of this code; 30 in diamond chosen — check),Original PDFs/shsd-2012-section3.pdf#page=177
I-8,GENERAL INFORMATION SIGN,Guide Signs,,,same code as the base pack: use Federal (MUTCD 2023)/SVGs/LIBRARY_I-8.svg (was: size 30 in: no conventional-road marker in the table and no earlier edition of this code; 30 in diamond chosen — check),Original PDFs/shsd-2012-section3.pdf#page=178
I-8TP,GENERAL INFORMATION SIGN,Guide Signs,GENERAL_INFORMATION_SIGN_I-8TP.svg,24.0x6.0 in,scale from the drawing's overall width dimension (24.0 in),Original PDFs/shsd-2012-section3.pdf#page=179
I-9,GENERAL INFORMATION SIGN,Guide Signs,,,same code as the base pack: use Federal (MUTCD 2023)/SVGs/VEHICLE_FERRY_TERMINAL_I-9.svg (was: size 30 in: no conventional-road marker in the table and no earlier edition of this code; 30 in diamond chosen — check),Original PDFs/shsd-2012-section3.pdf#page=180
I-12,Light Rail Train Sit (Symbol),Guide Signs,,,same code as the base pack: use Federal (MUTCD 2023)/SVGs/LIGHT_RAIL_STATION_I-12.svg (was: size 30 in: no conventional-road marker in the table and no earlier edition of this code; 30 in diamond chosen — check),Original PDFs/shsd-2012-section3.pdf#page=182
I-13,TO REPORT EMERGENCY OR OTHER PROBLEM CALL XXX-XXXX,Guide Signs,,,same code as the base pack: use Federal (MUTCD 2023)/SVGs/GRADE_CROSSING_EMERGENCY_NOTIFICATION_I-13.svg (was: scale from the drawing's overall width dimension (15.0 in)),Original PDFs/shsd-2012-section3.pdf#page=183
I-13T,TO REPORT EMERGENCY OR OTHER PROBLEM CALL XXX-XXXX,Guide Signs,TO_REPORT_EMERGENCY_OR_OTHER_PROBLEM_CALL_XXX_XXXX_I-13T.svg,9.0x12.0 in,scale from the drawing's overall width dimension (9.0 in),Original PDFs/shsd-2012-section3.pdf#page=183
I-17T,LIGHTS ON THE SAFETY TURN ON HEADLIGHTS NEXT XX MILES,Guide Signs,LIGHTS_ON_THE_SAFETY_TURN_ON_HEADLIGHTS_NEXT_XX_MILES_I-17T.svg,96.0x48.0 in,scale from the drawing's overall width dimension (96.0 in),Original PDFs/shsd-2012-section3.pdf#page=184
I-17bT,LIGHTS ON THE SAFETY TURN ON HEADLIGHTS NEXT XX MILES,Guide Signs,LIGHTS_ON_THE_SAFETY_TURN_ON_HEADLIGHTS_NEXT_XX_MILES_I-17bT.svg,96.0x48.0 in,no dimension of its own; drawn to the same size as I-17T on the sheet — check; 2 smaller detail drawing(s) beside it on the sheet not extracted,Original PDFs/shsd-2012-section3.pdf#page=184
I-17aT,LIGHTS ON THE SAFETY TURN ON HEADLIGHTS NEXT XX MILES,Guide Signs,LIGHTS_ON_THE_SAFETY_TURN_ON_HEADLIGHTS_NEXT_XX_MILES_I-17aT.svg,96.0x48.0 in,no dimension of its own; drawn to the same size as I-17T on the sheet — check,Original PDFs/shsd-2012-section3.pdf#page=184
TX1-2T,STATE MAINTENANCE BEGINS,Guide Signs,STATE_MAINTENANCE_BEGINS_TX1-2T.svg,24.0x14.7 in,scale from the drawing's overall width dimension (24.0 in),Original PDFs/shsd-2012-section3.pdf#page=185
TX1-1T,STATE MAINTENANCE ENDS,Guide Signs,STATE_MAINTENANCE_ENDS_TX1-1T.svg,24.0x14.7 in,no dimension of its own; drawn to the same size as TX1-2T on the sheet — check,Original PDFs/shsd-2012-section3.pdf#page=185
TX1-3T,,Guide Signs,SIGN_TX1-3T.svg,24.0x14.7 in,scale from the drawing's overall width dimension (24.0 in),Original PDFs/shsd-2012-section3.pdf#page=186
TX1-4T,,Guide Signs,SIGN_TX1-4T.svg,24.0x11.8 in,scale from the drawing's overall width dimension (24.0 in),Original PDFs/shsd-2012-section3.pdf#page=186
TX2-1T,NOTICE STATE LAW,Guide Signs,NOTICE_STATE_LAW_TX2-1T.svg,30.0x23.9 in,scale from the drawing's overall width dimension (30.0 in),Original PDFs/shsd-2012-section3.pdf#page=187
TX3-1T,PROPERTY OF THE STATE OF TEXAS PENALTY FOR PRIVATE USE,Guide Signs,PROPERTY_OF_THE_STATE_OF_TEXAS_PENALTY_FOR_PRIVATE_USE_TX3-1T.svg,36.0x11.5 in,scale from the drawing's overall width dimension (36.0 in),Original PDFs/shsd-2012-section3.pdf#page=187
TX4-1T,PLEASE HELP PREVENT GRASS FIRES,Guide Signs,PLEASE_HELP_PREVENT_GRASS_FIRES_TX4-1T.svg,36.0x17.6 in,scale from the drawing's overall width dimension (36.0 in),Original PDFs/shsd-2012-section3.pdf#page=188
TX4-2T,PLEASE HELP PREVENT FOREST FIRES,Guide Signs,PLEASE_HELP_PREVENT_FOREST_FIRES_TX4-2T.svg,36.0x17.6 in,no dimension of its own; drawn to the same size as TX4-1T on the sheet — check,Original PDFs/shsd-2012-section3.pdf#page=188
TX5-1T,COUNTY MUNICIPAL UTILITY DISTRICT NO,Guide Signs,COUNTY_MUNICIPAL_UTILITY_DISTRICT_NO_TX5-1T.svg,36.4x24.0 in,scale from the drawing's overall height dimension (24.0 in),Original PDFs/shsd-2012-section3.pdf#page=189
TX5-2T,COUNTY MUNICIPAL UTILITY DISTRICT NO,Guide Signs,COUNTY_MUNICIPAL_UTILITY_DISTRICT_NO_TX5-2T.svg,36.4x24.0 in,no dimension of its own; drawn to the same size as TX5-1T on the sheet — check,Original PDFs/shsd-2012-section3.pdf#page=189
E1-1a,TEXAS,Guide Signs,TEXAS_E1-1a.svg,13.4x12.0 in,scale from the drawing's overall height dimension (12.0 in); 26 legend glyph(s) outlined from the sheet's embedded font(s),Original PDFs/shsd-2012-section4.pdf#page=11
E1-2,EXIT X MILES,Guide Signs,,,same code as the base pack: use Federal (MUTCD 2023)/SVGs/INTERCHANGE_ADVANCE_GUIDE_1_SHIELD_1_DESTINATION_E1-2.svg (was: no dimension of its own; drawn to the same size as E1-1a on the sheet — check; 15 legend glyph(s) outlined from the sheet's embedded font(s)),Original PDFs/shsd-2012-section4.pdf#page=11
E1-2aT,NEXT X EXITS,Guide Signs,NEXT_X_EXITS_E1-2aT.svg,122.3x54.0 in,scale from the drawing's overall height dimension (54.0 in),Original PDFs/shsd-2012-section4.pdf#page=12
E1-5bP,TEXAS,Guide Signs,,,same code as the base pack: use Federal (MUTCD 2023)/SVGs/EXIT_NUMBER_1_2_DIGITS_WITH_SINGLE_LETTER_SUFFIX_PLAQUE_E1-5bP.svg (was: scale from the drawing's overall width dimension (10.0 in); 4 legend glyph(s) outlined from the sheet's embedded font(s)),Original PDFs/shsd-2012-section4.pdf#page=13
E1-5bP,TEXAS,Guide Signs,,,same code as the base pack: use Federal (MUTCD 2023)/SVGs/EXIT_NUMBER_1_2_DIGITS_WITH_SINGLE_LETTER_SUFFIX_PLAQUE_E1-5bP.svg (was: scaled from the dimensioned E1-5bP drawing (thumbnail); 4 legend glyph(s) outlined from the sheet's embedded font(s)),Original PDFs/shsd-2012-section4.pdf#page=13
E1-5TP,TEXAS,Guide Signs,TEXAS_E1-5TP.svg,84.0x36.0 in,scale from the drawing's overall height dimension (36.0 in),Original PDFs/shsd-2012-section4.pdf#page=15
E1-5TP,TEXAS,Guide Signs,TEXAS_VAR2_E1-5TP.svg,84.0x50.4 in,scaled from the dimensioned E1-5TP drawing (thumbnail),Original PDFs/shsd-2012-section4.pdf#page=15
E1-5TP,TEXAS,Guide Signs,TEXAS_VAR3_E1-5TP.svg,84.0x56.0 in,scaled from the dimensioned E1-5TP drawing (thumbnail),Original PDFs/shsd-2012-section4.pdf#page=15
E2-1a,SECOND RIGHT,Guide Signs,SECOND_RIGHT_E2-1a.svg,108.0x49.4 in,scale from the drawing's overall width dimension (108.0 in); 14 legend glyph(s) outlined from the sheet's embedded font(s),Original PDFs/shsd-2012-section4.pdf#page=16
E2-1,SECOND RIGHT,Guide Signs,SECOND_RIGHT_E2-1.svg,180.6x24.0 in,scale from the drawing's overall height dimension (24.0 in); 14 legend glyph(s) outlined from the sheet's embedded font(s),Original PDFs/shsd-2012-section4.pdf#page=16
E2-2,SECOND RIGHT,Guide Signs,,,same code as the base pack: use Federal (MUTCD 2023)/SVGs/SECOND_RIGHT_E2-2.svg (was: scale from the drawing's overall height dimension (24.0 in); 11 legend glyph(s) outlined from the sheet's embedded font(s)),Original PDFs/shsd-2012-section4.pdf#page=16
E2-4,NEXT RIGHT,Guide Signs,NEXT_RIGHT_E2-4.svg,119.4x23.9 in,no dimension of its own; drawn to the same size as E2-2 on the sheet — check; 9 legend glyph(s) outlined from the sheet's embedded font(s),Original PDFs/shsd-2012-section4.pdf#page=16
E2-3,X MILE,Guide Signs,,,same code as the base pack: use Federal (MUTCD 2023)/SVGs/1_MILE_2_METRIC_E2-3.svg (was: no dimension of its own; drawn to the same size as E2-2 on the sheet — check; 7 legend glyph(s) outlined from the sheet's embedded font(s)),Original PDFs/shsd-2012-section4.pdf#page=16
E5-1,GUIDE SIGN,intervene/Guide Signs,,,same code as the base pack: use Federal (MUTCD 2023)/SVGs/EXIT_GORE_E5-1.svg (was: 1 overlapping duplicate shape(s) in the sheet's drawing (FHWA artwork fault); needs a manual check),Original PDFs/shsd-2012-section4.pdf#page=17
E5-1bT,TEXAS,Guide Signs,TEXAS_E5-1bT.svg,17.2x14.4 in,scale from the drawing's overall height dimension (14.375 in); 4 legend glyph(s) outlined from the sheet's embedded font(s),Original PDFs/shsd-2012-section4.pdf#page=18
E5-1aT,TEXAS,Guide Signs,TEXAS_E5-1aT.svg,17.2x14.4 in,no dimension of its own; drawn to the same size as E5-1bT on the sheet — check; 4 legend glyph(s) outlined from the sheet's embedded font(s),Original PDFs/shsd-2012-section4.pdf#page=18
E5-1c,TEXAS,Guide Signs,,,same code as the base pack: use Federal (MUTCD 2023)/SVGs/NARROW_EXIT_GORE_E5-1c.svg (was: scale from the drawing's overall width dimension (72.0 in)),Original PDFs/shsd-2012-section4.pdf#page=19
E5-1c,TEXAS,Guide Signs,,,same code as the base pack: use Federal (MUTCD 2023)/SVGs/NARROW_EXIT_GORE_E5-1c.svg (was: scaled from the dimensioned E5-1c drawing (thumbnail)),Original PDFs/shsd-2012-section4.pdf#page=19
E6-2a,PULL THROUGH SIGNS,Guide Signs,,,same code as the base pack: use Federal (MUTCD 2023)/SVGs/PULL_THROUGH_DESTINATION_DOWN_ARROWS_E6-2a.svg (was: scale from the drawing's overall height dimension (90.0 in)),Original PDFs/shsd-2012-section4.pdf#page=20
E6-2,GUIDE SIGN,Guide Signs,,,same code as the base pack: use Federal (MUTCD 2023)/SVGs/PULL_THROUGH_DOWN_ARROWS_E6-2.svg (was: scale from the drawing's overall height dimension (36.0 in)),Original PDFs/shsd-2012-section4.pdf#page=20
E7-3T(3line),One line expressway destination sign shall use a 24 inch sign blank.,Guide Signs,ONE_LINE_EXPRESSWAY_DESTINATION_SIGN_SHALL_USE_A_24_INCH_SIGN_BLANK_E7-3T3line.svg,108.0x54.0 in,scale from the drawing's overall height dimension (54.0 in),Original PDFs/shsd-2012-section4.pdf#page=21
E7-2T(2line),Post-Interchange Distance Sign,Guide Signs,POST_INTERCHANGE_DISTANCE_SIGN_E7-2T2line.svg,115.6x42.0 in,scale from the drawing's overall height dimension (42.0 in); 17 legend glyph(s) outlined from the sheet's embedded font(s),Original PDFs/shsd-2012-section4.pdf#page=21
E11-1T(DownArrow),TEXAS,Guide Signs,TEXAS_E11-1TDownArrow.svg,150.0x36.0 in,scale from the drawing's overall width dimension (150.0 in); 8 legend glyph(s) outlined from the sheet's embedded font(s),Original PDFs/shsd-2012-section4.pdf#page=22
E11-1T(DownArrow),TEXAS,Guide Signs,TEXAS_GREEN_E11-1TDownArrow.svg,150.0x9.0 in,scaled from the dimensioned E11-1T (Down Arrow) drawing (thumbnail),Original PDFs/shsd-2012-section4.pdf#page=22
E11-1T(DownArrow),TEXAS,Guide Signs,TEXAS_WHITE_E11-1TDownArrow.svg,150.0x6.7 in,scaled from the dimensioned E11-1T (Down Arrow) drawing (thumbnail),Original PDFs/shsd-2012-section4.pdf#page=22
E11-1T(R),TEXAS,Guide Signs,TEXAS_E11-1TR.svg,150.0x34.6 in,scale from the drawing's overall width dimension (150.0 in); 8 legend glyph(s) outlined from the sheet's embedded font(s),Original PDFs/shsd-2012-section4.pdf#page=22
E11-1T(R),TEXAS,Guide Signs,TEXAS_GREEN_E11-1TR.svg,150.0x11.9 in,scaled from the dimensioned E11-1T (R) drawing (thumbnail),Original PDFs/shsd-2012-section4.pdf#page=22
E11-1T(L),EXIT ONLY  - 45 Degree Arrow,Guide Signs,EXIT_ONLY_45_DEGREE_ARROW_E11-1TL.svg,150.0x34.6 in,no dimension of its own; drawn to the same size as E11-1T (R) on the sheet — check; 8 legend glyph(s) outlined from the sheet's embedded font(s),Original PDFs/shsd-2012-section4.pdf#page=22
E11-1a,CL SIGN,Guide Signs,,,same code as the base pack: use Federal (MUTCD 2023)/SVGs/EXIT_E11-1a.svg (was: scale from the drawing's overall width dimension (66.0 in)),Original PDFs/shsd-2012-section4.pdf#page=23
E11-1b,EXIT ONLY,Guide Signs,,,same code as the base pack: use Federal (MUTCD 2023)/SVGs/ONLY_E11-1b.svg (was: no dimension of its own; drawn to the same size as E11-1a on the sheet — check),Original PDFs/shsd-2012-section4.pdf#page=23
E11-1c,EXIT ONLY,Guide Signs,,,same code as the base pack: use Federal (MUTCD 2023)/SVGs/EXIT_ONLY_E11-1c.svg (was: scale from the drawing's overall width dimension (120.0 in)),Original PDFs/shsd-2012-section4.pdf#page=23
E11-1aT,EXIT ONLY,Guide Signs,EXIT_ONLY_E11-1aT.svg,120.0x36.0 in,scale from the drawing's overall height dimension (36.0 in); 8 legend glyph(s) outlined from the sheet's embedded font(s),Original PDFs/shsd-2012-section4.pdf#page=24
E11-1aT,EXIT ONLY,Guide Signs,EXIT_ONLY_GREEN_E11-1aT.svg,120.0x51.0 in,scaled from the dimensioned E11-1aT drawing (thumbnail),Original PDFs/shsd-2012-section4.pdf#page=24
E11-1dT,GUIDE SIGN,Guide Signs,GUIDE_SIGN_E11-1dT.svg,56.5x73.2 in,no size table or width dimension read; drawn at page scale (1 pt = 0.1 in); 16 legend glyph(s) outlined from the sheet's embedded font(s),Original PDFs/shsd-2012-section4.pdf#page=25
E11-1gT,TEXAS,Guide Signs,TEXAS_E11-1gT.svg,47.3x8.1 in,scale from the drawing's overall width dimension (47.32 in); 8 legend glyph(s) outlined from the sheet's embedded font(s),Original PDFs/shsd-2012-section4.pdf#page=26
E11-1gT,TEXAS,Guide Signs,TEXAS_GREEN_E11-1gT.svg,47.3x7.4 in,scaled from the dimensioned E11-1gT drawing (thumbnail),Original PDFs/shsd-2012-section4.pdf#page=26
E11-1gT,TEXAS,Guide Signs,TEXAS_WHITE_E11-1gT.svg,47.3x6.7 in,scaled from the dimensioned E11-1gT drawing (thumbnail),Original PDFs/shsd-2012-section4.pdf#page=26
E11-1fT,TEXAS,Guide Signs,TEXAS_E11-1fT.svg,47.3x8.1 in,no dimension of its own; drawn to the same size as E11-1gT on the sheet — check; 8 legend glyph(s) outlined from the sheet's embedded font(s),Original PDFs/shsd-2012-section4.pdf#page=26
E11-1fT,TEXAS,Guide Signs,TEXAS_GREEN_E11-1fT.svg,47.3x3.8 in,scaled from the dimensioned E11-1fT drawing (thumbnail),Original PDFs/shsd-2012-section4.pdf#page=26
E11-2aT,LEFT EXIT,Guide Signs,LEFT_EXIT_E11-2aT.svg,114.0x33.0 in,scale from the drawing's overall width dimension (114.0 in); 8 legend glyph(s) outlined from the sheet's embedded font(s),Original PDFs/shsd-2012-section4.pdf#page=27
E11-2aT,LEFT EXIT,Guide Signs,LEFT_EXIT_GREEN_E11-2aT.svg,114.0x15.4 in,scaled from the dimensioned E11-2aT drawing (thumbnail),Original PDFs/shsd-2012-section4.pdf#page=27
E11-2aT,LEFT EXIT,Guide Signs,LEFT_EXIT_WHITE_E11-2aT.svg,114.0x13.6 in,scaled from the dimensioned E11-2aT drawing (thumbnail),Original PDFs/shsd-2012-section4.pdf#page=27
E11-2aT,LEFT EXIT,Guide Signs,LEFT_EXIT_VAR4_E11-2aT.svg,114.0x34.2 in,scaled from the dimensioned E11-2aT drawing (thumbnail),Original PDFs/shsd-2012-section4.pdf#page=27
E11-2cT,LEFT EXIT,Guide Signs,LEFT_EXIT_E11-2cT.svg,108.0x30.0 in,scale from the drawing's overall width dimension (108.0 in); 8 legend glyph(s) outlined from the sheet's embedded font(s),Original PDFs/shsd-2012-section4.pdf#page=27
E11-2dT,LEFT EXIT,Guide Signs,LEFT_EXIT_E11-2dT.svg,72.0x12.0 in,scale from the drawing's overall width dimension (72.0 in); 8 legend glyph(s) outlined from the sheet's embedded font(s),Original PDFs/shsd-2012-section4.pdf#page=27
E13-1P,NO BORDER,Guide Signs,,,same code as the base pack: use Federal (MUTCD 2023)/SVGs/EXIT_GORE_ADVISORY_SPEED_PLAQUE_E13-1P.svg (was: scale from the drawing's overall width dimension (7.0 in)),Original PDFs/shsd-2012-section4.pdf#page=28
E13-2,NO BORDER,Guide Signs,,,same code as the base pack: use Federal (MUTCD 2023)/SVGs/EXIT_DIRECTION_ADVISORY_SPEED_EXIT_PANEL_E13-2.svg (was: scale from the drawing's overall width dimension (162.0 in)),Original PDFs/shsd-2012-section4.pdf#page=28
E13-2,NO BORDER,Guide Signs,,,same code as the base pack: use Federal (MUTCD 2023)/SVGs/EXIT_DIRECTION_ADVISORY_SPEED_EXIT_PANEL_E13-2.svg (was: scaled from the dimensioned E13-2 drawing (thumbnail)),Original PDFs/shsd-2012-section4.pdf#page=28
E21-2T,REST AREA NEXT RIGHT,Guide Signs,REST_AREA_NEXT_RIGHT_E21-2T.svg,120.0x60.1 in,scale from the drawing's overall width dimension (120.0 in),Original PDFs/shsd-2012-section4.pdf#page=29
E21-1T,REST AREA X MILES,Guide Signs,REST_AREA_X_MILES_E21-1T.svg,108.0x60.0 in,scale from the drawing's overall width dimension (108.0 in),Original PDFs/shsd-2012-section4.pdf#page=29
E21-3T,TEXAS,Guide Signs,TEXAS_E21-3T.svg,78.0x77.7 in,scale from the drawing's overall width dimension (78.0 in),Original PDFs/shsd-2012-section4.pdf#page=29
E21-5T,PICNIC AREA NEXT RIGHT,Guide Signs,PICNIC_AREA_NEXT_RIGHT_E21-5T.svg,120.0x60.1 in,scale from the drawing's overall width dimension (120.0 in),Original PDFs/shsd-2012-section4.pdf#page=30
E21-4T,PICNIC AREA X MILES,Guide Signs,PICNIC_AREA_X_MILES_E21-4T.svg,120.0x60.1 in,no dimension of its own; drawn to the same size as E21-5T on the sheet — check,Original PDFs/shsd-2012-section4.pdf#page=30
E21-6T,TEXAS,Guide Signs,TEXAS_E21-6T.svg,78.0x77.7 in,scale from the drawing's overall width dimension (78.0 in),Original PDFs/shsd-2012-section4.pdf#page=30
E21-7T,NEXT REST AREA XX MILES,Guide Signs,NEXT_REST_AREA_XX_MILES_E21-7T.svg,108.0x36.4 in,scale from the drawing's overall width dimension (108.0 in),Original PDFs/shsd-2012-section4.pdf#page=31
E21-8T,VENDING MACHINES,Guide Signs,VENDING_MACHINES_E21-8T.svg,120.0x17.6 in,scale from the drawing's overall width dimension (120.0 in),Original PDFs/shsd-2012-section4.pdf#page=31
E21-9T,REST AREA TOURIST INFO CENTER X MILE,Guide Signs,REST_AREA_TOURIST_INFO_CENTER_X_MILE_E21-9T.svg,144.0x101.1 in,scale from the drawing's overall width dimension (144.0 in),Original PDFs/shsd-2012-section4.pdf#page=32
E21-10T,NEXT RIGHT,Guide Signs,NEXT_RIGHT_E21-10T.svg,25.2x4.3 in,no size table or width dimension read; drawn at page scale (1 pt = 0.1 in),Original PDFs/shsd-2012-section4.pdf#page=32
E21-11T,REST AREA TOURIST INFO CENTER (45 Degree Arrow),Guide Signs,REST_AREA_TOURIST_INFO_CENTER_45_DEGREE_ARROW_E21-11T.svg,120.0x102.4 in,scale from the drawing's overall width dimension (120.0 in),Original PDFs/shsd-2012-section4.pdf#page=33
E21-12T,REST AREA TEXAS TRAVEL INFO CENTER X MILES,Guide Signs,REST_AREA_TEXAS_TRAVEL_INFO_CENTER_X_MILES_E21-12T.svg,138.0x98.1 in,scale from the drawing's overall width dimension (138.0 in); 29 legend glyph(s) outlined from the sheet's embedded font(s),Original PDFs/shsd-2012-section4.pdf#page=34
E21-12T,REST AREA TEXAS TRAVEL INFO CENTER X MILES,Guide Signs,REST_AREA_TEXAS_TRAVEL_INFO_CENTER_X_MILES_VAR2_E21-12T.svg,138.0x98.1 in,scaled from the dimensioned E21-12T drawing (thumbnail); 29 legend glyph(s) outlined from the sheet's embedded font(s),Original PDFs/shsd-2012-section4.pdf#page=34
E21-13T,REST AREA TEXAS TRAVEL INFO CENTER X MILES,Guide Signs,REST_AREA_TEXAS_TRAVEL_INFO_CENTER_X_MILES_E21-13T.svg,138.0x98.8 in,no dimension of its own; drawn to the same size as E21-12T on the sheet — check; 34 legend glyph(s) outlined from the sheet's embedded font(s),Original PDFs/shsd-2012-section4.pdf#page=34
E21-14T,REST AREA TEXAS TRAVEL INFO CENTER NEXT RIGHT,Guide Signs,REST_AREA_TEXAS_TRAVEL_INFO_CENTER_NEXT_RIGHT_E21-14T.svg,138.0x22.1 in,scale from the drawing's overall width dimension (138.0 in),Original PDFs/shsd-2012-section4.pdf#page=34
E22-2T,VETERANS AFFAIRS EXIT XXX,Guide Signs,VETERANS_AFFAIRS_EXIT_XXX_E22-2T.svg,198.0x84.0 in,scale from the drawing's overall width dimension (198.0 in); 27 legend glyph(s) outlined from the sheet's embedded font(s),Original PDFs/shsd-2012-section4.pdf#page=35
E22-1T,VETERANS AFFAIRS HOSPITAL NEXT RIGHT,Guide Signs,VETERANS_AFFAIRS_HOSPITAL_NEXT_RIGHT_E22-1T.svg,198.0x78.0 in,scale from the drawing's overall width dimension (198.0 in); 32 legend glyph(s) outlined from the sheet's embedded font(s),Original PDFs/shsd-2012-section4.pdf#page=35
R3-28,CL SIGN,Regulatory Signs,,,same code as the base pack: use Federal (MUTCD 2023)/SVGs/TOLL_RATE_R3-28.svg (was: scale from the drawing's overall width dimension (114.0 in)),Original PDFs/shsd-2012-section5.pdf#page=3
R3-29P,CL SIGN,Regulatory Signs,,,same code as the base pack: use Federal (MUTCD 2023)/SVGs/PAY_TOLL_PLAQUE_R3-29P.svg (was: scale from the drawing's overall width dimension (24.0 in)),Original PDFs/shsd-2012-section5.pdf#page=4
R3-30P,CL SIGN,Regulatory Signs,,,same code as the base pack: use Federal (MUTCD 2023)/SVGs/TAKE_TICKET_PLAQUE_R3-30P.svg (was: scale from the drawing's overall width dimension (24.0 in)),Original PDFs/shsd-2012-section5.pdf#page=5
R90-1T,TOLL ROAD BEGINS X MILE,Regulatory Signs,TOLL_ROAD_BEGINS_X_MILE_R90-1T.svg,140.5x77.5 in,scale from the drawing's overall width dimension (140.5 in),Original PDFs/shsd-2012-section5.pdf#page=6
R90-2aT,TEXAS,Regulatory Signs,TEXAS_R90-2aT.svg,34.2x24.7 in,scale from the drawing's overall width dimension (34.25 in),Original PDFs/shsd-2012-section5.pdf#page=7
R90-2aT,TEXAS,Regulatory Signs,TEXAS_YELLOW_R90-2aT.svg,34.2x5.5 in,scaled from the dimensioned R90-2aT drawing (thumbnail),Original PDFs/shsd-2012-section5.pdf#page=7
R90-3T,TOLL ROAD ENDS,Regulatory Signs,TOLL_ROAD_ENDS_R90-3T.svg,120.0x48.0 in,scale from the drawing's overall width dimension (120.0 in); 7 smaller detail drawing(s) beside it on the sheet not extracted,Original PDFs/shsd-2012-section5.pdf#page=8
R90-3T,TOLL ROAD ENDS,Regulatory Signs,TOLL_ROAD_ENDS_YELLOW_R90-3T.svg,120.0x15.5 in,scaled from the dimensioned R90-3T drawing (thumbnail); 7 smaller detail drawing(s) beside it on the sheet not extracted; 8 legend glyph(s) outlined from the sheet's embedded font(s),Original PDFs/shsd-2012-section5.pdf#page=8
R90-7T,OR CASH,Regulatory Signs,OR_CASH_R90-7T.svg,36.0x12.0 in,scale from the drawing's overall width dimension (36.0 in),Original PDFs/shsd-2012-section5.pdf#page=9
R3-29P,OR CASH,Regulatory Signs,,,same code as the base pack: use Federal (MUTCD 2023)/SVGs/PAY_TOLL_PLAQUE_R3-29P.svg (was: scale from the drawing's overall height dimension (12.0 in)),Original PDFs/shsd-2012-section5.pdf#page=9
R90-9T,FRONTAGE ROAD ONLY,Regulatory Signs,FRONTAGE_ROAD_ONLY_R90-9T.svg,36.0x15.0 in,scale from the drawing's overall width dimension (36.0 in),Original PDFs/shsd-2012-section5.pdf#page=10
R3-29P,OR PAY BY MAIL,Regulatory Signs,,,same code as the base pack: use Federal (MUTCD 2023)/SVGs/PAY_TOLL_PLAQUE_R3-29P.svg (was: scale from the drawing's overall height dimension (15.0 in)),Original PDFs/shsd-2012-section5.pdf#page=10
R90-13T,TEXAS,Regulatory Signs,TEXAS_R90-13T.svg,180.0x90.0 in,scale from the drawing's overall width dimension (180.0 in),Original PDFs/shsd-2012-section5.pdf#page=11
R91-1TP,TxTag (Plaque),Regulatory Signs,TXTAG_PLAQUE_R91-1TP.svg,24.0x24.0 in,"size 24 in: smallest table row (no conventional-road marker, no earlier edition of this code) — check",Original PDFs/shsd-2012-section5.pdf#page=12
R91-2TP,TEXAS,Regulatory Signs,TEXAS_R91-2TP.svg,24.0x24.0 in,"size 24 in: smallest table row (no conventional-road marker, no earlier edition of this code) — check",Original PDFs/shsd-2012-section5.pdf#page=13
R91-5T,PAY BY MAIL ADDITIONAL FEE APPLY,Regulatory Signs,PAY_BY_MAIL_ADDITIONAL_FEE_APPLY_R91-5T.svg,84.0x72.0 in,scale from the drawing's overall width dimension (84.0 in); 28 legend glyph(s) outlined from the sheet's embedded font(s),Original PDFs/shsd-2012-section5.pdf#page=14
W9-6,,Warning Signs,,,same code as the base pack: use Federal (MUTCD 2023)/SVGs/PAY_TOLL_XX_MILES_CARS_PRICE_W9-6.svg (was: scale from the drawing's overall width dimension (114.0 in)),Original PDFs/shsd-2012-section5.pdf#page=15
W9-6P,,Warning Signs,,,same code as the base pack: use Federal (MUTCD 2023)/SVGs/PAY_TOLL_ADVANCE_PLAQUE_W9-6P.svg (was: scale from the drawing's overall width dimension (15.0 in)),Original PDFs/shsd-2012-section5.pdf#page=15
W9-6a,STOP AHEAD PAY TOLL CARS 75 cents,Warning Signs,,,same code as the base pack: use Federal (MUTCD 2023)/SVGs/STOP_AHEAD_PAY_TOLL_CARS_PRICE_W9-6a.svg (was: scale from the drawing's overall width dimension (114.0 in)),Original PDFs/shsd-2012-section5.pdf#page=16
W9-6aP,STOP AHEAD - PAY TOLL,Warning Signs,,,same code as the base pack: use Federal (MUTCD 2023)/SVGs/STOP_AHEAD_PAY_TOLL_PLAQUE_W9-6aP.svg (was: scale from the drawing's overall width dimension (6.0 in)),Original PDFs/shsd-2012-section5.pdf#page=16
W90-5TP,LAST FREE EXIT,Warning Signs,LAST_FREE_EXIT_W90-5TP.svg,149.9x24.0 in,scale from the drawing's overall height dimension (24.0 in),Original PDFs/shsd-2012-section5.pdf#page=17
W90-6TP,FREE EXIT,Warning Signs,FREE_EXIT_W90-6TP.svg,102.0x24.0 in,scale from the drawing's overall height dimension (24.0 in),Original PDFs/shsd-2012-section5.pdf#page=17
W90-11T,TOLL ROAD,Warning Signs,TOLL_ROAD_W90-11T.svg,108.0x24.0 in,scale from the drawing's overall height dimension (24.0 in),Original PDFs/shsd-2012-section5.pdf#page=18
M4-16,NO CASH,Route Markers,,,"same code as the base pack: use Federal (MUTCD 2023)/SVGs/NO_CASH_M4-16.svg (was: size 24 in: smallest table row (no conventional-road marker, no earlier edition of this code) — check)",Original PDFs/shsd-2012-section5.pdf#page=19
M4-15,NO CASH,Route Markers,,,"same code as the base pack: use Federal (MUTCD 2023)/SVGs/TOLL_M4-15.svg (was: size 24 in: smallest table row (no conventional-road marker, no earlier edition of this code) — check)",Original PDFs/shsd-2012-section5.pdf#page=19
M4-17,NO BORDER,Route Markers,,,same code as the base pack: use Federal (MUTCD 2023)/SVGs/TOLL_COLLECTOR_SYMBOL_PANEL_M4-17.svg (was: scale from the drawing's overall width dimension (48.0 in)),Original PDFs/shsd-2012-section5.pdf#page=20
M4-18,NO BORDER,Route Markers,,,same code as the base pack: use Federal (MUTCD 2023)/SVGs/EXACT_CHANGE_SYMBOL_PANEL_M4-18.svg (was: scale from the drawing's overall width dimension (48.0 in)),Original PDFs/shsd-2012-section5.pdf#page=21
M4-20,ETC ONLY,Route Markers,,,"same code as the base pack: use Federal (MUTCD 2023)/SVGs/ELECTRONIC_TOLL_COLLECTION_ACCOUNT_ONLY_M4-20.svg (was: size 24 in: smallest table row (no conventional-road marker, no earlier edition of this code) — check)",Original PDFs/shsd-2012-section5.pdf#page=22
R91-1TP,ETC ONLY,Regulatory Signs,ETC_ONLY_R91-1TP.svg,24.0x24.0 in,"size 24 in: smallest table row (no conventional-road marker, no earlier edition of this code) — check",Original PDFs/shsd-2012-section5.pdf#page=23
M90-1T(2),TX TOLL,Route Markers,TX_TOLL_M90-1T2.svg,19.1x19.1 in,no size table or width dimension read; drawn at page scale (1 pt = 0.1 in),Original PDFs/shsd-2012-section5.pdf#page=24
M90-1T(1),TX TOLL,Route Markers,TX_TOLL_M90-1T1.svg,24.0x24.0 in,scale from the drawing's overall width dimension (24.0 in),Original PDFs/shsd-2012-section5.pdf#page=24
M90-1T(4),TX TOLL,Route Markers,TX_TOLL_M90-1T4.svg,24.0x24.0 in,no dimension of its own; drawn to the same size as M90-1T (1) on the sheet — check,Original PDFs/shsd-2012-section5.pdf#page=24
M90-1T(3),TX TOLL,Route Markers,TX_TOLL_M90-1T3.svg,24.0x24.0 in,no dimension of its own; drawn to the same size as M90-1T (1) on the sheet — check,Original PDFs/shsd-2012-section5.pdf#page=24
M90-1T(2),TX TOLL,Route Markers,TX_TOLL_M90-1T2_2.svg,18.6x18.6 in,no size table or width dimension read; drawn at page scale (1 pt = 0.1 in),Original PDFs/shsd-2012-section5.pdf#page=25
M90-1T(1),TX TOLL,Route Markers,TX_TOLL_M90-1T1_2.svg,36.0x36.0 in,scale from the drawing's overall width dimension (36.0 in),Original PDFs/shsd-2012-section5.pdf#page=25
M90-1T(3),TX TOLL,Route Markers,TX_TOLL_M90-1T3_2.svg,36.0x36.0 in,no dimension of its own; drawn to the same size as M90-1T (1) on the sheet — check,Original PDFs/shsd-2012-section5.pdf#page=25
M90-1T(4),TX TOLL,Route Markers,TX_TOLL_M90-1T4_2.svg,36.0x36.0 in,no dimension of its own; drawn to the same size as M90-1T (1) on the sheet — check,Original PDFs/shsd-2012-section5.pdf#page=25
M90-1T(3),TX TOLL,Route Markers,TX_TOLL_M90-1T3_3.svg,9.0x9.0 in,scale from the drawing's overall width dimension (9.0 in),Original PDFs/shsd-2012-section5.pdf#page=26
M90-1T(3),TX TOLL,Route Markers,TX_TOLL_VAR2_M90-1T3.svg,9.0x9.0 in,scaled from the dimensioned M90-1T (3) drawing (thumbnail),Original PDFs/shsd-2012-section5.pdf#page=26
M90-1T(4),TX TOLL,Route Markers,TX_TOLL_M90-1T4_3.svg,9.0x9.0 in,no dimension of its own; drawn to the same size as M90-1T (3) on the sheet — check,Original PDFs/shsd-2012-section5.pdf#page=26
M90-1T(4),TX TOLL,Route Markers,TX_TOLL_VAR2_M90-1T4.svg,9.0x9.0 in,scaled from the dimensioned M90-1T (4) drawing (thumbnail),Original PDFs/shsd-2012-section5.pdf#page=26
M90-2T(3),TOLL US,Route Markers,TOLL_US_M90-2T3.svg,18.7x18.7 in,no size table or width dimension read; drawn at page scale (1 pt = 0.1 in),Original PDFs/shsd-2012-section5.pdf#page=27
M90-2T(4),TOLL US,Route Markers,TOLL_US_M90-2T4.svg,18.6x18.6 in,no size table or width dimension read; drawn at page scale (1 pt = 0.1 in),Original PDFs/shsd-2012-section5.pdf#page=27
M90-2T(1),TOLL US,Route Markers,TOLL_US_M90-2T1.svg,24.0x24.0 in,scale from the drawing's overall width dimension (24.0 in),Original PDFs/shsd-2012-section5.pdf#page=27
M90-2T(2),TOLL US,Route Markers,TOLL_US_M90-2T2.svg,24.0x24.0 in,no dimension of its own; drawn to the same size as M90-2T (1) on the sheet — check,Original PDFs/shsd-2012-section5.pdf#page=27
M90-2T(3),TOLL US,Route Markers,TOLL_US_M90-2T3_2.svg,18.6x18.6 in,no size table or width dimension read; drawn at page scale (1 pt = 0.1 in),Original PDFs/shsd-2012-section5.pdf#page=28
M90-2T(4),TOLL US,Route Markers,TOLL_US_M90-2T4_2.svg,18.5x18.5 in,no size table or width dimension read; drawn at page scale (1 pt = 0.1 in),Original PDFs/shsd-2012-section5.pdf#page=28
M90-2T(1),TOLL US,Route Markers,TOLL_US_M90-2T1_2.svg,36.0x36.0 in,scale from the drawing's overall width dimension (36.0 in),Original PDFs/shsd-2012-section5.pdf#page=28
M90-2T(2),TOLL US,Route Markers,TOLL_US_M90-2T2_2.svg,36.0x36.0 in,no dimension of its own; drawn to the same size as M90-2T (1) on the sheet — check,Original PDFs/shsd-2012-section5.pdf#page=28
M90-2T(3),BOTTOM,Route Markers,BOTTOM_M90-2T3.svg,6.5x6.5 in,scale from the drawing's overall height dimension (6.5 in),Original PDFs/shsd-2012-section5.pdf#page=29
M90-2T(4),BOTTOM,Route Markers,BOTTOM_M90-2T4.svg,6.5x6.5 in,no dimension of its own; drawn to the same size as M90-2T (3) on the sheet — check,Original PDFs/shsd-2012-section5.pdf#page=29
M90-2T(1),BOTTOM,Route Markers,BOTTOM_M90-2T1.svg,6.5x6.5 in,no dimension of its own; drawn to the same size as M90-2T (3) on the sheet — check,Original PDFs/shsd-2012-section5.pdf#page=29
M90-2T(2),BOTTOM,Route Markers,BOTTOM_M90-2T2.svg,6.5x6.5 in,no dimension of its own; drawn to the same size as M90-2T (3) on the sheet — check,Original PDFs/shsd-2012-section5.pdf#page=29
M90-3T(3),BOTTOM,Route Markers,BOTTOM_M90-3T3.svg,18.8x18.8 in,no size table or width dimension read; drawn at page scale (1 pt = 0.1 in),Original PDFs/shsd-2012-section5.pdf#page=30
M90-3T(4),BOTTOM,Route Markers,BOTTOM_M90-3T4.svg,18.8x18.8 in,no size table or width dimension read; drawn at page scale (1 pt = 0.1 in),Original PDFs/shsd-2012-section5.pdf#page=30
M90-3T(2),BOTTOM,Route Markers,BOTTOM_M90-3T2.svg,18.8x18.8 in,no size table or width dimension read; drawn at page scale (1 pt = 0.1 in),Original PDFs/shsd-2012-section5.pdf#page=30
M90-3T(1),BOTTOM,Route Markers,BOTTOM_M90-3T1.svg,24.0x24.0 in,scale from the drawing's overall width dimension (24.0 in),Original PDFs/shsd-2012-section5.pdf#page=30
M90-3T(3),BOTTOM,Route Markers,BOTTOM_M90-3T3_2.svg,18.8x18.8 in,no size table or width dimension read; drawn at page scale (1 pt = 0.1 in),Original PDFs/shsd-2012-section5.pdf#page=31
M90-3T(4),BOTTOM,Route Markers,BOTTOM_M90-3T4_2.svg,18.8x18.8 in,no size table or width dimension read; drawn at page scale (1 pt = 0.1 in),Original PDFs/shsd-2012-section5.pdf#page=31
M90-3T(2),BOTTOM,Route Markers,BOTTOM_M90-3T2_2.svg,18.8x18.8 in,no size table or width dimension read; drawn at page scale (1 pt = 0.1 in),Original PDFs/shsd-2012-section5.pdf#page=31
M90-3T(1),BOTTOM,Route Markers,BOTTOM_M90-3T1_2.svg,36.0x36.0 in,scale from the drawing's overall width dimension (36.0 in),Original PDFs/shsd-2012-section5.pdf#page=31
M90-3T(3),TOLL US,Route Markers,TOLL_US_M90-3T3.svg,6.0x6.0 in,scale from the drawing's overall height dimension (6.0 in),Original PDFs/shsd-2012-section5.pdf#page=32
M90-3T(4),TOLL US,Route Markers,TOLL_US_M90-3T4.svg,6.0x6.0 in,no dimension of its own; drawn to the same size as M90-3T (3) on the sheet — check,Original PDFs/shsd-2012-section5.pdf#page=32
M90-3T(2),TOLL US,Route Markers,TOLL_US_M90-3T2.svg,6.0x6.0 in,no dimension of its own; drawn to the same size as M90-3T (3) on the sheet — check,Original PDFs/shsd-2012-section5.pdf#page=32
M90-3T(1),TOLL US,Route Markers,TOLL_US_M90-3T1.svg,6.0x6.0 in,no dimension of its own; drawn to the same size as M90-3T (3) on the sheet — check,Original PDFs/shsd-2012-section5.pdf#page=32
E90-2T,EXACT CHANGE (with 2 - Down arrow),Guide Signs,EXACT_CHANGE_WITH_2_DOWN_ARROW_E90-2T.svg,132.0x54.0 in,scale from the drawing's overall width dimension (132.0 in),Original PDFs/shsd-2012-section5.pdf#page=33
E90-2aT,TEXAS,Guide Signs,TEXAS_E90-2aT.svg,76.4x25.0 in,scale from the drawing's overall height dimension (25.0 in),Original PDFs/shsd-2012-section5.pdf#page=33
E90-3T,TEXAS,Guide Signs,TEXAS_E90-3T.svg,90.0x90.0 in,"size 90 in: smallest table row (no conventional-road marker, no earlier edition of this code) — check",Original PDFs/shsd-2012-section5.pdf#page=34
E90-3T,TEXAS,Guide Signs,TEXAS_VAR2_E90-3T.svg,90.0x90.0 in,"size 90 in: smallest table row (no conventional-road marker, no earlier edition of this code) — check",Original PDFs/shsd-2012-section5.pdf#page=34
E90-4T,TEXAS,Guide Signs,TEXAS_E90-4T.svg,90.0x90.0 in,"size 90 in: smallest table row (no conventional-road marker, no earlier edition of this code) — check",Original PDFs/shsd-2012-section5.pdf#page=35
E90-4aT,TEXAS,Guide Signs,TEXAS_E90-4aT.svg,90.0x90.0 in,"size 90 in: smallest table row (no conventional-road marker, no earlier edition of this code) — check",Original PDFs/shsd-2012-section5.pdf#page=36
E90-5T,TEXAS,Guide Signs,TEXAS_E90-5T.svg,132.0x54.0 in,scale from the drawing's overall width dimension (132.0 in),Original PDFs/shsd-2012-section5.pdf#page=37
E90-5aT,TEXAS,Guide Signs,TEXAS_E90-5aT.svg,37.5x12.3 in,no size table or width dimension read; drawn at page scale (1 pt = 0.1 in),Original PDFs/shsd-2012-section5.pdf#page=37
E90-5aT,TEXAS,Guide Signs,TEXAS_VAR2_E90-5aT.svg,37.5x12.3 in,no size table or width dimension read; drawn at page scale (1 pt = 0.1 in),Original PDFs/shsd-2012-section5.pdf#page=37
E90-6T,TEXAS,Guide Signs,TEXAS_E90-6T.svg,72.0x72.0 in,"size 72 in: smallest table row (no conventional-road marker, no earlier edition of this code) — check",Original PDFs/shsd-2012-section5.pdf#page=38
E90-6aT,TEXAS,Guide Signs,TEXAS_E90-6aT.svg,96.0x96.0 in,scale from the drawing's overall width dimension (96.0 in),Original PDFs/shsd-2012-section5.pdf#page=39
E90-7aT,TEXAS,Guide Signs,TEXAS_E90-7aT.svg,132.0x108.0 in,scale from the drawing's overall width dimension (132.0 in),Original PDFs/shsd-2012-section5.pdf#page=41
E90-7T,CASH TOLL  (45 Degree arrow),Guide Signs,CASH_TOLL_45_DEGREE_ARROW_E90-7T.svg,72.0x96.0 in,scale from the drawing's overall width dimension (72.0 in),Original PDFs/shsd-2012-section5.pdf#page=41
E90-8T,PAY TOLL CASH TOLL PLAZA,Guide Signs,PAY_TOLL_CASH_TOLL_PLAZA_E90-8T.svg,156.0x36.0 in,scale from the drawing's overall width dimension (156.0 in); 9 legend glyph(s) outlined from the sheet's embedded font(s),Original PDFs/shsd-2012-section5.pdf#page=42
E90-8T,PAY TOLL CASH TOLL PLAZA,Guide Signs,PAY_TOLL_CASH_TOLL_PLAZA_WHITE_E90-8T.svg,156.0x60.0 in,scaled from the dimensioned E90-8T drawing (thumbnail); 11 legend glyph(s) outlined from the sheet's embedded font(s),Original PDFs/shsd-2012-section5.pdf#page=42
R91-1TP,,Regulatory Signs,SIGN_R91-1TP.svg,156.0x96.0 in,scale from the drawing's overall width dimension (156.0 in),Original PDFs/shsd-2012-section5.pdf#page=43
R91-1TP,,Regulatory Signs,SIGN_R91-1TP_2.svg,102.0x90.0 in,scale from the drawing's overall height dimension (90.0 in),Original PDFs/shsd-2012-section5.pdf#page=44
E90-13T,for Conventional Roadways,Guide Signs,FOR_CONVENTIONAL_ROADWAYS_E90-13T.svg,102.0x24.0 in,scale from the drawing's overall height dimension (24.0 in),Original PDFs/shsd-2012-section5.pdf#page=44
E90-13aT,for Interstate or Numbered Roadways,Guide Signs,FOR_INTERSTATE_OR_NUMBERED_ROADWAYS_E90-13aT.svg,6.1x7.9 in,no size table or width dimension read; drawn at page scale (1 pt = 0.1 in),Original PDFs/shsd-2012-section5.pdf#page=45
E90-13aT,for Interstate or Numbered Roadways,Guide Signs,FOR_INTERSTATE_OR_NUMBERED_ROADWAYS_GREEN_E90-13aT.svg,102.0x90.0 in,scale from the drawing's overall width dimension (102.0 in),Original PDFs/shsd-2012-section5.pdf#page=45
E90-13aT,for Interstate or Numbered Roadways,Guide Signs,FOR_INTERSTATE_OR_NUMBERED_ROADWAYS_YELLOW_E90-13aT.svg,102.0x24.0 in,scaled from the dimensioned E90-13aT drawing (thumbnail),Original PDFs/shsd-2012-section5.pdf#page=45
R3-10,HOV 2+ ONLY 2 OR MORE PERSONS PER VEHICLE (with Symbol),Regulatory Signs,,,same code as the base pack: use Federal (MUTCD 2023)/SVGs/PREFERENTIAL_LANE_VEHICLE_OCCUPANCY_DEFINITION_POST_MOUNTED_R3-10.svg (was: size 30 in: conventional-road row for R3-10 in the 2004/2012 sheets (2024 table has no marker)),Original PDFs/shsd-2012-section6.pdf#page=3
R3-10a,INHERENTLY LOW EMISSION VEHICLES ALLOWED (with Symbol),Regulatory Signs,,,same code as the base pack: use Federal (MUTCD 2023)/SVGs/PREFERENTIAL_LANE_VEHICLE_OCCUPANCY_DEFINITION_POST_MOUNTED_R3-10a.svg (was: size 30 in: conventional-road row for R3-10a in the 2004/2012 sheets (2024 table has no marker)),Original PDFs/shsd-2012-section6.pdf#page=4
R3-11,HOV 2+ ONLY time schedule (Post Mounted) (with Symbol),Regulatory Signs,,,same code as the base pack: use Federal (MUTCD 2023)/SVGs/PREFERENTIAL_LANE_OPERATION_HIGH_OCCUPANCY_VEHICLES_POST_MOUNTED_R3-11.svg (was: size 30 in: conventional-road row for R3-11 in the 2004/2012 sheets (2024 table has no marker)),Original PDFs/shsd-2012-section6.pdf#page=5
R3-11a,LEFT LANE HOV 2+ ONLY Assignment (with Symbol),Regulatory Signs,,,same code as the base pack: use Federal (MUTCD 2023)/SVGs/PREFERENTIAL_LANE_OPERATION_HIGH_OCCUPANCY_VEHICLES_POST_MOUNTED_R3-11a.svg (was: size 30 in: conventional-road row for R3-11a in the 2004/2012 sheets (2024 table has no marker)),Original PDFs/shsd-2012-section6.pdf#page=6
R3-11b,CENTER LANE BUSES ONLY,Regulatory Signs,,,same code as the base pack: use Federal (MUTCD 2023)/SVGs/PREFERENTIAL_LANE_OPERATION_HIGH_OCCUPANCY_VEHICLES_FULL_TIME_POST_MOUNTED_R3-11b.svg (was: size 30 in: conventional-road row for R3-11b in the 2004/2012 sheets (2024 table has no marker)),Original PDFs/shsd-2012-section6.pdf#page=7
R3-11c,HOV 2+ ONLY 24 HOURS (with Symbol),Regulatory Signs,,,same code as the base pack: use Federal (MUTCD 2023)/SVGs/PREFERENTIAL_LANE_OPERATION_HIGH_OCCUPANCY_VEHICLES_FULL_TIME_POST_MOUNTED_R3-11c.svg (was: size 30 in: conventional-road row for R3-11c in the 2004/2012 sheets (2024 table has no marker)),Original PDFs/shsd-2012-section6.pdf#page=8
R3-11P,MOTORCYCLES ALLOWED,Regulatory Signs,,,"same code as the base pack: use Federal (MUTCD 2023)/SVGs/MOTORCYCLES_ALLOWED_PLAQUE_R3-11P.svg (was: size 30 in: smallest table row (no conventional-road marker, no earlier edition of this code) — check)",Original PDFs/shsd-2012-section6.pdf#page=9
R3-12,HOV 2+ LANE AHEAD (with Symbol),Regulatory Signs,,,"same code as the base pack: use Federal (MUTCD 2023)/SVGs/PREFERENTIAL_LANE_AHEAD_HIGH_OCCUPANCY_VEHICLES_POST_MOUNTED_R3-12.svg (was: size 30 in: smallest table row (no conventional-road marker, no earlier edition of this code) — check)",Original PDFs/shsd-2012-section6.pdf#page=10
R3-12a,HOV LANE ENDS (with Symbol),Regulatory Signs,,,"same code as the base pack: use Federal (MUTCD 2023)/SVGs/PREFERENTIAL_LANE_ENDS_HIGH_OCCUPANCY_VEHICLES_POST_MOUNTED_R3-12a.svg (was: size 30 in: smallest table row (no conventional-road marker, no earlier edition of this code) — check)",Original PDFs/shsd-2012-section6.pdf#page=11
R3-12b,HOV LANE ENDS X MILE (with Symbol),Regulatory Signs,,,same code as the base pack: use Federal (MUTCD 2023)/SVGs/PREFERENTIAL_LANE_ENDS_HIGH_OCCUPANCY_VEHICLES_POST_MOUNTED_R3-12b.svg (was: size 30 in: conventional-road row for R3-12b in the 2004/2012 sheets (2024 table has no marker)),Original PDFs/shsd-2012-section6.pdf#page=12
R3-12c,HOV RESTRICTION ENDS (with Symbol),Regulatory Signs,,,"same code as the base pack: use Federal (MUTCD 2023)/SVGs/PREFERENTIAL_LANE_RESTRICTION_ENDS_HIGH_OCCUPANCY_VEHICLES_POST_MOUNTED_R3-12c.svg (was: size 30 in: smallest table row (no conventional-road marker, no earlier edition of this code) — check)",Original PDFs/shsd-2012-section6.pdf#page=13
R3-12d,HOV RESTRICTION ENDS X MILE (with Symbol),Regulatory Signs,,,same code as the base pack: use Federal (MUTCD 2023)/SVGs/PREFERENTIAL_LANE_RESTRICTION_ENDS_HIGH_OCCUPANCY_VEHICLES_POST_MOUNTED_R3-12d.svg (was: size 30 in: conventional-road row for R3-12d in the 2004/2012 sheets (2024 table has no marker)),Original PDFs/shsd-2012-section6.pdf#page=14
R3-12e,LEFT LANE HOV 2+ ONLY X MILE (with Symbol),Regulatory Signs,,,same code as the base pack: use Federal (MUTCD 2023)/SVGs/PREFERENTIAL_LANE_AHEAD_HIGH_OCCUPANCY_VEHICLES_POST_MOUNTED_R3-12e.svg (was: size 30 in: conventional-road row for R3-12e in the 2004/2012 sheets (2024 table has no marker)),Original PDFs/shsd-2012-section6.pdf#page=15
R3-12f,BUS LANE AHEAD,Regulatory Signs,,,"same code as the base pack: use Federal (MUTCD 2023)/SVGs/PREFERENTIAL_LANE_AHEAD_POST_MOUNTED_R3-12f.svg (was: size 30 in: smallest table row (no conventional-road marker, no earlier edition of this code) — check)",Original PDFs/shsd-2012-section6.pdf#page=16
R3-12g,BUS LANE ENDS,Regulatory Signs,,,"same code as the base pack: use Federal (MUTCD 2023)/SVGs/PREFERENTIAL_LANE_ENDS_POST_MOUNTED_R3-12g.svg (was: size 30 in: smallest table row (no conventional-road marker, no earlier edition of this code) — check)",Original PDFs/shsd-2012-section6.pdf#page=17
R3-12h,BUS LANE ENDS X MILE,Regulatory Signs,,,"same code as the base pack: use Federal (MUTCD 2023)/SVGs/PREFERENTIAL_LANE_ENDS_POST_MOUNTED_R3-12h.svg (was: size 36 in: smallest table row (no conventional-road marker, no earlier edition of this code) — check)",Original PDFs/shsd-2012-section6.pdf#page=18
R3-13T,HOV 2+ 2 OR MORE PERSONS PER VEHICLE  (with Symbol),Regulatory Signs,HOV_2_2_OR_MORE_PERSONS_PER_VEHICLE_WITH_SYMBOL_R3-13T.svg,66.0x24.0 in,"size 66 in: smallest table row (no conventional-road marker, no earlier edition of this code) — check",Original PDFs/shsd-2012-section6.pdf#page=19
R3-13T,HOV 2+ 2 OR MORE PERSONS PER VEHICLE  (with Symbol),Regulatory Signs,HOV_2_2_OR_MORE_PERSONS_PER_VEHICLE_WITH_SYMBOL_VAR2_R3-13T.svg,66.0x12.9 in,"size 66 in: smallest table row (no conventional-road marker, no earlier edition of this code) — check",Original PDFs/shsd-2012-section6.pdf#page=19
R3-13aT,HOV 2+ 2 OR MORE PERSONS PER VEHICLE time schedule (with Symbol),Regulatory Signs,HOV_2_2_OR_MORE_PERSONS_PER_VEHICLE_TIME_SCHEDULE_WITH_SYMBOL_R3-13aT.svg,66.0x24.0 in,"size 66 in: smallest table row (no conventional-road marker, no earlier edition of this code) — check",Original PDFs/shsd-2012-section6.pdf#page=20
R3-13aT,HOV 2+ 2 OR MORE PERSONS PER VEHICLE time schedule (with Symbol),Regulatory Signs,HOV_2_2_OR_MORE_PERSONS_PER_VEHICLE_TIME_SCHEDULE_WITH_SYMBOL_VAR2_R3-13aT.svg,66.0x12.9 in,"size 66 in: smallest table row (no conventional-road marker, no earlier edition of this code) — check",Original PDFs/shsd-2012-section6.pdf#page=20
R3-13bT,HOV 2+ OR MORE PERSONS PER VEHICLE (with Symbol),Regulatory Signs,HOV_2_OR_MORE_PERSONS_PER_VEHICLE_WITH_SYMBOL_R3-13bT.svg,48.0x30.0 in,"size 48 in: smallest table row (no conventional-road marker, no earlier edition of this code) — check; 1 smaller detail drawing(s) beside it on the sheet not extracted",Original PDFs/shsd-2012-section6.pdf#page=21
R3-13bT,HOV 2+ OR MORE PERSONS PER VEHICLE (with Symbol),Regulatory Signs,HOV_2_OR_MORE_PERSONS_PER_VEHICLE_WITH_SYMBOL_VAR2_R3-13bT.svg,48.0x13.7 in,"size 48 in: smallest table row (no conventional-road marker, no earlier edition of this code) — check; 1 smaller detail drawing(s) beside it on the sheet not extracted",Original PDFs/shsd-2012-section6.pdf#page=21
R3-14T,HOV 2+ 2 OR with schedule  (with Symbol and down arrow),Regulatory Signs,HOV_2_2_OR_WITH_SCHEDULE_WITH_SYMBOL_AND_DOWN_ARROW_R3-14T.svg,72.0x30.0 in,"size 72 in: smallest table row (no conventional-road marker, no earlier edition of this code) — check; 1 smaller detail drawing(s) beside it on the sheet not extracted",Original PDFs/shsd-2012-section6.pdf#page=22
R3-14T,HOV 2+ 2 OR with schedule  (with Symbol and down arrow),Regulatory Signs,HOV_2_2_OR_WITH_SCHEDULE_WITH_SYMBOL_AND_DOWN_ARROW_VAR2_R3-14T.svg,72.0x20.1 in,"size 72 in: smallest table row (no conventional-road marker, no earlier edition of this code) — check; 1 smaller detail drawing(s) beside it on the sheet not extracted",Original PDFs/shsd-2012-section6.pdf#page=22
R3-14aT,HOV 2+ 2 OR with schedule (Overhead) (with Symbol and down arrow),Regulatory Signs,HOV_2_2_OR_WITH_SCHEDULE_OVERHEAD_WITH_SYMBOL_AND_DOWN_ARROW_R3-14aT.svg,72.0x42.0 in,"size 72 in: smallest table row (no conventional-road marker, no earlier edition of this code) — check; 1 smaller detail drawing(s) beside it on the sheet not extracted",Original PDFs/shsd-2012-section6.pdf#page=23
R3-14aT,HOV 2+ 2 OR with schedule (Overhead) (with Symbol and down arrow),Regulatory Signs,HOV_2_2_OR_WITH_SCHEDULE_OVERHEAD_WITH_SYMBOL_AND_DOWN_ARROW_VAR2_R3-14aT.svg,72.0x20.1 in,"size 72 in: smallest table row (no conventional-road marker, no earlier edition of this code) — check; 1 smaller detail drawing(s) beside it on the sheet not extracted",Original PDFs/shsd-2012-section6.pdf#page=23
R3-14bT,HOV 2+ (Overhead) (with Symbol and down arrow),Regulatory Signs,HOV_2_OVERHEAD_WITH_SYMBOL_AND_DOWN_ARROW_R3-14bT.svg,72.0x30.0 in,"size 72 in: smallest table row (no conventional-road marker, no earlier edition of this code) — check; 1 smaller detail drawing(s) beside it on the sheet not extracted",Original PDFs/shsd-2012-section6.pdf#page=24
R3-14bT,HOV 2+ (Overhead) (with Symbol and down arrow),Regulatory Signs,HOV_2_OVERHEAD_WITH_SYMBOL_AND_DOWN_ARROW_VAR2_R3-14bT.svg,72.0x20.1 in,"size 72 in: smallest table row (no conventional-road marker, no earlier edition of this code) — check; 1 smaller detail drawing(s) beside it on the sheet not extracted",Original PDFs/shsd-2012-section6.pdf#page=24
R3-14c,BUSES - TAXIS ONLY schedule (with Down arrow),Regulatory Signs,,,"same code as the base pack: use Federal (MUTCD 2023)/SVGs/PREFERENTIAL_LANE_OPERATION_OVERHEAD_R3-14c.svg (was: size 90 in: smallest table row (no conventional-road marker, no earlier edition of this code) — check)",Original PDFs/shsd-2012-section6.pdf#page=25
R3-15,HOV 2+ LANE AHEAD (with Symbol),Regulatory Signs,,,same code as the base pack: use Federal (MUTCD 2023)/SVGs/HOV_LANE_AHEAD_OVERHEAD_R3-15.svg (was: size 66 in: conventional-road row for R3-15 in the 2004/2012 sheets (2024 table has no marker)),Original PDFs/shsd-2012-section6.pdf#page=26
R3-15aT,HOV 2+ BEGINS X MILE (with Symbol and down arrow),Regulatory Signs,HOV_2_BEGINS_X_MILE_WITH_SYMBOL_AND_DOWN_ARROW_R3-15aT.svg,72.0x54.0 in,"size 72 in: smallest table row (no conventional-road marker, no earlier edition of this code) — check",Original PDFs/shsd-2012-section6.pdf#page=27
R3-15aT,HOV 2+ BEGINS X MILE (with Symbol and down arrow),Regulatory Signs,HOV_2_BEGINS_X_MILE_WITH_SYMBOL_AND_DOWN_ARROW_VAR2_R3-15aT.svg,72.0x20.1 in,"size 72 in: smallest table row (no conventional-road marker, no earlier edition of this code) — check",Original PDFs/shsd-2012-section6.pdf#page=27
R3-15b,HOV LANE ENDS ( with Symbol),Regulatory Signs,,,"same code as the base pack: use Federal (MUTCD 2023)/SVGs/HOV_LANE_ENDS_OVERHEAD_R3-15b.svg (was: size 66 in: smallest table row (no conventional-road marker, no earlier edition of this code) — check)",Original PDFs/shsd-2012-section6.pdf#page=28
R3-15bT,HOV LANE ENDS,Regulatory Signs,HOV_LANE_ENDS_R3-15bT.svg,162.0x72.0 in,scale from the drawing's overall width dimension (162.0 in),Original PDFs/shsd-2012-section6.pdf#page=29
R3-15c,HOV RESTRICTION ENDS (with Symbol),Regulatory Signs,,,"same code as the base pack: use Federal (MUTCD 2023)/SVGs/HOV_LANE_ENDS_OVERHEAD_R3-15c.svg (was: size 66 in: smallest table row (no conventional-road marker, no earlier edition of this code) — check)",Original PDFs/shsd-2012-section6.pdf#page=30
R3-15d,BUS LANE AHEAD,Regulatory Signs,,,"same code as the base pack: use Federal (MUTCD 2023)/SVGs/PREFERENTIAL_LANE_AHEAD_OR_ENDS_OVERHEAD_R3-15d.svg (was: size 42 in: smallest table row (no conventional-road marker, no earlier edition of this code) — check)",Original PDFs/shsd-2012-section6.pdf#page=31
R3-15e,BUS LANE ENDS,Regulatory Signs,,,"same code as the base pack: use Federal (MUTCD 2023)/SVGs/PREFERENTIAL_LANE_AHEAD_OR_ENDS_OVERHEAD_R3-15e.svg (was: size 42 in: smallest table row (no conventional-road marker, no earlier edition of this code) — check)",Original PDFs/shsd-2012-section6.pdf#page=32
R3-15gT,HOV LANE LANE ENDS X MILE,Regulatory Signs,HOV_LANE_LANE_ENDS_X_MILE_R3-15gT.svg,162.0x96.0 in,scale from the drawing's overall width dimension (162.0 in),Original PDFs/shsd-2012-section6.pdf#page=33
R3-16T,RESTRICTED LANE UNAUTHORIZED,Regulatory Signs,RESTRICTED_LANE_UNAUTHORIZED_R3-16T.svg,96.0x96.0 in,scale from the drawing's overall width dimension (96.0 in),Original PDFs/shsd-2012-section6.pdf#page=34
R3-40T,HOV 2+ 2 OR MORE PERSONS PER VEHICLE,Regulatory Signs,HOV_2_2_OR_MORE_PERSONS_PER_VEHICLE_R3-40T.svg,54.0x48.0 in,"size 54 in: smallest table row (no conventional-road marker, no earlier edition of this code) — check",Original PDFs/shsd-2012-section6.pdf#page=35
R3-40T,HOV 2+ 2 OR MORE PERSONS PER VEHICLE,Regulatory Signs,HOV_2_2_OR_MORE_PERSONS_PER_VEHICLE_VAR2_R3-40T.svg,54.0x16.7 in,"size 54 in: smallest table row (no conventional-road marker, no earlier edition of this code) — check",Original PDFs/shsd-2012-section6.pdf#page=35
R3-42,EXPRESS LANE ENDS,Regulatory Signs,,,"same code as the base pack: use Federal (MUTCD 2023)/SVGs/PRICED_MANAGED_LANE_ENDS_POST_MOUNTED_R3-42.svg (was: size 48 in: smallest table row (no conventional-road marker, no earlier edition of this code) — check)",Original PDFs/shsd-2012-section6.pdf#page=36
R3-42a,EXPRESS LANE ENDS X MILE,Regulatory Signs,,,"same code as the base pack: use Federal (MUTCD 2023)/SVGs/PRICED_MANAGED_LANE_ENDS_ADVANCE_POST_MOUNTED_R3-42a.svg (was: size 48 in: smallest table row (no conventional-road marker, no earlier edition of this code) — check)",Original PDFs/shsd-2012-section6.pdf#page=37
R3-42aT,EXPRESS LANE ENDS X MILE,Regulatory Signs,EXPRESS_LANE_ENDS_X_MILE_R3-42aT.svg,144.0x126.0 in,scale from the drawing's overall width dimension (144.0 in),Original PDFs/shsd-2012-section6.pdf#page=38
R3-42b,EXPRESS RESTRICTION ENDS,Regulatory Signs,,,"same code as the base pack: use Federal (MUTCD 2023)/SVGs/PRICED_MANAGED_LANE_RESTRICTION_ENDS_POST_MOUNTED_R3-42b.svg (was: size 48 in: smallest table row (no conventional-road marker, no earlier edition of this code) — check)",Original PDFs/shsd-2012-section6.pdf#page=39
R3-42c,EXPRESS RESTRICTION ENDS X MILE,Regulatory Signs,,,"same code as the base pack: use Federal (MUTCD 2023)/SVGs/PRICED_MANAGED_LANE_RESTRICTION_ENDS_ADVANCE_POST_MOUNTED_R3-42c.svg (was: size 48 in: smallest table row (no conventional-road marker, no earlier edition of this code) — check)",Original PDFs/shsd-2012-section6.pdf#page=40
R3-43T,HOV 2+ 2 OR MORE PERSONS PER VEHICLE,Regulatory Signs,HOV_2_2_OR_MORE_PERSONS_PER_VEHICLE_R3-43T.svg,27.7x8.4 in,scale from the drawing's overall width dimension (27.7 in),Original PDFs/shsd-2012-section6.pdf#page=41
R3-43T,HOV 2+ 2 OR MORE PERSONS PER VEHICLE,Regulatory Signs,HOV_2_2_OR_MORE_PERSONS_PER_VEHICLE_VAR2_R3-43T.svg,27.7x4.5 in,scaled from the dimensioned R3-43T drawing (thumbnail),Original PDFs/shsd-2012-section6.pdf#page=41
R3-44aT,TxTAG OR HOV 2+ ONLY  (with Down arrow),Regulatory Signs,TXTAG_OR_HOV_2_ONLY_WITH_DOWN_ARROW_R3-44aT.svg,132.0x84.0 in,scale from the drawing's overall width dimension (132.0 in),Original PDFs/shsd-2012-section6.pdf#page=42
R3-44T,TxTAG ONLY (with Down arrow),Regulatory Signs,TXTAG_ONLY_WITH_DOWN_ARROW_R3-44T.svg,90.0x84.0 in,scale from the drawing's overall width dimension (90.0 in),Original PDFs/shsd-2012-section6.pdf#page=42
R3-45,EXPRESS LANE ENDS,Regulatory Signs,,,"same code as the base pack: use Federal (MUTCD 2023)/SVGs/PRICED_MANAGED_LANE_ENDS_OVERHEAD_R3-45.svg (was: size 90 in: smallest table row (no conventional-road marker, no earlier edition of this code) — check)",Original PDFs/shsd-2012-section6.pdf#page=43
R3-45a,EXPRESS RESTRICTION ENDS,Regulatory Signs,,,"same code as the base pack: use Federal (MUTCD 2023)/SVGs/PRICED_MANAGED_LANE_RESTRICTION_ENDS_OVERHEAD_R3-45a.svg (was: size 114 in: smallest table row (no conventional-road marker, no earlier edition of this code) — check)",Original PDFs/shsd-2012-section6.pdf#page=43
R3-48T,EXPRESS LANE TOLL RATE SCHEDULE,Regulatory Signs,EXPRESS_LANE_TOLL_RATE_SCHEDULE_R3-48T.svg,55.8x25.0 in,scale from the drawing's overall height dimension (25.0 in); 2 smaller detail drawing(s) beside it on the sheet not extracted,Original PDFs/shsd-2012-section6.pdf#page=44
R3-48T,EXPRESS LANE TOLL RATE SCHEDULE,Regulatory Signs,EXPRESS_LANE_TOLL_RATE_SCHEDULE_GREEN_R3-48T.svg,55.8x9.6 in,scaled from the dimensioned R3-48T drawing (thumbnail); 2 smaller detail drawing(s) beside it on the sheet not extracted,Original PDFs/shsd-2012-section6.pdf#page=44
R3-48aT,EXPRESS LANE TOLL RATE SCHEDULE HOV 2+ NO TOLL,Regulatory Signs,EXPRESS_LANE_TOLL_RATE_SCHEDULE_HOV_2_NO_TOLL_R3-48aT.svg,55.1x71.3 in,no size table or width dimension read; drawn at page scale (1 pt = 0.1 in),Original PDFs/shsd-2012-section6.pdf#page=45
R91-1TP,SCHEDULE/PAY BY MAIL,Regulatory Signs,SCHEDULE_PAY_BY_MAIL_R91-1TP.svg,19.2x10.0 in,scale from the drawing's overall height dimension (10.0 in),Original PDFs/shsd-2012-section6.pdf#page=46
R91-1TP,SCHEDULE/PAY BY MAIL,Regulatory Signs,SCHEDULE_PAY_BY_MAIL_R91-1TP_2.svg,19.2x7.9 in,scaled from the dimensioned R91-1TP drawing (thumbnail),Original PDFs/shsd-2012-section6.pdf#page=46
R3-50aT,TO (Road) HOV 2+/TxTAG TOLL,Regulatory Signs,TO_ROAD_HOV_2_TXTAG_TOLL_R3-50aT.svg,15.9x8.5 in,no size table or width dimension read; drawn at page scale (1 pt = 0.1 in),Original PDFs/shsd-2012-section6.pdf#page=46
R92-3T,TEXAS,Regulatory Signs,TEXAS_R92-3T.svg,36.5x8.6 in,no size table or width dimension read; drawn at page scale (1 pt = 0.1 in); 1 smaller detail drawing(s) beside it on the sheet not extracted,Original PDFs/shsd-2012-section6.pdf#page=47
R92-1T,TEXAS,Regulatory Signs,TEXAS_R92-1T.svg,36.5x8.6 in,no size table or width dimension read; drawn at page scale (1 pt = 0.1 in); 1 smaller detail drawing(s) beside it on the sheet not extracted,Original PDFs/shsd-2012-section6.pdf#page=47
R92-2T,TEXAS,Regulatory Signs,TEXAS_R92-2T.svg,34.3x8.6 in,no size table or width dimension read; drawn at page scale (1 pt = 0.1 in); 1 smaller detail drawing(s) beside it on the sheet not extracted,Original PDFs/shsd-2012-section6.pdf#page=47
W4-1L,HOV Merge (Symbol),Warning Signs,,,same code as the base pack: use Federal (MUTCD 2023)/SVGs/MERGE_W4-1L.svg (was: size 36 in: conventional-road row for W4-1 in the 2004/2012 sheets (2024 table has no marker)),Original PDFs/shsd-2012-section6.pdf#page=48
W4-1L,HOV Merge (Symbol),Warning Signs,,,same code as the base pack: use Federal (MUTCD 2023)/SVGs/MERGE_W4-1L.svg (was: size 36 in: conventional-road row for W4-1 in the 2004/2012 sheets (2024 table has no marker)),Original PDFs/shsd-2012-section6.pdf#page=48
W4-2L,HOV LANE ENDS (Symbol),Warning Signs,,,"same code as the base pack: use Federal (MUTCD 2023)/SVGs/LANE_ENDS_W4-2L.svg (was: size 36 in: smallest table row (no conventional-road marker, no earlier edition of this code) — check)",Original PDFs/shsd-2012-section6.pdf#page=49
W4-2L,HOV LANE ENDS (Symbol),Warning Signs,,,"same code as the base pack: use Federal (MUTCD 2023)/SVGs/LANE_ENDS_W4-2L.svg (was: size 36 in: smallest table row (no conventional-road marker, no earlier edition of this code) — check)",Original PDFs/shsd-2012-section6.pdf#page=49
W13-2,HOV ADVISORY EXIT SPEED (Symbol),Warning Signs,,,"same code as the base pack: use Federal (MUTCD 2023)/SVGs/ADVISORY_EXIT_SPEED_W13-2.svg (was: size 36 in: smallest table row (no conventional-road marker, no earlier edition of this code) — check)",Original PDFs/shsd-2012-section6.pdf#page=50
W13-2,HOV ADVISORY EXIT SPEED (Symbol),Warning Signs,,,"same code as the base pack: use Federal (MUTCD 2023)/SVGs/ADVISORY_EXIT_SPEED_W13-2.svg (was: size 36 in: smallest table row (no conventional-road marker, no earlier edition of this code) — check)",Original PDFs/shsd-2012-section6.pdf#page=50
W16-11P,,Warning Signs,,,"same code as the base pack: use Federal (MUTCD 2023)/SVGs/HIGH_OCCUPANCY_VEHICLES_PLAQUE_W16-11P.svg (was: size 24 in: smallest table row (no conventional-road marker, no earlier edition of this code) — check)",Original PDFs/shsd-2012-section6.pdf#page=51
E8-1T,HOV LANE ENTRANCE (45 Degree arrow),Guide Signs,HOV_LANE_ENTRANCE_45_DEGREE_ARROW_E8-1T.svg,48.0x84.0 in,scale from the drawing's overall width dimension (48.0 in),Original PDFs/shsd-2012-section6.pdf#page=52
E8-1T,HOV LANE ENTRANCE (45 Degree arrow),Guide Signs,HOV_LANE_ENTRANCE_45_DEGREE_ARROW_BLACK_E8-1T.svg,48.0x30.0 in,scaled from the dimensioned E8-1T drawing (thumbnail),Original PDFs/shsd-2012-section6.pdf#page=52
E8-1aT,BOTTOM,Guide Signs,BOTTOM_E8-1aT.svg,48.0x72.0 in,scale from the drawing's overall width dimension (48.0 in),Original PDFs/shsd-2012-section6.pdf#page=52
E8-1aT,BOTTOM,Guide Signs,BOTTOM_BLACK_E8-1aT.svg,48.0x30.0 in,scaled from the dimensioned E8-1aT drawing (thumbnail),Original PDFs/shsd-2012-section6.pdf#page=52
E8-2T,TEXAS,Guide Signs,TEXAS_E8-2T.svg,162.0x36.0 in,scale from the drawing's overall width dimension (162.0 in),Original PDFs/shsd-2012-section6.pdf#page=53
E8-2T,TEXAS,Guide Signs,TEXAS_GREEN_E8-2T.svg,162.0x72.0 in,scaled from the dimensioned E8-2T drawing (thumbnail); 8 legend glyph(s) outlined from the sheet's embedded font(s),Original PDFs/shsd-2012-section6.pdf#page=53
E8-2T,TEXAS,Guide Signs,TEXAS_WHITE_E8-2T.svg,162.0x27.0 in,scaled from the dimensioned E8-2T drawing (thumbnail),Original PDFs/shsd-2012-section6.pdf#page=53
E8-2T,TEXAS,Guide Signs,TEXAS_E8-2T_2.svg,162.0x72.0 in,scaled from the dimensioned E8-2T drawing (thumbnail); 8 legend glyph(s) outlined from the sheet's embedded font(s),Original PDFs/shsd-2012-section6.pdf#page=53
E91-1T,TEXAS,Guide Signs,TEXAS_E91-1T.svg,17.1x2.5 in,no size table or width dimension read; drawn at page scale (1 pt = 0.1 in),Original PDFs/shsd-2012-section6.pdf#page=53
E8-2aT,GUIDE SIGN,Guide Signs,GUIDE_SIGN_E8-2aT.svg,162.0x36.0 in,scale from the drawing's overall width dimension (162.0 in),Original PDFs/shsd-2012-section6.pdf#page=54
E8-2aT,GUIDE SIGN,Guide Signs,GUIDE_SIGN_GREEN_E8-2aT.svg,162.0x95.9 in,scaled from the dimensioned E8-2aT drawing (thumbnail); 19 legend glyph(s) outlined from the sheet's embedded font(s),Original PDFs/shsd-2012-section6.pdf#page=54
E8-3T,Advanced ENTRANCE LEFT LANE (Distance),Guide Signs,ADVANCED_ENTRANCE_LEFT_LANE_DISTANCE_E8-3T.svg,162.0x36.0 in,scale from the drawing's overall width dimension (162.0 in),Original PDFs/shsd-2012-section6.pdf#page=55
E8-3T,Advanced ENTRANCE LEFT LANE (Distance),Guide Signs,ADVANCED_ENTRANCE_LEFT_LANE_DISTANCE_GREEN_E8-3T.svg,162.0x64.3 in,scaled from the dimensioned E8-3T drawing (thumbnail),Original PDFs/shsd-2012-section6.pdf#page=55
E8-3T,Advanced ENTRANCE LEFT LANE (Distance),Guide Signs,ADVANCED_ENTRANCE_LEFT_LANE_DISTANCE_WHITE_E8-3T.svg,162.0x27.0 in,scaled from the dimensioned E8-3T drawing (thumbnail),Original PDFs/shsd-2012-section6.pdf#page=55
E8-3T,Advanced ENTRANCE LEFT LANE (Distance),Guide Signs,ADVANCED_ENTRANCE_LEFT_LANE_DISTANCE_E8-3T_2.svg,162.0x66.0 in,scaled from the dimensioned E8-3T drawing (thumbnail); 12 legend glyph(s) outlined from the sheet's embedded font(s),Original PDFs/shsd-2012-section6.pdf#page=55
E91-1T,BANNER,Guide Signs,BANNER_E91-1T.svg,20.3x3.0 in,no size table or width dimension read; drawn at page scale (1 pt = 0.1 in),Original PDFs/shsd-2012-section6.pdf#page=55
E8-3aT,BANNER,Guide Signs,BANNER_E8-3aT.svg,162.0x36.0 in,scale from the drawing's overall width dimension (162.0 in); 8 legend glyph(s) outlined from the sheet's embedded font(s),Original PDFs/shsd-2012-section6.pdf#page=56
E8-3aT,BANNER,Guide Signs,BANNER_GREEN_E8-3aT.svg,162.0x90.0 in,scaled from the dimensioned E8-3aT drawing (thumbnail); 12 legend glyph(s) outlined from the sheet's embedded font(s),Original PDFs/shsd-2012-section6.pdf#page=56
E8-4,BOTTOM,Guide Signs,,,same code as the base pack: use Federal (MUTCD 2023)/SVGs/PREFERENTIAL_LANE_DIRECT_EXIT_GORE_E8-4.svg (was: scale from the drawing's overall width dimension (60.0 in)),Original PDFs/shsd-2012-section6.pdf#page=57
E8-4,BOTTOM,Guide Signs,,,same code as the base pack: use Federal (MUTCD 2023)/SVGs/PREFERENTIAL_LANE_DIRECT_EXIT_GORE_E8-4.svg (was: scaled from the dimensioned E8-4 drawing (thumbnail)),Original PDFs/shsd-2012-section6.pdf#page=57
E8-6T,BOTTOM,Guide Signs,BOTTOM_E8-6T.svg,61.2x79.2 in,no size table or width dimension read; drawn at page scale (1 pt = 0.1 in),Original PDFs/shsd-2012-section6.pdf#page=58
E91-1T,EXPRESS LANE,Guide Signs,EXPRESS_LANE_E91-1T.svg,138.0x24.0 in,scale from the drawing's overall height dimension (24.0 in),Original PDFs/shsd-2012-section6.pdf#page=59
E91-3T,EXPRESS EXITS,Guide Signs,EXPRESS_EXITS_E91-3T.svg,138.0x24.0 in,no dimension of its own; drawn to the same size as E91-1T on the sheet — check,Original PDFs/shsd-2012-section6.pdf#page=59
E91-2T,EXPRESS EXIT,Guide Signs,EXPRESS_EXIT_E91-2T.svg,131.9x24.0 in,scale from the drawing's overall height dimension (24.0 in),Original PDFs/shsd-2012-section6.pdf#page=59
M90-4T(2),SHIELD,Route Markers,SHIELD_M90-4T2.svg,54.1x70.0 in,no size table or width dimension read; drawn at page scale (1 pt = 0.1 in),Original PDFs/shsd-2012-section6.pdf#page=60
M90-4T(4),SHIELD,Route Markers,SHIELD_M90-4T4.svg,54.1x70.0 in,no size table or width dimension read; drawn at page scale (1 pt = 0.1 in),Original PDFs/shsd-2012-section6.pdf#page=60
M90-4T(1),SHIELD,Route Markers,SHIELD_M90-4T1.svg,54.1x70.0 in,no size table or width dimension read; drawn at page scale (1 pt = 0.1 in),Original PDFs/shsd-2012-section6.pdf#page=60
M90-4T(3),SHIELD,Route Markers,SHIELD_M90-4T3.svg,54.0x69.9 in,no size table or width dimension read; drawn at page scale (1 pt = 0.1 in),Original PDFs/shsd-2012-section6.pdf#page=60
M90-4T(2),SHIELD,Route Markers,SHIELD_M90-4T2_2.svg,54.1x70.0 in,no size table or width dimension read; drawn at page scale (1 pt = 0.1 in),Original PDFs/shsd-2012-section6.pdf#page=61
M90-4T(4),SHIELD,Route Markers,SHIELD_M90-4T4_2.svg,54.1x70.0 in,no size table or width dimension read; drawn at page scale (1 pt = 0.1 in),Original PDFs/shsd-2012-section6.pdf#page=61
M90-4T(1),SHIELD,Route Markers,SHIELD_M90-4T1_2.svg,54.1x70.0 in,no size table or width dimension read; drawn at page scale (1 pt = 0.1 in),Original PDFs/shsd-2012-section6.pdf#page=61
M90-4T(3),SHIELD,Route Markers,SHIELD_M90-4T3_2.svg,54.0x69.9 in,no size table or width dimension read; drawn at page scale (1 pt = 0.1 in),Original PDFs/shsd-2012-section6.pdf#page=61
M90-4T(2),SHIELD,Route Markers,SHIELD_M90-4T2_3.svg,54.1x70.0 in,no size table or width dimension read; drawn at page scale (1 pt = 0.1 in),Original PDFs/shsd-2012-section6.pdf#page=62
M90-4T(4),SHIELD,Route Markers,SHIELD_M90-4T4_3.svg,54.1x70.0 in,no size table or width dimension read; drawn at page scale (1 pt = 0.1 in),Original PDFs/shsd-2012-section6.pdf#page=62
M90-4T(1),SHIELD,Route Markers,SHIELD_M90-4T1_3.svg,54.1x70.0 in,no size table or width dimension read; drawn at page scale (1 pt = 0.1 in),Original PDFs/shsd-2012-section6.pdf#page=62
M90-4T(3),SHIELD,Route Markers,SHIELD_M90-4T3_3.svg,54.0x69.9 in,no size table or width dimension read; drawn at page scale (1 pt = 0.1 in),Original PDFs/shsd-2012-section6.pdf#page=62
M90-5T(4),SHIELD,Route Markers,SHIELD_M90-5T4.svg,52.3x67.7 in,no size table or width dimension read; drawn at page scale (1 pt = 0.1 in),Original PDFs/shsd-2012-section6.pdf#page=63
M90-5T(1),SHIELD,Route Markers,SHIELD_M90-5T1.svg,52.3x67.7 in,no size table or width dimension read; drawn at page scale (1 pt = 0.1 in),Original PDFs/shsd-2012-section6.pdf#page=63
M90-5T(2),SHIELD,Route Markers,SHIELD_M90-5T2.svg,52.3x67.7 in,no size table or width dimension read; drawn at page scale (1 pt = 0.1 in),Original PDFs/shsd-2012-section6.pdf#page=63
M90-5T(3),SHIELD,Route Markers,SHIELD_M90-5T3.svg,52.3x67.7 in,no size table or width dimension read; drawn at page scale (1 pt = 0.1 in),Original PDFs/shsd-2012-section6.pdf#page=63
M90-5T(4),SHIELD,Route Markers,SHIELD_M90-5T4_2.svg,52.3x67.7 in,no size table or width dimension read; drawn at page scale (1 pt = 0.1 in),Original PDFs/shsd-2012-section6.pdf#page=64
M90-5T(1),SHIELD,Route Markers,SHIELD_M90-5T1_2.svg,52.3x67.7 in,no size table or width dimension read; drawn at page scale (1 pt = 0.1 in),Original PDFs/shsd-2012-section6.pdf#page=64
M90-5T(2),SHIELD,Route Markers,SHIELD_M90-5T2_2.svg,52.3x67.7 in,no size table or width dimension read; drawn at page scale (1 pt = 0.1 in),Original PDFs/shsd-2012-section6.pdf#page=64
M90-5T(3),SHIELD,Route Markers,SHIELD_M90-5T3_2.svg,52.3x67.7 in,no size table or width dimension read; drawn at page scale (1 pt = 0.1 in),Original PDFs/shsd-2012-section6.pdf#page=64
M90-5T(4),SHIELD,Route Markers,SHIELD_M90-5T4_3.svg,52.3x67.7 in,no size table or width dimension read; drawn at page scale (1 pt = 0.1 in),Original PDFs/shsd-2012-section6.pdf#page=65
M90-5T(1),SHIELD,Route Markers,SHIELD_M90-5T1_3.svg,52.3x67.7 in,no size table or width dimension read; drawn at page scale (1 pt = 0.1 in),Original PDFs/shsd-2012-section6.pdf#page=65
M90-5T(2),SHIELD,Route Markers,SHIELD_M90-5T2_3.svg,52.3x67.7 in,no size table or width dimension read; drawn at page scale (1 pt = 0.1 in),Original PDFs/shsd-2012-section6.pdf#page=65
M90-5T(3),SHIELD,Route Markers,SHIELD_M90-5T3_3.svg,52.3x67.7 in,no size table or width dimension read; drawn at page scale (1 pt = 0.1 in),Original PDFs/shsd-2012-section6.pdf#page=65
M90-6T(3),SHIELD,Route Markers,SHIELD_M90-6T3.svg,51.5x66.6 in,no size table or width dimension read; drawn at page scale (1 pt = 0.1 in),Original PDFs/shsd-2012-section6.pdf#page=66
M90-6T(4),SHIELD,Route Markers,SHIELD_M90-6T4.svg,51.5x66.6 in,no size table or width dimension read; drawn at page scale (1 pt = 0.1 in),Original PDFs/shsd-2012-section6.pdf#page=66
M90-6T(1),SHIELD,Route Markers,SHIELD_M90-6T1.svg,51.5x66.6 in,no size table or width dimension read; drawn at page scale (1 pt = 0.1 in),Original PDFs/shsd-2012-section6.pdf#page=66
M90-6T(2),SHIELD,Route Markers,SHIELD_M90-6T2.svg,51.5x66.6 in,no size table or width dimension read; drawn at page scale (1 pt = 0.1 in),Original PDFs/shsd-2012-section6.pdf#page=66
M90-6T(3),SHIELD,Route Markers,SHIELD_M90-6T3_2.svg,51.5x66.6 in,no size table or width dimension read; drawn at page scale (1 pt = 0.1 in),Original PDFs/shsd-2012-section6.pdf#page=67
M90-6T(4),SHIELD,Route Markers,SHIELD_M90-6T4_2.svg,51.5x66.6 in,no size table or width dimension read; drawn at page scale (1 pt = 0.1 in),Original PDFs/shsd-2012-section6.pdf#page=67
M90-6T(1),SHIELD,Route Markers,SHIELD_M90-6T1_2.svg,51.5x66.6 in,no size table or width dimension read; drawn at page scale (1 pt = 0.1 in),Original PDFs/shsd-2012-section6.pdf#page=67
M90-6T(2),SHIELD,Route Markers,SHIELD_M90-6T2_2.svg,51.5x66.6 in,no size table or width dimension read; drawn at page scale (1 pt = 0.1 in),Original PDFs/shsd-2012-section6.pdf#page=67
M90-6T(3),SHIELD,Route Markers,SHIELD_M90-6T3_3.svg,51.5x66.6 in,no size table or width dimension read; drawn at page scale (1 pt = 0.1 in),Original PDFs/shsd-2012-section6.pdf#page=68
M90-6T(4),SHIELD,Route Markers,SHIELD_M90-6T4_3.svg,51.5x66.6 in,no size table or width dimension read; drawn at page scale (1 pt = 0.1 in),Original PDFs/shsd-2012-section6.pdf#page=68
M90-6T(1),SHIELD,Route Markers,SHIELD_M90-6T1_3.svg,51.5x66.6 in,no size table or width dimension read; drawn at page scale (1 pt = 0.1 in),Original PDFs/shsd-2012-section6.pdf#page=68
M90-6T(2),SHIELD,Route Markers,SHIELD_M90-6T2_3.svg,51.5x66.6 in,no size table or width dimension read; drawn at page scale (1 pt = 0.1 in),Original PDFs/shsd-2012-section6.pdf#page=68
EM-1S,NUMBER,Emergency Management Signs,NUMBER_EM-1S.svg,36.0x36.0 in,scale from the drawing's overall width dimension (36.0 in),Original PDFs/shsd-2012-section7.pdf#page=3
EM-1R,TEXAS,Emergency Management Signs,TEXAS_EM-1R.svg,36.0x36.0 in,no dimension of its own; drawn to the same size as EM-1S on the sheet — check,Original PDFs/shsd-2012-section7.pdf#page=3
EM-1R,TEXAS,Emergency Management Signs,TEXAS_WHITE_EM-1R.svg,36.0x92.5 in,scaled from the dimensioned EM-1R drawing (thumbnail),Original PDFs/shsd-2012-section7.pdf#page=3
EM-1L,TEXAS,Emergency Management Signs,TEXAS_EM-1L.svg,36.0x36.0 in,scaled from the dimensioned EM-1R drawing (thumbnail),Original PDFs/shsd-2012-section7.pdf#page=3
EM-1aT,GUIDE SIGN,Emergency Management Signs,GUIDE_SIGN_EM-1aT.svg,43.9x56.8 in,no size table or width dimension read; drawn at page scale (1 pt = 0.1 in),Original PDFs/shsd-2012-section7.pdf#page=4
EM-1bT,EVACULANE OPEN WHEN FLASHING- (with Arrow and Symbol),Emergency Management Signs,EVACULANE_OPEN_WHEN_FLASHING_WITH_ARROW_AND_SYMBOL_EM-1bT.svg,120.0x30.0 in,scale from the drawing's overall height dimension (30.0 in); 29 legend glyph(s) outlined from the sheet's embedded font(s),Original PDFs/shsd-2012-section7.pdf#page=5
EM-1bT,EVACULANE OPEN WHEN FLASHING- (with Arrow and Symbol),Emergency Management Signs,EVACULANE_OPEN_WHEN_FLASHING_WITH_ARROW_AND_SYMBOL_BLUE_EM-1bT.svg,120.0x66.0 in,scaled from the dimensioned EM-1bT drawing (thumbnail); 25 legend glyph(s) outlined from the sheet's embedded font(s),Original PDFs/shsd-2012-section7.pdf#page=5
EM-3,TRAFFIC CONTROL POINT,Emergency Management Signs,,,same code as the base pack: use Federal (MUTCD 2023)/SVGs/REFLECTIVE_BLACK_EM-3.svg (was: scale from the drawing's overall width dimension (30.0 in)),Original PDFs/shsd-2012-section7.pdf#page=6
EM-2,AREA CLOSED,Emergency Management Signs,,,same code as the base pack: use Federal (MUTCD 2023)/SVGs/RETRO_EM-2.svg (was: no dimension of its own; drawn to the same size as EM-3 on the sheet — check),Original PDFs/shsd-2012-section7.pdf#page=6
EM-4,MAINTAIN TOP SAFE SPEED,Emergency Management Signs,,,same code as the base pack: use Federal (MUTCD 2023)/SVGs/RETRO_EM-4.svg (was: scale from the drawing's overall width dimension (24.0 in)),Original PDFs/shsd-2012-section7.pdf#page=7
EM-5,ROAD USE PERMIT REQUIRED FOR THRU TRAFFIC,Emergency Management Signs,,,same code as the base pack: use Federal (MUTCD 2023)/SVGs/RETRO_EM-5.svg (was: no dimension of its own; drawn to the same size as EM-4 on the sheet — check),Original PDFs/shsd-2012-section7.pdf#page=7
EM-6aR,MEDICAL CENTER (with Arrow),Emergency Management Signs,MEDICAL_CENTER_WITH_ARROW_EM-6aR.svg,30.0x23.9 in,scale from the drawing's overall width dimension (30.0 in),Original PDFs/shsd-2012-section7.pdf#page=8
EM-6dR,DECONTAMINATION CENTER (with Arrow),Emergency Management Signs,DECONTAMINATION_CENTER_WITH_ARROW_EM-6dR.svg,30.0x24.4 in,no dimension of its own; drawn to the same size as EM-6aR on the sheet — check,Original PDFs/shsd-2012-section7.pdf#page=8
EM-6bL,WELFARE CENTER,Emergency Management Signs,WELFARE_CENTER_EM-6bL.svg,30.0x23.9 in,no dimension of its own; drawn to the same size as EM-6aR on the sheet — check,Original PDFs/shsd-2012-section7.pdf#page=8
EM-6cL,REGISTRATION,Emergency Management Signs,REGISTRATION_EM-6cL.svg,30.0x23.9 in,no dimension of its own; drawn to the same size as EM-6aR on the sheet — check,Original PDFs/shsd-2012-section7.pdf#page=8
EM-7bL,GUIDE SIGN,Emergency Management Signs,GUIDE_SIGN_EM-7bL.svg,30.0x23.8 in,scale from the drawing's overall width dimension (30.0 in),Original PDFs/shsd-2012-section7.pdf#page=9
EM-7bS,HURRICANE SHELTER  (with Arrow),Emergency Management Signs,HURRICANE_SHELTER_WITH_ARROW_EM-7bS.svg,30.0x23.8 in,no dimension of its own; drawn to the same size as EM-7bL on the sheet — check,Original PDFs/shsd-2012-section7.pdf#page=9
EM-7aL,GUIDE SIGN,Emergency Management Signs,GUIDE_SIGN_EM-7aL.svg,30.0x23.8 in,no dimension of its own; drawn to the same size as EM-7bL on the sheet — check,Original PDFs/shsd-2012-section7.pdf#page=9
EM-7bR,GUIDE SIGN,Emergency Management Signs,GUIDE_SIGN_EM-7bR.svg,30.0x23.8 in,scaled from the dimensioned EM-7bL drawing (thumbnail),Original PDFs/shsd-2012-section7.pdf#page=9
EM-7aR,GUIDE SIGN,Emergency Management Signs,GUIDE_SIGN_EM-7aR.svg,30.0x23.8 in,scaled from the dimensioned EM-7aL drawing (thumbnail),Original PDFs/shsd-2012-section7.pdf#page=9
EM-7aS,EMERGENCY SHELTER  (with Arrow),Emergency Management Signs,EMERGENCY_SHELTER_WITH_ARROW_EM-7aS.svg,30.0x23.8 in,no dimension of its own; drawn to the same size as EM-7bL on the sheet — check,Original PDFs/shsd-2012-section7.pdf#page=9
EM-7dS,for symbol design,Emergency Management Signs,FOR_SYMBOL_DESIGN_EM-7dS.svg,26.2x20.8 in,no size table or width dimension read; drawn at page scale (1 pt = 0.1 in),Original PDFs/shsd-2012-section7.pdf#page=10
EM-7dL,GUIDE SIGN,Emergency Management Signs,GUIDE_SIGN_EM-7dL.svg,30.0x23.8 in,scale from the drawing's overall width dimension (30.0 in),Original PDFs/shsd-2012-section7.pdf#page=10
EM-7cS,FALLOUT SHELTER X MI,Emergency Management Signs,FALLOUT_SHELTER_X_MI_EM-7cS.svg,30.0x23.8 in,no dimension of its own; drawn to the same size as EM-7dL on the sheet — check,Original PDFs/shsd-2012-section7.pdf#page=10
EM-7dR,GUIDE SIGN,Emergency Management Signs,GUIDE_SIGN_EM-7dR.svg,30.0x23.8 in,scaled from the dimensioned EM-7dL drawing (thumbnail),Original PDFs/shsd-2012-section7.pdf#page=10
EM-7cR,GUIDE SIGN,Emergency Management Signs,GUIDE_SIGN_EM-7cR.svg,30.0x23.8 in,no dimension of its own; drawn to the same size as EM-7dL on the sheet — check,Original PDFs/shsd-2012-section7.pdf#page=10
EM-7cL,GUIDE SIGN,Emergency Management Signs,GUIDE_SIGN_EM-7cL.svg,30.0x23.8 in,scaled from the dimensioned EM-7cR drawing (thumbnail),Original PDFs/shsd-2012-section7.pdf#page=10
EM-7T,TORNADO SHELTER,Emergency Management Signs,TORNADO_SHELTER_EM-7T.svg,30.0x18.0 in,scale from the drawing's overall width dimension (30.0 in),Original PDFs/shsd-2012-section7.pdf#page=11
CW1-4bR,,Temporary Traffic Control Signs,SIGN_CW1-4bR.svg,42.4x42.4 in,size 30 in: no conventional-road marker in the table and no earlier edition of this code; 30 in diamond chosen — check,Original PDFs/shsd-2012-section8.pdf#page=3
CW1-4bR,,Temporary Traffic Control Signs,SIGN_VAR2_CW1-4bR.svg,42.4x42.4 in,size 30 in: no conventional-road marker in the table and no earlier edition of this code; 30 in diamond chosen — check,Original PDFs/shsd-2012-section8.pdf#page=3
CW1-4bL,,Temporary Traffic Control Signs,SIGN_CW1-4bL.svg,42.4x42.4 in,size 30 in: no conventional-road marker in the table and no earlier edition of this code; 30 in diamond chosen — check,Original PDFs/shsd-2012-section8.pdf#page=3
CW1-4cR,,Temporary Traffic Control Signs,SIGN_CW1-4cR.svg,42.4x42.4 in,size 30 in: no conventional-road marker in the table and no earlier edition of this code; 30 in diamond chosen — check,Original PDFs/shsd-2012-section8.pdf#page=4
CW1-4cL,,Temporary Traffic Control Signs,SIGN_CW1-4cL.svg,42.4x42.4 in,size 30 in: no conventional-road marker in the table and no earlier edition of this code; 30 in diamond chosen — check,Original PDFs/shsd-2012-section8.pdf#page=4
CW1-4cL,,Temporary Traffic Control Signs,SIGN_VAR2_CW1-4cL.svg,42.4x42.4 in,size 30 in: no conventional-road marker in the table and no earlier edition of this code; 30 in diamond chosen — check,Original PDFs/shsd-2012-section8.pdf#page=4
CW1-4cL,,Temporary Traffic Control Signs,SIGN_VAR3_CW1-4cL.svg,42.4x42.4 in,size 30 in: no conventional-road marker in the table and no earlier edition of this code; 30 in diamond chosen — check,Original PDFs/shsd-2012-section8.pdf#page=4
CW1-6aT,TEXAS,Temporary Traffic Control Signs,TEXAS_CW1-6aT.svg,30.0x30.0 in,size 30 in: no conventional-road marker in the table and no earlier edition of this code; 30 in diamond chosen — check; 2 smaller detail drawing(s) beside it on the sheet not extracted,Original PDFs/shsd-2012-section8.pdf#page=5
CW1-6aT,TEXAS,Temporary Traffic Control Signs,TEXAS_ORANGE_CW1-6aT.svg,42.4x42.4 in,size 30 in: no conventional-road marker in the table and no earlier edition of this code; 30 in diamond chosen — check; 2 smaller detail drawing(s) beside it on the sheet not extracted,Original PDFs/shsd-2012-section8.pdf#page=5
CW1-6aT,TEXAS,Temporary Traffic Control Signs,TEXAS_ORANGE_CW1-6aT_2.svg,42.4x42.4 in,size 30 in: no conventional-road marker in the table and no earlier edition of this code; 30 in diamond chosen — check; 2 smaller detail drawing(s) beside it on the sheet not extracted,Original PDFs/shsd-2012-section8.pdf#page=5
CW5-4,RAMP NARROWS,Temporary Traffic Control Signs,RAMP_NARROWS_CW5-4.svg,42.4x42.4 in,size 30 in: no conventional-road marker in the table and no earlier edition of this code; 30 in diamond chosen — check,Original PDFs/shsd-2012-section8.pdf#page=6
CW6-4,,Temporary Traffic Control Signs,SIGN_CW6-4.svg,12.0x18.0 in,scale from the drawing's overall width dimension (12.0 in),Original PDFs/shsd-2012-section8.pdf#page=7
CW8-24,STEEL PLATE AHEAD,Temporary Traffic Control Signs,STEEL_PLATE_AHEAD_CW8-24.svg,42.4x42.4 in,size 30 in: no conventional-road marker in the table and no earlier edition of this code; 30 in diamond chosen — check,Original PDFs/shsd-2012-section8.pdf#page=8
CW8-24,STEEL PLATE AHEAD,Temporary Traffic Control Signs,STEEL_PLATE_AHEAD_VAR2_CW8-24.svg,42.4x42.4 in,size 30 in: no conventional-road marker in the table and no earlier edition of this code; 30 in diamond chosen — check,Original PDFs/shsd-2012-section8.pdf#page=8
CW9-3T,CENTER LANE CLOSED,Temporary Traffic Control Signs,CENTER_LANE_CLOSED_CW9-3T.svg,30.0x38.2 in,"size 30 in: smallest table row (no conventional-road marker, no earlier edition of this code) — check; 5 legend glyph(s) outlined from the sheet's embedded font(s)",Original PDFs/shsd-2012-section8.pdf#page=9
CW16-2aP,TEXAS,Temporary Traffic Control Signs,TEXAS_CW16-2aP.svg,30.7x30.7 in,no size table or width dimension read; drawn at page scale (1 pt = 0.1 in),Original PDFs/shsd-2012-section8.pdf#page=9
CW16-3aP,TEXAS,Temporary Traffic Control Signs,TEXAS_CW16-3aP.svg,30.0x30.0 in,scale from the drawing's overall width dimension (30.0 in),Original PDFs/shsd-2012-section8.pdf#page=9
CW20-1D,TEXAS,Temporary Traffic Control Signs,TEXAS_CW20-1D.svg,42.4x42.4 in,size 30 in: no conventional-road marker in the table and no earlier edition of this code; 30 in diamond chosen — check,Original PDFs/shsd-2012-section8.pdf#page=10
CW20-2D,TEXAS,Temporary Traffic Control Signs,TEXAS_CW20-2D.svg,42.4x42.4 in,size 30 in: no conventional-road marker in the table and no earlier edition of this code; 30 in diamond chosen — check,Original PDFs/shsd-2012-section8.pdf#page=11
CW20-3D,ROAD CLOSED AHEAD,Temporary Traffic Control Signs,ROAD_CLOSED_AHEAD_CW20-3D.svg,42.4x42.4 in,size 30 in: no conventional-road marker in the table and no earlier edition of this code; 30 in diamond chosen — check,Original PDFs/shsd-2012-section8.pdf#page=12
CW20-4D,ONE LANE ROAD AHEAD,Temporary Traffic Control Signs,ONE_LANE_ROAD_AHEAD_CW20-4D.svg,42.4x42.4 in,size 30 in: no conventional-road marker in the table and no earlier edition of this code; 30 in diamond chosen — check,Original PDFs/shsd-2012-section8.pdf#page=13
CW20-5DR,TEXAS,Temporary Traffic Control Signs,TEXAS_CW20-5DR.svg,42.4x42.4 in,size 30 in: no conventional-road marker in the table and no earlier edition of this code; 30 in diamond chosen — check,Original PDFs/shsd-2012-section8.pdf#page=14
CW20-5CL,TEXAS,Temporary Traffic Control Signs,TEXAS_CW20-5CL.svg,42.4x42.4 in,size 30 in: no conventional-road marker in the table and no earlier edition of this code; 30 in diamond chosen — check; 1 smaller detail drawing(s) beside it on the sheet not extracted,Original PDFs/shsd-2012-section8.pdf#page=14
CW20-5CL,TEXAS,Temporary Traffic Control Signs,TEXAS_VAR2_CW20-5CL.svg,42.4x42.4 in,size 30 in: no conventional-road marker in the table and no earlier edition of this code; 30 in diamond chosen — check; 1 smaller detail drawing(s) beside it on the sheet not extracted,Original PDFs/shsd-2012-section8.pdf#page=14
CW20-5EC,TEXAS,Temporary Traffic Control Signs,TEXAS_CW20-5EC.svg,42.4x42.4 in,size 30 in: no conventional-road marker in the table and no earlier edition of this code; 30 in diamond chosen — check,Original PDFs/shsd-2012-section8.pdf#page=14
CW20-5EC,TEXAS,Temporary Traffic Control Signs,TEXAS_VAR2_CW20-5EC.svg,42.4x42.4 in,size 30 in: no conventional-road marker in the table and no earlier edition of this code; 30 in diamond chosen — check,Original PDFs/shsd-2012-section8.pdf#page=14
CW20-5aER,RIGHT/LEFT LANES CLOSE X MILE,Temporary Traffic Control Signs,RIGHT_LEFT_LANES_CLOSE_X_MILE_CW20-5aER.svg,42.4x42.4 in,size 30 in: no conventional-road marker in the table and no earlier edition of this code; 30 in diamond chosen — check,Original PDFs/shsd-2012-section8.pdf#page=15
CW20-5aEL,RIGHT/LEFT LANES CLOSE X MILE,Temporary Traffic Control Signs,RIGHT_LEFT_LANES_CLOSE_X_MILE_CW20-5aEL.svg,42.4x42.4 in,size 30 in: no conventional-road marker in the table and no earlier edition of this code; 30 in diamond chosen — check,Original PDFs/shsd-2012-section8.pdf#page=15
CW20-5aEL,RIGHT/LEFT LANES CLOSE X MILE,Temporary Traffic Control Signs,RIGHT_LEFT_LANES_CLOSE_X_MILE_VAR2_CW20-5aEL.svg,42.4x42.4 in,size 30 in: no conventional-road marker in the table and no earlier edition of this code; 30 in diamond chosen — check,Original PDFs/shsd-2012-section8.pdf#page=15
CW20-5aTR,TEXAS,Temporary Traffic Control Signs,TEXAS_CW20-5aTR.svg,30.0x30.0 in,size 30 in: no conventional-road marker in the table and no earlier edition of this code; 30 in diamond chosen — check,Original PDFs/shsd-2012-section8.pdf#page=16
CW20-5aTR,TEXAS,Temporary Traffic Control Signs,TEXAS_ORANGE_CW20-5aTR.svg,42.4x42.4 in,size 30 in: no conventional-road marker in the table and no earlier edition of this code; 30 in diamond chosen — check,Original PDFs/shsd-2012-section8.pdf#page=16
CW20-5aTR,TEXAS,Temporary Traffic Control Signs,TEXAS_VAR3_CW20-5aTR.svg,30.0x30.0 in,size 30 in: no conventional-road marker in the table and no earlier edition of this code; 30 in diamond chosen — check,Original PDFs/shsd-2012-section8.pdf#page=16
CW20-5aTL,TEXAS,Temporary Traffic Control Signs,TEXAS_CW20-5aTL.svg,42.4x42.4 in,size 30 in: no conventional-road marker in the table and no earlier edition of this code; 30 in diamond chosen — check,Original PDFs/shsd-2012-section8.pdf#page=16
CW20-5bTR,RIGHT/LEFT LANE CLOSED,Temporary Traffic Control Signs,RIGHT_LEFT_LANE_CLOSED_CW20-5bTR.svg,50.4x65.2 in,no size table or width dimension read; drawn at page scale (1 pt = 0.1 in),Original PDFs/shsd-2012-section8.pdf#page=17
CW20-5dT,CENTER LANE CLOSED,Temporary Traffic Control Signs,CENTER_LANE_CLOSED_CW20-5dT.svg,50.4x65.2 in,no size table or width dimension read; drawn at page scale (1 pt = 0.1 in),Original PDFs/shsd-2012-section8.pdf#page=17
CW20-5bTL,RIGHT/LEFT LANE CLOSED,intervene/Temporary Traffic Control Signs,RIGHT_LEFT_LANE_CLOSED_CW20-5bTL.svg,50.4x65.2 in,CW20-5bTL is not drawn on the sheet and CW20-5bTR carries an outlined legend that cannot be mirrored automatically,Original PDFs/shsd-2012-section8.pdf#page=17
CW20-5eTR,TEXAS,Temporary Traffic Control Signs,TEXAS_CW20-5eTR.svg,49.2x24.6 in,scale from the drawing's overall width dimension (49.2 in),Original PDFs/shsd-2012-section8.pdf#page=18
CW20-5eTL,TEXAS,Temporary Traffic Control Signs,TEXAS_CW20-5eTL.svg,49.2x24.6 in,scaled from the dimensioned CW20-5eTR drawing (thumbnail),Original PDFs/shsd-2012-section8.pdf#page=18
CW20-5TL,RIGHT/LEFT LANE CLOSED,Temporary Traffic Control Signs,RIGHT_LEFT_LANE_CLOSED_CW20-5TL.svg,30.0x38.2 in,"size 30 in: smallest table row (no conventional-road marker, no earlier edition of this code) — check; 5 legend glyph(s) outlined from the sheet's embedded font(s)",Original PDFs/shsd-2012-section8.pdf#page=19
CW20-5TR,RIGHT/LEFT LANE CLOSED,Temporary Traffic Control Signs,RIGHT_LEFT_LANE_CLOSED_CW20-5TR.svg,42.4x42.4 in,size 30 in: no conventional-road marker in the table and no earlier edition of this code; 30 in diamond chosen — check,Original PDFs/shsd-2012-section8.pdf#page=19
CW16-2aP,TEXAS,Temporary Traffic Control Signs,TEXAS_CW16-2aP_2.svg,15.4x15.4 in,no size table or width dimension read; drawn at page scale (1 pt = 0.1 in),Original PDFs/shsd-2012-section8.pdf#page=19
CW20-6T,TEXAS,Temporary Traffic Control Signs,TEXAS_CW20-6T.svg,54.0x50.4 in,"size 54 in: smallest table row (no conventional-road marker, no earlier edition of this code) — check",Original PDFs/shsd-2012-section8.pdf#page=20
CW20-7,,Temporary Traffic Control Signs,SIGN_CW20-7.svg,30.0x30.0 in,no size table or width dimension read; drawn at page scale (1 pt = 0.1 in),Original PDFs/shsd-2012-section8.pdf#page=21
CW16-2P,,Temporary Traffic Control Signs,SIGN_CW16-2P.svg,13.1x10.5 in,no size table or width dimension read; drawn at page scale (1 pt = 0.1 in),Original PDFs/shsd-2012-section8.pdf#page=21
CW20-7aD,FLAGGER AHEAD,Temporary Traffic Control Signs,FLAGGER_AHEAD_CW20-7aD.svg,42.4x42.4 in,size 30 in: no conventional-road marker in the table and no earlier edition of this code; 30 in diamond chosen — check,Original PDFs/shsd-2012-section8.pdf#page=22
CW20-8,SLOW PADDLE,Temporary Traffic Control Signs,SLOW_PADDLE_CW20-8.svg,33.9x33.9 in,"size 24 in: smallest table row (no conventional-road marker, no earlier edition of this code) — check",Original PDFs/shsd-2012-section8.pdf#page=23
CW20-8aT,STOP  PADDLE,Temporary Traffic Control Signs,STOP_PADDLE_CW20-8aT.svg,24.0x24.2 in,scale from the drawing's overall width dimension (24.0 in),Original PDFs/shsd-2012-section8.pdf#page=23
CW20-8T,NARROW LANES AHEAD,Temporary Traffic Control Signs,NARROW_LANES_AHEAD_CW20-8T.svg,36.0x36.0 in,"size 36 in: smallest table row (no conventional-road marker, no earlier edition of this code) — check; 1 smaller detail drawing(s) beside it on the sheet not extracted",Original PDFs/shsd-2012-section8.pdf#page=24
CW20-8T,NARROW LANES AHEAD,Temporary Traffic Control Signs,NARROW_LANES_AHEAD_ORANGE_CW20-8T.svg,50.9x50.9 in,"size 36 in: smallest table row (no conventional-road marker, no earlier edition of this code) — check; 1 smaller detail drawing(s) beside it on the sheet not extracted",Original PDFs/shsd-2012-section8.pdf#page=24
CW21-1aT,TEXAS,Temporary Traffic Control Signs,TEXAS_CW21-1aT.svg,42.4x42.4 in,size 30 in: no conventional-road marker in the table and no earlier edition of this code; 30 in diamond chosen — check,Original PDFs/shsd-2012-section8.pdf#page=25
CW21-1bT,WORKERS AHEAD,Temporary Traffic Control Signs,WORKERS_AHEAD_CW21-1bT.svg,30.0x30.0 in,size 30 in: no conventional-road marker in the table and no earlier edition of this code; 30 in diamond chosen — check; 1 smaller detail drawing(s) beside it on the sheet not extracted,Original PDFs/shsd-2012-section8.pdf#page=26
CW21-1bT,WORKERS AHEAD,Temporary Traffic Control Signs,WORKERS_AHEAD_ORANGE_CW21-1bT.svg,42.4x42.4 in,size 30 in: no conventional-road marker in the table and no earlier edition of this code; 30 in diamond chosen — check; 1 smaller detail drawing(s) beside it on the sheet not extracted,Original PDFs/shsd-2012-section8.pdf#page=26
CW21-1T,,Temporary Traffic Control Signs,SIGN_CW21-1T.svg,20.0x20.0 in,no size table or width dimension read; drawn at page scale (1 pt = 0.1 in); 1 smaller detail drawing(s) beside it on the sheet not extracted,Original PDFs/shsd-2012-section8.pdf#page=27
CW21-1T,,Temporary Traffic Control Signs,SIGN_ORANGE_CW21-1T.svg,67.9x67.9 in,scale from the drawing's side dimension (48.0 in); 1 smaller detail drawing(s) beside it on the sheet not extracted,Original PDFs/shsd-2012-section8.pdf#page=27
CW21-2,FRESH OIL/TAR,Temporary Traffic Control Signs,FRESH_OIL_TAR_CW21-2.svg,42.4x42.4 in,size 30 in: no conventional-road marker in the table and no earlier edition of this code; 30 in diamond chosen — check,Original PDFs/shsd-2012-section8.pdf#page=28
CW21-3D,ROAD MACHINERY AHEAD,Temporary Traffic Control Signs,ROAD_MACHINERY_AHEAD_CW21-3D.svg,42.4x42.4 in,size 30 in: no conventional-road marker in the table and no earlier edition of this code; 30 in diamond chosen — check,Original PDFs/shsd-2012-section8.pdf#page=29
CW21-4,SLOW MOVING VEHICLE,Temporary Traffic Control Signs,SLOW_MOVING_VEHICLE_CW21-4.svg,36.0x18.0 in,scale from the drawing's overall width dimension (36.0 in),Original PDFs/shsd-2012-section8.pdf#page=30
CW21-4,SLOW MOVING VEHICLE,Temporary Traffic Control Signs,SLOW_MOVING_VEHICLE_VAR2_CW21-4.svg,36.0x18.0 in,scaled from the dimensioned CW21-4 drawing (thumbnail),Original PDFs/shsd-2012-section8.pdf#page=30
CW21-5,SHOULDER WORK,Temporary Traffic Control Signs,SHOULDER_WORK_CW21-5.svg,42.4x42.4 in,size 30 in: no conventional-road marker in the table and no earlier edition of this code; 30 in diamond chosen — check,Original PDFs/shsd-2012-section8.pdf#page=31
CW21-5aR,RIGHT/LEFT SHOULDER CLOSED,Temporary Traffic Control Signs,RIGHT_LEFT_SHOULDER_CLOSED_CW21-5aR.svg,42.4x42.4 in,size 30 in: no conventional-road marker in the table and no earlier edition of this code; 30 in diamond chosen — check,Original PDFs/shsd-2012-section8.pdf#page=32
CW21-5aL,RIGHT/LEFT SHOULDER CLOSED,Temporary Traffic Control Signs,RIGHT_LEFT_SHOULDER_CLOSED_CW21-5aL.svg,42.4x42.4 in,size 30 in: no conventional-road marker in the table and no earlier edition of this code; 30 in diamond chosen — check,Original PDFs/shsd-2012-section8.pdf#page=32
CW21-5bDR,RIGHT/LEFT SHOULDER CLOSED AHEAD,Temporary Traffic Control Signs,RIGHT_LEFT_SHOULDER_CLOSED_AHEAD_CW21-5bDR.svg,42.4x42.4 in,size 30 in: no conventional-road marker in the table and no earlier edition of this code; 30 in diamond chosen — check,Original PDFs/shsd-2012-section8.pdf#page=33
CW21-5bDL,RIGHT/LEFT SHOULDER CLOSED AHEAD,Temporary Traffic Control Signs,RIGHT_LEFT_SHOULDER_CLOSED_AHEAD_CW21-5bDL.svg,42.4x42.4 in,size 30 in: no conventional-road marker in the table and no earlier edition of this code; 30 in diamond chosen — check,Original PDFs/shsd-2012-section8.pdf#page=33
CW21-6,SURVEY CREW,Temporary Traffic Control Signs,SURVEY_CREW_CW21-6.svg,24.0x30.6 in,"size 24 in: smallest table row (no conventional-road marker, no earlier edition of this code) — check; 5 legend glyph(s) outlined from the sheet's embedded font(s)",Original PDFs/shsd-2012-section8.pdf#page=34
CW16-3aP,SURVEY CREW,Temporary Traffic Control Signs,SURVEY_CREW_CW16-3aP.svg,42.4x42.4 in,size 30 in: no conventional-road marker in the table and no earlier edition of this code; 30 in diamond chosen — check,Original PDFs/shsd-2012-section8.pdf#page=34
CW21-6TD,SURVEY CREW AHEAD,Temporary Traffic Control Signs,SURVEY_CREW_AHEAD_CW21-6TD.svg,18.8x18.8 in,no size table or width dimension read; drawn at page scale (1 pt = 0.1 in); 1 smaller detail drawing(s) beside it on the sheet not extracted,Original PDFs/shsd-2012-section8.pdf#page=35
CW21-6TD,SURVEY CREW AHEAD,Temporary Traffic Control Signs,SURVEY_CREW_AHEAD_ORANGE_CW21-6TD.svg,38.2x38.2 in,no size table or width dimension read; drawn at page scale (1 pt = 0.1 in); 1 smaller detail drawing(s) beside it on the sheet not extracted,Original PDFs/shsd-2012-section8.pdf#page=35
CW21-7D,UTILITY WORK AHEAD,Temporary Traffic Control Signs,UTILITY_WORK_AHEAD_CW21-7D.svg,30.0x30.0 in,size 30 in: no conventional-road marker in the table and no earlier edition of this code; 30 in diamond chosen — check; 1 smaller detail drawing(s) beside it on the sheet not extracted,Original PDFs/shsd-2012-section8.pdf#page=36
CW21-7D,UTILITY WORK AHEAD,Temporary Traffic Control Signs,UTILITY_WORK_AHEAD_ORANGE_CW21-7D.svg,42.4x42.4 in,size 30 in: no conventional-road marker in the table and no earlier edition of this code; 30 in diamond chosen — check; 1 smaller detail drawing(s) beside it on the sheet not extracted,Original PDFs/shsd-2012-section8.pdf#page=36
CW21-8T,DRONES OPERATING IN AREA,Temporary Traffic Control Signs,DRONES_OPERATING_IN_AREA_CW21-8T.svg,36.0x46.7 in,"size 36 in: smallest table row (no conventional-road marker, no earlier edition of this code) — check; 21 legend glyph(s) outlined from the sheet's embedded font(s)",Original PDFs/shsd-2012-section8.pdf#page=37
CW21-9T,MOWERS AHEAD,Temporary Traffic Control Signs,MOWERS_AHEAD_CW21-9T.svg,30.0x30.0 in,size 30 in: no conventional-road marker in the table and no earlier edition of this code; 30 in diamond chosen — check; 1 smaller detail drawing(s) beside it on the sheet not extracted,Original PDFs/shsd-2012-section8.pdf#page=38
CW21-9T,MOWERS AHEAD,Temporary Traffic Control Signs,MOWERS_AHEAD_ORANGE_CW21-9T.svg,42.4x42.4 in,size 30 in: no conventional-road marker in the table and no earlier edition of this code; 30 in diamond chosen — check; 1 smaller detail drawing(s) beside it on the sheet not extracted,Original PDFs/shsd-2012-section8.pdf#page=38
CW21-10bT,X VEHICLE CONVOY,Temporary Traffic Control Signs,X_VEHICLE_CONVOY_CW21-10bT.svg,15.7x15.7 in,no size table or width dimension read; drawn at page scale (1 pt = 0.1 in); 1 smaller detail drawing(s) beside it on the sheet not extracted,Original PDFs/shsd-2012-section8.pdf#page=39
CW21-10bT,X VEHICLE CONVOY,Temporary Traffic Control Signs,X_VEHICLE_CONVOY_ORANGE_CW21-10bT.svg,67.9x67.9 in,scale from the drawing's side dimension (48.0 in); 1 smaller detail drawing(s) beside it on the sheet not extracted,Original PDFs/shsd-2012-section8.pdf#page=39
CW21-10aT,WORK CONVOY,Temporary Traffic Control Signs,WORK_CONVOY_CW21-10aT.svg,60.0x36.0 in,scale from the drawing's overall width dimension (60.0 in),Original PDFs/shsd-2012-section8.pdf#page=39
CW21-10dT,X VEHICLE CONVOY,Temporary Traffic Control Signs,X_VEHICLE_CONVOY_CW21-10dT.svg,48.0x36.0 in,scale from the drawing's overall width dimension (48.0 in),Original PDFs/shsd-2012-section8.pdf#page=40
CW21-10cT,X VEHICLE CONVOY,Temporary Traffic Control Signs,X_VEHICLE_CONVOY_CW21-10cT.svg,72.0x36.0 in,scale from the drawing's overall width dimension (72.0 in),Original PDFs/shsd-2012-section8.pdf#page=40
CW21-10T,WORK CONVOY,Temporary Traffic Control Signs,WORK_CONVOY_CW21-10T.svg,18.8x18.8 in,no size table or width dimension read; drawn at page scale (1 pt = 0.1 in); 1 smaller detail drawing(s) beside it on the sheet not extracted,Original PDFs/shsd-2012-section8.pdf#page=41
CW21-10T,WORK CONVOY,Temporary Traffic Control Signs,WORK_CONVOY_ORANGE_CW21-10T.svg,6.0x6.0 in,scale from the drawing's overall height dimension (6.0 in); 1 smaller detail drawing(s) beside it on the sheet not extracted,Original PDFs/shsd-2012-section8.pdf#page=41
CW21-17T,GUARDRAIL DAMAGE AHEAD,Temporary Traffic Control Signs,GUARDRAIL_DAMAGE_AHEAD_CW21-17T.svg,30.0x30.0 in,size 30 in: no conventional-road marker in the table and no earlier edition of this code; 30 in diamond chosen — check; 1 smaller detail drawing(s) beside it on the sheet not extracted,Original PDFs/shsd-2012-section8.pdf#page=42
CW21-17T,GUARDRAIL DAMAGE AHEAD,Temporary Traffic Control Signs,GUARDRAIL_DAMAGE_AHEAD_ORANGE_CW21-17T.svg,42.4x42.5 in,size 30 in: no conventional-road marker in the table and no earlier edition of this code; 30 in diamond chosen — check; 1 smaller detail drawing(s) beside it on the sheet not extracted,Original PDFs/shsd-2012-section8.pdf#page=42
CW21-18T,BRIDGE RAIL DAMAGE AHEAD,Temporary Traffic Control Signs,BRIDGE_RAIL_DAMAGE_AHEAD_CW21-18T.svg,30.0x30.0 in,size 30 in: no conventional-road marker in the table and no earlier edition of this code; 30 in diamond chosen — check; 1 smaller detail drawing(s) beside it on the sheet not extracted,Original PDFs/shsd-2012-section8.pdf#page=43
CW21-18T,BRIDGE RAIL DAMAGE AHEAD,Temporary Traffic Control Signs,BRIDGE_RAIL_DAMAGE_AHEAD_ORANGE_CW21-18T.svg,42.4x42.4 in,size 30 in: no conventional-road marker in the table and no earlier edition of this code; 30 in diamond chosen — check; 1 smaller detail drawing(s) beside it on the sheet not extracted,Original PDFs/shsd-2012-section8.pdf#page=43
CW22-1D,BLASTING ZONE AHEAD,Temporary Traffic Control Signs,BLASTING_ZONE_AHEAD_CW22-1D.svg,42.4x42.4 in,size 30 in: no conventional-road marker in the table and no earlier edition of this code; 30 in diamond chosen — check,Original PDFs/shsd-2012-section8.pdf#page=44
CW22-2,,Temporary Traffic Control Signs,SIGN_CW22-2.svg,42.0x36.0 in,scale from the drawing's overall width dimension (42.0 in),Original PDFs/shsd-2012-section8.pdf#page=45
CW22-3,END BLASTING ZONE,Temporary Traffic Control Signs,END_BLASTING_ZONE_CW22-3.svg,36.0x30.0 in,"size 36 in: smallest table row (no conventional-road marker, no earlier edition of this code) — check",Original PDFs/shsd-2012-section8.pdf#page=46
CW23-1T,SLOW TRAFFIC AHEAD,Temporary Traffic Control Signs,SLOW_TRAFFIC_AHEAD_CW23-1T.svg,15.6x15.6 in,no size table or width dimension read; drawn at page scale (1 pt = 0.1 in); 1 smaller detail drawing(s) beside it on the sheet not extracted,Original PDFs/shsd-2012-section8.pdf#page=47
CW23-1T,SLOW TRAFFIC AHEAD,Temporary Traffic Control Signs,SLOW_TRAFFIC_AHEAD_ORANGE_CW23-1T.svg,67.9x67.9 in,scale from the drawing's side dimension (48.0 in); 1 smaller detail drawing(s) beside it on the sheet not extracted,Original PDFs/shsd-2012-section8.pdf#page=47
CW23-1,SLOW TRAFFIC AHEAD,Temporary Traffic Control Signs,SLOW_TRAFFIC_AHEAD_CW23-1.svg,48.0x24.0 in,scale from the drawing's overall width dimension (48.0 in),Original PDFs/shsd-2012-section8.pdf#page=47
CW23-2,NEW TRAFFIC PATTERN AHEAD,Temporary Traffic Control Signs,NEW_TRAFFIC_PATTERN_AHEAD_CW23-2.svg,42.4x42.4 in,size 30 in: no conventional-road marker in the table and no earlier edition of this code; 30 in diamond chosen — check,Original PDFs/shsd-2012-section8.pdf#page=48
CW23-2,NEW TRAFFIC PATTERN AHEAD,Temporary Traffic Control Signs,NEW_TRAFFIC_PATTERN_AHEAD_VAR2_CW23-2.svg,42.4x42.4 in,size 30 in: no conventional-road marker in the table and no earlier edition of this code; 30 in diamond chosen — check,Original PDFs/shsd-2012-section8.pdf#page=48
CW23-2T,BEGIN SHOULDER LANE,Temporary Traffic Control Signs,BEGIN_SHOULDER_LANE_CW23-2T.svg,19.1x19.1 in,no size table or width dimension read; drawn at page scale (1 pt = 0.1 in); 1 smaller detail drawing(s) beside it on the sheet not extracted,Original PDFs/shsd-2012-section8.pdf#page=49
CW23-2T,BEGIN SHOULDER LANE,Temporary Traffic Control Signs,BEGIN_SHOULDER_LANE_ORANGE_CW23-2T.svg,67.9x67.9 in,scale from the drawing's side dimension (48.0 in); 1 smaller detail drawing(s) beside it on the sheet not extracted,Original PDFs/shsd-2012-section8.pdf#page=49
CW23-3T,END SHOULDER LANE,Temporary Traffic Control Signs,END_SHOULDER_LANE_CW23-3T.svg,19.1x19.1 in,no size table or width dimension read; drawn at page scale (1 pt = 0.1 in); 1 smaller detail drawing(s) beside it on the sheet not extracted,Original PDFs/shsd-2012-section8.pdf#page=50
CW23-3T,END SHOULDER LANE,Temporary Traffic Control Signs,END_SHOULDER_LANE_ORANGE_CW23-3T.svg,67.9x67.9 in,scale from the drawing's side dimension (48.0 in); 1 smaller detail drawing(s) beside it on the sheet not extracted,Original PDFs/shsd-2012-section8.pdf#page=50
CW24-1L,,Temporary Traffic Control Signs,SIGN_CW24-1L.svg,42.4x42.4 in,size 30 in: no conventional-road marker in the table and no earlier edition of this code; 30 in diamond chosen — check,Original PDFs/shsd-2012-section8.pdf#page=51
CW24-1L,,Temporary Traffic Control Signs,SIGN_VAR2_CW24-1L.svg,42.4x42.4 in,size 30 in: no conventional-road marker in the table and no earlier edition of this code; 30 in diamond chosen — check,Original PDFs/shsd-2012-section8.pdf#page=51
CW24-1L,,Temporary Traffic Control Signs,SIGN_WHITE_CW24-1L.svg,30.0x31.4 in,"size 30 in: smallest table row (no conventional-road marker, no earlier edition of this code) — check",Original PDFs/shsd-2012-section8.pdf#page=51
CW24-1R,,Temporary Traffic Control Signs,SIGN_CW24-1R.svg,42.4x42.4 in,size 30 in: no conventional-road marker in the table and no earlier edition of this code; 30 in diamond chosen — check,Original PDFs/shsd-2012-section8.pdf#page=51
CW24-1R,,Temporary Traffic Control Signs,SIGN_VAR2_CW24-1R.svg,42.4x42.4 in,size 30 in: no conventional-road marker in the table and no earlier edition of this code; 30 in diamond chosen — check,Original PDFs/shsd-2012-section8.pdf#page=51
CW24-1aL,,Temporary Traffic Control Signs,SIGN_CW24-1aL.svg,42.4x42.4 in,size 30 in: no conventional-road marker in the table and no earlier edition of this code; 30 in diamond chosen — check,Original PDFs/shsd-2012-section8.pdf#page=52
CW24-1aL,,Temporary Traffic Control Signs,SIGN_WHITE_CW24-1aL.svg,30.0x31.0 in,"size 30 in: smallest table row (no conventional-road marker, no earlier edition of this code) — check",Original PDFs/shsd-2012-section8.pdf#page=52
CW24-1aR,,Temporary Traffic Control Signs,SIGN_CW24-1aR.svg,42.4x42.4 in,size 30 in: no conventional-road marker in the table and no earlier edition of this code; 30 in diamond chosen — check,Original PDFs/shsd-2012-section8.pdf#page=52
CW24-1aR,,Temporary Traffic Control Signs,SIGN_VAR2_CW24-1aR.svg,42.4x42.4 in,size 30 in: no conventional-road marker in the table and no earlier edition of this code; 30 in diamond chosen — check,Original PDFs/shsd-2012-section8.pdf#page=52
CW24-1bL,,Temporary Traffic Control Signs,SIGN_CW24-1bL.svg,42.4x42.4 in,size 30 in: no conventional-road marker in the table and no earlier edition of this code; 30 in diamond chosen — check,Original PDFs/shsd-2012-section8.pdf#page=53
CW24-1bL,,Temporary Traffic Control Signs,SIGN_VAR2_CW24-1bL.svg,42.4x42.4 in,size 30 in: no conventional-road marker in the table and no earlier edition of this code; 30 in diamond chosen — check,Original PDFs/shsd-2012-section8.pdf#page=53
CW24-1bL,,Temporary Traffic Control Signs,SIGN_WHITE_CW24-1bL.svg,30.0x31.4 in,"size 30 in: smallest table row (no conventional-road marker, no earlier edition of this code) — check",Original PDFs/shsd-2012-section8.pdf#page=53
CW24-1bR,,Temporary Traffic Control Signs,SIGN_CW24-1bR.svg,42.4x42.4 in,size 30 in: no conventional-road marker in the table and no earlier edition of this code; 30 in diamond chosen — check,Original PDFs/shsd-2012-section8.pdf#page=53
CW24-1bR,,Temporary Traffic Control Signs,SIGN_VAR2_CW24-1bR.svg,42.4x42.4 in,size 30 in: no conventional-road marker in the table and no earlier edition of this code; 30 in diamond chosen — check,Original PDFs/shsd-2012-section8.pdf#page=53
CW24-1cP,ALL LANES,Temporary Traffic Control Signs,ALL_LANES_CW24-1cP.svg,24.0x18.0 in,"size 24 in: smallest table row (no conventional-road marker, no earlier edition of this code) — check",Original PDFs/shsd-2012-section8.pdf#page=54
CW24-1cP,ALL LANES,Temporary Traffic Control Signs,ALL_LANES_VAR2_CW24-1cP.svg,24.0x18.0 in,"size 24 in: smallest table row (no conventional-road marker, no earlier edition of this code) — check",Original PDFs/shsd-2012-section8.pdf#page=54
CW25-1T,USE NEXT RAMP,Temporary Traffic Control Signs,USE_NEXT_RAMP_CW25-1T.svg,17.0x17.0 in,no size table or width dimension read; drawn at page scale (1 pt = 0.1 in); 1 smaller detail drawing(s) beside it on the sheet not extracted,Original PDFs/shsd-2012-section8.pdf#page=55
CW25-1T,USE NEXT RAMP,Temporary Traffic Control Signs,USE_NEXT_RAMP_ORANGE_CW25-1T.svg,67.9x67.9 in,scale from the drawing's side dimension (48.0 in); 1 smaller detail drawing(s) beside it on the sheet not extracted,Original PDFs/shsd-2012-section8.pdf#page=55
CW27-1T,TEXAS,Temporary Traffic Control Signs,TEXAS_CW27-1T.svg,18.8x18.8 in,no size table or width dimension read; drawn at page scale (1 pt = 0.1 in); 1 smaller detail drawing(s) beside it on the sheet not extracted,Original PDFs/shsd-2012-section8.pdf#page=56
CW27-1T,TEXAS,Temporary Traffic Control Signs,TEXAS_ORANGE_CW27-1T.svg,67.9x67.9 in,scale from the drawing's side dimension (48.0 in); 1 smaller detail drawing(s) beside it on the sheet not extracted,Original PDFs/shsd-2012-section8.pdf#page=56
CW26-1T,EXIT CLOSED,Temporary Traffic Control Signs,EXIT_CLOSED_CW26-1T.svg,96.0x24.0 in,scale from the drawing's overall width dimension (96.0 in),Original PDFs/shsd-2012-section8.pdf#page=56
CW28-1T,TEXAS,Temporary Traffic Control Signs,TEXAS_CW28-1T.svg,36.0x36.0 in,"size 36 in: smallest table row (no conventional-road marker, no earlier edition of this code) — check; 1 smaller detail drawing(s) beside it on the sheet not extracted",Original PDFs/shsd-2012-section8.pdf#page=57
CW28-1T,TEXAS,Temporary Traffic Control Signs,TEXAS_ORANGE_CW28-1T.svg,50.9x50.9 in,"size 36 in: smallest table row (no conventional-road marker, no earlier edition of this code) — check; 1 smaller detail drawing(s) beside it on the sheet not extracted",Original PDFs/shsd-2012-section8.pdf#page=57
CW29-1T,INMATE WORK PROGRAM,Temporary Traffic Control Signs,INMATE_WORK_PROGRAM_CW29-1T.svg,13.5x13.5 in,no size table or width dimension read; drawn at page scale (1 pt = 0.1 in); 2 smaller detail drawing(s) beside it on the sheet not extracted,Original PDFs/shsd-2012-section8.pdf#page=58
CW29-1T,INMATE WORK PROGRAM,Temporary Traffic Control Signs,INMATE_WORK_PROGRAM_ORANGE_CW29-1T.svg,50.9x50.9 in,scale from the drawing's side dimension (36.0 in); 2 smaller detail drawing(s) beside it on the sheet not extracted,Original PDFs/shsd-2012-section8.pdf#page=58
CW21-1aT,INMATE WORK PROGRAM,Temporary Traffic Control Signs,INMATE_WORK_PROGRAM_CW21-1aT.svg,50.9x50.9 in,scale from the drawing's side dimension (36.0 in),Original PDFs/shsd-2012-section8.pdf#page=58
CW29-1TP,TEXAS,Temporary Traffic Control Signs,TEXAS_CW29-1TP.svg,24.0x18.0 in,scale from the drawing's overall width dimension (24.0 in),Original PDFs/shsd-2012-section8.pdf#page=58
CW29-2T,INMATE WORK PROGRAM TEXAS DEPARTMENT OF CRIMINAL JUSTICE,Temporary Traffic Control Signs,INMATE_WORK_PROGRAM_TEXAS_DEPARTMENT_OF_CRIMINAL_JUSTICE_CW29-2T.svg,48.0x62.1 in,"size 48 in: smallest table row (no conventional-road marker, no earlier edition of this code) — check",Original PDFs/shsd-2012-section8.pdf#page=59
G20-1T,ROAD WORK NEXT X MILES,Temporary Traffic Control Signs,ROAD_WORK_NEXT_X_MILES_G20-1T.svg,48.0x18.5 in,"size 48 in: smallest table row (no conventional-road marker, no earlier edition of this code) — check",Original PDFs/shsd-2012-section8.pdf#page=59
G20-1aT,ROAD WORK NEXT X MILES NEXT XX MILES (with Arrows),Temporary Traffic Control Signs,ROAD_WORK_NEXT_X_MILES_NEXT_XX_MILES_WITH_ARROWS_G20-1aT.svg,39.8x51.5 in,no size table or width dimension read; drawn at page scale (1 pt = 0.1 in),Original PDFs/shsd-2012-section8.pdf#page=60
G20-1bTL(R),TEXAS,Temporary Traffic Control Signs,TEXAS_G20-1bTLR.svg,39.2x50.8 in,no size table or width dimension read; drawn at page scale (1 pt = 0.1 in),Original PDFs/shsd-2012-section8.pdf#page=60
G20-2,END ROAD WORK,Temporary Traffic Control Signs,,,"same code as the base pack: use Federal (MUTCD 2023)/SVGs/END_ROAD_WORK_G20-2.svg (was: size 36 in: smallest table row (no conventional-road marker, no earlier edition of this code) — check)",Original PDFs/shsd-2012-section8.pdf#page=61
G20-2bT,END WORK ZONE,Temporary Traffic Control Signs,END_WORK_ZONE_G20-2bT.svg,36.0x18.0 in,"size 36 in: smallest table row (no conventional-road marker, no earlier edition of this code) — check",Original PDFs/shsd-2012-section8.pdf#page=61
G20-5T,BEGIN ROAD WORK NEXT X MILES,Temporary Traffic Control Signs,BEGIN_ROAD_WORK_NEXT_X_MILES_G20-5T.svg,32.4x16.2 in,no size table or width dimension read; drawn at page scale (1 pt = 0.1 in),Original PDFs/shsd-2012-section8.pdf#page=62
G20-4,BEGIN ROAD WORK NEXT X MILES,Temporary Traffic Control Signs,,,same code as the base pack: use Federal (MUTCD 2023)/SVGs/PILOT_CAR_FOLLOW_ME_G20-4.svg (was: scale from the drawing's overall width dimension (36.0 in)),Original PDFs/shsd-2012-section8.pdf#page=62
G20-7T,TEXAS,Temporary Traffic Control Signs,TEXAS_G20-7T.svg,96.0x48.1 in,"size 96 in: smallest table row (no conventional-road marker, no earlier edition of this code) — check",Original PDFs/shsd-2012-section8.pdf#page=64
G20-6T,NAME ADDRESS CITY STATE CONTRACTOR,Temporary Traffic Control Signs,NAME_ADDRESS_CITY_STATE_CONTRACTOR_G20-6T.svg,48.0x33.3 in,"size 48 in: smallest table row (no conventional-road marker, no earlier edition of this code) — check",Original PDFs/shsd-2012-section8.pdf#page=64
G20-9TP,TEXAS,Temporary Traffic Control Signs,TEXAS_G20-9TP.svg,24.0x24.0 in,"size 24 in: smallest table row (no conventional-road marker, no earlier edition of this code) — check",Original PDFs/shsd-2012-section8.pdf#page=65
G20-10T,TEXAS,Temporary Traffic Control Signs,TEXAS_G20-10T.svg,11.7x7.0 in,scale from the drawing's overall width dimension (11.7 in),Original PDFs/shsd-2012-section8.pdf#page=66
G20-10T,TEXAS,Temporary Traffic Control Signs,TEXAS_YELLOW_G20-10T.svg,11.7x2.3 in,scaled from the dimensioned G20-10T drawing (thumbnail),Original PDFs/shsd-2012-section8.pdf#page=66
E5-3,EXIT ONLY,Guide Signs,,,same code as the base pack: use Federal (MUTCD 2023)/SVGs/EXIT_ONLY_E5-3.svg (was: scale from the drawing's overall width dimension (48.0 in)),Original PDFs/shsd-2012-section8.pdf#page=67
E5-2a,EXIT CLOSED,Guide Signs,,,same code as the base pack: use Federal (MUTCD 2023)/SVGs/EXIT_CLOSED_E5-2a.svg (was: no dimension of its own; drawn to the same size as E5-3 on the sheet — check),Original PDFs/shsd-2012-section8.pdf#page=67
E5-2,EXIT OPEN,Guide Signs,,,same code as the base pack: use Federal (MUTCD 2023)/SVGs/EXIT_OPEN_E5-2.svg (was: no dimension of its own; drawn to the same size as E5-3 on the sheet — check),Original PDFs/shsd-2012-section8.pdf#page=67
E5-4aTP,GUIDE SIGN,Guide Signs,GUIDE_SIGN_E5-4aTP.svg,39.6x51.3 in,no size table or width dimension read; drawn at page scale (1 pt = 0.1 in),Original PDFs/shsd-2012-section8.pdf#page=68
E5-4aT,GUIDE SIGN,Guide Signs,GUIDE_SIGN_E5-4aT.svg,32.5x42.0 in,scale from the drawing's overall height dimension (42.0 in),Original PDFs/shsd-2012-section8.pdf#page=68
M4-8,DETOUR,Route Markers,,,same code as the base pack: use Federal (MUTCD 2023)/SVGs/DETOUR_M4-8.svg (was: size 24 in: conventional-road row for M4-8 in the 2004/2012 sheets (2024 table has no marker)),Original PDFs/shsd-2012-section8.pdf#page=69
M4-8a,END DETOUR,Route Markers,,,"same code as the base pack: use Federal (MUTCD 2023)/SVGs/END_DETOUR_M4-8a.svg (was: size 24 in: smallest table row (no conventional-road marker, no earlier edition of this code) — check)",Original PDFs/shsd-2012-section8.pdf#page=70
M4-8b,TEXAS,Route Markers,,,"same code as the base pack: use Federal (MUTCD 2023)/SVGs/END_DETOUR_M4-8b.svg (was: size 24 in: smallest table row (no conventional-road marker, no earlier edition of this code) — check)",Original PDFs/shsd-2012-section8.pdf#page=70
M4-9R,ROUTE SIGN,Route Markers,,,same code as the base pack: use Federal (MUTCD 2023)/SVGs/DETOUR_M4-9R.svg (was: no size table or width dimension read; drawn at page scale (1 pt = 0.1 in)),Original PDFs/shsd-2012-section8.pdf#page=71
M4-9L,ROUTE SIGN,Route Markers,,,same code as the base pack: use Federal (MUTCD 2023)/SVGs/DETOUR_M4-9L.svg (was: no size table or width dimension read; drawn at page scale (1 pt = 0.1 in)),Original PDFs/shsd-2012-section8.pdf#page=71
M4-9S,TEXAS,Route Markers,TEXAS_M4-9S.svg,30.0x24.0 in,"size 30 in: smallest table row (no conventional-road marker, no earlier edition of this code) — check",Original PDFs/shsd-2012-section8.pdf#page=72
M4-9aL,ROUTE SIGN,Route Markers,,,same code as the base pack: use Federal (MUTCD 2023)/SVGs/BICYCLIST_PEDESTRIAN_DETOUR_M4-9aL.svg (was: scale from the drawing's overall width dimension (30.0 in)),Original PDFs/shsd-2012-section8.pdf#page=73
M4-9aL,ROUTE SIGN,Route Markers,,,same code as the base pack: use Federal (MUTCD 2023)/SVGs/BICYCLIST_PEDESTRIAN_DETOUR_M4-9aL.svg (was: scaled from the dimensioned M4-9aL drawing (thumbnail)),Original PDFs/shsd-2012-section8.pdf#page=73
M4-9aR,ROUTE SIGN,Route Markers,,,same code as the base pack: use Federal (MUTCD 2023)/SVGs/BICYCLIST_PEDESTRIAN_DETOUR_M4-9aR.svg (was: scaled from the dimensioned M4-9aL drawing (thumbnail)),Original PDFs/shsd-2012-section8.pdf#page=73
M4-9aR,ROUTE SIGN,Route Markers,,,same code as the base pack: use Federal (MUTCD 2023)/SVGs/BICYCLIST_PEDESTRIAN_DETOUR_M4-9aR.svg (was: scaled from the dimensioned M4-9aL drawing (thumbnail)),Original PDFs/shsd-2012-section8.pdf#page=73
M4-9bL,ROUTE SIGN,Route Markers,,,same code as the base pack: use Federal (MUTCD 2023)/SVGs/PEDESTRIAN_DETOUR_M4-9bL.svg (was: scale from the drawing's overall width dimension (30.0 in)),Original PDFs/shsd-2012-section8.pdf#page=74
M4-9bL,ROUTE SIGN,Route Markers,,,same code as the base pack: use Federal (MUTCD 2023)/SVGs/PEDESTRIAN_DETOUR_M4-9bL.svg (was: scaled from the dimensioned M4-9bL drawing (thumbnail)),Original PDFs/shsd-2012-section8.pdf#page=74
M4-9bR,ROUTE SIGN,Route Markers,,,same code as the base pack: use Federal (MUTCD 2023)/SVGs/PEDESTRIAN_DETOUR_M4-9bR.svg (was: scaled from the dimensioned M4-9bL drawing (thumbnail)),Original PDFs/shsd-2012-section8.pdf#page=74
M4-9bR,ROUTE SIGN,Route Markers,,,same code as the base pack: use Federal (MUTCD 2023)/SVGs/PEDESTRIAN_DETOUR_M4-9bR.svg (was: scaled from the dimensioned M4-9bL drawing (thumbnail)),Original PDFs/shsd-2012-section8.pdf#page=74
M4-9cL,ROUTE SIGN,Route Markers,,,same code as the base pack: use Federal (MUTCD 2023)/SVGs/BICYCLIST_DETOUR_WITH_ARROW_M4-9cL.svg (was: scale from the drawing's overall width dimension (30.0 in)),Original PDFs/shsd-2012-section8.pdf#page=75
M4-9cL,ROUTE SIGN,Route Markers,,,same code as the base pack: use Federal (MUTCD 2023)/SVGs/BICYCLIST_DETOUR_WITH_ARROW_M4-9cL.svg (was: scaled from the dimensioned M4-9cL drawing (thumbnail)),Original PDFs/shsd-2012-section8.pdf#page=75
M4-9cR,ROUTE SIGN,Route Markers,,,same code as the base pack: use Federal (MUTCD 2023)/SVGs/BICYCLIST_DETOUR_WITH_ARROW_M4-9cR.svg (was: scaled from the dimensioned M4-9cL drawing (thumbnail)),Original PDFs/shsd-2012-section8.pdf#page=75
M4-9cR,ROUTE SIGN,Route Markers,,,same code as the base pack: use Federal (MUTCD 2023)/SVGs/BICYCLIST_DETOUR_WITH_ARROW_M4-9cR.svg (was: scaled from the dimensioned M4-9cL drawing (thumbnail)),Original PDFs/shsd-2012-section8.pdf#page=75
M4-9TR,TEXAS,Route Markers,TEXAS_M4-9TR.svg,30.0x30.0 in,size 30 in: no conventional-road marker in the table and no earlier edition of this code; 30 in diamond chosen — check,Original PDFs/shsd-2012-section8.pdf#page=76
M4-9TL,TEXAS,Route Markers,TEXAS_M4-9TL.svg,30.0x30.0 in,size 30 in: no conventional-road marker in the table and no earlier edition of this code; 30 in diamond chosen — check,Original PDFs/shsd-2012-section8.pdf#page=76
M4-10L,DETOUR (Arrow),Route Markers,,,same code as the base pack: use Federal (MUTCD 2023)/SVGs/DETOUR_LEFT_M4-10L.svg (was: scale from the drawing's overall width dimension (27.75 in)),Original PDFs/shsd-2012-section8.pdf#page=77
M4-10R,DETOUR (Arrow),Route Markers,,,same code as the base pack: use Federal (MUTCD 2023)/SVGs/DETOUR_RIGHT_M4-10R.svg (was: scaled from the dimensioned M4-10L drawing (thumbnail)),Original PDFs/shsd-2012-section8.pdf#page=77
M4-12T,TEXAS,Route Markers,TEXAS_M4-12T.svg,42.3x12.7 in,no size table or width dimension read; drawn at page scale (1 pt = 0.1 in),Original PDFs/shsd-2012-section8.pdf#page=78
M4-11TP,TEXAS,Route Markers,TEXAS_M4-11TP.svg,60.0x12.0 in,"size 60 in: smallest table row (no conventional-road marker, no earlier edition of this code) — check",Original PDFs/shsd-2012-section8.pdf#page=78
R1-2,YIELD,Regulatory Signs,,,same code as the base pack: use Federal (MUTCD 2023)/SVGs/YIELD_R1-2.svg (was: no size table or width dimension read; drawn at page scale (1 pt = 0.1 in); 1 smaller detail drawing(s) beside it on the sheet not extracted),Original PDFs/shsd-2012-section8.pdf#page=80
R1-7,WAIT ON STOP,Regulatory Signs,,,same code as the base pack: use Federal (MUTCD 2023)/SVGs/WAIT_ON_STOP_R1-7.svg (was: scale from the drawing's overall width dimension (24.0 in)),Original PDFs/shsd-2012-section8.pdf#page=80
R1-7aT,WAIT ON STOP,intervene/Regulatory Signs,WAIT_ON_STOP_R1-7aT.svg,73.1x56.5 in,4 overlapping duplicate shape(s) in the sheet's drawing (FHWA artwork fault); needs a manual check,Original PDFs/shsd-2012-section8.pdf#page=81
R1-8,GO ON SLOW,Regulatory Signs,,,same code as the base pack: use Federal (MUTCD 2023)/SVGs/GO_ON_SLOW_R1-8.svg (was: scale from the drawing's overall width dimension (24.0 in)),Original PDFs/shsd-2012-section8.pdf#page=82
R1-8aT,GO ON SLOW,Regulatory Signs,GO_ON_SLOW_R1-8aT.svg,12.0x15.0 in,scale from the drawing's overall width dimension (12.0 in),Original PDFs/shsd-2012-section8.pdf#page=83
R20-3T,OBEY WARNING SIGNS STATE LAW,Regulatory Signs,OBEY_WARNING_SIGNS_STATE_LAW_R20-3T.svg,48.0x41.8 in,scale from the drawing's overall width dimension (48.0 in),Original PDFs/shsd-2012-section8.pdf#page=84
R20-5T,DOUBLE,Regulatory Signs,DOUBLE_R20-5T.svg,24.0x24.0 in,"size 24 in: smallest table row (no conventional-road marker, no earlier edition of this code) — check",Original PDFs/shsd-2012-section8.pdf#page=85
R20-5aTP,ARE PRESENT,Regulatory Signs,ARE_PRESENT_R20-5aTP.svg,24.0x11.7 in,"size 24 in: smallest table row (no conventional-road marker, no earlier edition of this code) — check",Original PDFs/shsd-2012-section8.pdf#page=85
IM1-1,GENERAL INFORMATION SIGN,Other Signs,GENERAL_INFORMATION_SIGN_IM1-1.svg,18.9x18.9 in,no size table or width dimension read; drawn at page scale (1 pt = 0.1 in); 1 smaller detail drawing(s) beside it on the sheet not extracted,Original PDFs/shsd-2012-section8.pdf#page=86
IM1-1,GENERAL INFORMATION SIGN,Other Signs,GENERAL_INFORMATION_SIGN_VARIANT_IM1-1.svg,37.3x37.3 in,no size table or width dimension read; drawn at page scale (1 pt = 0.1 in); 1 smaller detail drawing(s) beside it on the sheet not extracted,Original PDFs/shsd-2012-section8.pdf#page=86
IM2-1,TEXAS,Other Signs,TEXAS_IM2-1.svg,36.0x36.0 in,"size 36 in: smallest table row (no conventional-road marker, no earlier edition of this code) — check; 1 smaller detail drawing(s) beside it on the sheet not extracted",Original PDFs/shsd-2012-section8.pdf#page=87
IM2-1,TEXAS,Other Signs,TEXAS_VARIANT_IM2-1.svg,36.0x36.0 in,"size 36 in: smallest table row (no conventional-road marker, no earlier edition of this code) — check; 1 smaller detail drawing(s) beside it on the sheet not extracted",Original PDFs/shsd-2012-section8.pdf#page=87
IM3-1,TEXAS,Other Signs,TEXAS_IM3-1.svg,18.8x18.8 in,no size table or width dimension read; drawn at page scale (1 pt = 0.1 in); 1 smaller detail drawing(s) beside it on the sheet not extracted,Original PDFs/shsd-2012-section8.pdf#page=88
IM3-1,TEXAS,Other Signs,TEXAS_VARIANT_IM3-1.svg,36.9x18.6 in,no size table or width dimension read; drawn at page scale (1 pt = 0.1 in); 1 smaller detail drawing(s) beside it on the sheet not extracted,Original PDFs/shsd-2012-section8.pdf#page=88
IM3-1,TEXAS,Other Signs,TEXAS_VARIANT_IM3-1_2.svg,36.9x18.6 in,no size table or width dimension read; drawn at page scale (1 pt = 0.1 in); 1 smaller detail drawing(s) beside it on the sheet not extracted,Original PDFs/shsd-2012-section8.pdf#page=88
IM3-1,TEXAS,Other Signs,TEXAS_VARIANT_IM3-1_3.svg,36.9x18.6 in,no size table or width dimension read; drawn at page scale (1 pt = 0.1 in); 1 smaller detail drawing(s) beside it on the sheet not extracted,Original PDFs/shsd-2012-section8.pdf#page=88
IM3-1,TEXAS,Other Signs,TEXAS_VARIANT_IM3-1_4.svg,36.9x18.6 in,no size table or width dimension read; drawn at page scale (1 pt = 0.1 in); 1 smaller detail drawing(s) beside it on the sheet not extracted,Original PDFs/shsd-2012-section8.pdf#page=88
S1-1,,School Signs,,,same code as the base pack: use Federal (MUTCD 2023)/SVGs/SCHOOL_S1-1.svg (was: size 36 in: conventional-road row for S1-1 in the 2004/2012 sheets (2024 table has no marker)),Original PDFs/shsd-2012-section9.pdf#page=3
S3-1,,School Signs,,,same code as the base pack: use Federal (MUTCD 2023)/SVGs/SCHOOL_BUS_STOP_AHEAD_S3-1.svg (was: size 30 in: conventional-road row for S3-1 in the 2004/2012 sheets (2024 table has no marker)),Original PDFs/shsd-2012-section9.pdf#page=4
S3-1T,SCHOOL BUS STOP AHEAD,School Signs,SCHOOL_BUS_STOP_AHEAD_S3-1T.svg,30.0x38.8 in,"size 30 in: smallest table row (no conventional-road marker, no earlier edition of this code) — check; 2 smaller detail drawing(s) beside it on the sheet not extracted",Original PDFs/shsd-2012-section9.pdf#page=5
S3-2,SCHOOL BUS TURN AHEAD,School Signs,,,same code as the base pack: use Federal (MUTCD 2023)/SVGs/SCHOOL_BUS_TURN_AHEAD_S3-2.svg (was: size 30 in: no conventional-road marker in the table and no earlier edition of this code; 30 in diamond chosen — check),Original PDFs/shsd-2012-section9.pdf#page=6
S4-2P,TEXAS,School Signs,,,"same code as the base pack: use Federal (MUTCD 2023)/SVGs/WHEN_CHILDREN_ARE_PRESENT_PLAQUE_S4-2P.svg (was: size 24 in: smallest table row (no conventional-road marker, no earlier edition of this code) — check)",Original PDFs/shsd-2012-section9.pdf#page=7
S4-1P,TEXAS,School Signs,,,"same code as the base pack: use Federal (MUTCD 2023)/SVGs/TIME_OF_DAY_PLAQUE_X_XX_TO_X_XX_AM_X_XX_TO_X_XX_PM_S4-1P.svg (was: size 24 in: smallest table row (no conventional-road marker, no earlier edition of this code) — check)",Original PDFs/shsd-2012-section9.pdf#page=7
S4-4P,WHEN FLASHING,School Signs,,,"same code as the base pack: use Federal (MUTCD 2023)/SVGs/WHEN_FLASHING_PLAQUE_S4-4P.svg (was: size 24 in: smallest table row (no conventional-road marker, no earlier edition of this code) — check)",Original PDFs/shsd-2012-section9.pdf#page=8
S4-3P,SCHOOL,School Signs,,,"same code as the base pack: use Federal (MUTCD 2023)/SVGs/SCHOOL_PLAQUE_S4-3P.svg (was: size 24 in: smallest table row (no conventional-road marker, no earlier edition of this code) — check)",Original PDFs/shsd-2012-section9.pdf#page=8
S4-5,YELLOW GREEN,School Signs,,,"same code as the base pack: use Federal (MUTCD 2023)/SVGs/REDUCED_SCHOOL_SPEED_LIMIT_AHEAD_S4-5.svg (was: size 30 in: smallest table row (no conventional-road marker, no earlier edition of this code) — check; 1 smaller detail drawing(s) beside it on the sheet not extracted)",Original PDFs/shsd-2012-section9.pdf#page=9
S4-5a,,School Signs,,,same code as the base pack: use Federal (MUTCD 2023)/SVGs/REDUCED_SCHOOL_SPEED_LIMIT_AHEAD_S4-5a.svg (was: size 30 in: conventional-road row for S4-5a in the 2004/2012 sheets (2024 table has no marker)),Original PDFs/shsd-2012-section9.pdf#page=10
S4-6P,ALL YEAR,School Signs,,,"same code as the base pack: use Federal (MUTCD 2023)/SVGs/DAYS_OF_WEEK_PLAQUE_S4-6P.svg (was: size 24 in: smallest table row (no conventional-road marker, no earlier edition of this code) — check)",Original PDFs/shsd-2012-section9.pdf#page=11
S4-7P,ALL YEAR,School Signs,,,"same code as the base pack: use Federal (MUTCD 2023)/SVGs/ALL_YEAR_PLAQUE_S4-7P.svg (was: size 24 in: smallest table row (no conventional-road marker, no earlier edition of this code) — check)",Original PDFs/shsd-2012-section9.pdf#page=11
S5-1,SCHOOL SPEED LIMIT WHEN FLASHING,School Signs,,,same code as the base pack: use Federal (MUTCD 2023)/SVGs/SCHOOL_SPEED_LIMIT_XX_WHEN_FLASHING_S5-1.svg (was: size 24 in: conventional-road row for S5-1 in the 2004/2012 sheets (2024 table has no marker)),Original PDFs/shsd-2012-section9.pdf#page=12
S5-2,END SCHOOL ZONE,School Signs,,,same code as the base pack: use Federal (MUTCD 2023)/SVGs/END_SCHOOL_ZONE_S5-2.svg (was: size 24 in: conventional-road row for S5-2 in the 2004/2012 sheets (2024 table has no marker)),Original PDFs/shsd-2012-section9.pdf#page=13
S5-2aTP,,School Signs,SIGN_S5-2aTP.svg,24.0x9.5 in,"size 24 in: smallest table row (no conventional-road marker, no earlier edition of this code) — check",Original PDFs/shsd-2012-section9.pdf#page=14
S5-3,END SCHOOL SPEED LIMIT,School Signs,,,"same code as the base pack: use Federal (MUTCD 2023)/SVGs/END_SCHOOL_SPEED_LIMIT_S5-3.svg (was: size 24 in: smallest table row (no conventional-road marker, no earlier edition of this code) — check)",Original PDFs/shsd-2012-section9.pdf#page=15
S6-1T,SCHOOL SPEED LIMIT WHEN FLASHING,School Signs,SCHOOL_SPEED_LIMIT_WHEN_FLASHING_S6-1T.svg,84.0x35.3 in,"size 84 in: smallest table row (no conventional-road marker, no earlier edition of this code) — check",Original PDFs/shsd-2012-section9.pdf#page=16
S7-1T,,School Signs,SIGN_S7-1T.svg,31.4x23.2 in,no size table or width dimension read; drawn at page scale (1 pt = 0.1 in),Original PDFs/shsd-2012-section9.pdf#page=17
SW16-2P,TEXAS,School Signs,TEXAS_SW16-2P.svg,24.0x19.2 in,"size 24 in: smallest table row (no conventional-road marker, no earlier edition of this code) — check",Original PDFs/shsd-2012-section9.pdf#page=18
SW16-2aP,TEXAS,School Signs,TEXAS_SW16-2aP.svg,24.0x9.6 in,"size 24 in: smallest table row (no conventional-road marker, no earlier edition of this code) — check",Original PDFs/shsd-2012-section9.pdf#page=18
SW16-6PL(R),,School Signs,SIGN_SW16-6PLR.svg,24.0x18.0 in,"size 24 in: smallest table row (no conventional-road marker, no earlier edition of this code) — check",Original PDFs/shsd-2012-section9.pdf#page=19
SW16-5PL(R),,School Signs,SIGN_SW16-5PLR.svg,24.0x18.0 in,"size 24 in: smallest table row (no conventional-road marker, no earlier edition of this code) — check",Original PDFs/shsd-2012-section9.pdf#page=19
SW16-7PL(R),TEXAS,School Signs,TEXAS_SW16-7PLR.svg,21.0x10.5 in,"size 21 in: smallest table row (no conventional-road marker, no earlier edition of this code) — check",Original PDFs/shsd-2012-section9.pdf#page=20
SW16-9P,TEXAS,School Signs,TEXAS_SW16-9P.svg,24.0x14.4 in,"size 24 in: smallest table row (no conventional-road marker, no earlier edition of this code) — check",Original PDFs/shsd-2012-section9.pdf#page=20
R1-6b,YIELD                 - RED (AS SHOWN),Regulatory Signs,,,same code as the base pack: use Federal (MUTCD 2023)/SVGs/IN_STREET_SCHOOL_CROSSING_YIELD_R1-6b.svg (was: scale from the drawing's overall width dimension (12.0 in)),Original PDFs/shsd-2012-section9.pdf#page=21
OM1-1,REFLECTORS — YELLOW,Object Markers,,,same code as the base pack: use Federal (MUTCD 2023)/SVGs/OBJECT_MARKER_TYPE_1_OM1-1.svg (was: scale from the drawing's side dimension (18.0 in)),Original PDFs/shsd-2012-section10.pdf#page=3
OM1-3,REFLECTORS — YELLOW,Object Markers,,,same code as the base pack: use Federal (MUTCD 2023)/SVGs/OBJECT_MARKER_TYPE_1_OM1-3.svg (was: no dimension of its own; drawn to the same size as OM1-1 on the sheet — check),Original PDFs/shsd-2012-section10.pdf#page=3
OM1-2,REFLECTORS — YELLOW,Object Markers,,,same code as the base pack: use Federal (MUTCD 2023)/SVGs/OBJECT_MARKER_TYPE_1_OM1-2.svg (was: no dimension of its own; drawn to the same size as OM1-1 on the sheet — check),Original PDFs/shsd-2012-section10.pdf#page=3
OM2-2V,REFLECTORS — YELLOW,Object Markers,,,same code as the base pack: use Federal (MUTCD 2023)/SVGs/OBJECT_MARKER_TYPE_2_OM2-2V.svg (was: scale from the drawing's overall width dimension (6.0 in)),Original PDFs/shsd-2012-section10.pdf#page=4
OM2-1V,REFLECTORS — YELLOW,Object Markers,,,same code as the base pack: use Federal (MUTCD 2023)/SVGs/OBJECT_MARKER_TYPE_2_OM2-1V.svg (was: no dimension of its own; drawn to the same size as OM2-2V on the sheet — check),Original PDFs/shsd-2012-section10.pdf#page=4
OM2-1V,REFLECTORS — YELLOW,Object Markers,,,same code as the base pack: use Federal (MUTCD 2023)/SVGs/OBJECT_MARKER_TYPE_2_OM2-1V.svg (was: scaled from the dimensioned OM2-1V drawing (thumbnail)),Original PDFs/shsd-2012-section10.pdf#page=4
OM2-2H,REFLECTORS — YELLOW,Object Markers,,,same code as the base pack: use Federal (MUTCD 2023)/SVGs/OBJECT_MARKER_TYPE_2_OM2-2H.svg (was: no size table or width dimension read; drawn at page scale (1 pt = 0.1 in)),Original PDFs/shsd-2012-section10.pdf#page=4
OM2-1H,REFLECTORS — YELLOW,Object Markers,,,same code as the base pack: use Federal (MUTCD 2023)/SVGs/OBJECT_MARKER_TYPE_2_OM2-1H.svg (was: no size table or width dimension read; drawn at page scale (1 pt = 0.1 in)),Original PDFs/shsd-2012-section10.pdf#page=4
OM-3R(L),COLOR: STRIPES,Object Markers,COLOR_STRIPES_OM-3RL.svg,12.0x15.4 in,scale from the drawing's overall width dimension (12.0 in),Original PDFs/shsd-2012-section10.pdf#page=5
OM-3R(L),COLOR: STRIPES,Object Markers,COLOR_STRIPES_BLACK_OM-3RL.svg,12.0x17.7 in,scaled from the dimensioned OM-3R (L) drawing (thumbnail),Original PDFs/shsd-2012-section10.pdf#page=5
OM-3R(L),COLOR: STRIPES,Object Markers,COLOR_STRIPES_VAR3_OM-3RL.svg,12.0x17.7 in,scaled from the dimensioned OM-3R (L) drawing (thumbnail),Original PDFs/shsd-2012-section10.pdf#page=5
OM-3R(L),COLOR: STRIPES,Object Markers,COLOR_STRIPES_BLACK_OM-3RL_2.svg,12.0x17.7 in,scaled from the dimensioned OM-3R (L) drawing (thumbnail),Original PDFs/shsd-2012-section10.pdf#page=5
OM-3R(L),COLOR: STRIPES,Object Markers,COLOR_STRIPES_VAR5_OM-3RL.svg,12.0x15.6 in,scaled from the dimensioned OM-3R (L) drawing (thumbnail),Original PDFs/shsd-2012-section10.pdf#page=5
OM-3C,COLOR: STRIPES,Object Markers,,,same code as the base pack: use Federal (MUTCD 2023)/SVGs/OBJECT_MARKER_OM-3C.svg (was: scale from the drawing's overall width dimension (12.0 in)),Original PDFs/shsd-2012-section10.pdf#page=5
OM-3C,COLOR: STRIPES,Object Markers,,,same code as the base pack: use Federal (MUTCD 2023)/SVGs/OBJECT_MARKER_OM-3C.svg (was: scaled from the dimensioned OM-3C drawing (thumbnail)),Original PDFs/shsd-2012-section10.pdf#page=5
OM-3C,COLOR: STRIPES,Object Markers,,,same code as the base pack: use Federal (MUTCD 2023)/SVGs/OBJECT_MARKER_OM-3C.svg (was: scaled from the dimensioned OM-3C drawing (thumbnail)),Original PDFs/shsd-2012-section10.pdf#page=5
OM-3C,COLOR: STRIPES,Object Markers,,,same code as the base pack: use Federal (MUTCD 2023)/SVGs/OBJECT_MARKER_OM-3C.svg (was: scaled from the dimensioned OM-3C drawing (thumbnail)),Original PDFs/shsd-2012-section10.pdf#page=5
OM-3C,COLOR: STRIPES,Object Markers,,,same code as the base pack: use Federal (MUTCD 2023)/SVGs/OBJECT_MARKER_OM-3C.svg (was: scaled from the dimensioned OM-3C drawing (thumbnail)),Original PDFs/shsd-2012-section10.pdf#page=5
OM-3C,COLOR: STRIPES,Object Markers,,,same code as the base pack: use Federal (MUTCD 2023)/SVGs/OBJECT_MARKER_OM-3C.svg (was: scaled from the dimensioned OM-3C drawing (thumbnail)),Original PDFs/shsd-2012-section10.pdf#page=5
OM4-1,REFLECTORS — RED  (RETRO),Object Markers,,,same code as the base pack: use Federal (MUTCD 2023)/SVGs/OBJECT_MARKER_TYPE_4_OM4-1.svg (was: scale from the drawing's side dimension (18.0 in)),Original PDFs/shsd-2012-section10.pdf#page=6
OM4-3,REFLECTORS — RED  (RETRO),Object Markers,,,same code as the base pack: use Federal (MUTCD 2023)/SVGs/OBJECT_MARKER_TYPE_4_OM4-3.svg (was: no dimension of its own; drawn to the same size as OM4-1 on the sheet — check),Original PDFs/shsd-2012-section10.pdf#page=6
OM4-2,REFLECTORS — RED  (RETRO),Object Markers,,,same code as the base pack: use Federal (MUTCD 2023)/SVGs/OBJECT_MARKER_TYPE_4_OM4-2.svg (was: no dimension of its own; drawn to the same size as OM4-1 on the sheet — check),Original PDFs/shsd-2012-section10.pdf#page=6
D9-11a,GUIDE SIGN,intervene/Guide Signs,,,same code as the base pack: use Federal (MUTCD 2023)/SVGs/ALTERNATIVE_FUEL_COMPRESSED_NATURAL_GAS_D9-11a.svg (was: 1 overlapping duplicate shape(s) in the sheet's drawing (FHWA artwork fault); needs a manual check),Original PDFs/shsd-2012-section11.pdf#page=90
D9-7,GUIDE SIGN,intervene/Guide Signs,,,same code as the base pack: use Federal (MUTCD 2023)/SVGs/GAS_D9-7.svg (was: 1 overlapping duplicate shape(s) in the sheet's drawing (FHWA artwork fault); needs a manual check),Original PDFs/shsd-2012-section11.pdf#page=90
D9-11c,GUIDE SIGN,intervene/Guide Signs,,,same code as the base pack: use Federal (MUTCD 2023)/SVGs/ALTERNATIVE_FUEL_ETHANOL_D9-11c.svg (was: 1 overlapping duplicate shape(s) in the sheet's drawing (FHWA artwork fault); needs a manual check),Original PDFs/shsd-2012-section11.pdf#page=90
D9-11e,GUIDE SIGN,intervene/Guide Signs,,,same code as the base pack: use Federal (MUTCD 2023)/SVGs/ALTERNATIVE_FUEL_LIQUEFIED_PETROLEUM_GAS_D9-11e.svg (was: 1 overlapping duplicate shape(s) in the sheet's drawing (FHWA artwork fault); needs a manual check),Original PDFs/shsd-2012-section11.pdf#page=90
D9-11,GUIDE SIGN,intervene/Guide Signs,,,same code as the base pack: use Federal (MUTCD 2023)/SVGs/DIESEL_FUEL_D9-11.svg (was: 1 overlapping duplicate shape(s) in the sheet's drawing (FHWA artwork fault); needs a manual check),Original PDFs/shsd-2012-section11.pdf#page=90
D9-11d,GUIDE SIGN,intervene/Guide Signs,,,same code as the base pack: use Federal (MUTCD 2023)/SVGs/ALTERNATIVE_FUEL_LIQUEFIED_NATURAL_GAS_D9-11d.svg (was: 1 overlapping duplicate shape(s) in the sheet's drawing (FHWA artwork fault); needs a manual check),Original PDFs/shsd-2012-section11.pdf#page=90
D9-11f,GUIDE SIGN,Guide Signs,,,same code as the base pack: use Federal (MUTCD 2023)/SVGs/ALTERNATIVE_FUEL_HYDROGEN_D9-11f.svg (was: no size table or width dimension read; drawn at page scale (1 pt = 0.1 in)),Original PDFs/shsd-2012-section11.pdf#page=90
W9-11b,,Warning Signs,SIGN_W9-11b.svg,23.7x12.4 in,no size table or width dimension read; drawn at page scale (1 pt = 0.1 in),Original PDFs/shsd-2012-section11.pdf#page=91
W9-11b,,Warning Signs,SIGN_BLACK_W9-11b.svg,36.9x52.2 in,no size table or width dimension read; drawn at page scale (1 pt = 0.1 in),Original PDFs/shsd-2012-section11.pdf#page=91
RS-055,,Symbols and Arrows,SIGN_RS-055.svg,16.0x16.0 in,no size table or width dimension read; drawn at page scale (1 pt = 0.1 in),Original PDFs/shsd-2012-section11.pdf#page=101
RS-058,,Symbols and Arrows,SIGN_RS-058.svg,16.0x16.0 in,no size table or width dimension read; drawn at page scale (1 pt = 0.1 in),Original PDFs/shsd-2012-section11.pdf#page=101
RS-005,,Symbols and Arrows,SIGN_RS-005.svg,25.2x25.3 in,no size table or width dimension read; drawn at page scale (1 pt = 0.1 in),Original PDFs/shsd-2012-section11.pdf#page=102
RS-002,,Symbols and Arrows,SIGN_RS-002.svg,29.0x5.1 in,no size table or width dimension read; drawn at page scale (1 pt = 0.1 in); 1 smaller detail drawing(s) beside it on the sheet not extracted,Original PDFs/shsd-2012-section11.pdf#page=102
RS-002,,Symbols and Arrows,SIGN_VAR2_RS-002.svg,17.6x20.3 in,no size table or width dimension read; drawn at page scale (1 pt = 0.1 in); 1 smaller detail drawing(s) beside it on the sheet not extracted,Original PDFs/shsd-2012-section11.pdf#page=102
RS-006,,Symbols and Arrows,SIGN_RS-006.svg,17.4x28.5 in,no size table or width dimension read; drawn at page scale (1 pt = 0.1 in),Original PDFs/shsd-2012-section11.pdf#page=103
RS-007,,Symbols and Arrows,SIGN_RS-007.svg,13.1x21.3 in,no size table or width dimension read; drawn at page scale (1 pt = 0.1 in),Original PDFs/shsd-2012-section11.pdf#page=103
RS-007,,Symbols and Arrows,SIGN_VAR2_RS-007.svg,12.2x5.2 in,no size table or width dimension read; drawn at page scale (1 pt = 0.1 in),Original PDFs/shsd-2012-section11.pdf#page=103
RS-007,,Symbols and Arrows,SIGN_VAR3_RS-007.svg,12.2x5.2 in,no size table or width dimension read; drawn at page scale (1 pt = 0.1 in),Original PDFs/shsd-2012-section11.pdf#page=103
RS-008,,Symbols and Arrows,SIGN_RS-008.svg,19.3x27.6 in,no size table or width dimension read; drawn at page scale (1 pt = 0.1 in),Original PDFs/shsd-2012-section11.pdf#page=104
RS-009,,Symbols and Arrows,SIGN_RS-009.svg,11.0x28.5 in,no size table or width dimension read; drawn at page scale (1 pt = 0.1 in),Original PDFs/shsd-2012-section11.pdf#page=104
RS-010,,Symbols and Arrows,SIGN_RS-010.svg,16.7x9.0 in,no size table or width dimension read; drawn at page scale (1 pt = 0.1 in); 2 smaller detail drawing(s) beside it on the sheet not extracted,Original PDFs/shsd-2012-section11.pdf#page=105
RS-010,,Symbols and Arrows,SIGN_VAR2_RS-010.svg,41.7x22.5 in,no size table or width dimension read; drawn at page scale (1 pt = 0.1 in); 2 smaller detail drawing(s) beside it on the sheet not extracted,Original PDFs/shsd-2012-section11.pdf#page=105
RS-011,,Symbols and Arrows,SIGN_RS-011.svg,25.3x30.4 in,no size table or width dimension read; drawn at page scale (1 pt = 0.1 in),Original PDFs/shsd-2012-section11.pdf#page=105
RS-012,,Symbols and Arrows,SIGN_RS-012.svg,38.4x24.1 in,no size table or width dimension read; drawn at page scale (1 pt = 0.1 in),Original PDFs/shsd-2012-section11.pdf#page=106
RS-013,,Symbols and Arrows,SIGN_RS-013.svg,23.3x28.4 in,no size table or width dimension read; drawn at page scale (1 pt = 0.1 in),Original PDFs/shsd-2012-section11.pdf#page=106
RS-015,,Symbols and Arrows,SIGN_RS-015.svg,26.2x28.3 in,no size table or width dimension read; drawn at page scale (1 pt = 0.1 in),Original PDFs/shsd-2012-section11.pdf#page=107
RS-017,,Symbols and Arrows,SIGN_RS-017.svg,23.9x19.7 in,no size table or width dimension read; drawn at page scale (1 pt = 0.1 in); 1 smaller detail drawing(s) beside it on the sheet not extracted,Original PDFs/shsd-2012-section11.pdf#page=107
RS-017,,Symbols and Arrows,SIGN_VAR2_RS-017.svg,18.2x10.1 in,no size table or width dimension read; drawn at page scale (1 pt = 0.1 in); 1 smaller detail drawing(s) beside it on the sheet not extracted,Original PDFs/shsd-2012-section11.pdf#page=107
RS-020,,Symbols and Arrows,SIGN_RS-020.svg,12.3x25.2 in,no size table or width dimension read; drawn at page scale (1 pt = 0.1 in); 1 smaller detail drawing(s) beside it on the sheet not extracted,Original PDFs/shsd-2012-section11.pdf#page=108
RS-020,,Symbols and Arrows,SIGN_VAR2_RS-020.svg,19.0x13.3 in,no size table or width dimension read; drawn at page scale (1 pt = 0.1 in); 1 smaller detail drawing(s) beside it on the sheet not extracted,Original PDFs/shsd-2012-section11.pdf#page=108
RS-021,,Symbols and Arrows,SIGN_RS-021.svg,11.4x23.2 in,no size table or width dimension read; drawn at page scale (1 pt = 0.1 in),Original PDFs/shsd-2012-section11.pdf#page=108
RS-023,,Symbols and Arrows,SIGN_RS-023.svg,14.2x23.5 in,no size table or width dimension read; drawn at page scale (1 pt = 0.1 in),Original PDFs/shsd-2012-section11.pdf#page=109
RS-022,,Symbols and Arrows,SIGN_RS-022.svg,14.1x23.3 in,no size table or width dimension read; drawn at page scale (1 pt = 0.1 in); 1 smaller detail drawing(s) beside it on the sheet not extracted,Original PDFs/shsd-2012-section11.pdf#page=109
RS-022,,Symbols and Arrows,SIGN_VAR2_RS-022.svg,11.3x23.0 in,no size table or width dimension read; drawn at page scale (1 pt = 0.1 in); 1 smaller detail drawing(s) beside it on the sheet not extracted,Original PDFs/shsd-2012-section11.pdf#page=109
RS-026,,Symbols and Arrows,SIGN_RS-026.svg,35.1x26.9 in,no size table or width dimension read; drawn at page scale (1 pt = 0.1 in),Original PDFs/shsd-2012-section11.pdf#page=110
RS-024,,Symbols and Arrows,SIGN_RS-024.svg,25.6x25.6 in,no size table or width dimension read; drawn at page scale (1 pt = 0.1 in),Original PDFs/shsd-2012-section11.pdf#page=110
RS-027,,Symbols and Arrows,SIGN_RS-027.svg,23.7x28.5 in,no size table or width dimension read; drawn at page scale (1 pt = 0.1 in),Original PDFs/shsd-2012-section11.pdf#page=111
RS-030,,Symbols and Arrows,SIGN_RS-030.svg,24.1x19.3 in,no size table or width dimension read; drawn at page scale (1 pt = 0.1 in),Original PDFs/shsd-2012-section11.pdf#page=111
RS-030,,Symbols and Arrows,SIGN_VAR2_RS-030.svg,15.6x7.3 in,no size table or width dimension read; drawn at page scale (1 pt = 0.1 in),Original PDFs/shsd-2012-section11.pdf#page=111
RS-031,,Symbols and Arrows,SIGN_RS-031.svg,23.1x28.9 in,no size table or width dimension read; drawn at page scale (1 pt = 0.1 in),Original PDFs/shsd-2012-section11.pdf#page=112
RS-034,,Symbols and Arrows,SIGN_RS-034.svg,21.6x28.3 in,no size table or width dimension read; drawn at page scale (1 pt = 0.1 in),Original PDFs/shsd-2012-section11.pdf#page=112
RS-035,,Symbols and Arrows,SIGN_RS-035.svg,23.9x21.1 in,no size table or width dimension read; drawn at page scale (1 pt = 0.1 in),Original PDFs/shsd-2012-section11.pdf#page=113
RS-036,,Symbols and Arrows,SIGN_RS-036.svg,16.3x24.3 in,no size table or width dimension read; drawn at page scale (1 pt = 0.1 in); 1 smaller detail drawing(s) beside it on the sheet not extracted,Original PDFs/shsd-2012-section11.pdf#page=113
RS-039,,Symbols and Arrows,SIGN_RS-039.svg,31.3x28.4 in,no size table or width dimension read; drawn at page scale (1 pt = 0.1 in),Original PDFs/shsd-2012-section11.pdf#page=114
RS-037,,Symbols and Arrows,SIGN_RS-037.svg,31.2x28.3 in,no size table or width dimension read; drawn at page scale (1 pt = 0.1 in),Original PDFs/shsd-2012-section11.pdf#page=114
RS-040,,Symbols and Arrows,SIGN_RS-040.svg,43.9x27.0 in,no size table or width dimension read; drawn at page scale (1 pt = 0.1 in),Original PDFs/shsd-2012-section11.pdf#page=115
RS-041,,Symbols and Arrows,SIGN_RS-041.svg,34.1x16.9 in,no size table or width dimension read; drawn at page scale (1 pt = 0.1 in),Original PDFs/shsd-2012-section11.pdf#page=115
RS-041,,Symbols and Arrows,SIGN_VAR2_RS-041.svg,29.1x14.4 in,no size table or width dimension read; drawn at page scale (1 pt = 0.1 in),Original PDFs/shsd-2012-section11.pdf#page=115
RS-043,,Symbols and Arrows,SIGN_RS-043.svg,30.1x27.4 in,no size table or width dimension read; drawn at page scale (1 pt = 0.1 in),Original PDFs/shsd-2012-section11.pdf#page=116
RS-042,,Symbols and Arrows,SIGN_RS-042.svg,25.5x8.3 in,no size table or width dimension read; drawn at page scale (1 pt = 0.1 in); 2 smaller detail drawing(s) beside it on the sheet not extracted,Original PDFs/shsd-2012-section11.pdf#page=116
RS-042,,Symbols and Arrows,SIGN_VAR2_RS-042.svg,16.5x9.3 in,no size table or width dimension read; drawn at page scale (1 pt = 0.1 in); 2 smaller detail drawing(s) beside it on the sheet not extracted,Original PDFs/shsd-2012-section11.pdf#page=116
RS-044,,Symbols and Arrows,SIGN_RS-044.svg,38.4x26.9 in,no size table or width dimension read; drawn at page scale (1 pt = 0.1 in),Original PDFs/shsd-2012-section11.pdf#page=117
RS-045,,Symbols and Arrows,SIGN_RS-045.svg,30.1x27.4 in,no size table or width dimension read; drawn at page scale (1 pt = 0.1 in),Original PDFs/shsd-2012-section11.pdf#page=117
RS-046,,Symbols and Arrows,SIGN_RS-046.svg,26.2x1.6 in,no size table or width dimension read; drawn at page scale (1 pt = 0.1 in); 2 smaller detail drawing(s) beside it on the sheet not extracted,Original PDFs/shsd-2012-section11.pdf#page=118
RS-046,,Symbols and Arrows,SIGN_VAR2_RS-046.svg,28.1x22.7 in,no size table or width dimension read; drawn at page scale (1 pt = 0.1 in); 2 smaller detail drawing(s) beside it on the sheet not extracted,Original PDFs/shsd-2012-section11.pdf#page=118
RS-047,,Symbols and Arrows,SIGN_RS-047.svg,29.6x16.9 in,no size table or width dimension read; drawn at page scale (1 pt = 0.1 in),Original PDFs/shsd-2012-section11.pdf#page=118
RS-047,,Symbols and Arrows,SIGN_VAR2_RS-047.svg,23.2x18.6 in,no size table or width dimension read; drawn at page scale (1 pt = 0.1 in),Original PDFs/shsd-2012-section11.pdf#page=118
RS-049,,Symbols and Arrows,SIGN_RS-049.svg,33.5x29.1 in,no size table or width dimension read; drawn at page scale (1 pt = 0.1 in),Original PDFs/shsd-2012-section11.pdf#page=119
RS-048,,Symbols and Arrows,SIGN_RS-048.svg,29.0x20.5 in,no size table or width dimension read; drawn at page scale (1 pt = 0.1 in),Original PDFs/shsd-2012-section11.pdf#page=119
RS-048,,Symbols and Arrows,SIGN_VAR2_RS-048.svg,18.6x21.6 in,no size table or width dimension read; drawn at page scale (1 pt = 0.1 in),Original PDFs/shsd-2012-section11.pdf#page=119
RS-052,,Symbols and Arrows,SIGN_RS-052.svg,19.7x5.6 in,no size table or width dimension read; drawn at page scale (1 pt = 0.1 in),Original PDFs/shsd-2012-section11.pdf#page=120
RS-052,,Symbols and Arrows,SIGN_VAR2_RS-052.svg,32.2x19.4 in,no size table or width dimension read; drawn at page scale (1 pt = 0.1 in),Original PDFs/shsd-2012-section11.pdf#page=120
RS-050,,Symbols and Arrows,SIGN_RS-050.svg,16.3x21.3 in,no size table or width dimension read; drawn at page scale (1 pt = 0.1 in); 1 smaller detail drawing(s) beside it on the sheet not extracted,Original PDFs/shsd-2012-section11.pdf#page=120
RS-050,,Symbols and Arrows,SIGN_VAR2_RS-050.svg,10.0x10.0 in,no size table or width dimension read; drawn at page scale (1 pt = 0.1 in); 1 smaller detail drawing(s) beside it on the sheet not extracted,Original PDFs/shsd-2012-section11.pdf#page=120
RS-053,,Symbols and Arrows,SIGN_RS-053.svg,25.9x28.1 in,no size table or width dimension read; drawn at page scale (1 pt = 0.1 in),Original PDFs/shsd-2012-section11.pdf#page=121
RS-054,,Symbols and Arrows,SIGN_RS-054.svg,36.6x15.5 in,no size table or width dimension read; drawn at page scale (1 pt = 0.1 in); 1 smaller detail drawing(s) beside it on the sheet not extracted,Original PDFs/shsd-2012-section11.pdf#page=121
RS-054,,Symbols and Arrows,SIGN_VAR2_RS-054.svg,32.8x15.4 in,no size table or width dimension read; drawn at page scale (1 pt = 0.1 in); 1 smaller detail drawing(s) beside it on the sheet not extracted,Original PDFs/shsd-2012-section11.pdf#page=121
RS-055,,Symbols and Arrows,SIGN_RS-055_2.svg,43.7x5.2 in,no size table or width dimension read; drawn at page scale (1 pt = 0.1 in),Original PDFs/shsd-2012-section11.pdf#page=122
RS-055,,Symbols and Arrows,SIGN_VAR2_RS-055.svg,47.0x13.8 in,no size table or width dimension read; drawn at page scale (1 pt = 0.1 in),Original PDFs/shsd-2012-section11.pdf#page=122
RS-056,,Symbols and Arrows,SIGN_RS-056.svg,28.2x3.4 in,no size table or width dimension read; drawn at page scale (1 pt = 0.1 in); 2 smaller detail drawing(s) beside it on the sheet not extracted,Original PDFs/shsd-2012-section11.pdf#page=122
RS-056,,Symbols and Arrows,SIGN_VAR2_RS-056.svg,28.2x3.4 in,no size table or width dimension read; drawn at page scale (1 pt = 0.1 in); 2 smaller detail drawing(s) beside it on the sheet not extracted,Original PDFs/shsd-2012-section11.pdf#page=122
RS-057,,Symbols and Arrows,SIGN_RS-057.svg,33.4x4.0 in,no size table or width dimension read; drawn at page scale (1 pt = 0.1 in); 1 smaller detail drawing(s) beside it on the sheet not extracted,Original PDFs/shsd-2012-section11.pdf#page=123
RS-057,,Symbols and Arrows,SIGN_VAR2_RS-057.svg,32.4x17.9 in,no size table or width dimension read; drawn at page scale (1 pt = 0.1 in); 1 smaller detail drawing(s) beside it on the sheet not extracted,Original PDFs/shsd-2012-section11.pdf#page=123
RS-058,,Symbols and Arrows,SIGN_RS-058_2.svg,29.5x7.8 in,no size table or width dimension read; drawn at page scale (1 pt = 0.1 in); 1 smaller detail drawing(s) beside it on the sheet not extracted,Original PDFs/shsd-2012-section11.pdf#page=123
RS-060,,Symbols and Arrows,SIGN_RS-060.svg,25.4x22.6 in,no size table or width dimension read; drawn at page scale (1 pt = 0.1 in),Original PDFs/shsd-2012-section11.pdf#page=124
RS-059,,Symbols and Arrows,SIGN_RS-059.svg,28.4x11.2 in,no size table or width dimension read; drawn at page scale (1 pt = 0.1 in),Original PDFs/shsd-2012-section11.pdf#page=124
RS-059,,Symbols and Arrows,SIGN_VAR2_RS-059.svg,22.5x23.9 in,no size table or width dimension read; drawn at page scale (1 pt = 0.1 in),Original PDFs/shsd-2012-section11.pdf#page=124
RS-061,,Symbols and Arrows,SIGN_RS-061.svg,40.0x4.8 in,no size table or width dimension read; drawn at page scale (1 pt = 0.1 in); 1 smaller detail drawing(s) beside it on the sheet not extracted,Original PDFs/shsd-2012-section11.pdf#page=125
RS-061,,Symbols and Arrows,SIGN_VAR2_RS-061.svg,29.0x21.7 in,no size table or width dimension read; drawn at page scale (1 pt = 0.1 in); 1 smaller detail drawing(s) beside it on the sheet not extracted,Original PDFs/shsd-2012-section11.pdf#page=125
RS-062,,Symbols and Arrows,SIGN_RS-062.svg,27.3x3.3 in,no size table or width dimension read; drawn at page scale (1 pt = 0.1 in),Original PDFs/shsd-2012-section11.pdf#page=125
RS-062,,Symbols and Arrows,SIGN_VAR2_RS-062.svg,21.3x25.3 in,no size table or width dimension read; drawn at page scale (1 pt = 0.1 in),Original PDFs/shsd-2012-section11.pdf#page=125
RS-064,,Symbols and Arrows,SIGN_RS-064.svg,28.7x25.9 in,no size table or width dimension read; drawn at page scale (1 pt = 0.1 in),Original PDFs/shsd-2012-section11.pdf#page=126
RS-063,,Symbols and Arrows,SIGN_RS-063.svg,21.5x16.5 in,no size table or width dimension read; drawn at page scale (1 pt = 0.1 in),Original PDFs/shsd-2012-section11.pdf#page=126
RS-063,,Symbols and Arrows,SIGN_VAR2_RS-063.svg,30.9x16.7 in,no size table or width dimension read; drawn at page scale (1 pt = 0.1 in),Original PDFs/shsd-2012-section11.pdf#page=126
RS-067,,Symbols and Arrows,SIGN_RS-067.svg,41.7x16.7 in,no size table or width dimension read; drawn at page scale (1 pt = 0.1 in); 2 smaller detail drawing(s) beside it on the sheet not extracted,Original PDFs/shsd-2012-section11.pdf#page=127
RS-068,,Symbols and Arrows,SIGN_RS-068.svg,15.6x26.1 in,no size table or width dimension read; drawn at page scale (1 pt = 0.1 in); 2 smaller detail drawing(s) beside it on the sheet not extracted,Original PDFs/shsd-2012-section11.pdf#page=127
RS-071,,Symbols and Arrows,SIGN_RS-071.svg,19.3x20.6 in,no size table or width dimension read; drawn at page scale (1 pt = 0.1 in),Original PDFs/shsd-2012-section11.pdf#page=128
RS-071,,Symbols and Arrows,SIGN_VAR2_RS-071.svg,32.7x13.5 in,no size table or width dimension read; drawn at page scale (1 pt = 0.1 in),Original PDFs/shsd-2012-section11.pdf#page=128
RS-070,,Symbols and Arrows,SIGN_RS-070.svg,28.3x6.6 in,no size table or width dimension read; drawn at page scale (1 pt = 0.1 in); 2 smaller detail drawing(s) beside it on the sheet not extracted,Original PDFs/shsd-2012-section11.pdf#page=128
RS-070,,Symbols and Arrows,SIGN_VAR2_RS-070.svg,22.5x5.7 in,no size table or width dimension read; drawn at page scale (1 pt = 0.1 in); 2 smaller detail drawing(s) beside it on the sheet not extracted,Original PDFs/shsd-2012-section11.pdf#page=128
RS-073,,Symbols and Arrows,SIGN_RS-073.svg,28.6x28.9 in,no size table or width dimension read; drawn at page scale (1 pt = 0.1 in),Original PDFs/shsd-2012-section11.pdf#page=129
RS-073,,Symbols and Arrows,SIGN_VAR2_RS-073.svg,22.4x20.3 in,no size table or width dimension read; drawn at page scale (1 pt = 0.1 in),Original PDFs/shsd-2012-section11.pdf#page=129
RS-076,,Symbols and Arrows,SIGN_RS-076.svg,11.5x22.6 in,no size table or width dimension read; drawn at page scale (1 pt = 0.1 in),Original PDFs/shsd-2012-section11.pdf#page=129
RS-076,,Symbols and Arrows,SIGN_VAR2_RS-076.svg,11.5x22.6 in,no size table or width dimension read; drawn at page scale (1 pt = 0.1 in),Original PDFs/shsd-2012-section11.pdf#page=129
RS-077,,Symbols and Arrows,SIGN_RS-077.svg,25.3x28.7 in,no size table or width dimension read; drawn at page scale (1 pt = 0.1 in),Original PDFs/shsd-2012-section11.pdf#page=130
RS-078,,Symbols and Arrows,SIGN_RS-078.svg,24.3x24.7 in,no size table or width dimension read; drawn at page scale (1 pt = 0.1 in),Original PDFs/shsd-2012-section11.pdf#page=130
RS-079,,Symbols and Arrows,SIGN_RS-079.svg,30.3x3.6 in,no size table or width dimension read; drawn at page scale (1 pt = 0.1 in),Original PDFs/shsd-2012-section11.pdf#page=131
RS-079,,Symbols and Arrows,SIGN_VAR2_RS-079.svg,29.5x17.3 in,no size table or width dimension read; drawn at page scale (1 pt = 0.1 in),Original PDFs/shsd-2012-section11.pdf#page=131
RS-080,,Symbols and Arrows,SIGN_RS-080.svg,16.7x16.4 in,no size table or width dimension read; drawn at page scale (1 pt = 0.1 in),Original PDFs/shsd-2012-section11.pdf#page=131
RS-080,,Symbols and Arrows,SIGN_VAR2_RS-080.svg,12.9x12.7 in,no size table or width dimension read; drawn at page scale (1 pt = 0.1 in),Original PDFs/shsd-2012-section11.pdf#page=131
RS-082,,Symbols and Arrows,SIGN_RS-082.svg,18.4x23.0 in,no size table or width dimension read; drawn at page scale (1 pt = 0.1 in); 2 smaller detail drawing(s) beside it on the sheet not extracted,Original PDFs/shsd-2012-section11.pdf#page=132
RS-082,,Symbols and Arrows,SIGN_VAR2_RS-082.svg,19.7x26.7 in,no size table or width dimension read; drawn at page scale (1 pt = 0.1 in); 2 smaller detail drawing(s) beside it on the sheet not extracted,Original PDFs/shsd-2012-section11.pdf#page=132
RS-082,,Symbols and Arrows,SIGN_VAR3_RS-082.svg,15.6x14.3 in,no size table or width dimension read; drawn at page scale (1 pt = 0.1 in); 2 smaller detail drawing(s) beside it on the sheet not extracted,Original PDFs/shsd-2012-section11.pdf#page=132
RS-082,,Symbols and Arrows,SIGN_VAR4_RS-082.svg,17.8x14.3 in,no size table or width dimension read; drawn at page scale (1 pt = 0.1 in); 2 smaller detail drawing(s) beside it on the sheet not extracted,Original PDFs/shsd-2012-section11.pdf#page=132
RS-083,,Symbols and Arrows,SIGN_RS-083.svg,19.8x26.8 in,no size table or width dimension read; drawn at page scale (1 pt = 0.1 in),Original PDFs/shsd-2012-section11.pdf#page=133
RS-084,,Symbols and Arrows,SIGN_RS-084.svg,23.2x21.5 in,no size table or width dimension read; drawn at page scale (1 pt = 0.1 in); 2 smaller detail drawing(s) beside it on the sheet not extracted,Original PDFs/shsd-2012-section11.pdf#page=133
RS-086,,Symbols and Arrows,SIGN_RS-086.svg,17.8x24.5 in,no size table or width dimension read; drawn at page scale (1 pt = 0.1 in); 1 smaller detail drawing(s) beside it on the sheet not extracted,Original PDFs/shsd-2012-section11.pdf#page=134
RS-085,,Symbols and Arrows,SIGN_RS-085.svg,19.8x20.8 in,no size table or width dimension read; drawn at page scale (1 pt = 0.1 in),Original PDFs/shsd-2012-section11.pdf#page=134
RS-085,,Symbols and Arrows,SIGN_VAR2_RS-085.svg,19.8x3.4 in,no size table or width dimension read; drawn at page scale (1 pt = 0.1 in),Original PDFs/shsd-2012-section11.pdf#page=134
RS-087,,Symbols and Arrows,SIGN_RS-087.svg,34.1x4.1 in,no size table or width dimension read; drawn at page scale (1 pt = 0.1 in),Original PDFs/shsd-2012-section11.pdf#page=135
RS-087,,Symbols and Arrows,SIGN_VAR2_RS-087.svg,34.1x19.2 in,no size table or width dimension read; drawn at page scale (1 pt = 0.1 in),Original PDFs/shsd-2012-section11.pdf#page=135
RS-088,,Symbols and Arrows,SIGN_RS-088.svg,29.7x3.6 in,no size table or width dimension read; drawn at page scale (1 pt = 0.1 in); 1 smaller detail drawing(s) beside it on the sheet not extracted,Original PDFs/shsd-2012-section11.pdf#page=135
RS-090,,Symbols and Arrows,SIGN_RS-090.svg,20.9x29.7 in,no size table or width dimension read; drawn at page scale (1 pt = 0.1 in),Original PDFs/shsd-2012-section11.pdf#page=136
RS-089,,Symbols and Arrows,SIGN_RS-089.svg,25.1x22.1 in,no size table or width dimension read; drawn at page scale (1 pt = 0.1 in),Original PDFs/shsd-2012-section11.pdf#page=136
RS-089,,Symbols and Arrows,SIGN_VAR2_RS-089.svg,17.2x17.9 in,no size table or width dimension read; drawn at page scale (1 pt = 0.1 in),Original PDFs/shsd-2012-section11.pdf#page=136
RS-091,,Symbols and Arrows,SIGN_RS-091.svg,15.7x21.5 in,no size table or width dimension read; drawn at page scale (1 pt = 0.1 in); 1 smaller detail drawing(s) beside it on the sheet not extracted,Original PDFs/shsd-2012-section11.pdf#page=137
RS-091,,Symbols and Arrows,SIGN_VAR2_RS-091.svg,12.5x14.0 in,no size table or width dimension read; drawn at page scale (1 pt = 0.1 in); 1 smaller detail drawing(s) beside it on the sheet not extracted,Original PDFs/shsd-2012-section11.pdf#page=137
RS-092,,Symbols and Arrows,SIGN_RS-092.svg,17.9x13.8 in,no size table or width dimension read; drawn at page scale (1 pt = 0.1 in); 1 smaller detail drawing(s) beside it on the sheet not extracted,Original PDFs/shsd-2012-section11.pdf#page=137
RS-092,,Symbols and Arrows,SIGN_VAR2_RS-092.svg,16.8x3.8 in,no size table or width dimension read; drawn at page scale (1 pt = 0.1 in); 1 smaller detail drawing(s) beside it on the sheet not extracted,Original PDFs/shsd-2012-section11.pdf#page=137
RS-093,,Symbols and Arrows,SIGN_RS-093.svg,39.2x21.1 in,no size table or width dimension read; drawn at page scale (1 pt = 0.1 in); 1 smaller detail drawing(s) beside it on the sheet not extracted,Original PDFs/shsd-2012-section11.pdf#page=138
RS-093,,Symbols and Arrows,SIGN_VAR2_RS-093.svg,25.4x4.8 in,no size table or width dimension read; drawn at page scale (1 pt = 0.1 in); 1 smaller detail drawing(s) beside it on the sheet not extracted,Original PDFs/shsd-2012-section11.pdf#page=138
RS-094,,Symbols and Arrows,SIGN_RS-094.svg,13.6x8.8 in,no size table or width dimension read; drawn at page scale (1 pt = 0.1 in),Original PDFs/shsd-2012-section11.pdf#page=138
RS-094,,Symbols and Arrows,SIGN_VAR2_RS-094.svg,13.6x8.8 in,no size table or width dimension read; drawn at page scale (1 pt = 0.1 in),Original PDFs/shsd-2012-section11.pdf#page=138
RS-094,,Symbols and Arrows,SIGN_VAR3_RS-094.svg,13.2x17.0 in,no size table or width dimension read; drawn at page scale (1 pt = 0.1 in),Original PDFs/shsd-2012-section11.pdf#page=138
RS-094,,Symbols and Arrows,SIGN_VAR4_RS-094.svg,13.2x17.0 in,no size table or width dimension read; drawn at page scale (1 pt = 0.1 in),Original PDFs/shsd-2012-section11.pdf#page=138
RS-095,,Symbols and Arrows,SIGN_RS-095.svg,33.4x12.7 in,no size table or width dimension read; drawn at page scale (1 pt = 0.1 in); 3 smaller detail drawing(s) beside it on the sheet not extracted,Original PDFs/shsd-2012-section11.pdf#page=139
RS-096,,Symbols and Arrows,SIGN_RS-096.svg,17.3x23.6 in,no size table or width dimension read; drawn at page scale (1 pt = 0.1 in); 1 smaller detail drawing(s) beside it on the sheet not extracted,Original PDFs/shsd-2012-section11.pdf#page=139
RS-098,,Symbols and Arrows,SIGN_RS-098.svg,8.0x11.8 in,no size table or width dimension read; drawn at page scale (1 pt = 0.1 in),Original PDFs/shsd-2012-section11.pdf#page=140
RS-098,,Symbols and Arrows,SIGN_VAR2_RS-098.svg,21.4x20.6 in,no size table or width dimension read; drawn at page scale (1 pt = 0.1 in),Original PDFs/shsd-2012-section11.pdf#page=140
RS-097,,Symbols and Arrows,SIGN_RS-097.svg,15.9x14.3 in,no size table or width dimension read; drawn at page scale (1 pt = 0.1 in),Original PDFs/shsd-2012-section11.pdf#page=140
RS-097,,Symbols and Arrows,SIGN_VAR2_RS-097.svg,16.7x25.7 in,no size table or width dimension read; drawn at page scale (1 pt = 0.1 in),Original PDFs/shsd-2012-section11.pdf#page=140
RS-099,,Symbols and Arrows,SIGN_RS-099.svg,25.6x24.1 in,no size table or width dimension read; drawn at page scale (1 pt = 0.1 in),Original PDFs/shsd-2012-section11.pdf#page=141
RS-101,,Symbols and Arrows,SIGN_RS-101.svg,9.1x16.5 in,no size table or width dimension read; drawn at page scale (1 pt = 0.1 in),Original PDFs/shsd-2012-section11.pdf#page=141
RS-101,,Symbols and Arrows,SIGN_VAR2_RS-101.svg,9.7x28.5 in,no size table or width dimension read; drawn at page scale (1 pt = 0.1 in),Original PDFs/shsd-2012-section11.pdf#page=141
RS-103,,Symbols and Arrows,SIGN_RS-103.svg,47.3x26.6 in,no size table or width dimension read; drawn at page scale (1 pt = 0.1 in),Original PDFs/shsd-2012-section11.pdf#page=142
RS-102,,Symbols and Arrows,SIGN_RS-102.svg,15.7x2.9 in,no size table or width dimension read; drawn at page scale (1 pt = 0.1 in),Original PDFs/shsd-2012-section11.pdf#page=142
RS-102,,Symbols and Arrows,SIGN_VAR2_RS-102.svg,13.5x26.8 in,no size table or width dimension read; drawn at page scale (1 pt = 0.1 in),Original PDFs/shsd-2012-section11.pdf#page=142
RS-102,,Symbols and Arrows,SIGN_VAR3_RS-102.svg,16.4x2.6 in,no size table or width dimension read; drawn at page scale (1 pt = 0.1 in),Original PDFs/shsd-2012-section11.pdf#page=142
RS-102,,Symbols and Arrows,SIGN_VAR4_RS-102.svg,15.7x2.9 in,no size table or width dimension read; drawn at page scale (1 pt = 0.1 in),Original PDFs/shsd-2012-section11.pdf#page=142
RS-104,Site,Symbols and Arrows,SITE_RS-104.svg,42.1x14.3 in,no size table or width dimension read; drawn at page scale (1 pt = 0.1 in); 2 smaller detail drawing(s) beside it on the sheet not extracted,Original PDFs/shsd-2012-section11.pdf#page=143
RS-104,Site,Symbols and Arrows,SITE_VAR2_RS-104.svg,32.2x13.9 in,no size table or width dimension read; drawn at page scale (1 pt = 0.1 in); 2 smaller detail drawing(s) beside it on the sheet not extracted,Original PDFs/shsd-2012-section11.pdf#page=143
RS-105,,Symbols and Arrows,SIGN_RS-105.svg,22.5x9.6 in,no size table or width dimension read; drawn at page scale (1 pt = 0.1 in); 2 smaller detail drawing(s) beside it on the sheet not extracted,Original PDFs/shsd-2012-section11.pdf#page=143
RS-106,,Symbols and Arrows,SIGN_RS-106.svg,28.4x27.1 in,no size table or width dimension read; drawn at page scale (1 pt = 0.1 in),Original PDFs/shsd-2012-section11.pdf#page=144
RS-107,,Symbols and Arrows,SIGN_RS-107.svg,31.2x3.7 in,no size table or width dimension read; drawn at page scale (1 pt = 0.1 in),Original PDFs/shsd-2012-section11.pdf#page=144
RS-107,,Symbols and Arrows,SIGN_VAR2_RS-107.svg,24.2x27.3 in,no size table or width dimension read; drawn at page scale (1 pt = 0.1 in),Original PDFs/shsd-2012-section11.pdf#page=144
RS-108,,Symbols and Arrows,SIGN_RS-108.svg,25.4x3.0 in,no size table or width dimension read; drawn at page scale (1 pt = 0.1 in); 1 smaller detail drawing(s) beside it on the sheet not extracted,Original PDFs/shsd-2012-section11.pdf#page=145
RS-108,,Symbols and Arrows,SIGN_VAR2_RS-108.svg,17.8x21.7 in,no size table or width dimension read; drawn at page scale (1 pt = 0.1 in); 1 smaller detail drawing(s) beside it on the sheet not extracted,Original PDFs/shsd-2012-section11.pdf#page=145
RS-109,,Symbols and Arrows,SIGN_RS-109.svg,7.8x13.0 in,no size table or width dimension read; drawn at page scale (1 pt = 0.1 in); 5 smaller detail drawing(s) beside it on the sheet not extracted,Original PDFs/shsd-2012-section11.pdf#page=145
RS-109,,Symbols and Arrows,SIGN_VAR2_RS-109.svg,29.8x11.7 in,no size table or width dimension read; drawn at page scale (1 pt = 0.1 in); 5 smaller detail drawing(s) beside it on the sheet not extracted,Original PDFs/shsd-2012-section11.pdf#page=145
RS-111,,Symbols and Arrows,SIGN_RS-111.svg,28.2x27.0 in,no size table or width dimension read; drawn at page scale (1 pt = 0.1 in); 1 smaller detail drawing(s) beside it on the sheet not extracted,Original PDFs/shsd-2012-section11.pdf#page=146
RS-112,,Symbols and Arrows,SIGN_RS-112.svg,20.4x23.7 in,no size table or width dimension read; drawn at page scale (1 pt = 0.1 in); 1 smaller detail drawing(s) beside it on the sheet not extracted,Original PDFs/shsd-2012-section11.pdf#page=146
RS-112,,Symbols and Arrows,SIGN_VAR2_RS-112.svg,14.2x14.8 in,no size table or width dimension read; drawn at page scale (1 pt = 0.1 in); 1 smaller detail drawing(s) beside it on the sheet not extracted,Original PDFs/shsd-2012-section11.pdf#page=146
RS-114,,Symbols and Arrows,SIGN_RS-114.svg,8.2x8.2 in,no size table or width dimension read; drawn at page scale (1 pt = 0.1 in); 1 smaller detail drawing(s) beside it on the sheet not extracted,Original PDFs/shsd-2012-section11.pdf#page=147
RS-114,,Symbols and Arrows,SIGN_VAR2_RS-114.svg,24.2x17.3 in,no size table or width dimension read; drawn at page scale (1 pt = 0.1 in); 1 smaller detail drawing(s) beside it on the sheet not extracted,Original PDFs/shsd-2012-section11.pdf#page=147
RS-113,,Symbols and Arrows,SIGN_RS-113.svg,15.2x12.7 in,no size table or width dimension read; drawn at page scale (1 pt = 0.1 in),Original PDFs/shsd-2012-section11.pdf#page=147
RS-115,,Symbols and Arrows,SIGN_RS-115.svg,36.9x4.4 in,no size table or width dimension read; drawn at page scale (1 pt = 0.1 in),Original PDFs/shsd-2012-section11.pdf#page=148
RS-115,,Symbols and Arrows,SIGN_VAR2_RS-115.svg,40.0x21.0 in,no size table or width dimension read; drawn at page scale (1 pt = 0.1 in),Original PDFs/shsd-2012-section11.pdf#page=148
RS-116,,Symbols and Arrows,SIGN_RS-116.svg,16.2x28.2 in,no size table or width dimension read; drawn at page scale (1 pt = 0.1 in),Original PDFs/shsd-2012-section11.pdf#page=148
RS-118,,Symbols and Arrows,SIGN_RS-118.svg,30.5x12.0 in,no size table or width dimension read; drawn at page scale (1 pt = 0.1 in),Original PDFs/shsd-2012-section11.pdf#page=149
RS-118,,Symbols and Arrows,SIGN_VAR2_RS-118.svg,30.6x19.2 in,no size table or width dimension read; drawn at page scale (1 pt = 0.1 in),Original PDFs/shsd-2012-section11.pdf#page=149
RS-117,Small Boat Launch,Symbols and Arrows,SMALL_BOAT_LAUNCH_RS-117.svg,31.1x3.7 in,no size table or width dimension read; drawn at page scale (1 pt = 0.1 in); 1 smaller detail drawing(s) beside it on the sheet not extracted,Original PDFs/shsd-2012-section11.pdf#page=149
RS-117,Small Boat Launch,Symbols and Arrows,SMALL_BOAT_LAUNCH_VAR2_RS-117.svg,18.7x7.1 in,no size table or width dimension read; drawn at page scale (1 pt = 0.1 in); 1 smaller detail drawing(s) beside it on the sheet not extracted,Original PDFs/shsd-2012-section11.pdf#page=149
RS-117,Small Boat Launch,Symbols and Arrows,SMALL_BOAT_LAUNCH_VAR3_RS-117.svg,18.9x9.9 in,no size table or width dimension read; drawn at page scale (1 pt = 0.1 in); 1 smaller detail drawing(s) beside it on the sheet not extracted,Original PDFs/shsd-2012-section11.pdf#page=149
RS-117,Small Boat Launch,Symbols and Arrows,SMALL_BOAT_LAUNCH_VAR4_RS-117.svg,19.4x10.5 in,no size table or width dimension read; drawn at page scale (1 pt = 0.1 in); 1 smaller detail drawing(s) beside it on the sheet not extracted,Original PDFs/shsd-2012-section11.pdf#page=149
RS-119,,Symbols and Arrows,SIGN_RS-119.svg,25.4x3.0 in,no size table or width dimension read; drawn at page scale (1 pt = 0.1 in),Original PDFs/shsd-2012-section11.pdf#page=150
RS-119,,Symbols and Arrows,SIGN_VAR2_RS-119.svg,24.0x21.7 in,no size table or width dimension read; drawn at page scale (1 pt = 0.1 in),Original PDFs/shsd-2012-section11.pdf#page=150
RS-120,,Symbols and Arrows,SIGN_RS-120.svg,18.0x24.4 in,no size table or width dimension read; drawn at page scale (1 pt = 0.1 in); 1 smaller detail drawing(s) beside it on the sheet not extracted,Original PDFs/shsd-2012-section11.pdf#page=150
RS-120,,Symbols and Arrows,SIGN_VAR2_RS-120.svg,13.0x13.9 in,no size table or width dimension read; drawn at page scale (1 pt = 0.1 in); 1 smaller detail drawing(s) beside it on the sheet not extracted,Original PDFs/shsd-2012-section11.pdf#page=150
RS-121,Watercraft,Symbols and Arrows,WATERCRAFT_RS-121.svg,28.0x3.4 in,no size table or width dimension read; drawn at page scale (1 pt = 0.1 in),Original PDFs/shsd-2012-section11.pdf#page=151
RS-121,Watercraft,Symbols and Arrows,WATERCRAFT_VAR2_RS-121.svg,28.1x15.1 in,no size table or width dimension read; drawn at page scale (1 pt = 0.1 in),Original PDFs/shsd-2012-section11.pdf#page=151
RS-122,,Symbols and Arrows,SIGN_RS-122.svg,13.1x18.1 in,no size table or width dimension read; drawn at page scale (1 pt = 0.1 in),Original PDFs/shsd-2012-section11.pdf#page=151
RS-123,,Symbols and Arrows,SIGN_RS-123.svg,29.2x3.3 in,no size table or width dimension read; drawn at page scale (1 pt = 0.1 in); 1 smaller detail drawing(s) beside it on the sheet not extracted,Original PDFs/shsd-2012-section11.pdf#page=152
RS-124,,Symbols and Arrows,SIGN_RS-124.svg,12.8x21.3 in,no size table or width dimension read; drawn at page scale (1 pt = 0.1 in); 1 smaller detail drawing(s) beside it on the sheet not extracted,Original PDFs/shsd-2012-section11.pdf#page=152
RS-126,,Symbols and Arrows,SIGN_RS-126.svg,45.5x29.9 in,no size table or width dimension read; drawn at page scale (1 pt = 0.1 in),Original PDFs/shsd-2012-section11.pdf#page=153
RS-125,,Symbols and Arrows,SIGN_RS-125.svg,25.4x22.0 in,no size table or width dimension read; drawn at page scale (1 pt = 0.1 in),Original PDFs/shsd-2012-section11.pdf#page=153
RS-127,,Symbols and Arrows,SIGN_RS-127.svg,26.0x11.1 in,no size table or width dimension read; drawn at page scale (1 pt = 0.1 in),Original PDFs/shsd-2012-section11.pdf#page=154
RS-127,,Symbols and Arrows,SIGN_VAR2_RS-127.svg,23.2x24.8 in,no size table or width dimension read; drawn at page scale (1 pt = 0.1 in),Original PDFs/shsd-2012-section11.pdf#page=154
RS-128,,Symbols and Arrows,SIGN_RS-128.svg,16.3x29.7 in,no size table or width dimension read; drawn at page scale (1 pt = 0.1 in),Original PDFs/shsd-2012-section11.pdf#page=154
RS-129,,Symbols and Arrows,SIGN_RS-129.svg,29.7x24.7 in,no size table or width dimension read; drawn at page scale (1 pt = 0.1 in),Original PDFs/shsd-2012-section11.pdf#page=155
RS-137,,Symbols and Arrows,SIGN_RS-137.svg,13.6x24.5 in,no size table or width dimension read; drawn at page scale (1 pt = 0.1 in); 1 smaller detail drawing(s) beside it on the sheet not extracted,Original PDFs/shsd-2012-section11.pdf#page=155
RS-140,,Symbols and Arrows,SIGN_RS-140.svg,48.1x14.6 in,no size table or width dimension read; drawn at page scale (1 pt = 0.1 in); 2 smaller detail drawing(s) beside it on the sheet not extracted,Original PDFs/shsd-2012-section11.pdf#page=156
RS-138,,Symbols and Arrows,SIGN_RS-138.svg,8.4x7.1 in,no size table or width dimension read; drawn at page scale (1 pt = 0.1 in),Original PDFs/shsd-2012-section11.pdf#page=156
RS-138,,Symbols and Arrows,SIGN_VAR2_RS-138.svg,16.5x15.1 in,no size table or width dimension read; drawn at page scale (1 pt = 0.1 in),Original PDFs/shsd-2012-section11.pdf#page=156
RS-142,,Symbols and Arrows,SIGN_RS-142.svg,34.1x28.3 in,no size table or width dimension read; drawn at page scale (1 pt = 0.1 in),Original PDFs/shsd-2012-section11.pdf#page=157
RS-141,,Symbols and Arrows,SIGN_RS-141.svg,15.0x18.4 in,no size table or width dimension read; drawn at page scale (1 pt = 0.1 in); 2 smaller detail drawing(s) beside it on the sheet not extracted,Original PDFs/shsd-2012-section11.pdf#page=157
RS-141,,Symbols and Arrows,SIGN_VAR2_RS-141.svg,26.7x12.3 in,no size table or width dimension read; drawn at page scale (1 pt = 0.1 in); 2 smaller detail drawing(s) beside it on the sheet not extracted,Original PDFs/shsd-2012-section11.pdf#page=157
RS-144,,Symbols and Arrows,SIGN_RS-144.svg,35.5x23.5 in,no size table or width dimension read; drawn at page scale (1 pt = 0.1 in); 1 smaller detail drawing(s) beside it on the sheet not extracted,Original PDFs/shsd-2012-section11.pdf#page=158
RS-143,,Symbols and Arrows,SIGN_RS-143.svg,44.1x13.8 in,no size table or width dimension read; drawn at page scale (1 pt = 0.1 in); 1 smaller detail drawing(s) beside it on the sheet not extracted,Original PDFs/shsd-2012-section11.pdf#page=158
RS-145,,Symbols and Arrows,SIGN_RS-145.svg,31.9x3.0 in,no size table or width dimension read; drawn at page scale (1 pt = 0.1 in),Original PDFs/shsd-2012-section11.pdf#page=159
RS-145,,Symbols and Arrows,SIGN_VAR2_RS-145.svg,25.4x22.4 in,no size table or width dimension read; drawn at page scale (1 pt = 0.1 in),Original PDFs/shsd-2012-section11.pdf#page=159
RS-146,,Symbols and Arrows,SIGN_RS-146.svg,36.7x11.3 in,no size table or width dimension read; drawn at page scale (1 pt = 0.1 in),Original PDFs/shsd-2012-section11.pdf#page=159
RS-146,,Symbols and Arrows,SIGN_VAR2_RS-146.svg,36.0x11.6 in,no size table or width dimension read; drawn at page scale (1 pt = 0.1 in),Original PDFs/shsd-2012-section11.pdf#page=159
RS-147,,Symbols and Arrows,SIGN_RS-147.svg,12.7x27.0 in,no size table or width dimension read; drawn at page scale (1 pt = 0.1 in),Original PDFs/shsd-2012-section11.pdf#page=160
D9-3,GUIDE SIGN,Guide Signs,,,same code as the base pack: use Federal (MUTCD 2023)/SVGs/CAMPING_D9-3.svg (was: no size table or width dimension read; drawn at page scale (1 pt = 0.1 in)),Original PDFs/shsd-2012-section11.pdf#page=160
RS-148,,Symbols and Arrows,SIGN_RS-148.svg,13.4x14.7 in,no size table or width dimension read; drawn at page scale (1 pt = 0.1 in),Original PDFs/shsd-2012-section11.pdf#page=160
RS-148,,Symbols and Arrows,SIGN_VAR2_RS-148.svg,15.4x15.2 in,no size table or width dimension read; drawn at page scale (1 pt = 0.1 in),Original PDFs/shsd-2012-section11.pdf#page=160
RS-149,,Symbols and Arrows,SIGN_RS-149.svg,32.3x18.0 in,no size table or width dimension read; drawn at page scale (1 pt = 0.1 in),Original PDFs/shsd-2012-section11.pdf#page=161
RS-149,,Symbols and Arrows,SIGN_VAR2_RS-149.svg,21.2x15.1 in,no size table or width dimension read; drawn at page scale (1 pt = 0.1 in),Original PDFs/shsd-2012-section11.pdf#page=161
RS-150,,Symbols and Arrows,SIGN_RS-150.svg,9.5x8.0 in,no size table or width dimension read; drawn at page scale (1 pt = 0.1 in),Original PDFs/shsd-2012-section11.pdf#page=161
RS-150,,Symbols and Arrows,SIGN_VAR2_RS-150.svg,8.3x18.0 in,no size table or width dimension read; drawn at page scale (1 pt = 0.1 in),Original PDFs/shsd-2012-section11.pdf#page=161
RS-300T,MOTORCYCLIST,Symbols and Arrows,MOTORCYCLIST_RS-300T.svg,33.2x22.1 in,no size table or width dimension read; drawn at page scale (1 pt = 0.1 in),Original PDFs/shsd-2012-section11.pdf#page=162
RS-200,RECYCLING,Symbols and Arrows,RECYCLING_RS-200.svg,13.7x14.7 in,no size table or width dimension read; drawn at page scale (1 pt = 0.1 in),Original PDFs/shsd-2012-section11.pdf#page=162
RS-200,RECYCLING,Symbols and Arrows,RECYCLING_VAR2_RS-200.svg,10.9x6.8 in,no size table or width dimension read; drawn at page scale (1 pt = 0.1 in),Original PDFs/shsd-2012-section11.pdf#page=162
RS-200,RECYCLING,Symbols and Arrows,RECYCLING_VAR3_RS-200.svg,12.7x13.6 in,no size table or width dimension read; drawn at page scale (1 pt = 0.1 in),Original PDFs/shsd-2012-section11.pdf#page=162
RS-200,RECYCLING,Symbols and Arrows,RECYCLING_VAR4_RS-200.svg,10.3x11.9 in,no size table or width dimension read; drawn at page scale (1 pt = 0.1 in),Original PDFs/shsd-2012-section11.pdf#page=162
RS-200,RECYCLING,Symbols and Arrows,RECYCLING_VAR5_RS-200.svg,14.2x10.1 in,no size table or width dimension read; drawn at page scale (1 pt = 0.1 in),Original PDFs/shsd-2012-section11.pdf#page=162
RS-200,RECYCLING,Symbols and Arrows,RECYCLING_VAR6_RS-200.svg,10.5x11.0 in,no size table or width dimension read; drawn at page scale (1 pt = 0.1 in),Original PDFs/shsd-2012-section11.pdf#page=162
