code,name,family,file,size,register_dimensions,notes
RP6V,"""Stop On Red Signal"" variable",Regulatory Signs,STOP_ON_RED_SIGNAL_VARIABLE_RP6V.svg,1200x1000 mm,a : 1200 b : 1000 c : 30 d : 100 Text : 200D,
RL3V,"Arrow variable S, L or R and X",Regulatory Signs,ARROW_VARIABLE_S_L_OR_R_AND_X_RL3V.svg,202x202 mm,a : 265 b : 40 c : 265 d : 40,drawn width 202 mm vs register 265 mm — check; drawn at 2 sizes on the sheet; register size kept
RL3V,"Arrow variable S, L or R and X",Regulatory Signs,ARROW_VARIABLE_S_L_OR_R_AND_X_GREEN_RL3V.svg,120x265 mm,a : 265 b : 40 c : 265 d : 40,
RJ53,Axle limit,Regulatory Signs,AXLE_LIMIT_RJ53.svg,1000x750 mm,a : 1000 b : 750 r : 60 c : 10 d : 25 e : 75 1st line : 100B 2nd line : 100C 3rd line : Numerals 150C 3rd line : kg Transport D Med x = 75,
RPB,Barrier arm (used in conjunction with RPX1 assembly),Regulatory Signs,BARRIER_ARM_USED_IN_CONJUNCTION_WITH_RPX1_ASSEMBLY_RPB.svg,2120x50 mm,a : Width varied to suit roadway being controlled b : 50 FRONT alternating vertical bands c : red 280 wide d : white 180 wide REVERSE at least 3 rectangles equally spaced across arm e : 280 wide # : spacing equal between red rectangles,
RPB,Barrier arm (used in conjunction with RPX1 assembly),Regulatory Signs,BARRIER_ARM_USED_IN_CONJUNCTION_WITH_RPX1_ASSEMBLY_WHITE_RPB.svg,2120x50 mm,a : Width varied to suit roadway being controlled b : 50 FRONT alternating vertical bands c : red 280 wide d : white 180 wide REVERSE at least 3 rectangles equally spaced across arm e : 280 wide # : spacing equal between red rectangles,
RS63,Beach 60km / 30km,Regulatory Signs,BEACH_60KM_30KM_RS63.svg,824x1690 mm,a: 800 b: 1620 c: 1350 d: 250 e: 730 f: 600 g: 540 h: 400 i: 242 j: 137 k: 180 l: 212 m: 100 n: 45 o: 20 p: 10 q: 50 r: 80 r2: 50 s: 30 t: 75 Text: Series D 100 Numerals: 60 200 Numerals: 30 135,2 stroked path(s) ignored
RLB3,"Bus lane, single peak period",Regulatory Signs,BUS_LANE_SINGLE_PEAK_PERIOD_RLB3.svg,600x600 mm,a : 600 b : 600 r : 60 c : 10 d : 15 Symbol w x h 465x160 e : 32 Type LINE 1 120D Type HOURS 80E Type MINS 40E Type AM PM 30E Type DAYS 40E,
RLB4,"Bus lane, two periods same days",Regulatory Signs,BUS_LANE_TWO_PERIODS_SAME_DAYS_RLB4.svg,600x750 mm,a : 600 b : 750 r : 60 c : 10 d : 15 Symbol w x h 465x160 e : 30 Type LINE 1 120D Type HOURS 80E Type MINS 40E Type AM PM 30E Type DAYS 40E,1 stroked path(s) ignored
RJI1,Class I until `Date`,Regulatory Signs,CLASS_I_UNTIL_DATE_RJI1.svg,275x512 mm,a : 275 b : 512 c : 25 Symbol CLASS 1 diameter 250 TYPE 50A,
RL3L,Diagonal arrow left (generally lit),Regulatory Signs,DIAGONAL_ARROW_LEFT_GENERALLY_LIT_RL3L.svg,300x300 mm,a : 300 b : 300 c : 265 d : 40,
RL3R,Diagonal arrow right (generally lit),Regulatory Signs,DIAGONAL_ARROW_RIGHT_GENERALLY_LIT_RL3R.svg,300x300 mm,a : 300 b : 300 c : 265 d : 40,
RL3N,Diagonal cross (generally lit),Regulatory Signs,DIAGONAL_CROSS_GENERALLY_LIT_RL3N.svg,300x300 mm,a : 300 b : 300 c : 265 d : 40,
RL3S,Downward facing arrow (generally lit),Regulatory Signs,DOWNWARD_FACING_ARROW_GENERALLY_LIT_RL3S.svg,300x300 mm,a : 300 b : 300 c : 265 d : 40,
RL52,Emergency Stopping Lane - specified time,Regulatory Signs,EMERGENCY_STOPPING_LANE_SPECIFIED_TIME_RL52.svg,1500x1100 mm,a : 1500 b : 1100 r : 80 c : 10 d : 30 Legend : 160D Legend : minutes am/pm 80D e : 70,
RB1,General regulatory,Regulatory Signs,GENERAL_REGULATORY_RB1.svg,600x600 mm,a : 600 b : 600 r : 60 c : 10 d : 15 e : 50 Type : 100C,
RB2,General regulatory – variable [messages subject to RCA protocol],Regulatory Signs,GENERAL_REGULATORY_VARIABLE_MESSAGES_SUBJECT_TO_RCA_PROTOCOL_RB2.svg,1930x1070 mm,a : To suit message requirements 1930 b : To suit message requirements 1070 c : 25 d : 100 Type : 200D,
RG51,General supplementary days `Mon-Fri`,Regulatory Signs,GENERAL_SUPPLEMENTARY_DAYS_MON_FRI_RG51.svg,400x200 mm,a : 400 b : 200 r : 50 c : 15 d : 10 Legend : NZ Transport medium `x` height 40 mm,
RP2F,Give Way (RP2 or RP21) fluorescent backing board,Regulatory Signs,GIVE_WAY_RP2_OR_RP21_FLUORESCENT_BACKING_BOARD_RP2F.svg,1261x1075 mm,a : 1260 b : 1075 r : 100 c : 355 d : 150 e : 10 f : 65 g : 865,
RP74,Give Way - supplementary - left turning traffic,Regulatory Signs,GIVE_WAY_SUPPLEMENTARY_LEFT_TURNING_TRAFFIC_RP74.svg,900x800 mm,a 900 b 800 r 60 c 75 d 20 e 10 Legend 150C,
none,Give-way roundabout,Regulatory Signs,GIVE_WAY_ROUNDABOUT_none.svg,1200x1200 mm,"a 1200 b : Legend R2-3 sign 65 c : Legend arrows SHAFT 37 Legend ""GIVE WAY"" 150B",
RS52.1,Green Threshold option A rural/urban,Regulatory Signs,GREEN_THRESHOLD_OPTION_A_RURAL_URBAN_RS52.1.svg,1800x2550 mm,a: 1800 b: 2550 r: 150 c: 1200 d: 150 e: 100 f: 210 g: 40 h: 40 WELCOME TO 100D LOCALITY 160 E Mod,1 stroked path(s) ignored
RJH1,"Heavy vehicle bridge limit, 1 panel",Regulatory Signs,HEAVY_VEHICLE_BRIDGE_LIMIT_1_PANEL_RJH1.svg,900x600 mm,a : 900 b : 600 r : 60 c : 10 d : 25 e : 50 Type LINE 1 & 2 100B Type LINE 3 75D Type LINE 3 'kg' Transport D Med 100 (x height = 50),
RJH2,"Heavy vehicle bridge limit, 2 panels",Regulatory Signs,HEAVY_VEHICLE_BRIDGE_LIMIT_2_PANELS_RJH2.svg,900x750 mm,a : 900 b : 750 r : 60 c : 10 d : 25 e : 50 OPTION 1 Type LINE 1 & 2 100B Type LINE 3 75D Type LINE 3 'kg' Transport D Med 100 (x height = 50) Type LINE 4 'GROSS' 70D Type LINE 4 '70 OF CLASS 1' 70B Type LINE 4 '%' Transport D Med 70 (x height = 35) OPTION 2 Type LINE 1 & 2 100B Type LINE 3 75D Type LINE 3 'kg' Transport D Med 100 (x height = 50) Type LINE 4 'GROSS 4600' 75D Type LINE 4 'KG' Trans,
RJH2,"Heavy vehicle bridge limit, 2 panels",Regulatory Signs,HEAVY_VEHICLE_BRIDGE_LIMIT_2_PANELS_VAR2_RJH2.svg,900x750 mm,a : 900 b : 750 r : 60 c : 10 d : 25 e : 50 OPTION 1 Type LINE 1 & 2 100B Type LINE 3 75D Type LINE 3 'kg' Transport D Med 100 (x height = 50) Type LINE 4 'GROSS' 70D Type LINE 4 '70 OF CLASS 1' 70B Type LINE 4 '%' Transport D Med 70 (x height = 35) OPTION 2 Type LINE 1 & 2 100B Type LINE 3 75D Type LINE 3 'kg' Transport D Med 100 (x height = 50) Type LINE 4 'GROSS 4600' 75D Type LINE 4 'KG' Trans,
RJH3,"Heavy vehicle bridge limit, 3 panels",Regulatory Signs,HEAVY_VEHICLE_BRIDGE_LIMIT_3_PANELS_RJH3.svg,900x900 mm,a : 900 b : 900 r : 60 c : 10 d : 25 e : 50 Type LINE 1 & 2 100B Type LINE 3 75D Type LINE 3 'kg' Transport D Med 100 (x height = 50) Type LINE 4 'GROSS' 70D Type LINE 4 '70 OF CLASS 1' 70B Type LINE 4 '%' Transport D Med 70 (x height = 35) Type LINE 5 'SPEED 70' 75D Type LINE 5 'km/h' Transport D Med 100 (x height = 50),
RJH4,"Heavy vehicle bridge limit, axle sets",Regulatory Signs,HEAVY_VEHICLE_BRIDGE_LIMIT_AXLE_SETS_RJH4.svg,1200x1050 mm,a: 1200 b: 1050 r: 80 c: 10 d: 25 e: 50 f: 100 Type LINE 1 and 2: 100B Type LINE 3: 75D Type LINE 3 'T': Transport Med (x height = 50),
RJH7,"Heavy vehicle bridge limit, combined limit restriction horizontal Option B",Regulatory Signs,HEAVY_VEHICLE_BRIDGE_LIMIT_COMBINED_LIMIT_RESTRICTION_HORIZONTAL_OPTION_B_RJH7.svg,3044x1470 mm,"a: 2800 b: 1300 r: 100 c: 10 d: 25 e: 50 f: 100 Type LINE 1 100B Type LINE 2, 3 and 8 75D Type LINE 4 to 7, 2 columns [number of axles and gross weight] 75D Type LINE 4 to 8 'T' or ‘km/h’ Transport Med (x height = 50)",drawn width 3044 mm vs register 2800 mm — check; 1 stroked path(s) ignored
RJH6,"Heavy vehicle bridge limit, combined limit restriction, vertical Option A",Regulatory Signs,HEAVY_VEHICLE_BRIDGE_LIMIT_COMBINED_LIMIT_RESTRICTION_VERTICAL_OPTION_A_RJH6.svg,1798x2013 mm,"a: 1650 b: 1950 r: 100 c: 10 d: 25 e: 50 f: 100 Type LINE 1 100B Type LINE 2, 7, 8 and 13 75D Type LINE 3 to 6 and 9 to 12, 2 columns [number of axles and gross weight] 75D Type LINE 3 to 6 and 9 to 12 'T' including LINE 13 'km/h' Transport Med (x height = 50)",drawn width 1798 mm vs register 1650 mm — check; 1 stroked path(s) ignored
RJH5,"Heavy vehicle bridge limit, number of axles and gross weight",Regulatory Signs,HEAVY_VEHICLE_BRIDGE_LIMIT_NUMBER_OF_AXLES_AND_GROSS_WEIGHT_RJH5.svg,1650x1200 mm,a: 1650 b: 1200 height to fit text r: 100 c: 10 d: 25 e: 50 f: 470 Type LINE 1 and 2 100B Type LINE 3 75D Type LINE 4 to 7 ‘ 2 columns [number of axles and gross weight]' 75D Type LINE 4 to 7 'T' Transport Med 100 (x height = 50),1 stroked path(s) ignored
RLC1,Heavy vehicle lane [truck symbol],Regulatory Signs,HEAVY_VEHICLE_LANE_TRUCK_SYMBOL_RLC1.svg,600x600 mm,a : 600 b : 600 r : 60 c : 10 d : 15 Type 120D e : 90 symbol truck wxh 320 x 160,
RS54,Motorway begins threshold,Regulatory Signs,MOTORWAY_BEGINS_THRESHOLD_RS54.svg,1200x1600 mm,a : 1200 b : 1600 r : 110 c : 600 d : 100 e : 20 f : 60 g : 310 Symbols R5-2 No pedestrians and R5-1 No cycling TEXT 120C,
RS53,Motorway ends threshold,Regulatory Signs,MOTORWAY_ENDS_THRESHOLD_RS53.svg,900x1200 mm,a : 900 b : 1200 r : 80 c : 600 d : 100 e : 20 f : 60 TEXT 120C,
RS56,Motorway or Expressway Threshold,Regulatory Signs,MOTORWAY_OR_EXPRESSWAY_THRESHOLD_RS56.svg,2123x2825 mm,"a 900 mm 1200 mm 1500 mm 1800 mm b 1200 mm 1500 mm 1800 mm 2400 mm c 25 mm 30 mm 40 mm 50 mm r 80 mm 100 mm 120 mm 150 mm d 600 mm 750 mm 900 mm 1200 mm e 20 mm 25 mm 30 mm 40 mm Speed limit sign details As for RS1, RS2 or RS4 signs As for RS1, RS2 or RS4 signs As for RS1, RS2 or RS4 signs As for RS1, RS2 or RS4 signs “Waikato” 120 mm series D 150 mm series D 180 mm series D 240 mm series D “Expre",drawn width 2123 mm vs register 900/1200/1500/1800 mm — check; 1 stroked path(s) ignored
RS56,Motorway or Expressway Threshold,Regulatory Signs,MOTORWAY_OR_EXPRESSWAY_THRESHOLD_VAR2_RS56.svg,1808x2098 mm,"a 900 mm 1200 mm 1500 mm 1800 mm b 1200 mm 1500 mm 1800 mm 2400 mm c 25 mm 30 mm 40 mm 50 mm r 80 mm 100 mm 120 mm 150 mm d 600 mm 750 mm 900 mm 1200 mm e 20 mm 25 mm 30 mm 40 mm Speed limit sign details As for RS1, RS2 or RS4 signs As for RS1, RS2 or RS4 signs As for RS1, RS2 or RS4 signs As for RS1, RS2 or RS4 signs “Waikato” 120 mm series D 150 mm series D 180 mm series D 240 mm series D “Expre",1 stroked path(s) ignored
RS56,Motorway or Expressway Threshold,Regulatory Signs,MOTORWAY_OR_EXPRESSWAY_THRESHOLD_VAR3_RS56.svg,1476x1883 mm,"a 900 mm 1200 mm 1500 mm 1800 mm b 1200 mm 1500 mm 1800 mm 2400 mm c 25 mm 30 mm 40 mm 50 mm r 80 mm 100 mm 120 mm 150 mm d 600 mm 750 mm 900 mm 1200 mm e 20 mm 25 mm 30 mm 40 mm Speed limit sign details As for RS1, RS2 or RS4 signs As for RS1, RS2 or RS4 signs As for RS1, RS2 or RS4 signs As for RS1, RS2 or RS4 signs “Waikato” 120 mm series D 150 mm series D 180 mm series D 240 mm series D “Expre",1 stroked path(s) ignored
RJ72,No campervan waste,Regulatory Signs,NO_CAMPERVAN_WASTE_RJ72.svg,600x600 mm,a : 400 600 b : 50 75 c : 35 50 Campervan Waste Symbol w x h 200 x 200 300 x 300,
RJ71,No camping,Regulatory Signs,NO_CAMPING_RJ71.svg,600x800 mm,a : 600 b : 800 r : 60 c : 10 d : 30 e : 20 f : 40 g : circle diamteter 400 h : circle border 50 I : diagonal bar on circle 35 Type Transport D Medium x = 50 Camping & Campervan Symbol w x h 240 x 300,
RJ81,No cruising zone,Regulatory Signs,NO_CRUISING_ZONE_RJ81.svg,600x600 mm,a : 600 b : 600 r : 60 c : 10 d : 15 e : 50 Type : 100C,
RJ82,No cruising zone begins,Regulatory Signs,NO_CRUISING_ZONE_BEGINS_RJ82.svg,600x700 mm,a : 600 b : 700 r : 60 c : 10 d : 15 e : 50 Type : 100C,
RJ85,No cruising zone begins with time period,Regulatory Signs,NO_CRUISING_ZONE_BEGINS_WITH_TIME_PERIOD_RJ85.svg,600x800 mm,a : 600 b : 800 r : 60 c : 10 d : 15 e : 50 Type : 100C Numerals (Time) : Transport D Medium x = 32.5,1 stroked path(s) ignored
RJ83,No cruising zone ends,Regulatory Signs,NO_CRUISING_ZONE_ENDS_RJ83.svg,600x700 mm,a : 600 b : 700 r : 60 c : 10 d : 15 e : 50 Type : 100C,
RJ86,No cruising zone ends with time period,Regulatory Signs,NO_CRUISING_ZONE_ENDS_WITH_TIME_PERIOD_RJ86.svg,600x800 mm,a : 600 b : 800 r : 60 c : 10 d : 15 e : 50 Type : 100C Numerals (Time) : Transport D Medium x = 32.5,
RJ84,No cruising zone with time period,Regulatory Signs,NO_CRUISING_ZONE_WITH_TIME_PERIOD_RJ84.svg,600x700 mm,a : 600 b : 700 r : 60 c : 10 d : 15 e : 50 Type : 100C Numerals (Time) : Transport D Medium x = 32.5,
RS63,Riverbed 60km / 30km,Regulatory Signs,RIVERBED_60KM_30KM_RS63.svg,824x1690 mm,a: 800 b: 1620 c: 1350 d: 250 e: 730 f: 600 g: 540 h: 400 i: 242 j: 137 k: 180 l: 212 m: 100 n: 45 o: 20 p: 10 q: 50 r: 80 r2: 50 s: 30 t: 75 Text: Series D 100 Numerals: 60 200 Numerals: 30 135,2 stroked path(s) ignored
RS55,Safer Speed Area Threshold,Regulatory Signs,SAFER_SPEED_AREA_THRESHOLD_RS55.svg,1200x1900 mm,"a 750 (approach speed < 60 km/h) 900 (approach speed 60 - 80 km/h) 1200 (approach speed > 80 km/h) b 1200 (approach speed < 60 km/h) 1500 (approach speed 60 - 80 km/h) 1900 (approach speed > 80 km/h) r 60 60 60 c 30 30 30 d 46 57 70 Legend 'R1-1' Diameter 600 (approach speed < 60 km/h) 750 (approach speed 60 - 80 km/h) 900 (approach speed > 80 km/h) Legend 'Safer Speed Area' 100/20 Upper case, 75/",
RS55,Safer Speed Area Threshold,Regulatory Signs,SAFER_SPEED_AREA_THRESHOLD_VAR2_RS55.svg,900x1500 mm,"a 750 (approach speed < 60 km/h) 900 (approach speed 60 - 80 km/h) 1200 (approach speed > 80 km/h) b 1200 (approach speed < 60 km/h) 1500 (approach speed 60 - 80 km/h) 1900 (approach speed > 80 km/h) r 60 60 60 c 30 30 30 d 46 57 70 Legend 'R1-1' Diameter 600 (approach speed < 60 km/h) 750 (approach speed 60 - 80 km/h) 900 (approach speed > 80 km/h) Legend 'Safer Speed Area' 100/20 Upper case, 75/",
RS55,Safer Speed Area Threshold,Regulatory Signs,SAFER_SPEED_AREA_THRESHOLD_VAR3_RS55.svg,750x1200 mm,"a 750 (approach speed < 60 km/h) 900 (approach speed 60 - 80 km/h) 1200 (approach speed > 80 km/h) b 1200 (approach speed < 60 km/h) 1500 (approach speed 60 - 80 km/h) 1900 (approach speed > 80 km/h) r 60 60 60 c 30 30 30 d 46 57 70 Legend 'R1-1' Diameter 600 (approach speed < 60 km/h) 750 (approach speed 60 - 80 km/h) 900 (approach speed > 80 km/h) Legend 'Safer Speed Area' 100/20 Upper case, 75/",
RL61,Signal bypass lane – do not stop for signals,Regulatory Signs,SIGNAL_BYPASS_LANE_DO_NOT_STOP_FOR_SIGNALS_RL61.svg,600x1300 mm,a : 600 b : 1300 r : 50 c : 10 d : 15 type TRANSIT LANE 80E with -80 tracking type DO NOT STOP FOR SIGNALS 80E with -80 tracking e : 70 f : 36 symbol T3 wxh 195 x 130 symbol car wxh 175 x 150 symbol truck wxh 320 x 160,
RL62,Signal bypass lane – signals do not apply,Regulatory Signs,SIGNAL_BYPASS_LANE_SIGNALS_DO_NOT_APPLY_RL62.svg,600x1300 mm,a : 600 b : 1300 r : 50 c : 10 d : 15 type 80E with -80 tracking e : 40 f : 80 symbol T3 wxh 195 x 130 symbol car wxh 175 x 150 symbol truck wxh 320 x 160 g : 135 h : 40 Arrow: Type E,
RS1C,Speed limit changeable – black figures on white (R) background,Regulatory Signs,SPEED_LIMIT_CHANGEABLE_BLACK_FIGURES_ON_WHITE_R_BACKGROUND_RS1C.svg,800x800 mm,a: 800 b: 800 r: c: 600 d: 90 e: 90 Numeral 200D,
RS1V,Speed limit variable – white or yellow figures on black background,Regulatory Signs,SPEED_LIMIT_VARIABLE_WHITE_OR_YELLOW_FIGURES_ON_BLACK_BACKGROUND_RS1V.svg,800x800 mm,a : 800 b : 800 c : 600 d : 90 e : 90 Numeral 200D,
RP62,Stop Here on Red Signal,Regulatory Signs,STOP_HERE_ON_RED_SIGNAL_RP62.svg,450x750 mm,a : 450 b : 750 r : 50 c : 10 d : 20 e : 50 Text Line 1 & 2 : 120C Text Line 3 & 4 : 100C,
none,"Supplementary - except ""class"" or ""description"" of vehicle",Regulatory Signs,SUPPLEMENTARY_EXCEPT_CLASS_OR_DESCRIPTION_OF_VEHICLE_none.svg,600x400 mm,a 600 b 400 r 50 c 10 d 20 e 50 Legend Type 100D,
RST3,Temporary speed limit for unsafe structure Option A,Regulatory Signs,TEMPORARY_SPEED_LIMIT_FOR_UNSAFE_STRUCTURE_OPTION_A_RST3.svg,798x794 mm,a: 750 b: 95 r: 50 c: 900 d: 450 e: 65 f: 25 Numerals: 900 mm roundel 300D Legend: 120D,
RST3,Temporary speed limit for unsafe structure Option A,Regulatory Signs,TEMPORARY_SPEED_LIMIT_FOR_UNSAFE_STRUCTURE_OPTION_A_BLACK_RST3.svg,999x504 mm,a: 750 b: 95 r: 50 c: 900 d: 450 e: 65 f: 25 Numerals: 900 mm roundel 300D Legend: 120D,1 stroked path(s) ignored
RST3B,Temporary speed limit for unsafe structure Option B,Regulatory Signs,TEMPORARY_SPEED_LIMIT_FOR_UNSAFE_STRUCTURE_OPTION_B_RST3B.svg,1200x1200 mm,a: 1200 b: 900 c: 95 d: 30 e: 10 f: 1200 g: 600 h: 65 i: 25 r: 50 r2: 60 Numerals: 900 mm roundel 300D Legend: 160D,1 stroked path(s) ignored
RST3B,Temporary speed limit for unsafe structure Option B,Regulatory Signs,TEMPORARY_SPEED_LIMIT_FOR_UNSAFE_STRUCTURE_OPTION_B_BLACK_RST3B.svg,1299x648 mm,a: 1200 b: 900 c: 95 d: 30 e: 10 f: 1200 g: 600 h: 65 i: 25 r: 50 r2: 60 Numerals: 900 mm roundel 300D Legend: 160D,1 stroked path(s) ignored
RLT1,Transit Lane - Single peak period,Regulatory Signs,TRANSIT_LANE_SINGLE_PEAK_PERIOD_RLT1.svg,600x700 mm,a : 600 b : 700 r : 60 c : 10 d : 15 e : 30 f : 40 Type TRANSIT LANE 80E Type HOURS 80E Type MINS 40E Type AM PM 30E Type DAYS 40E symbol T3 wxh 195 x 130 symbol car wxh 175 x 150,
RLT3,Transit Lane - two periods different days horizontal,Regulatory Signs,TRANSIT_LANE_TWO_PERIODS_DIFFERENT_DAYS_HORIZONTAL_RLT3.svg,900x800 mm,a : 900 b : 800 r : 60 c : 10 d : 15 e : 30 f : 60 Type TRANSIT LANE 80E symbol T3 wxh 195 x 130 symbol car wxh 175 x 150 Type HOURS 80E Type MINS 40E Type AM PM 30E Type DAYS 40E,
RLT4,Transit Lane - two periods different days vertical,Regulatory Signs,TRANSIT_LANE_TWO_PERIODS_DIFFERENT_DAYS_VERTICAL_RLT4.svg,600x900 mm,a : 600 b : 900 r : 60 c : 10 d : 15 e : 40 f : 20 g : 60 Type TRANSIT LANE 75E symbol T3 wxh 195 x 130 symbol car wxh 175 x 150 Type HOURS MINS 50e Type AM PM 30E Type DAYS 50E,
RLT2,Transit Lane - two periods same day,Regulatory Signs,TRANSIT_LANE_TWO_PERIODS_SAME_DAY_RLT2.svg,650x850 mm,a : 650 b : 850 r : 60 c : 10 d : 15 e : 30 f : 50 Type TRANSIT LANE 80E symbol T3 wxh 195 x 130 symbol car wxh 175 x 150 Type HOURS 80E Type MINS 40E Type AM PM 30E Type DAYS 40E,
RLT6,Transit plus one other class LANE (eg Transit + Heavy vehicles),Regulatory Signs,TRANSIT_PLUS_ONE_OTHER_CLASS_LANE_EG_TRANSIT_HEAVY_VEHICLES_RLT6.svg,600x899 mm,a : 600 b : 900 r : 60 c : 10 d : 15 e : 120 f : 60 Type 80E symbol T3 wxh 195 x 130 symbol car wxh 175 x 150 symbol truck wxh 320 x 160,
RD6T,Truck mounted attenuator display (diagonal lit arrow above RD6 disc),Regulatory Signs,TRUCK_MOUNTED_ATTENUATOR_DISPLAY_DIAGONAL_LIT_ARROW_ABOVE_RD6_DISC_RD6T.svg,3038x4155 mm,a : 2200 b : 3600 c : 500 d : 360 e : 150 f : 1500,drawn width 3038 mm vs register 2200 mm — check
RD6T,Truck mounted attenuator display (diagonal lit arrow above RD6 disc),Regulatory Signs,TRUCK_MOUNTED_ATTENUATOR_DISPLAY_DIAGONAL_LIT_ARROW_ABOVE_RD6_DISC_VAR2_RD6T.svg,2200x3600 mm,a : 2200 b : 3600 c : 500 d : 360 e : 150 f : 1500,
RD6T,Truck mounted attenuator display (diagonal lit arrow above RD6 disc),Regulatory Signs,TRUCK_MOUNTED_ATTENUATOR_DISPLAY_DIAGONAL_LIT_ARROW_ABOVE_RD6_DISC_VAR3_RD6T.svg,2200x3600 mm,a : 2200 b : 3600 c : 500 d : 360 e : 150 f : 1500,
none,Use Left Lane Unless Passing,Regulatory Signs,USE_LEFT_LANE_UNLESS_PASSING_none.svg,750x700 mm,a : 750 b : 700 r : 50 c : 10 d : 25 type 100C e : 50,
RD41,Wrong way – go back,Regulatory Signs,WRONG_WAY_GO_BACK_RD41.svg,900x1200 mm,Ty a : 900 b : 1200 r : 60 c : 35 d : 100 Type : 150D Stripe w x h 750 x 25,
RS52,blue Threshold option A rural/urban,Regulatory Signs,BLUE_THRESHOLD_OPTION_A_RURAL_URBAN_RS52.svg,1900x2700 mm,a : 1900 b : 2700 r : 150 c : 1200 d : 200 e : 100 f : 250 WELCOME TO 100D LOCALITY 160E,1 stroked path(s) ignored
RS51,blue Threshold option A urban/urban,Regulatory Signs,BLUE_THRESHOLD_OPTION_A_URBAN_URBAN_RS51.svg,900x1200 mm,a : 900 b : 1200 r : 80 c : 600 d : 100 e : 110 f : 140 Type : 75E Numerals : 200D,1 stroked path(s) ignored
RS52,green Threshold option A rural/urban,Regulatory Signs,GREEN_THRESHOLD_OPTION_A_RURAL_URBAN_RS52.svg,1900x2700 mm,a : 1900 b : 2700 r : 150 c : 1200 d : 200 e : 100 f : 250 WELCOME TO 100D LOCALITY 160E,1 stroked path(s) ignored
RS51,green Threshold option A urban/urban,Regulatory Signs,GREEN_THRESHOLD_OPTION_A_URBAN_URBAN_RS51.svg,900x1200 mm,a: 900 b: 1200 r: 80 c: 600 d: 75 e: 110 f: 140 g: 25 Type: 75E Numerals: 200D,1 stroked path(s) ignored
RS52,white Threshold option B rural/urban,Regulatory Signs,WHITE_THRESHOLD_OPTION_B_RURAL_URBAN_RS52.svg,1900x2700 mm,a : 1900 b : 2700 r : 150 c : 1200 d : 200 e : 100 f : 250 WELCOME TO 100D LOCALITY 160E,1 stroked path(s) ignored
RS51B,white Threshold option B urban/urban,Regulatory Signs,WHITE_THRESHOLD_OPTION_B_URBAN_URBAN_RS51B.svg,900x1200 mm,a : 900 b : 1200 r : 80 c : 600 d : 100 e : 110 f : 140 Type : 75E Numerals : 200D,1 stroked path(s) ignored
WXB1,Controlled intersection immediately beyond level crossing,Permanent Warning Signs,CONTROLLED_INTERSECTION_IMMEDIATELY_BEYOND_LEVEL_CROSSING_WXB1.svg,1028x1028 mm,Arrow Type : A r : 50 l : 70 k : 10 j : 20 i : 177.5 h : 365 g : 63 f : 31 e : 138 d : 125 c : 313 b : 120 a : 750,
WX62,Crossbuck for private level crossing,Permanent Warning Signs,CROSSBUCK_FOR_PRIVATE_LEVEL_CROSSING_WX62.svg,750x500 mm,a 750 b 500 c 15 r 50 Crossbuck symbol w x h - specs as per sign WX61 570 x 400,
WX63,Crossbuck for private level crossing with [number] of tracks,Permanent Warning Signs,CROSSBUCK_FOR_PRIVATE_LEVEL_CROSSING_WITH_NUMBER_OF_TRACKS_WX63.svg,750x750 mm,a : 750 b : 750 c : 15 d : 105 r : 50 Crossbuck symbol w x h : specs as per sign WX61 570 x 400 2 Tracks symbol w x h : specs as per sign WX7 350 x 280,
none,Distance ahead supplementary,Permanent Warning Signs,DISTANCE_AHEAD_SUPPLEMENTARY_none.svg,600x250 mm,a 600 b 250 r 50 c 10 d 15 e 65 Legend Distance 100D Legend 'm' Transport D Medium x height = 65,
WY21,"Edge marker post, orange, no reflector",Permanent Warning Signs,EDGE_MARKER_POST_ORANGE_NO_REFLECTOR_WY21.svg,90x900 mm,a : 900 b : 90 c : 150,
WY22,"Edge marker post, orange, white reflector",Permanent Warning Signs,EDGE_MARKER_POST_ORANGE_WHITE_REFLECTOR_WY22.svg,90x900 mm,a : 900 b : 90 c : 150 d : 450 e : 40,
WY23,"Edge marker post, orange, yellow reflector",Permanent Warning Signs,EDGE_MARKER_POST_ORANGE_YELLOW_REFLECTOR_WY23.svg,90x900 mm,a : 900 b : 90 c : 150 d : 130 e : 40,
none,Intersection sign supplementary - concealed,Permanent Warning Signs,INTERSECTION_SIGN_SUPPLEMENTARY_CONCEALED_none.svg,750x300 mm,a 750 b 300 c 10 d 20 Legend Type 125C -20 em tracking,
WV29,"Overdimension ""Over Size""",Permanent Warning Signs,OVERDIMENSION_OVER_SIZE_WV29.svg,1100x300 mm,a : 1100 b : 300 c : 20 r : 60 Text 150C,
WV30,"Overdimension ""Over” “Size"" – split panel option",Permanent Warning Signs,OVERDIMENSION_OVER_SIZE_SPLIT_PANEL_OPTION_WV30.svg,550x300 mm,a : 550 b : 300 c : 20 r : 60 Text 150C,
WV30,"Overdimension ""Over” “Size"" – split panel option",Permanent Warning Signs,OVERDIMENSION_OVER_SIZE_SPLIT_PANEL_OPTION_VAR2_WV30.svg,550x300 mm,a : 550 b : 300 c : 20 r : 60 Text 150C,
WA7,Prepare to stop - variable,Permanent Warning Signs,PREPARE_TO_STOP_VARIABLE_WA7.svg,1675x950 mm,a : 1675 b : 950 c : 60 d : 90 Type : 175D,
WA6,Ramp signal OFF variable,Permanent Warning Signs,RAMP_SIGNAL_OFF_VARIABLE_WA6.svg,1675x950 mm,a : 1675 b : 950 c : 60 d : 90 Type : 175D,
WA6,Ramp signal ON variable,Permanent Warning Signs,RAMP_SIGNAL_ON_VARIABLE_WA6.svg,1675x950 mm,a : 1675 b : 950 c : 60 d : 90 Type : 175D,
WW13,Road narrows – three lanes to two,Permanent Warning Signs,ROAD_NARROWS_THREE_LANES_TO_TWO_WW13.svg,1028x1028 mm,r : 50 50 60 I : 80 h : 30 g : 55 f : 10 10 10 e : 15 20 25 d : 150 188 225 c : 15 19 23 b : 60 75 90 a : 600 750 900 DASHES 30 x 80,
WW12,Road narrows – two lanes to one,Permanent Warning Signs,ROAD_NARROWS_TWO_LANES_TO_ONE_WW12.svg,1028x1028 mm,r : 50 50 60 I : 80 h : 40 g : 55 f : 10 10 10 e : 15 20 25 d : 150 188 225 c : 15 19 23 b : 60 75 90 a : 600 750 900 DASHES 40 x 80,
WXT,Tramway crossbuck,Permanent Warning Signs,TRAMWAY_CROSSBUCK_WXT.svg,966x673 mm,a : 1000 b : 767 c : 46 d : 200 e : 24 TRAMWAY : 133B CROSSING : 133C,
WXT1,Tramway crossbuck with backing board,Permanent Warning Signs,TRAMWAY_CROSSBUCK_WITH_BACKING_BOARD_WXT1.svg,1100x850 mm,a : 1100 b : 850 c : 25 r : 70 Crossbuck symbol w x h : specs as per sign WXT 970 x 670,
none,Two-way (distance) ahead supplementary,Permanent Warning Signs,TWO_WAY_DISTANCE_AHEAD_SUPPLEMENTARY_none.svg,600x250 mm,a 600 b 250 r 50 c 10 d 15 e 65 Legend Distance 100D Legend 'm' Transport D Medium x height = 65,
WXB2,Un-controlled intersection immediately beyond level crossing,Permanent Warning Signs,UN_CONTROLLED_INTERSECTION_IMMEDIATELY_BEYOND_LEVEL_CROSSING_WXB2.svg,1028x1028 mm,r : 50 j : 10 i : 20 h : 31 g : 250 f : 113 e : 125 d : 63 c : 75 b : 100 a : 750,
WB1,Warning - site specific - fixed text RURAL,Permanent Warning Signs,WARNING_SITE_SPECIFIC_FIXED_TEXT_RURAL_WB1.svg,1100x900 mm,a : 1100 b : 900 c : 10 d : 25 r : 60 e : 80 Text 160D,
WB1,Warning - site specific - fixed text URBAN,Permanent Warning Signs,WARNING_SITE_SPECIFIC_FIXED_TEXT_URBAN_WB1.svg,1000x700 mm,a : 1000 b : 700 c : 10 d : 25 r : 60 e : 60 Text 120D,
WB2,Warning - site specific - variable text,Permanent Warning Signs,WARNING_SITE_SPECIFIC_VARIABLE_TEXT_WB2.svg,1500x1100 mm,a : Sized to suit requirements b : Sized to suit requirements c : 100 Text 200D,
WB1A,Warning – symbol fixed display – ‘activated’ with flashing lights,Permanent Warning Signs,WARNING_SYMBOL_FIXED_DISPLAY_ACTIVATED_WITH_FLASHING_LIGHTS_WB1A.svg,700x900 mm,a : 700 b : 900 c : 40 d : 160 e : 60 Symbol : 600x480mm Text 100C,
WB2A,Warning – symbol illuminated when activated,Permanent Warning Signs,WARNING_SYMBOL_ILLUMINATED_WHEN_ACTIVATED_WB2A.svg,700x1000 mm,a : 700 b : 1000 c : 50 d : 140 e : 60 f : 80 Text 160D symbol : 600 x 480,
WB2A,Warning – symbol illuminated when activated (Kura School),Permanent Warning Signs,WARNING_SYMBOL_ILLUMINATED_WHEN_ACTIVATED_KURA_SCHOOL_WB2A.svg,700x1000 mm,a: 700 b: 1000 c: 50 d: 140 e: 60 f: 80 Text 100D Symbol 600 x 480,
WB2A,Warning – symbol illuminated when activated (railway crossing at curve),Permanent Warning Signs,WARNING_SYMBOL_ILLUMINATED_WHEN_ACTIVATED_RAILWAY_CROSSING_AT_CURVE_WB2A.svg,700x1000 mm,a 700 b 1000 c 50 d : Legend 'optional lights' 60cm2 Legend 'arrow' to fit in max size of 600x480 Legend 'advisory speed or slow down' 160D,
none,"""General supplementary `Works End Thank You` supplementary for backing board"" — sign",Temporary Warning Signs,GENERAL_SUPPLEMENTARY_WORKS_END_THANK_YOU_SUPPLEMENTARY_FOR_BACKING_BOARD_SIGN_none.svg,1200x600 mm,a : 1200 b : 600 r : 60 c : 30 d : 80 Text : 160C,
TG32,"""General supplementary `Works End Thank You` supplementary for standard"" — sign",Temporary Warning Signs,GENERAL_SUPPLEMENTARY_WORKS_END_THANK_YOU_SUPPLEMENTARY_FOR_STANDARD_SIGN_TG32.svg,900x450 mm,a : 900 b : 450 r : 50 c : 25 d : 60 Text : 120C,
none,"""NEW SEAL"" Supplementary For Backing Board",Temporary Warning Signs,NEW_SEAL_SUPPLEMENTARY_FOR_BACKING_BOARD_none.svg,1200x450 mm,a : 1200 b : 450 c : 30 r : 60 Text 160D,
TLA1,Arrow board - Variable,Temporary Warning Signs,ARROW_BOARD_VARIABLE_TLA1.svg,1200x600 mm,a : 1200 b : 600 c : 80 d : 240,
TZ35,Crash,Temporary Warning Signs,CRASH_TZ35.svg,850x250 mm,a 850 (Divided into two panels) b 250 c 20 (Left panel only) d 600 e 250 f 40 Legend 'CRASH' 100D Legend '20' 85/14,
TZ32,Fire,Temporary Warning Signs,FIRE_TZ32.svg,850x250 mm,a 850 b 250 r 50 c 25 Legend Type 100D,
T236 / T236B,Hazard warning supplementary - barrier arms not working (Supplements W2-1),Temporary Warning Signs,HAZARD_WARNING_SUPPLEMENTARY_BARRIER_ARMS_NOT_WORKING_SUPPLEMENTS_W2_1_T236-T236B.svg,1200x600 mm,"a 900 1200 b 450 600 r 50 60 c 25 30 d 60 80 Legend Type 'Barriers' 120C 'Not Working' 120B 'Barriers' 160C ""Not Working' 160B",
T236 / T236B,Hazard warning supplementary - barrier arms not working (Supplements W2-1),Temporary Warning Signs,HAZARD_WARNING_SUPPLEMENTARY_BARRIER_ARMS_NOT_WORKING_SUPPLEMENTS_W2_1_VAR2_T236-T236B.svg,900x450 mm,"a 900 1200 b 450 600 r 50 60 c 25 30 d 60 80 Legend Type 'Barriers' 120C 'Not Working' 120B 'Barriers' 160C ""Not Working' 160B",
TD5,Road closure / detour `Detour Ends`,Temporary Warning Signs,ROAD_CLOSURE_DETOUR_DETOUR_ENDS_TD5.svg,900x450 mm,a 900 b 450 c 58 d 25 r 50 Letters 120E,
TDB5,Road closure / detour direction indicator circle symbol Straight Ahead LH,Temporary Warning Signs,ROAD_CLOSURE_DETOUR_DIRECTION_INDICATOR_CIRCLE_SYMBOL_STRAIGHT_AHEAD_LH_TDB5.svg,900x450 mm,a : 900 b : 450 c : 250 d : 250 e : 220 f : 230 g : 15 h : 25 r : 50 Arrow Type : D,
TDB6,Road closure / detour direction indicator circle symbol Straight Ahead RH,Temporary Warning Signs,ROAD_CLOSURE_DETOUR_DIRECTION_INDICATOR_CIRCLE_SYMBOL_STRAIGHT_AHEAD_RH_TDB6.svg,900x450 mm,a : 900 b : 450 c : 250 d : 250 e : 220 f : 230 g : 15 h : 25 r : 50 Arrow Type : D,
TDB1,Road closure / detour direction indicator circle symbol Turn Left,Temporary Warning Signs,ROAD_CLOSURE_DETOUR_DIRECTION_INDICATOR_CIRCLE_SYMBOL_TURN_LEFT_TDB1.svg,900x450 mm,a : 900 b : 450 c : 250 d : 220 e : 250 f : 230 g : 15 h : 25 r : 50 Arrow Type : D,
TDB2,Road closure / detour direction indicator circle symbol Turn Right,Temporary Warning Signs,ROAD_CLOSURE_DETOUR_DIRECTION_INDICATOR_CIRCLE_SYMBOL_TURN_RIGHT_TDB2.svg,900x450 mm,a : 900 b : 450 c : 250 d : 220 e : 250 f : 230 g : 15 h : 25 r : 50 Arrow Type : D,
TDB3,Road closure / detour direction indicator circle symbol veer left,Temporary Warning Signs,ROAD_CLOSURE_DETOUR_DIRECTION_INDICATOR_CIRCLE_SYMBOL_VEER_LEFT_TDB3.svg,900x450 mm,a : 900 b : 450 c : 250 d : 200 e : 200 f : 230 g : 15 h : 25 r : 50 Arrow Type : D,
TDB4,Road closure / detour direction indicator circle symbol veer right,Temporary Warning Signs,ROAD_CLOSURE_DETOUR_DIRECTION_INDICATOR_CIRCLE_SYMBOL_VEER_RIGHT_TDB4.svg,900x450 mm,a : 900 b : 450 c : 250 d : 200 e : 200 f : 230 g : 15 h : 25 r : 50 Arrow Type : D,
TDC5,Road closure / detour direction indicator diamond symbol Straight Ahead LH,Temporary Warning Signs,ROAD_CLOSURE_DETOUR_DIRECTION_INDICATOR_DIAMOND_SYMBOL_STRAIGHT_AHEAD_LH_TDC5.svg,900x450 mm,a : 900 b : 450 c : 250 d : 250 e : 220 f : 230 g : 10 h : 25 r : 50 Arrow Type : D,
TDC6,Road closure / detour direction indicator diamond symbol Straight Ahead RH,Temporary Warning Signs,ROAD_CLOSURE_DETOUR_DIRECTION_INDICATOR_DIAMOND_SYMBOL_STRAIGHT_AHEAD_RH_TDC6.svg,900x450 mm,a : 900 b : 450 c : 250 d : 250 e : 220 f : 230 g : 10 h : 25 r : 50 Arrow Type : D,
TDC1,Road closure / detour direction indicator diamond symbol Turn Left,Temporary Warning Signs,ROAD_CLOSURE_DETOUR_DIRECTION_INDICATOR_DIAMOND_SYMBOL_TURN_LEFT_TDC1.svg,900x450 mm,a : 900 b : 450 c : 250 d : 220 e : 250 f : 230 g : 10 h : 25 r : 50 Arrow Type : D,
TDC2,Road closure / detour direction indicator diamond symbol Turn Right,Temporary Warning Signs,ROAD_CLOSURE_DETOUR_DIRECTION_INDICATOR_DIAMOND_SYMBOL_TURN_RIGHT_TDC2.svg,900x450 mm,a : 900 b : 450 c : 250 d : 220 e : 250 f : 230 g : 10 h : 25 r : 50 Arrow Type : D,
TDC3,Road closure / detour direction indicator diamond symbol veer left,Temporary Warning Signs,ROAD_CLOSURE_DETOUR_DIRECTION_INDICATOR_DIAMOND_SYMBOL_VEER_LEFT_TDC3.svg,900x450 mm,a : 900 b : 450 c : 250 d : 200 e : 200 f : 230 g : 10 h : 25 r : 50 Arrow Type : D,
TDC4,Road closure / detour direction indicator diamond symbol veer right,Temporary Warning Signs,ROAD_CLOSURE_DETOUR_DIRECTION_INDICATOR_DIAMOND_SYMBOL_VEER_RIGHT_TDC4.svg,900x450 mm,a : 900 b : 450 c : 250 d : 200 e : 200 f : 230 g : 10 h : 25 r : 50 Arrow Type : D,
TDA5,Road closure / detour direction indicator square symbol Straight Ahead LH,Temporary Warning Signs,ROAD_CLOSURE_DETOUR_DIRECTION_INDICATOR_SQUARE_SYMBOL_STRAIGHT_AHEAD_LH_TDA5.svg,900x450 mm,a : 900 b : 450 c : 250 d : 250 e : 220 f : 230 g : 15 h : 25 r : 50 Arrow Type : D,
TDA6,Road closure / detour direction indicator square symbol Straight Ahead RH,Temporary Warning Signs,ROAD_CLOSURE_DETOUR_DIRECTION_INDICATOR_SQUARE_SYMBOL_STRAIGHT_AHEAD_RH_TDA6.svg,900x450 mm,a : 900 b : 450 c : 250 d : 250 e : 220 f : 230 g : 15 h : 25 r : 50 Arrow Type : D,1 stroked path(s) ignored
TDA1,Road closure / detour direction indicator square symbol Turn Left,Temporary Warning Signs,ROAD_CLOSURE_DETOUR_DIRECTION_INDICATOR_SQUARE_SYMBOL_TURN_LEFT_TDA1.svg,900x450 mm,a 900 b 450 c 250 d 220 e 250 f 230 g 15 h 25 r 50 Arrow Type D,
TDA2,Road closure / detour direction indicator square symbol Turn Right,Temporary Warning Signs,ROAD_CLOSURE_DETOUR_DIRECTION_INDICATOR_SQUARE_SYMBOL_TURN_RIGHT_TDA2.svg,900x450 mm,a 900 b 450 c 250 d 220 e 250 f 230 g 15 h 25 r 50 Arrow Type D,1 stroked path(s) ignored
TDA3,Road closure / detour direction indicator square symbol veer left,Temporary Warning Signs,ROAD_CLOSURE_DETOUR_DIRECTION_INDICATOR_SQUARE_SYMBOL_VEER_LEFT_TDA3.svg,900x450 mm,a : 900 b : 450 c : 250 d : 200 e : 200 f : 230 g : 15 h : 25 r : 50 Arrow Type : D,
TDA4,Road closure / detour direction indicator square symbol veer right,Temporary Warning Signs,ROAD_CLOSURE_DETOUR_DIRECTION_INDICATOR_SQUARE_SYMBOL_VEER_RIGHT_TDA4.svg,900x450 mm,a : 900 b : 450 c : 250 d : 200 e : 200 f : 230 g : 15 h : 25 r : 50 Arrow Type : D,
TDD5,Road closure / detour direction indicator state highway shield symbol Straight Ahead LH,Temporary Warning Signs,ROAD_CLOSURE_DETOUR_DIRECTION_INDICATOR_STATE_HIGHWAY_SHIELD_SYMBOL_STRAIGHT_AHEAD_LH_TDD5.svg,900x450 mm,a : 900 b : 450 c : 250 d : 250 e : 220 f : 230 g : 15 h : 25 r : 50 Arrow Type : D Symbol and Height : S32 230,
TDD6,Road closure / detour direction indicator state highway shield symbol Straight Ahead RH,Temporary Warning Signs,ROAD_CLOSURE_DETOUR_DIRECTION_INDICATOR_STATE_HIGHWAY_SHIELD_SYMBOL_STRAIGHT_AHEAD_RH_TDD6.svg,900x450 mm,a : 900 b : 450 c : 250 d : 250 e : 220 f : 230 g : 15 h : 25 r : 50 Arrow Type : D Symbol and Height : S32 230,
TDD1,Road closure / detour direction indicator state highway shield symbol Turn Left,Temporary Warning Signs,ROAD_CLOSURE_DETOUR_DIRECTION_INDICATOR_STATE_HIGHWAY_SHIELD_SYMBOL_TURN_LEFT_TDD1.svg,900x450 mm,Symbol and Height : S32 230 a : 900 b : 450 c : 250 d : 220 e : 250 f : 230 g : 15 h : 25 r : 50 Arrow Type : D,
TDD2,Road closure / detour direction indicator state highway shield symbol Turn Right,Temporary Warning Signs,ROAD_CLOSURE_DETOUR_DIRECTION_INDICATOR_STATE_HIGHWAY_SHIELD_SYMBOL_TURN_RIGHT_TDD2.svg,900x450 mm,Symbol and Height : S32 230 a : 900 b : 450 c : 250 d : 220 e : 250 f : 230 g : 15 h : 25 r : 50 Arrow Type : D,
TDD3,Road closure / detour direction indicator state highway shield symbol veer left,Temporary Warning Signs,ROAD_CLOSURE_DETOUR_DIRECTION_INDICATOR_STATE_HIGHWAY_SHIELD_SYMBOL_VEER_LEFT_TDD3.svg,900x450 mm,Symbol and Height : S32 230 a : 900 b : 450 c : 250 d : 200 e : 200 f : 230 g : 15 h : 25 r : 50 Arrow Type : D,
TDD4,Road closure / detour direction indicator state highway shield symbol veer right,Temporary Warning Signs,ROAD_CLOSURE_DETOUR_DIRECTION_INDICATOR_STATE_HIGHWAY_SHIELD_SYMBOL_VEER_RIGHT_TDD4.svg,900x450 mm,Symbol and Height : S32 230 a : 900 b : 450 c : 250 d : 200 e : 200 f : 230 g : 15 h : 25 r : 50 Arrow Type : D,
RST2,Temporary speed limit for slippery surface - Option A,Temporary Warning Signs,TEMPORARY_SPEED_LIMIT_FOR_SLIPPERY_SURFACE_OPTION_A_RST2.svg,1029x1019 mm,Numerals 250D a: 750 b: 95 c: 750 d: 25 r: 50,
RST2,Temporary speed limit for slippery surface - Option A,Temporary Warning Signs,TEMPORARY_SPEED_LIMIT_FOR_SLIPPERY_SURFACE_OPTION_A_RED_RST2.svg,748x748 mm,Numerals 250D a: 750 b: 95 c: 750 d: 25 r: 50,
RST2B,Temporary speed limit for slippery surface - Option B,Temporary Warning Signs,TEMPORARY_SPEED_LIMIT_FOR_SLIPPERY_SURFACE_OPTION_B_RST2B.svg,1205x2430 mm,Numerals 400D a: 1200 b: 150 c: 850 d: 30 r: 60,
SV21,ATV,Symbols,ATV_SV21.svg,100x79 mm,a : 100 b : 78 Sign Size : 100 x 78 Symbol : black,symbol sheet drawn at 1004 mm wide; scaled to the register's 100 mm
SV51,Aeroplane,Symbols,AEROPLANE_SV51.svg,480x467 mm,a : 480 b : 480 Sign Size : 480 x 480 Symbol : Black,symbol sheet drawn at 955 mm wide; scaled to the register's 480 mm
SF35,Birds - kereru and car,Symbols,BIRDS_KERERU_AND_CAR_SF35.svg,1200x1200 mm,,
SV10,Bus,Symbols,BUS_SV10.svg,465x160 mm,a : 465 b : 160 Sign Size : 465 x 160 Symbol : Black,symbol sheet drawn at 930 mm wide; scaled to the register's 465 mm
SV11,Bus Stop,Symbols,BUS_STOP_SV11.svg,465x465 mm,a : 465 b : 160 Sign Size : 465 x 160 Symbol : Black,symbol sheet drawn at 600 mm wide; scaled to the register's 465 mm
SF11,Cattle,Symbols,CATTLE_SF11.svg,1105x756 mm,,
SU02,Children,Symbols,CHILDREN_SU02.svg,400x340 mm,a : 400 b : 360 Sign Size : 400 x 360 Symbol : Black,symbol sheet drawn at 1074 mm wide; scaled to the register's 400 mm
SU10,Cycle,Symbols,CYCLE_SU10.svg,500x324 mm,a : 500 305 230 150 b : 350 200 150 100 Symbol : Black Black Black Black,symbol sheet drawn at 772 mm wide; scaled to the register's 500 mm
SGD1,Detour symbol - square,Symbols,DETOUR_SYMBOL_SQUARE_SGD1.svg,150x150 mm,Width 150 Height 150 Border: 10,
SGD4,Detour symbol – SH shield,Symbols,DETOUR_SYMBOL_SH_SHIELD_SGD4.svg,160x160 mm,Width 160 Height 160 Border: 10,
SGD2,Detour symbol – circle,Symbols,DETOUR_SYMBOL_CIRCLE_SGD2.svg,225x225 mm,Diameter 225 Border: 10,
SGD3,Detour symbol – diamond,Symbols,DETOUR_SYMBOL_DIAMOND_SGD3.svg,212x212 mm,Diamond 150 Border: 10,
none,Disabled park,Symbols,DISABLED_PARK_none.svg,508x604 mm,,
None,Drive on Left W14-11.1 Symbol,Symbols,DRIVE_ON_LEFT_W14_11_1_SYMBOL_None.svg,620x620 mm,arrow centre line symbol 620 x 480 775 x 600 930 x 720 1240 x 960,symbol sheet drawn at 1200 mm wide; scaled to the register's 620 mm
SM31,Electric Vehicle charging station - symbol (for motorist service signs and parking signs),Symbols,ELECTRIC_VEHICLE_CHARGING_STATION_SYMBOL_FOR_MOTORIST_SERVICE_SIGNS_AND_PARKING_SIGNS_SM31.svg,300x300 mm,Symbol on motorist service sign: 300 x 300 mm Symbol on parking sign: 100 x 100 mm,symbol sheet drawn at 3001 mm wide; scaled to the register's 300 mm
SR03,Electric cable,Symbols,ELECTRIC_CABLE_SR03.svg,400x612 mm,b : 640 a : 400 Sign Size : 400 x 640 Symbol : Black,symbol sheet drawn at 1000 mm wide; scaled to the register's 400 mm
None,Equestrian,Symbols,EQUESTRIAN_None.svg,480x397 mm,a : 480 b : 440 Sign Size : 480 x 440 Symbol : Black,symbol sheet drawn at 1148 mm wide; scaled to the register's 480 mm
SR05,Falling debris,Symbols,FALLING_DEBRIS_SR05.svg,600x467 mm,b : 450 a : 600 Sign Size : 600 x 450 Symbol : Black,symbol sheet drawn at 1474 mm wide; scaled to the register's 600 mm
SV36,Fire engine,Symbols,FIRE_ENGINE_SV36.svg,560x171 mm,a : 560 b : 160 Sign Size : 560 x 160 Symbol : Black,symbol sheet drawn at 1353 mm wide; scaled to the register's 560 mm
SV37,Fork-lift,Symbols,FORK_LIFT_SV37.svg,480x438 mm,a : 480 b : 480 Sign Size : 480 x 480 Symbol : Black,symbol sheet drawn at 1204 mm wide; scaled to the register's 480 mm
SR10,Gravel surface,Symbols,GRAVEL_SURFACE_SR10.svg,500x221 mm,b : 240 a : 500 Sign Size : 500 x 240 Symbol : Black,symbol sheet drawn at 1288 mm wide; scaled to the register's 500 mm
SV52,Helicopter,Symbols,HELICOPTER_SV52.svg,440x239 mm,a : 440 b : 320 Sign Size : 440 x 320 Symbol : Black,symbol sheet drawn at 1242 mm wide; scaled to the register's 440 mm
ST03,Historic Places Trust building,Symbols,,,a : 300 b : 300,no filled artwork in the EPS
None,Keep Left W14-11 Symbol,Symbols,KEEP_LEFT_W14_11_SYMBOL_None.svg,400x400 mm,symbol of cars/arrow/centre line 400 x 600 500 x 750 600 x 900 800 x 1200,symbol sheet drawn at 1200 mm wide; scaled to the register's 400 mm
SV12,Light rails,Symbols,LIGHT_RAILS_SV12.svg,560x262 mm,a : 560 b : 260 Sign Size : 560 x 260 Symbol : Black,symbol sheet drawn at 1362 mm wide; scaled to the register's 560 mm
ST10,Look Out Symbol,intervene/Symbols,LOOK_OUT_SYMBOL_ST10.svg,300x349 mm,"a 300 b 300 Note 1: The symbol is Figure A67 in NZS 8603:2005, Design and Application of Outdoor Recreation Symbols. Reproduction of this symbol is subject to copyright and requires the purchase of NZS 8603:2005 CD ROM. For more information please contact Standards New Zealand. Telephone: 64 3 943 4259 or Freephone: 0800 782 632 (within New Zealand) Internet: www.standards.govt.nz",artwork not supplied by NZTA: sheet says The copyright for this
SR11,Manual Traffic Control,Symbols,MANUAL_TRAFFIC_CONTROL_SR11.svg,600x611 mm,b : 600 a : 600 Sign Size : 600 x 600 Symbol : Black,symbol sheet drawn at 1178 mm wide; scaled to the register's 600 mm
SV20,Motorcycle,Symbols,MOTORCYCLE_SV20.svg,190x98 mm,a : 190 b : 100 Sign Size : 190 x 100 Symbol : Black,symbol sheet drawn at 913 mm wide; scaled to the register's 190 mm
SM11,Motorist service 24 hr medical service,Symbols,MOTORIST_SERVICE_24_HR_MEDICAL_SERVICE_SM11.svg,306x309 mm,Symbol : Cross 300x300mm,
SM02,Motorist service accommodation,Symbols,MOTORIST_SERVICE_ACCOMMODATION_SM02.svg,360x282 mm,Symbol : Bed 360x300mm,symbol sheet drawn at 400 mm wide; scaled to the register's 360 mm
SM18,Motorist service airfield,Symbols,MOTORIST_SERVICE_AIRFIELD_SM18.svg,300x304 mm,Symbol : Jet aircraft 300x300mm,symbol sheet drawn at 365 mm wide; scaled to the register's 300 mm
SM19,Motorist service boat ramp,Symbols,MOTORIST_SERVICE_BOAT_RAMP_SM19.svg,360x257 mm,Symbol : boat trailer white ramp and wavy lines 360x300mm,symbol sheet drawn at 423 mm wide; scaled to the register's 360 mm
SM03,Motorist service camping ground,Symbols,MOTORIST_SERVICE_CAMPING_GROUND_SM03.svg,360x168 mm,Symbol : Tent 360x300mm,symbol sheet drawn at 418 mm wide; scaled to the register's 360 mm
SM05,Motorist service camping ground and caravan park,Symbols,MOTORIST_SERVICE_CAMPING_GROUND_AND_CARAVAN_PARK_SM05.svg,240x277 mm,Symbol : Tent above Caravan 240x300mm,symbol sheet drawn at 294 mm wide; scaled to the register's 240 mm
SM04,Motorist service caravan park,Symbols,MOTORIST_SERVICE_CARAVAN_PARK_SM04.svg,360x211 mm,Symbol : Caravan 360x300mm,symbol sheet drawn at 414 mm wide; scaled to the register's 360 mm
SM10,Motorist service information,Symbols,MOTORIST_SERVICE_INFORMATION_SM10.svg,232x365 mm,Symbol : Italic lower case i 240x300mm,
SM09,Motorist service meals,Symbols,MOTORIST_SERVICE_MEALS_SM09.svg,240x312 mm,Symbol : Fork and spoon 240x300mm,symbol sheet drawn at 277 mm wide; scaled to the register's 240 mm
SM06,Motorist service motor fuel,Symbols,MOTORIST_SERVICE_MOTOR_FUEL_SM06.svg,300x283 mm,Symbol : Petrol pump 300x300mm,symbol sheet drawn at 343 mm wide; scaled to the register's 300 mm
SM15,Motorist service public parking area,Symbols,MOTORIST_SERVICE_PUBLIC_PARKING_AREA_SM15.svg,300x377 mm,Symbol : P - 300x300mm,symbol sheet drawn at 250 mm wide; scaled to the register's 300 mm
SM12,Motorist service public telephone,Symbols,MOTORIST_SERVICE_PUBLIC_TELEPHONE_SM12.svg,240x629 mm,Symbol : Telephone hand piece 240x300mm,symbol sheet drawn at 143 mm wide; scaled to the register's 240 mm
SM13,Motorist service public toilets,Symbols,MOTORIST_SERVICE_PUBLIC_TOILETS_SM13.svg,300x279 mm,Symbol : Man and woman separated by line 300x300mm,symbol sheet drawn at 335 mm wide; scaled to the register's 300 mm
SM01,Motorist service rest area,Symbols,MOTORIST_SERVICE_REST_AREA_SM01.svg,300x294 mm,Symbol : Tree and table 300x300mm,symbol sheet drawn at 342 mm wide; scaled to the register's 300 mm
SM16,Motorist service truck parking area,Symbols,MOTORIST_SERVICE_TRUCK_PARKING_AREA_SM16.svg,360x272 mm,Symbol : P above heavy motor vehicle 360x300mm,symbol sheet drawn at 397 mm wide; scaled to the register's 360 mm
SM17,Motorist service truck trailer parking area,Symbols,MOTORIST_SERVICE_TRUCK_TRAILER_PARKING_AREA_SM17.svg,360x262 mm,Symbol : P above heavy full trailer 360x300mm,symbol sheet drawn at 393 mm wide; scaled to the register's 360 mm
SM14,Motorist service waste disposal for campervans and caravans,Symbols,MOTORIST_SERVICE_WASTE_DISPOSAL_FOR_CAMPERVANS_AND_CARAVANS_SM14.svg,300x295 mm,Symbol : Camping van 300x300mm,symbol sheet drawn at 365 mm wide; scaled to the register's 300 mm
SM20,Motorist service wheelchair access,Symbols,MOTORIST_SERVICE_WHEELCHAIR_ACCESS_SM20.svg,240x297 mm,Symbol : Person in wheelchair 240x300mm,symbol sheet drawn at 294 mm wide; scaled to the register's 240 mm
none,NZ Cycle Trail (NZCT) symbol,Symbols,NZ_CYCLE_TRAIL_NZCT_SYMBOL_none.svg,140x126 mm,a 140 200 b 126 180 Legend Symbol 126x112 180x160,symbol sheet drawn at 1400 mm wide; scaled to the register's 140 mm
SP03,Parking (P) (used in PP series),Symbols,PARKING_P_USED_IN_PP_SERIES_SP03.svg,120x150 mm,Letters : 100E Rectangle 120 x 150 Legend : white Background : blue,
SP04,Pay parking (P$) (used in PP series),Symbols,PAY_PARKING_P_USED_IN_PP_SERIES_SP04.svg,180x150 mm,Letters : 100E Symbol ($): Transport D Med x = 45 Rectangle 180 x 150 Legend : white Background : blue,
SU01,Pedestrian,Symbols,PEDESTRIAN_SU01.svg,145x256 mm,a : 145 b : 260 Sign Size : 145 x 260 Symbol : Black,symbol sheet drawn at 283 mm wide; scaled to the register's 145 mm
ST11,Photography Symbol,intervene/Symbols,PHOTOGRAPHY_SYMBOL_ST11.svg,300x239 mm,"a 300 b 300 Note 1: The copyright of the camera symbol is owned by Standard New Zealand. The symbol is Figure A76 in NZS 8603:2005, Design and Application of Outdoor Recreation Symbols. Reproduction of the symbol is subject to copyright and requires the purchase of NZS 8603:2005 CD ROM. For more information please contact Standards New Zealand. Telephone: 64 3 943 4259 or Freephone: 0800 782 632 (",artwork not supplied by NZTA: sheet says The copyright for this
SU11,Rail tracks - cyclists take care,Symbols,RAIL_TRACKS_CYCLISTS_TAKE_CARE_SU11.svg,500x297 mm,a : 500 b : 280 Sign Size : 500 x 280 Symbol : Black,symbol sheet drawn at 1251 mm wide; scaled to the register's 500 mm
SR08,Railway level crossing signals,Symbols,RAILWAY_LEVEL_CROSSING_SIGNALS_SR08.svg,320x424 mm,b : 440 a : 320 Sign Size : 320 x 440 Symbol : Black,symbol sheet drawn at 410 mm wide; scaled to the register's 320 mm
SR09,Road works,Symbols,ROAD_WORKS_SR09.svg,500x580 mm,b : 600 a : 500 Sign Size : 500 x 600 Symbol : Black,symbol sheet drawn at 1047 mm wide; scaled to the register's 500 mm
SR01,Roundabout,Symbols,ROUNDABOUT_SR01.svg,37x64 mm,r2 5 6 8 r1 106 127 170 e 5 6 8 d 64 77 102 c 8 10 13 b 34 41 54 a 37 44 59 Sign Size 866 x 750 1039 x 900 1386 x 1200,symbol sheet drawn at 733 mm wide; scaled to the register's 37 mm
SU04,School bus route,Symbols,SCHOOL_BUS_ROUTE_SU04.svg,550x460 mm,a : 550 b : 500 Sign Size : 550 x 500 Symbol : Black,symbol sheet drawn at 1124 mm wide; scaled to the register's 550 mm
SF12,Sheep,Symbols,SHEEP_SF12.svg,987x740 mm,,
SR06,Slippery surface,Symbols,SLIPPERY_SURFACE_SR06.svg,520x463 mm,b : 480 a : 520 Sign Size : 520 x 480 Symbol : Black,symbol sheet drawn at 1224 mm wide; scaled to the register's 520 mm
SE02,Snow,Symbols,SNOW_SE02.svg,50x58 mm,a : 50 b : 58 Symbol Size: 50 x 58 Symbol : Black,symbol sheet drawn at 500 mm wide; scaled to the register's 50 mm
SG01,State highway shield,Symbols,,,,no filled artwork in the EPS
SV50,Steam engine,Symbols,STEAM_ENGINE_SV50.svg,480x516 mm,a : 480 b : 520 Sign Size : 480 x 520 Symbol : Black,symbol sheet drawn at 931 mm wide; scaled to the register's 480 mm
SR07,Steep grade,Symbols,STEEP_GRADE_SR07.svg,420x261 mm,b : 300 a : 420 Sign Size : 420 x 300 Symbol : Black,symbol sheet drawn at 1054 mm wide; scaled to the register's 420 mm
SR15,Steep grade – ‘%’ symbol (see also SR07),Symbols,STEEP_GRADE_SYMBOL_SEE_ALSO_SR07_SR15.svg,100x60 mm,a : 100 b : 59 Sign Size : 100 x 59 Symbol : black,symbol sheet drawn at 1000 mm wide; scaled to the register's 100 mm
SV03,T2 barrel and car symbol with 2 occupants,Symbols,T2_BARREL_AND_CAR_SYMBOL_WITH_2_OCCUPANTS_SV03.svg,175x61 mm,a : 175 b : 150 c : 195 d : 130 e : 57 Text : T2 90 D,symbol sheet drawn at 428 mm wide; scaled to the register's 175 mm
SV04,T3 barrel and car symbol with 3 occupants,Symbols,T3_BARREL_AND_CAR_SYMBOL_WITH_3_OCCUPANTS_SV04.svg,175x81 mm,a : 175 b : 150 c : 195 d : 130 e : 57 Text : T3 90 D,symbol sheet drawn at 598 mm wide; scaled to the register's 175 mm
SR02,Traffic signals,Symbols,TRAFFIC_SIGNALS_SR02.svg,420x615 mm,"c : 95 b : 615 a : 420 Sign Size : 420 x 615 Symbol : Black with reflectorised red, orange and green aspects.",
SV13,Tram,Symbols,TRAM_SV13.svg,185x100 mm,a : 185 b : 100 Sign Size : 185 x 100 Symbol : Black,symbol sheet drawn at 873 mm wide; scaled to the register's 185 mm
SV30,Truck,Symbols,TRUCK_SV30.svg,100x49 mm,a : 100 b : 50 Sign Size : 100 x 50 Symbol : Black,symbol sheet drawn at 1160 mm wide; scaled to the register's 100 mm
SV30,Truck - side view,Symbols,TRUCK_SIDE_VIEW_SV30.svg,100x50 mm,a : 100 b : 50 Sign Size : 100 x 50 Symbol : Black,symbol sheet drawn at 1004 mm wide; scaled to the register's 100 mm
SV33,Truck - tilting,Symbols,TRUCK_TILTING_SV33.svg,1130x1396 mm,a : 1130 b : 1400 Sign Size : 1130 x 1400 Symbol : Black,symbol sheet drawn at 567 mm wide; scaled to the register's 1130 mm
SR04,Tunnel,Symbols,TUNNEL_SR04.svg,360x315 mm,b : 320 a : 360 Sign Size : 360 x 320 Symbol : Black,symbol sheet drawn at 869 mm wide; scaled to the register's 360 mm
ST07,Vineyard,Symbols,,,a : 240 b : 300,no filled artwork in the EPS
SF21,Wild horses,Symbols,WILD_HORSES_SF21.svg,1163x960 mm,,
SE01,Wind sock,Symbols,WIND_SOCK_SE01.svg,120x95 mm,a : 120 b : 90 Sign Size : 120x90 Symbol Size: 112x88.3 Symbol : black,symbol sheet drawn at 1116 mm wide; scaled to the register's 120 mm
SF32,birds - pukeko,Symbols,BIRDS_PUKEKO_SF32.svg,416x399 mm,a : 415 b : 400 Sign Size : 415x400,
SF34,birds – ducks,Symbols,BIRDS_DUCKS_SF34.svg,364x380 mm,a : 363 b : 380 Sign Size : 363x380,
SF31,birds – kiwi,Symbols,BIRDS_KIWI_SF31.svg,513x406 mm,a : 510 b : 403 Sign Size : 510 x 403,
SF33,birds – penguin,Symbols,BIRDS_PENGUIN_SF33.svg,259x421 mm,a : 259 b : 420 Sign Size : 259x420,
SR13,bridge - birds eye (used for narrow bridge),Symbols,BRIDGE_BIRDS_EYE_USED_FOR_NARROW_BRIDGE_SR13.svg,340x440 mm,a : 340 b : 440 Sign Size : 340 x 440 Symbol : Black,
SV41,campervan,Symbols,CAMPERVAN_SV41.svg,100x60 mm,a : 100 b : 60 Sign Size : 100 x 60 Symbol : black,symbol sheet drawn at 1000 mm wide; scaled to the register's 100 mm
SV02,car front on,Symbols,CAR_FRONT_ON_SV02.svg,100x82 mm,a : 100 b : 82 Sign Size : 100 x 82 Symbol : black,symbol sheet drawn at 1001 mm wide; scaled to the register's 100 mm
SU22,car side on,Symbols,CAR_SIDE_ON_SU22.svg,100x40 mm,a : 100 b : 39 Sign Size : 100 x 39 Symbol : black,symbol sheet drawn at 1001 mm wide; scaled to the register's 100 mm
SV40,caravan,Symbols,CARAVAN_SV40.svg,100x59 mm,a : 100 b : 59 Sign Size : 100 x 59 Symbol : black,symbol sheet drawn at 1000 mm wide; scaled to the register's 100 mm
SE03,chains required,Symbols,CHAINS_REQUIRED_SE03.svg,50x64 mm,a : 50 b : 64 Symbol Size: 50 x 56 Symbol : black & white,symbol sheet drawn at 500 mm wide; scaled to the register's 50 mm
SU30,diving,Symbols,DIVING_SU30.svg,100x85 mm,a : 100 b : 85 Sign Size : 100 x 85 Symbol : black,symbol sheet drawn at 1003 mm wide; scaled to the register's 100 mm
ST20,in-line skates,Symbols,IN_LINE_SKATES_ST20.svg,100x106 mm,a : 100 b : 106 Sign Size : 100 x 106 Symbol : black,symbol sheet drawn at 1004 mm wide; scaled to the register's 100 mm
SU31,jumping - into water,Symbols,JUMPING_INTO_WATER_SU31.svg,100x105 mm,a : 100 b : 104 Sign Size : 100 x 104 Symbol : black,symbol sheet drawn at 1000 mm wide; scaled to the register's 100 mm
SU23,mobility device,Symbols,MOBILITY_DEVICE_SU23.svg,100x72 mm,a : 100 b : 72 Sign Size : 100 x 72 Symbol : black,symbol sheet drawn at 1000 mm wide; scaled to the register's 100 mm
SM07,motorist service motor fuel and repairs,Symbols,MOTORIST_SERVICE_MOTOR_FUEL_AND_REPAIRS_SM07.svg,300x317 mm,Symbol : Petrol pump above spanner 300x300mm,symbol sheet drawn at 333 mm wide; scaled to the register's 300 mm
SM08,motorist service refreshments,Symbols,MOTORIST_SERVICE_REFRESHMENTS_SM08.svg,360x227 mm,Symbol : Cup and a saucer 360x300mm,symbol sheet drawn at 422 mm wide; scaled to the register's 360 mm
ST01,museum,Symbols,MUSEUM_ST01.svg,100x87 mm,a : 100 b : 88 Sign Size : 100 x 88 Symbol : black,symbol sheet drawn at 1000 mm wide; scaled to the register's 100 mm
SM23,park and ride boat,Symbols,PARK_AND_RIDE_BOAT_SM23.svg,360x300 mm,a : 360 b : 300 Sign Size : 360x300 P 100E Boat 300 x 126 Legends white Background blue,
SM22,park and ride bus,Symbols,PARK_AND_RIDE_BUS_SM22.svg,360x300 mm,a : 360 b : 300 Sign Size : 360x300 P 100E Bus 320 x 110 Legends white Background blue,
SM21,park and ride train,Symbols,PARK_AND_RIDE_TRAIN_SM21.svg,360x300 mm,a : 360 b : 300 Sign Size : 360x300 P 170E Train 155 x 167 Legends white Background blue,
SR12,park over kerb (park on 'footpath'),Symbols,PARK_OVER_KERB_PARK_ON_FOOTPATH_SR12.svg,100x92 mm,a : 100 b : 100 Sign Size : 100 x 100 Symbol : Black,symbol sheet drawn at 1002 mm wide; scaled to the register's 100 mm
SM28,rental vehicle pick-up/drop-off,Symbols,RENTAL_VEHICLE_PICK_UP_DROP_OFF_SM28.svg,150x150 mm,a : 150 b : 150 Sign Size : 150 x 150 Symbol size 100 x 133 Background white Symbol : black,symbol sheet drawn at 1500 mm wide; scaled to the register's 150 mm
SM26,rubbish,Symbols,RUBBISH_SM26.svg,100x100 mm,a : 100 b : 100 Sign Size : 100 x 100 Symbol : black,symbol sheet drawn at 1000 mm wide; scaled to the register's 100 mm
SU22,scooter – foot powered,Symbols,SCOOTER_FOOT_POWERED_SU22.svg,100x130 mm,a : 100 b : 131 Sign Size : 100 x 131 Symbol : black,symbol sheet drawn at 1007 mm wide; scaled to the register's 100 mm
SV14,shuttle bus,Symbols,SHUTTLE_BUS_SV14.svg,100x31 mm,a : 100 b : 31 Sign Size : 100 x 31 Symbol : black,symbol sheet drawn at 1000 mm wide; scaled to the register's 100 mm
SU21,skate board,Symbols,SKATE_BOARD_SU21.svg,100x133 mm,a : 100 b : 133 Sign Size : 100 x 133 Symbol : black,symbol sheet drawn at 1000 mm wide; scaled to the register's 100 mm
ST09,ski field,Symbols,SKI_FIELD_ST09.svg,100x80 mm,a : 100 b : 80 Sign Size : 100 x 80 Symbol : black,symbol sheet drawn at 1000 mm wide; scaled to the register's 100 mm
ST08,ski lift,Symbols,SKI_LIFT_ST08.svg,100x119 mm,a : 100 b : 120 Sign Size : 100 x 120 Symbol : black,symbol sheet drawn at 1013 mm wide; scaled to the register's 100 mm
SF13,stock – deer,Symbols,STOCK_DEER_SF13.svg,310x495 mm,a : 310 b : 500 Sign Size : 310 x 500,
SG11,tourist route - Geyser Highway,Symbols,TOURIST_ROUTE_GEYSER_HIGHWAY_SG11.svg,400x540 mm,Width 400 Height 540,
SG15,tourist route - Pacific Coast Highway,Symbols,TOURIST_ROUTE_PACIFIC_COAST_HIGHWAY_SG15.svg,400x500 mm,Width 400 Height 500,
SG14,tourist route - Pacific Coast Highway with text,Symbols,TOURIST_ROUTE_PACIFIC_COAST_HIGHWAY_WITH_TEXT_SG14.svg,400x622 mm,Width 400 Height 623,
SG13,tourist route - Twin coasts,Symbols,TOURIST_ROUTE_TWIN_COASTS_SG13.svg,900x400 mm,Width 400 400 Height 400 400,
SG12,tourist route - Wine Trail,Symbols,TOURIST_ROUTE_WINE_TRAIL_SG12.svg,400x400 mm,Width 400 Height 400 Border: 12,
SV35,tow vehicle - for tow away sites,Symbols,TOW_VEHICLE_FOR_TOW_AWAY_SITES_SV35.svg,100x34 mm,a : 100 b : 34 Sign Size : 100 x 34 Symbol : black,symbol sheet drawn at 1000 mm wide; scaled to the register's 100 mm
SG30,tsunami evacuation route,Symbols,TSUNAMI_EVACUATION_ROUTE_SG30.svg,300x300 mm,a : 300 b : 300 Sign Size : 300,
SF22,wild animal - seals,Symbols,WILD_ANIMAL_SEALS_SF22.svg,510x322 mm,a : 510 b : 320 Sign Size : 510x320,
SM24,youth hostel,Symbols,YOUTH_HOSTEL_SM24.svg,480x504 mm,Rectangle Chevron Width 640 1800 Height 1000 450 r 50 50 Border 25 25 Youth Hostel text Transport D Med x=75 'm' Transport D Med x=75 Numeral 120D space between lines of text 50 70 space above and below symbol 70 symbol 480 x 320 360 x 240 legend & Symbol : white,symbol sheet drawn at 1800 mm wide; scaled to the register's 480 mm
PPS2,"""Class restricted bus parking class supplementary ""Tour Coaches Only"""" — sign",Parking Signs,CLASS_RESTRICTED_BUS_PARKING_CLASS_SUPPLEMENTARY_TOUR_COACHES_ONLY_SIGN_PPS2.svg,300x125 mm,a : 300 b : 125 r : 15 c : 10 d : 15 Legend : Transport D Medium `x` height 20mm (Horizontal scale = 85%),
P23,"""No parking Bus Stop with arrow pointing left"" — sign",Parking Signs,NO_PARKING_BUS_STOP_WITH_ARROW_POINTING_LEFT_SIGN_P23.svg,300x580 mm,Symbol and Height : S33 150mm r : 30 h arrow width x height : 200 x 45 f : 5 e : 10 d : 20 c : 100 b : 580 a : 300 Legend : Transport D Medium `x` height 27.5 mm (Horizontal scale 85%),
P23,"""No parking Bus Stop, specified days, arrow pointing right"" — sign",Parking Signs,NO_PARKING_BUS_STOP_SPECIFIED_DAYS_ARROW_POINTING_RIGHT_SIGN_P23.svg,300x580 mm,Symbol and Height : S33 150mm r : 30 h arrow width x height : 200 x 45 f : 5 e : 10 d : 20 c : 100 b : 580 a : 300 Legend : Transport D Medium `x` height 27.5 mm (Horizontal scale 85%),
P23,"""No parking Bus Stop, specified days, double arrow"" — sign",Parking Signs,NO_PARKING_BUS_STOP_SPECIFIED_DAYS_DOUBLE_ARROW_SIGN_P23.svg,300x580 mm,Symbol and Height : S33 150mm r : 30 h arrow width x height : 200 x 45 f : 5 e : 10 d : 20 c : 100 b : 580 a : 300 Legend : Transport D Medium `x` height 27.5 mm (Horizontal scale 85%),
PCS2,Clearway ENDS,Parking Signs,CLEARWAY_ENDS_PCS2.svg,675x300 mm,a : 675 b : 300 r : 30 c : 10 d : 15 e : 38 Letters : 75D,
PPS5,Pay Parking area identification supplementary - sign (location code for technology based system for paying parking fees),Parking Signs,PAY_PARKING_AREA_IDENTIFICATION_SUPPLEMENTARY_SIGN_LOCATION_CODE_FOR_TECHNOLOGY_BASED_SYSTEM_FOR_PAYING_PARKING_FEES_PPS5.svg,600x400 mm,"a: 300 Note 1 b: 200 Note 1 r: 25 c: 10 ""Area code"" or similar text: Transport Medium 'x' height 25mm Code letters or numerals: 60C (compressed if necessary) Symbols: A symbol and its background up to a maximum size of 180 x 180mm may be displayed on the sign Note 1: Sign dimensions may be increased to accommodate the legend or to match the sign it is supplementing",drawn width 600 mm vs register 300 mm — check
PZ23,e.g. P / 120 / 9am – 4pm / Mon – Fri / ZONE,Parking Signs,E_G_P_120_9AM_4PM_MON_FRI_ZONE_PZ23.svg,300x450 mm,a 300 b 450 r 20 c 10 d 50 e 20 Type P 100E Numerals 75D Legend 9am - 4pm and Mon - Fri Transport medium `x` height 25 mm Type ZONE Transport medium `x` height 50 mm,
PZ22,e.g. P / 120 / ZONE / ENDS,Parking Signs,E_G_P_120_ZONE_ENDS_PZ22.svg,300x430 mm,a 300 b 430 r 20 c 10 d 50 Type P 100E Numerals 75D Type ZONE and ENDS Transport medium `x` height 50 mm,
PZ22,e.g. P / 60 / Mon – Fri / ZONE,Parking Signs,E_G_P_60_MON_FRI_ZONE_PZ22.svg,400x450 mm,a 400 b 450 r 50 c 10 d 60 Type P 100E Numerals 75D Legend Mon - Fri Transport medium `x` height 25 mm Type ZONE Transport medium `x` height 50 mm,
PZ21,e.g. P / 60 / ZONE,Parking Signs,E_G_P_60_ZONE_PZ21.svg,400x450 mm,a 400 b 450 r 50 c 10 d 150 Type P 100E Numerals 75D Type ZONE Transport medium `x` height 50 mm,
PZ15,e.g. P / Resident / Permit / Parking / ZONE / BEGINS,Parking Signs,E_G_P_RESIDENT_PERMIT_PARKING_ZONE_BEGINS_PZ15.svg,750x840 mm,a 750 b 840 r 50 c 30 d 60 e 30 Type P 100E Legend Resident Permit Parking NZ transport medium `x` height 50 mm Type ZONE and BEGINS Transport medium `x` height 50 mm,
PZ14,e.g. P / Resident / Permit / Parking /ZONE,Parking Signs,E_G_P_RESIDENT_PERMIT_PARKING_ZONE_PZ14.svg,750x840 mm,a 750 b 840 r : 50 c 30 d 100 e 50 Type P 100E Legend Resident Permit Parking NZ transport medium `x` height 50 mm Type ZONE Transport medium `x` height 50 mm,
PZ12,e.g. P 120 / Mon - Fri / ZONE,Parking Signs,E_G_P_120_MON_FRI_ZONE_PZ12.svg,300x430 mm,a 300 b 430 r 20 c 10 d 60 Type P 100E Legend Mon - Fri Transport medium `x` height 25 mm Type ZONE Transport medium `x` height 50 mm Numerals 75D,
PZ13,e.g. P 120 / Mon – Fri / ZONE /BEGINS,Parking Signs,E_G_P_120_MON_FRI_ZONE_BEGINS_PZ13.svg,500x500 mm,a 500 b 500 r 20 c 10 d 50 Type P 100E Numerals 75D Legend Mon - Fri Transport medium `x` height 25 mm Type ZONE and BEGINS Transport medium `x` height 50 mm,
PZ12,e.g. P$ / ZONE / ENDS,Parking Signs,E_G_P_ZONE_ENDS_PZ12.svg,300x450 mm,a 300 b 450 r 20 c 10 d 50 Type P 100E Type $ Transport medium `x` height 58 mm Type ZONE ENDS Transport medium `x` height 50 mm,
PZ11,"e.g. P$ / ZONE, P60 / ZONE",Parking Signs,E_G_P_ZONE_P60_ZONE_PZ11.svg,300x430 mm,a 300 b 430 r 20 c 10 d 40 Type P 100E Type $ Transport medium `x` height 58 mm Numerals 75D Type ZONE Transport medium `x` height 50 mm,
AB4,Advance advisory Bus and EV Only,General Advisory Signs,ADVANCE_ADVISORY_BUS_AND_EV_ONLY_AB4.svg,1046x1370 mm,a: 600mm 900mm b: 750mm 1200mm c: 10mm 10mm d: 15mm 25mm Radius: 50mm 60mm Bus: 465 x 160mm 700 x 240mm “EV”: 120mm Series E 180mm Series E “ONLY”: 120mm Series D 180mm Series D,drawn width 1046 mm vs register 600/900 mm — check
AB4,Advance advisory Bus and EV Only,General Advisory Signs,ADVANCE_ADVISORY_BUS_AND_EV_ONLY_WHITE_AB4.svg,771x917 mm,a: 600mm 900mm b: 750mm 1200mm c: 10mm 10mm d: 15mm 25mm Radius: 50mm 60mm Bus: 465 x 160mm 700 x 240mm “EV”: 120mm Series E 180mm Series E “ONLY”: 120mm Series D 180mm Series D,
AB4,Advance advisory T2 HV EV lane,General Advisory Signs,ADVANCE_ADVISORY_T2_HV_EV_LANE_AB4.svg,1134x1632 mm,a: 600mm 900mm b: 1000mm 1500mm c: 10mm 10mm d: 15mm 25mm Radius: 50mm 60mm Barrel: 195 x 130mm 293 x 195mm Car: 175 x 150mm 263 x 225mm Truck: 320 x 160mm 480 x 240mm “Transit”: 80mm Series E “TRANSIT” compressed 11.5% 120mm Series E “TRANSIT” compressed 10.5% “3.5 t” 60mm Series D 90mm Series D “EV”: 120mm Series E 180mm Series E “Lane”: 120mm Series D 180mm Series D Note This sign must be insta,drawn width 1134 mm vs register 600/900 mm — check
AB4,Advance advisory T2 HV EV lane,General Advisory Signs,ADVANCE_ADVISORY_T2_HV_EV_LANE_VAR2_AB4.svg,809x1145 mm,a: 600mm 900mm b: 1000mm 1500mm c: 10mm 10mm d: 15mm 25mm Radius: 50mm 60mm Barrel: 195 x 130mm 293 x 195mm Car: 175 x 150mm 263 x 225mm Truck: 320 x 160mm 480 x 240mm “Transit”: 80mm Series E “TRANSIT” compressed 11.5% 120mm Series E “TRANSIT” compressed 10.5% “3.5 t” 60mm Series D 90mm Series D “EV”: 120mm Series E 180mm Series E “Lane”: 120mm Series D 180mm Series D Note This sign must be insta,
AB4,Advance advisory T3 HV EV lane,General Advisory Signs,ADVANCE_ADVISORY_T3_HV_EV_LANE_AB4.svg,1134x1632 mm,a: 600mm 900mm b: 1000mm 1500mm c: 10mm 10mm d: 15mm 25mm Radius: 50mm 60mm Barrel: 195 x 130mm 293 x 195mm Car: 175 x 150mm 263 x 225mm Truck: 320 x 160mm 480 x 240mm “Transit”: 80mm Series E “TRANSIT” compressed 11.5% 120mm Series E “TRANSIT” compressed 10.5% “3.5 t” 60mm Series D 90mm Series D “EV”: 120mm Series E 180mm Series E “Lane”: 120mm Series D 180mm Series D Note This sign must be insta,drawn width 1134 mm vs register 600/900 mm — check
AB4,Advance advisory T3 HV EV lane,General Advisory Signs,ADVANCE_ADVISORY_T3_HV_EV_LANE_VAR2_AB4.svg,809x1145 mm,a: 600mm 900mm b: 1000mm 1500mm c: 10mm 10mm d: 15mm 25mm Radius: 50mm 60mm Barrel: 195 x 130mm 293 x 195mm Car: 175 x 150mm 263 x 225mm Truck: 320 x 160mm 480 x 240mm “Transit”: 80mm Series E “TRANSIT” compressed 11.5% 120mm Series E “TRANSIT” compressed 10.5% “3.5 t” 60mm Series D 90mm Series D “EV”: 120mm Series E 180mm Series E “Lane”: 120mm Series D 180mm Series D Note This sign must be insta,
AB42,Advance advisory special vehicle lane supplementary – Ahead,General Advisory Signs,ADVANCE_ADVISORY_SPECIAL_VEHICLE_LANE_SUPPLEMENTARY_AHEAD_AB42.svg,997x328 mm,a: 600mm 900mm b: 250mm 300mm c: 10mm 10mm d: 15mm 25mm Radius: 50mm 60mm “AHEAD”: 100mm Series D 150mm Series D,drawn width 997 mm vs register 600/900 mm — check
AB42,Advance advisory special vehicle lane supplementary – Ahead,General Advisory Signs,ADVANCE_ADVISORY_SPECIAL_VEHICLE_LANE_SUPPLEMENTARY_AHEAD_VAR2_AB42.svg,602x252 mm,a: 600mm 900mm b: 250mm 300mm c: 10mm 10mm d: 15mm 25mm Radius: 50mm 60mm “AHEAD”: 100mm Series D 150mm Series D,
AB43,Advance advisory special vehicle lane supplementary – On-ramp,General Advisory Signs,ADVANCE_ADVISORY_SPECIAL_VEHICLE_LANE_SUPPLEMENTARY_ON_RAMP_AB43.svg,997x328 mm,a: 600mm 900mm b: 250mm 300mm c: 10mm 10mm d: 15mm 25mm Radius: 50mm 60mm “ON-RAMP”: 100mm Series C 150mm Series C,drawn width 997 mm vs register 600/900 mm — check
AB43,Advance advisory special vehicle lane supplementary – On-ramp,General Advisory Signs,ADVANCE_ADVISORY_SPECIAL_VEHICLE_LANE_SUPPLEMENTARY_ON_RAMP_VAR2_AB43.svg,602x252 mm,a: 600mm 900mm b: 250mm 300mm c: 10mm 10mm d: 15mm 25mm Radius: 50mm 60mm “ON-RAMP”: 100mm Series C 150mm Series C,
AB41,Advance advisory special vehicle lane supplementary – [distance] m,General Advisory Signs,ADVANCE_ADVISORY_SPECIAL_VEHICLE_LANE_SUPPLEMENTARY_DISTANCE_M_AB41.svg,997x328 mm,a: 600mm 900mm b: 250mm 300mm c: 10mm 10mm d: 15mm 25mm Radius: 50mm 60mm Numerals: 100mm Series D 150mm Series D m: Tpt Med ‘x’ height 70 mm Tpt Med ‘x’ height 100 mm,drawn width 997 mm vs register 600/900 mm — check
AB41,Advance advisory special vehicle lane supplementary – [distance] m,General Advisory Signs,ADVANCE_ADVISORY_SPECIAL_VEHICLE_LANE_SUPPLEMENTARY_DISTANCE_M_VAR2_AB41.svg,602x252 mm,a: 600mm 900mm b: 250mm 300mm c: 10mm 10mm d: 15mm 25mm Radius: 50mm 60mm Numerals: 100mm Series D 150mm Series D m: Tpt Med ‘x’ height 70 mm Tpt Med ‘x’ height 100 mm,
AB7,Average Speed Camera Area,General Advisory Signs,AVERAGE_SPEED_CAMERA_AREA_AB7.svg,500x292 mm,Urban Rural a: 750 1050 b: 1650 2100 c: 510 645 d: 500 640 e: 62.5 85 f: 20 25 g: 25 35 h: 125 150 r: 60 60 Legend Series C125 Series C160,drawn width 500 mm vs register 750/1050 mm — check; 3 stroked path(s) ignored
AB7,Average Speed Camera Area,General Advisory Signs,AVERAGE_SPEED_CAMERA_AREA_VAR2_AB7.svg,593x129 mm,Urban Rural a: 750 1050 b: 1650 2100 c: 510 645 d: 500 640 e: 62.5 85 f: 20 25 g: 25 35 h: 125 150 r: 60 60 Legend Series C125 Series C160,2 stroked path(s) ignored
AB7,Average Speed Camera Area,General Advisory Signs,AVERAGE_SPEED_CAMERA_AREA_VAR3_AB7.svg,530x129 mm,Urban Rural a: 750 1050 b: 1650 2100 c: 510 645 d: 500 640 e: 62.5 85 f: 20 25 g: 25 35 h: 125 150 r: 60 60 Legend Series C125 Series C160,2 stroked path(s) ignored
AB7,Average Speed Camera Area,General Advisory Signs,AVERAGE_SPEED_CAMERA_AREA_VAR4_AB7.svg,417x129 mm,Urban Rural a: 750 1050 b: 1650 2100 c: 510 645 d: 500 640 e: 62.5 85 f: 20 25 g: 25 35 h: 125 150 r: 60 60 Legend Series C125 Series C160,2 stroked path(s) ignored
AB7,Average Speed Camera Area,General Advisory Signs,AVERAGE_SPEED_CAMERA_AREA_VAR5_AB7.svg,339x125 mm,Urban Rural a: 750 1050 b: 1650 2100 c: 510 645 d: 500 640 e: 62.5 85 f: 20 25 g: 25 35 h: 125 150 r: 60 60 Legend Series C125 Series C160,2 stroked path(s) ignored
AB7,Average Speed Camera Area,General Advisory Signs,AVERAGE_SPEED_CAMERA_AREA_VAR6_AB7.svg,83x157 mm,Urban Rural a: 750 1050 b: 1650 2100 c: 510 645 d: 500 640 e: 62.5 85 f: 20 25 g: 25 35 h: 125 150 r: 60 60 Legend Series C125 Series C160,
AME,Expressway,General Advisory Signs,EXPRESSWAY_AME.svg,1350x450 mm,a 1350 b 450 r 60 c 20 Legend Letters 150C,
AME1,Expressway Begins,General Advisory Signs,EXPRESSWAY_BEGINS_AME1.svg,2760x1200 mm,a 2760 b 1200 r 150 c 50 d 200 Legend Letters 250D,
AME4,Expressway Ends - on off-ramp/side road,General Advisory Signs,EXPRESSWAY_ENDS_ON_OFF_RAMP_SIDE_ROAD_AME4.svg,990x600 mm,a 990 b 600 r 75 c 20 d 90 e 120 f 100 Legend 1ST LINE 100C Legend 2ND LINE 150C,
AME3,Expressway Ends [xx] m,General Advisory Signs,EXPRESSWAY_ENDS_XX_M_AME3.svg,2760x1200 mm,a 2760 b 1200 r 150 c 50 d 200 Legend Letters 250D,
AME2,Expressway Ends [xx] m,General Advisory Signs,EXPRESSWAY_ENDS_XX_M_AME2.svg,2760x1200 mm,a 2760 b 1200 r 150 c 50 d 200 e 155 Legend Letters 250D Legend 'm' Transport D Medium x=160,
none,Feeling Sleepy? Take a break,General Advisory Signs,FEELING_SLEEPY_TAKE_A_BREAK_none.svg,1680x535 mm,a 1680 b 535 r 100 c 25 d 36 Legend 1st line Transport D Med x height = 85 Legend 2nd line 140D,
AH31,Heavy vehicle bridge restriction ahead ‘[distance]’ km,General Advisory Signs,HEAVY_VEHICLE_BRIDGE_RESTRICTION_AHEAD_DISTANCE_KM_AH31.svg,943x795 mm,"a: 900 b: 750 r: 60 c: 50 d: 25 e: 10 Type LINE 1, 2 and 3 100B Type LINE 4 'Ahead' 75D Type LINE 4 Numerals 75D Type LINE 4 'km' Transport Med (x height = 50)",1 stroked path(s) ignored
AMM,Motorway,General Advisory Signs,MOTORWAY_AMM.svg,1180x450 mm,a 1180 b 450 r 60 c 20 Legend 150C,
AMM1,Motorway Begins,General Advisory Signs,MOTORWAY_BEGINS_AMM1.svg,2400x1200 mm,a 2400 b 1200 r 150 c 50 d 200 Legend 250D,
AMM3,Motorway Ends - on main road,General Advisory Signs,MOTORWAY_ENDS_ON_MAIN_ROAD_AMM3.svg,2400x1200 mm,a 2400 b 1200 r 150 c 50 d 200 Legend Letters 250D,
AMM4,Motorway ends - on off-ramp,General Advisory Signs,MOTORWAY_ENDS_ON_OFF_RAMP_AMM4.svg,890x600 mm,a 890 b 600 r 75 c 20 d 90 e 120 f 100 Legend 1ST LINE 100C Legend 2ND LINE 150C,
AMM2,Motorway ends [xx] m,General Advisory Signs,MOTORWAY_ENDS_XX_M_AMM2.svg,2600x1200 mm,a 2600 b 1200 r 150 c 50 d 200 e 155 Legend Letters 250D Legend 'm' Transport D Medium x=160,
None,NAMED' Toll Road Ahead,General Advisory Signs,NAMED_TOLL_ROAD_AHEAD_None.svg,2755x3285 mm,a 2755 b 3285 r 300 c 60 d 225 e 240 Legend font Mod Series E 300 Legend font 'km AHEAD' Mod Series E 225 Numerals Mod Series E 300 Symbol 'TOLL' shield 585,
none,NZ Cycle Trail (NZCT) logo,General Advisory Signs,NZ_CYCLE_TRAIL_NZCT_LOGO_none.svg,2000x1087 mm,a 200 300 b 108 150 Legend Panel A: Legend symbol cycle w x h 86x77 133x120 Legend 'Nga Haeranga' w x h 84x14.2 126x21,drawn width 2000 mm vs register 200/300 mm — check
none,NZ Cycle Trail (NZCT) route arrow,General Advisory Signs,NZ_CYCLE_TRAIL_NZCT_ROUTE_ARROW_none.svg,3000x4799 mm,"a 300 b Height to fit message r 20 c 10 d 12 e : Legend arrow type B, shaft 38 f : Legend arrow width 167 Legend symbol 200x180 Legend Text description Series Modified E 25",drawn width 3000 mm vs register 300 mm — check
none,NZ Cycle Trail (NZCT) route arrow,General Advisory Signs,NZ_CYCLE_TRAIL_NZCT_ROUTE_ARROW_VAR2_none.svg,3000x4500 mm,"a 300 b Height to fit message r 20 c 10 d 12 e : Legend arrow type B, shaft 38 f : Legend arrow width 167 Legend symbol 200x180 Legend Text description Series Modified E 25",
none,NZ Cycle Trail (NZCT) route arrow,General Advisory Signs,NZ_CYCLE_TRAIL_NZCT_ROUTE_ARROW_2_none.svg,2000x3000 mm,"a 200 b 300 r 20 c 10 d : Legend arrow type B, shaft 30 e : Legend arrow width 132 Legend symbol 140x126",drawn width 2000 mm vs register 200 mm — check
none,NZ Cycle Trail (NZCT) route begins/ends,General Advisory Signs,NZ_CYCLE_TRAIL_NZCT_ROUTE_BEGINS_ENDS_none.svg,3000x4000 mm,Legend symbol 200x100 300x150 Legend Text description Series Modified E 25 Series Modified E 25 Legend 'Cycle Trail' Series Modified E 25 Series Modified E 25 Legend 'BEGINS' 'ENDS' Series Modified E 25 Series Modified E 25,drawn width 3000 mm vs register 200 mm — check
AME5,Named Expressway Begins.eps,General Advisory Signs,NAMED_EXPRESSWAY_BEGINS_EPS_AME5.svg,2765x1650 mm,a 2765 b 1650 r 150 c 50 d 200 Legend Letters 250D,
AME7,Named Expressway Ends - on main road.eps,General Advisory Signs,NAMED_EXPRESSWAY_ENDS_ON_MAIN_ROAD_EPS_AME7.svg,2765x1650 mm,a 2765 b 1650 r 150 c 50 d 200 Legend Letters 250D,
AME8,Named Expressway Ends - on off-ramp/side road.eps,General Advisory Signs,NAMED_EXPRESSWAY_ENDS_ON_OFF_RAMP_SIDE_ROAD_EPS_AME8.svg,900x600 mm,a 900 b 600 r 50 c 20 d 52.5 Legend LINE 1 & 2 100C Legend 2ND LINE 150C,
AME6,Named Expressway Ends [xx] m,General Advisory Signs,NAMED_EXPRESSWAY_ENDS_XX_M_AME6.svg,2765x1650 mm,a 2765 b 1650 r 150 c 50 d 200 e 155 Legend Letters 250D Legend 'm' Transport D Medium x=160,2 stroked path(s) ignored
AMEN,Named Expressway.gif,General Advisory Signs,NAMED_EXPRESSWAY_GIF_AMEN.svg,1369x700 mm,a 1369 b 700 r 100 c 20 d 130 e 100 Legend Letters 150C,
AMMN,Named Motorway,General Advisory Signs,NAMED_MOTORWAY_AMMN.svg,1257x700 mm,a 1257 b 700 r 100 c 20 d 130 e 100 Legend Letters 150C,
AMM5,Named Motorway Begins,General Advisory Signs,NAMED_MOTORWAY_BEGINS_AMM5.svg,2765x1650 mm,a 2765 b 1650 r 150 c 50 d 200 Legend Letters 250D,
AMM7,Named Motorway Ends - on main road,General Advisory Signs,NAMED_MOTORWAY_ENDS_ON_MAIN_ROAD_AMM7.svg,2765x1650 mm,a 2765 b 1650 r 150 c 50 d 200 Legend Letters 250D,
AMM8,Named Motorway ends - on off-ramp,General Advisory Signs,NAMED_MOTORWAY_ENDS_ON_OFF_RAMP_AMM8.svg,900x600 mm,a 900 b 600 r 50 c 20 d 52.5 Legend LINE 1 & 2 100C Legend 2ND LINE 150C,
AMM6,Named Motorway ends [xx] m.eps,General Advisory Signs,NAMED_MOTORWAY_ENDS_XX_M_EPS_AMM6.svg,2765x1650 mm,a 2765 b 1650 r 150 c 50 d 200 e 155 Legend Letters 250D Legend 'm' Transport D Medium x=160,
AU53,Pass Safely - Pedestrians,General Advisory Signs,PASS_SAFELY_PEDESTRIANS_AU53.svg,900x750 mm,a 900 b 750 c 25 d 10 r 60 Symbol 745x350mm Text 120/C Compressed 20% Note This sign should be used in constrained urban or low speed rural locations where there is not enough roadway width to safely achieve a 1.5 metre passing gap.,1 stroked path(s) ignored
AT1,Road classification construction zone arrow pointing left,General Advisory Signs,ROAD_CLASSIFICATION_CONSTRUCTION_ZONE_ARROW_POINTING_LEFT_AT1.svg,450x300 mm,a 450 b 300 c 40 d 50 e 300 f 15 g 15 h 10 r 25 Legend 50B Arrow Type B,
AT1,Road classification construction zone arrow pointing right,General Advisory Signs,ROAD_CLASSIFICATION_CONSTRUCTION_ZONE_ARROW_POINTING_RIGHT_AT1.svg,450x300 mm,a 450 b 300 c 40 d 50 e 300 f 15 g 15 h 10 r 25 Legend 50B Arrow Type B,
none,Roundabout may change signal,General Advisory Signs,ROUNDABOUT_MAY_CHANGE_SIGNAL_none.svg,748x450 mm,a 750 b 450 c 10 d 20 e 40 Legend Type 80C,
AB5,Shared Zone,General Advisory Signs,SHARED_ZONE_AB5.svg,600x750 mm,a 600 b 750 r 50 c 20 d 50 Legend Symbol children 160x135 Legend Symbol pedestrian 90x150 Legend Symbol Cycle 160x100 Legend Symbol Car 120x100 Legend Type 100C,
None,TOLL Route indicator - Toll,General Advisory Signs,TOLL_ROUTE_INDICATOR_TOLL_None.svg,280x280 mm,"a 280 (390 as an individual sign, 280 on other signs) b 10 c 60 d 110 Type 90 C",
None,Toll 'Cameras Operating' sign,General Advisory Signs,TOLL_CAMERAS_OPERATING_SIGN_None.svg,3180x2760 mm,a 3180 b 2760 r 300 c 60 d 225 e 240 Legend font Mod Series E 300 Symbol 'TOLL' shield 585,
None,Toll 'Cash Payment' sign,General Advisory Signs,TOLL_CASH_PAYMENT_SIGN_None.svg,2975x520 mm,a 2975 b 520 r 100 c 40 d : chevron height 360 Legend font Mod Series E 160 Symbol 'TOLL' shield 312x323,
None,Toll 'Electronic Collections' sign,General Advisory Signs,TOLL_ELECTRONIC_COLLECTIONS_SIGN_None.svg,3180x4185 mm,a 3180 b 4185 r 300 c 60 d 225 e 240 f 600 Legend font Mod Series E 300 Symbol 'TOLL' shield 585,
None,Toll 'Non payment' sign,General Advisory Signs,TOLL_NON_PAYMENT_SIGN_None.svg,3937x2235 mm,a 3937 b 2235 r 300 c 60 d 225 e 240 Legend font Mod Series E 300 Symbol 'TOLL' shield 585,
None,Toll 'Payment methods' sign,General Advisory Signs,TOLL_PAYMENT_METHODS_SIGN_None.svg,5535x3345 mm,a 5535 b 3345 r 300 c 60 d 225 e 240 f 300 Legend font Mod Series E 300 Numerals Mod Series E 300 Symbol 'TOLL' shield 585,
none,Toll 'ROAD BEGINS' sign,General Advisory Signs,TOLL_ROAD_BEGINS_SIGN_none.svg,3730x4800 mm,a 3730 b 4800 r 250 c 40 d 216 e 225 f 301 g 25 h 291 Legend font top panel 300 Series Modified E Legend font bottom panel 300D Symbol 'TOLL' brick w x h 1700 x 660,
None,Toll 'Terms & Conditions' sign,General Advisory Signs,TOLL_TERMS_CONDITIONS_SIGN_None.svg,5535x2295 mm,a 5535 b 2295 r 300 c 60 d 225 e 240 f 300 Legend font Mod Series E 300 Symbol 'TOLL' shield 585,
None,Toll Road Ahead,General Advisory Signs,TOLL_ROAD_AHEAD_None.svg,4200x4280 mm,a 4200 b 4280 r 300 c 60 d 2100 e 50 f 2010 g 225 h 240 i 150 Legend font Mod Series E 300 Legend font 'km AHEAD' Mod Series E 225 Numerals Mod Series E 300 Symbol 'TOLL' shield 585 Symbol 'Twin Coasts' 572,
None,Toll Tariff sign,General Advisory Signs,TOLL_TARIFF_SIGN_None.svg,3300x3458 mm,a 3300 b 3458 r 300 c 60 d 225 e 300 Legend font Mod Series E 300 Numerals and $ symbol Mod Series E 300 Symbol 'TOLL' shield 572,
MA4L,"Advance, services adjacent to road, four services on left",Motorist Service Signs,ADVANCE_SERVICES_ADJACENT_TO_ROAD_FOUR_SERVICES_ON_LEFT_MA4L.svg,1750x830 mm,"a 1750 Rectangle width to fit number of symbols b 830 r 50 c 25 d 60 e 100 f 75 Symbols 300x300 (Rest Area, Public Toilet, Waste Disposal and Public Parking) 'm' Transport D Med x=75 Legend and Numeral 120D",
MA4R,"Advance, services adjacent to road, four services on right",Motorist Service Signs,ADVANCE_SERVICES_ADJACENT_TO_ROAD_FOUR_SERVICES_ON_RIGHT_MA4R.svg,1750x830 mm,"a 1750 Rectangle width to fit number of symbols b 830 r 50 c 25 d 60 e 100 f 75 Symbols 300x300 (Rest Area, Public Toilet, Waste Disposal and Public Parking) 'm' Transport D Med x=75 Legend and Numeral 120D",
MA1L,"Advance, services adjacent to road, one service on left",Motorist Service Signs,ADVANCE_SERVICES_ADJACENT_TO_ROAD_ONE_SERVICE_ON_LEFT_MA1L.svg,640x1000 mm,a 640 b 1000 r 50 c 25 d 60 e 75 Symbol 300x300 (Rest Area) 'm' Transport D Med x=75 Legend and Numeral 120D,
MA1R,"Advance, services adjacent to road, one service on right",Motorist Service Signs,ADVANCE_SERVICES_ADJACENT_TO_ROAD_ONE_SERVICE_ON_RIGHT_MA1R.svg,640x1000 mm,a 640 b 1000 r 50 c 25 d 60 e 75 Symbol 300x300 (Rest Area) 'm' Transport D Med x=75 Legend and Numeral 120D,
MA3L,"Advance, services adjacent to road, three services on left",Motorist Service Signs,ADVANCE_SERVICES_ADJACENT_TO_ROAD_THREE_SERVICES_ON_LEFT_MA3L.svg,1370x830 mm,"a 1370 Rectangle width to fit number of symbols b 830 r 50 c 25 d 60 e 100 f 75 Symbols 300x300 (Rest Area, Public Toilet and Waste Disposal) 'm' Transport D Med x=75 Legend and Numeral 120D",
MA3R,"Advance, services adjacent to road, three services on right",Motorist Service Signs,ADVANCE_SERVICES_ADJACENT_TO_ROAD_THREE_SERVICES_ON_RIGHT_MA3R.svg,1370x830 mm,"a 1370 Rectangle width to fit number of symbols b 830 r 50 c 25 d 60 e 100 f 75 Symbols 300x300 (Rest Area, Public Toilet and Waste Disposal) 'm' Transport D Med x=75 Legend and Numeral 120D",
MA2L,"Advance, services adjacent to road, two services on left",Motorist Service Signs,ADVANCE_SERVICES_ADJACENT_TO_ROAD_TWO_SERVICES_ON_LEFT_MA2L.svg,950x830 mm,a 950 Rectangle width to fit number of symbols b 830 r 50 c 25 d 60 e 100 f 75 Symbols 300x300 (Rest Area and Public Toilet) 'm' Transport D Med x=75 Legend and Numeral 120D,
MA2R,"Advance, services adjacent to road, two services on right",Motorist Service Signs,ADVANCE_SERVICES_ADJACENT_TO_ROAD_TWO_SERVICES_ON_RIGHT_MA2R.svg,950x830 mm,a 950 Rectangle width to fit number of symbols b 830 r 50 c 25 d 60 e 100 f 75 Symbols 300x300 (Rest Area and Public Toilet) 'm' Transport D Med x=75 Legend and Numeral 120D,
MB4L,"Advance, services on side road, four services on left",Motorist Service Signs,ADVANCE_SERVICES_ON_SIDE_ROAD_FOUR_SERVICES_ON_LEFT_MB4L.svg,1750x830 mm,"a 1750 Rectangle width to fit number of symbols b 830 r 50 c 25 d 60 e 100 f 75 Symbols 300x300 (Rest Area, Public Toilet, Waste Disposal and Public Parking) 'm' Transport D Med x=75 Legend and Numeral 120D",
MB4R,"Advance, services on side road, four services on right",Motorist Service Signs,ADVANCE_SERVICES_ON_SIDE_ROAD_FOUR_SERVICES_ON_RIGHT_MB4R.svg,1750x830 mm,"a 1750 Rectangle width to fit number of symbols b 830 r 50 c 25 d 60 e 100 f 75 Symbols 300x300 (Rest Area, Public Toilet, Waste Disposal and Public Parking) 'm' Transport D Med x=75 Legend and Numeral 120D",2 stroked path(s) ignored
MB1L,"Advance, services on side road, one service on left",Motorist Service Signs,ADVANCE_SERVICES_ON_SIDE_ROAD_ONE_SERVICE_ON_LEFT_MB1L.svg,640x1000 mm,a 640 b 1000 r 50 c 25 d 60 e 75 Symbols 300x300 (Rest Area) 'm' Transport D Med x=75 Legend and Numeral 120D,
MB1R,"Advance, services on side road, one service on right",Motorist Service Signs,ADVANCE_SERVICES_ON_SIDE_ROAD_ONE_SERVICE_ON_RIGHT_MB1R.svg,640x1000 mm,a 640 b 1000 r 50 c 25 d 60 e 75 Symbols 300x300 (Rest Area) 'm' Transport D Med x=75 Legend and Numeral 120D,
MB3L,"Advance, services on side road, three services on left",Motorist Service Signs,ADVANCE_SERVICES_ON_SIDE_ROAD_THREE_SERVICES_ON_LEFT_MB3L.svg,1370x830 mm,"a 1370 Rectangle width to fit number of symbols b 830 r 50 c 25 d 60 e 100 f 75 Symbols 300x300 (Rest Area, Public Toilet and Waste Disposal) 'm' Transport D Med x=75 Legend and Numeral 120D",
MB3R,"Advance, services on side road, three services on right",Motorist Service Signs,ADVANCE_SERVICES_ON_SIDE_ROAD_THREE_SERVICES_ON_RIGHT_MB3R.svg,1370x830 mm,"a 1370 Rectangle width to fit number of symbols b 830 r 50 c 25 d 60 e 100 f 75 Symbols 300x300 (Rest Area, Public Toilet and Waste Disposal) 'm' Transport D Med x=75 Legend and Numeral 120D",
MB2L,"Advance, services on side road, two services on left",Motorist Service Signs,ADVANCE_SERVICES_ON_SIDE_ROAD_TWO_SERVICES_ON_LEFT_MB2L.svg,1100x830 mm,a 1100 Rectangle width to fit number of symbols b 830 r 50 c 25 d 60 e 100 f 75 Symbols 300x300 (Rest Area and Public Toilet) 'm' Transport D Med x=75 Legend and Numeral 120D,
MB2R,"Advance, services on side road, two services on right",Motorist Service Signs,ADVANCE_SERVICES_ON_SIDE_ROAD_TWO_SERVICES_ON_RIGHT_MB2R.svg,1100x830 mm,a 1100 Rectangle width to fit number of symbols b 830 r 50 c 25 d 60 e 100 f 75 Symbols 300x300 (Rest Area and Public Toilet) 'm' Transport D Med x=75 Legend and Numeral 120D,
,"Airport route, marker, standard",Motorist Service Signs,,,,no EPS file on the register entry
,"Airport route, start, standard",Motorist Service Signs,,,,no EPS file on the register entry
MAN,Next / [service] / [distance] km,Motorist Service Signs,NEXT_SERVICE_DISTANCE_KM_MAN.svg,900x1110 mm,a 900 b 1110 r 50 c 25 d 90 e 100 Type 'NEXT' 140C Symbol 400x400 (Rest Area) 'km' Transport D Med x=100 Numeral 160D,
MC4L,"Position, chevron type, four services, chevron facing left",Motorist Service Signs,POSITION_CHEVRON_TYPE_FOUR_SERVICES_CHEVRON_FACING_LEFT_MC4L.svg,2200x450 mm,"a 2200 Rectangle with pointed end to fit number of symbols b 450 r 50 c 25 d 330 e 130 f 120 g 100 Symbols 300x300 (Rest Area, Public Toilets, Waste Disposal Point and Public Parking)",
MC4R,"Position, chevron type, four services, chevron facing right",Motorist Service Signs,POSITION_CHEVRON_TYPE_FOUR_SERVICES_CHEVRON_FACING_RIGHT_MC4R.svg,2200x450 mm,"a 2200 Rectangle with pointed end to fit number of symbols b 450 r 50 c 25 d 330 e 130 f 120 g 100 Symbols 300x300 (Rest Area, Public Toilets, Waste Disposal Point and Public Parking)",
MC1i,"Position, chevron type, one service, VIN i-site",Motorist Service Signs,POSITION_CHEVRON_TYPE_ONE_SERVICE_VIN_I_SITE_MC1i.svg,900x450 mm,a 900 b 450 r 50 c 820 d 228 Legend ' i' 175 x 175 Legend 'site' 468 x 169 Triangle 115 x 228,
MC1L,"Position, chevron type, one service, chevron facing left",Motorist Service Signs,POSITION_CHEVRON_TYPE_ONE_SERVICE_CHEVRON_FACING_LEFT_MC1L.svg,900x450 mm,a 900 b 450 r 50 c 25 d 330 e 130 f 120 Symbols 300x300 (Rest Area),
MC1R,"Position, chevron type, one service, chevron facing right",Motorist Service Signs,POSITION_CHEVRON_TYPE_ONE_SERVICE_CHEVRON_FACING_RIGHT_MC1R.svg,900x450 mm,a 900 b 450 r 50 c 25 d 330 e 130 f 120 Symbols 300x300 (Rest Area),
MC3L,"Position, chevron type, three services, chevron facing left",Motorist Service Signs,POSITION_CHEVRON_TYPE_THREE_SERVICES_CHEVRON_FACING_LEFT_MC3L.svg,1800x450 mm,"a 1800 Rectangle with pointed end to fit number of symbols b 450 r 50 c 25 d 330 e 130 f 120 g 100 Symbols 300x300 (Rest Area, Public Toilets and Waste Disposal Point)",
MC3R,"Position, chevron type, three services, chevron facing right",Motorist Service Signs,POSITION_CHEVRON_TYPE_THREE_SERVICES_CHEVRON_FACING_RIGHT_MC3R.svg,1800x450 mm,"a 1800 Rectangle with pointed end to fit number of symbols b 450 r 50 c 25 d 330 e 130 f 120 g 100 Symbols 300x300 (Rest Area, Public Toilets and Waste Disposal Point)",
MC2L,"Position, chevron type, two services, chevron facing left",Motorist Service Signs,POSITION_CHEVRON_TYPE_TWO_SERVICES_CHEVRON_FACING_LEFT_MC2L.svg,1350x450 mm,a 1350 Rectangle with pointed end to fit number of symbols b 450 r 50 c 25 d 330 e 130 f 120 g 100 Symbols 300x300 (Rest Area and Public Toilets),
MC2R,"Position, chevron type, two services, chevron facing right",Motorist Service Signs,POSITION_CHEVRON_TYPE_TWO_SERVICES_CHEVRON_FACING_RIGHT_MC2R.svg,1350x450 mm,a 1350 Rectangle with pointed end to fit number of symbols b 450 r 50 c 25 d 330 e 130 f 120 g 100 Symbols 300x300 (Rest Area and Public Toilets),
ME4L,"Position, rectangular type, four services, arrow facing left",Motorist Service Signs,POSITION_RECTANGULAR_TYPE_FOUR_SERVICES_ARROW_FACING_LEFT_ME4L.svg,830x1200 mm,"a 830 b 1200 Height to fit number of symbols r 50 c 25 d 80 e : Arrow type D 300 f : Arrow shaft 80 Symbols 300x300 (Rest Area, Public Toilets, Waste Disposal Point and Public Parking)",
ME4R,"Position, rectangular type, four services, arrow facing right",Motorist Service Signs,POSITION_RECTANGULAR_TYPE_FOUR_SERVICES_ARROW_FACING_RIGHT_ME4R.svg,830x1200 mm,"a 830 b 1200 Height to fit number of symbols r 50 c 25 d 80 e : Arrow type D 300 f : Arrow shaft 80 Symbols 300x300 (Rest Area, Public Toilets, Waste Disposal Point and Public Parking)",
ME1L,"Position, rectangular type, one service, arrow facing left",Motorist Service Signs,POSITION_RECTANGULAR_TYPE_ONE_SERVICE_ARROW_FACING_LEFT_ME1L.svg,450x800 mm,a 450 b 790 r 50 c 25 d 80 e : Arrow type D 300 f : Arrow shaft 80 Symbols 300x300 (Rest Area),
ME1R,"Position, rectangular type, one service, arrow facing right",Motorist Service Signs,POSITION_RECTANGULAR_TYPE_ONE_SERVICE_ARROW_FACING_RIGHT_ME1R.svg,450x800 mm,a 450 b 790 r 50 c 25 d 80 e : Arrow type D 300 f : Arrow shaft 80 Symbols 300x300 (Rest Area),
ME3L,"Position, rectangular type, three services, arrow facing left",Motorist Service Signs,POSITION_RECTANGULAR_TYPE_THREE_SERVICES_ARROW_FACING_LEFT_ME3L.svg,830x1200 mm,"a 830 b 1200 Height to fit number of symbols r 50 c 25 d 80 e : Arrow type D 300 f : Arrow shaft 80 Symbols 300x300 (Rest Area, Public Toilets and Waste Disposal Point)",
ME3R,"Position, rectangular type, three services, arrow facing right",Motorist Service Signs,POSITION_RECTANGULAR_TYPE_THREE_SERVICES_ARROW_FACING_RIGHT_ME3R.svg,830x1200 mm,"a 830 b 1200 Height to fit number of symbols r 50 c 25 d 80 e : Arrow type D 300 f : Arrow shaft 80 Symbols 300x300 (Rest Area, Public Toilets and Waste Disposal Point)",
ME2L,"Position, rectangular type, two services, arrow facing left",Motorist Service Signs,POSITION_RECTANGULAR_TYPE_TWO_SERVICES_ARROW_FACING_LEFT_ME2L.svg,830x800 mm,a 830 b 790 Height to fit number of symbols r 50 c 25 d 80 e : Arrow type D 300 f : Arrow shaft 80 Symbols 300x300 (Rest Area and Public Toilets),
ME2R,"Position, rectangular type, two services, arrow facing right",Motorist Service Signs,POSITION_RECTANGULAR_TYPE_TWO_SERVICES_ARROW_FACING_RIGHT_ME2R.svg,830x800 mm,a 830 b 790 Height to fit number of symbols r 50 c 25 d 80 e : Arrow type D 300 f : Arrow shaft 80 Symbols 300x300 (Rest Area and Public Toilets),
MD1R,[service] [distance] km chevron facing right,Motorist Service Signs,SERVICE_DISTANCE_KM_CHEVRON_FACING_RIGHT_MD1R.svg,1300x450 mm,a 1300 Rectangle with pointed end to fit number of symbols plus distance b 450 r 50 c 25 d 330 e 130 f 120 g 100 h 75 Numeral 120D Legend 'km' Transport D Med x=75 Symbols 300x300 (Rest Area),
MD2R,[service] [service] [distance] km chevron facing right,Motorist Service Signs,SERVICE_SERVICE_DISTANCE_KM_CHEVRON_FACING_RIGHT_MD2R.svg,1800x450 mm,a 1800 Rectangle with pointed end to fit number of symbols plus distance b 450 r 50 c 25 d 330 e 130 f 120 g 100 h 75 Numeral 120D Legend 'km' Transport D Med x=75 Symbols 300x300 (Rest Area and Public Toilets),
MD3R,[service] [service] [service] [distance] km chevron facing right,Motorist Service Signs,SERVICE_SERVICE_SERVICE_DISTANCE_KM_CHEVRON_FACING_RIGHT_MD3R.svg,2200x450 mm,"a 2200 Rectangle with pointed end to fit number of symbols plus distance b 450 r 50 c 25 d 330 e 130 f 120 g 100 h 75 Numeral 120D Legend 'km' Transport D Med x=75 Symbols 300x300 (Rest Area, Public Toilets and Waste Disposal Point)",
MD4R,[service] [service] [service] [service] [distance] km chevron facing right,Motorist Service Signs,SERVICE_SERVICE_SERVICE_SERVICE_DISTANCE_KM_CHEVRON_FACING_RIGHT_MD4R.svg,2500x450 mm,"a 2500 Rectangle with pointed end to fit number of symbols plus distance b 450 r 50 c 25 d 330 e 130 f 120 g 100 h 75 Numeral 120D Legend 'km' Transport D Med x=75 Symbols 300x300 (Rest Area, Public Toilets, Waste Disposal Point and Public Parking)",
MD1L,chevron facing left [distance] km [service],Motorist Service Signs,CHEVRON_FACING_LEFT_DISTANCE_KM_SERVICE_MD1L.svg,1300x450 mm,a 1300 Rectangle with pointed end to fit number of symbols plus distance b 450 r 50 c 25 d 330 e 130 f 120 g 100 h 75 Numeral 120D Legend 'km' Transport D Med x=75 Symbols 300x300 (Rest Area),
MD2L,chevron facing left [distance] km [service] [service],Motorist Service Signs,CHEVRON_FACING_LEFT_DISTANCE_KM_SERVICE_SERVICE_MD2L.svg,1800x450 mm,a 1800 Rectangle with pointed end to fit number of symbols plus distance b 450 r 50 c 25 d 330 e 130 f 120 g 100 h 75 Numeral 120D Legend 'km' Transport D Med x=75 Symbols 300x300 (Rest Area and Public Toilets),
MD3L,chevron facing left [distance] km [service] [service] [service],Motorist Service Signs,CHEVRON_FACING_LEFT_DISTANCE_KM_SERVICE_SERVICE_SERVICE_MD3L.svg,2200x450 mm,"a 2200 Rectangle with pointed end to fit number of symbols plus distance b 450 r 50 c 25 d 330 e 130 f 120 g 100 h 75 Numeral 120D Legend 'km' Transport D Med x=75 Symbols 300x300 (Rest Area, Public Toilets and Waste Disposal Point)",
MD4L,chevron facing left [distance] km [service] [service] [service] [service],Motorist Service Signs,CHEVRON_FACING_LEFT_DISTANCE_KM_SERVICE_SERVICE_SERVICE_SERVICE_MD4L.svg,2500x450 mm,"a 2500 Rectangle with pointed end to fit number of symbols plus distance b 450 r 50 c 25 d 330 e 130 f 120 g 100 h 75 Numeral 120D Legend 'km' Transport D Med x=75 Symbols 300x300 (Rest Area, Public Toilets, Waste Disposal Point and Public Parking)",
VF1R,Advance Tourist Right/Distance/On Right/(1 Symbol),Tourist Signs,ADVANCE_TOURIST_RIGHT_DISTANCE_ON_RIGHT_1_SYMBOL_VF1R.svg,600x1000 mm,a 600 b 1000 c 300 d 25 e 240 Radius 50 Type Numerals: 120D “m”: Transport Medium ‘x’ height 80mm “ON RIGHT”: 120D,
VG2R,Advance Tourist TURN RIGHT/Distance/(2 Symbols),intervene/Tourist Signs,ADVANCE_TOURIST_TURN_RIGHT_DISTANCE_2_SYMBOLS_VG2R.svg,1200x900 mm,"a 1200 b 900 c 300 d 25 e 240 f 60 Radius 50 Type “TURN RIGHT”: 120D Numerals: 120D “m”: Transport Medium ‘x’ height 80mm Note 1 The copyright of the lookout symbol is owned by Standard New Zealand. The symbol is Figure A67 in NZS 8603:2005, Design and Application of Outdoor Recreation Symbols. Reproduction of the symbol is subject to copyright and requires the purchase of NZS 8603:2005 CD ROM. Fo",artwork not supplied by NZTA: sheet says The copyright for this
VB1L,Advance Tourist Turn Left /Distance/(1 feature),Tourist Signs,ADVANCE_TOURIST_TURN_LEFT_DISTANCE_1_FEATURE_VB1L.svg,1400x750 mm,a 1400 (length to suit message) b 750 c 85 d 25 Radius 50 Type Feature: 120D (upper and lower case) “TURN LEFT”: 120D (upper case) Numerals: 120D “m”: Transport Medium ‘x’ height 80mm,
VB3L,Advance Tourist Turn Left /Distance/(3 features),Tourist Signs,ADVANCE_TOURIST_TURN_LEFT_DISTANCE_3_FEATURES_VB3L.svg,1200x1050 mm,"a 1200 (variable, length to suit message) b 1050 c 25 Radius 50 Type Feature: 120D (upper and lower case) “TURN LEFT”: 120D (upper case) Numerals: 120D “m”: Transport Medium ‘x’ height 80mm",
VB4L,Advance Tourist Turn Left /Distance/(4 Features),Tourist Signs,ADVANCE_TOURIST_TURN_LEFT_DISTANCE_4_FEATURES_VB4L.svg,1400x1200 mm,"a 1400 (variable, length to suit message) b 1200 c 25 Radius 50 Type Feature: 120D (upper and lower case) “TURN LEFT”: 120D (upper case) Numerals: 120D “m”: Transport Medium ‘x’ height 80mm",
VG1L,Advance Tourist Turn Left/Distance/(1 symbol),Tourist Signs,ADVANCE_TOURIST_TURN_LEFT_DISTANCE_1_SYMBOL_VG1L.svg,600x1000 mm,a 600 b 1000 c 300 d 25 e 240 Radius 50 Type “TURN LEFT”: 120D Numerals: 120D “m”: Transport Medium ‘x’ height 80mm,
VB2L,Advance Tourist Turn Left/Distance/(2 Features),Tourist Signs,ADVANCE_TOURIST_TURN_LEFT_DISTANCE_2_FEATURES_VB2L.svg,1200x900 mm,"a 1200 (variable, length to suit message) b 900 c 25 Radius 50 Type Features: 120D (upper and lower case) “TURN LEFT”: 120D (upper case) Numerals: 120D “m”: Transport Medium ‘x’ height 80mm",
VG2L,Advance Tourist Turn Left/Distance/(2 Symbols),intervene/Tourist Signs,ADVANCE_TOURIST_TURN_LEFT_DISTANCE_2_SYMBOLS_VG2L.svg,1200x900 mm,"a 1200 b 900 c 300 d 25 e 240 f 60 Radius 50 Type “TURN LEFT”: 120D Numerals: 120D “m”: Transport Medium ‘x’ height 80mm Note 1 The copyright of the lookout symbol is owned by Standard New Zealand. The symbol is Figure A67 in NZS 8603:2005, Design and Application of Outdoor Recreation Symbols. Reproduction of the symbol is subject to copyright and requires the purchase of NZS 8603:2005 CD ROM. For",artwork not supplied by NZTA: sheet says The copyright for this
VG3L,Advance Tourist Turn Left/Distance/(3 Symbols),intervene/Tourist Signs,ADVANCE_TOURIST_TURN_LEFT_DISTANCE_3_SYMBOLS_VG3L.svg,1300x900 mm,"a 1300 b 900 c 300 d 25 e 240 f 60 Radius 50 Type “TURN LEFT”: 120D Numerals: 120D “m”: Transport Medium ‘x’ height 80mm Note 1 The copyright of the lookout symbol is owned by Standards New Zealand. The symbol is Figure A67 in NZS 8603:2005, Design and Application of Outdoor Recreation Symbols. Reproduction of the symbol is subject to copyright and requires the purchase of NZS 8603:2005 CD ROM. Fo",artwork not supplied by NZTA: sheet says The copyright for this
VG4L,Advance Tourist Turn Left/Distance/4 Symbols,intervene/Tourist Signs,ADVANCE_TOURIST_TURN_LEFT_DISTANCE_4_SYMBOLS_VG4L.svg,1800x900 mm,"a 1800 b 900 c 300 d 25 e 240 f 60 Radius 50 Type “TURN LEFT”: 120D Numerals: 120D “m”: Transport Medium ‘x’ height 80mm Note 1 The copyright of the lookout and camera symbols is owned by Standard New Zealand. The symbols are Figure A67 and Figure A76 in NZS 8603:2005, Design and Application of Outdoor Recreation Symbols. Reproduction of the symbols is subject to copyright and requires the purchas",artwork not supplied by NZTA: sheet says The copyright for this The copyright for this
VB1R,Advance Tourist Turn Right/Distance/(1 Feature),Tourist Signs,ADVANCE_TOURIST_TURN_RIGHT_DISTANCE_1_FEATURE_VB1R.svg,1400x750 mm,"a 1400 (variable, length to suit message) b 750 c 85 d 25 Radius 50 Type Feature: 120D (upper and lower case) “TURN RIGHT”: 120D (upper case) Numerals: 120D “m”: Transport Medium ‘x’ height 80mm",
VG1R,Advance Tourist Turn Right/Distance/(1 symbol),Tourist Signs,ADVANCE_TOURIST_TURN_RIGHT_DISTANCE_1_SYMBOL_VG1R.svg,600x1000 mm,a 600 b 1000 c 300 d 25 e 240 r 50 Type: “TURN RIGHT”: 120D Numerals: 120D “m”: Transport Medium ‘x’ height 80mm,
VB2R,Advance Tourist Turn Right/Distance/(2 Features),Tourist Signs,ADVANCE_TOURIST_TURN_RIGHT_DISTANCE_2_FEATURES_VB2R.svg,1200x900 mm,"a 1200 (variable, length to suit message) b 900 c 25 Radius 50 Type Features: 120D (upper and lower case) “TURN RIGHT”: 120D (upper case) Numerals: 120D “m”: Transport Medium ‘x’ height 80mm",
VG3R,Advance Tourist Turn Right/Distance/(3 Symbols),intervene/Tourist Signs,ADVANCE_TOURIST_TURN_RIGHT_DISTANCE_3_SYMBOLS_VG3R.svg,1300x900 mm,"a 1300 b 900 c 300 d 25 e 240 f 60 Radius 50 Type “TURN RIGHT”: 120D Numerals: 120D “m”: Transport Medium ‘x’ height 80mm Note 1 The copyright of the lookout symbol is owned by Standard New Zealand. The symbol is Figure A67 in NZS 8603:2005, Design and Application of Outdoor Recreation Symbols. Reproduction of the symbol is subject to copyright and requires the purchase of NZS 8603:2005 CD ROM. Fo",artwork not supplied by NZTA: sheet says The copyright for this
VB3R,Advance Tourist Turn Right/Distance/3 features,Tourist Signs,ADVANCE_TOURIST_TURN_RIGHT_DISTANCE_3_FEATURES_VB3R.svg,1200x1050 mm,"a 1200 (variable, length to suit message) b 1050 c 25 Radius 50 Type Feature: 120D (upper and lower case) “TURN RIGHT”: 120D (upper case) Numerals: 120D “m”: Transport Medium ‘x’ height 80mm",
VB4R,Advance Tourist Turn Right/Distance/4 Features),Tourist Signs,ADVANCE_TOURIST_TURN_RIGHT_DISTANCE_4_FEATURES_VB4R.svg,1400x1200 mm,"a 1400 (variable, length to suit message) b 1200 c 25 Radius 50 Type Feature: 120D (upper and lower case) “TURN RIGHT”: 120D (upper case) Numerals: 120D “m”: Transport Medium ‘x’ height 80mm",
VG4R,Advance Tourist Turn Right/Distance/4 Symbols,intervene/Tourist Signs,ADVANCE_TOURIST_TURN_RIGHT_DISTANCE_4_SYMBOLS_VG4R.svg,1800x900 mm,"a 1800 b 900 c 300 d 25 e 240 f 60 Radius 50 Type “TURN RIGHT”: 120D Numerals: 120D “m”: Transport Medium ‘x’ height 80mm Note 1 The copyright of the lookout and camera symbols is owned by Standard New Zealand. The symbols are Figure A67 and Figure A76 in NZS 8603:2005, Design and Application of Outdoor Recreation Symbols. Reproduction of the symbols is subject to copyright and requires the purcha",artwork not supplied by NZTA: sheet says The copyright for this The copyright for this
VF3L,Advance Tourist/Distance/On Left (3 Symbols),intervene/Tourist Signs,ADVANCE_TOURIST_DISTANCE_ON_LEFT_3_SYMBOLS_VF3L.svg,1300x900 mm,"a 1300 b 900 c 300 d 25 e 240 f 60 Radius 50 Type Numerals: 120D “m”: Transport Medium ‘x’ height 80mm “ON LEFT”: 120D Note 1 The copyright of the lookout symbol is owned by Standard New Zealand. The symbol is Figure A67 in NZS 8603:2005, Design and Application of Outdoor Recreation Symbols. Reproduction of the symbol is subject to copyright and requires the purchase of NZS 8603:2005 CD ROM. For m",artwork not supplied by NZTA: sheet says The copyright for this
VF1L,Advance Tourist/Distance/On Left/(1 Symbol),Tourist Signs,ADVANCE_TOURIST_DISTANCE_ON_LEFT_1_SYMBOL_VF1L.svg,600x1000 mm,a 600 b 1000 c 300 d 25 e 240 Radius 50 Type Numerals: 120D “m”: Transport Medium ‘x’ height 80mm “ON LEFT”: 120D,
VF2L,Advance Tourist/Distance/On Left/(2 Symbols),intervene/Tourist Signs,ADVANCE_TOURIST_DISTANCE_ON_LEFT_2_SYMBOLS_VF2L.svg,900x900 mm,"a 900 b 900 c 300 d 25 e 240 f 60 Radius 50 Type Numerals: 120D “m”: Transport Medium ‘x’ height 80mm “ON RIGHT”: 120D Note 1 The copyright of the lookout symbol is owned by Standard New Zealand. The symbol is Figure A67 in NZS 8603:2005, Design and Application of Outdoor Recreation Symbols. Reproduction of the symbol is subject to copyright and requires the purchase of NZS 8603:2005 CD ROM. For m",artwork not supplied by NZTA: sheet says The copyright for this
VF4L,Advance Tourist/Distance/On Left/(4 Symbols),intervene/Tourist Signs,ADVANCE_TOURIST_DISTANCE_ON_LEFT_4_SYMBOLS_VF4L.svg,1800x900 mm,"a 1800 b 900 c 300 d 25 e 240 f 100 Radius 50 Type Numerals: 120D “m”: Transport Medium ‘x’ height 80mm “ON RIGHT”: 120D Note 1 The copyright of the lookout and camera symbols is owned by Standard New Zealand. The symbols are Figure A67 and Figure A76 in NZS 8603:2005, Design and Application of Outdoor Recreation Symbols. Reproduction of these symbols is subject to copyright and requires the purch",artwork not supplied by NZTA: sheet says The copyright for this The copyright for this
VF2R,Advance Tourist/Distance/On Right/(2 Symbols),intervene/Tourist Signs,ADVANCE_TOURIST_DISTANCE_ON_RIGHT_2_SYMBOLS_VF2R.svg,900x900 mm,"a 900 b 900 c 300 d 25 e 240 f 60 Radius 50 Type Numerals: 120D “m”: Transport Medium ‘x’ height 80mm “ON RIGHT”: 120D Note 1 The copyright of the lookout symbol is owned by Standard New Zealand. The symbol is Figure A67 in NZS 8603:2005, Design and Application of Outdoor Recreation Symbols. Reproduction of the symbol is subject to copyright and requires the purchase of NZS 8603:2005 CD ROM. For m",artwork not supplied by NZTA: sheet says The copyright for this
VF3R,Advance Tourist/Distance/On Right/(3 Symbols),intervene/Tourist Signs,ADVANCE_TOURIST_DISTANCE_ON_RIGHT_3_SYMBOLS_VF3R.svg,1300x900 mm,"a 1300 b 900 c 300 d 25 e 240 f 60 Radius 50 Type Numerals: 120D “m”: Transport Medium ‘x’ height 80mm “ON RIGHT”: 120D Note 1 The copyright of the lookout symbol is owned by Standard New Zealand. The symbol is Figure A67 in NZS 8603:2005, Design and Application of Outdoor Recreation Symbols. Reproduction of the symbol is subject to copyright and requires the purchase of NZS 8603:2005 CD ROM. For ",artwork not supplied by NZTA: sheet says The copyright for this
VF4R,Advance Tourist/Distance/On Right/(4 Symbols),intervene/Tourist Signs,ADVANCE_TOURIST_DISTANCE_ON_RIGHT_4_SYMBOLS_VF4R.svg,1800x900 mm,"a 1800 b 900 c 300 d 25 e 240 f 100 Radius 50 Type Numerals: 120D “m”: Transport Medium ‘x’ height 80mm “ON RIGHT”: 120D Note 1 The copyright of the lookout and camera symbols is owned by Standards New Zealand. The symbols are Figure A67 and Figure A76 in NZS 8603:2005, Design and Application of Outdoor Recreation Symbols. Reproduction of these symbols is subject to copyright and requires the purc",artwork not supplied by NZTA: sheet says The copyright for this The copyright for this
VAN,Next/Tourist/Feature/Distance Rural,intervene/Tourist Signs,NEXT_TOURIST_FEATURE_DISTANCE_RURAL_VAN.svg,900x1200 mm,"a 900 b 1200 c 400 d 35 Radius 80 Type “NEXT”: 160D Numerals: 160D “km”: Transport Medium ‘x’ height 80mm Note 1 The copyright of the lookout symbol is owned by Standard New Zealand. The symbol is Figure A67 in NZS 8603:2005, Design and Application of Outdoor Recreation Symbols. Reproduction of the symbol is subject to copyright and requires the purchase of NZS 8603:2005 CD ROM. For more informati",artwork not supplied by NZTA: sheet says The copyright for this
VAN,Next/Tourist/Feature/Distance Urban,intervene/Tourist Signs,NEXT_TOURIST_FEATURE_DISTANCE_URBAN_VAN.svg,600x900 mm,"a 600 b 900 c 300 d 25 Radius 50 Type “NEXT”: 120D Numerals: 120D “km”: Transport Medium ‘x’ height 80mm Note 1 The copyright of the lookout symbol is owned by Standard New Zealand. The symbol is Figure A67 in NZS 8603:2005, Design and Application of Outdoor Recreation Symbols. Reproduction of the symbol is subject to copyright and requires the purchase of NZS 8603:2005 CD ROM. For more informatio",artwork not supplied by NZTA: sheet says The copyright for this
none,Tourist - combined with motorist service,Tourist Signs,TOURIST_COMBINED_WITH_MOTORIST_SERVICE_none.svg,1800x900 mm,a 1800 Rectangle sized to suit message b 900 Rectangle sized to suit message r 80 c 25 d 480 e 370 f 60 g 20 h : Symbol height 240 Type letters 120D,
VH1L,Tourist Attraction Chevron Facing Left (1 Symbol),intervene/Tourist Signs,TOURIST_ATTRACTION_CHEVRON_FACING_LEFT_1_SYMBOL_VH1L.svg,901x450 mm,"a 900 b 450 c 25 d 330 e 130 f 120 g 300 Radius 50 Note 1 The copyright of the lookout symbol is owned by Standard New Zealand. The symbol is Figure A67 in NZS 8603:2005, Design and Application of Outdoor Recreation Symbols. Reproduction of the symbol is subject to copyright and requires the purchase of NZS 8603:2005 CD ROM. For more information please contact Standards New Zealand. Telephone: 64 ",artwork not supplied by NZTA: sheet says copyright
VH3L,Tourist Attraction Chevron Facing Left (3 Symbols),intervene/Tourist Signs,TOURIST_ATTRACTION_CHEVRON_FACING_LEFT_3_SYMBOLS_VH3L.svg,1600x450 mm,"a 1600 b 450 c 25 d 330 e 130 f 120 g 300 h 240 i 60 Radius 50 Note 1 The copyright for the lookout symbol is owned by Standard New Zealand. The symbol is Figure A67 in NZS 8603:2005, Design and Application of Outdoor Recreation Symbols. Reproduction of the symbol is subject to copyright and requires the purchase of NZS 8603:2005 CD ROM. For more information please contact Standards New Zealand. T",artwork not supplied by NZTA: sheet says copyright
VH4L,Tourist Attraction Chevron Facing Left (4 Symbols),intervene/Tourist Signs,TOURIST_ATTRACTION_CHEVRON_FACING_LEFT_4_SYMBOLS_VH4L.svg,2000x450 mm,"a 2000 b 450 c 25 d 330 e 130 f 120 g 300 h 240 i 110 Radius 50 Symbols Maximised to fit an area 300 x 300 mm Note 1 The copyright of the lookout and camera symbols is owned by Standard New Zealand. The symbols are Figure A67 and Figure A76 in NZS 8603:2005, Design and Application of Outdoor Recreation Symbols. Reproduction of the symbols is subject to copyright and requires the purchase of NZS 86",artwork not supplied by NZTA: sheet says copyright copyright
VH1R,Tourist Attraction Chevron Facing Right (1 Symbol),intervene/Tourist Signs,TOURIST_ATTRACTION_CHEVRON_FACING_RIGHT_1_SYMBOL_VH1R.svg,901x450 mm,"a 900 b 450 c 25 d 330 e 130 f 120 g 300 Radius 50 Note 1 The copyright of the lookout symbol is owned by Standard New Zealand. The symbol is Figure A67 in NZS 8603:2005, Design and Application of Outdoor Recreation Symbols. Reproduction of the symbol is subject to copyright and requires the purchase of NZS 8603:2005 CD ROM. For more information please contact Standards New Zealand. Telephone: 64 ",artwork not supplied by NZTA: sheet says copyright
VH2R,Tourist Attraction Chevron Facing Right (2 Symbols),intervene/Tourist Signs,TOURIST_ATTRACTION_CHEVRON_FACING_RIGHT_2_SYMBOLS_VH2R.svg,1200x450 mm,"a 1200 b 450 c 25 d 330 e 130 f 120 g 300 h 240 i 60 Radius 50 Note 1 The copyright of the lookout symbol is owned by Standard New Zealand. The symbol is Figure A67 in NZS 8603:2005, Design and Application of Outdoor Recreation Symbols. Reproduction of the symbol is subject to copyright and requires the purchase of NZS 8603:2005 CD ROM. For more information please contact Standards New Zealand. Te",artwork not supplied by NZTA: sheet says copyright
VH3R,Tourist Attraction Chevron Facing Right (3 Symbols),intervene/Tourist Signs,TOURIST_ATTRACTION_CHEVRON_FACING_RIGHT_3_SYMBOLS_VH3R.svg,1600x450 mm,"a 1600 b 450 c 25 d 330 e 130 f 120 g 300 h 240 i 60 Radius 50 Note 1 The copyright for the lookout symbol is owned by Standard New Zealand. The symbol is Figure A67 in NZS 8603:2005, Design and Application of Outdoor Recreation Symbols. Reproduction of the symbol is subject to copyright and requires the purchase of NZS 8603:2005 CD ROM. For more information please contact Standards New Zealand. T",artwork not supplied by NZTA: sheet says copyright
VH4R,Tourist Attraction Chevron Facing Right (4 Symbols),intervene/Tourist Signs,TOURIST_ATTRACTION_CHEVRON_FACING_RIGHT_4_SYMBOLS_VH4R.svg,2000x450 mm,"a 2000 b 450 c 25 d 330 e 130 f 120 g 300 h 240 i 110 Radius 50 Symbols Maximised to fit an area 300 x 300 mm Note 1 The copyright of the lookout and camera symbols is owned by Standard New Zealand. The symbols are Figure A67 and Figure A76 in NZS 8603:2005, Design and Application of Outdoor Recreation Symbols. Reproduction of the symbols is subject to copyright and requires the purchase of NZS 86",artwork not supplied by NZTA: sheet says copyright copyright
VH2L,Tourist Attractions Chevron Facing Left (2 Symbols),intervene/Tourist Signs,TOURIST_ATTRACTIONS_CHEVRON_FACING_LEFT_2_SYMBOLS_VH2L.svg,1200x450 mm,"a 1200 b 450 c 25 d 330 e 130 f 120 g 300 h 240 i 60 Radius 50 Note 1 The copyright of the lookout symbol is owned by Standard New Zealand. The symbol is Figure A67 in NZS 8603:2005, Design and Application of Outdoor Recreation Symbols. Reproduction of the symbol is subject to copyright and requires the purchase of NZS 8603:2005 CD ROM. For more information please contact Standards New Zealand. Te",artwork not supplied by NZTA: sheet says copyright
VJ1L,Tourist Feature Arrow Left (1 Symbol),Tourist Signs,TOURIST_FEATURE_ARROW_LEFT_1_SYMBOL_VJ1L.svg,450x900 mm,"a 450 b 900 c 300 d 25 Radius 50 Arrow Type D, shaft = 80 mm",
VJ2L,Tourist Feature Arrow Left (2 Symbols),intervene/Tourist Signs,TOURIST_FEATURE_ARROW_LEFT_2_SYMBOLS_VJ2L.svg,900x900 mm,"a 900 b 900 c 300 d 25 e 240 f 60 Radius 50 Arrow Type D, shaft = 80 mm Note 1 The copyright of the lookout symbol is owned by Standard New Zealand. The symbol is Figure A67 in NZS 8603:2005, Design and Application of Outdoor Recreation Symbols. Reproduction of the symbol is subject to copyright and requires the purchase of NZS 8603:2005 CD ROM. For more information please contact Standards New Ze",artwork not supplied by NZTA: sheet says The copyright for this
VJ3L,Tourist Feature Arrow Left (3 Symbols),intervene/Tourist Signs,TOURIST_FEATURE_ARROW_LEFT_3_SYMBOLS_VJ3L.svg,900x1350 mm,"a 900 b 1200 c 300 d 25 e 240 f 60 Radius 50 Arrow Type D, shaft = 80 mm Note 1 The copyright of the lookout symbol is owned by Standard New Zealand. The symbol is Figure A67 in NZS 8603:2005, Design and Application of Outdoor Recreation Symbols. Reproduction of the symbol is subject to copyright and requires the purchase of NZS 8603:2005 CD ROM. For more information please contact Standards New Z",artwork not supplied by NZTA: sheet says The copyright for this
VJ4L,Tourist Feature Arrow Left (4 Symbols),intervene/Tourist Signs,TOURIST_FEATURE_ARROW_LEFT_4_SYMBOLS_VJ4L.svg,900x1350 mm,"a 900 b 1200 c 300 d 25 e 240 f 60 Radius 50 Arrow Type D, shaft = 80 mm Note 1 The copyright for the lookout and camera symbols are owned by Standard New Zealand. The symbols are Figure A67 and Figure A76 in NZS 8603:2005, Design and Application of Outdoor Recreation Symbols. Reproduction of the symbols is subject to copyright and requires the purchase of NZS 8603:2005 CD ROM. For more informatio",artwork not supplied by NZTA: sheet says The copyright for this The copyright for this
VJ1R,Tourist Feature Arrow Right (1 Symbol),Tourist Signs,TOURIST_FEATURE_ARROW_RIGHT_1_SYMBOL_VJ1R.svg,450x900 mm,"a 450 b 900 c 300 d 25 Radius 50 Arrow Type D, shaft = 80 mm",
VJ2R,Tourist Feature Arrow Right (2 Symbols),intervene/Tourist Signs,TOURIST_FEATURE_ARROW_RIGHT_2_SYMBOLS_VJ2R.svg,900x900 mm,"a 900 b 900 c 300 d 25 e 240 f 60 Radius 50 Arrow Type D, shaft = 80 mm Note 1 The copyright of the lookout symbol is owned by Standard New Zealand. The symbol is Figure A67 in NZS 8603:2005, Design and Application of Outdoor Recreation Symbols. Reproduction of the symbol is subject to copyright and requires the purchase of NZS 8603:2005 CD ROM. For more information please contact Standards New Ze",artwork not supplied by NZTA: sheet says The copyright for this
VJ3R,Tourist Feature Arrow Right (3 Symbols),intervene/Tourist Signs,TOURIST_FEATURE_ARROW_RIGHT_3_SYMBOLS_VJ3R.svg,900x1350 mm,"a 900 b 1200 c 300 d 25 e 240 f 60 Radius 50 Arrow Type D, shaft = 80 mm Note 1 The copyright of the lookout symbol is owned by Standard New Zealand. The symbol is Figure A67 in NZS 8603:2005, Design and Application of Outdoor Recreation Symbols. Reproduction of the symbol is subject to copyright and requires the purchase of NZS 8603:2005 CD ROM. For more information please contact Standards New Z",artwork not supplied by NZTA: sheet says The copyright for this
VJ4R,Tourist Feature Arrow Right (4 Symbols),intervene/Tourist Signs,TOURIST_FEATURE_ARROW_RIGHT_4_SYMBOLS_VJ4R.svg,900x1350 mm,"a 900 b 1200 c 300 d 25 e 240 f 60 Radius 50 Arrow Type D, shaft = 80 mm Note 1 The copyright for the lookout and camera symbols are owned by Standard New Zealand. The symbols are Figure A67 and Figure A76 in NZS 8603:2005, Design and Application of Outdoor Recreation Symbols. Reproduction of the symbols is subject to copyright and requires the purchase of NZS 8603:2005 CD ROM. For more informatio",artwork not supplied by NZTA: sheet says The copyright for this The copyright for this
VI3L,Tourist X km Chevron Facing Left (3 Symbols),intervene/Tourist Signs,TOURIST_X_KM_CHEVRON_FACING_LEFT_3_SYMBOLS_VI3L.svg,2100x450 mm,"a 2100 b 450 c 25 d 330 e 130 f 120 g 300 h 240 i 60 Radius 50 Type Numerals: 120D “km”: Transport Medium ‘x’ height 60mm Note 1 The copyright of the lookout symbol is owned by Standard New Zealand. The symbol is Figure A67 in NZS 8603:2005, Design and Application of Outdoor Recreation Symbols. Reproduction of these symbols is subject to copyright and requires the purchase of NZS 8603:2005 CD ROM.",artwork not supplied by NZTA: sheet says The copyright for this
VI4L,Tourist X km Chevron Facing Left (4 Symbols),intervene/Tourist Signs,TOURIST_X_KM_CHEVRON_FACING_LEFT_4_SYMBOLS_VI4L.svg,2400x450 mm,"a 2400 b 450 c 25 d 330 e 130 f 120 Radius 50 Type Numerals: 120D “km”: Transport Medium ‘x’ height 60mm Note 1 The copyright for the lookout and camera symbols are owned by Standard New Zealand. The symbols are Figure A67 and Figure A76 in NZS 8603:2005, Design and Application of Outdoor Recreation Symbols. Reproduction of the symbols is subject to copyright and requires the purchase of NZS 8603:",artwork not supplied by NZTA: sheet says The copyright for this The copyright for this
VI2R,Tourist X km Chevron Facing Right (2 Symbols),intervene/Tourist Signs,TOURIST_X_KM_CHEVRON_FACING_RIGHT_2_SYMBOLS_VI2R.svg,1700x450 mm,"a 1700 b 450 c 25 d 330 e 130 f 120 g 300 h 240 i 60 Radius 50 Type Numerals: 120D “km”: Transport Medium ‘x’ height 60mm Note 1 The copyright for the lookout symbol is owned Standard New Zealand. The symbol is Figure A67 in NZS 8603:2005, Design and Application of Outdoor Recreation Symbols. Reproduction of the symbol is subject to copyright and requires the purchase of NZS 8603:2005 CD ROM. For ",artwork not supplied by NZTA: sheet says The copyright for this
VI3R,Tourist X km Chevron Facing Right (3 Symbols),intervene/Tourist Signs,TOURIST_X_KM_CHEVRON_FACING_RIGHT_3_SYMBOLS_VI3R.svg,2100x450 mm,"a 2100 b 450 c 25 d 330 e 130 f 120 g 300 h 240 i 60 Radius 50 Type Numerals: 120D “km”: Transport Medium ‘x’ height 60mm Note 1 The copyright of the lookout symbol is owned by Standard New Zealand. The symbol is Figure A67 in NZS 8603:2005, Design and Application of Outdoor Recreation Symbols. Reproduction of these symbols is subject to copyright and requires the purchase of NZS 8603:2005 CD ROM.",artwork not supplied by NZTA: sheet says The copyright for this
VI4R,Tourist X km Chevron Facing Right (4 Symbols),intervene/Tourist Signs,TOURIST_X_KM_CHEVRON_FACING_RIGHT_4_SYMBOLS_VI4R.svg,2400x450 mm,"a 2400 b 450 c 25 d 330 e 130 f 120 Radius 50 Type Numerals: 120D “km”: Transport Medium ‘x’ height 60mm Note 1 The copyright for the lookout and camera symbols are owned by Standard New Zealand. The symbols are Figure A67 and Figure A76 in NZS 8603:2005, Design and Application of Outdoor Recreation Symbols. Reproduction of the symbols is subject to copyright and requires the purchase of NZS 8603:",artwork not supplied by NZTA: sheet says The copyright for this The copyright for this
VI1L,Tourist Xkm Chevron Facing Left (1 Symbol),Tourist Signs,TOURIST_XKM_CHEVRON_FACING_LEFT_1_SYMBOL_VI1L.svg,1300x450 mm,a 1300 b 450 c 25 d 330 e 130 f 120 g 300 h 240 Radius 50 Type Numerals: 120D “km”: Transport Medium ‘x’ height 60mm,
VI2L,Tourist Xkm Chevron Facing Left (2 Symbols),intervene/Tourist Signs,TOURIST_XKM_CHEVRON_FACING_LEFT_2_SYMBOLS_VI2L.svg,1700x450 mm,"a 1700 b 450 c 25 d 330 e 130 f 120 g 300 h 240 i 60 Radius 50 Type Numerals: 120D “km”: Transport Medium ‘x’ height 60mm Note 1 The copyright for the lookout symbol is owned Standard New Zealand. The symbol is Figure A67 in NZS 8603:2005, Design and Application of Outdoor Recreation Symbols. Reproduction of the symbol is subject to copyright and requires the purchase of NZS 8603:2005 CD ROM. For ",artwork not supplied by NZTA: sheet says copyright
VI1R,Tourist Xkm Chevron Facing Right (1 Symbol),Tourist Signs,TOURIST_XKM_CHEVRON_FACING_RIGHT_1_SYMBOL_VI1R.svg,1300x450 mm,a 1300 b 450 c 25 d 330 e 130 f 120 g 300 h 240 Radius 50 Type Numerals: 120D “km”: Transport Medium ‘x’ height 60mm,
VA1L,attraction (one line of text) / [distance] m / ON LEFT,Tourist Signs,ATTRACTION_ONE_LINE_OF_TEXT_DISTANCE_M_ON_LEFT_VA1L.svg,1700x770 mm,a 1700 Rectangle sized to suit message b 770 r 60 c 25 d 80 Type feature (upper case) 120D Type numeral 120D Type 'm' Transport D Med x=80 Type letters 120D,1 stroked path(s) ignored
VA1R,attraction (one line of text) / [distance] m / ON RIGHT,Tourist Signs,ATTRACTION_ONE_LINE_OF_TEXT_DISTANCE_M_ON_RIGHT_VA1R.svg,1700x770 mm,a 1700 Rectangle sized to suit message b 770 r 60 c 25 d 80 Type feature (upper case) 120D Type numeral 120D Type 'm' Transport D Med x=80 Type letters 120D,
VD1R,"attraction (one line of text), [distance] km, chevron facing right",Tourist Signs,ATTRACTION_ONE_LINE_OF_TEXT_DISTANCE_KM_CHEVRON_FACING_RIGHT_VD1R.svg,1900x450 mm,a 1900 Rectangle sized to suit message b 450 r 50 c 25 d 330 e 130 f 120 Type letters 120D Type 'km' Transport D Med x=80,
VE1L,"attraction (one line of text), arrow facing left",Tourist Signs,ATTRACTION_ONE_LINE_OF_TEXT_ARROW_FACING_LEFT_VE1L.svg,1300x450 mm,a 1300 Rectangle sized to suit message b 450 r 60 c 25 d : Arrow type D 170 e : Arrow shaft 50 f 75 Type letters 120D,
VE1R,"attraction (one line of text), arrow facing right",Tourist Signs,ATTRACTION_ONE_LINE_OF_TEXT_ARROW_FACING_RIGHT_VE1R.svg,1300x450 mm,a 1300 Rectangle sized to suit message b 450 r 60 c 25 d : Arrow type D 170 e : Arrow shaft 50 f 75 Type letters 120D,
VC1R,"attraction (one line of text), chevron facing right",Tourist Signs,ATTRACTION_ONE_LINE_OF_TEXT_CHEVRON_FACING_RIGHT_VC1R.svg,1900x450 mm,a 1900 Rectangle sized to suit message b 450 r 50 c 25 d 330 e 130 f 120 Type letters 120D,
VA4L,attraction/s (four lines of text) / [distance] m / ON LEFT,Tourist Signs,ATTRACTION_S_FOUR_LINES_OF_TEXT_DISTANCE_M_ON_LEFT_VA4L.svg,1700x1300 mm,a 1700 Rectangle sized to suit message b 1300 Rectangle sized to suit message r 60 c 40 d 60 Type feature (upper case) 120D Type numeral 120D Type 'm' Transport D Med x=80 Type letters 120D,
VA4R,attraction/s (four lines of text) / [distance] m / ON RIGHT,Tourist Signs,ATTRACTION_S_FOUR_LINES_OF_TEXT_DISTANCE_M_ON_RIGHT_VA4R.svg,1700x1300 mm,a 1700 Rectangle sized to suit message b 1300 Rectangle sized to suit message r 60 c 40 d 60 Type feature (upper case) 120D Type numeral 120D Type 'm' Transport D Med x=80 Type letters 120D,
VD4R,"attraction/s (four lines of text) [distance] km, chevron facing right",Tourist Signs,ATTRACTION_S_FOUR_LINES_OF_TEXT_DISTANCE_KM_CHEVRON_FACING_RIGHT_VD4R.svg,2699x900 mm,a 2700 Rectangle sized to suit message b 900 r 100 c 25 d 680 e 265 f 120 g 60 h 90 Type letters 120D Type 'km' Transport D Med x=80,
VE4L,attraction/s (four lines of text) arrow facing left,Tourist Signs,ATTRACTION_S_FOUR_LINES_OF_TEXT_ARROW_FACING_LEFT_VE4L.svg,1799x900 mm,a 1800 Rectangle sized to suit message b 900 r 80 c 25 d : Arrow type D 170 e : Arrow shaft 50 f 75 g 60 Type letters 120D,
VC4R,"attraction/s (four lines of text), chevron facing right",Tourist Signs,ATTRACTION_S_FOUR_LINES_OF_TEXT_CHEVRON_FACING_RIGHT_VC4R.svg,2299x900 mm,a 2300 Rectangle sized to suit message b 900 r 100 c 25 d 680 e 265 f 120 g 60 Type letters 120D,
VA3L,attraction/s (three lines of text) / [distance] m / ON LEFT,Tourist Signs,ATTRACTION_S_THREE_LINES_OF_TEXT_DISTANCE_M_ON_LEFT_VA3L.svg,1700x1100 mm,a 1700 Rectangle sized to suit message b 1100 r 60 c 40 d 60 Type feature (upper case) 120D Type numeral 120D Type 'm' Transport D Med x=80 Type letters 120D,
VA3R,attraction/s (three lines of text) / [distance] m / ON RIGHT,Tourist Signs,ATTRACTION_S_THREE_LINES_OF_TEXT_DISTANCE_M_ON_RIGHT_VA3R.svg,1700x1100 mm,a 1700 Rectangle sized to suit message b 1100 r 60 c 40 d 60 Type feature (upper case) 120D Type numeral 120D Type 'm' Transport D Med x=80 Type letters 120D,
VD3R,"attraction/s (three lines of text) [distance] km, chevron facing right",Tourist Signs,ATTRACTION_S_THREE_LINES_OF_TEXT_DISTANCE_KM_CHEVRON_FACING_RIGHT_VD3R.svg,2500x750 mm,a 2500 Rectangle sized to suit message b 750 r 90 c 25 d 520 e 205 f 120 g 60 h 90 Type letters 120D Type 'km' Transport D Med x=80,
VC3R,"attraction/s (three lines of text), chevron facing right",Tourist Signs,ATTRACTION_S_THREE_LINES_OF_TEXT_CHEVRON_FACING_RIGHT_VC3R.svg,2100x750 mm,a 2100 Rectangle sized to suit message b 750 r 90 c 25 d 520 e 205 f 120 g 60 Type letters 120D,
VE3L,attraction/s (three lines of text)arrow facing left,Tourist Signs,ATTRACTION_S_THREE_LINES_OF_TEXT_ARROW_FACING_LEFT_VE3L.svg,1799x700 mm,a 1800 Rectangle sized to suit message b 700 r 80 c 25 d : Arrow type D 170 e : Arrow shaft 50 f 75 g 60 Type letters 120D,4 stroked path(s) ignored
VE4R,attraction/s (three lines of text)arrow facing right,Tourist Signs,ATTRACTION_S_THREE_LINES_OF_TEXT_ARROW_FACING_RIGHT_VE4R.svg,1799x900 mm,a 1800 Rectangle sized to suit message b 900 r 80 c 25 d : Arrow type D 170 e : Arrow shaft 50 f 75 g 60 Type letters 120D,
VE3R,attraction/s (three lines of text)arrow facing right,Tourist Signs,ATTRACTION_S_THREE_LINES_OF_TEXT_ARROW_FACING_RIGHT_VE3R.svg,1799x700 mm,a 1800 Rectangle sized to suit message b 700 r 80 c 25 d : Arrow type D 170 e : Arrow shaft 50 f 75 g 60 Type letters 120D,
VA2L,attraction/s (two lines of text) / [distance] m / ON LEFT,Tourist Signs,ATTRACTION_S_TWO_LINES_OF_TEXT_DISTANCE_M_ON_LEFT_VA2L.svg,1700x970 mm,a 1700 Rectangle sized to suit message b 970 r 60 c 40 d 70 Type feature (upper case) 120D Type numeral 120D Type 'm' Transport D Med x=80 Type letters 120D,
VA2R,attraction/s (two lines of text) / [distance] m / ON RIGHT,Tourist Signs,ATTRACTION_S_TWO_LINES_OF_TEXT_DISTANCE_M_ON_RIGHT_VA2R.svg,1700x970 mm,a 1700 Rectangle sized to suit message b 970 r 60 c 40 d 70 Type feature (upper case) 120D Type numeral 120D Type 'm' Transport D Med x=80 Type letters 120D,
VD2R,"attraction/s (two lines of text) [distance] km, chevron facing right",Tourist Signs,ATTRACTION_S_TWO_LINES_OF_TEXT_DISTANCE_KM_CHEVRON_FACING_RIGHT_VD2R.svg,1899x600 mm,a 1900 Rectangle sized to suit message b 600 r 80 c 25 d 440 e 170 f 120 g 60 h 90 Type letters 120D Type 'km' Transport D Med x=80,
VC2R,"attraction/s (two lines of text), chevron facing right",Tourist Signs,ATTRACTION_S_TWO_LINES_OF_TEXT_CHEVRON_FACING_RIGHT_VC2R.svg,2099x600 mm,a 2100 Rectangle sized to suit message b 600 r 80 c 25 d 440 e 170 f 120 g 60 Type letters 120D,
VE2R,attraction/s (two lines of text)arrow facing left,Tourist Signs,ATTRACTION_S_TWO_LINES_OF_TEXT_ARROW_FACING_LEFT_VE2R.svg,1799x600 mm,a 1800 Rectangle sized to suit message b 600 r 80 c 25 d : Arrow type D 170 e : Arrow shaft 50 f 75 g 60 Type letters 120D,
VE2L,attraction/s (two lines of text)arrow facing left,Tourist Signs,ATTRACTION_S_TWO_LINES_OF_TEXT_ARROW_FACING_LEFT_VE2L.svg,1799x600 mm,a 1800 Rectangle sized to suit message b 600 r 80 c 25 d : Arrow type D 170 e : Arrow shaft 50 f 75 g 60 Type letters 120D,
VD1L,"chevron facing left, [distance] km, attraction (one line of text)",Tourist Signs,CHEVRON_FACING_LEFT_DISTANCE_KM_ATTRACTION_ONE_LINE_OF_TEXT_VD1L.svg,1900x450 mm,a 1900 Rectangle sized to suit message b 450 r 50 c 25 d 330 e 130 f 120 Type letters 120D Type 'km' Transport D Med x=80,
VD4L,"chevron facing left, [distance] km, attraction/s (four lines of text)",Tourist Signs,CHEVRON_FACING_LEFT_DISTANCE_KM_ATTRACTION_S_FOUR_LINES_OF_TEXT_VD4L.svg,2699x900 mm,a 2700 Rectangle sized to suit message b 900 r 100 c 25 d 680 e 265 f 120 g 60 h 90 Type letters 120D Type 'km' Transport D Med x=80,
VD3L,"chevron facing left, [distance] km, attraction/s (three lines of text)",Tourist Signs,CHEVRON_FACING_LEFT_DISTANCE_KM_ATTRACTION_S_THREE_LINES_OF_TEXT_VD3L.svg,2500x750 mm,a 2500 Rectangle sized to suit message b 750 r 90 c 25 d 520 e 205 f 120 g 60 h 90 Type letters 120D Type 'km' Transport D Med x=80,
VD2L,"chevron facing left, [distance] km, attraction/s (two lines of text)",Tourist Signs,CHEVRON_FACING_LEFT_DISTANCE_KM_ATTRACTION_S_TWO_LINES_OF_TEXT_VD2L.svg,1899x600 mm,a 1900 Rectangle sized to suit message b 600 r 80 c 25 d 440 e 170 f 120 g 60 h 90 Type letters 120D Type 'km' Transport D Med x=80,
VC1L,"chevron facing left, attraction (one line of text)",Tourist Signs,CHEVRON_FACING_LEFT_ATTRACTION_ONE_LINE_OF_TEXT_VC1L.svg,1900x450 mm,a 1900 Rectangle sized to suit message b 450 r 50 c 25 d 330 e 130 f 120 Type letters 120D,
VC4L,"chevron facing left, attraction/s (four lines of text)",Tourist Signs,CHEVRON_FACING_LEFT_ATTRACTION_S_FOUR_LINES_OF_TEXT_VC4L.svg,2299x900 mm,a 2300 Rectangle sized to suit message b 900 r 100 c 25 d 680 e 265 f 120 g 60 Type letters 120D,
VC3L,"chevron facing left, attraction/s (three lines of text)",Tourist Signs,CHEVRON_FACING_LEFT_ATTRACTION_S_THREE_LINES_OF_TEXT_VC3L.svg,2100x750 mm,a 2100 Rectangle sized to suit message b 750 r 90 c 25 d 520 e 205 f 120 g 60 Type letters 120D,
VC2L,"chevron facing left, attraction/s (two lines of text)",Tourist Signs,CHEVRON_FACING_LEFT_ATTRACTION_S_TWO_LINES_OF_TEXT_VC2L.svg,2099x600 mm,a 2100 Rectangle sized to suit message b 600 r 80 c 25 d 440 e 170 f 120 g 60 Type letters 120D,
GAM,"A11-4 Advanced Direction ‘Map’, Roundabout, multi lane",Guide Signs,A11_4_ADVANCED_DIRECTION_MAP_ROUNDABOUT_MULTI_LANE_GAM.svg,4075x2447 mm,a: 3900 Rectangle sized to suit message 5250 Rectangle sized to suit message b: 2250 Rectangle sized to suit message 2670 Rectangle sized to suit message r: 280 300 c: 40 40 d: Symbolic Map lines 120 160 e: Type Locality Letters: Series Mod E 120 Series Mod E 160 f: Shield height 280 x 280 320 x 320,6 stroked path(s) ignored
GAM,Advance direction 'map',Guide Signs,ADVANCE_DIRECTION_MAP_GAM.svg,1200x1600 mm,a 1200 Rectangle sized to suit message b 1600 Rectangle sized to suit message r 70 c 40 d : Shield 240 x 240 e : Symbolic Map lines 120 Type Locality Letters Series Mod E 120,1 stroked path(s) ignored
GAM,Advance direction 'map' T-Junction,Guide Signs,ADVANCE_DIRECTION_MAP_T_JUNCTION_GAM.svg,1200x1800 mm,a: 1200 b: 1800 r: 75 c: 30 d: Shield 240 x 240 e: Symbolic Map lines 120 Type Locality Letters Series Mod E 120,1 stroked path(s) ignored
GA3,Advance direction 'stack' more than 2 localities,Guide Signs,ADVANCE_DIRECTION_STACK_MORE_THAN_2_LOCALITIES_GA3.svg,1900x1200 mm,a 1900 Rectangle sized to suit message b 1200 Rectangle sized to suit message r 60 c 40 d 360 e 25 f : Arrow type D 260 wide g : Arrow shaft 70 h shield 230 i 60 Type Locality Series Mod E 120,
GA21,Advance direction 2 localities - both left,Guide Signs,ADVANCE_DIRECTION_2_LOCALITIES_BOTH_LEFT_GA21.svg,2216x719 mm,a 2200 Rectangle sized to suit message b 650 Rectangle sized to suit message r 60 c 40 d 80 e : Arrow type D 260 wide f : Arrow shaft 70 g 230 h 60 Type Locality Series Mod E 120,1 stroked path(s) ignored
GA21,Advance direction 2 localities - both left,Guide Signs,ADVANCE_DIRECTION_2_LOCALITIES_BOTH_LEFT_BLACK_GA21.svg,62x305 mm,a 2200 Rectangle sized to suit message b 650 Rectangle sized to suit message r 60 c 40 d 80 e : Arrow type D 260 wide f : Arrow shaft 70 g 230 h 60 Type Locality Series Mod E 120,
GA21,Advance direction 2 localities - both left,Guide Signs,ADVANCE_DIRECTION_2_LOCALITIES_BOTH_LEFT_BLACK_2_GA21.svg,62x236 mm,a 2200 Rectangle sized to suit message b 650 Rectangle sized to suit message r 60 c 40 d 80 e : Arrow type D 260 wide f : Arrow shaft 70 g 230 h 60 Type Locality Series Mod E 120,
GA23,Advance direction 2 localities - both right,Guide Signs,ADVANCE_DIRECTION_2_LOCALITIES_BOTH_RIGHT_GA23.svg,2216x822 mm,a 1900 Rectangle sized to suit message b 600 Rectangle sized to suit message r 60 c 40 d 80 e : Arrow type D 260 wide f : Arrow shaft 70 g 230 h 60 Type Locality Series Mod E 120,drawn width 2216 mm vs register 1900 mm — check; 1 stroked path(s) ignored
GA23,Advance direction 2 localities - both right,Guide Signs,ADVANCE_DIRECTION_2_LOCALITIES_BOTH_RIGHT_BLACK_GA23.svg,67x305 mm,a 1900 Rectangle sized to suit message b 600 Rectangle sized to suit message r 60 c 40 d 80 e : Arrow type D 260 wide f : Arrow shaft 70 g 230 h 60 Type Locality Series Mod E 120,
GA23,Advance direction 2 localities - both right,Guide Signs,ADVANCE_DIRECTION_2_LOCALITIES_BOTH_RIGHT_BLACK_2_GA23.svg,66x236 mm,a 1900 Rectangle sized to suit message b 600 Rectangle sized to suit message r 60 c 40 d 80 e : Arrow type D 260 wide f : Arrow shaft 70 g 230 h 60 Type Locality Series Mod E 120,
GA22,"Advance direction 2 localities - one left, one right",Guide Signs,ADVANCE_DIRECTION_2_LOCALITIES_ONE_LEFT_ONE_RIGHT_GA22.svg,1300x950 mm,a 1300 Rectangle sized to suit message b 950 Rectangle sized to suit message r 60 c 40 d 80 e : Arrow type D 260 wide f : Arrow shaft 70 g 230 h 60 Type Locality Series Mod E 120 Shield 23 x 23,
GAU,Advance direction cycle route,Guide Signs,ADVANCE_DIRECTION_CYCLE_ROUTE_GAU.svg,300x600 mm,"a 300 b 600 (Split into 3 panels - top 160, middle 200 and bottom 220mm high) r 20 c 10 d : Arrow type D 100 wide e : Arrow shaft (Top panel) 30 Cycle symbol (Middle panel) 270 x 175 Route name (Bottom panel) 40 Tpt Med",
GA11,Advance direction locality turn left,Guide Signs,ADVANCE_DIRECTION_LOCALITY_TURN_LEFT_GA11.svg,1500x500 mm,a 1500 Rectangle sized to suit message b 500 Rectangle sized to suit message r 60 c 40 d 50 Type Locality Series Mod E 120 Type TURN LEFT & NUMERALS 100D 'm' Transport D Med x=65,
GA12,Advance direction locality turn right,Guide Signs,ADVANCE_DIRECTION_LOCALITY_TURN_RIGHT_GA12.svg,1500x500 mm,a 1500 Rectangle sized to suit message b 500 Rectangle sized to suit message r 60 c 40 d 50 Type Locality Series Mod E 120 Type TURN LEFT & NUMERALS 100D m' Transport D Med x=65,
GLW,"Advance lane designation - word message - L, R or other",Guide Signs,ADVANCE_LANE_DESIGNATION_WORD_MESSAGE_L_R_OR_OTHER_GLW.svg,1200x500 mm,a 1200 Rectangle sized to suit message b 500 Rectangle sized to suit message r 60 c 40 d 50 Type Locality Series Mod E 120 Type LEFT LANE 100D,
GLE1,Advance lane direction - EXIT ONLY supplement,Guide Signs,ADVANCE_LANE_DIRECTION_EXIT_ONLY_SUPPLEMENT_GLE1.svg,1699x400 mm,a 1700 Rectangle sized to suit message b 400 r 60 c To match width of main sign Type 200D,
GLE2,Advance lane direction - EXIT [arrow] ONLY supplement,Guide Signs,ADVANCE_LANE_DIRECTION_EXIT_ARROW_ONLY_SUPPLEMENT_GLE2.svg,2100x400 mm,a 2100 Rectangle sized to suit message b 400 r 60 c To match width of main sign d : Arrow type D 220 wide e : Arrow shaft 60 Type 250D,
GLA,Advance lane direction – overhead downward facing arrow,Guide Signs,ADVANCE_LANE_DIRECTION_OVERHEAD_DOWNWARD_FACING_ARROW_GLA.svg,1000x600 mm,a: 1000 Rectangle sized to suit message b: 600 Rectangle sized to suit message r: 60 c: 40 d: 70 e: Arrow type E 320 wide g: Arrow shaft 65 Type Locality: Series Mod E 120,
GLA,Advance lane direction – overhead downward facing arrow,Guide Signs,ADVANCE_LANE_DIRECTION_OVERHEAD_DOWNWARD_FACING_ARROW_BLACK_GLA.svg,62x92 mm,a: 1000 Rectangle sized to suit message b: 600 Rectangle sized to suit message r: 60 c: 40 d: 70 e: Arrow type E 320 wide g: Arrow shaft 65 Type Locality: Series Mod E 120,
GC11,Confirmation direction - 1 location,Guide Signs,CONFIRMATION_DIRECTION_1_LOCATION_GC11.svg,1600x650 mm,a 1600 Rectangle sized to suit message b 650 Rectangle sized to suit message r 60 c 40 d 250 x 250 e 70 Type Locality Series Mod E 120 Type 'km' Series Mod E 105,
GC12,Confirmation direction - 2 locations,Guide Signs,CONFIRMATION_DIRECTION_2_LOCATIONS_GC12.svg,1750x850 mm,a 1750 Rectangle sized to suit message b 850 Rectangle sized to suit message r 60 c 40 d 250 x 250 e 70 f 100 minimum Type Locality Series Mod E 120 Type 'km' Series Mod E 105,
GC13,Confirmation direction - 3 locations,Guide Signs,CONFIRMATION_DIRECTION_3_LOCATIONS_GC13.svg,1850x1100 mm,a 1850 Rectangle sized to suit message b 1100 Rectangle sized to suit message r 60 c 40 d 250 x 250 e 70 f 100 minimum Type Locality Series Mod E 120 Type 'km' Series Mod E 105,
GC1N,Confirmation direction - N locations,Guide Signs,CONFIRMATION_DIRECTION_N_LOCATIONS_GC1N.svg,2200x1300 mm,Width 2200 Rectangle sized to suit message Height 1300 Rectangle sized to suit message r 60 c 40 d 250 x 250 e 70 f 100 minimum Type Locality Series Mod E 120 Type 'km' Series Mod E 105,drawn width 2200 mm vs register 250 mm — check
GCU1,Confirmation direction cycle route – 1 location,Guide Signs,CONFIRMATION_DIRECTION_CYCLE_ROUTE_1_LOCATION_GCU1.svg,300x350 mm,a 300 b 350 r 20 c 10 Top blue panel 300 x 220 Cycle Symbol (Top panel) 250 x 160 Type Localities (Bottom panel) 40 Tpt Med ( x=20 ),
GCU2,Confirmation direction cycle route – 2 locations,Guide Signs,CONFIRMATION_DIRECTION_CYCLE_ROUTE_2_LOCATIONS_GCU2.svg,300x350 mm,a 300 b 350 r 20 c 10 d 20 e 15 minimum Top blue panel 300 x 220 Cycle Symbol (Top panel) 250 x 160 Type Localities (Bottom panel) 40 Tpt Med ( x=20 ),
GCU3,Confirmation direction cycle route – 3 locations,Guide Signs,CONFIRMATION_DIRECTION_CYCLE_ROUTE_3_LOCATIONS_GCU3.svg,300x450 mm,a 300 b 450 r 20 c 10 d 20 e 15 minimum Top blue panel 300 x 220 Cycle Symbol (Top panel) 250 x 160 Type Localities (Bottom panel) 40 Tpt Med ( x=20 ),
GCUN,Confirmation direction cycle route – N locations,Guide Signs,CONFIRMATION_DIRECTION_CYCLE_ROUTE_N_LOCATIONS_GCUN.svg,300x450 mm,a 300 b 450 r 20 c 10 d 20 e 15 minimum Top blue panel 300 x 220 Cycle Symbol (Top panel) 250 x 160 Type Localities (Bottom panel) 40 Tpt Med ( x=20 ),
AU61,Cycle Route Advance Direction - Primary Route,Guide Signs,CYCLE_ROUTE_ADVANCE_DIRECTION_PRIMARY_ROUTE_AU61.svg,650x762 mm,,
AU62,Cycle route advance direction map – primary route,Guide Signs,CYCLE_ROUTE_ADVANCE_DIRECTION_MAP_PRIMARY_ROUTE_AU62.svg,920x670 mm,,
AU68,Cycle route confirmation direction – primary route,Guide Signs,CYCLE_ROUTE_CONFIRMATION_DIRECTION_PRIMARY_ROUTE_AU68.svg,920x670 mm,,
AU65,Cycle route direction – primary route,Guide Signs,CYCLE_ROUTE_DIRECTION_PRIMARY_ROUTE_AU65.svg,650x367 mm,,
AU64,Cycle route intersection direction arrow – local route,Guide Signs,CYCLE_ROUTE_INTERSECTION_DIRECTION_ARROW_LOCAL_ROUTE_AU64.svg,1032x200 mm,,
AU63,Cycle route intersection direction – primary route,Guide Signs,CYCLE_ROUTE_INTERSECTION_DIRECTION_PRIMARY_ROUTE_AU63.svg,1321x220 mm,,1 stroked path(s) ignored
AU67,Cycle route location plate,Guide Signs,CYCLE_ROUTE_LOCATION_PLATE_AU67.svg,939x220 mm,,1 stroked path(s) ignored
AU66,Cycle route marker – local route,Guide Signs,CYCLE_ROUTE_MARKER_LOCAL_ROUTE_AU66.svg,200x465 mm,,
AU69,Cycle route network map,Guide Signs,CYCLE_ROUTE_NETWORK_MAP_AU69.svg,500x670 mm,,
GD13,Destination reached - black letters on white,Guide Signs,DESTINATION_REACHED_BLACK_LETTERS_ON_WHITE_GD13.svg,1000x375 mm,"a Rectangle sized to suit message b 375 r 60 c 40 Type Locality Urban: Series Mod E NZ 75, Rural: Series Mod E NZ 120",
GD13,Destination reached - black letters on white,Guide Signs,DESTINATION_REACHED_BLACK_LETTERS_ON_WHITE_VAR2_GD13.svg,700x375 mm,"a Rectangle sized to suit message b 375 r 60 c 40 Type Locality Urban: Series Mod E NZ 75, Rural: Series Mod E NZ 120",
GD13,Destination reached - black letters on white,Guide Signs,DESTINATION_REACHED_BLACK_LETTERS_ON_WHITE_VAR3_GD13.svg,333x76 mm,"a Rectangle sized to suit message b 375 r 60 c 40 Type Locality Urban: Series Mod E NZ 75, Rural: Series Mod E NZ 120",
GD13,Destination reached - black letters on white,Guide Signs,DESTINATION_REACHED_BLACK_LETTERS_ON_WHITE_VAR4_GD13.svg,301x75 mm,"a Rectangle sized to suit message b 375 r 60 c 40 Type Locality Urban: Series Mod E NZ 75, Rural: Series Mod E NZ 120",
GD14,Destination reached - white letters on black,Guide Signs,DESTINATION_REACHED_WHITE_LETTERS_ON_BLACK_GD14.svg,1000x375 mm,"a Rectangle sized to suit message b 375 r 60 c 40 Type Locality Urban: Series Mod E NZ 75, Rural: Series Mod E NZ 120",
GD14,Destination reached - white letters on black,Guide Signs,DESTINATION_REACHED_WHITE_LETTERS_ON_BLACK_VAR2_GD14.svg,700x375 mm,"a Rectangle sized to suit message b 375 r 60 c 40 Type Locality Urban: Series Mod E NZ 75, Rural: Series Mod E NZ 120",
GD14,Destination reached - white letters on black,Guide Signs,DESTINATION_REACHED_WHITE_LETTERS_ON_BLACK_BLACK_GD14.svg,333x76 mm,"a Rectangle sized to suit message b 375 r 60 c 40 Type Locality Urban: Series Mod E NZ 75, Rural: Series Mod E NZ 120",
GD14,Destination reached - white letters on black,Guide Signs,DESTINATION_REACHED_WHITE_LETTERS_ON_BLACK_BLACK_2_GD14.svg,301x75 mm,"a Rectangle sized to suit message b 375 r 60 c 40 Type Locality Urban: Series Mod E NZ 75, Rural: Series Mod E NZ 120",
GD12,Destination reached - white letters on blue,Guide Signs,DESTINATION_REACHED_WHITE_LETTERS_ON_BLUE_GD12.svg,1000x375 mm,"a Rectangle sized to suit message b 375 r 60 c 40 Type Locality Urban: Series Mod E NZ 75, Rural: Series Mod E NZ 120",
GD12,Destination reached - white letters on blue,Guide Signs,DESTINATION_REACHED_WHITE_LETTERS_ON_BLUE_VAR2_GD12.svg,700x375 mm,"a Rectangle sized to suit message b 375 r 60 c 40 Type Locality Urban: Series Mod E NZ 75, Rural: Series Mod E NZ 120",
GD12,Destination reached - white letters on blue,Guide Signs,DESTINATION_REACHED_WHITE_LETTERS_ON_BLUE_BLACK_GD12.svg,333x76 mm,"a Rectangle sized to suit message b 375 r 60 c 40 Type Locality Urban: Series Mod E NZ 75, Rural: Series Mod E NZ 120",
GD12,Destination reached - white letters on blue,Guide Signs,DESTINATION_REACHED_WHITE_LETTERS_ON_BLUE_BLACK_2_GD12.svg,301x75 mm,"a Rectangle sized to suit message b 375 r 60 c 40 Type Locality Urban: Series Mod E NZ 75, Rural: Series Mod E NZ 120",
GD11,Destination reached - white letters on green,Guide Signs,DESTINATION_REACHED_WHITE_LETTERS_ON_GREEN_GD11.svg,1000x375 mm,"a Rectangle sized to suit message b 375 r 60 c 40 Type Locality Urban: Series Mod E NZ 75, Rural: Series Mod E NZ 120",
GD11,Destination reached - white letters on green,Guide Signs,DESTINATION_REACHED_WHITE_LETTERS_ON_GREEN_VAR2_GD11.svg,700x375 mm,"a Rectangle sized to suit message b 375 r 60 c 40 Type Locality Urban: Series Mod E NZ 75, Rural: Series Mod E NZ 120",
GD11,Destination reached - white letters on green,Guide Signs,DESTINATION_REACHED_WHITE_LETTERS_ON_GREEN_BLACK_GD11.svg,333x76 mm,"a Rectangle sized to suit message b 375 r 60 c 40 Type Locality Urban: Series Mod E NZ 75, Rural: Series Mod E NZ 120",
GD11,Destination reached - white letters on green,Guide Signs,DESTINATION_REACHED_WHITE_LETTERS_ON_GREEN_BLACK_2_GD11.svg,301x75 mm,"a Rectangle sized to suit message b 375 r 60 c 40 Type Locality Urban: Series Mod E NZ 75, Rural: Series Mod E NZ 120",
GJ2L,"Junction direction - [distance] km, [location], chevron facing left",Guide Signs,JUNCTION_DIRECTION_DISTANCE_KM_LOCATION_CHEVRON_FACING_LEFT_GJ2L.svg,3142x750 mm,Rectangle w pointed end pointing in direction of locality length sized to suit message a 2510 3180 3150 b 450 600 750 r 40 50 60 c 25 30 40 d 350 467 580 e 130 175 215 f 67 75 95 Shield 280 x 280 Type Locality & Numeral Series Mod E 160 Series Mod E 160 Series Mod E 160 Legend 'km' Series Mod E 160 Series Mod E 160 Series Mod E 160,
GJ2L,"Junction direction - [distance] km, [location], chevron facing left",Guide Signs,JUNCTION_DIRECTION_DISTANCE_KM_LOCATION_CHEVRON_FACING_LEFT_VAR2_GJ2L.svg,3190x600 mm,Rectangle w pointed end pointing in direction of locality length sized to suit message a 2510 3180 3150 b 450 600 750 r 40 50 60 c 25 30 40 d 350 467 580 e 130 175 215 f 67 75 95 Shield 280 x 280 Type Locality & Numeral Series Mod E 160 Series Mod E 160 Series Mod E 160 Legend 'km' Series Mod E 160 Series Mod E 160 Series Mod E 160,
GJ2L,"Junction direction - [distance] km, [location], chevron facing left",Guide Signs,JUNCTION_DIRECTION_DISTANCE_KM_LOCATION_CHEVRON_FACING_LEFT_VAR3_GJ2L.svg,2683x650 mm,Rectangle w pointed end pointing in direction of locality length sized to suit message a 2510 3180 3150 b 450 600 750 r 40 50 60 c 25 30 40 d 350 467 580 e 130 175 215 f 67 75 95 Shield 280 x 280 Type Locality & Numeral Series Mod E 160 Series Mod E 160 Series Mod E 160 Legend 'km' Series Mod E 160 Series Mod E 160 Series Mod E 160,2 stroked path(s) ignored
GJUL,"Junction direction - [distance] km, [location], chevron facing right",Guide Signs,JUNCTION_DIRECTION_DISTANCE_KM_LOCATION_CHEVRON_FACING_RIGHT_GJUL.svg,1352x225 mm,a 1350 Rectangle w pointed end pointing in direction of locality length sized to suit message b 225 r 20 c 10 d 190 e 70 f 50 g 330 Type Locality Series Mod E 120 Cycle symbol 270 x 175,
GJ2R,"Junction direction - [distance] km, [location], chevron facing right",Guide Signs,JUNCTION_DIRECTION_DISTANCE_KM_LOCATION_CHEVRON_FACING_RIGHT_GJ2R.svg,3142x750 mm,Rectangle w pointed end pointing in direction of locality length sized to suit message a 2510 3180 3150 b 450 600 750 r 40 50 60 c 25 30 40 d 350 467 580 e 130 175 215 f 67 75 95 Shield 280 x 280 Type Locality & Numeral Series Mod E 160 Series Mod E 160 Series Mod E 160 Legend 'km' Series Mod E 160 Series Mod E 160 Series Mod E 160,
GJ2R,"Junction direction - [distance] km, [location], chevron facing right",Guide Signs,JUNCTION_DIRECTION_DISTANCE_KM_LOCATION_CHEVRON_FACING_RIGHT_VAR2_GJ2R.svg,3189x600 mm,Rectangle w pointed end pointing in direction of locality length sized to suit message a 2510 3180 3150 b 450 600 750 r 40 50 60 c 25 30 40 d 350 467 580 e 130 175 215 f 67 75 95 Shield 280 x 280 Type Locality & Numeral Series Mod E 160 Series Mod E 160 Series Mod E 160 Legend 'km' Series Mod E 160 Series Mod E 160 Series Mod E 160,
GJ2R,"Junction direction - [distance] km, [location], chevron facing right",Guide Signs,JUNCTION_DIRECTION_DISTANCE_KM_LOCATION_CHEVRON_FACING_RIGHT_VAR3_GJ2R.svg,2683x620 mm,Rectangle w pointed end pointing in direction of locality length sized to suit message a 2510 3180 3150 b 450 600 750 r 40 50 60 c 25 30 40 d 350 467 580 e 130 175 215 f 67 75 95 Shield 280 x 280 Type Locality & Numeral Series Mod E 160 Series Mod E 160 Series Mod E 160 Legend 'km' Series Mod E 160 Series Mod E 160 Series Mod E 160,1 stroked path(s) ignored
GJ1R,Junction direction - [location] chevron facing right,Guide Signs,JUNCTION_DIRECTION_LOCATION_CHEVRON_FACING_RIGHT_GJ1R.svg,2101x750 mm,a Rectangle w pointed end pointing in direction of locality length sized to suit message a 1800 2600 2100 b 450 600 750 r 40 50 60 c 25 30 40 d 350 467 580 e 130 176 220 f 90 Type Locality Series Mod E 160 Series Mod E 160 Series Mod E 160,
GJ1R,Junction direction - [location] chevron facing right,Guide Signs,JUNCTION_DIRECTION_LOCATION_CHEVRON_FACING_RIGHT_VAR2_GJ1R.svg,2601x600 mm,a Rectangle w pointed end pointing in direction of locality length sized to suit message a 1800 2600 2100 b 450 600 750 r 40 50 60 c 25 30 40 d 350 467 580 e 130 176 220 f 90 Type Locality Series Mod E 160 Series Mod E 160 Series Mod E 160,
GJ1R,Junction direction - [location] chevron facing right,Guide Signs,JUNCTION_DIRECTION_LOCATION_CHEVRON_FACING_RIGHT_VAR3_GJ1R.svg,1800x450 mm,a Rectangle w pointed end pointing in direction of locality length sized to suit message a 1800 2600 2100 b 450 600 750 r 40 50 60 c 25 30 40 d 350 467 580 e 130 176 220 f 90 Type Locality Series Mod E 160 Series Mod E 160 Series Mod E 160,
GJ3L,Junction direction - arrow L,Guide Signs,JUNCTION_DIRECTION_ARROW_L_GJ3L.svg,1700x350 mm,a 1700 Rectangle sized to suit message b 350 Rectangle sized to suit message r 50 c 25 d : Arrow type D 250 e : Arrow shaft 68 f 100 Type Locality Series Mod E 160,
GJ3R,Junction direction - arrow R,Guide Signs,JUNCTION_DIRECTION_ARROW_R_GJ3R.svg,1700x350 mm,a 1700 Rectangle sized to suit message b 350 Rectangle sized to suit message r 50 c 25 d : Arrow type D 250 e : Arrow shaft 68 f 100 Type Locality Series Mod E 160,
GJ3Z,Junction direction - arrow other alignment,Guide Signs,JUNCTION_DIRECTION_ARROW_OTHER_ALIGNMENT_GJ3Z.svg,1700x350 mm,a 1700 Rectangle sized to suit message b 350 Rectangle sized to suit message r 50 c 25 d : Arrow type D 250 e : Arrow shaft 68 f 120 Type Locality Series Mod E 160,
GJ1B,Junction direction - double chevron,Guide Signs,JUNCTION_DIRECTION_DOUBLE_CHEVRON_GJ1B.svg,3700x750 mm,a Rectangle w pointed end pointing in direction of locality length sized to suit message a 3340 4450 3700 b 450 600 750 r 40 50 60 c 25 30 40 d 350 467 580 e 130 176 220 f 90 g 480 (this can vary depending on text length/width of sign) Type Locality Series Mod E 160 Series Mod E 160 Series Mod E 160,
GJ1B,Junction direction - double chevron,Guide Signs,JUNCTION_DIRECTION_DOUBLE_CHEVRON_VAR2_GJ1B.svg,4450x599 mm,a Rectangle w pointed end pointing in direction of locality length sized to suit message a 3340 4450 3700 b 450 600 750 r 40 50 60 c 25 30 40 d 350 467 580 e 130 176 220 f 90 g 480 (this can vary depending on text length/width of sign) Type Locality Series Mod E 160 Series Mod E 160 Series Mod E 160,
GJ1B,Junction direction - double chevron,Guide Signs,JUNCTION_DIRECTION_DOUBLE_CHEVRON_VAR3_GJ1B.svg,3340x450 mm,a Rectangle w pointed end pointing in direction of locality length sized to suit message a 3340 4450 3700 b 450 600 750 r 40 50 60 c 25 30 40 d 350 467 580 e 130 176 220 f 90 g 480 (this can vary depending on text length/width of sign) Type Locality Series Mod E 160 Series Mod E 160 Series Mod E 160,
GJF,Junction direction - finger board,Guide Signs,JUNCTION_DIRECTION_FINGER_BOARD_GJF.svg,1800x240 mm,a 1800 Rectangle with blunted triangular end length sized to suit message b 240 Type Locality 120D Numerals 120D Legend 'km' Transport D Med x=80,
GJUR,Junction direction cycle route - chevron board R (revised 2010),Guide Signs,JUNCTION_DIRECTION_CYCLE_ROUTE_CHEVRON_BOARD_R_REVISED_2010_GJUR.svg,1352x225 mm,a 1350 Rectangle w pointed end pointing in direction of locality length sized to suit message b 225 r 20 c 10 d 190 e 70 f 50 g 330 Type Locality Series Mod E 120 Cycle symbol 270 x 175,
GJUB,Junction direction cycle route - double chevron (revised 2010),Guide Signs,JUNCTION_DIRECTION_CYCLE_ROUTE_DOUBLE_CHEVRON_REVISED_2010_GJUB.svg,2653x480 mm,"a 2650 Rectangle w pointed end at each end pointing in direction of localities, length sized to suit message b 480 r 20 c 20 d 220 e 90 f 100 g 400 Type Locality Series Mod E 120 Cycle symbol 340 x 220",
GA11,"One panel, 1 line of legend example",Guide Signs,,,,no EPS file on the register entry
GA12,"One panel, 2 lines of legend example",Guide Signs,,,,no EPS file on the register entry
GA13,"One panel, 3 lines of legend example",Guide Signs,ONE_PANEL_3_LINES_OF_LEGEND_EXAMPLE_GA13.svg,1300x950 mm,,
GA14,"One panel, 4 lines of legend example",Guide Signs,ONE_PANEL_4_LINES_OF_LEGEND_EXAMPLE_GA14.svg,400x532 mm,,
GA15,"One panel, 5 lines of legend example",Guide Signs,ONE_PANEL_5_LINES_OF_LEGEND_EXAMPLE_GA15.svg,400x532 mm,,
GA1N,"One panel, N lines of legend example",Guide Signs,ONE_PANEL_N_LINES_OF_LEGEND_EXAMPLE_GA1N.svg,850x462 mm,,
GRSH,Route indicator SH - 1 or 2 digits may have letter,Guide Signs,ROUTE_INDICATOR_SH_1_OR_2_DIGITS_MAY_HAVE_LETTER_GRSH.svg,391x388 mm,"a 390 as an individual sign, 280 on other signs b 390 as an individual sign, 280 on other signs c 15 on 390 individual sign, 11 on 280 (other) signs d 100 e 140 Type number 120D Type letter if applicable 60D",
GRSH,Route indicator SH - 1 or 2 digits may have letter,Guide Signs,ROUTE_INDICATOR_SH_1_OR_2_DIGITS_MAY_HAVE_LETTER_VAR2_GRSH.svg,391x388 mm,"a 390 as an individual sign, 280 on other signs b 390 as an individual sign, 280 on other signs c 15 on 390 individual sign, 11 on 280 (other) signs d 100 e 140 Type number 120D Type letter if applicable 60D",
GRRR,Route indicator urban route - 1 or 2 digits may have a letter,Guide Signs,ROUTE_INDICATOR_URBAN_ROUTE_1_OR_2_DIGITS_MAY_HAVE_A_LETTER_GRRR.svg,310x360 mm,a : Individual Sign Width 310 a : On Other Signs Width 200 b : Individual Sign Height 360 b : On Other Signs Height 240 c : Individual Sign indent 10 c : On Other Signs indent 8 d : Individual Sign border 15 d : On Other Signs border 12 Individual Sign Numeral 175E On Other Signs Numeral 120E,
GRRR,Route indicator urban route - 1 or 2 digits may have a letter,Guide Signs,ROUTE_INDICATOR_URBAN_ROUTE_1_OR_2_DIGITS_MAY_HAVE_A_LETTER_VAR2_GRRR.svg,200x239 mm,a : Individual Sign Width 310 a : On Other Signs Width 200 b : Individual Sign Height 360 b : On Other Signs Height 240 c : Individual Sign indent 10 c : On Other Signs indent 8 d : Individual Sign border 15 d : On Other Signs border 12 Individual Sign Numeral 175E On Other Signs Numeral 120E,
GRNR,Route indicator – named route (eg symbols SG11 - …),Guide Signs,ROUTE_INDICATOR_NAMED_ROUTE_EG_SYMBOLS_SG11_GRNR.svg,400x543 mm,Twin Coast Discovery Twin Coast Discovery Geyser Highway Pacific Coast Highway a 400 400 400 400 b 400 400 540 500 Symbol Twin Coast Twin Coast,
GRNR,Route indicator – named route (eg symbols SG11 - …),Guide Signs,ROUTE_INDICATOR_NAMED_ROUTE_EG_SYMBOLS_SG11_WHITE_GRNR.svg,400x500 mm,Twin Coast Discovery Twin Coast Discovery Geyser Highway Pacific Coast Highway a 400 400 400 400 b 400 400 540 500 Symbol Twin Coast Twin Coast,
GRNR,Route indicator – named route (eg symbols SG11 - …),Guide Signs,ROUTE_INDICATOR_NAMED_ROUTE_EG_SYMBOLS_SG11_BROWN_GRNR.svg,400x400 mm,Twin Coast Discovery Twin Coast Discovery Geyser Highway Pacific Coast Highway a 400 400 400 400 b 400 400 540 500 Symbol Twin Coast Twin Coast,
GRNR,Route indicator – named route (eg symbols SG11 - …),Guide Signs,ROUTE_INDICATOR_NAMED_ROUTE_EG_SYMBOLS_SG11_BLUE_GRNR.svg,400x400 mm,Twin Coast Discovery Twin Coast Discovery Geyser Highway Pacific Coast Highway a 400 400 400 400 b 400 400 540 500 Symbol Twin Coast Twin Coast,
GRSD,"Route indicator – special destination ( eg SM11, SV51 or SM10 symbol)",Guide Signs,ROUTE_INDICATOR_SPECIAL_DESTINATION_EG_SM11_SV51_OR_SM10_SYMBOL_GRSD.svg,240x300 mm,a 240 b 300 Symbol i 157 x 270,
GRVR,Route indicator – special vehicle route (eg SV30 or SU10 symbol),Guide Signs,ROUTE_INDICATOR_SPECIAL_VEHICLE_ROUTE_EG_SV30_OR_SU10_SYMBOL_GRVR.svg,320x180 mm,a 320 b 180 Symbol Heavy motor vehicle 280 x 140,
GRTS,Route indicator –Tsunami evacuation route,Guide Signs,ROUTE_INDICATOR_TSUNAMI_EVACUATION_ROUTE_GRTS.svg,400x500 mm,a 400 b 500 r 40 c 15 d : arrow type B shaft 20 Symbol 'Tsunami evacuation' 300 diameter Symbol 'car' 150x70,
GJN,Street name plate – erected above other GJ signs,Guide Signs,STREET_NAME_PLATE_ERECTED_ABOVE_OTHER_GJ_SIGNS_GJN.svg,800x200 mm,a 800 Rectangle sized to suit message b 200 Rectangle sized to suit message Type Street Upper case 100C Type Street Lower case 100 Tpt Medium Numerals 50 Tpt Medium Chevron Stripe w x h 15 x 100,
GA33,"Three panel, 3 lines of legend - 1:1:1 example",Guide Signs,THREE_PANEL_3_LINES_OF_LEGEND_1_1_1_EXAMPLE_GA33.svg,1900x1200 mm,,
GA34,"Three panel, 4 lines of legend - 2:1:1, 1:2:1 or 1:1:2 example",Guide Signs,THREE_PANEL_4_LINES_OF_LEGEND_2_1_1_1_2_1_OR_1_1_2_EXAMPLE_GA34.svg,1900x1400 mm,,
GA3N,"Three panel, N lines of legend example",Guide Signs,THREE_PANEL_N_LINES_OF_LEGEND_EXAMPLE_GA3N.svg,1675x988 mm,,
GA23,"Two panel, 3 lines of legend - 1:2 or 2:1 example",Guide Signs,TWO_PANEL_3_LINES_OF_LEGEND_1_2_OR_2_1_EXAMPLE_GA23.svg,2450x1200 mm,,
GA24,"Two panel, 4 lines of legend - 2:2 example",Guide Signs,TWO_PANEL_4_LINES_OF_LEGEND_2_2_EXAMPLE_GA24.svg,2302x1413 mm,,
GA25,"Two panel, 5 lines of legend - 2:3 or 3:2 example",Guide Signs,TWO_PANEL_5_LINES_OF_LEGEND_2_3_OR_3_2_EXAMPLE_GA25.svg,2100x1773 mm,,
GA2N,"Two panel, N lines of legend example",Guide Signs,TWO_PANEL_N_LINES_OF_LEGEND_EXAMPLE_GA2N.svg,1675x665 mm,,
GA22,"Two panels, 2 lines of legend - 1 line of legend in each ie 1:1 example",Guide Signs,TWO_PANELS_2_LINES_OF_LEGEND_1_LINE_OF_LEGEND_IN_EACH_IE_1_1_EXAMPLE_GA22.svg,1900x817 mm,,
SAA,Arrow type A,Arrows,ARROW_TYPE_A_SAA.svg,748x400 mm,r 16 20 24 d 80 100 120 c 160 200 240 b varies varies varies a 200 250 300,drawn width 748 mm vs register 200/250/300 mm — check
SAB,Arrow type B,Arrows,ARROW_TYPE_B_SAB.svg,884x600 mm,d 26 39 52 c 10 15 20 b varies varies varies a 30 45 60,drawn width 884 mm vs register 30/45/60 mm — check
SAC,Arrow type C,Arrows,ARROW_TYPE_C_SAC.svg,640x400 mm,r 16 20 24 e 40 50 60 d 80 100 120 c 160 200 240 b 320 400 480 a 200 250 300,drawn width 640 mm vs register 200/250/300 mm — check
SAD,Arrow type D,Arrows,ARROW_TYPE_D_SAD.svg,600x528 mm,r 12 14 16 g 169 197 226 f 20 23 27 e 60 70 80 d 82 96 109 c 245 285 325 b 300 350 400 a 264 308 352,drawn width 600 mm vs register 264/308/352 mm — check
SAE,Arrow type E,Arrows,ARROW_TYPE_E_SAE.svg,600x412 mm,r 9 16 25 e 28 47 75 d 61 101 162 c 150 250 400 b 206 344 550 a 300 500 800,drawn width 600 mm vs register 300/500/800 mm — check
SAF,Arrow type F,Arrows,ARROW_TYPE_F_SAF.svg,716x310 mm,r 3 5 6 f 18 27 36 e 24 36 48 d 6 9 12 c 57 86 114 b varies varies varies a 62 94 124,drawn width 716 mm vs register 62/94/124 mm — check
