category,id,rule,code,motsam,title,updated,heading,dimensions,colours,files,local
Regulatory,798,R2-6.1,RP6V,none,"""Stop On Red Signal"" variable",26 January 2017,,a : 1200 b : 1000 c : 30 d : 100 Text : 200D,Legend : yellow (lit) or white (lit) Background : black (unlit) Border : red,https://www.nzta.govt.nz/assets/resources/traffic-control-devices-manual/sign-specifications/images/RP6V-Stop-on-red-signal-variable.eps | https://www.nzta.govt.nz/assets/resources/traffic-control-devices-manual/sign-specifications/images/RP6V-Stop-on-red-signal-variable-nolabels.gif,Original EPS/Regulatory/RP6V-Stop-on-red-signal-variable.eps | Original EPS/Regulatory/RP6V-Stop-on-red-signal-variable-nolabels.gif
Regulatory,808,"R4-4, 5 or 6",RL3V,none,"Arrow variable S, L or R and X",12 January 2017,,a : 265 b : 40 c : 265 d : 40,"Legend green (lit), yellow (lit) or white (lit) or red (lit) Background none Border none",https://www.nzta.govt.nz/assets/resources/traffic-control-devices-manual/sign-specifications/images/RL3V-Arrows-and-cross.eps | https://www.nzta.govt.nz/assets/resources/traffic-control-devices-manual/sign-specifications/images/RL3V-Arrows-and-cross-nolabels.gif,Original EPS/Regulatory/RL3V-Arrows-and-cross.eps | Original EPS/Regulatory/RL3V-Arrows-and-cross-nolabels.gif
Regulatory,822,R5-10,RJ53,RH-6,Axle limit,31 January 2017,,a : 1000 b : 750 r : 60 c : 10 d : 25 e : 75 1st line : 100B 2nd line : 100C 3rd line : Numerals 150C 3rd line : kg Transport D Med x = 75,Border : red (R) Background : white (R) Legend : black,https://www.nzta.govt.nz/assets/resources/traffic-control-devices-manual/sign-specifications/images/RJ53-Axle-limit.eps | https://www.nzta.govt.nz/assets/resources/traffic-control-devices-manual/sign-specifications/images/RJ53-Axle-limit-no-labels.gif,Original EPS/Regulatory/RJ53-Axle-limit.eps | Original EPS/Regulatory/RJ53-Axle-limit-no-labels.gif
Regulatory,801,R3-14,RPB,none,Barrier arm (used in conjunction with RPX1 assembly),26 January 2017,,a : Width varied to suit roadway being controlled b : 50 FRONT alternating vertical bands c : red 280 wide d : white 180 wide REVERSE at least 3 rectangles equally spaced across arm e : 280 wide # : spacing equal between red rectangles,Legend : red (R) and white (R) Background : white Border : none,https://www.nzta.govt.nz/assets/resources/traffic-control-devices-manual/sign-specifications/images/RPB-Barrier-arm.eps | https://www.nzta.govt.nz/assets/resources/traffic-control-devices-manual/sign-specifications/images/RPB-Barrier-arm-nolabels.gif,Original EPS/Regulatory/RPB-Barrier-arm.eps | Original EPS/Regulatory/RPB-Barrier-arm-nolabels.gif
Regulatory,1248,R1-9.1,RS63,none,Beach 60km / 30km,15 November 2023,,a: 800 b: 1620 c: 1350 d: 250 e: 730 f: 600 g: 540 h: 400 i: 242 j: 137 k: 180 l: 212 m: 100 n: 45 o: 20 p: 10 q: 50 r: 80 r2: 50 s: 30 t: 75 Text: Series D 100 Numerals: 60 200 Numerals: 30 135,Regulatory sign Background: white (R) Border and Roundel: red (R) Legend: black Supplementary warning signs Background: yellow/green (RF) Legend: black Border: black,https://www.nzta.govt.nz/assets/resources/traffic-control-devices-manual/sign-specifications/images/R1-9.2-R1-Beach-English-Series-D.eps | https://www.nzta.govt.nz/assets/resources/traffic-control-devices-manual/sign-specifications/images/R1-9.2-R1-Beach-English-Series-D-non-labelled.gif,Original EPS/Regulatory/R1-9.2-R1-Beach-English-Series-D.eps
Regulatory,813,R4-7.2,RLB3,none,"Bus lane, single peak period",26 January 2017,,a : 600 b : 600 r : 60 c : 10 d : 15 Symbol w x h 465x160 e : 32 Type LINE 1 120D Type HOURS 80E Type MINS 40E Type AM PM 30E Type DAYS 40E,Legend : black Background : white (R) Border : red (R),https://www.nzta.govt.nz/assets/resources/traffic-control-devices-manual/sign-specifications/images/RLB3-Bus-lane-single-peak-period.eps | https://www.nzta.govt.nz/assets/resources/traffic-control-devices-manual/sign-specifications/images/RLB3-Bus-lane-single-peak-period-nolabels.gif,Original EPS/Regulatory/RLB3-Bus-lane-single-peak-period.eps | Original EPS/Regulatory/RLB3-Bus-lane-single-peak-period-nolabels.gif
Regulatory,814,R4-7.3,RLB4,none,"Bus lane, two periods same days",12 July 2023,,a : 600 b : 750 r : 60 c : 10 d : 15 Symbol w x h 465x160 e : 30 Type LINE 1 120D Type HOURS 80E Type MINS 40E Type AM PM 30E Type DAYS 40E,Legend : black Background : white (R) Border : red (R),https://www.nzta.govt.nz/assets/resources/traffic-control-devices-manual/sign-specifications/images/RLB4-Bus-lane-2-periods-same-days.eps | https://www.nzta.govt.nz/assets/resources/traffic-control-devices-manual/sign-specifications/images/RLB4-Bus-lane-2-periods-same-days-non-labelled.gif,Original EPS/Regulatory/RLB4-Bus-lane-2-periods-same-days.eps
Regulatory,834,R5-7.2,RJI1,none,Class I until `Date`,27 January 2017,,a : 275 b : 512 c : 25 Symbol CLASS 1 diameter 250 TYPE 50A,"Border : none Background : white (R) Legend : white (R) , red and black",https://www.nzta.govt.nz/assets/resources/traffic-control-devices-manual/sign-specifications/images/RJI1-Class-1-until-date.eps | https://www.nzta.govt.nz/assets/resources/traffic-control-devices-manual/sign-specifications/images/RJI1-Class-1-until-date-nolabels.gif,Original EPS/Regulatory/RJI1-Class-1-until-date.eps | Original EPS/Regulatory/RJI1-Class-1-until-date-nolabels.gif
Regulatory,804,R4-5,RL3L,none,Diagonal arrow left (generally lit),12 January 2017,,a : 300 b : 300 c : 265 d : 40,Legend yellow (lit) or white (lit) Background black (unlit) Border none,https://www.nzta.govt.nz/assets/resources/traffic-control-devices-manual/sign-specifications/images/RL3L-Diag-arrow-left.eps | https://www.nzta.govt.nz/assets/resources/traffic-control-devices-manual/sign-specifications/images/RL3L-Diag-arrow-left-nolabels.gif,Original EPS/Regulatory/RL3L-Diag-arrow-left.eps | Original EPS/Regulatory/RL3L-Diag-arrow-left-nolabels.gif
Regulatory,806,R4-5,RL3R,none,Diagonal arrow right (generally lit),12 January 2017,,a : 300 b : 300 c : 265 d : 40,Legend yellow (lit) or white (lit) Background black (unlit) Border none,https://www.nzta.govt.nz/assets/resources/traffic-control-devices-manual/sign-specifications/images/RL3R-Diag-arrow-right.eps | https://www.nzta.govt.nz/assets/resources/traffic-control-devices-manual/sign-specifications/images/RL3R-Diag-arrow-right-nolabels.gif,Original EPS/Regulatory/RL3R-Diag-arrow-right.eps | Original EPS/Regulatory/RL3R-Diag-arrow-right-nolabels.gif
Regulatory,805,R4-6,RL3N,none,Diagonal cross (generally lit),12 January 2017,,a : 300 b : 300 c : 265 d : 40,Legend : red (lit) Background : black (unlit) Border : none,https://www.nzta.govt.nz/assets/resources/traffic-control-devices-manual/sign-specifications/images/RL3N-Diag-cross.eps | https://www.nzta.govt.nz/assets/resources/traffic-control-devices-manual/sign-specifications/images/RL3N-Diag-cross-nolabels.gif,Original EPS/Regulatory/RL3N-Diag-cross.eps | Original EPS/Regulatory/RL3N-Diag-cross-nolabels.gif
Regulatory,807,R4-4,RL3S,none,Downward facing arrow (generally lit),12 January 2017,,a : 300 b : 300 c : 265 d : 40,Legend : green (lit) Background : black (unlit) Border : none,https://www.nzta.govt.nz/assets/resources/traffic-control-devices-manual/sign-specifications/images/RL3S-Down-arrow.eps | https://www.nzta.govt.nz/assets/resources/traffic-control-devices-manual/sign-specifications/images/RL3S-Down-arrow-nolabels.gif,Original EPS/Regulatory/RL3S-Down-arrow.eps | Original EPS/Regulatory/RL3S-Down-arrow-nolabels.gif
Regulatory,810,R4-12.1,RL52,none,Emergency Stopping Lane - specified time,26 January 2017,,a : 1500 b : 1100 r : 80 c : 10 d : 30 Legend : 160D Legend : minutes am/pm 80D e : 70,Legend : black Background : white (R) Border : red (R),https://www.nzta.govt.nz/assets/resources/traffic-control-devices-manual/sign-specifications/images/RL52-Emergency-stopping-lane-specified-time.eps | https://www.nzta.govt.nz/assets/resources/traffic-control-devices-manual/sign-specifications/images/RL52-Emergency-stopping-lane-specified-time-nolabels.gif,Original EPS/Regulatory/RL52-Emergency-stopping-lane-specified-time.eps | Original EPS/Regulatory/RL52-Emergency-stopping-lane-specified-time-nolabels.gif
Regulatory,835,R7-10,RB1,none,General regulatory,26 January 2017,,a : 600 b : 600 r : 60 c : 10 d : 15 e : 50 Type : 100C,Border : red (R) Background: white (R) Legend : black,https://www.nzta.govt.nz/assets/resources/traffic-control-devices-manual/sign-specifications/images/RB1-General-regulatory.eps | https://www.nzta.govt.nz/assets/resources/traffic-control-devices-manual/sign-specifications/images/RB1-General-regulatory-nolabels.gif,Original EPS/Regulatory/RB1-General-regulatory.eps | Original EPS/Regulatory/RB1-General-regulatory-nolabels.gif
Regulatory,836,R7-10.1,RB2,none,General regulatory – variable [messages subject to RCA protocol],26 January 2017,,a : To suit message requirements 1930 b : To suit message requirements 1070 c : 25 d : 100 Type : 200D,Border : red (lit) or red (R) Background : black Legend : yellow (lit) or white (lit),https://www.nzta.govt.nz/assets/resources/traffic-control-devices-manual/sign-specifications/images/RB2-General-regulatory-variable.eps | https://www.nzta.govt.nz/assets/resources/traffic-control-devices-manual/sign-specifications/images/RB2-General-regulatory-variable-nolabels.gif,Original EPS/Regulatory/RB2-General-regulatory-variable.eps | Original EPS/Regulatory/RB2-General-regulatory-variable-nolabels.gif
Regulatory,637,none,RG51,RP-3.4,General supplementary days `Mon-Fri`,14 January 2021,,a : 400 b : 200 r : 50 c : 15 d : 10 Legend : NZ Transport medium `x` height 40 mm,Background reflectorised white Border reflectorised red Legend black,https://www.nzta.govt.nz/assets/resources/traffic-control-devices-manual/sign-specifications/images/r07-07-01.eps | https://www.nzta.govt.nz/assets/resources/traffic-control-devices-manual/sign-specifications/images/r07-07-01-nolabels.gif,Original EPS/Regulatory/r07-07-01.eps | Original EPS/Regulatory/r07-07-01-nolabels.gif
Regulatory,797,None,RP2F,None,Give Way (RP2 or RP21) fluorescent backing board,17 February 2017,,a : 1260 b : 1075 r : 100 c : 355 d : 150 e : 10 f : 65 g : 865,Legend : black Background : reflectorised white and yellow (RF) Border : reflectorised red,https://www.nzta.govt.nz/assets/resources/traffic-control-devices-manual/sign-specifications/images/RP2F-Give-way-fluoro.eps | https://www.nzta.govt.nz/assets/resources/traffic-control-devices-manual/sign-specifications/images/RP2F-Give-way-fluoro-nolabels.gif,Original EPS/Regulatory/RP2F-Give-way-fluoro.eps | Original EPS/Regulatory/RP2F-Give-way-fluoro-nolabels.gif
Regulatory,761,R2-2.4,RP74,none,Give Way - supplementary - left turning traffic,27 September 2024,,a 900 b 800 r 60 c 75 d 20 e 10 Legend 150C,Background: white (R) Border: red (R) Legend: red (R),https://www.nzta.govt.nz/assets/resources/traffic-control-devices-manual/sign-specifications/images/R2-Give-Way-Left-Turning-Traffic-02-02-03.eps | https://www.nzta.govt.nz/assets/resources/traffic-control-devices-manual/sign-specifications/images/R2-Give-Way-Left-Turning-Traffic-02-02-03-nolabels.gif,Original EPS/Regulatory/R2-Give-Way-Left-Turning-Traffic-02-02-03.eps | Original EPS/Regulatory/R2-Give-Way-Left-Turning-Traffic-02-02-03-nolabels.gif
Regulatory,762,R2-3.1,none,none,Give-way roundabout,12 January 2017,,"a 1200 b : Legend R2-3 sign 65 c : Legend arrows SHAFT 37 Legend ""GIVE WAY"" 150B","Background: black Legend R2-3 sign Edge line of triangle red Legend arrows yellow (lit) or white (lit) Legend ""GIVE WAY"" yellow (lit) or white (lit)",https://www.nzta.govt.nz/assets/resources/traffic-control-devices-manual/sign-specifications/images/R2-Give-Way-Roundabout-02-03.eps | https://www.nzta.govt.nz/assets/resources/traffic-control-devices-manual/sign-specifications/images/R2-Give-Way-Roundabout-02-03-nolabels.gif,Original EPS/Regulatory/R2-Give-Way-Roundabout-02-03.eps | Original EPS/Regulatory/R2-Give-Way-Roundabout-02-03-nolabels.gif
Regulatory,1245,R1-5.2.1,RS52.1,none,Green Threshold option A rural/urban,15 November 2023,,a: 1800 b: 2550 r: 150 c: 1200 d: 150 e: 100 f: 210 g: 40 h: 40 WELCOME TO 100D LOCALITY 160 E Mod,"Legend: black, red (R) and white (R) Background: green or blue (R) Border: white (R)",https://www.nzta.govt.nz/assets/resources/traffic-control-devices-manual/sign-specifications/images/RS52-Green-Threshold-option-A-rural-urban-v2.eps | https://www.nzta.govt.nz/assets/resources/traffic-control-devices-manual/sign-specifications/images/RS52-Green-Threshold-option-A-rural-urban-non-labelled.gif,Original EPS/Regulatory/RS52-Green-Threshold-option-A-rural-urban-v2.eps
Regulatory,823,R5-9,RJH1,RH-4,"Heavy vehicle bridge limit, 1 panel",14 December 2016,,a : 900 b : 600 r : 60 c : 10 d : 25 e : 50 Type LINE 1 & 2 100B Type LINE 3 75D Type LINE 3 'kg' Transport D Med 100 (x height = 50),Border red (R) Background white (R) Legend Black,https://www.nzta.govt.nz/assets/resources/traffic-control-devices-manual/sign-specifications/images/RJH1-Heavy-vehicle-bridge-limit-1.eps | https://www.nzta.govt.nz/assets/resources/traffic-control-devices-manual/sign-specifications/images/RJH1-Heavy-vehicle-bridge-limit-1-no-labels.gif,Original EPS/Regulatory/RJH1-Heavy-vehicle-bridge-limit-1.eps | Original EPS/Regulatory/RJH1-Heavy-vehicle-bridge-limit-1-no-labels.gif
Regulatory,824,R5-9,RJH2,RH-4,"Heavy vehicle bridge limit, 2 panels",14 December 2016,,a : 900 b : 750 r : 60 c : 10 d : 25 e : 50 OPTION 1 Type LINE 1 & 2 100B Type LINE 3 75D Type LINE 3 'kg' Transport D Med 100 (x height = 50) Type LINE 4 'GROSS' 70D Type LINE 4 '70 OF CLASS 1' 70B Type LINE 4 '%' Transport D Med 70 (x height = 35) OPTION 2 Type LINE 1 & 2 100B Type LINE 3 75D Type LINE 3 'kg' Transport D Med 100 (x height = 50) Type LINE 4 'GROSS 4600' 75D Type LINE 4 'KG' Trans,Border red (R) Background white (R) Legend Black,https://www.nzta.govt.nz/assets/resources/traffic-control-devices-manual/sign-specifications/images/RJH2-Heavy-vehicle-bridge-limit-2.eps | https://www.nzta.govt.nz/assets/resources/traffic-control-devices-manual/sign-specifications/images/RJH2-Heavy-vehicle-bridge-limit-2-no-labels.gif,Original EPS/Regulatory/RJH2-Heavy-vehicle-bridge-limit-2.eps | Original EPS/Regulatory/RJH2-Heavy-vehicle-bridge-limit-2-no-labels.gif
Regulatory,825,R5-9,RJH3,RH-4,"Heavy vehicle bridge limit, 3 panels",9 December 2016,,a : 900 b : 900 r : 60 c : 10 d : 25 e : 50 Type LINE 1 & 2 100B Type LINE 3 75D Type LINE 3 'kg' Transport D Med 100 (x height = 50) Type LINE 4 'GROSS' 70D Type LINE 4 '70 OF CLASS 1' 70B Type LINE 4 '%' Transport D Med 70 (x height = 35) Type LINE 5 'SPEED 70' 75D Type LINE 5 'km/h' Transport D Med 100 (x height = 50),Border red (R) Background white (R) Legend Black,https://www.nzta.govt.nz/assets/resources/traffic-control-devices-manual/sign-specifications/images/RJH3-Heavy-vehicle-bridge-limit-3.eps | https://www.nzta.govt.nz/assets/resources/traffic-control-devices-manual/sign-specifications/images/RJH3-Heavy-vehicle-bridge-limit-3-no-labels.gif,Original EPS/Regulatory/RJH3-Heavy-vehicle-bridge-limit-3.eps | Original EPS/Regulatory/RJH3-Heavy-vehicle-bridge-limit-3-no-labels.gif
Regulatory,1231,R5-9.1,RJH4,none,"Heavy vehicle bridge limit, axle sets",8 November 2023,,a: 1200 b: 1050 r: 80 c: 10 d: 25 e: 50 f: 100 Type LINE 1 and 2: 100B Type LINE 3: 75D Type LINE 3 'T': Transport Med (x height = 50),Legend: black Background: White (R) Border: Red (R),https://www.nzta.govt.nz/assets/resources/traffic-control-devices-manual/sign-specifications/images/R5-9-v5.1-Heavy-vehicle-bridge-limit-axle-sets.eps | https://www.nzta.govt.nz/assets/resources/traffic-control-devices-manual/sign-specifications/images/R5-9-v5.1-Heavy-vehicle-bridge-limit-axle-sets-non-labelled.gif,Original EPS/Regulatory/R5-9-v5.1-Heavy-vehicle-bridge-limit-axle-sets.eps
Regulatory,1234,R5-9.3B,RJH7,none,"Heavy vehicle bridge limit, combined limit restriction horizontal Option B",8 November 2023,,"a: 2800 b: 1300 r: 100 c: 10 d: 25 e: 50 f: 100 Type LINE 1 100B Type LINE 2, 3 and 8 75D Type LINE 4 to 7, 2 columns [number of axles and gross weight] 75D Type LINE 4 to 8 'T' or ‘km/h’ Transport Med (x height = 50)",Legend black Background White (R) Border Red (R),https://www.nzta.govt.nz/assets/resources/traffic-control-devices-manual/sign-specifications/images/R5-9-v2.3-Heavy-vehicle-bridge-limit-Horizontal-B.eps | https://www.nzta.govt.nz/assets/resources/traffic-control-devices-manual/sign-specifications/images/R5-9.3-Heavy-vehicle-bridge-limit-Horizontal-B-non-labelled.gif,Original EPS/Regulatory/R5-9-v2.3-Heavy-vehicle-bridge-limit-Horizontal-B.eps
Regulatory,1233,R5-9.3,RJH6,none,"Heavy vehicle bridge limit, combined limit restriction, vertical Option A",8 November 2023,,"a: 1650 b: 1950 r: 100 c: 10 d: 25 e: 50 f: 100 Type LINE 1 100B Type LINE 2, 7, 8 and 13 75D Type LINE 3 to 6 and 9 to 12, 2 columns [number of axles and gross weight] 75D Type LINE 3 to 6 and 9 to 12 'T' including LINE 13 'km/h' Transport Med (x height = 50)",Legend black Background White (R) Border Red (R),https://www.nzta.govt.nz/assets/resources/traffic-control-devices-manual/sign-specifications/images/R5-9-v2.3-Heavy-vehicle-bridge-limit-Vertical-A.eps | https://www.nzta.govt.nz/assets/resources/traffic-control-devices-manual/sign-specifications/images/R5-9-v2.3-Heavy-vehicle-bridge-limit-Vertical-A-non-labelled.gif,Original EPS/Regulatory/R5-9-v2.3-Heavy-vehicle-bridge-limit-Vertical-A.eps
Regulatory,1232,R5-9.2,RJH5,none,"Heavy vehicle bridge limit, number of axles and gross weight",8 November 2023,,a: 1650 b: 1200 height to fit text r: 100 c: 10 d: 25 e: 50 f: 470 Type LINE 1 and 2 100B Type LINE 3 75D Type LINE 4 to 7 ‘ 2 columns [number of axles and gross weight]' 75D Type LINE 4 to 7 'T' Transport Med 100 (x height = 50),Legend black Background White (R) Border Red (R),https://www.nzta.govt.nz/assets/resources/traffic-control-devices-manual/sign-specifications/images/R5-9-v3.2-Heavy-vehicle-bridge-limit-axles-gross-weight.eps | https://www.nzta.govt.nz/assets/resources/traffic-control-devices-manual/sign-specifications/images/R5-9-v3.2-Heavy-vehicle-bridge-limit-axles-gross-weight-non-labelled.gif,Original EPS/Regulatory/R5-9-v3.2-Heavy-vehicle-bridge-limit-axles-gross-weight.eps
Regulatory,815,R4-10,RLC1,none,Heavy vehicle lane [truck symbol],26 January 2017,,a : 600 b : 600 r : 60 c : 10 d : 15 Type 120D e : 90 symbol truck wxh 320 x 160,Legend : black Background : white (R) Border : red (R),https://www.nzta.govt.nz/assets/resources/traffic-control-devices-manual/sign-specifications/images/RLC1-Heavy-vehicle-lane.eps | https://www.nzta.govt.nz/assets/resources/traffic-control-devices-manual/sign-specifications/images/RLC1-Heavy-vehicle-lane-nolabels.gif,Original EPS/Regulatory/RLC1-Heavy-vehicle-lane.eps | Original EPS/Regulatory/RLC1-Heavy-vehicle-lane-nolabels.gif
Regulatory,793,R1-5.4,RS54,none,Motorway begins threshold,30 September 2021,,a : 1200 b : 1600 r : 110 c : 600 d : 100 e : 20 f : 60 g : 310 Symbols R5-2 No pedestrians and R5-1 No cycling TEXT 120C,"Legend : black, red (R) and white (R) Background : green (R) Border : white (R) 30mm",https://www.nzta.govt.nz/assets/resources/traffic-control-devices-manual/sign-specifications/images/RS5-Motorway-begins-threshold.eps | https://www.nzta.govt.nz/assets/resources/traffic-control-devices-manual/sign-specifications/images/RS5-Motorway-begins-threshold-nolabels.gif,Original EPS/Regulatory/RS5-Motorway-begins-threshold.eps | Original EPS/Regulatory/RS5-Motorway-begins-threshold-nolabels.gif
Regulatory,792,R1-5.3,RS53,none,Motorway ends threshold,30 September 2021,,a : 900 b : 1200 r : 80 c : 600 d : 100 e : 20 f : 60 TEXT 120C,"Legend : black, red (R) and white (R) Background : green (R) Border : white ® 30mm",https://www.nzta.govt.nz/assets/resources/traffic-control-devices-manual/sign-specifications/images/RS5-Motorway-ends-threshold.eps | https://www.nzta.govt.nz/assets/resources/traffic-control-devices-manual/sign-specifications/images/RS5-Motorway-ends-threshold-nolabels.gif,Original EPS/Regulatory/RS5-Motorway-ends-threshold.eps | Original EPS/Regulatory/RS5-Motorway-ends-threshold-nolabels.gif
Regulatory,1163,R1-5.6,RS56,None,Motorway or Expressway Threshold,5 October 2017,,"a 900 mm 1200 mm 1500 mm 1800 mm b 1200 mm 1500 mm 1800 mm 2400 mm c 25 mm 30 mm 40 mm 50 mm r 80 mm 100 mm 120 mm 150 mm d 600 mm 750 mm 900 mm 1200 mm e 20 mm 25 mm 30 mm 40 mm Speed limit sign details As for RS1, RS2 or RS4 signs As for RS1, RS2 or RS4 signs As for RS1, RS2 or RS4 signs As for RS1, RS2 or RS4 signs “Waikato” 120 mm series D 150 mm series D 180 mm series D 240 mm series D “Expre","Background: Reflectorised green Border: Reflectorised white Speed limit sign: Reflectorised white, reflectorised red and black Text: Reflectorised white",https://www.nzta.govt.nz/assets/resources/traffic-control-devices-manual/sign-specifications/images/RS56-Waikato-Expressway-Threshold.eps | https://www.nzta.govt.nz/assets/resources/traffic-control-devices-manual/sign-specifications/images/RS56-Waikato-Expressway-Threshold-no-labels.gif,Original EPS/Regulatory/RS56-Waikato-Expressway-Threshold.eps | Original EPS/Regulatory/RS56-Waikato-Expressway-Threshold-no-labels.gif
Regulatory,827,R5-12,RJ72,none,No campervan waste,14 December 2016,,a : 400 600 b : 50 75 c : 35 50 Campervan Waste Symbol w x h 200 x 200 300 x 300,Border : red (R) Background: white (R) Legend : red (R) and black,https://www.nzta.govt.nz/assets/resources/traffic-control-devices-manual/sign-specifications/images/RJ72-No-campervan-waste.eps | https://www.nzta.govt.nz/assets/resources/traffic-control-devices-manual/sign-specifications/images/RJ72-No-campervan-waste-nolabels.gif,Original EPS/Regulatory/RJ72-No-campervan-waste.eps | Original EPS/Regulatory/RJ72-No-campervan-waste-nolabels.gif
Regulatory,826,R5-11,RJ71,none,No camping,27 January 2017,,a : 600 b : 800 r : 60 c : 10 d : 30 e : 20 f : 40 g : circle diamteter 400 h : circle border 50 I : diagonal bar on circle 35 Type Transport D Medium x = 50 Camping & Campervan Symbol w x h 240 x 300,Border : red (R) Background: white (R) Legend : red (R) and black,https://www.nzta.govt.nz/assets/resources/traffic-control-devices-manual/sign-specifications/images/RJ71-No-camping.eps | https://www.nzta.govt.nz/assets/resources/traffic-control-devices-manual/sign-specifications/images/RJ71-No-camping-nolabels.gif,Original EPS/Regulatory/RJ71-No-camping.eps | Original EPS/Regulatory/RJ71-No-camping-nolabels.gif
Regulatory,828,R5-13A,RJ81,none,No cruising zone,27 January 2017,,a : 600 b : 600 r : 60 c : 10 d : 15 e : 50 Type : 100C,Border : red (R) Background: white (R) Legend : black,https://www.nzta.govt.nz/assets/resources/traffic-control-devices-manual/sign-specifications/images/RJ81-No-cruising-zone.eps | https://www.nzta.govt.nz/assets/resources/traffic-control-devices-manual/sign-specifications/images/RJ81-No-cruising-zone-nolabels.gif,Original EPS/Regulatory/RJ81-No-cruising-zone.eps | Original EPS/Regulatory/RJ81-No-cruising-zone-nolabels.gif
Regulatory,829,R5-13.1A,RJ82,none,No cruising zone begins,27 January 2017,,a : 600 b : 700 r : 60 c : 10 d : 15 e : 50 Type : 100C,Border : red (R) Background: white (R) Legend : black,https://www.nzta.govt.nz/assets/resources/traffic-control-devices-manual/sign-specifications/images/RJ82-No-cruising-zone-begins.eps | https://www.nzta.govt.nz/assets/resources/traffic-control-devices-manual/sign-specifications/images/RJ82-No-cruising-zone-begins-nolabels.gif,Original EPS/Regulatory/RJ82-No-cruising-zone-begins.eps | Original EPS/Regulatory/RJ82-No-cruising-zone-begins-nolabels.gif
Regulatory,832,R5-13.1B,RJ85,none,No cruising zone begins with time period,27 January 2017,,a : 600 b : 800 r : 60 c : 10 d : 15 e : 50 Type : 100C Numerals (Time) : Transport D Medium x = 32.5,Border : red (R) Background: white (R) Legend : black,https://www.nzta.govt.nz/assets/resources/traffic-control-devices-manual/sign-specifications/images/RJ85-No-cruising-zone-begins-with-time-period.eps | https://www.nzta.govt.nz/assets/resources/traffic-control-devices-manual/sign-specifications/images/RJ85-No-cruising-zone-begins-with-time-period-nolabels.gif,Original EPS/Regulatory/RJ85-No-cruising-zone-begins-with-time-period.eps | Original EPS/Regulatory/RJ85-No-cruising-zone-begins-with-time-period-nolabels.gif
Regulatory,830,R5-13.2A,RJ83,none,No cruising zone ends,27 January 2017,,a : 600 b : 700 r : 60 c : 10 d : 15 e : 50 Type : 100C,Border : red (R) Background: white (R) Legend : black,https://www.nzta.govt.nz/assets/resources/traffic-control-devices-manual/sign-specifications/images/RJ83-No-cruising-zone-ends.eps | https://www.nzta.govt.nz/assets/resources/traffic-control-devices-manual/sign-specifications/images/RJ83-No-cruising-zone-ends-nolabels.gif,Original EPS/Regulatory/RJ83-No-cruising-zone-ends.eps | Original EPS/Regulatory/RJ83-No-cruising-zone-ends-nolabels.gif
Regulatory,833,R5-13.2B,RJ86,none,No cruising zone ends with time period,27 January 2017,,a : 600 b : 800 r : 60 c : 10 d : 15 e : 50 Type : 100C Numerals (Time) : Transport D Medium x = 32.5,Border : red (R) Background: white (R) Legend : black,https://www.nzta.govt.nz/assets/resources/traffic-control-devices-manual/sign-specifications/images/RJ86-No-cruising-zone-ends-with-time-period.eps | https://www.nzta.govt.nz/assets/resources/traffic-control-devices-manual/sign-specifications/images/RJ86-No-cruising-zone-ends-with-time-period-nolabels.gif,Original EPS/Regulatory/RJ86-No-cruising-zone-ends-with-time-period.eps | Original EPS/Regulatory/RJ86-No-cruising-zone-ends-with-time-period-nolabels.gif
Regulatory,831,R5-13B,RJ84,none,No cruising zone with time period,27 January 2017,,a : 600 b : 700 r : 60 c : 10 d : 15 e : 50 Type : 100C Numerals (Time) : Transport D Medium x = 32.5,Border : red (R) Background: white (R) Legend : black,https://www.nzta.govt.nz/assets/resources/traffic-control-devices-manual/sign-specifications/images/RJ84-No-cruising-zone-with-time-period.eps | https://www.nzta.govt.nz/assets/resources/traffic-control-devices-manual/sign-specifications/images/RJ84-No-cruising-zone-with-time-period-nolabels.gif,Original EPS/Regulatory/RJ84-No-cruising-zone-with-time-period.eps | Original EPS/Regulatory/RJ84-No-cruising-zone-with-time-period-nolabels.gif
Regulatory,1249,R1-9.2,RS63,none,Riverbed 60km / 30km,15 November 2023,,a: 800 b: 1620 c: 1350 d: 250 e: 730 f: 600 g: 540 h: 400 i: 242 j: 137 k: 180 l: 212 m: 100 n: 45 o: 20 p: 10 q: 50 r: 80 r2: 50 s: 30 t: 75 Text: Series D 100 Numerals: 60 200 Numerals: 30 135,Regulatory sign Background: white (R) Border and Roundel: red (R) Legend: black Supplementary warning signs Background: yellow/green (RF) Legend: black Border: black,https://www.nzta.govt.nz/assets/resources/traffic-control-devices-manual/sign-specifications/images/R1-9.2-R1-Riverbed-English-Series-D.eps | https://www.nzta.govt.nz/assets/resources/traffic-control-devices-manual/sign-specifications/images/R1-9.2-R1-Riverbed-English-Series-D-non-labelled.gif,Original EPS/Regulatory/R1-9.2-R1-Riverbed-English-Series-D.eps
Regulatory,760,R1-5.5,RS55,none,Safer Speed Area Threshold,17 July 2018,,"a 750 (approach speed < 60 km/h) 900 (approach speed 60 - 80 km/h) 1200 (approach speed > 80 km/h) b 1200 (approach speed < 60 km/h) 1500 (approach speed 60 - 80 km/h) 1900 (approach speed > 80 km/h) r 60 60 60 c 30 30 30 d 46 57 70 Legend 'R1-1' Diameter 600 (approach speed < 60 km/h) 750 (approach speed 60 - 80 km/h) 900 (approach speed > 80 km/h) Legend 'Safer Speed Area' 100/20 Upper case, 75/","Background: blue (R) or green (R) Border: white (R) Legend: white (R) , red (R) and black",https://www.nzta.govt.nz/assets/resources/traffic-control-devices-manual/sign-specifications/images/R1-Safer-Speed-Area-Threshold.eps | https://www.nzta.govt.nz/assets/resources/traffic-control-devices-manual/sign-specifications/images/R1-Safer-Speed-Area-Threshold-no-labels.gif,Original EPS/Regulatory/R1-Safer-Speed-Area-Threshold.eps | Original EPS/Regulatory/R1-Safer-Speed-Area-Threshold-no-labels.gif
Regulatory,811,R4-13,RL61,none,Signal bypass lane – do not stop for signals,5 May 2017,,a : 600 b : 1300 r : 50 c : 10 d : 15 type TRANSIT LANE 80E with -80 tracking type DO NOT STOP FOR SIGNALS 80E with -80 tracking e : 70 f : 36 symbol T3 wxh 195 x 130 symbol car wxh 175 x 150 symbol truck wxh 320 x 160,Legend : black Background : white (R) Border : red (R),https://www.nzta.govt.nz/assets/resources/traffic-control-devices-manual/sign-specifications/images/RL61-Signal-bypass-lane-do-not-stop.eps | https://www.nzta.govt.nz/assets/resources/traffic-control-devices-manual/sign-specifications/images/RL61-Signal-bypass-lane-do-not-stop-nolabels.gif,Original EPS/Regulatory/RL61-Signal-bypass-lane-do-not-stop.eps | Original EPS/Regulatory/RL61-Signal-bypass-lane-do-not-stop-nolabels.gif
Regulatory,812,R4-13.1,RL62,none,Signal bypass lane – signals do not apply,30 May 2017,,a : 600 b : 1300 r : 50 c : 10 d : 15 type 80E with -80 tracking e : 40 f : 80 symbol T3 wxh 195 x 130 symbol car wxh 175 x 150 symbol truck wxh 320 x 160 g : 135 h : 40 Arrow: Type E,Legend : black Background : white (R) Border : red (R),https://www.nzta.govt.nz/assets/resources/traffic-control-devices-manual/sign-specifications/images/RL62-Signal-bypass-lane-signals-do-not-apply.eps | https://www.nzta.govt.nz/assets/resources/traffic-control-devices-manual/sign-specifications/images/RL62-Signal-bypass-lane-signals-do-not-apply-nolabels.gif,Original EPS/Regulatory/RL62-Signal-bypass-lane-signals-do-not-apply.eps | Original EPS/Regulatory/RL62-Signal-bypass-lane-signals-do-not-apply-nolabels.gif
Regulatory,785,R1-2,RS1C,none,Speed limit changeable – black figures on white (R) background,9 July 2026,,a: 800 b: 800 r: c: 600 d: 90 e: 90 Numeral 200D,Roundel legend roundel reflectorised red Numeral legend black Flashing lights yellow (lit) or white (lit) Background reflectorised white Border none,https://www.nzta.govt.nz/assets/resources/traffic-control-devices-manual/sign-specifications/images/RS1C-Speed-limit-changeable.eps | https://www.nzta.govt.nz/assets/resources/traffic-control-devices-manual/sign-specifications/images/RS1C-Speed-limit-changeable-nolabels.gif,Original EPS/Regulatory/RS1C-Speed-limit-changeable.eps | Original EPS/Regulatory/RS1C-Speed-limit-changeable-nolabels.gif
Regulatory,784,R1-2.1,RS1V,none,Speed limit variable – white or yellow figures on black background,9 December 2016,,a : 800 b : 800 c : 600 d : 90 e : 90 Numeral 200D,Roundel Legend: roundel red (lit) reflectorised red Numeral legend: yellow (lit) or white (lit) Flashing lights yellow (lit) or white (lit) Background : black Border : none,https://www.nzta.govt.nz/assets/resources/traffic-control-devices-manual/sign-specifications/images/RS1V-Speed-limit-variable.eps | https://www.nzta.govt.nz/assets/resources/traffic-control-devices-manual/sign-specifications/images/RS1V-Speed-limit-variable-nolabels.gif,Original EPS/Regulatory/RS1V-Speed-limit-variable.eps | Original EPS/Regulatory/RS1V-Speed-limit-variable-nolabels.gif
Regulatory,799,R2-6.2,RP62,none,Stop Here on Red Signal,26 January 2017,,a : 450 b : 750 r : 50 c : 10 d : 20 e : 50 Text Line 1 & 2 : 120C Text Line 3 & 4 : 100C,Legend : black Background : white (R) Border : red (R),https://www.nzta.govt.nz/assets/resources/traffic-control-devices-manual/sign-specifications/images/RP62-Stop-here-on-red-signal.eps | https://www.nzta.govt.nz/assets/resources/traffic-control-devices-manual/sign-specifications/images/RP62-Stop-here-on-red-signal-nolabels.gif,Original EPS/Regulatory/RP62-Stop-here-on-red-signal.eps | Original EPS/Regulatory/RP62-Stop-here-on-red-signal-nolabels.gif
Regulatory,763,R3-5.4,none,none,"Supplementary - except ""class"" or ""description"" of vehicle",25 January 2017,,a 600 b 400 r 50 c 10 d 20 e 50 Legend Type 100D,Background: white (R) Border: red (R) Legend : black,https://www.nzta.govt.nz/assets/resources/traffic-control-devices-manual/sign-specifications/images/R3-DP-Supplementary-Except-Class-or-Description-of-Vehicle.eps | https://www.nzta.govt.nz/assets/resources/traffic-control-devices-manual/sign-specifications/images/R3-DP-Supplementary-Except-Class-or-Description-of-Vehicle-nolabels.gif,Original EPS/Regulatory/R3-DP-Supplementary-Except-Class-or-Description-of-Vehicle.eps | Original EPS/Regulatory/R3-DP-Supplementary-Except-Class-or-Description-of-Vehicle-nolabels.gif
Regulatory,1238,R1-8.3,RST3,none,Temporary speed limit for unsafe structure Option A,19 October 2023,,a: 750 b: 95 r: 50 c: 900 d: 450 e: 65 f: 25 Numerals: 900 mm roundel 300D Legend: 120D,Roundel Border: red (R) Roundel Background: white (R) Roundel Numerals: black Supplementary Background: orange (R) Supplementary Border: black Legend: black,https://www.nzta.govt.nz/assets/resources/traffic-control-devices-manual/sign-specifications/images/R1-8.3-Temporary-speed-limit-for-unsafe-structure-Option-A.eps | https://www.nzta.govt.nz/assets/resources/traffic-control-devices-manual/sign-specifications/images/R1-8.3-Temporary-speed-limit-for-unsafe-structure-Option-A-non-labelled.gif,Original EPS/Regulatory/R1-8.3-Temporary-speed-limit-for-unsafe-structure-Option-A.eps
Regulatory,1237,R1-8.3,RST3B,none,Temporary speed limit for unsafe structure Option B,19 October 2023,,a: 1200 b: 900 c: 95 d: 30 e: 10 f: 1200 g: 600 h: 65 i: 25 r: 50 r2: 60 Numerals: 900 mm roundel 300D Legend: 160D,Roundel Border: red (R) Roundel Background: white (R) Roundel Background Border: black Roundel Numerals: black Supplementary Background: orange (R) Legend: black,https://www.nzta.govt.nz/assets/resources/traffic-control-devices-manual/sign-specifications/images/R1-8-v2.3-Temporary-speed-limit-for-unsafe-structure-Option-B.eps | https://www.nzta.govt.nz/assets/resources/traffic-control-devices-manual/sign-specifications/images/R1-8-v2.3-Temporary-speed-limit-for-unsafe-structure-Option-B-non-labelled.gif,Original EPS/Regulatory/R1-8-v2.3-Temporary-speed-limit-for-unsafe-structure-Option-B.eps
Regulatory,816,R4-8,RLT1,none,Transit Lane - Single peak period,26 January 2017,,a : 600 b : 700 r : 60 c : 10 d : 15 e : 30 f : 40 Type TRANSIT LANE 80E Type HOURS 80E Type MINS 40E Type AM PM 30E Type DAYS 40E symbol T3 wxh 195 x 130 symbol car wxh 175 x 150,"Legend : black, white (R) , red (R) Background : white (R) Border : red (R)",https://www.nzta.govt.nz/assets/resources/traffic-control-devices-manual/sign-specifications/images/RLT1-Transit-lane-single-peak-period.eps | https://www.nzta.govt.nz/assets/resources/traffic-control-devices-manual/sign-specifications/images/RLT1-Transit-lane-single-peak-period-nolabels.gif,Original EPS/Regulatory/RLT1-Transit-lane-single-peak-period.eps | Original EPS/Regulatory/RLT1-Transit-lane-single-peak-period-nolabels.gif
Regulatory,818,R4-8.2,RLT3,None,Transit Lane - two periods different days horizontal,26 January 2017,,a : 900 b : 800 r : 60 c : 10 d : 15 e : 30 f : 60 Type TRANSIT LANE 80E symbol T3 wxh 195 x 130 symbol car wxh 175 x 150 Type HOURS 80E Type MINS 40E Type AM PM 30E Type DAYS 40E,"Legend : black, white (R) , red (R) Background : white (R) Border : red (R)",https://www.nzta.govt.nz/assets/resources/traffic-control-devices-manual/sign-specifications/images/RLT3-Transit-lane-2-periods-diff-days-horizontal.eps | https://www.nzta.govt.nz/assets/resources/traffic-control-devices-manual/sign-specifications/images/RLT3-Transit-lane-2-periods-diff-days-horizontal-nolabels.gif,Original EPS/Regulatory/RLT3-Transit-lane-2-periods-diff-days-horizontal.eps | Original EPS/Regulatory/RLT3-Transit-lane-2-periods-diff-days-horizontal-nolabels.gif
Regulatory,819,R4-8.3,RLT4,none,Transit Lane - two periods different days vertical,26 January 2017,,a : 600 b : 900 r : 60 c : 10 d : 15 e : 40 f : 20 g : 60 Type TRANSIT LANE 75E symbol T3 wxh 195 x 130 symbol car wxh 175 x 150 Type HOURS MINS 50e Type AM PM 30E Type DAYS 50E,"Legend : black, white (R) , red (R) Background : white (R) Border : red (R)",https://www.nzta.govt.nz/assets/resources/traffic-control-devices-manual/sign-specifications/images/RLT4-Transit-lane-2-periods-diff-days-vertical.eps | https://www.nzta.govt.nz/assets/resources/traffic-control-devices-manual/sign-specifications/images/RLT4-Transit-lane-2-periods-diff-days-vertical-nolabels.gif,Original EPS/Regulatory/RLT4-Transit-lane-2-periods-diff-days-vertical.eps | Original EPS/Regulatory/RLT4-Transit-lane-2-periods-diff-days-vertical-nolabels.gif
Regulatory,817,R4-8.1,RLT2,none,Transit Lane - two periods same day,26 January 2017,,a : 650 b : 850 r : 60 c : 10 d : 15 e : 30 f : 50 Type TRANSIT LANE 80E symbol T3 wxh 195 x 130 symbol car wxh 175 x 150 Type HOURS 80E Type MINS 40E Type AM PM 30E Type DAYS 40E,"Legend : black, white (R) , red (R) Background : white (R) Border : red (R)",https://www.nzta.govt.nz/assets/resources/traffic-control-devices-manual/sign-specifications/images/RLT2-Transit-lane-2-periods-same-day.eps | https://www.nzta.govt.nz/assets/resources/traffic-control-devices-manual/sign-specifications/images/RLT2-Transit-lane-2-periods-same-day-nolabels.gif,Original EPS/Regulatory/RLT2-Transit-lane-2-periods-same-day.eps | Original EPS/Regulatory/RLT2-Transit-lane-2-periods-same-day-nolabels.gif
Regulatory,821,R4-8.5,RLT6,none,Transit plus one other class LANE (eg Transit + Heavy vehicles),26 January 2017,,a : 600 b : 900 r : 60 c : 10 d : 15 e : 120 f : 60 Type 80E symbol T3 wxh 195 x 130 symbol car wxh 175 x 150 symbol truck wxh 320 x 160,"Legend black, white (R) , red (R) Background white (R) Border red (R)",https://www.nzta.govt.nz/assets/resources/traffic-control-devices-manual/sign-specifications/images/RLT6-Transit-plus-one-other-class.eps | https://www.nzta.govt.nz/assets/resources/traffic-control-devices-manual/sign-specifications/images/RLT6-Transit-plus-one-other-class-nolabels.gif,Original EPS/Regulatory/RLT6-Transit-plus-one-other-class.eps | Original EPS/Regulatory/RLT6-Transit-plus-one-other-class-nolabels.gif
Regulatory,803,R3-13.3,RD6T,none,Truck mounted attenuator display (diagonal lit arrow above RD6 disc),31 May 2019,,a : 2200 b : 3600 c : 500 d : 360 e : 150 f : 1500,"Illuminated legend : yellow (when lit) RD6L or RD6R blue (R) and white (R) Background : symmetrical chevron with stripes sloping down at 45 degrees to each side, alternating red (R) and white (R) bands approximately 250 mm wide Border : none Note: the 1200 x 2600 mm central section of the background panel, may be black, grey or white, or may be cut out. Alternatively, the red and white chevron str",https://www.nzta.govt.nz/assets/resources/traffic-control-devices-manual/sign-specifications/images/R3-13.3-Truck-mounted-attenuator-display-A-B-C.eps | https://www.nzta.govt.nz/assets/resources/traffic-control-devices-manual/sign-specifications/images/R3-13.3-Truck-mounted-attenuator-display-A-B-C-no-labels.png,Original EPS/Regulatory/R3-13.3-Truck-mounted-attenuator-display-A-B-C.eps | Original EPS/Regulatory/R3-13.3-Truck-mounted-attenuator-display-A-B-C-no-labels.png
Regulatory,809,R7-1.1,none,none,Use Left Lane Unless Passing,27 September 2024,,a : 750 b : 700 r : 50 c : 10 d : 25 type 100C e : 50,Legend black Background white (R) Border red (R),https://www.nzta.govt.nz/assets/resources/traffic-control-devices-manual/sign-specifications/images/Use-left-lane-unless-passing.eps | https://www.nzta.govt.nz/assets/resources/traffic-control-devices-manual/sign-specifications/images/Use-left-lane-unless-passing-no-labels.gif,Original EPS/Regulatory/Use-left-lane-unless-passing.eps | Original EPS/Regulatory/Use-left-lane-unless-passing-no-labels.gif
Regulatory,802,R3-7.1,RD41,none,Wrong way – go back,26 January 2017,,Ty a : 900 b : 1200 r : 60 c : 35 d : 100 Type : 150D Stripe w x h 750 x 25,Legend : white (R) Background : red (R) Border : white 35mm,https://www.nzta.govt.nz/assets/resources/traffic-control-devices-manual/sign-specifications/images/RD41-Wrong-way-go-back.eps | https://www.nzta.govt.nz/assets/resources/traffic-control-devices-manual/sign-specifications/images/RD41-Wrong-way-go-back-nolabels.gif,Original EPS/Regulatory/RD41-Wrong-way-go-back.eps | Original EPS/Regulatory/RD41-Wrong-way-go-back-nolabels.gif
Regulatory,790,R1-5.2,RS52,none,blue Threshold option A rural/urban,29 November 2021,,a : 1900 b : 2700 r : 150 c : 1200 d : 200 e : 100 f : 250 WELCOME TO 100D LOCALITY 160E,"Legend : black, red (R) and white (R) Background : blue (R) Border : white (R) , 30mm",https://www.nzta.govt.nz/assets/resources/traffic-control-devices-manual/sign-specifications/images/RS52-Blue-Threshold-option-A-rural-urban.eps | https://www.nzta.govt.nz/assets/resources/traffic-control-devices-manual/sign-specifications/images/RS52-Blue-Threshold-option-A-rural-urban-nolabels.png,Original EPS/Regulatory/RS52-Blue-Threshold-option-A-rural-urban.eps | Original EPS/Regulatory/RS52-Blue-Threshold-option-A-rural-urban-nolabels.png
Regulatory,787,R1-5.1,RS51,none,blue Threshold option A urban/urban,8 December 2021,,a : 900 b : 1200 r : 80 c : 600 d : 100 e : 110 f : 140 Type : 75E Numerals : 200D,"Legend : black, red (R) and white (R) Background : blue (R) Border : white (R) 30mm",https://www.nzta.govt.nz/assets/resources/traffic-control-devices-manual/sign-specifications/images/RS51-Blue-Threshold-option-A-urban-urban.eps | https://www.nzta.govt.nz/assets/resources/traffic-control-devices-manual/sign-specifications/images/RS51-Blue-Threshold-option-A-urban-urban-nolabels.png,Original EPS/Regulatory/RS51-Blue-Threshold-option-A-urban-urban.eps | Original EPS/Regulatory/RS51-Blue-Threshold-option-A-urban-urban-nolabels.png
Regulatory,789,R1-5.2,RS52,none,green Threshold option A rural/urban,29 November 2021,,a : 1900 b : 2700 r : 150 c : 1200 d : 200 e : 100 f : 250 WELCOME TO 100D LOCALITY 160E,"Legend : black, red (R) and white (R) Background : green (R) Border : white (R), 30mm",https://www.nzta.govt.nz/assets/resources/traffic-control-devices-manual/sign-specifications/images/RS52-Green-Threshold-option-A-rural-urban.eps | https://www.nzta.govt.nz/assets/resources/traffic-control-devices-manual/sign-specifications/images/RS52-Green-Threshold-option-A-rural-urban-nolabels.png,Original EPS/Regulatory/RS52-Green-Threshold-option-A-rural-urban.eps | Original EPS/Regulatory/RS52-Green-Threshold-option-A-rural-urban-nolabels.png
Regulatory,786,R1-5.1,RS51,none,green Threshold option A urban/urban,10 November 2023,,a: 900 b: 1200 r: 80 c: 600 d: 75 e: 110 f: 140 g: 25 Type: 75E Numerals: 200D,"Legend : black, red (R) and white (R) Background : green (R) Border : white (R) 30mm",https://www.nzta.govt.nz/assets/resources/traffic-control-devices-manual/sign-specifications/images/RS51-Green-Threshold-option-A-urban-urban-v2.eps | https://www.nzta.govt.nz/assets/resources/traffic-control-devices-manual/sign-specifications/images/RS51-Green-Threshold-option-A-urban-urban-non-labelled.gif,Original EPS/Regulatory/RS51-Green-Threshold-option-A-urban-urban-v2.eps
Regulatory,791,R1-5.2,RS52,none,white Threshold option B rural/urban,29 November 2021,,a : 1900 b : 2700 r : 150 c : 1200 d : 200 e : 100 f : 250 WELCOME TO 100D LOCALITY 160E,"Legend : black, red (R) and white (R) Background : white Border : black , 30mm",https://www.nzta.govt.nz/assets/resources/traffic-control-devices-manual/sign-specifications/images/RS52-White-Threshold-option-B-rural-urban.eps | https://www.nzta.govt.nz/assets/resources/traffic-control-devices-manual/sign-specifications/images/RS52-White-Threshold-option-B-rural-urban-nolabels.png,Original EPS/Regulatory/RS52-White-Threshold-option-B-rural-urban.eps | Original EPS/Regulatory/RS52-White-Threshold-option-B-rural-urban-nolabels.png
Regulatory,788,R1-5.1B,RS51B,none,white Threshold option B urban/urban,8 December 2021,,a : 900 b : 1200 r : 80 c : 600 d : 100 e : 110 f : 140 Type : 75E Numerals : 200D,"Legend : black, red (R) and white (R) Background : blue (R) Border : black (R) 30mm",https://www.nzta.govt.nz/assets/resources/traffic-control-devices-manual/sign-specifications/images/RS51-White-Threshold-option-B-urban-urban.eps | https://www.nzta.govt.nz/assets/resources/traffic-control-devices-manual/sign-specifications/images/RS51-White-Threshold-option-B-urban-urban-nolabels.png,Original EPS/Regulatory/RS51-White-Threshold-option-B-urban-urban.eps | Original EPS/Regulatory/RS51-White-Threshold-option-B-urban-urban-nolabels.png
Permanent warning,842,W15-8.4,WXB1,none,Controlled intersection immediately beyond level crossing,12 January 2017,,Arrow Type : A r : 50 l : 70 k : 10 j : 20 i : 177.5 h : 365 g : 63 f : 31 e : 138 d : 125 c : 313 b : 120 a : 750,Border : black Background : yellow (R) Legend : black,https://www.nzta.govt.nz/assets/resources/traffic-control-devices-manual/sign-specifications/images/WXB1-Controlled-intersection-beyond-level-crossing.eps | https://www.nzta.govt.nz/assets/resources/traffic-control-devices-manual/sign-specifications/images/WXB1-nolabels.gif,Original EPS/Permanent warning/WXB1-Controlled-intersection-beyond-level-crossing.eps | Original EPS/Permanent warning/WXB1-nolabels.gif
Permanent warning,844,W15-3.1A,WX62,none,Crossbuck for private level crossing,27 January 2017,,a 750 b 500 c 15 r 50 Crossbuck symbol w x h - specs as per sign WX61 570 x 400,Border : white (R) Background : red (R) Legend : black and white (R),https://www.nzta.govt.nz/assets/resources/traffic-control-devices-manual/sign-specifications/images/WX62-Crossbuck-private-level-crossing.eps | https://www.nzta.govt.nz/assets/resources/traffic-control-devices-manual/sign-specifications/images/WX62-Crossbuck-private-level-crossing-nolabels.gif,Original EPS/Permanent warning/WX62-Crossbuck-private-level-crossing.eps | Original EPS/Permanent warning/WX62-Crossbuck-private-level-crossing-nolabels.gif
Permanent warning,845,W15-3.1B,WX63,none,Crossbuck for private level crossing with [number] of tracks,27 January 2017,,a : 750 b : 750 c : 15 d : 105 r : 50 Crossbuck symbol w x h : specs as per sign WX61 570 x 400 2 Tracks symbol w x h : specs as per sign WX7 350 x 280,Border : white (R) Background : red (R) Legend : black and white (R),https://www.nzta.govt.nz/assets/resources/traffic-control-devices-manual/sign-specifications/images/WX63-Crossbuck-private-level-crossing-with-number-of-tracks.eps | https://www.nzta.govt.nz/assets/resources/traffic-control-devices-manual/sign-specifications/images/WX63-nolabels.gif,Original EPS/Permanent warning/WX63-Crossbuck-private-level-crossing-with-number-of-tracks.eps | Original EPS/Permanent warning/WX63-nolabels.gif
Permanent warning,770,W10-1.1,none,none,Distance ahead supplementary,19 December 2016,,a 600 b 250 r 50 c 10 d 15 e 65 Legend Distance 100D Legend 'm' Transport D Medium x height = 65,Background: yellow (R) Legend black Border black,https://www.nzta.govt.nz/assets/resources/traffic-control-devices-manual/sign-specifications/images/W10-Distance-Ahead-Supp.eps | https://www.nzta.govt.nz/assets/resources/traffic-control-devices-manual/sign-specifications/images/W10-Distance-Ahead-Supp-no-labels.gif,Original EPS/Permanent warning/W10-Distance-Ahead-Supp.eps | Original EPS/Permanent warning/W10-Distance-Ahead-Supp-no-labels.gif
Permanent warning,857,W20-3.1A,WY21,none,"Edge marker post, orange, no reflector",12 January 2017,,a : 900 b : 90 c : 150,Stripe : red Background : orange,https://www.nzta.govt.nz/assets/resources/traffic-control-devices-manual/sign-specifications/images/WY21-Edge-marker-post-orange-no-reflector.eps | https://www.nzta.govt.nz/assets/resources/traffic-control-devices-manual/sign-specifications/images/WY21-Edge-marker-post-orange-no-reflector-nolabels.gif,Original EPS/Permanent warning/WY21-Edge-marker-post-orange-no-reflector.eps | Original EPS/Permanent warning/WY21-Edge-marker-post-orange-no-reflector-nolabels.gif
Permanent warning,858,W20-3.2A,WY22,none,"Edge marker post, orange, white reflector",12 January 2017,,a : 900 b : 90 c : 150 d : 450 e : 40,Stripe : red Background : orange Reflector : reflectorised white,https://www.nzta.govt.nz/assets/resources/traffic-control-devices-manual/sign-specifications/images/WY22-Edge-marker-post-orange-white-reflector.eps | https://www.nzta.govt.nz/assets/resources/traffic-control-devices-manual/sign-specifications/images/WY22-Edge-marker-post-orange-white-reflector-nolabels.gif,Original EPS/Permanent warning/WY22-Edge-marker-post-orange-white-reflector.eps | Original EPS/Permanent warning/WY22-Edge-marker-post-orange-white-reflector-nolabels.gif
Permanent warning,859,W20-3.3A,WY23,none,"Edge marker post, orange, yellow reflector",12 January 2017,,a : 900 b : 90 c : 150 d : 130 e : 40,Stripe : red Background : orange Reflectors : reflectorised yellow,https://www.nzta.govt.nz/assets/resources/traffic-control-devices-manual/sign-specifications/images/WY23-Edge-marker-post-orange-yellow-reflector.eps | https://www.nzta.govt.nz/assets/resources/traffic-control-devices-manual/sign-specifications/images/WY23-Edge-marker-post-orange-yellow-reflector-nolabels.gif,Original EPS/Permanent warning/WY23-Edge-marker-post-orange-yellow-reflector.eps | Original EPS/Permanent warning/WY23-Edge-marker-post-orange-yellow-reflector-nolabels.gif
Permanent warning,771,W11-3.2,none,none,Intersection sign supplementary - concealed,19 December 2016,,a 750 b 300 c 10 d 20 Legend Type 125C -20 em tracking,Background: yellow (R) Legend black Border black,https://www.nzta.govt.nz/assets/resources/traffic-control-devices-manual/sign-specifications/images/W11-Intersection-Sign-Supp-Concealed.eps | https://www.nzta.govt.nz/assets/resources/traffic-control-devices-manual/sign-specifications/images/W11-Intersection-Sign-Supp-Concealed-no-labels.gif,Original EPS/Permanent warning/W11-Intersection-Sign-Supp-Concealed.eps | Original EPS/Permanent warning/W11-Intersection-Sign-Supp-Concealed-no-labels.gif
Permanent warning,860,W17-7,WV29,none,"Overdimension ""Over Size""",12 January 2017,,a : 1100 b : 300 c : 20 r : 60 Text 150C,Legend : black Background : reflectorised flourescent yellow-green or flourescent yellow Border : black,https://www.nzta.govt.nz/assets/resources/traffic-control-devices-manual/sign-specifications/images/WV29-Overdimension-Oversize.eps | https://www.nzta.govt.nz/assets/resources/traffic-control-devices-manual/sign-specifications/images/WV29-Overdimension-Oversize-nolabels.gif,Original EPS/Permanent warning/WV29-Overdimension-Oversize.eps | Original EPS/Permanent warning/WV29-Overdimension-Oversize-nolabels.gif
Permanent warning,861,W17-7.1,WV30,none,"Overdimension ""Over” “Size"" – split panel option",12 January 2017,,a : 550 b : 300 c : 20 r : 60 Text 150C,Legend : black Background : reflectorised flourescent yellow-green or flourescent yellow Border : black,https://www.nzta.govt.nz/assets/resources/traffic-control-devices-manual/sign-specifications/images/WV30-Overdimension-Oversize-split-panel-option.eps | https://www.nzta.govt.nz/assets/resources/traffic-control-devices-manual/sign-specifications/images/WV30-Overdimension-Oversize-split-panel-option-nolabels.gif,Original EPS/Permanent warning/WV30-Overdimension-Oversize-split-panel-option.eps | Original EPS/Permanent warning/WV30-Overdimension-Oversize-split-panel-option-nolabels.gif
Permanent warning,839,W10-6.3,WA7,none,Prepare to stop - variable,9 December 2016,,a : 1675 b : 950 c : 60 d : 90 Type : 175D,Border : black Background : black (unlit) Legend : yellow (lit) or white (lit),https://www.nzta.govt.nz/assets/resources/traffic-control-devices-manual/sign-specifications/images/WA7-Prepare-to-stop-variable.eps | https://www.nzta.govt.nz/assets/resources/traffic-control-devices-manual/sign-specifications/images/WA7-Prepare-to-stop-variable-nolabels.gif,Original EPS/Permanent warning/WA7-Prepare-to-stop-variable.eps | Original EPS/Permanent warning/WA7-Prepare-to-stop-variable-nolabels.gif
Permanent warning,838,W10-6.2,WA6,none,Ramp signal OFF variable,9 December 2016,,a : 1675 b : 950 c : 60 d : 90 Type : 175D,Border : black Background : black (unlit) Legend : yellow (lit) or white (lit),https://www.nzta.govt.nz/assets/resources/traffic-control-devices-manual/sign-specifications/images/WA6-Ramp-signal-off-variable.eps | https://www.nzta.govt.nz/assets/resources/traffic-control-devices-manual/sign-specifications/images/WA6-Ramp-signal-off-variable-nolabels.gif,Original EPS/Permanent warning/WA6-Ramp-signal-off-variable.eps | Original EPS/Permanent warning/WA6-Ramp-signal-off-variable-nolabels.gif
Permanent warning,837,W10-6.1,WA6,none,Ramp signal ON variable,9 December 2016,,a : 1675 b : 950 c : 60 d : 90 Type : 175D,Border : black Background : black (unlit) Legend : yellow (lit) or white (lit),https://www.nzta.govt.nz/assets/resources/traffic-control-devices-manual/sign-specifications/images/WA6-Ramp-signal-on-variable.eps | https://www.nzta.govt.nz/assets/resources/traffic-control-devices-manual/sign-specifications/images/WA6-Ramp-signal-on-variable-nolabels.gif,Original EPS/Permanent warning/WA6-Ramp-signal-on-variable.eps | Original EPS/Permanent warning/WA6-Ramp-signal-on-variable-nolabels.gif
Permanent warning,841,W13-1.4,WW13,none,Road narrows – three lanes to two,12 January 2017,,r : 50 50 60 I : 80 h : 30 g : 55 f : 10 10 10 e : 15 20 25 d : 150 188 225 c : 15 19 23 b : 60 75 90 a : 600 750 900 DASHES 30 x 80,Border : black Background : yellow (R) Legend : black,https://www.nzta.govt.nz/assets/resources/traffic-control-devices-manual/sign-specifications/images/WW13-Road-narrows-3-into-2.eps | https://www.nzta.govt.nz/assets/resources/traffic-control-devices-manual/sign-specifications/images/WW13-Road-narrows-3-into-2-nolabels.gif,Original EPS/Permanent warning/WW13-Road-narrows-3-into-2.eps | Original EPS/Permanent warning/WW13-Road-narrows-3-into-2-nolabels.gif
Permanent warning,840,W13-1.3,WW12,none,Road narrows – two lanes to one,12 January 2017,,r : 50 50 60 I : 80 h : 40 g : 55 f : 10 10 10 e : 15 20 25 d : 150 188 225 c : 15 19 23 b : 60 75 90 a : 600 750 900 DASHES 40 x 80,Border : black Background : yellow (R) Legend : black,https://www.nzta.govt.nz/assets/resources/traffic-control-devices-manual/sign-specifications/images/WW12-Road-narrows-2-into-1.eps | https://www.nzta.govt.nz/assets/resources/traffic-control-devices-manual/sign-specifications/images/WW12-Road-narrows-2-into-1-nolabels.gif,Original EPS/Permanent warning/WW12-Road-narrows-2-into-1.eps | Original EPS/Permanent warning/WW12-Road-narrows-2-into-1-nolabels.gif
Permanent warning,846,W15-3.2,WXT,none,Tramway crossbuck,27 January 2017,,a : 1000 b : 767 c : 46 d : 200 e : 24 TRAMWAY : 133B CROSSING : 133C,Border : none Background : white (R) Legend : black,https://www.nzta.govt.nz/assets/resources/traffic-control-devices-manual/sign-specifications/images/WXT-Tramway-crossbuck.eps | https://www.nzta.govt.nz/assets/resources/traffic-control-devices-manual/sign-specifications/images/WXT-Tramway-crossbuck-nolabels.gif,Original EPS/Permanent warning/WXT-Tramway-crossbuck.eps | Original EPS/Permanent warning/WXT-Tramway-crossbuck-nolabels.gif
Permanent warning,847,W15-3.2A,WXT1,none,Tramway crossbuck with backing board,27 January 2017,,a : 1100 b : 850 c : 25 r : 70 Crossbuck symbol w x h : specs as per sign WXT 970 x 670,Border : white (R) Background : red (R) Legend : black,https://www.nzta.govt.nz/assets/resources/traffic-control-devices-manual/sign-specifications/images/WXT1-Tramway-crossbuck-with-backing-board.eps | https://www.nzta.govt.nz/assets/resources/traffic-control-devices-manual/sign-specifications/images/WXT1-nolabels.gif,Original EPS/Permanent warning/WXT1-Tramway-crossbuck-with-backing-board.eps | Original EPS/Permanent warning/WXT1-nolabels.gif
Permanent warning,772,W14-2.1,none,none,Two-way (distance) ahead supplementary,19 December 2016,,a 600 b 250 r 50 c 10 d 15 e 65 Legend Distance 100D Legend 'm' Transport D Medium x height = 65,Background: yellow (R) Legend black Border black,https://www.nzta.govt.nz/assets/resources/traffic-control-devices-manual/sign-specifications/images/W14-2-Way-Distance-Ahead-Supp.eps | https://www.nzta.govt.nz/assets/resources/traffic-control-devices-manual/sign-specifications/images/W14-2-Way-Distance-Ahead-Supp-no-labels.gif,Original EPS/Permanent warning/W14-2-Way-Distance-Ahead-Supp.eps | Original EPS/Permanent warning/W14-2-Way-Distance-Ahead-Supp-no-labels.gif
Permanent warning,843,W15-8.5,WXB2,none,Un-controlled intersection immediately beyond level crossing,12 January 2017,,r : 50 j : 10 i : 20 h : 31 g : 250 f : 113 e : 125 d : 63 c : 75 b : 100 a : 750,Border : black Background : yellow (R) Legend : black,https://www.nzta.govt.nz/assets/resources/traffic-control-devices-manual/sign-specifications/images/WXB2-Uncontrolled-intersection-beyond-level-crossing.eps | https://www.nzta.govt.nz/assets/resources/traffic-control-devices-manual/sign-specifications/images/WXB2-nolabels.gif,Original EPS/Permanent warning/WXB2-Uncontrolled-intersection-beyond-level-crossing.eps | Original EPS/Permanent warning/WXB2-nolabels.gif
Permanent warning,863,W19-1,WB1,none,Warning - site specific - fixed text RURAL,12 January 2017,,a : 1100 b : 900 c : 10 d : 25 r : 60 e : 80 Text 160D,Legend : black Background : yellow reflectorised Border : black,https://www.nzta.govt.nz/assets/resources/traffic-control-devices-manual/sign-specifications/images/WB1-Warning-site-specific-fixed-text-RURAL.eps | https://www.nzta.govt.nz/assets/resources/traffic-control-devices-manual/sign-specifications/images/WB1-Warning-site-specific-fixed-text-RURAL-nolabels.gif,Original EPS/Permanent warning/WB1-Warning-site-specific-fixed-text-RURAL.eps | Original EPS/Permanent warning/WB1-Warning-site-specific-fixed-text-RURAL-nolabels.gif
Permanent warning,862,W19-1,WB1,none,Warning - site specific - fixed text URBAN,12 January 2017,,a : 1000 b : 700 c : 10 d : 25 r : 60 e : 60 Text 120D,Legend : black Background : yellow reflectorised Border : black,https://www.nzta.govt.nz/assets/resources/traffic-control-devices-manual/sign-specifications/images/WB1-Warning-site-specific-fixed-text-URBAN.eps | https://www.nzta.govt.nz/assets/resources/traffic-control-devices-manual/sign-specifications/images/WB1-Warning-site-specific-fixed-text-URBAN-nolabels.gif,Original EPS/Permanent warning/WB1-Warning-site-specific-fixed-text-URBAN.eps | Original EPS/Permanent warning/WB1-Warning-site-specific-fixed-text-URBAN-nolabels.gif
Permanent warning,865,W19-1.1,WB2,none,Warning - site specific - variable text,12 January 2017,,a : Sized to suit requirements b : Sized to suit requirements c : 100 Text 200D,Legend : yellow (lit) or white (lit) Background : black Border : none,https://www.nzta.govt.nz/assets/resources/traffic-control-devices-manual/sign-specifications/images/WB2-Warning-site-specific-variable-text.eps | https://www.nzta.govt.nz/assets/resources/traffic-control-devices-manual/sign-specifications/images/WB2-Warning-site-specific-variable-text-nolabels.gif,Original EPS/Permanent warning/WB2-Warning-site-specific-variable-text.eps | Original EPS/Permanent warning/WB2-Warning-site-specific-variable-text-nolabels.gif
Permanent warning,864,W19-2.2,WB1A,none,Warning – symbol fixed display – ‘activated’ with flashing lights,3 March 2022,,a : 700 b : 900 c : 40 d : 160 e : 60 Symbol : 600x480mm Text 100C,Legend : yellow (R) or yellow-green (RF) Background : black Border : none Note: The ‘School Zone’ option of the W19-2.2 was removed through the Land Transport Rule Traffic Control Devices (Kura/School Signs) Amendment 2022,https://www.nzta.govt.nz/assets/resources/traffic-control-devices-manual/sign-specifications/images/WB1A-Warning-symbol-fixed-display-with-flashing-lights.eps | https://www.nzta.govt.nz/assets/resources/traffic-control-devices-manual/sign-specifications/images/WB1A-Warning-symbol-fixed-display-with-flashing-lights-nolabels.gif,Original EPS/Permanent warning/WB1A-Warning-symbol-fixed-display-with-flashing-lights.eps | Original EPS/Permanent warning/WB1A-Warning-symbol-fixed-display-with-flashing-lights-nolabels.gif
Permanent warning,866,W19-2.1,WB2A,none,Warning – symbol illuminated when activated,13 January 2021,,a : 700 b : 1000 c : 50 d : 140 e : 60 f : 80 Text 160D symbol : 600 x 480,"Legend : orange (lit), yellow (lit) or white (lit) Background : black Border : black",https://www.nzta.govt.nz/assets/resources/traffic-control-devices-manual/sign-specifications/images/W19-2.1-Warning-symbol-illuminated-when-actived.eps | https://www.nzta.govt.nz/assets/resources/traffic-control-devices-manual/sign-specifications/images/W19-2.1-Warning-symbol-illuminated-when-actived-no-labels.gif,Original EPS/Permanent warning/W19-2.1-Warning-symbol-illuminated-when-actived.eps | Original EPS/Permanent warning/W19-2.1-Warning-symbol-illuminated-when-actived-no-labels.gif
Permanent warning,1207,W19-2.1,WB2A,none,Warning – symbol illuminated when activated (Kura School),8 March 2022,,a: 700 b: 1000 c: 50 d: 140 e: 60 f: 80 Text 100D Symbol 600 x 480,"Legend: orange (lit), yellow (lit) or white (lit) Background: black Border: black Note: The ‘School Zone’ option of the W19-2.2 was removed through the Land Transport Rule Traffic Control Devices (Kura/School Signs) Amendment 2022. DISCLAIMER This sign can be used from 5 April 2022 as per the Land Transport Rule: Traffic Control Devices (Kura/School Signs) Amendment 2022",https://www.nzta.govt.nz/assets/resources/traffic-control-devices-manual/sign-specifications/images/W19-2.1-Kura-School-warning-active-LED.eps | https://www.nzta.govt.nz/assets/resources/traffic-control-devices-manual/sign-specifications/images/W19-2.1-Kura-School-warning-active-LED.gif,Original EPS/Permanent warning/W19-2.1-Kura-School-warning-active-LED.eps
Permanent warning,775,W19-2.1,WB2A,none,Warning – symbol illuminated when activated (railway crossing at curve),3 March 2022,,a 700 b 1000 c 50 d : Legend 'optional lights' 60cm2 Legend 'arrow' to fit in max size of 600x480 Legend 'advisory speed or slow down' 160D,"Background: black Legend orange (lit), yellow (lit) or white (lit) Border black",https://www.nzta.govt.nz/assets/resources/traffic-control-devices-manual/sign-specifications/images/W19-Symbolic-Warning-Active-LED-Railway-Crossing-at-Curve.eps | https://www.nzta.govt.nz/assets/resources/traffic-control-devices-manual/sign-specifications/images/W19-Symbolic-Warning-Active-LED-Railway-Crossing-at-Curve-nolabels.gif,Original EPS/Permanent warning/W19-Symbolic-Warning-Active-LED-Railway-Crossing-at-Curve.eps | Original EPS/Permanent warning/W19-Symbolic-Warning-Active-LED-Railway-Crossing-at-Curve-nolabels.gif
Temporary warning,874,W7-7.1,none,TW-16/17,"""General supplementary `Works End Thank You` supplementary for backing board"" — sign",27 January 2017,,a : 1200 b : 600 r : 60 c : 30 d : 80 Text : 160C,Background : reflectorised fluorescent orange Border : black Legend : black,https://www.nzta.govt.nz/assets/resources/traffic-control-devices-manual/sign-specifications/images/TXXX-Works-end-thank-you-Supp-for-backing-board.eps | https://www.nzta.govt.nz/assets/resources/traffic-control-devices-manual/sign-specifications/images/TXXX-Works-end-thank-you-Supp-for-backing-board-nolabels.gif,Original EPS/Temporary warning/TXXX-Works-end-thank-you-Supp-for-backing-board.eps | Original EPS/Temporary warning/TXXX-Works-end-thank-you-Supp-for-backing-board-nolabels.gif
Temporary warning,873,W7-7.1,TG32,TW16/17,"""General supplementary `Works End Thank You` supplementary for standard"" — sign",15 December 2016,,a : 900 b : 450 r : 50 c : 25 d : 60 Text : 120C,Background : reflectorised fluorescent orange Border : black Legend : black,https://www.nzta.govt.nz/assets/resources/traffic-control-devices-manual/sign-specifications/images/TG32-Works-end-thank-you.eps | https://www.nzta.govt.nz/assets/resources/traffic-control-devices-manual/sign-specifications/images/TG32-Works-end-thank-you-no-labels.gif,Original EPS/Temporary warning/TG32-Works-end-thank-you.eps | Original EPS/Temporary warning/TG32-Works-end-thank-you-no-labels.gif
Temporary warning,868,W1-1.2B,none,TW1-2.1B,"""NEW SEAL"" Supplementary For Backing Board",2 December 2016,,a : 1200 b : 450 c : 30 r : 60 Text 160D,Legend : black Background : reflectorised fluorescent orange Border : black,https://www.nzta.govt.nz/assets/resources/traffic-control-devices-manual/sign-specifications/images/TXXX-New-Seal-Supplementary-Backing-Board.eps | https://www.nzta.govt.nz/assets/resources/traffic-control-devices-manual/sign-specifications/images/TXXX-New-Seal-Supplementary-Backing-Board-nolabels.gif,Original EPS/Temporary warning/TXXX-New-Seal-Supplementary-Backing-Board.eps | Original EPS/Temporary warning/TXXX-New-Seal-Supplementary-Backing-Board-nolabels.gif
Temporary warning,872,W4-9,TLA1,none,Arrow board - Variable,12 January 2017,,a : 1200 b : 600 c : 80 d : 240,Legend : yellow (lit) Background : black or black (unlit) Border : none,https://www.nzta.govt.nz/assets/resources/traffic-control-devices-manual/sign-specifications/images/TLA1-Arrow-board-variable.eps | https://www.nzta.govt.nz/assets/resources/traffic-control-devices-manual/sign-specifications/images/TLA1-Arrow-board-variable-nolabels.gif,Original EPS/Temporary warning/TLA1-Arrow-board-variable.eps | Original EPS/Temporary warning/TLA1-Arrow-board-variable-nolabels.gif
Temporary warning,768,W6-5,TZ35,none,Crash,9 June 2017,,a 850 (Divided into two panels) b 250 c 20 (Left panel only) d 600 e 250 f 40 Legend 'CRASH' 100D Legend '20' 85/14,"Background: Left panel orange (RF), Right panel white (R) Legend black, roundel red (R) Border black (Left panel only)",https://www.nzta.govt.nz/assets/resources/traffic-control-devices-manual/sign-specifications/images/W6-Incident-Warning-Crash.eps | https://www.nzta.govt.nz/assets/resources/traffic-control-devices-manual/sign-specifications/images/W6-Incident-Warning-Crash-nolabels.gif,Original EPS/Temporary warning/W6-Incident-Warning-Crash.eps | Original EPS/Temporary warning/W6-Incident-Warning-Crash-nolabels.gif
Temporary warning,767,W6-2,TZ32,none,Fire,9 June 2017,,a 850 b 250 r 50 c 25 Legend Type 100D,Background: orange (RF) Legend black Border black,https://www.nzta.govt.nz/assets/resources/traffic-control-devices-manual/sign-specifications/images/W6-Incident-Warning-Fire.eps | https://www.nzta.govt.nz/assets/resources/traffic-control-devices-manual/sign-specifications/images/W6-Incident-Warning-Fire-no-labels.gif,Original EPS/Temporary warning/W6-Incident-Warning-Fire.eps | Original EPS/Temporary warning/W6-Incident-Warning-Fire-no-labels.gif
Temporary warning,764,W2-1.24,T236 / T236B,none,Hazard warning supplementary - barrier arms not working (Supplements W2-1),9 June 2017,,"a 900 1200 b 450 600 r 50 60 c 25 30 d 60 80 Legend Type 'Barriers' 120C 'Not Working' 120B 'Barriers' 160C ""Not Working' 160B",Background: orange (RF) Legend black Border black,https://www.nzta.govt.nz/assets/resources/traffic-control-devices-manual/sign-specifications/images/W2-Hazard-Warning-Supp-Bariers-Not-Working.eps | https://www.nzta.govt.nz/assets/resources/traffic-control-devices-manual/sign-specifications/images/W2-Hazard-Warning-Supp-Bariers-Not-Working-no-labels.gif,Original EPS/Temporary warning/W2-Hazard-Warning-Supp-Bariers-Not-Working.eps | Original EPS/Temporary warning/W2-Hazard-Warning-Supp-Bariers-Not-Working-no-labels.gif
Temporary warning,452,W5-4,TD5,TW-23,Road closure / detour `Detour Ends`,1 December 2016,,a 900 b 450 c 58 d 25 r 50 Letters 120E,Legend black Background reflectorised fluorescent orange Border black,https://www.nzta.govt.nz/assets/resources/traffic-control-devices-manual/sign-specifications/images/tw06-05.eps | https://www.nzta.govt.nz/assets/resources/traffic-control-devices-manual/sign-specifications/images/tw06-05-nolabels.gif,Original EPS/Temporary warning/tw06-05.eps | Original EPS/Temporary warning/tw06-05-nolabels.gif
Temporary warning,444,W5-2.23,TDB5,TW-22,Road closure / detour direction indicator circle symbol Straight Ahead LH,30 November 2016,,a : 900 b : 450 c : 250 d : 250 e : 220 f : 230 g : 15 h : 25 r : 50 Arrow Type : D,Background reflectorised fluorescent orange Border and Arrow Black Symbol reflectorised white with black border,https://www.nzta.govt.nz/assets/resources/traffic-control-devices-manual/sign-specifications/images/tw06-04-02-05.eps | https://www.nzta.govt.nz/assets/resources/traffic-control-devices-manual/sign-specifications/images/tw06-04-02-05-nolabels.gif,Original EPS/Temporary warning/tw06-04-02-05.eps | Original EPS/Temporary warning/tw06-04-02-05-nolabels.gif
Temporary warning,445,W5-2.23,TDB6,TW-22,Road closure / detour direction indicator circle symbol Straight Ahead RH,30 November 2016,,a : 900 b : 450 c : 250 d : 250 e : 220 f : 230 g : 15 h : 25 r : 50 Arrow Type : D,Background reflectorised fluorescent orange Border and Arrow Black Symbol reflectorised white with black border,https://www.nzta.govt.nz/assets/resources/traffic-control-devices-manual/sign-specifications/images/tw06-04-02-04.eps | https://www.nzta.govt.nz/assets/resources/traffic-control-devices-manual/sign-specifications/images/tw06-04-02-06-nolabels.gif,Original EPS/Temporary warning/tw06-04-02-04.eps | Original EPS/Temporary warning/tw06-04-02-06-nolabels.gif
Temporary warning,440,W5-2.21,TDB1,TW-22,Road closure / detour direction indicator circle symbol Turn Left,30 November 2016,,a : 900 b : 450 c : 250 d : 220 e : 250 f : 230 g : 15 h : 25 r : 50 Arrow Type : D,Background reflectorised fluorescent orange Border and Arrow Black Symbol reflectorised white with black border,https://www.nzta.govt.nz/assets/resources/traffic-control-devices-manual/sign-specifications/images/tw06-04-02-01.eps | https://www.nzta.govt.nz/assets/resources/traffic-control-devices-manual/sign-specifications/images/tw06-04-02-01-nolabels.gif,Original EPS/Temporary warning/tw06-04-02-01.eps | Original EPS/Temporary warning/tw06-04-02-01-nolabels.gif
Temporary warning,441,W5-2.21,TDB2,TW-22,Road closure / detour direction indicator circle symbol Turn Right,30 November 2016,,a : 900 b : 450 c : 250 d : 220 e : 250 f : 230 g : 15 h : 25 r : 50 Arrow Type : D,Background reflectorised fluorescent orange Border and Arrow Black Symbol reflectorised white with black border,https://www.nzta.govt.nz/assets/resources/traffic-control-devices-manual/sign-specifications/images/tw06-04-02-02.eps | https://www.nzta.govt.nz/assets/resources/traffic-control-devices-manual/sign-specifications/images/tw06-04-02-02-nolabels.gif,Original EPS/Temporary warning/tw06-04-02-02.eps | Original EPS/Temporary warning/tw06-04-02-02-nolabels.gif
Temporary warning,442,W5-2.22,TDB3,TW-22,Road closure / detour direction indicator circle symbol veer left,30 November 2016,,a : 900 b : 450 c : 250 d : 200 e : 200 f : 230 g : 15 h : 25 r : 50 Arrow Type : D,Symbol reflectorised white with black border Border and Arrow Black Background reflectorised fluorescent orange,https://www.nzta.govt.nz/assets/resources/traffic-control-devices-manual/sign-specifications/images/tw06-04-02-03.eps | https://www.nzta.govt.nz/assets/resources/traffic-control-devices-manual/sign-specifications/images/tw06-04-02-03-nolabels.gif,Original EPS/Temporary warning/tw06-04-02-03.eps | Original EPS/Temporary warning/tw06-04-02-03-nolabels.gif
Temporary warning,443,W5-2.22,TDB4,TW-22,Road closure / detour direction indicator circle symbol veer right,30 November 2016,,a : 900 b : 450 c : 250 d : 200 e : 200 f : 230 g : 15 h : 25 r : 50 Arrow Type : D,Symbol reflectorised white with black border Border and Arrow Black Background reflectorised fluorescent orange,https://www.nzta.govt.nz/assets/resources/traffic-control-devices-manual/sign-specifications/images/tw06-04-02-04.eps | https://www.nzta.govt.nz/assets/resources/traffic-control-devices-manual/sign-specifications/images/tw06-04-02-04-nolabels.gif,Original EPS/Temporary warning/tw06-04-02-04.eps | Original EPS/Temporary warning/tw06-04-02-04-nolabels.gif
Temporary warning,450,W5-2.23,TDC5,TW-22,Road closure / detour direction indicator diamond symbol Straight Ahead LH,30 November 2016,,a : 900 b : 450 c : 250 d : 250 e : 220 f : 230 g : 10 h : 25 r : 50 Arrow Type : D,Symbol reflectorised white with black border Border and Arrow Black Background reflectorised fluorescent orange,https://www.nzta.govt.nz/assets/resources/traffic-control-devices-manual/sign-specifications/images/tw06-04-03-05.eps | https://www.nzta.govt.nz/assets/resources/traffic-control-devices-manual/sign-specifications/images/tw06-04-03-05-nolabels.gif,Original EPS/Temporary warning/tw06-04-03-05.eps | Original EPS/Temporary warning/tw06-04-03-05-nolabels.gif
Temporary warning,451,W5-2.23,TDC6,TW-22,Road closure / detour direction indicator diamond symbol Straight Ahead RH,30 November 2016,,a : 900 b : 450 c : 250 d : 250 e : 220 f : 230 g : 10 h : 25 r : 50 Arrow Type : D,Symbol reflectorised white with black border Border and Arrow Black Background reflectorised fluorescent orange,https://www.nzta.govt.nz/assets/resources/traffic-control-devices-manual/sign-specifications/images/tw06-04-03-06.eps | https://www.nzta.govt.nz/assets/resources/traffic-control-devices-manual/sign-specifications/images/tw06-04-03-06-nolabels.gif,Original EPS/Temporary warning/tw06-04-03-06.eps | Original EPS/Temporary warning/tw06-04-03-06-nolabels.gif
Temporary warning,446,W5-2.21,TDC1,TW-22,Road closure / detour direction indicator diamond symbol Turn Left,30 November 2016,,a : 900 b : 450 c : 250 d : 220 e : 250 f : 230 g : 10 h : 25 r : 50 Arrow Type : D,Symbol reflectorised white with black border Border and Arrow Black Background reflectorised fluorescent orange,https://www.nzta.govt.nz/assets/resources/traffic-control-devices-manual/sign-specifications/images/tw06-04-03-01.eps | https://www.nzta.govt.nz/assets/resources/traffic-control-devices-manual/sign-specifications/images/tw06-04-03-01-nolabels.gif,Original EPS/Temporary warning/tw06-04-03-01.eps | Original EPS/Temporary warning/tw06-04-03-01-nolabels.gif
Temporary warning,447,W5-2.21,TDC2,TW-22,Road closure / detour direction indicator diamond symbol Turn Right,30 November 2016,,a : 900 b : 450 c : 250 d : 220 e : 250 f : 230 g : 10 h : 25 r : 50 Arrow Type : D,Symbol reflectorised white with black border Border and Arrow Black Background reflectorised fluorescent orange,https://www.nzta.govt.nz/assets/resources/traffic-control-devices-manual/sign-specifications/images/tw06-04-03-02.eps | https://www.nzta.govt.nz/assets/resources/traffic-control-devices-manual/sign-specifications/images/tw06-04-03-02-nolabels.gif,Original EPS/Temporary warning/tw06-04-03-02.eps | Original EPS/Temporary warning/tw06-04-03-02-nolabels.gif
Temporary warning,448,W5-2.22,TDC3,TW-22,Road closure / detour direction indicator diamond symbol veer left,30 November 2016,,a : 900 b : 450 c : 250 d : 200 e : 200 f : 230 g : 10 h : 25 r : 50 Arrow Type : D,Symbol reflectorised white with black border Border and Arrow Black Background reflectorised fluorescent orange,https://www.nzta.govt.nz/assets/resources/traffic-control-devices-manual/sign-specifications/images/tw06-04-03-03.eps | https://www.nzta.govt.nz/assets/resources/traffic-control-devices-manual/sign-specifications/images/tw06-04-03-03-nolabels.gif,Original EPS/Temporary warning/tw06-04-03-03.eps | Original EPS/Temporary warning/tw06-04-03-03-nolabels.gif
Temporary warning,449,W5-2.22,TDC4,TW-22,Road closure / detour direction indicator diamond symbol veer right,30 November 2016,,a : 900 b : 450 c : 250 d : 200 e : 200 f : 230 g : 10 h : 25 r : 50 Arrow Type : D,Symbol reflectorised white with black border Border and Arrow Black Background reflectorised fluorescent orange,https://www.nzta.govt.nz/assets/resources/traffic-control-devices-manual/sign-specifications/images/tw06-04-03-04.eps | https://www.nzta.govt.nz/assets/resources/traffic-control-devices-manual/sign-specifications/images/tw06-04-03-04-nolabels.gif,Original EPS/Temporary warning/tw06-04-03-04.eps | Original EPS/Temporary warning/tw06-04-03-04-nolabels.gif
Temporary warning,438,W5-2.23,TDA5,TW-22,Road closure / detour direction indicator square symbol Straight Ahead LH,30 November 2016,,a : 900 b : 450 c : 250 d : 250 e : 220 f : 230 g : 15 h : 25 r : 50 Arrow Type : D,Symbol reflectorised white with black border Border and Arrow Black Background reflectorised fluorescent orange,https://www.nzta.govt.nz/assets/resources/traffic-control-devices-manual/sign-specifications/images/tw06-04-01-05.eps | https://www.nzta.govt.nz/assets/resources/traffic-control-devices-manual/sign-specifications/images/tw06-04-01-05-nolabels.gif,Original EPS/Temporary warning/tw06-04-01-05.eps | Original EPS/Temporary warning/tw06-04-01-05-nolabels.gif
Temporary warning,439,W5-2.23,TDA6,TW-22,Road closure / detour direction indicator square symbol Straight Ahead RH,30 November 2016,,a : 900 b : 450 c : 250 d : 250 e : 220 f : 230 g : 15 h : 25 r : 50 Arrow Type : D,Background reflectorised fluorescent orange Border and Arrow Black Symbol reflectorised white with black border,https://www.nzta.govt.nz/assets/resources/traffic-control-devices-manual/sign-specifications/images/tw06-04-01-06.eps | https://www.nzta.govt.nz/assets/resources/traffic-control-devices-manual/sign-specifications/images/tw06-04-01-06-nolabels.gif,Original EPS/Temporary warning/tw06-04-01-06.eps | Original EPS/Temporary warning/tw06-04-01-06-nolabels.gif
Temporary warning,434,W5-2.21,TDA1,TW-22,Road closure / detour direction indicator square symbol Turn Left,30 November 2016,,a 900 b 450 c 250 d 220 e 250 f 230 g 15 h 25 r 50 Arrow Type D,Background reflectorised fluorescent orange Border and Arrow Black Symbol reflectorised white with black border,https://www.nzta.govt.nz/assets/resources/traffic-control-devices-manual/sign-specifications/images/tw06-04-01-01.eps | https://www.nzta.govt.nz/assets/resources/traffic-control-devices-manual/sign-specifications/images/tw06-04-01-01-nolabels.gif,Original EPS/Temporary warning/tw06-04-01-01.eps | Original EPS/Temporary warning/tw06-04-01-01-nolabels.gif
Temporary warning,435,W5-2.21,TDA2,TW-22,Road closure / detour direction indicator square symbol Turn Right,30 November 2016,,a 900 b 450 c 250 d 220 e 250 f 230 g 15 h 25 r 50 Arrow Type D,Background reflectorised fluorescent orange Border and Arrow Black Symbol reflectorised white with black border,https://www.nzta.govt.nz/assets/resources/traffic-control-devices-manual/sign-specifications/images/tw06-04-01-02.eps | https://www.nzta.govt.nz/assets/resources/traffic-control-devices-manual/sign-specifications/images/tw06-04-01-02-nolabels.gif,Original EPS/Temporary warning/tw06-04-01-02.eps | Original EPS/Temporary warning/tw06-04-01-02-nolabels.gif
Temporary warning,436,W5-2.22,TDA3,TW-22,Road closure / detour direction indicator square symbol veer left,30 November 2016,,a : 900 b : 450 c : 250 d : 200 e : 200 f : 230 g : 15 h : 25 r : 50 Arrow Type : D,Symbol reflectorised white with black border Border and Arrow Black Background reflectorised fluorescent orange,https://www.nzta.govt.nz/assets/resources/traffic-control-devices-manual/sign-specifications/images/tw06-04-01-03.eps | https://www.nzta.govt.nz/assets/resources/traffic-control-devices-manual/sign-specifications/images/tw06-04-01-03-nolabels.gif,Original EPS/Temporary warning/tw06-04-01-03.eps | Original EPS/Temporary warning/tw06-04-01-03-nolabels.gif
Temporary warning,437,W5-2.22,TDA4,TW-22,Road closure / detour direction indicator square symbol veer right,30 November 2016,,a : 900 b : 450 c : 250 d : 200 e : 200 f : 230 g : 15 h : 25 r : 50 Arrow Type : D,Background reflectorised fluorescent orange Border and Arrow Black Symbol reflectorised white with black border,https://www.nzta.govt.nz/assets/resources/traffic-control-devices-manual/sign-specifications/images/tw06-04-01-04.eps | https://www.nzta.govt.nz/assets/resources/traffic-control-devices-manual/sign-specifications/images/tw06-04-01-04-nolabels.gif,Original EPS/Temporary warning/tw06-04-01-04.eps | Original EPS/Temporary warning/tw06-04-01-04-nolabels.gif
Temporary warning,498,W5-2.23,TDD5,TW-22,Road closure / detour direction indicator state highway shield symbol Straight Ahead LH,30 November 2016,,a : 900 b : 450 c : 250 d : 250 e : 220 f : 230 g : 15 h : 25 r : 50 Arrow Type : D Symbol and Height : S32 230,Background reflectorised fluorescent orange Border and Arrow Black Symbol reflectorised red with reflectorised white border,https://www.nzta.govt.nz/assets/resources/traffic-control-devices-manual/sign-specifications/images/tw06-04-04-05.eps | https://www.nzta.govt.nz/assets/resources/traffic-control-devices-manual/sign-specifications/images/tw06-04-04-05-nolabels.gif,Original EPS/Temporary warning/tw06-04-04-05.eps | Original EPS/Temporary warning/tw06-04-04-05-nolabels.gif
Temporary warning,499,W5-2.23,TDD6,TW-22,Road closure / detour direction indicator state highway shield symbol Straight Ahead RH,1 December 2016,,a : 900 b : 450 c : 250 d : 250 e : 220 f : 230 g : 15 h : 25 r : 50 Arrow Type : D Symbol and Height : S32 230,Background reflectorised fluorescent orange Border and Arrow Black Symbol reflectorised red with reflectorised white border,https://www.nzta.govt.nz/assets/resources/traffic-control-devices-manual/sign-specifications/images/tw06-04-04-06.eps | https://www.nzta.govt.nz/assets/resources/traffic-control-devices-manual/sign-specifications/images/tw06-04-04-06-nolabels.gif,Original EPS/Temporary warning/tw06-04-04-06.eps | Original EPS/Temporary warning/tw06-04-04-06-nolabels.gif
Temporary warning,494,W5-2.21,TDD1,TW-22,Road closure / detour direction indicator state highway shield symbol Turn Left,30 November 2016,,Symbol and Height : S32 230 a : 900 b : 450 c : 250 d : 220 e : 250 f : 230 g : 15 h : 25 r : 50 Arrow Type : D,Background reflectorised fluorescent orange Border and Arrow Black Symbol reflectorised red with reflectorised white border,https://www.nzta.govt.nz/assets/resources/traffic-control-devices-manual/sign-specifications/images/tw06-04-04-01.eps | https://www.nzta.govt.nz/assets/resources/traffic-control-devices-manual/sign-specifications/images/tw06-04-04-01-nolabels.gif,Original EPS/Temporary warning/tw06-04-04-01.eps | Original EPS/Temporary warning/tw06-04-04-01-nolabels.gif
Temporary warning,495,W5-2.21,TDD2,TW-22,Road closure / detour direction indicator state highway shield symbol Turn Right,30 November 2016,,Symbol and Height : S32 230 a : 900 b : 450 c : 250 d : 220 e : 250 f : 230 g : 15 h : 25 r : 50 Arrow Type : D,Background reflectorised fluorescent orange Border and Arrow Black Symbol reflectorised white with black border,https://www.nzta.govt.nz/assets/resources/traffic-control-devices-manual/sign-specifications/images/tw06-04-04-02.eps | https://www.nzta.govt.nz/assets/resources/traffic-control-devices-manual/sign-specifications/images/tw06-04-04-02-nolabels.gif,Original EPS/Temporary warning/tw06-04-04-02.eps | Original EPS/Temporary warning/tw06-04-04-02-nolabels.gif
Temporary warning,496,W5-2.22,TDD3,TW-22,Road closure / detour direction indicator state highway shield symbol veer left,30 November 2016,,Symbol and Height : S32 230 a : 900 b : 450 c : 250 d : 200 e : 200 f : 230 g : 15 h : 25 r : 50 Arrow Type : D,Symbol reflectorised red with reflectorised white border Border and Arrow Black Background reflectorised fluorescent orange,https://www.nzta.govt.nz/assets/resources/traffic-control-devices-manual/sign-specifications/images/tw06-04-04-03.eps | https://www.nzta.govt.nz/assets/resources/traffic-control-devices-manual/sign-specifications/images/tw06-04-04-03-nolabels.gif,Original EPS/Temporary warning/tw06-04-04-03.eps | Original EPS/Temporary warning/tw06-04-04-03-nolabels.gif
Temporary warning,497,W5-2.22,TDD4,TW-22,Road closure / detour direction indicator state highway shield symbol veer right,30 November 2016,,Symbol and Height : S32 230 a : 900 b : 450 c : 250 d : 200 e : 200 f : 230 g : 15 h : 25 r : 50 Arrow Type : D,Symbol reflectorised red with reflectorised white border Border and Arrow Black Background reflectorised fluorescent orange,https://www.nzta.govt.nz/assets/resources/traffic-control-devices-manual/sign-specifications/images/tw06-04-04-04.eps | https://www.nzta.govt.nz/assets/resources/traffic-control-devices-manual/sign-specifications/images/tw06-04-04-04-nolabels.gif,Original EPS/Temporary warning/tw06-04-04-04.eps | Original EPS/Temporary warning/tw06-04-04-04-nolabels.gif
Temporary warning,1167,R1-8.2,RST2,None,Temporary speed limit for slippery surface - Option A,12 October 2018,,Numerals 250D a: 750 b: 95 c: 750 d: 25 r: 50,Reflectorised White Reflectorised Red Reflectorised Fluorescent Orange Black,https://www.nzta.govt.nz/assets/resources/traffic-control-devices-manual/sign-specifications/images/R1-8.2-Temporary-speed-limit-for-slippoery-surface-option-A.eps | https://www.nzta.govt.nz/assets/resources/traffic-control-devices-manual/sign-specifications/images/R1-9.2-Temporary-speed-limit-for-slippery-surface-option-A.png,Original EPS/Temporary warning/R1-8.2-Temporary-speed-limit-for-slippoery-surface-option-A.eps
Temporary warning,1168,R1-8.2,RST2B,None,Temporary speed limit for slippery surface - Option B,15 October 2018,,Numerals 400D a: 1200 b: 150 c: 850 d: 30 r: 60,Reflectorised White Reflectorised Red Reflectorised Fluorescent Orange Black,https://www.nzta.govt.nz/assets/resources/traffic-control-devices-manual/sign-specifications/images/R1-9.2-Temporary-speed-limit-for-slippery-surface-option-B.eps | https://www.nzta.govt.nz/assets/resources/traffic-control-devices-manual/sign-specifications/images/R1-9.2-Temporary-speed-limit-for-slippery-surface-option-B.png,Original EPS/Temporary warning/R1-9.2-Temporary-speed-limit-for-slippery-surface-option-B.eps
Symbol,1044,none,SV21,none,ATV,19 December 2016,,a : 100 b : 78 Sign Size : 100 x 78 Symbol : black,,https://www.nzta.govt.nz/assets/resources/traffic-control-devices-manual/sign-specifications/images/SV21-ATV.eps | https://www.nzta.govt.nz/assets/resources/traffic-control-devices-manual/sign-specifications/images/SV21-ATV-no-labels.gif,Original EPS/Symbol/SV21-ATV.eps | Original EPS/Symbol/SV21-ATV-no-labels.gif
Symbol,387,None,SV51,None,Aeroplane,12 May 2016,,a : 480 b : 480 Sign Size : 480 x 480 Symbol : Black,,https://www.nzta.govt.nz/assets/resources/traffic-control-devices-manual/sign-specifications/images/s023.eps | https://www.nzta.govt.nz/assets/resources/traffic-control-devices-manual/sign-specifications/images/s023-nolabels.gif,Original EPS/Symbol/s023.eps | Original EPS/Symbol/s023-nolabels.gif
Symbol,1166,None,SF35,None,Birds - kereru and car,5 October 2017,,,,https://www.nzta.govt.nz/assets/resources/traffic-control-devices-manual/sign-specifications/images/SF35-Kereru-and-car-Symbol.eps | https://www.nzta.govt.nz/assets/resources/traffic-control-devices-manual/sign-specifications/images/SF35-Kereru-and-car-Symbol-no-label.gif,Original EPS/Symbol/SF35-Kereru-and-car-Symbol.eps | Original EPS/Symbol/SF35-Kereru-and-car-Symbol-no-label.gif
Symbol,171,None,SV10,None,Bus,12 May 2016,,a : 465 b : 160 Sign Size : 465 x 160 Symbol : Black,,https://www.nzta.govt.nz/assets/resources/traffic-control-devices-manual/sign-specifications/images/s002.eps | https://www.nzta.govt.nz/assets/resources/traffic-control-devices-manual/sign-specifications/images/s002-nolabels.gif,Original EPS/Symbol/s002.eps | Original EPS/Symbol/s002-nolabels.gif
Symbol,625,None,SV11,None,Bus Stop,12 May 2016,,a : 465 b : 160 Sign Size : 465 x 160 Symbol : Black,,https://www.nzta.govt.nz/assets/resources/traffic-control-devices-manual/sign-specifications/images/s033.eps | https://www.nzta.govt.nz/assets/resources/traffic-control-devices-manual/sign-specifications/images/s033-nolabels.gif,Original EPS/Symbol/s033.eps | Original EPS/Symbol/s033-nolabels.gif
Symbol,384,none,SF11,none,Cattle,12 May 2016,,,,https://www.nzta.govt.nz/assets/resources/traffic-control-devices-manual/sign-specifications/images/s020.eps | https://www.nzta.govt.nz/assets/resources/traffic-control-devices-manual/sign-specifications/images/s020-nolabels.gif,Original EPS/Symbol/s020.eps | Original EPS/Symbol/s020-nolabels.gif
Symbol,381,None,SU02,None,Children,12 May 2016,,a : 400 b : 360 Sign Size : 400 x 360 Symbol : Black,,https://www.nzta.govt.nz/assets/resources/traffic-control-devices-manual/sign-specifications/images/s017.eps | https://www.nzta.govt.nz/assets/resources/traffic-control-devices-manual/sign-specifications/images/s017-nolabels.gif,Original EPS/Symbol/s017.eps | Original EPS/Symbol/s017-nolabels.gif
Symbol,172,None,SU10,None,Cycle,13 December 2016,,a : 500 305 230 150 b : 350 200 150 100 Symbol : Black Black Black Black,,https://www.nzta.govt.nz/assets/resources/traffic-control-devices-manual/sign-specifications/images/s003.eps | https://www.nzta.govt.nz/assets/resources/traffic-control-devices-manual/sign-specifications/images/s003-outline-no-labels.gif,Original EPS/Symbol/s003.eps | Original EPS/Symbol/s003-outline-no-labels.gif
Symbol,1013,W5-2.11,SGD1,none,Detour symbol - square,17 February 2017,,Width 150 Height 150 Border: 10,Background: White (R) Border: black Legend: black,https://www.nzta.govt.nz/assets/resources/traffic-control-devices-manual/sign-specifications/images/SGD1-Detour-Symbol-Square.eps | https://www.nzta.govt.nz/assets/resources/traffic-control-devices-manual/sign-specifications/images/SGD1-Detour-Symbol-Square-no-labels.gif,Original EPS/Symbol/SGD1-Detour-Symbol-Square.eps | Original EPS/Symbol/SGD1-Detour-Symbol-Square-no-labels.gif
Symbol,1016,W5-2.14,SGD4,none,Detour symbol – SH shield,17 February 2017,,Width 160 Height 160 Border: 10,Background: red (R) Border: white (R),https://www.nzta.govt.nz/assets/resources/traffic-control-devices-manual/sign-specifications/images/SGD4-Detour-Symbol-SH-Shield.eps | https://www.nzta.govt.nz/assets/resources/traffic-control-devices-manual/sign-specifications/images/SGD4-Detour-Symbol-SH-Shield-no-labels.gif,Original EPS/Symbol/SGD4-Detour-Symbol-SH-Shield.eps | Original EPS/Symbol/SGD4-Detour-Symbol-SH-Shield-no-labels.gif
Symbol,1014,W5-2.12,SGD2,none,Detour symbol – circle,17 February 2017,,Diameter 225 Border: 10,Background: White (R) Border: black Legend: black,https://www.nzta.govt.nz/assets/resources/traffic-control-devices-manual/sign-specifications/images/SGD2-Detour-Symbol-Circle.eps | https://www.nzta.govt.nz/assets/resources/traffic-control-devices-manual/sign-specifications/images/SGD2-Detour-Symbol-Circle-no-labels.gif,Original EPS/Symbol/SGD2-Detour-Symbol-Circle.eps | Original EPS/Symbol/SGD2-Detour-Symbol-Circle-no-labels.gif
Symbol,1015,W5-2.13,SGD3,none,Detour symbol – diamond,17 February 2017,,Diamond 150 Border: 10,Background: White (R) Border: black Legend: black,https://www.nzta.govt.nz/assets/resources/traffic-control-devices-manual/sign-specifications/images/SGD3-Detour-Symbol-Diamond.eps | https://www.nzta.govt.nz/assets/resources/traffic-control-devices-manual/sign-specifications/images/SGD3-Detour-Symbol-Diamond-nolabels.gif,Original EPS/Symbol/SGD3-Detour-Symbol-Diamond.eps | Original EPS/Symbol/SGD3-Detour-Symbol-Diamond-nolabels.gif
Symbol,686,none,none,none,Disabled park,12 May 2016,,,,https://www.nzta.govt.nz/assets/resources/traffic-control-devices-manual/sign-specifications/images/s037.eps | https://www.nzta.govt.nz/assets/resources/traffic-control-devices-manual/sign-specifications/images/s037-nolabels.gif,Original EPS/Symbol/s037.eps | Original EPS/Symbol/s037-nolabels.gif
Symbol,1069,None,None,None,Drive on Left W14-11.1 Symbol,6 December 2016,,arrow centre line symbol 620 x 480 775 x 600 930 x 720 1240 x 960,symbol : black,https://www.nzta.govt.nz/assets/resources/traffic-control-devices-manual/sign-specifications/images/Drive-on-Left-W14-11.1-Symbol.eps | https://www.nzta.govt.nz/assets/resources/traffic-control-devices-manual/sign-specifications/images/Drive-on-Left-W14-12.1-Symbol.gif,Original EPS/Symbol/Drive-on-Left-W14-11.1-Symbol.eps
Symbol,1074,A20-S22,SM31,None,Electric Vehicle charging station - symbol (for motorist service signs and parking signs),12 April 2018,,Symbol on motorist service sign: 300 x 300 mm Symbol on parking sign: 100 x 100 mm,Symbol on motorist service sign: White (may be reflectorised) Symbol on parking sign: White (may be reflectorised),https://www.nzta.govt.nz/assets/resources/traffic-control-devices-manual/sign-specifications/images/SM31-A20-S22-EV-Sign.eps | https://www.nzta.govt.nz/assets/resources/traffic-control-devices-manual/sign-specifications/images/SM31-A20-S22-EV-Sign-blue.gif,Original EPS/Symbol/SM31-A20-S22-EV-Sign.eps
Symbol,372,None,SR03,None,Electric cable,12 May 2016,,b : 640 a : 400 Sign Size : 400 x 640 Symbol : Black,,https://www.nzta.govt.nz/assets/resources/traffic-control-devices-manual/sign-specifications/images/s008.eps | https://www.nzta.govt.nz/assets/resources/traffic-control-devices-manual/sign-specifications/images/s008-nolabels.gif,Original EPS/Symbol/s008.eps | Original EPS/Symbol/s008-nolabels.gif
Symbol,383,None,None,None,Equestrian,12 May 2016,,a : 480 b : 440 Sign Size : 480 x 440 Symbol : Black,,https://www.nzta.govt.nz/assets/resources/traffic-control-devices-manual/sign-specifications/images/s019.eps | https://www.nzta.govt.nz/assets/resources/traffic-control-devices-manual/sign-specifications/images/s019-nolabels.gif,Original EPS/Symbol/s019.eps | Original EPS/Symbol/s019-nolabels.gif
Symbol,374,None,SR05,None,Falling debris,12 May 2016,,b : 450 a : 600 Sign Size : 600 x 450 Symbol : Black,,https://www.nzta.govt.nz/assets/resources/traffic-control-devices-manual/sign-specifications/images/s010.eps | https://www.nzta.govt.nz/assets/resources/traffic-control-devices-manual/sign-specifications/images/s010-nolabels.gif,Original EPS/Symbol/s010.eps | Original EPS/Symbol/s010-nolabels.gif
Symbol,390,None,SV36,None,Fire engine,12 May 2016,,a : 560 b : 160 Sign Size : 560 x 160 Symbol : Black,,https://www.nzta.govt.nz/assets/resources/traffic-control-devices-manual/sign-specifications/images/s026.eps | https://www.nzta.govt.nz/assets/resources/traffic-control-devices-manual/sign-specifications/images/s026-nolabels.gif,Original EPS/Symbol/s026.eps | Original EPS/Symbol/s026-nolabels.gif
Symbol,391,None,SV37,None,Fork-lift,12 May 2016,,a : 480 b : 480 Sign Size : 480 x 480 Symbol : Black,,https://www.nzta.govt.nz/assets/resources/traffic-control-devices-manual/sign-specifications/images/s027.eps | https://www.nzta.govt.nz/assets/resources/traffic-control-devices-manual/sign-specifications/images/s027-nolabels.gif,Original EPS/Symbol/s027.eps | Original EPS/Symbol/s027-nolabels.gif
Symbol,394,None,SR10,None,Gravel surface,12 May 2016,,b : 240 a : 500 Sign Size : 500 x 240 Symbol : Black,,https://www.nzta.govt.nz/assets/resources/traffic-control-devices-manual/sign-specifications/images/s030.eps | https://www.nzta.govt.nz/assets/resources/traffic-control-devices-manual/sign-specifications/images/s030-nolabels.gif,Original EPS/Symbol/s030.eps | Original EPS/Symbol/s030-nolabels.gif
Symbol,388,None,SV52,None,Helicopter,12 May 2016,,a : 440 b : 320 Sign Size : 440 x 320 Symbol : Black,,https://www.nzta.govt.nz/assets/resources/traffic-control-devices-manual/sign-specifications/images/s024.eps | https://www.nzta.govt.nz/assets/resources/traffic-control-devices-manual/sign-specifications/images/s024-nolabels.gif,Original EPS/Symbol/s024.eps | Original EPS/Symbol/s024-nolabels.gif
Symbol,1029,A30-S1,ST03,none,Historic Places Trust building,17 March 2017,,a : 300 b : 300,White (reflectorised),https://www.nzta.govt.nz/assets/resources/traffic-control-devices-manual/sign-specifications/images/ST03-Historic-Places-Trust-Building.eps | https://www.nzta.govt.nz/assets/resources/traffic-control-devices-manual/sign-specifications/images/ST03-Historic-Places-Trust-Building-nolabels.gif,Original EPS/Symbol/ST03-Historic-Places-Trust-Building.eps | Original EPS/Symbol/ST03-Historic-Places-Trust-Building-nolabels.gif
Symbol,1070,None,None,None,Keep Left W14-11 Symbol,6 December 2016,,symbol of cars/arrow/centre line 400 x 600 500 x 750 600 x 900 800 x 1200,symbol : black,https://www.nzta.govt.nz/assets/resources/traffic-control-devices-manual/sign-specifications/images/Keep-Left-W14-11-Symbol.eps | https://www.nzta.govt.nz/assets/resources/traffic-control-devices-manual/sign-specifications/images/Keep-Left-W14-11-Symbol.gif,Original EPS/Symbol/Keep-Left-W14-11-Symbol.eps
Symbol,379,None,SV12,None,Light rails,12 May 2016,,a : 560 b : 260 Sign Size : 560 x 260 Symbol : Black,,https://www.nzta.govt.nz/assets/resources/traffic-control-devices-manual/sign-specifications/images/s015.eps | https://www.nzta.govt.nz/assets/resources/traffic-control-devices-manual/sign-specifications/images/s015-nolabels.gif,Original EPS/Symbol/s015.eps | Original EPS/Symbol/s015-nolabels.gif
Symbol,1139,A30-S3,ST10,None,Look Out Symbol,17 March 2017,,"a 300 b 300 Note 1: The symbol is Figure A67 in NZS 8603:2005, Design and Application of Outdoor Recreation Symbols. Reproduction of this symbol is subject to copyright and requires the purchase of NZS 8603:2005 CD ROM. For more information please contact Standards New Zealand. Telephone: 64 3 943 4259 or Freephone: 0800 782 632 (within New Zealand) Internet: www.standards.govt.nz",White (reflectorised),https://www.nzta.govt.nz/assets/resources/traffic-control-devices-manual/sign-specifications/images/ST10-Look-Out.eps | https://www.nzta.govt.nz/assets/resources/traffic-control-devices-manual/sign-specifications/images/ST10-Look-Out-nolabels.gif,Original EPS/Symbol/ST10-Look-Out.eps | Original EPS/Symbol/ST10-Look-Out-nolabels.gif
Symbol,503,None,SR11,None,Manual Traffic Control,12 May 2016,,b : 600 a : 600 Sign Size : 600 x 600 Symbol : Black,,https://www.nzta.govt.nz/assets/resources/traffic-control-devices-manual/sign-specifications/images/s031.eps | https://www.nzta.govt.nz/assets/resources/traffic-control-devices-manual/sign-specifications/images/s031-nolabels.gif,Original EPS/Symbol/s031.eps | Original EPS/Symbol/s031-nolabels.gif
Symbol,685,None,SV20,None,Motorcycle,12 May 2016,,a : 190 b : 100 Sign Size : 190 x 100 Symbol : Black,,https://www.nzta.govt.nz/assets/resources/traffic-control-devices-manual/sign-specifications/images/s036.eps | https://www.nzta.govt.nz/assets/resources/traffic-control-devices-manual/sign-specifications/images/s036-nolabels.gif,Original EPS/Symbol/s036.eps | Original EPS/Symbol/s036-nolabels.gif
Symbol,697,A20-S11,SM11,S11,Motorist service 24 hr medical service,12 May 2016,,Symbol : Cross 300x300mm,,https://www.nzta.govt.nz/assets/resources/traffic-control-devices-manual/sign-specifications/images/s048.eps | https://www.nzta.govt.nz/assets/resources/traffic-control-devices-manual/sign-specifications/images/s048-nolabels.gif,Original EPS/Symbol/s048.eps | Original EPS/Symbol/s048-nolabels.gif
Symbol,688,A20-S2,SM02,S2,Motorist service accommodation,10 March 2017,,Symbol : Bed 360x300mm,,https://www.nzta.govt.nz/assets/resources/traffic-control-devices-manual/sign-specifications/images/s039.eps | https://www.nzta.govt.nz/assets/resources/traffic-control-devices-manual/sign-specifications/images/s039-nolabels.gif,Original EPS/Symbol/s039.eps | Original EPS/Symbol/s039-nolabels.gif
Symbol,704,A20-S18,SM18,S18,Motorist service airfield,12 May 2016,,Symbol : Jet aircraft 300x300mm,,https://www.nzta.govt.nz/assets/resources/traffic-control-devices-manual/sign-specifications/images/s055.eps | https://www.nzta.govt.nz/assets/resources/traffic-control-devices-manual/sign-specifications/images/s055-nolabels.gif,Original EPS/Symbol/s055.eps | Original EPS/Symbol/s055-nolabels.gif
Symbol,705,A20-S19,SM19,S19,Motorist service boat ramp,12 May 2016,,Symbol : boat trailer white ramp and wavy lines 360x300mm,,https://www.nzta.govt.nz/assets/resources/traffic-control-devices-manual/sign-specifications/images/s056.eps | https://www.nzta.govt.nz/assets/resources/traffic-control-devices-manual/sign-specifications/images/s056-nolabels.gif,Original EPS/Symbol/s056.eps | Original EPS/Symbol/s056-nolabels.gif
Symbol,689,A20-S3,SM03,S3,Motorist service camping ground,12 May 2016,,Symbol : Tent 360x300mm,,https://www.nzta.govt.nz/assets/resources/traffic-control-devices-manual/sign-specifications/images/s040.eps | https://www.nzta.govt.nz/assets/resources/traffic-control-devices-manual/sign-specifications/images/s040-nolabels.gif,Original EPS/Symbol/s040.eps | Original EPS/Symbol/s040-nolabels.gif
Symbol,691,A20-S5,SM05,S5,Motorist service camping ground and caravan park,12 May 2016,,Symbol : Tent above Caravan 240x300mm,,https://www.nzta.govt.nz/assets/resources/traffic-control-devices-manual/sign-specifications/images/s042.eps | https://www.nzta.govt.nz/assets/resources/traffic-control-devices-manual/sign-specifications/images/s042-nolabels.gif,Original EPS/Symbol/s042.eps | Original EPS/Symbol/s042-nolabels.gif
Symbol,690,A20-S4,SM04,S4,Motorist service caravan park,12 May 2016,,Symbol : Caravan 360x300mm,,https://www.nzta.govt.nz/assets/resources/traffic-control-devices-manual/sign-specifications/images/s041.eps | https://www.nzta.govt.nz/assets/resources/traffic-control-devices-manual/sign-specifications/images/s041-nolabels.gif,Original EPS/Symbol/s041.eps | Original EPS/Symbol/s041-nolabels.gif
Symbol,696,A20-S10,SM10,S10,Motorist service information,12 May 2016,,Symbol : Italic lower case i 240x300mm,,https://www.nzta.govt.nz/assets/resources/traffic-control-devices-manual/sign-specifications/images/s047.eps | https://www.nzta.govt.nz/assets/resources/traffic-control-devices-manual/sign-specifications/images/s047-nolabels.gif,Original EPS/Symbol/s047.eps | Original EPS/Symbol/s047-nolabels.gif
Symbol,695,A20-S9,SM09,S9,Motorist service meals,12 May 2016,,Symbol : Fork and spoon 240x300mm,,https://www.nzta.govt.nz/assets/resources/traffic-control-devices-manual/sign-specifications/images/s046.eps | https://www.nzta.govt.nz/assets/resources/traffic-control-devices-manual/sign-specifications/images/s046-nolabels.gif,Original EPS/Symbol/s046.eps | Original EPS/Symbol/s046-nolabels.gif
Symbol,692,A20-S6,SM06,S6,Motorist service motor fuel,12 May 2016,,Symbol : Petrol pump 300x300mm,,https://www.nzta.govt.nz/assets/resources/traffic-control-devices-manual/sign-specifications/images/s043.eps | https://www.nzta.govt.nz/assets/resources/traffic-control-devices-manual/sign-specifications/images/s043-nolabels.gif,Original EPS/Symbol/s043.eps | Original EPS/Symbol/s043-nolabels.gif
Symbol,701,A20-S15,SM15,S15,Motorist service public parking area,12 May 2016,,Symbol : P - 300x300mm,,https://www.nzta.govt.nz/assets/resources/traffic-control-devices-manual/sign-specifications/images/s052.eps | https://www.nzta.govt.nz/assets/resources/traffic-control-devices-manual/sign-specifications/images/s052-nolabels.gif,Original EPS/Symbol/s052.eps | Original EPS/Symbol/s052-nolabels.gif
Symbol,698,A20-S12,SM12,S12,Motorist service public telephone,12 May 2016,,Symbol : Telephone hand piece 240x300mm,,https://www.nzta.govt.nz/assets/resources/traffic-control-devices-manual/sign-specifications/images/s049.eps | https://www.nzta.govt.nz/assets/resources/traffic-control-devices-manual/sign-specifications/images/s049-nolabels.gif,Original EPS/Symbol/s049.eps | Original EPS/Symbol/s049-nolabels.gif
Symbol,699,A20-S13,SM13,S13,Motorist service public toilets,12 May 2016,,Symbol : Man and woman separated by line 300x300mm,,https://www.nzta.govt.nz/assets/resources/traffic-control-devices-manual/sign-specifications/images/s050.eps | https://www.nzta.govt.nz/assets/resources/traffic-control-devices-manual/sign-specifications/images/s050-nolabels.gif,Original EPS/Symbol/s050.eps | Original EPS/Symbol/s050-nolabels.gif
Symbol,687,A20-S1,SM01,S1,Motorist service rest area,12 May 2016,,Symbol : Tree and table 300x300mm,,https://www.nzta.govt.nz/assets/resources/traffic-control-devices-manual/sign-specifications/images/s038.eps | https://www.nzta.govt.nz/assets/resources/traffic-control-devices-manual/sign-specifications/images/s038-nolabels.gif,Original EPS/Symbol/s038.eps | Original EPS/Symbol/s038-nolabels.gif
Symbol,702,A20-S16,SM16,S16,Motorist service truck parking area,12 May 2016,,Symbol : P above heavy motor vehicle 360x300mm,,https://www.nzta.govt.nz/assets/resources/traffic-control-devices-manual/sign-specifications/images/s053.eps | https://www.nzta.govt.nz/assets/resources/traffic-control-devices-manual/sign-specifications/images/s053-nolabels.gif,Original EPS/Symbol/s053.eps | Original EPS/Symbol/s053-nolabels.gif
Symbol,703,A20-S17,SM17,S17,Motorist service truck trailer parking area,12 May 2016,,Symbol : P above heavy full trailer 360x300mm,,https://www.nzta.govt.nz/assets/resources/traffic-control-devices-manual/sign-specifications/images/s054.eps | https://www.nzta.govt.nz/assets/resources/traffic-control-devices-manual/sign-specifications/images/s054-nolabels.gif,Original EPS/Symbol/s054.eps | Original EPS/Symbol/s054-nolabels.gif
Symbol,700,A20-S14,SM14,S14,Motorist service waste disposal for campervans and caravans,30 July 2015,,Symbol : Camping van 300x300mm,,https://www.nzta.govt.nz/assets/resources/traffic-control-devices-manual/sign-specifications/images/s051.eps | https://www.nzta.govt.nz/assets/resources/traffic-control-devices-manual/sign-specifications/images/s051-nolabels.gif,Original EPS/Symbol/s051.eps | Original EPS/Symbol/s051-nolabels.gif
Symbol,706,A20-S20,SM20,S20,Motorist service wheelchair access,12 May 2016,,Symbol : Person in wheelchair 240x300mm,,https://www.nzta.govt.nz/assets/resources/traffic-control-devices-manual/sign-specifications/images/s057.eps | https://www.nzta.govt.nz/assets/resources/traffic-control-devices-manual/sign-specifications/images/s057-nolabels.gif,Original EPS/Symbol/s057.eps | Original EPS/Symbol/s057-nolabels.gif
Symbol,779,A43-4,none,none,NZ Cycle Trail (NZCT) symbol,30 March 2017,,a 140 200 b 126 180 Legend Symbol 126x112 180x160,Background: black Legend white (R) and red (R) ( PMS 186 or CMYK 0 100 100 15) Border none,https://www.nzta.govt.nz/assets/resources/traffic-control-devices-manual/sign-specifications/images/A43-NZCT-Symbol.eps | https://www.nzta.govt.nz/assets/resources/traffic-control-devices-manual/sign-specifications/images/A43-NZCT-Symbol-nolabels.gif,Original EPS/Symbol/A43-NZCT-Symbol.eps | Original EPS/Symbol/A43-NZCT-Symbol-nolabels.gif
Symbol,1023,R6-1C,SP03,none,Parking (P) (used in PP series),29 November 2016,,Letters : 100E Rectangle 120 x 150 Legend : white Background : blue,,https://www.nzta.govt.nz/assets/resources/traffic-control-devices-manual/sign-specifications/images/SP03-Parking-P.eps | https://www.nzta.govt.nz/assets/resources/traffic-control-devices-manual/sign-specifications/images/SP03-Parking-P-no-labels.gif,Original EPS/Symbol/SP03-Parking-P.eps | Original EPS/Symbol/SP03-Parking-P-no-labels.gif
Symbol,1024,R6-1D,SP04,none,Pay parking (P$) (used in PP series),29 November 2016,,Letters : 100E Symbol ($): Transport D Med x = 45 Rectangle 180 x 150 Legend : white Background : blue,,https://www.nzta.govt.nz/assets/resources/traffic-control-devices-manual/sign-specifications/images/SP04-Pay-Parking-P.eps | https://www.nzta.govt.nz/assets/resources/traffic-control-devices-manual/sign-specifications/images/SP04-Pay-Parking-P-nolabels.gif,Original EPS/Symbol/SP04-Pay-Parking-P.eps | Original EPS/Symbol/SP04-Pay-Parking-P-nolabels.gif
Symbol,173,None,SU01,None,Pedestrian,12 May 2016,,a : 145 b : 260 Sign Size : 145 x 260 Symbol : Black,,https://www.nzta.govt.nz/assets/resources/traffic-control-devices-manual/sign-specifications/images/s004.eps | https://www.nzta.govt.nz/assets/resources/traffic-control-devices-manual/sign-specifications/images/s004-nolabels.gif,Original EPS/Symbol/s004.eps | Original EPS/Symbol/s004-nolabels.gif
Symbol,1140,A30-S4,ST11,None,Photography Symbol,17 March 2017,,"a 300 b 300 Note 1: The copyright of the camera symbol is owned by Standard New Zealand. The symbol is Figure A76 in NZS 8603:2005, Design and Application of Outdoor Recreation Symbols. Reproduction of the symbol is subject to copyright and requires the purchase of NZS 8603:2005 CD ROM. For more information please contact Standards New Zealand. Telephone: 64 3 943 4259 or Freephone: 0800 782 632 (",White (reflectorised),https://www.nzta.govt.nz/assets/resources/traffic-control-devices-manual/sign-specifications/images/ST11-Photography.eps | https://www.nzta.govt.nz/assets/resources/traffic-control-devices-manual/sign-specifications/images/ST11-Photography-nolabels.gif,Original EPS/Symbol/ST11-Photography.eps | Original EPS/Symbol/ST11-Photography-nolabels.gif
Symbol,380,None,SU11,None,Rail tracks - cyclists take care,12 May 2016,,a : 500 b : 280 Sign Size : 500 x 280 Symbol : Black,,https://www.nzta.govt.nz/assets/resources/traffic-control-devices-manual/sign-specifications/images/s016.eps | https://www.nzta.govt.nz/assets/resources/traffic-control-devices-manual/sign-specifications/images/s016-nolabels.gif,Original EPS/Symbol/s016.eps | Original EPS/Symbol/s016-nolabels.gif
Symbol,378,None,SR08,None,Railway level crossing signals,12 May 2016,,b : 440 a : 320 Sign Size : 320 x 440 Symbol : Black,,https://www.nzta.govt.nz/assets/resources/traffic-control-devices-manual/sign-specifications/images/s014.eps | https://www.nzta.govt.nz/assets/resources/traffic-control-devices-manual/sign-specifications/images/s014-nolabels.gif,Original EPS/Symbol/s014.eps | Original EPS/Symbol/s014-nolabels.gif
Symbol,393,None,SR09,None,Road works,12 May 2016,,b : 600 a : 500 Sign Size : 500 x 600 Symbol : Black,,https://www.nzta.govt.nz/assets/resources/traffic-control-devices-manual/sign-specifications/images/s029.eps | https://www.nzta.govt.nz/assets/resources/traffic-control-devices-manual/sign-specifications/images/s029-nolabels.gif,Original EPS/Symbol/s029.eps | Original EPS/Symbol/s029-nolabels.gif
Symbol,170,None,SR01,None,Roundabout,12 May 2016,,r2 5 6 8 r1 106 127 170 e 5 6 8 d 64 77 102 c 8 10 13 b 34 41 54 a 37 44 59 Sign Size 866 x 750 1039 x 900 1386 x 1200,,https://www.nzta.govt.nz/assets/resources/traffic-control-devices-manual/sign-specifications/images/s001.eps | https://www.nzta.govt.nz/assets/resources/traffic-control-devices-manual/sign-specifications/images/s001-nolabels.gif,Original EPS/Symbol/s001.eps | Original EPS/Symbol/s001-nolabels.gif
Symbol,382,None,SU04,None,School bus route,12 May 2016,,a : 550 b : 500 Sign Size : 550 x 500 Symbol : Black,,https://www.nzta.govt.nz/assets/resources/traffic-control-devices-manual/sign-specifications/images/s018.eps | https://www.nzta.govt.nz/assets/resources/traffic-control-devices-manual/sign-specifications/images/s018-nolabels.gif,Original EPS/Symbol/s018.eps | Original EPS/Symbol/s018-nolabels.gif
Symbol,385,none,SF12,none,Sheep,12 May 2016,,,,https://www.nzta.govt.nz/assets/resources/traffic-control-devices-manual/sign-specifications/images/s021.eps | https://www.nzta.govt.nz/assets/resources/traffic-control-devices-manual/sign-specifications/images/s021-nolabels.gif,Original EPS/Symbol/s021.eps | Original EPS/Symbol/s021-nolabels.gif
Symbol,375,None,SR06,None,Slippery surface,12 May 2016,,b : 480 a : 520 Sign Size : 520 x 480 Symbol : Black,,https://www.nzta.govt.nz/assets/resources/traffic-control-devices-manual/sign-specifications/images/s011.eps | https://www.nzta.govt.nz/assets/resources/traffic-control-devices-manual/sign-specifications/images/s011-nolabels.gif,Original EPS/Symbol/s011.eps | Original EPS/Symbol/s011-nolabels.gif
Symbol,999,none,SE02,none,Snow,17 February 2017,,a : 50 b : 58 Symbol Size: 50 x 58 Symbol : Black,,https://www.nzta.govt.nz/assets/resources/traffic-control-devices-manual/sign-specifications/images/SE02-Snow.eps | https://www.nzta.govt.nz/assets/resources/traffic-control-devices-manual/sign-specifications/images/SE02-Snow-nolabels.gif,Original EPS/Symbol/SE02-Snow.eps | Original EPS/Symbol/SE02-Snow-nolabels.gif
Symbol,490,none,SG01,none,State highway shield,12 May 2016,,,,https://www.nzta.govt.nz/assets/resources/traffic-control-devices-manual/sign-specifications/images/s032.eps | https://www.nzta.govt.nz/assets/resources/traffic-control-devices-manual/sign-specifications/images/s032-nolabels.gif,Original EPS/Symbol/s032.eps | Original EPS/Symbol/s032-nolabels.gif
Symbol,377,None,SV50,None,Steam engine,12 May 2016,,a : 480 b : 520 Sign Size : 480 x 520 Symbol : Black,,https://www.nzta.govt.nz/assets/resources/traffic-control-devices-manual/sign-specifications/images/s013.eps | https://www.nzta.govt.nz/assets/resources/traffic-control-devices-manual/sign-specifications/images/s013-nolabels.gif,Original EPS/Symbol/s013.eps | Original EPS/Symbol/s013-nolabels.gif
Symbol,376,None,SR07,None,Steep grade,12 May 2016,,b : 300 a : 420 Sign Size : 420 x 300 Symbol : Black,,https://www.nzta.govt.nz/assets/resources/traffic-control-devices-manual/sign-specifications/images/s012.eps | https://www.nzta.govt.nz/assets/resources/traffic-control-devices-manual/sign-specifications/images/s012-nolabels.gif,Original EPS/Symbol/s012.eps | Original EPS/Symbol/s012-nolabels.gif
Symbol,1027,none,SR15,none,Steep grade – ‘%’ symbol (see also SR07),29 November 2016,,a : 100 b : 59 Sign Size : 100 x 59 Symbol : black,,https://www.nzta.govt.nz/assets/resources/traffic-control-devices-manual/sign-specifications/images/SR15-Steep-Grade-.eps | https://www.nzta.govt.nz/assets/resources/traffic-control-devices-manual/sign-specifications/images/SR15-Steep-Grade-nolabels.gif,Original EPS/Symbol/SR15-Steep-Grade-.eps | Original EPS/Symbol/SR15-Steep-Grade-nolabels.gif
Symbol,1041,none,SV03,none,T2 barrel and car symbol with 2 occupants,15 August 2017,,a : 175 b : 150 c : 195 d : 130 e : 57 Text : T2 90 D,Car symbol : black Barrel symbol : reflectorised red Text : T2 reflectorised white,https://www.nzta.govt.nz/assets/resources/traffic-control-devices-manual/sign-specifications/images/SV03-T2-barrel-and-car-symbol-with-2-occupants.eps | https://www.nzta.govt.nz/assets/resources/traffic-control-devices-manual/sign-specifications/images/SV03-T2-barrel-and-car-symbol-with-2-occupants-nolabels.gif,Original EPS/Symbol/SV03-T2-barrel-and-car-symbol-with-2-occupants.eps | Original EPS/Symbol/SV03-T2-barrel-and-car-symbol-with-2-occupants-nolabels.gif
Symbol,1042,none,SV04,none,T3 barrel and car symbol with 3 occupants,15 August 2017,,a : 175 b : 150 c : 195 d : 130 e : 57 Text : T3 90 D,Car symbol : black Barrel symbol : reflectorised red Text : T3 reflectorised white,https://www.nzta.govt.nz/assets/resources/traffic-control-devices-manual/sign-specifications/images/SV04-T3-barrel-and-car-symbol-with-3-occupants.eps | https://www.nzta.govt.nz/assets/resources/traffic-control-devices-manual/sign-specifications/images/SV04-T3-barrel-and-car-symbol-with-3-occupants-nolabels.gif,Original EPS/Symbol/SV04-T3-barrel-and-car-symbol-with-3-occupants.eps | Original EPS/Symbol/SV04-T3-barrel-and-car-symbol-with-3-occupants-nolabels.gif
Symbol,370,None,SR02,None,Traffic signals,7 February 2017,,"c : 95 b : 615 a : 420 Sign Size : 420 x 615 Symbol : Black with reflectorised red, orange and green aspects.",,https://www.nzta.govt.nz/assets/resources/traffic-control-devices-manual/sign-specifications/images/s006.eps | https://www.nzta.govt.nz/assets/resources/traffic-control-devices-manual/sign-specifications/images/s006-nolabels.gif,Original EPS/Symbol/s006.eps | Original EPS/Symbol/s006-nolabels.gif
Symbol,684,None,SV13,None,Tram,12 May 2016,,a : 185 b : 100 Sign Size : 185 x 100 Symbol : Black,,https://www.nzta.govt.nz/assets/resources/traffic-control-devices-manual/sign-specifications/images/s035.eps | https://www.nzta.govt.nz/assets/resources/traffic-control-devices-manual/sign-specifications/images/s035-nolabels.gif,Original EPS/Symbol/s035.eps | Original EPS/Symbol/s035-nolabels.gif
Symbol,389,None,SV30,None,Truck,12 May 2016,,a : 100 b : 50 Sign Size : 100 x 50 Symbol : Black,,https://www.nzta.govt.nz/assets/resources/traffic-control-devices-manual/sign-specifications/images/s025.eps | https://www.nzta.govt.nz/assets/resources/traffic-control-devices-manual/sign-specifications/images/s025-nolabels.gif,Original EPS/Symbol/s025.eps | Original EPS/Symbol/s025-nolabels.gif
Symbol,369,None,SV30,None,Truck - side view,12 May 2016,,a : 100 b : 50 Sign Size : 100 x 50 Symbol : Black,,https://www.nzta.govt.nz/assets/resources/traffic-control-devices-manual/sign-specifications/images/s005.eps | https://www.nzta.govt.nz/assets/resources/traffic-control-devices-manual/sign-specifications/images/s005-nolabels.gif,Original EPS/Symbol/s005.eps | Original EPS/Symbol/s005-nolabels.gif
Symbol,371,None,SV33,None,Truck - tilting,12 May 2016,,a : 1130 b : 1400 Sign Size : 1130 x 1400 Symbol : Black,,https://www.nzta.govt.nz/assets/resources/traffic-control-devices-manual/sign-specifications/images/s007.eps | https://www.nzta.govt.nz/assets/resources/traffic-control-devices-manual/sign-specifications/images/s007-nolabels.gif,Original EPS/Symbol/s007.eps | Original EPS/Symbol/s007-nolabels.gif
Symbol,373,None,SR04,None,Tunnel,12 May 2016,,b : 320 a : 360 Sign Size : 360 x 320 Symbol : Black,,https://www.nzta.govt.nz/assets/resources/traffic-control-devices-manual/sign-specifications/images/s009.eps | https://www.nzta.govt.nz/assets/resources/traffic-control-devices-manual/sign-specifications/images/s009-nolabels.gif,Original EPS/Symbol/s009.eps | Original EPS/Symbol/s009-nolabels.gif
Symbol,1030,A30-S2,ST07,none,Vineyard,17 March 2017,,a : 240 b : 300,White (reflectorised),https://www.nzta.govt.nz/assets/resources/traffic-control-devices-manual/sign-specifications/images/ST07-Vineyard.eps | https://www.nzta.govt.nz/assets/resources/traffic-control-devices-manual/sign-specifications/images/ST07-Vineyard-nolabels.gif,Original EPS/Symbol/ST07-Vineyard.eps | Original EPS/Symbol/ST07-Vineyard-nolabels.gif
Symbol,386,none,SF21,none,Wild horses,12 May 2016,,,,https://www.nzta.govt.nz/assets/resources/traffic-control-devices-manual/sign-specifications/images/s022.eps | https://www.nzta.govt.nz/assets/resources/traffic-control-devices-manual/sign-specifications/images/s022-nolabels.gif,Original EPS/Symbol/s022.eps | Original EPS/Symbol/s022-nolabels.gif
Symbol,392,none,SE01,none,Wind sock,12 May 2016,,a : 120 b : 90 Sign Size : 120x90 Symbol Size: 112x88.3 Symbol : black,,https://www.nzta.govt.nz/assets/resources/traffic-control-devices-manual/sign-specifications/images/s028.eps | https://www.nzta.govt.nz/assets/resources/traffic-control-devices-manual/sign-specifications/images/s028-nolabels.gif,Original EPS/Symbol/s028.eps | Original EPS/Symbol/s028-nolabels.gif
Symbol,1004,none,SF32,none,birds - pukeko,17 February 2017,,a : 415 b : 400 Sign Size : 415x400,Symbol : black,https://www.nzta.govt.nz/assets/resources/traffic-control-devices-manual/sign-specifications/images/SF32-Birds-Pukeko.eps | https://www.nzta.govt.nz/assets/resources/traffic-control-devices-manual/sign-specifications/images/SF32-Birds-Pukeko-nolabels.gif,Original EPS/Symbol/SF32-Birds-Pukeko.eps | Original EPS/Symbol/SF32-Birds-Pukeko-nolabels.gif
Symbol,1006,none,SF34,none,birds – ducks,17 February 2017,,a : 363 b : 380 Sign Size : 363x380,Symbol : black,https://www.nzta.govt.nz/assets/resources/traffic-control-devices-manual/sign-specifications/images/SF34-Birds-Ducks.eps | https://www.nzta.govt.nz/assets/resources/traffic-control-devices-manual/sign-specifications/images/SF34-Birds-Ducks-nolabels.gif,Original EPS/Symbol/SF34-Birds-Ducks.eps | Original EPS/Symbol/SF34-Birds-Ducks-nolabels.gif
Symbol,1003,none,SF31,none,birds – kiwi,17 February 2017,,a : 510 b : 403 Sign Size : 510 x 403,Symbol : black,https://www.nzta.govt.nz/assets/resources/traffic-control-devices-manual/sign-specifications/images/SF31-Birds-Kiwi.eps | https://www.nzta.govt.nz/assets/resources/traffic-control-devices-manual/sign-specifications/images/SF31-Birds-Kiwi-nolabels.gif,Original EPS/Symbol/SF31-Birds-Kiwi.eps | Original EPS/Symbol/SF31-Birds-Kiwi-nolabels.gif
Symbol,1005,none,SF33,none,birds – penguin,17 February 2017,,a : 259 b : 420 Sign Size : 259x420,Symbol : black,https://www.nzta.govt.nz/assets/resources/traffic-control-devices-manual/sign-specifications/images/SF33-Birds-Penguins.eps | https://www.nzta.govt.nz/assets/resources/traffic-control-devices-manual/sign-specifications/images/SF33-Birds-Penguins-nolabels.gif,Original EPS/Symbol/SF33-Birds-Penguins.eps | Original EPS/Symbol/SF33-Birds-Penguins-nolabels.gif
Symbol,1026,none,SR13,none,bridge - birds eye (used for narrow bridge),29 November 2016,,a : 340 b : 440 Sign Size : 340 x 440 Symbol : Black,,https://www.nzta.govt.nz/assets/resources/traffic-control-devices-manual/sign-specifications/images/SR13-Bridge-Birds-Eye.eps | https://www.nzta.govt.nz/assets/resources/traffic-control-devices-manual/sign-specifications/images/SR13-Bridge-Birds-Eye-nolabels.gif,Original EPS/Symbol/SR13-Bridge-Birds-Eye.eps | Original EPS/Symbol/SR13-Bridge-Birds-Eye-nolabels.gif
Symbol,1047,none,SV41,none,campervan,19 December 2016,,a : 100 b : 60 Sign Size : 100 x 60 Symbol : black,,https://www.nzta.govt.nz/assets/resources/traffic-control-devices-manual/sign-specifications/images/SV41-Campervan.eps | https://www.nzta.govt.nz/assets/resources/traffic-control-devices-manual/sign-specifications/images/SV41-Campervan-no-labels.gif,Original EPS/Symbol/SV41-Campervan.eps | Original EPS/Symbol/SV41-Campervan-no-labels.gif
Symbol,1040,none,SV02,none,car front on,19 December 2016,,a : 100 b : 82 Sign Size : 100 x 82 Symbol : black,,https://www.nzta.govt.nz/assets/resources/traffic-control-devices-manual/sign-specifications/images/SV02-Car-Front-On.eps | https://www.nzta.govt.nz/assets/resources/traffic-control-devices-manual/sign-specifications/images/SV02-Car-Front-On-nolabels.gif,Original EPS/Symbol/SV02-Car-Front-On.eps | Original EPS/Symbol/SV02-Car-Front-On-nolabels.gif
Symbol,1039,none,SU22,none,car side on,19 December 2016,,a : 100 b : 39 Sign Size : 100 x 39 Symbol : black,,https://www.nzta.govt.nz/assets/resources/traffic-control-devices-manual/sign-specifications/images/SV01-Car-Side-On.eps | https://www.nzta.govt.nz/assets/resources/traffic-control-devices-manual/sign-specifications/images/SV01-Car-Side-On-no-labels.gif,Original EPS/Symbol/SV01-Car-Side-On.eps | Original EPS/Symbol/SV01-Car-Side-On-no-labels.gif
Symbol,1046,none,SV40,none,caravan,19 December 2016,,a : 100 b : 59 Sign Size : 100 x 59 Symbol : black,,https://www.nzta.govt.nz/assets/resources/traffic-control-devices-manual/sign-specifications/images/SV40-Caravan.eps | https://www.nzta.govt.nz/assets/resources/traffic-control-devices-manual/sign-specifications/images/SV40-Caravan-no-labels.gif,Original EPS/Symbol/SV40-Caravan.eps | Original EPS/Symbol/SV40-Caravan-no-labels.gif
Symbol,1000,none,SE03,none,chains required,17 February 2017,,a : 50 b : 64 Symbol Size: 50 x 56 Symbol : black & white,,https://www.nzta.govt.nz/assets/resources/traffic-control-devices-manual/sign-specifications/images/SE03-Chains-Required.eps | https://www.nzta.govt.nz/assets/resources/traffic-control-devices-manual/sign-specifications/images/SE03-Chains-Required-nolabels.gif,Original EPS/Symbol/SE03-Chains-Required.eps | Original EPS/Symbol/SE03-Chains-Required-nolabels.gif
Symbol,1037,none,SU30,none,diving,19 December 2016,,a : 100 b : 85 Sign Size : 100 x 85 Symbol : black,,https://www.nzta.govt.nz/assets/resources/traffic-control-devices-manual/sign-specifications/images/SU30-Diving.eps | https://www.nzta.govt.nz/assets/resources/traffic-control-devices-manual/sign-specifications/images/SU30-Diving-nolabels.gif,Original EPS/Symbol/SU30-Diving.eps | Original EPS/Symbol/SU30-Diving-nolabels.gif
Symbol,1033,none,ST20,none,in-line skates,19 December 2016,,a : 100 b : 106 Sign Size : 100 x 106 Symbol : black,,https://www.nzta.govt.nz/assets/resources/traffic-control-devices-manual/sign-specifications/images/SU20-In-Line-Skates.eps | https://www.nzta.govt.nz/assets/resources/traffic-control-devices-manual/sign-specifications/images/SU20-In-Line-Skates-no-labels.gif,Original EPS/Symbol/SU20-In-Line-Skates.eps | Original EPS/Symbol/SU20-In-Line-Skates-no-labels.gif
Symbol,1038,none,SU31,none,jumping - into water,19 December 2016,,a : 100 b : 104 Sign Size : 100 x 104 Symbol : black,,https://www.nzta.govt.nz/assets/resources/traffic-control-devices-manual/sign-specifications/images/SU31-Jumping-into-Water.eps | https://www.nzta.govt.nz/assets/resources/traffic-control-devices-manual/sign-specifications/images/SU31-Jumping-into-Water-nolabels.gif,Original EPS/Symbol/SU31-Jumping-into-Water.eps | Original EPS/Symbol/SU31-Jumping-into-Water-nolabels.gif
Symbol,1036,none,SU23,none,mobility device,19 December 2016,,a : 100 b : 72 Sign Size : 100 x 72 Symbol : black,,https://www.nzta.govt.nz/assets/resources/traffic-control-devices-manual/sign-specifications/images/SU23-Mobility-Device.eps | https://www.nzta.govt.nz/assets/resources/traffic-control-devices-manual/sign-specifications/images/SU23-Mobility-Device-nolabels.gif,Original EPS/Symbol/SU23-Mobility-Device.eps | Original EPS/Symbol/SU23-Mobility-Device-nolabels.gif
Symbol,693,A20--S7,SM07,S7,motorist service motor fuel and repairs,12 May 2016,,Symbol : Petrol pump above spanner 300x300mm,,https://www.nzta.govt.nz/assets/resources/traffic-control-devices-manual/sign-specifications/images/s044.eps | https://www.nzta.govt.nz/assets/resources/traffic-control-devices-manual/sign-specifications/images/s044-nolabels.gif,Original EPS/Symbol/s044.eps | Original EPS/Symbol/s044-nolabels.gif
Symbol,694,A20-S8,SM08,S8,motorist service refreshments,12 May 2016,,Symbol : Cup and a saucer 360x300mm,,https://www.nzta.govt.nz/assets/resources/traffic-control-devices-manual/sign-specifications/images/s045.eps | https://www.nzta.govt.nz/assets/resources/traffic-control-devices-manual/sign-specifications/images/s045-nolabels.gif,Original EPS/Symbol/s045.eps | Original EPS/Symbol/s045-nolabels.gif
Symbol,1028,none,ST01,none,museum,29 November 2016,,a : 100 b : 88 Sign Size : 100 x 88 Symbol : black,,https://www.nzta.govt.nz/assets/resources/traffic-control-devices-manual/sign-specifications/images/ST01-Museum.eps | https://www.nzta.govt.nz/assets/resources/traffic-control-devices-manual/sign-specifications/images/ST01-Museum-nolabels.gif,Original EPS/Symbol/ST01-Museum.eps | Original EPS/Symbol/ST01-Museum-nolabels.gif
Symbol,1021,none,SM23,none,park and ride boat,29 November 2016,,a : 360 b : 300 Sign Size : 360x300 P 100E Boat 300 x 126 Legends white Background blue,,https://www.nzta.govt.nz/assets/resources/traffic-control-devices-manual/sign-specifications/images/SM23-Park-Ride-Boat.eps | https://www.nzta.govt.nz/assets/resources/traffic-control-devices-manual/sign-specifications/images/SM23-Park-Ride-Boat-nolabels.gif,Original EPS/Symbol/SM23-Park-Ride-Boat.eps | Original EPS/Symbol/SM23-Park-Ride-Boat-nolabels.gif
Symbol,1020,none,SM22,none,park and ride bus,29 November 2016,,a : 360 b : 300 Sign Size : 360x300 P 100E Bus 320 x 110 Legends white Background blue,,https://www.nzta.govt.nz/assets/resources/traffic-control-devices-manual/sign-specifications/images/SM22-Park-Ride-Bus.eps | https://www.nzta.govt.nz/assets/resources/traffic-control-devices-manual/sign-specifications/images/SM22-Park-Ride-Bus-nolabels.gif,Original EPS/Symbol/SM22-Park-Ride-Bus.eps | Original EPS/Symbol/SM22-Park-Ride-Bus-nolabels.gif
Symbol,1019,none,SM21,none,park and ride train,29 November 2016,,a : 360 b : 300 Sign Size : 360x300 P 170E Train 155 x 167 Legends white Background blue,,https://www.nzta.govt.nz/assets/resources/traffic-control-devices-manual/sign-specifications/images/SM21-Park-Ride-Train.eps | https://www.nzta.govt.nz/assets/resources/traffic-control-devices-manual/sign-specifications/images/SM21-Park-Ride-Train-nolabels.gif,Original EPS/Symbol/SM21-Park-Ride-Train.eps | Original EPS/Symbol/SM21-Park-Ride-Train-nolabels.gif
Symbol,1025,none,SR12,none,park over kerb (park on 'footpath'),29 November 2016,,a : 100 b : 100 Sign Size : 100 x 100 Symbol : Black,,https://www.nzta.govt.nz/assets/resources/traffic-control-devices-manual/sign-specifications/images/SR12-Park-Over-Kerb.eps | https://www.nzta.govt.nz/assets/resources/traffic-control-devices-manual/sign-specifications/images/SR12-Park-Over-Kerb-nolabels.gif,Original EPS/Symbol/SR12-Park-Over-Kerb.eps | Original EPS/Symbol/SR12-Park-Over-Kerb-nolabels.gif
Symbol,1018,none,SM28,none,rental vehicle pick-up/drop-off,29 November 2016,,a : 150 b : 150 Sign Size : 150 x 150 Symbol size 100 x 133 Background white Symbol : black,,https://www.nzta.govt.nz/assets/resources/traffic-control-devices-manual/sign-specifications/images/SM28-Rental-Vehicle-pickup-dropoff.eps | https://www.nzta.govt.nz/assets/resources/traffic-control-devices-manual/sign-specifications/images/SM28-Rental-Vehicle-pickup-dropoff-nolabels.gif,Original EPS/Symbol/SM28-Rental-Vehicle-pickup-dropoff.eps | Original EPS/Symbol/SM28-Rental-Vehicle-pickup-dropoff-nolabels.gif
Symbol,1017,none,SM26,none,rubbish,29 November 2016,,a : 100 b : 100 Sign Size : 100 x 100 Symbol : black,,https://www.nzta.govt.nz/assets/resources/traffic-control-devices-manual/sign-specifications/images/SM26-Rubbish.eps | https://www.nzta.govt.nz/assets/resources/traffic-control-devices-manual/sign-specifications/images/SM26-Rubbish-nolabels.gif,Original EPS/Symbol/SM26-Rubbish.eps | Original EPS/Symbol/SM26-Rubbish-nolabels.gif
Symbol,1035,none,SU22,none,scooter – foot powered,19 December 2016,,a : 100 b : 131 Sign Size : 100 x 131 Symbol : black,,https://www.nzta.govt.nz/assets/resources/traffic-control-devices-manual/sign-specifications/images/SU22-Scooter-foot-powered.eps | https://www.nzta.govt.nz/assets/resources/traffic-control-devices-manual/sign-specifications/images/SU22-Scooter-foot-powered-nolabels.gif,Original EPS/Symbol/SU22-Scooter-foot-powered.eps | Original EPS/Symbol/SU22-Scooter-foot-powered-nolabels.gif
Symbol,1043,none,SV14,none,shuttle bus,19 December 2016,,a : 100 b : 31 Sign Size : 100 x 31 Symbol : black,,https://www.nzta.govt.nz/assets/resources/traffic-control-devices-manual/sign-specifications/images/SV14-Shuttle-Bus.eps | https://www.nzta.govt.nz/assets/resources/traffic-control-devices-manual/sign-specifications/images/SV14-Shuttle-Bus-no-labels.gif,Original EPS/Symbol/SV14-Shuttle-Bus.eps | Original EPS/Symbol/SV14-Shuttle-Bus-no-labels.gif
Symbol,1034,none,SU21,none,skate board,19 December 2016,,a : 100 b : 133 Sign Size : 100 x 133 Symbol : black,,https://www.nzta.govt.nz/assets/resources/traffic-control-devices-manual/sign-specifications/images/SU21-Skateboard.eps | https://www.nzta.govt.nz/assets/resources/traffic-control-devices-manual/sign-specifications/images/SU21-Skateboard-nolabels.gif,Original EPS/Symbol/SU21-Skateboard.eps | Original EPS/Symbol/SU21-Skateboard-nolabels.gif
Symbol,1032,none,ST09,none,ski field,29 November 2016,,a : 100 b : 80 Sign Size : 100 x 80 Symbol : black,,https://www.nzta.govt.nz/assets/resources/traffic-control-devices-manual/sign-specifications/images/ST09-Ski-Field.eps | https://www.nzta.govt.nz/assets/resources/traffic-control-devices-manual/sign-specifications/images/ST09-Ski-Field-nolabels.gif,Original EPS/Symbol/ST09-Ski-Field.eps | Original EPS/Symbol/ST09-Ski-Field-nolabels.gif
Symbol,1031,none,ST08,none,ski lift,29 November 2016,,a : 100 b : 120 Sign Size : 100 x 120 Symbol : black,,https://www.nzta.govt.nz/assets/resources/traffic-control-devices-manual/sign-specifications/images/ST08-Ski-Lift.eps | https://www.nzta.govt.nz/assets/resources/traffic-control-devices-manual/sign-specifications/images/ST08-Ski-Lift-nolabels.gif,Original EPS/Symbol/ST08-Ski-Lift.eps | Original EPS/Symbol/ST08-Ski-Lift-nolabels.gif
Symbol,1001,none,SF13,none,stock – deer,17 February 2017,,a : 310 b : 500 Sign Size : 310 x 500,Symbol : black,https://www.nzta.govt.nz/assets/resources/traffic-control-devices-manual/sign-specifications/images/SF13-Stock-Deer.eps | https://www.nzta.govt.nz/assets/resources/traffic-control-devices-manual/sign-specifications/images/SF13-Stock-Deer-no-labels.gif,Original EPS/Symbol/SF13-Stock-Deer.eps | Original EPS/Symbol/SF13-Stock-Deer-no-labels.gif
Symbol,1008,none,SG11,none,tourist route - Geyser Highway,17 February 2017,,Width 400 Height 540,Background: Red Border: none Legend: White/Blue,https://www.nzta.govt.nz/assets/resources/traffic-control-devices-manual/sign-specifications/images/SG11-Tourist-Route-Geyser-Highway.eps | https://www.nzta.govt.nz/assets/resources/traffic-control-devices-manual/sign-specifications/images/SG11-Tourist-Route-Geyser-Highway-nolabels.gif,Original EPS/Symbol/SG11-Tourist-Route-Geyser-Highway.eps | Original EPS/Symbol/SG11-Tourist-Route-Geyser-Highway-nolabels.gif
Symbol,1012,none,SG15,none,tourist route - Pacific Coast Highway,17 February 2017,,Width 400 Height 500,Background: Blue Border: none Legend: White,https://www.nzta.govt.nz/assets/resources/traffic-control-devices-manual/sign-specifications/images/SG15-Tourist-Route-Pacific-Coast-Highway.eps | https://www.nzta.govt.nz/assets/resources/traffic-control-devices-manual/sign-specifications/images/SG15-Tourist-Route-Pacific-Coast-Highway-no-labels.gif,Original EPS/Symbol/SG15-Tourist-Route-Pacific-Coast-Highway.eps | Original EPS/Symbol/SG15-Tourist-Route-Pacific-Coast-Highway-no-labels.gif
Symbol,1011,none,SG14,none,tourist route - Pacific Coast Highway with text,17 February 2017,,Width 400 Height 623,Background: Blue Border: none Legend: White,https://www.nzta.govt.nz/assets/resources/traffic-control-devices-manual/sign-specifications/images/SG14-Tourist-Route-Pacific-Coast-Highway-with-text.eps | https://www.nzta.govt.nz/assets/resources/traffic-control-devices-manual/sign-specifications/images/SG14-Tourist-Route-Pacific-Coast-Highway-with-text-no-labels.gif,Original EPS/Symbol/SG14-Tourist-Route-Pacific-Coast-Highway-with-text.eps | Original EPS/Symbol/SG14-Tourist-Route-Pacific-Coast-Highway-with-text-no-labels.gif
Symbol,1010,none,SG13,none,tourist route - Twin coasts,17 February 2017,,Width 400 400 Height 400 400,Background: Dark Blue Brown Border: none none Legend: Lt Blue/Orange White,https://www.nzta.govt.nz/assets/resources/traffic-control-devices-manual/sign-specifications/images/SG13-Tourist-Route-Twin-Coasts.eps | https://www.nzta.govt.nz/assets/resources/traffic-control-devices-manual/sign-specifications/images/SG13-Tourist-Route-Twin-Coasts-nolabels.gif,Original EPS/Symbol/SG13-Tourist-Route-Twin-Coasts.eps | Original EPS/Symbol/SG13-Tourist-Route-Twin-Coasts-nolabels.gif
Symbol,1009,none,SG12,none,tourist route - Wine Trail,17 February 2017,,Width 400 Height 400 Border: 12,Background: brown Border: white Legend: white,https://www.nzta.govt.nz/assets/resources/traffic-control-devices-manual/sign-specifications/images/SG12-Tourist-Route-Wine-Trail.eps | https://www.nzta.govt.nz/assets/resources/traffic-control-devices-manual/sign-specifications/images/SG12-Tourist-Route-Wine-Trail-nolabels2.gif,Original EPS/Symbol/SG12-Tourist-Route-Wine-Trail.eps | Original EPS/Symbol/SG12-Tourist-Route-Wine-Trail-nolabels2.gif
Symbol,1045,none,SV35,none,tow vehicle - for tow away sites,19 December 2016,,a : 100 b : 34 Sign Size : 100 x 34 Symbol : black,,https://www.nzta.govt.nz/assets/resources/traffic-control-devices-manual/sign-specifications/images/SV35-Tow-Vehicle.eps | https://www.nzta.govt.nz/assets/resources/traffic-control-devices-manual/sign-specifications/images/SV35-Tow-Vehicle-no-labels.gif,Original EPS/Symbol/SV35-Tow-Vehicle.eps | Original EPS/Symbol/SV35-Tow-Vehicle-no-labels.gif
Symbol,1007,none,SG30,none,tsunami evacuation route,17 February 2017,,a : 300 b : 300 Sign Size : 300,Symbol : blue and white,https://www.nzta.govt.nz/assets/resources/traffic-control-devices-manual/sign-specifications/images/SG30-Tsunami-Evacuation-Route.eps | https://www.nzta.govt.nz/assets/resources/traffic-control-devices-manual/sign-specifications/images/SG30-Tsunami-Evacuation-Route-no-labels.gif,Original EPS/Symbol/SG30-Tsunami-Evacuation-Route.eps | Original EPS/Symbol/SG30-Tsunami-Evacuation-Route-no-labels.gif
Symbol,1002,none,SF22,none,wild animal - seals,17 February 2017,,a : 510 b : 320 Sign Size : 510x320,Symbol: black,https://www.nzta.govt.nz/assets/resources/traffic-control-devices-manual/sign-specifications/images/SF22-Wild-Animals-Seals.eps | https://www.nzta.govt.nz/assets/resources/traffic-control-devices-manual/sign-specifications/images/SF22-Wild-Animals-Seals-no-labels.gif,Original EPS/Symbol/SF22-Wild-Animals-Seals.eps | Original EPS/Symbol/SF22-Wild-Animals-Seals-no-labels.gif
Symbol,1022,none,SM24,none,youth hostel,17 February 2017,,Rectangle Chevron Width 640 1800 Height 1000 450 r 50 50 Border 25 25 Youth Hostel text Transport D Med x=75 'm' Transport D Med x=75 Numeral 120D space between lines of text 50 70 space above and below symbol 70 symbol 480 x 320 360 x 240 legend & Symbol : white,,https://www.nzta.govt.nz/assets/resources/traffic-control-devices-manual/sign-specifications/images/SM24-Youth-Hostel.eps | https://www.nzta.govt.nz/assets/resources/traffic-control-devices-manual/sign-specifications/images/SM24-Youth-Hostel.gif,Original EPS/Symbol/SM24-Youth-Hostel.eps
Parking,880,R6-53.3 (Components: R6-2C-Tour Coaches Only),PPS2,none,"""Class restricted bus parking class supplementary ""Tour Coaches Only"""" — sign",16 December 2016,,a : 300 b : 125 r : 15 c : 10 d : 15 Legend : Transport D Medium `x` height 20mm (Horizontal scale = 85%),Legend and border : reflectorised white Background : reflectorised blue,https://www.nzta.govt.nz/assets/resources/traffic-control-devices-manual/sign-specifications/images/PPS2-Bus-Parking-Class-Supp-Tour-Coaches-Only.eps | https://www.nzta.govt.nz/assets/resources/traffic-control-devices-manual/sign-specifications/images/PPS2-Bus-Parking-Class-Tour-Coaches-nolabels.gif,Original EPS/Parking/PPS2-Bus-Parking-Class-Supp-Tour-Coaches-Only.eps | Original EPS/Parking/PPS2-Bus-Parking-Class-Tour-Coaches-nolabels.gif
Parking,878,R6 (components: R6-1B-2B-3-4),P23,None,"""No parking Bus Stop with arrow pointing left"" — sign",3 December 2024,,Symbol and Height : S33 150mm r : 30 h arrow width x height : 200 x 45 f : 5 e : 10 d : 20 c : 100 b : 580 a : 300 Legend : Transport D Medium `x` height 27.5 mm (Horizontal scale 85%),"No Parking symbol : reflectorised red border and bar with black `P` Border, legend and bus symbol : reflectorised red Background : reflectorised white",https://www.nzta.govt.nz/assets/resources/traffic-control-devices-manual/sign-specifications/images/P23-Bus-stop-specified-days-arrow-left.eps | https://www.nzta.govt.nz/assets/resources/traffic-control-devices-manual/sign-specifications/images/P23-Bus-stop-specified-days-arrow-left-nolabels.gif,Original EPS/Parking/P23-Bus-stop-specified-days-arrow-left.eps | Original EPS/Parking/P23-Bus-stop-specified-days-arrow-left-nolabels.gif
Parking,877,R6 (Components R6-1B-2B-3-4),P23,none,"""No parking Bus Stop, specified days, arrow pointing right"" — sign",3 December 2024,,Symbol and Height : S33 150mm r : 30 h arrow width x height : 200 x 45 f : 5 e : 10 d : 20 c : 100 b : 580 a : 300 Legend : Transport D Medium `x` height 27.5 mm (Horizontal scale 85%),"No Parking symbol reflectorised red border and bar with black `P` Border, legend and bus symbol reflectorised red Background reflectorised white",https://www.nzta.govt.nz/assets/resources/traffic-control-devices-manual/sign-specifications/images/P23-Bus-stop-specified-days-arrow-right.eps | https://www.nzta.govt.nz/assets/resources/traffic-control-devices-manual/sign-specifications/images/P23-Bus-stop-specified-days-arrow-right-nolabels.gif,Original EPS/Parking/P23-Bus-stop-specified-days-arrow-right.eps | Original EPS/Parking/P23-Bus-stop-specified-days-arrow-right-nolabels.gif
Parking,879,R6 (Components: R6-1B-2B-3-4),P23,none,"""No parking Bus Stop, specified days, double arrow"" — sign",3 December 2024,,Symbol and Height : S33 150mm r : 30 h arrow width x height : 200 x 45 f : 5 e : 10 d : 20 c : 100 b : 580 a : 300 Legend : Transport D Medium `x` height 27.5 mm (Horizontal scale 85%),"No Parking symbol : reflectorised red border and bar with black `P` Border, legend and bus symbol : reflectorised red Background : reflectorised white",https://www.nzta.govt.nz/assets/resources/traffic-control-devices-manual/sign-specifications/images/P23-Bus-stop-specified-days-double-arrow.eps | https://www.nzta.govt.nz/assets/resources/traffic-control-devices-manual/sign-specifications/images/P23-Bus-stop-specified-days-double-arrow-nolabels.gif,Original EPS/Parking/P23-Bus-stop-specified-days-double-arrow.eps | Original EPS/Parking/P23-Bus-stop-specified-days-double-arrow-nolabels.gif
Parking,876,R6-12.5 (Components: R6-2A-4),PCS2,none,Clearway ENDS,26 January 2017,,a : 675 b : 300 r : 30 c : 10 d : 15 e : 38 Letters : 75D,Border : reflectorised red Background : reflectorised white Legend : black,https://www.nzta.govt.nz/assets/resources/traffic-control-devices-manual/sign-specifications/images/PCS2-Clearway-Ends.eps | https://www.nzta.govt.nz/assets/resources/traffic-control-devices-manual/sign-specifications/images/PCS2-Clearway-Ends-nolabels.gif,Original EPS/Parking/PCS2-Clearway-Ends.eps | Original EPS/Parking/PCS2-Clearway-Ends-nolabels.gif
Parking,1075,R6-5.1,PPS5,None,Pay Parking area identification supplementary - sign (location code for technology based system for paying parking fees),14 September 2016,,"a: 300 Note 1 b: 200 Note 1 r: 25 c: 10 ""Area code"" or similar text: Transport Medium 'x' height 25mm Code letters or numerals: 60C (compressed if necessary) Symbols: A symbol and its background up to a maximum size of 180 x 180mm may be displayed on the sign Note 1: Sign dimensions may be increased to accommodate the legend or to match the sign it is supplementing",Background: Blue (may be reflectorised) Legend and border: White (may be reflectorised) Symbols: Symbols and their backgrounds may be displayed in their original colours,https://www.nzta.govt.nz/assets/resources/traffic-control-devices-manual/sign-specifications/images/PPS5-Parking-Sign-6-Digit-Final3.eps | https://www.nzta.govt.nz/assets/resources/traffic-control-devices-manual/sign-specifications/images/PPS5-Parking-Sign-6-Digit-Final-no-labels2.gif,Original EPS/Parking/PPS5-Parking-Sign-6-Digit-Final3.eps | Original EPS/Parking/PPS5-Parking-Sign-6-Digit-Final-no-labels2.gif
Parking,890,none (Components: R6-1C.2-1T.2-3-3-4),PZ23,none,e.g. P / 120 / 9am – 4pm / Mon – Fri / ZONE,26 January 2017,,a 300 b 450 r 20 c 10 d 50 e 20 Type P 100E Numerals 75D Legend 9am - 4pm and Mon - Fri Transport medium `x` height 25 mm Type ZONE Transport medium `x` height 50 mm,Background: Blue Legend and Border Reflectorised white,https://www.nzta.govt.nz/assets/resources/traffic-control-devices-manual/sign-specifications/images/PZ23-P-120-9-4-Mon-Fri-Zone.eps | https://www.nzta.govt.nz/assets/resources/traffic-control-devices-manual/sign-specifications/images/PZ23-P-120-9-4-Mon-Fri-Zone-nolabels.gif,Original EPS/Parking/PZ23-P-120-9-4-Mon-Fri-Zone.eps | Original EPS/Parking/PZ23-P-120-9-4-Mon-Fri-Zone-nolabels.gif
Parking,889,none (Components: R6-1C.2-1T.2-4-4),PZ22,none,e.g. P / 120 / ZONE / ENDS,26 January 2017,,a 300 b 430 r 20 c 10 d 50 Type P 100E Numerals 75D Type ZONE and ENDS Transport medium `x` height 50 mm,Background: Blue Legend and Border Reflectorised white,https://www.nzta.govt.nz/assets/resources/traffic-control-devices-manual/sign-specifications/images/PZ22-P-120-Zone-Ends.eps | https://www.nzta.govt.nz/assets/resources/traffic-control-devices-manual/sign-specifications/images/PZ22-P-120-Zone-Ends-nolabels.gif,Original EPS/Parking/PZ22-P-120-Zone-Ends.eps | Original EPS/Parking/PZ22-P-120-Zone-Ends-nolabels.gif
Parking,888,none (Components: R6-1C.2-1T.2-3-4),PZ22,none,e.g. P / 60 / Mon – Fri / ZONE,26 January 2017,,a 400 b 450 r 50 c 10 d 60 Type P 100E Numerals 75D Legend Mon - Fri Transport medium `x` height 25 mm Type ZONE Transport medium `x` height 50 mm,Background: Blue Legend and Border Reflectorised white,https://www.nzta.govt.nz/assets/resources/traffic-control-devices-manual/sign-specifications/images/PZ22-P-60-Mon-Fri-Zone.eps | https://www.nzta.govt.nz/assets/resources/traffic-control-devices-manual/sign-specifications/images/PZ22-P-60-Mon-Fri-Zone-nolabels.gif,Original EPS/Parking/PZ22-P-60-Mon-Fri-Zone.eps | Original EPS/Parking/PZ22-P-60-Mon-Fri-Zone-nolabels.gif
Parking,887,none (Components: R6-1C.2-4),PZ21,none,e.g. P / 60 / ZONE,26 January 2017,,a 400 b 450 r 50 c 10 d 150 Type P 100E Numerals 75D Type ZONE Transport medium `x` height 50 mm,Background: Blue Legend and Border Reflectorised white,https://www.nzta.govt.nz/assets/resources/traffic-control-devices-manual/sign-specifications/images/PZ21-P-60-Zone.eps | https://www.nzta.govt.nz/assets/resources/traffic-control-devices-manual/sign-specifications/images/PZ21-P-60-Zone-nolabels.gif,Original EPS/Parking/PZ21-P-60-Zone.eps | Original EPS/Parking/PZ21-P-60-Zone-nolabels.gif
Parking,886,R6 (Components: R6-1C-2C-4-4),PZ15,none,e.g. P / Resident / Permit / Parking / ZONE / BEGINS,3 December 2024,,a 750 b 840 r 50 c 30 d 60 e 30 Type P 100E Legend Resident Permit Parking NZ transport medium `x` height 50 mm Type ZONE and BEGINS Transport medium `x` height 50 mm,Background: Blue Legend and Border Reflectorised white,https://www.nzta.govt.nz/assets/resources/traffic-control-devices-manual/sign-specifications/images/PZ15-P-Resident-Permit-Parking-Zone-Begins.eps | https://www.nzta.govt.nz/assets/resources/traffic-control-devices-manual/sign-specifications/images/PZ15-P-Resident-Permit-Parking-Zone-Begins-nolabels.gif,Original EPS/Parking/PZ15-P-Resident-Permit-Parking-Zone-Begins.eps | Original EPS/Parking/PZ15-P-Resident-Permit-Parking-Zone-Begins-nolabels.gif
Parking,885,R6-58,PZ14,None,e.g. P / Resident / Permit / Parking /ZONE,3 December 2024,,a 750 b 840 r : 50 c 30 d 100 e 50 Type P 100E Legend Resident Permit Parking NZ transport medium `x` height 50 mm Type ZONE Transport medium `x` height 50 mm,Background: Blue Legend and Border Reflectorised white,https://www.nzta.govt.nz/assets/resources/traffic-control-devices-manual/sign-specifications/images/PZ14-P-Resident-Permit-Parking-Zone.eps | https://www.nzta.govt.nz/assets/resources/traffic-control-devices-manual/sign-specifications/images/PZ14-P-Resident-Permit-Parking-Zone-nolabels.gif,Original EPS/Parking/PZ14-P-Resident-Permit-Parking-Zone.eps | Original EPS/Parking/PZ14-P-Resident-Permit-Parking-Zone-nolabels.gif
Parking,882,none (Components: R6-1C.1-1T.2-4),PZ12,none,e.g. P 120 / Mon - Fri / ZONE,16 December 2016,,a 300 b 430 r 20 c 10 d 60 Type P 100E Legend Mon - Fri Transport medium `x` height 25 mm Type ZONE Transport medium `x` height 50 mm Numerals 75D,Background: Blue Legend and Border Reflectorised white,https://www.nzta.govt.nz/assets/resources/traffic-control-devices-manual/sign-specifications/images/PZ12-P-120-Mon-Fri-Zone.eps | https://www.nzta.govt.nz/assets/resources/traffic-control-devices-manual/sign-specifications/images/PZ12-P-120-Mon-Fri-Zone-nolabels.gif,Original EPS/Parking/PZ12-P-120-Mon-Fri-Zone.eps | Original EPS/Parking/PZ12-P-120-Mon-Fri-Zone-nolabels.gif
Parking,884,none (Components: R6-1C.1-1T.2-4-4),PZ13,none,e.g. P 120 / Mon – Fri / ZONE /BEGINS,16 December 2016,,a 500 b 500 r 20 c 10 d 50 Type P 100E Numerals 75D Legend Mon - Fri Transport medium `x` height 25 mm Type ZONE and BEGINS Transport medium `x` height 50 mm,Background: Blue Legend and Border Reflectorised white,https://www.nzta.govt.nz/assets/resources/traffic-control-devices-manual/sign-specifications/images/PZ13-P-120-Mon-Fri-Zone-Begins.eps | https://www.nzta.govt.nz/assets/resources/traffic-control-devices-manual/sign-specifications/images/PZ13-P-120-Mon-Fri-Zone-Begins-nolabels.gif,Original EPS/Parking/PZ13-P-120-Mon-Fri-Zone-Begins.eps | Original EPS/Parking/PZ13-P-120-Mon-Fri-Zone-Begins-nolabels.gif
Parking,883,none (Components: R6-1D.1-4-4),PZ12,none,e.g. P$ / ZONE / ENDS,24 January 2020,,a 300 b 450 r 20 c 10 d 50 Type P 100E Type $ Transport medium `x` height 58 mm Type ZONE ENDS Transport medium `x` height 50 mm,Background: Blue Legend and Border Reflectorised white,https://www.nzta.govt.nz/assets/resources/traffic-control-devices-manual/sign-specifications/images/PZ12-P-Zone-Ends.eps | https://www.nzta.govt.nz/assets/resources/traffic-control-devices-manual/sign-specifications/images/PZ12-P-Zone-Ends-nolabels.gif,Original EPS/Parking/PZ12-P-Zone-Ends.eps | Original EPS/Parking/PZ12-P-Zone-Ends-nolabels.gif
Parking,881,none (Components: R6-1D.1-1T.2-4),PZ11,none,"e.g. P$ / ZONE, P60 / ZONE",16 December 2016,,a 300 b 430 r 20 c 10 d 40 Type P 100E Type $ Transport medium `x` height 58 mm Numerals 75D Type ZONE Transport medium `x` height 50 mm,Background: Blue Legend and Border Reflectorised white,https://www.nzta.govt.nz/assets/resources/traffic-control-devices-manual/sign-specifications/images/PZ11-P-Zone-P60-Zone.eps | https://www.nzta.govt.nz/assets/resources/traffic-control-devices-manual/sign-specifications/images/PZ11-P-Zone-P60-Zone-no-labels.gif,Original EPS/Parking/PZ11-P-Zone-P60-Zone.eps | Original EPS/Parking/PZ11-P-Zone-P60-Zone-no-labels.gif
General advisory,1162,A42-6,AB4,None,Advance advisory Bus and EV Only,17 August 2017,,a: 600mm 900mm b: 750mm 1200mm c: 10mm 10mm d: 15mm 25mm Radius: 50mm 60mm Bus: 465 x 160mm 700 x 240mm “EV”: 120mm Series E 180mm Series E “ONLY”: 120mm Series D 180mm Series D,Background Reflectorised White Border Black Legend Black,https://www.nzta.govt.nz/assets/resources/traffic-control-devices-manual/sign-specifications/images/AB4-Advance-advisory-Bus-and-EV-Only.eps | https://www.nzta.govt.nz/assets/resources/traffic-control-devices-manual/sign-specifications/images/AB4-Advance-advisory-Bus-and-EV-Only-nolabels.gif,Original EPS/General advisory/AB4-Advance-advisory-Bus-and-EV-Only.eps | Original EPS/General advisory/AB4-Advance-advisory-Bus-and-EV-Only-nolabels.gif
General advisory,1157,A42-6,AB4,None,Advance advisory T2 HV EV lane,17 August 2017,,a: 600mm 900mm b: 1000mm 1500mm c: 10mm 10mm d: 15mm 25mm Radius: 50mm 60mm Barrel: 195 x 130mm 293 x 195mm Car: 175 x 150mm 263 x 225mm Truck: 320 x 160mm 480 x 240mm “Transit”: 80mm Series E “TRANSIT” compressed 11.5% 120mm Series E “TRANSIT” compressed 10.5% “3.5 t” 60mm Series D 90mm Series D “EV”: 120mm Series E 180mm Series E “Lane”: 120mm Series D 180mm Series D Note This sign must be insta,Background: Reflectorised white Border: Black Text and symbols Black ‘T2’ and ‘3.5 t’ Reflectorised white,https://www.nzta.govt.nz/assets/resources/traffic-control-devices-manual/sign-specifications/images/AB4-Advance-advisory-T2-HV-EV-lane.eps | https://www.nzta.govt.nz/assets/resources/traffic-control-devices-manual/sign-specifications/images/AB4-Advance-advisory-T2-HV-EV-lane-nolabels.gif,Original EPS/General advisory/AB4-Advance-advisory-T2-HV-EV-lane.eps | Original EPS/General advisory/AB4-Advance-advisory-T2-HV-EV-lane-nolabels.gif
General advisory,1158,A42-6,AB4,None,Advance advisory T3 HV EV lane,17 August 2017,,a: 600mm 900mm b: 1000mm 1500mm c: 10mm 10mm d: 15mm 25mm Radius: 50mm 60mm Barrel: 195 x 130mm 293 x 195mm Car: 175 x 150mm 263 x 225mm Truck: 320 x 160mm 480 x 240mm “Transit”: 80mm Series E “TRANSIT” compressed 11.5% 120mm Series E “TRANSIT” compressed 10.5% “3.5 t” 60mm Series D 90mm Series D “EV”: 120mm Series E 180mm Series E “Lane”: 120mm Series D 180mm Series D Note This sign must be insta,Background: Reflectorised white Border: Black Text and symbols Black ‘T3’ and ‘3.5 t’ Reflectorised white,https://www.nzta.govt.nz/assets/resources/traffic-control-devices-manual/sign-specifications/images/AB4-Advance-advisory-T3-HV-EV-lane.eps | https://www.nzta.govt.nz/assets/resources/traffic-control-devices-manual/sign-specifications/images/AB4-Advance-advisory-T3-HV-EV-lane-nolabels.gif,Original EPS/General advisory/AB4-Advance-advisory-T3-HV-EV-lane.eps | Original EPS/General advisory/AB4-Advance-advisory-T3-HV-EV-lane-nolabels.gif
General advisory,1160,A42-6.2,AB42,None,Advance advisory special vehicle lane supplementary – Ahead,17 August 2017,,a: 600mm 900mm b: 250mm 300mm c: 10mm 10mm d: 15mm 25mm Radius: 50mm 60mm “AHEAD”: 100mm Series D 150mm Series D,Background Reflectorised White Border Black Legend Black,https://www.nzta.govt.nz/assets/resources/traffic-control-devices-manual/sign-specifications/images/AB42-Advance-advisory-special-vehicle-lane-supplementary-Ahead.eps | https://www.nzta.govt.nz/assets/resources/traffic-control-devices-manual/sign-specifications/images/AB42-Advance-advisory-special-vehicle-lane-supplementary-Ahead-nolabels.gif,Original EPS/General advisory/AB42-Advance-advisory-special-vehicle-lane-supplementary-Ahead.eps | Original EPS/General advisory/AB42-Advance-advisory-special-vehicle-lane-supplementary-Ahead-nolabels.gif
General advisory,1161,A42-6.3,AB43,None,Advance advisory special vehicle lane supplementary – On-ramp,17 August 2017,,a: 600mm 900mm b: 250mm 300mm c: 10mm 10mm d: 15mm 25mm Radius: 50mm 60mm “ON-RAMP”: 100mm Series C 150mm Series C,Background Reflectorised White Border Black Legend Black,https://www.nzta.govt.nz/assets/resources/traffic-control-devices-manual/sign-specifications/images/AB43-Advance-advisory-special-vehicle-lane-supplementary-On-ramp.eps | https://www.nzta.govt.nz/assets/resources/traffic-control-devices-manual/sign-specifications/images/AB43-Advance-advisory-special-vehicle-lane-supplementary-On-ramp-nolabels.gif,Original EPS/General advisory/AB43-Advance-advisory-special-vehicle-lane-supplementary-On-ramp.eps | Original EPS/General advisory/AB43-Advance-advisory-special-vehicle-lane-supplementary-On-ramp-nolabels.gif
General advisory,1159,A42-6.1,AB41,None,Advance advisory special vehicle lane supplementary – [distance] m,17 August 2017,,a: 600mm 900mm b: 250mm 300mm c: 10mm 10mm d: 15mm 25mm Radius: 50mm 60mm Numerals: 100mm Series D 150mm Series D m: Tpt Med ‘x’ height 70 mm Tpt Med ‘x’ height 100 mm,Background Reflectorised White Border Black Legend Black,https://www.nzta.govt.nz/assets/resources/traffic-control-devices-manual/sign-specifications/images/AB41-Advance-advisory-special-vehicle-lane-supplementary-distance-m.eps | https://www.nzta.govt.nz/assets/resources/traffic-control-devices-manual/sign-specifications/images/AB41-Advance-advisory-special-vehicle-lane-supplementary-distance-m-nolabels.gif,Original EPS/General advisory/AB41-Advance-advisory-special-vehicle-lane-supplementary-distance-m.eps | Original EPS/General advisory/AB41-Advance-advisory-special-vehicle-lane-supplementary-distance-m-nolabels.gif
General advisory,1258,A52-1,AB7,None,Average Speed Camera Area,19 November 2024,,Urban Rural a: 750 1050 b: 1650 2100 c: 510 645 d: 500 640 e: 62.5 85 f: 20 25 g: 25 35 h: 125 150 r: 60 60 Legend Series C125 Series C160,Border: black Background: White (R) Legend: black Symbol: black,https://www.nzta.govt.nz/assets/resources/traffic-control-devices-manual/sign-specifications/images/A52-1-Average-Speed-Camera-Area-C125.eps | https://www.nzta.govt.nz/assets/resources/traffic-control-devices-manual/sign-specifications/images/A52-1-Average-Speed-Camera-Area-C125.png,Original EPS/General advisory/A52-1-Average-Speed-Camera-Area-C125.eps
General advisory,897,A41-2,AME,E1-33,Expressway,25 January 2017,,a 1350 b 450 r 60 c 20 Legend Letters 150C,Background: Green or blue (R) Border: white (R) Legend: white (R),https://www.nzta.govt.nz/assets/resources/traffic-control-devices-manual/sign-specifications/images/AME-Expressway.eps | https://www.nzta.govt.nz/assets/resources/traffic-control-devices-manual/sign-specifications/images/AME-Expressway-nolabels.gif,Original EPS/General advisory/AME-Expressway.eps | Original EPS/General advisory/AME-Expressway-nolabels.gif
General advisory,898,A41-2.1,AME1,E1-30,Expressway Begins,25 January 2017,,a 2760 b 1200 r 150 c 50 d 200 Legend Letters 250D,Background: Green or blue (R) Border: white (R) Legend: white (R),https://www.nzta.govt.nz/assets/resources/traffic-control-devices-manual/sign-specifications/images/AME1-Expressway-Begins.eps | https://www.nzta.govt.nz/assets/resources/traffic-control-devices-manual/sign-specifications/images/AME1-Expressway-Begins-nolabels.gif,Original EPS/General advisory/AME1-Expressway-Begins.eps | Original EPS/General advisory/AME1-Expressway-Begins-nolabels.gif
General advisory,901,A41-2.3B,AME4,E1-34,Expressway Ends - on off-ramp/side road,25 January 2017,,a 990 b 600 r 75 c 20 d 90 e 120 f 100 Legend 1ST LINE 100C Legend 2ND LINE 150C,Background: Green or blue (R) Border: white (R) Legend: white (R),https://www.nzta.govt.nz/assets/resources/traffic-control-devices-manual/sign-specifications/images/AME4-Expressway-Ends-on-off-ramp.eps | https://www.nzta.govt.nz/assets/resources/traffic-control-devices-manual/sign-specifications/images/AME4-Expressway-Ends-on-off-ramp-nolabels.gif,Original EPS/General advisory/AME4-Expressway-Ends-on-off-ramp.eps | Original EPS/General advisory/AME4-Expressway-Ends-on-off-ramp-nolabels.gif
General advisory,900,A41-2.3A,AME3,E1-32,Expressway Ends [xx] m,25 January 2017,,a 2760 b 1200 r 150 c 50 d 200 Legend Letters 250D,Background: Green or blue (R) Border: white (R) Legend: white (R),https://www.nzta.govt.nz/assets/resources/traffic-control-devices-manual/sign-specifications/images/AME3-Expressway-Ends-on-main-road.eps | https://www.nzta.govt.nz/assets/resources/traffic-control-devices-manual/sign-specifications/images/AME3-Expressway-Ends-on-main-road-nolabels.gif,Original EPS/General advisory/AME3-Expressway-Ends-on-main-road.eps | Original EPS/General advisory/AME3-Expressway-Ends-on-main-road-nolabels.gif
General advisory,899,A41-2.2,AME2,E1-31,Expressway Ends [xx] m,25 January 2017,,a 2760 b 1200 r 150 c 50 d 200 e 155 Legend Letters 250D Legend 'm' Transport D Medium x=160,Background: Green or blue (R) Border: white (R) Legend: white (R),https://www.nzta.govt.nz/assets/resources/traffic-control-devices-manual/sign-specifications/images/AME2-Expressway-Ends-XX-m.eps | https://www.nzta.govt.nz/assets/resources/traffic-control-devices-manual/sign-specifications/images/AME2-Expressway-Ends-XX-m-nolabels.gif,Original EPS/General advisory/AME2-Expressway-Ends-XX-m.eps | Original EPS/General advisory/AME2-Expressway-Ends-XX-m-nolabels.gif
General advisory,891,A40-5,none,none,Feeling Sleepy? Take a break,25 January 2017,,a 1680 b 535 r 100 c 25 d 36 Legend 1st line Transport D Med x height = 85 Legend 2nd line 140D,Background: Blue (R) Border: white (R) Legend: white (R),https://www.nzta.govt.nz/assets/resources/traffic-control-devices-manual/sign-specifications/images/Feeling-Sleepy.eps | https://www.nzta.govt.nz/assets/resources/traffic-control-devices-manual/sign-specifications/images/Feeling-Sleepy-nolabels.gif,Original EPS/General advisory/Feeling-Sleepy.eps | Original EPS/General advisory/Feeling-Sleepy-nolabels.gif
General advisory,1236,A45-6,AH31,none,Heavy vehicle bridge restriction ahead ‘[distance]’ km,11 October 2023,,"a: 900 b: 750 r: 60 c: 50 d: 25 e: 10 Type LINE 1, 2 and 3 100B Type LINE 4 'Ahead' 75D Type LINE 4 Numerals 75D Type LINE 4 'km' Transport Med (x height = 50)",Legend: black Background: white (R) Border: black,https://www.nzta.govt.nz/assets/resources/traffic-control-devices-manual/sign-specifications/images/A45-6-Heavy-Vehicle-Bridge-Restriction-Ahead-v4.eps | https://www.nzta.govt.nz/assets/resources/traffic-control-devices-manual/sign-specifications/images/A45-6-Heavy-Vehicle-Bridge-Restriction-Ahead-non-labelled-v4.gif,Original EPS/General advisory/A45-6-Heavy-Vehicle-Bridge-Restriction-Ahead-v4.eps
General advisory,892,A41-1,AMM,M1-33,Motorway,25 January 2017,,a 1180 b 450 r 60 c 20 Legend 150C,Background: Green (R) Border: white (R) Legend: white (R),https://www.nzta.govt.nz/assets/resources/traffic-control-devices-manual/sign-specifications/images/AMM-Motorway.eps | https://www.nzta.govt.nz/assets/resources/traffic-control-devices-manual/sign-specifications/images/AMM-Motorway-no-labels.gif,Original EPS/General advisory/AMM-Motorway.eps | Original EPS/General advisory/AMM-Motorway-no-labels.gif
General advisory,893,A41-1.1,AMM1,M1-30,Motorway Begins,25 January 2017,,a 2400 b 1200 r 150 c 50 d 200 Legend 250D,Background: Green (R) Border: white (R) Legend: white (R),https://www.nzta.govt.nz/assets/resources/traffic-control-devices-manual/sign-specifications/images/AMM1-Motorway-Begins.eps | https://www.nzta.govt.nz/assets/resources/traffic-control-devices-manual/sign-specifications/images/AMM1-Motorway-Begins-nolabels.gif,Original EPS/General advisory/AMM1-Motorway-Begins.eps | Original EPS/General advisory/AMM1-Motorway-Begins-nolabels.gif
General advisory,895,A41-1.3A,AMM3,M1-32,Motorway Ends - on main road,25 January 2017,,a 2400 b 1200 r 150 c 50 d 200 Legend Letters 250D,Background: Green (R) Border: white (R) Legend: white (R),https://www.nzta.govt.nz/assets/resources/traffic-control-devices-manual/sign-specifications/images/AMM3-Motorway-Ends-on-main-road.eps | https://www.nzta.govt.nz/assets/resources/traffic-control-devices-manual/sign-specifications/images/AMM3-Motorway-Ends-on-main-road-nolabels.gif,Original EPS/General advisory/AMM3-Motorway-Ends-on-main-road.eps | Original EPS/General advisory/AMM3-Motorway-Ends-on-main-road-nolabels.gif
General advisory,896,A41-1.3B,AMM4,M1-34,Motorway ends - on off-ramp,25 January 2017,,a 890 b 600 r 75 c 20 d 90 e 120 f 100 Legend 1ST LINE 100C Legend 2ND LINE 150C,Background: Green (R) Border: white (R) Legend: white (R),https://www.nzta.govt.nz/assets/resources/traffic-control-devices-manual/sign-specifications/images/AMM4-Motorway-Ends-on-off-ramp.eps | https://www.nzta.govt.nz/assets/resources/traffic-control-devices-manual/sign-specifications/images/AMM4-Motorway-Ends-on-off-ramp-nolabels.gif,Original EPS/General advisory/AMM4-Motorway-Ends-on-off-ramp.eps | Original EPS/General advisory/AMM4-Motorway-Ends-on-off-ramp-nolabels.gif
General advisory,894,A41-1.2,AMM2,M1-31,Motorway ends [xx] m,25 January 2017,,a 2600 b 1200 r 150 c 50 d 200 e 155 Legend Letters 250D Legend 'm' Transport D Medium x=160,Background: Green (R) Border: white (R) Legend: white (R),https://www.nzta.govt.nz/assets/resources/traffic-control-devices-manual/sign-specifications/images/AMM2-Motorway-Ends-XX-m.eps | https://www.nzta.govt.nz/assets/resources/traffic-control-devices-manual/sign-specifications/images/AMM2-Motorway-Ends-XX-m-nolabels.gif,Original EPS/General advisory/AMM2-Motorway-Ends-XX-m.eps | Original EPS/General advisory/AMM2-Motorway-Ends-XX-m-nolabels.gif
General advisory,751,None,None,None,NAMED' Toll Road Ahead,25 January 2017,,a 2755 b 3285 r 300 c 60 d 225 e 240 Legend font Mod Series E 300 Legend font 'km AHEAD' Mod Series E 225 Numerals Mod Series E 300 Symbol 'TOLL' shield 585,Background: blue (R) Border: yellow (R) Legend: yellow (R),https://www.nzta.govt.nz/assets/resources/traffic-control-devices-manual/sign-specifications/images/TOLL-Named-Toll-Road-Ahead.eps | https://www.nzta.govt.nz/assets/resources/traffic-control-devices-manual/sign-specifications/images/TOLL-Named-Toll-Road-Ahead-nolabels.gif,Original EPS/General advisory/TOLL-Named-Toll-Road-Ahead.eps | Original EPS/General advisory/TOLL-Named-Toll-Road-Ahead-nolabels.gif
General advisory,780,A43-4.1,none,none,NZ Cycle Trail (NZCT) logo,12 January 2017,,a 200 300 b 108 150 Legend Panel A: Legend symbol cycle w x h 86x77 133x120 Legend 'Nga Haeranga' w x h 84x14.2 126x21,"Background: Panel A Black, Panel B white Legend white (R) and black PMS 186 or CMYK 0 100 100 15 Border none",https://www.nzta.govt.nz/assets/resources/traffic-control-devices-manual/sign-specifications/images/A43-NZCT-Logo.eps | https://www.nzta.govt.nz/assets/resources/traffic-control-devices-manual/sign-specifications/images/A43-NZCT-Logo-nolabels.gif,Original EPS/General advisory/A43-NZCT-Logo.eps | Original EPS/General advisory/A43-NZCT-Logo-nolabels.gif
General advisory,782,A43-4.3,none,none,NZ Cycle Trail (NZCT) route arrow,12 January 2017,,"a 300 b Height to fit message r 20 c 10 d 12 e : Legend arrow type B, shaft 38 f : Legend arrow width 167 Legend symbol 200x180 Legend Text description Series Modified E 25",Background: white (R) Legend white (R) and red (R) and black PMS 186 or CMYK 0 100 100 15 Border black,https://www.nzta.govt.nz/assets/resources/traffic-control-devices-manual/sign-specifications/images/A43-NZCT-Route-Arrow-+-Destination.eps | https://www.nzta.govt.nz/assets/resources/traffic-control-devices-manual/sign-specifications/images/A43-NZCT-Route-Arrow-+-Destination-nolabels.gif,Original EPS/General advisory/A43-NZCT-Route-Arrow-+-Destination.eps | Original EPS/General advisory/A43-NZCT-Route-Arrow-+-Destination-nolabels.gif
General advisory,781,A43-4.2,none,none,NZ Cycle Trail (NZCT) route arrow,12 January 2017,,"a 200 b 300 r 20 c 10 d : Legend arrow type B, shaft 30 e : Legend arrow width 132 Legend symbol 140x126",Background: white (R) Legend white (R) and red (R) and black PMS 186 or CMYK 0 100 100 15 Border black,https://www.nzta.govt.nz/assets/resources/traffic-control-devices-manual/sign-specifications/images/A43-NZCT-Route-Arrow.eps | https://www.nzta.govt.nz/assets/resources/traffic-control-devices-manual/sign-specifications/images/A43-NZCT-Route-Arrow-nolabels.gif,Original EPS/General advisory/A43-NZCT-Route-Arrow.eps | Original EPS/General advisory/A43-NZCT-Route-Arrow-nolabels.gif
General advisory,783,A43-4.4,none,none,NZ Cycle Trail (NZCT) route begins/ends,12 January 2017,,Legend symbol 200x100 300x150 Legend Text description Series Modified E 25 Series Modified E 25 Legend 'Cycle Trail' Series Modified E 25 Series Modified E 25 Legend 'BEGINS' 'ENDS' Series Modified E 25 Series Modified E 25,Background: white (R) Legend white (R) and red (R) and black PMS 186 or CMYK 0 100 100 15 Border black,https://www.nzta.govt.nz/assets/resources/traffic-control-devices-manual/sign-specifications/images/A43-NZCT-Route-Begins-Ends.eps | https://www.nzta.govt.nz/assets/resources/traffic-control-devices-manual/sign-specifications/images/A43-NZCT-Route-Begins-Ends-nolabels.gif,Original EPS/General advisory/A43-NZCT-Route-Begins-Ends.eps | Original EPS/General advisory/A43-NZCT-Route-Begins-Ends-nolabels.gif
General advisory,908,none,AME5,none,Named Expressway Begins.eps,19 December 2016,,a 2765 b 1650 r 150 c 50 d 200 Legend Letters 250D,Background: Green (R) Border: white (R) Legend: white (R),https://www.nzta.govt.nz/assets/resources/traffic-control-devices-manual/sign-specifications/images/AME5-Named-Expressway-Begins.eps | https://www.nzta.govt.nz/assets/resources/traffic-control-devices-manual/sign-specifications/images/AME5-Named-Expressway-Begins-nolabels.gif,Original EPS/General advisory/AME5-Named-Expressway-Begins.eps | Original EPS/General advisory/AME5-Named-Expressway-Begins-nolabels.gif
General advisory,910,none,AME7,none,Named Expressway Ends - on main road.eps,19 December 2016,,a 2765 b 1650 r 150 c 50 d 200 Legend Letters 250D,Background: Green (R) Border: white (R) Legend: white (R),https://www.nzta.govt.nz/assets/resources/traffic-control-devices-manual/sign-specifications/images/AME7-Named-Expressway-Ends-on-main-road.eps | https://www.nzta.govt.nz/assets/resources/traffic-control-devices-manual/sign-specifications/images/AME7-Named-Expressway-Ends-on-main-road-nolabels.gif,Original EPS/General advisory/AME7-Named-Expressway-Ends-on-main-road.eps | Original EPS/General advisory/AME7-Named-Expressway-Ends-on-main-road-nolabels.gif
General advisory,911,none,AME8,none,Named Expressway Ends - on off-ramp/side road.eps,19 December 2016,,a 900 b 600 r 50 c 20 d 52.5 Legend LINE 1 & 2 100C Legend 2ND LINE 150C,Background: Green (R) Border: white (R) Legend: white (R),https://www.nzta.govt.nz/assets/resources/traffic-control-devices-manual/sign-specifications/images/AME8-Named-Expressway-Ends-on-off-ramp.eps | https://www.nzta.govt.nz/assets/resources/traffic-control-devices-manual/sign-specifications/images/AME8-Named-Expressway-Ends-on-off-ramp-nolabels.gif,Original EPS/General advisory/AME8-Named-Expressway-Ends-on-off-ramp.eps | Original EPS/General advisory/AME8-Named-Expressway-Ends-on-off-ramp-nolabels.gif
General advisory,909,none,AME6,none,Named Expressway Ends [xx] m,19 December 2016,,a 2765 b 1650 r 150 c 50 d 200 e 155 Legend Letters 250D Legend 'm' Transport D Medium x=160,Background: Green (R) Border: white (R) Legend: white (R),https://www.nzta.govt.nz/assets/resources/traffic-control-devices-manual/sign-specifications/images/AME6-Named-Expressway-Ends-XX-m.eps | https://www.nzta.govt.nz/assets/resources/traffic-control-devices-manual/sign-specifications/images/AME6-Named-Expressway-Ends-XX-m-nolabels.gif,Original EPS/General advisory/AME6-Named-Expressway-Ends-XX-m.eps | Original EPS/General advisory/AME6-Named-Expressway-Ends-XX-m-nolabels.gif
General advisory,907,none,AMEN,none,Named Expressway.gif,19 December 2016,,a 1369 b 700 r 100 c 20 d 130 e 100 Legend Letters 150C,Background: Green (R) Border: white (R) Legend: white (R),https://www.nzta.govt.nz/assets/resources/traffic-control-devices-manual/sign-specifications/images/AMEN-Named-Expressway.eps | https://www.nzta.govt.nz/assets/resources/traffic-control-devices-manual/sign-specifications/images/AMEN-Named-Expressway-nolabels.gif,Original EPS/General advisory/AMEN-Named-Expressway.eps | Original EPS/General advisory/AMEN-Named-Expressway-nolabels.gif
General advisory,902,none,AMMN,none,Named Motorway,19 December 2016,,a 1257 b 700 r 100 c 20 d 130 e 100 Legend Letters 150C,Background: Green (R) Border: white (R) Legend: white (R),https://www.nzta.govt.nz/assets/resources/traffic-control-devices-manual/sign-specifications/images/AMMN-Named-Motorway.eps | https://www.nzta.govt.nz/assets/resources/traffic-control-devices-manual/sign-specifications/images/AMMN-Named-Motorway-nolabels.gif,Original EPS/General advisory/AMMN-Named-Motorway.eps | Original EPS/General advisory/AMMN-Named-Motorway-nolabels.gif
General advisory,903,none,AMM5,none,Named Motorway Begins,19 December 2016,,a 2765 b 1650 r 150 c 50 d 200 Legend Letters 250D,Background: Green (R) Border: white (R) Legend: white (R),https://www.nzta.govt.nz/assets/resources/traffic-control-devices-manual/sign-specifications/images/AMM5-Named-Motorway-Begins.eps | https://www.nzta.govt.nz/assets/resources/traffic-control-devices-manual/sign-specifications/images/AMM5-Named-Motorway-Begins-nolabels.gif,Original EPS/General advisory/AMM5-Named-Motorway-Begins.eps | Original EPS/General advisory/AMM5-Named-Motorway-Begins-nolabels.gif
General advisory,905,none,AMM7,none,Named Motorway Ends - on main road,19 December 2016,,a 2765 b 1650 r 150 c 50 d 200 Legend Letters 250D,Background: Green (R) Border: white (R) Legend: white (R),https://www.nzta.govt.nz/assets/resources/traffic-control-devices-manual/sign-specifications/images/AMM7-Named-Motorway-Ends-on-main-road.eps | https://www.nzta.govt.nz/assets/resources/traffic-control-devices-manual/sign-specifications/images/AMM7-Named-Motorway-Ends-on-main-road-nolabels.gif,Original EPS/General advisory/AMM7-Named-Motorway-Ends-on-main-road.eps | Original EPS/General advisory/AMM7-Named-Motorway-Ends-on-main-road-nolabels.gif
General advisory,906,none,AMM8,none,Named Motorway ends - on off-ramp,19 December 2016,,a 900 b 600 r 50 c 20 d 52.5 Legend LINE 1 & 2 100C Legend 2ND LINE 150C,Background: Green (R) Border: white (R) Legend: white (R),https://www.nzta.govt.nz/assets/resources/traffic-control-devices-manual/sign-specifications/images/AMM8-Named-Motorway-Ends-on-off-ramp.eps | https://www.nzta.govt.nz/assets/resources/traffic-control-devices-manual/sign-specifications/images/AMM8-Named-Motorway-Ends-on-off-ramp-nolabels.gif,Original EPS/General advisory/AMM8-Named-Motorway-Ends-on-off-ramp.eps | Original EPS/General advisory/AMM8-Named-Motorway-Ends-on-off-ramp-nolabels.gif
General advisory,904,none,AMM6,none,Named Motorway ends [xx] m.eps,19 December 2016,,a 2765 b 1650 r 150 c 50 d 200 e 155 Legend Letters 250D Legend 'm' Transport D Medium x=160,Background: Green (R) Border: white (R) Legend: white (R),https://www.nzta.govt.nz/assets/resources/traffic-control-devices-manual/sign-specifications/images/AMM6-Named-Motorway-Ends-XX-m.eps | https://www.nzta.govt.nz/assets/resources/traffic-control-devices-manual/sign-specifications/images/AMM6-Named-Motorway-Ends-XX-m-nolabels.gif,Original EPS/General advisory/AMM6-Named-Motorway-Ends-XX-m.eps | Original EPS/General advisory/AMM6-Named-Motorway-Ends-XX-m-nolabels.gif
General advisory,1198,A44-1,AU53,None,Pass Safely - Pedestrians,9 December 2020,,a 900 b 750 c 25 d 10 r 60 Symbol 745x350mm Text 120/C Compressed 20% Note This sign should be used in constrained urban or low speed rural locations where there is not enough roadway width to safely achieve a 1.5 metre passing gap.,"Background Reflectorised White Border, symbol, text Black",https://www.nzta.govt.nz/assets/resources/traffic-control-devices-manual/sign-specifications/images/AU53-Pass-safely-pedestrian-900-x-750mm.eps | https://www.nzta.govt.nz/assets/resources/traffic-control-devices-manual/sign-specifications/images/AU53-Pass-safely-pedestrian-900-x-750mm-no-labels.gif,Original EPS/General advisory/AU53-Pass-safely-pedestrian-900-x-750mm.eps | Original EPS/General advisory/AU53-Pass-safely-pedestrian-900-x-750mm-no-labels.gif
General advisory,639,A41-3,AT1,IG-11,Road classification construction zone arrow pointing left,24 November 2016,,a 450 b 300 c 40 d 50 e 300 f 15 g 15 h 10 r 25 Legend 50B Arrow Type B,Background reflectorised white Border reflectorised red Legend and arrow black,https://www.nzta.govt.nz/assets/resources/traffic-control-devices-manual/sign-specifications/images/r06-04-02.eps | https://www.nzta.govt.nz/assets/resources/traffic-control-devices-manual/sign-specifications/images/r06-04-02-nolabels.gif,Original EPS/General advisory/r06-04-02.eps | Original EPS/General advisory/r06-04-02-nolabels.gif
General advisory,638,A41-3,AT1,IG-11,Road classification construction zone arrow pointing right,24 November 2016,,a 450 b 300 c 40 d 50 e 300 f 15 g 15 h 10 r 25 Legend 50B Arrow Type B,Background reflectorised white Border reflectorised red Legend and arrow black,https://www.nzta.govt.nz/assets/resources/traffic-control-devices-manual/sign-specifications/images/r06-04-01.eps | https://www.nzta.govt.nz/assets/resources/traffic-control-devices-manual/sign-specifications/images/r06-04-01-nolabels.gif,Original EPS/General advisory/r06-04-01.eps | Original EPS/General advisory/r06-04-01-nolabels.gif
General advisory,777,A40-6,none,none,Roundabout may change signal,12 January 2017,,a 750 b 450 c 10 d 20 e 40 Legend Type 80C,Background: white (R) Legend black Border black,https://www.nzta.govt.nz/assets/resources/traffic-control-devices-manual/sign-specifications/images/A40-Roundabout-May-Change.eps | https://www.nzta.govt.nz/assets/resources/traffic-control-devices-manual/sign-specifications/images/A40-Roundabout-May-Change-nolabels.gif,Original EPS/General advisory/A40-Roundabout-May-Change.eps | Original EPS/General advisory/A40-Roundabout-May-Change-nolabels.gif
General advisory,778,A40-7,AB5,none,Shared Zone,17 July 2018,,a 600 b 750 r 50 c 20 d 50 Legend Symbol children 160x135 Legend Symbol pedestrian 90x150 Legend Symbol Cycle 160x100 Legend Symbol Car 120x100 Legend Type 100C,Background: blue (R) Legend white (R) Border white (R),https://www.nzta.govt.nz/assets/resources/traffic-control-devices-manual/sign-specifications/images/A40-Shared-Zone.eps | https://www.nzta.govt.nz/assets/resources/traffic-control-devices-manual/sign-specifications/images/A40-Shared-Zone-no-labels.gif,Original EPS/General advisory/A40-Shared-Zone.eps | Original EPS/General advisory/A40-Shared-Zone-no-labels.gif
General advisory,749,None,None,None,TOLL Route indicator - Toll,25 January 2017,,"a 280 (390 as an individual sign, 280 on other signs) b 10 c 60 d 110 Type 90 C",Background: red (R) Border: white (R) Legend: white (R),https://www.nzta.govt.nz/assets/resources/traffic-control-devices-manual/sign-specifications/images/TOLL-Route-Indicator-Toll.eps | https://www.nzta.govt.nz/assets/resources/traffic-control-devices-manual/sign-specifications/images/TOLL-Route-Indicator-Toll-NL.gif,Original EPS/General advisory/TOLL-Route-Indicator-Toll.eps
General advisory,755,None,None,None,Toll 'Cameras Operating' sign,25 January 2017,,a 3180 b 2760 r 300 c 60 d 225 e 240 Legend font Mod Series E 300 Symbol 'TOLL' shield 585,Background: blue (R) Border: yellow (R) Legend: yellow (R),https://www.nzta.govt.nz/assets/resources/traffic-control-devices-manual/sign-specifications/images/TOLL-Toll-Cameras-Operating.eps | https://www.nzta.govt.nz/assets/resources/traffic-control-devices-manual/sign-specifications/images/TOLL-Toll-Cameras-Operating-nolabels.gif,Original EPS/General advisory/TOLL-Toll-Cameras-Operating.eps | Original EPS/General advisory/TOLL-Toll-Cameras-Operating-nolabels.gif
General advisory,758,None,None,None,Toll 'Cash Payment' sign,25 January 2017,,a 2975 b 520 r 100 c 40 d : chevron height 360 Legend font Mod Series E 160 Symbol 'TOLL' shield 312x323,Background: blue (R) Border: yellow (R) Legend: yellow (R),https://www.nzta.govt.nz/assets/resources/traffic-control-devices-manual/sign-specifications/images/TOLL-Toll-Cash-Payment.eps | https://www.nzta.govt.nz/assets/resources/traffic-control-devices-manual/sign-specifications/images/TOLL-Toll-Cash-Payment-nolabels.gif,Original EPS/General advisory/TOLL-Toll-Cash-Payment.eps | Original EPS/General advisory/TOLL-Toll-Cash-Payment-nolabels.gif
General advisory,753,None,None,None,Toll 'Electronic Collections' sign,25 January 2017,,a 3180 b 4185 r 300 c 60 d 225 e 240 f 600 Legend font Mod Series E 300 Symbol 'TOLL' shield 585,Background: blue (R) Border: yellow (R) Legend: yellow (R),https://www.nzta.govt.nz/assets/resources/traffic-control-devices-manual/sign-specifications/images/TOLL-Toll-Electronic-Collections.eps | https://www.nzta.govt.nz/assets/resources/traffic-control-devices-manual/sign-specifications/images/TOLL-Toll-Electronic-Collections-nolabels.gif,Original EPS/General advisory/TOLL-Toll-Electronic-Collections.eps | Original EPS/General advisory/TOLL-Toll-Electronic-Collections-nolabels.gif
General advisory,756,None,None,None,Toll 'Non payment' sign,25 January 2017,,a 3937 b 2235 r 300 c 60 d 225 e 240 Legend font Mod Series E 300 Symbol 'TOLL' shield 585,Background: blue (R) Border: yellow (R) Legend: yellow (R),https://www.nzta.govt.nz/assets/resources/traffic-control-devices-manual/sign-specifications/images/TOLL-Toll-Non-Payment.eps | https://www.nzta.govt.nz/assets/resources/traffic-control-devices-manual/sign-specifications/images/TOLL-Toll-Non-Payment-nolabels.gif,Original EPS/General advisory/TOLL-Toll-Non-Payment.eps | Original EPS/General advisory/TOLL-Toll-Non-Payment-nolabels.gif
General advisory,754,None,None,None,Toll 'Payment methods' sign,25 January 2017,,a 5535 b 3345 r 300 c 60 d 225 e 240 f 300 Legend font Mod Series E 300 Numerals Mod Series E 300 Symbol 'TOLL' shield 585,Background: blue (R) Border: yellow (R) Legend: yellow (R),https://www.nzta.govt.nz/assets/resources/traffic-control-devices-manual/sign-specifications/images/TOLL-Toll-Payment-Method.eps | https://www.nzta.govt.nz/assets/resources/traffic-control-devices-manual/sign-specifications/images/TOLL-Toll-Payment-Method-nolabels.gif,Original EPS/General advisory/TOLL-Toll-Payment-Method.eps | Original EPS/General advisory/TOLL-Toll-Payment-Method-nolabels.gif
General advisory,759,none,none,none,Toll 'ROAD BEGINS' sign,25 January 2017,,a 3730 b 4800 r 250 c 40 d 216 e 225 f 301 g 25 h 291 Legend font top panel 300 Series Modified E Legend font bottom panel 300D Symbol 'TOLL' brick w x h 1700 x 660,Symbol 'TOLL' brick blue (R) on white (R) Background top panel: blue (R) Background bottom panel: green (R) Border: yellow (R) Legend top panel: yellow (R) Legend bottom panel: white (R),https://www.nzta.govt.nz/assets/resources/traffic-control-devices-manual/sign-specifications/images/TOLL-Toll-Road-Begins.eps | https://www.nzta.govt.nz/assets/resources/traffic-control-devices-manual/sign-specifications/images/TOLL-Toll-Road-Begins-nolabels.gif,Original EPS/General advisory/TOLL-Toll-Road-Begins.eps | Original EPS/General advisory/TOLL-Toll-Road-Begins-nolabels.gif
General advisory,757,None,None,None,Toll 'Terms & Conditions' sign,25 January 2017,,a 5535 b 2295 r 300 c 60 d 225 e 240 f 300 Legend font Mod Series E 300 Symbol 'TOLL' shield 585,Background: blue (R) Border: yellow (R) Legend: yellow (R),https://www.nzta.govt.nz/assets/resources/traffic-control-devices-manual/sign-specifications/images/TOLL-Toll-Terms-Conditions.eps | https://www.nzta.govt.nz/assets/resources/traffic-control-devices-manual/sign-specifications/images/TOLL-Toll-Terms-Conditions-nolabels.gif,Original EPS/General advisory/TOLL-Toll-Terms-Conditions.eps | Original EPS/General advisory/TOLL-Toll-Terms-Conditions-nolabels.gif
General advisory,750,None,None,None,Toll Road Ahead,25 January 2017,,a 4200 b 4280 r 300 c 60 d 2100 e 50 f 2010 g 225 h 240 i 150 Legend font Mod Series E 300 Legend font 'km AHEAD' Mod Series E 225 Numerals Mod Series E 300 Symbol 'TOLL' shield 585 Symbol 'Twin Coasts' 572,Background top panel: blue (R) Background bottom panel: green (R) Border: yellow (R) Legend top panel: yellow (R) Legend bottom panel: white (R),https://www.nzta.govt.nz/assets/resources/traffic-control-devices-manual/sign-specifications/images/TOLL-Toll-Road-Ahead.eps | https://www.nzta.govt.nz/assets/resources/traffic-control-devices-manual/sign-specifications/images/TOLL-Toll-Road-Ahead-nolabels.gif,Original EPS/General advisory/TOLL-Toll-Road-Ahead.eps | Original EPS/General advisory/TOLL-Toll-Road-Ahead-nolabels.gif
General advisory,752,None,None,None,Toll Tariff sign,25 January 2017,,a 3300 b 3458 r 300 c 60 d 225 e 300 Legend font Mod Series E 300 Numerals and $ symbol Mod Series E 300 Symbol 'TOLL' shield 572,Background: blue (R) Border: yellow (R) Legend: yellow (R),https://www.nzta.govt.nz/assets/resources/traffic-control-devices-manual/sign-specifications/images/TOLL-Toll-Tariff-Sign.eps | https://www.nzta.govt.nz/assets/resources/traffic-control-devices-manual/sign-specifications/images/TOLL-Toll-Tariff-Sign-nolabels.gif,Original EPS/General advisory/TOLL-Toll-Tariff-Sign.eps | Original EPS/General advisory/TOLL-Toll-Tariff-Sign-nolabels.gif
Motorist service,713,A21-2,MA4L,MS-1.4,"Advance, services adjacent to road, four services on left",8 December 2016,,"a 1750 Rectangle width to fit number of symbols b 830 r 50 c 25 d 60 e 100 f 75 Symbols 300x300 (Rest Area, Public Toilet, Waste Disposal and Public Parking) 'm' Transport D Med x=75 Legend and Numeral 120D",Background: blue Border: white Legend: white,https://www.nzta.govt.nz/assets/resources/traffic-control-devices-manual/sign-specifications/images/MA4L-4-Services-XX-m-on-Left.eps | https://www.nzta.govt.nz/assets/resources/traffic-control-devices-manual/sign-specifications/images/MA4L-4-Services-XX-m-on-Left-nolabels.gif,Original EPS/Motorist service/MA4L-4-Services-XX-m-on-Left.eps | Original EPS/Motorist service/MA4L-4-Services-XX-m-on-Left-nolabels.gif
Motorist service,714,A21-2,MA4R,MS-1.4,"Advance, services adjacent to road, four services on right",8 December 2016,,"a 1750 Rectangle width to fit number of symbols b 830 r 50 c 25 d 60 e 100 f 75 Symbols 300x300 (Rest Area, Public Toilet, Waste Disposal and Public Parking) 'm' Transport D Med x=75 Legend and Numeral 120D",Background: blue Border: white Legend: white,https://www.nzta.govt.nz/assets/resources/traffic-control-devices-manual/sign-specifications/images/MA4R-4-Services-XX-m-on-Right.eps | https://www.nzta.govt.nz/assets/resources/traffic-control-devices-manual/sign-specifications/images/MA4R-4-Services-XX-m-on-Right-nolabels.gif,Original EPS/Motorist service/MA4R-4-Services-XX-m-on-Right.eps | Original EPS/Motorist service/MA4R-4-Services-XX-m-on-Right-nolabels.gif
Motorist service,707,A21-1,MA1L,MS-1.1,"Advance, services adjacent to road, one service on left",8 December 2016,,a 640 b 1000 r 50 c 25 d 60 e 75 Symbol 300x300 (Rest Area) 'm' Transport D Med x=75 Legend and Numeral 120D,Background: blue Border: white Legend: white,https://www.nzta.govt.nz/assets/resources/traffic-control-devices-manual/sign-specifications/images/MA1L-Service-XX-m-on-Left.eps | https://www.nzta.govt.nz/assets/resources/traffic-control-devices-manual/sign-specifications/images/MA1L-Service-XX-m-on-Left-nolabels.gif,Original EPS/Motorist service/MA1L-Service-XX-m-on-Left.eps | Original EPS/Motorist service/MA1L-Service-XX-m-on-Left-nolabels.gif
Motorist service,708,A21-1,MA1R,MS-1.1,"Advance, services adjacent to road, one service on right",8 December 2016,,a 640 b 1000 r 50 c 25 d 60 e 75 Symbol 300x300 (Rest Area) 'm' Transport D Med x=75 Legend and Numeral 120D,Background: blue Border: white Legend: white,https://www.nzta.govt.nz/assets/resources/traffic-control-devices-manual/sign-specifications/images/MA1R-Service-XX-m-on-Right.eps | https://www.nzta.govt.nz/assets/resources/traffic-control-devices-manual/sign-specifications/images/MA1R-Service-XX-m-on-Right-nol.gif,Original EPS/Motorist service/MA1R-Service-XX-m-on-Right.eps
Motorist service,711,A21-2,MA3L,MS-1.3,"Advance, services adjacent to road, three services on left",8 December 2016,,"a 1370 Rectangle width to fit number of symbols b 830 r 50 c 25 d 60 e 100 f 75 Symbols 300x300 (Rest Area, Public Toilet and Waste Disposal) 'm' Transport D Med x=75 Legend and Numeral 120D",Background: blue Border: white Legend: white,https://www.nzta.govt.nz/assets/resources/traffic-control-devices-manual/sign-specifications/images/MA3L-3-Services-XX-m-on-Left.eps | https://www.nzta.govt.nz/assets/resources/traffic-control-devices-manual/sign-specifications/images/MA3L-3-Services-XX-m-on-Left-nolabels.gif,Original EPS/Motorist service/MA3L-3-Services-XX-m-on-Left.eps | Original EPS/Motorist service/MA3L-3-Services-XX-m-on-Left-nolabels.gif
Motorist service,712,A21-2,MA3R,MS-1.3,"Advance, services adjacent to road, three services on right",8 December 2016,,"a 1370 Rectangle width to fit number of symbols b 830 r 50 c 25 d 60 e 100 f 75 Symbols 300x300 (Rest Area, Public Toilet and Waste Disposal) 'm' Transport D Med x=75 Legend and Numeral 120D",Background: blue Border: white Legend: white,https://www.nzta.govt.nz/assets/resources/traffic-control-devices-manual/sign-specifications/images/MA3R-3-Services-XX-m-on-Right.eps | https://www.nzta.govt.nz/assets/resources/traffic-control-devices-manual/sign-specifications/images/MA3R-3-Services-XX-m-on-Right-nolabels.gif,Original EPS/Motorist service/MA3R-3-Services-XX-m-on-Right.eps | Original EPS/Motorist service/MA3R-3-Services-XX-m-on-Right-nolabels.gif
Motorist service,709,A21-2,MA2L,MS-1.2,"Advance, services adjacent to road, two services on left",8 December 2016,,a 950 Rectangle width to fit number of symbols b 830 r 50 c 25 d 60 e 100 f 75 Symbols 300x300 (Rest Area and Public Toilet) 'm' Transport D Med x=75 Legend and Numeral 120D,Background: blue Border: white Legend: white,https://www.nzta.govt.nz/assets/resources/traffic-control-devices-manual/sign-specifications/images/MA2L-2-Services-XX-m-on-Left.eps | https://www.nzta.govt.nz/assets/resources/traffic-control-devices-manual/sign-specifications/images/MA2L-2-Services-XX-m-on-Left-nolabels.gif,Original EPS/Motorist service/MA2L-2-Services-XX-m-on-Left.eps | Original EPS/Motorist service/MA2L-2-Services-XX-m-on-Left-nolabels.gif
Motorist service,710,A21-2,MA2R,MS-1.2,"Advance, services adjacent to road, two services on right",8 December 2016,,a 950 Rectangle width to fit number of symbols b 830 r 50 c 25 d 60 e 100 f 75 Symbols 300x300 (Rest Area and Public Toilet) 'm' Transport D Med x=75 Legend and Numeral 120D,Background: blue Border: white Legend: white,https://www.nzta.govt.nz/assets/resources/traffic-control-devices-manual/sign-specifications/images/MA2R-2-Services-XX-m-on-Right.eps | https://www.nzta.govt.nz/assets/resources/traffic-control-devices-manual/sign-specifications/images/MA2R-2-Services-XX-m-on-Right-nolabels.gif,Original EPS/Motorist service/MA2R-2-Services-XX-m-on-Right.eps | Original EPS/Motorist service/MA2R-2-Services-XX-m-on-Right-nolabels.gif
Motorist service,721,A21-4,MB4L,MS-2.4,"Advance, services on side road, four services on left",8 December 2016,,"a 1750 Rectangle width to fit number of symbols b 830 r 50 c 25 d 60 e 100 f 75 Symbols 300x300 (Rest Area, Public Toilet, Waste Disposal and Public Parking) 'm' Transport D Med x=75 Legend and Numeral 120D",Background: blue Border: white Legend: white,https://www.nzta.govt.nz/assets/resources/traffic-control-devices-manual/sign-specifications/images/MB4L-4-Services-Turn-Left-XX-m.eps | https://www.nzta.govt.nz/assets/resources/traffic-control-devices-manual/sign-specifications/images/MB4L-4-Services-Turn-Left-XX-m-nolabels.gif,Original EPS/Motorist service/MB4L-4-Services-Turn-Left-XX-m.eps | Original EPS/Motorist service/MB4L-4-Services-Turn-Left-XX-m-nolabels.gif
Motorist service,722,A21-4,MB4R,MS-2.4,"Advance, services on side road, four services on right",8 December 2016,,"a 1750 Rectangle width to fit number of symbols b 830 r 50 c 25 d 60 e 100 f 75 Symbols 300x300 (Rest Area, Public Toilet, Waste Disposal and Public Parking) 'm' Transport D Med x=75 Legend and Numeral 120D",Background: blue Border: white Legend: white,https://www.nzta.govt.nz/assets/resources/traffic-control-devices-manual/sign-specifications/images/MB4R-4-Services-Turn-Right-XX-m.eps | https://www.nzta.govt.nz/assets/resources/traffic-control-devices-manual/sign-specifications/images/MB4R-4-Services-Turn-Right-XX-m-nolabels.gif,Original EPS/Motorist service/MB4R-4-Services-Turn-Right-XX-m.eps | Original EPS/Motorist service/MB4R-4-Services-Turn-Right-XX-m-nolabels.gif
Motorist service,715,A21-3,MB1L,MS-2.1,"Advance, services on side road, one service on left",8 December 2016,,a 640 b 1000 r 50 c 25 d 60 e 75 Symbols 300x300 (Rest Area) 'm' Transport D Med x=75 Legend and Numeral 120D,Background: blue Border: white Legend: white,https://www.nzta.govt.nz/assets/resources/traffic-control-devices-manual/sign-specifications/images/MB1L-Service-Turn-Left-XX-m.eps | https://www.nzta.govt.nz/assets/resources/traffic-control-devices-manual/sign-specifications/images/MB1L-Service-Turn-Left-XX-m-nolabels.gif,Original EPS/Motorist service/MB1L-Service-Turn-Left-XX-m.eps | Original EPS/Motorist service/MB1L-Service-Turn-Left-XX-m-nolabels.gif
Motorist service,716,A21-3,MB1R,MS-2.1,"Advance, services on side road, one service on right",8 December 2016,,a 640 b 1000 r 50 c 25 d 60 e 75 Symbols 300x300 (Rest Area) 'm' Transport D Med x=75 Legend and Numeral 120D,Background: blue Border: white Legend: white,https://www.nzta.govt.nz/assets/resources/traffic-control-devices-manual/sign-specifications/images/MB1R-Service-Turn-Right-XX-m.eps | https://www.nzta.govt.nz/assets/resources/traffic-control-devices-manual/sign-specifications/images/MB1R-Service-Turn-Right-XX-m-nolabels.gif,Original EPS/Motorist service/MB1R-Service-Turn-Right-XX-m.eps | Original EPS/Motorist service/MB1R-Service-Turn-Right-XX-m-nolabels.gif
Motorist service,719,A21-4,MB3L,MS-2.3,"Advance, services on side road, three services on left",8 December 2016,,"a 1370 Rectangle width to fit number of symbols b 830 r 50 c 25 d 60 e 100 f 75 Symbols 300x300 (Rest Area, Public Toilet and Waste Disposal) 'm' Transport D Med x=75 Legend and Numeral 120D",Background: blue Border: white Legend: white,https://www.nzta.govt.nz/assets/resources/traffic-control-devices-manual/sign-specifications/images/MB3L-3-Services-Turn-Left-XX-m.eps | https://www.nzta.govt.nz/assets/resources/traffic-control-devices-manual/sign-specifications/images/MB3L-3-Services-Turn-Left-XX-m-nolabels.gif,Original EPS/Motorist service/MB3L-3-Services-Turn-Left-XX-m.eps | Original EPS/Motorist service/MB3L-3-Services-Turn-Left-XX-m-nolabels.gif
Motorist service,720,A21-4,MB3R,MS-2.3,"Advance, services on side road, three services on right",8 December 2016,,"a 1370 Rectangle width to fit number of symbols b 830 r 50 c 25 d 60 e 100 f 75 Symbols 300x300 (Rest Area, Public Toilet and Waste Disposal) 'm' Transport D Med x=75 Legend and Numeral 120D",Background: blue Border: white Legend: white,https://www.nzta.govt.nz/assets/resources/traffic-control-devices-manual/sign-specifications/images/MB3R-3-Services-Turn-Right-XX-m.eps | https://www.nzta.govt.nz/assets/resources/traffic-control-devices-manual/sign-specifications/images/MB3R-3-Services-Turn-Right-XX-m-nolabels.gif,Original EPS/Motorist service/MB3R-3-Services-Turn-Right-XX-m.eps | Original EPS/Motorist service/MB3R-3-Services-Turn-Right-XX-m-nolabels.gif
Motorist service,717,A21-4,MB2L,MS-2.2,"Advance, services on side road, two services on left",8 December 2016,,a 1100 Rectangle width to fit number of symbols b 830 r 50 c 25 d 60 e 100 f 75 Symbols 300x300 (Rest Area and Public Toilet) 'm' Transport D Med x=75 Legend and Numeral 120D,Background: blue Border: white Legend: white,https://www.nzta.govt.nz/assets/resources/traffic-control-devices-manual/sign-specifications/images/MB2L-2-Services-Turn-Left-XX-m.eps | https://www.nzta.govt.nz/assets/resources/traffic-control-devices-manual/sign-specifications/images/MB2L-2-Services-Turn-Left-XX-m-nolabels.gif,Original EPS/Motorist service/MB2L-2-Services-Turn-Left-XX-m.eps | Original EPS/Motorist service/MB2L-2-Services-Turn-Left-XX-m-nolabels.gif
Motorist service,718,A21-4,MB2R,MS-2.2,"Advance, services on side road, two services on right",8 December 2016,,a 1100 Rectangle width to fit number of symbols b 830 r 50 c 25 d 60 e 100 f 75 Symbols 300x300 (Rest Area and Public Toilet) 'm' Transport D Med x=75 Legend and Numeral 120D,Background: blue Border: white Legend: white,https://www.nzta.govt.nz/assets/resources/traffic-control-devices-manual/sign-specifications/images/MB2R-2-Services-Turn-Right-XX-m.eps | https://www.nzta.govt.nz/assets/resources/traffic-control-devices-manual/sign-specifications/images/MB2R-2-Services-Turn-Right-XX-m-nolabels.gif,Original EPS/Motorist service/MB2R-2-Services-Turn-Right-XX-m.eps | Original EPS/Motorist service/MB2R-2-Services-Turn-Right-XX-m-nolabels.gif
Motorist service,741,,,,"Airport route, marker, standard",5 June 2015,,,,,
Motorist service,740,none,,none,"Airport route, start, standard",5 June 2015,,,,,
Motorist service,912,A21-5,MAN,none,Next / [service] / [distance] km,19 December 2016,,a 900 b 1110 r 50 c 25 d 90 e 100 Type 'NEXT' 140C Symbol 400x400 (Rest Area) 'km' Transport D Med x=100 Numeral 160D,Background: blue (R) Border: white (R) Legend: white (R),https://www.nzta.govt.nz/assets/resources/traffic-control-devices-manual/sign-specifications/images/MAN-Next-Service-XX-km.eps | https://www.nzta.govt.nz/assets/resources/traffic-control-devices-manual/sign-specifications/images/MAN-Next-Service-XX-km-no-labels.gif,Original EPS/Motorist service/MAN-Next-Service-XX-km.eps | Original EPS/Motorist service/MAN-Next-Service-XX-km-no-labels.gif
Motorist service,730,A22-2,MC4L,MS-3.4,"Position, chevron type, four services, chevron facing left",8 December 2016,,"a 2200 Rectangle with pointed end to fit number of symbols b 450 r 50 c 25 d 330 e 130 f 120 g 100 Symbols 300x300 (Rest Area, Public Toilets, Waste Disposal Point and Public Parking)",Background: blue Border: white Legend: white,https://www.nzta.govt.nz/assets/resources/traffic-control-devices-manual/sign-specifications/images/MC4L-4-Services-Chevron-Left.eps | https://www.nzta.govt.nz/assets/resources/traffic-control-devices-manual/sign-specifications/images/MC4L-4-Services-Chevron-Left-nolabels.gif,Original EPS/Motorist service/MC4L-4-Services-Chevron-Left.eps | Original EPS/Motorist service/MC4L-4-Services-Chevron-Left-nolabels.gif
Motorist service,731,A22-2,MC4R,MS-3.4,"Position, chevron type, four services, chevron facing right",8 December 2016,,"a 2200 Rectangle with pointed end to fit number of symbols b 450 r 50 c 25 d 330 e 130 f 120 g 100 Symbols 300x300 (Rest Area, Public Toilets, Waste Disposal Point and Public Parking)",Background: blue Border: white Legend: white,https://www.nzta.govt.nz/assets/resources/traffic-control-devices-manual/sign-specifications/images/MC4R-4-Services-Chevron-Right.eps | https://www.nzta.govt.nz/assets/resources/traffic-control-devices-manual/sign-specifications/images/MC4R-4-Services-Chevron-Right-nolabels.gif,Original EPS/Motorist service/MC4R-4-Services-Chevron-Right.eps | Original EPS/Motorist service/MC4R-4-Services-Chevron-Right-nolabels.gif
Motorist service,725,none,MC1i,none,"Position, chevron type, one service, VIN i-site",8 December 2016,,a 900 b 450 r 50 c 820 d 228 Legend ' i' 175 x 175 Legend 'site' 468 x 169 Triangle 115 x 228,Triangle Pantone Green Background: white Legend: Pantone Green & Pantone 432,https://www.nzta.govt.nz/assets/resources/traffic-control-devices-manual/sign-specifications/images/MCLi-Service-VIN-i-site.eps | https://www.nzta.govt.nz/assets/resources/traffic-control-devices-manual/sign-specifications/images/MCLi-Service-VIN-i-site-nolabels.gif,Original EPS/Motorist service/MCLi-Service-VIN-i-site.eps | Original EPS/Motorist service/MCLi-Service-VIN-i-site-nolabels.gif
Motorist service,723,A22-1,MC1L,MS-3.1,"Position, chevron type, one service, chevron facing left",8 December 2016,,a 900 b 450 r 50 c 25 d 330 e 130 f 120 Symbols 300x300 (Rest Area),Background: blue Border: white Legend: white,https://www.nzta.govt.nz/assets/resources/traffic-control-devices-manual/sign-specifications/images/MC1L-Service-Chevron-Left.eps | https://www.nzta.govt.nz/assets/resources/traffic-control-devices-manual/sign-specifications/images/MC1L-Service-Chevron-Left-nolabels.gif,Original EPS/Motorist service/MC1L-Service-Chevron-Left.eps | Original EPS/Motorist service/MC1L-Service-Chevron-Left-nolabels.gif
Motorist service,724,A22-1,MC1R,MS-3.1,"Position, chevron type, one service, chevron facing right",8 December 2016,,a 900 b 450 r 50 c 25 d 330 e 130 f 120 Symbols 300x300 (Rest Area),Background: blue Border: white Legend: white,https://www.nzta.govt.nz/assets/resources/traffic-control-devices-manual/sign-specifications/images/MC1R-Service-Chevron-Right.eps | https://www.nzta.govt.nz/assets/resources/traffic-control-devices-manual/sign-specifications/images/MC1R-Service-Chevron-Right-nolabels.gif,Original EPS/Motorist service/MC1R-Service-Chevron-Right.eps | Original EPS/Motorist service/MC1R-Service-Chevron-Right-nolabels.gif
Motorist service,728,A22-2,MC3L,MS-3.3,"Position, chevron type, three services, chevron facing left",8 December 2016,,"a 1800 Rectangle with pointed end to fit number of symbols b 450 r 50 c 25 d 330 e 130 f 120 g 100 Symbols 300x300 (Rest Area, Public Toilets and Waste Disposal Point)",Background: blue Border: white Legend: white,https://www.nzta.govt.nz/assets/resources/traffic-control-devices-manual/sign-specifications/images/MC3L-3-Services-Chevron-Left.eps | https://www.nzta.govt.nz/assets/resources/traffic-control-devices-manual/sign-specifications/images/MC3L-3-Services-Chevron-Left-nolabels.gif,Original EPS/Motorist service/MC3L-3-Services-Chevron-Left.eps | Original EPS/Motorist service/MC3L-3-Services-Chevron-Left-nolabels.gif
Motorist service,729,A22-2,MC3R,MS-3.3,"Position, chevron type, three services, chevron facing right",8 December 2016,,"a 1800 Rectangle with pointed end to fit number of symbols b 450 r 50 c 25 d 330 e 130 f 120 g 100 Symbols 300x300 (Rest Area, Public Toilets and Waste Disposal Point)",Background: blue Border: white Legend: white,https://www.nzta.govt.nz/assets/resources/traffic-control-devices-manual/sign-specifications/images/MC3R-3-Services-Chevron-Right.eps | https://www.nzta.govt.nz/assets/resources/traffic-control-devices-manual/sign-specifications/images/MC3R-3-Services-Chevron-Right-nolabels.gif,Original EPS/Motorist service/MC3R-3-Services-Chevron-Right.eps | Original EPS/Motorist service/MC3R-3-Services-Chevron-Right-nolabels.gif
Motorist service,726,A22-2,MC2L,MS-3.2,"Position, chevron type, two services, chevron facing left",8 December 2016,,a 1350 Rectangle with pointed end to fit number of symbols b 450 r 50 c 25 d 330 e 130 f 120 g 100 Symbols 300x300 (Rest Area and Public Toilets),Background: blue Border: white Legend: white,https://www.nzta.govt.nz/assets/resources/traffic-control-devices-manual/sign-specifications/images/MC2L-2-Services-Chevron-Left.eps | https://www.nzta.govt.nz/assets/resources/traffic-control-devices-manual/sign-specifications/images/MC2L-2-Services-Chevron-Left-nolabels.gif,Original EPS/Motorist service/MC2L-2-Services-Chevron-Left.eps | Original EPS/Motorist service/MC2L-2-Services-Chevron-Left-nolabels.gif
Motorist service,727,A22-2,MC2R,MS-3.2,"Position, chevron type, two services, chevron facing right",8 December 2016,,a 1350 Rectangle with pointed end to fit number of symbols b 450 r 50 c 25 d 330 e 130 f 120 g 100 Symbols 300x300 (Rest Area and Public Toilets),Background: blue Border: white Legend: white,https://www.nzta.govt.nz/assets/resources/traffic-control-devices-manual/sign-specifications/images/MC2R-2-Services-Chevron-Right.eps | https://www.nzta.govt.nz/assets/resources/traffic-control-devices-manual/sign-specifications/images/MC2R-2-Services-Chevron-Right-nolabels.gif,Original EPS/Motorist service/MC2R-2-Services-Chevron-Right.eps | Original EPS/Motorist service/MC2R-2-Services-Chevron-Right-nolabels.gif
Motorist service,738,A22-2B,ME4L,MS-4.4,"Position, rectangular type, four services, arrow facing left",8 December 2016,,"a 830 b 1200 Height to fit number of symbols r 50 c 25 d 80 e : Arrow type D 300 f : Arrow shaft 80 Symbols 300x300 (Rest Area, Public Toilets, Waste Disposal Point and Public Parking)",Background: blue Border: white Legend: white,https://www.nzta.govt.nz/assets/resources/traffic-control-devices-manual/sign-specifications/images/ME4L-4-Services-Arrow-Left.eps | https://www.nzta.govt.nz/assets/resources/traffic-control-devices-manual/sign-specifications/images/ME4L-4-Services-Arrow-Left-nolabels.gif,Original EPS/Motorist service/ME4L-4-Services-Arrow-Left.eps | Original EPS/Motorist service/ME4L-4-Services-Arrow-Left-nolabels.gif
Motorist service,739,A22-2B,ME4R,MS-4.4,"Position, rectangular type, four services, arrow facing right",8 December 2016,,"a 830 b 1200 Height to fit number of symbols r 50 c 25 d 80 e : Arrow type D 300 f : Arrow shaft 80 Symbols 300x300 (Rest Area, Public Toilets, Waste Disposal Point and Public Parking)",Background: blue Border: white Legend: white,https://www.nzta.govt.nz/assets/resources/traffic-control-devices-manual/sign-specifications/images/ME4R-4-Services-Arrow-Right.eps | https://www.nzta.govt.nz/assets/resources/traffic-control-devices-manual/sign-specifications/images/ME4R-4-Services-Arrow-Right-nolabels.gif,Original EPS/Motorist service/ME4R-4-Services-Arrow-Right.eps | Original EPS/Motorist service/ME4R-4-Services-Arrow-Right-nolabels.gif
Motorist service,732,A22-1B,ME1L,MS-4.1,"Position, rectangular type, one service, arrow facing left",8 December 2016,,a 450 b 790 r 50 c 25 d 80 e : Arrow type D 300 f : Arrow shaft 80 Symbols 300x300 (Rest Area),Background: blue Border: white Legend: white,https://www.nzta.govt.nz/assets/resources/traffic-control-devices-manual/sign-specifications/images/ME1L-Service-Arrow-Left.eps | https://www.nzta.govt.nz/assets/resources/traffic-control-devices-manual/sign-specifications/images/ME1L-Service-Arrow-Left-nolabels.gif,Original EPS/Motorist service/ME1L-Service-Arrow-Left.eps | Original EPS/Motorist service/ME1L-Service-Arrow-Left-nolabels.gif
Motorist service,733,A22-1B,ME1R,MS2-2.1.2,"Position, rectangular type, one service, arrow facing right",8 December 2016,,a 450 b 790 r 50 c 25 d 80 e : Arrow type D 300 f : Arrow shaft 80 Symbols 300x300 (Rest Area),Background: blue Border: white Legend: white,https://www.nzta.govt.nz/assets/resources/traffic-control-devices-manual/sign-specifications/images/ME1R-Service-Arrow-Right.eps | https://www.nzta.govt.nz/assets/resources/traffic-control-devices-manual/sign-specifications/images/ME1R-Service-Arrow-Right-nolabels.gif,Original EPS/Motorist service/ME1R-Service-Arrow-Right.eps | Original EPS/Motorist service/ME1R-Service-Arrow-Right-nolabels.gif
Motorist service,736,A22-2B,ME3L,MS-4.3,"Position, rectangular type, three services, arrow facing left",8 December 2016,,"a 830 b 1200 Height to fit number of symbols r 50 c 25 d 80 e : Arrow type D 300 f : Arrow shaft 80 Symbols 300x300 (Rest Area, Public Toilets and Waste Disposal Point)",Background: blue Border: white Legend: white,https://www.nzta.govt.nz/assets/resources/traffic-control-devices-manual/sign-specifications/images/ME3L-3-Services-Arrow-Left.eps | https://www.nzta.govt.nz/assets/resources/traffic-control-devices-manual/sign-specifications/images/ME3L-3-Services-Arrow-Left-nolabels.gif,Original EPS/Motorist service/ME3L-3-Services-Arrow-Left.eps | Original EPS/Motorist service/ME3L-3-Services-Arrow-Left-nolabels.gif
Motorist service,737,A22-2B,ME3R,MS-4.3,"Position, rectangular type, three services, arrow facing right",8 December 2016,,"a 830 b 1200 Height to fit number of symbols r 50 c 25 d 80 e : Arrow type D 300 f : Arrow shaft 80 Symbols 300x300 (Rest Area, Public Toilets and Waste Disposal Point)",Background: blue Border: white Legend: white,https://www.nzta.govt.nz/assets/resources/traffic-control-devices-manual/sign-specifications/images/ME3R-3-Services-Arrow-Right.eps | https://www.nzta.govt.nz/assets/resources/traffic-control-devices-manual/sign-specifications/images/ME3R-3-Services-Arrow-Right-nolabels.gif,Original EPS/Motorist service/ME3R-3-Services-Arrow-Right.eps | Original EPS/Motorist service/ME3R-3-Services-Arrow-Right-nolabels.gif
Motorist service,734,A22-2B,ME2L,MS-4.2,"Position, rectangular type, two services, arrow facing left",8 December 2016,,a 830 b 790 Height to fit number of symbols r 50 c 25 d 80 e : Arrow type D 300 f : Arrow shaft 80 Symbols 300x300 (Rest Area and Public Toilets),Background: blue Border: white Legend: white,https://www.nzta.govt.nz/assets/resources/traffic-control-devices-manual/sign-specifications/images/ME2L-2-Services-Arrow-Left.eps | https://www.nzta.govt.nz/assets/resources/traffic-control-devices-manual/sign-specifications/images/ME2L-2-Services-Arrow-Left-nolabels.gif,Original EPS/Motorist service/ME2L-2-Services-Arrow-Left.eps | Original EPS/Motorist service/ME2L-2-Services-Arrow-Left-nolabels.gif
Motorist service,735,A22-2B,ME2R,MS-4.2,"Position, rectangular type, two services, arrow facing right",8 December 2016,,a 830 b 790 Height to fit number of symbols r 50 c 25 d 80 e : Arrow type D 300 f : Arrow shaft 80 Symbols 300x300 (Rest Area and Public Toilets),Background: blue Border: white Legend: white,https://www.nzta.govt.nz/assets/resources/traffic-control-devices-manual/sign-specifications/images/ME2R-2-Services-Arrow-Right.eps | https://www.nzta.govt.nz/assets/resources/traffic-control-devices-manual/sign-specifications/images/ME2R-2-Services-Arrow-Right-nolabels.gif,Original EPS/Motorist service/ME2R-2-Services-Arrow-Right.eps | Original EPS/Motorist service/ME2R-2-Services-Arrow-Right-nolabels.gif
Motorist service,914,A22-3,MD1R,MS-3.2,[service] [distance] km chevron facing right,8 December 2016,,a 1300 Rectangle with pointed end to fit number of symbols plus distance b 450 r 50 c 25 d 330 e 130 f 120 g 100 h 75 Numeral 120D Legend 'km' Transport D Med x=75 Symbols 300x300 (Rest Area),Background: blue Border: white Legend: white,https://www.nzta.govt.nz/assets/resources/traffic-control-devices-manual/sign-specifications/images/MD1R-Service-Chevron-XX-km-Right.eps | https://www.nzta.govt.nz/assets/resources/traffic-control-devices-manual/sign-specifications/images/MD1R-Service-Chevron-XX-km-Right-nolabels.gif,Original EPS/Motorist service/MD1R-Service-Chevron-XX-km-Right.eps | Original EPS/Motorist service/MD1R-Service-Chevron-XX-km-Right-nolabels.gif
Motorist service,916,A22-3,MD2R,none,[service] [service] [distance] km chevron facing right,8 December 2016,,a 1800 Rectangle with pointed end to fit number of symbols plus distance b 450 r 50 c 25 d 330 e 130 f 120 g 100 h 75 Numeral 120D Legend 'km' Transport D Med x=75 Symbols 300x300 (Rest Area and Public Toilets),Background: blue Border: white Legend: white,https://www.nzta.govt.nz/assets/resources/traffic-control-devices-manual/sign-specifications/images/MD2R-2-Services-Chevron-XX-km-Right.eps | https://www.nzta.govt.nz/assets/resources/traffic-control-devices-manual/sign-specifications/images/MD2R-2-Services-Chevron-XX-km-Right-nolabels.gif,Original EPS/Motorist service/MD2R-2-Services-Chevron-XX-km-Right.eps | Original EPS/Motorist service/MD2R-2-Services-Chevron-XX-km-Right-nolabels.gif
Motorist service,918,A22-3,MD3R,none,[service] [service] [service] [distance] km chevron facing right,8 December 2016,,"a 2200 Rectangle with pointed end to fit number of symbols plus distance b 450 r 50 c 25 d 330 e 130 f 120 g 100 h 75 Numeral 120D Legend 'km' Transport D Med x=75 Symbols 300x300 (Rest Area, Public Toilets and Waste Disposal Point)",Background: blue Border: white Legend: white,https://www.nzta.govt.nz/assets/resources/traffic-control-devices-manual/sign-specifications/images/MD3R-3-Services-Chevron-XX-km-Right.eps | https://www.nzta.govt.nz/assets/resources/traffic-control-devices-manual/sign-specifications/images/MD3R-3-Services-Chevron-XX-km-Right-nolabels.gif,Original EPS/Motorist service/MD3R-3-Services-Chevron-XX-km-Right.eps | Original EPS/Motorist service/MD3R-3-Services-Chevron-XX-km-Right-nolabels.gif
Motorist service,920,A22-3,MD4R,none,[service] [service] [service] [service] [distance] km chevron facing right,8 December 2016,,"a 2500 Rectangle with pointed end to fit number of symbols plus distance b 450 r 50 c 25 d 330 e 130 f 120 g 100 h 75 Numeral 120D Legend 'km' Transport D Med x=75 Symbols 300x300 (Rest Area, Public Toilets, Waste Disposal Point and Public Parking)",Background: blue Border: white Legend: white,https://www.nzta.govt.nz/assets/resources/traffic-control-devices-manual/sign-specifications/images/MD4R-4-Services-Chevron-XX-km-Right.eps | https://www.nzta.govt.nz/assets/resources/traffic-control-devices-manual/sign-specifications/images/MD4R-4-Services-Chevron-XX-km-Right-nolabels.gif,Original EPS/Motorist service/MD4R-4-Services-Chevron-XX-km-Right.eps | Original EPS/Motorist service/MD4R-4-Services-Chevron-XX-km-Right-nolabels.gif
Motorist service,913,A22-3,MD1L,MS-3.2,chevron facing left [distance] km [service],8 December 2016,,a 1300 Rectangle with pointed end to fit number of symbols plus distance b 450 r 50 c 25 d 330 e 130 f 120 g 100 h 75 Numeral 120D Legend 'km' Transport D Med x=75 Symbols 300x300 (Rest Area),Background: blue Border: white Legend: white,https://www.nzta.govt.nz/assets/resources/traffic-control-devices-manual/sign-specifications/images/MD1L-Service-Chevron-XX-km-Left.eps | https://www.nzta.govt.nz/assets/resources/traffic-control-devices-manual/sign-specifications/images/MD1L-Service-Chevron-XX-km-Left-nolabels.gif,Original EPS/Motorist service/MD1L-Service-Chevron-XX-km-Left.eps | Original EPS/Motorist service/MD1L-Service-Chevron-XX-km-Left-nolabels.gif
Motorist service,915,A22-3,MD2L,none,chevron facing left [distance] km [service] [service],8 December 2016,,a 1800 Rectangle with pointed end to fit number of symbols plus distance b 450 r 50 c 25 d 330 e 130 f 120 g 100 h 75 Numeral 120D Legend 'km' Transport D Med x=75 Symbols 300x300 (Rest Area and Public Toilets),Background: blue Border: white Legend: white,https://www.nzta.govt.nz/assets/resources/traffic-control-devices-manual/sign-specifications/images/MD2L-2-Services-Chevron-XX-km-Left.eps | https://www.nzta.govt.nz/assets/resources/traffic-control-devices-manual/sign-specifications/images/MD2L-2-Services-Chevron-XX-km-Left-nolabels.gif,Original EPS/Motorist service/MD2L-2-Services-Chevron-XX-km-Left.eps | Original EPS/Motorist service/MD2L-2-Services-Chevron-XX-km-Left-nolabels.gif
Motorist service,917,A22-3,MD3L,none,chevron facing left [distance] km [service] [service] [service],8 December 2016,,"a 2200 Rectangle with pointed end to fit number of symbols plus distance b 450 r 50 c 25 d 330 e 130 f 120 g 100 h 75 Numeral 120D Legend 'km' Transport D Med x=75 Symbols 300x300 (Rest Area, Public Toilets and Waste Disposal Point)",Background: blue Border: white Legend: white,https://www.nzta.govt.nz/assets/resources/traffic-control-devices-manual/sign-specifications/images/MD3L-3-Services-Chevron-XX-km-Left.eps | https://www.nzta.govt.nz/assets/resources/traffic-control-devices-manual/sign-specifications/images/MD3L-3-Services-Chevron-XX-km-Left-nolabels.gif,Original EPS/Motorist service/MD3L-3-Services-Chevron-XX-km-Left.eps | Original EPS/Motorist service/MD3L-3-Services-Chevron-XX-km-Left-nolabels.gif
Motorist service,919,A22-3,MD4L,none,chevron facing left [distance] km [service] [service] [service] [service],8 December 2016,,"a 2500 Rectangle with pointed end to fit number of symbols plus distance b 450 r 50 c 25 d 330 e 130 f 120 g 100 h 75 Numeral 120D Legend 'km' Transport D Med x=75 Symbols 300x300 (Rest Area, Public Toilets, Waste Disposal Point and Public Parking)",Background: blue Border: white Legend: white,https://www.nzta.govt.nz/assets/resources/traffic-control-devices-manual/sign-specifications/images/MD4L-4-Services-Chevron-XX-km-Left.eps | https://www.nzta.govt.nz/assets/resources/traffic-control-devices-manual/sign-specifications/images/MD4L-4-Services-Chevron-XX-km-Left-nolabels.gif,Original EPS/Motorist service/MD4L-4-Services-Chevron-XX-km-Left.eps | Original EPS/Motorist service/MD4L-4-Services-Chevron-XX-km-Left-nolabels.gif
Tourist,1086,A31-1B,VF1R,None,Advance Tourist Right/Distance/On Right/(1 Symbol),17 March 2017,,a 600 b 1000 c 300 d 25 e 240 Radius 50 Type Numerals: 120D “m”: Transport Medium ‘x’ height 80mm “ON RIGHT”: 120D,Reflectorised White Reflectorised Brown,https://www.nzta.govt.nz/assets/resources/traffic-control-devices-manual/sign-specifications/images/A31-1.1-Advance-Tourist-ON-600x1000-Right.eps | https://www.nzta.govt.nz/assets/resources/traffic-control-devices-manual/sign-specifications/images/A31-1.1-Advance-Tourist-ON-600x1000-Right-nolabels.gif,Original EPS/Tourist/A31-1.1-Advance-Tourist-ON-600x1000-Right.eps | Original EPS/Tourist/A31-1.1-Advance-Tourist-ON-600x1000-Right-nolabels.gif
Tourist,1095,A31-3B,VG2R,None,Advance Tourist TURN RIGHT/Distance/(2 Symbols),17 March 2017,,"a 1200 b 900 c 300 d 25 e 240 f 60 Radius 50 Type “TURN RIGHT”: 120D Numerals: 120D “m”: Transport Medium ‘x’ height 80mm Note 1 The copyright of the lookout symbol is owned by Standard New Zealand. The symbol is Figure A67 in NZS 8603:2005, Design and Application of Outdoor Recreation Symbols. Reproduction of the symbol is subject to copyright and requires the purchase of NZS 8603:2005 CD ROM. Fo",Reflectorised White Reflectorised Brown,https://www.nzta.govt.nz/assets/resources/traffic-control-devices-manual/sign-specifications/images/A31-3.2B-Advance-Tourist-TURN-RIGHT-1200x900.eps | https://www.nzta.govt.nz/assets/resources/traffic-control-devices-manual/sign-specifications/images/A31-3.2B-Advance-Tourist-TURN-RIGHT-1200x900-nolabels.gif,Original EPS/Tourist/A31-3.2B-Advance-Tourist-TURN-RIGHT-1200x900.eps | Original EPS/Tourist/A31-3.2B-Advance-Tourist-TURN-RIGHT-1200x900-nolabels.gif
Tourist,1100,A31-3A,VB1L,None,Advance Tourist Turn Left /Distance/(1 feature),17 March 2017,,a 1400 (length to suit message) b 750 c 85 d 25 Radius 50 Type Feature: 120D (upper and lower case) “TURN LEFT”: 120D (upper case) Numerals: 120D “m”: Transport Medium ‘x’ height 80mm,Reflectorised White Reflectorised Brown,https://www.nzta.govt.nz/assets/resources/traffic-control-devices-manual/sign-specifications/images/A31-3.1A-Advance-Tourist-TURN-LEFT-1400x750.eps | https://www.nzta.govt.nz/assets/resources/traffic-control-devices-manual/sign-specifications/images/A31-3.1A-Advance-Tourist-TURN-LEFT-1400x750-nolabels.gif,Original EPS/Tourist/A31-3.1A-Advance-Tourist-TURN-LEFT-1400x750.eps | Original EPS/Tourist/A31-3.1A-Advance-Tourist-TURN-LEFT-1400x750-nolabels.gif
Tourist,1104,A31-3A,VB3L,None,Advance Tourist Turn Left /Distance/(3 features),17 March 2017,,"a 1200 (variable, length to suit message) b 1050 c 25 Radius 50 Type Feature: 120D (upper and lower case) “TURN LEFT”: 120D (upper case) Numerals: 120D “m”: Transport Medium ‘x’ height 80mm",Reflectorised White Reflectorised Brown,https://www.nzta.govt.nz/assets/resources/traffic-control-devices-manual/sign-specifications/images/A31-3.3A-Advance-Tourist-TURN-LEFT-1200x1050.eps | https://www.nzta.govt.nz/assets/resources/traffic-control-devices-manual/sign-specifications/images/A31-3.3A-Advance-Tourist-TURN-LEFT-1200x1050-nolabels.gif,Original EPS/Tourist/A31-3.3A-Advance-Tourist-TURN-LEFT-1200x1050.eps | Original EPS/Tourist/A31-3.3A-Advance-Tourist-TURN-LEFT-1200x1050-nolabels.gif
Tourist,1106,A31-3A,VB4L,None,Advance Tourist Turn Left /Distance/(4 Features),17 March 2017,,"a 1400 (variable, length to suit message) b 1200 c 25 Radius 50 Type Feature: 120D (upper and lower case) “TURN LEFT”: 120D (upper case) Numerals: 120D “m”: Transport Medium ‘x’ height 80mm",Reflectorised White Reflectorised Brown,https://www.nzta.govt.nz/assets/resources/traffic-control-devices-manual/sign-specifications/images/A31-3.4A-Advance-Tourist-TURN-LEFT-1400x1200.eps | https://www.nzta.govt.nz/assets/resources/traffic-control-devices-manual/sign-specifications/images/A31-3.4A-Advance-Tourist-TURN-LEFT-1400x1200-nolabels.gif,Original EPS/Tourist/A31-3.4A-Advance-Tourist-TURN-LEFT-1400x1200.eps | Original EPS/Tourist/A31-3.4A-Advance-Tourist-TURN-LEFT-1400x1200-nolabels.gif
Tourist,1092,A31-3B,VG1L,None,Advance Tourist Turn Left/Distance/(1 symbol),17 March 2017,,a 600 b 1000 c 300 d 25 e 240 Radius 50 Type “TURN LEFT”: 120D Numerals: 120D “m”: Transport Medium ‘x’ height 80mm,Reflectorised White Reflectorised Brown,https://www.nzta.govt.nz/assets/resources/traffic-control-devices-manual/sign-specifications/images/A31-3.1B-Advance-Tourist-TURN-LEFT-600x1000.eps | https://www.nzta.govt.nz/assets/resources/traffic-control-devices-manual/sign-specifications/images/A31-3.1B-Advance-Tourist-TURN-LEFT-600x1000-nolabels.gif,Original EPS/Tourist/A31-3.1B-Advance-Tourist-TURN-LEFT-600x1000.eps | Original EPS/Tourist/A31-3.1B-Advance-Tourist-TURN-LEFT-600x1000-nolabels.gif
Tourist,1102,A31-3A,VB2L,None,Advance Tourist Turn Left/Distance/(2 Features),17 March 2017,,"a 1200 (variable, length to suit message) b 900 c 25 Radius 50 Type Features: 120D (upper and lower case) “TURN LEFT”: 120D (upper case) Numerals: 120D “m”: Transport Medium ‘x’ height 80mm",Reflectorised White Reflectorised Brown,https://www.nzta.govt.nz/assets/resources/traffic-control-devices-manual/sign-specifications/images/A31-3.2A-Advance-Tourist-TURN-LEFT-1200x900.eps | https://www.nzta.govt.nz/assets/resources/traffic-control-devices-manual/sign-specifications/images/A31-3.2A-Advance-Tourist-TURN-LEFT-1200x900-nolabels.gif,Original EPS/Tourist/A31-3.2A-Advance-Tourist-TURN-LEFT-1200x900.eps | Original EPS/Tourist/A31-3.2A-Advance-Tourist-TURN-LEFT-1200x900-nolabels.gif
Tourist,1094,A31-3B,VG2L,None,Advance Tourist Turn Left/Distance/(2 Symbols),17 March 2017,,"a 1200 b 900 c 300 d 25 e 240 f 60 Radius 50 Type “TURN LEFT”: 120D Numerals: 120D “m”: Transport Medium ‘x’ height 80mm Note 1 The copyright of the lookout symbol is owned by Standard New Zealand. The symbol is Figure A67 in NZS 8603:2005, Design and Application of Outdoor Recreation Symbols. Reproduction of the symbol is subject to copyright and requires the purchase of NZS 8603:2005 CD ROM. For",Reflectorised White Reflectorised Brown,https://www.nzta.govt.nz/assets/resources/traffic-control-devices-manual/sign-specifications/images/A31-3.2B-Advance-Tourist-TURN-LEFT-1200x900.eps | https://www.nzta.govt.nz/assets/resources/traffic-control-devices-manual/sign-specifications/images/A31-3.2B-Advance-Tourist-TURN-LEFT-1200x900-nolabels.gif,Original EPS/Tourist/A31-3.2B-Advance-Tourist-TURN-LEFT-1200x900.eps | Original EPS/Tourist/A31-3.2B-Advance-Tourist-TURN-LEFT-1200x900-nolabels.gif
Tourist,1096,A31-3B,VG3L,None,Advance Tourist Turn Left/Distance/(3 Symbols),17 March 2017,,"a 1300 b 900 c 300 d 25 e 240 f 60 Radius 50 Type “TURN LEFT”: 120D Numerals: 120D “m”: Transport Medium ‘x’ height 80mm Note 1 The copyright of the lookout symbol is owned by Standards New Zealand. The symbol is Figure A67 in NZS 8603:2005, Design and Application of Outdoor Recreation Symbols. Reproduction of the symbol is subject to copyright and requires the purchase of NZS 8603:2005 CD ROM. Fo",Reflectorised White Reflectorised Brown,https://www.nzta.govt.nz/assets/resources/traffic-control-devices-manual/sign-specifications/images/A31-3.3B-Advance-Tourist-TURN-LEFT-1300x900.eps | https://www.nzta.govt.nz/assets/resources/traffic-control-devices-manual/sign-specifications/images/A31-3.3B-Advance-Tourist-TURN-LEFT-1300x900-nolabels.gif,Original EPS/Tourist/A31-3.3B-Advance-Tourist-TURN-LEFT-1300x900.eps | Original EPS/Tourist/A31-3.3B-Advance-Tourist-TURN-LEFT-1300x900-nolabels.gif
Tourist,1098,A31-3B,VG4L,None,Advance Tourist Turn Left/Distance/4 Symbols,17 March 2017,,"a 1800 b 900 c 300 d 25 e 240 f 60 Radius 50 Type “TURN LEFT”: 120D Numerals: 120D “m”: Transport Medium ‘x’ height 80mm Note 1 The copyright of the lookout and camera symbols is owned by Standard New Zealand. The symbols are Figure A67 and Figure A76 in NZS 8603:2005, Design and Application of Outdoor Recreation Symbols. Reproduction of the symbols is subject to copyright and requires the purchas",Reflectorised White Reflectorised Brown,https://www.nzta.govt.nz/assets/resources/traffic-control-devices-manual/sign-specifications/images/A31-4.4B-Advance-Tourist-TURN-LEFT-1800x900.eps | https://www.nzta.govt.nz/assets/resources/traffic-control-devices-manual/sign-specifications/images/A31-3.4B-Advance-Tourist-TURN-LEFT-1800x900-nolabels.gif,Original EPS/Tourist/A31-4.4B-Advance-Tourist-TURN-LEFT-1800x900.eps | Original EPS/Tourist/A31-3.4B-Advance-Tourist-TURN-LEFT-1800x900-nolabels.gif
Tourist,1101,A31-3A,VB1R,None,Advance Tourist Turn Right/Distance/(1 Feature),17 March 2017,,"a 1400 (variable, length to suit message) b 750 c 85 d 25 Radius 50 Type Feature: 120D (upper and lower case) “TURN RIGHT”: 120D (upper case) Numerals: 120D “m”: Transport Medium ‘x’ height 80mm",Reflectorised White Reflectorised Brown,https://www.nzta.govt.nz/assets/resources/traffic-control-devices-manual/sign-specifications/images/A31-3.1A-Advance-Tourist-TURN-RIGHT-1400x750.eps | https://www.nzta.govt.nz/assets/resources/traffic-control-devices-manual/sign-specifications/images/A31-3.1A-Advance-Tourist-TURN-RIGHT-1400x750-nolabels.gif,Original EPS/Tourist/A31-3.1A-Advance-Tourist-TURN-RIGHT-1400x750.eps | Original EPS/Tourist/A31-3.1A-Advance-Tourist-TURN-RIGHT-1400x750-nolabels.gif
Tourist,1093,A31-3B,VG1R,None,Advance Tourist Turn Right/Distance/(1 symbol),17 March 2017,,a 600 b 1000 c 300 d 25 e 240 r 50 Type: “TURN RIGHT”: 120D Numerals: 120D “m”: Transport Medium ‘x’ height 80mm,Reflectorised White Reflectorised Brown,https://www.nzta.govt.nz/assets/resources/traffic-control-devices-manual/sign-specifications/images/A31-3.1B-Advance-Tourist-TURN-RIGHT-600x1000.eps | https://www.nzta.govt.nz/assets/resources/traffic-control-devices-manual/sign-specifications/images/A31-3.1B-Advance-Tourist-TURN-RIGHT-600x1000-nolabels.gif,Original EPS/Tourist/A31-3.1B-Advance-Tourist-TURN-RIGHT-600x1000.eps | Original EPS/Tourist/A31-3.1B-Advance-Tourist-TURN-RIGHT-600x1000-nolabels.gif
Tourist,1103,A31-3A,VB2R,None,Advance Tourist Turn Right/Distance/(2 Features),17 March 2017,,"a 1200 (variable, length to suit message) b 900 c 25 Radius 50 Type Features: 120D (upper and lower case) “TURN RIGHT”: 120D (upper case) Numerals: 120D “m”: Transport Medium ‘x’ height 80mm",Reflectorised White Reflectorised Brown,https://www.nzta.govt.nz/assets/resources/traffic-control-devices-manual/sign-specifications/images/A31-3.2A-Advance-Tourist-TURN-RIGHT-1200x900.eps | https://www.nzta.govt.nz/assets/resources/traffic-control-devices-manual/sign-specifications/images/A31-3.2A-Advance-Tourist-TURN-RIGHT-1200x900-nolabels.gif,Original EPS/Tourist/A31-3.2A-Advance-Tourist-TURN-RIGHT-1200x900.eps | Original EPS/Tourist/A31-3.2A-Advance-Tourist-TURN-RIGHT-1200x900-nolabels.gif
Tourist,1097,A31-3B,VG3R,None,Advance Tourist Turn Right/Distance/(3 Symbols),17 March 2017,,"a 1300 b 900 c 300 d 25 e 240 f 60 Radius 50 Type “TURN RIGHT”: 120D Numerals: 120D “m”: Transport Medium ‘x’ height 80mm Note 1 The copyright of the lookout symbol is owned by Standard New Zealand. The symbol is Figure A67 in NZS 8603:2005, Design and Application of Outdoor Recreation Symbols. Reproduction of the symbol is subject to copyright and requires the purchase of NZS 8603:2005 CD ROM. Fo",Reflectorised White Reflectorised Brown,https://www.nzta.govt.nz/assets/resources/traffic-control-devices-manual/sign-specifications/images/A31-3.3B-Advance-Tourist-TURN-RIGHT-1300x900.eps | https://www.nzta.govt.nz/assets/resources/traffic-control-devices-manual/sign-specifications/images/A31-3.3B-Advance-Tourist-TURN-RIGHT-1300x900-nolabels.gif,Original EPS/Tourist/A31-3.3B-Advance-Tourist-TURN-RIGHT-1300x900.eps | Original EPS/Tourist/A31-3.3B-Advance-Tourist-TURN-RIGHT-1300x900-nolabels.gif
Tourist,1105,A31-3A,VB3R,None,Advance Tourist Turn Right/Distance/3 features,17 March 2017,,"a 1200 (variable, length to suit message) b 1050 c 25 Radius 50 Type Feature: 120D (upper and lower case) “TURN RIGHT”: 120D (upper case) Numerals: 120D “m”: Transport Medium ‘x’ height 80mm",Reflectorised White Reflectorised Brown,https://www.nzta.govt.nz/assets/resources/traffic-control-devices-manual/sign-specifications/images/A31-3.3A-Advance-Tourist-TURN-RIGHT-1200x1050.eps | https://www.nzta.govt.nz/assets/resources/traffic-control-devices-manual/sign-specifications/images/A31-3.3A-Advance-Tourist-TURN-RIGHT-1200x1050-nolabels.gif,Original EPS/Tourist/A31-3.3A-Advance-Tourist-TURN-RIGHT-1200x1050.eps | Original EPS/Tourist/A31-3.3A-Advance-Tourist-TURN-RIGHT-1200x1050-nolabels.gif
Tourist,1109,A31-3A,VB4R,None,Advance Tourist Turn Right/Distance/4 Features),17 March 2017,,"a 1400 (variable, length to suit message) b 1200 c 25 Radius 50 Type Feature: 120D (upper and lower case) “TURN RIGHT”: 120D (upper case) Numerals: 120D “m”: Transport Medium ‘x’ height 80mm",Reflectorised White Reflectorised Brown,https://www.nzta.govt.nz/assets/resources/traffic-control-devices-manual/sign-specifications/images/A31-3.4A-Advance-Tourist-TURN-RIGHT-1400x1200.eps | https://www.nzta.govt.nz/assets/resources/traffic-control-devices-manual/sign-specifications/images/A31-3.4A-Advance-Tourist-TURN-RIGHT-1400x1200-nolabels.gif,Original EPS/Tourist/A31-3.4A-Advance-Tourist-TURN-RIGHT-1400x1200.eps | Original EPS/Tourist/A31-3.4A-Advance-Tourist-TURN-RIGHT-1400x1200-nolabels.gif
Tourist,1099,A31-3B,VG4R,None,Advance Tourist Turn Right/Distance/4 Symbols,17 March 2017,,"a 1800 b 900 c 300 d 25 e 240 f 60 Radius 50 Type “TURN RIGHT”: 120D Numerals: 120D “m”: Transport Medium ‘x’ height 80mm Note 1 The copyright of the lookout and camera symbols is owned by Standard New Zealand. The symbols are Figure A67 and Figure A76 in NZS 8603:2005, Design and Application of Outdoor Recreation Symbols. Reproduction of the symbols is subject to copyright and requires the purcha",Reflectorised White Reflectorised Brown,https://www.nzta.govt.nz/assets/resources/traffic-control-devices-manual/sign-specifications/images/A31-3.4B-Advance-Tourist-TURN-RIGHT-1800x900.eps | https://www.nzta.govt.nz/assets/resources/traffic-control-devices-manual/sign-specifications/images/A31-3.4B-Advance-Tourist-TURN-RIGHT-1800x900-nolabels.gif,Original EPS/Tourist/A31-3.4B-Advance-Tourist-TURN-RIGHT-1800x900.eps | Original EPS/Tourist/A31-3.4B-Advance-Tourist-TURN-RIGHT-1800x900-nolabels.gif
Tourist,1089,A31-1B,VF3L,None,Advance Tourist/Distance/On Left (3 Symbols),17 March 2017,,"a 1300 b 900 c 300 d 25 e 240 f 60 Radius 50 Type Numerals: 120D “m”: Transport Medium ‘x’ height 80mm “ON LEFT”: 120D Note 1 The copyright of the lookout symbol is owned by Standard New Zealand. The symbol is Figure A67 in NZS 8603:2005, Design and Application of Outdoor Recreation Symbols. Reproduction of the symbol is subject to copyright and requires the purchase of NZS 8603:2005 CD ROM. For m",Reflectorised White Reflectorised Brown,https://www.nzta.govt.nz/assets/resources/traffic-control-devices-manual/sign-specifications/images/A31-1.3-Advance-Tourist-ON-LEFT-1300x900.eps | https://www.nzta.govt.nz/assets/resources/traffic-control-devices-manual/sign-specifications/images/A31-1.3-Advance-Tourist-ON-LEFT-1300x900-nolabels.gif,Original EPS/Tourist/A31-1.3-Advance-Tourist-ON-LEFT-1300x900.eps | Original EPS/Tourist/A31-1.3-Advance-Tourist-ON-LEFT-1300x900-nolabels.gif
Tourist,1085,A31-1B,VF1L,None,Advance Tourist/Distance/On Left/(1 Symbol),17 March 2017,,a 600 b 1000 c 300 d 25 e 240 Radius 50 Type Numerals: 120D “m”: Transport Medium ‘x’ height 80mm “ON LEFT”: 120D,Reflectorised White Reflectorised Brown,https://www.nzta.govt.nz/assets/resources/traffic-control-devices-manual/sign-specifications/images/A31-1.1-Advance-Tourist-ON-600x1000-Left.eps | https://www.nzta.govt.nz/assets/resources/traffic-control-devices-manual/sign-specifications/images/A31-1.1-Advance-Tourist-ON-600x1000-Left-nolabels.gif,Original EPS/Tourist/A31-1.1-Advance-Tourist-ON-600x1000-Left.eps | Original EPS/Tourist/A31-1.1-Advance-Tourist-ON-600x1000-Left-nolabels.gif
Tourist,1087,A31-1B,VF2L,None,Advance Tourist/Distance/On Left/(2 Symbols),17 March 2017,,"a 900 b 900 c 300 d 25 e 240 f 60 Radius 50 Type Numerals: 120D “m”: Transport Medium ‘x’ height 80mm “ON RIGHT”: 120D Note 1 The copyright of the lookout symbol is owned by Standard New Zealand. The symbol is Figure A67 in NZS 8603:2005, Design and Application of Outdoor Recreation Symbols. Reproduction of the symbol is subject to copyright and requires the purchase of NZS 8603:2005 CD ROM. For m",Reflectorised White Reflectorised Brown,https://www.nzta.govt.nz/assets/resources/traffic-control-devices-manual/sign-specifications/images/A31-1.2-Advance-Tourist-ON-900x900-LEFT.eps | https://www.nzta.govt.nz/assets/resources/traffic-control-devices-manual/sign-specifications/images/A31-1.2-Advance-Tourist-ON-900x900-LEFT-nolabels.gif,Original EPS/Tourist/A31-1.2-Advance-Tourist-ON-900x900-LEFT.eps | Original EPS/Tourist/A31-1.2-Advance-Tourist-ON-900x900-LEFT-nolabels.gif
Tourist,1090,A31-1B,VF4L,None,Advance Tourist/Distance/On Left/(4 Symbols),17 March 2017,,"a 1800 b 900 c 300 d 25 e 240 f 100 Radius 50 Type Numerals: 120D “m”: Transport Medium ‘x’ height 80mm “ON RIGHT”: 120D Note 1 The copyright of the lookout and camera symbols is owned by Standard New Zealand. The symbols are Figure A67 and Figure A76 in NZS 8603:2005, Design and Application of Outdoor Recreation Symbols. Reproduction of these symbols is subject to copyright and requires the purch",Reflectorised White Reflectorised Brown,https://www.nzta.govt.nz/assets/resources/traffic-control-devices-manual/sign-specifications/images/A31-1.4-Advance-Tourist-ON-LEFT-1800x900.eps | https://www.nzta.govt.nz/assets/resources/traffic-control-devices-manual/sign-specifications/images/A31-1.4-Advance-Tourist-ON-LEFT-1800x900-nolabels.gif,Original EPS/Tourist/A31-1.4-Advance-Tourist-ON-LEFT-1800x900.eps | Original EPS/Tourist/A31-1.4-Advance-Tourist-ON-LEFT-1800x900-nolabels.gif
Tourist,1088,A31-1B,VF2R,None,Advance Tourist/Distance/On Right/(2 Symbols),17 March 2017,,"a 900 b 900 c 300 d 25 e 240 f 60 Radius 50 Type Numerals: 120D “m”: Transport Medium ‘x’ height 80mm “ON RIGHT”: 120D Note 1 The copyright of the lookout symbol is owned by Standard New Zealand. The symbol is Figure A67 in NZS 8603:2005, Design and Application of Outdoor Recreation Symbols. Reproduction of the symbol is subject to copyright and requires the purchase of NZS 8603:2005 CD ROM. For m",Reflectorised White Reflectorised Brown,https://www.nzta.govt.nz/assets/resources/traffic-control-devices-manual/sign-specifications/images/A31-1.2-Advance-Tourist-ON-900x900-RIGHT.eps | https://www.nzta.govt.nz/assets/resources/traffic-control-devices-manual/sign-specifications/images/A31-1.2-Advance-Tourist-ON-900x900-RIGHT-nolabels.gif,Original EPS/Tourist/A31-1.2-Advance-Tourist-ON-900x900-RIGHT.eps | Original EPS/Tourist/A31-1.2-Advance-Tourist-ON-900x900-RIGHT-nolabels.gif
Tourist,1134,A31-1B,VF3R,None,Advance Tourist/Distance/On Right/(3 Symbols),17 March 2017,,"a 1300 b 900 c 300 d 25 e 240 f 60 Radius 50 Type Numerals: 120D “m”: Transport Medium ‘x’ height 80mm “ON RIGHT”: 120D Note 1 The copyright of the lookout symbol is owned by Standard New Zealand. The symbol is Figure A67 in NZS 8603:2005, Design and Application of Outdoor Recreation Symbols. Reproduction of the symbol is subject to copyright and requires the purchase of NZS 8603:2005 CD ROM. For ",Reflectorised Brown Reflectorised White,https://www.nzta.govt.nz/assets/resources/traffic-control-devices-manual/sign-specifications/images/A31-1.3-Advance-Tourist-ON-RIGHT-1300x900.eps | https://www.nzta.govt.nz/assets/resources/traffic-control-devices-manual/sign-specifications/images/A31-1.3-Advance-Tourist-ON-RIGHT-1300x900-nolabels.gif,Original EPS/Tourist/A31-1.3-Advance-Tourist-ON-RIGHT-1300x900.eps | Original EPS/Tourist/A31-1.3-Advance-Tourist-ON-RIGHT-1300x900-nolabels.gif
Tourist,1091,A31-1B,VF4R,None,Advance Tourist/Distance/On Right/(4 Symbols),17 March 2017,,"a 1800 b 900 c 300 d 25 e 240 f 100 Radius 50 Type Numerals: 120D “m”: Transport Medium ‘x’ height 80mm “ON RIGHT”: 120D Note 1 The copyright of the lookout and camera symbols is owned by Standards New Zealand. The symbols are Figure A67 and Figure A76 in NZS 8603:2005, Design and Application of Outdoor Recreation Symbols. Reproduction of these symbols is subject to copyright and requires the purc",Reflectorised White Reflectorised Brown,https://www.nzta.govt.nz/assets/resources/traffic-control-devices-manual/sign-specifications/images/A31-1.4-Advance-Tourist-ON-RIGHT-1800x900.eps | https://www.nzta.govt.nz/assets/resources/traffic-control-devices-manual/sign-specifications/images/A31-1.4-Advance-Tourist-ON-RIGHT-1800x900-nolabels.gif,Original EPS/Tourist/A31-1.4-Advance-Tourist-ON-RIGHT-1800x900.eps | Original EPS/Tourist/A31-1.4-Advance-Tourist-ON-RIGHT-1800x900-nolabels.gif
Tourist,1083,A31-5,VAN,None,Next/Tourist/Feature/Distance Rural,21 April 2017,,"a 900 b 1200 c 400 d 35 Radius 80 Type “NEXT”: 160D Numerals: 160D “km”: Transport Medium ‘x’ height 80mm Note 1 The copyright of the lookout symbol is owned by Standard New Zealand. The symbol is Figure A67 in NZS 8603:2005, Design and Application of Outdoor Recreation Symbols. Reproduction of the symbol is subject to copyright and requires the purchase of NZS 8603:2005 CD ROM. For more informati",Reflectorised Brown Reflectorised White,https://www.nzta.govt.nz/assets/resources/traffic-control-devices-manual/sign-specifications/images/A31-5-Advance-Tourist-DISTANCE-Rural-900x1200.eps | https://www.nzta.govt.nz/assets/resources/traffic-control-devices-manual/sign-specifications/images/A31-5-Advance-Tourist-DISTANCE-Rural-900x1200-nolabels.gif,Original EPS/Tourist/A31-5-Advance-Tourist-DISTANCE-Rural-900x1200.eps | Original EPS/Tourist/A31-5-Advance-Tourist-DISTANCE-Rural-900x1200-nolabels.gif
Tourist,1084,A31-5,VAN,None,Next/Tourist/Feature/Distance Urban,28 May 2019,,"a 600 b 900 c 300 d 25 Radius 50 Type “NEXT”: 120D Numerals: 120D “km”: Transport Medium ‘x’ height 80mm Note 1 The copyright of the lookout symbol is owned by Standard New Zealand. The symbol is Figure A67 in NZS 8603:2005, Design and Application of Outdoor Recreation Symbols. Reproduction of the symbol is subject to copyright and requires the purchase of NZS 8603:2005 CD ROM. For more informatio",Reflectorised Brown Reflectorised White,https://www.nzta.govt.nz/assets/resources/traffic-control-devices-manual/sign-specifications/images/A31-5-Advance-Tourist-DISTANCE-Urban-600x900.eps | https://www.nzta.govt.nz/assets/resources/traffic-control-devices-manual/sign-specifications/images/A31-5-Advance-Tourist-DISTANCE-Urban-600x900-nolabels.gif,Original EPS/Tourist/A31-5-Advance-Tourist-DISTANCE-Urban-600x900.eps | Original EPS/Tourist/A31-5-Advance-Tourist-DISTANCE-Urban-600x900-nolabels.gif
Tourist,998,none,none,none,Tourist - combined with motorist service,24 January 2017,,a 1800 Rectangle sized to suit message b 900 Rectangle sized to suit message r 80 c 25 d 480 e 370 f 60 g 20 h : Symbol height 240 Type letters 120D,Background: brown Border: white Legend: white,https://www.nzta.govt.nz/assets/resources/traffic-control-devices-manual/sign-specifications/images/959-Tourist-combined-with-Motorist-Servicst.eps | https://www.nzta.govt.nz/assets/resources/traffic-control-devices-manual/sign-specifications/images/959-Tourist-combined-with-Motorist-Servicst-no-labels.gif,Original EPS/Tourist/959-Tourist-combined-with-Motorist-Servicst.eps | Original EPS/Tourist/959-Tourist-combined-with-Motorist-Servicst-no-labels.gif
Tourist,1110,A32-1B,VH1L,None,Tourist Attraction Chevron Facing Left (1 Symbol),17 March 2017,,"a 900 b 450 c 25 d 330 e 130 f 120 g 300 Radius 50 Note 1 The copyright of the lookout symbol is owned by Standard New Zealand. The symbol is Figure A67 in NZS 8603:2005, Design and Application of Outdoor Recreation Symbols. Reproduction of the symbol is subject to copyright and requires the purchase of NZS 8603:2005 CD ROM. For more information please contact Standards New Zealand. Telephone: 64 ",Reflectorised Brown Reflectorised White,https://www.nzta.govt.nz/assets/resources/traffic-control-devices-manual/sign-specifications/images/A32-1.1-Tourist-Left.eps | https://www.nzta.govt.nz/assets/resources/traffic-control-devices-manual/sign-specifications/images/A32-1.1-Tourist-Left-nolabels.gif,Original EPS/Tourist/A32-1.1-Tourist-Left.eps | Original EPS/Tourist/A32-1.1-Tourist-Left-nolabels.gif
Tourist,1114,A32-1B,VH3L,None,Tourist Attraction Chevron Facing Left (3 Symbols),17 March 2017,,"a 1600 b 450 c 25 d 330 e 130 f 120 g 300 h 240 i 60 Radius 50 Note 1 The copyright for the lookout symbol is owned by Standard New Zealand. The symbol is Figure A67 in NZS 8603:2005, Design and Application of Outdoor Recreation Symbols. Reproduction of the symbol is subject to copyright and requires the purchase of NZS 8603:2005 CD ROM. For more information please contact Standards New Zealand. T",Reflectorised White Reflectorised Brown,https://www.nzta.govt.nz/assets/resources/traffic-control-devices-manual/sign-specifications/images/A32-1.3-Tourist-Left-1600x450.eps | https://www.nzta.govt.nz/assets/resources/traffic-control-devices-manual/sign-specifications/images/A32-1.3-Tourist-Left-1600x450-nolabels.gif,Original EPS/Tourist/A32-1.3-Tourist-Left-1600x450.eps | Original EPS/Tourist/A32-1.3-Tourist-Left-1600x450-nolabels.gif
Tourist,1116,A32-1B,VH4L,None,Tourist Attraction Chevron Facing Left (4 Symbols),17 March 2017,,"a 2000 b 450 c 25 d 330 e 130 f 120 g 300 h 240 i 110 Radius 50 Symbols Maximised to fit an area 300 x 300 mm Note 1 The copyright of the lookout and camera symbols is owned by Standard New Zealand. The symbols are Figure A67 and Figure A76 in NZS 8603:2005, Design and Application of Outdoor Recreation Symbols. Reproduction of the symbols is subject to copyright and requires the purchase of NZS 86",Reflectorised White Reflectorised Brown,https://www.nzta.govt.nz/assets/resources/traffic-control-devices-manual/sign-specifications/images/A32-1.4-Tourist-Left-2000x450.eps | https://www.nzta.govt.nz/assets/resources/traffic-control-devices-manual/sign-specifications/images/A32-1.4-Tourist-Left-2000x450-nolabels.gif,Original EPS/Tourist/A32-1.4-Tourist-Left-2000x450.eps | Original EPS/Tourist/A32-1.4-Tourist-Left-2000x450-nolabels.gif
Tourist,1111,A32-1B,VH1R,None,Tourist Attraction Chevron Facing Right (1 Symbol),17 March 2017,,"a 900 b 450 c 25 d 330 e 130 f 120 g 300 Radius 50 Note 1 The copyright of the lookout symbol is owned by Standard New Zealand. The symbol is Figure A67 in NZS 8603:2005, Design and Application of Outdoor Recreation Symbols. Reproduction of the symbol is subject to copyright and requires the purchase of NZS 8603:2005 CD ROM. For more information please contact Standards New Zealand. Telephone: 64 ",Reflectorised White Reflectorised Brown,https://www.nzta.govt.nz/assets/resources/traffic-control-devices-manual/sign-specifications/images/A32-1.1-Tourist-Right.eps | https://www.nzta.govt.nz/assets/resources/traffic-control-devices-manual/sign-specifications/images/A32-1.1-Tourist-Right-nolabels.gif,Original EPS/Tourist/A32-1.1-Tourist-Right.eps | Original EPS/Tourist/A32-1.1-Tourist-Right-nolabels.gif
Tourist,1113,A32-1B,VH2R,None,Tourist Attraction Chevron Facing Right (2 Symbols),17 March 2017,,"a 1200 b 450 c 25 d 330 e 130 f 120 g 300 h 240 i 60 Radius 50 Note 1 The copyright of the lookout symbol is owned by Standard New Zealand. The symbol is Figure A67 in NZS 8603:2005, Design and Application of Outdoor Recreation Symbols. Reproduction of the symbol is subject to copyright and requires the purchase of NZS 8603:2005 CD ROM. For more information please contact Standards New Zealand. Te",Reflectorised White Reflectorised Brown,https://www.nzta.govt.nz/assets/resources/traffic-control-devices-manual/sign-specifications/images/A32-1.2-Tourist-Right-1200x450.eps | https://www.nzta.govt.nz/assets/resources/traffic-control-devices-manual/sign-specifications/images/A32-1.2-Tourist-Right-1200x450-nolabels.gif,Original EPS/Tourist/A32-1.2-Tourist-Right-1200x450.eps | Original EPS/Tourist/A32-1.2-Tourist-Right-1200x450-nolabels.gif
Tourist,1115,A32-1B,VH3R,None,Tourist Attraction Chevron Facing Right (3 Symbols),17 March 2017,,"a 1600 b 450 c 25 d 330 e 130 f 120 g 300 h 240 i 60 Radius 50 Note 1 The copyright for the lookout symbol is owned by Standard New Zealand. The symbol is Figure A67 in NZS 8603:2005, Design and Application of Outdoor Recreation Symbols. Reproduction of the symbol is subject to copyright and requires the purchase of NZS 8603:2005 CD ROM. For more information please contact Standards New Zealand. T",Reflectorised Brown Reflectorised White,https://www.nzta.govt.nz/assets/resources/traffic-control-devices-manual/sign-specifications/images/A32-1.3-Tourist-Right-1600x450.eps | https://www.nzta.govt.nz/assets/resources/traffic-control-devices-manual/sign-specifications/images/A32-1.3-Tourist-Right-1600x450-nolabels.gif,Original EPS/Tourist/A32-1.3-Tourist-Right-1600x450.eps | Original EPS/Tourist/A32-1.3-Tourist-Right-1600x450-nolabels.gif
Tourist,1117,A32-1B,VH4R,None,Tourist Attraction Chevron Facing Right (4 Symbols),17 March 2017,,"a 2000 b 450 c 25 d 330 e 130 f 120 g 300 h 240 i 110 Radius 50 Symbols Maximised to fit an area 300 x 300 mm Note 1 The copyright of the lookout and camera symbols is owned by Standard New Zealand. The symbols are Figure A67 and Figure A76 in NZS 8603:2005, Design and Application of Outdoor Recreation Symbols. Reproduction of the symbols is subject to copyright and requires the purchase of NZS 86",Reflectorised White Reflectorised Brown,https://www.nzta.govt.nz/assets/resources/traffic-control-devices-manual/sign-specifications/images/A32-1.4-Tourist-Right-2000x450.eps | https://www.nzta.govt.nz/assets/resources/traffic-control-devices-manual/sign-specifications/images/A32-1.4-Tourist-Right-2000x450-nolabels.gif,Original EPS/Tourist/A32-1.4-Tourist-Right-2000x450.eps | Original EPS/Tourist/A32-1.4-Tourist-Right-2000x450-nolabels.gif
Tourist,1112,A32-1B,VH2L,None,Tourist Attractions Chevron Facing Left (2 Symbols),17 March 2017,,"a 1200 b 450 c 25 d 330 e 130 f 120 g 300 h 240 i 60 Radius 50 Note 1 The copyright of the lookout symbol is owned by Standard New Zealand. The symbol is Figure A67 in NZS 8603:2005, Design and Application of Outdoor Recreation Symbols. Reproduction of the symbol is subject to copyright and requires the purchase of NZS 8603:2005 CD ROM. For more information please contact Standards New Zealand. Te",Reflectorised White Reflectorised Brown,https://www.nzta.govt.nz/assets/resources/traffic-control-devices-manual/sign-specifications/images/A32-1.2-Tourist-Left-1200x450.eps | https://www.nzta.govt.nz/assets/resources/traffic-control-devices-manual/sign-specifications/images/A32-1.2-Tourist-Left-1200x450-nolabels.gif,Original EPS/Tourist/A32-1.2-Tourist-Left-1200x450.eps | Original EPS/Tourist/A32-1.2-Tourist-Left-1200x450-nolabels.gif
Tourist,1126,A32-3B,VJ1L,None,Tourist Feature Arrow Left (1 Symbol),17 March 2017,,"a 450 b 900 c 300 d 25 Radius 50 Arrow Type D, shaft = 80 mm",Reflectorised White Reflectorised Brown,https://www.nzta.govt.nz/assets/resources/traffic-control-devices-manual/sign-specifications/images/A32-3.1-Tourist-Feature-Arrow-Left-450x900.eps | https://www.nzta.govt.nz/assets/resources/traffic-control-devices-manual/sign-specifications/images/A32-3.1-Tourist-Feature-Arrow-Left-450x900-nolabels.gif,Original EPS/Tourist/A32-3.1-Tourist-Feature-Arrow-Left-450x900.eps | Original EPS/Tourist/A32-3.1-Tourist-Feature-Arrow-Left-450x900-nolabels.gif
Tourist,1128,A32-3B,VJ2L,None,Tourist Feature Arrow Left (2 Symbols),17 March 2017,,"a 900 b 900 c 300 d 25 e 240 f 60 Radius 50 Arrow Type D, shaft = 80 mm Note 1 The copyright of the lookout symbol is owned by Standard New Zealand. The symbol is Figure A67 in NZS 8603:2005, Design and Application of Outdoor Recreation Symbols. Reproduction of the symbol is subject to copyright and requires the purchase of NZS 8603:2005 CD ROM. For more information please contact Standards New Ze",Reflectorised White Reflectorised Brown,https://www.nzta.govt.nz/assets/resources/traffic-control-devices-manual/sign-specifications/images/A32-3.2-Tourist-Feature-Arrow-Left-900x900.eps | https://www.nzta.govt.nz/assets/resources/traffic-control-devices-manual/sign-specifications/images/A32-3.2-Tourist-Feature-Arrow-Left-900x900-nolabels.gif,Original EPS/Tourist/A32-3.2-Tourist-Feature-Arrow-Left-900x900.eps | Original EPS/Tourist/A32-3.2-Tourist-Feature-Arrow-Left-900x900-nolabels.gif
Tourist,1130,A32-3B,VJ3L,None,Tourist Feature Arrow Left (3 Symbols),17 March 2017,,"a 900 b 1200 c 300 d 25 e 240 f 60 Radius 50 Arrow Type D, shaft = 80 mm Note 1 The copyright of the lookout symbol is owned by Standard New Zealand. The symbol is Figure A67 in NZS 8603:2005, Design and Application of Outdoor Recreation Symbols. Reproduction of the symbol is subject to copyright and requires the purchase of NZS 8603:2005 CD ROM. For more information please contact Standards New Z",Reflectorised White Reflectorised Brown,https://www.nzta.govt.nz/assets/resources/traffic-control-devices-manual/sign-specifications/images/A32-3.3-Tourist-Feature-Arrow-Left-900x1200.eps | https://www.nzta.govt.nz/assets/resources/traffic-control-devices-manual/sign-specifications/images/A32-3.3-Tourist-Feature-Arrow-Left-900x1200-nolabels.gif,Original EPS/Tourist/A32-3.3-Tourist-Feature-Arrow-Left-900x1200.eps | Original EPS/Tourist/A32-3.3-Tourist-Feature-Arrow-Left-900x1200-nolabels.gif
Tourist,1132,A32-3B,VJ4L,None,Tourist Feature Arrow Left (4 Symbols),17 March 2017,,"a 900 b 1200 c 300 d 25 e 240 f 60 Radius 50 Arrow Type D, shaft = 80 mm Note 1 The copyright for the lookout and camera symbols are owned by Standard New Zealand. The symbols are Figure A67 and Figure A76 in NZS 8603:2005, Design and Application of Outdoor Recreation Symbols. Reproduction of the symbols is subject to copyright and requires the purchase of NZS 8603:2005 CD ROM. For more informatio",Reflectorised White Reflectorised Brown,https://www.nzta.govt.nz/assets/resources/traffic-control-devices-manual/sign-specifications/images/A32-3.4-Tourist-Feature-Arrow-Left-900x1200.eps | https://www.nzta.govt.nz/assets/resources/traffic-control-devices-manual/sign-specifications/images/A32-3.4-Tourist-Feature-Arrow-Left-900x1200-nolabels.gif,Original EPS/Tourist/A32-3.4-Tourist-Feature-Arrow-Left-900x1200.eps | Original EPS/Tourist/A32-3.4-Tourist-Feature-Arrow-Left-900x1200-nolabels.gif
Tourist,1127,A32-3B,VJ1R,None,Tourist Feature Arrow Right (1 Symbol),17 March 2017,,"a 450 b 900 c 300 d 25 Radius 50 Arrow Type D, shaft = 80 mm",Reflectorised White Reflectorised Brown,https://www.nzta.govt.nz/assets/resources/traffic-control-devices-manual/sign-specifications/images/A32-3.1-Tourist-Feature-Arrow-Right-450x900.eps | https://www.nzta.govt.nz/assets/resources/traffic-control-devices-manual/sign-specifications/images/A32-3.1-Tourist-Feature-Arrow-Right-450x900-nolabels.gif,Original EPS/Tourist/A32-3.1-Tourist-Feature-Arrow-Right-450x900.eps | Original EPS/Tourist/A32-3.1-Tourist-Feature-Arrow-Right-450x900-nolabels.gif
Tourist,1129,A32-3B,VJ2R,None,Tourist Feature Arrow Right (2 Symbols),17 March 2017,,"a 900 b 900 c 300 d 25 e 240 f 60 Radius 50 Arrow Type D, shaft = 80 mm Note 1 The copyright of the lookout symbol is owned by Standard New Zealand. The symbol is Figure A67 in NZS 8603:2005, Design and Application of Outdoor Recreation Symbols. Reproduction of the symbol is subject to copyright and requires the purchase of NZS 8603:2005 CD ROM. For more information please contact Standards New Ze",Reflectorised Brown Reflectorised White,https://www.nzta.govt.nz/assets/resources/traffic-control-devices-manual/sign-specifications/images/A32-3.2-Tourist-Feature-Arrow-Right-900x900.eps | https://www.nzta.govt.nz/assets/resources/traffic-control-devices-manual/sign-specifications/images/A32-3.2-Tourist-Feature-Arrow-Right-900x900-nolabels.gif,Original EPS/Tourist/A32-3.2-Tourist-Feature-Arrow-Right-900x900.eps | Original EPS/Tourist/A32-3.2-Tourist-Feature-Arrow-Right-900x900-nolabels.gif
Tourist,1131,A32-3B,VJ3R,None,Tourist Feature Arrow Right (3 Symbols),17 March 2017,,"a 900 b 1200 c 300 d 25 e 240 f 60 Radius 50 Arrow Type D, shaft = 80 mm Note 1 The copyright of the lookout symbol is owned by Standard New Zealand. The symbol is Figure A67 in NZS 8603:2005, Design and Application of Outdoor Recreation Symbols. Reproduction of the symbol is subject to copyright and requires the purchase of NZS 8603:2005 CD ROM. For more information please contact Standards New Z",Reflectorised White Reflectorised Brown,https://www.nzta.govt.nz/assets/resources/traffic-control-devices-manual/sign-specifications/images/A32-3.3-Tourist-Feature-Arrow-Right-900x1200.eps | https://www.nzta.govt.nz/assets/resources/traffic-control-devices-manual/sign-specifications/images/A32-3.3-Tourist-Feature-Arrow-Right-900x1200-nolabels.gif,Original EPS/Tourist/A32-3.3-Tourist-Feature-Arrow-Right-900x1200.eps | Original EPS/Tourist/A32-3.3-Tourist-Feature-Arrow-Right-900x1200-nolabels.gif
Tourist,1133,A32-3B,VJ4R,None,Tourist Feature Arrow Right (4 Symbols),17 March 2017,,"a 900 b 1200 c 300 d 25 e 240 f 60 Radius 50 Arrow Type D, shaft = 80 mm Note 1 The copyright for the lookout and camera symbols are owned by Standard New Zealand. The symbols are Figure A67 and Figure A76 in NZS 8603:2005, Design and Application of Outdoor Recreation Symbols. Reproduction of the symbols is subject to copyright and requires the purchase of NZS 8603:2005 CD ROM. For more informatio",Reflectorised White Reflectorised Brown,https://www.nzta.govt.nz/assets/resources/traffic-control-devices-manual/sign-specifications/images/A32-3.4-Tourist-Feature-Arrow-Right-900x1200.eps | https://www.nzta.govt.nz/assets/resources/traffic-control-devices-manual/sign-specifications/images/A32-3.4-Tourist-Feature-Arrow-Right-900x1200-nolabels.gif,Original EPS/Tourist/A32-3.4-Tourist-Feature-Arrow-Right-900x1200.eps | Original EPS/Tourist/A32-3.4-Tourist-Feature-Arrow-Right-900x1200-nolabels.gif
Tourist,1122,A32-2B,VI3L,None,Tourist X km Chevron Facing Left (3 Symbols),17 March 2017,,"a 2100 b 450 c 25 d 330 e 130 f 120 g 300 h 240 i 60 Radius 50 Type Numerals: 120D “km”: Transport Medium ‘x’ height 60mm Note 1 The copyright of the lookout symbol is owned by Standard New Zealand. The symbol is Figure A67 in NZS 8603:2005, Design and Application of Outdoor Recreation Symbols. Reproduction of these symbols is subject to copyright and requires the purchase of NZS 8603:2005 CD ROM.",Reflectorised White Reflectorised Brown,https://www.nzta.govt.nz/assets/resources/traffic-control-devices-manual/sign-specifications/images/A32-2.3-Tourist-X-km-Chevron-Left-2100x450.eps | https://www.nzta.govt.nz/assets/resources/traffic-control-devices-manual/sign-specifications/images/A32-2.3-Tourist-X-km-Chevron-Left-2100x450-nolabels.gif,Original EPS/Tourist/A32-2.3-Tourist-X-km-Chevron-Left-2100x450.eps | Original EPS/Tourist/A32-2.3-Tourist-X-km-Chevron-Left-2100x450-nolabels.gif
Tourist,1124,A32-2B,VI4L,None,Tourist X km Chevron Facing Left (4 Symbols),17 March 2017,,"a 2400 b 450 c 25 d 330 e 130 f 120 Radius 50 Type Numerals: 120D “km”: Transport Medium ‘x’ height 60mm Note 1 The copyright for the lookout and camera symbols are owned by Standard New Zealand. The symbols are Figure A67 and Figure A76 in NZS 8603:2005, Design and Application of Outdoor Recreation Symbols. Reproduction of the symbols is subject to copyright and requires the purchase of NZS 8603:",Reflectorised White Reflectorised Brown,https://www.nzta.govt.nz/assets/resources/traffic-control-devices-manual/sign-specifications/images/A32-2.4-Tourist-X-km-Chevron-Left-2400x450.eps | https://www.nzta.govt.nz/assets/resources/traffic-control-devices-manual/sign-specifications/images/A32-2.4-Tourist-X-km-Chevron-Left-2400x450-nolabels.gif,Original EPS/Tourist/A32-2.4-Tourist-X-km-Chevron-Left-2400x450.eps | Original EPS/Tourist/A32-2.4-Tourist-X-km-Chevron-Left-2400x450-nolabels.gif
Tourist,1121,A32-2B,VI2R,None,Tourist X km Chevron Facing Right (2 Symbols),17 March 2017,,"a 1700 b 450 c 25 d 330 e 130 f 120 g 300 h 240 i 60 Radius 50 Type Numerals: 120D “km”: Transport Medium ‘x’ height 60mm Note 1 The copyright for the lookout symbol is owned Standard New Zealand. The symbol is Figure A67 in NZS 8603:2005, Design and Application of Outdoor Recreation Symbols. Reproduction of the symbol is subject to copyright and requires the purchase of NZS 8603:2005 CD ROM. For ",Reflectorised Brown Reflectorised White,https://www.nzta.govt.nz/assets/resources/traffic-control-devices-manual/sign-specifications/images/A32-2.2-Tourist-X-km-Chevron-Right-1700x450.eps | https://www.nzta.govt.nz/assets/resources/traffic-control-devices-manual/sign-specifications/images/A32-2.2-Tourist-X-km-Chevron-Right-1700x450-nolabels.gif,Original EPS/Tourist/A32-2.2-Tourist-X-km-Chevron-Right-1700x450.eps | Original EPS/Tourist/A32-2.2-Tourist-X-km-Chevron-Right-1700x450-nolabels.gif
Tourist,1123,A32-2B,VI3R,None,Tourist X km Chevron Facing Right (3 Symbols),17 March 2017,,"a 2100 b 450 c 25 d 330 e 130 f 120 g 300 h 240 i 60 Radius 50 Type Numerals: 120D “km”: Transport Medium ‘x’ height 60mm Note 1 The copyright of the lookout symbol is owned by Standard New Zealand. The symbol is Figure A67 in NZS 8603:2005, Design and Application of Outdoor Recreation Symbols. Reproduction of these symbols is subject to copyright and requires the purchase of NZS 8603:2005 CD ROM.",Reflectorised White Reflectorised Brown,https://www.nzta.govt.nz/assets/resources/traffic-control-devices-manual/sign-specifications/images/A32-2.3-Tourist-X-km-Chevron-Right-2100x450.eps | https://www.nzta.govt.nz/assets/resources/traffic-control-devices-manual/sign-specifications/images/A32-2.3-Tourist-X-km-Chevron-Right-2100x450-nolabels.gif,Original EPS/Tourist/A32-2.3-Tourist-X-km-Chevron-Right-2100x450.eps | Original EPS/Tourist/A32-2.3-Tourist-X-km-Chevron-Right-2100x450-nolabels.gif
Tourist,1125,A32-2B,VI4R,None,Tourist X km Chevron Facing Right (4 Symbols),17 March 2017,,"a 2400 b 450 c 25 d 330 e 130 f 120 Radius 50 Type Numerals: 120D “km”: Transport Medium ‘x’ height 60mm Note 1 The copyright for the lookout and camera symbols are owned by Standard New Zealand. The symbols are Figure A67 and Figure A76 in NZS 8603:2005, Design and Application of Outdoor Recreation Symbols. Reproduction of the symbols is subject to copyright and requires the purchase of NZS 8603:",Reflectorised White Reflectorised Brown,https://www.nzta.govt.nz/assets/resources/traffic-control-devices-manual/sign-specifications/images/A32-2.4-Tourist-X-km-Chevron-Right-2400x450.eps | https://www.nzta.govt.nz/assets/resources/traffic-control-devices-manual/sign-specifications/images/A32-2.4-Tourist-X-km-Chevron-Right-2400x450-nolabels.gif,Original EPS/Tourist/A32-2.4-Tourist-X-km-Chevron-Right-2400x450.eps | Original EPS/Tourist/A32-2.4-Tourist-X-km-Chevron-Right-2400x450-nolabels.gif
Tourist,1118,A32-2B,VI1L,None,Tourist Xkm Chevron Facing Left (1 Symbol),17 March 2017,,a 1300 b 450 c 25 d 330 e 130 f 120 g 300 h 240 Radius 50 Type Numerals: 120D “km”: Transport Medium ‘x’ height 60mm,Reflectorised Brown Reflectorised White,https://www.nzta.govt.nz/assets/resources/traffic-control-devices-manual/sign-specifications/images/A32-2.1-Tourist-X-km-Chevron-Left-1300x450.eps | https://www.nzta.govt.nz/assets/resources/traffic-control-devices-manual/sign-specifications/images/A32-2.1-Tourist-X-km-Chevron-Left-1300x450-nolabels.gif,Original EPS/Tourist/A32-2.1-Tourist-X-km-Chevron-Left-1300x450.eps | Original EPS/Tourist/A32-2.1-Tourist-X-km-Chevron-Left-1300x450-nolabels.gif
Tourist,1120,A32-2B,VI2L,None,Tourist Xkm Chevron Facing Left (2 Symbols),17 March 2017,,"a 1700 b 450 c 25 d 330 e 130 f 120 g 300 h 240 i 60 Radius 50 Type Numerals: 120D “km”: Transport Medium ‘x’ height 60mm Note 1 The copyright for the lookout symbol is owned Standard New Zealand. The symbol is Figure A67 in NZS 8603:2005, Design and Application of Outdoor Recreation Symbols. Reproduction of the symbol is subject to copyright and requires the purchase of NZS 8603:2005 CD ROM. For ",Reflectorised White Reflectorised Brown,https://www.nzta.govt.nz/assets/resources/traffic-control-devices-manual/sign-specifications/images/A32-2.2-Tourist-X-km-Chevron-Left-1700x450.eps | https://www.nzta.govt.nz/assets/resources/traffic-control-devices-manual/sign-specifications/images/A32-2.2-Tourist-X-km-Chevron-Left-1700x450-nolabels.gif,Original EPS/Tourist/A32-2.2-Tourist-X-km-Chevron-Left-1700x450.eps | Original EPS/Tourist/A32-2.2-Tourist-X-km-Chevron-Left-1700x450-nolabels.gif
Tourist,1119,A32-2B,VI1R,None,Tourist Xkm Chevron Facing Right (1 Symbol),17 March 2017,,a 1300 b 450 c 25 d 330 e 130 f 120 g 300 h 240 Radius 50 Type Numerals: 120D “km”: Transport Medium ‘x’ height 60mm,Reflectorised Brown Reflectorised White,https://www.nzta.govt.nz/assets/resources/traffic-control-devices-manual/sign-specifications/images/A32-2.1-Tourist-X-km-Chevron-Right-1300x450.eps | https://www.nzta.govt.nz/assets/resources/traffic-control-devices-manual/sign-specifications/images/A32-2.1-Tourist-X-km-Chevron-Right-1300x450-nolabels.gif,Original EPS/Tourist/A32-2.1-Tourist-X-km-Chevron-Right-1300x450.eps | Original EPS/Tourist/A32-2.1-Tourist-X-km-Chevron-Right-1300x450-nolabels.gif
Tourist,966,A31-1,VA1L,none,attraction (one line of text) / [distance] m / ON LEFT,28 May 2019,,a 1700 Rectangle sized to suit message b 770 r 60 c 25 d 80 Type feature (upper case) 120D Type numeral 120D Type 'm' Transport D Med x=80 Type letters 120D,Background: brown Border: white Legend: white,https://www.nzta.govt.nz/assets/resources/traffic-control-devices-manual/sign-specifications/images/VA1L-Attraction-1-Line-X-Metres-on-Left.eps | https://www.nzta.govt.nz/assets/resources/traffic-control-devices-manual/sign-specifications/images/VA1L-Attraction-1-Line-X-Metres-on-Left-nolabels.gif,Original EPS/Tourist/VA1L-Attraction-1-Line-X-Metres-on-Left.eps | Original EPS/Tourist/VA1L-Attraction-1-Line-X-Metres-on-Left-nolabels.gif
Tourist,967,A31-1,VA1R,none,attraction (one line of text) / [distance] m / ON RIGHT,28 May 2019,,a 1700 Rectangle sized to suit message b 770 r 60 c 25 d 80 Type feature (upper case) 120D Type numeral 120D Type 'm' Transport D Med x=80 Type letters 120D,Background: brown Border: white Legend: white,https://www.nzta.govt.nz/assets/resources/traffic-control-devices-manual/sign-specifications/images/VA1R-Attraction-1-Line-X-Metres-on-Right.eps | https://www.nzta.govt.nz/assets/resources/traffic-control-devices-manual/sign-specifications/images/VA1R-Attraction-1-Line-X-Metres-on-Right-nolabels.gif,Original EPS/Tourist/VA1R-Attraction-1-Line-X-Metres-on-Right.eps | Original EPS/Tourist/VA1R-Attraction-1-Line-X-Metres-on-Right-nolabels.gif
Tourist,1065,A32-2,VD1R,none,"attraction (one line of text), [distance] km, chevron facing right",24 January 2017,,a 1900 Rectangle sized to suit message b 450 r 50 c 25 d 330 e 130 f 120 Type letters 120D Type 'km' Transport D Med x=80,Background: brown Border: white Legend: white,https://www.nzta.govt.nz/assets/resources/traffic-control-devices-manual/sign-specifications/images/VD1R-Attraction-X-km-Chevron-Right.eps | https://www.nzta.govt.nz/assets/resources/traffic-control-devices-manual/sign-specifications/images/VD1R-Attraction-X-km-Chevron-Right-no-labels.gif,Original EPS/Tourist/VD1R-Attraction-X-km-Chevron-Right.eps | Original EPS/Tourist/VD1R-Attraction-X-km-Chevron-Right-no-labels.gif
Tourist,990,none,VE1L,none,"attraction (one line of text), arrow facing left",17 January 2017,,a 1300 Rectangle sized to suit message b 450 r 60 c 25 d : Arrow type D 170 e : Arrow shaft 50 f 75 Type letters 120D,Background: brown Border: white Legend: white,https://www.nzta.govt.nz/assets/resources/traffic-control-devices-manual/sign-specifications/images/VE1L-Attraction-Arrow-Left.eps | https://www.nzta.govt.nz/assets/resources/traffic-control-devices-manual/sign-specifications/images/VE1L-Attraction-Arrow-Left-nolabels.gif,Original EPS/Tourist/VE1L-Attraction-Arrow-Left.eps | Original EPS/Tourist/VE1L-Attraction-Arrow-Left-nolabels.gif
Tourist,991,none,VE1R,none,"attraction (one line of text), arrow facing right",17 January 2017,,a 1300 Rectangle sized to suit message b 450 r 60 c 25 d : Arrow type D 170 e : Arrow shaft 50 f 75 Type letters 120D,Background: brown Border: white Legend: white,https://www.nzta.govt.nz/assets/resources/traffic-control-devices-manual/sign-specifications/images/VE1R-Attraction-Arrow-Right.eps | https://www.nzta.govt.nz/assets/resources/traffic-control-devices-manual/sign-specifications/images/VE1R-Attraction-Arrow-Right-no-labels.gif,Original EPS/Tourist/VE1R-Attraction-Arrow-Right.eps | Original EPS/Tourist/VE1R-Attraction-Arrow-Right-no-labels.gif
Tourist,983,A32-1,VC1R,none,"attraction (one line of text), chevron facing right",17 January 2017,,a 1900 Rectangle sized to suit message b 450 r 50 c 25 d 330 e 130 f 120 Type letters 120D,Background: brown Border: white Legend: white,https://www.nzta.govt.nz/assets/resources/traffic-control-devices-manual/sign-specifications/images/VC1R-Attraction-Chevron-Right.eps | https://www.nzta.govt.nz/assets/resources/traffic-control-devices-manual/sign-specifications/images/VC1R-Attraction-Chevron-Right-nolabels.gif,Original EPS/Tourist/VC1R-Attraction-Chevron-Right.eps | Original EPS/Tourist/VC1R-Attraction-Chevron-Right-nolabels.gif
Tourist,972,none,VA4L,none,attraction/s (four lines of text) / [distance] m / ON LEFT,17 January 2017,,a 1700 Rectangle sized to suit message b 1300 Rectangle sized to suit message r 60 c 40 d 60 Type feature (upper case) 120D Type numeral 120D Type 'm' Transport D Med x=80 Type letters 120D,Background: brown Border: white Legend: white,https://www.nzta.govt.nz/assets/resources/traffic-control-devices-manual/sign-specifications/images/VA4L-Attraction-4-Lines-X-Metres-on-Left.eps | https://www.nzta.govt.nz/assets/resources/traffic-control-devices-manual/sign-specifications/images/VA4L-Attraction-4-Lines-X-Metres-on-Left-nolabels.gif,Original EPS/Tourist/VA4L-Attraction-4-Lines-X-Metres-on-Left.eps | Original EPS/Tourist/VA4L-Attraction-4-Lines-X-Metres-on-Left-nolabels.gif
Tourist,973,none,VA4R,none,attraction/s (four lines of text) / [distance] m / ON RIGHT,17 January 2017,,a 1700 Rectangle sized to suit message b 1300 Rectangle sized to suit message r 60 c 40 d 60 Type feature (upper case) 120D Type numeral 120D Type 'm' Transport D Med x=80 Type letters 120D,Background: brown Border: white Legend: white,https://www.nzta.govt.nz/assets/resources/traffic-control-devices-manual/sign-specifications/images/VA4R-Attraction-4-Lines-X-Metres-on-Right.eps | https://www.nzta.govt.nz/assets/resources/traffic-control-devices-manual/sign-specifications/images/VA4R-Attraction-4-Lines-X-Metres-on-Right-nolabels.gif,Original EPS/Tourist/VA4R-Attraction-4-Lines-X-Metres-on-Right.eps | Original EPS/Tourist/VA4R-Attraction-4-Lines-X-Metres-on-Right-nolabels.gif
Tourist,1068,none,VD4R,none,"attraction/s (four lines of text) [distance] km, chevron facing right",24 January 2017,,a 2700 Rectangle sized to suit message b 900 r 100 c 25 d 680 e 265 f 120 g 60 h 90 Type letters 120D Type 'km' Transport D Med x=80,Background: brown Border: white Legend: white,https://www.nzta.govt.nz/assets/resources/traffic-control-devices-manual/sign-specifications/images/VD4R-4-Attractions-X-km-Chevron-Right.eps | https://www.nzta.govt.nz/assets/resources/traffic-control-devices-manual/sign-specifications/images/VD4R-4-Attractions-X-km-Chevron-Right-no-labels.gif,Original EPS/Tourist/VD4R-4-Attractions-X-km-Chevron-Right.eps | Original EPS/Tourist/VD4R-4-Attractions-X-km-Chevron-Right-no-labels.gif
Tourist,996,none,VE4L,none,attraction/s (four lines of text) arrow facing left,24 January 2017,,a 1800 Rectangle sized to suit message b 900 r 80 c 25 d : Arrow type D 170 e : Arrow shaft 50 f 75 g 60 Type letters 120D,Background: brown Border: white Legend: white,https://www.nzta.govt.nz/assets/resources/traffic-control-devices-manual/sign-specifications/images/VE4L-4-Attractions-Arrow-Left.eps | https://www.nzta.govt.nz/assets/resources/traffic-control-devices-manual/sign-specifications/images/VE4L-4-Attractions-Arrow-Left-no-labels.gif,Original EPS/Tourist/VE4L-4-Attractions-Arrow-Left.eps | Original EPS/Tourist/VE4L-4-Attractions-Arrow-Left-no-labels.gif
Tourist,989,none,VC4R,none,"attraction/s (four lines of text), chevron facing right",17 January 2017,,a 2300 Rectangle sized to suit message b 900 r 100 c 25 d 680 e 265 f 120 g 60 Type letters 120D,Background: brown Border: white Legend: white,https://www.nzta.govt.nz/assets/resources/traffic-control-devices-manual/sign-specifications/images/VC4R-4-Attractions-Chevron-Right.eps | https://www.nzta.govt.nz/assets/resources/traffic-control-devices-manual/sign-specifications/images/VC4R-4-Attractions-Chevron-Right-nolabels.gif,Original EPS/Tourist/VC4R-4-Attractions-Chevron-Right.eps | Original EPS/Tourist/VC4R-4-Attractions-Chevron-Right-nolabels.gif
Tourist,970,none,VA3L,none,attraction/s (three lines of text) / [distance] m / ON LEFT,17 January 2017,,a 1700 Rectangle sized to suit message b 1100 r 60 c 40 d 60 Type feature (upper case) 120D Type numeral 120D Type 'm' Transport D Med x=80 Type letters 120D,Background: brown Border: white Legend: white,https://www.nzta.govt.nz/assets/resources/traffic-control-devices-manual/sign-specifications/images/VA3L-Attraction-3-Lines-X-Metres-on-Left.eps | https://www.nzta.govt.nz/assets/resources/traffic-control-devices-manual/sign-specifications/images/VA3L-Attraction-3-Lines-X-Metres-on-Left-nolabels.gif,Original EPS/Tourist/VA3L-Attraction-3-Lines-X-Metres-on-Left.eps | Original EPS/Tourist/VA3L-Attraction-3-Lines-X-Metres-on-Left-nolabels.gif
Tourist,971,none,VA3R,none,attraction/s (three lines of text) / [distance] m / ON RIGHT,17 January 2017,,a 1700 Rectangle sized to suit message b 1100 r 60 c 40 d 60 Type feature (upper case) 120D Type numeral 120D Type 'm' Transport D Med x=80 Type letters 120D,Background: brown Border: white Legend: white,https://www.nzta.govt.nz/assets/resources/traffic-control-devices-manual/sign-specifications/images/VA3R-Attraction-3-Lines-X-Metres-on-Right.eps | https://www.nzta.govt.nz/assets/resources/traffic-control-devices-manual/sign-specifications/images/VA3R-Attraction-3-Lines-X-Metres-on-Right-nolabels.gif,Original EPS/Tourist/VA3R-Attraction-3-Lines-X-Metres-on-Right.eps | Original EPS/Tourist/VA3R-Attraction-3-Lines-X-Metres-on-Right-nolabels.gif
Tourist,1067,none,VD3R,none,"attraction/s (three lines of text) [distance] km, chevron facing right",24 January 2017,,a 2500 Rectangle sized to suit message b 750 r 90 c 25 d 520 e 205 f 120 g 60 h 90 Type letters 120D Type 'km' Transport D Med x=80,Background: brown Border: white Legend: white,https://www.nzta.govt.nz/assets/resources/traffic-control-devices-manual/sign-specifications/images/VD3R-3-Attractions-X-km-Chevron-Right.eps | https://www.nzta.govt.nz/assets/resources/traffic-control-devices-manual/sign-specifications/images/VD3R-3-Attractions-X-km-Chevron-Right-no-labels.gif,Original EPS/Tourist/VD3R-3-Attractions-X-km-Chevron-Right.eps | Original EPS/Tourist/VD3R-3-Attractions-X-km-Chevron-Right-no-labels.gif
Tourist,987,none,VC3R,none,"attraction/s (three lines of text), chevron facing right",17 January 2017,,a 2100 Rectangle sized to suit message b 750 r 90 c 25 d 520 e 205 f 120 g 60 Type letters 120D,Background: brown Border: white Legend: white,https://www.nzta.govt.nz/assets/resources/traffic-control-devices-manual/sign-specifications/images/VC3R-3-Attractions-Chevron-Right.eps | https://www.nzta.govt.nz/assets/resources/traffic-control-devices-manual/sign-specifications/images/VC3R-3-Attractions-Chevron-Right-nolabels.gif,Original EPS/Tourist/VC3R-3-Attractions-Chevron-Right.eps | Original EPS/Tourist/VC3R-3-Attractions-Chevron-Right-nolabels.gif
Tourist,994,none,VE3L,none,attraction/s (three lines of text)arrow facing left,7 February 2017,,a 1800 Rectangle sized to suit message b 700 r 80 c 25 d : Arrow type D 170 e : Arrow shaft 50 f 75 g 60 Type letters 120D,Background: brown Border: white Legend: white,https://www.nzta.govt.nz/assets/resources/traffic-control-devices-manual/sign-specifications/images/VE3L-3-Attractions-Arrow-Left.eps | https://www.nzta.govt.nz/assets/resources/traffic-control-devices-manual/sign-specifications/images/VE3L-3-Attractions-Arrow-Left-no-labels.gif,Original EPS/Tourist/VE3L-3-Attractions-Arrow-Left.eps | Original EPS/Tourist/VE3L-3-Attractions-Arrow-Left-no-labels.gif
Tourist,997,none,VE4R,none,attraction/s (three lines of text)arrow facing right,24 January 2017,,a 1800 Rectangle sized to suit message b 900 r 80 c 25 d : Arrow type D 170 e : Arrow shaft 50 f 75 g 60 Type letters 120D,Background: brown Border: white Legend: white,https://www.nzta.govt.nz/assets/resources/traffic-control-devices-manual/sign-specifications/images/VE4R-4-Attractions-Arrow-Right.eps | https://www.nzta.govt.nz/assets/resources/traffic-control-devices-manual/sign-specifications/images/VE4R-4-Attractions-Arrow-Right-no-labels.gif,Original EPS/Tourist/VE4R-4-Attractions-Arrow-Right.eps | Original EPS/Tourist/VE4R-4-Attractions-Arrow-Right-no-labels.gif
Tourist,995,none,VE3R,none,attraction/s (three lines of text)arrow facing right,12 May 2016,,a 1800 Rectangle sized to suit message b 700 r 80 c 25 d : Arrow type D 170 e : Arrow shaft 50 f 75 g 60 Type letters 120D,Background: brown Border: white Legend: white,https://www.nzta.govt.nz/assets/resources/traffic-control-devices-manual/sign-specifications/images/VE3R-3-Attractions-Arrow-Right.eps,Original EPS/Tourist/VE3R-3-Attractions-Arrow-Right.eps
Tourist,968,none,VA2L,none,attraction/s (two lines of text) / [distance] m / ON LEFT,17 January 2017,,a 1700 Rectangle sized to suit message b 970 r 60 c 40 d 70 Type feature (upper case) 120D Type numeral 120D Type 'm' Transport D Med x=80 Type letters 120D,Background: brown Border: white Legend: white,https://www.nzta.govt.nz/assets/resources/traffic-control-devices-manual/sign-specifications/images/VA2L-Attraction-2-Lines-X-Metres-on-Left.eps | https://www.nzta.govt.nz/assets/resources/traffic-control-devices-manual/sign-specifications/images/VA2L-Attraction-2-Lines-X-Metres-on-Left-nolabels.gif,Original EPS/Tourist/VA2L-Attraction-2-Lines-X-Metres-on-Left.eps | Original EPS/Tourist/VA2L-Attraction-2-Lines-X-Metres-on-Left-nolabels.gif
Tourist,969,none,VA2R,none,attraction/s (two lines of text) / [distance] m / ON RIGHT,17 January 2017,,a 1700 Rectangle sized to suit message b 970 r 60 c 40 d 70 Type feature (upper case) 120D Type numeral 120D Type 'm' Transport D Med x=80 Type letters 120D,Background: brown Border: white Legend: white,https://www.nzta.govt.nz/assets/resources/traffic-control-devices-manual/sign-specifications/images/VA2R-Attraction-2-Lines-X-Metres-on-Right.eps | https://www.nzta.govt.nz/assets/resources/traffic-control-devices-manual/sign-specifications/images/VA2R-Attraction-2-Lines-X-Metres-on-Right-nolabels.gif,Original EPS/Tourist/VA2R-Attraction-2-Lines-X-Metres-on-Right.eps | Original EPS/Tourist/VA2R-Attraction-2-Lines-X-Metres-on-Right-nolabels.gif
Tourist,1066,A32-2,VD2R,none,"attraction/s (two lines of text) [distance] km, chevron facing right",24 January 2017,,a 1900 Rectangle sized to suit message b 600 r 80 c 25 d 440 e 170 f 120 g 60 h 90 Type letters 120D Type 'km' Transport D Med x=80,Background: brown Border: white Legend: white,https://www.nzta.govt.nz/assets/resources/traffic-control-devices-manual/sign-specifications/images/VD2R-2-Attractions-X-km-Chevron-Right.eps | https://www.nzta.govt.nz/assets/resources/traffic-control-devices-manual/sign-specifications/images/VD2R-2-Attractions-X-km-Chevron-Right-no-labels.gif,Original EPS/Tourist/VD2R-2-Attractions-X-km-Chevron-Right.eps | Original EPS/Tourist/VD2R-2-Attractions-X-km-Chevron-Right-no-labels.gif
Tourist,985,A32-1,VC2R,none,"attraction/s (two lines of text), chevron facing right",17 January 2017,,a 2100 Rectangle sized to suit message b 600 r 80 c 25 d 440 e 170 f 120 g 60 Type letters 120D,Background: brown Border: white Legend: white,https://www.nzta.govt.nz/assets/resources/traffic-control-devices-manual/sign-specifications/images/VC2R-2-Attractions-Chevron-Right.eps | https://www.nzta.govt.nz/assets/resources/traffic-control-devices-manual/sign-specifications/images/VC2R-2-Attractions-Chevron-Right-nolabels.gif,Original EPS/Tourist/VC2R-2-Attractions-Chevron-Right.eps | Original EPS/Tourist/VC2R-2-Attractions-Chevron-Right-nolabels.gif
Tourist,993,none,VE2R,none,attraction/s (two lines of text)arrow facing left,24 January 2017,,a 1800 Rectangle sized to suit message b 600 r 80 c 25 d : Arrow type D 170 e : Arrow shaft 50 f 75 g 60 Type letters 120D,Background: brown Border: white Legend: white,https://www.nzta.govt.nz/assets/resources/traffic-control-devices-manual/sign-specifications/images/VE2R-2-Attractions-Arrow-Right.eps | https://www.nzta.govt.nz/assets/resources/traffic-control-devices-manual/sign-specifications/images/VE2R-2-Attractions-Arrow-Right-no-labels.gif,Original EPS/Tourist/VE2R-2-Attractions-Arrow-Right.eps | Original EPS/Tourist/VE2R-2-Attractions-Arrow-Right-no-labels.gif
Tourist,992,none,VE2L,none,attraction/s (two lines of text)arrow facing left,24 January 2017,,a 1800 Rectangle sized to suit message b 600 r 80 c 25 d : Arrow type D 170 e : Arrow shaft 50 f 75 g 60 Type letters 120D,Background: brown Border: white Legend: white,https://www.nzta.govt.nz/assets/resources/traffic-control-devices-manual/sign-specifications/images/VE2L-2-Attractions-Arrow-Left.eps | https://www.nzta.govt.nz/assets/resources/traffic-control-devices-manual/sign-specifications/images/VE2L-2-Attractions-Arrow-Left-no-labels.gif,Original EPS/Tourist/VE2L-2-Attractions-Arrow-Left.eps | Original EPS/Tourist/VE2L-2-Attractions-Arrow-Left-no-labels.gif
Tourist,1061,A32-2,VD1L,none,"chevron facing left, [distance] km, attraction (one line of text)",24 January 2017,,a 1900 Rectangle sized to suit message b 450 r 50 c 25 d 330 e 130 f 120 Type letters 120D Type 'km' Transport D Med x=80,Background: brown Border: white Legend: white,https://www.nzta.govt.nz/assets/resources/traffic-control-devices-manual/sign-specifications/images/VD1L-Attraction-X-km-Chevron-Left.eps | https://www.nzta.govt.nz/assets/resources/traffic-control-devices-manual/sign-specifications/images/VD1L-Attraction-X-km-Chevron-Left-no-labels.gif,Original EPS/Tourist/VD1L-Attraction-X-km-Chevron-Left.eps | Original EPS/Tourist/VD1L-Attraction-X-km-Chevron-Left-no-labels.gif
Tourist,1064,none,VD4L,none,"chevron facing left, [distance] km, attraction/s (four lines of text)",24 January 2017,,a 2700 Rectangle sized to suit message b 900 r 100 c 25 d 680 e 265 f 120 g 60 h 90 Type letters 120D Type 'km' Transport D Med x=80,Background: brown Border: white Legend: white,https://www.nzta.govt.nz/assets/resources/traffic-control-devices-manual/sign-specifications/images/VD4L-4-Attractions-X-km-Chevron-Left.eps | https://www.nzta.govt.nz/assets/resources/traffic-control-devices-manual/sign-specifications/images/VD4L-4-Attractions-X-km-Chevron-Left-no-labels.gif,Original EPS/Tourist/VD4L-4-Attractions-X-km-Chevron-Left.eps | Original EPS/Tourist/VD4L-4-Attractions-X-km-Chevron-Left-no-labels.gif
Tourist,1063,none,VD3L,none,"chevron facing left, [distance] km, attraction/s (three lines of text)",24 January 2017,,a 2500 Rectangle sized to suit message b 750 r 90 c 25 d 520 e 205 f 120 g 60 h 90 Type letters 120D Type 'km' Transport D Med x=80,Background: brown Border: white Legend: white,https://www.nzta.govt.nz/assets/resources/traffic-control-devices-manual/sign-specifications/images/VD3L-3-Attractions-X-km-Chevron-Left.eps | https://www.nzta.govt.nz/assets/resources/traffic-control-devices-manual/sign-specifications/images/VD3L-3-Attractions-X-km-Chevron-Left-no-labels.gif,Original EPS/Tourist/VD3L-3-Attractions-X-km-Chevron-Left.eps | Original EPS/Tourist/VD3L-3-Attractions-X-km-Chevron-Left-no-labels.gif
Tourist,1062,A32-2,VD2L,none,"chevron facing left, [distance] km, attraction/s (two lines of text)",24 January 2017,,a 1900 Rectangle sized to suit message b 600 r 80 c 25 d 440 e 170 f 120 g 60 h 90 Type letters 120D Type 'km' Transport D Med x=80,Background: brown Border: white Legend: white,https://www.nzta.govt.nz/assets/resources/traffic-control-devices-manual/sign-specifications/images/VD2L-2-Attractions-X-km-Chevron-Left.eps | https://www.nzta.govt.nz/assets/resources/traffic-control-devices-manual/sign-specifications/images/VD2L-2-Attractions-X-km-Chevron-Left-no-labels.gif,Original EPS/Tourist/VD2L-2-Attractions-X-km-Chevron-Left.eps | Original EPS/Tourist/VD2L-2-Attractions-X-km-Chevron-Left-no-labels.gif
Tourist,982,A32-1,VC1L,none,"chevron facing left, attraction (one line of text)",17 January 2017,,a 1900 Rectangle sized to suit message b 450 r 50 c 25 d 330 e 130 f 120 Type letters 120D,Background: brown Border: white Legend: white,https://www.nzta.govt.nz/assets/resources/traffic-control-devices-manual/sign-specifications/images/VC1L-Attraction-Chevron-Left.eps | https://www.nzta.govt.nz/assets/resources/traffic-control-devices-manual/sign-specifications/images/VC1L-Attraction-Chevron-Left-nolabels.gif,Original EPS/Tourist/VC1L-Attraction-Chevron-Left.eps | Original EPS/Tourist/VC1L-Attraction-Chevron-Left-nolabels.gif
Tourist,988,none,VC4L,none,"chevron facing left, attraction/s (four lines of text)",17 January 2017,,a 2300 Rectangle sized to suit message b 900 r 100 c 25 d 680 e 265 f 120 g 60 Type letters 120D,Background: brown Border: white Legend: white,https://www.nzta.govt.nz/assets/resources/traffic-control-devices-manual/sign-specifications/images/VC4L-4-Attractions-Chevron-Left.eps | https://www.nzta.govt.nz/assets/resources/traffic-control-devices-manual/sign-specifications/images/VC4L-4-Attractions-Chevron-Left-nolabels.gif,Original EPS/Tourist/VC4L-4-Attractions-Chevron-Left.eps | Original EPS/Tourist/VC4L-4-Attractions-Chevron-Left-nolabels.gif
Tourist,986,none,VC3L,none,"chevron facing left, attraction/s (three lines of text)",17 January 2017,,a 2100 Rectangle sized to suit message b 750 r 90 c 25 d 520 e 205 f 120 g 60 Type letters 120D,Background: brown Border: white Legend: white,https://www.nzta.govt.nz/assets/resources/traffic-control-devices-manual/sign-specifications/images/VC3L-3-Attractions-Chevron-Left.eps | https://www.nzta.govt.nz/assets/resources/traffic-control-devices-manual/sign-specifications/images/VC3L-3-Attractions-Chevron-Left-nolabels.gif,Original EPS/Tourist/VC3L-3-Attractions-Chevron-Left.eps | Original EPS/Tourist/VC3L-3-Attractions-Chevron-Left-nolabels.gif
Tourist,984,A32-1,VC2L,none,"chevron facing left, attraction/s (two lines of text)",17 January 2017,,a 2100 Rectangle sized to suit message b 600 r 80 c 25 d 440 e 170 f 120 g 60 Type letters 120D,Background: brown Border: white Legend: white,https://www.nzta.govt.nz/assets/resources/traffic-control-devices-manual/sign-specifications/images/VC2L-2-Attractions-Chevron-Left.eps | https://www.nzta.govt.nz/assets/resources/traffic-control-devices-manual/sign-specifications/images/VC2L-2-Attractions-Chevron-Left-nolabels.gif,Original EPS/Tourist/VC2L-2-Attractions-Chevron-Left.eps | Original EPS/Tourist/VC2L-2-Attractions-Chevron-Left-nolabels.gif
Guide,1240,A11-4,GAM,none,"A11-4 Advanced Direction ‘Map’, Roundabout, multi lane",6 November 2023,,a: 3900 Rectangle sized to suit message 5250 Rectangle sized to suit message b: 2250 Rectangle sized to suit message 2670 Rectangle sized to suit message r: 280 300 c: 40 40 d: Symbolic Map lines 120 160 e: Type Locality Letters: Series Mod E 120 Series Mod E 160 f: Shield height 280 x 280 320 x 320,"Background: green (R) or blue (R) Shield: red (R), white (R) Directional Lines: white (R) Legend: white (R)",https://www.nzta.govt.nz/assets/resources/traffic-control-devices-manual/sign-specifications/images/A11-4-Roundabout-Em-120-v2.eps | https://www.nzta.govt.nz/assets/resources/traffic-control-devices-manual/sign-specifications/images/A11-4-Roundabout-Em-120-non-labelled-v2.gif,Original EPS/Guide/A11-4-Roundabout-Em-120-v2.eps
Guide,927,A11-4,GAM,none,Advance direction 'map',8 August 2022,,a 1200 Rectangle sized to suit message b 1600 Rectangle sized to suit message r 70 c 40 d : Shield 240 x 240 e : Symbolic Map lines 120 Type Locality Letters Series Mod E 120,Background: green (R) or blue (R) Border: white (R) Legend: white (R),https://www.nzta.govt.nz/assets/resources/traffic-control-devices-manual/sign-specifications/images/GAM-Advance-Direction-Map.eps | https://www.nzta.govt.nz/assets/resources/traffic-control-devices-manual/sign-specifications/images/GAM-Advance-Direction-Map-non-labelled.gif,Original EPS/Guide/GAM-Advance-Direction-Map.eps
Guide,1247,A11-4,GAM,none,Advance direction 'map' T-Junction,16 November 2023,,a: 1200 b: 1800 r: 75 c: 30 d: Shield 240 x 240 e: Symbolic Map lines 120 Type Locality Letters Series Mod E 120,Background: green (R) or blue (R) Border: white (R) Legend: white (R),https://www.nzta.govt.nz/assets/resources/traffic-control-devices-manual/sign-specifications/images/A11-4-GAM-Advance-Direction-Map-v3.eps | https://www.nzta.govt.nz/assets/resources/traffic-control-devices-manual/sign-specifications/images/A11-4-GAM-Advance-Direction-Map-non-labelled-v2.gif,Original EPS/Guide/A11-4-GAM-Advance-Direction-Map-v3.eps
Guide,926,A11-3,GA3,none,Advance direction 'stack' more than 2 localities,13 January 2017,,a 1900 Rectangle sized to suit message b 1200 Rectangle sized to suit message r 60 c 40 d 360 e 25 f : Arrow type D 260 wide g : Arrow shaft 70 h shield 230 i 60 Type Locality Series Mod E 120,Background: green (R) or blue (R) Border: white (R) Legend: white (R),https://www.nzta.govt.nz/assets/resources/traffic-control-devices-manual/sign-specifications/images/GA3-Advance-Direction-Stack-2+-Localities.eps | https://www.nzta.govt.nz/assets/resources/traffic-control-devices-manual/sign-specifications/images/GA3-Advance-Direction-Stack-2+-Localities-nolabels.gif,Original EPS/Guide/GA3-Advance-Direction-Stack-2+-Localities.eps | Original EPS/Guide/GA3-Advance-Direction-Stack-2+-Localities-nolabels.gif
Guide,923,A11-2,GA21,none,Advance direction 2 localities - both left,26 July 2022,,a 2200 Rectangle sized to suit message b 650 Rectangle sized to suit message r 60 c 40 d 80 e : Arrow type D 260 wide f : Arrow shaft 70 g 230 h 60 Type Locality Series Mod E 120,Background: green (R) or blue (R) Border: white (R) Legend: white (R),https://www.nzta.govt.nz/assets/resources/traffic-control-devices-manual/sign-specifications/images/GA21-Advance-Direction-2-Localities-Both-Left.eps | https://www.nzta.govt.nz/assets/resources/traffic-control-devices-manual/sign-specifications/images/GA21-Advance-Direction-2-Localities-Both-Left-non-labelled.gif,Original EPS/Guide/GA21-Advance-Direction-2-Localities-Both-Left.eps
Guide,925,A11-2,GA23,none,Advance direction 2 localities - both right,26 July 2022,,a 1900 Rectangle sized to suit message b 600 Rectangle sized to suit message r 60 c 40 d 80 e : Arrow type D 260 wide f : Arrow shaft 70 g 230 h 60 Type Locality Series Mod E 120,Background: green (R) or blue (R) Border: white (R) Legend: white (R),https://www.nzta.govt.nz/assets/resources/traffic-control-devices-manual/sign-specifications/images/GA23-Advance-Direction-2-Localities-Both-Right.eps | https://www.nzta.govt.nz/assets/resources/traffic-control-devices-manual/sign-specifications/images/GA23-Advance-Direction-2-Localities-Both-Right-non-labelled.gif,Original EPS/Guide/GA23-Advance-Direction-2-Localities-Both-Right.eps
Guide,924,A11-2,GA22,none,"Advance direction 2 localities - one left, one right",13 January 2017,,a 1300 Rectangle sized to suit message b 950 Rectangle sized to suit message r 60 c 40 d 80 e : Arrow type D 260 wide f : Arrow shaft 70 g 230 h 60 Type Locality Series Mod E 120 Shield 23 x 23,Background: green (R) or blue (R) Border: white (R) Legend: white (R),https://www.nzta.govt.nz/assets/resources/traffic-control-devices-manual/sign-specifications/images/GA22-Advance-Direction-2-Localities-1-Left-1-Right.eps | https://www.nzta.govt.nz/assets/resources/traffic-control-devices-manual/sign-specifications/images/GA22-Advance-Direction-2-Localities-1-Left-1-Right-no-labels.gif,Original EPS/Guide/GA22-Advance-Direction-2-Localities-1-Left-1-Right.eps | Original EPS/Guide/GA22-Advance-Direction-2-Localities-1-Left-1-Right-no-labels.gif
Guide,928,A11-5,GAU,none,Advance direction cycle route,13 January 2017,,"a 300 b 600 (Split into 3 panels - top 160, middle 200 and bottom 220mm high) r 20 c 10 d : Arrow type D 100 wide e : Arrow shaft (Top panel) 30 Cycle symbol (Middle panel) 270 x 175 Route name (Bottom panel) 40 Tpt Med",Background: top panel white (R) middle panel blue (R) bottom panel white (R) Border: blue (R) Legend: blue (R) and white (R),https://www.nzta.govt.nz/assets/resources/traffic-control-devices-manual/sign-specifications/images/GAU-Advance-Direction-Cycle-Route.eps | https://www.nzta.govt.nz/assets/resources/traffic-control-devices-manual/sign-specifications/images/GAU-Advance-Direction-Cycle-Route-nolabels.gif,Original EPS/Guide/GAU-Advance-Direction-Cycle-Route.eps | Original EPS/Guide/GAU-Advance-Direction-Cycle-Route-nolabels.gif
Guide,921,A11-1,GA11,none,Advance direction locality turn left,26 July 2022,,a 1500 Rectangle sized to suit message b 500 Rectangle sized to suit message r 60 c 40 d 50 Type Locality Series Mod E 120 Type TURN LEFT & NUMERALS 100D 'm' Transport D Med x=65,Background: green (R) or blue (R) Border: white (R) Legend: white (R),https://www.nzta.govt.nz/assets/resources/traffic-control-devices-manual/sign-specifications/images/GA11-Advance-Direction-Locality-Turn-Left.eps | https://www.nzta.govt.nz/assets/resources/traffic-control-devices-manual/sign-specifications/images/GA11-Advance-Direction-Locality-Turn-Left-non-labelled.gif,Original EPS/Guide/GA11-Advance-Direction-Locality-Turn-Left.eps
Guide,922,A11-1,GA12,none,Advance direction locality turn right,26 July 2022,,a 1500 Rectangle sized to suit message b 500 Rectangle sized to suit message r 60 c 40 d 50 Type Locality Series Mod E 120 Type TURN LEFT & NUMERALS 100D m' Transport D Med x=65,Background: green (R) or blue (R) Border: white (R) Legend: white (R),https://www.nzta.govt.nz/assets/resources/traffic-control-devices-manual/sign-specifications/images/GA12-Advance-Direction-Locality-Turn-Right.eps | https://www.nzta.govt.nz/assets/resources/traffic-control-devices-manual/sign-specifications/images/GA12-Advance-Direction-Locality-Turn-Right-non-labelled.gif,Original EPS/Guide/GA12-Advance-Direction-Locality-Turn-Right.eps
Guide,944,A12-1,GLW,none,"Advance lane designation - word message - L, R or other",17 January 2017,,a 1200 Rectangle sized to suit message b 500 Rectangle sized to suit message r 60 c 40 d 50 Type Locality Series Mod E 120 Type LEFT LANE 100D,Background: green (R) or blue (R) Border: white (R) Legend: white (R),https://www.nzta.govt.nz/assets/resources/traffic-control-devices-manual/sign-specifications/images/GLW-Advance-Lane-Designation.eps | https://www.nzta.govt.nz/assets/resources/traffic-control-devices-manual/sign-specifications/images/GLW-Advance-Lane-Designation-no-labels.gif,Original EPS/Guide/GLW-Advance-Lane-Designation.eps | Original EPS/Guide/GLW-Advance-Lane-Designation-no-labels.gif
Guide,946,A12-3A,GLE1,none,Advance lane direction - EXIT ONLY supplement,19 December 2016,,a 1700 Rectangle sized to suit message b 400 r 60 c To match width of main sign Type 200D,Background: yellow (R) Border: white (R) Legend: black,https://www.nzta.govt.nz/assets/resources/traffic-control-devices-manual/sign-specifications/images/GLE1-Advance-Lane-Direction-Exit-Only-Supplement.eps | https://www.nzta.govt.nz/assets/resources/traffic-control-devices-manual/sign-specifications/images/GLE1-Advance-Lane-Direction-Exit-Only-Supplement-no-labels.gif,Original EPS/Guide/GLE1-Advance-Lane-Direction-Exit-Only-Supplement.eps | Original EPS/Guide/GLE1-Advance-Lane-Direction-Exit-Only-Supplement-no-labels.gif
Guide,947,A12-3B,GLE2,none,Advance lane direction - EXIT [arrow] ONLY supplement,19 December 2016,,a 2100 Rectangle sized to suit message b 400 r 60 c To match width of main sign d : Arrow type D 220 wide e : Arrow shaft 60 Type 250D,Background: yellow (R) Border: white (R) Legend: black,https://www.nzta.govt.nz/assets/resources/traffic-control-devices-manual/sign-specifications/images/GLE2-Advance-Lane-Direction-Exit-Arrow-Only-Supplement.eps | https://www.nzta.govt.nz/assets/resources/traffic-control-devices-manual/sign-specifications/images/GLE2-Advance-Lane-Direction-Exit-Arrow-Only-Supplement-no-labels.gif,Original EPS/Guide/GLE2-Advance-Lane-Direction-Exit-Arrow-Only-Supplement.eps | Original EPS/Guide/GLE2-Advance-Lane-Direction-Exit-Arrow-Only-Supplement-no-labels.gif
Guide,1243,12-2,GLA,none,Advance lane direction – overhead downward facing arrow,15 November 2023,,a: 1000 Rectangle sized to suit message b: 600 Rectangle sized to suit message r: 60 c: 40 d: 70 e: Arrow type E 320 wide g: Arrow shaft 65 Type Locality: Series Mod E 120,Background: green (R) or blue (R) Border: white (R) Legend: white (R),https://www.nzta.govt.nz/assets/resources/traffic-control-devices-manual/sign-specifications/images/GLA-Advance-Lane-Direction-Overhead-Down-Arrow-v3.eps | https://www.nzta.govt.nz/assets/resources/traffic-control-devices-manual/sign-specifications/images/GLA-Advance-Lane-Direction-Overhead-Down-Arrow-non-labelled-v2.gif,Original EPS/Guide/GLA-Advance-Lane-Direction-Overhead-Down-Arrow-v3.eps
Guide,948,A15-1,GC11,CD,Confirmation direction - 1 location,17 January 2017,,a 1600 Rectangle sized to suit message b 650 Rectangle sized to suit message r 60 c 40 d 250 x 250 e 70 Type Locality Series Mod E 120 Type 'km' Series Mod E 105,Background: green (R) or blue (R) Border: white (R) Legend: white (R),https://www.nzta.govt.nz/assets/resources/traffic-control-devices-manual/sign-specifications/images/GC11-Confirmation-Direction-1-Location.eps | https://www.nzta.govt.nz/assets/resources/traffic-control-devices-manual/sign-specifications/images/GC11-Confirmation-Direction-1-Location-no-labels.gif,Original EPS/Guide/GC11-Confirmation-Direction-1-Location.eps | Original EPS/Guide/GC11-Confirmation-Direction-1-Location-no-labels.gif
Guide,949,A15-1,GC12,CD,Confirmation direction - 2 locations,17 January 2017,,a 1750 Rectangle sized to suit message b 850 Rectangle sized to suit message r 60 c 40 d 250 x 250 e 70 f 100 minimum Type Locality Series Mod E 120 Type 'km' Series Mod E 105,Background: green (R) or blue (R) Border: white (R) Legend: white (R),https://www.nzta.govt.nz/assets/resources/traffic-control-devices-manual/sign-specifications/images/GC12-Confirmation-Direction-2-Location.eps | https://www.nzta.govt.nz/assets/resources/traffic-control-devices-manual/sign-specifications/images/GC12-Confirmation-Direction-2-Location-no-labels.gif,Original EPS/Guide/GC12-Confirmation-Direction-2-Location.eps | Original EPS/Guide/GC12-Confirmation-Direction-2-Location-no-labels.gif
Guide,950,A15-1,GC13,CD,Confirmation direction - 3 locations,17 January 2017,,a 1850 Rectangle sized to suit message b 1100 Rectangle sized to suit message r 60 c 40 d 250 x 250 e 70 f 100 minimum Type Locality Series Mod E 120 Type 'km' Series Mod E 105,Background: green (R) or blue (R) Border: white (R) Legend: white (R),https://www.nzta.govt.nz/assets/resources/traffic-control-devices-manual/sign-specifications/images/GC13-Confirmation-Direction-3-Location.eps | https://www.nzta.govt.nz/assets/resources/traffic-control-devices-manual/sign-specifications/images/GC13-Confirmation-Direction-3-Location-no-labels.gif,Original EPS/Guide/GC13-Confirmation-Direction-3-Location.eps | Original EPS/Guide/GC13-Confirmation-Direction-3-Location-no-labels.gif
Guide,951,A15-1,GC1N,none,Confirmation direction - N locations,17 January 2017,,Width 2200 Rectangle sized to suit message Height 1300 Rectangle sized to suit message r 60 c 40 d 250 x 250 e 70 f 100 minimum Type Locality Series Mod E 120 Type 'km' Series Mod E 105,Background: green (R) or blue (R) Border: white (R) Legend: white (R),https://www.nzta.govt.nz/assets/resources/traffic-control-devices-manual/sign-specifications/images/GC1N-Confirmation-Direction-N-Location.eps | https://www.nzta.govt.nz/assets/resources/traffic-control-devices-manual/sign-specifications/images/GC1N-Confirmation-Direction-N-Location-no-labels.gif,Original EPS/Guide/GC1N-Confirmation-Direction-N-Location.eps | Original EPS/Guide/GC1N-Confirmation-Direction-N-Location-no-labels.gif
Guide,952,A15-2,GCU1,none,Confirmation direction cycle route – 1 location,17 January 2017,,a 300 b 350 r 20 c 10 Top blue panel 300 x 220 Cycle Symbol (Top panel) 250 x 160 Type Localities (Bottom panel) 40 Tpt Med ( x=20 ),"Background: Top panel blue (R) , bottom panel white (R) Border: blue (R) Legend: blue (R) white (R)",https://www.nzta.govt.nz/assets/resources/traffic-control-devices-manual/sign-specifications/images/GCU1-Confirmation-Direction-Cycle-Route-1-Location.eps | https://www.nzta.govt.nz/assets/resources/traffic-control-devices-manual/sign-specifications/images/GCU1-Confirmation-Direction-Cycle-Route-1-Location-no-labels.gif,Original EPS/Guide/GCU1-Confirmation-Direction-Cycle-Route-1-Location.eps | Original EPS/Guide/GCU1-Confirmation-Direction-Cycle-Route-1-Location-no-labels.gif
Guide,953,A15-2,GCU2,none,Confirmation direction cycle route – 2 locations,17 January 2017,,a 300 b 350 r 20 c 10 d 20 e 15 minimum Top blue panel 300 x 220 Cycle Symbol (Top panel) 250 x 160 Type Localities (Bottom panel) 40 Tpt Med ( x=20 ),"Background: Top panel blue (R) , bottom panel white (R) Border: blue (R) Legend: blue (R) white (R)",https://www.nzta.govt.nz/assets/resources/traffic-control-devices-manual/sign-specifications/images/GCU2-Confirmation-Direction-Cycle-Route-2-Location.eps | https://www.nzta.govt.nz/assets/resources/traffic-control-devices-manual/sign-specifications/images/GCU2-Confirmation-Direction-Cycle-Route-2-Location-no-labels.gif,Original EPS/Guide/GCU2-Confirmation-Direction-Cycle-Route-2-Location.eps | Original EPS/Guide/GCU2-Confirmation-Direction-Cycle-Route-2-Location-no-labels.gif
Guide,954,A15-2,GCU3,none,Confirmation direction cycle route – 3 locations,17 January 2017,,a 300 b 450 r 20 c 10 d 20 e 15 minimum Top blue panel 300 x 220 Cycle Symbol (Top panel) 250 x 160 Type Localities (Bottom panel) 40 Tpt Med ( x=20 ),"Background: Top panel blue (R) , bottom panel white (R) Border: blue (R) Legend: blue (R) white (R)",https://www.nzta.govt.nz/assets/resources/traffic-control-devices-manual/sign-specifications/images/GCU3-Confirmation-Direction-Cycle-Route-3-Location.eps | https://www.nzta.govt.nz/assets/resources/traffic-control-devices-manual/sign-specifications/images/GCU3-Confirmation-Direction-Cycle-Route-3-Location-no-labels.gif,Original EPS/Guide/GCU3-Confirmation-Direction-Cycle-Route-3-Location.eps | Original EPS/Guide/GCU3-Confirmation-Direction-Cycle-Route-3-Location-no-labels.gif
Guide,955,A15-2,GCUN,none,Confirmation direction cycle route – N locations,17 January 2017,,a 300 b 450 r 20 c 10 d 20 e 15 minimum Top blue panel 300 x 220 Cycle Symbol (Top panel) 250 x 160 Type Localities (Bottom panel) 40 Tpt Med ( x=20 ),"Background: Top panel blue (R) , bottom panel white (R) Border: blue (R) Legend: blue (R) white (R)",https://www.nzta.govt.nz/assets/resources/traffic-control-devices-manual/sign-specifications/images/GCUN-Confirmation-Direction-Cycle-Route-N-Location.eps | https://www.nzta.govt.nz/assets/resources/traffic-control-devices-manual/sign-specifications/images/GCUN-Confirmation-Direction-Cycle-Route-N-Location-no-labels.gif,Original EPS/Guide/GCUN-Confirmation-Direction-Cycle-Route-N-Location.eps | Original EPS/Guide/GCUN-Confirmation-Direction-Cycle-Route-N-Location-no-labels.gif
Guide,1187,A51-1,AU61,none,Cycle Route Advance Direction - Primary Route,17 October 2022,,,Legend : Blue (R) Background : Blue (R) and White (R) Note: The lilac coloured square indicates location of optional route symbol when used; when not used omit the lilac square reducing the height or width of the sign as appropriate.,https://www.nzta.govt.nz/assets/resources/traffic-control-devices-manual/sign-specifications/images/A51-1-Cycle-Route-Advance-Direction-Primary-Route3.eps | https://www.nzta.govt.nz/assets/resources/traffic-control-devices-manual/sign-specifications/images/A51-1-Cycle-Route-Advance-Direction-Primary-Route2.png,Original EPS/Guide/A51-1-Cycle-Route-Advance-Direction-Primary-Route3.eps
Guide,1188,A51-2,AU62,None,Cycle route advance direction map – primary route,17 October 2022,,,Legend : Blue (R) Background : Blue (R) and White (R) Note: The lilac coloured square indicates location of optional route symbol when used; when not used omit the lilac square reducing the height or width of the sign as appropriate.,https://www.nzta.govt.nz/assets/resources/traffic-control-devices-manual/sign-specifications/images/A51-2-Cycle-Route-Advance-Direction-Map-Primary-Route.eps | https://www.nzta.govt.nz/assets/resources/traffic-control-devices-manual/sign-specifications/images/A51-2-Cycle-Route-Advance-Direction-Map-Primary-Route.png,Original EPS/Guide/A51-2-Cycle-Route-Advance-Direction-Map-Primary-Route.eps
Guide,1194,A51-8,AU68,none,Cycle route confirmation direction – primary route,17 October 2022,,,Legend : Blue (R) Background : Blue (R) and White (R) Note: The lilac coloured square indicates location of optional route symbol when used; when not used omit the lilac square reducing the height or width of the sign as appropriate.,https://www.nzta.govt.nz/assets/resources/traffic-control-devices-manual/sign-specifications/images/A51-8-Cycle-Route-Confirmation-Direction-Primary-Route.eps | https://www.nzta.govt.nz/assets/resources/traffic-control-devices-manual/sign-specifications/images/A51-8-Cycle-Route-Confirmation-Direction-Primary-Route.png,Original EPS/Guide/A51-8-Cycle-Route-Confirmation-Direction-Primary-Route.eps
Guide,1191,A51-5,AU65,none,Cycle route direction – primary route,17 October 2022,,,Legend : Blue (R) Background : Blue (R) and White (R) Note: The lilac coloured square indicates location of optional route symbol when used; when not used omit the lilac square reducing the height or width of the sign as appropriate.,https://www.nzta.govt.nz/assets/resources/traffic-control-devices-manual/sign-specifications/images/A51-5-Cycle-Route-Direction-Primary-Route.eps | https://www.nzta.govt.nz/assets/resources/traffic-control-devices-manual/sign-specifications/images/A51-5-Cycle-Route-Direction-Primary-Route.png,Original EPS/Guide/A51-5-Cycle-Route-Direction-Primary-Route.eps
Guide,1190,A51-4,AU64,None,Cycle route intersection direction arrow – local route,17 October 2022,,,Legend : Blue (R) Background : Blue (R) and White (R) Note: The lilac coloured square indicates location of optional route symbol when used; when not used omit the lilac square reducing the height or width of the sign as appropriate.,https://www.nzta.govt.nz/assets/resources/traffic-control-devices-manual/sign-specifications/images/A51-4-Cycle-Route-Intersection-Direction-Arrow-Local-Route.eps | https://www.nzta.govt.nz/assets/resources/traffic-control-devices-manual/sign-specifications/images/A51-4-Cycle-Route-Intersection-Direction-Arrow-Local-Route.png,Original EPS/Guide/A51-4-Cycle-Route-Intersection-Direction-Arrow-Local-Route.eps
Guide,1189,A51-3,AU63,None,Cycle route intersection direction – primary route,17 October 2022,,,Legend : Blue (R) Background : Blue (R) and White (R) Cycle route intersection direction – primary route Note: The lilac coloured square indicates location of optional route symbol when used; when not used omit the lilac square reducing the height or width of the sign as appropriate.,https://www.nzta.govt.nz/assets/resources/traffic-control-devices-manual/sign-specifications/images/A51-3-Cycle-Route-Intersection-Direction-Primary-Route.eps | https://www.nzta.govt.nz/assets/resources/traffic-control-devices-manual/sign-specifications/images/A51-3-Cycle-Route-Intersection-Direction-Primary-Route.png,Original EPS/Guide/A51-3-Cycle-Route-Intersection-Direction-Primary-Route.eps
Guide,1193,A51-7,AU67,none,Cycle route location plate,17 October 2022,,,Legend : Blue (R) Background : Blue (R) and White (R) Note: The lilac coloured square indicates location of optional route symbol when used; when not used omit the lilac square reducing the height or width of the sign as appropriate.,https://www.nzta.govt.nz/assets/resources/traffic-control-devices-manual/sign-specifications/images/A51-7-Cycle-Route-Location-Plate.eps | https://www.nzta.govt.nz/assets/resources/traffic-control-devices-manual/sign-specifications/images/A51-7-Cycle-Route-Location-Plate.png,Original EPS/Guide/A51-7-Cycle-Route-Location-Plate.eps
Guide,1192,A51-6,AU66,none,Cycle route marker – local route,17 October 2022,,,Legend : Blue (R) Background : Blue (R) and White (R) Note: The lilac coloured square indicates location of optional route symbol when used; when not used omit the lilac square reducing the height or width of the sign as appropriate.,https://www.nzta.govt.nz/assets/resources/traffic-control-devices-manual/sign-specifications/images/A51-6-Cycle-Route-Marker-Local-Route.eps | https://www.nzta.govt.nz/assets/resources/traffic-control-devices-manual/sign-specifications/images/A51-6-Cycle-Route-Marker-Local-Route.png,Original EPS/Guide/A51-6-Cycle-Route-Marker-Local-Route.eps
Guide,1195,A51-9,AU69,none,Cycle route network map,17 October 2022,,,Legend : Blue (R) Background : Blue (R) and White (R) Note: The lilac coloured square indicates location of optional route symbol when used; when not used omit the lilac square reducing the height or width of the sign as appropriate.,https://www.nzta.govt.nz/assets/resources/traffic-control-devices-manual/sign-specifications/images/A51-9-Cycle-Route-Network-Map.eps | https://www.nzta.govt.nz/assets/resources/traffic-control-devices-manual/sign-specifications/images/A51-9-Cycle-Route-Network-Map.png,Original EPS/Guide/A51-9-Cycle-Route-Network-Map.eps
Guide,958,A17-1B,GD13,PN-1,Destination reached - black letters on white,17 January 2017,,"a Rectangle sized to suit message b 375 r 60 c 40 Type Locality Urban: Series Mod E NZ 75, Rural: Series Mod E NZ 120",Background: white (R) Border: black Legend: black,https://www.nzta.govt.nz/assets/resources/traffic-control-devices-manual/sign-specifications/images/GD13-Destination-reached-black-on-white.eps | https://www.nzta.govt.nz/assets/resources/traffic-control-devices-manual/sign-specifications/images/GD13-Destination-reached-black-on-white-no-labels.gif,Original EPS/Guide/GD13-Destination-reached-black-on-white.eps | Original EPS/Guide/GD13-Destination-reached-black-on-white-no-labels.gif
Guide,959,A17-1C,GD14,PN-1,Destination reached - white letters on black,17 January 2017,,"a Rectangle sized to suit message b 375 r 60 c 40 Type Locality Urban: Series Mod E NZ 75, Rural: Series Mod E NZ 120",Background: black Border: white (R) Legend: white (R),https://www.nzta.govt.nz/assets/resources/traffic-control-devices-manual/sign-specifications/images/GD14-Destination-reached-white-on-black.eps | https://www.nzta.govt.nz/assets/resources/traffic-control-devices-manual/sign-specifications/images/GD14-Destination-reached-white-on-black-no-labels.gif,Original EPS/Guide/GD14-Destination-reached-white-on-black.eps | Original EPS/Guide/GD14-Destination-reached-white-on-black-no-labels.gif
Guide,957,A17-1A,GD12,PN-1,Destination reached - white letters on blue,17 January 2017,,"a Rectangle sized to suit message b 375 r 60 c 40 Type Locality Urban: Series Mod E NZ 75, Rural: Series Mod E NZ 120",Background: blue (R) Border: white (R) Legend: white (R),https://www.nzta.govt.nz/assets/resources/traffic-control-devices-manual/sign-specifications/images/GD12-Destination-reached-white-on-blue.eps | https://www.nzta.govt.nz/assets/resources/traffic-control-devices-manual/sign-specifications/images/GD12-Destination-reached-white-on-blue-no-labels.gif,Original EPS/Guide/GD12-Destination-reached-white-on-blue.eps | Original EPS/Guide/GD12-Destination-reached-white-on-blue-no-labels.gif
Guide,956,A17-1A,GD11,PN-1,Destination reached - white letters on green,17 January 2017,,"a Rectangle sized to suit message b 375 r 60 c 40 Type Locality Urban: Series Mod E NZ 75, Rural: Series Mod E NZ 120",Background: green (R) Border: white (R) Legend: white (R),https://www.nzta.govt.nz/assets/resources/traffic-control-devices-manual/sign-specifications/images/GD11-Destination-reached-white-on-green.eps | https://www.nzta.govt.nz/assets/resources/traffic-control-devices-manual/sign-specifications/images/GD11-Destination-reached-white-on-green-no-labels.gif,Original EPS/Guide/GD11-Destination-reached-white-on-green.eps | Original EPS/Guide/GD11-Destination-reached-white-on-green-no-labels.gif
Guide,1242,A13-1.1,GJ2L,none,"Junction direction - [distance] km, [location], chevron facing left",19 September 2025,,Rectangle w pointed end pointing in direction of locality length sized to suit message a 2510 3180 3150 b 450 600 750 r 40 50 60 c 25 30 40 d 350 467 580 e 130 175 215 f 67 75 95 Shield 280 x 280 Type Locality & Numeral Series Mod E 160 Series Mod E 160 Series Mod E 160 Legend 'km' Series Mod E 160 Series Mod E 160 Series Mod E 160,Background: green (R) or blue (R) Border: white (R) Legend: white (R),https://www.nzta.govt.nz/assets/resources/traffic-control-devices-manual/sign-specifications/images/GJ2R-Junction-Direction-Chevron-Left-km-Location.eps | https://www.nzta.govt.nz/assets/resources/traffic-control-devices-manual/sign-specifications/images/GJ2R-Junction-Direction-Chevron-Left-km-Location-non-labelled.gif,Original EPS/Guide/GJ2R-Junction-Direction-Chevron-Left-km-Location.eps
Guide,1053,A13-1.2,GJUL,none,"Junction direction - [distance] km, [location], chevron facing right",24 January 2017,,a 1350 Rectangle w pointed end pointing in direction of locality length sized to suit message b 225 r 20 c 10 d 190 e 70 f 50 g 330 Type Locality Series Mod E 120 Cycle symbol 270 x 175,"Background: white (R) for locality and chevron, blue (R) rectangle 330mm x full height of sign for cycle Border: blue (R) Legend: blue (R) white (R)",https://www.nzta.govt.nz/assets/resources/traffic-control-devices-manual/sign-specifications/images/GJUL-Junction-Direction-Cycle-Route-Chevron-Left.eps | https://www.nzta.govt.nz/assets/resources/traffic-control-devices-manual/sign-specifications/images/GJUL-Junction-Direction-Cycle-Route-Chevron-Left-no-labels.gif,Original EPS/Guide/GJUL-Junction-Direction-Cycle-Route-Chevron-Left.eps | Original EPS/Guide/GJUL-Junction-Direction-Cycle-Route-Chevron-Left-no-labels.gif
Guide,1052,A13-1.1,GJ2R,none,"Junction direction - [distance] km, [location], chevron facing right",8 November 2023,,Rectangle w pointed end pointing in direction of locality length sized to suit message a 2510 3180 3150 b 450 600 750 r 40 50 60 c 25 30 40 d 350 467 580 e 130 175 215 f 67 75 95 Shield 280 x 280 Type Locality & Numeral Series Mod E 160 Series Mod E 160 Series Mod E 160 Legend 'km' Series Mod E 160 Series Mod E 160 Series Mod E 160,Background: green (R) or blue (R) Border: white (R) Legend: white (R),https://www.nzta.govt.nz/assets/resources/traffic-control-devices-manual/sign-specifications/images/GJ2R-Junction-Direction-Chevron-Right-km-Location-v2.eps | https://www.nzta.govt.nz/assets/resources/traffic-control-devices-manual/sign-specifications/images/GJ2R-Junction-Direction-Chevron-Right-km-Location-non-labelled.gif,Original EPS/Guide/GJ2R-Junction-Direction-Chevron-Right-km-Location-v2.eps
Guide,1049,A13-1,GJ1R,ID,Junction direction - [location] chevron facing right,24 January 2017,,a Rectangle w pointed end pointing in direction of locality length sized to suit message a 1800 2600 2100 b 450 600 750 r 40 50 60 c 25 30 40 d 350 467 580 e 130 176 220 f 90 Type Locality Series Mod E 160 Series Mod E 160 Series Mod E 160,Background: green (R) or blue (R) Border: white (R) Legend: white (R),https://www.nzta.govt.nz/assets/resources/traffic-control-devices-manual/sign-specifications/images/GJ1R-Junction-Direction-Chevron-Right-Location.eps | https://www.nzta.govt.nz/assets/resources/traffic-control-devices-manual/sign-specifications/images/GJ1R-Junction-Direction-Chevron-Right-Location-no-labels.gif,Original EPS/Guide/GJ1R-Junction-Direction-Chevron-Right-Location.eps | Original EPS/Guide/GJ1R-Junction-Direction-Chevron-Right-Location-no-labels.gif
Guide,1056,A13-2,GJ3L,none,Junction direction - arrow L,24 January 2017,,a 1700 Rectangle sized to suit message b 350 Rectangle sized to suit message r 50 c 25 d : Arrow type D 250 e : Arrow shaft 68 f 100 Type Locality Series Mod E 160,Background: green (R) or blue (R) Border: white (R) Legend: white (R),https://www.nzta.govt.nz/assets/resources/traffic-control-devices-manual/sign-specifications/images/GJ3L-Junction-Direction-Arrow-L.eps | https://www.nzta.govt.nz/assets/resources/traffic-control-devices-manual/sign-specifications/images/GJ3L-Junction-Direction-Arrow-L-no-labels.gif,Original EPS/Guide/GJ3L-Junction-Direction-Arrow-L.eps | Original EPS/Guide/GJ3L-Junction-Direction-Arrow-L-no-labels.gif
Guide,1057,A13-2,GJ3R,none,Junction direction - arrow R,24 January 2017,,a 1700 Rectangle sized to suit message b 350 Rectangle sized to suit message r 50 c 25 d : Arrow type D 250 e : Arrow shaft 68 f 100 Type Locality Series Mod E 160,Background: green (R) or blue (R) Border: white (R) Legend: white (R),https://www.nzta.govt.nz/assets/resources/traffic-control-devices-manual/sign-specifications/images/GJ3R-Junction-Direction-Arrow-R.eps | https://www.nzta.govt.nz/assets/resources/traffic-control-devices-manual/sign-specifications/images/GJ3R-Junction-Direction-Arrow-R-no-labels.gif,Original EPS/Guide/GJ3R-Junction-Direction-Arrow-R.eps | Original EPS/Guide/GJ3R-Junction-Direction-Arrow-R-no-labels.gif
Guide,1058,A13-2,GJ3Z,none,Junction direction - arrow other alignment,24 January 2017,,a 1700 Rectangle sized to suit message b 350 Rectangle sized to suit message r 50 c 25 d : Arrow type D 250 e : Arrow shaft 68 f 120 Type Locality Series Mod E 160,Background: green (R) or blue (R) Border: white (R) Legend: white (R),https://www.nzta.govt.nz/assets/resources/traffic-control-devices-manual/sign-specifications/images/GJ3Z-Junction-Direction-Arrow-Other.eps | https://www.nzta.govt.nz/assets/resources/traffic-control-devices-manual/sign-specifications/images/GJ3Z-Junction-Direction-Arrow-Other-no-labels.gif,Original EPS/Guide/GJ3Z-Junction-Direction-Arrow-Other.eps | Original EPS/Guide/GJ3Z-Junction-Direction-Arrow-Other-no-labels.gif
Guide,1050,A13-3,GJ1B,none,Junction direction - double chevron,24 January 2017,,a Rectangle w pointed end pointing in direction of locality length sized to suit message a 3340 4450 3700 b 450 600 750 r 40 50 60 c 25 30 40 d 350 467 580 e 130 176 220 f 90 g 480 (this can vary depending on text length/width of sign) Type Locality Series Mod E 160 Series Mod E 160 Series Mod E 160,Background: green (R) or blue (R) Border: white (R) Legend: white (R),https://www.nzta.govt.nz/assets/resources/traffic-control-devices-manual/sign-specifications/images/GJ1B-Junction-Direction-Double-Chevron-Location.eps | https://www.nzta.govt.nz/assets/resources/traffic-control-devices-manual/sign-specifications/images/GJ1B-Junction-Direction-Double-Chevron-Location-no-labels.gif,Original EPS/Guide/GJ1B-Junction-Direction-Double-Chevron-Location.eps | Original EPS/Guide/GJ1B-Junction-Direction-Double-Chevron-Location-no-labels.gif
Guide,1059,A13-4,GJF,none,Junction direction - finger board,19 December 2016,,a 1800 Rectangle with blunted triangular end length sized to suit message b 240 Type Locality 120D Numerals 120D Legend 'km' Transport D Med x=80,Background: yellow (R) Legend: black,https://www.nzta.govt.nz/assets/resources/traffic-control-devices-manual/sign-specifications/images/GJF-Junction-Direction-Finger-Board.eps | https://www.nzta.govt.nz/assets/resources/traffic-control-devices-manual/sign-specifications/images/GJF-Junction-Direction-Finger-Board-no-labels.gif,Original EPS/Guide/GJF-Junction-Direction-Finger-Board.eps | Original EPS/Guide/GJF-Junction-Direction-Finger-Board-no-labels.gif
Guide,1054,A13-1.2,GJUR,none,Junction direction cycle route - chevron board R (revised 2010),24 January 2017,,a 1350 Rectangle w pointed end pointing in direction of locality length sized to suit message b 225 r 20 c 10 d 190 e 70 f 50 g 330 Type Locality Series Mod E 120 Cycle symbol 270 x 175,"Background: white (R) for locality and chevron, blue (R) rectangle 330mm x full height of sign for cycle Border: blue (R) Legend: blue (R) white (R)",https://www.nzta.govt.nz/assets/resources/traffic-control-devices-manual/sign-specifications/images/GJUR-Junction-Direction-Cycle-Route-Chevron-Right.eps | https://www.nzta.govt.nz/assets/resources/traffic-control-devices-manual/sign-specifications/images/GJUR-Junction-Direction-Cycle-Route-Chevron-Right-no-labels.gif,Original EPS/Guide/GJUR-Junction-Direction-Cycle-Route-Chevron-Right.eps | Original EPS/Guide/GJUR-Junction-Direction-Cycle-Route-Chevron-Right-no-labels.gif
Guide,1055,A13-3.2,GJUB,none,Junction direction cycle route - double chevron (revised 2010),24 January 2017,,"a 2650 Rectangle w pointed end at each end pointing in direction of localities, length sized to suit message b 480 r 20 c 20 d 220 e 90 f 100 g 400 Type Locality Series Mod E 120 Cycle symbol 340 x 220","Background: white (R) for locality and chevron, blue (R) rectangle 330mm x full height of sign for cycle Border: blue (R) Legend: blue (R) white (R)",https://www.nzta.govt.nz/assets/resources/traffic-control-devices-manual/sign-specifications/images/GJUB-Junction-Direction-Cycle-Route-Double-Chevron.eps | https://www.nzta.govt.nz/assets/resources/traffic-control-devices-manual/sign-specifications/images/GJUB-Junction-Direction-Cycle-Route-Double-Chevron-no-labels.gif,Original EPS/Guide/GJUB-Junction-Direction-Cycle-Route-Double-Chevron.eps | Original EPS/Guide/GJUB-Junction-Direction-Cycle-Route-Double-Chevron-no-labels.gif
Guide,929,none - example only,GA11,none - example only,"One panel, 1 line of legend example",13 January 2017,,,,,
Guide,930,none - example only,GA12,none - example only,"One panel, 2 lines of legend example",13 January 2017,,,,,
Guide,931,none - example only,GA13,none - example only,"One panel, 3 lines of legend example",13 January 2017,,,,https://www.nzta.govt.nz/assets/resources/traffic-control-devices-manual/sign-specifications/images/GA13-1-Panel-3-Lines-of-Legend.eps | https://www.nzta.govt.nz/assets/resources/traffic-control-devices-manual/sign-specifications/images/GA13-1-Panel-3-Lines-of-Legend-no-labels.gif,Original EPS/Guide/GA13-1-Panel-3-Lines-of-Legend.eps | Original EPS/Guide/GA13-1-Panel-3-Lines-of-Legend-no-labels.gif
Guide,932,none - example only,GA14,none - example only,"One panel, 4 lines of legend example",13 January 2017,,,,https://www.nzta.govt.nz/assets/resources/traffic-control-devices-manual/sign-specifications/images/GA14-1-Panel-4-Lines-of-Legend.eps | https://www.nzta.govt.nz/assets/resources/traffic-control-devices-manual/sign-specifications/images/GA14-1-Panel-4-Lines-of-Legend-no-labels.gif,Original EPS/Guide/GA14-1-Panel-4-Lines-of-Legend.eps | Original EPS/Guide/GA14-1-Panel-4-Lines-of-Legend-no-labels.gif
Guide,933,none - example only,GA15,none - example only,"One panel, 5 lines of legend example",13 January 2017,,,,https://www.nzta.govt.nz/assets/resources/traffic-control-devices-manual/sign-specifications/images/GA15-1-Panel-5-Lines-of-Legend.eps | https://www.nzta.govt.nz/assets/resources/traffic-control-devices-manual/sign-specifications/images/GA15-1-Panel-5-Lines-of-Legend-no-labels.gif,Original EPS/Guide/GA15-1-Panel-5-Lines-of-Legend.eps | Original EPS/Guide/GA15-1-Panel-5-Lines-of-Legend-no-labels.gif
Guide,934,none - example only,GA1N,none - example only,"One panel, N lines of legend example",13 January 2017,,,,https://www.nzta.govt.nz/assets/resources/traffic-control-devices-manual/sign-specifications/images/GA1N-1-Panel-N-Lines-of-Legend.eps | https://www.nzta.govt.nz/assets/resources/traffic-control-devices-manual/sign-specifications/images/GA1N-1-Panel-N-Lines-of-Legend-no-labels.gif,Original EPS/Guide/GA1N-1-Panel-N-Lines-of-Legend.eps | Original EPS/Guide/GA1N-1-Panel-N-Lines-of-Legend-no-labels.gif
Guide,960,A16-1,GRSH,none,Route indicator SH - 1 or 2 digits may have letter,5 October 2017,,"a 390 as an individual sign, 280 on other signs b 390 as an individual sign, 280 on other signs c 15 on 390 individual sign, 11 on 280 (other) signs d 100 e 140 Type number 120D Type letter if applicable 60D",Background: red (R) Border: white (R) Legend: white (R),https://www.nzta.govt.nz/assets/resources/traffic-control-devices-manual/sign-specifications/images/GRSH-Route-Indicator-State-Highway2.eps | https://www.nzta.govt.nz/assets/resources/traffic-control-devices-manual/sign-specifications/images/GRSH-Route-Indicator-State-Highway-no-label.gif,Original EPS/Guide/GRSH-Route-Indicator-State-Highway2.eps | Original EPS/Guide/GRSH-Route-Indicator-State-Highway-no-label.gif
Guide,961,A16-2,GRRR,none,Route indicator urban route - 1 or 2 digits may have a letter,17 January 2017,,a : Individual Sign Width 310 a : On Other Signs Width 200 b : Individual Sign Height 360 b : On Other Signs Height 240 c : Individual Sign indent 10 c : On Other Signs indent 8 d : Individual Sign border 15 d : On Other Signs border 12 Individual Sign Numeral 175E On Other Signs Numeral 120E,Background: white (R) Border: black Legend: black,https://www.nzta.govt.nz/assets/resources/traffic-control-devices-manual/sign-specifications/images/GRRR-Route-Indicator-Urban-Route.eps | https://www.nzta.govt.nz/assets/resources/traffic-control-devices-manual/sign-specifications/images/GRRR-Route-Indicator-Urban-Route-nolabels.gif,Original EPS/Guide/GRRR-Route-Indicator-Urban-Route.eps | Original EPS/Guide/GRRR-Route-Indicator-Urban-Route-nolabels.gif
Guide,964,none,GRNR,none,Route indicator – named route (eg symbols SG11 - …),26 January 2017,,Twin Coast Discovery Twin Coast Discovery Geyser Highway Pacific Coast Highway a 400 400 400 400 b 400 400 540 500 Symbol Twin Coast Twin Coast,Twin Coast Discovery Twin Coast Discovery Geyser Highway Pacific Coast Highway Background: Dark Blue Brown Red Blue Border: none none none none Legend: Lt Blue/Orange White White/Blue White,https://www.nzta.govt.nz/assets/resources/traffic-control-devices-manual/sign-specifications/images/GRNR-Route-Indicator-Named-Route.eps | https://www.nzta.govt.nz/assets/resources/traffic-control-devices-manual/sign-specifications/images/GRNR-Route-Indicator-Named-Route-nolabels.gif,Original EPS/Guide/GRNR-Route-Indicator-Named-Route.eps | Original EPS/Guide/GRNR-Route-Indicator-Named-Route-nolabels.gif
Guide,963,none,GRSD,none,"Route indicator – special destination ( eg SM11, SV51 or SM10 symbol)",17 January 2017,,a 240 b 300 Symbol i 157 x 270,Background: blue (R) Border: none Legend: white (R),https://www.nzta.govt.nz/assets/resources/traffic-control-devices-manual/sign-specifications/images/GRSD-Route-Indicator-Special-Destination.eps | https://www.nzta.govt.nz/assets/resources/traffic-control-devices-manual/sign-specifications/images/GRSD-Route-Indicator-Special-Destination-no-labels.gif,Original EPS/Guide/GRSD-Route-Indicator-Special-Destination.eps | Original EPS/Guide/GRSD-Route-Indicator-Special-Destination-no-labels.gif
Guide,962,A16-3,GRVR,none,Route indicator – special vehicle route (eg SV30 or SU10 symbol),17 January 2017,,a 320 b 180 Symbol Heavy motor vehicle 280 x 140,Background: blue (R) Border: none Legend: white (R),https://www.nzta.govt.nz/assets/resources/traffic-control-devices-manual/sign-specifications/images/GRVR-Route-Indicator-Special-Vehicle.eps | https://www.nzta.govt.nz/assets/resources/traffic-control-devices-manual/sign-specifications/images/GRVR-Route-Indicator-Special-Vehicle-no-labels.gif,Original EPS/Guide/GRVR-Route-Indicator-Special-Vehicle.eps | Original EPS/Guide/GRVR-Route-Indicator-Special-Vehicle-no-labels.gif
Guide,965,A11-6,GRTS,none,Route indicator –Tsunami evacuation route,17 January 2017,,a 400 b 500 r 40 c 15 d : arrow type B shaft 20 Symbol 'Tsunami evacuation' 300 diameter Symbol 'car' 150x70,Background: blue (R) Border: white (R) Legend: white (R),https://www.nzta.govt.nz/assets/resources/traffic-control-devices-manual/sign-specifications/images/GRTS-Route-Indicator-Tsunami-Evacuation-Route.eps | https://www.nzta.govt.nz/assets/resources/traffic-control-devices-manual/sign-specifications/images/GRTS-Route-Indicator-Tsunami-Evacuation-Route-no-labels.gif,Original EPS/Guide/GRTS-Route-Indicator-Tsunami-Evacuation-Route.eps | Original EPS/Guide/GRTS-Route-Indicator-Tsunami-Evacuation-Route-no-labels.gif
Guide,1060,A14-1,GJN,none,Street name plate – erected above other GJ signs,24 January 2017,,a 800 Rectangle sized to suit message b 200 Rectangle sized to suit message Type Street Upper case 100C Type Street Lower case 100 Tpt Medium Numerals 50 Tpt Medium Chevron Stripe w x h 15 x 100,"Background: Retroflective, most commonly blue (R) Legend: most commonly white (R)",https://www.nzta.govt.nz/assets/resources/traffic-control-devices-manual/sign-specifications/images/GJN-Street-Name-Plate.eps | https://www.nzta.govt.nz/assets/resources/traffic-control-devices-manual/sign-specifications/images/GJN-Street-Name-Plate-no-labels.gif,Original EPS/Guide/GJN-Street-Name-Plate.eps | Original EPS/Guide/GJN-Street-Name-Plate-no-labels.gif
Guide,940,none - example only,GA33,none - example only,"Three panel, 3 lines of legend - 1:1:1 example",13 January 2017,,,,https://www.nzta.govt.nz/assets/resources/traffic-control-devices-manual/sign-specifications/images/GA33-3-Panel-3-Lines-of-Legend.eps | https://www.nzta.govt.nz/assets/resources/traffic-control-devices-manual/sign-specifications/images/GA33-3-Panel-3-Lines-of-Legend-no-labels.gif,Original EPS/Guide/GA33-3-Panel-3-Lines-of-Legend.eps | Original EPS/Guide/GA33-3-Panel-3-Lines-of-Legend-no-labels.gif
Guide,941,none - example only,GA34,none - example only,"Three panel, 4 lines of legend - 2:1:1, 1:2:1 or 1:1:2 example",13 January 2017,,,,https://www.nzta.govt.nz/assets/resources/traffic-control-devices-manual/sign-specifications/images/GA34-3-Panel-4-Lines-of-Legend.eps | https://www.nzta.govt.nz/assets/resources/traffic-control-devices-manual/sign-specifications/images/GA34-3-Panel-4-Lines-of-Legend-no-labels.gif,Original EPS/Guide/GA34-3-Panel-4-Lines-of-Legend.eps | Original EPS/Guide/GA34-3-Panel-4-Lines-of-Legend-no-labels.gif
Guide,943,none - example only,GA3N,none - example only,"Three panel, N lines of legend example",17 January 2017,,,,https://www.nzta.govt.nz/assets/resources/traffic-control-devices-manual/sign-specifications/images/GA3N-3-Panel-N-Lines-of-Legend.eps | https://www.nzta.govt.nz/assets/resources/traffic-control-devices-manual/sign-specifications/images/GA3N-3-Panel-N-Lines-of-Legend-no-labels.gif,Original EPS/Guide/GA3N-3-Panel-N-Lines-of-Legend.eps | Original EPS/Guide/GA3N-3-Panel-N-Lines-of-Legend-no-labels.gif
Guide,936,none - example only,GA23,none - example only,"Two panel, 3 lines of legend - 1:2 or 2:1 example",28 July 2022,,,,https://www.nzta.govt.nz/assets/resources/traffic-control-devices-manual/sign-specifications/images/GA23-2-Panel-3-Lines-of-Legend.eps | https://www.nzta.govt.nz/assets/resources/traffic-control-devices-manual/sign-specifications/images/GA23-2-Panel-3-Lines-of-Legend.gif,Original EPS/Guide/GA23-2-Panel-3-Lines-of-Legend.eps
Guide,937,none - example only,GA24,none - example only,"Two panel, 4 lines of legend - 2:2 example",13 January 2017,,,,https://www.nzta.govt.nz/assets/resources/traffic-control-devices-manual/sign-specifications/images/GA24-2-Panel-4-Lines-of-Legend.eps | https://www.nzta.govt.nz/assets/resources/traffic-control-devices-manual/sign-specifications/images/GA24-2-Panel-4-Lines-of-Legend-no-labels.gif,Original EPS/Guide/GA24-2-Panel-4-Lines-of-Legend.eps | Original EPS/Guide/GA24-2-Panel-4-Lines-of-Legend-no-labels.gif
Guide,938,none - example only,GA25,none - example only,"Two panel, 5 lines of legend - 2:3 or 3:2 example",28 July 2022,,,,https://www.nzta.govt.nz/assets/resources/traffic-control-devices-manual/sign-specifications/images/GA25-2-Panel-5-Lines-of-Legend.eps | https://www.nzta.govt.nz/assets/resources/traffic-control-devices-manual/sign-specifications/images/GA25-2-Panel-5-Lines-of-Legend.gif,Original EPS/Guide/GA25-2-Panel-5-Lines-of-Legend.eps
Guide,939,none - example only,GA2N,none - example only,"Two panel, N lines of legend example",13 January 2017,,,,https://www.nzta.govt.nz/assets/resources/traffic-control-devices-manual/sign-specifications/images/GA2N-2-Panel-N-Lines-of-Legend.eps | https://www.nzta.govt.nz/assets/resources/traffic-control-devices-manual/sign-specifications/images/GA2N-2-Panel-N-Lines-of-Legend-no-labels.gif,Original EPS/Guide/GA2N-2-Panel-N-Lines-of-Legend.eps | Original EPS/Guide/GA2N-2-Panel-N-Lines-of-Legend-no-labels.gif
Guide,935,none - example only,GA22,none - example only,"Two panels, 2 lines of legend - 1 line of legend in each ie 1:1 example",13 January 2017,,,,https://www.nzta.govt.nz/assets/resources/traffic-control-devices-manual/sign-specifications/images/GA22-2-Panel-2-Lines-of-Legend.eps | https://www.nzta.govt.nz/assets/resources/traffic-control-devices-manual/sign-specifications/images/GA22-2-Panel-2-Lines-of-Legend-no-labels.gif,Original EPS/Guide/GA22-2-Panel-2-Lines-of-Legend.eps | Original EPS/Guide/GA22-2-Panel-2-Lines-of-Legend-no-labels.gif
Arrow,742,none,SAA,Type A,Arrow type A,30 July 2015,,r 16 20 24 d 80 100 120 c 160 200 240 b varies varies varies a 200 250 300,Dimensions are for typical arrow sizes,https://www.nzta.govt.nz/assets/resources/traffic-control-devices-manual/sign-specifications/images/a00-0a.eps | https://www.nzta.govt.nz/assets/resources/traffic-control-devices-manual/sign-specifications/images/a00-0a-nolabels.gif,Original EPS/Arrow/a00-0a.eps | Original EPS/Arrow/a00-0a-nolabels.gif
Arrow,743,none,SAB,Type B,Arrow type B,30 July 2015,,d 26 39 52 c 10 15 20 b varies varies varies a 30 45 60,Dimensions are for typical arrow sizes,https://www.nzta.govt.nz/assets/resources/traffic-control-devices-manual/sign-specifications/images/a00-0b.eps | https://www.nzta.govt.nz/assets/resources/traffic-control-devices-manual/sign-specifications/images/a00-0b-nolabels.gif,Original EPS/Arrow/a00-0b.eps | Original EPS/Arrow/a00-0b-nolabels.gif
Arrow,744,none,SAC,Type C,Arrow type C,30 July 2015,,r 16 20 24 e 40 50 60 d 80 100 120 c 160 200 240 b 320 400 480 a 200 250 300,Dimensions are for typical arrow sizes,https://www.nzta.govt.nz/assets/resources/traffic-control-devices-manual/sign-specifications/images/a00-0c.eps | https://www.nzta.govt.nz/assets/resources/traffic-control-devices-manual/sign-specifications/images/a00-0c-nolabels.gif,Original EPS/Arrow/a00-0c.eps | Original EPS/Arrow/a00-0c-nolabels.gif
Arrow,745,none,SAD,Type D,Arrow type D,30 July 2015,,r 12 14 16 g 169 197 226 f 20 23 27 e 60 70 80 d 82 96 109 c 245 285 325 b 300 350 400 a 264 308 352,Dimensions are for typical arrow sizes,https://www.nzta.govt.nz/assets/resources/traffic-control-devices-manual/sign-specifications/images/a00-0d.eps | https://www.nzta.govt.nz/assets/resources/traffic-control-devices-manual/sign-specifications/images/a00-0d-nolabels.gif,Original EPS/Arrow/a00-0d.eps | Original EPS/Arrow/a00-0d-nolabels.gif
Arrow,747,none,SAE,Type E,Arrow type E,30 July 2015,,r 9 16 25 e 28 47 75 d 61 101 162 c 150 250 400 b 206 344 550 a 300 500 800,Dimensions are for typical arrow sizes,https://www.nzta.govt.nz/assets/resources/traffic-control-devices-manual/sign-specifications/images/a00-0e.eps | https://www.nzta.govt.nz/assets/resources/traffic-control-devices-manual/sign-specifications/images/a00-0e-nolabels.gif,Original EPS/Arrow/a00-0e.eps | Original EPS/Arrow/a00-0e-nolabels.gif
Arrow,746,none,SAF,Type F,Arrow type F,30 July 2015,,r 3 5 6 f 18 27 36 e 24 36 48 d 6 9 12 c 57 86 114 b varies varies varies a 62 94 124,Dimensions are for typical arrow sizes,https://www.nzta.govt.nz/assets/resources/traffic-control-devices-manual/sign-specifications/images/a00-0f.eps | https://www.nzta.govt.nz/assets/resources/traffic-control-devices-manual/sign-specifications/images/a00-0f-nolabels.gif,Original EPS/Arrow/a00-0f.eps | Original EPS/Arrow/a00-0f-nolabels.gif
